channel,M0_NMAE,M1_NMAE,M2_NMAE,M3_NMAE,d25_effect_M1_M0,d25_effect_M3_M2,sum_effect_M2_M0,sum_effect_M3_M1,interaction_M3_M1_M2+M0
strain,0.3945340281200659,0.2351687273900042,0.3940350463968229,0.23515692611211958,-0.1593653007300617,-0.15887812028470333,-0.000498981723242975,-1.180127788460994e-05,0.00048718044535833727
Pauli,0.2628771537108834,0.26274283347888544,0.262142679005478,0.261499142929215,-0.00013432023199794196,-0.000643536076262996,-0.0007344747054053857,-0.0012436905496704398,-0.0005092158442650541
elst,0.31204200311698443,0.30441401039554516,0.31227868211662846,0.3050201162730994,-0.0076279927214392695,-0.0072585658435290745,0.0002366789996440244,0.0006061058775542194,0.000369426877910195
oi,0.21756928368260983,0.21626063978246807,0.21745465180122409,0.2159749692856581,-0.001308643900141765,-0.0014796825155659887,-0.00011463188138574609,-0.0002856704968099699,-0.00017103861542422383
disp,0.15584283891882125,0.15660538975958174,0.15576846786892914,0.15653094173886595,0.0007625508407604897,0.0007624738699368028,-7.437104989210797e-05,-7.444802071579493e-05,-7.697082368696151e-08
barrier,0.42854933869917927,0.3619386306541681,0.4206408790391183,0.3434449595623425,-0.06661070804501118,-0.07719591947677579,-0.007908459660060985,-0.018493671091825592,-0.010585211431764607
