reaction_number,reaction_id,sub_source,ts_idx_A,ts_idx_B,r_A_provenance,r_B_provenance,natoms_ts,natoms_A,natoms_B,charge_total,charge_A,charge_B,mult_A,mult_B
0,dipolar_000009,spec16,"[4, 5, 6, 7, 15, 16, 17, 18, 19, 20, 21, 22]","[0, 1, 2, 3, 8, 9, 10, 11, 12, 13, 14]",opt.xyz_isolated_fragment_opt,opt.xyz_isolated_fragment_opt,23,12,11,0,0,0,1,1
1,dipolar_000017,locked_778,"[0, 1, 2, 3, 4, 5, 6, 7, 8, 13, 14, 15, 16, 17, 18, 19, 20]","[9, 10, 11, 12, 21, 22, 23]",R.xyz_atom_subset_NOT_optimized,R.xyz_atom_subset_NOT_optimized,24,17,7,0,0,0,1,1
2,dipolar_000027,spec16,"[0, 1, 2, 3, 4, 5, 6, 14, 15, 16, 17, 18]","[7, 8, 9, 10, 11, 12, 13, 19, 20, 21, 22, 23, 24, 25, 26, 27, 28]",opt.xyz_isolated_fragment_opt,opt.xyz_isolated_fragment_opt,29,12,17,0,0,0,1,1
3,dipolar_000034,locked_778,"[0, 1, 2, 3, 4, 5, 6, 15, 16, 17]","[7, 8, 9, 10, 11, 12, 13, 14, 18, 19, 20]",R.xyz_atom_subset_NOT_optimized,R.xyz_atom_subset_NOT_optimized,21,10,11,0,0,0,1,1
4,dipolar_000036,locked_778,"[0, 1, 2, 3, 4, 5, 6, 7, 13, 14, 15, 16, 17, 18, 19, 27]","[8, 9, 10, 11, 12, 20, 21, 22, 23, 24, 25, 26]",R.xyz_atom_subset_NOT_optimized,R.xyz_atom_subset_NOT_optimized,28,16,12,0,0,0,1,1
5,dipolar_000041,locked_778,"[0, 1, 2, 3, 4, 5, 6, 15, 16, 17, 18, 19, 20]","[7, 8, 9, 10, 11, 12, 13, 14, 21, 22, 23, 24, 25]",R.xyz_atom_subset_NOT_optimized,R.xyz_atom_subset_NOT_optimized,26,13,13,0,0,0,1,1
6,dipolar_000049,locked_778,"[0, 1, 2, 3, 4, 5, 6, 15, 16, 17, 18, 19, 20]","[7, 8, 9, 10, 11, 12, 13, 14, 21, 22, 23, 24, 25, 26, 27, 28, 29]",R.xyz_atom_subset_NOT_optimized,R.xyz_atom_subset_NOT_optimized,30,13,17,0,0,0,1,1
7,dipolar_000050,spec16,"[7, 8, 9, 10, 11, 12, 13, 14, 21, 22, 23, 24, 25, 26, 27, 28, 29]","[0, 1, 2, 3, 4, 5, 6, 15, 16, 17, 18, 19, 20]",opt.xyz_isolated_fragment_opt,opt.xyz_isolated_fragment_opt,30,17,13,0,0,0,1,1
8,dipolar_000067,locked_778,"[0, 1, 2, 3, 4, 5, 17, 18, 19]","[6, 7, 8, 9, 10, 11, 12, 13, 14, 15, 16, 20, 21, 22, 23, 24, 25]",R.xyz_atom_subset_NOT_optimized,R.xyz_atom_subset_NOT_optimized,26,9,17,0,0,0,1,1
9,dipolar_000078,spec16,"[12, 13, 14, 15, 25, 26, 27]","[0, 1, 2, 3, 4, 5, 6, 7, 8, 9, 10, 11, 16, 17, 18, 19, 20, 21, 22, 23, 24]",opt.xyz_isolated_fragment_opt,opt.xyz_isolated_fragment_opt,28,7,21,0,0,0,1,1
10,dipolar_000080,locked_778,"[0, 1, 2, 3, 4, 5, 16, 17, 18]","[6, 7, 8, 9, 10, 11, 12, 13, 14, 15, 19, 20, 21]",R.xyz_atom_subset_NOT_optimized,R.xyz_atom_subset_NOT_optimized,22,9,13,0,0,0,1,1
11,dipolar_000084,locked_778,"[0, 1, 2, 3, 4, 5, 6, 7, 8, 9, 15, 16, 17, 18, 19, 20, 21, 22]","[10, 11, 12, 13, 14, 23, 24, 25]",R.xyz_atom_subset_NOT_optimized,R.xyz_atom_subset_NOT_optimized,26,18,8,0,0,0,1,1
12,dipolar_000097,locked_778,"[0, 1, 2, 3, 4, 5, 6, 7, 8, 17, 18, 19, 20, 21, 22]","[9, 10, 11, 12, 13, 14, 15, 16, 23, 24, 25]",R.xyz_atom_subset_NOT_optimized,R.xyz_atom_subset_NOT_optimized,26,15,11,0,0,0,1,1
13,dipolar_000133,locked_778,"[0, 1, 2, 3, 4, 5, 6, 18, 19, 20]","[7, 8, 9, 10, 11, 12, 13, 14, 15, 16, 17, 21, 22, 23, 24]",R.xyz_atom_subset_NOT_optimized,R.xyz_atom_subset_NOT_optimized,25,10,15,0,0,0,1,1
14,dipolar_000145,spec16,"[0, 1, 2, 3, 4, 5, 6, 7, 16, 17, 18, 19, 20, 21, 22, 23, 24]","[8, 9, 10, 11, 12, 13, 14, 15, 25, 26, 27, 28, 29, 30]",opt.xyz_isolated_fragment_opt,opt.xyz_isolated_fragment_opt,31,17,14,0,0,0,1,1
15,dipolar_000155,locked_778,"[0, 1, 2, 3, 4, 5, 6, 7, 8, 17, 18, 19, 20, 21, 22]","[9, 10, 11, 12, 13, 14, 15, 16, 23, 24, 25, 26, 27, 28, 29, 30, 31, 32]",R.xyz_atom_subset_NOT_optimized,R.xyz_atom_subset_NOT_optimized,33,15,18,0,0,0,1,1
16,dipolar_000160,locked_778,"[0, 1, 2, 3, 4, 9, 10, 11, 12, 13, 14, 15, 16, 17, 18, 22, 23, 24, 25, 26, 27, 28, 29]","[5, 6, 7, 8, 19, 20, 21]",R.xyz_atom_subset_NOT_optimized,R.xyz_atom_subset_NOT_optimized,30,23,7,0,0,0,1,1
17,dipolar_000172,locked_778,"[0, 1, 2, 3, 4, 5, 6, 7, 8, 9, 10, 11, 18, 19, 20, 21, 22]","[12, 13, 14, 15, 16, 17, 23, 24, 25]",R.xyz_atom_subset_NOT_optimized,R.xyz_atom_subset_NOT_optimized,26,17,9,0,0,0,1,1
18,dipolar_000173,spec16,"[12, 13, 14, 15, 16, 17, 23, 24, 25]","[0, 1, 2, 3, 4, 5, 6, 7, 8, 9, 10, 11, 18, 19, 20, 21, 22]",opt.xyz_isolated_fragment_opt,opt.xyz_isolated_fragment_opt,26,9,17,0,0,0,1,1
19,dipolar_000205,spec16,"[5, 6, 7, 8, 9, 10, 11, 12, 13, 14, 15, 16, 20, 21, 22, 23, 24, 25, 26, 27, 28]","[0, 1, 2, 3, 4, 17, 18, 19]",opt.xyz_isolated_fragment_opt,opt.xyz_isolated_fragment_opt,29,21,8,0,0,0,1,1
20,dipolar_000206,locked_778,"[0, 1, 2, 3, 4, 17, 18, 19]","[5, 6, 7, 8, 9, 10, 11, 12, 13, 14, 15, 16, 20, 21, 22, 23, 24, 25, 26, 27, 28]",R.xyz_atom_subset_NOT_optimized,R.xyz_atom_subset_NOT_optimized,29,8,21,0,0,0,1,1
21,dipolar_000219,locked_778,"[0, 1, 2, 3, 4, 19, 20, 21, 22, 23, 24]","[5, 6, 7, 8, 9, 10, 11, 12, 13, 14, 15, 16, 17, 18, 25, 26, 27, 28, 29]",R.xyz_atom_subset_NOT_optimized,R.xyz_atom_subset_NOT_optimized,30,11,19,0,0,0,1,1
22,dipolar_000245,locked_778,"[0, 1, 2, 3, 4, 5, 18, 19, 20]","[6, 7, 8, 9, 10, 11, 12, 13, 14, 15, 16, 17, 21, 22, 23, 24, 25, 26, 27, 28, 29, 30]",R.xyz_atom_subset_NOT_optimized,R.xyz_atom_subset_NOT_optimized,31,9,22,0,0,0,1,1
23,dipolar_000262,locked_778,"[0, 1, 2, 3, 4, 5, 6, 15, 16, 17, 18]","[7, 8, 9, 10, 11, 12, 13, 14, 19, 20, 21, 22, 23, 24]",R.xyz_atom_subset_NOT_optimized,R.xyz_atom_subset_NOT_optimized,25,11,14,0,0,0,1,1
24,dipolar_000263,spec16,"[7, 8, 9, 10, 11, 12, 13, 14, 18, 19, 20, 21, 22, 23, 24, 25, 26]","[0, 1, 2, 3, 4, 5, 6, 15, 16, 17]",opt.xyz_isolated_fragment_opt,opt.xyz_isolated_fragment_opt,27,17,10,0,0,0,1,1
25,dipolar_000271,spec16,"[0, 1, 2, 3, 4, 5, 6, 7, 8, 19, 20, 21, 22, 23, 24, 25, 26]","[9, 10, 11, 12, 13, 14, 15, 16, 17, 18, 27, 28, 29, 30, 31, 32, 33]",opt.xyz_isolated_fragment_opt,opt.xyz_isolated_fragment_opt,34,17,17,0,0,0,1,1
26,dipolar_000279,spec16,"[7, 8, 9, 10, 11, 12, 13, 14, 15, 16, 17, 18, 26, 27, 28, 29, 30, 31, 32, 33, 34, 35, 36]","[0, 1, 2, 3, 4, 5, 6, 19, 20, 21, 22, 23, 24, 25]",opt.xyz_isolated_fragment_opt,opt.xyz_isolated_fragment_opt,37,23,14,0,0,0,1,1
27,dipolar_000298,spec16,"[14, 15, 16, 17, 18, 31, 32, 33, 34, 35, 36, 37, 38]","[0, 1, 2, 3, 4, 5, 6, 7, 8, 9, 10, 11, 12, 13, 19, 20, 21, 22, 23, 24, 25, 26, 27, 28, 29, 30]",opt.xyz_isolated_fragment_opt,opt.xyz_isolated_fragment_opt,39,13,26,0,0,0,1,1
28,dipolar_000309,spec16,"[0, 1, 2, 3, 4, 5, 6, 7, 19, 20, 21, 22, 23, 24, 25]","[8, 9, 10, 11, 12, 13, 14, 15, 16, 17, 18, 26, 27, 28, 29, 30, 31, 32, 33, 34, 35]",opt.xyz_isolated_fragment_opt,opt.xyz_isolated_fragment_opt,36,15,21,0,0,0,1,1
29,dipolar_000331,spec16,"[11, 12, 13, 14, 15, 16, 17, 18, 27, 28, 29, 30, 31, 32, 33, 34, 35, 36, 37, 38]","[0, 1, 2, 3, 4, 5, 6, 7, 8, 9, 10, 19, 20, 21, 22, 23, 24, 25, 26]",opt.xyz_isolated_fragment_opt,opt.xyz_isolated_fragment_opt,39,20,19,0,0,0,1,1
30,dipolar_000339,spec16,"[15, 16, 17, 18, 19, 30, 31, 32, 33, 34, 35]","[0, 1, 2, 3, 4, 5, 6, 7, 8, 9, 10, 11, 12, 13, 14, 20, 21, 22, 23, 24, 25, 26, 27, 28, 29]",opt.xyz_isolated_fragment_opt,opt.xyz_isolated_fragment_opt,36,11,25,0,0,0,1,1
31,dipolar_000344,spec16,"[0, 1, 2, 3, 4, 5, 6, 7, 8, 20, 21, 22, 23, 24, 25, 26]","[9, 10, 11, 12, 13, 14, 15, 16, 17, 18, 19, 27, 28, 29, 30, 31]",opt.xyz_isolated_fragment_opt,opt.xyz_isolated_fragment_opt,32,16,16,0,0,0,1,1
32,dipolar_000360,locked_778,"[0, 1, 2, 3, 4, 5, 6, 7, 20, 21, 22, 23, 24, 25]","[8, 9, 10, 11, 12, 13, 14, 15, 16, 17, 18, 19, 26, 27, 28, 29, 30, 31, 32]",R.xyz_atom_subset_NOT_optimized,R.xyz_atom_subset_NOT_optimized,33,14,19,0,0,0,1,1
33,dipolar_000372,spec16,"[0, 1, 2, 3, 4, 5, 6, 7, 8, 9, 10, 11, 20, 21, 22, 23, 24, 25, 26, 27, 28]","[12, 13, 14, 15, 16, 17, 18, 19, 29, 30, 31, 32, 33]",opt.xyz_isolated_fragment_opt,opt.xyz_isolated_fragment_opt,34,21,13,0,0,0,1,1
34,dipolar_000393,locked_778,"[0, 1, 2, 3, 4, 5, 6, 17, 18, 19, 20, 21]","[7, 8, 9, 10, 11, 12, 13, 14, 15, 16, 22, 23, 24, 25]",R.xyz_atom_subset_NOT_optimized,R.xyz_atom_subset_NOT_optimized,26,12,14,0,0,0,1,1
35,dipolar_000401,locked_778,"[0, 1, 2, 3, 4, 5, 6, 7, 8, 9, 19, 20, 21]","[10, 11, 12, 13, 14, 15, 16, 17, 18, 22, 23, 24, 25]",R.xyz_atom_subset_NOT_optimized,R.xyz_atom_subset_NOT_optimized,26,13,13,0,0,0,1,1
36,dipolar_000404,spec16,"[0, 1, 2, 3, 4, 5, 6, 7, 8, 9, 10, 11, 20, 21, 22, 23, 24, 25, 26, 27, 28]","[12, 13, 14, 15, 16, 17, 18, 19, 29, 30, 31, 32, 33, 34, 35, 36, 37]",opt.xyz_isolated_fragment_opt,opt.xyz_isolated_fragment_opt,38,21,17,0,0,0,1,1
37,dipolar_000411,locked_778,"[8, 9, 10, 11, 12, 13, 14, 15, 16, 17, 18, 19, 26, 27, 28, 29, 30, 31, 32, 33, 34]","[0, 1, 2, 3, 4, 5, 6, 7, 20, 21, 22, 23, 24, 25]",R.xyz_atom_subset_NOT_optimized,R.xyz_atom_subset_NOT_optimized,35,21,14,0,0,0,1,1
38,dipolar_000415,spec16,"[0, 1, 2, 3, 4, 5, 6, 7, 8, 21, 22, 23, 24, 25, 26]","[9, 10, 11, 12, 13, 14, 15, 16, 17, 18, 19, 20, 27, 28, 29, 30, 31, 32, 33, 34, 35, 36]",opt.xyz_isolated_fragment_opt,opt.xyz_isolated_fragment_opt,37,15,22,0,0,0,1,1
39,dipolar_000418,spec16,"[9, 10, 11, 12, 13, 14, 15, 16, 17, 18, 19, 30, 31, 32, 33, 34, 35, 36, 37, 38, 39, 40, 41, 42, 43]","[0, 1, 2, 3, 4, 5, 6, 7, 8, 20, 21, 22, 23, 24, 25, 26, 27, 28, 29]",opt.xyz_isolated_fragment_opt,opt.xyz_isolated_fragment_opt,44,25,19,0,0,0,1,1
40,dipolar_000425,locked_778,"[0, 1, 2, 3, 4, 5, 6, 15, 16, 17, 18, 19, 20, 21, 22, 23, 24, 30, 31, 32, 33, 34, 35, 36]","[7, 8, 9, 10, 11, 12, 13, 14, 25, 26, 27, 28, 29]",R.xyz_atom_subset_NOT_optimized,R.xyz_atom_subset_NOT_optimized,37,24,13,0,0,0,1,1
41,dipolar_000455,locked_778,"[13, 14, 15, 16, 17, 18, 19, 27, 28, 29, 30, 31, 32, 33, 34, 35, 36, 37, 38]","[0, 1, 2, 3, 4, 5, 6, 7, 8, 9, 10, 11, 12, 20, 21, 22, 23, 24, 25, 26]",R.xyz_atom_subset_NOT_optimized,R.xyz_atom_subset_NOT_optimized,39,19,20,0,0,0,1,1
42,dipolar_000460,spec16,"[0, 1, 2, 3, 4, 16, 17, 18, 19, 20, 21, 22, 23, 30, 31, 32, 33, 34, 35]","[5, 6, 7, 8, 9, 10, 11, 12, 13, 14, 15, 24, 25, 26, 27, 28, 29]",opt.xyz_isolated_fragment_opt,opt.xyz_isolated_fragment_opt,36,19,17,0,0,0,1,1
43,dipolar_000484,spec16,"[13, 14, 15, 16, 17, 18, 19, 20, 30, 31, 32, 33, 34, 35, 36, 37]","[0, 1, 2, 3, 4, 5, 6, 7, 8, 9, 10, 11, 12, 21, 22, 23, 24, 25, 26, 27, 28, 29]",opt.xyz_isolated_fragment_opt,opt.xyz_isolated_fragment_opt,38,16,22,0,0,0,1,1
44,dipolar_000487,locked_778,"[0, 1, 2, 3, 4, 5, 6, 7, 8, 9, 10, 11, 20, 21, 22, 23, 24, 25, 26, 27, 36]","[12, 13, 14, 15, 16, 17, 18, 19, 28, 29, 30, 31, 32, 33, 34, 35]",R.xyz_atom_subset_NOT_optimized,R.xyz_atom_subset_NOT_optimized,37,21,16,0,0,0,1,1
45,dipolar_000502,locked_778,"[7, 8, 9, 10, 11, 12, 13, 14, 15, 16, 24, 25, 26, 27, 28, 29, 30]","[0, 1, 2, 3, 4, 5, 6, 17, 18, 19, 20, 21, 22, 23]",R.xyz_atom_subset_NOT_optimized,R.xyz_atom_subset_NOT_optimized,31,17,14,0,0,0,1,1
46,dipolar_000514,locked_778,"[0, 1, 2, 3, 4, 5, 6, 18, 19, 20, 21]","[7, 8, 9, 10, 11, 12, 13, 14, 15, 16, 17, 22, 23, 24]",R.xyz_atom_subset_NOT_optimized,R.xyz_atom_subset_NOT_optimized,25,11,14,0,0,0,1,1
47,dipolar_000517,locked_778,"[0, 1, 2, 3, 4, 5, 6, 7, 8, 9, 21, 22, 23, 24, 25, 26, 27]","[10, 11, 12, 13, 14, 15, 16, 17, 18, 19, 20, 28, 29, 30, 31, 32, 33, 34, 35, 36, 37, 38, 39, 40, 41]",R.xyz_atom_subset_NOT_optimized,R.xyz_atom_subset_NOT_optimized,42,17,25,0,0,0,1,1
48,dipolar_000535,spec16,"[0, 1, 2, 3, 4, 5, 15, 16, 17, 18, 19, 20, 21, 22, 23, 24, 25, 26, 27, 32, 33, 34, 35, 36, 37]","[6, 7, 8, 9, 10, 11, 12, 13, 14, 28, 29, 30, 31]",opt.xyz_isolated_fragment_opt,opt.xyz_isolated_fragment_opt,38,25,13,0,0,0,1,1
49,dipolar_000541,locked_778,"[0, 1, 2, 3, 4, 5, 6, 7, 8, 21, 22, 23, 24, 25, 26, 27, 28]","[9, 10, 11, 12, 13, 14, 15, 16, 17, 18, 19, 20, 29, 30, 31, 32, 33, 34, 35]",R.xyz_atom_subset_NOT_optimized,R.xyz_atom_subset_NOT_optimized,36,17,19,0,0,0,1,1
50,dipolar_000551,locked_778,"[0, 1, 2, 3, 4, 5, 6, 7, 17, 18, 19, 20, 21, 22, 23, 32]","[8, 9, 10, 11, 12, 13, 14, 15, 16, 24, 25, 26, 27, 28, 29, 30, 31]",R.xyz_atom_subset_NOT_optimized,R.xyz_atom_subset_NOT_optimized,33,16,17,0,0,0,1,1
51,dipolar_000561,locked_778,"[0, 1, 2, 3, 4, 7, 8, 9, 10, 11, 21, 22, 23, 24, 25, 26, 27, 28, 29, 30]","[5, 6, 12, 13, 14, 15, 16, 17, 18, 19, 20, 31, 32, 33, 34, 35, 36, 37, 38, 39]",R.xyz_atom_subset_NOT_optimized,R.xyz_atom_subset_NOT_optimized,40,20,20,0,0,0,1,1
52,dipolar_000568,spec16,"[0, 1, 2, 3, 4, 5, 6, 7, 8, 9, 22, 23, 24, 25, 26, 27, 28, 29, 30, 31, 32, 33]","[10, 11, 12, 13, 14, 15, 16, 17, 18, 19, 20, 21, 34, 35, 36, 37, 38, 39, 40, 41, 42]",opt.xyz_isolated_fragment_opt,opt.xyz_isolated_fragment_opt,43,22,21,0,0,0,1,1
53,dipolar_000583,spec16,"[0, 1, 2, 3, 4, 5, 6, 21, 22, 23, 24, 25, 26]","[7, 8, 9, 10, 11, 12, 13, 14, 15, 16, 17, 18, 19, 20, 27, 28, 29, 30, 31, 32, 33, 34, 35, 36, 37, 38, 39]",opt.xyz_isolated_fragment_opt,opt.xyz_isolated_fragment_opt,40,13,27,0,0,0,1,1
54,dipolar_000606,spec16,"[0, 1, 2, 3, 4, 5, 6, 7, 8, 9, 10, 23, 24, 25, 26, 27, 28, 29, 30]","[11, 12, 13, 14, 15, 16, 17, 18, 19, 20, 21, 22, 31, 32, 33, 34, 35, 36]",opt.xyz_isolated_fragment_opt,opt.xyz_isolated_fragment_opt,37,19,18,0,0,0,1,1
55,dipolar_000628,spec16,"[0, 1, 2, 3, 4, 5, 6, 7, 17, 18, 19, 20, 21, 22, 23, 24, 25]","[8, 9, 10, 11, 12, 13, 14, 15, 16, 26, 27, 28, 29]",opt.xyz_isolated_fragment_opt,opt.xyz_isolated_fragment_opt,30,17,13,0,0,0,1,1
56,dipolar_000648,spec16,"[0, 1, 2, 3, 4, 5, 6, 7, 8, 9, 10, 11, 12, 13, 24, 25, 26, 27, 28, 29, 30, 31, 32]","[14, 15, 16, 17, 18, 19, 20, 21, 22, 23, 33, 34, 35, 36, 37]",opt.xyz_isolated_fragment_opt,opt.xyz_isolated_fragment_opt,38,23,15,0,0,0,1,1
57,dipolar_000658,locked_778,"[0, 1, 2, 3, 4, 5, 6, 7, 8, 9, 10, 11, 12, 13, 23, 24, 25, 26, 27, 28, 29, 30, 31, 32, 33, 34]","[14, 15, 16, 17, 18, 19, 20, 21, 22, 35, 36, 37, 38, 39, 40, 41, 42]",R.xyz_atom_subset_NOT_optimized_AB_SWAPPED_vs_source_filename,R.xyz_atom_subset_NOT_optimized_AB_SWAPPED_vs_source_filename,43,26,17,0,0,0,1,1
58,dipolar_000700,locked_778,"[11, 12, 13, 14, 15, 16, 17, 18, 19, 20, 21, 34, 35, 36, 37, 38, 39, 40, 41, 42, 43]","[0, 1, 2, 3, 4, 5, 6, 7, 8, 9, 10, 22, 23, 24, 25, 26, 27, 28, 29, 30, 31, 32, 33]",R.xyz_atom_subset_NOT_optimized,R.xyz_atom_subset_NOT_optimized,44,21,23,0,0,0,1,1
59,dipolar_000721,spec16,"[13, 14, 15, 16, 17, 18, 19, 20, 21, 22, 29, 30, 31, 32, 33, 34, 35]","[0, 1, 2, 3, 4, 5, 6, 7, 8, 9, 10, 11, 12, 23, 24, 25, 26, 27, 28]",opt.xyz_isolated_fragment_opt,opt.xyz_isolated_fragment_opt,36,17,19,0,0,0,1,1
60,dipolar_000732,locked_778,"[0, 1, 2, 3, 4, 5, 6, 7, 8, 9, 10, 11, 12, 22, 23, 24, 25, 26, 27, 28, 29, 30]","[13, 14, 15, 16, 17, 18, 19, 20, 21, 31, 32, 33, 34, 35, 36, 37, 38, 39, 40, 41, 42]",R.xyz_atom_subset_NOT_optimized,R.xyz_atom_subset_NOT_optimized,43,22,21,0,0,0,1,1
61,dipolar_000753,spec16,"[0, 1, 2, 3, 4, 5, 6, 7, 8, 9, 10, 11, 12, 23, 24, 25, 26, 27, 28, 29, 30, 31, 32, 33, 34]","[13, 14, 15, 16, 17, 18, 19, 20, 21, 22, 35, 36, 37, 38, 39, 40, 41, 42, 43]",opt.xyz_isolated_fragment_opt,opt.xyz_isolated_fragment_opt,44,25,19,0,0,0,1,1
62,dipolar_000759,locked_778,"[0, 1, 2, 3, 4, 15, 16, 17, 18, 19, 20, 21, 22, 23, 24, 25, 33, 34, 35, 36, 37, 38, 39]","[5, 6, 7, 8, 9, 10, 11, 12, 13, 14, 26, 27, 28, 29, 30, 31, 32]",R.xyz_atom_subset_NOT_optimized,R.xyz_atom_subset_NOT_optimized,40,23,17,0,0,0,1,1
63,dipolar_000763,spec16,"[0, 1, 2, 3, 4, 5, 6, 7, 8, 9, 23, 24, 25, 26, 27, 28, 29, 30, 31]","[10, 11, 12, 13, 14, 15, 16, 17, 18, 19, 20, 21, 22, 32, 33, 34, 35, 36, 37, 38]",opt.xyz_isolated_fragment_opt,opt.xyz_isolated_fragment_opt,39,19,20,0,0,0,1,1
64,dipolar_000783,locked_778,"[7, 8, 9, 10, 11, 12, 13, 14, 15, 16, 17, 18, 19, 20, 21, 22, 27, 28, 29, 30, 31, 32, 33, 34, 35, 36, 37, 38]","[0, 1, 2, 3, 4, 5, 6, 23, 24, 25, 26]",R.xyz_atom_subset_NOT_optimized,R.xyz_atom_subset_NOT_optimized,39,28,11,0,0,0,1,1
65,dipolar_000784,locked_778,"[7, 8, 9, 10, 11, 12, 13, 14, 15, 16, 17, 18, 19, 20, 21, 22, 27, 28, 29, 30, 31, 32, 33, 34, 35, 36, 37, 38]","[0, 1, 2, 3, 4, 5, 6, 23, 24, 25, 26]",R.xyz_atom_subset_NOT_optimized,R.xyz_atom_subset_NOT_optimized,39,28,11,0,0,0,1,1
66,dipolar_000797,spec16,"[0, 1, 2, 3, 4, 5, 6, 7, 8, 9, 10, 11, 23, 24, 25, 26, 27, 28, 29, 30]","[12, 13, 14, 15, 16, 17, 18, 19, 20, 21, 22, 31, 32, 33, 34, 35, 36, 37, 38]",opt.xyz_isolated_fragment_opt,opt.xyz_isolated_fragment_opt,39,20,19,0,0,0,1,1
67,dipolar_000853,locked_778,"[0, 1, 2, 3, 4, 5, 6, 7, 8, 9, 10, 11, 23, 24, 25, 26, 27, 28, 29]","[12, 13, 14, 15, 16, 17, 18, 19, 20, 21, 22, 30, 31, 32, 33, 34, 35, 36, 37, 38, 39, 40, 41]",R.xyz_atom_subset_NOT_optimized,R.xyz_atom_subset_NOT_optimized,42,19,23,0,0,0,1,1
68,dipolar_000864,spec16,"[0, 1, 2, 3, 13, 14, 15, 16, 17, 18, 19, 20, 21, 22, 23, 28, 29, 30]","[4, 5, 6, 7, 8, 9, 10, 11, 12, 24, 25, 26, 27]",opt.xyz_isolated_fragment_opt,opt.xyz_isolated_fragment_opt,31,18,13,0,0,0,1,1
69,dipolar_000876,locked_778,"[0, 1, 2, 3, 4, 5, 6, 7, 8, 9, 22, 23, 24, 25, 26, 27, 28, 29, 30, 31]","[10, 11, 12, 13, 14, 15, 16, 17, 18, 19, 20, 21, 32, 33, 34, 35, 36, 37, 38, 39, 40, 41, 42, 43]",R.xyz_atom_subset_NOT_optimized,R.xyz_atom_subset_NOT_optimized,44,20,24,0,0,0,1,1
70,dipolar_000900,locked_778,"[0, 1, 2, 3, 4, 5, 6, 7, 8, 9, 10, 11, 12, 13, 23, 24, 25, 26, 27, 28, 29, 30, 31, 32]","[14, 15, 16, 17, 18, 19, 20, 21, 22, 33, 34, 35, 36, 37, 38, 39]",R.xyz_atom_subset_NOT_optimized,R.xyz_atom_subset_NOT_optimized,40,24,16,0,0,0,1,1
71,dipolar_000915,spec16,"[11, 12, 13, 14, 15, 16, 17, 18, 33, 34, 35, 36, 37, 38]","[0, 1, 2, 3, 4, 5, 6, 7, 8, 9, 10, 19, 20, 21, 22, 23, 24, 25, 26, 27, 28, 29, 30, 31, 32, 39, 40, 41, 42, 43, 44, 45, 46, 47]",opt.xyz_isolated_fragment_opt,opt.xyz_isolated_fragment_opt,48,14,34,0,0,0,1,1
72,dipolar_000930,spec16,"[0, 1, 2, 3, 4, 5, 20, 21, 22, 23, 24, 25, 26, 27, 28, 29, 30]","[6, 7, 8, 9, 10, 11, 12, 13, 14, 15, 16, 17, 18, 19, 31, 32, 33, 34, 35, 36, 37, 38, 39]",opt.xyz_isolated_fragment_opt,opt.xyz_isolated_fragment_opt,40,17,23,0,0,0,1,1
73,dipolar_000975,locked_778,"[0, 1, 2, 3, 4, 5, 6, 7, 8, 9, 10, 11, 12, 13, 14, 21, 22, 23, 24, 25, 26, 27, 28, 29, 30]","[15, 16, 17, 18, 19, 20, 31, 32, 33, 34, 35, 36]",R.xyz_atom_subset_NOT_optimized,R.xyz_atom_subset_NOT_optimized,37,25,12,0,0,0,1,1
74,dipolar_000983,spec16,"[3, 4, 5, 6, 7, 8, 9, 10, 11, 12, 13, 14, 27, 28, 29, 30, 31, 32, 33, 34]","[0, 1, 2, 15, 16, 17, 18, 19, 20, 21, 22, 23, 24, 25, 26, 35, 36, 37, 38, 39, 40]",opt.xyz_isolated_fragment_opt,opt.xyz_isolated_fragment_opt,41,20,21,0,0,0,1,1
75,dipolar_000984,locked_778,"[0, 1, 2, 3, 4, 5, 6, 7, 8, 9, 10, 11, 12, 24, 25, 26]","[13, 14, 15, 16, 17, 18, 19, 20, 21, 22, 23, 27, 28, 29, 30, 31, 32, 33, 34, 35, 36, 37, 38]",R.xyz_atom_subset_NOT_optimized,R.xyz_atom_subset_NOT_optimized,39,16,23,0,0,0,1,1
76,dipolar_000991,locked_778,"[0, 1, 2, 3, 4, 5, 6, 7, 8, 9, 10, 11, 12, 13, 14, 15, 16, 17, 23, 24, 25, 26, 27, 28, 29, 30, 31, 32, 33, 34, 35]","[18, 19, 20, 21, 22, 36, 37, 38]",R.xyz_atom_subset_NOT_optimized,R.xyz_atom_subset_NOT_optimized,39,31,8,0,0,0,1,1
77,dipolar_001058,spec16,"[15, 16, 17, 18, 19, 20, 21, 22, 23, 24, 34, 35, 36, 37, 38, 39, 40, 41, 42, 43, 44]","[0, 1, 2, 3, 4, 5, 6, 7, 8, 9, 10, 11, 12, 13, 14, 25, 26, 27, 28, 29, 30, 31, 32, 33]",opt.xyz_isolated_fragment_opt,opt.xyz_isolated_fragment_opt,45,21,24,0,0,0,1,1
78,dipolar_001090,spec16,"[0, 1, 2, 3, 4, 5, 6, 7, 8, 17, 18, 19, 20, 21, 22, 23, 24, 25, 26, 27, 28, 29, 40, 41, 42, 43, 44, 45]","[9, 10, 11, 12, 13, 14, 15, 16, 30, 31, 32, 33, 34, 35, 36, 37, 38, 39]",opt.xyz_isolated_fragment_opt,opt.xyz_isolated_fragment_opt,46,28,18,0,0,0,1,1
79,dipolar_001108,spec16,"[0, 1, 2, 3, 4, 5, 6, 7, 8, 9, 10, 21, 22, 23, 24]","[11, 12, 13, 14, 15, 16, 17, 18, 19, 20, 25, 26, 27, 28, 29, 30, 31, 32]",opt.xyz_isolated_fragment_opt,opt.xyz_isolated_fragment_opt,33,15,18,0,0,0,1,1
80,dipolar_001146,spec16,"[17, 18, 19, 20, 21, 22, 23, 42, 43, 44, 45, 46, 47, 48]","[0, 1, 2, 3, 4, 5, 6, 7, 8, 9, 10, 11, 12, 13, 14, 15, 16, 24, 25, 26, 27, 28, 29, 30, 31, 32, 33, 34, 35, 36, 37, 38, 39, 40, 41]",opt.xyz_isolated_fragment_opt,opt.xyz_isolated_fragment_opt,49,14,35,0,0,0,1,1
81,dipolar_001155,spec16,"[0, 1, 2, 3, 4, 5, 6, 7, 8, 9, 10, 11, 12, 13, 14, 24, 25, 26, 27, 28, 29, 30, 31, 32, 33]","[15, 16, 17, 18, 19, 20, 21, 22, 23, 34, 35, 36, 37]",opt.xyz_isolated_fragment_opt,opt.xyz_isolated_fragment_opt,38,25,13,0,0,0,1,1
82,dipolar_001156,locked_778,"[0, 1, 2, 3, 4, 5, 6, 7, 8, 9, 10, 11, 12, 13, 14, 24, 25, 26, 27, 28, 29, 30, 31, 32, 33]","[15, 16, 17, 18, 19, 20, 21, 22, 23, 34, 35, 36, 37]",R.xyz_atom_subset_NOT_optimized,R.xyz_atom_subset_NOT_optimized,38,25,13,0,0,0,1,1
83,dipolar_001158,locked_778,"[0, 1, 2, 3, 4, 5, 6, 7, 8, 9, 10, 11, 12, 13, 14, 24, 25, 26, 27, 28, 29, 30, 31, 32, 33]","[15, 16, 17, 18, 19, 20, 21, 22, 23, 34, 35, 36, 37]",R.xyz_atom_subset_NOT_optimized,R.xyz_atom_subset_NOT_optimized,38,25,13,0,0,0,1,1
84,dipolar_001172,locked_778,"[0, 1, 2, 3, 4, 5, 6, 21, 22, 23, 24, 25, 26, 27]","[7, 8, 9, 10, 11, 12, 13, 14, 15, 16, 17, 18, 19, 20, 28, 29, 30, 31, 32, 33, 34, 35, 36, 37, 38, 39, 40]",R.xyz_atom_subset_NOT_optimized,R.xyz_atom_subset_NOT_optimized,41,14,27,0,0,0,1,1
85,dipolar_001177,locked_778,"[0, 1, 2, 3, 4, 5, 6, 7, 8, 9, 10, 11, 12, 13, 14, 15, 16, 23, 24, 25, 26, 27, 28, 29, 30, 31, 32, 33, 34]","[17, 18, 19, 20, 21, 22, 35, 36, 37, 38, 39, 40, 41, 42, 43, 44, 45]",R.xyz_atom_subset_NOT_optimized,R.xyz_atom_subset_NOT_optimized,46,29,17,0,0,0,1,1
86,dipolar_001187,spec16,"[10, 11, 12, 13, 14, 15, 16, 17, 18, 19, 20, 21, 22, 23, 34, 35, 36, 37, 38, 39, 40, 41, 42]","[0, 1, 2, 3, 4, 5, 6, 7, 8, 9, 24, 25, 26, 27, 28, 29, 30, 31, 32, 33]",opt.xyz_isolated_fragment_opt,opt.xyz_isolated_fragment_opt,43,23,20,0,0,0,1,1
87,dipolar_001189,locked_778,"[0, 1, 2, 3, 4, 5, 6, 7, 8, 9, 24, 25, 26, 27, 28, 29, 30, 31, 32, 33]","[10, 11, 12, 13, 14, 15, 16, 17, 18, 19, 20, 21, 22, 23, 34, 35, 36, 37, 38, 39, 40, 41, 42]",R.xyz_atom_subset_NOT_optimized,R.xyz_atom_subset_NOT_optimized,43,20,23,0,0,0,1,1
88,dipolar_001197,spec16,"[5, 6, 7, 8, 9, 10, 11, 12, 13, 14, 28, 29, 30, 31, 32, 33, 34, 35, 36]","[0, 1, 2, 3, 4, 15, 16, 17, 18, 19, 20, 21, 22, 23, 24, 25, 26, 27, 37, 38, 39, 40, 41, 42]",opt.xyz_isolated_fragment_opt,opt.xyz_isolated_fragment_opt,43,19,24,0,0,0,1,1
89,dipolar_001221,locked_778,"[0, 1, 2, 3, 4, 5, 6, 7, 8, 9, 10, 11, 25, 26, 27, 28, 29, 30, 31, 32, 33, 34, 35]","[12, 13, 14, 15, 16, 17, 18, 19, 20, 21, 22, 23, 24, 36, 37, 38, 39, 40, 41, 42, 43, 44, 45, 46, 47]",R.xyz_atom_subset_NOT_optimized,R.xyz_atom_subset_NOT_optimized,48,23,25,0,0,0,1,1
90,dipolar_001225,spec16,"[8, 9, 10, 11, 12, 13, 14, 15, 16, 25, 26, 27, 28, 29, 30, 31, 32]","[0, 1, 2, 3, 4, 5, 6, 7, 17, 18, 19, 20, 21, 22, 23, 24]",opt.xyz_isolated_fragment_opt,opt.xyz_isolated_fragment_opt,33,17,16,0,0,0,1,1
91,dipolar_001241,spec16,"[11, 12, 13, 14, 15, 16, 17, 18, 19, 20, 21, 22, 34, 35, 36, 37, 38, 39, 40, 41, 42, 43, 44]","[0, 1, 2, 3, 4, 5, 6, 7, 8, 9, 10, 23, 24, 25, 26, 27, 28, 29, 30, 31, 32, 33]",opt.xyz_isolated_fragment_opt,opt.xyz_isolated_fragment_opt,45,23,22,0,0,0,1,1
92,dipolar_001243,locked_778,"[0, 1, 2, 3, 4, 5, 6, 7, 8, 9, 10, 11, 12, 24, 25, 26, 27, 28, 29, 30, 31, 32, 33, 34]","[13, 14, 15, 16, 17, 18, 19, 20, 21, 22, 23, 35, 36, 37, 38, 39, 40, 41, 42, 43]",R.xyz_atom_subset_NOT_optimized,R.xyz_atom_subset_NOT_optimized,44,24,20,0,0,0,1,1
93,dipolar_001250,locked_778,"[0, 1, 2, 3, 4, 5, 6, 7, 8, 9, 10, 11, 12, 13, 24, 25, 26, 27, 28, 29, 30, 31, 32, 33, 34, 35, 36, 37, 38, 39, 40, 41, 42]","[14, 15, 16, 17, 18, 19, 20, 21, 22, 23, 43, 44, 45, 46, 47, 48, 49, 50, 51, 52]",R.xyz_atom_subset_NOT_optimized,R.xyz_atom_subset_NOT_optimized,53,33,20,0,0,0,1,1
94,dipolar_001261,spec16,"[0, 1, 2, 3, 4, 5, 6, 7, 18, 19, 20, 21, 22, 23, 24, 25, 26, 27, 28, 29, 30, 31, 38, 39, 40, 41, 42, 43]","[8, 9, 10, 11, 12, 13, 14, 15, 16, 17, 32, 33, 34, 35, 36, 37]",opt.xyz_isolated_fragment_opt,opt.xyz_isolated_fragment_opt,44,28,16,0,0,0,1,1
95,dipolar_001277,spec16,"[15, 16, 17, 18, 19, 20, 21, 22, 23, 24, 35, 36, 37, 38, 39, 40, 41, 42]","[0, 1, 2, 3, 4, 5, 6, 7, 8, 9, 10, 11, 12, 13, 14, 25, 26, 27, 28, 29, 30, 31, 32, 33, 34]",opt.xyz_isolated_fragment_opt,opt.xyz_isolated_fragment_opt,43,18,25,0,0,0,1,1
96,dipolar_001294,spec16,"[8, 9, 10, 11, 12, 13, 14, 15, 16, 17, 18, 19, 20, 21, 29, 30, 31, 32, 33, 34, 35, 36, 37]","[0, 1, 2, 3, 4, 5, 6, 7, 22, 23, 24, 25, 26, 27, 28]",opt.xyz_isolated_fragment_opt,opt.xyz_isolated_fragment_opt,38,23,15,0,0,0,1,1
97,dipolar_001295,spec16,"[8, 9, 10, 11, 12, 13, 14, 15, 16, 17, 18, 19, 20, 21, 29, 30, 31, 32, 33, 34, 35, 36, 37]","[0, 1, 2, 3, 4, 5, 6, 7, 22, 23, 24, 25, 26, 27, 28]",opt.xyz_isolated_fragment_opt,opt.xyz_isolated_fragment_opt,38,23,15,0,0,0,1,1
98,dipolar_001298,locked_778,"[0, 1, 2, 3, 4, 5, 6, 7, 8, 9, 10, 11, 25, 26, 27, 28, 29, 30, 31, 32, 33, 34]","[12, 13, 14, 15, 16, 17, 18, 19, 20, 21, 22, 23, 24, 35, 36, 37, 38, 39, 40, 41, 42, 43]",R.xyz_atom_subset_NOT_optimized,R.xyz_atom_subset_NOT_optimized,44,22,22,0,0,0,1,1
99,dipolar_001314,spec16,"[0, 1, 2, 3, 4, 5, 6, 7, 8, 9, 25, 26, 27, 28, 29, 30, 31, 32]","[10, 11, 12, 13, 14, 15, 16, 17, 18, 19, 20, 21, 22, 23, 24, 33, 34, 35, 36, 37, 38, 39, 40, 41, 42, 43, 44]",opt.xyz_isolated_fragment_opt,opt.xyz_isolated_fragment_opt,45,18,27,0,0,0,1,1
100,dipolar_001323,locked_778,"[0, 1, 2, 3, 4, 5, 6, 7, 8, 9, 10, 11, 12, 25, 26, 27, 28, 29, 30, 31]","[13, 14, 15, 16, 17, 18, 19, 20, 21, 22, 23, 24, 32, 33, 34, 35, 36, 37, 38, 39, 40, 41, 42, 43]",R.xyz_atom_subset_NOT_optimized,R.xyz_atom_subset_NOT_optimized,44,20,24,0,0,0,1,1
101,dipolar_001326,spec16,"[9, 10, 11, 12, 13, 14, 15, 16, 17, 31, 32, 33, 34, 35, 36, 37, 38]","[0, 1, 2, 3, 4, 5, 6, 7, 8, 18, 19, 20, 21, 22, 23, 24, 25, 26, 27, 28, 29, 30, 39, 40, 41, 42, 43, 44]",opt.xyz_isolated_fragment_opt,opt.xyz_isolated_fragment_opt,45,17,28,0,0,0,1,1
102,dipolar_001353,locked_778,"[0, 1, 2, 3, 4, 5, 6, 7, 8, 9, 21, 22, 23, 24, 25, 26, 27, 41]","[10, 11, 12, 13, 14, 15, 16, 17, 18, 19, 20, 28, 29, 30, 31, 32, 33, 34, 35, 36, 37, 38, 39, 40]",R.xyz_atom_subset_NOT_optimized,R.xyz_atom_subset_NOT_optimized,42,18,24,0,0,0,1,1
103,dipolar_001374,locked_778,"[0, 1, 2, 3, 4, 5, 6, 7, 8, 9, 10, 11, 12, 25, 26, 27, 28, 29, 30, 31, 32, 33, 34]","[13, 14, 15, 16, 17, 18, 19, 20, 21, 22, 23, 24, 35, 36, 37, 38, 39, 40]",R.xyz_atom_subset_NOT_optimized,R.xyz_atom_subset_NOT_optimized,41,23,18,0,0,0,1,1
104,dipolar_001382,spec16,"[5, 6, 7, 8, 9, 10, 11, 12, 13, 29, 30, 31, 32, 33, 34, 35]","[0, 1, 2, 3, 4, 14, 15, 16, 17, 18, 19, 20, 21, 22, 23, 24, 25, 26, 27, 28, 36, 37, 38, 39, 40, 41, 42, 43, 44]",opt.xyz_isolated_fragment_opt,opt.xyz_isolated_fragment_opt,45,16,29,0,0,0,1,1
105,dipolar_001392,spec16,"[0, 1, 2, 3, 4, 5, 6, 7, 8, 9, 10, 25, 26, 27, 28, 29, 30, 31, 32, 33, 34, 35, 36, 37]","[11, 12, 13, 14, 15, 16, 17, 18, 19, 20, 21, 22, 23, 24, 38, 39, 40, 41, 42, 43, 44, 45, 46, 47, 48, 49, 50]",opt.xyz_isolated_fragment_opt,opt.xyz_isolated_fragment_opt,51,24,27,0,0,0,1,1
106,dipolar_001399,locked_778,"[0, 1, 2, 3, 4, 5, 6, 7, 8, 9, 10, 11, 12, 13, 14, 15, 16, 26, 27, 28, 29, 30, 31, 32, 33, 34, 35, 36, 37, 38]","[17, 18, 19, 20, 21, 22, 23, 24, 25, 39, 40, 41, 42, 43, 44, 45, 46, 47, 48, 49, 50]",R.xyz_atom_subset_NOT_optimized,R.xyz_atom_subset_NOT_optimized,51,30,21,0,0,0,1,1
107,dipolar_001402,spec16,"[0, 1, 2, 3, 4, 5, 6, 7, 8, 9, 10, 22, 23, 24]","[11, 12, 13, 14, 15, 16, 17, 18, 19, 20, 21, 25, 26, 27, 28, 29, 30, 31, 32, 33]",opt.xyz_isolated_fragment_opt,opt.xyz_isolated_fragment_opt,34,14,20,0,0,0,1,1
108,dipolar_001415,locked_778,"[0, 1, 2, 3, 4, 5, 6, 7, 8, 21, 22, 23, 24, 25, 26, 27, 28, 29, 30, 31]","[9, 10, 11, 12, 13, 14, 15, 16, 17, 18, 19, 20, 32, 33, 34, 35, 36, 37, 38, 39]",R.xyz_atom_subset_NOT_optimized,R.xyz_atom_subset_NOT_optimized,40,20,20,0,0,0,1,1
109,dipolar_001418,locked_778,"[0, 1, 2, 3, 4, 5, 6, 7, 8, 9, 10, 11, 12, 13, 14, 15, 16, 26, 27, 28, 29, 30, 31, 32, 33, 34, 35, 36, 37, 38, 39]","[17, 18, 19, 20, 21, 22, 23, 24, 25, 40, 41, 42, 43, 44, 45, 46]",R.xyz_atom_subset_NOT_optimized,R.xyz_atom_subset_NOT_optimized,47,31,16,0,0,0,1,1
110,dipolar_001420,spec16,"[11, 12, 13, 14, 15, 16, 17, 18, 19, 20, 21, 22, 23, 24, 25, 34, 35, 36, 37, 38, 39, 40, 41, 42, 43, 44, 45]","[0, 1, 2, 3, 4, 5, 6, 7, 8, 9, 10, 26, 27, 28, 29, 30, 31, 32, 33]",opt.xyz_isolated_fragment_opt,opt.xyz_isolated_fragment_opt,46,27,19,0,0,0,1,1
111,dipolar_001434,locked_778,"[0, 1, 2, 3, 4, 5, 6, 7, 8, 9, 10, 11, 12, 13, 25, 26, 27, 28, 29, 30, 31, 32, 33, 34, 35, 36, 37, 38]","[14, 15, 16, 17, 18, 19, 20, 21, 22, 23, 24, 39, 40, 41, 42, 43, 44, 45, 46, 47, 48, 49, 50]",R.xyz_atom_subset_NOT_optimized,R.xyz_atom_subset_NOT_optimized,51,28,23,0,0,0,1,1
112,dipolar_001450,spec16,"[0, 1, 2, 3, 4, 5, 18, 19, 20, 21, 22, 23, 24, 25, 26, 27, 28, 29, 30, 31, 39, 40, 41]","[6, 7, 8, 9, 10, 11, 12, 13, 14, 15, 16, 17, 32, 33, 34, 35, 36, 37, 38]",opt.xyz_isolated_fragment_opt,opt.xyz_isolated_fragment_opt,42,23,19,0,0,0,1,1
113,dipolar_001462,locked_778,"[0, 1, 2, 3, 4, 5, 6, 7, 8, 9, 10, 11, 12, 13, 14, 27, 28, 29, 30, 31, 32, 33, 34, 35]","[15, 16, 17, 18, 19, 20, 21, 22, 23, 24, 25, 26, 36, 37, 38, 39, 40, 41, 42, 43, 44, 45, 46]",R.xyz_atom_subset_NOT_optimized,R.xyz_atom_subset_NOT_optimized,47,24,23,0,0,0,1,1
114,dipolar_001484,spec16,"[0, 1, 2, 3, 4, 5, 6, 7, 8, 9, 10, 25, 26, 27, 28, 29, 30, 31]","[11, 12, 13, 14, 15, 16, 17, 18, 19, 20, 21, 22, 23, 24, 32, 33, 34, 35, 36, 37, 38, 39, 40]",opt.xyz_isolated_fragment_opt,opt.xyz_isolated_fragment_opt,41,18,23,0,0,0,1,1
115,dipolar_001504,locked_778,"[0, 1, 2, 3, 4, 5, 6, 7, 8, 9, 10, 11, 12, 13, 26, 27, 28, 29, 30, 31, 32, 33, 34, 35, 36]","[14, 15, 16, 17, 18, 19, 20, 21, 22, 23, 24, 25, 37, 38, 39, 40, 41, 42, 43, 44, 45]",R.xyz_atom_subset_NOT_optimized,R.xyz_atom_subset_NOT_optimized,46,25,21,0,0,0,1,1
116,dipolar_001512,locked_778,"[0, 1, 2, 3, 4, 5, 6, 7, 8, 9, 10, 11, 12, 26, 27, 28, 29, 30, 31, 32, 33, 34, 35, 36]","[13, 14, 15, 16, 17, 18, 19, 20, 21, 22, 23, 24, 25, 37, 38, 39, 40, 41, 42, 43, 44, 45]",R.xyz_atom_subset_NOT_optimized,R.xyz_atom_subset_NOT_optimized,46,24,22,0,0,0,1,1
117,dipolar_001513,spec16,"[0, 1, 2, 3, 4, 5, 6, 7, 8, 9, 10, 11, 12, 26, 27, 28, 29, 30, 31, 32, 33, 34, 35, 36]","[13, 14, 15, 16, 17, 18, 19, 20, 21, 22, 23, 24, 25, 37, 38, 39, 40, 41, 42, 43, 44, 45]",opt.xyz_isolated_fragment_opt,opt.xyz_isolated_fragment_opt,46,24,22,0,0,0,1,1
118,dipolar_001520,locked_778,"[0, 1, 2, 3, 4, 5, 6, 7, 8, 9, 10, 11, 12, 13, 26, 27, 28, 29, 30, 31, 32]","[14, 15, 16, 17, 18, 19, 20, 21, 22, 23, 24, 25, 33, 34, 35, 36, 37, 38, 39, 40, 41, 42, 43, 44, 45, 46, 47]",R.xyz_atom_subset_NOT_optimized,R.xyz_atom_subset_NOT_optimized,48,21,27,0,0,0,1,1
119,dipolar_001528,locked_778,"[0, 1, 2, 3, 4, 5, 6, 7, 8, 23, 24, 25, 26, 27, 28, 29, 30, 31, 32, 33]","[9, 10, 11, 12, 13, 14, 15, 16, 17, 18, 19, 20, 21, 22, 34, 35, 36, 37, 38, 39, 40, 41, 42, 43, 44, 45, 46, 47]",R.xyz_atom_subset_NOT_optimized,R.xyz_atom_subset_NOT_optimized,48,20,28,0,0,0,1,1
120,dipolar_001530,spec16,"[5, 6, 7, 8, 9, 10, 11, 12, 13, 14, 15, 16, 17, 18, 19, 30, 31, 32, 33, 34, 35, 36, 37, 38, 39, 40]","[0, 1, 2, 3, 4, 20, 21, 22, 23, 24, 25, 26, 27, 28, 29, 41, 42, 43, 44, 45, 46, 47, 48, 49, 50, 51]",opt.xyz_isolated_fragment_opt,opt.xyz_isolated_fragment_opt,52,26,26,0,0,0,1,1
121,dipolar_001534,spec16,"[0, 1, 2, 3, 4, 5, 6, 7, 8, 9, 10, 11, 12, 13, 25, 26, 27, 28, 29, 30, 31, 32, 33, 34, 35, 36, 37, 38, 39, 40, 41]","[14, 15, 16, 17, 18, 19, 20, 21, 22, 23, 24, 42, 43, 44]",opt.xyz_isolated_fragment_opt,opt.xyz_isolated_fragment_opt,45,31,14,0,0,0,1,1
122,dipolar_001545,locked_778,"[0, 1, 2, 3, 4, 5, 15, 16, 17, 18, 19, 20, 21, 22, 23, 24, 25, 26, 27, 28, 29, 30, 31, 32, 33, 39, 40, 41, 42, 43, 44, 45, 46, 47, 48]","[6, 7, 8, 9, 10, 11, 12, 13, 14, 34, 35, 36, 37, 38]",R.xyz_atom_subset_NOT_optimized,R.xyz_atom_subset_NOT_optimized,49,35,14,0,0,0,1,1
123,dipolar_001556,spec16,"[0, 1, 2, 3, 4, 5, 6, 7, 8, 9, 10, 11, 12, 13, 14, 15, 26, 27, 28, 29, 30, 31, 32, 33, 34, 35, 36]","[16, 17, 18, 19, 20, 21, 22, 23, 24, 25, 37, 38, 39, 40, 41, 42, 43, 44]",opt.xyz_isolated_fragment_opt,opt.xyz_isolated_fragment_opt,45,27,18,0,0,0,1,1
124,dipolar_001558,spec16,"[9, 10, 11, 12, 13, 14, 15, 16, 17, 18, 26, 27, 28, 29, 30, 31]","[0, 1, 2, 3, 4, 5, 6, 7, 8, 19, 20, 21, 22, 23, 24, 25]",opt.xyz_isolated_fragment_opt,opt.xyz_isolated_fragment_opt,32,16,16,0,0,0,1,1
125,dipolar_001576,spec16,"[13, 14, 15, 16, 17, 18, 19, 20, 21, 36, 37, 38, 39, 40, 41, 42, 43, 44, 45, 46]","[0, 1, 2, 3, 4, 5, 6, 7, 8, 9, 10, 11, 12, 22, 23, 24, 25, 26, 27, 28, 29, 30, 31, 32, 33, 34, 35]",opt.xyz_isolated_fragment_opt,opt.xyz_isolated_fragment_opt,47,20,27,0,0,0,1,1
126,dipolar_001628,spec16,"[0, 1, 2, 3, 4, 5, 6, 7, 8, 9, 10, 11, 12, 13, 14, 15, 27, 28, 29, 30, 31, 32, 33, 34, 35, 36, 37, 38, 39, 40, 41, 42, 43, 44, 45, 46]","[16, 17, 18, 19, 20, 21, 22, 23, 24, 25, 26, 47, 48, 49, 50, 51, 52, 53, 54, 55, 56, 57, 58, 59]",opt.xyz_isolated_fragment_opt,opt.xyz_isolated_fragment_opt,60,36,24,0,0,0,1,1
127,dipolar_001652,spec16,"[0, 1, 2, 3, 4, 5, 6, 7, 8, 9, 10, 11, 12, 13, 27, 28, 29, 30, 31, 32, 33, 34, 35, 36, 37, 38]","[14, 15, 16, 17, 18, 19, 20, 21, 22, 23, 24, 25, 26, 39, 40, 41, 42, 43, 44, 45, 46]",opt.xyz_isolated_fragment_opt,opt.xyz_isolated_fragment_opt,47,26,21,0,0,0,1,1
128,dipolar_001681,locked_778,"[0, 1, 2, 3, 4, 5, 6, 7, 8, 9, 10, 11, 12, 27, 28, 29, 30, 31, 32, 33, 34, 35, 36, 37, 38, 39, 40, 41]","[13, 14, 15, 16, 17, 18, 19, 20, 21, 22, 23, 24, 25, 26, 42, 43, 44, 45, 46, 47, 48, 49, 50, 51]",R.xyz_atom_subset_NOT_optimized,R.xyz_atom_subset_NOT_optimized,52,28,24,0,0,0,1,1
129,dipolar_001699,locked_778,"[0, 1, 2, 3, 4, 5, 6, 7, 21, 22, 23, 24, 25, 26, 27, 28, 29, 30, 31, 32, 43, 44, 45, 46, 47, 48]","[8, 9, 10, 11, 12, 13, 14, 15, 16, 17, 18, 19, 20, 33, 34, 35, 36, 37, 38, 39, 40, 41, 42]",R.xyz_atom_subset_NOT_optimized,R.xyz_atom_subset_NOT_optimized,49,26,23,0,0,0,1,1
130,dipolar_001701,spec16,"[7, 8, 9, 10, 11, 12, 13, 14, 15, 16, 17, 18, 19, 20, 21, 22, 23, 24, 25, 26, 32, 33, 34, 35, 36, 37, 38, 39, 40, 41, 42]","[0, 1, 2, 3, 4, 5, 6, 27, 28, 29, 30, 31]",opt.xyz_isolated_fragment_opt,opt.xyz_isolated_fragment_opt,43,31,12,0,0,0,1,1
131,dipolar_001703,spec16,"[0, 1, 2, 3, 4, 5, 6, 7, 8, 9, 10, 11, 12, 13, 14, 15, 27, 28, 29, 30, 31, 32, 33, 34, 35, 36, 37, 38, 39]","[16, 17, 18, 19, 20, 21, 22, 23, 24, 25, 26, 40, 41, 42, 43, 44, 45, 46, 47]",opt.xyz_isolated_fragment_opt,opt.xyz_isolated_fragment_opt,48,29,19,0,0,0,1,1
132,dipolar_001731,spec16,"[0, 1, 2, 3, 4, 5, 6, 7, 8, 9, 10, 19, 20, 21, 22, 23, 24, 25, 26, 27, 28, 29, 30, 31, 32, 33, 34, 35, 45, 46, 47, 48, 49, 50, 51, 52, 53]","[11, 12, 13, 14, 15, 16, 17, 18, 36, 37, 38, 39, 40, 41, 42, 43, 44]",opt.xyz_isolated_fragment_opt,opt.xyz_isolated_fragment_opt,54,37,17,0,0,0,1,1
133,dipolar_001736,locked_778,"[0, 1, 2, 3, 4, 5, 6, 7, 8, 9, 10, 23, 24, 25, 26, 27, 28, 29, 30, 31, 32, 33, 34]","[11, 12, 13, 14, 15, 16, 17, 18, 19, 20, 21, 22, 35, 36, 37, 38, 39, 40, 41, 42, 43, 44, 45, 46, 47]",R.xyz_atom_subset_NOT_optimized,R.xyz_atom_subset_NOT_optimized,48,23,25,0,0,0,1,1
134,dipolar_001769,locked_778,"[0, 1, 2, 3, 4, 7, 8, 9, 10, 11, 12, 28, 29, 30, 31, 32, 33, 34, 35, 36, 37]","[5, 6, 13, 14, 15, 16, 17, 18, 19, 20, 21, 22, 23, 24, 25, 26, 27, 38, 39, 40, 41, 42, 43, 44, 45, 46, 47, 48]",R.xyz_atom_subset_NOT_optimized,R.xyz_atom_subset_NOT_optimized,49,21,28,0,0,0,1,1
135,dipolar_001779,spec16,"[21, 22, 23, 24, 25, 26, 43, 44, 45, 46, 47, 48, 49, 50]","[0, 1, 2, 3, 4, 5, 6, 7, 8, 9, 10, 11, 12, 13, 14, 15, 16, 17, 18, 19, 20, 27, 28, 29, 30, 31, 32, 33, 34, 35, 36, 37, 38, 39, 40, 41, 42]",opt.xyz_isolated_fragment_opt,opt.xyz_isolated_fragment_opt,51,14,37,0,0,0,1,1
136,dipolar_001780,spec16,"[15, 16, 17, 18, 19, 20, 21, 22, 23, 24, 39, 40, 41, 42, 43, 44]","[0, 1, 2, 3, 4, 5, 6, 7, 8, 9, 10, 11, 12, 13, 14, 25, 26, 27, 28, 29, 30, 31, 32, 33, 34, 35, 36, 37, 38]",opt.xyz_isolated_fragment_opt,opt.xyz_isolated_fragment_opt,45,16,29,0,0,0,1,1
137,dipolar_001785,locked_778,"[0, 1, 2, 3, 4, 5, 6, 7, 8, 9, 10, 11, 12, 13, 14, 27, 28, 29, 30, 31, 32, 33, 34, 35, 36, 37, 38, 39, 40, 41, 42]","[15, 16, 17, 18, 19, 20, 21, 22, 23, 24, 25, 26, 43, 44, 45, 46, 47, 48, 49, 50, 51, 52, 53, 54, 55, 56]",R.xyz_atom_subset_NOT_optimized,R.xyz_atom_subset_NOT_optimized,57,31,26,0,0,0,1,1
138,dipolar_001824,locked_778,"[0, 1, 2, 3, 4, 5, 6, 7, 8, 9, 10, 11, 12, 27, 28, 29, 30, 31, 32, 33, 34, 35]","[13, 14, 15, 16, 17, 18, 19, 20, 21, 22, 23, 24, 25, 26, 36, 37, 38, 39, 40, 41, 42, 43, 44, 45, 46, 47, 48]",R.xyz_atom_subset_NOT_optimized,R.xyz_atom_subset_NOT_optimized,49,22,27,0,0,0,1,1
139,dipolar_001833,locked_778,"[0, 1, 2, 3, 4, 5, 6, 7, 8, 9, 10, 11, 12, 13, 14, 15, 28, 29, 30, 31, 32, 33, 34, 35, 36, 37, 38, 39, 40, 41]","[16, 17, 18, 19, 20, 21, 22, 23, 24, 25, 26, 27, 42, 43, 44, 45, 46, 47, 48, 49, 50, 51]",R.xyz_atom_subset_NOT_optimized,R.xyz_atom_subset_NOT_optimized,52,30,22,0,0,0,1,1
140,dipolar_001839,spec16,"[17, 18, 19, 20, 21, 22, 23, 24, 25, 26, 27, 42, 43, 44, 45, 46, 47, 48, 49, 50, 51]","[0, 1, 2, 3, 4, 5, 6, 7, 8, 9, 10, 11, 12, 13, 14, 15, 16, 28, 29, 30, 31, 32, 33, 34, 35, 36, 37, 38, 39, 40, 41]",opt.xyz_isolated_fragment_opt,opt.xyz_isolated_fragment_opt,52,21,31,0,0,0,1,1
141,dipolar_001901,spec16,"[15, 16, 17, 18, 19, 20, 21, 22, 23, 24, 25, 26, 27, 44, 45, 46, 47, 48, 49, 50, 51, 52, 53, 54]","[0, 1, 2, 3, 4, 5, 6, 7, 8, 9, 10, 11, 12, 13, 14, 28, 29, 30, 31, 32, 33, 34, 35, 36, 37, 38, 39, 40, 41, 42, 43]",opt.xyz_isolated_fragment_opt,opt.xyz_isolated_fragment_opt,55,24,31,0,0,0,1,1
142,dipolar_001906,locked_778,"[0, 1, 2, 3, 4, 5, 6, 9, 10, 11, 29, 30, 31, 32, 33, 34, 35, 36]","[7, 8, 12, 13, 14, 15, 16, 17, 18, 19, 20, 21, 22, 23, 24, 25, 26, 27, 28, 37, 38, 39, 40, 41, 42, 43, 44, 45, 46, 47, 48, 49, 50, 51, 52]",R.xyz_atom_subset_NOT_optimized,R.xyz_atom_subset_NOT_optimized,53,18,35,0,0,0,1,1
143,dipolar_001911,locked_778,"[0, 1, 2, 3, 4, 5, 6, 7, 8, 9, 10, 11, 12, 13, 14, 15, 16, 17, 18, 30, 31, 32, 33, 34, 35, 36, 37, 38, 39, 40, 41, 42, 43, 44]","[19, 20, 21, 22, 23, 24, 25, 26, 27, 28, 29, 45, 46, 47, 48]",R.xyz_atom_subset_NOT_optimized,R.xyz_atom_subset_NOT_optimized,49,34,15,0,0,0,1,1
144,dipolar_001914,spec16,"[0, 1, 2, 3, 4, 5, 6, 7, 8, 9, 10, 11, 12, 13, 14, 15, 29, 30, 31, 32, 33, 34, 35, 36, 37, 38, 39, 40]","[16, 17, 18, 19, 20, 21, 22, 23, 24, 25, 26, 27, 28, 41, 42, 43, 44, 45, 46, 47, 48, 49, 50, 51]",opt.xyz_isolated_fragment_opt,opt.xyz_isolated_fragment_opt,52,28,24,0,0,0,1,1
145,dipolar_001926,locked_778,"[0, 1, 2, 3, 4, 5, 6, 7, 8, 27, 28, 29, 30, 31, 32, 33]","[9, 10, 11, 12, 13, 14, 15, 16, 17, 18, 19, 20, 21, 22, 23, 24, 25, 26, 34, 35, 36, 37]",R.xyz_atom_subset_NOT_optimized,R.xyz_atom_subset_NOT_optimized,38,16,22,0,0,0,1,1
146,dipolar_001928,spec16,"[0, 1, 2, 3, 4, 5, 6, 7, 8, 29, 30, 31, 32]","[9, 10, 11, 12, 13, 14, 15, 16, 17, 18, 19, 20, 21, 22, 23, 24, 25, 26, 27, 28, 33, 34, 35, 36, 37, 38, 39, 40, 41, 42, 43, 44, 45, 46, 47, 48, 49, 50, 51]",opt.xyz_isolated_fragment_opt,opt.xyz_isolated_fragment_opt,52,13,39,0,0,0,1,1
147,dipolar_001930,locked_778,"[0, 1, 2, 3, 4, 5, 6, 7, 8, 9, 10, 11, 12, 13, 14, 28, 29, 30, 31, 32, 33, 34, 35, 36, 37, 38, 39]","[15, 16, 17, 18, 19, 20, 21, 22, 23, 24, 25, 26, 27, 40, 41, 42, 43, 44, 45, 46, 47, 48, 49, 50, 51, 52]",R.xyz_atom_subset_NOT_optimized,R.xyz_atom_subset_NOT_optimized,53,27,26,0,0,0,1,1
148,dipolar_001938,spec16,"[14, 15, 16, 17, 18, 19, 20, 21, 22, 23, 24, 25, 26, 27, 40, 41, 42, 43, 44, 45, 46, 47, 48, 49, 50, 51, 52, 53]","[0, 1, 2, 3, 4, 5, 6, 7, 8, 9, 10, 11, 12, 13, 28, 29, 30, 31, 32, 33, 34, 35, 36, 37, 38, 39]",opt.xyz_isolated_fragment_opt,opt.xyz_isolated_fragment_opt,54,28,26,0,0,0,1,1
149,dipolar_001958,locked_778,"[0, 1, 2, 3, 4, 5, 6, 7, 8, 9, 10, 11, 12, 29, 30, 31, 32, 33, 34, 35, 36, 37]","[13, 14, 15, 16, 17, 18, 19, 20, 21, 22, 23, 24, 25, 26, 27, 28, 38, 39, 40, 41, 42, 43, 44, 45, 46, 47, 48, 49, 50, 51]",R.xyz_atom_subset_NOT_optimized,R.xyz_atom_subset_NOT_optimized,52,22,30,0,0,0,1,1
150,dipolar_001992,spec16,"[16, 17, 18, 19, 20, 21, 22, 23, 24, 43, 44, 45, 46, 47, 48, 49]","[0, 1, 2, 3, 4, 5, 6, 7, 8, 9, 10, 11, 12, 13, 14, 15, 25, 26, 27, 28, 29, 30, 31, 32, 33, 34, 35, 36, 37, 38, 39, 40, 41, 42]",opt.xyz_isolated_fragment_opt,opt.xyz_isolated_fragment_opt,50,16,34,0,0,0,1,1
151,dipolar_002016,spec16,"[0, 1, 2, 3, 4, 5, 6, 7, 8, 9, 10, 11, 12, 28, 29, 30, 31, 32, 33, 34, 35, 36, 37, 38, 39, 40, 41]","[13, 14, 15, 16, 17, 18, 19, 20, 21, 22, 23, 24, 25, 26, 27, 42, 43, 44, 45, 46, 47, 48]",opt.xyz_isolated_fragment_opt,opt.xyz_isolated_fragment_opt,49,27,22,0,0,0,1,1
152,dipolar_002052,spec16,"[11, 12, 13, 14, 15, 16, 17, 18, 19, 38, 39, 40, 41, 42, 43]","[0, 1, 2, 3, 4, 5, 6, 7, 8, 9, 10, 20, 21, 22, 23, 24, 25, 26, 27, 28, 29, 30, 31, 32, 33, 34, 35, 36, 37, 44, 45, 46, 47, 48, 49, 50, 51]",opt.xyz_isolated_fragment_opt,opt.xyz_isolated_fragment_opt,52,15,37,0,0,0,1,1
153,dipolar_002058,locked_778,"[0, 1, 2, 3, 4, 5, 6, 7, 8, 9, 10, 11, 12, 13, 14, 28, 29, 30, 31, 32, 33, 34, 35, 36, 37, 38, 39]","[15, 16, 17, 18, 19, 20, 21, 22, 23, 24, 25, 26, 27, 40, 41, 42, 43, 44, 45, 46, 47, 48, 49, 50]",R.xyz_atom_subset_NOT_optimized,R.xyz_atom_subset_NOT_optimized,51,27,24,0,0,0,1,1
154,dipolar_002123,spec16,"[13, 14, 15, 16, 17, 18, 19, 20, 21, 22, 23, 24, 25, 26, 27, 28, 38, 39, 40, 41, 42, 43, 44, 45, 46, 47, 48]","[0, 1, 2, 3, 4, 5, 6, 7, 8, 9, 10, 11, 12, 29, 30, 31, 32, 33, 34, 35, 36, 37]",opt.xyz_isolated_fragment_opt,opt.xyz_isolated_fragment_opt,49,27,22,0,0,0,1,1
155,dipolar_002132,spec16,"[0, 1, 2, 3, 4, 5, 6, 7, 8, 24, 25, 26, 27, 28, 29, 30, 31, 32, 33, 34, 35, 36, 47, 48, 49, 50, 51, 52]","[9, 10, 11, 12, 13, 14, 15, 16, 17, 18, 19, 20, 21, 22, 23, 37, 38, 39, 40, 41, 42, 43, 44, 45, 46]",opt.xyz_isolated_fragment_opt,opt.xyz_isolated_fragment_opt,53,28,25,0,0,0,1,1
156,dipolar_002138,locked_778,"[8, 9, 10, 11, 12, 13, 14, 15, 16, 17, 18, 19, 20, 21, 22, 23, 24, 25, 26, 27, 28, 29, 37, 38, 39, 40, 41, 42, 43, 44, 45, 46, 47, 48, 49, 50, 51, 52, 53, 54]","[0, 1, 2, 3, 4, 5, 6, 7, 30, 31, 32, 33, 34, 35, 36]",R.xyz_atom_subset_NOT_optimized,R.xyz_atom_subset_NOT_optimized,55,40,15,0,0,0,1,1
157,dipolar_002154,locked_778,"[0, 1, 2, 3, 4, 5, 6, 7, 8, 9, 10, 11, 12, 13, 14, 15, 28, 29, 30, 31, 32, 33, 34, 35, 36]","[16, 17, 18, 19, 20, 21, 22, 23, 24, 25, 26, 27, 37, 38, 39, 40, 41, 42, 43, 44]",R.xyz_atom_subset_NOT_optimized,R.xyz_atom_subset_NOT_optimized,45,25,20,0,0,0,1,1
158,dipolar_002185,spec16,"[0, 1, 2, 3, 4, 5, 6, 7, 8, 9, 10, 11, 12, 31, 32, 33, 34, 35, 36, 37, 38, 39, 40, 41, 42, 43]","[13, 14, 15, 16, 17, 18, 19, 20, 21, 22, 23, 24, 25, 26, 27, 28, 29, 30, 44, 45, 46, 47, 48, 49, 50, 51, 52, 53]",opt.xyz_isolated_fragment_opt,opt.xyz_isolated_fragment_opt,54,26,28,0,0,0,1,1
159,dipolar_002192,spec16,"[0, 1, 2, 3, 4, 5, 6, 7, 8, 9, 10, 11, 12, 13, 28, 29, 30, 31, 32, 33]","[14, 15, 16, 17, 18, 19, 20, 21, 22, 23, 24, 25, 26, 27, 34, 35, 36, 37, 38, 39, 40, 41, 42, 43, 44, 45, 46, 47]",opt.xyz_isolated_fragment_opt,opt.xyz_isolated_fragment_opt,48,20,28,0,0,0,1,1
160,dipolar_002209,locked_778,"[0, 1, 2, 3, 4, 5, 6, 7, 8, 9, 10, 11, 12, 13, 14, 26, 27, 28, 29, 30, 31, 32, 33, 34, 35, 36, 37, 38]","[15, 16, 17, 18, 19, 20, 21, 22, 23, 24, 25, 39, 40, 41, 42, 43, 44, 45]",R.xyz_atom_subset_NOT_optimized,R.xyz_atom_subset_NOT_optimized,46,28,18,0,0,0,1,1
161,dipolar_002247,locked_778,"[15, 16, 17, 18, 19, 20, 21, 22, 33, 34, 35, 36, 37, 38]","[0, 1, 2, 3, 4, 5, 6, 7, 8, 9, 10, 11, 12, 13, 14, 23, 24, 25, 26, 27, 28, 29, 30, 31, 32]",R.xyz_atom_subset_NOT_optimized,R.xyz_atom_subset_NOT_optimized,39,14,25,0,0,0,1,1
162,dipolar_002260,spec16,"[0, 1, 2, 3, 4, 5, 6, 7, 8, 9, 10, 11, 12, 13, 14, 15, 16, 27, 28, 29, 30, 31, 32, 33, 34, 35, 36, 37, 38, 39, 40]","[17, 18, 19, 20, 21, 22, 23, 24, 25, 26, 41, 42, 43, 44, 45, 46, 47, 48]",opt.xyz_isolated_fragment_opt,opt.xyz_isolated_fragment_opt,49,31,18,0,0,0,1,1
163,dipolar_002277,locked_778,"[0, 1, 2, 3, 4, 5, 6, 7, 8, 9, 10, 11, 12, 13, 14, 15, 16, 17, 18, 19, 20, 21, 22, 23, 30, 31, 32, 33, 34, 35, 36, 37, 38, 39, 40, 41, 42, 43, 44, 45, 46, 47, 48]","[24, 25, 26, 27, 28, 29, 49, 50, 51, 52]",R.xyz_atom_subset_NOT_optimized,R.xyz_atom_subset_NOT_optimized,53,43,10,0,0,0,1,1
164,dipolar_002299,locked_778,"[0, 1, 2, 3, 4, 5, 6, 7, 8, 32, 33, 34, 35, 36, 37]","[9, 10, 11, 12, 13, 14, 15, 16, 17, 18, 19, 20, 21, 22, 23, 24, 25, 26, 27, 28, 29, 30, 31, 38, 39, 40, 41, 42, 43, 44, 45, 46, 47, 48, 49, 50, 51, 52, 53, 54, 55]",R.xyz_atom_subset_NOT_optimized,R.xyz_atom_subset_NOT_optimized,56,15,41,0,0,0,1,1
165,dipolar_002319,spec16,"[12, 13, 14, 15, 16, 17, 18, 19, 20, 21, 22, 23, 24, 25, 26, 27, 28, 29, 30, 31, 38, 39, 40, 41, 42, 43, 44, 45, 46, 47, 48, 49, 50, 51, 52, 53]","[0, 1, 2, 3, 4, 5, 6, 7, 8, 9, 10, 11, 32, 33, 34, 35, 36, 37]",opt.xyz_isolated_fragment_opt,opt.xyz_isolated_fragment_opt,54,36,18,0,0,0,1,1
166,dipolar_002320,locked_778,"[0, 1, 2, 3, 4, 5, 6, 7, 8, 9, 10, 11, 32, 33, 34, 35, 36, 37]","[12, 13, 14, 15, 16, 17, 18, 19, 20, 21, 22, 23, 24, 25, 26, 27, 28, 29, 30, 31, 38, 39, 40, 41, 42, 43, 44, 45, 46, 47, 48, 49, 50, 51, 52, 53]",R.xyz_atom_subset_NOT_optimized,R.xyz_atom_subset_NOT_optimized,54,18,36,0,0,0,1,1
167,dipolar_002345,locked_778,"[0, 1, 2, 3, 4, 5, 6, 7, 8, 9, 10, 11, 12, 13, 14, 15, 32, 33, 34, 35, 36, 37, 38, 39, 40, 41, 42, 43]","[16, 17, 18, 19, 20, 21, 22, 23, 24, 25, 26, 27, 28, 29, 30, 31, 44, 45, 46, 47, 48, 49, 50, 51, 52, 53, 54, 55, 56, 57, 58, 59]",R.xyz_atom_subset_NOT_optimized,R.xyz_atom_subset_NOT_optimized,60,28,32,0,0,0,1,1
168,dipolar_002349,spec16,"[11, 12, 13, 14, 15, 16, 17, 18, 19, 20, 21, 22, 34, 35, 36, 37, 38, 39, 40, 41, 42, 43, 44, 45, 46, 47]","[0, 1, 2, 3, 4, 5, 6, 7, 8, 9, 10, 23, 24, 25, 26, 27, 28, 29, 30, 31, 32, 33]",opt.xyz_isolated_fragment_opt,opt.xyz_isolated_fragment_opt,48,26,22,0,0,0,1,1
169,dipolar_002374,locked_778,"[0, 1, 2, 3, 4, 5, 6, 7, 8, 21, 22, 23, 24, 25, 26, 27, 28, 29, 30, 31, 32, 33, 34, 42, 43, 44, 45]","[9, 10, 11, 12, 13, 14, 15, 16, 17, 18, 19, 20, 35, 36, 37, 38, 39, 40, 41]",R.xyz_atom_subset_NOT_optimized,R.xyz_atom_subset_NOT_optimized,46,27,19,0,0,0,1,1
170,dipolar_002390,spec16,"[0, 1, 2, 3, 4, 5, 6, 7, 8, 9, 10, 11, 12, 13, 14, 27, 28, 29, 30, 31, 32, 33, 34, 35, 36, 37]","[15, 16, 17, 18, 19, 20, 21, 22, 23, 24, 25, 26, 38, 39, 40, 41, 42, 43, 44, 45]",opt.xyz_isolated_fragment_opt,opt.xyz_isolated_fragment_opt,46,26,20,0,0,0,1,1
171,dipolar_002408,spec16,"[7, 8, 9, 10, 11, 12, 13, 14, 15, 16, 17, 18, 19, 20, 21, 22, 23, 34, 35, 36, 37, 38, 39, 40, 41, 42, 43, 44, 45]","[0, 1, 2, 3, 4, 5, 6, 24, 25, 26, 27, 28, 29, 30, 31, 32, 33, 46, 47, 48]",opt.xyz_isolated_fragment_opt,opt.xyz_isolated_fragment_opt,49,29,20,0,0,0,1,1
172,dipolar_002415,spec16,"[13, 14, 15, 16, 17, 18, 19, 20, 21, 22, 23, 24, 25, 26, 27, 28, 29, 30, 31, 43, 44, 45, 46, 47, 48, 49, 50, 51, 52, 53, 54, 55, 56, 57]","[0, 1, 2, 3, 4, 5, 6, 7, 8, 9, 10, 11, 12, 32, 33, 34, 35, 36, 37, 38, 39, 40, 41, 42]",opt.xyz_isolated_fragment_opt,opt.xyz_isolated_fragment_opt,58,34,24,0,0,0,1,1
173,dipolar_002456,locked_778,"[0, 1, 2, 3, 4, 5, 6, 7, 8, 9, 10, 11, 12, 13, 14, 32, 33, 34, 35, 36, 37, 38, 39, 40, 41, 42, 43, 44]","[15, 16, 17, 18, 19, 20, 21, 22, 23, 24, 25, 26, 27, 28, 29, 30, 31, 45, 46, 47, 48, 49, 50, 51, 52, 53, 54, 55, 56]",R.xyz_atom_subset_NOT_optimized,R.xyz_atom_subset_NOT_optimized,57,28,29,0,0,0,1,1
174,dipolar_002457,spec16,"[0, 1, 2, 3, 4, 5, 6, 7, 8, 9, 10, 11, 12, 13, 14, 32, 33, 34, 35, 36, 37, 38, 39, 40, 41, 42, 43, 44]","[15, 16, 17, 18, 19, 20, 21, 22, 23, 24, 25, 26, 27, 28, 29, 30, 31, 45, 46, 47, 48, 49, 50, 51, 52, 53, 54, 55, 56]",opt.xyz_isolated_fragment_opt,opt.xyz_isolated_fragment_opt,57,28,29,0,0,0,1,1
175,dipolar_002460,spec16,"[0, 1, 2, 3, 4, 5, 22, 23, 24, 25, 26, 27, 28, 29, 30, 31, 32, 33, 34, 49, 50, 51, 52, 53, 54, 55, 56]","[6, 7, 8, 9, 10, 11, 12, 13, 14, 15, 16, 17, 18, 19, 20, 21, 35, 36, 37, 38, 39, 40, 41, 42, 43, 44, 45, 46, 47, 48]",opt.xyz_isolated_fragment_opt,opt.xyz_isolated_fragment_opt,57,27,30,0,0,0,1,1
176,dipolar_002468,locked_778,"[0, 1, 2, 3, 4, 5, 6, 7, 8, 9, 10, 11, 12, 13, 14, 15, 16, 17, 18, 19, 33, 34, 35, 36, 37, 38, 39, 40, 41, 42, 43, 44, 45, 46, 47, 48]","[20, 21, 22, 23, 24, 25, 26, 27, 28, 29, 30, 31, 32, 49, 50, 51, 52, 53, 54, 55, 56, 57, 58, 59, 60, 61, 62]",R.xyz_atom_subset_NOT_optimized_AB_SWAPPED_vs_source_filename,R.xyz_atom_subset_NOT_optimized_AB_SWAPPED_vs_source_filename,63,36,27,0,0,0,1,1
177,dipolar_002495,locked_778,"[0, 1, 2, 3, 4, 5, 6, 7, 8, 9, 10, 11, 12, 13, 14, 15, 16, 17, 18, 19, 20, 21, 32, 33, 34, 35, 36, 37, 38, 39, 40, 41, 42, 43, 44, 45, 46, 47, 48, 49, 50]","[22, 23, 24, 25, 26, 27, 28, 29, 30, 31, 51, 52, 53]",R.xyz_atom_subset_NOT_optimized,R.xyz_atom_subset_NOT_optimized,54,41,13,0,0,0,1,1
178,dipolar_002497,spec16,"[0, 1, 2, 3, 4, 5, 6, 7, 8, 9, 10, 11, 32, 33, 34, 35, 36, 37, 38, 39, 40, 41]","[12, 13, 14, 15, 16, 17, 18, 19, 20, 21, 22, 23, 24, 25, 26, 27, 28, 29, 30, 31, 42, 43, 44, 45, 46, 47, 48, 49, 50, 51, 52, 53, 54, 55, 56, 57, 58]",opt.xyz_isolated_fragment_opt,opt.xyz_isolated_fragment_opt,59,22,37,0,0,0,1,1
179,dipolar_002501,spec16,"[0, 1, 2, 3, 4, 5, 6, 7, 8, 9, 10, 11, 12, 13, 14, 28, 29, 30, 31, 32, 33, 34, 35, 36, 37, 38, 39]","[15, 16, 17, 18, 19, 20, 21, 22, 23, 24, 25, 26, 27, 40, 41, 42, 43, 44, 45, 46, 47, 48]",opt.xyz_isolated_fragment_opt,opt.xyz_isolated_fragment_opt,49,27,22,0,0,0,1,1
180,dipolar_002549,locked_778,"[0, 1, 2, 3, 4, 5, 6, 7, 8, 9, 10, 11, 12, 13, 14, 15, 16, 17, 18, 19, 20, 21, 31, 32, 33, 34, 35, 36, 37, 38, 39, 40, 41, 42, 43, 44, 45, 46, 47, 48, 49]","[22, 23, 24, 25, 26, 27, 28, 29, 30, 50, 51, 52, 53, 54, 55, 56, 57]",R.xyz_atom_subset_NOT_optimized,R.xyz_atom_subset_NOT_optimized,58,41,17,0,0,0,1,1
181,dipolar_002585,spec16,"[16, 17, 18, 19, 20, 21, 22, 23, 24, 25, 26, 27, 41, 42, 43, 44, 45, 46, 47, 48, 49, 50, 51, 52, 53, 54]","[0, 1, 2, 3, 4, 5, 6, 7, 8, 9, 10, 11, 12, 13, 14, 15, 28, 29, 30, 31, 32, 33, 34, 35, 36, 37, 38, 39, 40]",opt.xyz_isolated_fragment_opt,opt.xyz_isolated_fragment_opt,55,26,29,0,0,0,1,1
182,dipolar_002631,spec16,"[0, 1, 2, 3, 4, 5, 6, 7, 8, 9, 10, 29, 30, 31, 32, 33, 34, 35]","[11, 12, 13, 14, 15, 16, 17, 18, 19, 20, 21, 22, 23, 24, 25, 26, 27, 28, 36, 37, 38, 39, 40, 41, 42, 43, 44, 45, 46, 47, 48, 49, 50, 51, 52]",opt.xyz_isolated_fragment_opt,opt.xyz_isolated_fragment_opt,53,18,35,0,0,0,1,1
183,dipolar_002635,spec16,"[0, 1, 2, 3, 4, 5, 6, 7, 8, 9, 10, 11, 12, 34, 35, 36, 37, 38, 39, 40, 41, 42, 43, 44, 45, 46, 47]","[13, 14, 15, 16, 17, 18, 19, 20, 21, 22, 23, 24, 25, 26, 27, 28, 29, 30, 31, 32, 33, 48, 49, 50, 51, 52, 53, 54, 55, 56, 57, 58, 59, 60, 61, 62]",opt.xyz_isolated_fragment_opt,opt.xyz_isolated_fragment_opt,63,27,36,0,0,0,1,1
184,dipolar_002646,spec16,"[17, 18, 19, 20, 21, 22, 23, 24, 25, 26, 27, 28, 29, 30, 31, 32, 45, 46, 47, 48, 49, 50, 51, 52, 53, 54, 55]","[0, 1, 2, 3, 4, 5, 6, 7, 8, 9, 10, 11, 12, 13, 14, 15, 16, 33, 34, 35, 36, 37, 38, 39, 40, 41, 42, 43, 44]",opt.xyz_isolated_fragment_opt,opt.xyz_isolated_fragment_opt,56,27,29,0,0,0,1,1
185,dipolar_002647,locked_778,"[0, 1, 2, 3, 4, 5, 6, 7, 8, 9, 10, 11, 12, 13, 14, 15, 16, 33, 34, 35, 36, 37, 38, 39, 40, 41, 42, 43, 44]","[17, 18, 19, 20, 21, 22, 23, 24, 25, 26, 27, 28, 29, 30, 31, 32, 45, 46, 47, 48, 49, 50, 51, 52, 53, 54, 55]",R.xyz_atom_subset_NOT_optimized,R.xyz_atom_subset_NOT_optimized,56,29,27,0,0,0,1,1
186,dipolar_002653,spec16,"[23, 24, 25, 26, 27, 28, 29, 30, 31, 32, 33, 52, 53, 54, 55, 56, 57, 58, 59, 60, 61, 62, 63, 64]","[0, 1, 2, 3, 4, 5, 6, 7, 8, 9, 10, 11, 12, 13, 14, 15, 16, 17, 18, 19, 20, 21, 22, 34, 35, 36, 37, 38, 39, 40, 41, 42, 43, 44, 45, 46, 47, 48, 49, 50, 51]",opt.xyz_isolated_fragment_opt,opt.xyz_isolated_fragment_opt,65,24,41,0,0,0,1,1
187,dipolar_002689,spec16,"[0, 1, 2, 3, 4, 5, 6, 7, 8, 9, 10, 11, 12, 13, 14, 15, 16, 34, 35, 36, 37, 38, 39, 40, 41, 42, 43, 44, 45, 46, 47]","[17, 18, 19, 20, 21, 22, 23, 24, 25, 26, 27, 28, 29, 30, 31, 32, 33, 48, 49, 50, 51, 52, 53, 54, 55, 56, 57, 58, 59, 60]",opt.xyz_isolated_fragment_opt,opt.xyz_isolated_fragment_opt,61,31,30,0,0,0,1,1
188,dipolar_002696,spec16,"[0, 1, 2, 3, 4, 5, 6, 7, 8, 9, 10, 11, 12, 13, 14, 33, 34, 35, 36, 37, 38, 39, 40, 41]","[15, 16, 17, 18, 19, 20, 21, 22, 23, 24, 25, 26, 27, 28, 29, 30, 31, 32, 42, 43, 44, 45, 46, 47, 48, 49, 50, 51, 52, 53]",opt.xyz_isolated_fragment_opt,opt.xyz_isolated_fragment_opt,54,24,30,0,0,0,1,1
189,dipolar_002731,locked_778,"[0, 1, 2, 3, 4, 5, 6, 7, 8, 9, 10, 11, 12, 13, 14, 15, 16, 17, 18, 19, 20, 36, 37, 38, 39, 40, 41, 42, 43, 44, 45, 46, 47, 48, 49]","[21, 22, 23, 24, 25, 26, 27, 28, 29, 30, 31, 32, 33, 34, 35, 50, 51, 52, 53, 54, 55, 56, 57, 58, 59, 60]",R.xyz_atom_subset_NOT_optimized,R.xyz_atom_subset_NOT_optimized,61,35,26,0,0,0,1,1
190,dipolar_002757,locked_778,"[15, 16, 17, 18, 19, 20, 21, 22, 23, 24, 25, 26, 27, 28, 29, 48, 49, 50, 51, 52, 53, 54, 55, 56, 57, 58, 59, 60]","[0, 1, 2, 3, 4, 5, 6, 7, 8, 9, 10, 11, 12, 13, 14, 30, 31, 32, 33, 34, 35, 36, 37, 38, 39, 40, 41, 42, 43, 44, 45, 46, 47]",R.xyz_atom_subset_NOT_optimized,R.xyz_atom_subset_NOT_optimized,61,28,33,0,0,0,1,1
191,dipolar_002762,locked_778,"[0, 1, 2, 3, 4, 5, 6, 7, 8, 9, 10, 11, 12, 13, 14, 15, 16, 17, 18, 19, 35, 36, 37, 38, 39, 40, 41, 42, 43, 44, 45, 46, 47, 48, 49]","[20, 21, 22, 23, 24, 25, 26, 27, 28, 29, 30, 31, 32, 33, 34, 50, 51, 52, 53, 54, 55, 56, 57, 58, 59, 60, 61, 62, 63, 64, 65]",R.xyz_atom_subset_NOT_optimized_AB_SWAPPED_vs_source_filename,R.xyz_atom_subset_NOT_optimized_AB_SWAPPED_vs_source_filename,66,35,31,0,0,0,1,1
192,dipolar_002765,spec16,"[0, 1, 2, 3, 4, 17, 18, 19, 20, 21, 22, 23, 24, 25, 26, 27, 28, 29, 30, 31, 41, 42, 43, 44, 45, 46, 47, 48, 49, 50]","[5, 6, 7, 8, 9, 10, 11, 12, 13, 14, 15, 16, 32, 33, 34, 35, 36, 37, 38, 39, 40]",opt.xyz_isolated_fragment_opt,opt.xyz_isolated_fragment_opt,51,30,21,0,0,0,1,1
193,dipolar_002766,spec16,"[0, 1, 2, 3, 4, 17, 18, 19, 20, 21, 22, 23, 24, 25, 26, 27, 28, 29, 30, 31, 41, 42, 43, 44, 45, 46, 47, 48, 49, 50]","[5, 6, 7, 8, 9, 10, 11, 12, 13, 14, 15, 16, 32, 33, 34, 35, 36, 37, 38, 39, 40]",opt.xyz_isolated_fragment_opt,opt.xyz_isolated_fragment_opt,51,30,21,0,0,0,1,1
194,dipolar_002782,locked_778,"[0, 1, 2, 3, 4, 5, 6, 7, 8, 9, 10, 11, 34, 35, 36, 37, 38]","[12, 13, 14, 15, 16, 17, 18, 19, 20, 21, 22, 23, 24, 25, 26, 27, 28, 29, 30, 31, 32, 33, 39, 40, 41, 42, 43, 44, 45, 46, 47, 48, 49, 50, 51, 52, 53, 54, 55]",R.xyz_atom_subset_NOT_optimized,R.xyz_atom_subset_NOT_optimized,56,17,39,0,0,0,1,1
195,dipolar_002784,locked_778,"[0, 1, 2, 3, 4, 5, 6, 7, 8, 9, 10, 11, 12, 13, 14, 27, 28, 29, 30, 31, 32, 33, 34, 35, 36, 37, 38, 39]","[15, 16, 17, 18, 19, 20, 21, 22, 23, 24, 25, 26, 40, 41, 42, 43, 44, 45, 46, 47, 48]",R.xyz_atom_subset_NOT_optimized,R.xyz_atom_subset_NOT_optimized,49,28,21,0,0,0,1,1
196,dipolar_002805,locked_778,"[19, 20, 21, 22, 23, 24, 25, 26, 27, 28, 29, 30, 31, 32, 33, 34, 35, 49, 50, 51, 52, 53, 54, 55, 56, 57, 58, 59, 60]","[0, 1, 2, 3, 4, 5, 6, 7, 8, 9, 10, 11, 12, 13, 14, 15, 16, 17, 18, 36, 37, 38, 39, 40, 41, 42, 43, 44, 45, 46, 47, 48]",R.xyz_atom_subset_NOT_optimized_AB_SWAPPED_vs_source_filename,R.xyz_atom_subset_NOT_optimized_AB_SWAPPED_vs_source_filename,61,29,32,0,0,0,1,1
197,dipolar_002808,locked_778,"[0, 1, 2, 3, 4, 5, 6, 7, 8, 9, 10, 11, 12, 13, 14, 15, 16, 17, 18, 19, 20, 21, 22, 35, 36, 37, 38, 39, 40, 41, 42, 43, 44, 45, 46, 47, 48, 49, 50, 51, 52, 53, 54]","[23, 24, 25, 26, 27, 28, 29, 30, 31, 32, 33, 34, 55, 56, 57, 58, 59, 60, 61, 62, 63]",R.xyz_atom_subset_NOT_optimized,R.xyz_atom_subset_NOT_optimized,64,43,21,0,0,0,1,1
198,dipolar_002810,spec16,"[0, 1, 2, 3, 4, 5, 6, 7, 8, 9, 10, 27, 28, 29, 30, 31, 32, 33, 34]","[11, 12, 13, 14, 15, 16, 17, 18, 19, 20, 21, 22, 23, 24, 25, 26, 35, 36, 37, 38, 39, 40, 41, 42]",opt.xyz_isolated_fragment_opt,opt.xyz_isolated_fragment_opt,43,19,24,0,0,0,1,1
199,dipolar_002814,locked_778,"[13, 14, 15, 16, 17, 18, 19, 20, 21, 22, 23, 24, 25, 26, 27, 28, 29, 30, 31, 32, 33, 34, 43, 44, 45, 46, 47, 48, 49, 50, 51, 52, 53, 54, 55, 56, 57, 58, 59, 60, 61, 62, 63, 64]","[0, 1, 2, 3, 4, 5, 6, 7, 8, 9, 10, 11, 12, 35, 36, 37, 38, 39, 40, 41, 42]",R.xyz_atom_subset_NOT_optimized,R.xyz_atom_subset_NOT_optimized,65,44,21,0,0,0,1,1
200,dipolar_002817,locked_778,"[0, 1, 2, 3, 4, 7, 8, 9, 10, 11, 12, 35, 36, 37, 38, 39, 40, 41, 42, 43, 44]","[5, 6, 13, 14, 15, 16, 17, 18, 19, 20, 21, 22, 23, 24, 25, 26, 27, 28, 29, 30, 31, 32, 33, 34, 45, 46, 47, 48, 49, 50, 51, 52, 53, 54, 55, 56, 57, 58, 59, 60, 61, 62, 63]",R.xyz_atom_subset_NOT_optimized,R.xyz_atom_subset_NOT_optimized,64,21,43,0,0,0,1,1
201,dipolar_002819,locked_778,"[0, 1, 2, 3, 4, 5, 6, 7, 8, 9, 10, 11, 12, 28, 29, 30, 31, 32, 33, 34, 35, 36]","[13, 14, 15, 16, 17, 18, 19, 20, 21, 22, 23, 24, 25, 26, 27, 37, 38, 39, 40, 41, 42, 43, 44, 45, 46, 47]",R.xyz_atom_subset_NOT_optimized,R.xyz_atom_subset_NOT_optimized,48,22,26,0,0,0,1,1
202,dipolar_002856,locked_778,"[0, 1, 2, 3, 4, 5, 6, 7, 8, 9, 10, 11, 36, 37, 38, 39, 40, 41, 42, 43, 44, 45, 46, 47, 48]","[12, 13, 14, 15, 16, 17, 18, 19, 20, 21, 22, 23, 24, 25, 26, 27, 28, 29, 30, 31, 32, 33, 34, 35, 49, 50, 51, 52, 53, 54, 55, 56, 57, 58, 59, 60, 61, 62, 63]",R.xyz_atom_subset_NOT_optimized,R.xyz_atom_subset_NOT_optimized,64,25,39,0,0,0,1,1
203,dipolar_002861,spec16,"[0, 1, 2, 3, 4, 5, 6, 7, 8, 9, 10, 11, 12, 13, 14, 28, 29, 30, 31, 32, 33, 34, 35, 36, 37, 38]","[15, 16, 17, 18, 19, 20, 21, 22, 23, 24, 25, 26, 27, 39, 40, 41, 42, 43, 44]",opt.xyz_isolated_fragment_opt,opt.xyz_isolated_fragment_opt,45,26,19,0,0,0,1,1
204,dipolar_002862,spec16,"[0, 1, 2, 3, 4, 5, 6, 7, 8, 9, 38, 39, 40, 41, 42, 43, 44, 45]","[10, 11, 12, 13, 14, 15, 16, 17, 18, 19, 20, 21, 22, 23, 24, 25, 26, 27, 28, 29, 30, 31, 32, 33, 34, 35, 36, 37, 46, 47, 48, 49, 50, 51, 52, 53, 54, 55, 56, 57, 58, 59, 60, 61, 62, 63, 64, 65, 66, 67, 68]",opt.xyz_isolated_fragment_opt,opt.xyz_isolated_fragment_opt,69,18,51,0,0,0,1,1
205,dipolar_002864,locked_778,"[0, 1, 2, 3, 4, 5, 6, 7, 8, 9, 10, 11, 33, 34, 35, 36, 37, 38, 39, 40, 41, 42, 43]","[12, 13, 14, 15, 16, 17, 18, 19, 20, 21, 22, 23, 24, 25, 26, 27, 28, 29, 30, 31, 32, 44, 45, 46, 47, 48, 49, 50, 51, 52, 53, 54]",R.xyz_atom_subset_NOT_optimized,R.xyz_atom_subset_NOT_optimized,55,23,32,0,0,0,1,1
206,dipolar_002882,locked_778,"[0, 1, 2, 3, 4, 5, 6, 7, 8, 9, 10, 11, 12, 13, 14, 15, 16, 17, 18, 19, 20, 21, 22, 23, 24, 25, 26, 36, 37, 38, 39, 40, 41, 42, 43, 44, 45, 46, 47, 48, 49, 50, 51, 52, 53, 54, 55, 56, 57, 58, 59, 60, 61]","[27, 28, 29, 30, 31, 32, 33, 34, 35, 62, 63, 64]",R.xyz_atom_subset_NOT_optimized,R.xyz_atom_subset_NOT_optimized,65,53,12,0,0,0,1,1
207,dipolar_002893,spec16,"[0, 1, 2, 3, 4, 5, 6, 7, 8, 9, 10, 11, 12, 13, 14, 15, 16, 17, 18, 19, 20, 21, 22, 23, 24, 25, 36, 37, 38, 39, 40, 41, 42, 43, 44, 45, 46, 47, 48, 49, 50, 51, 52, 53, 54, 55, 56]","[26, 27, 28, 29, 30, 31, 32, 33, 34, 35, 57, 58, 59, 60, 61, 62, 63]",opt.xyz_isolated_fragment_opt,opt.xyz_isolated_fragment_opt,64,47,17,0,0,0,1,1
208,dipolar_002912,spec16,"[0, 1, 2, 3, 4, 5, 6, 7, 8, 9, 10, 11, 12, 13, 14, 15, 16, 17, 18, 19, 20, 21, 37, 38, 39, 40, 41, 42, 43, 44, 45, 46, 47, 48, 49, 50, 51, 52, 53, 54]","[22, 23, 24, 25, 26, 27, 28, 29, 30, 31, 32, 33, 34, 35, 36, 55, 56, 57, 58, 59, 60, 61, 62, 63, 64]",opt.xyz_isolated_fragment_opt,opt.xyz_isolated_fragment_opt,65,40,25,0,0,0,1,1
209,dipolar_002918,spec16,"[0, 1, 2, 3, 4, 5, 6, 7, 8, 9, 10, 27, 28, 29, 30, 31, 32, 33, 34, 35, 36, 37, 38, 39, 40, 41, 42, 43, 44, 45, 46, 59, 60, 61, 62, 63, 64, 65, 66]","[11, 12, 13, 14, 15, 16, 17, 18, 19, 20, 21, 22, 23, 24, 25, 26, 47, 48, 49, 50, 51, 52, 53, 54, 55, 56, 57, 58]",opt.xyz_isolated_fragment_opt,opt.xyz_isolated_fragment_opt,67,39,28,0,0,0,1,1
210,dipolar_002952,locked_778,"[0, 1, 2, 3, 4, 5, 6, 7, 8, 9, 10, 11, 12, 13, 38, 39, 40, 41, 42, 43, 44, 45, 46, 47, 48, 49, 50, 51, 52]","[14, 15, 16, 17, 18, 19, 20, 21, 22, 23, 24, 25, 26, 27, 28, 29, 30, 31, 32, 33, 34, 35, 36, 37, 53, 54, 55, 56, 57, 58, 59, 60, 61, 62, 63, 64, 65, 66, 67, 68, 69, 70, 71]",R.xyz_atom_subset_NOT_optimized,R.xyz_atom_subset_NOT_optimized,72,29,43,0,0,0,1,1
211,dipolar_002959,spec16,"[21, 22, 23, 24, 25, 26, 27, 28, 29, 30, 31, 32, 33, 34, 35, 53, 54, 55, 56, 57, 58, 59, 60]","[0, 1, 2, 3, 4, 5, 6, 7, 8, 9, 10, 11, 12, 13, 14, 15, 16, 17, 18, 19, 20, 36, 37, 38, 39, 40, 41, 42, 43, 44, 45, 46, 47, 48, 49, 50, 51, 52]",opt.xyz_isolated_fragment_opt,opt.xyz_isolated_fragment_opt,61,23,38,0,0,0,1,1
212,dipolar_002978,locked_778,"[0, 1, 2, 3, 4, 5, 6, 39, 40, 41, 42, 43, 44, 45]","[7, 8, 9, 10, 11, 12, 13, 14, 15, 16, 17, 18, 19, 20, 21, 22, 23, 24, 25, 26, 27, 28, 29, 30, 31, 32, 33, 34, 35, 36, 37, 38, 46, 47, 48, 49, 50, 51, 52, 53, 54, 55, 56, 57, 58, 59, 60, 61, 62, 63, 64, 65, 66, 67, 68, 69, 70, 71, 72, 73]",R.xyz_atom_subset_NOT_optimized,R.xyz_atom_subset_NOT_optimized,74,14,60,0,0,0,1,1
213,dipolar_003007,spec16,"[0, 1, 2, 3, 4, 5, 6, 7, 8, 9, 10, 11, 12, 13, 14, 15, 16, 17, 18, 19, 20, 21, 22, 40, 41, 42, 43, 44, 45, 46, 47, 48, 49, 50, 51, 52, 53, 54, 55, 56, 57, 58, 59, 60]","[23, 24, 25, 26, 27, 28, 29, 30, 31, 32, 33, 34, 35, 36, 37, 38, 39, 61, 62, 63, 64, 65, 66, 67, 68, 69, 70, 71]",opt.xyz_isolated_fragment_opt,opt.xyz_isolated_fragment_opt,72,44,28,0,0,0,1,1
214,dipolar_003079,spec16,"[0, 1, 2, 3, 4, 5, 29, 30, 31, 32, 33, 34, 35, 36, 37, 38, 39, 40, 41, 42, 43, 44, 45, 67, 68, 69, 70, 71, 72, 73, 74, 75, 76]","[6, 7, 8, 9, 10, 11, 12, 13, 14, 15, 16, 17, 18, 19, 20, 21, 22, 23, 24, 25, 26, 27, 28, 46, 47, 48, 49, 50, 51, 52, 53, 54, 55, 56, 57, 58, 59, 60, 61, 62, 63, 64, 65, 66]",opt.xyz_isolated_fragment_opt,opt.xyz_isolated_fragment_opt,77,33,44,0,0,0,1,1
215,dipolar_003087,spec16,"[23, 24, 25, 26, 27, 28, 29, 30, 31, 32, 33, 34, 35, 36, 37, 38, 54, 55, 56, 57, 58, 59, 60, 61, 62, 63, 64, 65, 66, 67]","[0, 1, 2, 3, 4, 5, 6, 7, 8, 9, 10, 11, 12, 13, 14, 15, 16, 17, 18, 19, 20, 21, 22, 39, 40, 41, 42, 43, 44, 45, 46, 47, 48, 49, 50, 51, 52, 53]",opt.xyz_isolated_fragment_opt,opt.xyz_isolated_fragment_opt,68,30,38,0,0,0,1,1
216,dipolar_003092,spec16,"[0, 1, 2, 3, 4, 5, 6, 7, 8, 9, 10, 11, 12, 13, 14, 38, 39, 40, 41, 42, 43, 44, 45, 46, 47, 48, 49]","[15, 16, 17, 18, 19, 20, 21, 22, 23, 24, 25, 26, 27, 28, 29, 30, 31, 32, 33, 34, 35, 36, 37, 50, 51, 52, 53, 54, 55, 56, 57, 58, 59, 60, 61, 62, 63, 64, 65, 66]",opt.xyz_isolated_fragment_opt,opt.xyz_isolated_fragment_opt,67,27,40,0,0,0,1,1
217,dipolar_003100,spec16,"[15, 16, 17, 18, 19, 20, 21, 22, 23, 24, 25, 26, 27, 28, 29, 30, 31, 32, 33, 34, 35, 36, 47, 48, 49, 50, 51, 52, 53, 54, 55, 56, 57, 58, 59, 60, 61, 62, 63]","[0, 1, 2, 3, 4, 5, 6, 7, 8, 9, 10, 11, 12, 13, 14, 37, 38, 39, 40, 41, 42, 43, 44, 45, 46, 64, 65, 66]",opt.xyz_isolated_fragment_opt,opt.xyz_isolated_fragment_opt,67,39,28,0,0,0,1,1
218,dipolar_003109,spec16,"[0, 1, 2, 3, 4, 5, 6, 7, 8, 9, 10, 11, 12, 39, 40, 41, 42, 43, 44, 45, 46, 47, 48, 49]","[13, 14, 15, 16, 17, 18, 19, 20, 21, 22, 23, 24, 25, 26, 27, 28, 29, 30, 31, 32, 33, 34, 35, 36, 37, 38, 50, 51, 52, 53, 54, 55, 56, 57, 58, 59, 60, 61, 62]",opt.xyz_isolated_fragment_opt,opt.xyz_isolated_fragment_opt,63,24,39,0,0,0,1,1
219,dipolar_003110,spec16,"[0, 1, 2, 3, 4, 5, 6, 7, 8, 9, 10, 11, 12, 13, 14, 15, 16, 37, 38, 39, 40, 41, 42, 43, 44, 45, 46, 47, 48, 49, 50, 51]","[17, 18, 19, 20, 21, 22, 23, 24, 25, 26, 27, 28, 29, 30, 31, 32, 33, 34, 35, 36, 52, 53, 54, 55, 56, 57, 58, 59, 60, 61, 62, 63, 64, 65, 66, 67, 68]",opt.xyz_isolated_fragment_opt,opt.xyz_isolated_fragment_opt,69,32,37,0,0,0,1,1
220,dipolar_003124,spec16,"[23, 24, 25, 26, 27, 28, 29, 30, 31, 32, 33, 34, 35, 36, 37, 38, 39, 60, 61, 62, 63, 64, 65, 66, 67, 68, 69, 70, 71, 72, 73]","[0, 1, 2, 3, 4, 5, 6, 7, 8, 9, 10, 11, 12, 13, 14, 15, 16, 17, 18, 19, 20, 21, 22, 40, 41, 42, 43, 44, 45, 46, 47, 48, 49, 50, 51, 52, 53, 54, 55, 56, 57, 58, 59]",opt.xyz_isolated_fragment_opt,opt.xyz_isolated_fragment_opt,74,31,43,0,0,0,1,1
221,dipolar_003141,locked_778,"[0, 1, 2, 3, 4, 5, 6, 7, 8, 9, 10, 11, 12, 13, 14, 15, 16, 17, 18, 41, 42, 43, 44, 45, 46, 47, 48, 49, 50, 51, 52, 53]","[19, 20, 21, 22, 23, 24, 25, 26, 27, 28, 29, 30, 31, 32, 33, 34, 35, 36, 37, 38, 39, 40, 54, 55, 56, 57, 58, 59, 60, 61]",R.xyz_atom_subset_NOT_optimized,R.xyz_atom_subset_NOT_optimized,62,32,30,0,0,0,1,1
222,dipolar_003151,locked_778,"[0, 1, 2, 3, 4, 5, 6, 7, 8, 11, 12, 13, 14, 15, 16, 17, 39, 40, 41, 42, 43, 44, 45, 46, 47, 48, 49, 50, 51, 52]","[9, 10, 18, 19, 20, 21, 22, 23, 24, 25, 26, 27, 28, 29, 30, 31, 32, 33, 34, 35, 36, 37, 38, 53, 54, 55, 56, 57, 58, 59, 60, 61, 62, 63, 64, 65]",R.xyz_atom_subset_NOT_optimized,R.xyz_atom_subset_NOT_optimized,66,30,36,0,0,0,1,1
223,dipolar_003154,spec16,"[5, 6, 7, 8, 9, 10, 11, 12, 13, 14, 15, 16, 17, 18, 19, 20, 21, 22, 23, 24, 25, 26, 27, 28, 29, 30, 46, 47, 48, 49, 50, 51, 52, 53, 54, 55, 56, 57, 58, 59, 60, 61, 62, 63, 64, 65, 66]","[0, 1, 2, 3, 4, 31, 32, 33, 34, 35, 36, 37, 38, 39, 40, 41, 42, 43, 44, 45, 67, 68, 69, 70, 71, 72, 73, 74, 75]",opt.xyz_isolated_fragment_opt,opt.xyz_isolated_fragment_opt,76,47,29,0,0,0,1,1
224,dipolar_003162,spec16,"[0, 1, 2, 3, 4, 5, 6, 7, 10, 11, 12, 13, 14, 15, 16, 17, 18, 19, 20, 40, 41, 42, 43, 44, 45, 46, 47, 48, 49, 50, 51, 52, 53, 54]","[8, 9, 21, 22, 23, 24, 25, 26, 27, 28, 29, 30, 31, 32, 33, 34, 35, 36, 37, 38, 39, 55, 56, 57, 58, 59, 60, 61, 62, 63, 64, 65, 66, 67, 68]",opt.xyz_isolated_fragment_opt,opt.xyz_isolated_fragment_opt,69,34,35,0,0,0,1,1
225,dipolar_003171,spec16,"[0, 1, 2, 3, 4, 5, 6, 7, 8, 9, 10, 11, 12, 13, 14, 15, 16, 17, 18, 31, 32, 33, 34, 35, 36, 37, 38, 39, 40, 41, 42, 43]","[19, 20, 21, 22, 23, 24, 25, 26, 27, 28, 29, 30, 44, 45, 46, 47, 48, 49, 50, 51]",opt.xyz_isolated_fragment_opt,opt.xyz_isolated_fragment_opt,52,32,20,0,0,0,1,1
226,dipolar_003179,spec16,"[0, 1, 2, 3, 4, 5, 6, 7, 8, 9, 10, 11, 12, 13, 14, 15, 39, 40, 41, 42, 43, 44, 45, 46, 47, 48, 49, 50, 51, 52, 53, 54]","[16, 17, 18, 19, 20, 21, 22, 23, 24, 25, 26, 27, 28, 29, 30, 31, 32, 33, 34, 35, 36, 37, 38, 55, 56, 57, 58, 59, 60, 61, 62, 63, 64, 65, 66, 67, 68, 69, 70, 71, 72, 73]",opt.xyz_isolated_fragment_opt,opt.xyz_isolated_fragment_opt,74,32,42,0,0,0,1,1
227,dipolar_003211,locked_778,"[0, 1, 2, 3, 4, 37, 38, 39, 40, 41, 42, 43, 44, 45, 46, 47, 48, 49, 50, 51, 52, 53, 54, 83, 84, 85, 86, 87, 88, 89, 90, 91, 92, 93]","[5, 6, 7, 8, 9, 10, 11, 12, 13, 14, 15, 16, 17, 18, 19, 20, 21, 22, 23, 24, 25, 26, 27, 28, 29, 30, 31, 32, 33, 34, 35, 36, 55, 56, 57, 58, 59, 60, 61, 62, 63, 64, 65, 66, 67, 68, 69, 70, 71, 72, 73, 74, 75, 76, 77, 78, 79, 80, 81, 82]",R.xyz_atom_subset_NOT_optimized,R.xyz_atom_subset_NOT_optimized,94,34,60,0,0,0,1,1
228,dipolar_003237,spec16,"[6, 7, 8, 9, 15, 16, 17, 18, 19, 20, 21, 22]","[0, 1, 2, 3, 4, 5, 10, 11, 12, 13, 14]",opt.xyz_isolated_fragment_opt,opt.xyz_isolated_fragment_opt,23,12,11,0,0,0,1,1
229,dipolar_003258,spec16,"[7, 8, 9, 10, 15, 16, 17, 18, 19, 20, 21, 22]","[0, 1, 2, 3, 4, 5, 6, 11, 12, 13, 14]",opt.xyz_isolated_fragment_opt,opt.xyz_isolated_fragment_opt,23,12,11,0,0,0,1,1
230,dipolar_003264,spec16,"[7, 8, 9, 10, 19, 20, 21, 22, 23, 24, 25, 26]","[0, 1, 2, 3, 4, 5, 6, 11, 12, 13, 14, 15, 16, 17, 18]",opt.xyz_isolated_fragment_opt,opt.xyz_isolated_fragment_opt,27,12,15,0,0,0,1,1
231,dipolar_003289,spec16,"[5, 6, 16, 17, 18, 19]","[0, 1, 2, 3, 4, 7, 8, 9, 10, 11, 12, 13, 14, 15, 20, 21, 22, 23]",opt.xyz_isolated_fragment_opt,opt.xyz_isolated_fragment_opt,24,6,18,0,0,0,1,1
232,dipolar_003313,spec16,"[0, 1, 2, 3, 4, 12, 13, 14, 15, 16, 17, 18, 19]","[5, 6, 7, 8, 9, 10, 11, 20, 21, 22, 23, 24, 25, 26, 27, 28]",opt.xyz_isolated_fragment_opt,opt.xyz_isolated_fragment_opt,29,13,16,1,0,1,1,1
233,dipolar_003315,locked_778,"[4, 5, 6, 7, 8, 9, 10, 11, 12, 21, 22, 23, 24, 25, 26]","[0, 1, 2, 3, 13, 14, 15, 16, 17, 18, 19, 20]",R.xyz_atom_subset_NOT_optimized,R.xyz_atom_subset_NOT_optimized,27,15,12,0,0,0,1,1
234,dipolar_003318,spec16,"[2, 3, 17, 18, 19, 20]","[0, 1, 4, 5, 6, 7, 8, 9, 10, 11, 12, 13, 14, 15, 16, 21, 22, 23, 24, 25, 26, 27, 28]",opt.xyz_isolated_fragment_opt,opt.xyz_isolated_fragment_opt,29,6,23,0,0,0,1,1
235,dipolar_003347,spec16,"[0, 1, 2, 3, 4, 5, 6, 7, 8, 13, 14, 15, 16, 17, 18, 19, 20, 21, 22, 23, 24, 25, 26]","[9, 10, 11, 12, 27, 28, 29]",opt.xyz_isolated_fragment_opt,opt.xyz_isolated_fragment_opt,30,23,7,0,0,0,1,1
236,dipolar_003369,locked_778,"[0, 1, 2, 3, 4, 5, 6, 13, 14, 15, 16, 17, 18]","[7, 8, 9, 10, 11, 12, 19, 20, 21, 22, 23, 24, 25, 26]",R.xyz_atom_subset_NOT_optimized,R.xyz_atom_subset_NOT_optimized,27,13,14,0,0,0,1,1
237,dipolar_003370,locked_778,"[0, 1, 2, 3, 4, 5, 6, 7, 8, 9, 10, 11, 14, 15, 16, 17, 18, 19, 20, 21, 22]","[12, 13, 23, 24, 25, 26]",R.xyz_atom_subset_NOT_optimized,R.xyz_atom_subset_NOT_optimized,27,21,6,0,0,0,1,1
238,dipolar_003390,locked_778,"[0, 1, 12, 13, 14, 15, 16, 17, 28, 29, 30, 31]","[2, 3, 4, 5, 6, 7, 8, 9, 10, 11, 18, 19, 20, 21, 22, 23, 24, 25, 26, 27]",R.xyz_atom_subset_NOT_optimized,R.xyz_atom_subset_NOT_optimized,32,12,20,0,0,0,1,1
239,dipolar_003402,locked_778,"[0, 1, 2, 3, 4, 5, 6, 7, 8, 9, 14, 15, 16, 17, 18, 19]","[10, 11, 12, 13, 20, 21, 22, 23, 24, 25, 26, 27]",R.xyz_atom_subset_NOT_optimized,R.xyz_atom_subset_NOT_optimized,28,16,12,0,0,0,1,1
240,dipolar_003416,locked_778,"[0, 1, 2, 3, 4, 5, 6, 7, 14, 15, 16, 17, 18, 19, 20]","[8, 9, 10, 11, 12, 13, 21, 22, 23, 24, 25, 26, 27, 28]",R.xyz_atom_subset_NOT_optimized,R.xyz_atom_subset_NOT_optimized,29,15,14,0,0,0,1,1
241,dipolar_003435,spec16,"[8, 9, 21, 22, 23, 24]","[0, 1, 2, 3, 4, 5, 6, 7, 10, 11, 12, 13, 14, 15, 16, 17, 18, 19, 20, 25, 26, 27, 28, 29, 30]",opt.xyz_isolated_fragment_opt,opt.xyz_isolated_fragment_opt,31,6,25,0,0,0,1,1
242,dipolar_003470,spec16,"[0, 1, 2, 3, 4, 5, 6, 15, 16, 17, 18, 19, 20, 21]","[7, 8, 9, 10, 11, 12, 13, 14, 22, 23]",opt.xyz_isolated_fragment_opt,opt.xyz_isolated_fragment_opt,24,14,10,-2,0,-2,1,1
243,dipolar_003476,spec16,"[6, 7, 19, 20, 21, 22]","[0, 1, 2, 3, 4, 5, 8, 9, 10, 11, 12, 13, 14, 15, 16, 17, 18, 23, 24, 25, 26, 27]",opt.xyz_isolated_fragment_opt,opt.xyz_isolated_fragment_opt,28,6,22,0,0,0,1,1
244,dipolar_003505,spec16,"[0, 1, 2, 3, 4, 5, 6, 7, 8, 15, 16, 17, 18, 19, 20, 21, 22, 23, 24, 25, 26, 27, 28]","[9, 10, 11, 12, 13, 14, 29, 30, 31, 32, 33, 34, 35, 36, 37]",opt.xyz_isolated_fragment_opt,opt.xyz_isolated_fragment_opt,38,23,15,0,0,0,1,1
245,dipolar_003510,spec16,"[0, 1, 2, 3, 4, 5, 6, 7, 8, 15, 16, 17, 18, 19, 20, 21]","[9, 10, 11, 12, 13, 14, 22, 23, 24, 25, 26, 27, 28, 29, 30, 31, 32, 33]",opt.xyz_isolated_fragment_opt,opt.xyz_isolated_fragment_opt,34,16,18,0,0,0,1,1
246,dipolar_003512,locked_778,"[0, 1, 2, 3, 4, 5, 6, 7, 8, 9, 10, 15, 16, 17, 18, 19, 20, 21, 22, 23]","[11, 12, 13, 14, 24, 25, 26, 27, 28, 29, 30, 31]",R.xyz_atom_subset_NOT_optimized,R.xyz_atom_subset_NOT_optimized,32,20,12,0,0,0,1,1
247,dipolar_003520,locked_778,"[0, 1, 2, 3, 4, 5, 6, 7, 8, 9, 10, 15, 16, 17, 18, 19, 20, 21]","[11, 12, 13, 14, 22, 23, 24, 25, 26, 27, 28, 29]",R.xyz_atom_subset_NOT_optimized,R.xyz_atom_subset_NOT_optimized,30,18,12,0,0,0,1,1
248,dipolar_003532,locked_778,"[0, 1, 2, 3, 4, 5, 6, 11, 12, 13, 14, 15, 16, 17, 18, 19, 20, 29, 30, 31, 32, 33, 34, 35]","[7, 8, 9, 10, 21, 22, 23, 24, 25, 26, 27, 28]",R.xyz_atom_subset_NOT_optimized,R.xyz_atom_subset_NOT_optimized,36,24,12,0,0,0,1,1
249,dipolar_003549,locked_778,"[0, 1, 2, 3, 4, 5, 6, 7, 8, 9, 10, 15, 16, 17, 18, 19, 20, 21, 22, 23, 24]","[11, 12, 13, 14, 25, 26, 27, 28, 29, 30, 31, 32]",R.xyz_atom_subset_NOT_optimized,R.xyz_atom_subset_NOT_optimized,33,21,12,0,0,0,1,1
250,dipolar_003561,spec16,"[0, 1, 2, 3, 4, 5, 6, 7, 8, 9, 16, 17, 18, 19]","[10, 11, 12, 13, 14, 15, 20, 21, 22, 23, 24, 25, 26, 27]",opt.xyz_isolated_fragment_opt,opt.xyz_isolated_fragment_opt,28,14,14,0,0,0,1,1
251,dipolar_003569,locked_778,"[0, 1, 2, 3, 4, 5, 6, 7, 8, 9, 10, 11, 16, 17, 18, 19, 20, 21, 22]","[12, 13, 14, 15, 23, 24, 25, 26, 27, 28, 29, 30]",R.xyz_atom_subset_NOT_optimized,R.xyz_atom_subset_NOT_optimized,31,19,12,0,0,0,1,1
252,dipolar_003575,locked_778,"[0, 1, 2, 3, 4, 13, 14, 15, 16, 17, 18, 23, 24, 25, 26, 27]","[5, 6, 7, 8, 9, 10, 11, 12, 19, 20, 21, 22]",R.xyz_atom_subset_NOT_optimized,R.xyz_atom_subset_NOT_optimized,28,16,12,0,0,0,1,1
253,dipolar_003586,spec16,"[12, 13, 14, 15, 25, 26, 27, 28, 29, 30, 31, 32]","[0, 1, 2, 3, 4, 5, 6, 7, 8, 9, 10, 11, 16, 17, 18, 19, 20, 21, 22, 23, 24]",opt.xyz_isolated_fragment_opt,opt.xyz_isolated_fragment_opt,33,12,21,0,0,0,1,1
254,dipolar_003592,spec16,"[10, 11, 12, 13, 14, 15, 23, 24, 25, 26, 27, 28, 29, 30]","[0, 1, 2, 3, 4, 5, 6, 7, 8, 9, 16, 17, 18, 19, 20, 21, 22]",opt.xyz_isolated_fragment_opt,opt.xyz_isolated_fragment_opt,31,14,17,0,0,0,1,1
255,dipolar_003596,locked_778,"[0, 1, 2, 3, 4, 5, 13, 14, 15, 16, 17, 18, 19, 20, 21, 22, 23, 28, 29, 30, 31, 32, 33]","[6, 7, 8, 9, 10, 11, 12, 24, 25, 26, 27]",R.xyz_atom_subset_NOT_optimized,R.xyz_atom_subset_NOT_optimized,34,23,11,0,0,0,1,1
256,dipolar_003606,spec16,"[7, 8, 20, 21, 22, 23]","[0, 1, 2, 3, 4, 5, 6, 9, 10, 11, 12, 13, 14, 15, 16, 17, 18, 19, 24, 25, 26, 27, 28, 29, 30]",opt.xyz_isolated_fragment_opt,opt.xyz_isolated_fragment_opt,31,6,25,0,0,0,1,1
257,dipolar_003618,spec16,"[0, 1, 2, 3, 4, 5, 6, 7, 8, 16, 17, 18, 19, 20, 21, 22, 23, 24, 25, 26, 27, 28, 29]","[9, 10, 11, 12, 13, 14, 15, 30, 31, 32]",opt.xyz_isolated_fragment_opt,opt.xyz_isolated_fragment_opt,33,23,10,0,0,0,1,1
258,dipolar_003623,spec16,"[0, 1, 2, 3, 4, 5, 6, 7, 8, 16, 17, 18, 19, 20, 21, 22, 23, 24, 25, 26, 27, 28, 29]","[9, 10, 11, 12, 13, 14, 15, 30, 31, 32]",opt.xyz_isolated_fragment_opt,opt.xyz_isolated_fragment_opt,33,23,10,0,0,0,1,1
259,dipolar_003628,locked_778,"[0, 1, 2, 3, 4, 5, 13, 14, 15, 16, 17, 18, 19, 20, 21, 22, 23, 27, 28, 29, 30, 31, 32]","[6, 7, 8, 9, 10, 11, 12, 24, 25, 26]",R.xyz_atom_subset_NOT_optimized,R.xyz_atom_subset_NOT_optimized,33,23,10,0,0,0,1,1
260,dipolar_003648,locked_778,"[0, 1, 2, 3, 13, 14, 15, 16, 17, 18, 33, 34, 35]","[4, 5, 6, 7, 8, 9, 10, 11, 12, 19, 20, 21, 22, 23, 24, 25, 26, 27, 28, 29, 30, 31, 32]",R.xyz_atom_subset_NOT_optimized,R.xyz_atom_subset_NOT_optimized,36,13,23,0,0,0,1,1
261,dipolar_003678,spec16,"[0, 1, 2, 3, 4, 5, 6, 7, 8, 17, 18, 19, 20, 21, 22, 23, 24]","[9, 10, 11, 12, 13, 14, 15, 16, 25, 26, 27, 28]",opt.xyz_isolated_fragment_opt,opt.xyz_isolated_fragment_opt,29,17,12,0,0,0,1,1
262,dipolar_003681,spec16,"[0, 1, 2, 14, 15, 16, 17, 18, 19, 20, 21, 22, 29, 30]","[3, 4, 5, 6, 7, 8, 9, 10, 11, 12, 13, 23, 24, 25, 26, 27, 28]",opt.xyz_isolated_fragment_opt,opt.xyz_isolated_fragment_opt,31,14,17,0,0,0,1,1
263,dipolar_003719,locked_778,"[0, 1, 2, 3, 4, 9, 10, 11, 12, 13, 14, 15, 16, 17, 18, 19, 20, 29, 30, 31, 32, 33, 34, 35, 36, 37]","[5, 6, 7, 8, 21, 22, 23, 24, 25, 26, 27, 28]",R.xyz_atom_subset_NOT_optimized,R.xyz_atom_subset_NOT_optimized,38,26,12,0,0,0,1,1
264,dipolar_003732,spec16,"[0, 1, 2, 3, 4, 5, 14, 15, 16, 17, 18, 19, 22, 23, 24, 25]","[6, 7, 8, 9, 10, 11, 12, 13, 20, 21]",opt.xyz_isolated_fragment_opt,opt.xyz_isolated_fragment_opt,26,16,10,-2,0,-2,1,1
265,dipolar_003734,spec16,"[11, 12, 13, 14, 15, 16, 21, 22, 23, 24, 25, 26, 27, 28]","[0, 1, 2, 3, 4, 5, 6, 7, 8, 9, 10, 17, 18, 19, 20]",opt.xyz_isolated_fragment_opt,opt.xyz_isolated_fragment_opt,29,14,15,0,0,0,1,1
266,dipolar_003796,spec16,"[11, 12, 13, 14, 15, 16, 24, 25, 26, 27, 28, 29, 30, 31]","[0, 1, 2, 3, 4, 5, 6, 7, 8, 9, 10, 17, 18, 19, 20, 21, 22, 23]",opt.xyz_isolated_fragment_opt,opt.xyz_isolated_fragment_opt,32,14,18,0,0,0,1,1
267,dipolar_003799,locked_778,"[0, 1, 2, 9, 10, 11, 12, 13, 14, 15, 16, 17, 18, 19, 20, 21, 34, 35, 36, 37, 38, 39, 40, 41]","[3, 4, 5, 6, 7, 8, 22, 23, 24, 25, 26, 27, 28, 29, 30, 31, 32, 33]",R.xyz_atom_subset_NOT_optimized,R.xyz_atom_subset_NOT_optimized,42,24,18,0,0,0,1,1
268,dipolar_003826,spec16,"[0, 1, 2, 3, 4, 5, 6, 7, 8, 17, 18, 19, 20, 21, 22, 23, 24, 25, 26, 27, 28, 29, 30]","[9, 10, 11, 12, 13, 14, 15, 16, 31, 32, 33, 34, 35, 36, 37, 38]",opt.xyz_isolated_fragment_opt,opt.xyz_isolated_fragment_opt,39,23,16,0,0,0,1,1
269,dipolar_003831,spec16,"[0, 1, 2, 3, 4, 5, 6, 7, 8, 9, 10, 11, 18, 19, 20, 21, 22, 23, 24, 25, 26]","[12, 13, 14, 15, 16, 17, 27, 28, 29, 30, 31, 32, 33, 34]",opt.xyz_isolated_fragment_opt,opt.xyz_isolated_fragment_opt,35,21,14,0,0,0,1,1
270,dipolar_003839,locked_778,"[0, 1, 2, 3, 4, 5, 6, 7, 8, 9, 10, 11, 18, 19, 20, 21, 22, 23, 24, 25, 26]","[12, 13, 14, 15, 16, 17, 27, 28, 29, 30, 31, 32, 33, 34]",R.xyz_atom_subset_NOT_optimized,R.xyz_atom_subset_NOT_optimized,35,21,14,0,0,0,1,1
271,dipolar_003914,spec16,"[0, 1, 2, 3, 4, 5, 6, 7, 8, 9, 10, 11, 17, 18, 19, 20, 21, 22, 23, 24, 25, 26, 27, 28, 29]","[12, 13, 14, 15, 16, 30, 31, 32, 33, 34, 35, 36, 37]",opt.xyz_isolated_fragment_opt,opt.xyz_isolated_fragment_opt,38,25,13,1,0,1,1,1
272,dipolar_003948,locked_778,"[0, 1, 2, 3, 4, 5, 6, 7, 8, 9, 10, 11, 18, 19, 20, 21, 22, 23, 24]","[12, 13, 14, 15, 16, 17, 25, 26, 27, 28, 29, 30, 31, 32, 33, 34, 35, 36]",R.xyz_atom_subset_NOT_optimized,R.xyz_atom_subset_NOT_optimized,37,19,18,0,0,0,1,1
273,dipolar_003962,spec16,"[0, 1, 2, 16, 17, 18, 19, 20, 21, 22, 23, 24, 30, 31, 32, 33, 34, 35]","[3, 4, 5, 6, 7, 8, 9, 10, 11, 12, 13, 14, 15, 25, 26, 27, 28, 29]",opt.xyz_isolated_fragment_opt,opt.xyz_isolated_fragment_opt,36,18,18,0,0,0,1,1
274,dipolar_003995,spec16,"[0, 1, 2, 3, 19, 20, 21, 22, 23, 24, 25, 26]","[4, 5, 6, 7, 8, 9, 10, 11, 12, 13, 14, 15, 16, 17, 18, 27, 28, 29, 30, 31, 32, 33, 34, 35, 36, 37]",opt.xyz_isolated_fragment_opt,opt.xyz_isolated_fragment_opt,38,12,26,0,0,0,1,1
275,dipolar_004006,spec16,"[8, 9, 10, 11, 12, 13, 14, 15, 16, 17, 24, 25, 26, 27, 28, 29, 30, 31, 32, 33]","[0, 1, 2, 3, 4, 5, 6, 7, 18, 19, 20, 21, 22, 23]",opt.xyz_isolated_fragment_opt,opt.xyz_isolated_fragment_opt,34,20,14,0,0,0,1,1
276,dipolar_004009,locked_778,"[0, 1, 2, 3, 4, 5, 6, 7, 8, 9, 10, 11, 12, 13, 18, 19, 20, 21, 22, 23, 24, 25, 26, 27]","[14, 15, 16, 17, 28, 29, 30, 31, 32, 33, 34, 35]",R.xyz_atom_subset_NOT_optimized,R.xyz_atom_subset_NOT_optimized,36,24,12,0,0,0,1,1
277,dipolar_004015,spec16,"[0, 1, 2, 3, 4, 5, 15, 16, 17, 18, 19, 20, 21, 22, 23, 24, 25, 35, 36, 37, 38, 39, 40]","[6, 7, 8, 9, 10, 11, 12, 13, 14, 26, 27, 28, 29, 30, 31, 32, 33, 34]",opt.xyz_isolated_fragment_opt,opt.xyz_isolated_fragment_opt,41,23,18,0,0,0,1,1
278,dipolar_004025,locked_778,"[0, 1, 2, 3, 4, 5, 6, 7, 8, 9, 10, 11, 12, 13, 18, 19, 20, 21, 22, 23, 24, 25, 26, 27, 28, 29]","[14, 15, 16, 17, 30, 31, 32, 33, 34, 35, 36, 37]",R.xyz_atom_subset_NOT_optimized,R.xyz_atom_subset_NOT_optimized,38,26,12,0,0,0,1,1
279,dipolar_004038,locked_778,"[0, 1, 2, 3, 4, 5, 6, 7, 8, 9, 10, 11, 12, 13, 14, 19, 20, 21, 22, 23, 24, 25, 26]","[15, 16, 17, 18, 27, 28, 29, 30, 31, 32, 33, 34]",R.xyz_atom_subset_NOT_optimized,R.xyz_atom_subset_NOT_optimized,35,23,12,0,0,0,1,1
280,dipolar_004042,locked_778,"[0, 1, 2, 3, 4, 5, 6, 7, 8, 9, 10, 11, 12, 19, 20, 21, 22, 23, 24, 25, 26, 27]","[13, 14, 15, 16, 17, 18, 28, 29, 30, 31, 32, 33, 34, 35]",R.xyz_atom_subset_NOT_optimized,R.xyz_atom_subset_NOT_optimized,36,22,14,0,0,0,1,1
281,dipolar_004057,spec16,"[0, 1, 2, 3, 4, 5, 6, 7, 8, 18, 19, 20, 21, 22, 23, 24, 25, 26, 27, 28, 29, 30, 31]","[9, 10, 11, 12, 13, 14, 15, 16, 17, 32, 33, 34, 35, 36, 37, 38, 39, 40, 41, 42, 43]",opt.xyz_isolated_fragment_opt,opt.xyz_isolated_fragment_opt,44,23,21,0,0,0,1,1
282,dipolar_004064,locked_778,"[0, 1, 2, 3, 4, 5, 6, 7, 8, 9, 10, 11, 12, 13, 18, 19, 20, 21, 22, 23, 24, 25, 26, 27, 28]","[14, 15, 16, 17, 29, 30, 31, 32, 33, 34, 35, 36]",R.xyz_atom_subset_NOT_optimized,R.xyz_atom_subset_NOT_optimized,37,25,12,0,0,0,1,1
283,dipolar_004082,spec16,"[0, 1, 2, 3, 4, 5, 16, 17, 18, 19, 20, 21, 22, 23, 24, 25, 26, 33, 34, 35, 36, 37, 38]","[6, 7, 8, 9, 10, 11, 12, 13, 14, 15, 27, 28, 29, 30, 31, 32]",opt.xyz_isolated_fragment_opt,opt.xyz_isolated_fragment_opt,39,23,16,0,0,0,1,1
284,dipolar_004087,locked_778,"[0, 1, 2, 3, 4, 5, 6, 7, 8, 9, 10, 11, 12, 19, 20, 21, 22, 23, 24, 25, 26, 27, 28, 29, 30]","[13, 14, 15, 16, 17, 18, 31, 32, 33, 34, 35, 36, 37, 38]",R.xyz_atom_subset_NOT_optimized,R.xyz_atom_subset_NOT_optimized,39,25,14,0,0,0,1,1
285,dipolar_004094,locked_778,"[0, 1, 2, 3, 4, 5, 16, 17, 18, 19, 20, 21, 22, 23, 24, 25, 26, 33, 34, 35, 36, 37, 38]","[6, 7, 8, 9, 10, 11, 12, 13, 14, 15, 27, 28, 29, 30, 31, 32]",R.xyz_atom_subset_NOT_optimized,R.xyz_atom_subset_NOT_optimized,39,23,16,0,0,0,1,1
286,dipolar_004150,locked_778,"[0, 1, 2, 3, 4, 5, 6, 7, 8, 19, 20, 21, 22, 23, 24, 25, 26, 27, 28, 29, 30, 31, 32]","[9, 10, 11, 12, 13, 14, 15, 16, 17, 18, 33, 34, 35, 36, 37, 38, 39]",R.xyz_atom_subset_NOT_optimized,R.xyz_atom_subset_NOT_optimized,40,23,17,0,0,0,1,1
287,dipolar_004158,locked_778,"[0, 1, 2, 3, 4, 5, 6, 7, 8, 9, 20, 21, 22, 23, 24, 25, 26, 27, 28, 29]","[10, 11, 12, 13, 14, 15, 16, 17, 18, 19, 30, 31, 32, 33]",R.xyz_atom_subset_NOT_optimized,R.xyz_atom_subset_NOT_optimized,34,20,14,0,0,0,1,1
288,dipolar_004173,spec16,"[10, 11, 12, 13, 14, 15, 16, 17, 18, 27, 28, 29, 30, 31, 32, 33, 34, 35, 36, 37, 38, 39, 40]","[0, 1, 2, 3, 4, 5, 6, 7, 8, 9, 19, 20, 21, 22, 23, 24, 25, 26]",opt.xyz_isolated_fragment_opt,opt.xyz_isolated_fragment_opt,41,23,18,0,0,0,1,1
289,dipolar_004177,spec16,"[6, 7, 8, 9, 10, 11, 12, 13, 14, 25, 26, 27, 28, 29, 30, 31, 32, 33, 34, 35, 36, 37, 38]","[0, 1, 2, 3, 4, 5, 15, 16, 17, 18, 19, 20, 21, 22, 23, 24, 39, 40]",opt.xyz_isolated_fragment_opt,opt.xyz_isolated_fragment_opt,41,23,18,0,0,0,1,1
290,dipolar_004181,locked_778,"[0, 1, 2, 3, 4, 13, 14, 15, 16, 17, 18, 19, 20, 21, 22, 23, 26, 27, 28, 29, 30]","[5, 6, 7, 8, 9, 10, 11, 12, 24, 25]",R.xyz_atom_subset_NOT_optimized,R.xyz_atom_subset_NOT_optimized,31,21,10,0,0,0,1,1
291,dipolar_004182,locked_778,"[0, 1, 2, 3, 4, 5, 6, 7, 8, 9, 10, 11, 12, 19, 20, 21, 22, 23, 24]","[13, 14, 15, 16, 17, 18, 25, 26, 27, 28, 29, 30, 31, 32, 33, 34, 35, 36]",R.xyz_atom_subset_NOT_optimized,R.xyz_atom_subset_NOT_optimized,37,19,18,0,0,0,1,1
292,dipolar_004207,spec16,"[13, 14, 15, 16, 17, 18, 27, 28, 29, 30, 31, 32, 33, 34]","[0, 1, 2, 3, 4, 5, 6, 7, 8, 9, 10, 11, 12, 19, 20, 21, 22, 23, 24, 25, 26]",opt.xyz_isolated_fragment_opt,opt.xyz_isolated_fragment_opt,35,14,21,0,0,0,1,1
293,dipolar_004241,spec16,"[0, 1, 2, 3, 4, 5, 6, 7, 8, 9, 10, 11, 20, 21, 22, 23, 24, 25]","[12, 13, 14, 15, 16, 17, 18, 19, 26, 27]",opt.xyz_isolated_fragment_opt,opt.xyz_isolated_fragment_opt,28,18,10,-2,0,-2,1,1
294,dipolar_004283,spec16,"[0, 1, 2, 3, 4, 5, 6, 7, 8, 19, 20, 21, 22, 23, 24, 25, 26, 27, 28, 29, 30, 31, 32]","[9, 10, 11, 12, 13, 14, 15, 16, 17, 18, 33, 34, 35, 36, 37, 38, 39, 40, 41, 42, 43, 44, 45]",opt.xyz_isolated_fragment_opt,opt.xyz_isolated_fragment_opt,46,23,23,0,0,0,1,1
295,dipolar_004305,spec16,"[10, 11, 12, 13, 14, 15, 16, 17, 18, 19, 29, 30, 31, 32, 33, 34, 35, 36, 37, 38]","[0, 1, 2, 3, 4, 5, 6, 7, 8, 9, 20, 21, 22, 23, 24, 25, 26, 27, 28]",opt.xyz_isolated_fragment_opt,opt.xyz_isolated_fragment_opt,39,20,19,0,0,0,1,1
296,dipolar_004328,spec16,"[0, 1, 2, 3, 4, 5, 6, 7, 8, 9, 20, 21, 22, 23, 24, 25, 26, 27, 28, 29]","[10, 11, 12, 13, 14, 15, 16, 17, 18, 19, 30, 31, 32, 33, 34, 35, 36, 37, 38, 39]",opt.xyz_isolated_fragment_opt,opt.xyz_isolated_fragment_opt,40,20,20,0,0,0,1,1
297,dipolar_004359,locked_778,"[0, 1, 2, 3, 4, 11, 12, 13, 14, 15, 16, 17, 18, 19, 20, 21, 22, 23, 24, 25, 26, 27, 28, 41, 42, 43, 44, 45]","[5, 6, 7, 8, 9, 10, 29, 30, 31, 32, 33, 34, 35, 36, 37, 38, 39, 40]",R.xyz_atom_subset_NOT_optimized,R.xyz_atom_subset_NOT_optimized,46,28,18,0,0,0,1,1
298,dipolar_004383,locked_778,"[0, 1, 2, 3, 4, 5, 6, 7, 8, 9, 10, 11, 12, 13, 20, 21, 22, 23, 24, 25, 26, 27, 28, 29, 30]","[14, 15, 16, 17, 18, 19, 31, 32, 33, 34, 35, 36, 37, 38]",R.xyz_atom_subset_NOT_optimized,R.xyz_atom_subset_NOT_optimized,39,25,14,0,0,0,1,1
299,dipolar_004413,locked_778,"[0, 1, 2, 3, 4, 5, 17, 18, 19, 20, 21, 22, 23, 24, 25, 26, 27, 36, 37, 38, 39, 40, 41]","[6, 7, 8, 9, 10, 11, 12, 13, 14, 15, 16, 28, 29, 30, 31, 32, 33, 34, 35]",R.xyz_atom_subset_NOT_optimized,R.xyz_atom_subset_NOT_optimized,42,23,19,0,0,0,1,1
300,dipolar_004417,locked_778,"[0, 1, 2, 3, 4, 5, 6, 7, 8, 9, 20, 21, 22, 23, 24, 25, 26]","[10, 11, 12, 13, 14, 15, 16, 17, 18, 19, 27, 28, 29, 30, 31, 32, 33, 34, 35, 36]",R.xyz_atom_subset_NOT_optimized,R.xyz_atom_subset_NOT_optimized,37,17,20,0,0,0,1,1
301,dipolar_004419,spec16,"[0, 1, 2, 3, 4, 5, 6, 7, 8, 9, 10, 11, 20, 21, 22, 23, 24, 25, 26, 27, 28, 29]","[12, 13, 14, 15, 16, 17, 18, 19, 30, 31]",opt.xyz_isolated_fragment_opt,opt.xyz_isolated_fragment_opt,32,22,10,-2,0,-2,1,1
302,dipolar_004439,locked_778,"[0, 1, 2, 3, 4, 5, 6, 7, 8, 9, 10, 11, 20, 21, 22, 23, 24, 25, 26, 27, 28, 29, 30, 31, 32]","[12, 13, 14, 15, 16, 17, 18, 19, 33, 34]",R.xyz_atom_subset_NOT_optimized,R.xyz_atom_subset_NOT_optimized,35,25,10,0,0,0,1,1
303,dipolar_004446,spec16,"[0, 1, 2, 3, 4, 5, 17, 18, 19, 20, 21, 22, 23, 24, 25, 26, 27, 34, 35, 36, 37, 38, 39]","[6, 7, 8, 9, 10, 11, 12, 13, 14, 15, 16, 28, 29, 30, 31, 32, 33]",opt.xyz_isolated_fragment_opt,opt.xyz_isolated_fragment_opt,40,23,17,0,0,0,1,1
304,dipolar_004447,locked_778,"[0, 1, 2, 3, 4, 5, 6, 7, 8, 9, 10, 20, 21, 22, 23, 24, 25]","[11, 12, 13, 14, 15, 16, 17, 18, 19, 26, 27, 28, 29, 30, 31, 32, 33, 34, 35, 36, 37, 38, 39]",R.xyz_atom_subset_NOT_optimized,R.xyz_atom_subset_NOT_optimized,40,17,23,0,0,0,1,1
305,dipolar_004448,spec16,"[11, 12, 13, 14, 15, 16, 17, 18, 19, 26, 27, 28, 29, 30, 31, 32, 33, 34, 35, 36, 37, 38, 39]","[0, 1, 2, 3, 4, 5, 6, 7, 8, 9, 10, 20, 21, 22, 23, 24, 25]",opt.xyz_isolated_fragment_opt,opt.xyz_isolated_fragment_opt,40,23,17,0,0,0,1,1
306,dipolar_004453,spec16,"[0, 1, 2, 3, 4, 5, 6, 7, 8, 9, 10, 11, 20, 21, 22, 23, 24, 25, 26, 27, 28, 29, 30, 31]","[12, 13, 14, 15, 16, 17, 18, 19, 32, 33]",opt.xyz_isolated_fragment_opt,opt.xyz_isolated_fragment_opt,34,24,10,-2,0,-2,1,1
307,dipolar_004489,spec16,"[0, 1, 2, 3, 15, 16, 17, 18, 19, 20, 21, 22, 23, 24, 25, 38, 39, 40, 41, 42, 43, 44, 45]","[4, 5, 6, 7, 8, 9, 10, 11, 12, 13, 14, 26, 27, 28, 29, 30, 31, 32, 33, 34, 35, 36, 37]",opt.xyz_isolated_fragment_opt,opt.xyz_isolated_fragment_opt,46,23,23,0,0,0,1,1
308,dipolar_004494,locked_778,"[0, 1, 2, 3, 4, 5, 6, 7, 8, 21, 22, 23, 24, 25, 26, 27, 28, 29, 30, 31, 32, 33, 34]","[9, 10, 11, 12, 13, 14, 15, 16, 17, 18, 19, 20, 35, 36, 37, 38, 39, 40, 41, 42]",R.xyz_atom_subset_NOT_optimized,R.xyz_atom_subset_NOT_optimized,43,23,20,0,0,0,1,1
309,dipolar_004535,spec16,"[0, 1, 2, 3, 4, 5, 18, 19, 20, 21, 22, 23, 24, 25, 26, 27, 28, 35, 36, 37, 38, 39, 40]","[6, 7, 8, 9, 10, 11, 12, 13, 14, 15, 16, 17, 29, 30, 31, 32, 33, 34]",opt.xyz_isolated_fragment_opt,opt.xyz_isolated_fragment_opt,41,23,18,0,0,0,1,1
310,dipolar_004537,locked_778,"[0, 1, 2, 3, 4, 5, 6, 7, 8, 9, 10, 11, 21, 22, 23, 24, 25, 26]","[12, 13, 14, 15, 16, 17, 18, 19, 20, 27, 28, 29, 30, 31, 32, 33, 34, 35, 36, 37, 38, 39, 40]",R.xyz_atom_subset_NOT_optimized,R.xyz_atom_subset_NOT_optimized,41,18,23,0,0,0,1,1
311,dipolar_004557,locked_778,"[0, 1, 2, 3, 16, 17, 18, 19, 20, 21, 22, 23, 24, 25, 26, 34, 35, 36, 37, 38, 39, 40, 41]","[4, 5, 6, 7, 8, 9, 10, 11, 12, 13, 14, 15, 27, 28, 29, 30, 31, 32, 33]",R.xyz_atom_subset_NOT_optimized,R.xyz_atom_subset_NOT_optimized,42,23,19,0,0,0,1,1
312,dipolar_004574,spec16,"[5, 6, 7, 8, 9, 10, 11, 12, 13, 25, 26, 27, 28, 29, 30, 31, 32, 33, 34, 35, 36, 37, 38]","[0, 1, 2, 3, 4, 14, 15, 16, 17, 18, 19, 20, 21, 22, 23, 24]",opt.xyz_isolated_fragment_opt,opt.xyz_isolated_fragment_opt,39,23,16,0,0,0,1,1
313,dipolar_004576,locked_778,"[0, 1, 2, 3, 4, 5, 6, 7, 8, 21, 22, 23, 24, 25, 26, 27, 28, 29, 30, 31, 32, 33, 34]","[9, 10, 11, 12, 13, 14, 15, 16, 17, 18, 19, 20, 35, 36, 37, 38]",R.xyz_atom_subset_NOT_optimized,R.xyz_atom_subset_NOT_optimized,39,23,16,0,0,0,1,1
314,dipolar_004578,spec16,"[9, 10, 11, 12, 13, 14, 15, 16, 17, 25, 26, 27, 28, 29, 30, 31, 32, 33, 34, 35, 36, 37, 38]","[0, 1, 2, 3, 4, 5, 6, 7, 8, 18, 19, 20, 21, 22, 23, 24]",opt.xyz_isolated_fragment_opt,opt.xyz_isolated_fragment_opt,39,23,16,0,0,0,1,1
315,dipolar_004580,spec16,"[7, 8, 9, 10, 24, 25, 26, 27, 28, 29, 30, 31]","[0, 1, 2, 3, 4, 5, 6, 11, 12, 13, 14, 15, 16, 17, 18, 19, 20, 21, 22, 23, 32, 33, 34, 35, 36, 37, 38, 39, 40, 41, 42]",opt.xyz_isolated_fragment_opt,opt.xyz_isolated_fragment_opt,43,12,31,0,0,0,1,1
316,dipolar_004582,locked_778,"[0, 1, 2, 3, 4, 5, 6, 7, 8, 9, 10, 11, 12, 13, 14, 15, 16, 21, 22, 23, 24, 25, 26, 27, 28, 29, 30, 31, 32]","[17, 18, 19, 20, 33, 34, 35, 36, 37, 38, 39, 40]",R.xyz_atom_subset_NOT_optimized,R.xyz_atom_subset_NOT_optimized,41,29,12,0,0,0,1,1
317,dipolar_004594,locked_778,"[0, 1, 2, 3, 4, 20, 21, 22, 23, 24, 25, 26, 27]","[5, 6, 7, 8, 9, 10, 11, 12, 13, 14, 15, 16, 17, 18, 19, 28, 29, 30, 31, 32, 33, 34, 35, 36, 37, 38, 39, 40]",R.xyz_atom_subset_NOT_optimized,R.xyz_atom_subset_NOT_optimized,41,13,28,-1,-1,0,1,1
318,dipolar_004652,locked_778,"[0, 1, 2, 3, 4, 5, 6, 7, 8, 9, 10, 21, 22, 23, 24, 25, 26, 27, 28, 29, 30]","[11, 12, 13, 14, 15, 16, 17, 18, 19, 20, 31, 32, 33, 34, 35, 36, 37, 38, 39, 40]",R.xyz_atom_subset_NOT_optimized,R.xyz_atom_subset_NOT_optimized,41,21,20,0,0,0,1,1
319,dipolar_004654,locked_778,"[0, 1, 2, 3, 4, 5, 6, 7, 8, 9, 10, 21, 22, 23, 24, 25, 26, 27, 28, 29, 30]","[11, 12, 13, 14, 15, 16, 17, 18, 19, 20, 31, 32, 33, 34, 35, 36, 37, 38, 39, 40]",R.xyz_atom_subset_NOT_optimized,R.xyz_atom_subset_NOT_optimized,41,21,20,0,0,0,1,1
320,dipolar_004662,locked_778,"[0, 1, 2, 3, 4, 5, 6, 7, 8, 9, 10, 11, 21, 22, 23, 24, 25, 26, 27, 28, 29, 30, 31, 32]","[12, 13, 14, 15, 16, 17, 18, 19, 20, 33, 34, 35, 36, 37, 38, 39, 40, 41, 42, 43, 44, 45, 46]",R.xyz_atom_subset_NOT_optimized,R.xyz_atom_subset_NOT_optimized,47,24,23,0,0,0,1,1
321,dipolar_004717,spec16,"[12, 13, 14, 15, 16, 17, 18, 19, 20, 21, 26, 27, 28, 29, 30, 31, 32, 33, 34, 35]","[0, 1, 2, 3, 4, 5, 6, 7, 8, 9, 10, 11, 22, 23, 24, 25]",opt.xyz_isolated_fragment_opt,opt.xyz_isolated_fragment_opt,36,20,16,0,0,0,1,1
322,dipolar_004748,locked_778,"[0, 1, 2, 3, 4, 5, 6, 7, 8, 9, 10, 11, 12, 13, 14, 15, 22, 23, 24, 25, 26, 27, 28, 29, 30, 31, 32, 33, 34]","[16, 17, 18, 19, 20, 21, 35, 36, 37, 38, 39, 40, 41, 42]",R.xyz_atom_subset_NOT_optimized,R.xyz_atom_subset_NOT_optimized,43,29,14,0,0,0,1,1
323,dipolar_004752,locked_778,"[0, 1, 2, 3, 4, 5, 6, 7, 8, 9, 10, 11, 12, 13, 22, 23, 24, 25, 26, 27, 28, 29, 30, 31, 32]","[14, 15, 16, 17, 18, 19, 20, 21, 33, 34, 35, 36]",R.xyz_atom_subset_NOT_optimized,R.xyz_atom_subset_NOT_optimized,37,25,12,0,0,0,1,1
324,dipolar_004757,spec16,"[0, 1, 2, 3, 4, 5, 19, 20, 21, 22, 23, 24, 25, 26, 27, 28, 29, 40, 41, 42, 43, 44, 45]","[6, 7, 8, 9, 10, 11, 12, 13, 14, 15, 16, 17, 18, 30, 31, 32, 33, 34, 35, 36, 37, 38, 39]",opt.xyz_isolated_fragment_opt,opt.xyz_isolated_fragment_opt,46,23,23,0,0,0,1,1
325,dipolar_004759,spec16,"[16, 17, 18, 19, 20, 21, 33, 34, 35, 36, 37, 38, 39, 40, 41, 42, 43, 44]","[0, 1, 2, 3, 4, 5, 6, 7, 8, 9, 10, 11, 12, 13, 14, 15, 22, 23, 24, 25, 26, 27, 28, 29, 30, 31, 32]",opt.xyz_isolated_fragment_opt,opt.xyz_isolated_fragment_opt,45,18,27,0,0,0,1,1
326,dipolar_004762,spec16,"[8, 9, 28, 29, 30, 31]","[0, 1, 2, 3, 4, 5, 6, 7, 10, 11, 12, 13, 14, 15, 16, 17, 18, 19, 20, 21, 22, 23, 24, 25, 26, 27, 32, 33, 34, 35, 36, 37, 38, 39]",opt.xyz_isolated_fragment_opt,opt.xyz_isolated_fragment_opt,40,6,34,0,0,0,1,1
327,dipolar_004770,locked_778,"[0, 1, 2, 3, 4, 5, 6, 7, 8, 22, 23, 24, 25, 26, 27, 28, 29, 30, 31, 38]","[9, 10, 11, 12, 13, 14, 15, 16, 17, 18, 19, 20, 21, 32, 33, 34, 35, 36, 37]",R.xyz_atom_subset_NOT_optimized,R.xyz_atom_subset_NOT_optimized,39,20,19,0,0,0,1,1
328,dipolar_004773,spec16,"[15, 16, 17, 18, 19, 20, 33, 34, 35, 36, 37, 38, 39, 40, 41, 42, 43, 44]","[0, 1, 2, 3, 4, 5, 6, 7, 8, 9, 10, 11, 12, 13, 14, 21, 22, 23, 24, 25, 26, 27, 28, 29, 30, 31, 32]",opt.xyz_isolated_fragment_opt,opt.xyz_isolated_fragment_opt,45,18,27,0,0,0,1,1
329,dipolar_004790,spec16,"[0, 1, 2, 3, 4, 5, 6, 7, 8, 9, 10, 11, 22, 23, 24, 25, 26, 27, 28, 29, 30]","[12, 13, 14, 15, 16, 17, 18, 19, 20, 21, 31, 32, 33, 34, 35, 36, 37, 38, 39, 40]",opt.xyz_isolated_fragment_opt,opt.xyz_isolated_fragment_opt,41,21,20,0,0,0,1,1
330,dipolar_004797,spec16,"[12, 13, 14, 15, 16, 17, 18, 19, 20, 21, 30, 31, 32, 33, 34, 35, 36, 37, 38, 39]","[0, 1, 2, 3, 4, 5, 6, 7, 8, 9, 10, 11, 22, 23, 24, 25, 26, 27, 28, 29]",opt.xyz_isolated_fragment_opt,opt.xyz_isolated_fragment_opt,40,20,20,0,0,0,1,1
331,dipolar_004798,locked_778,"[0, 1, 2, 3, 4, 5, 6, 7, 8, 9, 10, 11, 22, 23, 24, 25, 26, 27, 28, 29]","[12, 13, 14, 15, 16, 17, 18, 19, 20, 21, 30, 31, 32, 33, 34, 35, 36, 37, 38, 39]",R.xyz_atom_subset_NOT_optimized,R.xyz_atom_subset_NOT_optimized,40,20,20,0,0,0,1,1
332,dipolar_004821,spec16,"[16, 17, 18, 19, 20, 21, 34, 35, 36, 37, 38, 39, 40, 41, 42, 43, 44, 45]","[0, 1, 2, 3, 4, 5, 6, 7, 8, 9, 10, 11, 12, 13, 14, 15, 22, 23, 24, 25, 26, 27, 28, 29, 30, 31, 32, 33]",opt.xyz_isolated_fragment_opt,opt.xyz_isolated_fragment_opt,46,18,28,0,0,0,1,1
333,dipolar_004845,locked_778,"[0, 1, 2, 3, 4, 5, 6, 7, 8, 18, 19, 20, 21, 22, 23, 24, 25, 26, 27, 28, 43, 44]","[9, 10, 11, 12, 13, 14, 15, 16, 17, 29, 30, 31, 32, 33, 34, 35, 36, 37, 38, 39, 40, 41, 42]",R.xyz_atom_subset_NOT_optimized,R.xyz_atom_subset_NOT_optimized,45,22,23,0,0,0,1,1
334,dipolar_004857,locked_778,"[0, 1, 2, 3, 4, 5, 6, 7, 8, 18, 19, 20, 21, 22, 23, 24, 25, 26, 27, 42]","[9, 10, 11, 12, 13, 14, 15, 16, 17, 28, 29, 30, 31, 32, 33, 34, 35, 36, 37, 38, 39, 40, 41]",R.xyz_atom_subset_NOT_optimized,R.xyz_atom_subset_NOT_optimized,43,20,23,0,0,0,1,1
335,dipolar_004885,spec16,"[0, 1, 2, 3, 4, 5, 6, 7, 8, 23, 24, 25, 26, 27, 28, 29, 30, 31, 32, 33, 34, 35, 36]","[9, 10, 11, 12, 13, 14, 15, 16, 17, 18, 19, 20, 21, 22, 37, 38, 39, 40, 41, 42, 43]",opt.xyz_isolated_fragment_opt,opt.xyz_isolated_fragment_opt,44,23,21,0,0,0,1,1
336,dipolar_004892,locked_778,"[0, 1, 2, 3, 13, 14, 15, 16, 17, 18, 19, 20, 21, 22, 23, 24, 25, 40, 41, 42, 43, 44, 45, 46, 47, 48]","[4, 5, 6, 7, 8, 9, 10, 11, 12, 26, 27, 28, 29, 30, 31, 32, 33, 34, 35, 36, 37, 38, 39]",R.xyz_atom_subset_NOT_optimized,R.xyz_atom_subset_NOT_optimized,49,26,23,0,0,0,1,1
337,dipolar_004918,locked_778,"[0, 1, 2, 3, 4, 5, 6, 7, 8, 9, 10, 11, 12, 23, 24, 25, 26, 27, 28]","[13, 14, 15, 16, 17, 18, 19, 20, 21, 22, 29, 30, 31, 32, 33, 34, 35, 36, 37, 38]",R.xyz_atom_subset_NOT_optimized,R.xyz_atom_subset_NOT_optimized,39,19,20,0,0,0,1,1
338,dipolar_004919,locked_778,"[16, 17, 18, 19, 20, 21, 22, 23, 37, 38, 39, 40]","[0, 1, 2, 3, 4, 5, 6, 7, 8, 9, 10, 11, 12, 13, 14, 15, 24, 25, 26, 27, 28, 29, 30, 31, 32, 33, 34, 35, 36]",R.xyz_atom_subset_NOT_optimized,R.xyz_atom_subset_NOT_optimized,41,12,29,0,0,0,1,1
339,dipolar_004941,locked_778,"[0, 1, 2, 3, 4, 5, 6, 7, 8, 23, 24, 25, 26, 27, 28, 29, 30, 31, 32, 33, 34, 35, 36]","[9, 10, 11, 12, 13, 14, 15, 16, 17, 18, 19, 20, 21, 22, 37, 38, 39, 40, 41, 42, 43, 44, 45, 46, 47, 48]",R.xyz_atom_subset_NOT_optimized,R.xyz_atom_subset_NOT_optimized,49,23,26,0,0,0,1,1
340,dipolar_004948,spec16,"[0, 1, 2, 3, 4, 5, 6, 7, 8, 9, 10, 11, 12, 23, 24, 25, 26, 27, 28, 29, 30, 31, 32, 33, 34]","[13, 14, 15, 16, 17, 18, 19, 20, 21, 22, 35, 36, 37, 38, 39, 40, 41, 42, 43, 44]",opt.xyz_isolated_fragment_opt,opt.xyz_isolated_fragment_opt,45,25,20,0,0,0,1,1
341,dipolar_004963,spec16,"[8, 9, 10, 11, 12, 13, 14, 15, 16, 29, 30, 31, 32, 33, 34, 35, 36, 37, 38, 39, 40, 41, 42]","[0, 1, 2, 3, 4, 5, 6, 7, 17, 18, 19, 20, 21, 22, 23, 24, 25, 26, 27, 28, 43]",opt.xyz_isolated_fragment_opt,opt.xyz_isolated_fragment_opt,44,23,21,0,0,0,1,1
342,dipolar_004986,spec16,"[9, 10, 11, 12, 13, 14, 15, 16, 17, 18, 19, 20, 21, 22, 29, 30, 31, 32, 33, 34, 35, 36, 37, 38, 39, 40]","[0, 1, 2, 3, 4, 5, 6, 7, 8, 23, 24, 25, 26, 27, 28]",opt.xyz_isolated_fragment_opt,opt.xyz_isolated_fragment_opt,41,26,15,0,0,0,1,1
343,dipolar_004992,spec16,"[17, 18, 19, 20, 21, 22, 34, 35, 36, 37, 38, 39, 40, 41, 42, 43, 44, 45]","[0, 1, 2, 3, 4, 5, 6, 7, 8, 9, 10, 11, 12, 13, 14, 15, 16, 23, 24, 25, 26, 27, 28, 29, 30, 31, 32, 33]",opt.xyz_isolated_fragment_opt,opt.xyz_isolated_fragment_opt,46,18,28,0,0,0,1,1
344,dipolar_005066,locked_778,"[0, 1, 2, 3, 4, 5, 20, 21, 22, 23, 24, 25, 26, 27, 28, 29, 30, 41, 42, 43, 44, 45, 46]","[6, 7, 8, 9, 10, 11, 12, 13, 14, 15, 16, 17, 18, 19, 31, 32, 33, 34, 35, 36, 37, 38, 39, 40]",R.xyz_atom_subset_NOT_optimized,R.xyz_atom_subset_NOT_optimized,47,23,24,0,0,0,1,1
345,dipolar_005068,spec16,"[14, 15, 16, 17, 18, 19, 20, 21, 22, 33, 34, 35, 36, 37, 38, 39, 40, 41, 42, 43, 44, 45, 46]","[0, 1, 2, 3, 4, 5, 6, 7, 8, 9, 10, 11, 12, 13, 23, 24, 25, 26, 27, 28, 29, 30, 31, 32]",opt.xyz_isolated_fragment_opt,opt.xyz_isolated_fragment_opt,47,23,24,0,0,0,1,1
346,dipolar_005073,spec16,"[0, 1, 2, 3, 4, 5, 20, 21, 22, 23, 24, 25, 26, 27, 28, 29, 30, 41, 42, 43, 44, 45, 46]","[6, 7, 8, 9, 10, 11, 12, 13, 14, 15, 16, 17, 18, 19, 31, 32, 33, 34, 35, 36, 37, 38, 39, 40]",opt.xyz_isolated_fragment_opt,opt.xyz_isolated_fragment_opt,47,23,24,0,0,0,1,1
347,dipolar_005107,spec16,"[15, 16, 17, 18, 19, 20, 21, 22, 23, 35, 36, 37, 38, 39, 40, 41, 42, 43, 44, 45, 46, 47, 48]","[0, 1, 2, 3, 4, 5, 6, 7, 8, 9, 10, 11, 12, 13, 14, 24, 25, 26, 27, 28, 29, 30, 31, 32, 33, 34]",opt.xyz_isolated_fragment_opt,opt.xyz_isolated_fragment_opt,49,23,26,0,0,0,1,1
348,dipolar_005117,spec16,"[7, 8, 9, 10, 11, 12, 13, 14, 15, 27, 28, 29, 30, 31, 32, 33, 34, 35, 36, 37, 38, 39, 40]","[0, 1, 2, 3, 4, 5, 6, 16, 17, 18, 19, 20, 21, 22, 23, 24, 25, 26, 41, 42, 43, 44, 45, 46]",opt.xyz_isolated_fragment_opt,opt.xyz_isolated_fragment_opt,47,23,24,0,0,0,1,1
349,dipolar_005125,locked_778,"[0, 1, 2, 3, 4, 5, 6, 7, 8, 9, 10, 20, 21, 22, 23, 24, 25, 26, 27, 28, 29, 30, 31, 46]","[11, 12, 13, 14, 15, 16, 17, 18, 19, 32, 33, 34, 35, 36, 37, 38, 39, 40, 41, 42, 43, 44, 45]",R.xyz_atom_subset_NOT_optimized,R.xyz_atom_subset_NOT_optimized,47,24,23,0,0,0,1,1
350,dipolar_005133,locked_778,"[0, 1, 2, 3, 4, 5, 6, 7, 8, 24, 25, 26, 27, 28, 29, 30, 31, 32, 33, 34, 35, 36, 37]","[9, 10, 11, 12, 13, 14, 15, 16, 17, 18, 19, 20, 21, 22, 23, 38, 39, 40, 41, 42, 43, 44, 45, 46, 47, 48]",R.xyz_atom_subset_NOT_optimized,R.xyz_atom_subset_NOT_optimized,49,23,26,0,0,0,1,1
351,dipolar_005147,spec16,"[0, 1, 2, 3, 4, 5, 6, 7, 8, 23, 24, 25, 26, 27, 28, 29, 30, 31, 32, 33]","[9, 10, 11, 12, 13, 14, 15, 16, 17, 18, 19, 20, 21, 22, 34, 35, 36, 37, 38, 39, 40, 41, 42, 43, 44, 45]",opt.xyz_isolated_fragment_opt,opt.xyz_isolated_fragment_opt,46,20,26,0,0,0,1,1
352,dipolar_005148,locked_778,"[0, 1, 2, 3, 4, 5, 6, 7, 8, 9, 10, 11, 12, 13, 14, 15, 16, 23, 24, 25, 26, 27, 28, 29, 30, 31, 32]","[17, 18, 19, 20, 21, 22, 33, 34, 35, 36, 37, 38, 39, 40, 41, 42, 43, 44]",R.xyz_atom_subset_NOT_optimized,R.xyz_atom_subset_NOT_optimized,45,27,18,0,0,0,1,1
353,dipolar_005155,locked_778,"[0, 1, 2, 3, 4, 5, 6, 7, 8, 24, 25, 26, 27, 28, 29, 30, 31, 32, 33, 34, 35, 36, 37]","[9, 10, 11, 12, 13, 14, 15, 16, 17, 18, 19, 20, 21, 22, 23, 38, 39, 40, 41, 42, 43, 44, 45, 46, 47, 48]",R.xyz_atom_subset_NOT_optimized,R.xyz_atom_subset_NOT_optimized,49,23,26,0,0,0,1,1
354,dipolar_005220,locked_778,"[0, 1, 2, 3, 4, 5, 6, 7, 8, 9, 10, 11, 12, 13, 14, 15, 16, 17, 18, 25, 26, 27, 28, 29, 30, 31, 32, 33, 34, 35, 36, 37, 38]","[19, 20, 21, 22, 23, 24, 39, 40, 41, 42, 43, 44, 45, 46]",R.xyz_atom_subset_NOT_optimized,R.xyz_atom_subset_NOT_optimized,47,33,14,0,0,0,1,1
355,dipolar_005221,spec16,"[19, 20, 21, 22, 23, 24, 39, 40, 41, 42, 43, 44, 45, 46]","[0, 1, 2, 3, 4, 5, 6, 7, 8, 9, 10, 11, 12, 13, 14, 15, 16, 17, 18, 25, 26, 27, 28, 29, 30, 31, 32, 33, 34, 35, 36, 37, 38]",opt.xyz_isolated_fragment_opt,opt.xyz_isolated_fragment_opt,47,14,33,0,0,0,1,1
356,dipolar_005272,locked_778,"[0, 1, 2, 3, 4, 5, 6, 7, 8, 11, 12, 13, 14, 15, 16, 17, 18, 19, 20, 21, 22, 23, 24, 25, 26, 27, 28, 29, 30, 31, 32, 37, 38, 39, 40, 41, 42, 43, 44, 45, 46]","[9, 10, 33, 34, 35, 36]",R.xyz_atom_subset_NOT_optimized,R.xyz_atom_subset_NOT_optimized,47,41,6,0,0,0,1,1
357,dipolar_005283,spec16,"[0, 1, 2, 3, 4, 5, 6, 7, 8, 9, 10, 11, 12, 13, 14, 25, 26, 27, 28, 29, 30, 31, 32, 33, 34, 35]","[15, 16, 17, 18, 19, 20, 21, 22, 23, 24, 36, 37, 38, 39, 40, 41, 42, 43, 44, 45]",opt.xyz_isolated_fragment_opt,opt.xyz_isolated_fragment_opt,46,26,20,0,0,0,1,1
358,dipolar_005286,spec16,"[0, 1, 2, 3, 4, 5, 6, 7, 8, 9, 10, 11, 12, 13, 14, 25, 26, 27, 28, 29, 30, 31, 32, 33, 34, 35]","[15, 16, 17, 18, 19, 20, 21, 22, 23, 24, 36, 37, 38, 39, 40, 41, 42, 43, 44, 45]",opt.xyz_isolated_fragment_opt,opt.xyz_isolated_fragment_opt,46,26,20,0,0,0,1,1
359,dipolar_005320,locked_778,"[0, 1, 2, 3, 4, 5, 6, 7, 8, 9, 10, 11, 12, 13, 14, 15, 16, 17, 18, 25, 26, 27, 28, 29, 30, 31, 32, 33, 34, 35, 36, 37, 38]","[19, 20, 21, 22, 23, 24, 39, 40, 41, 42, 43, 44, 45, 46, 47, 48, 49, 50]",R.xyz_atom_subset_NOT_optimized,R.xyz_atom_subset_NOT_optimized,51,33,18,0,0,0,1,1
360,dipolar_005323,locked_778,"[0, 1, 2, 3, 4, 5, 21, 22, 23, 24, 25, 26, 27, 28, 29, 30, 31, 45, 46, 47, 48, 49, 50]","[6, 7, 8, 9, 10, 11, 12, 13, 14, 15, 16, 17, 18, 19, 20, 32, 33, 34, 35, 36, 37, 38, 39, 40, 41, 42, 43, 44]",R.xyz_atom_subset_NOT_optimized,R.xyz_atom_subset_NOT_optimized,51,23,28,0,0,0,1,1
361,dipolar_005324,spec16,"[9, 10, 11, 12, 13, 14, 15, 16, 17, 31, 32, 33, 34, 35, 36, 37, 38, 39, 40, 41, 42, 43, 44]","[0, 1, 2, 3, 4, 5, 6, 7, 8, 18, 19, 20, 21, 22, 23, 24, 25, 26, 27, 28, 29, 30, 45, 46, 47, 48, 49, 50]",opt.xyz_isolated_fragment_opt,opt.xyz_isolated_fragment_opt,51,23,28,0,0,0,1,1
362,dipolar_005326,spec16,"[0, 1, 2, 3, 4, 5, 6, 7, 8, 24, 25, 26, 27, 28, 29, 30, 31, 32, 33, 34, 35, 36, 37]","[9, 10, 11, 12, 13, 14, 15, 16, 17, 18, 19, 20, 21, 22, 23, 38, 39, 40, 41, 42, 43, 44, 45, 46, 47, 48, 49, 50]",opt.xyz_isolated_fragment_opt,opt.xyz_isolated_fragment_opt,51,23,28,0,0,0,1,1
363,dipolar_005327,spec16,"[0, 1, 2, 3, 4, 5, 21, 22, 23, 24, 25, 26, 27, 28, 29, 30, 31, 47, 48, 49, 50, 51, 52]","[6, 7, 8, 9, 10, 11, 12, 13, 14, 15, 16, 17, 18, 19, 20, 32, 33, 34, 35, 36, 37, 38, 39, 40, 41, 42, 43, 44, 45, 46]",opt.xyz_isolated_fragment_opt,opt.xyz_isolated_fragment_opt,53,23,30,0,0,0,1,1
364,dipolar_005328,spec16,"[0, 1, 2, 3, 4, 5, 6, 7, 8, 24, 25, 26, 27, 28, 29, 30, 31, 32, 33, 34, 35, 36, 37]","[9, 10, 11, 12, 13, 14, 15, 16, 17, 18, 19, 20, 21, 22, 23, 38, 39, 40, 41, 42, 43, 44, 45, 46, 47, 48, 49, 50, 51, 52]",opt.xyz_isolated_fragment_opt,opt.xyz_isolated_fragment_opt,53,23,30,0,0,0,1,1
365,dipolar_005355,spec16,"[19, 20, 21, 22, 23, 24, 41, 42, 43, 44, 45, 46, 47, 48]","[0, 1, 2, 3, 4, 5, 6, 7, 8, 9, 10, 11, 12, 13, 14, 15, 16, 17, 18, 25, 26, 27, 28, 29, 30, 31, 32, 33, 34, 35, 36, 37, 38, 39, 40]",opt.xyz_isolated_fragment_opt,opt.xyz_isolated_fragment_opt,49,14,35,0,0,0,1,1
366,dipolar_005356,locked_778,"[0, 1, 2, 3, 4, 5, 6, 7, 8, 9, 10, 11, 12, 13, 14, 15, 16, 17, 18, 25, 26, 27, 28, 29, 30, 31, 32, 33, 34, 35, 36, 37, 38, 39, 40]","[19, 20, 21, 22, 23, 24, 41, 42, 43, 44, 45, 46, 47, 48]",R.xyz_atom_subset_NOT_optimized,R.xyz_atom_subset_NOT_optimized,49,35,14,0,0,0,1,1
367,dipolar_005357,locked_778,"[0, 1, 2, 3, 4, 5, 6, 7, 8, 9, 10, 11, 12, 13, 14, 15, 16, 17, 18, 25, 26, 27, 28, 29, 30, 31, 32, 33, 34, 35, 36, 37]","[19, 20, 21, 22, 23, 24, 38, 39, 40, 41, 42, 43, 44, 45, 46, 47, 48, 49]",R.xyz_atom_subset_NOT_optimized,R.xyz_atom_subset_NOT_optimized,50,32,18,0,0,0,1,1
368,dipolar_005361,locked_778,"[0, 1, 2, 3, 4, 5, 22, 23, 24, 25, 26, 27, 28, 29, 30, 31, 32, 45, 46, 47, 48, 49, 50]","[6, 7, 8, 9, 10, 11, 12, 13, 14, 15, 16, 17, 18, 19, 20, 21, 33, 34, 35, 36, 37, 38, 39, 40, 41, 42, 43, 44]",R.xyz_atom_subset_NOT_optimized,R.xyz_atom_subset_NOT_optimized,51,23,28,0,0,0,1,1
369,dipolar_005378,spec16,"[6, 7, 8, 9, 10, 11, 12, 13, 14, 15, 32, 33, 34, 35, 36, 37, 38, 39, 40, 41]","[0, 1, 2, 3, 4, 5, 16, 17, 18, 19, 20, 21, 22, 23, 24, 25, 26, 27, 28, 29, 30, 31, 42, 43, 44, 45, 46, 47, 48, 49, 50]",opt.xyz_isolated_fragment_opt,opt.xyz_isolated_fragment_opt,51,20,31,0,0,0,1,1
370,dipolar_005423,spec16,"[11, 12, 13, 14, 15, 16, 17, 18, 19, 34, 35, 36, 37, 38, 39, 40, 41, 42, 43, 44, 45, 46, 47]","[0, 1, 2, 3, 4, 5, 6, 7, 8, 9, 10, 20, 21, 22, 23, 24, 25, 26, 27, 28, 29, 30, 31, 32, 33, 48]",opt.xyz_isolated_fragment_opt,opt.xyz_isolated_fragment_opt,49,23,26,0,0,0,1,1
371,dipolar_005425,locked_778,"[17, 18, 19, 20, 21, 22, 23, 24, 25, 35, 36, 37, 38, 39, 40, 41, 42, 43, 44, 45, 46, 47, 48]","[0, 1, 2, 3, 4, 5, 6, 7, 8, 9, 10, 11, 12, 13, 14, 15, 16, 26, 27, 28, 29, 30, 31, 32, 33, 34]",R.xyz_atom_subset_NOT_optimized,R.xyz_atom_subset_NOT_optimized,49,23,26,0,0,0,1,1
372,dipolar_005429,spec16,"[11, 12, 13, 14, 15, 16, 17, 18, 19, 20, 21, 22, 23, 24, 34, 35, 36, 37, 38, 39, 40, 41, 42, 43, 44, 45]","[0, 1, 2, 3, 4, 5, 6, 7, 8, 9, 10, 25, 26, 27, 28, 29, 30, 31, 32, 33]",opt.xyz_isolated_fragment_opt,opt.xyz_isolated_fragment_opt,46,26,20,0,0,0,1,1
373,dipolar_005435,locked_778,"[21, 22, 23, 24, 25, 41, 42, 43, 44, 45, 46, 47, 48]","[0, 1, 2, 3, 4, 5, 6, 7, 8, 9, 10, 11, 12, 13, 14, 15, 16, 17, 18, 19, 20, 26, 27, 28, 29, 30, 31, 32, 33, 34, 35, 36, 37, 38, 39, 40]",R.xyz_atom_subset_NOT_optimized,R.xyz_atom_subset_NOT_optimized,49,13,36,-1,-1,0,1,1
374,dipolar_005446,locked_778,"[0, 1, 2, 3, 4, 5, 6, 7, 8, 25, 26, 27, 28, 29, 30, 31, 32, 33, 34, 35, 36, 37, 38]","[9, 10, 11, 12, 13, 14, 15, 16, 17, 18, 19, 20, 21, 22, 23, 24, 39, 40, 41, 42, 43, 44, 45, 46, 47, 48, 49, 50]",R.xyz_atom_subset_NOT_optimized,R.xyz_atom_subset_NOT_optimized,51,23,28,0,0,0,1,1
375,dipolar_005460,spec16,"[15, 16, 17, 18, 19, 20, 21, 22, 23, 24, 39, 40, 41, 42, 43, 44, 45, 46, 47, 48]","[0, 1, 2, 3, 4, 5, 6, 7, 8, 9, 10, 11, 12, 13, 14, 25, 26, 27, 28, 29, 30, 31, 32, 33, 34, 35, 36, 37, 38]",opt.xyz_isolated_fragment_opt,opt.xyz_isolated_fragment_opt,49,20,29,0,0,0,1,1
376,dipolar_005468,spec16,"[0, 1, 2, 3, 4, 5, 6, 7, 8, 26, 27, 28, 29, 30, 31, 32, 33, 34, 35, 36, 37, 38, 39]","[9, 10, 11, 12, 13, 14, 15, 16, 17, 18, 19, 20, 21, 22, 23, 24, 25, 40, 41, 42, 43, 44, 45, 46, 47, 48, 49, 50, 51, 52, 53, 54, 55, 56]",opt.xyz_isolated_fragment_opt,opt.xyz_isolated_fragment_opt,57,23,34,0,0,0,1,1
377,dipolar_005480,locked_778,"[0, 1, 2, 3, 4, 5, 6, 7, 8, 9, 10, 11, 12, 13, 14, 25, 26, 27, 28, 29, 30, 31, 32, 33, 34, 35, 36, 37]","[15, 16, 17, 18, 19, 20, 21, 22, 23, 24, 38, 39, 40, 41, 42, 43, 44, 45, 46, 47]",R.xyz_atom_subset_NOT_optimized,R.xyz_atom_subset_NOT_optimized,48,28,20,0,0,0,1,1
378,dipolar_005508,spec16,"[17, 18, 19, 20, 21, 22, 23, 24, 25, 38, 39, 40, 41, 42, 43, 44, 45, 46, 47, 48, 49, 50, 51]","[0, 1, 2, 3, 4, 5, 6, 7, 8, 9, 10, 11, 12, 13, 14, 15, 16, 26, 27, 28, 29, 30, 31, 32, 33, 34, 35, 36, 37]",opt.xyz_isolated_fragment_opt,opt.xyz_isolated_fragment_opt,52,23,29,0,0,0,1,1
379,dipolar_005537,locked_778,"[0, 1, 2, 3, 4, 5, 6, 7, 8, 9, 10, 11, 12, 13, 14, 15, 16, 17, 18, 25, 26, 27, 28, 29, 30, 31, 32, 33, 34, 35, 36, 37, 38, 39]","[19, 20, 21, 22, 23, 24, 40, 41, 42, 43, 44, 45, 46, 47]",R.xyz_atom_subset_NOT_optimized,R.xyz_atom_subset_NOT_optimized,48,34,14,0,0,0,1,1
380,dipolar_005574,spec16,"[17, 18, 19, 20, 21, 22, 23, 24, 25, 26, 35, 36, 37, 38, 39, 40, 41, 42, 43, 44]","[0, 1, 2, 3, 4, 5, 6, 7, 8, 9, 10, 11, 12, 13, 14, 15, 16, 27, 28, 29, 30, 31, 32, 33, 34]",opt.xyz_isolated_fragment_opt,opt.xyz_isolated_fragment_opt,45,20,25,0,0,0,1,1
381,dipolar_005580,spec16,"[0, 1, 2, 3, 4, 5, 6, 7, 8, 9, 10, 11, 26, 27, 28, 29, 30, 31, 32, 33, 34]","[12, 13, 14, 15, 16, 17, 18, 19, 20, 21, 22, 23, 24, 25, 35, 36, 37, 38, 39, 40, 41, 42, 43, 44, 45, 46]",opt.xyz_isolated_fragment_opt,opt.xyz_isolated_fragment_opt,47,21,26,0,0,0,1,1
382,dipolar_005588,spec16,"[0, 1, 2, 3, 21, 22, 23, 24, 25, 26, 27, 28, 29, 30, 31, 44, 45, 46, 47, 48, 49, 50, 51]","[4, 5, 6, 7, 8, 9, 10, 11, 12, 13, 14, 15, 16, 17, 18, 19, 20, 32, 33, 34, 35, 36, 37, 38, 39, 40, 41, 42, 43]",opt.xyz_isolated_fragment_opt,opt.xyz_isolated_fragment_opt,52,23,29,0,0,0,1,1
383,dipolar_005604,spec16,"[9, 10, 11, 12, 33, 34, 35, 36, 37, 38, 39, 40]","[0, 1, 2, 3, 4, 5, 6, 7, 8, 13, 14, 15, 16, 17, 18, 19, 20, 21, 22, 23, 24, 25, 26, 27, 28, 29, 30, 31, 32, 41, 42, 43, 44, 45, 46, 47, 48, 49, 50, 51]",opt.xyz_isolated_fragment_opt,opt.xyz_isolated_fragment_opt,52,12,40,0,0,0,1,1
384,dipolar_005609,locked_778,"[0, 1, 2, 3, 4, 5, 6, 7, 8, 9, 10, 11, 26, 27, 28, 29, 30, 31, 32, 33, 34, 35, 36]","[12, 13, 14, 15, 16, 17, 18, 19, 20, 21, 22, 23, 24, 25, 37, 38, 39, 40, 41, 42, 43, 44, 45, 46, 47, 48]",R.xyz_atom_subset_NOT_optimized,R.xyz_atom_subset_NOT_optimized,49,23,26,0,0,0,1,1
385,dipolar_005662,locked_778,"[0, 1, 2, 3, 4, 5, 6, 7, 8, 9, 10, 11, 12, 13, 14, 15, 16, 27, 28, 29, 30, 31, 32, 33, 34, 35, 36, 37, 38]","[17, 18, 19, 20, 21, 22, 23, 24, 25, 26, 39, 40, 41, 42, 43, 44, 45, 46, 47, 48]",R.xyz_atom_subset_NOT_optimized,R.xyz_atom_subset_NOT_optimized,49,29,20,0,0,0,1,1
386,dipolar_005691,spec16,"[0, 1, 2, 3, 4, 5, 6, 7, 8, 9, 10, 11, 12, 27, 28, 29, 30, 31, 32, 33, 34, 35, 36]","[13, 14, 15, 16, 17, 18, 19, 20, 21, 22, 23, 24, 25, 26, 37, 38, 39, 40, 41, 42, 43, 44, 45, 46, 47, 48]",opt.xyz_isolated_fragment_opt,opt.xyz_isolated_fragment_opt,49,23,26,0,0,0,1,1
387,dipolar_005748,locked_778,"[0, 1, 2, 3, 4, 5, 6, 7, 18, 19, 20, 21, 22, 23, 24, 25, 26, 27, 28, 29, 30, 31, 32, 33, 44, 45, 46, 47, 48, 49, 50, 51, 52, 53, 54]","[8, 9, 10, 11, 12, 13, 14, 15, 16, 17, 34, 35, 36, 37, 38, 39, 40, 41, 42, 43]",R.xyz_atom_subset_NOT_optimized,R.xyz_atom_subset_NOT_optimized,55,35,20,0,0,0,1,1
388,dipolar_005790,spec16,"[0, 1, 2, 3, 4, 5, 6, 7, 8, 9, 10, 11, 12, 13, 28, 29, 30, 31, 32, 33, 34, 35, 36]","[14, 15, 16, 17, 18, 19, 20, 21, 22, 23, 24, 25, 26, 27, 37, 38, 39, 40, 41, 42, 43, 44, 45, 46, 47, 48]",opt.xyz_isolated_fragment_opt,opt.xyz_isolated_fragment_opt,49,23,26,0,0,0,1,1
389,dipolar_005812,locked_778,"[0, 1, 2, 3, 4, 5, 6, 7, 8, 9, 10, 11, 12, 13, 14, 15, 16, 17, 18, 29, 30, 31, 32, 33, 34, 35, 36, 37, 38, 39, 40, 41, 42, 43, 44]","[19, 20, 21, 22, 23, 24, 25, 26, 27, 28, 45, 46, 47, 48, 49, 50, 51, 52, 53, 54]",R.xyz_atom_subset_NOT_optimized,R.xyz_atom_subset_NOT_optimized,55,35,20,0,0,0,1,1
390,dipolar_005825,locked_778,"[0, 1, 2, 3, 4, 5, 6, 7, 8, 9, 10, 11, 12, 13, 30, 31, 32, 33, 34, 35, 36, 37, 38, 39, 40, 41]","[14, 15, 16, 17, 18, 19, 20, 21, 22, 23, 24, 25, 26, 27, 28, 29, 42, 43, 44, 45, 46, 47, 48, 49]",R.xyz_atom_subset_NOT_optimized,R.xyz_atom_subset_NOT_optimized,50,26,24,0,0,0,1,1
391,dipolar_005841,spec16,"[7, 8, 9, 10, 11, 12, 13, 14, 15, 36, 37, 38, 39, 40, 41, 42, 43, 44, 45, 46, 47, 48, 49]","[0, 1, 2, 3, 4, 5, 6, 16, 17, 18, 19, 20, 21, 22, 23, 24, 25, 26, 27, 28, 29, 30, 31, 32, 33, 34, 35, 50, 51, 52, 53, 54, 55, 56, 57, 58, 59]",opt.xyz_isolated_fragment_opt,opt.xyz_isolated_fragment_opt,60,23,37,0,0,0,1,1
392,dipolar_005846,locked_778,"[0, 1, 2, 3, 4, 5, 6, 7, 8, 9, 26, 27, 28, 29, 30, 31, 32, 33, 34, 35, 36, 37, 38, 50, 51, 52]","[10, 11, 12, 13, 14, 15, 16, 17, 18, 19, 20, 21, 22, 23, 24, 25, 39, 40, 41, 42, 43, 44, 45, 46, 47, 48, 49]",R.xyz_atom_subset_NOT_optimized,R.xyz_atom_subset_NOT_optimized,53,26,27,0,0,0,1,1
393,dipolar_005885,locked_778,"[0, 1, 2, 3, 4, 5, 6, 7, 8, 9, 10, 11, 12, 13, 14, 15, 16, 31, 32, 33, 34, 35, 36, 37, 38, 39]","[17, 18, 19, 20, 21, 22, 23, 24, 25, 26, 27, 28, 29, 30, 40, 41, 42, 43, 44, 45, 46, 47, 48, 49, 50, 51]",R.xyz_atom_subset_NOT_optimized,R.xyz_atom_subset_NOT_optimized,52,26,26,0,0,0,1,1
394,dipolar_005886,locked_778,"[0, 1, 2, 3, 4, 5, 6, 7, 8, 9, 10, 11, 12, 13, 14, 15, 30, 31, 32, 33, 34, 35, 36, 37, 38, 39]","[16, 17, 18, 19, 20, 21, 22, 23, 24, 25, 26, 27, 28, 29, 40, 41, 42, 43, 44, 45, 46, 47, 48, 49, 50, 51]",R.xyz_atom_subset_NOT_optimized,R.xyz_atom_subset_NOT_optimized,52,26,26,0,0,0,1,1
395,dipolar_005901,locked_778,"[17, 18, 19, 20, 21, 22, 23, 24, 25, 26, 27, 28, 29, 30, 44, 45, 46, 47, 48, 49, 50, 51, 52, 53, 54, 55]","[0, 1, 2, 3, 4, 5, 6, 7, 8, 9, 10, 11, 12, 13, 14, 15, 16, 31, 32, 33, 34, 35, 36, 37, 38, 39, 40, 41, 42, 43]",R.xyz_atom_subset_NOT_optimized,R.xyz_atom_subset_NOT_optimized,56,26,30,0,0,0,1,1
396,dipolar_005939,spec16,"[0, 1, 2, 3, 4, 5, 6, 7, 8, 9, 10, 11, 12, 13, 14, 15, 16, 17, 32, 33, 34, 35, 36, 37, 38, 39, 40, 41, 42, 43, 44, 45, 46, 47]","[18, 19, 20, 21, 22, 23, 24, 25, 26, 27, 28, 29, 30, 31, 48, 49, 50, 51, 52, 53, 54, 55, 56, 57, 58, 59]",opt.xyz_isolated_fragment_opt,opt.xyz_isolated_fragment_opt,60,34,26,0,0,0,1,1
397,dipolar_005952,locked_778,"[0, 1, 2, 3, 4, 5, 6, 7, 8, 9, 10, 11, 12, 13, 14, 15, 16, 17, 18, 33, 34, 35, 36, 37, 38, 39, 40, 41, 42, 43, 44, 45, 46, 47, 48, 49, 50]","[19, 20, 21, 22, 23, 24, 25, 26, 27, 28, 29, 30, 31, 32, 51, 52, 53, 54, 55, 56, 57, 58, 59, 60, 61, 62]",R.xyz_atom_subset_NOT_optimized,R.xyz_atom_subset_NOT_optimized,63,37,26,0,0,0,1,1
398,dipolar_005954,locked_778,"[0, 1, 2, 3, 4, 5, 6, 7, 8, 9, 10, 11, 12, 13, 14, 15, 16, 17, 18, 19, 34, 35, 36, 37, 38, 39, 40, 41, 42, 43, 44, 45, 46, 47, 48]","[20, 21, 22, 23, 24, 25, 26, 27, 28, 29, 30, 31, 32, 33, 49, 50, 51, 52, 53, 54, 55, 56, 57, 58, 59, 60]",R.xyz_atom_subset_NOT_optimized,R.xyz_atom_subset_NOT_optimized,61,35,26,0,0,0,1,1
399,dipolar_005965,spec16,"[0, 1, 2, 3, 4, 5, 6, 7, 8, 9, 10, 11, 12, 13, 14, 15, 16, 17, 18, 19, 20, 21, 36, 37, 38, 39, 40, 41, 42, 43, 44, 45, 46, 47, 48, 49, 50, 51, 52]","[22, 23, 24, 25, 26, 27, 28, 29, 30, 31, 32, 33, 34, 35, 53, 54, 55, 56, 57, 58, 59, 60, 61, 62, 63, 64]",opt.xyz_isolated_fragment_opt,opt.xyz_isolated_fragment_opt,65,39,26,0,0,0,1,1
