{"arm": "xgb28_delta_family", "family": "qmrxn20_sn2", "fold": 2, "member": 1, "n_train": 150, "n_test": 37, "reaction_ids": ["qmrxn20_sn2_D_D_D_A_C_C", "qmrxn20_sn2_C_A_C_C_B_B", "qmrxn20_sn2_A_A_C_A_A_A", "qmrxn20_sn2_C_E_A_C_A_C", "qmrxn20_sn2_A_D_E_B_A_D", "qmrxn20_sn2_E_C_A_A_A_A", "qmrxn20_sn2_C_D_A_A_A_C", "qmrxn20_sn2_E_D_C_B_A_B", "qmrxn20_sn2_D_A_C_B_A_C", "qmrxn20_sn2_E_E_E_B_C_A", "qmrxn20_sn2_D_A_C_E_B_D", "qmrxn20_sn2_C_E_E_D_B_A", "qmrxn20_sn2_E_B_C_A_A_A", "qmrxn20_sn2_D_A_C_C_B_A", "qmrxn20_sn2_C_A_A_E_B_D", "qmrxn20_sn2_A_D_C_D_C_A", "qmrxn20_sn2_C_A_D_B_A_C", "qmrxn20_sn2_C_E_C_E_A_B", "qmrxn20_sn2_A_B_D_A_B_D", "qmrxn20_sn2_E_E_C_C_B_B", "qmrxn20_sn2_B_E_C_A_B_A", "qmrxn20_sn2_E_B_C_A_B_C", "qmrxn20_sn2_C_D_D_C_B_C", "qmrxn20_sn2_B_D_A_A_C_B", "qmrxn20_sn2_E_E_B_C_A_B", "qmrxn20_sn2_C_A_D_B_B_C", "qmrxn20_sn2_C_C_C_D_B_C", "qmrxn20_sn2_B_D_C_E_B_B", "qmrxn20_sn2_C_D_C_E_B_C", "qmrxn20_sn2_A_C_A_C_C_D", "qmrxn20_sn2_D_A_A_D_C_C", "qmrxn20_sn2_C_A_D_C_A_B", "qmrxn20_sn2_C_A_E_C_B_C", "qmrxn20_sn2_C_A_C_A_C_C", "qmrxn20_sn2_E_A_E_C_B_B", "qmrxn20_sn2_A_E_E_B_A_B", "qmrxn20_sn2_B_A_B_E_B_B"], "y_true_strain": [27.717185974121094, 7.556673049926758, 18.643972396850586, 47.28998565673828, 53.017818450927734, 14.99179744720459, 47.8707160949707, 28.839468002319336, 51.54408645629883, 11.232259750366211, 23.237625122070312, 5.848196029663086, 5.002231597900391, 0.4567466676235199, 20.879236221313477, 5.3835272789001465, 47.747554779052734, 36.76958084106445, 34.49323654174805, 21.061399459838867, 10.428143501281738, 38.4273796081543, 30.85794448852539, 11.087361335754395, 32.244911193847656, 25.949594497680664, 7.86549186706543, 11.5806884765625, 29.280197143554688, 9.728802680969238, 23.388147354125977, 21.21240997314453, 20.45886993408203, 9.129803657531738, 22.206968307495117, 41.5615234375, 6.720526695251465], "y_true_Pauli": [60.0, 140.33999633789062, 115.58000183105469, 131.50999450683594, 113.0999984741211, 161.9199981689453, 127.4000015258789, 174.77999877929688, 141.4199981689453, 141.75999450683594, 83.4000015258789, 187.77000427246094, 179.97000122070312, 114.18000030517578, 84.11000061035156, 103.51000213623047, 160.13999938964844, 187.1699981689453, 96.80000305175781, 141.4600067138672, 182.83999633789062, 114.33999633789062, 108.1500015258789, 119.2300033569336, 178.5800018310547, 104.29000091552734, 118.55999755859375, 154.38999938964844, 115.58999633789062, 92.0199966430664, 72.44000244140625, 168.47000122070312, 94.73999786376953, 96.94999694824219, 127.77999877929688, 168.50999450683594, 131.94000244140625], "y_true_elst": [-52.529998779296875, -120.30999755859375, -93.66000366210938, -99.7300033569336, -78.94000244140625, -126.01000213623047, -87.58000183105469, -132.33999633789062, -103.76000213623047, -134.2100067138672, -63.560001373291016, -140.24000549316406, -156.55999755859375, -104.22000122070312, -60.369998931884766, -89.18000030517578, -110.73999786376953, -148.25, -70.41999816894531, -130.07000732421875, -157.6999969482422, -95.86000061035156, -80.87999725341797, -94.04000091552734, -140.44000244140625, -80.77999877929688, -89.19999694824219, -121.76000213623047, -90.18000030517578, -70.88999938964844, -54.61000061035156, -124.51000213623047, -68.4000015258789, -76.4800033569336, -114.56999969482422, -134.35000610351562, -108.77999877929688], "y_true_oi": [-32.2599983215332, -83.19000244140625, -57.0, -78.06999969482422, -67.63999938964844, -71.16000366210938, -74.1500015258789, -91.58000183105469, -86.9000015258789, -53.33000183105469, -47.56999969482422, -87.97000122070312, -74.45999908447266, -50.27000045776367, -51.7400016784668, -46.400001525878906, -103.69999694824219, -104.37999725341797, -58.790000915527344, -75.16999816894531, -79.51000213623047, -63.689998626708984, -60.15999984741211, -63.65999984741211, -93.5999984741211, -61.40999984741211, -71.73999786376953, -83.62000274658203, -64.04000091552734, -58.81999969482422, -42.279998779296875, -98.86000061035156, -59.36000061035156, -61.90999984741211, -70.0999984741211, -90.68000030517578, -73.62000274658203], "y_true_disp": [-5.340000152587891, -2.009999990463257, -1.350000023841858, -5.110000133514404, -5.190000057220459, -2.109999895095825, -4.670000076293945, -2.5799999237060547, -4.460000038146973, -2.4700000286102295, -5.150000095367432, -2.509999990463257, -2.3499999046325684, -1.9600000381469727, -4.539999961853027, -1.9800000190734863, -4.420000076293945, -2.369999885559082, -5.110000133514404, -2.180000066757202, -2.4600000381469727, -5.78000020980835, -6.539999961853027, -2.430000066757202, -2.490000009536743, -5.789999961853027, -6.650000095367432, -2.7699999809265137, -6.380000114440918, -5.420000076293945, -4.53000020980835, -2.1600000858306885, -5.179999828338623, -4.570000171661377, -2.009999990463257, -2.1500000953674316, -2.309999942779541], "y_pred_strain": [31.29569435119629, 8.581659317016602, 16.486854553222656, 46.58037567138672, 52.71269607543945, 14.50201416015625, 47.668434143066406, 30.211729049682617, 51.48716735839844, 10.825725555419922, 29.86073875427246, 7.606781005859375, 19.655704498291016, 9.777139663696289, 23.471065521240234, 1.5902633666992188, 49.08375930786133, 35.28749084472656, 33.00254440307617, 26.130165100097656, 13.144036293029785, 33.69036865234375, 29.01060676574707, 9.068560600280762, 35.6798095703125, 24.692777633666992, 14.380791664123535, 13.650216102600098, 27.51201820373535, 8.775424003601074, 24.03607940673828, 23.925926208496094, 18.8966121673584, 11.718899726867676, 26.23863983154297, 40.03160095214844, 8.74962329864502], "y_pred_Pauli": [70.34269714355469, 146.01455688476562, 112.71127319335938, 139.17991638183594, 104.46659851074219, 164.50473022460938, 126.7840805053711, 177.6161651611328, 136.11231994628906, 141.9465789794922, 84.52071380615234, 171.04310607910156, 186.62725830078125, 118.82628631591797, 81.77848052978516, 91.51367950439453, 165.2828369140625, 185.71563720703125, 88.49925994873047, 155.83738708496094, 180.00819396972656, 127.81652069091797, 102.46666717529297, 124.42089080810547, 184.5878448486328, 104.70621490478516, 118.27632141113281, 161.6975860595703, 110.98637390136719, 90.33346557617188, 72.30715942382812, 169.39572143554688, 95.44731903076172, 96.66030883789062, 133.00320434570312, 175.5375518798828, 126.64796447753906], "y_pred_elst": [-59.63605499267578, -125.23455810546875, -89.48611450195312, -99.05216217041016, -71.8895034790039, -130.9024658203125, -89.5893325805664, -135.62930297851562, -102.2418212890625, -127.33038330078125, -58.024993896484375, -126.21589660644531, -163.4275665283203, -104.09738159179688, -55.62237548828125, -88.1535873413086, -117.90131378173828, -146.31336975097656, -67.72052764892578, -137.3072052001953, -160.57489013671875, -95.58841705322266, -72.0207290649414, -97.50834655761719, -145.49171447753906, -75.35279083251953, -85.95645904541016, -125.30482482910156, -78.5297622680664, -64.50193786621094, -54.61802291870117, -128.92608642578125, -64.80921173095703, -75.0082778930664, -125.835693359375, -138.55661010742188, -103.22000885009766], "y_pred_oi": [-30.442533493041992, -81.0400619506836, -58.818145751953125, -82.5060043334961, -66.28958129882812, -74.08375549316406, -75.99190521240234, -89.63129425048828, -87.36280059814453, -61.20716094970703, -48.23874282836914, -84.44410705566406, -78.30805969238281, -56.568843841552734, -55.37909698486328, -44.0792350769043, -107.19384002685547, -101.47411346435547, -55.03152084350586, -80.8323745727539, -79.9782485961914, -69.53398895263672, -64.38922119140625, -64.6840591430664, -91.87071990966797, -59.56889724731445, -69.85131072998047, -83.43953704833984, -65.68633270263672, -57.5421257019043, -42.37007141113281, -92.22105407714844, -59.7277946472168, -60.00141143798828, -72.15152740478516, -90.03925323486328, -72.19673919677734],