{"arm": "xgb28_delta_family", "family": "qmrxn20_sn2", "fold": 2, "member": 0, "n_train": 150, "n_test": 37, "reaction_ids": ["qmrxn20_sn2_D_D_D_A_C_C", "qmrxn20_sn2_C_A_C_C_B_B", "qmrxn20_sn2_A_A_C_A_A_A", "qmrxn20_sn2_C_E_A_C_A_C", "qmrxn20_sn2_A_D_E_B_A_D", "qmrxn20_sn2_E_C_A_A_A_A", "qmrxn20_sn2_C_D_A_A_A_C", "qmrxn20_sn2_E_D_C_B_A_B", "qmrxn20_sn2_D_A_C_B_A_C", "qmrxn20_sn2_E_E_E_B_C_A", "qmrxn20_sn2_D_A_C_E_B_D", "qmrxn20_sn2_C_E_E_D_B_A", "qmrxn20_sn2_E_B_C_A_A_A", "qmrxn20_sn2_D_A_C_C_B_A", "qmrxn20_sn2_C_A_A_E_B_D", "qmrxn20_sn2_A_D_C_D_C_A", "qmrxn20_sn2_C_A_D_B_A_C", "qmrxn20_sn2_C_E_C_E_A_B", "qmrxn20_sn2_A_B_D_A_B_D", "qmrxn20_sn2_E_E_C_C_B_B", "qmrxn20_sn2_B_E_C_A_B_A", "qmrxn20_sn2_E_B_C_A_B_C", "qmrxn20_sn2_C_D_D_C_B_C", "qmrxn20_sn2_B_D_A_A_C_B", "qmrxn20_sn2_E_E_B_C_A_B", "qmrxn20_sn2_C_A_D_B_B_C", "qmrxn20_sn2_C_C_C_D_B_C", "qmrxn20_sn2_B_D_C_E_B_B", "qmrxn20_sn2_C_D_C_E_B_C", "qmrxn20_sn2_A_C_A_C_C_D", "qmrxn20_sn2_D_A_A_D_C_C", "qmrxn20_sn2_C_A_D_C_A_B", "qmrxn20_sn2_C_A_E_C_B_C", "qmrxn20_sn2_C_A_C_A_C_C", "qmrxn20_sn2_E_A_E_C_B_B", "qmrxn20_sn2_A_E_E_B_A_B", "qmrxn20_sn2_B_A_B_E_B_B"], "y_true_strain": [27.717185974121094, 7.556673049926758, 18.643972396850586, 47.28998565673828, 53.017818450927734, 14.99179744720459, 47.8707160949707, 28.839468002319336, 51.54408645629883, 11.232259750366211, 23.237625122070312, 5.848196029663086, 5.002231597900391, 0.4567466676235199, 20.879236221313477, 5.3835272789001465, 47.747554779052734, 36.76958084106445, 34.49323654174805, 21.061399459838867, 10.428143501281738, 38.4273796081543, 30.85794448852539, 11.087361335754395, 32.244911193847656, 25.949594497680664, 7.86549186706543, 11.5806884765625, 29.280197143554688, 9.728802680969238, 23.388147354125977, 21.21240997314453, 20.45886993408203, 9.129803657531738, 22.206968307495117, 41.5615234375, 6.720526695251465], "y_true_Pauli": [60.0, 140.33999633789062, 115.58000183105469, 131.50999450683594, 113.0999984741211, 161.9199981689453, 127.4000015258789, 174.77999877929688, 141.4199981689453, 141.75999450683594, 83.4000015258789, 187.77000427246094, 179.97000122070312, 114.18000030517578, 84.11000061035156, 103.51000213623047, 160.13999938964844, 187.1699981689453, 96.80000305175781, 141.4600067138672, 182.83999633789062, 114.33999633789062, 108.1500015258789, 119.2300033569336, 178.5800018310547, 104.29000091552734, 118.55999755859375, 154.38999938964844, 115.58999633789062, 92.0199966430664, 72.44000244140625, 168.47000122070312, 94.73999786376953, 96.94999694824219, 127.77999877929688, 168.50999450683594, 131.94000244140625], "y_true_elst": [-52.529998779296875, -120.30999755859375, -93.66000366210938, -99.7300033569336, -78.94000244140625, -126.01000213623047, -87.58000183105469, -132.33999633789062, -103.76000213623047, -134.2100067138672, -63.560001373291016, -140.24000549316406, -156.55999755859375, -104.22000122070312, -60.369998931884766, -89.18000030517578, -110.73999786376953, -148.25, -70.41999816894531, -130.07000732421875, -157.6999969482422, -95.86000061035156, -80.87999725341797, -94.04000091552734, -140.44000244140625, -80.77999877929688, -89.19999694824219, -121.76000213623047, -90.18000030517578, -70.88999938964844, -54.61000061035156, -124.51000213623047, -68.4000015258789, -76.4800033569336, -114.56999969482422, -134.35000610351562, -108.77999877929688], "y_true_oi": [-32.2599983215332, -83.19000244140625, -57.0, -78.06999969482422, -67.63999938964844, -71.16000366210938, -74.1500015258789, -91.58000183105469, -86.9000015258789, -53.33000183105469, -47.56999969482422, -87.97000122070312, -74.45999908447266, -50.27000045776367, -51.7400016784668, -46.400001525878906, -103.69999694824219, -104.37999725341797, -58.790000915527344, -75.16999816894531, -79.51000213623047, -63.689998626708984, -60.15999984741211, -63.65999984741211, -93.5999984741211, -61.40999984741211, -71.73999786376953, -83.62000274658203, -64.04000091552734, -58.81999969482422, -42.279998779296875, -98.86000061035156, -59.36000061035156, -61.90999984741211, -70.0999984741211, -90.68000030517578, -73.62000274658203], "y_true_disp": [-5.340000152587891, -2.009999990463257, -1.350000023841858, -5.110000133514404, -5.190000057220459, -2.109999895095825, -4.670000076293945, -2.5799999237060547, -4.460000038146973, -2.4700000286102295, -5.150000095367432, -2.509999990463257, -2.3499999046325684, -1.9600000381469727, -4.539999961853027, -1.9800000190734863, -4.420000076293945, -2.369999885559082, -5.110000133514404, -2.180000066757202, -2.4600000381469727, -5.78000020980835, -6.539999961853027, -2.430000066757202, -2.490000009536743, -5.789999961853027, -6.650000095367432, -2.7699999809265137, -6.380000114440918, -5.420000076293945, -4.53000020980835, -2.1600000858306885, -5.179999828338623, -4.570000171661377, -2.009999990463257, -2.1500000953674316, -2.309999942779541], "y_pred_strain": [28.899227142333984, 7.582267761230469, 17.046947479248047, 47.61147689819336, 55.70552062988281, 16.409717559814453, 49.5106086730957, 30.934921264648438, 54.023494720458984, 16.33696746826172, 31.028427124023438, 8.751837730407715, 19.70136070251465, 12.05097484588623, 28.005104064941406, 2.1916441917419434, 50.207061767578125, 36.327571868896484, 34.92550277709961, 24.348241806030273, 11.36612319946289, 33.15019989013672, 28.607040405273438, 9.875502586364746, 35.76079177856445, 23.66400909423828, 13.933622360229492, 13.856668472290039, 28.843412399291992, 11.579663276672363, 23.759689331054688, 22.427806854248047, 21.177547454833984, 12.627639770507812, 26.356525421142578, 39.81513977050781, 12.81973648071289], "y_pred_Pauli": [61.847633361816406, 143.92913818359375, 115.73358154296875, 139.6680450439453, 111.98974609375, 168.59591674804688, 132.82119750976562, 179.1421661376953, 140.0426483154297, 153.6914825439453, 86.18896484375, 161.91714477539062, 188.69517517089844, 125.70794677734375, 87.82642364501953, 88.15284729003906, 161.43894958496094, 194.8374786376953, 89.67060089111328, 150.00079345703125, 173.0711212158203, 122.77710723876953, 108.76341247558594, 122.02525329589844, 185.27960205078125, 111.14271545410156, 117.37261962890625, 157.76661682128906, 115.98719787597656, 96.67704010009766, 62.31003952026367, 170.41510009765625, 100.3133316040039, 97.9505844116211, 134.1474609375, 177.33897399902344, 142.68634033203125], "y_pred_elst": [-50.739532470703125, -122.26820373535156, -92.94869995117188, -99.61705780029297, -79.95405578613281, -129.16641235351562, -93.55809020996094, -133.6391143798828, -105.67266845703125, -139.71246337890625, -61.16008758544922, -124.54212188720703, -159.57852172851562, -113.81160736083984, -67.0033187866211, -86.41156005859375, -119.36909484863281, -152.33575439453125, -70.53034973144531, -129.25169372558594, -150.71205139160156, -90.72930908203125, -79.58168029785156, -95.21337127685547, -142.97698974609375, -78.36009216308594, -85.86445617675781, -123.19329833984375, -83.73529052734375, -72.67497253417969, -48.373817443847656, -127.63671875, -72.69449615478516, -76.4217300415039, -126.45535278320312, -137.09121704101562, -119.0533218383789], "y_pred_oi": [-29.10209846496582, -81.7497787475586, -61.16373062133789, -81.80990600585938, -65.22578430175781, -77.5423355102539, -77.38388061523438, -91.95537567138672, -87.49354553222656, -60.43059158325195, -45.86676025390625, -76.2477035522461, -82.16435241699219, -55.3139533996582, -49.88313293457031, -42.15302276611328, -103.13843536376953, -105.82212829589844, -51.593936920166016, -81.75135040283203, -80.76900482177734, -67.67218017578125, -65.29232788085938, -62.07777786254883, -93.97393798828125, -65.05862426757812, -69.68144226074219, -80.8050308227539, -67.46785736083984, -55.552894592285156, -35.77875900268555, -96.173828125, -58.59020233154297, -59.369083404541016, -72.32672119140625, -92.65361022949219, -73.3949966430664],