{"arm": "xgb28_delta_family", "family": "qmrxn20_sn2", "fold": 2, "member": 2, "n_train": 150, "n_test": 37, "reaction_ids": ["qmrxn20_sn2_D_D_D_A_C_C", "qmrxn20_sn2_C_A_C_C_B_B", "qmrxn20_sn2_A_A_C_A_A_A", "qmrxn20_sn2_C_E_A_C_A_C", "qmrxn20_sn2_A_D_E_B_A_D", "qmrxn20_sn2_E_C_A_A_A_A", "qmrxn20_sn2_C_D_A_A_A_C", "qmrxn20_sn2_E_D_C_B_A_B", "qmrxn20_sn2_D_A_C_B_A_C", "qmrxn20_sn2_E_E_E_B_C_A", "qmrxn20_sn2_D_A_C_E_B_D", "qmrxn20_sn2_C_E_E_D_B_A", "qmrxn20_sn2_E_B_C_A_A_A", "qmrxn20_sn2_D_A_C_C_B_A", "qmrxn20_sn2_C_A_A_E_B_D", "qmrxn20_sn2_A_D_C_D_C_A", "qmrxn20_sn2_C_A_D_B_A_C", "qmrxn20_sn2_C_E_C_E_A_B", "qmrxn20_sn2_A_B_D_A_B_D", "qmrxn20_sn2_E_E_C_C_B_B", "qmrxn20_sn2_B_E_C_A_B_A", "qmrxn20_sn2_E_B_C_A_B_C", "qmrxn20_sn2_C_D_D_C_B_C", "qmrxn20_sn2_B_D_A_A_C_B", "qmrxn20_sn2_E_E_B_C_A_B", "qmrxn20_sn2_C_A_D_B_B_C", "qmrxn20_sn2_C_C_C_D_B_C", "qmrxn20_sn2_B_D_C_E_B_B", "qmrxn20_sn2_C_D_C_E_B_C", "qmrxn20_sn2_A_C_A_C_C_D", "qmrxn20_sn2_D_A_A_D_C_C", "qmrxn20_sn2_C_A_D_C_A_B", "qmrxn20_sn2_C_A_E_C_B_C", "qmrxn20_sn2_C_A_C_A_C_C", "qmrxn20_sn2_E_A_E_C_B_B", "qmrxn20_sn2_A_E_E_B_A_B", "qmrxn20_sn2_B_A_B_E_B_B"], "y_true_strain": [27.717185974121094, 7.556673049926758, 18.643972396850586, 47.28998565673828, 53.017818450927734, 14.99179744720459, 47.8707160949707, 28.839468002319336, 51.54408645629883, 11.232259750366211, 23.237625122070312, 5.848196029663086, 5.002231597900391, 0.4567466676235199, 20.879236221313477, 5.3835272789001465, 47.747554779052734, 36.76958084106445, 34.49323654174805, 21.061399459838867, 10.428143501281738, 38.4273796081543, 30.85794448852539, 11.087361335754395, 32.244911193847656, 25.949594497680664, 7.86549186706543, 11.5806884765625, 29.280197143554688, 9.728802680969238, 23.388147354125977, 21.21240997314453, 20.45886993408203, 9.129803657531738, 22.206968307495117, 41.5615234375, 6.720526695251465], "y_true_Pauli": [60.0, 140.33999633789062, 115.58000183105469, 131.50999450683594, 113.0999984741211, 161.9199981689453, 127.4000015258789, 174.77999877929688, 141.4199981689453, 141.75999450683594, 83.4000015258789, 187.77000427246094, 179.97000122070312, 114.18000030517578, 84.11000061035156, 103.51000213623047, 160.13999938964844, 187.1699981689453, 96.80000305175781, 141.4600067138672, 182.83999633789062, 114.33999633789062, 108.1500015258789, 119.2300033569336, 178.5800018310547, 104.29000091552734, 118.55999755859375, 154.38999938964844, 115.58999633789062, 92.0199966430664, 72.44000244140625, 168.47000122070312, 94.73999786376953, 96.94999694824219, 127.77999877929688, 168.50999450683594, 131.94000244140625], "y_true_elst": [-52.529998779296875, -120.30999755859375, -93.66000366210938, -99.7300033569336, -78.94000244140625, -126.01000213623047, -87.58000183105469, -132.33999633789062, -103.76000213623047, -134.2100067138672, -63.560001373291016, -140.24000549316406, -156.55999755859375, -104.22000122070312, -60.369998931884766, -89.18000030517578, -110.73999786376953, -148.25, -70.41999816894531, -130.07000732421875, -157.6999969482422, -95.86000061035156, -80.87999725341797, -94.04000091552734, -140.44000244140625, -80.77999877929688, -89.19999694824219, -121.76000213623047, -90.18000030517578, -70.88999938964844, -54.61000061035156, -124.51000213623047, -68.4000015258789, -76.4800033569336, -114.56999969482422, -134.35000610351562, -108.77999877929688], "y_true_oi": [-32.2599983215332, -83.19000244140625, -57.0, -78.06999969482422, -67.63999938964844, -71.16000366210938, -74.1500015258789, -91.58000183105469, -86.9000015258789, -53.33000183105469, -47.56999969482422, -87.97000122070312, -74.45999908447266, -50.27000045776367, -51.7400016784668, -46.400001525878906, -103.69999694824219, -104.37999725341797, -58.790000915527344, -75.16999816894531, -79.51000213623047, -63.689998626708984, -60.15999984741211, -63.65999984741211, -93.5999984741211, -61.40999984741211, -71.73999786376953, -83.62000274658203, -64.04000091552734, -58.81999969482422, -42.279998779296875, -98.86000061035156, -59.36000061035156, -61.90999984741211, -70.0999984741211, -90.68000030517578, -73.62000274658203], "y_true_disp": [-5.340000152587891, -2.009999990463257, -1.350000023841858, -5.110000133514404, -5.190000057220459, -2.109999895095825, -4.670000076293945, -2.5799999237060547, -4.460000038146973, -2.4700000286102295, -5.150000095367432, -2.509999990463257, -2.3499999046325684, -1.9600000381469727, -4.539999961853027, -1.9800000190734863, -4.420000076293945, -2.369999885559082, -5.110000133514404, -2.180000066757202, -2.4600000381469727, -5.78000020980835, -6.539999961853027, -2.430000066757202, -2.490000009536743, -5.789999961853027, -6.650000095367432, -2.7699999809265137, -6.380000114440918, -5.420000076293945, -4.53000020980835, -2.1600000858306885, -5.179999828338623, -4.570000171661377, -2.009999990463257, -2.1500000953674316, -2.309999942779541], "y_pred_strain": [28.828866958618164, 7.282276153564453, 15.051798820495605, 47.84760665893555, 53.32725143432617, 13.790005683898926, 49.077919006347656, 29.257600784301758, 52.431365966796875, 13.499420166015625, 29.91474723815918, 7.575982570648193, 16.681921005249023, 12.804368019104004, 26.62228775024414, -0.2463667392730713, 49.384521484375, 35.62845230102539, 35.50384521484375, 26.040027618408203, 10.069290161132812, 34.00102233886719, 30.174602508544922, 11.397250175476074, 34.46910095214844, 23.519466400146484, 16.44280242919922, 13.739279747009277, 28.826066970825195, 10.480100631713867, 24.313274383544922, 22.15671157836914, 22.27886199951172, 12.795295715332031, 25.24965476989746, 38.882972717285156, 8.406270027160645], "y_pred_Pauli": [62.32365036010742, 147.61703491210938, 110.14518737792969, 141.05384826660156, 108.75796508789062, 159.63580322265625, 132.45184326171875, 176.43528747558594, 139.11273193359375, 141.73275756835938, 90.24050903320312, 160.4556884765625, 181.47105407714844, 128.01974487304688, 85.71793365478516, 86.23184967041016, 156.97653198242188, 192.81260681152344, 93.01756286621094, 154.3344268798828, 169.16458129882812, 120.586181640625, 105.02344512939453, 122.12158966064453, 182.5522918701172, 110.54290771484375, 111.44203186035156, 150.1231231689453, 117.38203430175781, 93.73165130615234, 67.98828125, 170.83616638183594, 100.28047180175781, 97.26480865478516, 127.40338897705078, 177.99403381347656, 132.85581970214844], "y_pred_elst": [-50.4993782043457, -125.46564483642578, -88.65211486816406, -102.8403549194336, -76.0479507446289, -125.15003204345703, -95.71782684326172, -132.9793701171875, -105.2987060546875, -129.97711181640625, -63.66627883911133, -123.8303451538086, -155.45584106445312, -117.03961944580078, -64.76885986328125, -82.76447296142578, -118.71432495117188, -153.60557556152344, -73.3227310180664, -134.53341674804688, -148.8555145263672, -89.32727813720703, -77.44026947021484, -95.835205078125, -141.8012237548828, -78.96277618408203, -82.10059356689453, -117.234619140625, -85.76814270019531, -68.97042083740234, -52.87044143676758, -129.54258728027344, -74.18851470947266, -75.5139389038086, -119.60389709472656, -138.85850524902344, -109.26355743408203], "y_pred_oi": [-30.288223266601562, -83.98417663574219, -58.6291618347168, -82.44088745117188, -67.24227142333984, -76.62875366210938, -78.20381164550781, -92.491455078125, -88.92535400390625, -58.67010498046875, -50.02654266357422, -76.71477508544922, -83.4399185180664, -56.03094482421875, -51.63767623901367, -43.93009567260742, -99.98185729980469, -105.07882690429688, -53.833980560302734, -82.85227966308594, -81.56315612792969, -66.8141098022461, -62.12142562866211, -62.32298278808594, -94.579345703125, -63.32766342163086, -64.20475006103516, -77.66353607177734, -67.11436462402344, -56.40489959716797, -39.13043975830078, -95.09370422363281, -57.023441314697266, -59.40607452392578, -71.12146759033203, -94.24168395996094, -74.08443450927734],