{"arm": "xgb28_delta_family", "family": "qmrxn20_sn2", "fold": 2, "member": 4, "n_train": 150, "n_test": 37, "reaction_ids": ["qmrxn20_sn2_D_D_D_A_C_C", "qmrxn20_sn2_C_A_C_C_B_B", "qmrxn20_sn2_A_A_C_A_A_A", "qmrxn20_sn2_C_E_A_C_A_C", "qmrxn20_sn2_A_D_E_B_A_D", "qmrxn20_sn2_E_C_A_A_A_A", "qmrxn20_sn2_C_D_A_A_A_C", "qmrxn20_sn2_E_D_C_B_A_B", "qmrxn20_sn2_D_A_C_B_A_C", "qmrxn20_sn2_E_E_E_B_C_A", "qmrxn20_sn2_D_A_C_E_B_D", "qmrxn20_sn2_C_E_E_D_B_A", "qmrxn20_sn2_E_B_C_A_A_A", "qmrxn20_sn2_D_A_C_C_B_A", "qmrxn20_sn2_C_A_A_E_B_D", "qmrxn20_sn2_A_D_C_D_C_A", "qmrxn20_sn2_C_A_D_B_A_C", "qmrxn20_sn2_C_E_C_E_A_B", "qmrxn20_sn2_A_B_D_A_B_D", "qmrxn20_sn2_E_E_C_C_B_B", "qmrxn20_sn2_B_E_C_A_B_A", "qmrxn20_sn2_E_B_C_A_B_C", "qmrxn20_sn2_C_D_D_C_B_C", "qmrxn20_sn2_B_D_A_A_C_B", "qmrxn20_sn2_E_E_B_C_A_B", "qmrxn20_sn2_C_A_D_B_B_C", "qmrxn20_sn2_C_C_C_D_B_C", "qmrxn20_sn2_B_D_C_E_B_B", "qmrxn20_sn2_C_D_C_E_B_C", "qmrxn20_sn2_A_C_A_C_C_D", "qmrxn20_sn2_D_A_A_D_C_C", "qmrxn20_sn2_C_A_D_C_A_B", "qmrxn20_sn2_C_A_E_C_B_C", "qmrxn20_sn2_C_A_C_A_C_C", "qmrxn20_sn2_E_A_E_C_B_B", "qmrxn20_sn2_A_E_E_B_A_B", "qmrxn20_sn2_B_A_B_E_B_B"], "y_true_strain": [27.717185974121094, 7.556673049926758, 18.643972396850586, 47.28998565673828, 53.017818450927734, 14.99179744720459, 47.8707160949707, 28.839468002319336, 51.54408645629883, 11.232259750366211, 23.237625122070312, 5.848196029663086, 5.002231597900391, 0.4567466676235199, 20.879236221313477, 5.3835272789001465, 47.747554779052734, 36.76958084106445, 34.49323654174805, 21.061399459838867, 10.428143501281738, 38.4273796081543, 30.85794448852539, 11.087361335754395, 32.244911193847656, 25.949594497680664, 7.86549186706543, 11.5806884765625, 29.280197143554688, 9.728802680969238, 23.388147354125977, 21.21240997314453, 20.45886993408203, 9.129803657531738, 22.206968307495117, 41.5615234375, 6.720526695251465], "y_true_Pauli": [60.0, 140.33999633789062, 115.58000183105469, 131.50999450683594, 113.0999984741211, 161.9199981689453, 127.4000015258789, 174.77999877929688, 141.4199981689453, 141.75999450683594, 83.4000015258789, 187.77000427246094, 179.97000122070312, 114.18000030517578, 84.11000061035156, 103.51000213623047, 160.13999938964844, 187.1699981689453, 96.80000305175781, 141.4600067138672, 182.83999633789062, 114.33999633789062, 108.1500015258789, 119.2300033569336, 178.5800018310547, 104.29000091552734, 118.55999755859375, 154.38999938964844, 115.58999633789062, 92.0199966430664, 72.44000244140625, 168.47000122070312, 94.73999786376953, 96.94999694824219, 127.77999877929688, 168.50999450683594, 131.94000244140625], "y_true_elst": [-52.529998779296875, -120.30999755859375, -93.66000366210938, -99.7300033569336, -78.94000244140625, -126.01000213623047, -87.58000183105469, -132.33999633789062, -103.76000213623047, -134.2100067138672, -63.560001373291016, -140.24000549316406, -156.55999755859375, -104.22000122070312, -60.369998931884766, -89.18000030517578, -110.73999786376953, -148.25, -70.41999816894531, -130.07000732421875, -157.6999969482422, -95.86000061035156, -80.87999725341797, -94.04000091552734, -140.44000244140625, -80.77999877929688, -89.19999694824219, -121.76000213623047, -90.18000030517578, -70.88999938964844, -54.61000061035156, -124.51000213623047, -68.4000015258789, -76.4800033569336, -114.56999969482422, -134.35000610351562, -108.77999877929688], "y_true_oi": [-32.2599983215332, -83.19000244140625, -57.0, -78.06999969482422, -67.63999938964844, -71.16000366210938, -74.1500015258789, -91.58000183105469, -86.9000015258789, -53.33000183105469, -47.56999969482422, -87.97000122070312, -74.45999908447266, -50.27000045776367, -51.7400016784668, -46.400001525878906, -103.69999694824219, -104.37999725341797, -58.790000915527344, -75.16999816894531, -79.51000213623047, -63.689998626708984, -60.15999984741211, -63.65999984741211, -93.5999984741211, -61.40999984741211, -71.73999786376953, -83.62000274658203, -64.04000091552734, -58.81999969482422, -42.279998779296875, -98.86000061035156, -59.36000061035156, -61.90999984741211, -70.0999984741211, -90.68000030517578, -73.62000274658203], "y_true_disp": [-5.340000152587891, -2.009999990463257, -1.350000023841858, -5.110000133514404, -5.190000057220459, -2.109999895095825, -4.670000076293945, -2.5799999237060547, -4.460000038146973, -2.4700000286102295, -5.150000095367432, -2.509999990463257, -2.3499999046325684, -1.9600000381469727, -4.539999961853027, -1.9800000190734863, -4.420000076293945, -2.369999885559082, -5.110000133514404, -2.180000066757202, -2.4600000381469727, -5.78000020980835, -6.539999961853027, -2.430000066757202, -2.490000009536743, -5.789999961853027, -6.650000095367432, -2.7699999809265137, -6.380000114440918, -5.420000076293945, -4.53000020980835, -2.1600000858306885, -5.179999828338623, -4.570000171661377, -2.009999990463257, -2.1500000953674316, -2.309999942779541], "y_pred_strain": [28.690431594848633, 8.313482284545898, 18.909358978271484, 51.64204025268555, 53.293121337890625, 15.312131881713867, 51.0518913269043, 30.420991897583008, 52.09761047363281, 16.849628448486328, 29.61773109436035, 9.181600570678711, 20.433673858642578, 11.790204048156738, 27.464025497436523, 1.3779284954071045, 48.53724670410156, 35.92605209350586, 32.19146728515625, 25.53156089782715, 12.902876853942871, 35.7713508605957, 30.981462478637695, 7.253104209899902, 34.48847579956055, 24.02516746520996, 13.074711799621582, 12.582018852233887, 28.559972763061523, 11.380279541015625, 23.613645553588867, 21.499120712280273, 20.07281494140625, 13.443623542785645, 25.780776977539062, 37.90584182739258, 10.442098617553711], "y_pred_Pauli": [51.97949981689453, 143.4169921875, 119.8623275756836, 131.34291076660156, 115.59910583496094, 161.17214965820312, 128.0906219482422, 177.7112274169922, 142.25987243652344, 148.6666259765625, 86.62466430664062, 171.3877716064453, 179.10801696777344, 134.02296447753906, 92.31779479980469, 87.37802124023438, 155.94903564453125, 194.32310485839844, 91.9676742553711, 156.5413360595703, 163.96450805664062, 115.03253936767578, 108.47781372070312, 112.57357025146484, 188.2949676513672, 107.53057098388672, 116.22012329101562, 155.63235473632812, 116.03290557861328, 90.59252166748047, 70.38397979736328, 170.11573791503906, 90.08871459960938, 92.55280303955078, 130.31874084472656, 172.51242065429688, 129.8312530517578], "y_pred_elst": [-44.70806884765625, -122.65362548828125, -98.83216094970703, -97.3990249633789, -81.37735748291016, -125.08574676513672, -92.50908660888672, -133.3981475830078, -106.37965393066406, -137.39817810058594, -60.91160202026367, -132.21156311035156, -154.4889373779297, -119.75135803222656, -70.28507995605469, -85.59868621826172, -115.89666748046875, -153.23593139648438, -70.57139587402344, -134.8292694091797, -146.08071899414062, -87.59256744384766, -81.57281494140625, -87.5118408203125, -144.96551513671875, -77.18363189697266, -84.43565368652344, -121.21359252929688, -83.84532165527344, -68.90562438964844, -54.90007400512695, -126.83673095703125, -65.12398529052734, -73.83454132080078, -123.50788879394531, -133.07440185546875, -109.09150695800781], "y_pred_oi": [-26.909318923950195, -80.6706314086914, -58.560298919677734, -74.59587860107422, -70.54266357421875, -74.9291000366211, -73.83875274658203, -91.09080505371094, -90.49673461914062, -58.28398895263672, -48.95573043823242, -79.94798278808594, -78.29597473144531, -59.413780212402344, -53.443607330322266, -43.76631164550781, -100.08108520507812, -104.58101654052734, -57.4906120300293, -83.69366455078125, -76.39209747314453, -63.264949798583984, -62.98381805419922, -63.0650749206543, -96.53971862792969, -61.889976501464844, -70.5315170288086, -81.33218383789062, -67.1865463256836, -54.607810974121094, -40.857879638671875, -96.43595886230469, -55.48164749145508, -57.20698547363281, -72.0523681640625, -92.66007232666016, -71.10662841796875],