{"arm": "xgb28_delta_family", "family": "qmrxn20_sn2", "fold": 2, "member": 3, "n_train": 150, "n_test": 37, "reaction_ids": ["qmrxn20_sn2_D_D_D_A_C_C", "qmrxn20_sn2_C_A_C_C_B_B", "qmrxn20_sn2_A_A_C_A_A_A", "qmrxn20_sn2_C_E_A_C_A_C", "qmrxn20_sn2_A_D_E_B_A_D", "qmrxn20_sn2_E_C_A_A_A_A", "qmrxn20_sn2_C_D_A_A_A_C", "qmrxn20_sn2_E_D_C_B_A_B", "qmrxn20_sn2_D_A_C_B_A_C", "qmrxn20_sn2_E_E_E_B_C_A", "qmrxn20_sn2_D_A_C_E_B_D", "qmrxn20_sn2_C_E_E_D_B_A", "qmrxn20_sn2_E_B_C_A_A_A", "qmrxn20_sn2_D_A_C_C_B_A", "qmrxn20_sn2_C_A_A_E_B_D", "qmrxn20_sn2_A_D_C_D_C_A", "qmrxn20_sn2_C_A_D_B_A_C", "qmrxn20_sn2_C_E_C_E_A_B", "qmrxn20_sn2_A_B_D_A_B_D", "qmrxn20_sn2_E_E_C_C_B_B", "qmrxn20_sn2_B_E_C_A_B_A", "qmrxn20_sn2_E_B_C_A_B_C", "qmrxn20_sn2_C_D_D_C_B_C", "qmrxn20_sn2_B_D_A_A_C_B", "qmrxn20_sn2_E_E_B_C_A_B", "qmrxn20_sn2_C_A_D_B_B_C", "qmrxn20_sn2_C_C_C_D_B_C", "qmrxn20_sn2_B_D_C_E_B_B", "qmrxn20_sn2_C_D_C_E_B_C", "qmrxn20_sn2_A_C_A_C_C_D", "qmrxn20_sn2_D_A_A_D_C_C", "qmrxn20_sn2_C_A_D_C_A_B", "qmrxn20_sn2_C_A_E_C_B_C", "qmrxn20_sn2_C_A_C_A_C_C", "qmrxn20_sn2_E_A_E_C_B_B", "qmrxn20_sn2_A_E_E_B_A_B", "qmrxn20_sn2_B_A_B_E_B_B"], "y_true_strain": [27.717185974121094, 7.556673049926758, 18.643972396850586, 47.28998565673828, 53.017818450927734, 14.99179744720459, 47.8707160949707, 28.839468002319336, 51.54408645629883, 11.232259750366211, 23.237625122070312, 5.848196029663086, 5.002231597900391, 0.4567466676235199, 20.879236221313477, 5.3835272789001465, 47.747554779052734, 36.76958084106445, 34.49323654174805, 21.061399459838867, 10.428143501281738, 38.4273796081543, 30.85794448852539, 11.087361335754395, 32.244911193847656, 25.949594497680664, 7.86549186706543, 11.5806884765625, 29.280197143554688, 9.728802680969238, 23.388147354125977, 21.21240997314453, 20.45886993408203, 9.129803657531738, 22.206968307495117, 41.5615234375, 6.720526695251465], "y_true_Pauli": [60.0, 140.33999633789062, 115.58000183105469, 131.50999450683594, 113.0999984741211, 161.9199981689453, 127.4000015258789, 174.77999877929688, 141.4199981689453, 141.75999450683594, 83.4000015258789, 187.77000427246094, 179.97000122070312, 114.18000030517578, 84.11000061035156, 103.51000213623047, 160.13999938964844, 187.1699981689453, 96.80000305175781, 141.4600067138672, 182.83999633789062, 114.33999633789062, 108.1500015258789, 119.2300033569336, 178.5800018310547, 104.29000091552734, 118.55999755859375, 154.38999938964844, 115.58999633789062, 92.0199966430664, 72.44000244140625, 168.47000122070312, 94.73999786376953, 96.94999694824219, 127.77999877929688, 168.50999450683594, 131.94000244140625], "y_true_elst": [-52.529998779296875, -120.30999755859375, -93.66000366210938, -99.7300033569336, -78.94000244140625, -126.01000213623047, -87.58000183105469, -132.33999633789062, -103.76000213623047, -134.2100067138672, -63.560001373291016, -140.24000549316406, -156.55999755859375, -104.22000122070312, -60.369998931884766, -89.18000030517578, -110.73999786376953, -148.25, -70.41999816894531, -130.07000732421875, -157.6999969482422, -95.86000061035156, -80.87999725341797, -94.04000091552734, -140.44000244140625, -80.77999877929688, -89.19999694824219, -121.76000213623047, -90.18000030517578, -70.88999938964844, -54.61000061035156, -124.51000213623047, -68.4000015258789, -76.4800033569336, -114.56999969482422, -134.35000610351562, -108.77999877929688], "y_true_oi": [-32.2599983215332, -83.19000244140625, -57.0, -78.06999969482422, -67.63999938964844, -71.16000366210938, -74.1500015258789, -91.58000183105469, -86.9000015258789, -53.33000183105469, -47.56999969482422, -87.97000122070312, -74.45999908447266, -50.27000045776367, -51.7400016784668, -46.400001525878906, -103.69999694824219, -104.37999725341797, -58.790000915527344, -75.16999816894531, -79.51000213623047, -63.689998626708984, -60.15999984741211, -63.65999984741211, -93.5999984741211, -61.40999984741211, -71.73999786376953, -83.62000274658203, -64.04000091552734, -58.81999969482422, -42.279998779296875, -98.86000061035156, -59.36000061035156, -61.90999984741211, -70.0999984741211, -90.68000030517578, -73.62000274658203], "y_true_disp": [-5.340000152587891, -2.009999990463257, -1.350000023841858, -5.110000133514404, -5.190000057220459, -2.109999895095825, -4.670000076293945, -2.5799999237060547, -4.460000038146973, -2.4700000286102295, -5.150000095367432, -2.509999990463257, -2.3499999046325684, -1.9600000381469727, -4.539999961853027, -1.9800000190734863, -4.420000076293945, -2.369999885559082, -5.110000133514404, -2.180000066757202, -2.4600000381469727, -5.78000020980835, -6.539999961853027, -2.430000066757202, -2.490000009536743, -5.789999961853027, -6.650000095367432, -2.7699999809265137, -6.380000114440918, -5.420000076293945, -4.53000020980835, -2.1600000858306885, -5.179999828338623, -4.570000171661377, -2.009999990463257, -2.1500000953674316, -2.309999942779541], "y_pred_strain": [27.572898864746094, 8.183480262756348, 15.489899635314941, 46.814517974853516, 53.52864456176758, 16.285423278808594, 48.749114990234375, 31.793306350708008, 55.37704849243164, 12.300827026367188, 28.03775978088379, 9.361139297485352, 18.169416427612305, 13.262887954711914, 25.837339401245117, 1.1675965785980225, 49.186866760253906, 39.24170684814453, 34.07360076904297, 23.71420669555664, 10.938310623168945, 31.67311668395996, 28.32895851135254, 7.715837478637695, 38.24446105957031, 23.073884963989258, 12.974294662475586, 14.033649444580078, 29.46946907043457, 9.061702728271484, 21.518383026123047, 25.834285736083984, 20.49211311340332, 11.560235023498535, 23.790822982788086, 39.648494720458984, 8.951824188232422], "y_pred_Pauli": [65.50833129882812, 146.35986328125, 109.64506530761719, 136.2203369140625, 113.5859375, 162.81394958496094, 129.82217407226562, 178.0430145263672, 143.46780395507812, 141.58416748046875, 86.88633728027344, 162.70632934570312, 181.9824676513672, 128.65487670898438, 86.65080261230469, 91.22315216064453, 152.0883331298828, 198.30238342285156, 97.26750183105469, 148.29779052734375, 171.04901123046875, 121.82373046875, 108.86471557617188, 124.7111587524414, 190.02833557128906, 108.94221496582031, 116.98003387451172, 158.52023315429688, 116.04043579101562, 96.60930633544922, 68.01062774658203, 177.06280517578125, 98.88616180419922, 99.40851593017578, 131.290771484375, 178.96527099609375, 134.22869873046875], "y_pred_elst": [-52.69001388549805, -124.02549743652344, -87.50315856933594, -96.54181671142578, -78.97689819335938, -124.80762481689453, -90.87440490722656, -133.0565948486328, -108.22347259521484, -128.6101837158203, -59.14271545410156, -124.90668487548828, -153.2919158935547, -115.80496215820312, -64.52426147460938, -87.75115966796875, -112.80889892578125, -155.9228515625, -75.28080749511719, -127.50054931640625, -148.13796997070312, -88.83528900146484, -79.24996948242188, -95.97208404541016, -146.8841552734375, -76.54741668701172, -84.64298248291016, -123.29188537597656, -84.59427642822266, -70.61335754394531, -51.21813201904297, -133.9944305419922, -70.57110595703125, -76.70927429199219, -121.79979705810547, -136.82810974121094, -110.11515808105469], "y_pred_oi": [-31.977149963378906, -82.52439880371094, -57.7412223815918, -81.1559829711914, -69.32994079589844, -76.7854995727539, -77.01885223388672, -91.05792236328125, -88.56350708007812, -58.8573112487793, -49.589778900146484, -76.5121841430664, -82.48555755615234, -56.198524475097656, -52.459434509277344, -43.63209915161133, -97.66211700439453, -105.83518981933594, -56.76432418823242, -81.54216766357422, -81.94168853759766, -68.72486877441406, -65.07575988769531, -66.08430480957031, -95.37895965576172, -62.80423355102539, -69.62543487548828, -81.23628997802734, -65.18852996826172, -58.4494743347168, -40.943511962890625, -95.91124725341797, -58.68605041503906, -61.00840759277344, -74.05293273925781, -95.62566375732422, -73.94451141357422],