{
  "rxn_id": "h",
  "level": "ZORA-BLYP-D3(BJ)/TZ2P all-electron NOSYM Good (ADF)",
  "E_strain": 12.348815349874712,
  "E_Pauli": 132.74,
  "E_elstat": -60.6,
  "E_oi": -97.98,
  "E_disp": -7.05,
  "E_int": -32.889999999999986,
  "E_int_total_kcal": -32.89,
  "dE_frag_barrier_eda": -20.541184650125274,
  "E_A_TS_kcal": -745.7508483517312,
  "E_B_TS_kcal": -960.6943723783736,
  "E_A_relax_kcal": -749.9498979248615,
  "E_B_relax_kcal": -968.844138155118,
  "dEprep_A_kcal": 4.19904957313031,
  "dEprep_B_kcal": 8.149765776744403
}