rxn_id,ts_file,n_atoms,n_f1,n_f2,rel1_file,rel2_file,formed_d1,formed_d2
0,TS_6PStF1_ll_ad_1-2_4-8.xyz,19,9,10,r1_C3H6.xyz,r0_C4H4N2.xyz,2.317787352390206,2.5821387835281047
1,TS_O9sLs-_ll_ad_1-5_2-3.xyz,19,9,10,r1_C3H6.xyz,r0_C4H4N2.xyz,2.726961736548571,2.274046823858295
2,TS_KrNTWI_ll_ad_3-4_5-7.xyz,16,9,7,r1_C3H3NO2.xyz,r0_C3H4.xyz,2.1494940458396252,2.767116797787907
3,TS_j-fhA2_ll_ad_3-7_5-6.xyz,16,9,7,r1_C3H3NO2.xyz,r0_C3H4.xyz,2.2598791960191145,2.3656185143636326
4,TS_ts_guess_0ey6BK_template_3-9_5-7.xyz,23,13,10,r1_C4H6N2O.xyz,r0_C4H6.xyz,2.3147868828036846,2.466140860251093
5,TS_ts_guess_HeCghw_template_4-10_5-7.xyz,19,11,8,r1_C4FH4NO.xyz,r0_C2H4O2.xyz,2.43570981861551,2.2245206772471233
6,TS_ts_guess_1BZ2zN_template_4-9_5-7.xyz,19,11,8,r1_C4FH4NO.xyz,r0_C2H4O2.xyz,2.8368228000705296,1.978658448065254
7,TS_TIDIpb_ll_ad_4-10_5-7.xyz,24,14,10,r0_C5H7NO.xyz,r1_C3H6O.xyz,2.7335646760045753,2.6185760580513984
8,TS_ts_guess_0XMuBu_template_4-9_5-7.xyz,24,14,10,r0_C5H7NO.xyz,r1_C3H6O.xyz,2.7952111279830008,2.6567282356500073
9,TS_ts_guess_U-FkB1_template_1-4_5-8.xyz,23,11,12,r1_C5H3N3.xyz,r0_C4H8.xyz,2.514369713049376,2.3764046391345053
10,TS_ts_guess_yqQcu7_template_1-8_3-4.xyz,23,12,11,r0_C4H8.xyz,r1_C5H3N3.xyz,2.818936481955562,2.231384632935344
13,TS_ts_guess_sxIprf_template_2-10_3-6.xyz,24,12,12,r1_C4H6O2.xyz,r0_C3H7NO.xyz,2.21217072295517,2.2352757035766304
14,TS_ts_guess_k_IpAk_template_4-5_6-8.xyz,24,17,7,r1_C5H7N3O2.xyz,r0_C3H4.xyz,2.1474735878468914,2.2305667087984613
15,TS_ts_guess_Gn6347_template_4-11_6-10.xyz,24,17,7,r1_C5H7N3O2.xyz,r0_C3H4.xyz,2.333316908330285,2.10887016949835
16,TS_F_Mg4r_ll_ad_1-10_2-4.xyz,24,10,14,r0_C4H6.xyz,r1_C6H4N4.xyz,2.246886281879882,2.4117358964447164
17,TS_ts_guess_gTy16I_template_3-11_5-9.xyz,24,17,7,r1_C6H8O3.xyz,r0_C3FH3.xyz,2.650466585056299,2.436208860791701
18,TS_ts_guess_QaJUR8_template_1-11_3-4.xyz,24,11,13,r0_C3H7N.xyz,r1_C6F2H4O.xyz,3.1019546263283737,3.114753035298304
19,TS_ts_guess_6ureLq_template_1-12_3-4.xyz,24,11,13,r0_C3H7N.xyz,r1_C6F2H4O.xyz,2.7338715497623514,2.5927485739461895
20,TS_ts_guess_HEENHP_template_1-10_4-5.xyz,25,13,12,r1_C3H8N2.xyz,r0_C6H3N3.xyz,2.1873706334775553,2.6058463518404147
22,TS_ts_guess_2o_XzU_template_2-5_7-10.xyz,25,14,11,r0_C4F2H6O2.xyz,r1_C3H6N2.xyz,2.3865504030922957,2.279399614745076
23,TS_ts_guess_tvU8cK_template_2-5_9-10.xyz,25,14,11,r0_C4F2H6O2.xyz,r1_C3H6N2.xyz,2.373437226682012,2.1823165715816764
24,TS_ts_guess_xvr478_template_4-11_5-6.xyz,21,10,11,r0_C4H4O2.xyz,r1_C3H3N3O2.xyz,2.471259244636224,2.131498254679088
25,TS_ts_guess_xiHRe4_template_4-10_5-6.xyz,21,10,11,r0_C4H4O2.xyz,r1_C3H3N3O2.xyz,2.3028652404124736,2.241156704672835
26,TS_ts_guess_iJUjpM_template_3-13_5-7.xyz,26,13,13,r1_C4H6N2O.xyz,r0_C6H6O.xyz,2.3488895071075606,2.6445851042649395
27,TS_ts_guess_SCRNcv_template_4-13_6-7.xyz,29,12,17,r0_C4H5NO2.xyz,r1_C7H10.xyz,2.805322126423274,2.306603480986708
28,TS_rdBnO7_ll_ad_3-11_5-8.xyz,23,11,12,r1_C4H3N3O.xyz,r0_C4F2H6.xyz,2.638713793612335,2.3213061077333164
29,TS_ts_guess_uGApjY_template_4-10_6-9.xyz,27,18,9,r1_C5H9NO3.xyz,r0_C4H4O.xyz,2.4620840057357913,2.1106951151930966
30,TS_vCwM3z_ll_ad_4-5_6-10.xyz,27,18,9,r1_C5H9NO3.xyz,r0_C4H4O.xyz,2.010113133358419,2.723844855971059
31,TS_ts_guess_oz73Rj_template_1-10_2-7.xyz,20,10,10,r0_C4F3H3.xyz,r1_C3H3NO3.xyz,2.2481159148273475,2.323998592297336
33,TS_B3Ce4Q_ll_ad_4-10_5-7.xyz,21,10,11,r1_C4FH3O2.xyz,r0_C5H3N3.xyz,2.887658133141803,2.18009570812843
34,TS_ehURVB_ll_ad_4-13_5-7.xyz,21,10,11,r1_C4FH3O2.xyz,r0_C5H3N3.xyz,2.6389405166657323,2.1368737780224643
35,TS_ts_guess_J29f0S_template_1-12_4-5.xyz,28,12,16,r0_C3H7NO.xyz,r1_C7FH7O.xyz,2.5484803486587846,2.605503035193012
36,TS_ts_guess_e0eBnf_template_7-8_10-13.xyz,28,16,12,r1_C7FH7O.xyz,r0_C3H7NO.xyz,2.5197607770183263,2.56368602326806
37,TS_ts_guess_sB1_jE_template_7-11_8-9.xyz,28,16,12,r1_C7FH7O.xyz,r0_C3H7NO.xyz,2.5468640360451125,2.5818017788745906
38,TS_MHFbAm_ll_ad_1-12_4-5.xyz,28,12,16,r0_C3H7NO.xyz,r1_C7FH7O.xyz,2.6395910412221055,2.521283676502904
41,TS_ts_guess_XRDgG0_template_4-9_5-7.xyz,26,13,13,r0_C5H6O2.xyz,r1_C5H5NO2.xyz,2.7123331902072803,2.2070499553476357
42,TS_ts_guess_aPoynF_template_4-14_5-7.xyz,26,13,13,r0_C5H6O2.xyz,r1_C5H5NO2.xyz,2.3355003043887623,2.7230111634365364
44,TS_ts_guess_1sH2ol_template_3-13_5-7.xyz,28,15,13,r0_C5H8O2.xyz,r1_C6FH5O.xyz,2.7307666398101462,2.5563966989495195
45,TS_ts_guess_H6FkmA_template_3-14_5-7.xyz,28,15,13,r0_C5H8O2.xyz,r1_C6FH5O.xyz,2.7262419002355602,2.6597423331781593
46,TS_ts_guess_m0lbQU_template_3-14_5-7.xyz,28,15,13,r0_C5H8O2.xyz,r1_C6FH5O.xyz,2.7852662563388804,2.4091645916582785
47,TS_ts_guess_-Z_CEu_template_4-14_5-9.xyz,26,16,10,r1_C6H7NO2.xyz,r0_C2H4N2O2.xyz,2.044780241052813,2.148558879342151
48,TS_ts_guess_jnX0-V_template_4-11_5-9.xyz,26,16,10,r1_C6H7NO2.xyz,r0_C2H4N2O2.xyz,2.1931480523211375,1.9955737739808068
49,TS_yJ-xQw_hl_ad_4-13_6-7.xyz,30,13,17,r1_C4H6N2O.xyz,r0_C7FH9.xyz,2.3552831848845694,2.5884201431181912
50,TS_ts_guess_zbrUQ2_template_4-14_6-7.xyz,30,13,17,r1_C4H6N2O.xyz,r0_C7FH9.xyz,2.4940646403210964,2.4463832252735878
51,TS_ts_guess_fcLiCp_template_4-13_5-8.xyz,29,15,14,r0_C5H7NO2.xyz,r1_C5H7NO.xyz,2.6360159809454875,2.4456912466826224
52,TS_ts_guess_Kmf8wo_template_4-11_5-8.xyz,29,15,14,r0_C5H7NO2.xyz,r1_C5H7NO.xyz,2.8461640856422883,2.2941040082350237
55,TS_ts_guess_5ssKZA_template_4-5_7-9.xyz,32,23,9,r0_C9H12O2.xyz,r1_C3H5N.xyz,2.9065346550488607,2.5643133795423676
56,TS_ts_guess_WEmU5t_template_4-5_8-9.xyz,32,23,9,r0_C9H12O2.xyz,r1_C3H5N.xyz,2.6744894201697638,2.5647225447404636
57,TS_ts_guess_v0BSJD_template_4-13_8-11.xyz,27,20,7,r1_C7H9NO3.xyz,r0_C3FH3.xyz,2.328090733133054,2.535204688974837
58,TS_ts_guess_CtbRdw_template_4-13_8-11.xyz,27,20,7,r1_C7H9NO3.xyz,r0_C3FH3.xyz,2.709450755799042,2.295887025922661
61,TS_ts_guess_wU0vWx_template_4-6_7-9.xyz,31,24,7,r1_C8H12O4.xyz,r0_C3H4.xyz,2.3286169371753696,2.5745828506575585
62,TS_ts_guess_iDitov_template_4-13_7-12.xyz,31,24,7,r1_C8H12O4.xyz,r0_C3H4.xyz,2.5226871793585506,2.3510664661808267
63,TS_ts_guess_AA10QL_template_4-9_10-13.xyz,30,22,8,r1_C6H11N3O2.xyz,r0_C3H4O.xyz,2.536522100613358,2.2559477499268463
64,TS_etRB_4_ll_ad_4-12_10-11.xyz,30,22,8,r1_C6H11N3O2.xyz,r0_C3H4O.xyz,2.4582256833334077,2.3187701470607216
65,TS_ts_guess_UaOWqs_template_4-11_6-7.xyz,25,11,14,r0_C3H4N2O2.xyz,r1_C4F2H6O2.xyz,3.3026941816946964,2.1595497576578317
66,TS_ts_guess_Ybc3gq_template_2-14_3-6.xyz,26,9,17,r0_C4H3NO.xyz,r1_C9H6N2.xyz,2.2521476121471258,2.9112059667601673
67,TS_ts_guess_8PEFDL_template_2-10_3-6.xyz,26,9,17,r0_C4H3NO.xyz,r1_C9H6N2.xyz,2.300034362808521,2.7930480091111933
68,TS_ts_guess_36lXsd_template_4-9_7-8.xyz,31,17,14,r1_C5H9NO2.xyz,r0_C8H6.xyz,2.7281073550357213,2.1526699704552947
69,TS_ts_guess_UVPuEk_template_4-6_7-14.xyz,31,17,14,r1_C5H9NO2.xyz,r0_C8H6.xyz,2.260990895824218,2.4232187808780288
70,TS_ts_guess_DYN1GU_template_3-10_12-13.xyz,33,26,7,r1_C11H13NO.xyz,r0_C3H4.xyz,2.8886684550152166,2.038455368949735
71,TS_ts_guess_reZHm0_template_3-10_11-13.xyz,33,26,7,r1_C11H13NO.xyz,r0_C3H4.xyz,2.4887414965399683,2.184417792387711
72,TS_ts_guess_d3SoTZ_template_4-13_6-10.xyz,25,17,8,r0_C6H7N3O.xyz,r1_C3ClH3O.xyz,2.359940382594442,2.5921875907619034
73,TS_ts_guess_FHq81N_template_4-12_6-10.xyz,25,17,8,r0_C6H7N3O.xyz,r1_C3ClH3O.xyz,2.316292182325019,2.7289828286927715
74,TS_ts_guess_D1SMkS_template_1-16_3-8.xyz,26,12,14,r0_C4H4N4.xyz,r1_C7H5NO.xyz,2.1177824070003033,2.3625161868016904
75,TS_ts_guess_X1FNdY_template_1-16_3-8.xyz,26,12,14,r0_C4H4N4.xyz,r1_C7H5NO.xyz,2.0323564105244927,2.570334269039729
76,TS_ts_guess_P8rCUD_template_1-14_3-8.xyz,26,12,14,r0_C4H4N4.xyz,r1_C7H5NO.xyz,2.1925899654062087,2.292834883741086
77,TS_ts_guess_WZYoHV_template_1-16_3-8.xyz,26,12,14,r0_C4H4N4.xyz,r1_C7H5NO.xyz,1.9854009901025034,2.5799524538835983
78,TS_ts_guess_K2nJht_template_4-14_9-12.xyz,28,21,7,r1_C7H9N3O2.xyz,r0_C3FH3.xyz,2.292525900071796,2.4145030432989723
79,TS_ts_guess_r0na16_template_4-14_9-12.xyz,28,21,7,r1_C7H9N3O2.xyz,r0_C3FH3.xyz,2.6778998879532447,2.1840332267161138
80,TS_ts_guess_nyg_l5_template_3-11_4-6.xyz,22,9,13,r0_C4ClH3O.xyz,r1_C6H3N3O.xyz,2.4863070863833374,2.5790151395639382
81,TS_ts_guess_P3xqig_template_3-12_4-6.xyz,22,9,13,r0_C4ClH3O.xyz,r1_C6H3N3O.xyz,2.513677525797611,2.461744701710557
82,TS_ts_guess_IJMnIX_template_4-10_5-6.xyz,29,11,18,r0_C4H5NO.xyz,r1_C9H7NO.xyz,2.6692040138775455,2.3705916784845087
83,TS_ts_guess_ulQnBj_template_4-14_5-6.xyz,29,11,18,r0_C4H5NO.xyz,r1_C9H7NO.xyz,2.663457736571016,2.367980100359798
84,TS_ts_guess_98Jr-e_template_4-13_9-10.xyz,26,18,8,r0_C6H8N2O2.xyz,r1_C3ClH3O.xyz,2.8042724792180946,2.2461764679116376
85,TS_Gk5roB_ll_ad_4-12_9-10.xyz,26,18,8,r0_C6H8N2O2.xyz,r1_C3ClH3O.xyz,3.8316760351835595,2.1048222949218305
86,TS_ts_guess__sadcz_template_2-3_5-9.xyz,33,24,9,r1_C9H14O.xyz,r0_C3H3NO2.xyz,3.1495632511191136,2.29432392381721
87,TS_ts_guess_KNefvg_template_2-3_8-9.xyz,33,24,9,r1_C9H14O.xyz,r0_C3H3NO2.xyz,2.4047373742885103,2.5609396134036433
88,TS_WfTSFv_ll_ad_4-14_6-7.xyz,36,13,23,r1_C4H6N2O.xyz,r0_C9H14.xyz,2.431368349345693,2.512282378276773
89,TS_ts_guess_seEx_E_template_4-9_5-7.xyz,31,14,17,r1_C5H7NO.xyz,r0_C6H8O3.xyz,2.7096678418581126,2.206673205551742
90,TS_ts_guess_nd725o_template_4-15_5-7.xyz,31,14,17,r1_C5H7NO.xyz,r0_C6H8O3.xyz,2.275921274099787,2.800575948014979
91,TS_ts_guess_ixtSWm_template_4-13_6-9.xyz,31,18,13,r1_C6H9NO2.xyz,r0_C5H6O2.xyz,2.3138033673153817,3.3983644476277113
92,TS_e_zlqr_ll_ad_4-12_6-9.xyz,31,18,13,r1_C6H9NO2.xyz,r0_C5H6O2.xyz,2.374279224480558,2.681227246113242
93,TS_YvNWft_hl_ad_3-14_6-7.xyz,28,15,13,r0_C4H8N2O.xyz,r1_C6F2H4O.xyz,2.408913094343588,2.4642679189974452
94,TS_ts_guess_-KXbiL_template_3-4_12-13.xyz,28,15,13,r0_C4H8N2O.xyz,r1_C6F2H4O.xyz,2.3654862259374925,2.3900330924278017
95,TS_ts_guess__qzm2J_template_2-10_3-5.xyz,29,8,21,r1_C3FH3O.xyz,r0_C9H9N3.xyz,2.404432996051252,2.312221819181715
96,TS_ts_guess_itHptJ_template_2-13_3-5.xyz,29,8,21,r1_C3FH3O.xyz,r0_C9H9N3.xyz,2.4977262989767315,2.2095649155659585
97,TS_ts_guess_GF3qIj_template_4-14_5-9.xyz,26,15,11,r1_C6H6O3.xyz,r0_C4H3N3O.xyz,2.499584378591769,2.261958639520184
98,TS_ts_guess_b5_9Mv_template_4-5_10-13.xyz,26,15,11,r1_C6H6O3.xyz,r0_C4H3N3O.xyz,2.25803583700525,2.4961786356549083
99,TS_ts_guess_BxuP90_template_3-15_6-7.xyz,30,13,17,r0_C4H6N2O.xyz,r1_C8H7NO.xyz,2.237104017563779,2.3045460893199774
100,TS_ts_guess_uPn3xh_template_3-14_6-7.xyz,30,13,17,r0_C4H6N2O.xyz,r1_C8H7NO.xyz,2.4174894654992816,2.0794988026926102
101,TS_ts_guess_4MBY4N_template_3-16_6-7.xyz,30,13,17,r0_C4H6N2O.xyz,r1_C8H7NO.xyz,2.3214433726886385,2.214260422037119
102,TS_ts_guess_tjgpdD_template_3-16_6-7.xyz,30,13,17,r0_C4H6N2O.xyz,r1_C8H7NO.xyz,2.3294148161501846,2.201101797214295
103,TS_ts_guess_7SN1DJ_template_3-9_6-8.xyz,34,18,16,r1_C5H10N2O.xyz,r0_C6H8O2.xyz,3.049542991154576,2.04889379334313
105,TS_ts_guess__qoq-F_template_3-12_4-5.xyz,27,9,18,r0_C4H4O.xyz,r1_C7H6N2O3.xyz,2.606879753383343,1.9566819844829155
106,TS_3nEQHO_hl_ad_3-11_4-5.xyz,27,9,18,r0_C4H4O.xyz,r1_C7H6N2O3.xyz,2.4994648717275467,1.9407595473422254
107,TS_ts_guess_ZREfUX_template_3-12_5-10.xyz,23,13,10,r1_C6H3N3O.xyz,r0_C4F3H3.xyz,2.2141417296550827,2.6582291942193397
108,TS_ts_guess_HVJ70u_template_3-15_5-10.xyz,23,13,10,r1_C6H3N3O.xyz,r0_C4F3H3.xyz,2.2323089522062127,2.563022396254079
109,TS_ts_guess_zZcznB_template_3-9_5-6.xyz,34,12,22,r1_C3H6N2O.xyz,r0_C8H12O2.xyz,2.8466328067385156,1.9257597589782585
110,TS_ts_guess_XIdM8w_template_3-13_5-6.xyz,34,12,22,r1_C3H6N2O.xyz,r0_C8H12O2.xyz,2.0161871273768215,2.4559975699092216
112,TS_ts_guess_Pb0Czb_template_4-10_6-7.xyz,26,14,12,r0_C3H7N3O.xyz,r1_C4F3H3O2.xyz,2.72739152902549,2.0604562615595605
113,TS_ts_guess_fjUaIL_template_4-13_6-7.xyz,26,14,12,r0_C3H7N3O.xyz,r1_C4F3H3O2.xyz,2.0885789744704413,2.3987798592200993
114,TS_ts_guess_v_Rtqv_template_3-16_5-9.xyz,29,16,13,r0_C6H7NO2.xyz,r1_C6FH5O.xyz,2.5791927990749355,2.688112990668361
115,TS_KbEaT0_ll_ad_3-16_5-9.xyz,29,16,13,r0_C6H7NO2.xyz,r1_C6FH5O.xyz,2.5786552733159196,2.8005011205496775
118,TS_ts_guess_YimS-Y_template_3-12_4-6.xyz,24,9,15,r0_BrC4H3O.xyz,r1_C5H8O2.xyz,2.750657521430103,2.80874209611705
120,TS_ts_guess_kQnJuk_template_2-3_6-9.xyz,36,21,15,r1_C8FH11O.xyz,r0_C4H9NO.xyz,2.253542399534564,2.215770979004825
121,TS_ts_guess_92BIby_template_2-13_8-10.xyz,36,21,15,r1_C8FH11O.xyz,r0_C4H9NO.xyz,2.3437784468033662,2.0176663919984392
122,TS_ts_guess_J348-__template_2-14_3-10.xyz,30,18,12,r0_C9H8O.xyz,r1_C5H4N2O.xyz,2.4278057102247703,2.6788552556269254
123,TS_ts_guess_kSZg2a_template_2-15_3-10.xyz,30,18,12,r0_C9H8O.xyz,r1_C5H4N2O.xyz,2.4034957826049954,2.7566553995920495
124,TS_ts_guess_1xf8UI_template_10-11_14-15.xyz,27,19,8,r0_C8ClH7O3.xyz,r1_C2H4N2.xyz,2.2782200812256925,2.4408489309459527
125,TS_ts_guess_Npk6gd_template_4-5_8-9.xyz,27,19,8,r0_C8ClH7O3.xyz,r1_C2H4N2.xyz,2.3954285064054823,2.2281512588242296
126,TS_ts_guess_DsRUwL_template_10-11_13-15.xyz,27,19,8,r0_C8ClH7O3.xyz,r1_C2H4N2.xyz,2.4075050270975553,2.294601915474665
127,TS_ts_guess_0HlbCp_template_4-5_7-9.xyz,27,19,8,r0_C8ClH7O3.xyz,r1_C2H4N2.xyz,2.5617911181241926,2.2641982695426655
128,TS_ts_guess_ZvKV8w_template_4-5_7-11.xyz,33,23,10,r1_C9H12O2.xyz,r0_C3H4N2O.xyz,2.736174887557446,2.2273532302937493
129,TS_ts_guess_CFs-47_template_4-5_10-11.xyz,33,23,10,r1_C9H12O2.xyz,r0_C3H4N2O.xyz,2.406697090163197,2.3814778966011843
130,TS_ts_guess_fGZn_S_template_4-5_9-12.xyz,29,16,13,r1_C4H6N4O2.xyz,r0_C5H6O2.xyz,2.339812531315276,1.9684956458676763
131,TS_ts_guess_Im63nE_template_4-5_8-12.xyz,29,16,13,r1_C4H6N4O2.xyz,r0_C5H6O2.xyz,2.0304226792961115,2.2131176135939996
132,TS_ts_guess_V-DKVt_template_4-15_6-7.xyz,25,10,15,r0_C2H3N3O2.xyz,r1_C8H4N2O.xyz,2.118722601687158,2.200943220848734
133,TS_ts_guess_9EwLue_template_4-17_6-7.xyz,25,10,15,r0_C2H3N3O2.xyz,r1_C8H4N2O.xyz,2.237450712619163,2.2128609320967283
134,TS_3Kyxtu_ll_ad_4-10_5-7.xyz,28,11,17,r1_C4FH4NO.xyz,r0_C6H7NO3.xyz,2.6237975083836025,2.0815012703575273
135,TS_ZadKek_hl_ad_4-12_5-7.xyz,28,11,17,r1_C4FH4NO.xyz,r0_C6H7NO3.xyz,2.7889484919768597,2.12112493158701
136,TS_ts_guess_z3iZDg_template_4-5_6-8.xyz,30,23,7,r1_C7H9N3O4.xyz,r0_C3H4.xyz,2.009901477212254,2.545841795340001
137,TS_Qzzp-Y_ll_ad_4-5_6-8.xyz,30,23,7,r1_C7H9N3O4.xyz,r0_C3H4.xyz,2.2960686777620567,2.1154824562496377
138,TS_ts_guess_RYUqdO_template_4-11_7-9.xyz,26,19,7,r1_C6H10O3.xyz,r0_BrC3H3.xyz,2.736041653301353,2.5520570475206856
139,TS_ts_guess_uMq5gx_template_4-11_7-9.xyz,26,19,7,r1_C6H10O3.xyz,r0_BrC3H3.xyz,2.5954653259097875,2.5481799600499175
140,TS_ts_guess_a-3iXk_template_3-14_5-6.xyz,36,11,25,r0_C3H5NO2.xyz,r1_C11H14.xyz,2.193578261517013,2.1001606627589235
141,TS_ts_guess_UhCO9y_template_3-9_5-6.xyz,36,11,25,r0_C3H5NO2.xyz,r1_C11H14.xyz,2.2867642616369532,2.0091534236588307
142,TS_ts_guess_-Co7Ia_template_7-14_8-9.xyz,33,19,14,r0_C8H10O.xyz,r1_C4H6N2O2.xyz,2.5458019232846847,2.0087954563120656
143,TS_ts_guess_n_ekb5_template_2-15_6-8.xyz,33,14,19,r1_C4H6N2O2.xyz,r0_C8H10O.xyz,2.554942161556695,1.9869347881347288
144,TS_ts_guess_9ODmHj_template_4-11_6-8.xyz,31,17,14,r0_C4H9N3O.xyz,r1_C4F2H6O2.xyz,3.277584403703435,2.034527922762428
145,TS_ts_guess_GE0Z4r_template_4-13_6-8.xyz,31,17,14,r0_C4H9N3O.xyz,r1_C4F2H6O2.xyz,2.186346859283769,2.28332333448419
146,TS_ts_guess_91c5aa_template_4-8_10-12.xyz,33,23,10,r1_C8H10N2O3.xyz,r0_C4H6.xyz,2.514213718083648,2.161607569865539
147,TS_ts_guess_-2aAPK_template_4-12_5-6.xyz,28,10,18,r0_C4H4O2.xyz,r1_C4H7N3O4.xyz,2.415575576234368,1.8452714843350286
148,TS_ts_guess_3GulkN_template_3-14_9-11.xyz,34,22,12,r1_C9ClH11O.xyz,r0_C4H7N.xyz,3.046863110413725,2.7206028704866134
149,TS_IQBnoW_hl_ad_3-4_7-9.xyz,34,22,12,r1_C9ClH11O.xyz,r0_C4H7N.xyz,2.6127127004322537,2.5260093810197937
150,TS_ts_guess_ZeAbzr_template_4-16_6-8.xyz,30,17,13,r0_C4H9N3O.xyz,r1_C6F2H4O.xyz,2.3309949531047898,2.431983025701454
151,TS_ts_guess_sSPcLH_template_4-15_6-8.xyz,30,17,13,r0_C4H9N3O.xyz,r1_C6F2H4O.xyz,2.4342197142821766,2.375714935466795
152,TS_ts_guess_Dyvmzi_template_3-11_4-6.xyz,31,9,22,r0_C4FH3O.xyz,r1_C10H10N2.xyz,3.193505996675128,2.5271909575257663
153,TS_ts_guess_3-sSYN_template_3-15_4-6.xyz,31,9,22,r0_C4FH3O.xyz,r1_C10H10N2.xyz,2.870149641307923,2.319430414110326
154,TS_ts_guess_7wJ0Wx_template_2-3_6-14.xyz,36,14,22,r1_C4H8O2.xyz,r0_C9H11NO.xyz,2.1476375114995547,2.164473710281555
155,TS_ts_guess_61-mg8_template_4-14_5-9.xyz,33,15,18,r1_C6H6O3.xyz,r0_C6H10O2.xyz,2.659758605700901,2.4056319207227026
156,TS_ts_guess_CCFcCq_template_4-13_5-9.xyz,33,15,18,r1_C6H6O3.xyz,r0_C6H10O2.xyz,2.4798790461431786,2.8512928673322917
157,TS_ts_guess_79NpBU_template_4-12_6-10.xyz,25,16,9,r1_C4H6N2O4.xyz,r0_C4ClH3O.xyz,2.7442088891700647,2.2395438546498703
158,TS_ts_guess_zXUezz_template_4-14_6-10.xyz,25,16,9,r1_C4H6N2O4.xyz,r0_C4ClH3O.xyz,2.9137738359728607,2.2038977661860812
159,TS_ts_guess_GN_JGB_template_4-5_8-9.xyz,30,23,7,r1_C9ClH11O2.xyz,r0_C2H3NO.xyz,2.2384962618016586,2.281910859433383
160,TS_ts_guess_XxErv3_template_4-5_7-9.xyz,30,23,7,r1_C9ClH11O2.xyz,r0_C2H3NO.xyz,2.4133972328441913,2.1356238563239547
161,TS_ts_guess_3bsKLx_template_4-14_6-11.xyz,27,19,8,r0_C6H8N2O3.xyz,r1_C3ClH3O.xyz,2.3008592882225543,2.433213144506662
163,TS_ts_guess_oTV59F_template_4-12_5-6.xyz,31,11,20,r0_C4H5NO.xyz,r1_C5H9N3O3.xyz,2.392519203371208,2.063005698416754
164,TS_ts_guess_uSms7p_template_4-12_5-6.xyz,31,11,20,r0_C4H5NO.xyz,r1_C5H9N3O3.xyz,2.3970274253750206,2.186955651813726
165,TS_ts_guess_qKFphN_template_4-13_6-10.xyz,29,18,11,r0_C6H8N2O2.xyz,r1_C5H3NO2.xyz,2.5249746222487066,2.299805722860085
166,TS_ts_guess_Efj9hL_template_4-15_6-10.xyz,29,18,11,r0_C6H8N2O2.xyz,r1_C5H3NO2.xyz,2.809775610756133,2.213008652897679
167,TS_ts_guess_LbWWS4_template_2-5_12-13.xyz,36,23,13,r0_C7H15N.xyz,r1_C6ClH5O.xyz,2.9028089082989945,2.949079260277689
168,TS_ts_guess_-euN1a_template_2-5_11-13.xyz,36,23,13,r0_C7H15N.xyz,r1_C6ClH5O.xyz,2.8281378814690066,3.1764201787232116
169,TS_ts_guess_1q4lvs_template_4-13_5-8.xyz,29,12,17,r1_C5H4N2O.xyz,r0_C6H7NO3.xyz,2.2426014362565634,2.2065075191578205
170,TS_ts_guess_nuTOh2_template_4-11_5-8.xyz,29,12,17,r1_C5H4N2O.xyz,r0_C6H7NO3.xyz,2.066694944712451,2.48123886034779
171,TS_ts_guess_SFnR1C_template_1-2_4-11.xyz,32,17,15,r0_C7F2H8.xyz,r1_C7H6N2.xyz,2.5310256582263246,2.366539002721062
172,TS_ts_guess_YoxYU__template_4-16_6-12.xyz,26,17,9,r1_C6H5N3O3.xyz,r0_C4FH3O.xyz,2.051780600868426,2.7510738757983217
173,TS_ts_guess_h3szIj_template_4-14_6-12.xyz,26,17,9,r1_C6H5N3O3.xyz,r0_C4FH3O.xyz,2.8492727919418313,1.9928752951953617
174,TS_ts_guess_v3X8Q5_template_3-17_4-11.xyz,35,19,16,r1_C10H8O.xyz,r0_C5H9NO.xyz,2.2449858904456392,2.463621747164122
175,TS_ts_guess_gZhgqE_template_3-14_4-11.xyz,35,19,16,r1_C10H8O.xyz,r0_C5H9NO.xyz,2.756543329461737,2.1806466628502656
176,TS_ts_guess_nZpaDr_template_4-17_6-8.xyz,29,15,14,r0_C4H7N3O.xyz,r1_C7FH4NO.xyz,2.47967265029076,2.3011012251311325
177,TS_ts_guess_dW-dN2_template_4-17_6-8.xyz,29,15,14,r0_C4H7N3O.xyz,r1_C7FH4NO.xyz,2.455637529970578,2.368649906592361
178,TS_ts_guess_691z68_template_4-16_6-8.xyz,29,15,14,r0_C4H7N3O.xyz,r1_C7FH4NO.xyz,2.245568526609687,2.4532353662255892
179,TS_ts_guess_hE3XZ6_template_4-15_6-8.xyz,29,15,14,r0_C4H7N3O.xyz,r1_C7FH4NO.xyz,2.5978397495034216,2.206477519237393
180,TS_ts_guess_n3pK0A_template_4-14_8-9.xyz,26,14,12,r0_C5H5N3O.xyz,r1_C5F3H3O.xyz,2.912926389269046,2.3041934473693826
181,TS_-iknCI_hl_ad_4-13_8-9.xyz,26,14,12,r0_C5H5N3O.xyz,r1_C5F3H3O.xyz,2.529970749099681,2.3445638901510018
182,TS_ts_guess_bAEkDL_template_4-9_10-15.xyz,33,19,14,r1_C5H8N2O4.xyz,r0_C4H8O2.xyz,2.0131002165317056,2.6708801551174104
183,TS_ts_guess_L_S6lp_template_4-12_10-11.xyz,33,19,14,r1_C5H8N2O4.xyz,r0_C4H8O2.xyz,2.5781135629758434,1.849206087865817
184,TS_ts_guess_tFEvA4_template_3-18_7-8.xyz,27,12,15,r0_C4H4N2O2.xyz,r1_C8H4N2O.xyz,2.2409616247048945,2.0380217379851473
185,TS_ts_guess_4xAzl2_template_3-16_7-8.xyz,27,12,15,r0_C4H4N2O2.xyz,r1_C8H4N2O.xyz,2.2853379206148046,1.933381772258133
186,TS_ts_guess_9_MKYI_template_2-14_8-11.xyz,34,18,16,r1_C8H7NO2.xyz,r0_C5H9NO.xyz,2.402405327354233,2.4566974625500797
187,TS_ts_guess_EUyc4e_template_9-10_13-17.xyz,34,18,16,r1_C8H7NO2.xyz,r0_C5H9NO.xyz,2.3568936426788545,2.4690445141592727
188,TS_ts_guess_CpSogY_template_9-10_15-17.xyz,34,18,16,r1_C8H7NO2.xyz,r0_C5H9NO.xyz,2.5015941107421886,2.3412836568216164
189,TS_ts_guess_nS5KRl_template_2-3_6-10.xyz,34,18,16,r1_C8H7NO2.xyz,r0_C5H9NO.xyz,2.1556182615203463,2.6762174182416496
190,TS_ts_guess_Mr8RGZ_template_4-11_5-8.xyz,33,12,21,r1_C5H4N2O.xyz,r0_C7H11NO2.xyz,2.267865297013912,2.3705513262952143
191,TS_ts_guess_G6h8WO_template_4-16_5-8.xyz,33,12,21,r1_C5H4N2O.xyz,r0_C7H11NO2.xyz,2.1967361120079945,2.5019870479680746
192,TS_ts_guess_Xi4faW_template_2-14_8-11.xyz,36,22,14,r1_C9H11NO.xyz,r0_C5H7NO.xyz,2.947217807441452,2.7282228359318452
193,TS_ts_guess_ZsOXCi_template_2-16_8-11.xyz,36,22,14,r1_C9H11NO.xyz,r0_C5H7NO.xyz,2.578877115839372,2.7749613638031074
194,TS_ts_guess_GqtM8D_template_3-16_5-7.xyz,35,14,21,r0_C5H7NO.xyz,r1_C9H10O2.xyz,2.402233203875094,2.509755717574919
195,TS_ts_guess_O8Ux2s_template_3-14_5-7.xyz,35,14,21,r0_C5H7NO.xyz,r1_C9H10O2.xyz,2.9221250010565942,2.2416066715416423
196,TS_ts_guess_8QEn4J_template_9-10_13-17.xyz,35,21,14,r1_C9H10O2.xyz,r0_C5H7NO.xyz,2.3441181683951005,2.7287435462864584
197,TS_ts_guess_DOoaWP_template_9-10_15-17.xyz,35,21,14,r1_C9H10O2.xyz,r0_C5H7NO.xyz,2.69787733861271,2.356235872084966
198,TS_ngdYfT_ll_ad_1-18_2-4.xyz,36,10,26,r1_C4H6.xyz,r0_C14H11N.xyz,2.211826678630132,2.7318388385298285
199,TS_cN0HXc_hl_ad_4-14_10-12.xyz,30,19,11,r1_C8FH7O3.xyz,r0_C4H5NO.xyz,2.8772823440705295,2.3422408814850786
200,TS_ts_guess_3QXU4a_template_10-11_16-17.xyz,30,19,11,r1_C8FH7O3.xyz,r0_C4H5NO.xyz,2.676347946530869,2.3829835902498364
201,TS_ts_guess_OHa82z_template_4-5_7-11.xyz,30,19,11,r1_C8FH7O3.xyz,r0_C4H5NO.xyz,2.502206483965702,2.4568188161930054
202,TS_ts_guess_RzPyFh_template_10-11_13-17.xyz,30,19,11,r1_C8FH7O3.xyz,r0_C4H5NO.xyz,2.2642800230095217,2.81702038015347
203,TS_3keo6I_ll_ad_4-12_5-6.xyz,30,12,18,r0_C4H6O2.xyz,r1_C7H6N2O3.xyz,2.2308833432745874,2.05231412386116
204,TS_RZn2G0_ll_ad_4-13_5-6.xyz,30,12,18,r0_C4H6O2.xyz,r1_C7H6N2O3.xyz,2.5309393167162266,1.96009061798173
205,TS_Nagk4L_ll_ad_2-10_3-5.xyz,29,8,21,r1_C3ClH3O.xyz,r0_C8H9NO3.xyz,4.363341946043192,2.2106033388873727
206,TS_ts_guess_erRYBY_template_2-13_3-5.xyz,29,8,21,r1_C3ClH3O.xyz,r0_C8H9NO3.xyz,2.192540789517951,2.750141654624358
207,TS_Pjl6m3_ll_ad_4-11_5-8.xyz,31,15,16,r1_C5H7NO2.xyz,r0_C6H6O4.xyz,2.24458670935208,2.4543139965986422
208,TS_37ZozK_hl_ad_4-15_5-8.xyz,31,15,16,r1_C5H7NO2.xyz,r0_C6H6O4.xyz,2.5844874061407226,2.2445550431210193
209,TS_ts_guess_VwVY-f_template_4-12_5-8.xyz,31,14,17,r0_C5H6O3.xyz,r1_C9H6N2.xyz,3.3055951227577767,2.144841706839925
210,TS_ts_guess_vOaP_p_template_4-16_5-8.xyz,31,14,17,r0_C5H6O3.xyz,r1_C9H6N2.xyz,2.396087440098963,2.4534900836970994
211,TS_CfNIXo_hl_ad_4-15_8-12.xyz,31,19,12,r1_C7H7NO4.xyz,r0_C4H6O2.xyz,3.3855521687754275,2.3803550692491235
212,TS_ts_guess_0R8KTd_template_8-15_9-10.xyz,37,20,17,r1_C8H10O2.xyz,r0_C6H9NO.xyz,2.672260608698186,2.709335842840455
213,TS_ts_guess_3VOLG__template_2-14_8-10.xyz,37,20,17,r1_C8H10O2.xyz,r0_C6H9NO.xyz,2.9289552825026197,2.6706000613158083
214,TS_ts_guess_lrrvVu_template_2-15_8-10.xyz,37,20,17,r1_C8H10O2.xyz,r0_C6H9NO.xyz,2.6957341862654043,2.7270435923725165
215,TS_ts_guess_3OIO1j_template_8-14_9-10.xyz,37,20,17,r1_C8H10O2.xyz,r0_C6H9NO.xyz,2.7026554472222317,2.6591538088083584
216,TS_ts_guess__1OR7O_template_2-14_3-5.xyz,30,8,22,r0_C3FH3O.xyz,r1_C10H8N4.xyz,2.453325440172991,2.0552867385355262
217,TS_ts_guess_S0SWa4_template_2-12_3-5.xyz,30,8,22,r0_C3FH3O.xyz,r1_C10H8N4.xyz,2.2226797415282302,2.2474113569616048
218,TS_77FTRx_hl_ad_3-11_4-5.xyz,30,11,19,r0_C4H6O.xyz,r1_C10H5NO3.xyz,2.7118512151296206,2.284963535485851
219,TS_2nwhzf_hl_ad_3-13_4-5.xyz,30,11,19,r0_C4H6O.xyz,r1_C10H5NO3.xyz,2.342189623963013,2.3708078277456397
220,TS_ts_guess_LeIgXO_template_4-15_8-9.xyz,34,17,17,r1_C5H6N2O4.xyz,r0_C7H10.xyz,1.866009117260685,2.6670963210390433
221,TS_ts_guess_e2R9Pk_template_4-16_7-8.xyz,38,17,21,r1_C4H9N3O.xyz,r0_C9H11N.xyz,2.214174613236273,2.2792879447099264
222,TS_ts_guess_7AGY4P_template_4-15_7-8.xyz,38,17,21,r1_C4H9N3O.xyz,r0_C9H11N.xyz,2.54023810023785,2.049659864367744
224,TS_ts_guess_m0aNcq_template_1-5_3-4.xyz,29,9,20,r0_CH5N3.xyz,r1_BrC8FH10.xyz,2.242324098853687,2.156041678307727
225,TS_ts_guess_cBjpkh_template_9-14_10-11.xyz,33,24,9,r1_C9ClH13O.xyz,r0_C3H3N3.xyz,2.4469610021820944,2.4142896652017547
226,TS_ts_guess_URXD6l_template_9-10_13-16.xyz,33,24,9,r1_C9ClH13O.xyz,r0_C3H3N3.xyz,2.419186090940505,2.459655362870986
227,TS_wJ3cC1_ll_ad_4-16_8-14.xyz,30,22,8,r1_C8H8N4O2.xyz,r0_C4H3N.xyz,2.3367662201854937,2.2784077076326796
228,TS_X_4TFz_ll_ad_4-17_8-14.xyz,30,22,8,r1_C8H8N4O2.xyz,r0_C4H3N.xyz,2.203493742786668,2.397048472976715
231,TS_ts_guess_cXlODy_template_4-15_7-8.xyz,35,14,21,r0_C4H6N2O2.xyz,r1_C8FH11O.xyz,2.44962773208502,2.149217994224876
232,TS_ts_guess_d0_IH0_template_4-16_7-8.xyz,35,14,21,r0_C4H6N2O2.xyz,r1_C8FH11O.xyz,2.3099500523820855,2.293675686534607
233,TS_ts_guess_y4jBA1_template_4-14_8-10.xyz,30,16,14,r0_C6H6N2O2.xyz,r1_C4F2H6O2.xyz,2.9801258386350065,2.182237279078515
234,TS_ts_guess__L_Fke_template_4-17_7-10.xyz,37,24,13,r0_C7H14N2O.xyz,r1_C6FH5O.xyz,2.4958328979521043,2.5874220329509448
235,TS_ts_guess_9rOFdq_template_4-17_7-10.xyz,37,24,13,r0_C7H14N2O.xyz,r1_C6FH5O.xyz,2.507759419481861,2.5748999759408133
236,TS_ts_guess_f0DBFD_template_4-16_7-10.xyz,37,24,13,r0_C7H14N2O.xyz,r1_C6FH5O.xyz,2.550839428070689,2.6447858428991937
237,TS_ts_guess_CgNTkr_template_4-17_7-10.xyz,37,24,13,r0_C7H14N2O.xyz,r1_C6FH5O.xyz,2.6616654503900374,2.567412593098351
238,TS_RYUB56_hl_ad_3-14_4-6.xyz,29,9,20,r0_C4ClH3O.xyz,r1_C9H8N2O.xyz,2.4417589781753644,2.2539129079225755
239,TS__pCh3B_ll_ad_3-4_12-16.xyz,29,9,20,r0_C4ClH3O.xyz,r1_C9H8N2O.xyz,2.51469183294892,2.1656254033188658
240,TS_ts_guess_Qp6ssZ_template_3-16_5-7.xyz,40,15,25,r1_C4H8N2O.xyz,r0_C10H14O.xyz,2.076840517252107,2.44886744061413
241,TS_ts_guess_6Izkeq_template_3-14_5-7.xyz,40,15,25,r1_C4H8N2O.xyz,r0_C10H14O.xyz,2.492999361933332,2.01857930735951
242,TS_ts_guess_PfTEZz_template_4-15_6-8.xyz,32,15,17,r0_C4H7N3O.xyz,r1_C7ClFH8.xyz,2.1991990218486364,2.7299178320784674
243,TS_ts_guess_QaMGbp_template_4-15_6-8.xyz,32,15,17,r0_C4H7N3O.xyz,r1_C7ClFH8.xyz,2.3507293023230047,2.4663860976335394
244,TS_ts_guess_vxp3Ci_template_3-9_4-6.xyz,31,9,22,r0_C4ClH3O.xyz,r1_C10H10N2.xyz,2.9814067591323394,2.415908717046238
245,TS_ts_guess__DUWP4_template_3-17_4-6.xyz,31,9,22,r0_C4ClH3O.xyz,r1_C10H10N2.xyz,2.6324070752640063,2.4461737702174795
246,TS_ts_guess_lEdQB4_template_4-5_8-10.xyz,36,28,8,r1_C11H14N2O.xyz,r0_C4H3N.xyz,2.587245388709776,2.2083393284094726
247,TS_ts_guess_AEuHhp_template_4-5_7-10.xyz,36,28,8,r1_C11H14N2O.xyz,r0_C4H3N.xyz,2.1908137790556275,2.813981424068041
248,TS_7SvtXd_ll_ad_3-4_5-12.xyz,34,20,14,r1_C9H8N2O.xyz,r0_C8H6.xyz,2.2131602971994595,2.3969133736954285
249,TS_CIR0V7_ll_ad_3-13_5-12.xyz,34,20,14,r1_C9H8N2O.xyz,r0_C8H6.xyz,2.8406592911153563,2.1129771352052065
251,TS__O7Y9N_ll_ad_4-17_6-12.xyz,27,17,10,r0_C6H5N3O3.xyz,r1_C4FH3O2.xyz,2.025054890046193,2.782109641872512
252,TS_k7uTnv_ll_ad_4-16_5-10.xyz,33,18,15,r1_C6H8N2O2.xyz,r0_C6H6N2O.xyz,2.317609006950913,2.4806403363043183
255,TS_ts_guess_FKGHCK_template_4-5_6-13.xyz,34,20,14,r1_C6H9NO4.xyz,r0_C8H6.xyz,2.194485587489697,2.5502022989166955
256,TS_ts_guess_SriYBf_template_4-12_6-11.xyz,34,20,14,r1_C6H9NO4.xyz,r0_C8H6.xyz,2.6857177142060182,2.2240153987101796
257,TS_ts_guess_0erlyL_template_4-12_5-7.xyz,29,11,18,r1_BrC4H4NO.xyz,r0_C6H10N2.xyz,2.937799438321139,2.4577858348114874
258,TS_ts_guess_V2pOV5_template_4-12_5-7.xyz,29,11,18,r1_BrC4H4NO.xyz,r0_C6H10N2.xyz,2.6013940899640713,2.406392154741201
259,TS_FCnobb_ll_ad_3-13_5-12.xyz,35,21,14,r1_C10H9NO.xyz,r0_C8H6.xyz,2.965822228387939,2.1673929039285884
260,TS_OyJrZ6_ll_ad_3-4_5-12.xyz,35,21,14,r1_C10H9NO.xyz,r0_C8H6.xyz,2.3078122110345114,2.427959232792017
261,TS_A5HoSA_ll_ad_4-9_5-7.xyz,25,11,14,r0_BrC4H4NO.xyz,r1_C4H6N2O2.xyz,2.3314169686265904,2.18638619310496
262,TS_qMBj6e_ll_ad_4-14_5-7.xyz,25,11,14,r0_BrC4H4NO.xyz,r1_C4H6N2O2.xyz,2.3763102294523755,2.2040993244633964
263,TS_u5FGGJ_hl_ad_4-11_5-7.xyz,27,10,17,r1_BrC4H3O2.xyz,r0_C6H9NO.xyz,2.447699108366876,2.485953255071382
264,TS_kd3S2I_ll_ad_4-12_5-7.xyz,27,10,17,r1_BrC4H3O2.xyz,r0_C6H9NO.xyz,3.1532101828771264,2.4322180436383576
265,TS_ts_guess_FyT-oO_template_4-12_5-6.xyz,31,11,20,r0_C4H5NO.xyz,r1_C7H7N3O3.xyz,2.148517590014101,2.180635287112451
266,TS_ts_guess_oOZamv_template_4-14_5-6.xyz,31,11,20,r0_C4H5NO.xyz,r1_C7H7N3O3.xyz,2.587708294398733,1.9533794132477182
267,TS_ts_guess_hte6Gh_template_4-16_9-14.xyz,28,21,7,r1_C8H7N3O3.xyz,r0_C3ClH3.xyz,2.4453610923747027,2.6385165000242083
268,TS_ts_guess_pcrpFP_template_4-16_9-14.xyz,28,21,7,r1_C8H7N3O3.xyz,r0_C3ClH3.xyz,2.483102573495505,2.5454653060295285
269,TS_ts_guess_s_97si_template_4-17_10-13.xyz,33,24,9,r1_C10H11NO2.xyz,r0_C2H3N3O.xyz,2.2375916234648363,2.403109904519558
270,TS_ts_guess_tHcjIt_template_4-16_10-13.xyz,33,24,9,r1_C10H11NO2.xyz,r0_C2H3N3O.xyz,2.3235806037019673,2.2689586210638573
271,TS_ts_guess_dzJhY1_template_3-18_8-9.xyz,34,17,17,r0_C5H8N2O2.xyz,r1_C8H7NO.xyz,2.3881973261437173,2.157357500392552
272,TS_ts_guess_PImNdA_template_3-16_8-9.xyz,34,17,17,r0_C5H8N2O2.xyz,r1_C8H7NO.xyz,2.639681949818955,1.9657306786281787
273,TS_ts_guess_mTLZpD_template_3-18_8-9.xyz,34,17,17,r0_C5H8N2O2.xyz,r1_C8H7NO.xyz,2.4201675799208617,2.0701131955765124
274,TS_ts_guess_RK63Vp_template_3-17_8-9.xyz,34,17,17,r0_C5H8N2O2.xyz,r1_C8H7NO.xyz,2.345777721311207,2.0585995677401665
275,TS_ts_guess_d-9PAQ_template_4-16_10-12.xyz,40,27,13,r0_C10H15NO.xyz,r1_C5H6N2.xyz,2.772996519831931,2.2231440576130015
276,TS_ts_guess_-J6cVo_template_4-5_9-12.xyz,40,27,13,r0_C10H15NO.xyz,r1_C5H6N2.xyz,2.3060905741752644,2.513423353317145
278,TS_ts_guess_fBaaGO_template_4-16_10-13.xyz,38,28,10,r1_C10H15NO2.xyz,r0_C4H4N2.xyz,2.6572413203358103,2.2400152324928504
279,TS_ts_guess_KZa97J_template_4-16_6-7.xyz,37,14,23,r1_C3H7N3O.xyz,r0_C10H11NO.xyz,2.285041869747686,2.2489992682524376
280,TS_ts_guess_-whG_b_template_4-15_6-7.xyz,37,14,23,r1_C3H7N3O.xyz,r0_C10H11NO.xyz,2.3979368263988943,2.1028714243624123
281,TS_ts_guess_MY3mI4_template_4-9_13-16.xyz,33,23,10,r1_C6H11N3O3.xyz,r0_C5H3NO.xyz,2.6867917157457515,1.9396363733957973
282,TS_ts_guess_eblZzN_template_4-9_12-16.xyz,33,23,10,r1_C6H11N3O3.xyz,r0_C5H3NO.xyz,2.3120821088793537,2.0982337530647053
283,TS_ts_guess_HRXdeZ_template_2-3_11-12.xyz,34,18,16,r0_C8H7NO2.xyz,r1_C8H7N.xyz,2.341356206197596,2.9062918193980454
284,TS_ts_guess_F2wxSt_template_2-3_5-12.xyz,34,18,16,r0_C8H7NO2.xyz,r1_C8H7N.xyz,2.4869715936053636,2.662501992543855
285,TS_ts_guess_p1IA0x_template_9-10_12-19.xyz,34,18,16,r0_C8H7NO2.xyz,r1_C8H7N.xyz,2.7001661173712996,2.38935230667225
286,TS_ts_guess_0qr8Ov_template_9-10_18-19.xyz,34,18,16,r0_C8H7NO2.xyz,r1_C8H7N.xyz,2.4589789254485286,2.571459954442223
287,TS_ts_guess_9YZD-J_template_11-15_12-13.xyz,32,23,9,r1_C9H10O4.xyz,r0_C3H3NO2.xyz,2.3936518834199765,2.436245905917545
288,TS_ts_guess_zw2Lao_template_4-15_10-13.xyz,32,23,9,r1_C9H10O4.xyz,r0_C3H3NO2.xyz,2.5924732208645858,2.636585943772742
289,TS_ts_guess_LHbtkD_template_4-5_7-11.xyz,32,23,9,r1_C9H10O4.xyz,r0_C3H3NO2.xyz,2.258924848462206,2.476432655858019
290,TS_ts_guess_Fw2W3V_template_11-12_14-18.xyz,32,23,9,r1_C9H10O4.xyz,r0_C3H3NO2.xyz,2.4656225719481073,2.4011049396892252
291,TS_ts_guess_4rvwKY_template_1-15_4-8.xyz,36,18,18,r0_C6H10N2.xyz,r1_C8ClH8N.xyz,2.6546932046095266,2.347646987474906
292,TS_ts_guess_y-hqkr_template_1-16_4-8.xyz,36,18,18,r0_C6H10N2.xyz,r1_C8ClH8N.xyz,2.414971033408061,2.727842049349632
293,TS_ts_guess_MlGaaE_template_8-16_9-10.xyz,37,20,17,r1_C8H10O2.xyz,r0_C6H8N2O.xyz,2.3825689666618257,2.4508155767825532
294,TS_ts_guess_JxBDvq_template_8-15_9-10.xyz,37,20,17,r1_C8H10O2.xyz,r0_C6H8N2O.xyz,2.4278963870807995,2.425191446546025
295,TS_ts_guess_YACdRR_template_2-15_8-10.xyz,37,20,17,r1_C8H10O2.xyz,r0_C6H8N2O.xyz,2.62251934284573,2.287511792363047
296,TS_ts_guess_87-hTa_template_2-16_8-10.xyz,37,20,17,r1_C8H10O2.xyz,r0_C6H8N2O.xyz,2.4217583753339222,2.443005040784812
297,TS_ts_guess_SvjUqw_template_12-17_13-14.xyz,39,26,13,r1_C11H12N2O.xyz,r0_C3H8N2.xyz,2.4650162647942104,2.561873286757173
298,TS_ts_guess_HgIO-1_template_12-17_13-14.xyz,39,26,13,r1_C11H12N2O.xyz,r0_C3H8N2.xyz,2.547273214674861,2.483950262666304
299,TS_ts_guess_-_cB67_template_4-10_7-8.xyz,26,16,10,r0_C4H8N2O2.xyz,r1_BrC4H3O2.xyz,2.6095687891680495,1.7670169239993148
300,TS_ts_guess__rZc1J_template_4-13_7-8.xyz,26,16,10,r0_C4H8N2O2.xyz,r1_BrC4H3O2.xyz,2.1612309627617314,2.106851264494008
301,TS_ts_guess_VJbe31_template_3-15_7-8.xyz,29,12,17,r0_C5H4N2O.xyz,r1_C7Cl2H8.xyz,2.9322885446695044,2.1741361835220903
302,TS_ts_guess_3jMtgb_template_4-17_8-12.xyz,26,16,10,r1_C6H4N2O4.xyz,r0_C4F3H3.xyz,2.2398242890235833,2.3789104213904317
303,TS_ts_guess_-r6IoZ_template_4-14_8-12.xyz,26,16,10,r1_C6H4N2O4.xyz,r0_C4F3H3.xyz,2.194884338273887,2.524091748510739
304,TS_ts_guess_jcxCzW_template_4-14_5-6.xyz,32,10,22,r0_C4H4O2.xyz,r1_C7H9NO5.xyz,2.616949894896729,2.311998563602495
305,TS_ts_guess_FnLmL3_template_4-12_5-6.xyz,32,10,22,r0_C4H4O2.xyz,r1_C7H9NO5.xyz,2.5418742460239843,2.2678482617891347
306,TS_LRdl8Z_ll_ad_4-15_9-13.xyz,31,23,8,r0_C8H10N2O3.xyz,r1_C3ClH3O.xyz,2.735268600137837,2.234113666311542
307,TS_AuBvX4_ll_ad_4-16_9-13.xyz,31,23,8,r0_C8H10N2O3.xyz,r1_C3ClH3O.xyz,2.7299271213349265,2.2192927143123775
308,TS_ts_guess_L0uR_l_template_4-16_7-8.xyz,36,15,21,r0_C5H7NO2.xyz,r1_C8H10O3.xyz,2.9059889411007744,2.3596274586044297
309,TS_ts_guess_K7sGpt_template_4-18_7-8.xyz,36,15,21,r0_C5H7NO2.xyz,r1_C8H10O3.xyz,2.8146982527262137,2.264925574251834
310,TS_ts_guess_vob0IT_template_3-19_5-12.xyz,34,21,13,r0_C10H9NO.xyz,r1_C6FH5O.xyz,2.351900977230972,2.562644157525582
311,TS_ts_guess__sci-z_template_3-19_5-12.xyz,34,21,13,r0_C10H9NO.xyz,r1_C6FH5O.xyz,2.375443412481131,2.5494085546259546
312,TS_ts_guess_9314uf_template_3-18_5-12.xyz,34,21,13,r0_C10H9NO.xyz,r1_C6FH5O.xyz,2.311419083961193,2.6256124354900514
313,TS_ts_guess_WCnRSE_template_3-19_5-12.xyz,34,21,13,r0_C10H9NO.xyz,r1_C6FH5O.xyz,2.357736545587738,2.5525257913094626
314,TS_ts_guess_Ib8g4F_template_4-18_10-12.xyz,36,23,13,r1_C7H11NO4.xyz,r0_C6H6O.xyz,2.797268645107223,2.5916296757445885
315,TS_ts_guess_CaPs4e_template_4-17_6-10.xyz,31,18,13,r0_C5H8N2O3.xyz,r1_C6ClH5O.xyz,2.24457962801501,2.4310325831012634
316,TS_ts_guess_BulHyS_template_4-16_6-10.xyz,31,18,13,r0_C5H8N2O3.xyz,r1_C6ClH5O.xyz,2.653531033830206,2.2565959489017966
317,TS_ts_guess_iaOCmo_template_4-17_6-10.xyz,31,18,13,r0_C5H8N2O3.xyz,r1_C6ClH5O.xyz,2.263873035507954,2.3625147696046263
319,TS_kW3LYu_ll_ad_4-8_9-13.xyz,36,27,9,r1_C9H13NO4.xyz,r0_C4H4O.xyz,2.432352001232552,2.511011907896894
320,TS_ts_guess_czY5jG_template_4-15_9-14.xyz,36,27,9,r1_C9H13NO4.xyz,r0_C4H4O.xyz,2.6213647920692003,2.3211195566364093
321,TS_ts_guess_kQRKk7_template_3-13_5-6.xyz,30,12,18,r1_C4H6O2.xyz,r0_BrC8H8N.xyz,2.803877100676847,2.7174563500082205
322,TS_ts_guess_DZlp77_template_3-14_5-6.xyz,30,12,18,r1_C4H6O2.xyz,r0_BrC8H8N.xyz,2.7556648655088667,2.7205355414697308
323,TS_PU4E-__ll_ad_14-18_15-16.xyz,38,29,9,r0_C12H13N3O.xyz,r1_C3H5N.xyz,2.5483226926941573,2.8525321095826426
325,TS_ts_guess_XpE2Zj_template_3-17_5-12.xyz,32,22,10,r1_C8H10O4.xyz,r0_C4F3H3.xyz,2.3234775934577034,2.7065139122864306
326,TS_ts_guess_8DD-qm_template_3-14_5-12.xyz,32,22,10,r1_C8H10O4.xyz,r0_C4F3H3.xyz,2.393553205466718,2.626999556985117
327,TS_ts_guess_coAQoe_template_3-18_5-12.xyz,37,21,16,r0_C8H9N3O.xyz,r1_C7H8O.xyz,2.1909496985097583,2.3403174140487866
328,TS_ts_guess_SEWROg_template_3-19_5-12.xyz,37,21,16,r0_C8H9N3O.xyz,r1_C7H8O.xyz,2.2065768483558417,2.2757867331540536
329,TS_ts_guess_2CmW2b_template_3-19_5-12.xyz,37,21,16,r0_C8H9N3O.xyz,r1_C7H8O.xyz,2.2087570861006878,2.278174059153514
330,TS_ts_guess_KF9N2F_template_3-19_5-12.xyz,37,21,16,r0_C8H9N3O.xyz,r1_C7H8O.xyz,2.1669840013022705,2.3289805726325845
331,TS_ts_guess_thhHBs_template_4-16_6-11.xyz,39,19,20,r1_C6H8N2O3.xyz,r0_C7H12O.xyz,2.028723985982322,2.645515710594061
332,TS_ts_guess_2jCDMF_template_4-14_6-11.xyz,39,19,20,r1_C6H8N2O3.xyz,r0_C7H12O.xyz,2.1949740726486953,2.191995667194623
334,TS_ts_guess_lZA8A3_template_4-5_6-9.xyz,35,27,8,r1_C7H12N4O4.xyz,r0_C3H4O.xyz,2.4105492787537037,2.362119865840851
335,TS_ts_guess_UuuOZ9_template_4-13_5-7.xyz,29,10,19,r0_C4ClH3O2.xyz,r1_C6H8O5.xyz,2.7685539145915152,2.470086413812278
336,TS_ts_guess_tDBWeZ_template_4-17_5-9.xyz,30,16,14,r0_C6H7NO2.xyz,r1_C5H3N3O3.xyz,2.3904700701744837,2.3405026160634814
337,TS_ts_guess_9FpJeu_template_4-13_5-9.xyz,30,16,14,r0_C6H7NO2.xyz,r1_C5H3N3O3.xyz,2.3460098797106546,2.4138014744796226
338,TS_ts_guess_1gxK_G_template_4-7_8-12.xyz,36,25,11,r1_C11H10N2O2.xyz,r0_C4H6O.xyz,2.4126632089249425,2.538666954860365
339,TS_ts_guess_YKjW8C_template_4-16_8-15.xyz,36,25,11,r1_C11H10N2O2.xyz,r0_C4H6O.xyz,2.580233999272159,2.2797533699284234
340,TS_q2uela_ll_ad_4-16_5-7.xyz,39,14,25,r0_C5H7NO.xyz,r1_C8H13NO3.xyz,2.2299128094838143,2.3571978987984865
341,TS_ipeHWo_ll_ad_4-11_5-7.xyz,39,14,25,r0_C5H7NO.xyz,r1_C8H13NO3.xyz,2.4080938622279655,2.222159666473136
344,TS_ts_guess_waYO1h_template_4-13_5-9.xyz,32,16,16,r0_C6H7NO2.xyz,r1_C6H5N3O2.xyz,2.6180954090521604,2.426669027061581
345,TS_ts_guess_Zupci6_template_4-17_5-9.xyz,32,16,16,r0_C6H7NO2.xyz,r1_C6H5N3O2.xyz,2.420980791352959,2.6287391241239595
346,TS_ts_guess_eeEdw6_template_4-15_6-12.xyz,37,24,13,r0_C7H12N2O3.xyz,r1_C5H6O2.xyz,2.6033069294841127,2.347448361540675
347,TS_ts_guess_OcEhVg_template_4-16_6-12.xyz,37,24,13,r0_C7H12N2O3.xyz,r1_C5H6O2.xyz,2.3782171658828806,2.7211949057169718
348,TS_ts_guess_2qszJg_template_4-18_6-16.xyz,33,26,7,r1_C11H10N2O3.xyz,r0_C3FH3.xyz,2.1391068095118584,2.3329978382116003
349,TS_RLPC3p_ll_ad_4-18_6-16.xyz,33,26,7,r1_C11H10N2O3.xyz,r0_C3FH3.xyz,2.5709297789321277,2.0671991279748547
350,TS_ts_guess_erlGSG_template_1-17_3-7.xyz,38,15,23,r1_C5H8N2.xyz,r0_C9F3H11.xyz,2.307750824222581,2.620278241046168
351,TS_ts_guess_Cl0UhY_template_1-14_3-7.xyz,38,15,23,r1_C5H8N2.xyz,r0_C9F3H11.xyz,2.4369814447590694,2.5252604881279077
352,TS_ts_guess_419mlQ_template_4-18_9-12.xyz,39,19,20,r1_C7H7N3O2.xyz,r0_C8H12.xyz,2.771743991370776,2.2057716622307035
353,TS_ts_guess_h0TyfG_template_4-7_13-15.xyz,39,19,20,r1_C7H7N3O2.xyz,r0_C8H12.xyz,2.5753678682860044,2.3607064598759413
354,TS_ts_guess_z6Od_J_template_2-13_8-9.xyz,36,17,19,r1_C7H8O2.xyz,r0_C7H8N2O2.xyz,3.287202551151967,2.145412275671042
355,TS_ts_guess_FI7UyY_template_7-13_8-9.xyz,36,17,19,r1_C7H8O2.xyz,r0_C7H8N2O2.xyz,2.448011555712105,2.376004056583237
356,TS_ts_guess_j3DFC6_template_7-8_12-19.xyz,36,17,19,r1_C7H8O2.xyz,r0_C7H8N2O2.xyz,2.4164620132333967,2.3735194349530824
357,TS_ts_guess_kaqg5k_template_2-3_7-14.xyz,36,17,19,r1_C7H8O2.xyz,r0_C7H8N2O2.xyz,2.392428063244536,2.4350878786195786
358,TS_ts_guess_KCHR8G_template_4-17_9-10.xyz,37,19,18,r0_C6H9N3O.xyz,r1_C8FH8N.xyz,2.7412848856877314,2.1553104187796244
359,TS_ts_guess_Iyv3wj_template_4-18_9-10.xyz,37,19,18,r0_C6H9N3O.xyz,r1_C8FH8N.xyz,2.3561042901365803,2.352605677668912
360,TS_mUQxDl_hl_ad_4-15_5-8.xyz,33,14,19,r0_C5H6O3.xyz,r1_C7H7N3O2.xyz,2.2352676803237683,2.450242909876488
361,TS_ts_guess__t0dJR_template_4-15_5-8.xyz,33,14,19,r0_C5H6O3.xyz,r1_C7H7N3O2.xyz,2.700561077405953,2.123382625458728
362,TS_ts_guess_j2CdMm_template_4-17_7-12.xyz,34,20,14,r0_C7H8N4O.xyz,r1_C5H6O3.xyz,2.224534567544411,2.4696543765069636
363,TS_ts_guess_8HlgSJ_template_4-15_7-12.xyz,34,20,14,r0_C7H8N4O.xyz,r1_C5H6O3.xyz,2.4803374582100717,2.1670833821982947
364,TS_ts_guess_OJ6cp8_template_4-9_12-15.xyz,32,23,9,r1_C7H9N3O4.xyz,r0_C4H3NO.xyz,2.066907636180195,2.5372054109590736
365,TS_ts_guess__ZTM2__template_4-9_12-15.xyz,32,23,9,r1_C7H9N3O4.xyz,r0_C4H3NO.xyz,2.5365517336139627,1.9923571622327159
366,TS_ts_guess_cIc9fr_template_1-20_9-14.xyz,36,23,13,r1_C11H9N3.xyz,r0_C6H6O.xyz,2.213262013160665,2.4561883243147298
367,TS_ts_guess_rr9uT8_template_3-13_5-6.xyz,27,10,17,r0_C3H4N2O.xyz,r1_BrC7ClH8.xyz,2.7359068848372745,2.1754023201467816
368,TS_wBkBk8_ll_ad_3-13_5-6.xyz,27,10,17,r0_C3H4N2O.xyz,r1_BrC7ClH8.xyz,2.705176691696866,2.2058553348984606
369,TS_ts_guess_biGqSG_template_4-8_6-7.xyz,42,12,30,r0_C3H5NO3.xyz,r1_C11H18O.xyz,2.6896450584789062,2.704399835545772
371,TS_ts_guess_9TH6w4_template_4-19_8-12.xyz,34,21,13,r0_C7H9N3O2.xyz,r1_C6FH5O.xyz,2.4469220833937477,2.283358050897844
372,TS_ts_guess_2q_ndg_template_4-19_8-12.xyz,34,21,13,r0_C7H9N3O2.xyz,r1_C6FH5O.xyz,2.4739221103543256,2.317557284060094
373,TS_ts_guess_yMPnKP_template_4-19_8-12.xyz,34,21,13,r0_C7H9N3O2.xyz,r1_C6FH5O.xyz,2.479996179634154,2.3337043906416253
374,TS_ts_guess_Z8HG8P_template_4-18_8-12.xyz,34,21,13,r0_C7H9N3O2.xyz,r1_C6FH5O.xyz,2.4963784530795805,2.354118333240706
375,TS_ts_guess_7Zcs6F_template_4-17_7-8.xyz,39,16,23,r0_C5H8N2O.xyz,r1_C10H11NO.xyz,2.970629818691652,2.140860088305632
376,TS_ts_guess_r5kXzm_template_4-16_7-8.xyz,39,16,23,r0_C5H8N2O.xyz,r1_C10H11NO.xyz,3.169881275678949,2.2185453328701668
377,TS_ts_guess_qh7wZD_template_4-16_6-9.xyz,41,21,20,r1_C6H12N2O.xyz,r0_C8ClH11.xyz,2.3681122994908836,2.4508637471307946
378,TS_ts_guess_jR0ZpB_template_4-16_6-9.xyz,41,21,20,r1_C6H12N2O.xyz,r0_C8ClH11.xyz,2.4030431601825213,2.4738892552820553
379,TS_ts_guess_8WET9__template_4-14_7-11.xyz,33,22,11,r1_C7H11NO3.xyz,r0_C4F3H3O.xyz,2.8820504778022196,2.3389765365646573
380,TS_ts_guess_Ci-39O_template_4-16_7-11.xyz,33,22,11,r1_C7H11NO3.xyz,r0_C4F3H3O.xyz,2.3951736924072957,2.6023208340633173
381,TS_DoIli8_ll_ad_4-16_10-13.xyz,34,21,13,r0_C7H8N4O2.xyz,r1_C5H6O2.xyz,2.826366924286371,2.1477033067674873
382,TS_ts_guess_I6zvJx_template_4-17_10-13.xyz,34,21,13,r0_C7H8N4O2.xyz,r1_C5H6O2.xyz,2.9040147765636455,2.20423981782836
383,TS_ts_guess_aOpsPi_template_4-6_8-13.xyz,32,20,12,r0_C6F2H8N2O2.xyz,r1_C2H5N3O2.xyz,1.844731698675989,2.4443885459967287
384,TS_ts_guess_eDDrxT_template_4-17_6-10.xyz,37,16,21,r1_C5H6N2O3.xyz,r0_C9H11N.xyz,2.5841697036379014,2.2602680188198923
385,TS_ts_guess_C-Rdm3_template_4-18_6-10.xyz,37,16,21,r1_C5H6N2O3.xyz,r0_C9H11N.xyz,2.544138680673677,2.37707590261649
387,TS_ts_guess_yMb7jI_template_1-6_3-5.xyz,32,12,20,r0_C4H7N.xyz,r1_BrC8ClH10.xyz,2.7064161519249033,3.0074301250569397
388,TS_ts_guess_sqFuK0_template_4-14_5-7.xyz,36,13,23,r0_C5H6O2.xyz,r1_C11H9N3.xyz,2.214858554603431,2.263322209143011
389,TS_ts_guess_6JYuo0_template_4-16_5-7.xyz,36,13,23,r0_C5H6O2.xyz,r1_C11H9N3.xyz,2.406432288783543,2.0960863524435247
390,TS_ts_guess_NN6C_m_template_4-16_6-7.xyz,26,12,14,r0_C3H5N3O.xyz,r1_BrC7H4NO.xyz,2.3015821778507064,2.5852538828517404
391,TS_kI6mjn_hl_ad_4-14_6-7.xyz,26,12,14,r0_C3H5N3O.xyz,r1_BrC7H4NO.xyz,2.4123859138205894,2.303868019006297
392,TS_ts_guess_2BgLZk_template_4-16_6-7.xyz,26,12,14,r0_C3H5N3O.xyz,r1_BrC7H4NO.xyz,2.309124820814154,2.5803475388404564
393,TS_ts_guess_oS9vws_template_4-15_6-7.xyz,26,12,14,r0_C3H5N3O.xyz,r1_BrC7H4NO.xyz,2.242998380784079,2.5610736592882293
394,TS_ts_guess_up-UGz_template_1-18_3-10.xyz,40,21,19,r0_C9H11N.xyz,r1_C9H8N2.xyz,2.692246986923748,2.570517279109401
395,TS_ts_guess_ufrhCy_template_4-5_13-16.xyz,32,16,16,r0_C6H6O4.xyz,r1_C8H5N3.xyz,2.403542120912384,2.1875840140438036
396,TS_ts_guess_ZZOIHu_template_1-15_4-9.xyz,36,16,20,r0_C6H7N3.xyz,r1_C8F3H9.xyz,2.232674811498531,2.3464855354977154
397,TS_ts_guess_NSgfEr_template_1-2_8-13.xyz,36,16,20,r0_C6H7N3.xyz,r1_C8F3H9.xyz,2.1383864192423223,2.6363115180114813
398,TS_ts_guess_IzxoOi_template_4-12_5-7.xyz,32,11,21,r0_C4ClH4NO.xyz,r1_C7H9N3O2.xyz,2.469001831145534,2.3058560939703066
399,TS_ts_guess_p0BZZZ_template_4-15_5-7.xyz,32,11,21,r0_C4ClH4NO.xyz,r1_C7H9N3O2.xyz,2.379536592868452,2.3435962822551155
400,TS_ts_guess_oeHUtF_template_4-18_6-10.xyz,26,13,13,r0_C4H3NO5.xyz,r1_C6ClFH4O.xyz,2.4501034782025024,2.284630178584709
401,TS_1s8W93_ll_ad_4-17_6-10.xyz,26,13,13,r0_C4H3NO5.xyz,r1_C6ClFH4O.xyz,2.415571729446261,2.3214667683385004
402,TS_ts_guess__0d-Ht_template_4-17_6-10.xyz,26,13,13,r0_C4H3NO5.xyz,r1_C6ClFH4O.xyz,2.5502514330159687,2.2501640402646204
403,TS_ts_guess_-h8oJV_template_4-18_6-10.xyz,26,13,13,r0_C4H3NO5.xyz,r1_C6ClFH4O.xyz,2.421366260977467,2.297034279173909
404,TS_ts_guess_cZ_Axm_template_3-18_5-12.xyz,38,21,17,r0_C8H9NO3.xyz,r1_C7FH9.xyz,2.2497662421682834,2.626118294422397
405,TS_ts_guess_YgWqiQ_template_3-19_5-12.xyz,38,21,17,r0_C8H9NO3.xyz,r1_C7FH9.xyz,2.179584040178309,2.9431106224707215
406,TS_ts_guess_dLc00P_template_4-19_6-10.xyz,37,17,20,r0_C5H7N3O2.xyz,r1_C8H10O2.xyz,2.8741408951893783,2.3487157023786427
407,TS_ts_guess_SFIN-I_template_4-17_6-10.xyz,37,17,20,r0_C5H7N3O2.xyz,r1_C8H10O2.xyz,3.1088934505061445,2.590776190912677
408,TS_ts_guess_Wrcsye_template_4-19_6-10.xyz,37,17,20,r0_C5H7N3O2.xyz,r1_C8H10O2.xyz,2.6638220863263373,2.389368702963191
409,TS_ts_guess_AyrkdR_template_4-18_6-10.xyz,37,17,20,r0_C5H7N3O2.xyz,r1_C8H10O2.xyz,2.6278691771281153,2.2615478578619554
411,TS_ts_guess_FNneoD_template_3-13_5-8.xyz,35,14,21,r1_C5H6N2O.xyz,r0_C8FH9O3.xyz,2.9040348692810145,2.2552505734175083
412,TS_ts_guess_ttFBX8_template_4-15_5-10.xyz,34,18,16,r1_C6H8O4.xyz,r0_C6H6O4.xyz,2.162634834386055,2.3675532858417356
413,TS_ts_guess_PxP5QS_template_4-18_7-11.xyz,34,21,13,r0_C6H10N2O3.xyz,r1_C6F2H4O.xyz,2.516776148071179,2.2558493167984426
414,TS_ts_guess_W3_ATI_template_4-19_7-11.xyz,34,21,13,r0_C6H10N2O3.xyz,r1_C6F2H4O.xyz,2.3132411160317896,2.281066723991212
415,TS_ts_guess_50fJKS_template_4-12_5-9.xyz,37,15,22,r0_C6H6O3.xyz,r1_C10H10N2.xyz,2.4798297576043398,2.3068835275973516
416,TS_ts_guess_SdTXPL_template_4-19_5-9.xyz,37,15,22,r0_C6H6O3.xyz,r1_C10H10N2.xyz,2.276921017185269,2.600721361545677
417,TS_ts_guess_S2kzt4_template_4-18_6-9.xyz,44,19,25,r1_C6H10N2O.xyz,r0_C10H14O.xyz,2.34297283915115,3.121599112009741
418,TS_ts_guess_6guh2t_template_4-16_6-9.xyz,44,19,25,r1_C6H10N2O.xyz,r0_C10H14O.xyz,2.3615305796453283,2.4709546539546206
419,TS_ts_guess_F-vydw_template_4-18_8-13.xyz,29,19,10,r1_C7H6O6.xyz,r0_C4F3H3.xyz,2.250682541563781,2.378115855735376
420,TS_ts_guess_43C_gN_template_4-15_8-13.xyz,29,19,10,r1_C7H6O6.xyz,r0_C4F3H3.xyz,2.2086129176929123,2.5188149231334958
421,TS_ts_guess_NKQy9h_template_4-15_6-12.xyz,25,17,8,r0_C6H5N3O3.xyz,r1_BrC3H3O.xyz,2.085646082033095,2.636366471073398
422,TS_ts_guess_8zX3-n_template_4-14_6-12.xyz,25,17,8,r0_C6H5N3O3.xyz,r1_BrC3H3O.xyz,2.121263281820529,2.5135701811367825
423,TS_ts_guess_zUdR42_template_3-7_13-15.xyz,37,24,13,r0_C8H13NO2.xyz,r1_C6ClH5O.xyz,2.4984316709888224,2.187461980743894
424,TS_ts_guess_V5hQ1A_template_3-17_9-11.xyz,37,24,13,r0_C8H13NO2.xyz,r1_C6ClH5O.xyz,2.7157752717962507,2.0712692111360127
425,TS_ts_guess_hgqnP9_template_3-7_14-15.xyz,37,24,13,r0_C8H13NO2.xyz,r1_C6ClH5O.xyz,2.5330364628248048,2.113227330837835
426,TS_ts_guess_Kk_GZK_template_3-7_14-15.xyz,37,24,13,r0_C8H13NO2.xyz,r1_C6ClH5O.xyz,2.5457336112995015,2.161084742762301
427,TS_ts_guess_0QS611_template_2-10_3-5.xyz,30,8,22,r1_BrC3H3O.xyz,r0_C9H10N2O.xyz,2.3996164243061844,2.275176517152021
428,TS_ts_guess_glazrx_template_2-13_3-5.xyz,30,8,22,r1_BrC3H3O.xyz,r0_C9H10N2O.xyz,2.18719348140488,2.443946700503102
431,TS_ts_guess_E8v7Lp_template_2-16_8-10.xyz,43,24,19,r1_C9H14O.xyz,r0_C7H9NO2.xyz,2.662192875845024,2.553680074108736
432,TS_ts_guess_2gnoo7_template_2-15_8-10.xyz,43,24,19,r1_C9H14O.xyz,r0_C7H9NO2.xyz,2.7685204833809696,2.514825692349273
433,TS_ts_guess_pi_7Ab_template_4-19_6-8.xyz,36,17,19,r1_C5H9NO2.xyz,r0_C8FH7O3.xyz,2.739376661103763,2.7510523140427554
434,TS_ts_guess_1sf3C4_template_4-19_6-8.xyz,36,17,19,r1_C5H9NO2.xyz,r0_C8FH7O3.xyz,2.847147503256549,2.4777340246685076
437,TS_ts_guess_0s5LEs_template_3-17_8-10.xyz,39,19,20,r0_C7H9NO2.xyz,r1_C8ClH11.xyz,2.9460968727283903,2.1313633579706677
438,TS_ts_guess_Kf6l_Q_template_3-17_8-10.xyz,39,19,20,r0_C7H9NO2.xyz,r1_C8ClH11.xyz,2.7659098039885532,2.1740856595359808
439,TS_ts_guess_ls0_7z_template_2-4_6-16.xyz,35,14,21,r1_C4F2H6O2.xyz,r0_C9H9NO2.xyz,2.368998109475818,2.5384594621344654
440,TS_ts_guess_tqbLjC_template_2-13_3-5.xyz,34,8,26,r1_C3ClH3O.xyz,r0_C13H11NO.xyz,2.5684421456789717,2.322914168818986
441,TS_ts_guess_BgXIDJ_template_2-13_3-5.xyz,34,8,26,r1_C3ClH3O.xyz,r0_C13H11NO.xyz,2.321312135215771,2.5484772569124488
444,TS_ts_guess_06aeTc_template_4-8_6-7.xyz,34,10,24,r0_C2H3N3O2.xyz,r1_C9F3H11O.xyz,2.2549582902794456,2.190107677238724
445,TS_ts_guess_ppPZ7S_template_4-8_6-7.xyz,34,10,24,r0_C2H3N3O2.xyz,r1_C9F3H11O.xyz,2.2309860709112463,2.26503769575696
446,TS_g9GYmF_ll_ad_4-18_10-11.xyz,36,18,18,r0_C6H7NO4.xyz,r1_C9H8O.xyz,4.1672643486704795,2.033474018963606
447,TS_ts_guess_aB9GTd_template_4-14_10-11.xyz,36,18,18,r0_C6H7NO4.xyz,r1_C9H8O.xyz,3.032744498700805,2.1722961280865922
448,TS_ts_guess_eEPNAt_template_1-17_5-10.xyz,30,13,17,r0_C6H3N3O.xyz,r1_C7Cl2H8.xyz,2.4618059568942474,2.714572227718393
449,TS_ts_guess_Ni1Ymz_template_4-5_7-10.xyz,41,29,12,r1_C11H14O4.xyz,r0_C3H7NO.xyz,1.9089915543553357,2.2781931325284956
450,TS_Lckm9-_ll_ad_4-17_6-14.xyz,34,22,12,r1_C7H8N2O5.xyz,r0_C4F2H6.xyz,2.309680852542186,2.151381567109842
451,TS_ts_guess_QyfFkX_template_4-17_6-14.xyz,34,22,12,r1_C7H8N2O5.xyz,r0_C4F2H6.xyz,2.618144392771338,2.018923940543576
452,TS_ts_guess_8VuP6Z_template_10-15_11-12.xyz,38,23,15,r0_C9F3H11.xyz,r1_C5H7NO2.xyz,2.352599646539972,2.55850983435671
453,TS_ts_guess_T_u_K-_template_10-15_11-12.xyz,38,23,15,r0_C9F3H11.xyz,r1_C5H7NO2.xyz,2.465650671384736,2.4590017788728824
454,TS_ts_guess_4qsZbF_template_4-16_6-13.xyz,39,20,19,r0_C7H7NO5.xyz,r1_C6H12O.xyz,2.730226924378265,2.012606910675803
455,TS_ts_guess_pIzBga_template_4-17_6-13.xyz,39,20,19,r0_C7H7NO5.xyz,r1_C6H12O.xyz,2.460999566050348,2.0210812586336058
456,TS_ts_guess_-DaUjv_template_4-17_7-9.xyz,35,18,17,r0_C4H9N3O2.xyz,r1_C7ClH7O2.xyz,2.169691578289412,2.3137713147370462
457,TS_ts_guess_Cjdn6i_template_4-5_14-15.xyz,35,18,17,r0_C4H9N3O2.xyz,r1_C7ClH7O2.xyz,2.1842720927118946,2.2846443847785154
458,TS_ts_guess_qysXYc_template_4-16_7-9.xyz,35,18,17,r0_C4H9N3O2.xyz,r1_C7ClH7O2.xyz,2.256444188740329,2.300121294845122
459,TS_ts_guess_8QYLRQ_template_4-5_14-15.xyz,35,18,17,r0_C4H9N3O2.xyz,r1_C7ClH7O2.xyz,2.1906817434533936,2.2745859206897414
460,TS_ts_guess_qf_IbA_template_2-5_13-16.xyz,36,19,17,r0_C6H9NO3.xyz,r1_C8H6N2O.xyz,2.192063465732687,2.835943219354012
461,TS_ts_guess_6nldQy_template_2-5_13-16.xyz,36,19,17,r0_C6H9NO3.xyz,r1_C8H6N2O.xyz,2.1686325131520094,2.5002890363715955
462,TS_ts_guess_Y6et3m_template_3-13_9-11.xyz,37,22,15,r0_C9ClH11O.xyz,r1_C7H6N2.xyz,2.404552375911159,2.073721985826451
463,TS_ts_guess_7cmOYx_template_3-4_6-13.xyz,37,22,15,r0_C9ClH11O.xyz,r1_C7H6N2.xyz,2.379433198579023,2.1778729666580645
464,TS_ts_guess_48FzY6_template_2-6_9-14.xyz,39,24,15,r0_C8H12O4.xyz,r1_C5H7NO2.xyz,2.0441276516157205,2.7152903484894573
465,TS_9wf7wS_ll_ad_3-18_7-10.xyz,30,16,14,r0_C5H6N2O3.xyz,r1_C7ClH4NO.xyz,2.0017766258001917,2.323966430286806
466,TS_1KQ0pa_hl_ad_3-17_7-10.xyz,30,16,14,r0_C5H6N2O3.xyz,r1_C7ClH4NO.xyz,2.4560590100809874,1.8918634328090385
469,TS_DYhUSK_ll_ad_4-8_11-13.xyz,40,29,11,r1_C9H14N2O4.xyz,r0_C4H6O.xyz,2.5366564083257312,2.3055581063161257
470,TS_ts_guess_uV2M7M_template_4-8_10-13.xyz,40,29,11,r1_C9H14N2O4.xyz,r0_C4H6O.xyz,3.2851545051184425,1.9272559678724568
473,TS_ts_guess_7QroxR_template_4-18_10-12.xyz,39,22,17,r1_C9H10O3.xyz,r0_C6H8N2O.xyz,2.488449940525226,2.2829336020348903
474,TS_ts_guess_oMcBut_template_4-17_10-12.xyz,39,22,17,r1_C9H10O3.xyz,r0_C6H8N2O.xyz,2.707825137596592,2.18240506164644
475,TS_ts_guess_v8_bHi_template_4-18_7-10.xyz,39,17,22,r0_C6H7NO3.xyz,r1_C9H11NO.xyz,2.634809582246884,2.535177869203658
476,TS_ts_guess_aGlYz4_template_4-18_7-10.xyz,39,17,22,r0_C6H7NO3.xyz,r1_C9H11NO.xyz,2.6006248034270536,2.516278606275545
477,TS_ts_guess_yM2YnV_template_4-16_6-7.xyz,35,11,24,r1_C3H4N2O2.xyz,r0_C10H10O4.xyz,2.178876447552729,2.277313860384642
478,TS_ts_guess_T9jBjq_template_12-13_15-20.xyz,35,24,11,r0_C10H10O4.xyz,r1_C3H4N2O2.xyz,2.275462466532902,2.247205664308454
479,TS_ts_guess_E-eDuR_template_12-13_19-20.xyz,35,24,11,r0_C10H10O4.xyz,r1_C3H4N2O2.xyz,2.2537112106257093,2.2670652160667983
480,TS_ts_guess_DKzWJt_template_4-17_6-7.xyz,35,11,24,r1_C3H4N2O2.xyz,r0_C10H10O4.xyz,2.2697430755924777,2.1817709538125216
481,TS_ts_guess__vkp-r_template_4-20_9-13.xyz,38,22,16,r1_C8H9NO4.xyz,r0_C7H8O.xyz,2.631518503640056,2.30355681347346
482,TS_ts_guess_SsRO7w_template_4-20_9-13.xyz,38,22,16,r1_C8H9NO4.xyz,r0_C7H8O.xyz,2.7679862471298518,2.2619474156796837
483,TS_ts_guess_Lz2PTD_template_4-19_9-13.xyz,38,22,16,r1_C8H9NO4.xyz,r0_C7H8O.xyz,2.9242056961506657,2.2232446151289786
484,TS_ts_guess_Z8b-Lk_template_4-20_9-13.xyz,38,22,16,r1_C8H9NO4.xyz,r0_C7H8O.xyz,2.7652854124122523,2.2646598976667556
485,TS_ts_guess_QR3rLF_template_11-16_12-13.xyz,37,21,16,r1_C9H8N2O2.xyz,r0_C4H8N2O2.xyz,2.3721950662835467,2.1464568531652346
486,TS_ts_guess_lAu1L-_template_4-16_10-13.xyz,37,21,16,r1_C9H8N2O2.xyz,r0_C4H8N2O2.xyz,2.1312631639710755,2.3120817554749227
487,TS_ts_guess_sJbkrt_template_11-12_15-20.xyz,37,21,16,r1_C9H8N2O2.xyz,r0_C4H8N2O2.xyz,2.1993196192913844,2.307781529564703
488,TS_ts_guess_RnVPIU_template_4-5_8-13.xyz,37,21,16,r1_C9H8N2O2.xyz,r0_C4H8N2O2.xyz,2.1687016654902074,2.220906425066126
489,TS_ts_guess_Uy4ZK9_template_4-16_8-12.xyz,42,22,20,r0_C7H10N2O3.xyz,r1_C6H12O2.xyz,2.0128811357107006,2.6711108811316686
490,TS_ts_guess_bef74F_template_4-5_6-7.xyz,41,17,24,r0_C4H9N3O.xyz,r1_C9ClH13O.xyz,2.4077861588604583,2.2335461433558965
491,TS_ts_guess_vFvaYq_template_4-5_6-16.xyz,41,17,24,r0_C4H9N3O.xyz,r1_C9ClH13O.xyz,2.4882673163066706,2.4003986059194418
492,TS_ts_guess_c4hZZF_template_4-18_7-8.xyz,34,14,20,r0_C4H6O4.xyz,r1_C8F4H8.xyz,2.4935682072283485,2.3101084547267474
493,TS_ts_guess_xFeXuM_template_4-15_7-8.xyz,34,14,20,r0_C4H6O4.xyz,r1_C8F4H8.xyz,2.652921483666639,2.2786671434415338
494,TS_ts_guess_ziwcdD_template_4-14_10-12.xyz,31,23,8,r0_C7H11N3O2.xyz,r1_BrC3H3O.xyz,2.8311848847081675,2.285376407706179
495,TS_ts_guess_In137h_template_4-15_10-12.xyz,31,23,8,r0_C7H11N3O2.xyz,r1_BrC3H3O.xyz,2.71253730538402,2.322599596335968
496,TS_ts_guess_7mB63j_template_8-13_9-10.xyz,37,17,20,r1_C7ClH7O2.xyz,r0_C8H10N2.xyz,2.418724891135823,2.276688930310858
497,TS_ts_guess_Gz0HOC_template_2-13_8-10.xyz,37,17,20,r1_C7ClH7O2.xyz,r0_C8H10N2.xyz,2.467148923535018,2.364130277734288
498,TS_ts_guess_qNi0j1_template_8-9_12-19.xyz,37,17,20,r1_C7ClH7O2.xyz,r0_C8H10N2.xyz,2.320278942778217,2.3922251877488456
499,TS_ts_guess_sSSk3b_template_2-3_6-13.xyz,37,17,20,r1_C7ClH7O2.xyz,r0_C8H10N2.xyz,2.333544918980563,2.4142981803000225
500,TS_ts_guess_Ilkhek_template_4-16_6-7.xyz,31,14,17,r0_C4H7NO2.xyz,r1_BrC7H7O2.xyz,2.630409421268864,2.3356535444496043
501,TS_ts_guess_4638wO_template_4-14_6-7.xyz,31,14,17,r0_C4H7NO2.xyz,r1_BrC7H7O2.xyz,2.737881232139188,2.3611505879337726
502,TS_ts_guess_emiv8m_template_4-16_6-7.xyz,31,14,17,r0_C4H7NO2.xyz,r1_BrC7H7O2.xyz,2.541830448653096,2.424983095322522
503,TS_ts_guess_sefVWa_template_4-15_6-7.xyz,31,14,17,r0_C4H7NO2.xyz,r1_BrC7H7O2.xyz,2.559649414021381,2.4339374692460773
504,TS_ts_guess_9olbw8_template_4-20_6-9.xyz,29,13,16,r0_C4H4N4O.xyz,r1_C7F4H4O.xyz,2.267945006454081,2.763020235575556
505,TS_ts_guess_SiZOvY_template_4-19_6-9.xyz,29,13,16,r0_C4H4N4O.xyz,r1_C7F4H4O.xyz,2.3001730596413825,2.5252988206744957
506,TS_ts_guess_4u6kpN_template_4-16_6-9.xyz,29,13,16,r0_C4H4N4O.xyz,r1_C7F4H4O.xyz,2.4276920762320744,2.4726667466118437
507,TS_ts_guess_bqwjoO_template_4-20_6-9.xyz,29,13,16,r0_C4H4N4O.xyz,r1_C7F4H4O.xyz,2.3450863138699183,2.623169342684532
508,TS_ts_guess_cda7Vk_template_3-18_9-10.xyz,35,21,14,r0_C7H11NO2.xyz,r1_C7ClH4NO.xyz,2.606374546530103,2.309620332370669
509,TS_ts_guess__EbECk_template_3-17_9-10.xyz,35,21,14,r0_C7H11NO2.xyz,r1_C7ClH4NO.xyz,2.8799390772202105,2.333639354013383
510,TS_ts_guess_WjPmdR_template_3-7_16-17.xyz,35,21,14,r0_C7H11NO2.xyz,r1_C7ClH4NO.xyz,2.580907110881754,2.1755405946568773
514,TS_ts_guess_x02rxN_template_4-11_5-7.xyz,25,11,14,r0_BrC4H4NO.xyz,r1_C6H3N3O2.xyz,2.698487291243003,2.251171579644697
515,TS_o1hFqf_ll_ad_4-15_5-7.xyz,25,11,14,r0_BrC4H4NO.xyz,r1_C6H3N3O2.xyz,2.305262336503158,2.5894414190902255
516,TS_ts_guess_vbIQSf_template_4-18_9-10.xyz,42,17,25,r1_C5H7N3O2.xyz,r0_C11H14.xyz,2.270912484751449,2.01358786301964
517,TS_ts_guess__cuYEw_template_4-13_9-10.xyz,42,17,25,r1_C5H7N3O2.xyz,r0_C11H14.xyz,2.2805327397123683,1.9128944529952507
518,TS_ts_guess_xGOiNK_template_4-18_9-14.xyz,30,20,10,r0_C8H6N4O2.xyz,r1_C3F3H3O.xyz,2.304281515874308,2.3545819445498175
519,TS_ts_guess_4uhlQX_template_4-17_9-14.xyz,30,20,10,r0_C8H6N4O2.xyz,r1_C3F3H3O.xyz,2.577837385290236,2.21122545218709
520,TS_ts_guess_nKsdVG_template_8-9_11-19.xyz,36,17,19,r1_C7ClH7O2.xyz,r0_C8H9NO.xyz,2.4034171830333575,2.5495119228197383
521,TS_ts_guess_6UFP5n_template_8-12_9-10.xyz,36,17,19,r1_C7ClH7O2.xyz,r0_C8H9NO.xyz,2.5330607291772536,2.455071158846521
522,TS_ts_guess_lkEKPe_template_2-12_8-10.xyz,36,17,19,r1_C7ClH7O2.xyz,r0_C8H9NO.xyz,2.522987502525528,2.3846760296946
523,TS_ts_guess_m4UVhJ_template_2-3_5-13.xyz,36,17,19,r1_C7ClH7O2.xyz,r0_C8H9NO.xyz,2.5888497475713033,2.5718033276477423
524,TS_ts_guess_Dm2jtm_template_4-5_9-12.xyz,39,26,13,r1_C10H12N2O2.xyz,r0_C5H6O2.xyz,3.983910221905107,1.961649522672182
525,TS_ts_guess_KxoEvj_template_4-5_8-12.xyz,39,26,13,r1_C10H12N2O2.xyz,r0_C5H6O2.xyz,2.059927779947637,3.1480838994061133
526,TS_ts_guess_E5aD6q_template_4-14_5-7.xyz,33,10,23,r0_C4ClH3O2.xyz,r1_C8H10N2O3.xyz,2.7370475766781985,2.1637235241823296
527,TS_ts_guess_K0p8Qh_template_4-15_5-7.xyz,33,10,23,r0_C4ClH3O2.xyz,r1_C8H10N2O3.xyz,2.51620845924975,2.237237725276418
528,TS_ts_guess_OMgPw9_template_4-17_8-12.xyz,34,24,10,r0_C8H10N2O4.xyz,r1_C4FH3O2.xyz,2.0446651181305953,2.80044404052286
530,TS_ts_guess_ybIQx5_template_4-19_10-11.xyz,39,23,16,r0_C9H12O2.xyz,r1_C8H5N3.xyz,2.5796986512769275,2.2743209031708784
531,TS_ts_guess_6zTafr_template_4-5_13-16.xyz,39,23,16,r0_C9H12O2.xyz,r1_C8H5N3.xyz,2.401919148972338,2.324789186894158
532,TS_ts_guess_I0thcq_template_1-19_4-7.xyz,42,14,28,r0_C5H7NO.xyz,r1_C14H13N.xyz,2.6087047359753077,2.5319231392362602
533,TS_ts_guess_0dhIiD_template_1-15_4-7.xyz,42,14,28,r0_C5H7NO.xyz,r1_C14H13N.xyz,2.5267235734840487,2.5050141540717887
534,TS_ts_guess_DLaCi-_template_4-21_8-15.xyz,37,24,13,r1_C11H9NO3.xyz,r0_C6H6O.xyz,2.6897248545343815,2.4396519226520814
535,TS_ts_guess_0ZmA_I_template_4-6_14-15.xyz,38,25,13,r0_C8H13N3O.xyz,r1_C6F2H4O.xyz,2.4408376858980194,2.53749916935947
536,TS_ts_guess_McUGqi_template_4-19_8-12.xyz,38,25,13,r0_C8H13N3O.xyz,r1_C6F2H4O.xyz,2.5174631875957987,2.6222876741883225
537,TS_ts_guess_JC2QHY_template_4-18_7-15.xyz,37,28,9,r0_C9H13NO5.xyz,r1_C4H3NO.xyz,2.8017930320778515,2.3621524512401817
538,TS_ts_guess_ls3aNp_template_4-18_7-15.xyz,37,28,9,r0_C9H13NO5.xyz,r1_C4H3NO.xyz,2.357473598643259,2.6827850193968206
539,TS_ts_guess_dFPYoh_template_3-20_6-9.xyz,36,17,19,r0_C6H8N2O.xyz,r1_C8F3H7O.xyz,2.416489377795814,2.47712437178677
540,TS_ts_guess_JeSiW8_template_3-16_6-9.xyz,36,17,19,r0_C6H8N2O.xyz,r1_C8F3H7O.xyz,2.697625194221762,2.257851358969407
541,TS_ts_guess_y8ej6O_template_3-19_6-9.xyz,36,17,19,r0_C6H8N2O.xyz,r1_C8F3H7O.xyz,2.448886743930801,2.3458552340031558
542,TS_ts_guess_NikaJh_template_3-20_6-9.xyz,36,17,19,r0_C6H8N2O.xyz,r1_C8F3H7O.xyz,2.5489880990110563,2.372203273709907
543,TS_ts_guess_nzOScJ_template_4-19_7-11.xyz,37,22,15,r0_C7H11N3O.xyz,r1_C8H4N2O.xyz,2.5380141809099492,2.490006914006465
544,TS_ts_guess_wrQRmZ_template_4-21_7-11.xyz,37,22,15,r0_C7H11N3O.xyz,r1_C8H4N2O.xyz,2.4803357403585506,2.570104254792011
545,TS_d2IzWR_ll_ad_4-18_6-9.xyz,33,13,20,r0_C4H4N4O.xyz,r1_C6F2H8N2O2.xyz,2.094333550344835,2.5100278260409783
546,TS_yTk08V_ll_ad_4-12_6-9.xyz,33,13,20,r0_C4H4N4O.xyz,r1_C6F2H8N2O2.xyz,2.328371403492149,2.295063075516662
547,TS_ts_guess_-xsLM__template_16-17_20-21.xyz,38,30,8,r1_C13H12N4O.xyz,r0_C2H4N2.xyz,2.563765552873351,2.543336257969048
549,TS_ts_guess_s7VLlR_template_1-11_7-9.xyz,33,16,17,r0_BrC7H7O.xyz,r1_C7H8N2.xyz,2.3833023016604504,2.324955618802217
550,TS_ts_guess_MHOZJ9_template_1-2_4-11.xyz,33,16,17,r0_BrC7H7O.xyz,r1_C7H8N2.xyz,2.2973196356406307,2.502469417535407
551,TS_ts_guess_2aCn1Y_template_7-8_10-17.xyz,33,16,17,r0_BrC7H7O.xyz,r1_C7H8N2.xyz,2.340843338414598,2.310192607078466
552,TS_ts_guess_OmHmNc_template_7-8_16-17.xyz,33,16,17,r0_BrC7H7O.xyz,r1_C7H8N2.xyz,2.3141736481733606,2.3354526386976895
553,TS_ts_guess_WtEwsk_template_4-16_7-10.xyz,35,19,16,r0_C6H9N3O.xyz,r1_C7F3H5O.xyz,2.6886467627600315,2.2902199431713974
554,TS_ts_guess_x9CVHA_template_4-20_7-10.xyz,35,19,16,r0_C6H9N3O.xyz,r1_C7F3H5O.xyz,2.473180205807899,2.4748947808341266
555,TS_ts_guess_8zYBhl_template_4-20_7-10.xyz,35,19,16,r0_C6H9N3O.xyz,r1_C7F3H5O.xyz,2.4425181254803414,2.5243459047444348
556,TS_ts_guess_miGHBa_template_4-20_7-10.xyz,35,19,16,r0_C6H9N3O.xyz,r1_C7F3H5O.xyz,2.452544034140875,2.514561544862245
557,TS_ts_guess_a7H6cC_template_4-5_8-13.xyz,39,28,11,r0_C8H15N3O2.xyz,r1_C5H3NO2.xyz,2.500652209104657,2.4966005856564237
558,TS_ts_guess_59IDKC_template_4-5_10-13.xyz,39,28,11,r0_C8H15N3O2.xyz,r1_C5H3NO2.xyz,2.3972181105189407,2.708022064939649
559,TS_ts_guess_APX0XR_template_4-16_6-8.xyz,39,15,24,r1_C3H7N3O2.xyz,r0_C10H11NO2.xyz,1.8419925812554188,2.6927690351383644
560,TS_ts_guess_dgO_ed_template_4-18_6-8.xyz,39,15,24,r1_C3H7N3O2.xyz,r0_C10H11NO2.xyz,1.9610360783524612,2.1541339303998717
561,TS_ts_guess_79xfIV_template_3-5_6-7.xyz,40,20,20,r0_C7H10N2O.xyz,r1_C8F3H9.xyz,2.7290893472182254,2.6352180606166162
562,TS_ts_guess_BKJW68_template_3-5_6-16.xyz,40,20,20,r0_C7H10N2O.xyz,r1_C8F3H9.xyz,2.65553529733649,2.5891337337804705
563,TS_ts_guess_EAzYx1_template_4-20_10-12.xyz,42,23,19,r1_C7H11NO4.xyz,r0_C8H10O.xyz,2.561539835431024,2.2153181894030483
564,TS_ts_guess_hkDkTZ_template_4-19_10-12.xyz,42,23,19,r1_C7H11NO4.xyz,r0_C8H10O.xyz,2.572961108470161,2.1825083511638623
565,TS_ts_guess_x3-mKh_template_4-5_7-11.xyz,34,24,10,r1_BrC9H12NO.xyz,r0_C4H4N2.xyz,2.3040335943297356,2.6997020359661916
566,TS_ts_guess_THF5nx_template_4-14_10-12.xyz,34,24,10,r1_BrC9H12NO.xyz,r0_C4H4N2.xyz,2.8401366866050655,2.2734482676762187
567,TS_ts_guess_ycXWlt_template_3-4_7-16.xyz,43,22,21,r0_C9H12O.xyz,r1_C9H9N3.xyz,2.2126801554901694,2.1813416372728045
568,TS_ts_guess_nCSDSi_template_3-13_9-10.xyz,43,22,21,r0_C9H12O.xyz,r1_C9H9N3.xyz,3.341000284061646,1.9124274029097157
569,TS_ts_guess__GpwWE_template_4-22_5-8.xyz,36,11,25,r0_C5H3NO2.xyz,r1_C13H10N2.xyz,2.21800331591276,2.252185428822414
570,TS_ts_guess_MA2f2f_template_4-10_5-8.xyz,36,11,25,r0_C5H3NO2.xyz,r1_C13H10N2.xyz,2.2290779517325094,2.264333983448555
571,TS_ts_guess_bM9vzx_template_3-17_5-7.xyz,39,14,25,r0_C5H7NO.xyz,r1_C10F3H11O.xyz,2.728103006229787,2.346702065324868
572,TS_ts_guess_ZFmZqf_template_3-16_5-7.xyz,39,14,25,r0_C5H7NO.xyz,r1_C10F3H11O.xyz,2.4787054970286406,2.4033148240295112
573,TS_ts_guess_Z09M9u_template_4-20_6-13.xyz,40,23,17,r1_C7H10N4O2.xyz,r0_C9H8.xyz,2.1202958427068612,2.521292378543195
574,TS_ts_guess_oHfIKg_template_4-15_6-13.xyz,40,23,17,r1_C7H10N4O2.xyz,r0_C9H8.xyz,2.2431274887754378,2.358592794824914
576,TS_ts_guess_5QAig7_template_4-16_5-12.xyz,34,21,13,r0_C10H9NO.xyz,r1_C4H3NO5.xyz,2.2451079942399206,2.1986211949082994
577,TS_ts_guess_MxHxyr_template_4-14_5-10.xyz,34,14,20,r0_C5F3H4NO.xyz,r1_C10H8N2.xyz,2.998446233318183,2.3160362947285607
579,TS_ts_guess_JcHc9A_template_4-14_10-12.xyz,40,24,16,r1_C9FH12NO.xyz,r0_C5H7NO3.xyz,2.473665015538684,1.903252136108088
580,TS_ts_guess_GkWmK__template_4-5_7-14.xyz,40,24,16,r1_C9FH12NO.xyz,r0_C5H7NO3.xyz,2.073361452352194,2.2593869747566484
581,TS_ts_guess_CX20Ow_template_4-16_5-12.xyz,37,20,17,r0_C10H8O2.xyz,r1_C9H6N2.xyz,2.3421501609632123,2.4367355905801515
582,TS_ts_guess_ecyubg_template_4-20_5-12.xyz,37,20,17,r0_C10H8O2.xyz,r1_C9H6N2.xyz,2.476224041297556,2.2785147975161366
583,TS_ts_guess_IGpYoZ_template_4-16_5-7.xyz,40,13,27,r0_C5H6O2.xyz,r1_C9H13NO4.xyz,2.1715819269141106,2.380433910361722
584,TS_ts_guess_lPBUj6_template_4-14_5-7.xyz,40,13,27,r0_C5H6O2.xyz,r1_C9H13NO4.xyz,2.4449557467569836,2.153434150258605
585,TS_ts_guess_vI6p93_template_4-8_10-12.xyz,36,29,7,r0_C10H12O7.xyz,r1_CH3N3.xyz,2.6412183407851764,1.8821762577665249
586,TS_ts_guess_8WXOyG_template_4-9_11-13.xyz,36,29,7,r0_C10H12O7.xyz,r1_CH3N3.xyz,2.1424571742277605,2.021767467811271
588,TS_ts_guess_h_QtIX_template_4-8_6-7.xyz,43,14,29,r0_C4H7NO2.xyz,r1_C11H15NO2.xyz,2.739424106504869,2.739177890152445
589,TS_ts_guess_wcFLk3_template_3-20_7-12.xyz,39,21,18,r0_C8H9N3O.xyz,r1_C8FH8N.xyz,2.2909503969750196,2.5358049531657594
590,TS_ts_guess_J3Iq8P_template_3-19_7-12.xyz,39,21,18,r0_C8H9N3O.xyz,r1_C8FH8N.xyz,2.526725018319168,2.3015071186072835
591,TS_ts_guess__Xc8b4_template_10-11_13-21.xyz,42,23,19,r1_C9H11NO2.xyz,r0_C8H9NO.xyz,2.1404926294897626,2.25138853499346
592,TS_ts_guess_vPslVQ_template_4-5_7-15.xyz,42,23,19,r1_C9H11NO2.xyz,r0_C8H9NO.xyz,2.058758730230427,2.261516386277137
593,TS_ts_guess_uZPjq-_template_4-14_10-12.xyz,42,23,19,r1_C9H11NO2.xyz,r0_C8H9NO.xyz,2.4087026160570337,1.95203109311814
594,TS_ts_guess_kuo_fu_template_10-14_11-12.xyz,42,23,19,r1_C9H11NO2.xyz,r0_C8H9NO.xyz,2.2346731688548997,2.157613123616002
595,TS_ts_guess_ta5bGn_template_4-17_8-11.xyz,38,15,23,r0_C5H4N4O2.xyz,r1_C9H12O2.xyz,2.413078527296615,2.087544891325693
596,TS_ts_guess_Q2vhIQ_template_4-21_8-11.xyz,38,15,23,r0_C5H4N4O2.xyz,r1_C9H12O2.xyz,2.1874286303786006,2.246778485053656
597,TS_ts_guess_U_ptLJ_template_4-18_8-12.xyz,42,20,22,r1_C7H8N4O.xyz,r0_C9H12O.xyz,2.618152068272582,2.200290116257399
598,TS_ts_guess_11H6Z0_template_4-21_8-12.xyz,42,20,22,r1_C7H8N4O.xyz,r0_C9H12O.xyz,2.199085358734399,2.5163490296459274
599,TS_rnEjpH_ll_ad_3-21_6-14.xyz,41,28,13,r0_C12H14O2.xyz,r1_C6FH5O.xyz,2.662524376545687,2.570880486078651
600,TS_ts_guess_aw7q-g_template_3-21_6-14.xyz,41,28,13,r0_C12H14O2.xyz,r1_C6FH5O.xyz,2.678232501539028,2.557124876184188
601,TS_WMJMp0_hl_ad_3-20_6-14.xyz,41,28,13,r0_C12H14O2.xyz,r1_C6FH5O.xyz,2.635382536976368,2.6392619577450054
602,TS_ts_guess_w9IiU3_template_3-21_6-14.xyz,41,28,13,r0_C12H14O2.xyz,r1_C6FH5O.xyz,2.6782484178470076,2.6103210175953455
603,TS_ts_guess_wGOK7Z_template_4-5_7-14.xyz,41,26,15,r0_C14H12.xyz,r1_C6H6N2O.xyz,1.9483346034241655,2.0513829889613495
606,TS_ts_guess_CjORnx_template_3-13_4-11.xyz,37,19,18,r0_C10H8O.xyz,r1_C8H6N2O2.xyz,1.8459580926445758,2.489931147080176
607,TS_ts_guess_-RG4Fs_template_3-19_4-11.xyz,37,19,18,r0_C10H8O.xyz,r1_C8H6N2O2.xyz,2.116937789567752,2.082265311673803
608,TS_ts_guess_-UptYK_template_3-14_6-7.xyz,36,14,22,r0_C5H7NO.xyz,r1_BrC9H11O.xyz,2.9585375729403878,2.2960658521479735
609,TS_ts_guess_wdQ747_template_3-16_6-7.xyz,36,14,22,r0_C5H7NO.xyz,r1_BrC9H11O.xyz,3.0126489354387114,2.1051525635212287
610,TS_ts_guess_-gWDfM_template_4-18_6-8.xyz,31,15,16,r0_C4H7NO3.xyz,r1_C7ClF3H4O.xyz,2.5512082570813384,2.545864548360733
611,TS_ts_guess_o1yl-l_template_4-19_6-8.xyz,31,15,16,r0_C4H7NO3.xyz,r1_C7ClF3H4O.xyz,2.4898016789495503,2.602152017465544
613,TS_ts_guess_wpyIug_template_4-19_6-8.xyz,31,15,16,r0_C4H7NO3.xyz,r1_C7ClF3H4O.xyz,2.50317124196488,2.6012665642144404
615,TS_ts_guess_zPtaHj_template_4-9_10-15.xyz,43,29,14,r1_C9H14N4O2.xyz,r0_C4H8O2.xyz,2.2007669103973733,2.492462671535925
616,TS_ts_guess_-Yz9gk_template_4-16_10-13.xyz,40,24,16,r1_C10H11NO2.xyz,r0_C5H7N3O.xyz,2.384591989691318,2.008119400882328
617,TS_ts_guess_P62HeI_template_4-5_8-14.xyz,40,24,16,r1_C10H11NO2.xyz,r0_C5H7N3O.xyz,1.9039347570229397,2.7116116721426025
618,TS_ts_guess_y9718j_template_4-15_8-11.xyz,35,20,15,r0_C7H7N3O3.xyz,r1_C6H6O3.xyz,2.475466149112122,2.0697427833912116
619,TS_ts_guess_UnnCQ2_template_4-16_8-11.xyz,35,20,15,r0_C7H7N3O3.xyz,r1_C6H6O3.xyz,2.5404109410487115,1.9948251365971907
620,TS_ts_guess_izV-M2_template_2-14_8-9.xyz,43,17,26,r1_C7H8O2.xyz,r0_C11H13NO.xyz,2.4770249212714837,2.3063996741675106
621,TS_ts_guess_K5ep1l_template_7-8_13-21.xyz,43,17,26,r1_C7H8O2.xyz,r0_C11H13NO.xyz,2.382517975713929,2.387499966471204
622,TS_ts_guess_kP92-m_template_7-14_8-9.xyz,43,17,26,r1_C7H8O2.xyz,r0_C11H13NO.xyz,2.380120828739583,2.417198359775217
623,TS_ts_guess_sbmfjs_template_2-18_8-9.xyz,43,17,26,r1_C7H8O2.xyz,r0_C11H13NO.xyz,2.5354308955481315,2.26035543443946
624,TS_ts_guess_ZXLaby_template_2-5_12-14.xyz,42,22,20,r1_C10H10N2.xyz,r0_C8ClH11.xyz,2.4827359997591367,2.3244360247380436
625,TS_ts_guess_1GPEhv_template_2-9_16-18.xyz,42,22,20,r1_C10H10N2.xyz,r0_C8ClH11.xyz,2.3427512520538754,2.458186688150434
626,TS_ts_guess_Y4oWbs_template_4-9_12-15.xyz,42,28,14,r0_C9H13N3O3.xyz,r1_C4H8O2.xyz,2.790055115638399,2.1232655926426163
628,TS_ts_guess_FgA7ei_template_3-16_6-8.xyz,30,17,13,r0_C6H9NO.xyz,r1_BrC6ClH4O.xyz,2.694121019516384,2.405937260590974
630,TS_OYnHAg_hl_ad_3-15_6-8.xyz,30,17,13,r0_C6H9NO.xyz,r1_BrC6ClH4O.xyz,2.8551679661624108,2.3814954779927677
631,TS_ts_guess_C8s_EE_template_4-15_6-8.xyz,36,16,20,r0_C5H8N2O.xyz,r1_C8ClF3H8.xyz,2.363154987913404,2.6505640043017262
632,TS_ts_guess_CPRkKh_template_4-18_6-8.xyz,36,16,20,r0_C5H8N2O.xyz,r1_C8ClF3H8.xyz,2.312819449719325,2.775874343895991
633,TS_ts_guess_iIP9UT_template_1-13_9-12.xyz,40,20,20,r0_C9H8N2O.xyz,r1_C8ClH11.xyz,2.323954364719755,2.45319463306522
634,TS_ts_guess_oahvaK_template_1-13_9-12.xyz,40,20,20,r0_C9H8N2O.xyz,r1_C8ClH11.xyz,2.312137102011903,2.4785882896519946
635,TS_ts_guess_hpvA2c_template_4-15_5-10.xyz,34,14,20,r0_C5F3H4NO.xyz,r1_C7H8N4O.xyz,2.482649651380557,2.314507634897755
636,TS_ts_guess_EKvSK9_template_4-19_5-10.xyz,34,14,20,r0_C5F3H4NO.xyz,r1_C7H8N4O.xyz,2.411230501756313,2.3877766049193125
637,TS_LUGOp-_hl_ad_4-13_6-11.xyz,30,20,10,r0_C5H9N3O3.xyz,r1_BrC4H3O2.xyz,2.3914852157811888,2.4617597087043244
638,TS_ts_guess_TahbH9_template_4-16_6-11.xyz,30,20,10,r0_C5H9N3O3.xyz,r1_BrC4H3O2.xyz,2.3421276443012236,2.5083026533694053
639,TS_ts_guess_7IvJzl_template_4-7_10-13.xyz,43,29,14,r0_C12H13N3O.xyz,r1_C4H8O2.xyz,2.4798816912304504,2.064866760858918
640,TS_ts_guess_4T4mUo_template_4-17_6-12.xyz,37,21,16,r0_C7H9N3O2.xyz,r1_C6H6O4.xyz,2.1754662205605495,2.388490442141228
641,TS_ts_guess_HhVS5K_template_10-16_11-12.xyz,38,22,16,r0_C9H10O3.xyz,r1_C8H5N3.xyz,2.685179903879813,2.296585654945184
642,TS_ts_guess_sW0Lv8_template_2-3_7-14.xyz,38,22,16,r0_C9H10O3.xyz,r1_C8H5N3.xyz,2.303909109036205,2.5792712331393144
643,TS_ts_guess_w3HRc7_template_10-11_15-22.xyz,38,22,16,r0_C9H10O3.xyz,r1_C8H5N3.xyz,2.429187071038375,2.5599855993540275
644,TS_FhC8m0_ll_ad_2-16_8-12.xyz,38,22,16,r0_C9H10O3.xyz,r1_C8H5N3.xyz,2.453341811020225,2.4214788650120407
645,TS_aw4Ca9_ll_ad_4-17_5-7.xyz,29,10,19,r0_BrC4H3O2.xyz,r1_C5H8N2O4.xyz,2.220631508625418,2.236698471542376
647,TS_eM3Z1m_hl_ad_4-6_12-14.xyz,29,18,11,r1_C6Cl2H6O4.xyz,r0_C5H3N3.xyz,2.6304039564675232,2.1720935679891875
648,TS_ts_guess_Hd6e8f_template_1-21_9-14.xyz,38,23,15,r0_C11H9N3.xyz,r1_C9H5N.xyz,2.2317956604940337,2.3955977711418917
649,TS_JfDRay_ll_ad_1-17_9-14.xyz,38,23,15,r0_C11H9N3.xyz,r1_C9H5N.xyz,2.2492405890433336,2.215776682542715
650,TS_ts_guess_trCX0g_template_11-17_12-13.xyz,38,27,11,r0_BrC10H14NO.xyz,r1_C3H6N2.xyz,2.2500855449071264,2.536229614092541
651,TS_ts_guess_779Lza_template_11-15_12-13.xyz,38,27,11,r0_BrC10H14NO.xyz,r1_C3H6N2.xyz,2.335139439027143,2.5102783098493284
652,TS_ts_guess__SL69S_template_1-22_3-10.xyz,42,19,23,r1_C7H9N3.xyz,r0_C12H10O.xyz,2.1170903372317396,2.2198430976985737
653,TS_ts_guess_BNdc2J_template_1-16_3-10.xyz,42,19,23,r1_C7H9N3.xyz,r0_C12H10O.xyz,2.258316198077674,2.0930334502104833
654,TS_ts_guess_R6zo7Z_template_1-22_3-10.xyz,42,19,23,r1_C7H9N3.xyz,r0_C12H10O.xyz,1.9600444283740102,2.6697969026500874
655,TS_ts_guess_jgzAHj_template_1-22_3-10.xyz,42,19,23,r1_C7H9N3.xyz,r0_C12H10O.xyz,2.1461973850044638,2.22021833300241
656,TS_ts_guess_vWDCjQ_template_4-16_5-7.xyz,43,14,29,r0_C5H7NO.xyz,r1_C15H13N.xyz,2.3180390112765576,2.522957517002615
657,TS_ts_guess_uRz_7z_template_4-15_5-7.xyz,43,14,29,r0_C5H7NO.xyz,r1_C15H13N.xyz,2.8275037885208927,2.256899580530778
658,TS_ts_guess_bA80EB_template_4-21_12-14.xyz,43,26,17,r1_C11H12N2O.xyz,r0_C9H8.xyz,2.5717377292406782,2.2840191156380456
662,TS_ts_guess_heygpa_template_4-9_15-16.xyz,41,28,13,r1_C9H13N3O3.xyz,r0_C6H6O.xyz,2.547914636992378,2.3982818660657883
663,TS_ts_guess_baPIPD_template_4-20_9-13.xyz,37,22,15,r0_C8H9NO4.xyz,r1_C9H5N.xyz,2.584539488941889,2.160893154554385
664,TS_ts_guess_5PNvo__template_4-16_9-13.xyz,37,22,15,r0_C8H9NO4.xyz,r1_C9H5N.xyz,2.6491581272925178,2.1604539343850866
665,TS_ts_guess_2rr89D_template_4-21_5-10.xyz,33,13,20,r1_C5F3H3O2.xyz,r0_C9H8O3.xyz,2.1771378901668124,2.3941096915972753
666,TS_ts_guess_A_pz52_template_4-12_5-10.xyz,33,13,20,r1_C5F3H3O2.xyz,r0_C9H8O3.xyz,2.577226547143266,2.031654403042013
667,TS_jbe7mW_ll_ad_4-20_6-13.xyz,32,19,13,r0_C7H6O6.xyz,r1_C6F2H4O.xyz,2.632071409441621,2.3427932055134533
668,TS_ts_guess_a_o8v5_template_4-21_6-13.xyz,32,19,13,r0_C7H6O6.xyz,r1_C6F2H4O.xyz,2.7266006974619517,2.1777487704967258
669,TS_ts_guess_2m4vFf_template_4-17_7-8.xyz,41,16,25,r0_C5H8N2O.xyz,r1_C10H11NO3.xyz,2.7446971877786446,2.449615317269224
670,TS_ts_guess_LTY8kH_template_12-16_13-14.xyz,41,25,16,r1_C10H11NO3.xyz,r0_C5H8N2O.xyz,2.6607158172191183,2.4247726335885598
671,TS_ts_guess_FxHeE2_template_12-13_15-21.xyz,41,25,16,r1_C10H11NO3.xyz,r0_C5H8N2O.xyz,2.4129074702109903,2.6399191589516526
672,TS_ts_guess_mCPWm5_template_4-18_7-8.xyz,41,16,25,r0_C5H8N2O.xyz,r1_C10H11NO3.xyz,2.9938737155230846,2.6252672853825763
673,TS_ts_guess_obaHCY_template_4-5_9-11.xyz,38,29,9,r0_C14H12O3.xyz,r1_C3H3N3.xyz,2.342559355939567,2.4277241878145874
674,TS_ts_guess_sKU8Mw_template_4-21_10-17.xyz,38,29,9,r0_C14H12O3.xyz,r1_C3H3N3.xyz,2.508200683418295,2.2452635368259113
675,TS_ts_guess_YgLkwA_template_15-21_16-17.xyz,38,29,9,r0_C14H12O3.xyz,r1_C3H3N3.xyz,2.5319168415649043,2.40766265703898
676,TS_ts_guess_1xrM_Q_template_15-16_20-22.xyz,38,29,9,r0_C14H12O3.xyz,r1_C3H3N3.xyz,2.3009846253506345,2.607582884857162
677,TS_ts_guess_7UFLW1_template_4-19_6-9.xyz,32,13,19,r1_C4H4N2O3.xyz,r0_C8ClH7O3.xyz,2.4927148412524045,2.5018955792958266
678,TS_ts_guess_WQJjgr_template_10-18_11-12.xyz,32,19,13,r0_C8ClH7O3.xyz,r1_C4H4N2O3.xyz,2.7564984942676825,2.435698462474368
679,TS_ts_guess_-uiLdj_template_10-11_17-20.xyz,32,19,13,r0_C8ClH7O3.xyz,r1_C4H4N2O3.xyz,2.3817186642842603,2.6380776571018525
680,TS_ts_guess_oPdq-i_template_4-16_6-9.xyz,32,13,19,r1_C4H4N2O3.xyz,r0_C8ClH7O3.xyz,2.3425427862474573,3.1426962901623186
681,TS_ts_guess_6UM2NT_template_4-18_6-9.xyz,44,20,24,r1_C6H11NO2.xyz,r0_C8H12O4.xyz,2.2261331864243883,2.956675406499672
682,TS_ts_guess_0XWo5o_template_4-12_6-9.xyz,44,20,24,r1_C6H11NO2.xyz,r0_C8H12O4.xyz,2.4883425127180545,2.1351216821998693
683,TS_ts_guess_M131XX_template_4-19_8-12.xyz,36,19,17,r0_C7H7N3O2.xyz,r1_C7ClFH8.xyz,2.542158477062357,2.2932473100605613
684,TS_ts_guess_ZKp6ZU_template_4-19_8-12.xyz,36,19,17,r0_C7H7N3O2.xyz,r1_C7ClFH8.xyz,2.434489261323615,2.39085286285041
685,TS_ts_guess_qknzcb_template_15-16_18-22.xyz,39,30,9,r0_C14H13NO2.xyz,r1_C3H3N3.xyz,2.255295844562305,2.361199054950683
686,TS_ts_guess_JL_tXn_template_15-19_16-17.xyz,39,30,9,r0_C14H13NO2.xyz,r1_C3H3N3.xyz,2.3412228360410294,2.276120710968555
687,TS_ts_guess_4BxjCd_template_4-5_7-11.xyz,39,30,9,r0_C14H13NO2.xyz,r1_C3H3N3.xyz,2.1966564081121107,2.3552109198328712
688,TS_ts_guess_nINijy_template_4-19_10-17.xyz,39,30,9,r0_C14H13NO2.xyz,r1_C3H3N3.xyz,2.3138705176824397,2.2106471834510364
689,TS_ts_guess_8w6Oxs_template_4-20_6-13.xyz,40,21,19,r1_C7H8N2O4.xyz,r0_C8H10O.xyz,2.116927237696185,2.5778930795128026
690,TS_ts_guess_Y7G0_r_template_4-21_6-13.xyz,40,21,19,r1_C7H8N2O4.xyz,r0_C8H10O.xyz,2.1206160035942387,2.5142446112898402
691,TS_ts_guess_BNZpBJ_template_4-20_8-12.xyz,37,18,19,r0_C7H6N2O3.xyz,r1_C9H8N2.xyz,2.58431859982472,2.1765230436409353
692,TS_ts_guess_JSD3C9_template_4-21_7-13.xyz,35,22,13,r0_C8H9NO4.xyz,r1_C6F2H4O.xyz,2.5951729254329083,2.7411965515263583
693,TS_JjnUIR_hl_ad_4-20_7-13.xyz,35,22,13,r0_C8H9NO4.xyz,r1_C6F2H4O.xyz,2.6294674617115916,2.72911385826975
694,TS_ts_guess_fTIiNB_template_4-21_6-14.xyz,39,23,16,r1_C7H9N3O4.xyz,r0_C7H8O.xyz,2.1586467639241027,2.4562396436219336
695,TS_ts_guess_iCNy_c_template_4-21_6-14.xyz,39,23,16,r1_C7H9N3O4.xyz,r0_C7H8O.xyz,2.399597661359087,2.2010457824407017
696,TS_ts_guess_kMMijk_template_4-21_6-14.xyz,39,23,16,r1_C7H9N3O4.xyz,r0_C7H8O.xyz,2.1585927919364507,2.456986484639262
697,TS_ts_guess_Dwa46E_template_4-21_6-14.xyz,39,23,16,r1_C7H9N3O4.xyz,r0_C7H8O.xyz,2.125287719086524,2.549219429962827
698,TS_ts_guess_zYb8rL_template_3-20_8-11.xyz,44,23,21,r1_C8H12N2O.xyz,r0_C9H10O2.xyz,2.3704923523394883,2.263856629669821
699,TS_ts_guess_2bWF_b_template_9-16_10-11.xyz,44,21,23,r0_C9H10O2.xyz,r1_C8H12N2O.xyz,2.536575007386929,2.185194537449698
700,TS_ts_guess_w5Ul82_template_3-18_8-11.xyz,44,23,21,r1_C8H12N2O.xyz,r0_C9H10O2.xyz,2.599726583585282,2.1192028715533584
701,TS_ts_guess_JaAU5G_template_9-19_10-11.xyz,44,21,23,r0_C9H10O2.xyz,r1_C8H12N2O.xyz,2.1726837691896166,2.549603491800245
702,TS_ts_guess_-dM90x_template_4-19_8-9.xyz,33,13,20,r0_C4H4N4O.xyz,r1_C8ClF3H8.xyz,2.353300744953777,2.190822220582948
703,TS_ts_guess_CJi9pq_template_4-16_8-9.xyz,33,13,20,r0_C4H4N4O.xyz,r1_C8ClF3H8.xyz,2.3477964591079865,2.0534873919505814
704,TS_ts_guess_s8V0dV_template_4-19_10-11.xyz,44,24,20,r0_C9H13NO.xyz,r1_C10H8N2.xyz,2.8265923374445068,2.3214004373222643
705,TS_ts_guess_5HTA1O_template_4-5_13-17.xyz,44,24,20,r0_C9H13NO.xyz,r1_C10H8N2.xyz,2.4050090605234735,2.5178420592642423
706,TS_ts_guess_k8ovf6_template_4-17_9-10.xyz,43,17,26,r0_C6H7NO3.xyz,r1_C10H14O2.xyz,3.0480136054978497,2.07446620184567
707,TS_ts_guess_zY9A-t_template_4-20_9-10.xyz,43,17,26,r0_C6H7NO3.xyz,r1_C10H14O2.xyz,3.100185149487043,2.0752093179002453
708,TS_SVfHeu_hl_ad_4-17_5-10.xyz,35,13,22,r1_C5F3H3O2.xyz,r0_C8H10N2O2.xyz,2.5023332700701557,2.2240500836761745
709,TS_ts_guess_3FJi60_template_4-16_5-10.xyz,35,13,22,r1_C5F3H3O2.xyz,r0_C8H10N2O2.xyz,2.4090325859356905,2.343924556870378
710,TS_ts_guess_GDk9n1_template_8-14_9-10.xyz,33,17,16,r0_BrC7H7O2.xyz,r1_C6H7N3.xyz,2.5096973652016294,2.205531397849507
711,TS_ts_guess_OT3MVR_template_8-16_9-10.xyz,33,17,16,r0_BrC7H7O2.xyz,r1_C6H7N3.xyz,2.2098990254307997,2.515660752208056
712,TS_ts_guess_OQzBGN_template_2-16_8-10.xyz,33,17,16,r0_BrC7H7O2.xyz,r1_C6H7N3.xyz,2.257365616864047,2.4580716870953947
713,TS_ts_guess_ZcI6W8_template_2-14_8-10.xyz,33,17,16,r0_BrC7H7O2.xyz,r1_C6H7N3.xyz,2.6819680870584572,2.2369987814703878
714,TS_ts_guess_HUiURy_template_4-17_9-11.xyz,36,20,16,r0_C7H9NO3.xyz,r1_C7F3H5O.xyz,2.904813605104465,2.133777372642235
715,TS_ts_guess_tSJUbR_template_4-21_9-11.xyz,36,20,16,r0_C7H9NO3.xyz,r1_C7F3H5O.xyz,2.6760510729804845,2.2695394255883725
716,TS_ts_guess_ClSwHq_template_4-21_9-11.xyz,36,20,16,r0_C7H9NO3.xyz,r1_C7F3H5O.xyz,2.5288508489232813,2.385953906742542
717,TS_chJkiw_ll_ad_4-21_9-11.xyz,36,20,16,r0_C7H9NO3.xyz,r1_C7F3H5O.xyz,2.6710441141059427,2.2698983320624735
718,TS_ts_guess_9zWrHC_template_4-22_6-13.xyz,36,19,17,r1_C7H6N2O4.xyz,r0_C8H7NO.xyz,2.310018511873877,2.732906860579043
719,TS_ts_guess_-3AqcU_template_4-21_6-13.xyz,36,19,17,r1_C7H6N2O4.xyz,r0_C8H7NO.xyz,2.2448961220956307,2.7608634782618284
720,TS_ts_guess_Qi9PUs_template_4-22_6-13.xyz,36,19,17,r1_C7H6N2O4.xyz,r0_C8H7NO.xyz,2.305567858597964,2.7332344139133036
721,TS_ts_guess_PWNvaN_template_4-20_6-13.xyz,36,19,17,r1_C7H6N2O4.xyz,r0_C8H7NO.xyz,2.2801333959880505,2.6471645788088054
722,TS_ts_guess_U9iRBV_template_4-21_6-9.xyz,44,14,30,r1_C5H5N3O.xyz,r0_C14H16.xyz,2.566272863785143,2.367550498996801
723,TS_ts_guess_7m-ZpN_template_4-16_6-9.xyz,44,14,30,r1_C5H5N3O.xyz,r0_C14H16.xyz,2.725615650527418,2.3187974581881874
724,TS_ts_guess_MUfUkJ_template_4-5_10-14.xyz,38,23,15,r1_C9ClH11O2.xyz,r0_C5H6N2O2.xyz,2.3176048552330917,2.6052785989218123
725,TS_ts_guess_YBt327_template_4-17_10-12.xyz,38,23,15,r1_C9ClH11O2.xyz,r0_C5H6N2O2.xyz,2.616679180679206,2.1830696029673446
726,TS_ts_guess_4l33UZ_template_4-20_6-17.xyz,39,30,9,r0_C12H13N3O2.xyz,r1_C4H3NO.xyz,2.30283603528345,3.0873230975231603
727,TS_ts_guess_Cjw6yv_template_4-20_6-17.xyz,39,30,9,r0_C12H13N3O2.xyz,r1_C4H3NO.xyz,2.4251396061051826,2.40938677592453
728,TS_ts_guess_tFj8AM_template_4-16_6-14.xyz,33,25,8,r1_C11H11NO2.xyz,r0_BrC3H3O.xyz,2.2310707000003385,2.8880552884077546
729,TS_ts_guess_u7AgKH_template_4-17_6-14.xyz,33,25,8,r1_C11H11NO2.xyz,r0_BrC3H3O.xyz,2.3096310464877283,2.6659992550261524
730,TS_ts_guess_rWAgJp_template_13-21_14-15.xyz,46,32,14,r1_C12H17NO2.xyz,r0_C5H7NO.xyz,2.3242281462455443,2.8885195126569596
731,TS_ts_guess_M-N1O3_template_13-17_14-15.xyz,46,32,14,r1_C12H17NO2.xyz,r0_C5H7NO.xyz,2.90563306866163,2.2852516056880914
732,TS_ts_guess_B5EIEU_template_4-19_10-13.xyz,43,22,21,r0_C6H9N5O2.xyz,r1_C8H12O.xyz,2.3782334196836104,2.1490985674463605
733,TS_ts_guess_8PPIY3_template_4-21_10-13.xyz,43,22,21,r0_C6H9N5O2.xyz,r1_C8H12O.xyz,2.284101285560691,2.604921585633625
734,TS_ts_guess_htoPNb_template_14-20_15-16.xyz,38,28,10,r0_C14H12O2.xyz,r1_C3H3NO3.xyz,2.385193040699222,2.3428851775748636
735,TS_ts_guess_t_mXEC_template_3-20_9-16.xyz,38,28,10,r0_C14H12O2.xyz,r1_C3H3NO3.xyz,2.490572297123695,2.2001787594875104
736,TS_ts_guess_gb_K3Q_template_3-19_9-16.xyz,38,28,10,r0_C14H12O2.xyz,r1_C3H3NO3.xyz,2.2272155372572273,2.306068994913205
737,TS_ts_guess_lqp-K9_template_14-19_15-16.xyz,38,28,10,r0_C14H12O2.xyz,r1_C3H3NO3.xyz,2.343286830693162,2.3817130215666196
738,TS_oi7ZUa_hl_ad_4-11_6-8.xyz,30,14,16,r0_C4H6N2O2.xyz,r1_C8Cl3H5.xyz,2.258764127437834,2.4153992028027167
739,TS_muU4-C_ll_ad_4-16_6-8.xyz,30,14,16,r0_C4H6N2O2.xyz,r1_C8Cl3H5.xyz,2.1899636152456963,2.525324100882895
740,TS_ts_guess_ASNiiD_template_4-5_10-12.xyz,40,30,10,r1_C11H15N3O.xyz,r0_C4F3H3.xyz,2.2084034455687664,2.417890141156128
741,TS_ts_guess_zyxpCB_template_4-5_7-12.xyz,40,30,10,r1_C11H15N3O.xyz,r0_C4F3H3.xyz,2.2001024308427097,2.3619788362091647
742,TS_ts_guess_DJ3eLt_template_4-17_10-14.xyz,44,29,15,r1_C11H15NO2.xyz,r0_C5H7NO2.xyz,2.4828967392140977,2.431453619668695
743,TS_ts_guess_52OHiN_template_4-5_8-13.xyz,44,29,15,r1_C11H15NO2.xyz,r0_C5H7NO2.xyz,2.2505433733878584,2.7214714482794045
744,TS_ts_guess_AcBSZx_template_10-18_11-12.xyz,34,19,15,r1_C9H7NO2.xyz,r0_C7H3N3O2.xyz,2.6173287359443407,2.6463339886151935
745,TS_ts_guess_wRQfEq_template_3-20_7-12.xyz,34,15,19,r0_C7H3N3O2.xyz,r1_C9H7NO2.xyz,2.5503276007015256,2.558628967142364
746,TS_ts_guess_gxOxlL_template_10-19_11-12.xyz,34,19,15,r1_C9H7NO2.xyz,r0_C7H3N3O2.xyz,2.632401425656809,2.6116818988919768
747,TS_ts_guess_hvUnYP_template_3-21_7-12.xyz,34,15,19,r0_C7H3N3O2.xyz,r1_C9H7NO2.xyz,2.6050075782039483,2.44680082953231
748,TS_ts_guess_tAP5t7_template_4-18_12-13.xyz,39,23,16,r0_C10H10N2O.xyz,r1_C6H6O4.xyz,2.868152275978386,2.3137341129870563
749,TS_ts_guess_1IUzsp_template_4-22_6-16.xyz,42,25,17,r1_C11H9NO4.xyz,r0_C7H10.xyz,2.459391237704973,2.040600058928746
750,TS_ts_guess_P72Hti_template_4-20_10-12.xyz,43,22,21,r0_C7H10N2O3.xyz,r1_C8FH11O.xyz,2.6529941807324042,2.272092196852936
751,TS_ts_guess_ERSaNH_template_4-19_10-12.xyz,43,22,21,r0_C7H10N2O3.xyz,r1_C8FH11O.xyz,2.966909598150911,2.2467134000134505
752,TS_ts_guess_6Kj-xq_template_4-16_10-13.xyz,44,25,19,r0_C10H12N2O.xyz,r1_C8H9NO.xyz,2.419098405046806,2.422618377169628
753,TS_ts_guess_oe062A_template_4-21_10-13.xyz,44,25,19,r0_C10H12N2O.xyz,r1_C8H9NO.xyz,2.3964501562519507,2.4567803325897897
754,TS_ts_guess_ltBTeB_template_4-17_7-8.xyz,43,15,28,r0_C4H7NO3.xyz,r1_C11H14O3.xyz,2.589904418583821,2.193690588597216
755,TS_ts_guess_W4L5Iv_template_4-18_7-8.xyz,43,15,28,r0_C4H7NO3.xyz,r1_C11H14O3.xyz,2.5367346160369237,2.2474540637129823
756,TS_syZCUT_ll_ad_4-19_7-12.xyz,40,23,17,r0_C6H11N3O3.xyz,r1_C7FH7O2.xyz,2.521950491088197,2.544561467149104
757,TS_ts_guess_ykkxgf_template_4-20_7-12.xyz,40,23,17,r0_C6H11N3O3.xyz,r1_C7FH7O2.xyz,2.3079005601845153,2.5129736734394967
758,TS_ts_guess_n_bnn1_template_4-5_14-15.xyz,40,23,17,r0_C6H11N3O3.xyz,r1_C7FH7O2.xyz,2.2642445426896805,2.412358139746252
759,TS_ts_guess_FrruQJ_template_4-5_14-15.xyz,40,23,17,r0_C6H11N3O3.xyz,r1_C7FH7O2.xyz,2.265771797048414,2.4126648190330955
761,TS_ts_guess_zuzzuW_template_2-13_8-10.xyz,33,21,12,r0_BrC8H11O.xyz,r1_C5H3NO3.xyz,2.4895159766107144,2.522247845890645
762,TS_ts_guess_popCea_template_2-16_8-10.xyz,33,21,12,r0_BrC8H11O.xyz,r1_C5H3NO3.xyz,2.814339235984177,2.3379756434573906
763,TS_ts_guess_F8o_OM_template_4-20_7-10.xyz,39,19,20,r0_C6H9N3O.xyz,r1_C9H7NO3.xyz,2.6072644712226647,2.389677054520129
764,TS_ts_guess_qF0qid_template_4-22_7-10.xyz,39,19,20,r0_C6H9N3O.xyz,r1_C9H7NO3.xyz,2.4452817232580792,2.5233150008272847
765,TS_ts_guess_hAPBdu_template_4-22_7-10.xyz,39,19,20,r0_C6H9N3O.xyz,r1_C9H7NO3.xyz,2.456097697446093,2.5096830698118042
766,TS_ts_guess_7-elUV_template_4-18_7-10.xyz,39,19,20,r0_C6H9N3O.xyz,r1_C9H7NO3.xyz,2.6271080776016813,2.4370623692675575
767,TS_ts_guess_mlNvwK_template_4-15_10-12.xyz,38,20,18,r0_C8ClH8NO2.xyz,r1_C5H9NO3.xyz,2.3294321268498037,1.937516076036532
768,TS_ts_guess_OK5sGT_template_10-11_14-20.xyz,38,20,18,r0_C8ClH8NO2.xyz,r1_C5H9NO3.xyz,2.053162123993135,2.2155016227933575
769,TS_ts_guess_YsbCM8_template_4-5_8-14.xyz,38,20,18,r0_C8ClH8NO2.xyz,r1_C5H9NO3.xyz,2.054852133706949,2.278212831629214
770,TS_ts_guess_vMwFti_template_10-15_11-12.xyz,38,20,18,r0_C8ClH8NO2.xyz,r1_C5H9NO3.xyz,2.2045509173752373,2.0764194509058136
771,TS_ts_guess_eKlGPt_template_4-5_7-12.xyz,38,27,11,r0_C10F3H12NO.xyz,r1_C3H4N2O2.xyz,2.237673020662313,2.264147725326243
772,TS_ts_guess_dAER98_template_4-17_10-15.xyz,38,27,11,r0_C10F3H12NO.xyz,r1_C3H4N2O2.xyz,2.2459574904703783,2.1710055766165133
773,TS_ts_guess_0oSmEm_template_4-8_10-15.xyz,41,28,13,r0_C10H13NO4.xyz,r1_C3H6N2O2.xyz,2.0692752406579458,2.3464947767681053
774,TS_ts_guess_F4MJjC_template_4-8_14-15.xyz,41,28,13,r0_C10H13NO4.xyz,r1_C3H6N2O2.xyz,2.281201472601664,2.1676824495760445
775,TS_ts_guess_dIxYMK_template_4-5_9-16.xyz,38,21,17,r0_C9H8N2O2.xyz,r1_C9H6N2.xyz,2.197524202597095,2.8600368763007236
776,TS_ts_guess_NlbrQZ_template_11-12_20-23.xyz,38,21,17,r0_C9H8N2O2.xyz,r1_C9H6N2.xyz,2.553313475212161,2.417504130585923
777,TS_ts_guess_TqJzi6_template_11-12_16-23.xyz,38,21,17,r0_C9H8N2O2.xyz,r1_C9H6N2.xyz,2.4141827691788373,2.556905226734069
778,TS_ts_guess_QVH-Ax_template_4-17_10-13.xyz,38,21,17,r0_C9H8N2O2.xyz,r1_C9H6N2.xyz,2.769727325369774,2.212989942747142
779,TS_ts_guess_wSoi8a_template_4-18_10-15.xyz,39,26,13,r1_C10H11NO4.xyz,r0_C5H5N3.xyz,2.2651957218086034,2.311263599375891
780,TS_ts_guess_wXTbre_template_4-5_8-13.xyz,39,26,13,r1_C10H11NO4.xyz,r0_C5H5N3.xyz,2.1495346837862375,2.524628591634817
781,TS_ts_guess__N4y42_template_13-14_17-22.xyz,39,26,13,r1_C10H11NO4.xyz,r0_C5H5N3.xyz,2.201304902302269,2.5762127009429947
782,TS_ts_guess_jIn5GB_template_13-18_14-15.xyz,39,26,13,r1_C10H11NO4.xyz,r0_C5H5N3.xyz,2.582156470433192,2.1997285637323527
783,TS_ts_guess_LCfMAa_template_4-19_5-7.xyz,39,11,28,r0_C4FH4NO.xyz,r1_C12H12N2O2.xyz,2.423157167127217,2.358289830131148
784,TS_ts_guess_5Y05nH_template_4-12_5-7.xyz,39,11,28,r0_C4FH4NO.xyz,r1_C12H12N2O2.xyz,3.1624032318633875,2.2073410145466874
785,TS_ts_guess_9Yu1fy_template_4-20_7-12.xyz,37,19,18,r0_C7H7N3O2.xyz,r1_C8ClH8N.xyz,2.4266846123466475,2.5945727245155417
786,TS_ts_guess_J1bl-R_template_4-19_7-12.xyz,37,19,18,r0_C7H7N3O2.xyz,r1_C8ClH8N.xyz,2.411493617221493,2.5787587519580035
788,TS_ts_guess_4-x3BM_template_4-16_6-9.xyz,42,12,30,r1_C3H3N3O3.xyz,r0_C14H16.xyz,2.502047611637317,2.8536438574040734
789,TS_W0RV53_ll_ad_4-17_7-10.xyz,37,17,20,r1_C6H7N3O.xyz,r0_BrC8H11.xyz,2.6920640151749735,2.2770702247185968
790,TS_ts_guess_H3S0ym_template_4-17_7-10.xyz,37,17,20,r1_C6H7N3O.xyz,r0_BrC8H11.xyz,2.9304363902326904,2.177228672533044
791,TS_ts_guess_BJu8Ey_template_2-19_3-10.xyz,43,18,25,r1_C9H8O.xyz,r0_C9H12N2O2.xyz,2.0576601786981255,2.836911674391714
792,TS_ts_guess_2w641p_template_2-16_3-10.xyz,43,18,25,r1_C9H8O.xyz,r0_C9H12N2O2.xyz,2.1882044958138627,2.5046660390958313
793,TS_ts_guess_VI9t9U_template_3-22_7-12.xyz,36,16,20,r0_C7H4N4O.xyz,r1_C8F3H9.xyz,2.266771595772278,2.4400726455784056
794,TS_Tb3Bm6_ll_ad_3-18_7-12.xyz,36,16,20,r0_C7H4N4O.xyz,r1_C8F3H9.xyz,2.5227273277546267,2.1879026487483397
795,TS_ts_guess_HADM7H_template_4-19_6-15.xyz,39,26,13,r0_C7H11N3O5.xyz,r1_C5H6O2.xyz,2.094716841460917,2.3382442334580875
796,TS_ts_guess_bKDedn_template_4-18_6-15.xyz,39,26,13,r0_C7H11N3O5.xyz,r1_C5H6O2.xyz,2.3033468915037525,2.2870160815350644
797,TS_ts_guess_njuWFV_template_4-22_8-12.xyz,39,20,19,r0_C6H8N4O2.xyz,r1_C8H8O3.xyz,2.1362578267849597,2.285552777469818
798,TS_ts_guess_1--M9k_template_4-18_8-12.xyz,39,20,19,r0_C6H8N4O2.xyz,r1_C8H8O3.xyz,2.3729952328017854,2.1279608637613614
799,TS_ts_guess_M9Ekk3_template_4-22_8-12.xyz,39,20,19,r0_C6H8N4O2.xyz,r1_C8H8O3.xyz,2.3689766192809922,2.2533217619771926
800,TS_ts_guess_EqnrVF_template_4-22_8-12.xyz,39,20,19,r0_C6H8N4O2.xyz,r1_C8H8O3.xyz,2.2557450349496504,2.256734235925888
801,TS_ojmV8x_ll_ad_9-13_10-11.xyz,43,26,17,r0_C10FH15.xyz,r1_C8H5NO3.xyz,2.0405432160579204,2.565310954484856
802,TS_0hKGxL_ll_ad_9-21_10-11.xyz,43,26,17,r0_C10FH15.xyz,r1_C8H5NO3.xyz,2.290535116386562,2.182703212188959
803,TS_ts_guess_JdGwbr_template_4-18_9-10.xyz,39,18,21,r0_C5H8N2O3.xyz,r1_C9H8N2O2.xyz,2.213757373087665,2.0332483880480514
804,TS_ts_guess_FcZvLQ_template_11-15_12-13.xyz,39,21,18,r1_C9H8N2O2.xyz,r0_C5H8N2O3.xyz,2.267437593959314,2.0830319872964025
805,TS_ts_guess_4jjfBk_template_11-12_14-22.xyz,39,21,18,r1_C9H8N2O2.xyz,r0_C5H8N2O3.xyz,2.0821038580243783,2.2678772115570984
806,TS_ts_guess_yl_WEx_template_4-20_9-10.xyz,39,18,21,r0_C5H8N2O3.xyz,r1_C9H8N2O2.xyz,2.347251993502189,1.9457082873853417
807,TS_ts_guess_gq3MLT_template_4-22_8-13.xyz,38,20,18,r1_C7H7NO5.xyz,r0_C8H8O2.xyz,2.2473511219655906,2.601396868972514
808,TS_ts_guess_m2cuNY_template_4-22_8-13.xyz,38,20,18,r1_C7H7NO5.xyz,r0_C8H8O2.xyz,2.2474845001690222,2.6094747526082713
809,TS_ts_guess_6LTn0I_template_4-19_8-13.xyz,38,20,18,r1_C7H7NO5.xyz,r0_C8H8O2.xyz,2.385353456932536,2.3996786760314386
810,TS_ts_guess_JclDes_template_4-22_8-13.xyz,38,20,18,r1_C7H7NO5.xyz,r0_C8H8O2.xyz,2.2227291018925364,2.718967769466935
811,TS_ts_guess_cYK5b3_template_4-13_5-8.xyz,44,15,29,r0_C5H7NO2.xyz,r1_C9H15NO4.xyz,2.5655787440068956,2.1707512749276456
812,TS_v1eOa4_hl_ad_4-19_5-8.xyz,44,15,29,r0_C5H7NO2.xyz,r1_C9H15NO4.xyz,1.9601801589904946,2.7560063901595004
813,TS_ts_guess_6aDnMD_template_4-16_5-10.xyz,37,17,20,r0_C6H7NO3.xyz,r1_C7H7N3O3.xyz,2.3355142001281006,2.07098376034193
814,TS_ts_guess_Z6CY22_template_4-18_5-10.xyz,37,17,20,r0_C6H7NO3.xyz,r1_C7H7N3O3.xyz,2.020295439533535,2.5054025212328654
815,TS_ts_guess_nljv8N_template_4-17_6-10.xyz,36,16,20,r1_C5H6N2O3.xyz,r0_BrC8H11.xyz,2.696478273507873,2.310419861518681
816,TS_ts_guess_7PXyBT_template_4-17_6-10.xyz,36,16,20,r1_C5H6N2O3.xyz,r0_BrC8H11.xyz,2.65437300242449,2.3297195854007837
817,TS_ts_guess_QgAJCN_template_4-17_6-10.xyz,32,19,13,r0_C5H9N3O2.xyz,r1_BrC6FH4O.xyz,2.3081287174245717,2.381401713802188
818,TS_ts_guess_QUVwFZ_template_4-18_6-10.xyz,32,19,13,r0_C5H9N3O2.xyz,r1_BrC6FH4O.xyz,2.1921294993453286,2.36071318295976
819,TS_ts_guess_jKvWH4_template_4-17_6-10.xyz,32,19,13,r0_C5H9N3O2.xyz,r1_BrC6FH4O.xyz,2.3442610188714053,2.2870665401120274
820,TS_ts_guess_z1qRIt_template_4-18_6-10.xyz,32,19,13,r0_C5H9N3O2.xyz,r1_BrC6FH4O.xyz,2.2713591466124416,2.3156026650096946
821,TS_ts_guess_h8Cfu3_template_3-16_6-9.xyz,44,21,23,r0_C7H12O2.xyz,r1_C12FH9O.xyz,2.8308012336086055,2.540584529926135
822,TS_ts_guess_ryhs0s_template_3-22_6-9.xyz,44,21,23,r0_C7H12O2.xyz,r1_C12FH9O.xyz,2.7522345479446333,2.5983524138576737
823,TS_ts_guess_QbcFvj_template_3-22_6-9.xyz,44,21,23,r0_C7H12O2.xyz,r1_C12FH9O.xyz,2.655174409902295,2.59050861357379
824,TS_ts_guess_BldUio_template_3-21_6-9.xyz,44,21,23,r0_C7H12O2.xyz,r1_C12FH9O.xyz,2.5410660867242316,2.6996203221379114
825,TS_ts_guess_8-2SBs_template_2-19_8-10.xyz,45,21,24,r1_C8ClH11O.xyz,r0_C8H13NO2.xyz,2.042057642110036,2.5127979689581093
826,TS_ts_guess_REYggo_template_2-14_8-10.xyz,45,21,24,r1_C8ClH11O.xyz,r0_C8H13NO2.xyz,3.017221554244898,1.9709682780298623
827,TS_ts_guess_Q0-J51_template_4-16_7-9.xyz,36,19,17,r0_C6H10N2O.xyz,r1_BrC7H7O2.xyz,2.8121072798526017,2.3853923733633424
828,TS_ts_guess_VZ8ecx_template_4-18_7-9.xyz,36,19,17,r0_C6H10N2O.xyz,r1_BrC7H7O2.xyz,2.7212366127369374,2.441402279613092
829,TS_ts_guess_u_MpRh_template_4-17_7-9.xyz,36,19,17,r0_C6H10N2O.xyz,r1_BrC7H7O2.xyz,2.8474686376148206,2.3459814480511136
830,TS_ts_guess_H5Qtxn_template_4-18_7-9.xyz,36,19,17,r0_C6H10N2O.xyz,r1_BrC7H7O2.xyz,2.7374417156352386,2.4384426619258446
831,TS_ts_guess_THkpCZ_template_4-17_7-10.xyz,51,24,27,r1_C7H14N2O.xyz,r0_C10H15NO.xyz,2.5167427062971695,2.302824966709368
832,TS_ts_guess_VWYb_x_template_4-20_7-10.xyz,51,24,27,r1_C7H14N2O.xyz,r0_C10H15NO.xyz,2.297755254046871,2.4819401407165325
833,TS_ts_guess_r6prap_template_4-5_10-12.xyz,37,23,14,r0_BrC9H11O2.xyz,r1_C5H7NO.xyz,2.375437967954541,2.4477332340351143
834,TS_ts_guess_Y3Jmxz_template_4-17_10-12.xyz,37,23,14,r0_BrC9H11O2.xyz,r1_C5H7NO.xyz,2.7505930816098556,2.20619489370273
836,TS_ts_guess_e_zlyg_template_2-5_9-17.xyz,41,14,27,r1_C4Cl2H6O2.xyz,r0_C11H15N.xyz,2.3646442896977127,2.7833048978148263
837,TS_QnFbHh_ll_ad_4-18_6-15.xyz,39,27,12,r1_C8H12N4O3.xyz,r0_C5H4N2O.xyz,2.220960754290809,2.721334010903476
838,TS_7am0w__ll_ad_4-20_6-15.xyz,39,27,12,r1_C8H12N4O3.xyz,r0_C5H4N2O.xyz,2.2632434877626406,2.5430086534260945
839,TS_ts_guess_LFKFvQ_template_3-21_6-14.xyz,42,29,13,r0_C12H15NO.xyz,r1_C6ClH5O.xyz,2.4955983423219372,2.3792218582973717
840,TS_ts_guess_IVOw24_template_3-21_6-14.xyz,42,29,13,r0_C12H15NO.xyz,r1_C6ClH5O.xyz,2.5004205726637267,2.377828153609928
841,TS_23qAY6_hl_ad_3-21_6-14.xyz,42,29,13,r0_C12H15NO.xyz,r1_C6ClH5O.xyz,2.4912659318105725,2.503636143152595
842,TS_A9G5wi_ll_ad_3-20_6-14.xyz,42,29,13,r0_C12H15NO.xyz,r1_C6ClH5O.xyz,2.6726298052292985,2.362143979058008
843,TS_ts_guess_BSCb7v_template_4-19_9-16.xyz,41,29,12,r1_C10H13NO5.xyz,r0_C4F2H6.xyz,2.4019409425712364,2.6402166222111396
844,TS_ts_guess_7Y6oFm_template_4-16_6-12.xyz,34,20,14,r1_C7H8N2O3.xyz,r0_C4Cl2H6O2.xyz,2.1500711754265254,2.4058085615651135
845,TS_ts_guess_2nPI9m_template_4-20_8-11.xyz,40,17,23,r1_C5H6N2O4.xyz,r0_C10H11NO.xyz,2.32939479672296,1.7982964227846308
846,TS_ts_guess_NIU6nI_template_4-19_8-11.xyz,40,17,23,r1_C5H6N2O4.xyz,r0_C10H11NO.xyz,2.3056956424905692,1.7195014825815067
848,TS_qbpaT2_ll_ad_4-9_12-17.xyz,33,18,15,r0_C6Cl2H6O4.xyz,r1_C5H7NO2.xyz,2.7261050922148984,2.156421272409452
850,TS_ts_guess_yz3g-t_template_4-19_6-10.xyz,40,17,23,r1_C6H7NO3.xyz,r0_C10H10O3.xyz,2.5450136877627987,2.675100140947998
851,TS_ts_guess_IKZ6oW_template_10-17_11-12.xyz,42,19,23,r1_C8FH7O3.xyz,r0_C8H12N2O.xyz,2.5184141863680805,2.196236202643058
852,TS_ts_guess_77Rl_u_template_10-20_11-12.xyz,42,19,23,r1_C8FH7O3.xyz,r0_C8H12N2O.xyz,2.1789276932931942,2.5278743011668916
853,TS_ts_guess_Rtep7m_template_4-17_10-12.xyz,42,19,23,r1_C8FH7O3.xyz,r0_C8H12N2O.xyz,2.661277658757162,2.262485252062431
854,TS_ts_guess_8cpEhD_template_4-20_10-12.xyz,42,19,23,r1_C8FH7O3.xyz,r0_C8H12N2O.xyz,2.3800910519767937,2.3539804948639658
855,TS_ts_guess_6E4xkn_template_4-16_5-7.xyz,39,10,29,r0_C4ClH3O2.xyz,r1_C12H14O3.xyz,2.6509364554813457,2.516063968065995
856,TS_ts_guess_UzaTwB_template_4-14_5-7.xyz,39,10,29,r0_C4ClH3O2.xyz,r1_C12H14O3.xyz,2.9409865305879936,2.51989378843633
857,TS_ts_guess_aWdcEJ_template_4-20_11-14.xyz,41,24,17,r0_C8H10N2O4.xyz,r1_C7H8O2.xyz,2.865500364770523,2.1892701841938105
858,TS_ts_guess_G3iglC_template_4-9_17-18.xyz,41,24,17,r0_C8H10N2O4.xyz,r1_C7H8O2.xyz,2.379853792567938,2.4825024859806284
860,TS_ts_guess_Pbvo92_template_4-9_17-18.xyz,41,24,17,r0_C8H10N2O4.xyz,r1_C7H8O2.xyz,2.3899157287235044,2.45525327626296
862,TS_ts_guess_BhbCaz_template_4-16_10-12.xyz,47,23,24,r1_C9FH11O2.xyz,r0_C10H13N.xyz,2.7552734962975998,2.4959979402235093
863,TS_ts_guess_oxT1i7_template_3-4_12-13.xyz,31,18,13,r0_C7H7N3O.xyz,r1_BrC6FH4O.xyz,2.2349824948755193,2.668685906246743
864,TS_ts_guess_QxmPR7_template_3-4_12-13.xyz,31,18,13,r0_C7H7N3O.xyz,r1_BrC6FH4O.xyz,2.2348068403555597,2.6757876757695107
865,TS_VQNsdw_hl_ad_3-18_6-11.xyz,31,18,13,r0_C7H7N3O.xyz,r1_BrC6FH4O.xyz,2.2411742158297288,2.570310446677599
866,TS_YG8i6Y_ll_ad_3-18_6-11.xyz,31,18,13,r0_C7H7N3O.xyz,r1_BrC6FH4O.xyz,2.4023348627949437,2.4447337689818087
867,TS_ts_guess_2yXKLT_template_3-22_5-9.xyz,36,15,21,r0_C5H6N2O2.xyz,r1_C9F3H7O2.xyz,2.2481347880632065,2.7986236309300323
868,TS_ts_guess_D8Q6gj_template_3-18_5-9.xyz,36,15,21,r0_C5H6N2O2.xyz,r1_C9F3H7O2.xyz,2.250026638086758,2.5567731503009807
869,TS_ts_guess_zuwp4M_template_3-22_5-9.xyz,36,15,21,r0_C5H6N2O2.xyz,r1_C9F3H7O2.xyz,2.2619281265769695,2.7460350105561293
870,TS_ts_guess_nOEJ3H_template_3-19_5-9.xyz,36,15,21,r0_C5H6N2O2.xyz,r1_C9F3H7O2.xyz,2.3526322769612764,2.4661540920631864
871,TS_ts_guess_bQHfm3_template_4-22_8-15.xyz,37,24,13,r0_C11H9N3O.xyz,r1_C6ClH5O.xyz,2.5539642048000597,2.3630874865099685
872,TS_ts_guess_bKwgUm_template_4-22_8-15.xyz,37,24,13,r0_C11H9N3O.xyz,r1_C6ClH5O.xyz,2.678307404332072,2.2806481430944143
873,TS_ts_guess_gywhrH_template_4-21_8-15.xyz,37,24,13,r0_C11H9N3O.xyz,r1_C6ClH5O.xyz,2.778579863779337,2.3098764361973996
874,TS_ts_guess_5aOnyY_template_4-22_8-15.xyz,37,24,13,r0_C11H9N3O.xyz,r1_C6ClH5O.xyz,2.6643463895297095,2.3702944684152643
875,TS_ts_guess_84u0xQ_template_4-17_6-10.xyz,44,20,24,r0_C6H10N2O2.xyz,r1_C7H12O5.xyz,2.073423915025579,2.6060555923847826
876,TS_ts_guess_O_9htt_template_4-15_6-10.xyz,44,20,24,r0_C6H10N2O2.xyz,r1_C7H12O5.xyz,2.2233762471070886,2.3199344545482314
877,TS_ts_guess_vNFWIQ_template_10-20_11-12.xyz,43,19,24,r0_C8F3H7O.xyz,r1_C10H13N.xyz,2.4891256485360476,2.5733957105155825
878,TS_ts_guess_9Rw4R9_template_1-18_4-11.xyz,43,24,19,r1_C10H13N.xyz,r0_C8F3H7O.xyz,2.6856118581246995,2.5463805099984564
879,TS_ts_guess_rkxm2i_template_10-11_19-22.xyz,43,19,24,r0_C8F3H7O.xyz,r1_C10H13N.xyz,2.6076238408175363,2.471647056964242
880,TS_ts_guess_fUyqk7_template_1-21_4-11.xyz,43,24,19,r1_C10H13N.xyz,r0_C8F3H7O.xyz,2.60254477558024,2.6967815269687683
882,TS_ts_guess_j4o-1u_template_4-10_6-9.xyz,45,13,32,r0_C4H4N4O.xyz,r1_C12H18O2.xyz,2.453383788097574,2.7388771785715402
884,TS_ts_guess_7NoIFR_template_2-5_12-18.xyz,33,14,19,r1_C4Cl2H6O2.xyz,r0_C8H6N4O.xyz,2.309828206837037,2.2872963344088144
885,TS_ts_guess_Fc3T7G_template_4-18_6-11.xyz,37,18,19,r1_C6H7NO4.xyz,r0_C8FH7O3.xyz,2.403332725862152,2.25117849381163
886,TS_ts_guess_ezNgxj_template_10-18_11-12.xyz,37,19,18,r0_C8FH7O3.xyz,r1_C6H7NO4.xyz,2.4339052596598743,2.2067790571101584
887,TS_ts_guess_f63-xs_template_10-15_11-12.xyz,37,19,18,r0_C8FH7O3.xyz,r1_C6H7NO4.xyz,2.1346377766262825,2.4976738308073774
888,TS_xt5-HR_hl_ad_4-21_6-11.xyz,37,18,19,r1_C6H7NO4.xyz,r0_C8FH7O3.xyz,2.1866533201904685,2.6485621731611286
889,TS_ts_guess_sNZIts_template_4-16_10-11.xyz,42,23,19,r1_C9H12O2.xyz,r0_C7H7NO4.xyz,2.5933874746940533,2.0027384731911453
890,TS_ts_guess_CrB0-M_template_4-16_10-11.xyz,42,23,19,r1_C9H12O2.xyz,r0_C7H7NO4.xyz,2.201576803793136,2.1311675720599728
891,TS_ts_guess_F8orti_template_4-20_7-12.xyz,44,19,25,r0_C7H7N3O2.xyz,r1_C9H14O2.xyz,2.1672227441820557,2.663014551161897
892,TS_ts_guess_Zxz2Xv_template_4-17_6-14.xyz,40,25,15,r0_C8H11N3O3.xyz,r1_C9H5N.xyz,2.1696345697144483,2.619966977062879
893,TS_ye1p5g_ll_ad_4-21_6-14.xyz,40,25,15,r0_C8H11N3O3.xyz,r1_C9H5N.xyz,2.20747676168969,2.6676785100157776
894,TS_7cqxds_hl_ad_1-11_3-10.xyz,42,19,23,r0_C9H9N.xyz,r1_C9F4H10.xyz,2.5642406560227533,2.7975800005004325
895,TS_ts_guess__K45WU_template_1-11_3-10.xyz,42,19,23,r0_C9H9N.xyz,r1_C9F4H10.xyz,2.475435751054751,2.809384056532677
896,TS_ts_guess_OuBjMW_template_4-14_5-8.xyz,39,11,28,r0_C5H3NO2.xyz,r1_C9H13NO5.xyz,2.1923475118237987,2.501882121803503
897,TS_ts_guess_dFw2x0_template_4-18_5-8.xyz,39,11,28,r0_C5H3NO2.xyz,r1_C9H13NO5.xyz,2.4248858293536215,2.2667231639306995
899,TS_ts_guess_78NS_r_template_4-21_10-14.xyz,40,24,16,r1_C8H10N2O4.xyz,r0_C7FH7O.xyz,2.6521155807769765,2.33179333784107
900,TS_ts_guess_EM-Jxv_template_4-21_10-14.xyz,40,24,16,r1_C8H10N2O4.xyz,r0_C7FH7O.xyz,2.737210049703895,2.273461609308589
901,TS_ts_guess_IPeBN2_template_4-22_10-14.xyz,40,24,16,r1_C8H10N2O4.xyz,r0_C7FH7O.xyz,2.6510939976168326,2.2953599668243756
902,TS_ts_guess_vR8spZ_template_4-22_10-14.xyz,40,24,16,r1_C8H10N2O4.xyz,r0_C7FH7O.xyz,2.7410917241675805,2.2456324631381688
903,TS_ts_guess_22EI-f_template_4-13_5-9.xyz,40,16,24,r0_C6H7NO2.xyz,r1_C10H9N3O2.xyz,2.303938055959838,2.3856308046510466
904,TS_ts_guess_vaJIx6_template_4-21_5-9.xyz,40,16,24,r0_C6H7NO2.xyz,r1_C10H9N3O2.xyz,2.1584337230732844,2.436035311361475
905,TS_ts_guess_st_tLW_template_4-20_7-13.xyz,48,27,21,r1_C8H14N2O3.xyz,r0_C9H11N.xyz,2.5120535109945408,2.2820223060040408
906,TS_ts_guess_0q1DBA_template_4-21_7-13.xyz,48,27,21,r1_C8H14N2O3.xyz,r0_C9H11N.xyz,2.3271936424371735,2.4364308546314217
907,TS_ts_guess_gEaun7_template_4-17_5-10.xyz,44,20,24,r0_C6H10N2O2.xyz,r1_C8H11N3O2.xyz,2.1489627954899544,2.3310870439346534
908,TS_ts_guess_V1vI5F_template_2-17_3-5.xyz,47,11,36,r0_C4H6O.xyz,r1_C17H17NO.xyz,2.147735289787827,2.693479763911361
909,TS_S0p-i6_ll_ad_2-14_3-5.xyz,47,11,36,r0_C4H6O.xyz,r1_C17H17NO.xyz,2.3338576010116814,2.362681128675641
910,TS_ts_guess_B0_XbG_template_4-20_6-12.xyz,46,24,22,r0_C7H12N2O3.xyz,r1_C9H11NO.xyz,2.2447307763070383,2.485757431126376
911,TS_ts_guess_wOrpn3_template_4-20_6-12.xyz,46,24,22,r0_C7H12N2O3.xyz,r1_C9H11NO.xyz,2.3024299366104497,2.3765477624066387
912,TS_ts_guess_LXu5f4_template_4-17_9-10.xyz,40,17,23,r0_C5H7N3O2.xyz,r1_C9ClH11O2.xyz,2.3595396627732277,1.9896687367247845
913,TS_ts_guess_njQ3kn_template_4-20_9-10.xyz,40,17,23,r0_C5H7N3O2.xyz,r1_C9ClH11O2.xyz,2.1866625035656506,2.152955420369869
914,TS_ts_guess_zcz4lv_template_4-11_12-19.xyz,48,34,14,r1_C13H18N2O.xyz,r0_C8H6.xyz,2.181085056892555,2.599719779630105
915,TS_ts_guess_ufkuih_template_4-11_18-19.xyz,48,34,14,r1_C13H18N2O.xyz,r0_C8H6.xyz,2.8963971618029185,2.0526424548858966
916,TS_ts_guess_g31UfR_template_4-11_5-7.xyz,48,14,34,r0_C5H7NO.xyz,r1_C16H17N.xyz,2.8419130043335246,2.3593576493825603
917,TS_ts_guess_Sy8zZ5_template_4-22_5-7.xyz,48,14,34,r0_C5H7NO.xyz,r1_C16H17N.xyz,2.4347720912027886,2.4880463177963548
918,TS_ts_guess_pM4p54_template_4-11_17-19.xyz,41,28,13,r0_C12H12N2O2.xyz,r1_C6FH5O.xyz,2.570264889948116,2.4561167155898764
919,TS_ts_guess_AYa9K-_template_4-22_13-16.xyz,41,28,13,r0_C12H12N2O2.xyz,r1_C6FH5O.xyz,2.733400499451187,2.314808326471114
920,TS_ts_guess_NVYeCn_template_4-11_18-19.xyz,41,28,13,r0_C12H12N2O2.xyz,r1_C6FH5O.xyz,2.6732370653385757,2.328406901488655
921,TS_ts_guess_FZ8DtZ_template_4-11_18-19.xyz,41,28,13,r0_C12H12N2O2.xyz,r1_C6FH5O.xyz,2.5084022028574284,2.415493539817484
922,TS_ts_guess_CeVXO3_template_4-16_10-12.xyz,44,24,20,r0_C9FH12NO.xyz,r1_C7H9NO3.xyz,2.5936188156319346,2.3332064452165393
923,TS_ts_guess_7UF2e1_template_4-20_10-12.xyz,44,24,20,r0_C9FH12NO.xyz,r1_C7H9NO3.xyz,2.4361640277493635,2.4980164003865144
924,TS_z4ceOk_ll_ad_1-21_4-13.xyz,40,24,16,r0_C10H11N3.xyz,r1_C8F3H5.xyz,1.9660779885599655,2.6180434009771494
925,TS_R8mdyS_ll_ad_1-16_4-13.xyz,40,24,16,r0_C10H11N3.xyz,r1_C8F3H5.xyz,2.218263244026732,2.216020110490877
926,TS_ts_guess_F61KqN_template_4-21_9-13.xyz,41,22,19,r0_C8H9NO4.xyz,r1_C9H8N2.xyz,2.5134515692966914,2.546896535570301
927,TS_ts_guess_FaFxyx_template_4-18_6-13.xyz,36,23,13,r0_C8H10N2O3.xyz,r1_C5F3H3O2.xyz,2.1894334761988086,2.72882731042109
928,TS_4cGKps_ll_ad_4-18_6-13.xyz,36,23,13,r0_C8H10N2O3.xyz,r1_C5F3H3O2.xyz,2.2542468242408593,2.568094914153291
929,TS_ts_guess_kces1t_template_2-6_7-20.xyz,40,17,23,r0_C7H6N4.xyz,r1_C11H9N3.xyz,2.3104782136388993,2.438333506024145
930,TS_ts_guess_hCThwy_template_2-6_7-20.xyz,40,17,23,r0_C7H6N4.xyz,r1_C11H9N3.xyz,2.413852904010516,2.3777604595501205
931,TS_ts_guess_p-3M9Z_template_4-19_6-7.xyz,42,13,29,r1_C4H6N2O.xyz,r0_C14H12O3.xyz,2.400622752995564,2.5485138463033707
932,TS_ts_guess_1ev_Ta_template_4-17_6-7.xyz,42,13,29,r1_C4H6N2O.xyz,r0_C14H12O3.xyz,2.2159391743682857,2.695491162311611
934,TS_ts_guess_rjuKja_template_4-23_6-7.xyz,42,13,29,r1_C4H6N2O.xyz,r0_C14H12O3.xyz,2.4077880181403017,2.6132823374063507
935,TS_ts_guess_yZDkHa_template_4-22_10-12.xyz,41,23,18,r1_C6H11N3O3.xyz,r0_C8FH7O2.xyz,2.2890353457734114,2.1601324050390986
936,TS_ts_guess_wWqW79_template_4-19_10-12.xyz,41,23,18,r1_C6H11N3O3.xyz,r0_C8FH7O2.xyz,2.7534873121915777,2.0420741730407346
939,TS_ts_guess_ChREWl_template_4-19_6-11.xyz,44,18,26,r0_C6H7NO4.xyz,r1_C10H14O2.xyz,2.0518635784330304,2.365105294844185
940,TS_ts_guess_Wk_alS_template_4-20_6-11.xyz,44,18,26,r0_C6H7NO4.xyz,r1_C10H14O2.xyz,2.0347244649091927,2.4535412914601618
941,TS_ts_guess_z-kYxy_template_4-17_5-12.xyz,43,21,22,r1_C10H9NO.xyz,r0_C8H10N2O2.xyz,2.4274567779468286,2.1938567385770655
942,TS_ts_guess_CxCTs9_template_4-21_5-12.xyz,43,21,22,r1_C10H9NO.xyz,r0_C8H10N2O2.xyz,2.0064639859713402,2.8475103119040672
943,TS_ts_guess_DyTHx5_template_4-9_12-19.xyz,41,22,19,r0_C8H8N4O2.xyz,r1_C8H9NO.xyz,2.3498655002574083,2.8865798923466506
944,TS_ts_guess_wB2IYp_template_4-9_17-19.xyz,41,22,19,r0_C8H8N4O2.xyz,r1_C8H9NO.xyz,2.382534140489911,2.284784385450846
945,TS_ts_guess__5Lqb8_template_2-19_6-13.xyz,40,20,20,r1_C10H7N3.xyz,r0_C8F3H9.xyz,2.491533117279399,2.0748345854549464
946,TS_ts_guess_iT1lpf_template_2-23_6-13.xyz,40,20,20,r1_C10H7N3.xyz,r0_C8F3H9.xyz,2.3043190816160855,2.2784526623566266
947,TS_ts_guess_k5XCEz_template_4-7_10-12.xyz,39,31,8,r0_C10H13N3O5.xyz,r1_C3FH3O.xyz,2.6518688008459246,2.2820541206115164
948,TS_ts_guess_I2YDob_template_4-7_9-12.xyz,39,31,8,r0_C10H13N3O5.xyz,r1_C3FH3O.xyz,2.3064157911573533,2.5404004890174305
949,TS_ts_guess_vCO4z6_template_4-5_6-7.xyz,48,16,32,r1_C4H8N2O2.xyz,r0_C13H17NO.xyz,2.256536212007244,2.080917239608534
950,TS_ts_guess_7YtI1p_template_4-5_6-7.xyz,48,16,32,r1_C4H8N2O2.xyz,r0_C13H17NO.xyz,2.2291415896932163,2.1231363849974403
951,TS_ts_guess_bFIP1U_template_4-20_10-17.xyz,44,32,12,r1_C13H15NO3.xyz,r0_C4F2H6.xyz,2.551742904291104,2.0449099373077537
952,TS_ts_guess_gvqVpn_template_4-21_7-10.xyz,34,18,16,r0_C6H8N2O2.xyz,r1_C7ClF3H4O.xyz,2.5714154454307847,2.5515861061308516
953,TS_ts_guess_92cb7w_template_4-17_7-10.xyz,34,18,16,r0_C6H8N2O2.xyz,r1_C7ClF3H4O.xyz,2.7489584409008443,2.5882804472081458
954,TS_ts_guess_KGM_fi_template_4-21_7-10.xyz,34,18,16,r0_C6H8N2O2.xyz,r1_C7ClF3H4O.xyz,2.64339543861678,2.71517311098206
955,TS_ts_guess_jvFe34_template_4-20_7-10.xyz,34,18,16,r0_C6H8N2O2.xyz,r1_C7ClF3H4O.xyz,2.7260930351328803,2.6438400691040296
956,TS_ts_guess_lGE1wY_template_4-22_6-11.xyz,38,19,19,r0_C4H8N4O3.xyz,r1_C8FH7O3.xyz,2.2183737353520936,2.042487703953196
957,TS_i1yJrx_ll_ad_4-21_6-11.xyz,38,19,19,r0_C4H8N4O3.xyz,r1_C8FH7O3.xyz,2.1677060367356087,2.2557604152480377
958,TS_ts_guess__KF-RX_template_4-22_6-11.xyz,38,19,19,r0_C4H8N4O3.xyz,r1_C8FH7O3.xyz,2.260923202698402,2.171905573453874
959,TS_9WH9sy_hl_ad_4-18_6-11.xyz,38,19,19,r0_C4H8N4O3.xyz,r1_C8FH7O3.xyz,2.391981249215804,1.969259026359915
960,TS_ts_guess_MHr9lF_template_3-6_10-19.xyz,38,18,20,r0_C8H6N2O2.xyz,r1_C10H7N3.xyz,2.0548610578333517,2.752048173433743
961,TS_ts_guess_1oZEgB_template_4-21_9-13.xyz,44,23,21,r0_C8H10N2O3.xyz,r1_C8FH11O.xyz,2.6230510993688245,2.7213231355537326
962,TS_ts_guess_fgIgu1_template_4-20_9-13.xyz,44,23,21,r0_C8H10N2O3.xyz,r1_C8FH11O.xyz,2.8391522031761527,2.5930660843680786
963,TS_ts_guess_IwaX5k_template_4-20_6-11.xyz,41,19,22,r1_C5H8N4O2.xyz,r0_C9ClH11O.xyz,2.188695955814786,2.6862463816262276
964,TS_ts_guess_1TSZDa_template_4-18_6-11.xyz,41,19,22,r1_C5H8N4O2.xyz,r0_C9ClH11O.xyz,2.3530635076852473,2.3276363365654866
965,TS_ts_guess_9ebwzP_template_4-21_8-13.xyz,38,20,18,r0_C7H7N3O3.xyz,r1_C8H7NO2.xyz,2.4883331700759044,2.026579458965278
966,TS_ts_guess_3TJtkj_template_4-21_8-11.xyz,38,20,18,r0_C7H7N3O3.xyz,r1_C8H7NO2.xyz,2.404716212903302,2.1575831647934223
967,TS_ts_guess_tesmow_template_4-21_8-13.xyz,38,20,18,r0_C7H7N3O3.xyz,r1_C8H7NO2.xyz,2.4367509400223897,2.0932481770444706
968,TS_ts_guess_34zzu-_template_4-21_8-11.xyz,38,20,18,r0_C7H7N3O3.xyz,r1_C8H7NO2.xyz,2.408190038805077,2.154099762801157
969,TS_ts_guess_FnM4lu_template_12-19_13-14.xyz,49,27,22,r1_C11H13NO2.xyz,r0_C7H13NO.xyz,2.5371267709359735,2.354953472194302
970,TS_ts_guess_c_Tr2z_template_12-20_13-14.xyz,49,27,22,r1_C11H13NO2.xyz,r0_C7H13NO.xyz,2.4003309931965635,2.477040640663774
971,TS_yV-pd1_ll_ad_4-11_5-7.xyz,48,14,34,r0_C5H7NO.xyz,r1_C16H17N.xyz,2.746153730620338,2.1865446160780713
972,TS_ts_guess_Os1z9c_template_4-21_5-7.xyz,48,14,34,r0_C5H7NO.xyz,r1_C16H17N.xyz,2.404946969851934,2.3317163163858505
973,TS_ts_guess_OanA3M_template_4-17_8-9.xyz,43,12,31,r0_C4H3N3O2.xyz,r1_C14H16O.xyz,2.5167316341239085,2.0059590963177687
974,TS_ts_guess_TGFSJs_template_4-21_8-9.xyz,43,12,31,r0_C4H3N3O2.xyz,r1_C14H16O.xyz,2.539037275858706,2.0218348136531827
975,TS_upruRV_ll_ad_4-18_9-15.xyz,37,25,12,r1_C9H10N4O2.xyz,r0_C4Cl2H6.xyz,2.371989596372632,2.4966522406614824
976,TS_ts_guess_pvCPxt_template_4-21_10-11.xyz,43,19,24,r1_C5H8N4O2.xyz,r0_C9FH12NO.xyz,2.2511194821466054,2.2033121057852876
977,TS_ts_guess_0Fx90N_template_4-18_10-11.xyz,43,19,24,r1_C5H8N4O2.xyz,r0_C9FH12NO.xyz,2.379095101714095,2.0461070263796075
978,TS_ts_guess_WlhCWq_template_4-15_9-10.xyz,48,18,30,r0_C6H8O4.xyz,r1_C12H17N.xyz,3.2294345845054675,3.1810183937380807
980,TS_ts_guess_JmgjEc_template_3-16_5-7.xyz,32,14,18,r1_C5H7NO.xyz,r0_C6F9H3.xyz,2.1991559536785927,2.9115231810171114
981,TS_ts_guess_lRT4GB_template_3-13_5-7.xyz,32,14,18,r1_C5H7NO.xyz,r0_C6F9H3.xyz,2.320137840689643,2.5611159876116503
982,TS_ts_guess_s-WMK0_template_2-3_13-15.xyz,41,21,20,r1_C9H11N.xyz,r0_C8ClF3H8.xyz,2.6459490822765277,2.5820103845259803
983,TS_ts_guess_dMLSY2_template_2-3_10-15.xyz,41,21,20,r1_C9H11N.xyz,r0_C8ClF3H8.xyz,2.5899765593726904,2.7676804025934785
984,TS_ts_guess_hesekk_template_4-23_8-13.xyz,39,16,23,r1_C7H3N3O3.xyz,r0_C9H12O2.xyz,2.5380484853130763,2.7521188319365866
985,TS_ts_guess_LpKgRQ_template_4-19_8-13.xyz,39,16,23,r1_C7H3N3O3.xyz,r0_C9H12O2.xyz,2.6650252306873194,2.5728076644980673
986,TS_ts_guess_yhKQoB_template_1-3_5-12.xyz,47,32,15,r0_C16H16.xyz,r1_C7H6N2.xyz,2.268036342147101,2.403688138923184
987,TS_ts_guess_LOcAEN_template_1-3_11-12.xyz,47,32,15,r0_C16H16.xyz,r1_C7H6N2.xyz,2.2531819799785366,2.4600950084702013
988,TS_ts_guess_YoPciq_template_4-18_7-9.xyz,49,21,28,r0_C6H12N2O.xyz,r1_C11H14O3.xyz,2.47362228559657,2.63827806324504
989,TS_ts_guess_FJt0F-_template_4-19_7-9.xyz,49,21,28,r0_C6H12N2O.xyz,r1_C11H14O3.xyz,2.535147643550568,2.2979596225782557
990,TS_ts_guess_vrIDrk_template_4-20_8-18.xyz,39,31,8,r0_C13H13N3O2.xyz,r1_C3ClH3O.xyz,2.3316531331225065,2.436101595972549
991,TS_ts_guess_HK7t8b_template_4-21_8-18.xyz,39,31,8,r0_C13H13N3O2.xyz,r1_C3ClH3O.xyz,2.3858819485464906,2.454222718234839
994,TS_ts_guess_fOZekz_template_2-12_8-10.xyz,34,17,17,r1_BrC7H7O2.xyz,r0_C9H6N2.xyz,2.9582011731794036,2.359661468876415
995,TS_ts_guess_MPhOmW_template_8-12_9-10.xyz,34,17,17,r1_BrC7H7O2.xyz,r0_C9H6N2.xyz,3.0740860721359122,2.18744368215504
996,TS_ts_guess_X80dPz_template_2-3_5-14.xyz,34,17,17,r1_BrC7H7O2.xyz,r0_C9H6N2.xyz,2.3037888928024635,2.8420678044515406
997,TS_ts_guess_OY8PwY_template_8-9_11-20.xyz,34,17,17,r1_BrC7H7O2.xyz,r0_C9H6N2.xyz,2.3993261235813694,2.7283240372067246
1000,TS_ts_guess_2xvHca_template_4-20_11-12.xyz,41,24,17,r0_C7H12N2O3.xyz,r1_C7ClH7O2.xyz,2.8483341620849196,2.1587560249829068
1001,TS_ts_guess_RBsQhL_template_4-19_11-12.xyz,41,24,17,r0_C7H12N2O3.xyz,r1_C7ClH7O2.xyz,2.9524444648460366,2.227853260450517
1002,TS_ts_guess_Ve7x0l_template_4-9_18-19.xyz,41,24,17,r0_C7H12N2O3.xyz,r1_C7ClH7O2.xyz,2.783277240394855,2.250068728394757
1003,TS_ts_guess_suBMi4_template_4-9_18-19.xyz,41,24,17,r0_C7H12N2O3.xyz,r1_C7ClH7O2.xyz,2.7907428176204268,2.2492079818015944
1004,TS_ts_guess_AyCdxF_template_3-22_11-13.xyz,46,25,21,r1_C11H12O2.xyz,r0_C9H10O2.xyz,2.716845148402831,2.4384675069805626
1005,TS_ts_guess_J9DodZ_template_9-14_10-11.xyz,46,21,25,r0_C9H10O2.xyz,r1_C11H12O2.xyz,2.6400829153267136,2.594384756430703
1006,TS_ts_guess_Mt7Dt3_template_9-10_13-23.xyz,46,21,25,r0_C9H10O2.xyz,r1_C11H12O2.xyz,2.639419383008316,2.7441236541562772
1007,TS_ts_guess_h6_vQx_template_3-20_11-13.xyz,46,25,21,r1_C11H12O2.xyz,r0_C9H10O2.xyz,2.800484076905277,2.375754235521848
1009,TS_ts_guess_pP4naR_template_12-19_13-14.xyz,40,25,15,r1_C10Cl2H11NO.xyz,r0_C5H8O2.xyz,2.5552800368844117,2.7301317998404397
1010,TS_ts_guess_ZZRX2M_template_4-18_9-11.xyz,43,20,23,r0_C7H9NO3.xyz,r1_C9F3H11.xyz,2.8540807362441587,2.091515071186435
1011,TS_ts_guess_deejct_template_4-21_9-11.xyz,43,20,23,r0_C7H9NO3.xyz,r1_C9F3H11.xyz,2.869325457036897,2.174327395793927
1012,TS_ts_guess_q5xMb__template_2-5_13-18.xyz,43,18,25,r1_C5ClH9O3.xyz,r0_C10H12N2O.xyz,2.3529076029032674,2.156895380054397
1013,TS_ts_guess_zlg-M4_template_2-4_12-17.xyz,43,18,25,r1_C5ClH9O3.xyz,r0_C10H12N2O.xyz,2.0954778932262683,2.4348934591476485
1014,TS_ts_guess_QG1wWp_template_4-21_6-13.xyz,44,23,21,r0_C10H10N2O.xyz,r1_C8H10O3.xyz,2.367255381850467,2.7933997319037602
1015,TS_ts_guess_E4aSSy_template_4-23_6-13.xyz,44,23,21,r0_C10H10N2O.xyz,r1_C8H10O3.xyz,2.337848950060718,2.5940230904716324
1016,TS_alYyVR_ll_ad_4-17_10-13.xyz,37,19,18,r0_C7H6N2O4.xyz,r1_C5ClH9O3.xyz,4.15797639913937,2.4930259056215203
1018,TS_ts_guess_laWOPS_template_4-20_6-13.xyz,41,24,17,r0_C8H11NO4.xyz,r1_C7ClFH8.xyz,2.4127229248506756,2.399982557728285
1019,TS_ts_guess_jtCDVv_template_4-20_6-13.xyz,41,24,17,r0_C8H11NO4.xyz,r1_C7ClFH8.xyz,2.1007268454989574,2.641092810050415
1020,TS_ts_guess_jwnmiB_template_4-20_10-14.xyz,41,25,16,r0_C10H11NO3.xyz,r1_C6H6N2O2.xyz,2.4931710490457726,2.04211594433323
1021,TS_ts_guess_z52fAY_template_12-19_13-14.xyz,41,25,16,r0_C10H11NO3.xyz,r1_C6H6N2O2.xyz,2.1996724299995214,2.4463486967519574
1022,TS_ts_guess_JchQL6_template_4-19_10-14.xyz,41,25,16,r0_C10H11NO3.xyz,r1_C6H6N2O2.xyz,2.219484464171804,2.866623976474766
1023,TS_ts_guess_yNid4O_template_12-20_13-14.xyz,41,25,16,r0_C10H11NO3.xyz,r1_C6H6N2O2.xyz,2.504193151196609,2.1388251828048035
1025,TS_ts_guess_p1XsxR_template_1-18_3-16.xyz,44,30,14,r0_C14H14N2.xyz,r1_C8FH5.xyz,2.552181829494129,2.202950537324885
1026,TS_ts_guess__8o-h__template_4-18_10-15.xyz,37,26,11,r0_C8H11N3O4.xyz,r1_C4F3H3O.xyz,2.785851293967429,2.217271586251896
1027,TS_ts_guess_i_YMyl_template_4-20_10-15.xyz,37,26,11,r0_C8H11N3O4.xyz,r1_C4F3H3O.xyz,2.545009273087232,2.3368541679788235
1028,TS_ts_guess_VKmo1M_template_3-18_5-6.xyz,44,11,33,r0_C4H5NO.xyz,r1_C18H14O.xyz,2.677174271354034,2.289112713476556
1029,TS_ts_guess_0-XcQe_template_3-24_5-6.xyz,44,11,33,r0_C4H5NO.xyz,r1_C18H14O.xyz,2.713873157131703,2.377708853791818
1030,TS_ts_guess_tnN_xn_template_4-5_7-15.xyz,43,24,19,r1_C9ClH12NO.xyz,r0_C6H9NO3.xyz,2.058661632833332,2.891434078169516
1031,TS_ts_guess_nNJ4d1_template_4-14_10-12.xyz,43,24,19,r1_C9ClH12NO.xyz,r0_C6H9NO3.xyz,2.6553538364782954,2.0925056859182005
1032,TS_ts_guess_F5os1__template_4-22_10-13.xyz,42,21,21,r1_C7H8N4O2.xyz,r0_C9H10O2.xyz,2.6370758286594644,2.3302680992538174
1033,TS_ts_guess_1DCHwR_template_4-20_10-13.xyz,42,21,21,r1_C7H8N4O2.xyz,r0_C9H10O2.xyz,2.8322820443239762,2.2878129487788113
1034,TS_ts_guess_luIo68_template_4-23_10-13.xyz,42,21,21,r1_C7H8N4O2.xyz,r0_C9H10O2.xyz,2.677460803914784,2.3658739461349163
1035,TS_ts_guess_C8MZB5_template_4-23_10-13.xyz,42,21,21,r1_C7H8N4O2.xyz,r0_C9H10O2.xyz,2.7005965877931493,2.3515859523734193
1036,TS_ts_guess_ynn91f_template_4-19_10-12.xyz,41,24,17,r1_C9ClH12NO.xyz,r0_C7H6N4.xyz,2.2435919934337436,2.393850032123984
1037,TS_ts_guess_Rk_9aH_template_4-18_10-12.xyz,41,24,17,r1_C9ClH12NO.xyz,r0_C7H6N4.xyz,2.4823356271664796,2.2228543073040123
1040,TS_ts_guess_UkGwlb_template_4-22_8-11.xyz,35,16,19,r0_C6H5N3O2.xyz,r1_C8ClH7O3.xyz,2.60150327966351,2.535233028046929
1041,TS_ts_guess_SY1ZMV_template_4-18_8-11.xyz,35,16,19,r0_C6H5N3O2.xyz,r1_C8ClH7O3.xyz,2.719549151605832,2.547344518905913
1042,TS_ts_guess_6LifXS_template_4-22_8-11.xyz,35,16,19,r0_C6H5N3O2.xyz,r1_C8ClH7O3.xyz,2.573457088587257,2.635803237914393
1043,TS_ts_guess_Xxn1d8_template_4-21_8-11.xyz,35,16,19,r0_C6H5N3O2.xyz,r1_C8ClH7O3.xyz,2.816075497034836,2.589631430860384
1044,TS_ts_guess__xhVHA_template_4-18_10-13.xyz,42,24,18,r1_C9H11NO3.xyz,r0_C7H7NO3.xyz,2.482357204956611,2.4820858681560556
1045,TS_ts_guess_NyMJha_template_11-12_17-23.xyz,42,24,18,r1_C9H11NO3.xyz,r0_C7H7NO3.xyz,2.3669433901553285,3.035081518789899
1046,TS_ts_guess_lIjk7P_template_4-20_10-13.xyz,42,24,18,r1_C9H11NO3.xyz,r0_C7H7NO3.xyz,2.4655349439421865,3.3555903242946687
1048,TS_ts_guess_clNrmL_template_4-9_6-8.xyz,44,15,29,r1_C4H7NO3.xyz,r0_C11F2H14O2.xyz,2.9144328206187904,2.6537710451921055
1049,TS_ts_guess_SvYY5k_template_4-9_6-8.xyz,44,15,29,r1_C4H7NO3.xyz,r0_C11F2H14O2.xyz,2.4375838686904703,2.528107107382913
1050,TS_ts_guess_mwnw6x_template_4-20_10-12.xyz,42,24,18,r0_C9FH12NO.xyz,r1_C7H6N2O3.xyz,2.52094401750614,2.5875875256500986
1051,TS_ts_guess_P7oyXA_template_4-17_10-12.xyz,42,24,18,r0_C9FH12NO.xyz,r1_C7H6N2O3.xyz,2.6092569757308306,2.5046864858101503
1052,TS_ts_guess_Kdo18f_template_4-19_10-12.xyz,40,23,17,r0_C7H11N3O2.xyz,r1_C9F3H5.xyz,2.4722226234908535,2.343843962575154
1053,TS_ts_guess_9VvyEy_template_4-17_10-12.xyz,40,23,17,r0_C7H11N3O2.xyz,r1_C9F3H5.xyz,2.7252920439651964,2.296341235988241
1054,TS_ts_guess_-qSRyG_template_4-5_7-17.xyz,46,23,23,r1_C9FH11O2.xyz,r0_C10H11NO.xyz,2.279451028581224,2.461976956715883
1055,TS_ts_guess__G69tz_template_4-14_10-12.xyz,46,23,23,r1_C9FH11O2.xyz,r0_C10H11NO.xyz,2.873390748158002,2.2008178922618744
1056,TS_ts_guess_C6achp_template_4-6_9-17.xyz,41,20,21,r0_C6F2H8N2O2.xyz,r1_C7H10O4.xyz,2.236833723592346,2.559707239002148
1057,TS_ts_guess_BiSp3V_template_4-22_12-15.xyz,45,24,21,r1_C11H9N3O.xyz,r0_C9H11N.xyz,2.8874725133929844,2.179625235814634
1058,TS_ts_guess_kEf6px_template_4-23_12-15.xyz,45,24,21,r1_C11H9N3O.xyz,r0_C9H11N.xyz,2.6216692627026776,2.2419397806364025
1059,TS_ts_guess_HsXg2y_template_4-16_10-12.xyz,41,23,18,r0_C9FH11O2.xyz,r1_C10H5N3.xyz,2.8152878067082234,2.235930970781522
1060,TS_ts_guess_SkgQi5_template_4-5_9-18.xyz,41,23,18,r0_C9FH11O2.xyz,r1_C10H5N3.xyz,2.1578812458520513,2.859251226772492
1061,TS_ts_guess_-0pKZc_template_13-18_14-15.xyz,37,22,15,r1_C9F3H7O3.xyz,r0_C6H6N2O.xyz,2.840003773606648,2.119748233163552
1062,TS_ts_guess_1CAlx3_template_4-5_8-14.xyz,37,22,15,r1_C9F3H7O3.xyz,r0_C6H6N2O.xyz,2.1955958770912285,2.709512021545577
1063,TS_ts_guess_7atSxA_template_4-18_10-15.xyz,37,22,15,r1_C9F3H7O3.xyz,r0_C6H6N2O.xyz,2.677679877300496,2.304359578060681
1064,TS_ts_guess_1o6ktJ_template_13-14_17-23.xyz,37,22,15,r1_C9F3H7O3.xyz,r0_C6H6N2O.xyz,2.269072502874247,2.6926604107090815
1065,TS_ts_guess_aIFDHn_template_4-20_10-13.xyz,45,24,21,r1_C8H11N3O2.xyz,r0_C9H10O2.xyz,2.79131360384318,2.1365506429289245
1067,TS_ts_guess_z_M2vn_template_4-8_18-19.xyz,45,24,21,r1_C8H11N3O2.xyz,r0_C9H10O2.xyz,2.699344109853355,2.291513371900762
1068,TS_ts_guess_zg04ek_template_4-22_10-13.xyz,45,24,21,r1_C8H11N3O2.xyz,r0_C9H10O2.xyz,2.5977800734665744,2.0866346422888697
1069,TS_ts_guess_3lij8z_template_9-18_10-11.xyz,42,19,23,r1_C8H8O3.xyz,r0_C8H10N2O3.xyz,2.2480586117136716,2.479041708604355
1070,TS_ts_guess_iQLoiA_template_9-18_10-11.xyz,42,19,23,r1_C8H8O3.xyz,r0_C8H10N2O3.xyz,2.4460264888181404,2.3089885240078605
1071,TS_ts_guess_i9RwLZ_template_4-19_7-13.xyz,42,23,19,r0_C8H10N2O3.xyz,r1_C8H8O3.xyz,2.469697047210447,2.2540459972458415
1072,TS_ts_guess_IY108H_template_4-23_7-13.xyz,42,23,19,r0_C8H10N2O3.xyz,r1_C8H8O3.xyz,2.2166246505441554,2.5836742097447187
1073,TS_RGk51p_hl_ad_4-21_8-17.xyz,40,26,14,r1_C12H9N3O2.xyz,r0_C6H6O2.xyz,2.30302732241717,2.3205708996063876
1074,TS_ts_guess_4XnaVJ_template_4-9_6-8.xyz,50,15,35,r0_C3H7N3O2.xyz,r1_C13H20O2.xyz,2.867414482857335,2.5250083261050844
1075,TS_ts_guess_bmb2Jn_template_4-9_6-8.xyz,50,15,35,r0_C3H7N3O2.xyz,r1_C13H20O2.xyz,2.7194942753019355,2.6320748639428935
1080,TS_ts_guess_bHf663_template_4-19_10-12.xyz,48,27,21,r1_C10H15NO.xyz,r0_C8H9N3O.xyz,2.3327802129219117,2.4050356224180964
1081,TS_ts_guess_yFR4dl_template_4-19_10-12.xyz,48,27,21,r1_C10H15NO.xyz,r0_C8H9N3O.xyz,2.42307315747998,2.29786065178026
1082,TS_ts_guess_sqe7R1_template_4-20_7-13.xyz,48,28,20,r1_C8H15N3O2.xyz,r0_C8ClH11.xyz,2.387390222418614,2.501460373981567
1083,TS_ts_guess_lNGuUU_template_4-20_7-13.xyz,48,28,20,r1_C8H15N3O2.xyz,r0_C8ClH11.xyz,2.357718760433483,2.5507702692716174
1084,TS_ts_guess_dRGwtx_template_4-18_10-11.xyz,44,21,23,r1_C6H10N2O3.xyz,r0_C9F3H11.xyz,2.3469263594966074,1.9692187904852017
1085,TS_ts_guess_BErDVx_template_4-21_10-11.xyz,44,21,23,r1_C6H10N2O3.xyz,r0_C9F3H11.xyz,2.2239115744336595,2.1113440603558673
1086,TS_0-C7ox_ll_ad_12-17_13-14.xyz,40,24,16,r0_C10H10O4.xyz,r1_C5H6N2O3.xyz,2.7908624349293896,2.2034446130320586
1087,TS_ts_guess_6aOGY7_template_4-19_8-10.xyz,40,16,24,r1_C5H6N2O3.xyz,r0_C10H10O4.xyz,2.727367174510979,2.4808193337282747
1088,TS_v9YXYi_ll_ad_12-22_13-14.xyz,40,24,16,r0_C10H10O4.xyz,r1_C5H6N2O3.xyz,2.2387605072896926,2.7469934465520662
1089,TS_ts_guess_JTQ_xh_template_4-20_8-10.xyz,40,16,24,r1_C5H6N2O3.xyz,r0_C10H10O4.xyz,2.830454466477071,2.188603596405708
1090,TS_ts_guess_N2Aran_template_4-9_12-17.xyz,46,28,18,r0_C9H13N3O3.xyz,r1_C5H10O3.xyz,2.166979184233204,2.6288690754390944
1092,TS_ts_guess_o8AiRI_template_4-22_8-12.xyz,35,16,19,r1_C6H4N2O4.xyz,r0_C8F3H7O.xyz,2.260713620629557,2.588126844592436
1093,TS_ts_guess_pBLB0O_template_4-23_8-12.xyz,35,16,19,r1_C6H4N2O4.xyz,r0_C8F3H7O.xyz,2.2598480975499218,2.6429185852954302
1094,TS_ts_guess_gkrNQI_template_4-19_8-12.xyz,35,16,19,r1_C6H4N2O4.xyz,r0_C8F3H7O.xyz,2.291995498010413,2.6417182813653692
1095,TS_ts_guess_ME7mYx_template_4-23_8-12.xyz,35,16,19,r1_C6H4N2O4.xyz,r0_C8F3H7O.xyz,2.2476810151798676,2.633590172995791
1096,TS_ts_guess_NQGx7W_template_4-21_9-12.xyz,45,19,26,r0_C6H7N5O.xyz,r1_C10H14O2.xyz,2.906232291541748,1.8966254396954607
1097,TS_ts_guess_FrxrIJ_template_4-20_9-12.xyz,45,19,26,r0_C6H7N5O.xyz,r1_C10H14O2.xyz,2.224566035117861,2.068257591548983
1098,TS_ts_guess_4fsF0j_template_4-21_8-11.xyz,46,27,19,r1_C8H16N2O.xyz,r0_C8F3H7O.xyz,2.6009256800224034,2.5126165946677976
1099,TS_ts_guess_ded5NY_template_4-6_17-18.xyz,46,27,19,r1_C8H16N2O.xyz,r0_C8F3H7O.xyz,2.6679025951109985,2.377993759243283
1100,TS_ts_guess_uuv0HG_template_4-18_8-11.xyz,46,27,19,r1_C8H16N2O.xyz,r0_C8F3H7O.xyz,2.760043665560384,2.4220853493838734
1101,TS_ts_guess_-SZepn_template_4-6_17-18.xyz,46,27,19,r1_C8H16N2O.xyz,r0_C8F3H7O.xyz,2.6997046339368316,2.3613441002530737
1105,TS_ts_guess_wOyS5o_template_4-16_8-11.xyz,35,15,20,r0_C6H4N4O.xyz,r1_C8H6N2O4.xyz,2.489888579294262,2.173200494685201
1106,TS_ts_guess_gzFNUT_template_4-17_10-12.xyz,45,24,21,r1_C9FH12NO.xyz,r0_C8H9N3O.xyz,2.476415888759398,1.945591186709068
1107,TS_ts_guess_OR4YfA_template_4-20_10-12.xyz,45,24,21,r1_C9FH12NO.xyz,r0_C8H9N3O.xyz,2.330374718645051,1.9721323302963216
1108,TS_ts_guess_gZknXS_template_4-19_8-11.xyz,33,15,18,r0_C5H4N4O2.xyz,r1_BrC8H8N.xyz,2.429726829583935,2.4226618494953027
1109,TS_ts_guess_8QDUDT_template_4-18_8-11.xyz,33,15,18,r0_C5H4N4O2.xyz,r1_BrC8H8N.xyz,2.4887339748554886,2.3820019808975808
1110,TS_ts_guess_sF6BdY_template_4-20_8-16.xyz,38,24,14,r1_C11H8O5.xyz,r0_C4F2H6O2.xyz,2.1469147640276733,2.840652441271195
1111,TS_ts_guess_AbcYye_template_4-14_6-13.xyz,45,20,25,r1_C7H7NO5.xyz,r0_C10H14O.xyz,2.3530339144814723,2.1716906512899117
1112,TS_ts_guess_znYWbH_template_4-14_6-13.xyz,45,20,25,r1_C7H7NO5.xyz,r0_C10H14O.xyz,2.5962054393672314,2.056175573461566
1113,TS_sZAhAB_ll_ad_4-17_6-12.xyz,32,16,16,r1_C6H4N2O4.xyz,r0_C6Cl2H6O2.xyz,2.7149111911441963,1.9910838725679036
1114,TS_ts_guess_Psvl01_template_4-22_6-12.xyz,41,18,23,r1_C7H6N2O3.xyz,r0_C9F3H11.xyz,2.1191306974559168,2.9353081110677293
1115,TS_ts_guess_lqNvWR_template_4-19_6-12.xyz,41,18,23,r1_C7H6N2O3.xyz,r0_C9F3H11.xyz,2.1572014719538832,3.0226293938556212
1116,TS_ts_guess_r1OWDB_template_14-20_15-16.xyz,46,34,12,r1_C12H18O4.xyz,r0_C5H4N2O.xyz,2.3518985552527556,2.6615863714333976
1117,TS_ts_guess_9KUvp5_template_14-21_15-16.xyz,46,34,12,r1_C12H18O4.xyz,r0_C5H4N2O.xyz,2.569014382929765,2.4175933380740444
1118,TS_ts_guess_35DfN6_template_4-19_8-9.xyz,42,13,29,r0_C4H4N2O3.xyz,r1_C11H14O4.xyz,2.289253975032041,1.9540550583849987
1119,TS_ts_guess_AgBEQE_template_4-13_6-12.xyz,37,17,20,r0_C6H5N3O3.xyz,r1_C8Cl2H10.xyz,2.4733863280328854,2.1678620005433924
1120,TS_ts_guess_mDKtbx_template_4-13_6-12.xyz,37,17,20,r0_C6H5N3O3.xyz,r1_C8Cl2H10.xyz,2.416998918928182,2.1627725262033453
1121,TS_ts_guess_OOeovu_template_4-21_12-15.xyz,45,23,22,r1_C11H8N2O2.xyz,r0_C9H12O.xyz,2.9012578305624612,2.2804421350694253
1122,TS_ts_guess_mX00Jh_template_4-24_12-15.xyz,45,23,22,r1_C11H8N2O2.xyz,r0_C9H12O.xyz,2.5589993054317146,2.3466982652441706
1123,TS_ts_guess_RYsk6U_template_2-22_8-15.xyz,46,31,15,r1_C14H16O.xyz,r0_C6H5N3O.xyz,2.1113120102438674,2.611545691941843
1124,TS_ts_guess_W4p3xI_template_2-19_8-15.xyz,46,31,15,r1_C14H16O.xyz,r0_C6H5N3O.xyz,2.947693592302294,2.0803259620790198
1125,TS_ts_guess_ojeukR_template_4-15_6-8.xyz,28,15,13,r1_C4H7N3O.xyz,r0_Br2C6H4O.xyz,2.474478438823018,2.3217061589701653
1126,TS_ts_guess_Lw8j3N_template_4-16_6-8.xyz,28,15,13,r1_C4H7N3O.xyz,r0_Br2C6H4O.xyz,2.5388139546252693,2.2470698187639835
1127,TS_ts_guess_MzP6W3_template_1-23_3-9.xyz,31,12,19,r0_C5H3NO3.xyz,r1_C8F6H4O.xyz,2.684751078927058,2.4578287785157045
1128,TS_ts_guess_wgECzs_template_1-19_3-9.xyz,31,12,19,r0_C5H3NO3.xyz,r1_C8F6H4O.xyz,2.739383537750784,2.5682933725335975
1129,TS_ts_guess_stOBto_template_4-15_5-7.xyz,42,14,28,r0_C5H7NO.xyz,r1_C9H11N3O5.xyz,2.4958807354118506,2.4817811254621147
1130,TS_ts_guess_KF_x_K_template_4-17_5-7.xyz,42,14,28,r0_C5H7NO.xyz,r1_C9H11N3O5.xyz,2.4775291211204764,2.518979162974557
1131,TS_ts_guess_TOiTsy_template_4-18_5-8.xyz,44,12,32,r0_C5H4N2O.xyz,r1_C10H16N2O4.xyz,2.386967915201208,2.360972951518081
1132,TS_ts_guess_Z-0RZv_template_4-16_5-8.xyz,44,12,32,r0_C5H4N2O.xyz,r1_C10H16N2O4.xyz,2.3641438982007843,2.2400712219480883
1135,TS_eV69S6_ll_ad_4-15_5-6.xyz,48,12,36,r0_C4H6O2.xyz,r1_C17H17NO.xyz,2.75319525170301,2.112831759771705
1136,TS_KUg_zg_ll_ad_4-18_5-6.xyz,48,12,36,r0_C4H6O2.xyz,r1_C17H17NO.xyz,2.3382939877611624,2.2168219431654856
1137,TS_ts_guess_3HXl92_template_1-2_3-4.xyz,52,15,37,r1_C5H8N2.xyz,r0_C17H19N.xyz,2.3675060365498544,2.525272324978041
1138,TS_ts_guess_oXazEn_template_1-2_3-4.xyz,52,15,37,r1_C5H8N2.xyz,r0_C17H19N.xyz,2.3834083867017006,2.4497349437643248
1139,TS_FIPoxv_ll_ad_2-23_4-17.xyz,40,27,13,r1_C15H10N2.xyz,r0_C6ClH5O.xyz,2.3104213431753093,2.6863979937083045
1140,TS_ts_guess_CcWqrR_template_2-24_4-17.xyz,40,27,13,r1_C15H10N2.xyz,r0_C6ClH5O.xyz,2.330966162045258,2.663221458647403
1141,TS_3RSJX6_ll_ad_2-24_4-17.xyz,40,27,13,r1_C15H10N2.xyz,r0_C6ClH5O.xyz,2.294693602618877,2.802355556134874
1142,TS_PD99f5_ll_ad_2-24_4-17.xyz,40,27,13,r1_C15H10N2.xyz,r0_C6ClH5O.xyz,2.2524959264114113,2.672562808335849
1143,TS_ts_guess_h1O-9b_template_4-23_10-15.xyz,41,28,13,r0_C8H13N3O4.xyz,r1_C6F2H4O.xyz,2.3879736280997745,2.4982624317313022
1144,TS_ts_guess_2EBjNa_template_4-22_10-15.xyz,41,28,13,r0_C8H13N3O4.xyz,r1_C6F2H4O.xyz,2.5832322320883194,2.3866614198289624
1145,TS_VciwMF_ll_ad_4-18_5-10.xyz,42,16,26,r1_C6H6O4.xyz,r0_C12H11NO2.xyz,2.2038227904484513,2.5256419259071543
1146,TS_ts_guess_2s-knp_template_15-21_16-17.xyz,49,35,14,r1_C13H18O4.xyz,r0_C4H7N3.xyz,2.2471691386720316,2.4388650189381127
1147,TS_ts_guess_3N8I9n_template_15-21_16-17.xyz,49,35,14,r1_C13H18O4.xyz,r0_C4H7N3.xyz,2.2409254421778515,2.269790630212399
1148,TS_ts_guess_OaDKj1_template_4-21_8-14.xyz,39,22,17,r0_C7H8N2O5.xyz,r1_C7ClFH8.xyz,2.2326812081889345,2.6337613048452204
1149,TS_ts_guess_E-Pq5H_template_4-21_6-14.xyz,39,22,17,r0_C7H8N2O5.xyz,r1_C7ClFH8.xyz,2.5597745967369865,2.281824818801829
1150,TS_ts_guess_4c6bXL_template_3-20_7-13.xyz,33,19,14,r1_C8H6N2O3.xyz,r0_BrC8H5.xyz,2.3648509592784066,2.654540597052529
1151,TS_ts_guess_J1PINt_template_4-19_6-11.xyz,45,18,27,r0_C5H7N3O3.xyz,r1_C10H14O3.xyz,2.5136584797859873,2.198290268981783
1152,TS_qUDu4E_ll_ad_4-21_6-11.xyz,45,18,27,r0_C5H7N3O3.xyz,r1_C10H14O3.xyz,3.082173002509755,2.272793232918472
1153,TS_ts_guess_-wSDPf_template_4-16_5-6.xyz,45,11,34,r0_C4H5NO.xyz,r1_C11H16N2O5.xyz,2.564397199557822,2.2881310559056707
1154,TS_ts_guess_a0pI7i_template_4-16_5-6.xyz,45,11,34,r0_C4H5NO.xyz,r1_C11H16N2O5.xyz,2.683847956367871,2.072899554464712
1155,TS_ts_guess_vTfGf9_template_4-23_8-15.xyz,38,25,13,r0_C11H10N2O2.xyz,r1_C6ClFH4O.xyz,2.639754566526972,2.3654437560212673
1156,TS_ts_guess_0-zpcO_template_4-23_8-15.xyz,38,25,13,r0_C11H10N2O2.xyz,r1_C6ClFH4O.xyz,2.5444604330781018,2.520604388653642
1158,TS_ts_guess_Gpn6sP_template_4-22_8-15.xyz,38,25,13,r0_C11H10N2O2.xyz,r1_C6ClFH4O.xyz,2.728382112681433,2.584649938405586
1160,TS_ts_guess_eQM2up_template_4-19_8-11.xyz,37,16,21,r0_C6H5N3O2.xyz,r1_BrC8H11O.xyz,2.7770732461532233,2.6581176800510544
1161,TS_ts_guess_uXyNFy_template_4-21_9-13.xyz,48,23,25,r0_C8H10N2O3.xyz,r1_C9H14O2.xyz,2.6860298657498207,2.2479563553147557
1162,TS_ts_guess_i2RPTC_template_2-22_8-11.xyz,48,25,23,r0_C9H14O2.xyz,r1_C11H9N3.xyz,2.3268006194988002,2.5277483619221277
1163,TS_ts_guess_rVf27t_template_4-21_6-11.xyz,47,19,28,r1_C6H8N2O3.xyz,r0_C10H15NO2.xyz,2.563918768409015,2.3111624265291266
1164,TS_ts_guess_ppeB3o_template_4-19_6-11.xyz,47,19,28,r1_C6H8N2O3.xyz,r0_C10H15NO2.xyz,2.5429947236673534,2.2961694245198894
1165,TS_ts_guess_IjUgBe_template_2-21_8-15.xyz,47,31,16,r0_C14H16O.xyz,r1_C6H6N2O2.xyz,2.521564796351662,1.983761142930267
1166,TS_ts_guess__8hsqV_template_2-20_8-15.xyz,47,31,16,r0_C14H16O.xyz,r1_C6H6N2O2.xyz,2.0495457916572635,2.465514566109882
1167,TS_ts_guess_7FVjnr_template_4-8_6-7.xyz,48,11,37,r0_C3H4N2O2.xyz,r1_C14H20O3.xyz,2.2934005887764135,2.522180640913731
1168,TS_ts_guess_RtDC0V_template_4-8_6-7.xyz,48,11,37,r0_C3H4N2O2.xyz,r1_C14H20O3.xyz,2.321132024594896,2.4369093439436766
1169,TS_ts_guess_xtANvS_template_4-18_10-12.xyz,44,24,20,r0_C9ClH12NO.xyz,r1_C7H9NO3.xyz,2.778096505415174,2.1733838569843114
1170,TS_ts_guess_Ae0Jvb_template_4-5_11-16.xyz,44,24,20,r0_C9ClH12NO.xyz,r1_C7H9NO3.xyz,2.1919335460045315,2.676924444226994
1171,TS_Ui-9wl_ll_ad_4-19_6-7.xyz,41,14,27,r1_C4H7NO2.xyz,r0_BrC13H13.xyz,2.493993859435103,2.301092398905355
1172,TS_19Le0M_hl_ad_4-14_6-7.xyz,41,14,27,r1_C4H7NO2.xyz,r0_BrC13H13.xyz,2.9198685584457396,2.2201703294116872
1173,TS_ts_guess_2gFTiO_template_10-22_11-12.xyz,44,22,22,r0_C9H10O3.xyz,r1_C6H10N2O4.xyz,2.1433564687657536,2.3536436750281466
1174,TS_ts_guess_jpvZZV_template_10-15_11-12.xyz,44,22,22,r0_C9H10O3.xyz,r1_C6H10N2O4.xyz,2.3362201506279328,2.1257055883870652
1175,TS_ts_guess_rVxmp0_template_4-22_10-12.xyz,44,22,22,r1_C6H10N2O4.xyz,r0_C9H10O3.xyz,2.297554807072075,2.158985558775232
1176,TS_ts_guess_NlHjQg_template_4-19_10-12.xyz,44,22,22,r1_C6H10N2O4.xyz,r0_C9H10O3.xyz,2.5039344211260803,1.9988960980251074
1177,TS_ts_guess_dmWoAF_template_15-20_16-17.xyz,46,29,17,r0_C11F6H12.xyz,r1_C5H11N.xyz,3.0773134203067456,2.7126867744544336
1178,TS_ts_guess_0Axs7M_template_15-21_16-17.xyz,46,29,17,r0_C11F6H12.xyz,r1_C5H11N.xyz,2.917738822375985,3.0128075879650864
1179,TS_ts_guess_-ClrKv_template_4-6_12-16.xyz,36,20,16,r0_C6Cl2H8N2O2.xyz,r1_C6H6N2O2.xyz,2.107294435004278,2.7538894297883494
1181,TS_ts_guess_Sq-cnZ_template_2-13_8-10.xyz,44,21,23,r1_BrC8H11O.xyz,r0_C9H12N2.xyz,2.3740574623416344,2.198333428167802
1182,TS_ts_guess_JBR2si_template_2-3_6-14.xyz,44,21,23,r1_BrC8H11O.xyz,r0_C9H12N2.xyz,2.194385960103646,2.4139878689421783
1183,TS_ts_guess_myhXg8_template_4-23_6-13.xyz,49,22,27,r0_C9H9N3O.xyz,r1_C10H15NO.xyz,2.1713735990381755,2.670222601619573
1184,TS_ts_guess_wL4eAW_template_4-20_6-13.xyz,49,22,27,r0_C9H9N3O.xyz,r1_C10H15NO.xyz,2.3862445730896904,2.4663230103942184
1185,TS_ts_guess_H1oSnU_template_3-23_7-16.xyz,47,27,20,r0_C12H11NO3.xyz,r1_C8FH11.xyz,2.471812908191071,2.0142062052083944
1186,TS_ts_guess_Gs-b4Q_template_3-23_7-16.xyz,47,27,20,r0_C12H11NO3.xyz,r1_C8FH11.xyz,2.658208278935268,1.971595254051906
1187,TS_ts_guess_9uq0OV_template_4-17_9-10.xyz,43,20,23,r1_C6H10N2O2.xyz,r0_C12ClH9O.xyz,2.823549816613831,2.2168868188069504
1188,TS_ts_guess_bSrF52_template_4-23_9-10.xyz,43,20,23,r1_C6H10N2O2.xyz,r0_C12ClH9O.xyz,2.6029897793498926,2.249396087330997
1189,TS_ts_guess_m_tPzU_template_4-23_9-10.xyz,43,20,23,r1_C6H10N2O2.xyz,r0_C12ClH9O.xyz,2.6297698819668613,2.2337300736212513
1190,TS_ts_guess_HnRMRy_template_4-22_9-10.xyz,43,20,23,r1_C6H10N2O2.xyz,r0_C12ClH9O.xyz,2.551184600945216,2.2436992526851722
1191,TS_ts_guess_BkMKs4_template_4-22_9-14.xyz,39,25,14,r0_C8H11N3O3.xyz,r1_C7ClH4NO.xyz,2.462130375487862,2.441407079554739
1192,TS_ts_guess_mPZnBn_template_4-7_16-17.xyz,39,25,14,r0_C8H11N3O3.xyz,r1_C7ClH4NO.xyz,2.4020601896288944,2.445450957410514
1193,TS_ts_guess_keKdai_template_4-7_16-17.xyz,39,25,14,r0_C8H11N3O3.xyz,r1_C7ClH4NO.xyz,2.561449141208937,2.2810701845186614
1194,TS_ts_guess_YzFNh__template_4-21_9-14.xyz,39,25,14,r0_C8H11N3O3.xyz,r1_C7ClH4NO.xyz,2.9014179526914075,2.318630870276681
1195,TS_ts_guess_6f1_i0_template_4-22_10-15.xyz,46,29,17,r0_C9H14N2O4.xyz,r1_C7F2H8.xyz,2.350096927767023,2.5065892259801963
1196,TS_ts_guess_taVP96_template_3-20_4-8.xyz,48,14,34,r0_C6H6O2.xyz,r1_C14H17NO2.xyz,2.6541071968931473,2.153628687517883
1197,TS_ts_guess_s_6zt0_template_4-5_11-15.xyz,43,24,19,r1_C8H10O6.xyz,r0_C5H9N3O2.xyz,2.0207892843391666,2.7880943435615664
1198,TS_ts_guess_LmTZdZ_template_3-21_5-14.xyz,37,24,13,r1_C11H10N2O.xyz,r0_BrC6H5O.xyz,2.3095523608916078,2.557739043256759
1199,TS_ts_guess_IgWxKw_template_3-21_5-14.xyz,37,24,13,r1_C11H10N2O.xyz,r0_BrC6H5O.xyz,2.316814021431155,2.6440566787608772
1200,TS_8P9uOp_ll_ad_3-20_5-14.xyz,37,24,13,r1_C11H10N2O.xyz,r0_BrC6H5O.xyz,2.3594385173172028,2.435899999035264
1201,TS_ts_guess_GXqwN7_template_3-21_5-14.xyz,37,24,13,r1_C11H10N2O.xyz,r0_BrC6H5O.xyz,2.3383968285558376,2.5169427461307103
1202,TS_ts_guess_2GCNXM_template_1-2_10-19.xyz,50,23,27,r0_C9H14.xyz,r1_C15H10N2.xyz,2.2186521563102226,2.9831940669356394
1203,TS_ts_guess_e9_sp7_template_4-24_10-17.xyz,49,29,20,r1_C12H12N2O3.xyz,r0_C8H12.xyz,2.6602732211936426,2.2713803986562886
1204,TS_ts_guess_lXtscp_template_4-23_10-17.xyz,49,29,20,r1_C12H12N2O3.xyz,r0_C8H12.xyz,2.8341371587310307,2.2395824644339397
1205,TS_ts_guess_3CvsNY_template_1-24_5-12.xyz,48,22,26,r1_C10H10N2.xyz,r0_C13H12O.xyz,2.43284815820881,2.468295999368795
1206,TS_ts_guess_uHMJFY_template_12-13_21-25.xyz,48,26,22,r0_C13H12O.xyz,r1_C10H10N2.xyz,2.3563856329132546,2.53644618099813
1207,TS_ts_guess_5H2zQO_template_12-22_13-14.xyz,48,26,22,r0_C13H12O.xyz,r1_C10H10N2.xyz,2.5592343256138155,2.33938984062084
1208,TS_ts_guess_v5Salz_template_1-19_5-12.xyz,48,22,26,r1_C10H10N2.xyz,r0_C13H12O.xyz,2.633387790698514,2.2657903116572813
1209,TS_ts_guess_GzIOEg_template_4-23_10-14.xyz,37,23,14,r0_C8H9NO5.xyz,r1_C7ClH4NO.xyz,2.610401187116647,2.6489147200315832
1210,TS_ts_guess_EzTLPe_template_4-23_10-14.xyz,37,23,14,r0_C8H9NO5.xyz,r1_C7ClH4NO.xyz,2.673851003945433,2.727278512950227
1211,TS_ts_guess_dqjvZ6_template_4-22_10-14.xyz,37,23,14,r0_C8H9NO5.xyz,r1_C7ClH4NO.xyz,2.5825412993793537,2.6518338774704575
1212,TS_ts_guess_eZUjan_template_4-21_10-14.xyz,37,23,14,r0_C8H9NO5.xyz,r1_C7ClH4NO.xyz,2.573413873437384,2.615571670916322
1213,TS_ts_guess_GqAgIB_template_4-21_13-14.xyz,49,28,21,r0_C11H14N2O.xyz,r1_C9H10O2.xyz,3.025281391011421,2.3210299186998857
1214,TS_ts_guess_rgFWiB_template_4-11_21-22.xyz,49,28,21,r0_C11H14N2O.xyz,r1_C9H10O2.xyz,2.695537353590189,2.357294441430684
1215,TS_ts_guess_doMB4C_template_4-23_13-14.xyz,49,28,21,r0_C11H14N2O.xyz,r1_C9H10O2.xyz,2.4815591339720275,2.4625638186654166
1216,TS_ts_guess_P8qw6m_template_4-11_21-22.xyz,49,28,21,r0_C11H14N2O.xyz,r1_C9H10O2.xyz,2.7010862776853317,2.3776572024158575
1217,TS_ts_guess_aKCW8M_template_10-17_11-12.xyz,55,28,27,r1_C11H16O.xyz,r0_C9H15NO2.xyz,2.490433863586825,2.099081751457051
1218,TS_ts_guess_ZuNvc2_template_10-21_11-12.xyz,55,28,27,r1_C11H16O.xyz,r0_C9H15NO2.xyz,1.8928919513273863,3.0242719715495165
1219,TS_ts_guess__UiDcA_template_4-19_6-12.xyz,48,24,24,r1_C7H12N2O3.xyz,r0_C9H12O3.xyz,2.6094172323528486,2.9804511974699404
1220,TS_ts_guess_3K3SD0_template_4-17_6-12.xyz,48,24,24,r1_C7H12N2O3.xyz,r0_C9H12O3.xyz,2.7369453940113604,2.815382775876133
1221,TS_ts_guess_X2n82r_template_4-21_10-12.xyz,48,23,25,r1_C9FH11O2.xyz,r0_C11H12N2.xyz,2.68800209114502,2.2667439452659846
1222,TS_ts_guess_dhFoJI_template_4-18_10-12.xyz,48,23,25,r1_C9FH11O2.xyz,r0_C11H12N2.xyz,2.6177007546509206,2.457678966016514
1223,TS_ts_guess_QxpPrT_template_4-7_8-9.xyz,45,22,23,r1_C7H11N3O.xyz,r0_C9ClF2H11.xyz,2.580816739910062,2.280379383216749
1224,TS_ts_guess_962K0__template_4-7_8-9.xyz,45,22,23,r1_C7H11N3O.xyz,r0_C9ClF2H11.xyz,2.4549093300364477,2.385329534173423
1225,TS_fLGuv0_ll_ad_4-15_6-8.xyz,33,16,17,r1_C4H8N2O2.xyz,r0_Br2C7H8.xyz,2.48588136478795,2.6326890569339936
1227,TS_ts_guess_iyTlxo_template_3-9_5-8.xyz,50,11,39,r0_C3H3N3O2.xyz,r1_C17H22.xyz,2.822740336021009,2.5515548671349397
1228,TS_ts_guess_VuTD-0_template_4-21_6-16.xyz,40,28,12,r1_C12H12N2O2.xyz,r0_C5F3H3O.xyz,2.314820196840351,2.525820597766199
1229,TS_ts_guess_voyMB7_template_4-20_6-16.xyz,40,28,12,r1_C12H12N2O2.xyz,r0_C5F3H3O.xyz,2.3387827736239206,3.0062622755341892
1230,TS_ts_guess_0NJ4XC_template_15-19_16-17.xyz,53,37,16,r0_C13H20N2O2.xyz,r1_C5H9NO.xyz,2.561564827639543,2.3032580706468826
1231,TS_ts_guess_jGPAd0_template_15-23_16-17.xyz,53,37,16,r0_C13H20N2O2.xyz,r1_C5H9NO.xyz,2.2201043531780207,2.7228126289188537
1232,TS_ts_guess_0iUh1T_template_4-9_17-18.xyz,39,26,13,r0_C9H10N4O3.xyz,r1_C6F2H4O.xyz,2.3386261881925465,2.508138474825503
1233,TS_ts_guess_B4tRTF_template_4-23_11-16.xyz,39,26,13,r0_C9H10N4O3.xyz,r1_C6F2H4O.xyz,2.5528283261903844,2.3621833192832433
1234,TS_ts_guess_qJbsQY_template_3-22_11-15.xyz,46,26,20,r0_C12H11NO2.xyz,r1_C8ClH11.xyz,2.6621237651356484,2.569958531182945
1235,TS_ts_guess_T-JGLT_template_3-22_11-15.xyz,46,26,20,r0_C12H11NO2.xyz,r1_C8ClH11.xyz,2.6498747212274014,2.4932798207982994
1236,TS_ts_guess_Zofy88_template_4-8_6-7.xyz,49,11,38,r1_C2H4N4O.xyz,r0_C13H21NO3.xyz,2.3288914239611946,2.1936446876830353
1237,TS_ts_guess_n8oL_q_template_4-8_6-7.xyz,49,11,38,r1_C2H4N4O.xyz,r0_C13H21NO3.xyz,2.3090951109254894,2.177974935806195
1238,TS_ts_guess_OOnKn-_template_4-21_8-19.xyz,39,31,8,r1_C13H12N2O4.xyz,r0_C3ClH3O.xyz,2.356212546376069,2.390522451871138
1239,TS_ts_guess_NEwyLN_template_4-22_8-19.xyz,39,31,8,r1_C13H12N2O4.xyz,r0_C3ClH3O.xyz,2.4429271463144375,2.3033625432614815
1240,TS_ts_guess_7TcGt1_template_4-18_10-11.xyz,45,22,23,r1_C6H11N3O2.xyz,r0_C9ClH11O2.xyz,2.700210933019863,2.2256093056284607
1241,TS_ts_guess_3K14ow_template_4-21_10-11.xyz,45,22,23,r1_C6H11N3O2.xyz,r0_C9ClH11O2.xyz,2.48055821820412,2.3276695653163486
1242,TS_ts_guess_m1ledG_template_4-6_11-15.xyz,45,27,18,r1_C8FH12N3O3.xyz,r0_C6H9NO2.xyz,2.0807989120047137,2.3800801344492584
1243,TS_ts_guess_BRbLzi_template_2-18_8-13.xyz,44,24,20,r1_C9F3H11O.xyz,r0_C7H9NO3.xyz,2.2301059757329917,2.3063770790354297
1244,TS_ts_guess_Q9UX1J_template_2-20_8-13.xyz,44,24,20,r1_C9F3H11O.xyz,r0_C7H9NO3.xyz,2.45627461512348,2.112804010550908
1245,TS_ts_guess_da6JtO_template_4-9_6-8.xyz,41,14,27,r1_C4H6N2O2.xyz,r0_BrC11H14N.xyz,2.414716462879234,2.64544646351046
1246,TS_ts_guess_XMGmMO_template_4-9_6-8.xyz,41,14,27,r1_C4H6N2O2.xyz,r0_BrC11H14N.xyz,2.3737345155893066,2.401553491013681
1247,TS_ts_guess_VBio7b_template_4-10_8-9.xyz,41,18,23,r1_C5H7N3O3.xyz,r0_C9Cl2H12.xyz,2.0535332868010685,2.337742168460842
1248,TS_ts_guess_6JlXXW_template_4-10_8-9.xyz,41,18,23,r1_C5H7N3O3.xyz,r0_C9Cl2H12.xyz,2.0772034491113285,2.2620844444228867
1249,TS_ts_guess_ALN6-T_template_12-17_13-14.xyz,53,33,20,r0_C12H19NO.xyz,r1_C7H10O3.xyz,3.1170100957969322,2.157914402032666
1250,TS_ts_guess_YFASSj_template_12-22_13-14.xyz,53,33,20,r0_C12H19NO.xyz,r1_C7H10O3.xyz,2.0683947636996183,3.1980391330313642
1251,TS_ts_guess_AXuO1r_template_4-11_6-10.xyz,41,17,24,r0_C6H7NO3.xyz,r1_C12H8N4.xyz,2.8359885426778435,2.84000665224573
1252,TS_ts_guess__rK-QA_template_4-22_10-15.xyz,44,27,17,r0_C7H12N4O4.xyz,r1_C7F2H8.xyz,2.32529144829202,2.2439291808120863
1254,TS_ts_guess_PhkL4i_template_4-22_6-12.xyz,41,18,23,r0_C7H6N2O3.xyz,r1_C9ClH11O2.xyz,2.1481350941921695,2.777489364552095
1256,TS_ts_guess_rBhZyo_template_10-20_11-12.xyz,42,23,19,r0_C9Cl2FH11.xyz,r1_C9H8N2.xyz,2.3913258787961125,2.4888979766555313
1257,TS_8ekQeI_ll_ad_4-11_17-18.xyz,52,35,17,r1_C14H17NO3.xyz,r0_C7H10.xyz,2.362875509331797,2.595833270782236
1258,TS_ts_guess_ItF-Mm_template_4-21_10-13.xyz,47,24,23,r1_C10H11NO2.xyz,r0_C8H11NO3.xyz,2.1685258363459723,2.3192666311573578
1259,TS_ts_guess_UTAEy8_template_4-18_10-13.xyz,47,24,23,r1_C10H11NO2.xyz,r0_C8H11NO3.xyz,2.3159844545894517,2.3269828799112378
1260,TS_ts_guess_TA48-Y_template_4-8_13-18.xyz,44,28,16,r0_C10H13NO4.xyz,r1_C6H6N2O2.xyz,2.5305799250962218,1.9506769315804193
1261,TS_ts_guess_IvUzcD_template_4-8_14-18.xyz,44,28,16,r0_C10H13NO4.xyz,r1_C6H6N2O2.xyz,2.2246755409946863,2.907745162337993
1262,TS_ts_guess_uqkvvI_template_4-19_5-12.xyz,48,21,27,r0_C10H9NO.xyz,r1_C8H14N2O3.xyz,2.253245267253434,2.4709193792999398
1263,TS_ts_guess_BKMpvu_template_4-19_5-12.xyz,48,21,27,r0_C10H9NO.xyz,r1_C8H14N2O3.xyz,2.30767112890897,2.629145222957454
1264,TS_ts_guess_gcYrNs_template_4-17_6-9.xyz,41,13,28,r0_C4H4N4O.xyz,r1_C10H12O6.xyz,2.2144258563112924,2.3637775573433304
1265,TS_ts_guess_JnWNRT_template_1-20_4-8.xyz,48,18,30,r0_C6H10N2.xyz,r1_C14F3H13.xyz,2.3340933123592125,2.6695906194958057
1266,TS_ts_guess_Uu8HMx_template_1-18_4-8.xyz,48,18,30,r0_C6H10N2.xyz,r1_C14F3H13.xyz,2.383204055174462,2.454886297163272
1267,TS_ts_guess_GBV5YP_template_4-19_9-16.xyz,42,27,15,r0_C9H11N3O4.xyz,r1_C9H5N.xyz,2.307699523009874,2.281345173839329
1268,TS_ts_guess_olEDrX_template_4-23_9-16.xyz,42,27,15,r0_C9H11N3O4.xyz,r1_C9H5N.xyz,2.197247510454842,2.389588021500777
1269,TS_ts_guess_P7d0_C_template_4-18_6-11.xyz,35,18,17,r0_C4H7N3O4.xyz,r1_BrC7H7O2.xyz,3.3720055057191116,2.2158592552100416
1271,TS_ts_guess_fbQy7u_template_4-20_6-11.xyz,35,18,17,r0_C4H7N3O4.xyz,r1_BrC7H7O2.xyz,2.721623148159936,2.5503108170966144
1272,TS_ts_guess_5mlujz_template_4-20_6-11.xyz,35,18,17,r0_C4H7N3O4.xyz,r1_BrC7H7O2.xyz,2.7717838459916027,2.4166724436091873
1273,TS_ts_guess_Od0CBA_template_4-23_10-12.xyz,48,23,25,r0_C9FH11O2.xyz,r1_C11H12O2.xyz,2.5662889526123123,2.7210066216383963
1274,TS_ts_guess_Fj2rrc_template_4-15_10-12.xyz,48,23,25,r0_C9FH11O2.xyz,r1_C11H12O2.xyz,2.7186738297559714,2.472933340266171
1275,TS_ts_guess_O8_9EX_template_4-22_8-13.xyz,43,25,18,r1_C8H10N2O5.xyz,r0_C8H8O2.xyz,2.010159981145779,2.7118759357500117
1276,TS_ts_guess_IvNmPw_template_4-22_8-13.xyz,43,25,18,r1_C8H10N2O5.xyz,r0_C8H8O2.xyz,2.104362110569377,2.4675088825169404
1277,TS_ts_guess_fj0bhw_template_4-24_8-15.xyz,43,25,18,r1_C8H10N2O5.xyz,r0_C8H8O2.xyz,2.0544038785740257,2.7390589737718316
1278,TS_ts_guess_gL6_1G_template_4-19_8-13.xyz,43,25,18,r1_C8H10N2O5.xyz,r0_C8H8O2.xyz,2.2817682109714825,2.115919546910988
1279,TS_ts_guess_BgLQSd_template_2-17_8-10.xyz,44,21,23,r1_C8ClH11O.xyz,r0_C9H9N3O2.xyz,2.5055530279760596,2.3027311192798865
1280,TS_ts_guess_eLpNuq_template_2-19_8-10.xyz,44,21,23,r1_C8ClH11O.xyz,r0_C9H9N3O2.xyz,2.44168547911069,2.353499636243864
1281,TS_ts_guess_tQJHvr_template_3-19_8-11.xyz,46,18,28,r0_C7H7NO3.xyz,r1_C14H13N.xyz,2.7942120143969036,2.3846123255154077
1282,TS_ts_guess_lPQBrb_template_3-23_8-11.xyz,46,18,28,r0_C7H7NO3.xyz,r1_C14H13N.xyz,2.591749235651474,2.4035804591067884
1283,TS_ts_guess_fxMfAy_template_4-24_7-12.xyz,45,25,20,r0_C8H13NO3.xyz,r1_C9H7NO3.xyz,2.652732350765904,2.7867120671859875
1285,TS_ts_guess_nPpOSg_template_4-24_7-12.xyz,45,25,20,r0_C8H13NO3.xyz,r1_C9H7NO3.xyz,2.790312103349731,2.7793039575584393
1287,TS_ts_guess_7urf1n_template_3-12_8-11.xyz,39,18,21,r0_C6H7N3O2.xyz,r1_C9ClF2H8N.xyz,2.424509983357462,2.251404311402108
1288,TS_ts_guess_prgtRH_template_3-12_8-11.xyz,39,18,21,r0_C6H7N3O2.xyz,r1_C9ClF2H8N.xyz,2.355514464442959,2.1392427200296837
1289,TS_ts_guess_9U9KZI_template_1-23_7-9.xyz,51,23,28,r0_C9H14.xyz,r1_C14H11N3.xyz,2.178436361016773,2.401280208930228
1290,TS_ts_guess_dR9E-u_template_4-5_7-14.xyz,46,29,17,r1_C9H13NO6.xyz,r0_C9H8.xyz,2.018048113648433,2.833474281619651
1291,TS_ts_guess_Hfjg5X_template_4-5_12-14.xyz,46,29,17,r1_C9H13NO6.xyz,r0_C9H8.xyz,2.4085700857770362,2.281489044045577
1292,TS_ts_guess_nZao6Y_template_4-15_6-8.xyz,38,15,23,r1_C5H7NO2.xyz,r0_BrC12H9O.xyz,2.7527242175161684,2.367415121751992
1293,TS_ts_guess_NB6_Mo_template_4-21_6-8.xyz,38,15,23,r1_C5H7NO2.xyz,r0_BrC12H9O.xyz,2.695247546961132,2.375950795134445
1294,TS_ts_guess_s_Wq6B_template_4-20_6-8.xyz,38,15,23,r1_C5H7NO2.xyz,r0_BrC12H9O.xyz,2.595472100004159,2.3658047829227162
1295,TS_ts_guess_U2NP5R_template_4-21_6-8.xyz,38,15,23,r1_C5H7NO2.xyz,r0_BrC12H9O.xyz,2.712854314186444,2.3688981619943057
1296,TS_ts_guess_3ktAJi_template_2-19_8-9.xyz,49,21,28,r0_C8H12O.xyz,r1_C15H11NO.xyz,2.396157898177831,2.557055775476945
1297,TS_ts_guess_ZfjuZL_template_2-17_8-9.xyz,49,21,28,r0_C8H12O.xyz,r1_C15H11NO.xyz,3.1571719507495946,2.3977177525513715
1298,TS_ts_guess_1_nP0b_template_10-19_11-12.xyz,44,22,22,r1_C9H10O3.xyz,r0_C8H9NO4.xyz,2.5263102020337884,2.02628117972309
1299,TS_ts_guess_z10RMd_template_4-19_10-12.xyz,44,22,22,r1_C9H10O3.xyz,r0_C8H9NO4.xyz,2.599428345502141,2.026280045551453
1300,TS_ts_guess_HNfMlo_template_10-19_11-12.xyz,44,22,22,r1_C9H10O3.xyz,r0_C8H9NO4.xyz,2.140698924043267,2.3510624511909506
1301,TS_ts_guess_PDgz5W_template_4-19_10-12.xyz,44,22,22,r1_C9H10O3.xyz,r0_C8H9NO4.xyz,2.2061817378901494,2.1396479267860866
1302,TS_ts_guess_VdUMZi_template_3-25_11-13.xyz,48,25,23,r1_C11H12O2.xyz,r0_C12H10O.xyz,2.666369253891891,2.5319691937501925
1303,TS_ts_guess_GuT3xu_template_3-25_11-13.xyz,48,25,23,r1_C11H12O2.xyz,r0_C12H10O.xyz,2.5629055218833177,2.7680143941280364
1305,TS_ts_guess_4ialQL_template_3-25_11-13.xyz,48,25,23,r1_C11H12O2.xyz,r0_C12H10O.xyz,2.688709108122335,2.56212205099601
1306,TS_ts_guess_gwn00r_template_4-11_9-10.xyz,52,18,34,r0_C5H8N2O3.xyz,r1_C12H20O2.xyz,2.5945599718256656,2.0447184241357053
1308,TS_ts_guess_JyZdhv_template_4-18_10-12.xyz,43,20,23,r0_C8FH8NO2.xyz,r1_C11H9N3.xyz,2.463803316216617,2.2028515970668567
1309,TS_ts_guess_rloBzV_template_4-21_10-12.xyz,43,20,23,r0_C8FH8NO2.xyz,r1_C11H9N3.xyz,2.4583308764688288,2.246493918865573
1311,TS_ts_guess_NGrqcl_template_10-18_11-12.xyz,43,20,23,r0_C8FH8NO2.xyz,r1_C11H9N3.xyz,2.195819378455341,2.450590835818987
1312,TS_ts_guess_2rTPnp_template_4-19_6-12.xyz,45,21,24,r0_C7H9NO4.xyz,r1_C7H12O5.xyz,2.11390807626538,2.6007603693727726
1313,TS_7-hYUg_hl_ad_4-17_6-12.xyz,45,21,24,r0_C7H9NO4.xyz,r1_C7H12O5.xyz,2.275593294022462,2.4372407720617177
1314,TS_ts_guess_YHILFZ_template_4-20_9-10.xyz,45,18,27,r0_C6H8N2O2.xyz,r1_C10H12N2O3.xyz,2.9763475249036357,2.1484141431763106
1315,TS_ts_guess_m5LZ78_template_13-14_16-24.xyz,45,27,18,r1_C10H12N2O3.xyz,r0_C6H8N2O2.xyz,2.3488122337258037,2.7456210882603593
1316,TS_ts_guess_nUpnfB_template_4-18_6-11.xyz,41,20,21,r0_C7H9NO3.xyz,r1_BrC8H11O.xyz,2.295132432497088,2.5978612342271092
1317,TS_ts_guess_-uiwR2_template_4-19_6-11.xyz,41,20,21,r0_C7H9NO3.xyz,r1_BrC8H11O.xyz,2.1222711049486587,3.1509898114243406
1320,TS_ts_guess_UPp2F2_template_12-16_13-14.xyz,43,27,16,r0_C10Cl2H13NO.xyz,r1_C6H7N3.xyz,2.458601240258371,1.9357836687243746
1321,TS_ts_guess_cM-vRD_template_12-22_13-14.xyz,43,27,16,r0_C10Cl2H13NO.xyz,r1_C6H7N3.xyz,2.088200710348505,2.2219018334075877
1322,TS_ts_guess_mtj-FA_template_4-21_8-16.xyz,43,27,16,r1_C12H11NO3.xyz,r0_C6H6N2O2.xyz,2.3473808434295442,2.3271938152418676
1323,TS_ts_guess_nYkuAO_template_4-23_6-13.xyz,44,20,24,r1_C7H7NO5.xyz,r0_C9FH12NO.xyz,2.403061244204983,2.3226729566170095
1324,TS_ts_guess_RFwFmb_template_4-20_6-13.xyz,44,20,24,r1_C7H7NO5.xyz,r0_C9FH12NO.xyz,2.524992661375474,2.221432062566848
1325,TS_ts_guess_o0oR4w_template_2-4_15-19.xyz,41,14,27,r1_C4Cl2H6O2.xyz,r0_C12H12N2O.xyz,2.396350445698625,2.1945385625456666
1326,TS_ts_guess_u62p9h_template_4-9_15-18.xyz,45,28,17,r1_C10H12O6.xyz,r0_C6H8N2O.xyz,2.9776620875109385,2.3489155458849513
1327,TS_ts_guess_MNs9-B_template_4-9_13-18.xyz,45,28,17,r1_C10H12O6.xyz,r0_C6H8N2O.xyz,2.576110082061712,3.0104222750637497
1328,TS_ts_guess_gqcroR_template_4-20_6-13.xyz,38,22,16,r0_C8H9NO4.xyz,r1_C7F4H4O.xyz,2.3087766931429297,2.671707925297973
1329,TS_ts_guess_VWk_g5_template_4-24_6-13.xyz,38,22,16,r0_C8H9NO4.xyz,r1_C7F4H4O.xyz,2.291744752672077,2.712976871648559
1330,TS_ts_guess_xscuGT_template_4-24_6-13.xyz,38,22,16,r0_C8H9NO4.xyz,r1_C7F4H4O.xyz,2.2929882215353836,2.713565839039105
1331,TS_ts_guess_jSacXZ_template_4-23_6-13.xyz,38,22,16,r0_C8H9NO4.xyz,r1_C7F4H4O.xyz,2.209812505598608,2.765964550893594
1332,TS_S0S2J8_ll_ad_4-11_12-13.xyz,51,28,23,r0_C11H14N2O.xyz,r1_C9F2H12.xyz,2.944272320574304,2.5430994326805236
1333,TS_ts_guess_3LS8in_template_4-11_12-13.xyz,51,28,23,r0_C11H14N2O.xyz,r1_C9F2H12.xyz,2.8056507040791803,2.72584938193584
1334,TS_ts_guess_CbaJLe_template_4-22_10-13.xyz,46,28,18,r0_C10H15NO2.xyz,r1_C6H6N2O4.xyz,2.228360363338928,2.960721119930075
1335,TS_ts_guess_Lo4H4x_template_4-17_10-13.xyz,46,28,18,r0_C10H15NO2.xyz,r1_C6H6N2O4.xyz,2.6068251831298546,3.2859159333890453
1336,TS_ts_guess_Xbn-VE_template_3-25_7-13.xyz,45,22,23,r1_C8H9NO4.xyz,r0_C12H10O.xyz,2.005736470476618,2.730205040175554
1337,TS_ts_guess_p_n06Z_template_3-23_7-11.xyz,45,22,23,r1_C8H9NO4.xyz,r0_C12H10O.xyz,2.162637387751354,2.332111804738358
1339,TS_ts_guess_FiIg0C_template_3-23_7-11.xyz,45,22,23,r1_C8H9NO4.xyz,r0_C12H10O.xyz,2.4263842332573793,2.1033361641211803
1341,TS_ts_guess_T716jE_template_4-10_8-9.xyz,43,13,30,r1_C4H4N2O3.xyz,r0_C12F2H14O2.xyz,2.421183207813898,1.9538668562878077
1342,TS_ts_guess_LyqNMQ_template_4-10_8-9.xyz,43,13,30,r1_C4H4N2O3.xyz,r0_C12F2H14O2.xyz,2.2337330727058684,2.0784638425048434
1343,TS_ts_guess_s71Xwb_template_4-20_6-10.xyz,42,13,29,r1_C4H3NO5.xyz,r0_C11H14O4.xyz,2.4939731863233816,2.156826963550855
1345,TS_ts_guess_FbII6l_template_4-7_13-18.xyz,50,27,23,r0_C9H13N3O2.xyz,r1_C9H12O2.xyz,2.321924512489586,2.5179386953816016
1346,TS_ts_guess__dkXA4_template_4-20_9-14.xyz,50,27,23,r0_C9H13N3O2.xyz,r1_C9H12O2.xyz,2.49297464812621,2.339801696255476
1347,TS_ts_guess_6V9w1X_template_15-21_16-17.xyz,48,34,14,r0_C13H17NO3.xyz,r1_C4H6N2O2.xyz,2.206103853788393,2.100433774176182
1349,TS_ts_guess_mwxkI0_template_4-14_6-13.xyz,40,20,20,r0_C7H7N3O3.xyz,r1_C8F4H8.xyz,2.415860445348613,2.6975799568131436
1352,TS_ts_guess_Ws1NnP_template_9-14_10-11.xyz,42,18,24,r0_BrC8H7O2.xyz,r1_C10H13N.xyz,2.560191405520298,2.4942578476372486
1353,TS_ts_guess_ZCrt97_template_9-10_13-21.xyz,42,18,24,r0_BrC8H7O2.xyz,r1_C10H13N.xyz,2.546054745424772,2.7307351116137206
1354,TS_ts_guess_riDYKz_template_4-20_8-17.xyz,41,29,12,r1_C12H12N2O3.xyz,r0_C4Cl2H6.xyz,1.9885420240216196,2.626488768698622
1355,TS_ts_guess_uB4Vpq_template_4-10_6-9.xyz,47,14,33,r0_C5H5NO3.xyz,r1_C12H17NO3.xyz,2.8235618129766524,2.822393749479332
1357,TS_ts_guess__quFaW_template_4-19_11-12.xyz,40,23,17,r1_C7H11NO4.xyz,r0_BrC7FH8.xyz,2.6239158760524317,2.1969707838294075
1358,TS_hPjg47_ll_ad_4-19_11-12.xyz,40,23,17,r1_C7H11NO4.xyz,r0_BrC7FH8.xyz,2.7696041952777293,2.2127873199880734
1359,TS_ts_guess_Al0KxZ_template_4-13_6-12.xyz,45,17,28,r0_C6H5N3O3.xyz,r1_C10FH15O2.xyz,2.1932433496764556,2.442321416194028
1360,TS_ts_guess_UX00bR_template_4-13_6-12.xyz,45,17,28,r0_C6H5N3O3.xyz,r1_C10FH15O2.xyz,2.166309885981228,2.378062416275065
1361,TS_ts_guess_NhBOnZ_template_4-20_9-14.xyz,40,24,16,r0_C8H10N2O4.xyz,r1_C7F3H5O.xyz,2.806182174040025,2.2303383176998057
1362,TS_ts_guess_fl4CP-_template_4-24_9-14.xyz,40,24,16,r0_C8H10N2O4.xyz,r1_C7F3H5O.xyz,2.7104215381006695,2.299393807267472
1363,TS_ts_guess_8YXidM_template_4-24_9-14.xyz,40,24,16,r0_C8H10N2O4.xyz,r1_C7F3H5O.xyz,2.6462299879073248,2.3380642976830215
1364,TS_ts_guess_p3jQAE_template_4-24_9-14.xyz,40,24,16,r0_C8H10N2O4.xyz,r1_C7F3H5O.xyz,2.715268422274306,2.2946867364631713
1365,TS_YcUv6o_ll_ad_3-22_5-12.xyz,34,18,16,r0_C7H6O5.xyz,r1_C7ClF3H4O.xyz,2.487824823897374,2.343462832519432
1366,TS_ts_guess_2Eopby_template_3-23_7-12.xyz,34,18,16,r0_C7H6O5.xyz,r1_C7ClF3H4O.xyz,2.266996767708326,2.5618571985378105
1367,TS_ts_guess_zVZq6o_template_3-23_7-12.xyz,34,18,16,r0_C7H6O5.xyz,r1_C7ClF3H4O.xyz,2.159814338895823,2.7310270152453637
1368,TS_mN7NtO_hl_ad_3-22_7-12.xyz,34,18,16,r0_C7H6O5.xyz,r1_C7ClF3H4O.xyz,2.2869828639716565,2.539167843861449
1369,TS_ts_guess_xPK1yq_template_4-8_6-7.xyz,44,12,32,r0_C3H5N3O.xyz,r1_C12ClH15O4.xyz,2.2989042332815868,2.3255944634867016
1370,TS_ts_guess_2HeBga_template_4-8_6-7.xyz,44,12,32,r0_C3H5N3O.xyz,r1_C12ClH15O4.xyz,2.265018569239555,2.345991786302757
1371,TS_ts_guess_U58BoE_template_4-19_7-17.xyz,41,33,8,r0_C13H16N2O2.xyz,r1_BrC3H3O.xyz,2.455948608521766,2.518715911828883
1372,TS_ts_guess_U2AVmM_template_4-20_7-17.xyz,41,33,8,r0_C13H16N2O2.xyz,r1_BrC3H3O.xyz,2.494047129787246,2.4164401273153864
1373,TS_ts_guess_TuIj2z_template_4-22_9-13.xyz,41,23,18,r0_C8H10N2O3.xyz,r1_C6F2H6O4.xyz,2.207509263581922,2.8006426242025237
1374,TS_ts_guess_MUZgbH_template_4-16_9-13.xyz,41,23,18,r0_C8H10N2O3.xyz,r1_C6F2H6O4.xyz,2.6819735975210497,2.29476474513184
1375,TS_ts_guess_EasOoD_template_19-24_20-21.xyz,54,43,11,r0_C21H22.xyz,r1_C2H6N2O.xyz,2.489566058593345,2.452940648955861
1376,TS_ts_guess_s7FGMo_template_12-18_13-14.xyz,50,33,17,r0_C12H19NO.xyz,r1_C5H6N2O4.xyz,2.3745301969652863,1.9160483137436801
1378,TS_BiVSNQ_hl_ad_4-16_10-13.xyz,49,25,24,r0_C10H12N2O.xyz,r1_C10H11NO2.xyz,2.625023141345615,2.293420663441402
1379,TS_ts_guess_cX3pdE_template_4-24_10-13.xyz,49,25,24,r0_C10H12N2O.xyz,r1_C10H11NO2.xyz,2.4486025848430364,2.769140808662499
1381,TS_ts_guess_j0as_I_template_3-9_5-8.xyz,44,18,26,r1_C6H10O2.xyz,r0_C11Cl2H11NO.xyz,2.528901331032905,2.6835938409901003
1382,TS_ts_guess_kiUWzG_template_4-5_13-14.xyz,45,29,16,r1_C9H13NO6.xyz,r0_C7FH7O.xyz,2.5743785692473438,2.3215004357527054
1383,TS_ts_guess_dWTOJc_template_4-23_7-16.xyz,45,29,16,r1_C9H13NO6.xyz,r0_C7FH7O.xyz,2.4662944027224323,2.4193344934712933
1384,TS_BqOmzo_ll_ad_4-23_7-16.xyz,45,29,16,r1_C9H13NO6.xyz,r0_C7FH7O.xyz,2.2442940424552216,2.6954064963377973
1385,TS_ts_guess_uiMI18_template_4-5_13-14.xyz,45,29,16,r1_C9H13NO6.xyz,r0_C7FH7O.xyz,2.4413878189873888,2.4322548111988596
1386,TS_ts_guess_qakhY2_template_4-18_5-7.xyz,45,11,34,r0_C4FH4NO.xyz,r1_C14H15N3O2.xyz,2.596598200203489,2.3066056312252425
1388,TS_ts_guess_LXdCDm_template_4-22_10-15.xyz,39,21,18,r0_C8H6N2O5.xyz,r1_C8ClH8N.xyz,2.47836609089537,2.5989000862672658
1389,TS_ts_guess_LLd8eJ_template_4-23_10-15.xyz,39,21,18,r0_C8H6N2O5.xyz,r1_C8ClH8N.xyz,2.482678346524173,2.5847342780835327
1390,TS_ts_guess_xatvQO_template_3-20_5-12.xyz,49,21,28,r0_C10H9NO.xyz,r1_C14H13N.xyz,2.1997786779128488,2.634832123399895
1391,TS_ts_guess_ThuA1s_template_3-24_5-12.xyz,49,21,28,r0_C10H9NO.xyz,r1_C14H13N.xyz,2.206628450306032,2.5600794259944357
1392,TS_ts_guess_o4Uq8H_template_4-17_10-11.xyz,51,24,27,r0_C9H13NO.xyz,r1_C9H13NO4.xyz,2.5884624885441165,2.207583556266897
1393,TS_ts_guess_HIWYmC_template_4-21_10-11.xyz,51,24,27,r0_C9H13NO.xyz,r1_C9H13NO4.xyz,2.642084395888973,2.2015532845243606
1396,TS_ts_guess_m1B6Js_template_4-22_10-12.xyz,41,20,21,r0_C8ClH8NO2.xyz,r1_C9H8N2O2.xyz,2.096998535097247,2.090247969069699
1397,TS_ts_guess_uOymIK_template_4-16_10-12.xyz,41,20,21,r0_C8ClH8NO2.xyz,r1_C9H8N2O2.xyz,2.595948801112996,1.8571891770630153
1398,TS_ts_guess_gXredu_template_15-23_16-17.xyz,51,30,21,r1_C14H13NO2.xyz,r0_C7H12N2.xyz,2.4854832139847574,2.5317002841766243
1399,TS_ts_guess_vMCUwr_template_4-23_10-17.xyz,51,30,21,r1_C14H13NO2.xyz,r0_C7H12N2.xyz,2.4667222653553846,2.6110143374175485
1400,TS_ts_guess_92yfGJ_template_4-22_10-17.xyz,51,30,21,r1_C14H13NO2.xyz,r0_C7H12N2.xyz,2.4651898805163066,2.559014204356826
1401,TS_ts_guess_uYfbNo_template_15-22_16-17.xyz,51,30,21,r1_C14H13NO2.xyz,r0_C7H12N2.xyz,2.525644142906914,2.492545299668594
1402,TS_ts_guess_N1JBYo_template_3-12_5-11.xyz,34,14,20,r0_C6H3NO4.xyz,r1_BrC8F2H9.xyz,2.566507084833393,2.3682079517643717
1403,TS_ts_guess_X0onQW_template_3-12_5-11.xyz,34,14,20,r0_C6H3NO4.xyz,r1_BrC8F2H9.xyz,2.50136322074584,2.348942145072969
1404,TS_5dWhBr_ll_ad_4-15_10-14.xyz,51,25,26,r1_C8H11N3O3.xyz,r0_C10FH15.xyz,2.535910277454627,2.4405356817100623
1405,TS_MVwCe6_ll_ad_4-15_10-14.xyz,51,25,26,r1_C8H11N3O3.xyz,r0_C10FH15.xyz,2.783036706549161,2.3917463311354745
1406,TS_ts_guess_fvkx3W_template_4-23_6-13.xyz,46,23,23,r0_C10H10N2O.xyz,r1_C9H10O4.xyz,2.41145472920393,2.5049432530298965
1407,TS_ts_guess_ieapPU_template_4-21_6-13.xyz,46,23,23,r0_C10H10N2O.xyz,r1_C9H10O4.xyz,2.834793866968108,2.19996077985495
1408,TS_ts_guess_eGFcGK_template_4-25_6-13.xyz,46,23,23,r0_C10H10N2O.xyz,r1_C9H10O4.xyz,2.6598190186928137,2.352665042159636
1409,TS_ts_guess_34ZkJt_template_4-25_6-13.xyz,46,23,23,r0_C10H10N2O.xyz,r1_C9H10O4.xyz,2.590918589130118,2.404523702295321
1410,TS_ts_guess_ePRWfb_template_4-21_7-13.xyz,37,24,13,r0_C8H11N3O2.xyz,r1_BrC6FH4O.xyz,2.276463673968904,2.520794324870635
1412,TS_eqUy09_ll_ad_4-20_7-13.xyz,37,24,13,r0_C8H11N3O2.xyz,r1_BrC6FH4O.xyz,2.4320378628837176,2.3775072503780086
1413,TS_PY41AN_hl_ad_4-20_7-13.xyz,37,24,13,r0_C8H11N3O2.xyz,r1_BrC6FH4O.xyz,2.303069609673142,2.6439205707622913
1414,TS_XedCU9_ll_ad_3-5_8-21.xyz,45,16,29,r0_C6F2H6O2.xyz,r1_C14H13NO.xyz,2.3007628623132805,2.8386195102197123
1415,TS_ts_guess_zyx9WV_template_4-19_6-9.xyz,40,20,20,r0_C6H11NO2.xyz,r1_BrC8F3H8.xyz,2.1497025406785935,2.676699653696694
1416,TS_ts_guess_QWt9NF_template_4-16_6-9.xyz,40,20,20,r0_C6H11NO2.xyz,r1_BrC8F3H8.xyz,2.4077382701199066,2.391851318142497
1417,TS_ts_guess_wLPZOG_template_15-22_16-17.xyz,47,31,16,r1_C13H14N2O2.xyz,r0_C5H7N3O.xyz,2.2820282145495043,2.2488961431333374
1418,TS_ts_guess_w7sJoE_template_15-23_16-17.xyz,47,31,16,r1_C13H14N2O2.xyz,r0_C5H7N3O.xyz,2.187488768794025,2.234788257061505
1420,TS_ts_guess_wxO_Qg_template_4-16_10-11.xyz,46,19,27,r1_C8H8O3.xyz,r0_C12H12O3.xyz,2.7184090462069905,2.596435665773369
1423,TS_ts_guess_kPl6Ru_template_4-22_10-13.xyz,49,25,24,r1_C10H12N2O.xyz,r0_C9H11N3O.xyz,2.013186508548078,2.2633193317338143
1424,TS_ts_guess_ILXRIQ_template_4-19_10-13.xyz,49,25,24,r1_C10H12N2O.xyz,r0_C9H11N3O.xyz,2.2495393532232324,1.9907772464291429
1426,TS_MjjcVD_hl_ad_4-16_6-9.xyz,33,20,13,r1_C6H11NO2.xyz,r0_Br2C6H4O.xyz,2.777038752016255,2.764598836974363
1427,TS_ts_guess_URAswJ_template_3-12_5-11.xyz,49,17,32,r0_C7H6N2O2.xyz,r1_C13H17NO.xyz,2.1566041005710805,2.907655654939216
1428,TS_ts_guess_2zmvWO_template_3-12_5-11.xyz,49,17,32,r0_C7H6N2O2.xyz,r1_C13H17NO.xyz,2.2045669498112326,2.73473473415613
1429,TS_ts_guess_TcNFAH_template_4-18_5-10.xyz,40,14,26,r0_C5F3H4NO.xyz,r1_C8H11N3O4.xyz,2.468963128299003,2.0917756161930945
1430,TS_ts_guess_c2qFC8_template_4-18_5-10.xyz,40,14,26,r0_C5F3H4NO.xyz,r1_C8H11N3O4.xyz,2.1571424618925845,2.2470236171656053
1431,TS_ts_guess_sZZC4T_template_2-4_9-22.xyz,52,20,32,r0_C6H12O2.xyz,r1_C16H14N2.xyz,2.2488275394302693,2.415116393778983
1432,TS_ts_guess_IRZGQK_template_13-23_14-15.xyz,50,33,17,r0_C13H18O2.xyz,r1_C7H6N4.xyz,2.74925323469847,1.8828787098748554
1433,TS_ts_guess_95GeM6_template_13-19_14-15.xyz,50,33,17,r0_C13H18O2.xyz,r1_C7H6N4.xyz,2.041968355974206,2.1434039453635423
1434,TS_Iix3mK_ll_ad_4-20_9-14.xyz,51,28,23,r0_C9H14N2O3.xyz,r1_C9H12O2.xyz,2.386402426938927,2.302860440973356
1435,TS_B2eWpN_ll_ad_4-24_9-14.xyz,51,28,23,r0_C9H14N2O3.xyz,r1_C9H12O2.xyz,2.358265367786246,2.3538428819698227
1437,TS_ts_guess_wZuBCw_template_4-16_9-13.xyz,40,22,18,r0_C7H9NO5.xyz,r1_C6F2H6O4.xyz,2.6039399268224295,2.157453216781305
1438,TS_ts_guess_K2SmXG_template_13-14_18-25.xyz,40,23,17,r1_C9F3H8NO2.xyz,r0_C6H6N4O.xyz,2.397869292476135,2.4715661581070414
1439,TS_ts_guess_cDQ15u_template_4-21_8-11.xyz,40,17,23,r0_C6H6N4O.xyz,r1_C9F3H8NO2.xyz,2.5119694622944757,2.2883091518848584
1440,TS_ts_guess_2C6ylf_template_13-19_14-15.xyz,40,23,17,r1_C9F3H8NO2.xyz,r0_C6H6N4O.xyz,2.4437485089304913,2.3349454176489863
1441,TS_ts_guess_GZ5F-W_template_4-21_8-11.xyz,40,17,23,r0_C6H6N4O.xyz,r1_C9F3H8NO2.xyz,2.6558596988169385,2.2897107849682676
1442,TS_dxFs4I_ll_ad_4-25_9-16.xyz,43,29,14,r0_C10H13NO5.xyz,r1_C7FH4NO.xyz,2.8648879681760677,2.3378765115377673
1445,TS_ts_guess_RztDda_template_4-24_9-16.xyz,43,29,14,r0_C10H13NO5.xyz,r1_C7FH4NO.xyz,2.546253569737311,2.6134766951514985
1446,TS_ts_guess_fQRvji_template_10-15_11-12.xyz,40,19,21,r1_BrC8H7O3.xyz,r0_C7H11NO2.xyz,2.484982581266919,2.2779509374435616
1447,TS_ts_guess_GtDvRk_template_4-5_8-15.xyz,40,19,21,r1_BrC8H7O3.xyz,r0_C7H11NO2.xyz,2.2351946829079568,2.4143294433858857
1448,TS_ts_guess_sT07d7_template_4-15_10-12.xyz,40,19,21,r1_BrC8H7O3.xyz,r0_C7H11NO2.xyz,2.595184756004859,2.18163470610916
1449,TS_ts_guess_K6WYQa_template_10-11_14-21.xyz,40,19,21,r1_BrC8H7O3.xyz,r0_C7H11NO2.xyz,2.1960530854694746,2.499787547832815
1450,TS_ts_guess_ktkOtM_template_4-6_17-18.xyz,42,23,19,r0_C8H10N4O.xyz,r1_C8ClH7O3.xyz,2.2632898449160237,2.432751863158263
1451,TS_ts_guess_0_aAlE_template_4-20_8-13.xyz,42,23,19,r0_C8H10N4O.xyz,r1_C8ClH7O3.xyz,2.4993476282822287,2.357805501117512
1452,TS_ts_guess_Oyv8ET_template_4-23_8-13.xyz,42,23,19,r0_C8H10N4O.xyz,r1_C8ClH7O3.xyz,2.3467001745216622,2.504574140367979
1453,TS_S4W_VH_ll_ad_4-6_17-18.xyz,42,23,19,r0_C8H10N4O.xyz,r1_C8ClH7O3.xyz,2.247017871691278,2.486069109699085
1454,TS_ts_guess_HNokBa_template_4-21_8-15.xyz,50,29,21,r0_C12H12N2O3.xyz,r1_C8H12O.xyz,2.133561337716823,2.3400711958613565
1455,TS_ts_guess_Sc4wcQ_template_4-25_8-17.xyz,50,29,21,r0_C12H12N2O3.xyz,r1_C8H12O.xyz,2.0075758687033476,2.9209996924683166
1456,TS_os4AUa_hl_ad_4-19_8-9.xyz,45,15,30,r0_C5H6N2O2.xyz,r1_C14F3H13.xyz,2.8111620577618788,2.143201276152102
1457,TS_3cmpER_hl_ad_4-21_8-9.xyz,45,15,30,r0_C5H6N2O2.xyz,r1_C14F3H13.xyz,2.5758026345587894,2.1846889266209044
1458,TS_ts_guess_TXaM35_template_4-9_13-20.xyz,50,28,22,r1_C8H14N2O4.xyz,r0_C7H11N3O.xyz,1.9387447124879542,2.984144992556494
1459,TS_ts_guess_EMlA0c_template_4-16_9-11.xyz,50,22,28,r0_C7H11N3O.xyz,r1_C8H14N2O4.xyz,2.8675012265908446,1.9827789545988226
1460,TS_ts_guess_twuJwO_template_4-22_10-13.xyz,44,21,23,r1_C6H8N4O3.xyz,r0_C10H10O3.xyz,2.3933304394922152,2.0750590285097914
1461,TS_ts_guess_lHlKKO_template_4-25_10-13.xyz,44,21,23,r1_C6H8N4O3.xyz,r0_C10H10O3.xyz,2.3613027638784487,2.1185068872439383
1462,TS_ts_guess_WUNAht_template_4-23_12-15.xyz,47,24,23,r1_C11H9N3O.xyz,r0_C10H11NO.xyz,2.853184889960691,2.223241972503218
1463,TS_jNw-Is_ll_ad_4-24_12-15.xyz,47,24,23,r1_C11H9N3O.xyz,r0_C10H11NO.xyz,2.8927049986301747,2.0956898828786668
1464,TS_ts_guess_MilI5w_template_14-21_15-16.xyz,46,30,16,r1_C12H14N2O2.xyz,r0_C6H6O4.xyz,2.354288653054251,2.345184320858384
1465,TS_ts_guess_SEPKxz_template_14-21_15-16.xyz,46,30,16,r1_C12H14N2O2.xyz,r0_C6H6O4.xyz,2.2683402980373115,2.511011073193426
1466,TS_ts_guess_kQv65Z_template_4-5_13-16.xyz,44,22,22,r0_C9F3H7O3.xyz,r1_C10H11N.xyz,2.2889374331772374,2.846204914689032
1468,TS_ts_guess_ZY8ssq_template_13-23_14-15.xyz,44,22,22,r0_C9F3H7O3.xyz,r1_C10H11N.xyz,2.7039299418439082,2.5025909123746133
1469,TS_ts_guess_ZhfRTY_template_13-14_22-25.xyz,44,22,22,r0_C9F3H7O3.xyz,r1_C10H11N.xyz,2.504133252844185,2.733935679034896
1470,TS_ts_guess_UlX-ZR_template_3-4_5-6.xyz,46,15,31,r1_C4H6N4O.xyz,r0_C13FH14NO2.xyz,2.1693824960112496,2.2503869598138
1471,TS_ts_guess_XHPKQe_template_3-4_5-6.xyz,46,15,31,r1_C4H6N4O.xyz,r0_C13FH14NO2.xyz,2.104258512255564,2.3698327308483185
1472,TS_ts_guess_l7J5o9_template_4-17_10-12.xyz,51,26,25,r0_C10H14O2.xyz,r1_C11H11NO2.xyz,2.643839296969466,2.0587801628148648
1473,TS_ts_guess_vSXZbb_template_4-22_10-12.xyz,51,26,25,r0_C10H14O2.xyz,r1_C11H11NO2.xyz,2.040668198630047,2.430696614964525
1474,TS_ts_guess_qhLeyI_template_3-14_4-6.xyz,38,9,29,r0_BrC4H3O.xyz,r1_C13H12N2O2.xyz,2.6659241652192587,2.190299556818656
1475,TS_ts_guess_m-I-MP_template_3-16_4-6.xyz,38,9,29,r0_BrC4H3O.xyz,r1_C13H12N2O2.xyz,2.5087144505104604,2.283415427687218
1476,TS_ts_guess_WtXkt3_template_10-20_11-12.xyz,40,19,21,r0_C8ClH7O3.xyz,r1_C8H8N2O3.xyz,2.325694409375402,2.4112069183087543
1477,TS_JFBrCn_hl_ad_4-23_6-13.xyz,40,21,19,r1_C8H8N2O3.xyz,r0_C8ClH7O3.xyz,2.4254997845804893,2.391507680167471
1478,TS_ts_guess_YNiUzE_template_10-18_11-12.xyz,40,19,21,r0_C8ClH7O3.xyz,r1_C8H8N2O3.xyz,2.458677475778391,2.390195699979397
1479,TS_XqLWBz_ll_ad_4-20_6-13.xyz,40,21,19,r1_C8H8N2O3.xyz,r0_C8ClH7O3.xyz,2.279834457784161,2.2814323311682947
1480,TS_30jfr0_ll_ad_3-19_7-14.xyz,39,23,16,r1_C11H9NO2.xyz,r0_C6Cl2H6O2.xyz,2.62669219829808,2.167934796920793
1481,TS_ts_guess_rpbW9q_template_4-24_6-11.xyz,41,18,23,r0_C4H7N3O4.xyz,r1_C12ClH9O.xyz,2.7390680338027384,2.3887983250161575
1482,TS_ts_guess_BA8Vbj_template_4-24_6-11.xyz,41,18,23,r0_C4H7N3O4.xyz,r1_C12ClH9O.xyz,2.7988024430638188,2.4204717202438037
1484,TS_m0a9SJ_hl_ad_4-18_6-11.xyz,41,18,23,r0_C4H7N3O4.xyz,r1_C12ClH9O.xyz,2.983804399721939,2.5244128142203683
1487,TS_ts_guess_eSfRKs_template_4-14_6-13.xyz,53,22,31,r1_C9H9N3O.xyz,r0_C12H18O.xyz,2.4463232411927907,2.4937610023015435
1490,TS_ts_guess_z1O-ik_template_4-23_10-17.xyz,44,30,14,r1_C14H13NO2.xyz,r0_C6H4N2O2.xyz,2.3591151524459337,2.8489506856560367
1491,TS_ts_guess_ESiWC__template_4-22_10-17.xyz,44,30,14,r1_C14H13NO2.xyz,r0_C6H4N2O2.xyz,2.4852680254853805,2.540555146282009
1492,TS_ts_guess_Lgy3sq_template_4-20_7-13.xyz,51,27,24,r1_C8H14N2O3.xyz,r0_C9FH12NO.xyz,2.4047303585641364,2.391283890193718
1493,TS_ts_guess_tx1bHT_template_4-23_7-13.xyz,51,27,24,r1_C8H14N2O3.xyz,r0_C9FH12NO.xyz,2.235944497611692,2.5919216899050017
1494,TS_ts_guess_RJ5gz0_template_4-22_8-15.xyz,38,24,14,r1_C11H9N3O.xyz,r0_BrC8H5.xyz,2.398205110827679,2.409551590835938
1495,TS_ts_guess_jJSdsB_template_4-17_8-15.xyz,38,24,14,r1_C11H9N3O.xyz,r0_BrC8H5.xyz,2.7617503121571287,2.2643294385976613
1496,TS_ts_guess_c1v_Pw_template_3-25_6-11.xyz,36,17,19,r0_C7H6N2O2.xyz,r1_C8F6H4O.xyz,2.4699128174492313,2.6610692073112263
1497,TS_ts_guess_0ZCAo1_template_3-21_6-11.xyz,36,17,19,r0_C7H6N2O2.xyz,r1_C8F6H4O.xyz,2.6048818894145658,2.4688057491426902
1498,TS_8BhfLd_hl_ad_4-20_10-12.xyz,39,19,20,r0_C8ClH7O3.xyz,r1_C10H6N2O2.xyz,2.194436231016978,2.3626836072991235
1499,TS_ts_guess_L2T9-b_template_10-20_11-12.xyz,39,19,20,r0_C8ClH7O3.xyz,r1_C10H6N2O2.xyz,2.1615995509344463,2.498460775917845
1500,TS_ts_guess_Sley7P_template_10-16_11-12.xyz,39,19,20,r0_C8ClH7O3.xyz,r1_C10H6N2O2.xyz,2.4629565721506337,2.176311789634013
1501,TS_Gy0BtL_hl_ad_4-16_10-12.xyz,39,19,20,r0_C8ClH7O3.xyz,r1_C10H6N2O2.xyz,2.6065745382397947,2.1628674629065925
1504,TS_ts_guess_9y0Xyt_template_12-22_13-14.xyz,46,25,21,r0_C10H11NO3.xyz,r1_C7H9NO4.xyz,2.1157458734451073,2.4265163488837245
1505,TS_ts_guess_6Efe4X_template_4-19_10-14.xyz,46,25,21,r0_C10H11NO3.xyz,r1_C7H9NO4.xyz,1.9388876762205696,2.813747743597496
1506,TS_ts_guess_k0bAfK_template_4-22_10-14.xyz,46,25,21,r0_C10H11NO3.xyz,r1_C7H9NO4.xyz,2.011251388663287,2.662681539313329
1507,TS_ts_guess_qOtl9P_template_12-19_13-14.xyz,46,25,21,r0_C10H11NO3.xyz,r1_C7H9NO4.xyz,2.6444327957806,2.0098315362985026
1508,TS_ts_guess_MmDoCX_template_4-20_6-13.xyz,44,24,20,r1_C8H11NO4.xyz,r0_BrC8H11.xyz,2.3060632981338567,2.5986384888244847
1509,TS_ts_guess_Ks_GrF_template_4-20_6-13.xyz,44,24,20,r1_C8H11NO4.xyz,r0_BrC8H11.xyz,2.0471669663952667,2.605448933869171
1510,TS_ts_guess_niZ0Jh_template_9-25_10-11.xyz,47,21,26,r0_C9ClH10N.xyz,r1_C13H11NO.xyz,1.9015278816257204,2.525134756760518
1511,TS_ts_guess_ltyjyS_template_9-13_10-11.xyz,47,21,26,r0_C9ClH10N.xyz,r1_C13H11NO.xyz,2.3221272838929394,1.9670375378472065
1512,TS_ts_guess_1scoma_template_4-22_10-13.xyz,46,24,22,r0_C9H11NO3.xyz,r1_C7H9N3O3.xyz,2.159380288091933,2.6594963030619163
1513,TS_ts_guess_wsLxx6_template_4-19_10-13.xyz,46,24,22,r0_C9H11NO3.xyz,r1_C7H9N3O3.xyz,2.520963925049305,2.2215584643893576
1514,TS_ts_guess_1M_oKL_template_11-19_12-13.xyz,46,24,22,r0_C9H11NO3.xyz,r1_C7H9N3O3.xyz,2.636737626992872,2.280028616750237
1515,TS_ts_guess_kXa0mJ_template_11-22_12-13.xyz,46,24,22,r0_C9H11NO3.xyz,r1_C7H9N3O3.xyz,2.2127866508997203,2.4868534685823365
1516,TS_ts_guess_pyRPwr_template_10-18_11-12.xyz,41,20,21,r0_C8FH8NO2.xyz,r1_C7H7NO6.xyz,2.4907564585282116,2.0886012771469815
1517,TS_ts_guess_HrJtsJ_template_4-18_10-12.xyz,41,20,21,r0_C8FH8NO2.xyz,r1_C7H7NO6.xyz,2.544473568048998,2.12119841931395
1518,TS_ts_guess_P__GSd_template_10-18_11-12.xyz,41,20,21,r0_C8FH8NO2.xyz,r1_C7H7NO6.xyz,2.0783838009616993,2.5227804175948405
1519,TS_ts_guess_zLrCLx_template_4-18_10-12.xyz,41,20,21,r0_C8FH8NO2.xyz,r1_C7H7NO6.xyz,2.2476477814372964,2.2394875416934115
1520,TS_ts_guess_wPV9Wr_template_3-24_9-14.xyz,48,21,27,r0_C9F3H7O2.xyz,r1_C11H15N.xyz,3.0234042914569,3.349600074173035
1521,TS_ts_guess_Io71iZ_template_12-18_13-14.xyz,48,21,27,r0_C9F3H7O2.xyz,r1_C11H15N.xyz,2.746106204683279,2.6277338768414125
1523,TS_ts_guess_nYMgbY_template_12-13_17-25.xyz,48,21,27,r0_C9F3H7O2.xyz,r1_C11H15N.xyz,2.6293695741374967,2.7947906795858612
1524,TS_rC6C9j_ll_ad_4-21_6-9.xyz,40,13,27,r1_C3H4N4O2.xyz,r0_BrC13H13.xyz,2.0017589895139727,2.45206926657874
1526,TS_mIW63k_ll_ad_4-20_8-13.xyz,34,17,17,r0_C7H4N4O2.xyz,r1_BrC7ClH8.xyz,2.4030656618161728,2.411052826816534
1527,TS_eaasJf_ll_ad_4-20_8-13.xyz,34,17,17,r0_C7H4N4O2.xyz,r1_BrC7ClH8.xyz,2.3897358691495594,2.429944526897682
1528,TS_ts_guess_s_k8fN_template_4-10_7-9.xyz,48,20,28,r1_C6H11NO2.xyz,r0_C11Cl2H14O.xyz,2.715757662568588,2.646725878307007
1529,TS_ts_guess_rbfq0q_template_4-10_7-9.xyz,48,20,28,r1_C6H11NO2.xyz,r0_C11Cl2H14O.xyz,2.5108602553109165,2.493419526393423
1530,TS_ts_guess_z37RCK_template_4-5_7-20.xyz,52,26,26,r1_C10H14O2.xyz,r0_C14H11N.xyz,2.1905958185388745,2.7767313343029785
1531,TS_ts_guess_UxF8di_template_4-14_10-12.xyz,52,26,26,r1_C10H14O2.xyz,r0_C14H11N.xyz,3.05453997179608,2.331200486723525
1534,TS_ts_guess_RM2Lv7_template_12-19_13-14.xyz,45,31,14,r0_C12ClH17O.xyz,r1_C6H3NO4.xyz,2.3676934402282743,2.584020130920036
1535,TS_ts_guess_j9oP1O_template_12-20_13-14.xyz,45,31,14,r0_C12ClH17O.xyz,r1_C6H3NO4.xyz,2.7069815653047957,2.227562378498075
1536,TS_ts_guess_9U-P1S_template_3-24_6-16.xyz,50,31,19,r0_C13H15NO2.xyz,r1_C9H8N2.xyz,2.409102470776202,2.477525523440677
1537,TS_ts_guess_PU4gEO_template_5-6_14-27.xyz,49,13,36,r1_C6H6O.xyz,r0_C20H15N.xyz,2.385378636715773,2.750282547248555
1538,TS_ts_guess_QBkkb3_template_4-7_10-14.xyz,45,35,10,r1_C14H15N3O3.xyz,r0_C5H3NO.xyz,2.410996787140124,2.2652805131373905
1539,TS_ts_guess_9GahTl_template_4-7_11-14.xyz,45,35,10,r1_C14H15N3O3.xyz,r0_C5H3NO.xyz,2.2492560527650025,2.630961840297194
1540,TS_ts_guess_8QFBQ-_template_4-5_10-17.xyz,47,27,20,r1_C8H13N3O3.xyz,r0_C7H8N4O.xyz,2.045796833534552,2.5869705159123866
1541,TS_ts_guess_Kk6y-L_template_4-19_5-14.xyz,47,27,20,r1_C8H13N3O3.xyz,r0_C7H8N4O.xyz,2.1737066088596224,2.3018084546938304
1542,TS_ts_guess_wxigc__template_2-6_14-15.xyz,49,35,14,r0_C17H16N2.xyz,r1_C7H5NO.xyz,2.3717666295190174,2.6057349078906706
1543,TS_ts_guess_XFgOAv_template_2-15_21-24.xyz,49,35,14,r0_C17H16N2.xyz,r1_C7H5NO.xyz,2.4474284722949515,2.7269907860680425
1544,TS_ts_guess_lM_ezi_template_2-6_12-15.xyz,49,35,14,r0_C17H16N2.xyz,r1_C7H5NO.xyz,2.2610319547277524,3.1459535105751324
1545,TS_ts_guess_Uwd8tD_template_2-6_14-15.xyz,49,35,14,r0_C17H16N2.xyz,r1_C7H5NO.xyz,2.3818966337563854,2.582253821625597
1546,TS_ts_guess_-d2Sac_template_17-22_18-19.xyz,48,37,11,r0_C14FH18NO3.xyz,r1_C3H4N2O2.xyz,2.2104464850568086,2.1586802839003276
1547,TS_ts_guess_WkHDjI_template_17-21_18-19.xyz,48,37,11,r0_C14FH18NO3.xyz,r1_C3H4N2O2.xyz,2.121232842782706,2.216169436595496
1549,TS_ts_guess_qMgiGL_template_4-22_12-13.xyz,41,24,17,r1_C10H11NO2.xyz,r0_BrC7H7O2.xyz,2.880117348789802,2.5040988351700495
1550,TS_ts_guess_5poWVK_template_4-22_12-13.xyz,41,24,17,r1_C10H11NO2.xyz,r0_BrC7H7O2.xyz,2.7652145627600038,2.573114857074981
1551,TS_L1wLwG_ll_ad_4-20_12-13.xyz,41,24,17,r1_C10H11NO2.xyz,r0_BrC7H7O2.xyz,3.0402371685445857,2.7276920282355928
1552,TS_ts_guess_JiSaIp_template_4-24_5-10.xyz,51,17,34,r1_C6H7NO3.xyz,r0_C16H17N.xyz,2.251132966597042,2.81902859641402
1553,TS_ts_guess_CsnyUO_template_4-14_5-10.xyz,51,17,34,r1_C6H7NO3.xyz,r0_C16H17N.xyz,2.314843530457296,2.6033806831502764
1554,TS_BPFh-q_hl_ad_4-5_10-16.xyz,50,30,20,r0_C11H15NO3.xyz,r1_C7H9NO3.xyz,2.142537263409904,2.6610566639213076
1555,TS_ts_guess_wNkx28_template_4-20_10-15.xyz,50,30,20,r0_C11H15NO3.xyz,r1_C7H9NO3.xyz,2.574176477497221,2.168419404866134
1556,TS_ts_guess_q2AxgP_template_4-23_7-16.xyz,45,27,18,r0_C11H11N3O2.xyz,r1_C8ClH8N.xyz,2.081086823248852,2.4182441674901236
1557,TS_ts_guess_NLjLSD_template_4-24_7-16.xyz,45,27,18,r0_C11H11N3O2.xyz,r1_C8ClH8N.xyz,2.030366184977478,2.63962855381207
1558,TS_diH8Iv_hl_ad_4-14_6-9.xyz,32,16,16,r1_C5H7N3O.xyz,r0_Br2C6H6O2.xyz,2.843379528413328,2.2192750963546635
1559,TS_ts_guess_G5wPDm_template_4-24_8-17.xyz,46,29,17,r0_C9H12N4O4.xyz,r1_C7F2H8.xyz,2.461380577338661,2.361456525473209
1560,TS_ts_guess_cw5EOo_template_4-20_6-13.xyz,52,25,27,r0_C10H12N2O.xyz,r1_C13FH13.xyz,2.64841469383101,2.2112714795565016
1561,TS_ts_guess_imAv99_template_4-25_6-13.xyz,52,25,27,r0_C10H12N2O.xyz,r1_C13FH13.xyz,2.3352349223365088,2.518846880161634
1562,TS_ts_guess_TdV9dJ_template_4-23_11-14.xyz,48,26,22,r1_C8H12N4O2.xyz,r0_C9ClH11O.xyz,2.351487573452175,2.2739768918350953
1563,TS_ts_guess_SaZr10_template_4-21_11-14.xyz,48,26,22,r1_C8H12N4O2.xyz,r0_C9ClH11O.xyz,2.6254196517128454,2.1217883420360284
1564,TS_ts_guess_O_66LK_template_4-26_6-10.xyz,48,19,29,r0_C6H9N3O.xyz,r1_C14H12O3.xyz,2.382261823519825,2.5613188243559217
1565,TS_ts_guess_u7Ior1_template_4-26_6-10.xyz,48,19,29,r0_C6H9N3O.xyz,r1_C14H12O3.xyz,2.3946937289766304,2.5423354532791302
1566,TS_ts_guess_97dqZE_template_4-20_6-10.xyz,48,19,29,r0_C6H9N3O.xyz,r1_C14H12O3.xyz,2.27501375857378,2.5041376322798232
1567,TS_ts_guess_Gja-cc_template_4-22_6-10.xyz,48,19,29,r0_C6H9N3O.xyz,r1_C14H12O3.xyz,2.3221957716997075,2.5242059372008456
1568,TS_ts_guess_1PVBZJ_template_3-17_9-11.xyz,45,22,23,r0_C9ClH11O.xyz,r1_C11H8N2O2.xyz,2.7390725851828024,2.0290629858138955
1569,TS_ts_guess_rX5gJK_template_3-21_9-11.xyz,45,22,23,r0_C9ClH11O.xyz,r1_C11H8N2O2.xyz,2.114498815819011,2.251740275120557
1570,TS_ts_guess_G9icmO_template_2-5_10-14.xyz,50,34,16,r1_C16H16O2.xyz,r0_C6H7NO2.xyz,2.033848687218398,2.886623500389339
1571,TS_ts_guess_xT5XZB_template_2-5_10-14.xyz,50,34,16,r1_C16H16O2.xyz,r0_C6H7NO2.xyz,2.4707237027842672,2.2176595403713346
1572,TS_ts_guess_LEM1Od_template_4-23_10-15.xyz,44,23,21,r0_C9F3H8NO2.xyz,r1_C7H10N2O2.xyz,2.388327095541982,2.781886554642371
1573,TS_ts_guess_CIpF0E_template_13-20_14-15.xyz,44,23,21,r0_C9F3H8NO2.xyz,r1_C7H10N2O2.xyz,2.415678366049587,2.388526124914693
1574,TS_ts_guess_dXwXuG_template_13-14_19-25.xyz,44,23,21,r0_C9F3H8NO2.xyz,r1_C7H10N2O2.xyz,2.272439808883835,2.7623385687493123
1575,TS_ts_guess_a4lZ10_template_4-20_10-15.xyz,44,23,21,r0_C9F3H8NO2.xyz,r1_C7H10N2O2.xyz,2.7074315625514895,2.342060608801574
1576,TS_ts_guess_c8Eg5G_template_4-20_8-13.xyz,47,27,20,r1_C8H14N2O3.xyz,r0_BrC8H11.xyz,2.446832715123778,2.3908385037471684
1577,TS_ts_guess_Ll5O8k_template_4-20_8-13.xyz,47,27,20,r1_C8H14N2O3.xyz,r0_BrC8H11.xyz,2.4651351149582044,2.3597546374782272
1578,TS_ts_guess_Nb177F_template_3-22_8-15.xyz,40,26,14,r1_C12H11NO2.xyz,r0_BrC8H5.xyz,2.441514687750209,2.319260207781783
1579,TS_vs_D0Z_ll_ad_3-17_8-15.xyz,40,26,14,r1_C12H11NO2.xyz,r0_BrC8H5.xyz,2.770385697876742,2.2366904837504897
1580,TS_ts_guess_3JnmE8_template_4-10_6-9.xyz,46,12,34,r1_C4H3N3O2.xyz,r0_C13F3H17O.xyz,2.5660381965590457,2.4157974326089513
1581,TS_ts_guess_6Sosi4_template_4-10_6-9.xyz,46,12,34,r1_C4H3N3O2.xyz,r0_C13F3H17O.xyz,2.63676406479609,2.4935605228869018
1582,TS_ts_guess_mINIxT_template_4-21_6-12.xyz,37,15,22,r1_C6H3NO5.xyz,r0_BrC9H11O.xyz,2.448209444675843,2.2695906013640434
1583,TS_ts_guess_VJAaYQ_template_4-19_6-12.xyz,37,15,22,r1_C6H3NO5.xyz,r0_BrC9H11O.xyz,2.6353484777159926,2.252666398271169
1584,TS_ts_guess_wVGmfO_template_3-20_9-11.xyz,54,25,29,r0_C10H14O.xyz,r1_C13H13N3.xyz,2.6443262931794176,1.9397336271251266
1585,TS_ts_guess_pPHWdh_template_4-25_6-15.xyz,46,28,18,r1_C7H13N5O3.xyz,r0_C8FH7O2.xyz,2.3440458657842003,2.5332310933864677
1586,TS_ts_guess_Q8hUp2_template_4-24_6-15.xyz,46,28,18,r1_C7H13N5O3.xyz,r0_C8FH7O2.xyz,2.0258884481876094,2.5226731386368706
1587,TS_ts_guess_BX6T5n_template_4-25_6-15.xyz,46,28,18,r1_C7H13N5O3.xyz,r0_C8FH7O2.xyz,2.336258164801142,2.5633033588126084
1588,TS_ts_guess_mkXPbN_template_4-22_6-15.xyz,46,28,18,r1_C7H13N5O3.xyz,r0_C8FH7O2.xyz,2.4239448400695918,2.172900673477736
1589,TS_zbumyf_hl_ad_12-16_13-14.xyz,45,27,18,r1_C10Cl2H13NO.xyz,r0_C6H8N2O2.xyz,2.853594490620558,2.230377728412835
1590,TS_ts_guess_OeJCPS_template_12-23_13-14.xyz,45,27,18,r1_C10Cl2H13NO.xyz,r0_C6H8N2O2.xyz,2.484474578255934,2.764283276276149
1591,TS_ts_guess_z03PU3_template_4-24_10-14.xyz,51,25,26,r0_C8H11NO5.xyz,r1_C10H14O2.xyz,2.299409568693668,2.347992001051111
1592,TS_ts_guess_fcwggY_template_4-21_10-14.xyz,51,25,26,r0_C8H11NO5.xyz,r1_C10H14O2.xyz,2.480899676548812,2.1516134661690516
1597,TS_ts_guess_IodDbH_template_3-12_8-11.xyz,53,17,36,r0_C6H6N2O3.xyz,r1_C16H20.xyz,2.505539917802149,2.678766198345797
1600,TS_ts_guess_bmYynN_template_4-14_9-13.xyz,47,23,24,r0_C8H10N2O3.xyz,r1_C9F3H11O.xyz,2.662143563164842,2.6709717762642122
1601,TS_ts_guess_V0F-7W_template_4-23_9-13.xyz,52,25,27,r0_C8H12N2O3.xyz,r1_C10H14O3.xyz,2.9742289421798045,1.9564608191578996
1602,TS_ts_guess_vHLDyi_template_4-21_9-13.xyz,52,25,27,r0_C8H12N2O3.xyz,r1_C10H14O3.xyz,2.3298874411653454,2.1199378071537853
1603,TS_ts_guess_uOsDst_template_4-19_10-13.xyz,54,28,26,r1_C10H15NO2.xyz,r0_C9H13NO3.xyz,2.3405334768167703,2.281725781639853
1604,TS_ts_guess_O31DqX_template_4-21_10-13.xyz,54,28,26,r1_C10H15NO2.xyz,r0_C9H13NO3.xyz,2.17885048752777,2.401071079122815
1605,TS_ts_guess_I41oJU_template_4-26_8-17.xyz,47,30,17,r1_C9H13N5O3.xyz,r0_C8H7NO.xyz,2.4928539406471453,2.3208661925669043
1606,TS_ts_guess_TPp2aB_template_4-25_8-17.xyz,47,30,17,r1_C9H13N5O3.xyz,r0_C8H7NO.xyz,2.336828164007786,2.4280107073281205
1607,TS_ts_guess_0lDtaQ_template_4-26_8-17.xyz,47,30,17,r1_C9H13N5O3.xyz,r0_C8H7NO.xyz,2.4841202713435595,2.3253877427431324
1608,TS_ts_guess_0Q404t_template_4-25_10-17.xyz,47,30,17,r1_C9H13N5O3.xyz,r0_C8H7NO.xyz,2.3120564681252924,2.435241726995495
1609,TS_ts_guess_wsM26d_template_4-17_7-10.xyz,50,19,31,r1_C6H9N3O.xyz,r0_C14H14O3.xyz,2.9566308342605097,2.1020335530385807
1611,TS_ts_guess_SrNmMA_template_4-25_6-17.xyz,48,28,20,r0_C12H11NO4.xyz,r1_C8H10O2.xyz,2.3289912159774238,2.9491206940713703
1612,TS_ts_guess_mgaZGY_template_4-26_6-17.xyz,48,28,20,r0_C12H11NO4.xyz,r1_C8H10O2.xyz,2.347394295873618,2.752081576352707
1613,TS_ts_guess__SgVoZ_template_4-24_6-17.xyz,48,28,20,r0_C12H11NO4.xyz,r1_C8H10O2.xyz,2.3784267111054738,2.706828548781766
1614,TS_ts_guess_d1z1g1_template_4-26_6-17.xyz,48,28,20,r0_C12H11NO4.xyz,r1_C8H10O2.xyz,2.345668771097062,2.743626379483912
1615,TS_ts_guess_dYoM8P_template_4-20_6-13.xyz,35,22,13,r0_C7H9N3O3.xyz,r1_BrC6ClH4O.xyz,2.6309260853737415,2.8946303377460825
1617,TS_ts_guess_5WbkOp_template_4-20_6-13.xyz,35,22,13,r0_C7H9N3O3.xyz,r1_BrC6ClH4O.xyz,2.6464221388508675,2.8669520796309103
1619,TS_ts_guess_GtfzHI_template_4-14_7-13.xyz,51,23,28,r1_C8H10N2O3.xyz,r0_C12H14N2.xyz,2.220400820887977,2.4379438563880016
1620,TS_ts_guess_mSwJof_template_4-14_7-13.xyz,51,23,28,r1_C8H10N2O3.xyz,r0_C12H14N2.xyz,2.2716597599772728,2.2977784426267034
1623,TS_ts_guess_Wf0YDe_template_4-22_6-13.xyz,50,22,28,r0_C9H9N3O.xyz,r1_C11H14O3.xyz,2.492954879836376,2.2364611835889305
1624,TS_ts_guess_9557cQ_template_4-23_6-13.xyz,50,22,28,r0_C9H9N3O.xyz,r1_C11H14O3.xyz,2.6460429746510163,2.1699507017902504
1625,TS_ts_guess_R30etW_template_4-9_10-15.xyz,47,37,10,r1_C11H17N3O6.xyz,r0_C4H4O2.xyz,2.207702164264917,2.60994030812967
1627,TS_ts_guess_9PQ9Wn_template_14-24_15-16.xyz,60,36,24,r0_C16H20.xyz,r1_C10H13N.xyz,2.5922682079213946,2.446321555192612
1628,TS_ts_guess_igFELC_template_14-20_15-16.xyz,60,36,24,r0_C16H20.xyz,r1_C10H13N.xyz,2.3968748087040344,2.625487455388046
1629,TS_ts_guess_h5niXc_template_4-14_7-11.xyz,53,21,32,r1_C5H10N4O2.xyz,r0_C16H16.xyz,2.5324890196010723,2.0003562359239915
1630,TS_ts_guess_1GVtBP_template_4-24_7-11.xyz,53,21,32,r1_C5H10N4O2.xyz,r0_C16H16.xyz,2.128234822781546,2.121542789787658
1631,TS_ts_guess_OkPwjb_template_14-18_15-16.xyz,46,30,16,r0_C11F3H14NO.xyz,r1_C8H5N3.xyz,2.334266021472274,2.276293791319565
1632,TS_ts_guess_fASmMn_template_14-26_15-16.xyz,46,30,16,r0_C11F3H14NO.xyz,r1_C8H5N3.xyz,2.1246056693419604,2.4684998024913836
1634,TS_ts_guess_k98ZiB_template_4-21_6-12.xyz,40,22,18,r1_C7H10N2O3.xyz,r0_BrC8H7O2.xyz,2.372718438015771,2.968908917195002
1635,TS_ts_guess_wfpNVy_template_4-22_6-12.xyz,40,22,18,r1_C7H10N2O3.xyz,r0_BrC8H7O2.xyz,2.185043019507854,2.8021723597773214
1636,TS_ts_guess_4xpXVm_template_4-19_6-12.xyz,40,22,18,r1_C7H10N2O3.xyz,r0_BrC8H7O2.xyz,2.341068617704317,2.648024509403189
1637,TS_ts_guess_zou71P_template_4-20_8-13.xyz,39,22,17,r0_C8H9N3O2.xyz,r1_BrC7ClH8.xyz,2.3212107848276085,2.514539530987731
1638,TS_ts_guess_FZOhNr_template_4-20_8-13.xyz,39,22,17,r0_C8H9N3O2.xyz,r1_BrC7ClH8.xyz,2.3116592039052812,2.52980715747268
1639,TS_ts_guess_ho3H9M_template_4-13_9-12.xyz,43,19,24,r0_C6H7N3O3.xyz,r1_C12H8N4.xyz,2.381687911398133,2.0822860000729966
1640,TS_hO0bS5_hl_ad_4-24_9-17.xyz,49,32,17,r0_C13H15N3O.xyz,r1_C7ClFH8.xyz,2.448678102589232,2.291785185003167
1641,TS_ts_guess_N2matl_template_4-24_9-17.xyz,49,32,17,r0_C13H15N3O.xyz,r1_C7ClFH8.xyz,2.353390880113204,2.385383527946816
1642,TS_ts_guess_yjKfba_template_4-23_8-13.xyz,41,20,21,r1_C7H7N3O3.xyz,r0_C9F3H7O2.xyz,2.637980241965432,2.108915017443804
1643,TS_ts_guess_YWXJOn_template_4-24_8-11.xyz,41,20,21,r1_C7H7N3O3.xyz,r0_C9F3H7O2.xyz,2.4806383134991687,2.0822420991085546
1644,TS_ts_guess_hA9C_6_template_4-22_8-13.xyz,41,20,21,r1_C7H7N3O3.xyz,r0_C9F3H7O2.xyz,2.2577427736126188,2.1767465558259187
1645,TS_ts_guess_8q-0JK_template_4-24_8-11.xyz,41,20,21,r1_C7H7N3O3.xyz,r0_C9F3H7O2.xyz,2.455896972716893,2.1100018849754614
1646,TS_ts_guess_sH7cIF_template_4-5_6-7.xyz,49,15,34,r1_C3H7N3O2.xyz,r0_C14H15N3O2.xyz,2.14320584566672,2.0808261211595744
1647,TS_ts_guess_JU71Qa_template_4-5_6-7.xyz,49,15,34,r1_C3H7N3O2.xyz,r0_C14H15N3O2.xyz,2.24794488070771,1.8807983291676968
1648,TS_ts_guess_nlNKiz_template_4-20_10-12.xyz,44,24,20,r0_BrC9H12NO.xyz,r1_C7H9NO3.xyz,2.3708856103574463,2.5226052915587087
1649,TS_ts_guess_hLA3wr_template_4-16_10-12.xyz,44,24,20,r0_BrC9H12NO.xyz,r1_C7H9NO3.xyz,2.561040196014112,2.3635952886228218
1650,TS_ts_guess_BL6GWA_template_1-22_9-12.xyz,43,20,23,r0_C10H8N2.xyz,r1_C9F6H8.xyz,2.972943182908143,2.1220067412004138
1651,TS_ts_guess_a3mk6a_template_4-22_6-14.xyz,47,26,21,r0_C10H12N2O2.xyz,r1_C9F3H8N.xyz,1.9397859854117927,2.4348222907226718
1652,TS_ts_guess_IGW07f_template_4-24_6-14.xyz,47,26,21,r0_C10H12N2O2.xyz,r1_C9F3H8N.xyz,1.9954489323708586,2.3242569233413075
1653,TS_ts_guess_-mbCyt_template_4-25_9-17.xyz,51,32,19,r0_C13H15N3O.xyz,r1_C9H8N2.xyz,2.2652791073949365,2.305528606133526
1654,TS_ts_guess_dv6kEJ_template_4-17_10-16.xyz,51,27,24,r1_C9H11N3O4.xyz,r0_C10H13N.xyz,2.472777119535847,2.5207099271832134
1655,TS_ts_guess_H7mUrK_template_4-17_10-16.xyz,51,27,24,r1_C9H11N3O4.xyz,r0_C10H13N.xyz,2.628788505110292,2.7543987662283027
1656,TS_ts_guess_Lu-ne6_template_2-6_13-15.xyz,48,35,13,r0_C17H16N2.xyz,r1_C6F2H4O.xyz,2.422191848491775,2.8050877516576906
1657,TS_ts_guess_3qppWd_template_2-6_14-15.xyz,48,35,13,r0_C17H16N2.xyz,r1_C6F2H4O.xyz,2.381972631685763,2.595762499863961
1658,TS_SrL16Q_hl_ad_3-21_11-12.xyz,51,23,28,r1_C10H11NO.xyz,r0_C14H12O2.xyz,3.0095018717555235,2.258698752312933
1659,TS_D5amFZ_hl_ad_3-24_11-12.xyz,51,23,28,r1_C10H11NO.xyz,r0_C14H12O2.xyz,2.9318292819500935,2.274249693415391
1660,TS_ts_guess_6kiofZ_template_14-15_17-27.xyz,51,28,23,r0_C14H12O2.xyz,r1_C10H11NO.xyz,2.1955987644831647,2.7595376961368006
1661,TS_ts_guess_wVYi_C_template_14-18_15-16.xyz,51,28,23,r0_C14H12O2.xyz,r1_C10H11NO.xyz,2.6400784153695134,2.2858889697227203
1662,TS_ts_guess_qvJ2np_template_13-14_18-26.xyz,47,26,21,r0_C10H11NO4.xyz,r1_C7H9N3O2.xyz,2.302175399508039,2.487895283085685
1663,TS_ts_guess_NLwGDT_template_13-19_14-15.xyz,47,26,21,r0_C10H11NO4.xyz,r1_C7H9N3O2.xyz,2.4322998738025703,2.402045101200225
1664,TS_ts_guess_aQmNtS_template_4-22_9-12.xyz,47,21,26,r1_C7H9N3O2.xyz,r0_C10H11NO4.xyz,2.3995490437580145,2.295814673748733
1665,TS_ts_guess_ScWCVC_template_4-22_9-12.xyz,47,21,26,r1_C7H9N3O2.xyz,r0_C10H11NO4.xyz,2.740559348618453,2.2443658736489467
1666,TS_ts_guess_KPy2-2_template_4-18_6-10.xyz,40,18,22,r1_C6H8N2O2.xyz,r0_C8F6H6O2.xyz,2.359269189325372,2.777674196895669
1667,TS_ts_guess_4pje2V_template_4-20_9-14.xyz,46,26,20,r1_C8H12N2O4.xyz,r0_C6F2H8N2O2.xyz,2.3387235021267476,2.1314436729362565
1668,TS_ts_guess_PQwJmp_template_4-23_6-19.xyz,48,33,15,r0_C16H14N2O.xyz,r1_C6H6O3.xyz,2.30307997394793,3.122152688851075
1669,TS_ts_guess_Pizwa3_template_4-24_6-19.xyz,48,33,15,r0_C16H14N2O.xyz,r1_C6H6O3.xyz,2.191318682391952,2.9981582603158228
1670,TS_ts_guess_39KT6D_template_4-14_6-13.xyz,40,20,20,r0_C7H7NO5.xyz,r1_BrC8FH10.xyz,2.5430028337380985,2.3223659132229786
1671,TS_ts_guess_Opm7AT_template_4-14_6-13.xyz,40,20,20,r0_C7H7NO5.xyz,r1_BrC8FH10.xyz,2.51837715686114,2.3783905130150513
1672,TS_ts_guess_imZqHI_template_4-5_13-21.xyz,48,19,29,r0_C8FH7O3.xyz,r1_C15H13N.xyz,2.4561978865107754,2.5580046006604444
1673,TS_ts_guess_wVakSP_template_10-20_11-12.xyz,48,19,29,r0_C8FH7O3.xyz,r1_C15H13N.xyz,2.7460290265763763,2.276363004224063
1675,TS_ts_guess_STo9Qt_template_10-11_19-27.xyz,48,19,29,r0_C8FH7O3.xyz,r1_C15H13N.xyz,2.2110605843576514,2.952001382858755
1676,TS_x-oxl4_ll_ad_2-21_4-14.xyz,37,20,17,r1_C10H6N2O2.xyz,r0_BrC7ClH8.xyz,2.366150398622201,2.080488262812362
1677,TS_ua-zdp_ll_ad_2-21_4-14.xyz,37,20,17,r1_C10H6N2O2.xyz,r0_BrC7ClH8.xyz,2.42703185049146,2.0585793497701275
1678,TS_LCEp5M_hl_ad_4-12_10-11.xyz,55,20,35,r0_C5H9N3O3.xyz,r1_C13H20O2.xyz,2.5546187382269,2.4153970550822486
1680,TS_ts_guess_9bzdkO_template_11-18_12-13.xyz,52,28,24,r1_C10FH15O2.xyz,r0_C11H10N2O.xyz,2.344333618515078,2.409556231943965
1681,TS_RQYdeC_hl_ad_11-23_12-13.xyz,52,28,24,r1_C10FH15O2.xyz,r0_C11H10N2O.xyz,2.4736253742432384,2.835787494665283
1682,TS_ts_guess_UtRt66_template_4-21_10-13.xyz,46,23,23,r1_C9H10O4.xyz,r0_C9H9NO4.xyz,2.3675152282086804,2.6576117503126753
1684,TS_ts_guess_it77_S_template_4-20_10-13.xyz,46,23,23,r1_C9H10O4.xyz,r0_C9H9NO4.xyz,2.5448462254721798,2.8145075944114986
1686,TS_ts_guess_RILebt_template_4-21_8-11.xyz,41,18,23,r0_C5H7N3O3.xyz,r1_C9F6H8.xyz,1.9267861730352955,2.572233823702659
1687,TS_ts_guess_SYWoeP_template_11-21_12-13.xyz,50,24,26,r1_C10F2H11N.xyz,r0_C13H11NO.xyz,2.5307879291042936,2.7358924646630394
1688,TS_ts_guess_6US5CE_template_11-21_12-13.xyz,50,24,26,r1_C10F2H11N.xyz,r0_C13H11NO.xyz,2.4515970355872105,2.5229449319000206
1689,TS_ts_guess_QgIsnI_template_15-26_16-17.xyz,53,34,19,r0_C12FH17N2O2.xyz,r1_C7H9N3.xyz,1.9604711173847984,2.489978126389868
1690,TS_ts_guess_FwM7qO_template_15-20_16-17.xyz,53,34,19,r0_C12FH17N2O2.xyz,r1_C7H9N3.xyz,2.265862809748198,2.0538837767020803
1692,TS_ts_guess_jwtHq1_template_3-24_9-12.xyz,50,22,28,r1_C8H10N2O2.xyz,r0_C14H12O2.xyz,2.7773135693507855,2.166355198161188
1693,TS_ts_guess_CQNIiQ_template_14-15_20-27.xyz,50,28,22,r0_C14H12O2.xyz,r1_C8H10N2O2.xyz,2.3725918287181216,2.4344598103686166
1694,TS_ts_guess_vMIawh_template_14-21_15-16.xyz,50,28,22,r0_C14H12O2.xyz,r1_C8H10N2O2.xyz,2.4207374780632454,2.384568059796155
1695,TS_ts_guess_UnlAFf_template_3-21_5-18.xyz,47,32,15,r0_C16H14O2.xyz,r1_BrC5H9.xyz,2.2420876101526455,2.6763522870690997
1696,TS_ts_guess__Snes2_template_3-21_5-18.xyz,47,32,15,r0_C16H14O2.xyz,r1_BrC5H9.xyz,2.2452452796075533,2.6610807216617838
1697,TS_cNqQCQ_ll_ad_4-5_10-17.xyz,52,31,21,r1_C11H16N2O2.xyz,r0_C8H9NO3.xyz,1.9855583894965163,3.055889148987574
1698,TS_ts_guess_4tFPCJ_template_4-23_10-14.xyz,49,26,23,r1_C8H12N2O4.xyz,r0_C10H10O3.xyz,2.7241638721266384,2.1180732269447153
1699,TS_ts_guess_dHG2sJ_template_4-8_20-21.xyz,49,26,23,r1_C8H12N2O4.xyz,r0_C10H10O3.xyz,2.559242819741808,2.2241094227353115
1700,TS_ts_guess_TjOCqB_template_4-8_6-7.xyz,43,12,31,r1_C3H5NO3.xyz,r0_C13F3H11N2O2.xyz,2.2250044805348144,2.1206080587887994
1701,TS_ts_guess_aYmIUR_template_4-8_6-7.xyz,43,12,31,r1_C3H5NO3.xyz,r0_C13F3H11N2O2.xyz,2.3243848783925607,2.0526030828438313
1702,TS_lkDVjU_ll_ad_4-22_10-17.xyz,45,29,16,r1_C11H12N2O4.xyz,r0_C6F2H6O2.xyz,2.032336128375422,2.120648918609584
1703,TS_ts_guess_gKp9tX_template_4-26_9-16.xyz,48,29,19,r0_C10H13NO5.xyz,r1_C8H8O3.xyz,2.5697949986137028,2.6714445434258973
1704,TS_ts_guess_W_kaoe_template_4-26_9-16.xyz,48,29,19,r0_C10H13NO5.xyz,r1_C8H8O3.xyz,2.4619391714662653,2.740792983754884
1706,TS_ts_guess_x7CjeN_template_4-22_9-16.xyz,48,29,19,r0_C10H13NO5.xyz,r1_C8H8O3.xyz,2.834393832426962,2.5994840385930438
1707,TS_ts_guess_2WyT8R_template_4-20_11-14.xyz,42,24,18,r1_C8H10N2O4.xyz,r0_C6F6H6.xyz,2.4548671810507385,2.1364299871748664
1708,TS_ts_guess_52TJ0__template_4-21_7-14.xyz,45,25,20,r1_C7H11N5O2.xyz,r0_C8ClH8NO2.xyz,2.129302049334476,2.4693774490547207
1710,TS_ts_guess_wmuqGf_template_10-19_11-12.xyz,45,20,25,r0_C8ClH8NO2.xyz,r1_C7H11N5O2.xyz,2.659387499801411,2.361475801802763
1711,TS_ts_guess__FWeDf_template_4-24_7-14.xyz,45,25,20,r1_C7H11N5O2.xyz,r0_C8ClH8NO2.xyz,2.0757718769171145,2.6804242647760073
1715,TS_ts_guess_Rszzns_template_4-25_6-13.xyz,48,24,24,r0_C8H11NO4.xyz,r1_C13H9NO.xyz,2.3733716379867693,2.804592951374584
1717,TS_ts_guess_Ao5bX6_template_4-20_10-11.xyz,52,24,28,r0_C9H13NO.xyz,r1_C10H12N2O4.xyz,2.5048257547781643,2.284462851459835
1718,TS_ts_guess_NuiQlD_template_4-23_8-11.xyz,42,16,26,r0_C6H5N3O2.xyz,r1_C13F3H9O.xyz,2.485954829416657,2.2831472395358126
1719,TS_ts_guess_0XRgK8_template_4-27_8-11.xyz,42,16,26,r0_C6H5N3O2.xyz,r1_C13F3H9O.xyz,2.5128009817333328,2.3246486344607007
1720,TS_ts_guess_2UusPI_template_4-21_8-11.xyz,42,16,26,r0_C6H5N3O2.xyz,r1_C13F3H9O.xyz,2.575045673090091,2.2870228685782745
1721,TS_ts_guess__mJv6P_template_4-27_8-11.xyz,42,16,26,r0_C6H5N3O2.xyz,r1_C13F3H9O.xyz,2.3635619498756535,2.4195681720092126
1722,TS_H7WHzL_ll_ad_3-23_8-17.xyz,44,28,16,r0_C13H11N3O.xyz,r1_C7F3H5O.xyz,2.4317047191425196,2.270549394485837
1723,TS_ts_guess_hZgn-b_template_3-6_12-17.xyz,44,28,16,r0_C13H11N3O.xyz,r1_C7F3H5O.xyz,2.293555180282349,2.4649056493910675
1724,TS_ts_guess_EJWAAt_template_3-6_16-17.xyz,44,28,16,r0_C13H11N3O.xyz,r1_C7F3H5O.xyz,2.3588240208629387,2.370951826482352
1725,TS_ts_guess_DNSSPJ_template_3-6_16-17.xyz,44,28,16,r0_C13H11N3O.xyz,r1_C7F3H5O.xyz,2.3692757959342767,2.364519398841972
1726,TS_ts_guess_KklFT__template_4-22_7-14.xyz,45,24,21,r0_C7H10N4O3.xyz,r1_C9F3H8N.xyz,2.0624852875596473,2.5087305555399926
1727,TS_ts_guess_YRoT80_template_4-24_7-14.xyz,45,24,21,r0_C7H10N4O3.xyz,r1_C9F3H8N.xyz,2.0513962467792517,2.4274882937925777
1728,TS_ts_guess_ANa1v7_template_4-21_9-16.xyz,47,29,18,r0_C10H13NO5.xyz,r1_C5ClH9O3.xyz,1.998748899937158,3.0630442901629746
1729,TS_ts_guess_dbQDZE_template_4-20_9-16.xyz,47,29,18,r0_C10H13NO5.xyz,r1_C5ClH9O3.xyz,3.1353717675739823,2.0045634144371687
1730,TS_ts_guess_ujfZR__template_4-25_13-19.xyz,54,37,17,r0_C14H18N2O3.xyz,r1_C7FH9.xyz,2.5294724351729942,2.4151816818409335
1731,TS_ts_guess_LWIxwE_template_4-11_17-19.xyz,54,37,17,r0_C14H18N2O3.xyz,r1_C7FH9.xyz,2.4401610086836487,2.614201349131317
1732,TS_ts_guess_yTqHFG_template_4-26_6-15.xyz,42,23,19,r0_C11H8N2O2.xyz,r1_C8ClH7O3.xyz,2.099415563365195,3.1540304975538835
1733,TS_ts_guess_WLbahU_template_4-25_6-15.xyz,42,23,19,r0_C11H8N2O2.xyz,r1_C8ClH7O3.xyz,2.2938443946571443,2.8878049450404366
1734,TS_ts_guess_5ohREd_template_4-22_6-15.xyz,42,23,19,r0_C11H8N2O2.xyz,r1_C8ClH7O3.xyz,2.2899973301731165,2.682308207402721
1735,TS_ts_guess_nOo8QZ_template_4-26_6-15.xyz,42,23,19,r0_C11H8N2O2.xyz,r1_C8ClH7O3.xyz,2.105830902280618,3.109425073980719
1736,TS_ts_guess_uVFUT4_template_4-12_7-11.xyz,48,23,25,r1_C7H12N2O2.xyz,r0_BrC10H13O.xyz,2.3782745037106205,2.4677376122472987
1737,TS_ts_guess_eRRXhU_template_4-12_7-11.xyz,48,23,25,r1_C7H12N2O2.xyz,r0_BrC10H13O.xyz,2.548382742878314,2.33490041301551
1738,TS_ts_guess_kZP0hG_template_3-25_8-13.xyz,47,20,27,r0_C8H7N3O2.xyz,r1_C13ClH13.xyz,2.1965037579981512,2.402034403188264
1739,TS_ts_guess_p62ojn_template_3-20_8-13.xyz,47,20,27,r0_C8H7N3O2.xyz,r1_C13ClH13.xyz,2.3955843157568055,2.2111139874054437
1740,TS_b3rzmX_ll_ad_3-18_5-8.xyz,53,17,36,r1_C6H9NO.xyz,r0_C18H16O2.xyz,2.1593907280990163,3.1353230283497107
1743,TS_ts_guess_BcU29B_template_4-11_9-10.xyz,41,16,25,r1_C5H6N2O3.xyz,r0_BrC11H11N2.xyz,2.3338969779105505,2.08492770064096
1744,TS_ts_guess_pOirB5_template_4-11_9-10.xyz,41,16,25,r1_C5H6N2O3.xyz,r0_BrC11H11N2.xyz,2.4204765089956974,2.0176458560163626
1745,TS_ts_guess_u_uzTj_template_4-25_7-13.xyz,52,24,28,r0_C8H11N3O2.xyz,r1_C14H13N.xyz,2.0407568460745145,2.6531606718779774
1746,TS_ts_guess_BFq_KL_template_4-21_7-13.xyz,52,24,28,r0_C8H11N3O2.xyz,r1_C14H13N.xyz,2.0438682546827716,2.464037685040551
1748,TS_ts_guess_TKgGJR_template_4-24_11-18.xyz,53,35,18,r0_C11H17N3O4.xyz,r1_C8H9N.xyz,2.610948384208313,2.2164293169194456
1749,TS_ts_guess_tf7UOO_template_4-17_7-8.xyz,42,16,26,r0_C5H8N2O.xyz,r1_C8F6H8N2O2.xyz,3.11500100272857,2.165281391459318
1750,TS_PUepsL_hl_ad_4-21_9-13.xyz,51,23,28,r0_C8H10N2O3.xyz,r1_C14H13N.xyz,2.665581703324811,2.127973151287393
1751,TS_ts_guess_mcVM8H_template_4-25_9-13.xyz,51,23,28,r0_C8H10N2O3.xyz,r1_C14H13N.xyz,2.658390053716723,2.1066608040688464
1752,TS_ts_guess_KyFCTZ_template_4-23_6-16.xyz,49,26,23,r1_C11H10N2O3.xyz,r0_C9H11NO2.xyz,2.1270030005855656,2.392586391104823
1753,TS_ts_guess_d7rIF7_template_10-18_11-12.xyz,49,23,26,r0_C9H11NO2.xyz,r1_C11H10N2O3.xyz,2.4849087918472987,2.154123622473882
1754,TS_ts_guess_SQYNvQ_template_4-26_6-16.xyz,49,26,23,r1_C11H10N2O3.xyz,r0_C9H11NO2.xyz,2.133205721912446,2.5657343172082334
1755,TS_ts_guess_6StjlO_template_10-20_11-12.xyz,49,23,26,r0_C9H11NO2.xyz,r1_C11H10N2O3.xyz,2.151304230344932,2.499521377084021
1756,TS_ts_guess_yadpdo_template_12-22_13-14.xyz,46,26,20,r0_C10F2H12O2.xyz,r1_C10H6N2O2.xyz,2.152094553522219,2.5484710861612694
1757,TS_81BzjJ_ll_ad_12-18_13-14.xyz,46,26,20,r0_C10F2H12O2.xyz,r1_C10H6N2O2.xyz,2.5641771573157732,2.2770349706800728
1758,TS_ts_guess_C_ISfz_template_4-22_10-15.xyz,47,26,21,r1_C10F3H11O2.xyz,r0_C8H9NO3.xyz,2.475076928360006,2.5097214346815466
1759,TS_ts_guess_77kMex_template_4-21_10-15.xyz,47,26,21,r1_C10F3H11O2.xyz,r0_C8H9NO3.xyz,2.5164594740428465,2.568597346471416
1760,TS_ts_guess_DcIe6Y_template_4-22_8-17.xyz,49,30,19,r0_C9H13N5O3.xyz,r1_C6H9NO3.xyz,2.478771402166807,2.1609052608571253
1761,TS_ts_guess_TGu0dr_template_4-22_8-17.xyz,49,30,19,r0_C9H13N5O3.xyz,r1_C6H9NO3.xyz,2.44507291674502,2.143684720871985
1762,TS_ts_guess_9pzqN6_template_4-14_6-13.xyz,47,21,26,r0_C7H8N2O4.xyz,r1_C10ClH13O2.xyz,2.457582799663116,2.631164321797481
1763,TS_ts_guess_PecJMD_template_4-14_6-13.xyz,47,21,26,r0_C7H8N2O4.xyz,r1_C10ClH13O2.xyz,2.4688809898210975,2.810612870282921
1764,TS_ts_guess_LTupz9_template_3-23_5-14.xyz,45,24,21,r1_C11H10N2O.xyz,r0_C9F3H7O2.xyz,2.2513766515845366,2.8229758101691202
1765,TS_ts_guess_IcJkjV_template_3-24_5-14.xyz,45,24,21,r1_C11H10N2O.xyz,r0_C9F3H7O2.xyz,2.2844728924414928,2.4186275481975312
1766,TS_ts_guess_EjKjtx_template_12-13_18-27.xyz,45,21,24,r0_C9F3H7O2.xyz,r1_C11H10N2O.xyz,2.3077419858814374,2.564285837674888
1767,TS_ts_guess_WDb0Je_template_12-19_13-14.xyz,45,21,24,r0_C9F3H7O2.xyz,r1_C11H10N2O.xyz,2.557817031650231,2.2491289742698175
1768,TS_ts_guess_6VfkjP_template_4-5_6-7.xyz,49,21,28,r1_C6H10N2O3.xyz,r0_C13H11N3O.xyz,2.2627992901271643,2.420685522243647
1769,TS_ts_guess_Yq44_j_template_4-5_6-7.xyz,49,21,28,r1_C6H10N2O3.xyz,r0_C13H11N3O.xyz,2.3519623498049453,2.489340314300156
1770,TS_ts_guess_UcU5uo_template_4-18_6-16.xyz,39,25,14,r1_C11H9NO4.xyz,r0_BrC8H5.xyz,2.1926358916609936,2.2977538403623656
1771,TS_CTgIuZ_ll_ad_4-23_6-16.xyz,39,25,14,r1_C11H9NO4.xyz,r0_BrC8H5.xyz,2.083877263516256,2.672149364032632
1772,TS_ts_guess_yevVAl_template_4-23_10-13.xyz,51,28,23,r0_C10H15NO2.xyz,r1_C11H8N2O2.xyz,1.9634956827810952,2.634749363430988
1773,TS_ts_guess_-yHmlf_template_4-19_10-13.xyz,51,28,23,r0_C10H15NO2.xyz,r1_C11H8N2O2.xyz,2.4446763070189883,2.05200260063188
1774,TS_ts_guess_ab7ZOP_template_4-8_9-10.xyz,51,25,26,r1_C8H13NO3.xyz,r0_C11F2H11NO.xyz,2.6548674080827466,2.1012398635091616
1775,TS_ts_guess_l89lIv_template_4-8_9-10.xyz,51,25,26,r1_C8H13NO3.xyz,r0_C11F2H11NO.xyz,2.485215120266252,2.279011618114309
1776,TS_ts_guess_rlFUg8_template_16-25_17-18.xyz,51,32,19,r1_C14H14N2O2.xyz,r0_C6H9N3O.xyz,2.08112854468435,2.4369789373525577
1777,TS_ts_guess_WwWhU9_template_16-23_17-18.xyz,51,32,19,r1_C14H14N2O2.xyz,r0_C6H9N3O.xyz,2.302229911325105,2.1980256532852382
1778,TS_ts_guess_uRgVfU_template_4-9_10-15.xyz,51,37,14,r1_C14H16N2O5.xyz,r0_C4H8O2.xyz,2.1116690372783324,2.8140047444700587
1779,TS_ts_guess_uYE9Br_template_4-22_10-21.xyz,51,37,14,r1_C14H16N2O5.xyz,r0_C4H8O2.xyz,2.6338930657488735,2.0878890801237504
1780,TS_ts_guess_3505PO_template_13-18_14-15.xyz,45,29,16,r1_C11Cl2H14O2.xyz,r0_C6H6N2O2.xyz,2.5938388466710878,2.3374633633278616
1781,TS_ts_guess_lI2RPY_template_13-23_14-15.xyz,45,29,16,r1_C11Cl2H14O2.xyz,r0_C6H6N2O2.xyz,2.312446452439494,2.622676135362504
1782,TS_ts_guess_-Bsreo_template_3-15_5-10.xyz,35,19,16,r1_C7H9NO2.xyz,r0_Br2C6H6O2.xyz,2.135028529200488,3.120595116960866
1783,TS_ts_guess_9ydEcY_template_4-16_6-15.xyz,53,27,26,r0_C8H12N4O3.xyz,r1_C10H14O2.xyz,2.3279351142160296,2.7116728424719674
1785,TS_wgIgY5_ll_ad_4-16_7-15.xyz,57,31,26,r1_C12H16N2O.xyz,r0_C10F2H14.xyz,2.2946632194071532,2.6074189796233362
1786,TS_ts_guess_p787pO_template_4-16_7-15.xyz,57,31,26,r1_C12H16N2O.xyz,r0_C10F2H14.xyz,2.6280256107770334,2.573850335062239
1787,TS_ts_guess_OozxiX_template_4-5_6-18.xyz,56,31,25,r1_C12H16N2O.xyz,r0_C11H12N2.xyz,2.324593761950677,2.9234971057793104
1788,TS_ts_guess_UmYjuz_template_4-5_6-18.xyz,56,31,25,r1_C12H16N2O.xyz,r0_C11H12N2.xyz,2.71907184704634,2.7779936669474243
1790,TS_GVqIN1_hl_ad_3-22_11-12.xyz,39,23,16,r0_C10H11NO.xyz,r1_BrC7F3H4O.xyz,2.734105508388438,2.3654609946477665
1791,TS_ts_guess_PGFbnp_template_3-23_11-12.xyz,39,23,16,r0_C10H11NO.xyz,r1_BrC7F3H4O.xyz,2.63599920314859,2.2988777215632847
1792,TS_ts_guess_HOUQTk_template_3-23_11-12.xyz,39,23,16,r0_C10H11NO.xyz,r1_BrC7F3H4O.xyz,2.653816419178237,2.2912656960291615
1793,TS_Ki0R-a_ll_ad_4-26_7-20.xyz,53,36,17,r0_C17H16O3.xyz,r1_C7FH9.xyz,2.6339481117326513,2.5376664219711778
1794,TS_tLay2p_ll_ad_4-27_7-20.xyz,53,36,17,r0_C17H16O3.xyz,r1_C7FH9.xyz,2.532666594441519,2.6390661997570275
1795,TS_ts_guess_AfpbmQ_template_4-16_9-15.xyz,46,24,22,r0_C9H9NO5.xyz,r1_C10FH9N2.xyz,2.5637653607145876,2.6748159150678013
1796,TS_ts_guess_dnfe2S_template_4-16_9-15.xyz,46,24,22,r0_C9H9NO5.xyz,r1_C10FH9N2.xyz,2.5106785323095426,2.6886529951074016
1797,TS_ts_guess_GKRZzl_template_2-6_7-20.xyz,54,26,28,r1_C12H11N3.xyz,r0_C12H14N2.xyz,2.297715743885653,2.4665299628019923
1798,TS_ts_guess_w2JrxD_template_2-6_7-20.xyz,54,26,28,r1_C12H11N3.xyz,r0_C12H14N2.xyz,2.471436010177079,2.3462969912822205
1799,TS_ts_guess_mcTXzx_template_4-11_6-10.xyz,42,17,25,r1_C6H7NO3.xyz,r0_C10Cl3H11O.xyz,2.6449423934936656,2.7539147176701024
1800,TS_ts_guess_pLVyJd_template_4-11_6-10.xyz,42,17,25,r1_C6H7NO3.xyz,r0_C10Cl3H11O.xyz,2.7938264528957415,2.8232332557194066
1801,TS_ts_guess_YUXh4S_template_4-22_7-15.xyz,57,30,27,r1_C9H15N3O3.xyz,r0_C10H15NO.xyz,2.0992850655878064,2.455901311759086
1802,TS_ts_guess_eZYd-q_template_4-25_7-15.xyz,57,30,27,r1_C9H15N3O3.xyz,r0_C10H15NO.xyz,2.0406022517629445,2.597710123127675
1803,TS_ts_guess_KmHmVf_template_4-13_8-12.xyz,50,23,27,r0_C8H9NO5.xyz,r1_C10F2H14O.xyz,2.135804730049075,2.4145118830521417
1804,TS_ts_guess_3KzeN2_template_4-13_8-12.xyz,50,23,27,r0_C8H9NO5.xyz,r1_C10F2H14O.xyz,2.0761925553522245,2.47046672359698
1805,TS_ts_guess_PAuhpH_template_4-22_6-10.xyz,46,13,33,r1_C4H3NO5.xyz,r0_C18H14O.xyz,2.557133964460994,2.161400179374472
1806,TS_ts_guess_B9zXry_template_4-28_6-10.xyz,46,13,33,r1_C4H3NO5.xyz,r0_C18H14O.xyz,2.4164289759063893,2.323192262814251
1807,TS_ts_guess_szL4Fj_template_4-23_8-16.xyz,50,33,17,r0_C10H17N3O3.xyz,r1_C7ClH7O2.xyz,2.3904601300586465,2.4673360552020474
1808,TS_ts_guess_0aAuMO_template_4-6_15-16.xyz,50,33,17,r0_C10H17N3O3.xyz,r1_C7ClH7O2.xyz,2.318474216246538,2.7960134850354357
1809,TS_ts_guess_4_OB7K_template_4-24_8-16.xyz,50,33,17,r0_C10H17N3O3.xyz,r1_C7ClH7O2.xyz,2.337763026099951,2.5193071616815605
1810,TS_HG4njl_hl_ad_4-6_15-16.xyz,50,33,17,r0_C10H17N3O3.xyz,r1_C7ClH7O2.xyz,2.290053159230152,2.5312755843842845
1811,TS_ts_guess_VmqdSq_template_4-22_6-14.xyz,52,25,27,r0_C7H11N3O4.xyz,r1_C10H14O3.xyz,2.004442189163858,2.7498397514218897
1812,TS_ts_guess_83Wuvt_template_4-24_6-14.xyz,52,25,27,r0_C7H11N3O4.xyz,r1_C10H14O3.xyz,2.057113080095501,2.1979088266122413
1814,TS_ts_guess_8do2wZ_template_4-25_10-15.xyz,57,31,26,r0_C10H16N2O3.xyz,r1_C10H14O2.xyz,2.5382784552132964,2.258027181080866
1815,TS_ts_guess_apHFOh_template_3-17_4-11.xyz,49,19,30,r0_C10H8O.xyz,r1_C16H11N3.xyz,2.1722837560042656,2.379549764178089
1816,TS_ts_guess_HTHEoI_template_3-25_4-11.xyz,49,19,30,r0_C10H8O.xyz,r1_C16H11N3.xyz,2.1509663332325775,2.514469496712975
1817,TS_ts_guess_xMQW7J_template_2-7_10-17.xyz,38,19,19,r1_C6F9H3O.xyz,r0_C6H9NO3.xyz,1.760620959377685,2.381593580042573
1818,TS_ts_guess_ZrCV9A_template_2-7_16-17.xyz,38,19,19,r1_C6F9H3O.xyz,r0_C6H9NO3.xyz,2.228070013733859,1.8435218039936494
1819,TS_ts_guess_A9Kyh4_template_3-22_5-15.xyz,42,24,18,r0_C11H9NO3.xyz,r1_BrC8H8N.xyz,2.118735419300862,2.2634192823469537
1820,TS_MWUGo1_ll_ad_3-23_5-15.xyz,42,24,18,r0_C11H9NO3.xyz,r1_BrC8H8N.xyz,2.0585595878186282,2.5777292493394257
1821,TS_ts_guess_s07Ko2_template_4-20_12-15.xyz,45,24,21,r1_C10H9N3O2.xyz,r0_C8ClH9O3.xyz,3.08661508312909,1.983952025856472
1822,TS_ts_guess_ABQKJS_template_4-22_12-15.xyz,45,24,21,r1_C10H9N3O2.xyz,r0_C8ClH9O3.xyz,2.798340316348246,1.885408123510663
1823,TS_ts_guess_8PM13C_template_4-20_10-13.xyz,49,22,27,r0_C7H9N3O3.xyz,r1_C13ClH13.xyz,2.777134260960388,2.4985127755126646
1824,TS_ts_guess_frkWz9_template_4-25_10-13.xyz,49,22,27,r0_C7H9N3O3.xyz,r1_C13ClH13.xyz,2.662976620869962,2.507588071514139
1825,TS_ts_guess_fRYnGQ_template_4-18_9-17.xyz,53,32,21,r0_C13H15NO3.xyz,r1_C9FH10N.xyz,2.5078550793257577,2.3536395865552566
1826,TS_ts_guess_2mozm9_template_4-18_9-17.xyz,53,32,21,r0_C13H15NO3.xyz,r1_C9FH10N.xyz,2.454854296083578,2.2959509764147845
1827,TS_ts_guess_SSzOIq_template_3-23_7-16.xyz,49,27,22,r1_C12H11NO3.xyz,r0_C9ClH11O.xyz,2.154332301619228,2.152187491878902
1828,TS_ts_guess_GDMhQ__template_3-25_7-16.xyz,49,27,22,r1_C12H11NO3.xyz,r0_C9ClH11O.xyz,2.0260319718355877,2.699561633210103
1829,TS_ts_guess_RJbGkG_template_4-14_9-13.xyz,53,22,31,r0_C8H9NO4.xyz,r1_C11FH17O2.xyz,2.7334097399036232,2.2828592188744365
1830,TS_IwT6XT_ll_ad_4-14_9-13.xyz,53,22,31,r0_C8H9NO4.xyz,r1_C11FH17O2.xyz,2.7044851611720846,2.287459159110824
1831,TS_ts_guess_J0LbvI_template_4-27_6-16.xyz,52,30,22,r0_C12H14N2O2.xyz,r1_C9H10O3.xyz,2.3098633513045748,2.7059080517637697
1832,TS_ts_guess_SDpdhd_template_4-26_6-16.xyz,52,30,22,r0_C12H14N2O2.xyz,r1_C9H10O3.xyz,2.199032083463086,2.6553278773251336
1833,TS_ts_guess_h_RdYu_template_4-27_6-16.xyz,52,30,22,r0_C12H14N2O2.xyz,r1_C9H10O3.xyz,2.3173973107130332,2.6798884051766034
1834,TS_ts_guess_lYCp-6_template_4-23_6-16.xyz,52,30,22,r0_C12H14N2O2.xyz,r1_C9H10O3.xyz,2.2078738122003263,2.4342163636990035
1835,TS_ts_guess_OC862q_template_13-18_14-15.xyz,52,26,26,r0_C10H11NO4.xyz,r1_C11H13NO.xyz,2.674251741328778,2.267492111121889
1836,TS_ts_guess_YxJojH_template_4-18_10-15.xyz,52,26,26,r0_C10H11NO4.xyz,r1_C11H13NO.xyz,2.533944468689083,2.359527383651226
1837,TS_ts_guess_4Z136Z_template_4-5_8-18.xyz,52,26,26,r0_C10H11NO4.xyz,r1_C11H13NO.xyz,2.2066394647064573,2.736050715794574
1838,TS_ts_guess_6fraFa_template_13-14_17-27.xyz,52,26,26,r0_C10H11NO4.xyz,r1_C11H13NO.xyz,2.4440825293144255,2.434835931905885
1839,TS_ts_guess_51Hef2_template_4-26_10-17.xyz,52,31,21,r1_C11H14N4O2.xyz,r0_C9H10O2.xyz,2.084916357099248,2.2684567162280174
1840,TS_ts_guess_TJRaJc_template_4-27_10-17.xyz,52,31,21,r1_C11H14N4O2.xyz,r0_C9H10O2.xyz,2.256600337166508,2.214895245378435
1841,TS_ts_guess_OIarR0_template_4-24_10-17.xyz,52,31,21,r1_C11H14N4O2.xyz,r0_C9H10O2.xyz,2.37140230690619,2.0273214041192382
1842,TS_ts_guess_fugrq0_template_4-27_10-17.xyz,52,31,21,r1_C11H14N4O2.xyz,r0_C9H10O2.xyz,2.238679614616616,2.230099148423675
1843,TS_ts_guess_Cr_jTK_template_4-8_6-7.xyz,48,11,37,r0_C2H4N4O.xyz,r1_C14F3H17O3.xyz,2.2181808812853836,2.2710549593085587
1844,TS_ts_guess_LWQzi-_template_4-8_6-7.xyz,48,11,37,r0_C2H4N4O.xyz,r1_C14F3H17O3.xyz,2.367269020728316,2.0474530325748623
1845,TS_ts_guess_rlAZpz_template_17-22_18-19.xyz,56,37,19,r1_C14FH18NO3.xyz,r0_C6H11NO.xyz,2.573338452225046,2.2080045821963328
1846,TS_ts_guess_UgSrar_template_17-25_18-19.xyz,56,37,19,r1_C14FH18NO3.xyz,r0_C6H11NO.xyz,2.3408142324413532,2.5832375719821052
1847,TS_ts_guess_UzUfOk_template_4-27_8-15.xyz,53,23,30,r1_C11H8N2O2.xyz,r0_C14H16.xyz,2.8004867318021702,2.202639073861172
1848,TS_ts_guess_6cvoCt_template_4-22_8-15.xyz,53,23,30,r1_C11H8N2O2.xyz,r0_C14H16.xyz,2.792630042827012,2.2325632481522217
1849,TS_ts_guess_wqk81-_template_4-14_6-13.xyz,46,22,24,r0_C7H9N3O3.xyz,r1_C9Cl2H12O.xyz,2.547772256639121,2.778380872972602
1851,TS_ts_guess_4CWkrt_template_4-15_7-14.xyz,48,25,23,r1_C8H11N3O3.xyz,r0_C9Cl2H12.xyz,2.64062387153112,2.7492031504601475
1852,TS_ts_guess_4Udmmw_template_4-15_7-14.xyz,48,25,23,r1_C8H11N3O3.xyz,r0_C9Cl2H12.xyz,2.6182314579501944,2.6525208896632653
1853,TS_ts_guess_H9-qWU_template_4-20_10-15.xyz,44,28,16,r1_C9H13NO5.xyz,r0_C6Cl2H6O2.xyz,2.531791345826113,2.481532600148545
1856,TS_ts_guess_NQ_duP_template_12-13_18-27.xyz,49,25,24,r0_C10H11NO3.xyz,r1_C8H10N2O4.xyz,2.3839027291187866,2.435314757356839
1857,TS_ts_guess_EnV5C6_template_4-25_10-14.xyz,49,25,24,r0_C10H11NO3.xyz,r1_C8H10N2O4.xyz,2.2667823403670675,2.8279207965747553
1858,TS_ts_guess_YI4UC2_template_12-19_13-14.xyz,49,25,24,r0_C10H11NO3.xyz,r1_C8H10N2O4.xyz,2.4128846122846404,2.3931934838203115
1859,TS_ts_guess_hbIAn9_template_4-19_10-14.xyz,49,25,24,r0_C10H11NO3.xyz,r1_C8H10N2O4.xyz,2.2716959199021334,2.529211092771815
1860,TS_ts_guess_-Kj0bf_template_4-18_10-15.xyz,38,25,13,r1_C8H10N2O5.xyz,r0_C4Cl3H4NO.xyz,2.707529595332247,2.071914316326812
1861,TS_ts_guess_-m7j-1_template_4-6_12-21.xyz,38,13,25,r0_C4Cl3H4NO.xyz,r1_C8H10N2O5.xyz,2.156634901901571,2.657790469055076
1862,TS_ts_guess_bcTAwq_template_4-5_11-15.xyz,55,33,22,r1_C13H15NO4.xyz,r0_C9H12O.xyz,2.259459779106501,2.688590271554965
1863,TS_ts_guess_4ckb4O_template_4-24_7-18.xyz,55,33,22,r1_C13H15NO4.xyz,r0_C9H12O.xyz,2.6288713503136667,2.290669661212633
1865,TS_ts_guess_wyeUW4_template_4-11_6-10.xyz,52,18,34,r1_C6H8O4.xyz,r0_C13F3H17O.xyz,2.554774411489202,2.879263642982351
1866,TS_ts_guess_lD8X0C_template_4-17_10-12.xyz,45,24,21,r0_BrC9H12NO.xyz,r1_C7H9NO4.xyz,2.0178777210475367,2.4445291511659257
1867,TS_ts_guess_G87grs_template_4-20_10-12.xyz,45,24,21,r0_BrC9H12NO.xyz,r1_C7H9NO4.xyz,2.6873505125122774,2.0295455791137087
1868,TS_ts_guess_ssAQN7_template_4-25_12-16.xyz,55,29,26,r0_C12H13NO3.xyz,r1_C10H14O2.xyz,2.549307402099637,2.366374670439996
1869,TS_ts_guess_f2GRNp_template_4-24_12-16.xyz,55,29,26,r0_C12H13NO3.xyz,r1_C10H14O2.xyz,2.57962680682691,2.449638267397862
1870,TS_ts_guess_xVGn0l_template_4-27_10-18.xyz,49,32,17,r1_C10H14N2O6.xyz,r0_C8H7NO.xyz,2.2742961117233613,2.490218094344349
1871,TS_ts_guess_teZ06w_template_4-27_10-18.xyz,49,32,17,r1_C10H14N2O6.xyz,r0_C8H7NO.xyz,2.5421577931355874,2.275257841080874
1872,TS_ts_guess_u_JVEi_template_4-25_10-18.xyz,49,32,17,r1_C10H14N2O6.xyz,r0_C8H7NO.xyz,2.4180313445032096,2.286714376982836
1873,TS_ts_guess_VxfIkR_template_4-26_10-18.xyz,49,32,17,r1_C10H14N2O6.xyz,r0_C8H7NO.xyz,2.3996976309943716,2.371921023263633
1878,TS_ts_guess_t5WUhQ_template_3-24_8-17.xyz,46,29,17,r1_C13H12N2O2.xyz,r0_BrC7H9.xyz,2.2118069453277336,2.5418125873871977
1879,TS_ts_guess_qAaDBs_template_3-23_8-17.xyz,46,29,17,r1_C13H12N2O2.xyz,r0_BrC7H9.xyz,2.4612662005967576,2.20062139267526
1880,TS_ts_guess_idiWXB_template_14-21_15-16.xyz,58,37,21,r1_C13H21NO2.xyz,r0_C10H9NO.xyz,2.4382242498589006,2.5282310129812107
1881,TS_ts_guess_TgZUUt_template_14-24_15-16.xyz,58,37,21,r1_C13H21NO2.xyz,r0_C10H9NO.xyz,2.7369837089029225,2.3123336458867696
1883,TS_ts_guess_GWCZgN_template_10-14_11-12.xyz,40,24,16,r1_Br2C9H12O.xyz,r0_C8H7N.xyz,2.9025655629976734,2.561360483454057
1884,TS_ts_guess_vrZq7h_template_4-12_6-11.xyz,53,17,36,r0_C5H6N2O4.xyz,r1_C12H20O4.xyz,2.2433454436622107,2.6391859031527143
1885,TS_ts_guess_keptXk_template_4-24_10-14.xyz,51,27,24,r0_C8H13N3O3.xyz,r1_C9F3H11O.xyz,2.5033049793822566,2.2806258928855474
1886,TS_ts_guess_-HwmCV_template_4-22_10-14.xyz,51,27,24,r0_C8H13N3O3.xyz,r1_C9F3H11O.xyz,2.362754178707552,2.2356381231988327
1887,TS_ts_guess_L4iJtP_template_4-12_10-11.xyz,49,18,31,r0_C6H7NO4.xyz,r1_C13FH14NO2.xyz,2.8985865677947245,2.2449981866585103
1888,TS_ts_guess_ocZLgD_template_4-12_10-11.xyz,49,18,31,r0_C6H7NO4.xyz,r1_C13FH14NO2.xyz,2.6646242567386493,2.3994097595450428
1889,TS_ts_guess_ei8EYf_template_14-22_15-16.xyz,52,29,23,r0_C12H13N3O.xyz,r1_C7H11NO4.xyz,2.7798408037331925,2.6974398559004054
1891,TS_ts_guess_Qfe6Kn_template_3-24_9-14.xyz,45,25,20,r0_C10F3H11O.xyz,r1_C11H5N3O.xyz,2.50982042475154,2.4315699975324585
1892,TS_ts_guess_amMXM1_template_3-20_9-14.xyz,45,25,20,r0_C10F3H11O.xyz,r1_C11H5N3O.xyz,2.5097026442787995,2.4184026732742416
1893,TS_ts_guess_3i9Lk3_template_4-13_6-12.xyz,49,16,33,r1_C6H4N2O4.xyz,r0_C13FH17O2.xyz,2.149762094953765,2.4854575793402716
1894,TS_ts_guess_aGCggk_template_4-13_6-12.xyz,49,16,33,r1_C6H4N2O4.xyz,r0_C13FH17O2.xyz,2.0564572945967052,2.5046308649978744
1895,TS_ts_guess_rSPeS4_template_4-22_8-12.xyz,48,19,29,r0_C7H7N3O2.xyz,r1_C14H12O3.xyz,2.7199324616247367,2.5394213995514803
1896,TS_ts_guess_RIlOv6_template_4-28_8-12.xyz,48,19,29,r0_C7H7N3O2.xyz,r1_C14H12O3.xyz,2.759966160607771,2.7323214890821323
1898,TS_ts_guess_W1LvQZ_template_4-24_8-12.xyz,48,19,29,r0_C7H7N3O2.xyz,r1_C14H12O3.xyz,2.533423199664833,2.572081803306419
1899,TS_ts_guess_HmKBUZ_template_12-20_13-14.xyz,58,33,25,r0_C12H19NO.xyz,r1_C11H11NO2.xyz,2.7721339174181323,2.3082111648200643
1900,TS_ts_guess_GFb4vi_template_12-23_13-14.xyz,58,33,25,r0_C12H19NO.xyz,r1_C11H11NO2.xyz,2.4354005916481176,2.6156707737978033
1901,TS_ts_guess_L8pDf1_template_4-25_7-15.xyz,55,31,24,r1_C12H16N2O.xyz,r0_C9H11NO3.xyz,2.301590025113074,2.5726040325320176
1902,TS_ts_guess_4vvIio_template_11-20_12-13.xyz,55,24,31,r0_C9H11NO3.xyz,r1_C12H16N2O.xyz,2.415459422490885,2.4731439584868484
1903,TS_ts_guess_Zusjwp_template_11-12_19-27.xyz,55,24,31,r0_C9H11NO3.xyz,r1_C12H16N2O.xyz,2.3466937614013466,2.5444217527367585
1904,TS_ts_guess_0Na4GX_template_4-23_7-15.xyz,55,31,24,r1_C12H16N2O.xyz,r0_C9H11NO3.xyz,2.3951875412376378,2.4175246328631275
1905,TS_ts_guess_yBvC2M_template_4-7_8-9.xyz,53,18,35,r0_C6H8N2O2.xyz,r1_C17H16N2.xyz,2.77167717061349,2.232675341781693
1906,TS_ts_guess_MREXCf_template_4-7_8-9.xyz,53,18,35,r0_C6H8N2O2.xyz,r1_C17H16N2.xyz,2.602733670124548,2.1953474501089802
1908,TS_ts_guess_oM5bHD_template_4-19_6-14.xyz,50,26,24,r0_C11H12N2O.xyz,r1_C8H10O6.xyz,2.287290957552187,2.7433325414174634
1910,TS_ts_guess_4qbToa_template_4-27_6-19.xyz,49,34,15,r0_C16H15NO2.xyz,r1_C8H4N2O.xyz,2.2871340011682744,2.634805563262686
1911,TS_ts_guess_3rol74_template_4-29_6-19.xyz,49,34,15,r0_C16H15NO2.xyz,r1_C8H4N2O.xyz,2.2819262684407664,2.564635741796484
1912,TS_ts_guess_ZpKYHI_template_4-22_6-10.xyz,54,17,37,r0_C4H7N3O3.xyz,r1_C19H18.xyz,2.665265627625134,2.727666611666462
1913,TS_ts_guess_OLUikh_template_4-24_9-16.xyz,52,28,24,r0_C11H12N4O.xyz,r1_C10H11NO2.xyz,2.253320466200935,2.0410731108169546
1914,TS_ts_guess_3wQEUE_template_4-26_9-16.xyz,52,28,24,r0_C11H12N4O.xyz,r1_C10H11NO2.xyz,2.432875990962137,1.991861353533423
1915,TS_ts_guess_eyaGBe_template_4-22_12-16.xyz,54,30,24,r0_C12H14N2O2.xyz,r1_C8H12O4.xyz,2.614314376600489,2.00558867221073
1916,TS_ts_guess_Tn_QXb_template_4-19_6-12.xyz,44,16,28,r1_C6H4N2O4.xyz,r0_C9H12O7.xyz,1.9671020577997471,2.5917062153338293
1917,TS_ts_guess_9qk3S-_template_4-21_6-12.xyz,44,16,28,r1_C6H4N2O4.xyz,r0_C9H12O7.xyz,1.9834179776587688,2.4407076651455
1918,TS_ts_guess_tjOpYG_template_4-24_6-17.xyz,53,32,21,r0_C12H15N3O2.xyz,r1_C8ClH11O.xyz,2.335593088296846,2.383539175134321
1919,TS_ts_guess_JOUdpW_template_4-25_6-17.xyz,53,32,21,r0_C12H15N3O2.xyz,r1_C8ClH11O.xyz,2.2253177790598806,2.643501597105627
1920,TS_ts_guess_Sm_ad3_template_4-6_17-20.xyz,48,20,28,r1_C6Cl2H8N2O2.xyz,r0_C12H14N2.xyz,2.052301672464358,2.819297058062524
1921,TS_ts_guess_5FwDKz_template_4-21_9-13.xyz,55,23,32,r1_C8H10N2O3.xyz,r0_C16H16.xyz,2.716945699751837,2.1598796311368833
1924,TS_ts_guess_FqM0W-_template_4-23_10-18.xyz,47,34,13,r0_C13H16N2O3.xyz,r1_C5F3H3O2.xyz,2.2686724204697337,2.7402408345435623
1925,TS_ts_guess_8JUGLI_template_4-23_10-18.xyz,47,34,13,r0_C13H16N2O3.xyz,r1_C5F3H3O2.xyz,2.426756129692475,2.4130733879847086
1926,TS_ts_guess_1CVa5S_template_4-18_6-9.xyz,38,16,22,r1_C5H7N3O.xyz,r0_C7F9H4NO.xyz,2.5482796223727098,2.5999727684343155
1927,TS_ts_guess_-3mVyu_template_4-18_6-9.xyz,38,16,22,r1_C5H7N3O.xyz,r0_C7F9H4NO.xyz,2.558756415526886,2.4273346973378023
1928,TS_ts_guess_rcUWLn_template_4-10_6-9.xyz,52,13,39,r0_C4H4N4O.xyz,r1_C17H19NO2.xyz,2.4826594504482484,2.4204234379339495
1929,TS_ts_guess_njkZ6n_template_4-10_6-9.xyz,52,13,39,r0_C4H4N4O.xyz,r1_C17H19NO2.xyz,2.4142621740399277,2.525364794341602
1930,TS_A4PJ1C_ll_ad_4-18_10-15.xyz,53,27,26,r0_C10F3H12NO.xyz,r1_C11H13NO.xyz,2.7610541118565566,2.2204439733080408
1931,TS_Tc-f7d_hl_ad_4-5_8-18.xyz,53,27,26,r0_C10F3H12NO.xyz,r1_C11H13NO.xyz,2.0674245312707304,2.8367329216900203
1932,TS_ts_guess_BwZvBY_template_12-25_13-14.xyz,56,27,29,r1_C10F2H13NO.xyz,r0_C12H15NO.xyz,2.487373518734169,2.6313167783450173
1933,TS_ts_guess_ZT7att_template_12-18_13-14.xyz,56,27,29,r1_C10F2H13NO.xyz,r0_C12H15NO.xyz,2.455976648301038,2.2550262947912603
1934,TS_ts_guess_BfPKau_template_18-25_19-20.xyz,52,41,11,r1_C15H21NO4.xyz,r0_C3H3N3O2.xyz,2.613101781523253,2.7483333239256114
1936,TS_31IEWY_hl_ad_4-25_12-19.xyz,46,32,14,r1_C15H13NO3.xyz,r0_C7H3N3O.xyz,2.307271614028136,2.2632288248871344
1937,TS_ZR0elj_hl_ad_4-24_12-19.xyz,46,32,14,r1_C15H13NO3.xyz,r0_C7H3N3O.xyz,2.2953724851099877,2.177422816886973
1938,TS_Mvrekh_ll_ad_4-21_7-14.xyz,54,26,28,r1_C11H12N2O.xyz,r0_C8H14N2O4.xyz,2.7654494326058465,2.2315560744018956
1939,TS_ts_guess_UTyS2U_template_9-17_10-11.xyz,47,18,29,r0_BrC8H7O2.xyz,r1_C12H15NO.xyz,2.369116405244791,2.360426832354691
1940,TS_ts_guess_LuT4CM_template_3-23_6-14.xyz,47,29,18,r1_C12H15NO.xyz,r0_BrC8H7O2.xyz,2.2502657808801163,2.827864434975623
1941,TS_ts_guess_ExwXg4_template_3-21_6-14.xyz,47,29,18,r1_C12H15NO.xyz,r0_BrC8H7O2.xyz,2.44554288183626,2.37890315803313
1942,TS_ts_guess_lAZYGQ_template_9-10_16-24.xyz,47,18,29,r0_BrC8H7O2.xyz,r1_C12H15NO.xyz,2.329460646651924,2.4084245875468056
1943,TS_w0f85J_hl_ad_4-19_6-13.xyz,51,21,30,r0_C7H8N4O2.xyz,r1_C9H15N3O3.xyz,2.2070319108476886,2.6876451980497724
1944,TS_Y0gH0R_hl_ad_4-22_6-13.xyz,51,21,30,r0_C7H8N4O2.xyz,r1_C9H15N3O3.xyz,2.1013012698087823,2.791970985719587
1946,TS_ts_guess_4fGmY7_template_10-16_11-12.xyz,35,23,12,r0_Br2C9FH11.xyz,r1_C5H3NO3.xyz,2.3656013585133064,2.3906763234490778
1947,TS_ts_guess_ZBTTab_template_4-10_6-9.xyz,51,14,37,r1_C5H5NO3.xyz,r0_C14H18O5.xyz,2.7428186175903067,2.6893141421745432
1949,TS_ts_guess_X9QZ7k_template_4-25_6-16.xyz,41,27,14,r0_C12H11NO3.xyz,r1_BrC7H4NO.xyz,2.124894891141677,2.99831527016423
1950,TS_ts_guess_49ZGeN_template_4-25_6-16.xyz,41,27,14,r0_C12H11NO3.xyz,r1_BrC7H4NO.xyz,2.0932136186734502,3.136414780940174
1951,TS_ts_guess_qeIsOX_template_4-24_6-16.xyz,41,27,14,r0_C12H11NO3.xyz,r1_BrC7H4NO.xyz,2.2810401120760675,2.87475752690553
1953,TS_ts_guess_tIw1Kr_template_2-5_11-18.xyz,40,14,26,r1_Br2C4H6O2.xyz,r0_C11H13NO.xyz,2.3869252745320706,2.3156854553673734
1954,TS_ts_guess_kxgmKE_template_2-5_14-18.xyz,40,14,26,r1_Br2C4H6O2.xyz,r0_C11H13NO.xyz,2.2460539997960867,2.3691273276672997
1955,TS_ts_guess_YWW936_template_4-17_7-14.xyz,43,27,16,r0_C9H13NO4.xyz,r1_C8Cl3H5.xyz,2.3565121636435493,2.3754629120657724
1956,TS_ts_guess_7I0ZD8_template_4-22_7-14.xyz,43,27,16,r0_C9H13NO4.xyz,r1_C8Cl3H5.xyz,2.0109364676687327,2.860156172763998
1957,TS_ts_guess_stnCTo_template_4-14_6-13.xyz,52,22,30,r0_C8H9N3O2.xyz,r1_C14F2H14.xyz,2.110453252289659,2.1432733833088107
1958,TS_ts_guess_zN9JG8_template_4-14_6-13.xyz,52,22,30,r0_C8H9N3O2.xyz,r1_C14F2H14.xyz,2.0915481815631227,2.2225572720179794
1959,TS_ts_guess_c2RYxG_template_4-22_5-10.xyz,47,14,33,r0_C5F3H4NO.xyz,r1_C15H14N2O2.xyz,2.3613604698351334,2.399419165506519
1960,TS_ts_guess_u9speo_template_4-18_5-10.xyz,47,14,33,r0_C5F3H4NO.xyz,r1_C15H14N2O2.xyz,2.394890113136718,2.217753557115849
1961,TS_ts_guess_WOwmyp_template_4-21_10-18.xyz,47,32,15,r1_C10H14N2O6.xyz,r0_BrC5H9.xyz,2.507690214400495,2.516392181556762
1962,TS_ts_guess_mmi0lq_template_4-21_10-18.xyz,47,32,15,r1_C10H14N2O6.xyz,r0_BrC5H9.xyz,2.6107686876090725,2.4383512231218867
1963,TS_eNaJsG_hl_ad_4-11_6-10.xyz,54,19,35,r1_C6H9NO3.xyz,r0_C14FH17O3.xyz,2.3461932368413305,2.751896385712951
1964,TS_ts_guess_rK8M4s_template_4-11_6-10.xyz,54,19,35,r1_C6H9NO3.xyz,r0_C14FH17O3.xyz,2.4041854447816617,2.5055237100654226
1965,TS_ts_guess_x92OLl_template_3-23_5-15.xyz,51,23,28,r0_C11H8O4.xyz,r1_C14H13N.xyz,2.556753912190221,2.0629123071279594
1966,TS_ts_guess_KbfQS9_template_3-27_5-15.xyz,51,23,28,r0_C11H8O4.xyz,r1_C14H13N.xyz,2.3573131019234586,2.0980183865972193
1967,TS_ts_guess_lefIyO_template_4-25_6-15.xyz,52,24,28,r1_C11H9NO3.xyz,r0_C11H14O3.xyz,2.370714033724861,2.753344884699336
1968,TS_ts_guess_h67wSp_template_4-24_6-15.xyz,52,24,28,r1_C11H9NO3.xyz,r0_C11H14O3.xyz,2.4970811354259195,2.7974306626081016
1969,TS_ts_guess_bIGkX5_template_15-16_22-28.xyz,51,30,21,r0_C14H13NO2.xyz,r1_C7H9NO4.xyz,2.2719954830500875,2.5807839439015425
1970,TS_ts_guess_R78JFl_template_4-23_10-17.xyz,51,30,21,r0_C14H13NO2.xyz,r1_C7H9NO4.xyz,2.664613029015658,2.2679463888284483
1971,TS_ts_guess_KnudyU_template_15-23_16-17.xyz,51,30,21,r0_C14H13NO2.xyz,r1_C7H9NO4.xyz,2.913010453637267,2.108899511166902
1972,TS_ts_guess_kJMVy4_template_4-5_11-17.xyz,51,30,21,r0_C14H13NO2.xyz,r1_C7H9NO4.xyz,2.2454591579674745,2.6968625418808427
1973,TS_ts_guess_cJqEqV_template_3-10_13-17.xyz,56,41,15,r0_C22H18O.xyz,r1_C5H8N2.xyz,2.3235745994910513,2.415072705075356
1974,TS_ts_guess_MfSYQG_template_3-10_15-17.xyz,56,41,15,r0_C22H18O.xyz,r1_C5H8N2.xyz,2.835024688887206,2.1537385743167623
1975,TS_ts_guess_J-soa5_template_4-23_8-17.xyz,53,27,26,r1_C12H10N4O.xyz,r0_C8H14N2O2.xyz,2.2519957994854254,2.4079452453077086
1976,TS_ts_guess_m-bYJ__template_3-21_7-13.xyz,32,19,13,r1_C8H6N2O3.xyz,r0_Br2C6H4O.xyz,2.618764318738897,2.621155348639222
1977,TS_ts_guess_X2xTrD_template_3-20_7-13.xyz,32,19,13,r1_C8H6N2O3.xyz,r0_Br2C6H4O.xyz,2.5783752291704944,2.5862556169296185
1978,TS_ts_guess_BrAz08_template_3-23_8-15.xyz,55,27,28,r0_C12H12N2O.xyz,r1_C14H13N.xyz,2.4786508082019134,2.0320094003227442
1979,TS_XC1grV_hl_ad_3-27_8-15.xyz,55,27,28,r0_C12H12N2O.xyz,r1_C14H13N.xyz,2.373368780151959,2.0305237335475788
1980,TS_ts_guess_w5onu9_template_12-20_13-14.xyz,46,28,18,r0_C10Cl2H14O2.xyz,r1_C10H5N3.xyz,2.4461765942180054,2.5027811136813383
1981,TS_ts_guess_0BAUeL_template_12-22_13-14.xyz,46,28,18,r0_C10Cl2H14O2.xyz,r1_C10H5N3.xyz,2.468285163691586,2.3260439204365855
1982,TS_ts_guess_LPb76q_template_4-9_17-18.xyz,51,35,16,r1_C11H17N3O4.xyz,r0_C7ClH7O.xyz,2.644324413720828,2.45574049797612
1983,TS_ts_guess_6QZ2oY_template_4-25_11-18.xyz,51,35,16,r1_C11H17N3O4.xyz,r0_C7ClH7O.xyz,2.6685545574524046,2.7423856505787074
1984,TS_ts_guess_5k5E9d_template_4-25_11-18.xyz,51,35,16,r1_C11H17N3O4.xyz,r0_C7ClH7O.xyz,2.6152223560722327,2.6702788259281087
1985,TS_ts_guess_Fd9EzW_template_4-9_17-18.xyz,51,35,16,r1_C11H17N3O4.xyz,r0_C7ClH7O.xyz,2.6393351469640987,2.4582589782608344
1986,TS_ts_guess_m_RxzE_template_4-26_8-14.xyz,51,24,27,r0_C8H10N2O4.xyz,r1_C13H12O2.xyz,2.5528723670602886,1.989074695103228
1987,TS_ts_guess_LRpfiP_template_4-22_8-14.xyz,51,24,27,r0_C8H10N2O4.xyz,r1_C13H12O2.xyz,2.5160482523393704,2.043864159894194
1989,TS_ts_guess_BTp7Z1_template_4-26_8-12.xyz,51,24,27,r0_C8H10N2O4.xyz,r1_C13H12O2.xyz,2.3555674332525482,2.149871082390756
1990,TS_ts_guess_nx3GxC_template_4-6_14-15.xyz,50,34,16,r1_C13H18N2O.xyz,r0_BrC7H7O.xyz,2.515395801896791,2.460080008841176
1991,TS_ts_guess_DNq0tx_template_4-23_8-16.xyz,50,34,16,r1_C13H18N2O.xyz,r0_BrC7H7O.xyz,2.5138413073819916,2.4852627064557984
1992,TS_ts_guess_TGAfMl_template_4-23_8-16.xyz,50,34,16,r1_C13H18N2O.xyz,r0_BrC7H7O.xyz,2.510868591921927,2.5219103139683616
1993,TS_ts_guess_j7SIVO_template_4-6_14-15.xyz,50,34,16,r1_C13H18N2O.xyz,r0_BrC7H7O.xyz,2.4625731676845666,2.466966917289326
1994,TS_ts_guess_PzUvVo_template_14-24_15-16.xyz,55,33,22,r0_C13H17NO2.xyz,r1_C10H9NO2.xyz,2.2040360233444463,2.4277521231377803
1995,TS_ts_guess_MCfkxz_template_14-19_15-16.xyz,55,33,22,r0_C13H17NO2.xyz,r1_C10H9NO2.xyz,2.5953447446148656,2.1218098994961827
1996,TS_ts_guess_weexC9_template_11-23_12-13.xyz,48,24,24,r1_C9F3H11O.xyz,r0_C12H8N2O2.xyz,2.4942253579217737,2.6256749206442143
1997,TS_ts_guess_iq2ioK_template_11-20_12-13.xyz,48,24,24,r1_C9F3H11O.xyz,r0_C12H8N2O2.xyz,2.687025501293205,2.6732856970589585
1998,TS_ts_guess_7EOu2E_template_4-25_7-17.xyz,54,31,23,r1_C13H14O4.xyz,r0_C10H11NO.xyz,2.611666489159747,2.5776108214779048
1999,TS_ts_guess_oJJG6m_template_4-26_7-17.xyz,54,31,23,r1_C13H14O4.xyz,r0_C10H11NO.xyz,2.599257969825235,2.637673792056175
2001,TS_ts_guess_6CfhVb_template_10-11_18-27.xyz,50,20,30,r1_C8FH8NO2.xyz,r0_C9H14N2O5.xyz,2.4437141293121827,2.400012613196022
2002,TS_ts_guess_5UcF_7_template_4-23_11-16.xyz,50,30,20,r0_C9H14N2O5.xyz,r1_C8FH8NO2.xyz,2.576200867576129,2.31902248954166
2003,TS_ts_guess_wIENh4_template_10-19_11-12.xyz,50,20,30,r1_C8FH8NO2.xyz,r0_C9H14N2O5.xyz,2.3473577766714637,2.515383348696576
2004,TS_ts_guess_iak3-g_template_4-12_6-11.xyz,53,19,34,r0_C4H8N4O3.xyz,r1_C13FH17O3.xyz,2.096883037749126,2.0770012757338407
2005,TS_ts_guess_XN9sE1_template_4-12_6-11.xyz,53,19,34,r0_C4H8N4O3.xyz,r1_C13FH17O3.xyz,2.333577813444411,2.2987620443621393
2008,TS_ts_guess_p_p2zs_template_4-26_10-19.xyz,52,32,20,r1_C10H13NO8.xyz,r0_C8FH11.xyz,2.5896788950176814,2.6641180078592614
2009,TS_ts_guess_7gWGO5_template_4-26_10-19.xyz,52,32,20,r1_C10H13NO8.xyz,r0_C8FH11.xyz,2.589656951740906,2.64957099050016
2010,TS_ts_guess_SCuD-b_template_4-24_9-18.xyz,51,31,20,r0_C13H13N3O2.xyz,r1_C8F3H9.xyz,2.453484200662397,2.216315997392971
2011,TS_ts_guess_ZpsrTn_template_4-28_9-18.xyz,51,31,20,r0_C13H13N3O2.xyz,r1_C8F3H9.xyz,2.195510288156264,2.4776981747985367
2012,TS_ts_guess__jTYln_template_4-20_9-13.xyz,46,23,23,r1_C8H10N2O3.xyz,r0_BrC9H11O2.xyz,2.4516445940429454,2.253154781412054
2015,TS_ts_guess_eLjTI7_template_4-27_10-13.xyz,49,27,22,r0_C8H14N2O3.xyz,r1_C9F3H7O3.xyz,2.7715178592424765,2.7190823162420075
2016,TS_ts_guess__31Wsi_template_4-23_10-13.xyz,49,27,22,r0_C8H14N2O3.xyz,r1_C9F3H7O3.xyz,2.6293739282574475,2.6627742432658463
2018,TS_ts_guess_1W9_cb_template_4-9_13-18.xyz,48,36,12,r1_C14H16N4O2.xyz,r0_C5F3H3O.xyz,2.5082668689954026,2.4788068730943924
2019,TS_ts_guess_aQH82r_template_4-9_14-18.xyz,48,36,12,r1_C14H16N4O2.xyz,r0_C5F3H3O.xyz,2.487896605146605,2.7560027125349498
2020,TS_ts_guess_T_ehTp_template_4-29_12-15.xyz,51,24,27,r0_C10H9N3O2.xyz,r1_C13H12O2.xyz,2.284796686359642,2.396445615072456
2021,TS_ts_guess_hSqA0p_template_4-29_12-15.xyz,51,24,27,r0_C10H9N3O2.xyz,r1_C13H12O2.xyz,2.2334000387077992,2.4393357545651644
2022,TS_ts_guess_D0Nftj_template_4-27_12-15.xyz,51,24,27,r0_C10H9N3O2.xyz,r1_C13H12O2.xyz,2.242334291781669,2.316029734200319
2023,TS_ts_guess_dHd9Z9_template_4-23_12-15.xyz,51,24,27,r0_C10H9N3O2.xyz,r1_C13H12O2.xyz,2.5415545852686305,2.2475020219345745
2024,TS_ts_guess_gu7JAO_template_4-12_8-11.xyz,41,19,22,r0_C7H6N2O4.xyz,r1_BrC10H9N2.xyz,2.171306019450045,2.40034392271191
2025,TS_ts_guess_PLTSFy_template_4-12_8-11.xyz,41,19,22,r0_C7H6N2O4.xyz,r1_BrC10H9N2.xyz,2.1723802629604236,2.3941403304944346
2026,TS_ts_guess_WGGhoz_template_14-18_15-16.xyz,51,33,18,r0_C13ClH17O2.xyz,r1_C8H6N2O2.xyz,2.0829715797869155,2.204967679785806
2027,TS_ts_guess_maYPcT_template_14-24_15-16.xyz,51,33,18,r0_C13ClH17O2.xyz,r1_C8H6N2O2.xyz,2.3159183497049285,2.0210836926015703
2028,TS_ts_guess_99p671_template_4-5_18-19.xyz,54,28,26,r1_C12H12N2O2.xyz,r0_C13H12O.xyz,2.3014650417723055,2.662285302122971
2029,TS_ts_guess_G9eYG-_template_4-23_7-16.xyz,54,28,26,r1_C12H12N2O2.xyz,r0_C13H12O.xyz,2.272334659749747,2.4680092458092613
2030,TS_ts_guess_p0cLsD_template_4-5_18-19.xyz,54,28,26,r1_C12H12N2O2.xyz,r0_C13H12O.xyz,2.3080611788035426,2.6354580025490826
2031,TS_ts_guess_6F423X_template_4-28_7-16.xyz,54,28,26,r1_C12H12N2O2.xyz,r0_C13H12O.xyz,2.168320784432045,2.6616213911636644
2032,TS_ts_guess_jHoIeG_template_4-18_10-12.xyz,52,20,32,r0_C8FH8NO2.xyz,r1_C13H15NO3.xyz,2.726968118350488,2.23895938598716
2033,TS_ts_guess_tP-kJR_template_10-18_11-12.xyz,52,20,32,r0_C8FH8NO2.xyz,r1_C13H15NO3.xyz,2.3965028734595752,2.5035284132999167
2035,TS_ts_guess_9vhg2s_template_4-25_10-12.xyz,52,20,32,r0_C8FH8NO2.xyz,r1_C13H15NO3.xyz,2.8524311593095457,2.3057265301201704
2037,TS_ts_guess_FvpM_q_template_4-16_10-15.xyz,57,26,31,r0_C8H11N3O4.xyz,r1_C11H18O2.xyz,2.527040946660739,2.392217015740838
2038,TS_ts_guess_CuG2Zj_template_4-5_8-17.xyz,52,30,22,r0_C14H13NO2.xyz,r1_C6H10N2O4.xyz,2.0443026459162055,2.641600867674752
2039,TS_ts_guess_SxWYYI_template_15-20_16-17.xyz,52,30,22,r0_C14H13NO2.xyz,r1_C6H10N2O4.xyz,2.3321782925196777,2.136548880929243
2040,TS_ts_guess_5XQUkE_template_4-20_10-17.xyz,52,30,22,r0_C14H13NO2.xyz,r1_C6H10N2O4.xyz,2.2387030859406076,2.401965795385105
2041,TS_ts_guess_pLK7cs_template_15-16_19-28.xyz,52,30,22,r0_C14H13NO2.xyz,r1_C6H10N2O4.xyz,2.167803928264731,2.323488744453048
2042,TS_MEMU8v_hl_ad_4-9_11-20.xyz,54,32,22,r1_C10H15N3O4.xyz,r0_C6H11N3O2.xyz,2.402159971442368,2.8503891242249715
2043,TS_ts_guess_Hu8522_template_4-8_10-19.xyz,54,32,22,r1_C10H15N3O4.xyz,r0_C6H11N3O2.xyz,2.126303465477118,2.7434049513332877
2046,TS_ts_guess_LnStN5_template_4-12_6-11.xyz,52,18,34,r0_C5H7N3O3.xyz,r1_C12FH17O4.xyz,2.51737227501218,2.362898294468045
2047,TS_ts_guess_uDJMeo_template_4-12_6-11.xyz,52,18,34,r0_C5H7N3O3.xyz,r1_C12FH17O4.xyz,2.5055055995946205,2.37030179011028
2048,TS_ts_guess_GAe_z1_template_4-23_12-16.xyz,43,27,16,r0_C12H11NO3.xyz,r1_C7ClF3H4O.xyz,2.8699799389020124,2.171774545250957
2049,TS_ts_guess_B3-kBV_template_4-27_12-16.xyz,43,27,16,r0_C12H11NO3.xyz,r1_C7ClF3H4O.xyz,3.031931258603994,2.1185316975207145
2050,TS_ts_guess_-yetMM_template_4-27_12-16.xyz,43,27,16,r0_C12H11NO3.xyz,r1_C7ClF3H4O.xyz,2.6821267936844446,2.294471322984883
2051,TS_ts_guess__c2F8o_template_4-26_12-16.xyz,43,27,16,r0_C12H11NO3.xyz,r1_C7ClF3H4O.xyz,2.7765510191962974,2.2258614485856936
2052,TS_ts_guess_gpdbQ5_template_4-11_14-20.xyz,52,37,15,r1_C14H17N3O3.xyz,r0_C5H6N2O2.xyz,1.831809933808636,2.149123608543724
2053,TS_ts_guess_KXVtrP_template_4-9_12-18.xyz,52,37,15,r1_C14H17N3O3.xyz,r0_C5H6N2O2.xyz,1.757418871328062,2.328678661065111
2054,TS_ts_guess_CybN9j_template_4-6_13-18.xyz,54,34,20,r0_C10H17N3O4.xyz,r1_C10H8O2.xyz,2.2865417863883444,2.4497475344614594
2055,TS_ts_guess_eWfXgo_template_4-6_11-18.xyz,54,34,20,r0_C10H17N3O4.xyz,r1_C10H8O2.xyz,2.2370363067683994,2.603385169754948
2056,TS_Zy0fwX_ll_ad_14-19_15-16.xyz,43,30,13,r1_Br2C11H14O3.xyz,r0_C3H8N2.xyz,2.561538164306751,2.6476257963126133
2057,TS_ts_guess_3wjlXu_template_14-20_15-16.xyz,43,30,13,r1_Br2C11H14O3.xyz,r0_C3H8N2.xyz,2.5017452967478526,2.4400490360236615
2058,TS_ts_guess_MdOxZw_template_13-20_14-15.xyz,51,27,24,r1_C10ClF2H12NO.xyz,r0_C11H11NO.xyz,2.731088883449237,2.463731087030401
2060,TS_ts_guess_E8YR6E_template_10-18_11-12.xyz,46,26,20,r0_BrC10ClH14.xyz,r1_C10H7N3.xyz,2.2831490605740132,2.3396784642552912
2061,TS_ts_guess_-o60h6_template_10-20_11-12.xyz,46,26,20,r0_BrC10ClH14.xyz,r1_C10H7N3.xyz,2.3440962227903532,2.2780146778280423
2062,TS_ts_guess_7nsGbM_template_4-16_10-15.xyz,54,27,27,r0_C8H12N2O5.xyz,r1_C10F2H14O.xyz,2.52431470771772,2.620717465370885
2063,TS_ts_guess__Szxxc_template_4-16_10-15.xyz,54,27,27,r0_C8H12N2O5.xyz,r1_C10F2H14O.xyz,2.5494582839693614,2.3562970648243824
2064,TS_ts_guess_ONLRmh_template_8-20_9-10.xyz,52,17,35,r0_C7ClH7O2.xyz,r1_C17H16N2.xyz,2.511771962519687,2.384197178318102
2065,TS_ts_guess_3M54KV_template_2-21_8-10.xyz,52,17,35,r0_C7ClH7O2.xyz,r1_C17H16N2.xyz,2.448883630657039,2.496903758918233
2066,TS_ts_guess_E-Q5al_template_8-21_9-10.xyz,52,17,35,r0_C7ClH7O2.xyz,r1_C17H16N2.xyz,2.3914181849689107,2.50572556011228
2067,TS_ts_guess_fmilfi_template_2-20_8-10.xyz,52,17,35,r0_C7ClH7O2.xyz,r1_C17H16N2.xyz,2.605104682176899,2.4141517517339293
2068,TS_ts_guess_odYRNx_template_3-13_7-12.xyz,44,18,26,r0_C7H6O5.xyz,r1_BrC10ClH14.xyz,2.3254759428770706,2.4635422201374997
2069,TS_ts_guess_i_R6TJ_template_3-13_7-12.xyz,44,18,26,r0_C7H6O5.xyz,r1_BrC10ClH14.xyz,2.2747162012655555,2.5660102064099433
2070,TS_ts_guess_Bxdjtc_template_4-16_12-15.xyz,54,24,30,r0_C10H9N3O2.xyz,r1_C14FH15.xyz,2.458541268984517,2.531808929145326
2072,TS_ts_guess_Fxfa3N_template_15-28_16-17.xyz,56,34,22,r0_C13F3H17O.xyz,r1_C10H10N2.xyz,2.371912776073353,2.806953231833406
2073,TS_ts_guess_shmUmX_template_15-20_16-17.xyz,56,34,22,r0_C13F3H17O.xyz,r1_C10H10N2.xyz,2.771337605814203,2.425841508033862
2074,TS_ts_guess_1qVQN4_template_4-28_6-19.xyz,58,33,25,r1_C16H14N2O.xyz,r0_C10H14O.xyz,2.193823046373613,3.1195927320885977
2075,TS_ts_guess_n0Q_Qe_template_4-26_6-19.xyz,58,33,25,r1_C16H14N2O.xyz,r0_C10H14O.xyz,2.238196397191274,2.5981595283199987
2076,TS_ts_guess_5yJxIm_template_4-15_8-14.xyz,48,20,28,r1_C8H6N2O4.xyz,r0_C11F3H13O.xyz,2.481034606247966,2.8182478949517553
2077,TS_ts_guess_VkwDjZ_template_4-15_8-14.xyz,48,20,28,r1_C8H6N2O4.xyz,r0_C11F3H13O.xyz,2.663715496745101,2.4097882261725823
2078,TS_ts_guess_2t9BGD_template_4-22_10-18.xyz,55,34,21,r1_C13H16N2O3.xyz,r0_C8H10O3.xyz,2.4263873035853116,2.5112724843990946
2079,TS_ts_guess_Opuswp_template_4-25_10-18.xyz,55,34,21,r1_C13H16N2O3.xyz,r0_C8H10O3.xyz,2.309208979087861,2.640522141565944
2080,TS_ts_guess_YpJ_Qd_template_4-6_12-15.xyz,27,13,14,r0_Br3C4H4NO.xyz,r1_C5H5NO3.xyz,2.4642055375921874,2.4635624032485963
2081,TS_sIIwN1_ll_ad_4-6_10-15.xyz,27,13,14,r0_Br3C4H4NO.xyz,r1_C5H5NO3.xyz,2.578679902702156,2.366076764371773
2082,TS_ts_guess_5R56hZ_template_4-28_6-15.xyz,51,27,24,r0_C8H12N2O5.xyz,r1_C10H10O4.xyz,2.351860892017213,2.4322398478357354
2083,TS_ts_guess_mIQE17_template_4-25_6-15.xyz,51,27,24,r0_C8H12N2O5.xyz,r1_C10H10O4.xyz,2.3645052592244324,2.421682550067205
2084,TS_ts_guess_QZn270_template_4-24_6-15.xyz,51,27,24,r0_C8H12N2O5.xyz,r1_C10H10O4.xyz,2.191150265317283,2.5179728409377256
2085,TS_ts_guess_hgU3OP_template_4-28_6-15.xyz,51,27,24,r0_C8H12N2O5.xyz,r1_C10H10O4.xyz,2.1194165128402673,2.825583491882694
2087,TS_ts_guess_nPlVGB_template_4-25_7-15.xyz,48,30,18,r1_C12H15NO2.xyz,r0_BrC8H7O2.xyz,2.50020858187872,2.4521801081690553
2088,TS_ts_guess_YJu3Qp_template_4-24_7-15.xyz,48,30,18,r1_C12H15NO2.xyz,r0_BrC8H7O2.xyz,2.5003712603931443,2.8962453167161097
2089,TS_ts_guess_4xazGP_template_4-22_7-15.xyz,48,30,18,r1_C12H15NO2.xyz,r0_BrC8H7O2.xyz,2.5928817932370154,2.3986868523423395
2090,TS_ts_guess_1Lrqh__template_4-15_10-14.xyz,51,24,27,r0_C8H10N2O4.xyz,r1_C12H11N3O.xyz,2.5768100444929964,2.5558388019591534
2091,TS_ts_guess_LLwFiA_template_4-15_10-14.xyz,51,24,27,r0_C8H10N2O4.xyz,r1_C12H11N3O.xyz,2.7326039007876717,2.695289366839858
2092,TS_ts_guess_ulI-Vm_template_3-15_11-14.xyz,46,24,22,r0_C11H10N2O.xyz,r1_BrC10H9N2.xyz,2.722737060092289,2.452284179066529
2093,TS_ts_guess_ztOoFT_template_3-15_11-14.xyz,46,24,22,r0_C11H10N2O.xyz,r1_BrC10H9N2.xyz,2.7683148886822826,2.408140397775844
2094,TS_b0Q8VU_ll_ad_4-14_9-13.xyz,53,23,30,r1_C8H10N2O3.xyz,r0_C12F3H14N.xyz,2.767123985422409,2.261995114893046
2095,TS_hmga5V_ll_ad_4-14_9-13.xyz,53,23,30,r1_C8H10N2O3.xyz,r0_C12F3H14N.xyz,2.6725328773468813,2.220448141164301
2096,TS_ts_guess_sgtpnD_template_4-23_10-17.xyz,48,30,18,r0_C11H13N3O3.xyz,r1_C6F2H6O4.xyz,2.0902272226961354,2.1540041999030555
2097,TS_ts_guess_2sWLlL_template_4-23_12-13.xyz,52,22,30,r0_C9H9N3O.xyz,r1_C14F3H13.xyz,2.383859818298886,2.0634073768890135
2098,TS_ts_guess_UctCBT_template_4-25_12-13.xyz,52,22,30,r0_C9H9N3O.xyz,r1_C14F3H13.xyz,2.3174165570522707,2.1067315049858633
2099,TS_ts_guess_6dCe5s_template_13-18_14-15.xyz,57,32,25,r0_C12FH17O2.xyz,r1_C10H11NO3.xyz,2.743798859045612,2.2913424509880667
2100,TS_ts_guess_OCTAtG_template_13-27_14-15.xyz,57,32,25,r0_C12FH17O2.xyz,r1_C10H11NO3.xyz,2.3646618219314153,2.573957437895973
2101,TS_ts_guess_T0qgnq_template_13-14_21-28.xyz,47,23,24,r0_C9F3H8NO2.xyz,r1_C8H10N2O4.xyz,2.1396599906527207,2.8290396031515717
2102,TS_ts_guess_MuFMtl_template_13-22_14-15.xyz,47,23,24,r0_C9F3H8NO2.xyz,r1_C8H10N2O4.xyz,2.720592865608524,2.193306723488532
2103,TS_ts_guess_D6PBjy_template_4-24_10-15.xyz,47,23,24,r0_C9F3H8NO2.xyz,r1_C8H10N2O4.xyz,2.3437940917239297,2.657756292420357
2104,TS_ts_guess_qnLDPB_template_4-22_10-15.xyz,47,23,24,r0_C9F3H8NO2.xyz,r1_C8H10N2O4.xyz,2.5455809794426103,2.2349534981739554
2105,TS_ts_guess_8jInQC_template_4-12_6-11.xyz,50,19,31,r1_C4H8N4O3.xyz,r0_BrC12H17O.xyz,1.8750879594568357,3.2969034439758773
2106,TS_ts_guess_2DxW1M_template_4-12_6-11.xyz,50,19,31,r1_C4H8N4O3.xyz,r0_BrC12H17O.xyz,2.2873809595474035,2.3318788697743287
2107,TS_ts_guess_0OP7ms_template_4-26_10-12.xyz,55,23,32,r1_C9FH11O2.xyz,r0_C15H14N2O.xyz,2.164491373833585,2.3775906823084583
2108,TS_ts_guess_w-MkMV_template_4-17_10-12.xyz,55,23,32,r1_C9FH11O2.xyz,r0_C15H14N2O.xyz,2.884598875511117,1.9627940871370078
2109,TS_ts_guess_5gGNtI_template_4-24_13-18.xyz,48,35,13,r1_C14H17NO3.xyz,r0_BrC6H5O.xyz,2.6027160656129973,2.4212210044520925
2111,TS_C4ul3r_ll_ad_4-11_18-19.xyz,48,35,13,r1_C14H17NO3.xyz,r0_BrC6H5O.xyz,2.4948413893271852,2.576009314327105
2112,TS_m2Yx--_ll_ad_4-11_18-19.xyz,48,35,13,r1_C14H17NO3.xyz,r0_BrC6H5O.xyz,2.4906660442741013,2.580959155604753
2115,TS_ts_guess_l1XR3y_template_3-10_19-20.xyz,54,37,17,r0_C18H16N2O.xyz,r1_C8H7NO.xyz,2.4047273155599163,2.505477398441263
2116,TS_ts_guess_UDODDf_template_3-28_12-21.xyz,54,37,17,r0_C18H16N2O.xyz,r1_C8H7NO.xyz,2.564005949642083,2.339215962005219
2117,TS_ts_guess_k26MnJ_template_3-10_19-20.xyz,54,37,17,r0_C18H16N2O.xyz,r1_C8H7NO.xyz,2.3991134398564817,2.52053249830269
2118,TS_ts_guess_zyrbw-_template_3-29_12-21.xyz,54,37,17,r0_C18H16N2O.xyz,r1_C8H7NO.xyz,2.4305394726479963,2.5041107423993854
2119,TS_ts_guess_5WeyvQ_template_4-27_10-21.xyz,52,38,14,r0_C14H17N3O4.xyz,r1_C7H5NO.xyz,2.6848257937713575,2.2659269741322206
2120,TS_ts_guess_E41ZfO_template_4-29_10-21.xyz,52,38,14,r0_C14H17N3O4.xyz,r1_C7H5NO.xyz,2.517739148005607,2.3381507922715334
2121,TS_ts_guess_i5bNm-_template_4-29_10-21.xyz,52,38,14,r0_C14H17N3O4.xyz,r1_C7H5NO.xyz,2.291956643590799,2.6744183453977426
2122,TS_ts_guess_kQ1KiF_template_4-29_10-21.xyz,52,38,14,r0_C14H17N3O4.xyz,r1_C7H5NO.xyz,2.530692335725542,2.3266239462792435
2123,TS_ts_guess_G5sbvs_template_4-14_12-13.xyz,49,22,27,r1_C9H9NO3.xyz,r0_C12ClH11N2O.xyz,2.6563319405714343,2.176077641514659
2124,TS_ts_guess_FiR1Uk_template_4-14_12-13.xyz,49,22,27,r1_C9H9NO3.xyz,r0_C12ClH11N2O.xyz,2.5627324548223918,2.3560039475985604
2125,TS_ts_guess_67WawQ_template_4-28_12-19.xyz,54,32,22,r1_C15H13NO3.xyz,r0_C9FH11O.xyz,2.343180970411803,2.5382372195088467
2126,TS_ts_guess_p6H6ZI_template_4-26_12-19.xyz,54,32,22,r1_C15H13NO3.xyz,r0_C9FH11O.xyz,2.674543457508216,2.304599278074173
2127,TS_ts_guess_9OYH___template_4-24_6-15.xyz,46,25,21,r1_C7H10N2O6.xyz,r0_C9F3H7O2.xyz,2.533173010060702,2.862761837753885
2128,TS_UaLBPa_ll_ad_4-28_6-15.xyz,46,25,21,r1_C7H10N2O6.xyz,r0_C9F3H7O2.xyz,2.5877120445868775,2.5346564009545753
2129,TS_ts_guess_keSutW_template_4-25_6-15.xyz,46,25,21,r1_C7H10N2O6.xyz,r0_C9F3H7O2.xyz,2.3948532812262218,2.6713627420101527
2130,TS_fx3g5__ll_ad_4-28_6-15.xyz,46,25,21,r1_C7H10N2O6.xyz,r0_C9F3H7O2.xyz,2.458128899630774,2.612836982630183
2131,TS_ts_guess_ySH0Gc_template_4-9_17-24.xyz,53,28,25,r0_C8H14N2O4.xyz,r1_C9H10N2O4.xyz,2.2304569881528766,2.2652749419220615
2132,TS_ts_guess_mEKA2o_template_4-9_17-24.xyz,53,28,25,r0_C8H14N2O4.xyz,r1_C9H10N2O4.xyz,2.0241271438820245,3.1459536095435356
2133,TS_ts_guess_w0VpPy_template_4-21_8-14.xyz,35,22,13,r1_C8H8N4O2.xyz,r0_Br2C6H4O.xyz,2.3637196404396184,2.380657013746415
2134,TS_ts_guess_bGuS43_template_4-22_8-14.xyz,35,22,13,r1_C8H8N4O2.xyz,r0_Br2C6H4O.xyz,2.3408272286950185,2.3921339203731886
2135,TS_ts_guess_34qI3J_template_2-5_10-17.xyz,57,34,23,r1_C16H16O2.xyz,r0_C8H11NO3.xyz,1.9230142028856676,3.037463477475902
2136,TS_ts_guess_92SkvW_template_2-5_13-17.xyz,57,34,23,r1_C16H16O2.xyz,r0_C8H11NO3.xyz,3.0280338421820847,1.9313300085692242
2137,TS_ts_guess_o7bzPg_template_4-17_7-8.xyz,55,15,40,r1_C3H7N3O2.xyz,r0_C18H18N2O2.xyz,2.132187722410951,1.7641143981896412
2138,TS_ts_guess_8NfWkc_template_4-21_7-8.xyz,55,15,40,r1_C3H7N3O2.xyz,r0_C18H18N2O2.xyz,1.928193024310585,2.026603002094885
2141,TS_ts_guess_GywF30_template_4-21_10-14.xyz,44,25,19,r0_C8H11N3O3.xyz,r1_BrC8H7O3.xyz,2.4814434103360083,2.337878297324307
2142,TS_ts_guess_JnumIi_template_4-24_10-14.xyz,44,25,19,r0_C8H11N3O3.xyz,r1_BrC8H7O3.xyz,2.3322606244800346,2.5375183714999974
2143,TS_ts_guess_FDG7dS_template_4-25_10-14.xyz,44,25,19,r0_C8H11N3O3.xyz,r1_BrC8H7O3.xyz,2.368742784854447,2.4252959318400715
2144,TS_ts_guess_rXHgzg_template_4-25_10-14.xyz,44,25,19,r0_C8H11N3O3.xyz,r1_BrC8H7O3.xyz,2.3870190833966953,2.4082513746284873
2145,TS_ts_guess_mjsWCg_template_4-24_6-12.xyz,52,15,37,r0_C6H3NO5.xyz,r1_C19H18.xyz,2.788557888389624,2.2240887410577845
2146,TS_ts_guess_gGM8q1_template_4-18_7-15.xyz,48,30,18,r1_C12H15NO2.xyz,r0_C6Cl2H6O4.xyz,2.5047952236859605,2.446916264321278
2147,TS_h5VWYD_hl_ad_4-24_7-15.xyz,48,30,18,r1_C12H15NO2.xyz,r0_C6Cl2H6O4.xyz,2.2961092135175103,3.311332325771607
2148,TS_ts_guess_s0bNEc_template_3-25_7-16.xyz,47,25,22,r0_C12H9N3O.xyz,r1_BrC9H11O.xyz,2.140359773636199,2.3517172404224107
2149,TS_ts_guess_QrvR1g_template_3-23_7-16.xyz,47,25,22,r0_C12H9N3O.xyz,r1_BrC9H11O.xyz,2.3729573167252713,2.1372769469818365
2150,TS_ts_guess_6Q89yp_template_4-15_6-14.xyz,51,23,28,r1_C8H9NO5.xyz,r0_C11F3H13O.xyz,2.244541864479252,2.8709555742121817
2151,TS_ts_guess_xdUeC3_template_4-15_6-14.xyz,51,23,28,r1_C8H9NO5.xyz,r0_C11F3H13O.xyz,2.359576272702368,2.6093930427783394
2152,TS_tMvKL4_ll_ad_4-10_6-9.xyz,56,13,43,r0_C5H4N2O2.xyz,r1_C18H22O3.xyz,2.513626307270037,2.388106588617853
2153,TS_ts_guess_uFSUqv_template_4-10_6-9.xyz,56,13,43,r0_C5H4N2O2.xyz,r1_C18H22O3.xyz,2.6752717174522673,2.328314469267414
2154,TS_ts_guess_GSUYWn_template_4-26_9-16.xyz,45,25,20,r0_C9H9NO6.xyz,r1_C8ClF3H8.xyz,2.478585955620664,2.600222377105466
2155,TS_ts_guess_xfnzA7_template_4-26_8-16.xyz,45,25,20,r0_C9H9NO6.xyz,r1_C8ClF3H8.xyz,2.8165619556295933,2.4182673802952395
2156,TS_ts_guess_-bYZ66_template_10-17_11-12.xyz,45,20,25,r1_BrC8H8NO2.xyz,r0_C8H11N3O3.xyz,2.3694646944404973,2.429633648268809
2157,TS_ts_guess_7jk3eS_template_4-21_10-14.xyz,45,25,20,r0_C8H11N3O3.xyz,r1_BrC8H8NO2.xyz,2.4418714586357737,2.3524758530747985
2158,TS_ts_guess_ufRc0y_template_10-22_11-12.xyz,45,20,25,r1_BrC8H8NO2.xyz,r0_C8H11N3O3.xyz,2.40801556186832,2.3859134782720015
2159,TS_ts_guess_9TVa8J_template_4-24_10-14.xyz,45,25,20,r0_C8H11N3O3.xyz,r1_BrC8H8NO2.xyz,2.3738865493742534,2.41105327425588
2160,TS_ts_guess_CHIdF6_template_3-23_7-10.xyz,52,16,36,r0_C6H6O4.xyz,r1_C20FH15.xyz,2.102678917524024,2.603522168870471
2161,TS_ts_guess_-ZVcxa_template_3-18_7-10.xyz,52,16,36,r0_C6H6O4.xyz,r1_C20FH15.xyz,2.2369329519008834,2.3851962784852736
2162,TS_ts_guess_Y_Hqg1_template_2-3_16-24.xyz,52,16,36,r1_C4H10N2.xyz,r0_BrC20H15.xyz,1.9020003883806125,2.836442042083709
2164,TS_ts_guess_H8t3K__template_4-6_13-21.xyz,53,27,26,r1_C8FH12N3O3.xyz,r0_C12H11N3.xyz,2.0111761548158826,2.687019889673316
2165,TS_ts_guess_t4Kerv_template_4-6_16-21.xyz,53,27,26,r1_C8FH12N3O3.xyz,r0_C12H11N3.xyz,2.263027546407688,2.190513009319963
2166,TS_ts_guess_y5Mbia_template_20-21_24-28.xyz,58,45,13,r1_C15H23N3O4.xyz,r0_C4H6N2O.xyz,2.2367403104965047,2.5404119375605205
2167,TS_ts_guess_equpt7_template_20-25_21-22.xyz,58,45,13,r1_C15H23N3O4.xyz,r0_C4H6N2O.xyz,2.5749033679149997,2.3353293219800944
2168,TS_ts_guess_730smY_template_16-24_17-18.xyz,48,34,14,r0_C12ClFH16N2O2.xyz,r1_C4H4N2O4.xyz,2.1641562502970992,2.5457442346983723
2169,TS_ts_guess__1s3RT_template_16-22_17-18.xyz,48,34,14,r0_C12ClFH16N2O2.xyz,r1_C4H4N2O4.xyz,2.416568441281976,2.31830584412411
2172,TS_ts_guess_Dhqcyq_template_4-15_6-14.xyz,59,27,32,r1_C8H13N3O3.xyz,r0_C12H17NO2.xyz,2.2789501543473913,2.4993971108249284
2173,TS_ts_guess_o_ukiH_template_4-15_6-14.xyz,59,27,32,r1_C8H13N3O3.xyz,r0_C12H17NO2.xyz,2.1842292158333563,2.713919349520173
2174,TS_ts_guess_JbjW5Y_template_2-7_17-18.xyz,49,33,16,r0_C17H13N3.xyz,r1_C7F3H5O.xyz,2.327407105793913,2.3706184384881515
2175,TS_ts_guess_hTK_gh_template_2-7_13-18.xyz,49,33,16,r0_C17H13N3.xyz,r1_C7F3H5O.xyz,2.0794097810196046,2.668193341963809
2176,TS_ts_guess_SYBO6b_template_2-7_17-18.xyz,49,33,16,r0_C17H13N3.xyz,r1_C7F3H5O.xyz,2.3124797193705287,2.3810426964042453
2177,TS_ts_guess_4Cf72k_template_2-15_21-26.xyz,49,33,16,r0_C17H13N3.xyz,r1_C7F3H5O.xyz,2.3219053043782814,2.495609312572783
2178,TS_ts_guess_J2nhXO_template_4-22_13-17.xyz,58,33,25,r1_C13H16N2O2.xyz,r0_C7H13NO4.xyz,2.6562946499776716,2.13608326029207
2179,TS_ts_guess_S0FAcK_template_4-7_13-24.xyz,58,25,33,r0_C7H13NO4.xyz,r1_C13H16N2O2.xyz,2.3458703001444903,2.2793498185447536
2180,TS_ts_guess_ijaeCc_template_4-26_12-19.xyz,52,35,17,r0_C16H16N2O.xyz,r1_C7Cl2H8.xyz,2.4896631173915877,2.311161741570676
2181,TS_ts_guess_DY1G1K_template_4-5_7-20.xyz,48,23,25,r0_C9F6H8.xyz,r1_C13H10O2.xyz,1.873848438214788,2.794187387864315
2184,TS_ts_guess_5Tq4mD_template_4-18_10-13.xyz,54,26,28,r0_C8H13NO4.xyz,r1_C16H10N2.xyz,1.8709318097942533,3.015336223839723
2185,TS_ts_guess_EVwU6L_template_4-26_10-13.xyz,54,26,28,r0_C8H13NO4.xyz,r1_C16H10N2.xyz,2.351599337323431,2.069664395354957
2186,TS_ts_guess_HxlABF_template_15-26_16-17.xyz,53,29,24,r0_C12ClH12N3O.xyz,r1_C8H12N2O2.xyz,2.1487121269728062,2.450029715044289
2187,TS_ts_guess_9SbnQC_template_15-22_16-17.xyz,53,29,24,r0_C12ClH12N3O.xyz,r1_C8H12N2O2.xyz,2.389059359538812,2.271330787578066
2188,TS_ts_guess_QhEmQi_template_4-25_7-17.xyz,45,31,14,r0_C13H14O4.xyz,r1_BrC7H4NO.xyz,2.6675015332516683,2.760071510613448
2190,TS_ts_guess_XusZWJ_template_4-24_7-17.xyz,45,31,14,r0_C13H14O4.xyz,r1_BrC7H4NO.xyz,2.6886473267239794,2.70860485211483
2192,TS_ts_guess_If5-qv_template_4-15_8-14.xyz,48,20,28,r0_C7H6O7.xyz,r1_C10ClFH14O2.xyz,2.366254964516715,2.4661112254924755
2193,TS_ts_guess_F6_IEt_template_4-15_8-14.xyz,48,20,28,r0_C7H6O7.xyz,r1_C10ClFH14O2.xyz,2.2984923854779242,2.6327340557868735
2194,TS_ts_guess_qYUz4-_template_2-23_7-14.xyz,43,25,18,r1_C11H11NO2.xyz,r0_C6F9H3.xyz,2.0961431498349534,2.798720237036921
2195,TS_ts_guess_9XHqLa_template_2-20_7-14.xyz,43,25,18,r1_C11H11NO2.xyz,r0_C6F9H3.xyz,2.144599520213506,2.2764443608619125
2198,TS_H4LlJh_hl_ad_4-12_7-11.xyz,60,22,38,r0_C7H11NO3.xyz,r1_C14H20O4.xyz,2.536002288701649,2.585256968156164
2200,TS_ts_guess_DTzOd__template_4-25_12-15.xyz,44,25,19,r0_C11H10N2O2.xyz,r1_C8F6H4O.xyz,2.9886388744878496,2.5010744641053773
2201,TS_ts_guess_goLGLV_template_4-29_12-15.xyz,44,25,19,r0_C11H10N2O2.xyz,r1_C8F6H4O.xyz,2.715894580170593,2.7897361030212156
2202,TS_ts_guess_gIg2nF_template_4-13_6-12.xyz,49,18,31,r0_C7H6N2O3.xyz,r1_BrC11H17O2.xyz,2.2106102796513003,2.770089432112256
2203,TS_ts_guess_R1Uuis_template_4-13_6-12.xyz,49,18,31,r0_C7H6N2O3.xyz,r1_BrC11H17O2.xyz,2.284156790349559,2.9051327330089416
2204,TS_ts_guess_HvlwYy_template_20-26_21-22.xyz,53,41,12,r1_C17F3H19O2.xyz,r0_C4H4N4.xyz,2.4297188473772025,2.1925077729622764
2205,TS_ts_guess_GgtUIh_template_20-27_21-22.xyz,53,41,12,r1_C17F3H19O2.xyz,r0_C4H4N4.xyz,2.2822478050378314,2.299089499802041
2206,TS_ts_guess_tmfyGo_template_4-22_10-15.xyz,46,28,18,r1_C8H13N3O4.xyz,r0_BrC8H7O2.xyz,2.5927893876094137,2.297178092377689
2208,TS_ts_guess_D9jW_H_template_4-24_10-15.xyz,46,28,18,r1_C8H13N3O4.xyz,r0_BrC8H7O2.xyz,2.4710803088123217,2.3856979703642285
2209,TS_ts_guess_YFANGo_template_4-25_10-15.xyz,46,28,18,r1_C8H13N3O4.xyz,r0_BrC8H7O2.xyz,2.3899862488725745,2.4745265538684365
2210,TS_ts_guess_q_Zd1y_template_4-26_10-19.xyz,51,32,19,r1_C10H13NO8.xyz,r0_C10H8O.xyz,2.1748164651068835,2.541343971405681
2211,TS_ts_guess_amPUzU_template_4-24_11-17.xyz,47,30,17,r0_C10H13N3O4.xyz,r1_BrC7FH8.xyz,2.281453684956151,2.655526157845183
2212,TS_ts_guess_sQpaFK_template_4-24_11-17.xyz,47,30,17,r0_C10H13N3O4.xyz,r1_BrC7FH8.xyz,2.4655838194837347,2.388055298396585
2213,TS_ts_guess_62Bm_j_template_4-19_9-18.xyz,56,34,22,r0_C10H16N4O4.xyz,r1_C10H10N2.xyz,2.4571606064520903,2.523600002575686
2214,TS_ts_guess_S8ihwB_template_4-19_10-18.xyz,56,34,22,r0_C10H16N4O4.xyz,r1_C10H10N2.xyz,2.3420055591308926,2.415582761571212
2215,TS_ts_guess_VK_RGE_template_2-5_6-22.xyz,56,23,33,r1_C11H9N3.xyz,r0_C15F2H16.xyz,2.496909328549999,2.430278026399449
2216,TS_ts_guess_GEiJvk_template_2-5_6-22.xyz,56,23,33,r1_C11H9N3.xyz,r0_C15F2H16.xyz,2.266850584776156,2.6422162941553444
2217,TS_ts_guess_FaerNA_template_4-5_17-18.xyz,52,32,20,r0_C9H16N4O3.xyz,r1_C8F3H7O2.xyz,2.2571555072258533,2.6014052413839717
2218,TS_ts_guess_-sSe7A_template_4-5_17-18.xyz,52,32,20,r0_C9H16N4O3.xyz,r1_C8F3H7O2.xyz,2.243193084556031,2.615211347864642
2219,TS_ts_guess_k7dFF1_template_4-24_7-16.xyz,52,32,20,r0_C9H16N4O3.xyz,r1_C8F3H7O2.xyz,2.259584097195765,2.6359019198179587
2220,TS_ts_guess_7jx1rY_template_4-26_7-16.xyz,52,32,20,r0_C9H16N4O3.xyz,r1_C8F3H7O2.xyz,2.23946662205535,2.5873358613059882
2221,TS_ts_guess_SF3g8n_template_4-28_9-20.xyz,56,35,21,r0_C14H15NO5.xyz,r1_C8FH11O.xyz,2.288723732083014,2.377021531349685
2222,TS_ts_guess_Bv-rNK_template_4-27_9-20.xyz,56,35,21,r0_C14H15NO5.xyz,r1_C8FH11O.xyz,2.7372172187460753,2.21499280118469
2223,TS_YiioL-_hl_ad_4-27_10-20.xyz,60,36,24,r0_C14H16N2O4.xyz,r1_C9H14O.xyz,2.764311182917003,2.5366558475481056
2225,TS_ts_guess_C6bdMT_template_4-30_6-19.xyz,49,33,16,r0_C16H14N2O.xyz,r1_C7F4H4O.xyz,2.299812530729407,2.698640483595397
2226,TS_ts_guess_2kOd_b_template_4-26_6-19.xyz,49,33,16,r0_C16H14N2O.xyz,r1_C7F4H4O.xyz,2.3094139329275727,2.7194927663261033
2227,TS_d6uYo9_hl_ad_4-29_6-19.xyz,49,33,16,r0_C16H14N2O.xyz,r1_C7F4H4O.xyz,2.158955666358158,3.434587955912616
2228,TS_ts_guess_7FNJ7w_template_4-30_6-19.xyz,49,33,16,r0_C16H14N2O.xyz,r1_C7F4H4O.xyz,2.1752735362248123,2.8550837560569042
2229,TS_ts_guess_h8fsKX_template_4-17_10-16.xyz,55,29,26,r1_C9H13NO6.xyz,r0_C10ClFH14.xyz,2.7693494402296,2.4227007492465926
2230,TS_ts_guess_kFHVNR_template_4-17_10-16.xyz,55,29,26,r1_C9H13NO6.xyz,r0_C10ClFH14.xyz,2.5000507131256358,2.5943334261809907
2231,TS_ts_guess_Q-KkJn_template_4-29_9-22.xyz,58,39,19,r1_C18H17NO3.xyz,r0_C8H10O.xyz,2.593034943594089,2.484422202645919
2232,TS_ts_guess_tIvijk_template_4-30_9-22.xyz,58,39,19,r1_C18H17NO3.xyz,r0_C8H10O.xyz,2.5867027701110157,2.47352985783475
2233,TS_ts_guess_Y-xwdP_template_4-21_6-15.xyz,49,29,20,r1_C8H14N4O3.xyz,r0_C6Cl2H8N2O2.xyz,2.167132062519495,2.6737654430035556
2235,TS_ts_guess_4Lta0G_template_4-16_6-15.xyz,54,24,30,r0_C10H9N3O2.xyz,r1_C12H14N2O2.xyz,2.1653806646869267,2.382252442248722
2236,TS_ts_guess_FpGhc2_template_4-16_8-15.xyz,51,22,29,r0_C8H7N3O4.xyz,r1_C11F2H14O2.xyz,2.460522902839963,2.8009327587966113
2237,TS_ts_guess_OzFR2M_template_4-16_8-15.xyz,51,22,29,r0_C8H7N3O4.xyz,r1_C11F2H14O2.xyz,2.770063949532573,2.4462960991057483
2238,TS_ts_guess_y4F7Ax_template_4-24_11-14.xyz,50,31,19,r0_C9H17N3O2.xyz,r1_C8F6H4O.xyz,2.521657664176484,2.416965352440949
2239,TS_ts_guess_Wg6Toz_template_4-9_23-24.xyz,50,31,19,r0_C9H17N3O2.xyz,r1_C8F6H4O.xyz,2.5239006287292693,2.373022326570064
2240,TS_ts_guess_bZRDOz_template_4-17_6-16.xyz,51,28,23,r1_C12H12N2O2.xyz,r0_C9Cl2FH11.xyz,2.3032081181039628,2.8244834887462167
2241,TS_ts_guess_seb9aB_template_4-17_6-16.xyz,51,28,23,r1_C12H12N2O2.xyz,r0_C9Cl2FH11.xyz,2.300429515829598,2.830038225854909
2242,TS_ts_guess_tLoAV9_template_4-25_6-16.xyz,46,24,22,r1_C11H8O5.xyz,r0_BrC9H11O.xyz,2.2391125566393484,2.263302463238177
2243,TS_ts_guess_I4LR8U_template_4-23_6-16.xyz,46,24,22,r1_C11H8O5.xyz,r0_BrC9H11O.xyz,2.4520168778782905,2.137238375287137
2244,TS_ts_guess_KSLSaa_template_2-19_8-15.xyz,58,31,27,r0_C14H16O.xyz,r1_C15H10N2.xyz,2.775481354612205,2.189895552280976
2245,TS_ts_guess_mDsuzm_template_2-3_7-20.xyz,58,31,27,r0_C14H16O.xyz,r1_C15H10N2.xyz,2.199024646292078,2.7791771113406933
2246,TS_ts_guess_MAWiN3_template_4-20_12-15.xyz,39,25,14,r0_C11H10N2O2.xyz,r1_Br2C4H6O2.xyz,2.5785375359881813,2.1330236027292337
2247,TS_ts_guess_vBLavC_template_4-18_12-15.xyz,39,25,14,r0_C11H10N2O2.xyz,r1_Br2C4H6O2.xyz,2.4602777710047294,2.2029717647305422
2248,TS_ts_guess_l4Xw2m_template_4-13_8-12.xyz,47,15,32,r1_C6H3NO5.xyz,r0_C12ClH15O4.xyz,2.3049615430631376,2.4826614761783374
2249,TS_ts_guess_kiL1wO_template_4-13_8-12.xyz,47,15,32,r1_C6H3NO5.xyz,r0_C12ClH15O4.xyz,2.225619287074948,2.6427140815835526
2250,TS_ts_guess_jUWWTj_template_4-24_8-17.xyz,48,28,20,r0_C12H11NO4.xyz,r1_C8ClF3H8.xyz,2.5526148603148107,2.068293108072451
2251,TS_ts_guess_-p0d9K_template_4-27_8-17.xyz,48,28,20,r0_C12H11NO4.xyz,r1_C8ClF3H8.xyz,2.3772001328032943,2.0380089403876522
2252,TS_ts_guess_G5VZke_template_4-13_8-12.xyz,50,16,34,r1_C6H4N2O4.xyz,r0_C12ClH17N2O2.xyz,2.3036041895473276,2.5649477278299453
2253,TS_ts_guess_2PStbB_template_4-13_8-12.xyz,50,16,34,r1_C6H4N2O4.xyz,r0_C12ClH17N2O2.xyz,2.2810352159929494,2.598082938552963
2254,TS_ts_guess_H5shOW_template_4-22_9-13.xyz,45,23,22,r1_C8H10O5.xyz,r0_C8F6H6O2.xyz,2.6118983891989362,2.3386391990642763
2255,TS_ts_guess_4A7A_X_template_4-20_9-13.xyz,45,23,22,r1_C8H10O5.xyz,r0_C8F6H6O2.xyz,2.5493187083807314,2.396699387449331
2256,TS_ts_guess_C9Q3eB_template_4-6_14-15.xyz,40,27,13,r1_C9H13N3O2.xyz,r0_Br2C6H4O.xyz,2.248552804027515,2.4998196468345473
2257,TS_ts_guess_mnZrz8_template_4-21_8-14.xyz,40,27,13,r1_C9H13N3O2.xyz,r0_Br2C6H4O.xyz,2.3169811267897717,2.6983283812204917
2258,TS_ts_guess_RzGJZA_template_4-17_10-12.xyz,47,23,24,r1_BrC9H11O2.xyz,r0_C11H9NO3.xyz,2.535844024797267,2.039375194244551
2259,TS_ts_guess_T1gZWX_template_4-20_10-12.xyz,47,23,24,r1_BrC9H11O2.xyz,r0_C11H9NO3.xyz,2.0876661858161136,2.26580692480626
2260,TS_ts_guess_K7pN7C_template_4-25_6-17.xyz,49,31,18,r0_C12H14N2O3.xyz,r1_BrC8H8N.xyz,2.552562537568864,2.746262107975129
2261,TS_ts_guess_5VfJax_template_4-24_6-17.xyz,49,31,18,r0_C12H14N2O3.xyz,r1_BrC8H8N.xyz,2.5354016792808194,2.637933400410253
2264,TS_ts_guess_zg8-hE_template_4-9_10-11.xyz,57,28,29,r0_C9H13NO5.xyz,r1_C12H14N2O.xyz,2.417912858520754,2.47168428020247
2265,TS_ts_guess_9IYmL2_template_4-9_10-11.xyz,57,28,29,r0_C9H13NO5.xyz,r1_C12H14N2O.xyz,2.4538815472023088,2.42048669630717
2266,TS_ts_guess_zBYIco_template_4-25_8-18.xyz,52,36,16,r1_C14H18N2O2.xyz,r0_BrC7H7O.xyz,2.3999935527830067,2.634007524116057
2267,TS_ts_guess_cIT133_template_4-25_8-18.xyz,52,36,16,r1_C14H18N2O2.xyz,r0_BrC7H7O.xyz,2.234956908152817,2.7024572081903537
2268,TS_ts_guess_AZwwgT_template_4-6_14-15.xyz,52,36,16,r1_C14H18N2O2.xyz,r0_BrC7H7O.xyz,2.426407236677306,2.5515970878059884
2269,TS_ts_guess_HCKqJB_template_4-6_14-15.xyz,52,36,16,r1_C14H18N2O2.xyz,r0_BrC7H7O.xyz,2.4218305269155396,2.560245196577859
2270,TS_ts_guess_Qdg1rR_template_4-26_7-16.xyz,54,29,25,r0_C12H13N3O.xyz,r1_C10H10O5.xyz,2.319070271919331,2.6443118962974093
2271,TS_ts_guess_15uHTp_template_4-5_19-20.xyz,54,29,25,r0_C12H13N3O.xyz,r1_C10H10O5.xyz,2.2923498662071635,2.592286265442149
2272,TS_ts_guess_fg83jc_template_4-9_22-23.xyz,57,33,24,r0_C10H17N3O3.xyz,r1_C10H10O4.xyz,2.740609746771692,2.3451243919673
2273,TS_ts_guess_TFQt3w_template_4-26_11-16.xyz,57,33,24,r0_C10H17N3O3.xyz,r1_C10H10O4.xyz,2.592354385148759,2.4798865495219737
2274,TS_ts_guess_95wY2X_template_4-25_11-16.xyz,57,33,24,r0_C10H17N3O3.xyz,r1_C10H10O4.xyz,2.4246587592277806,2.5293486197438266
2275,TS_ts_guess_FMu6sg_template_4-9_22-23.xyz,57,33,24,r0_C10H17N3O3.xyz,r1_C10H10O4.xyz,2.3547797711675718,2.6033655097584742
2276,TS_ts_guess_cLW5iD_template_22-29_23-24.xyz,53,43,10,r1_C15F3H19N2O4.xyz,r0_C4H4N2.xyz,2.490324404470229,2.8488094240928086
2277,TS_ts_guess_VtSv5Z_template_22-26_23-24.xyz,53,43,10,r1_C15F3H19N2O4.xyz,r0_C4H4N2.xyz,2.8443337269912616,2.4254103991902074
2278,TS_ts_guess_Se8krZ_template_4-8_16-22.xyz,50,30,20,r0_C10H14N2O4.xyz,r1_C7H6O7.xyz,2.255972008048859,2.444338672136085
2281,TS_ts_guess_5LQ8aX_template_4-30_10-21.xyz,51,37,14,r0_C14H16N2O5.xyz,r1_C7FH4NO.xyz,2.6488761955591658,2.469371060999136
2282,TS_ts_guess_rJJT3s_template_4-29_10-21.xyz,51,37,14,r0_C14H16N2O5.xyz,r1_C7FH4NO.xyz,2.396772813055088,2.7803333751728405
2283,TS_ts_guess_PGWo31_template_4-30_10-21.xyz,51,37,14,r0_C14H16N2O5.xyz,r1_C7FH4NO.xyz,2.696538232419485,2.3841849140744094
2284,TS_ts_guess_zJiYaN_template_4-29_12-21.xyz,51,37,14,r0_C14H16N2O5.xyz,r1_C7FH4NO.xyz,2.4726364861418673,2.6970186682335
2285,TS_ts_guess_vVEXXv_template_4-30_8-17.xyz,53,27,26,r1_C9H10N2O6.xyz,r0_C13H12O.xyz,2.5377323499731013,2.323680546224028
2286,TS_ts_guess_lNiFP0_template_4-29_10-17.xyz,53,27,26,r1_C9H10N2O6.xyz,r0_C13H12O.xyz,2.266387801635016,2.4696985477786555
2287,TS_ts_guess_j8uRdJ_template_4-30_8-17.xyz,53,27,26,r1_C9H10N2O6.xyz,r0_C13H12O.xyz,2.5832835611097744,2.307719404628734
2288,TS_ts_guess_26shq0_template_4-29_8-17.xyz,53,27,26,r1_C9H10N2O6.xyz,r0_C13H12O.xyz,2.324868067590073,2.417017748238519
2289,TS_ts_guess_lgy7kh_template_2-7_15-23.xyz,50,20,30,r0_C6F6H6O2.xyz,r1_C15H14O.xyz,2.5045571702997718,2.6331335897747383
2290,TS_ts_guess_Dt_Aw3_template_3-13_5-12.xyz,52,22,30,r1_C7H10N2O3.xyz,r0_BrC14H15.xyz,2.1830127449467627,2.3912336056730217
2291,TS_ts_guess_Jc744o_template_3-13_5-12.xyz,52,22,30,r1_C7H10N2O3.xyz,r0_BrC14H15.xyz,2.289815594059923,2.210023385260889
2292,TS_ts_guess_Mz0Tos_template_4-5_6-7.xyz,51,28,23,r0_C8H15N3O2.xyz,r1_C9ClF5H8.xyz,2.5201770344759513,2.9405914873882093
2293,TS_ts_guess_Nm1xb-_template_4-5_6-20.xyz,51,28,23,r0_C8H15N3O2.xyz,r1_C9ClF5H8.xyz,2.786194128304774,2.575610303384423
2294,TS_ts_guess_lGU6Tl_template_1-29_3-16.xyz,63,31,32,r1_C15H15N.xyz,r0_C16H16.xyz,2.10318115746124,3.1368607373614785
2295,TS_ts_guess_SJZ2UV_template_1-19_3-16.xyz,63,31,32,r1_C15H15N.xyz,r0_C16H16.xyz,2.1306101342807886,2.5283312932248414
2296,TS_ts_guess_QFdLAi_template_4-24_13-14.xyz,58,27,31,r0_C11H13NO2.xyz,r1_C14H14O3.xyz,3.1910782425067548,2.439070763508103
2297,TS_NUlqPN_ll_ad_4-21_13-14.xyz,58,27,31,r0_C11H13NO2.xyz,r1_C14H14O3.xyz,2.7935621488343516,2.025070212535852
2298,TS_ts_guess_0actH2_template_3-19_6-9.xyz,56,15,41,r1_C5H6N2O2.xyz,r0_C22H18O.xyz,2.544621714479384,2.3046584236931946
2299,TS_ts_guess_VJ99SQ_template_3-22_6-9.xyz,56,15,41,r1_C5H6N2O2.xyz,r0_C22H18O.xyz,2.2233036029521474,2.407078604657521
2300,TS_ts_guess_BPcVI6_template_4-25_8-18.xyz,50,29,21,r0_C13H11NO4.xyz,r1_C6F3H9O3.xyz,3.1108984697350697,2.325015906633759
2301,TS_ts_guess_PZ3tfE_template_4-23_8-18.xyz,50,29,21,r0_C13H11NO4.xyz,r1_C6F3H9O3.xyz,2.334883573350072,2.432829782886588
2302,TS_ts_guess_Ro0XQR_template_4-30_12-18.xyz,54,34,20,r0_C13H16N2O3.xyz,r1_C9H7NO3.xyz,2.4214830491044115,2.5262645803834562
2303,TS_ts_guess_nyV8D3_template_4-26_12-18.xyz,54,34,20,r0_C13H16N2O3.xyz,r1_C9H7NO3.xyz,2.513338176967039,2.455020344192691
2304,TS_ts_guess_F38Sos_template_4-30_12-18.xyz,54,34,20,r0_C13H16N2O3.xyz,r1_C9H7NO3.xyz,2.417710286883025,2.5354445929067353
2305,TS_ts_guess_bluFSa_template_4-28_12-18.xyz,54,34,20,r0_C13H16N2O3.xyz,r1_C9H7NO3.xyz,2.5129470481090523,2.4909648814264727
2306,TS_ts_guess_g4-Fj9_template_4-25_9-15.xyz,57,28,29,r0_C9H13N3O3.xyz,r1_C11H14O4.xyz,2.3821770903734256,2.373281106485281
2308,TS_z07P1k_ll_ad_3-13_11-12.xyz,41,21,20,r0_C10H9NO.xyz,r1_BrC8Cl3H8.xyz,3.0262966710816706,2.3961093009501884
2309,TS_ts_guess__YNMt6_template_14-23_15-16.xyz,56,27,29,r1_C10F5H11O.xyz,r0_C12H15NO.xyz,2.44023975340539,2.5697869908807616
2310,TS_ts_guess_HRFstW_template_14-25_15-16.xyz,56,27,29,r1_C10F5H11O.xyz,r0_C12H15NO.xyz,2.5412592707356723,2.550504641615067
2311,TS_ts_guess_Py-D73_template_4-15_9-14.xyz,42,20,22,r0_C8H6N2O4.xyz,r1_BrC10FH8N2.xyz,2.607466918160229,2.585087262859805
2312,TS_ts_guess_J3E2aa_template_4-15_9-14.xyz,42,20,22,r0_C8H6N2O4.xyz,r1_BrC10FH8N2.xyz,2.5467337374174,2.620712312597474
2313,TS_ts_guess_nSJowa_template_4-18_10-12.xyz,49,24,25,r1_BrC9H12NO.xyz,r0_C12H9N3O.xyz,2.353059246342939,2.2042590371369695
2314,TS_ts_guess_XR4_E5_template_4-23_10-12.xyz,49,24,25,r1_BrC9H12NO.xyz,r0_C12H9N3O.xyz,2.4172590061679364,2.222146111712729
2315,TS_cergTB_ll_ad_2-12_4-11.xyz,42,17,25,r1_C8H6N2O.xyz,r0_BrC11F3H8N2.xyz,2.2410929485855777,2.441753922675256
2316,TS_ts_guess_Q0J378_template_2-12_4-11.xyz,42,17,25,r1_C8H6N2O.xyz,r0_BrC11F3H8N2.xyz,2.362391150127345,2.3346865727330512
2317,TS_ts_guess_9_-4Vq_template_13-21_14-15.xyz,48,27,21,r0_C10ClF2H12NO.xyz,r1_C7H7NO6.xyz,2.30020328975506,2.2518650391397794
2318,TS_ts_guess_iA8O4U_template_13-21_14-15.xyz,48,27,21,r0_C10ClF2H12NO.xyz,r1_C7H7NO6.xyz,2.1504710866459003,2.4497163091876577
2319,TS_fNJRDV_ll_ad_4-25_6-12.xyz,54,18,36,r1_C7H6N2O3.xyz,r0_C18H16O2.xyz,2.0916280449927034,2.870030242854594
2320,TS_ts_guess_EzH6NB_template_4-19_6-12.xyz,54,18,36,r1_C7H6N2O3.xyz,r0_C18H16O2.xyz,1.9944068385612799,2.856625695099027
2321,TS_ts_guess_yfoHn-_template_4-20_8-19.xyz,59,31,28,r1_C13H12N2O4.xyz,r0_C11H16O.xyz,2.453809117148275,2.2823460324849965
2322,TS_ts_guess_yQklzA_template_4-20_8-19.xyz,59,31,28,r1_C13H12N2O4.xyz,r0_C11H16O.xyz,2.396950979578014,2.322606670144559
2323,TS_ts_guess_lUSnKO_template_4-5_6-7.xyz,50,22,28,r0_C6H11N3O2.xyz,r1_BrC10ClH14O2.xyz,2.165932724024456,2.4342577531765204
2324,TS_ts_guess_NaYdIC_template_4-5_6-7.xyz,50,22,28,r0_C6H11N3O2.xyz,r1_BrC10ClH14O2.xyz,2.3733153296391105,2.431139810315318
2325,TS_ts_guess_rH0PGd_template_4-17_9-16.xyz,54,26,28,r0_C9H10N2O5.xyz,r1_C10F2H14O2.xyz,2.5751804765685837,2.714931760486808
2326,TS_ts_guess_pzrARG_template_4-17_9-16.xyz,54,26,28,r0_C9H10N2O5.xyz,r1_C10F2H14O2.xyz,2.6582795775463497,2.608079355330278
2327,TS_ts_guess_LLEcpr_template_3-13_5-12.xyz,53,21,32,r0_C9H9NO2.xyz,r1_C16ClH13N2.xyz,2.4394045620601763,2.749017577572032
2328,TS_ts_guess_NweTrb_template_3-13_5-12.xyz,53,21,32,r0_C9H9NO2.xyz,r1_C16ClH13N2.xyz,2.4637907792870726,2.5038943799010367
2329,TS_ts_guess_vTMIPH_template_4-21_10-13.xyz,57,28,29,r0_C10H15NO2.xyz,r1_C10H12O7.xyz,2.3636861466362236,3.0950310571947415
2330,TS_ts_guess_oCdq6L_template_4-23_10-13.xyz,57,28,29,r0_C10H15NO2.xyz,r1_C10H12O7.xyz,2.5090176486226636,2.5133291361658148
2331,TS_ts_guess_99cJfw_template_4-12_8-11.xyz,51,20,31,r1_C7H7N3O3.xyz,r0_BrC12H17O.xyz,2.092457414620426,2.5492655540763107
2332,TS_ts_guess_etX2JX_template_4-12_8-11.xyz,51,20,31,r1_C7H7N3O3.xyz,r0_BrC12H17O.xyz,2.0622309892686608,2.5031815401604414
2333,TS_ts_guess_sWscYd_template_20-28_21-22.xyz,56,44,12,r0_C18H22N2O2.xyz,r1_C3H3N3O3.xyz,2.4491436279034358,2.6220272132264375
2337,TS_ts_guess_iuMo9h_template_4-28_9-18.xyz,50,31,19,r1_C10H13NO7.xyz,r0_C8F3H7O.xyz,2.617195794357006,2.576051422856306
2339,TS_ts_guess_riSV9t_template_4-26_8-16.xyz,54,25,29,r0_C11H9NO4.xyz,r1_C11H14O4.xyz,2.326595664441933,2.7261975859060543
2341,TS_ts_guess_lnSApV_template_18-27_19-20.xyz,51,36,15,r1_C16Cl2H16O2.xyz,r0_C6H6N2O.xyz,2.128511652094017,2.753948770275148
2342,TS_ts_guess_uMMvKM_template_18-23_19-20.xyz,51,36,15,r1_C16Cl2H16O2.xyz,r0_C6H6N2O.xyz,2.610543224867192,2.299114839976464
2343,TS_ts_guess_iCWQCM_template_2-18_5-12.xyz,59,24,35,r1_C8H12O4.xyz,r0_C16H16N2O.xyz,2.4396610788181214,1.9440553211264333
2344,TS_ts_guess_9SMQO9_template_2-5_11-24.xyz,59,24,35,r1_C8H12O4.xyz,r0_C16H16N2O.xyz,1.8883588024790203,3.20199656234981
2345,TS_ts_guess_WPj94c_template_4-25_12-16.xyz,60,28,32,r1_C12H12N2O2.xyz,r0_C15H16O.xyz,2.587961991432641,2.1468821017699136
2346,TS_ts_guess_mZNEOf_template_4-28_12-16.xyz,60,28,32,r1_C12H12N2O2.xyz,r0_C15H16O.xyz,2.7107673734203015,2.0894586686986654
2347,TS_ts_guess_FPOMu__template_4-30_6-16.xyz,43,24,19,r0_C11H8O5.xyz,r1_C8F6H4O.xyz,2.6331977072373434,2.109932819072683
2348,TS_ts_guess_1lLnJC_template_4-26_6-16.xyz,43,24,19,r0_C11H8O5.xyz,r1_C8F6H4O.xyz,2.315659657095576,2.371535878644892
2349,TS_ts_guess_hFP8hE_template_4-12_6-11.xyz,48,22,26,r1_C6H11N3O2.xyz,r0_Br2C10H14.xyz,2.5340058283476776,2.42607282250554
2350,TS_ts_guess_kKmcd5_template_4-9_22-23.xyz,59,33,26,r1_C10H16N2O5.xyz,r0_C13H12O.xyz,2.4473810417464623,2.4842163810747246
2351,TS_ts_guess_R8-8Pj_template_4-24_11-17.xyz,59,33,26,r1_C10H16N2O5.xyz,r0_C13H12O.xyz,2.6159328220923412,2.409979112876292
2352,TS_ts_guess_YYeoGL_template_4-9_22-23.xyz,59,33,26,r1_C10H16N2O5.xyz,r0_C13H12O.xyz,2.5641759635992223,2.441169402028462
2353,TS_ts_guess_I8m_Iy_template_4-29_11-17.xyz,59,33,26,r1_C10H16N2O5.xyz,r0_C13H12O.xyz,2.4960294199588273,2.4293143944948747
2354,TS_f8RtMz_ll_ad_3-17_12-14.xyz,37,28,9,r1_C11H14N2O.xyz,r0_Br3C3H3.xyz,2.5903986432207686,1.9795915127621655
2355,TS_0lHXYe_ll_ad_3-17_12-14.xyz,37,28,9,r1_C11H14N2O.xyz,r0_Br3C3H3.xyz,2.3539122789730293,2.190715303844842
2356,TS_ts_guess_B06ETv_template_4-26_9-17.xyz,59,31,28,r1_C13H14O4.xyz,r0_C11H14O3.xyz,2.3425468408763996,2.3979156421775976
2357,TS_duF2LL_ll_ad_4-27_9-17.xyz,59,31,28,r1_C13H14O4.xyz,r0_C11H14O3.xyz,2.4129556302800097,2.3645745001162473
2359,TS_ts_guess_NPDjU__template_4-24_9-16.xyz,61,30,31,r0_C10H14N2O4.xyz,r1_C14H16O.xyz,2.2638835439571534,2.312573167491139
2360,TS_ts_guess_LXDzb3_template_4-25_8-19.xyz,48,30,18,r1_C13H11NO5.xyz,r0_C6F2H6O4.xyz,2.395125721648031,2.4432321467474187
2361,TS_ts_guess_EH-m0H_template_4-17_8-13.xyz,29,19,10,r0_C7H6N2O4.xyz,r1_Br3C3H3O.xyz,2.449869715617547,2.042532989843738
2362,TS_ts_guess_bDQRtd_template_4-16_8-13.xyz,29,19,10,r0_C7H6N2O4.xyz,r1_Br3C3H3O.xyz,2.5640781759727997,1.955727494642339
2363,TS_ts_guess_grt55E_template_4-6_16-17.xyz,56,38,18,r1_C14H19N3O2.xyz,r0_C8ClH7O2.xyz,2.456138855195284,2.596847787568613
2364,TS_ts_guess_t2_tG-_template_4-6_16-17.xyz,56,38,18,r1_C14H19N3O2.xyz,r0_C8ClH7O2.xyz,2.5559949214933897,2.5568917343915833
2365,TS_ts_guess_CPE_QT_template_4-28_13-19.xyz,56,38,18,r1_C14H19N3O2.xyz,r0_C8ClH7O2.xyz,2.53428300856475,2.5897710255541897
2366,TS_ts_guess_qvdAdh_template_4-28_8-19.xyz,56,38,18,r1_C14H19N3O2.xyz,r0_C8ClH7O2.xyz,2.5018585894690366,2.8742041013470145
2367,TS_ts_guess_WGG0uo_template_4-27_13-24.xyz,54,44,10,r0_C19H20N2O3.xyz,r1_C3F3H3O.xyz,2.5144078483412353,2.3634224503884194
2368,TS_ts_guess_cShWoc_template_4-28_13-24.xyz,54,44,10,r0_C19H20N2O3.xyz,r1_C3F3H3O.xyz,2.4108430963876515,2.4495970490674583
2369,TS_ts_guess_oeggwV_template_4-30_12-18.xyz,56,29,27,r0_C13H11NO4.xyz,r1_C13FH13.xyz,2.4486353939694654,2.6626978742996736
2370,TS_ts_guess_Zo9Bmf_template_4-25_12-18.xyz,56,29,27,r0_C13H11NO4.xyz,r1_C13FH13.xyz,2.59687202898025,2.477253491167184
2371,TS_ts_guess_n0Rn0O_template_4-18_10-13.xyz,43,27,16,r1_C8H14N2O3.xyz,r0_Br2C6H6O2.xyz,2.7044407674415796,2.402186768446617
2372,TS_ts_guess_sFDgD7_template_2-3_13-18.xyz,54,31,23,r0_C15H15N.xyz,r1_C9F6H8.xyz,2.315233937683188,3.1651929019571616
2373,TS_ts_guess_-85_OB_template_4-6_12-18.xyz,46,27,19,r0_BrC8H12N3O3.xyz,r1_C6H7N3O3.xyz,1.9851891268340154,2.261502066547807
2374,TS_ts_guess_uNQHhT_template_4-9_15-21.xyz,46,27,19,r0_BrC8H12N3O3.xyz,r1_C6H7N3O3.xyz,1.917254326217573,2.539532468073602
2375,TS_ts_guess_XLLfUt_template_3-20_9-16.xyz,56,28,28,r0_C14H12O2.xyz,r1_C14H11N3.xyz,2.8158832037213477,1.9202450462896656
2376,TS_ts_guess_Cj7jFI_template_14-20_15-16.xyz,56,28,28,r0_C14H12O2.xyz,r1_C14H11N3.xyz,2.3049421673655934,2.1464071534776434
2377,TS_ts_guess_ojbkgv_template_14-30_15-16.xyz,56,28,28,r0_C14H12O2.xyz,r1_C14H11N3.xyz,2.162007757340385,2.3011962114083193
2378,TS_ts_guess_72s38q_template_3-30_9-16.xyz,56,28,28,r0_C14H12O2.xyz,r1_C14H11N3.xyz,1.942878566792068,2.4710652435336464
2379,TS_ts_guess_rehBy7_template_16-22_17-18.xyz,63,38,25,r0_C13H20N2O3.xyz,r1_C8H13NO3.xyz,2.465849468986296,2.5447261008603665
2380,TS_ts_guess_pNY_Yd_template_16-27_17-18.xyz,63,38,25,r0_C13H20N2O3.xyz,r1_C8H13NO3.xyz,2.276115505922315,2.6669069247725923
2382,TS_AufZRJ_hl_ad_3-18_8-17.xyz,49,29,20,r0_C13H12N2O2.xyz,r1_C8Cl2F2H8.xyz,2.4714542053414625,2.4581699037495355
2383,TS_ts_guess_g4EhpT_template_4-29_12-23.xyz,57,40,17,r0_C18H17NO4.xyz,r1_C7H8O2.xyz,2.876699324329882,2.441912916649568
2384,TS_ts_guess_s4WtWY_template_4-31_12-23.xyz,57,40,17,r0_C18H17NO4.xyz,r1_C7H8O2.xyz,2.4087428298180775,3.1432753174992483
2385,TS_ts_guess_MB7A1G_template_4-31_12-23.xyz,57,40,17,r0_C18H17NO4.xyz,r1_C7H8O2.xyz,2.4884571129316253,2.715344830790373
2386,TS_ts_guess_x_B9Tr_template_4-31_12-23.xyz,57,40,17,r0_C18H17NO4.xyz,r1_C7H8O2.xyz,2.447772243816814,2.7470396877730034
2387,TS_ts_guess_yemxAI_template_4-19_5-9.xyz,57,16,41,r0_C6H7NO2.xyz,r1_C18H18N2O3.xyz,2.4550552954057876,2.274084530772768
2388,TS_ts_guess_RqbBPB_template_4-23_5-9.xyz,57,16,41,r0_C6H7NO2.xyz,r1_C18H18N2O3.xyz,2.0239180868058866,3.066332002458312
2389,TS_ts_guess_J-mUp4_template_4-22_10-15.xyz,46,26,20,r0_C8H11N3O4.xyz,r1_BrC8F3H8.xyz,2.7316586290750164,2.178404357000784
2390,TS_ts_guess_5nAnKg_template_4-25_10-15.xyz,46,26,20,r0_C8H11N3O4.xyz,r1_BrC8F3H8.xyz,2.8975820666376304,2.1501411746208667
2391,TS_ts_guess_GLPy8I_template_4-16_8-15.xyz,54,29,25,r1_C12H12N2O3.xyz,r0_C11ClH11N2.xyz,2.2233094263507276,2.2187572157629147
2392,TS_ts_guess_oyJp4S_template_4-16_8-15.xyz,54,29,25,r1_C12H12N2O3.xyz,r0_C11ClH11N2.xyz,2.383248694744214,2.144622714908149
2393,TS_ts_guess_QAJp6U_template_1-13_3-12.xyz,50,20,30,r0_C10H8N2.xyz,r1_C14Cl3H13.xyz,2.42941639880857,2.7263546267131136
2395,TS_ts_guess_SYQXzE_template_4-9_15-17.xyz,57,44,13,r0_C19H20N2O3.xyz,r1_C6FH5O.xyz,2.53211964709411,2.456207281888074
2396,TS_ts_guess_W_F8Y0_template_4-9_16-17.xyz,57,44,13,r0_C19H20N2O3.xyz,r1_C6FH5O.xyz,2.52188762931658,2.4526555930460354
2397,TS_ts_guess_ZYBMG2_template_4-30_11-24.xyz,57,44,13,r0_C19H20N2O3.xyz,r1_C6FH5O.xyz,2.58218272281417,2.425473986955952
2398,TS_ts_guess_YQWrK5_template_4-9_16-17.xyz,57,44,13,r0_C19H20N2O3.xyz,r1_C6FH5O.xyz,2.5134792425241943,2.4496484009138944
2399,TS_ts_guess_BvDOYM_template_4-12_6-11.xyz,47,16,31,r0_C6H5N3O2.xyz,r1_C12F6H11NO.xyz,2.2347850957754307,2.653123272937012
2400,TS_ts_guess_RJi0rN_template_4-12_6-11.xyz,47,16,31,r0_C6H5N3O2.xyz,r1_C12F6H11NO.xyz,2.4303302545333216,2.3808192373634753
2401,TS_ts_guess_8KWC16_template_20-30_21-22.xyz,53,38,15,r1_C14F3H16N3O2.xyz,r0_C5H6N2O2.xyz,2.098837545523712,2.307798997183247
2402,TS_ts_guess_R1jOHX_template_20-25_21-22.xyz,53,38,15,r1_C14F3H16N3O2.xyz,r0_C5H6N2O2.xyz,2.324319914426584,1.9565425511345262
2403,TS_ts_guess_CRwrdQ_template_4-23_6-15.xyz,39,26,13,r1_C8H11N3O4.xyz,r0_Br2C6H4O.xyz,2.152742969771357,3.011343435545006
2404,TS_YBoSk5_ll_ad_4-22_6-15.xyz,39,26,13,r1_C8H11N3O4.xyz,r0_Br2C6H4O.xyz,2.2735400438083335,2.7599344527361516
2407,TS_ts_guess_7HVfno_template_4-7_8-9.xyz,49,20,29,r1_C8H6N4O2.xyz,r0_C11F6H12.xyz,2.2104238748484417,2.3293666859041324
2408,TS_ts_guess_T3w9II_template_4-7_8-24.xyz,49,20,29,r1_C8H6N4O2.xyz,r0_C11F6H12.xyz,2.429996764401138,2.1882926573244266
2409,TS_ts_guess_ezl-Kv_template_4-26_12-16.xyz,43,27,16,r0_C12H11NO3.xyz,r1_BrC7F3H4O.xyz,2.703269697606956,2.290304296354526
2410,TS_ts_guess_g6ROq8_template_4-23_12-16.xyz,43,27,16,r0_C12H11NO3.xyz,r1_BrC7F3H4O.xyz,2.930527851377632,2.162060935727761
2411,TS_ts_guess_bG3yNP_template_4-27_12-16.xyz,43,27,16,r0_C12H11NO3.xyz,r1_BrC7F3H4O.xyz,3.256217246345827,2.0564310753827852
2412,TS_ts_guess_RoHhiu_template_4-27_12-16.xyz,43,27,16,r0_C12H11NO3.xyz,r1_BrC7F3H4O.xyz,3.084590273294008,2.1009664165807123
2413,TS_ts_guess_awWvB1_template_17-25_18-19.xyz,57,41,16,r0_C14H22N2O3.xyz,r1_C6H4N2O4.xyz,2.355188986939264,2.1709390022061883
2414,TS_ts_guess_oRjqPe_template_17-23_18-19.xyz,57,41,16,r0_C14H22N2O3.xyz,r1_C6H4N2O4.xyz,2.1097667445241437,2.543050286978218
2415,TS_ts_guess_un730X_template_11-25_12-13.xyz,58,24,34,r1_C9H11NO3.xyz,r0_C15H15N3O.xyz,2.2508915149557964,2.307526363056336
2416,TS_ts_guess_rCoTMl_template_4-29_12-19.xyz,58,34,24,r0_C15H15N3O.xyz,r1_C9H11NO3.xyz,2.283703993997471,2.3148382147571347
2417,TS_ts_guess_GZ3_yZ_template_4-27_12-19.xyz,58,34,24,r0_C15H15N3O.xyz,r1_C9H11NO3.xyz,2.4036420183754483,2.104919130275555
2418,TS_ts_guess_s3Oz-X_template_11-21_12-13.xyz,58,24,34,r1_C9H11NO3.xyz,r0_C15H15N3O.xyz,2.2351996359609583,2.2831601895180285
2419,TS_ts_guess_H5WlOg_template_4-23_12-16.xyz,50,30,20,r1_C12H14N2O2.xyz,r0_BrC8H8NO2.xyz,2.5299122084570445,2.3196801668549054
2420,TS_ts_guess_Z4ZoRy_template_4-26_12-16.xyz,50,30,20,r1_C12H14N2O2.xyz,r0_BrC8H8NO2.xyz,2.4259390087963877,2.3639396128285513
2421,TS_ts_guess_aIo-Vh_template_10-17_11-12.xyz,50,20,30,r0_BrC8H8NO2.xyz,r1_C12H14N2O2.xyz,2.3650622445297285,2.528019255187745
2422,TS_ts_guess_rPeyGW_template_10-11_16-27.xyz,50,20,30,r0_BrC8H8NO2.xyz,r1_C12H14N2O2.xyz,2.511289528708309,2.381485183094785
2423,TS_ts_guess_dBYufZ_template_21-31_22-23.xyz,60,44,16,r1_C18FH21N2O2.xyz,r0_C8H7N.xyz,2.5206472879203075,2.73763536235197
2424,TS_ts_guess_iUlJT1_template_21-25_22-23.xyz,60,44,16,r1_C18FH21N2O2.xyz,r0_C8H7N.xyz,2.788067497479212,2.6034227719292926
2425,TS_ts_guess_afbwRF_template_4-13_8-12.xyz,46,15,31,r1_C6H3NO5.xyz,r0_C12Cl2H14O3.xyz,2.347772126719286,2.5110249428072193
2426,TS_ts_guess_HMOxWi_template_4-13_8-12.xyz,46,15,31,r1_C6H3NO5.xyz,r0_C12Cl2H14O3.xyz,2.2071878034730075,2.6329642741974304
2427,TS_ts_guess_MjmtDV_template_4-27_10-17.xyz,58,29,29,r1_C9H12N4O4.xyz,r0_C11H15NO2.xyz,2.329243965302905,2.3310258772051418
2428,TS_ts_guess_Hm2Gzu_template_4-26_10-17.xyz,58,29,29,r1_C9H12N4O4.xyz,r0_C11H15NO2.xyz,2.0923338661647666,2.3345803036948634
2429,TS_ts_guess_-rIDK0_template_4-26_12-17.xyz,57,25,32,r1_C12H8N2O3.xyz,r0_C15H16O.xyz,2.4035921200153743,2.4306805801050864
2430,TS_ts_guess_YhpOq1_template_4-29_12-17.xyz,57,25,32,r1_C12H8N2O3.xyz,r0_C15H16O.xyz,2.4909242141221397,2.4195422363124806
2431,TS_ts_guess_SSZwSe_template_4-29_9-20.xyz,59,36,23,r1_C14H16N2O4.xyz,r0_C10H11NO.xyz,2.464469049308593,2.516063456552716
2432,TS_ts_guess_h6EhqN_template_4-29_12-20.xyz,59,36,23,r1_C14H16N2O4.xyz,r0_C10H11NO.xyz,2.6066621486299293,2.5168083884555057
2433,TS_ts_guess_il2D5D_template_4-26_8-19.xyz,58,32,26,r1_C13H13N3O3.xyz,r0_C14H12.xyz,2.3619154002842695,2.242329018453804
2434,TS_ts_guess_HpxZY9_template_4-6_12-18.xyz,39,18,21,r1_Br2C6H6O4.xyz,r0_C8H9NO3.xyz,2.2285298591223768,2.642750473673215
2435,TS_ts_guess_HO-ELw_template_4-16_12-15.xyz,48,24,24,r0_C11H9NO3.xyz,r1_BrC9F2H11O.xyz,2.8437830469464442,2.740759388727876
2437,TS_ts_guess_itDnQ7_template_16-27_17-18.xyz,55,30,25,r1_C11F6H12O.xyz,r0_C11H12N2.xyz,2.693602780311158,2.357795221875725
2438,TS_TeBEqG_hl_ad_16-24_17-18.xyz,55,30,25,r1_C11F6H12O.xyz,r0_C11H12N2.xyz,2.7863577726307867,2.5888825927415096
2439,TS_MLfg1e_ll_ad_4-5_6-7.xyz,52,22,30,r0_C7H11NO3.xyz,r1_C11F7H11O.xyz,2.474762313293945,2.8502669617774403
2440,TS_ts_guess_gPGWSy_template_4-5_6-7.xyz,52,22,30,r0_C7H11NO3.xyz,r1_C11F7H11O.xyz,2.5670414760576032,2.3654927067526548
2441,TS_ts_guess_VWWS2W_template_4-24_12-23.xyz,62,42,20,r0_C18H19N3O2.xyz,r1_C8FH11.xyz,2.5076580075042134,2.513678631249428
2442,TS_ts_guess_x86Hc5_template_4-29_11-21.xyz,58,40,18,r0_C15H19N3O3.xyz,r1_C8H7NO2.xyz,2.5562568231302576,2.511395866624774
2443,TS_ts_guess_iTB9T4_template_4-29_11-21.xyz,58,40,18,r0_C15H19N3O3.xyz,r1_C8H7NO2.xyz,2.594005983724787,2.5549907862651873
2444,TS_ts_guess_UE_D25_template_4-9_19-20.xyz,58,40,18,r0_C15H19N3O3.xyz,r1_C8H7NO2.xyz,2.6387194436885477,2.4274444972027682
2445,TS_ts_guess_4gEaWA_template_4-9_19-20.xyz,58,40,18,r0_C15H19N3O3.xyz,r1_C8H7NO2.xyz,2.6339459715985063,2.420534707146336
2446,TS_ts_guess_8l-_iO_template_4-12_10-11.xyz,54,18,36,r0_C5H7NO5.xyz,r1_C14ClH17O4.xyz,2.667115040525999,2.589786979927114
2448,TS_ts_guess_-HIIZO_template_4-26_12-20.xyz,65,38,27,r1_C17H18N2O.xyz,r0_C13H14.xyz,2.6019830250599254,2.22620122488961
2450,TS_ts_guess_Ae6Mzd_template_4-10_6-9.xyz,45,15,30,r0_C5H6N2O2.xyz,r1_C12F9H8N.xyz,2.795117493541193,2.6402195881782253
2451,TS_ts_guess_icocgJ_template_4-10_6-9.xyz,45,15,30,r0_C5H6N2O2.xyz,r1_C12F9H8N.xyz,2.860286033843469,2.7877829480789926
2452,TS_Gj-ucO_hl_ad_4-11_22-23.xyz,59,37,22,r0_C15H17NO4.xyz,r1_C9H10O3.xyz,2.3554133678825893,2.6590866119778798
2453,TS_ts_guess_QpgtuM_template_4-28_13-20.xyz,59,37,22,r0_C15H17NO4.xyz,r1_C9H10O3.xyz,2.2528019861053035,2.846333687272102
2454,TS_ts_guess_c28RwG_template_4-11_22-23.xyz,59,37,22,r0_C15H17NO4.xyz,r1_C9H10O3.xyz,2.3731445766745853,2.6645623192749683
2455,TS_ts_guess_JK2uXd_template_4-29_13-20.xyz,59,37,22,r0_C15H17NO4.xyz,r1_C9H10O3.xyz,2.5210146103106976,2.30753183635676
2456,TS_ts_guess_BBWITw_template_4-25_7-15.xyz,57,28,29,r0_C8H13N3O4.xyz,r1_C14H12O3.xyz,2.11835759327834,2.4455750208488802
2457,TS_ts_guess_DQ2Hfz_template_4-27_7-15.xyz,57,28,29,r0_C8H13N3O4.xyz,r1_C14H12O3.xyz,2.0373671057273897,2.5418289472936606
2458,TS_ts_guess__fhg-b_template_4-5_21-22.xyz,57,28,29,r0_C8H13N3O4.xyz,r1_C14H12O3.xyz,2.2212199603146017,2.375186364245972
2459,TS_ts_guess_gBAVMI_template_4-5_21-22.xyz,57,28,29,r0_C8H13N3O4.xyz,r1_C14H12O3.xyz,2.192615947059585,2.6418178345222825
2460,TS_ts_guess_KmgJq-_template_4-6_15-22.xyz,57,27,30,r0_C8ClH12N3O3.xyz,r1_C14H14N2.xyz,2.0906636631701425,2.659653889775886
2461,TS_ts_guess_y3ZB7i_template_4-9_18-25.xyz,57,27,30,r0_C8ClH12N3O3.xyz,r1_C14H14N2.xyz,2.5948601110079133,1.9506284701603225
2462,TS_ts_guess_u4swrF_template_4-14_6-13.xyz,53,23,30,r0_C7H10N4O2.xyz,r1_C11Cl2H14O3.xyz,2.354325454541065,2.4478096105906606
2463,TS_ts_guess_9MnL8m_template_4-14_6-13.xyz,53,23,30,r0_C7H10N4O2.xyz,r1_C11Cl2H14O3.xyz,2.6085026665502946,2.4981937464095934
2465,TS_ts_guess_Hz_-UZ_template_4-26_7-16.xyz,60,31,29,r0_C9H15N3O4.xyz,r1_C11H14O4.xyz,2.1377096493677525,2.367626901393038
2466,TS_ts_guess_GreWkS_template_4-12_6-11.xyz,41,15,26,r1_C6H4N2O3.xyz,r0_BrC10Cl2H11O2.xyz,2.6803822380212865,2.6817920901889467
2467,TS_ts_guess_Eh-buR_template_4-12_6-11.xyz,41,15,26,r1_C6H4N2O3.xyz,r0_BrC10Cl2H11O2.xyz,2.4151280356328932,2.9100378610767246
2468,TS_ts_guess_xSIq4e_template_4-32_7-20.xyz,63,36,27,r1_C17H16O3.xyz,r0_C13H14.xyz,2.2936972484179337,2.8719549132428943
2469,TS_ts_guess_NMml8S_template_4-26_7-20.xyz,63,36,27,r1_C17H16O3.xyz,r0_C13H14.xyz,2.7157997672324816,2.3362927835354883
2470,TS_ts_guess_2ayUaj_template_4-26_6-14.xyz,54,21,33,r1_C7H7NO6.xyz,r0_C18H14O.xyz,2.6122512342805013,2.1718095834810196
2471,TS_ts_guess_omYS_N_template_4-32_6-14.xyz,54,21,33,r1_C7H7NO6.xyz,r0_C18H14O.xyz,2.6251585583160497,2.3439924379784167
2472,TS_ts_guess_37QBw-_template_4-25_10-15.xyz,58,27,31,r0_C10H12N2O3.xyz,r1_C12H14N2O3.xyz,2.1159583701954063,2.3914127927440716
2473,TS_ts_guess_jnCdaz_template_13-25_14-15.xyz,58,27,31,r0_C10H12N2O3.xyz,r1_C12H14N2O3.xyz,2.1717966699946847,2.403583277733476
2474,TS_ts_guess_IOYJvx_template_4-12_8-11.xyz,47,20,27,r0_C7H7N3O3.xyz,r1_C10Cl2F3H11O.xyz,2.198738920972656,2.310131640404936
2475,TS_ts_guess_iDrAb4_template_4-12_8-11.xyz,47,20,27,r0_C7H7N3O3.xyz,r1_C10Cl2F3H11O.xyz,2.1913837703606367,2.3139142694144916
2478,TS_ts_guess_5hr_rb_template_9-20_10-11.xyz,59,20,39,r1_C8H9NO2.xyz,r0_C18H17N3O.xyz,2.426790665343841,2.382815973590911
2480,TS_ts_guess_hbi8KJ_template_4-7_13-18.xyz,59,39,20,r0_C18H17N3O.xyz,r1_C8H9NO2.xyz,2.1752618256660505,2.680034758170125
2481,TS_ts_guess_vP1xUq_template_9-26_10-11.xyz,59,20,39,r1_C8H9NO2.xyz,r0_C18H17N3O.xyz,2.358580501021748,2.4501141294641764
2482,TS_ts_guess_B1__0Y_template_22-23_29-30.xyz,55,44,11,r0_C15F3H20N3O3.xyz,r1_C3H4N2O2.xyz,2.342905187881064,2.3433307043821183
2483,TS_ts_guess_pTjfsi_template_22-23_25-30.xyz,55,44,11,r0_C15F3H20N3O3.xyz,r1_C3H4N2O2.xyz,2.558799624765488,2.4257985108413274
2484,TS_ts_guess_A0TA96_template_18-27_19-20.xyz,60,39,21,r0_C14FH19N2O3.xyz,r1_C6H10N2O3.xyz,2.289980402208718,2.5577469074167603
2485,TS_ts_guess_9GOgLX_template_18-26_19-20.xyz,60,39,21,r0_C14FH19N2O3.xyz,r1_C6H10N2O3.xyz,2.3785215708502627,2.3078457950435074
2486,TS_ts_guess_S45I74_template_3-7_16-17.xyz,55,41,14,r0_C19H19NO2.xyz,r1_C7ClH4NO.xyz,2.4675132561548683,2.2887467201287257
2487,TS_ts_guess_P-YK0Q_template_3-30_9-22.xyz,55,41,14,r0_C19H19NO2.xyz,r1_C7ClH4NO.xyz,2.35911984759147,2.3530406825849823
2488,TS_ts_guess_8yT7KV_template_3-7_16-17.xyz,55,41,14,r0_C19H19NO2.xyz,r1_C7ClH4NO.xyz,2.402074582917858,2.573832746353189
2489,TS_ts_guess_L2tHJH_template_3-29_9-22.xyz,55,41,14,r0_C19H19NO2.xyz,r1_C7ClH4NO.xyz,2.5292146415241232,2.2631024597220515
2490,TS_ts_guess_aWs19x_template_4-25_11-20.xyz,59,35,24,r0_C14H15N3O3.xyz,r1_C8H12O4.xyz,2.311157535370534,2.119277112673093
2491,TS_ts_guess_j1-jbU_template_4-27_11-20.xyz,59,35,24,r0_C14H15N3O3.xyz,r1_C8H12O4.xyz,2.0535694650534713,2.681860938117411
2492,TS_ts_guess_iqp0CG_template_4-24_10-17.xyz,61,34,27,r0_C15H17NO.xyz,r1_C12H11NO3.xyz,2.4995777715446263,2.4787214386856786
2493,TS_ts_guess__CMO_p_template_4-27_10-17.xyz,61,34,27,r0_C15H17NO.xyz,r1_C12H11NO3.xyz,2.4529186916406336,2.6761984176439535
2494,TS_ts_guess_DDXhVr_template_20-28_21-22.xyz,54,41,13,r1_C14F3H19N2O3.xyz,r0_C6H3N3O.xyz,2.584902471835253,2.772286825817271
2495,TS_ts_guess_8nCReJ_template_20-27_21-22.xyz,54,41,13,r1_C14F3H19N2O3.xyz,r0_C6H3N3O.xyz,2.512300571090171,2.751389245563048
2496,TS_ts_guess_a2z6eH_template_4-23_10-12.xyz,59,22,37,r0_C7H10N2O3.xyz,r1_C14H17N3O3.xyz,2.5961220516185293,2.0852773815250574
2497,TS_ts_guess_AXBhuo_template_4-21_10-12.xyz,59,22,37,r0_C7H10N2O3.xyz,r1_C14H17N3O3.xyz,2.7149939633450386,2.0645989759999397
2498,TS_BwUJ4Z_hl_ad_4-14_6-13.xyz,48,22,26,r0_C8H9NO4.xyz,r1_C10F8H8.xyz,2.5508721991115118,2.6428125052867446
2499,TS_ts_guess_1v80nJ_template_4-14_6-13.xyz,48,22,26,r0_C8H9NO4.xyz,r1_C10F8H8.xyz,2.2183322926919673,2.91462166596284
2500,TS_ts_guess_7KL7fr_template_13-20_14-15.xyz,49,27,22,r0_BrC10F2H12NO.xyz,r1_C8H9NO4.xyz,2.5789147213120485,2.3270011818862493
2501,TS_ts_guess_sVUfOV_template_13-24_14-15.xyz,49,27,22,r0_BrC10F2H12NO.xyz,r1_C8H9NO4.xyz,2.06127545177737,3.0730520383000353
2502,TS_ts_guess_3__3wE_template_4-30_9-18.xyz,58,31,27,r0_C10H13NO7.xyz,r1_C13FH13.xyz,2.491716337487074,2.8264762904719363
2503,TS_ts_guess_i_4bgE_template_4-25_9-18.xyz,58,31,27,r0_C10H13NO7.xyz,r1_C13FH13.xyz,2.7501456292712936,2.534954706084509
2504,TS_ts_guess_-vpEVr_template_21-26_22-23.xyz,57,44,13,r0_C16H21NO6.xyz,r1_C5H4N2O2.xyz,2.3900439016888377,2.141614420338078
2505,TS_ts_guess_2lqlud_template_21-27_22-23.xyz,57,44,13,r0_C16H21NO6.xyz,r1_C5H4N2O2.xyz,2.15766124862083,2.4393459436086555
2506,TS_ts_guess_c_hmJY_template_4-21_10-18.xyz,45,33,12,r1_C10H15N3O5.xyz,r0_Br2C4H6.xyz,2.33816146529704,2.406958820046575
2507,TS_ts_guess_YIHGHw_template_4-30_10-21.xyz,59,37,22,r1_C14H16N2O5.xyz,r0_C9FH11O.xyz,2.479122311262597,2.5978440983631024
2508,TS_ts_guess_41Q-Om_template_4-30_12-21.xyz,59,37,22,r1_C14H16N2O5.xyz,r0_C9FH11O.xyz,2.422079161753389,2.595406372227671
2509,TS_ts_guess_ZYUMpq_template_4-14_6-13.xyz,54,21,33,r0_C6H8N4O3.xyz,r1_C13FH14NO4.xyz,2.1971569620307063,2.339927789826003
2510,TS_ts_guess_Gm9uUw_template_4-14_6-13.xyz,54,21,33,r0_C6H8N4O3.xyz,r1_C13FH14NO4.xyz,2.071169028881999,2.8309019447695443
2511,TS_ts_guess_FRhsJa_template_4-8_9-22.xyz,51,26,25,r1_C9H12N2O3.xyz,r0_BrC10F2H11O.xyz,2.5380176113258157,2.6177672973929518
2512,TS_ts_guess_LRmrl6_template_4-8_9-22.xyz,51,26,25,r1_C9H12N2O3.xyz,r0_BrC10F2H11O.xyz,2.511702892322259,2.093532619163122
2513,TS_ts_guess_1C-sCl_template_15-25_16-17.xyz,55,29,26,r1_C12ClH12N3O.xyz,r0_C11H11N3O.xyz,2.271139082971362,2.463227972518987
2514,TS_ts_guess_Oi0HgE_template_15-25_16-17.xyz,55,29,26,r1_C12ClH12N3O.xyz,r0_C11H11N3O.xyz,2.658285534888982,2.561750885410211
2515,TS_ts_guess_E_Mfpj_template_4-12_6-11.xyz,50,20,30,r1_C7H9NO3.xyz,r0_BrC12ClH14O2.xyz,2.3072137195327183,2.869025780190899
2516,TS_ts_guess_Ct51H5_template_4-12_6-11.xyz,50,20,30,r1_C7H9NO3.xyz,r0_BrC12ClH14O2.xyz,2.19550831610814,2.813056752306999
2517,TS_ts_guess_5WeNHS_template_1-13_5-12.xyz,47,20,27,r0_C9H8N2O.xyz,r1_C11ClF6H8N.xyz,2.7316351379530905,2.366960654869447
2518,TS_ts_guess_naWF1q_template_1-13_5-12.xyz,47,20,27,r0_C9H8N2O.xyz,r1_C11ClF6H8N.xyz,2.953968240012069,2.301113409743205
2519,TS_ts_guess_mOgOK-_template_3-21_5-10.xyz,52,20,32,r0_C7H10O3.xyz,r1_C16F6H10.xyz,2.3239778814351912,2.7585783111595727
2520,TS_ts_guess_9w-FUc_template_4-24_11-19.xyz,60,36,24,r0_C11H17N3O5.xyz,r1_C7H12O5.xyz,2.32943378590163,2.317239561223656
2523,TS_ts_guess_nxs5r4_template_4-11_16-21.xyz,58,40,18,r0_C15H18N2O5.xyz,r1_C6H8O4.xyz,2.403435971375148,2.388720775373296
2524,TS_ts_guess_b3VrOX_template_4-24_8-11.xyz,59,21,38,r1_C7H10N2O2.xyz,r0_C18H16O4.xyz,2.7801725905777865,2.189683525740649
2525,TS_ts_guess_c0uDrb_template_4-9_14-20.xyz,59,38,21,r0_C18H16O4.xyz,r1_C7H10N2O2.xyz,2.226199082404806,2.5766336958714176
2526,TS_ts_guess_zRfV9M_template_3-21_9-11.xyz,63,25,38,r0_C10H14O.xyz,r1_C21H15NO.xyz,2.634117575849643,2.332951327760611
2527,TS_ts_guess_2oJIJZ_template_3-25_9-11.xyz,63,25,38,r0_C10H14O.xyz,r1_C21H15NO.xyz,2.555308200609077,2.3445997329181796
2528,TS_ts_guess_-kItGt_template_4-24_8-17.xyz,53,29,24,r1_C12H12N2O3.xyz,r0_BrC9H12NO.xyz,2.051189257016524,2.431142403171809
2529,TS_ts_guess_SUQscH_template_4-27_8-17.xyz,53,29,24,r1_C12H12N2O3.xyz,r0_BrC9H12NO.xyz,2.0530656359941344,2.5502484135471977
2530,TS_ts_guess_ZXVTJ1_template_17-24_18-19.xyz,61,39,22,r0_C14H20N2O3.xyz,r1_C8H9NO4.xyz,2.6283368142991104,2.345514162033562
2531,TS_ts_guess_EOD08Z_template_17-28_18-19.xyz,61,39,22,r0_C14H20N2O3.xyz,r1_C8H9NO4.xyz,2.2839294233185057,2.7535901922581005
2532,TS_ts_guess_7IKEpB_template_22-31_23-24.xyz,57,46,11,r1_C16H22N2O6.xyz,r0_C4H3NO3.xyz,2.480968462133286,2.7232980936724513
2533,TS_GMmFKx_hl_ad_22-26_23-24.xyz,57,46,11,r1_C16H22N2O6.xyz,r0_C4H3NO3.xyz,2.5811439273895598,2.313674447821041
2534,TS_ts_guess_6RA28J_template_4-13_8-12.xyz,48,15,33,r1_C6H3NO5.xyz,r0_C13ClF3H14O2.xyz,2.3387799032187706,2.559395891631461
2535,TS_ts_guess_xApvhT_template_4-13_8-12.xyz,48,15,33,r1_C6H3NO5.xyz,r0_C13ClF3H14O2.xyz,2.2961864661651505,2.589121705540317
2537,TS_ts_guess_EAEPpg_template_4-18_8-17.xyz,56,26,30,r1_C12H9N3O2.xyz,r0_C12F3H14N.xyz,2.563333012797986,2.525400548091332
2538,TS_ts_guess_4qks3f_template_4-20_10-16.xyz,43,29,14,r1_C9H13NO6.xyz,r0_Br2C4H6O2.xyz,2.5578063920672336,2.1578953965843666
2540,TS_ts_guess_5s8R4T_template_3-28_8-21.xyz,59,37,22,r0_C18H16O3.xyz,r1_C9ClH11O.xyz,2.4779060067121192,2.390377313354526
2541,TS_ts_guess_1aUSjL_template_4-26_10-14.xyz,63,26,37,r0_C8H12N2O4.xyz,r1_C19H18.xyz,2.3541888353528484,2.0828947393711474
2542,TS_ts_guess_hQf52C_template_3-9_5-8.xyz,43,12,31,r1_C3H4N4O.xyz,r0_BrC12F6H11O.xyz,2.165563161951182,2.4094939558753827
2543,TS_ts_guess_KZ0TyM_template_3-9_5-8.xyz,43,12,31,r1_C3H4N4O.xyz,r0_BrC12F6H11O.xyz,1.9529336579105803,2.6607058974264706
2544,TS_ts_guess_klUakB_template_4-10_6-9.xyz,50,20,30,r1_C6H11NO2.xyz,r0_Br2C14H14.xyz,2.5296795008656727,2.917438544288465
2545,TS_ts_guess_7spexL_template_4-10_6-9.xyz,50,20,30,r1_C6H11NO2.xyz,r0_Br2C14H14.xyz,2.5355315868669432,2.481131247697308
2546,TS_ts_guess_g6PNMf_template_4-28_10-18.xyz,57,33,24,r0_C11H15NO6.xyz,r1_C10H10O4.xyz,2.4636363447148604,2.305705797147589
2547,TS_ts_guess_JG4bFf_template_12-24_13-14.xyz,57,24,33,r1_C10H10O4.xyz,r0_C11H15NO6.xyz,2.414388125819873,2.549055168979283
2549,TS_ts_guess_8Ylemk_template_4-29_11-22.xyz,58,41,17,r0_C15H19N3O4.xyz,r1_C7ClFH8.xyz,2.6549413622526576,2.358223195501223
2550,TS_ts_guess_AZXWL2_template_4-29_11-22.xyz,58,41,17,r0_C15H19N3O4.xyz,r1_C7ClFH8.xyz,2.3209092343519164,2.72579918295534
2551,TS_ts_guess_s7a0Fr_template_4-25_8-18.xyz,53,35,18,r1_C14H17NO3.xyz,r0_BrC8H7O2.xyz,2.4977345960289696,2.53548882077993
2552,TS_ts_guess_CYgIlz_template_4-6_16-17.xyz,53,35,18,r1_C14H17NO3.xyz,r0_BrC8H7O2.xyz,2.7120439409419603,2.340153439627411
2553,TS_ts_guess_sWEdjl_template_4-27_8-18.xyz,53,35,18,r1_C14H17NO3.xyz,r0_BrC8H7O2.xyz,2.468917622562568,2.742603553067778
2554,TS_ts_guess_15urUt_template_4-6_16-17.xyz,53,35,18,r1_C14H17NO3.xyz,r0_BrC8H7O2.xyz,2.542631603083703,2.5047153965670432
2555,TS_ts_guess_WvGh3O_template_4-12_6-11.xyz,59,18,41,r0_C6H7NO4.xyz,r1_C16H20O5.xyz,2.458732625520718,2.3265592872952965
2556,TS_ts_guess_W_HaoN_template_4-12_6-11.xyz,59,18,41,r0_C6H7NO4.xyz,r1_C16H20O5.xyz,2.470959140030446,2.16640831691535
2563,TS_ts_guess_SmEjrQ_template_4-5_6-7.xyz,65,26,39,r1_C8H14N2O2.xyz,r0_C17F3H19.xyz,2.1198481126250535,2.4421793226952033
2564,TS_ts_guess_cG2WBv_template_4-5_6-25.xyz,65,26,39,r1_C8H14N2O2.xyz,r0_C17F3H19.xyz,2.244915765056676,2.7882333933514247
2565,TS_ts_guess_0bTl3d_template_4-15_9-14.xyz,57,22,35,r0_C8H8N4O2.xyz,r1_C12F3H17O3.xyz,2.5789274381804534,2.3403683425905406
2566,TS_jctki2_ll_ad_4-15_9-14.xyz,57,22,35,r0_C8H8N4O2.xyz,r1_C12F3H17O3.xyz,2.349098554126668,2.24368111051905
2567,TS_ts_guess_6q8n6U_template_19-28_20-21.xyz,61,41,20,r1_C15H20O6.xyz,r0_C7H9NO3.xyz,2.0423229642003244,2.514842020823574
2568,TS_ts_guess_6aRnYx_template_19-26_20-21.xyz,61,41,20,r1_C15H20O6.xyz,r0_C7H9NO3.xyz,2.544179687541743,2.0331950961479346
2569,TS_ts_guess_AvtiMd_template_3-7_5-6.xyz,30,10,20,r1_C3H4N2O.xyz,r0_Br4C8H8.xyz,2.6982582512057665,2.2796819701440816
2570,TS_ts_guess_U_D9qg_template_12-26_13-14.xyz,69,33,36,r1_C12H19NO.xyz,r0_C17H17NO.xyz,2.1392480055383944,2.7151042723622973
2571,TS_ts_guess_T3_QVY_template_12-23_13-14.xyz,69,33,36,r1_C12H19NO.xyz,r0_C17H17NO.xyz,2.5618984255040247,2.180684056574909
2572,TS_ts_guess_uxGj1K_template_10-22_11-12.xyz,58,19,39,r0_C9H7NO2.xyz,r1_C21H16N2.xyz,2.2847185590789953,2.515314117262494
2573,TS_ts_guess_zebHkb_template_10-26_11-12.xyz,58,19,39,r0_C9H7NO2.xyz,r1_C21H16N2.xyz,2.5289657549876,2.275840188787429
2574,TS_ts_guess_KEkJE__template_3-26_9-12.xyz,58,19,39,r0_C9H7NO2.xyz,r1_C21H16N2.xyz,2.4603100322926785,2.2968371425723677
2575,TS_ts_guess_eudftu_template_3-22_9-12.xyz,58,19,39,r0_C9H7NO2.xyz,r1_C21H16N2.xyz,2.4302773232699186,2.173432354456885
2576,TS_ts_guess_ib7zFm_template_4-23_6-14.xyz,54,22,32,r1_C7H8N2O5.xyz,r0_C10H14N2O6.xyz,2.439431299217094,2.082238038985937
2578,TS_ts_guess_ZmlKan_template_4-11_12-13.xyz,63,34,29,r0_C13H16N2O3.xyz,r1_C12H14N2O.xyz,2.7506445094013876,2.4991404615787403
2579,TS_ts_guess_0-3VBj_template_4-11_12-13.xyz,63,34,29,r0_C13H16N2O3.xyz,r1_C12H14N2O.xyz,2.468402290267938,2.4897681734249875
2581,TS_ts_guess_chjjOp_template_4-14_6-13.xyz,61,24,37,r1_C10H11NO2.xyz,r0_C16F2H17NO.xyz,2.520539430637815,2.730893424174585
2582,TS_ts_guess_38KTbN_template_3-23_5-12.xyz,46,21,25,r0_C8H9NO3.xyz,r1_C11F9H5.xyz,2.028792018985682,2.7072731777380725
2583,TS_ts_guess_dbY9Db_template_3-21_5-12.xyz,46,21,25,r0_C8H9NO3.xyz,r1_C11F9H5.xyz,2.0342459325017708,2.717398433520561
2584,TS_ts_guess_4P44Ts_template_4-17_12-16.xyz,55,29,26,r1_C12H13N3O.xyz,r0_BrC10ClH14.xyz,2.3958816572610595,2.436827756777241
2585,TS_ts_guess_UYhBla_template_4-17_12-16.xyz,55,29,26,r1_C12H13N3O.xyz,r0_BrC10ClH14.xyz,2.50993686783154,2.3609771356156752
2586,TS_ts_guess_on2jo8_template_4-25_10-14.xyz,62,29,33,r0_C11H15NO2.xyz,r1_C17H13N3.xyz,2.207040285767344,2.430774161064742
2587,TS_ts_guess_ZSYlpp_template_19-29_20-21.xyz,62,40,22,r0_C18FH19O2.xyz,r1_C8H10N2O2.xyz,2.2891068958438794,2.309206927865063
2588,TS_ts_guess_Pm00aF_template_19-26_20-21.xyz,62,40,22,r0_C18FH19O2.xyz,r1_C8H10N2O2.xyz,2.299793131762072,2.444498993454488
2589,TS_ts_guess_5UDqi0_template_4-30_11-22.xyz,60,42,18,r0_C15H20N4O3.xyz,r1_C8H7NO2.xyz,2.5773118637060595,2.4956148215820484
2590,TS_ts_guess_sXzCyG_template_4-9_19-20.xyz,60,42,18,r0_C15H20N4O3.xyz,r1_C8H7NO2.xyz,2.5443568733375437,2.3615199383659666
2591,TS_ts_guess_fRJmfS_template_4-9_19-20.xyz,60,42,18,r0_C15H20N4O3.xyz,r1_C8H7NO2.xyz,2.5149149697355573,2.335744816027641
2592,TS_ts_guess_tuIZwb_template_4-30_11-22.xyz,60,42,18,r0_C15H20N4O3.xyz,r1_C8H7NO2.xyz,2.5365278848063153,2.635439433073733
2593,TS_ts_guess_65RwEQ_template_4-22_6-13.xyz,41,21,20,r1_C6H8N4O3.xyz,r0_Br2C6H8N2O2.xyz,2.329057166516099,2.4088350601483697
2594,TS_ts_guess_kfdPkq_template_4-16_6-13.xyz,41,21,20,r1_C6H8N4O3.xyz,r0_Br2C6H8N2O2.xyz,2.2165850576280626,2.5030471308786817
2595,TS_ts_guess_aXzMgn_template_4-23_11-16.xyz,51,31,20,r0_C10H15NO5.xyz,r1_BrC8F3H8.xyz,2.4592137744815927,2.3288593821439716
2596,TS_ts_guess_CVibj-_template_4-26_11-16.xyz,51,31,20,r0_C10H15NO5.xyz,r1_BrC8F3H8.xyz,2.387864654749092,2.560636285340032
2597,TS_ts_guess_KCEezC_template_4-18_10-17.xyz,54,28,26,r0_C9H11N3O5.xyz,r1_C10F3H11O2.xyz,2.3571909258691806,2.3500193557713507
2598,TS_ts_guess_socYtN_template_4-18_10-17.xyz,54,28,26,r0_C9H11N3O5.xyz,r1_C10F3H11O2.xyz,2.3636489139675554,2.33275406644164
2599,TS_5wkmlE_hl_ad_4-29_12-16.xyz,51,28,23,r1_C11H12N2O3.xyz,r0_BrC12H9O.xyz,2.4134340350007495,2.487746476673216
2600,TS_ts_guess_Rfip_w_template_4-23_12-16.xyz,51,28,23,r1_C11H12N2O3.xyz,r0_BrC12H9O.xyz,2.547716789244833,2.267461278809409
2601,TS_ts_guess_wLhM4f_template_4-28_12-16.xyz,51,28,23,r1_C11H12N2O3.xyz,r0_BrC12H9O.xyz,2.3605859451839493,2.586226400008321
2602,TS_IzAacI_hl_ad_4-29_12-16.xyz,51,28,23,r1_C11H12N2O3.xyz,r0_BrC12H9O.xyz,2.351205855896076,2.4502291813828356
2603,TS_ts_guess_W2OBeg_template_4-15_9-14.xyz,47,25,22,r0_C8H11NO5.xyz,r1_BrC10ClH8N2.xyz,2.772672357672287,2.3888832261121515
2604,TS_ts_guess_TP6o6v_template_4-15_9-14.xyz,47,25,22,r0_C8H11NO5.xyz,r1_BrC10ClH8N2.xyz,2.616354370206758,2.6541015519757343
2605,TS_ts_guess_PglG3T_template_4-20_12-19.xyz,59,33,26,r0_C15H14N2O2.xyz,r1_C11FH11N2O.xyz,2.2927156104061406,2.1733566660582886
2606,TS_ts_guess_hIZbHc_template_4-20_12-19.xyz,59,33,26,r0_C15H14N2O2.xyz,r1_C11FH11N2O.xyz,2.5535939630450257,2.117607582013249
2608,TS_ts_guess_pvU8FJ_template_4-16_6-15.xyz,56,25,31,r0_C7H10N2O6.xyz,r1_C12F2H14O3.xyz,2.794389251732836,2.8305979255803884
2609,TS_ts_guess_cReVAK_template_4-16_10-15.xyz,60,30,30,r1_C9H15N3O3.xyz,r0_C12ClFH14O2.xyz,2.3753646122016723,2.513626692092523
2610,TS_ts_guess_-htniv_template_4-16_10-15.xyz,60,30,30,r1_C9H15N3O3.xyz,r0_C12ClFH14O2.xyz,2.376580760441353,2.469900786307013
2611,TS_ts_guess_gdkOlf_template_4-7_8-21.xyz,57,29,28,r0_C10H13N3O3.xyz,r1_C10Cl2H14O2.xyz,2.6105335249523227,2.54292337422896
2612,TS_ts_guess_v36UzW_template_4-7_8-21.xyz,57,29,28,r0_C10H13N3O3.xyz,r1_C10Cl2H14O2.xyz,2.366772041135352,2.412787864898197
2613,TS_ts_guess_k2_DKi_template_23-31_24-25.xyz,64,49,15,r1_C23H24O2.xyz,r0_C5H6N4.xyz,2.24820342871814,2.2685188096861792
2614,TS_ts_guess_KUyYzT_template_23-30_24-25.xyz,64,49,15,r1_C23H24O2.xyz,r0_C5H6N4.xyz,2.3240155000773983,2.1589224743144437
2617,TS_ts_guess_RGmmPc_template_3-28_5-18.xyz,56,33,23,r0_C16H15NO.xyz,r1_C9F6H8.xyz,2.179784058892073,2.584443130850435
2618,TS_8YNDkL_ll_ad_4-19_6-11.xyz,41,15,26,r1_C6H4N2O3.xyz,r0_Br2C14H10.xyz,2.3400372708356594,2.7713192747678854
2619,TS_ts_guess_Acrh-1_template_4-8_9-10.xyz,65,27,38,r0_C8H13N3O3.xyz,r1_C14H20O4.xyz,2.490516811707964,2.2824374911265375
2621,TS_ts_guess_lT7CCs_template_4-5_6-17.xyz,61,32,29,r1_C13H15NO3.xyz,r0_BrC11H17.xyz,2.2503640007341033,2.642264843500742
2622,TS_ts_guess_LmRgQG_template_4-5_6-17.xyz,61,32,29,r1_C13H15NO3.xyz,r0_BrC11H17.xyz,2.4268913023248486,2.763498927718265
2623,TS_ts_guess_g8pL9Z_template_2-9_19-21.xyz,57,41,16,r0_C21H19N.xyz,r1_C7F4H4O.xyz,2.5720661949879906,2.8476447359001793
2624,TS_ts_guess_18dGvo_template_2-9_20-21.xyz,57,41,16,r0_C21H19N.xyz,r1_C7F4H4O.xyz,2.3440894068912983,2.697362891807478
2625,TS_ts_guess_Qmqh4V_template_2-9_20-21.xyz,57,41,16,r0_C21H19N.xyz,r1_C7F4H4O.xyz,2.3602046075287624,2.6610346376174814
2626,TS_ts_guess_2JFhOX_template_2-9_16-21.xyz,57,41,16,r0_C21H19N.xyz,r1_C7F4H4O.xyz,2.259072624662607,3.2916248568298303
2627,TS_ts_guess_1fkj5A_template_4-24_13-16.xyz,54,28,26,r0_C12H12N2O2.xyz,r1_C14Cl2H10.xyz,2.449849000265119,2.1815497261579897
2628,TS_ts_guess_t_HhWJ_template_21-27_22-23.xyz,59,44,15,r1_C21FH21O.xyz,r0_C6H4N2O3.xyz,2.2281303790622307,2.2687566330040783
2629,TS_ts_guess_alOvkX_template_21-28_22-23.xyz,59,44,15,r1_C21FH21O.xyz,r0_C6H4N2O3.xyz,2.4430599085982316,2.1232326084063424
2630,TS_ts_guess_RWqbnn_template_4-12_10-11.xyz,53,18,35,r0_C5H7N3O3.xyz,r1_BrC13H17O4.xyz,2.3224591168414572,2.118172319524547
2631,TS_ts_guess_gNf674_template_4-12_10-11.xyz,53,18,35,r0_C5H7N3O3.xyz,r1_BrC13H17O4.xyz,2.3591697299261876,2.1599011465805558
2632,TS_ts_guess_yxQIht_template_4-11_17-23.xyz,62,40,22,r1_C18H18N2O2.xyz,r0_C8H10N2O2.xyz,2.2351166523025148,2.320989724514092
2633,TS_ts_guess_LfrOsO_template_4-23_7-14.xyz,47,23,24,r1_C8H9NO5.xyz,r0_C8F6H6O4.xyz,2.562447739252452,2.423270971723963
2634,TS_9HdfYz_ll_ad_4-21_11-13.xyz,63,27,36,r0_C8H14N2O3.xyz,r1_C20FH15.xyz,2.925788066487387,1.9599244519113486
2635,TS_ts_guess_opBANO_template_4-26_11-13.xyz,63,27,36,r0_C8H14N2O3.xyz,r1_C20FH15.xyz,2.4645223286876505,2.027936810381428
2636,TS_ts_guess_bHi_Rr_template_4-11_8-10.xyz,50,17,33,r1_C6H7NO3.xyz,r0_BrC13F3H14O2.xyz,2.604142341366923,2.494850157063546
2637,TS_ts_guess_rB1UOC_template_4-11_8-10.xyz,50,17,33,r1_C6H7NO3.xyz,r0_BrC13F3H14O2.xyz,2.8327344989956256,2.178984264973017
2638,TS_ts_guess_a484pZ_template_4-32_13-20.xyz,65,35,30,r1_C14H15N3O3.xyz,r0_C14H16.xyz,2.2492749498894082,2.618444725672093
2639,TS_ts_guess_P5weqP_template_4-27_13-20.xyz,65,35,30,r1_C14H15N3O3.xyz,r0_C14H16.xyz,2.245680724435243,2.449749139585521
2641,TS_ts_guess_ml0OfL_template_4-11_24-25.xyz,62,38,24,r0_C17H18N2O.xyz,r1_C10H10O4.xyz,2.6216556852493045,2.2811151659002222
2643,TS_ts_guess_5NsMt2_template_4-11_24-25.xyz,62,38,24,r0_C17H18N2O.xyz,r1_C10H10O4.xyz,2.6141171968563306,2.2823461672147807
2645,TS_ts_guess_ovjfcw_template_22-28_23-24.xyz,68,47,21,r1_C20H23NO3.xyz,r0_C7H12O2.xyz,2.538633135074858,2.456112920144349
2646,TS_ts_guess_GmWZYz_template_4-18_6-17.xyz,56,29,27,r1_C12H12N2O3.xyz,r0_C12ClH11N2O.xyz,2.3674345848196103,2.7750210417580616
2647,TS_ts_guess_CtGH8r_template_4-18_6-17.xyz,56,29,27,r1_C12H12N2O3.xyz,r0_C12ClH11N2O.xyz,2.424697717634097,2.7622099708204657
2648,TS_ts_guess_W739Ue_template_16-29_17-18.xyz,61,33,28,r1_C13H15NO4.xyz,r0_C9H13NO5.xyz,2.411693362681085,2.522059432566965
2649,TS_ts_guess_D7w0F8_template_16-24_17-18.xyz,61,33,28,r1_C13H15NO4.xyz,r0_C9H13NO5.xyz,2.618394146686094,2.3394493283249367
2650,TS_pIfxay_hl_ad_13-23_14-15.xyz,45,27,18,r1_BrC10Cl2H12NO.xyz,r0_C7H5N5O.xyz,2.406662584576409,2.297201666658807
2651,TS_YCAnJ4_hl_ad_13-21_14-15.xyz,45,27,18,r1_BrC10Cl2H12NO.xyz,r0_C7H5N5O.xyz,2.303374982281435,2.2712030935607674
2652,TS_ts_guess_zk2tL9_template_4-29_12-23.xyz,65,41,24,r1_C18H18N2O3.xyz,r0_C9H13NO.xyz,2.526025893256045,2.2916550778858493
2653,TS_ts_guess_7kjuJ7_template_4-33_12-23.xyz,65,41,24,r1_C18H18N2O3.xyz,r0_C9H13NO.xyz,2.2624927818006406,2.604921039820593
2654,TS_ts_guess_KDGQK4_template_3-9_5-8.xyz,46,11,35,r0_C4H3N3O.xyz,r1_Br2C16H16O.xyz,2.6548059578432466,3.49220108484606
2655,TS_ts_guess_XEBe0C_template_3-9_5-8.xyz,46,11,35,r0_C4H3N3O.xyz,r1_Br2C16H16O.xyz,2.4585375606852136,2.5875416051727558
2656,TS_ts_guess_Qjb9XV_template_4-13_8-12.xyz,64,20,44,r1_C7H8N4O.xyz,r0_C22H21N.xyz,2.374748386419075,2.5180867852597935
2657,TS_ts_guess_AsCBtJ_template_4-13_8-12.xyz,64,20,44,r1_C7H8N4O.xyz,r0_C22H21N.xyz,2.3507343216535554,2.4606654906955554
2658,TS_ts_guess_Kk-5LV_template_4-18_12-17.xyz,69,33,36,r0_C13H16N2O2.xyz,r1_C13H20O3.xyz,2.375287516786126,2.556682878849076
2659,TS_ts_guess_pR38rl_template_4-18_12-17.xyz,69,33,36,r0_C13H16N2O2.xyz,r1_C13H20O3.xyz,2.3797914182759796,2.553972762286238
2660,TS_ts_guess_IRQSlT_template_4-7_8-9.xyz,59,24,35,r1_C7H10N4O3.xyz,r0_C14ClH17O3.xyz,2.459024121902834,2.188949300874737
2661,TS_ts_guess_JftckN_template_4-7_8-9.xyz,59,24,35,r1_C7H10N4O3.xyz,r0_C14ClH17O3.xyz,2.6354710334966693,2.3447475191158644
2662,TS_ts_guess_gsGbYK_template_4-31_12-23.xyz,54,41,13,r0_C18H18N2O3.xyz,r1_C6Cl2H4O.xyz,2.40952188718011,2.4557734261938746
2663,TS_ts_guess_3uoJfS_template_4-30_12-23.xyz,54,41,13,r0_C18H18N2O3.xyz,r1_C6Cl2H4O.xyz,2.426060851029916,2.4967925629094623
2664,TS_zLFjhm_hl_ad_19-27_20-21.xyz,60,36,24,r1_C13F6H15NO.xyz,r0_C8H13NO2.xyz,2.6237586438542704,2.248768638455277
2665,TS_ts_guess_0bPV5h_template_19-28_20-21.xyz,60,36,24,r1_C13F6H15NO.xyz,r0_C8H13NO2.xyz,2.182502509987102,2.65889712583996
2666,TS_ts_guess_3wsaWY_template_4-34_6-19.xyz,62,34,28,r1_C16H15NO2.xyz,r0_C14H12O2.xyz,2.4859059785317705,2.5781870364075603
2667,TS_ts_guess_OoahDt_template_4-34_6-19.xyz,62,34,28,r1_C16H15NO2.xyz,r0_C14H12O2.xyz,2.6004995181118566,2.6661820167797994
2668,TS_ts_guess_a-Ucdy_template_4-31_6-19.xyz,62,34,28,r1_C16H15NO2.xyz,r0_C14H12O2.xyz,2.2902451571392963,3.444128359991828
2669,TS_ts_guess_zGRKfv_template_4-28_6-19.xyz,62,34,28,r1_C16H15NO2.xyz,r0_C14H12O2.xyz,2.5622035237466987,2.9080236527580037
2671,TS_ts_guess_5OrBGt_template_4-24_10-17.xyz,65,34,31,r0_C15H17NO.xyz,r1_C12H14N2O3.xyz,2.4156261505456507,2.0261387705189398
2672,TS_ts_guess_x9HIMF_template_4-5_6-7.xyz,62,17,45,r1_C4H7N5O.xyz,r0_C19H21N3O2.xyz,2.1308372863970635,2.139426165564028
2673,TS_ts_guess_lUSM8S_template_4-5_6-7.xyz,62,17,45,r1_C4H7N5O.xyz,r0_C19H21N3O2.xyz,2.1152661799877577,2.071042400652386
2674,TS_ts_guess_TfIuSa_template_4-13_6-12.xyz,50,24,26,r0_C7H12N2O3.xyz,r1_C10Cl2F6H8.xyz,2.4652399540207033,2.8259012697721766
2675,TS_ts_guess_Xim7Mf_template_4-13_6-12.xyz,50,24,26,r0_C7H12N2O3.xyz,r1_C10Cl2F6H8.xyz,2.227369103202251,2.904986224098145
2678,TS_ts_guess_va58TP_template_4-25_10-17.xyz,51,29,22,r1_C11H12N2O4.xyz,r0_C8F6H6O2.xyz,2.3822871471969957,2.3362028757366087
2679,TS_ts_guess_54yio1_template_18-24_19-20.xyz,65,37,28,r1_C15H17NO4.xyz,r0_C12H14O2.xyz,2.6553539859498962,2.5440759048621175
2680,TS_ts_guess_L71Zj8_template_18-31_19-20.xyz,65,37,28,r1_C15H17NO4.xyz,r0_C12H14O2.xyz,2.523038032808859,2.5976779545778954
2681,TS_ts_guess_54j1z__template_21-30_22-23.xyz,60,42,18,r0_C15F3H19N2O3.xyz,r1_C6H8N2O2.xyz,2.496004849394328,2.4723653415504754
2682,TS_ts_guess_7jc_3b_template_21-28_22-23.xyz,60,42,18,r0_C15F3H19N2O3.xyz,r1_C6H8N2O2.xyz,2.570082529920002,2.38465525342763
2683,TS_ts_guess_2db0MY_template_4-17_9-16.xyz,52,26,26,r0_C9H10N2O5.xyz,r1_C10Cl2FH11O2.xyz,2.6625268814605425,2.4793446415938227
2684,TS_ts_guess_Vmj9aC_template_4-17_9-16.xyz,52,26,26,r0_C9H10N2O5.xyz,r1_C10Cl2FH11O2.xyz,2.4911217255886955,2.555568515731871
2685,TS_ts_guess_CZ0ptl_template_4-28_10-21.xyz,60,38,22,r1_C15H17NO5.xyz,r0_C9H9NO3.xyz,2.469725751981381,2.3297946791080113
2686,TS_ts_guess_N8SFg1_template_4-27_10-21.xyz,60,38,22,r1_C15H17NO5.xyz,r0_C9H9NO3.xyz,2.3451364555181007,2.634254254964771
2687,TS_ts_guess__DVDxW_template_21-29_22-23.xyz,62,44,18,r0_C22H21N.xyz,r1_C9H5N3O.xyz,2.4114298092832818,2.3708647932347384
2688,TS_ts_guess_UXC3IG_template_21-31_22-23.xyz,62,44,18,r0_C22H21N.xyz,r1_C9H5N3O.xyz,2.711247131948691,2.326094272401701
2689,TS_ts_guess_03Q4_4_template_4-27_10-17.xyz,61,31,30,r0_C10H14N2O5.xyz,r1_C14H13NO2.xyz,2.737164822950931,2.2266557785162933
2690,TS_ts_guess_DP0okS_template_4-29_10-17.xyz,61,31,30,r0_C10H14N2O5.xyz,r1_C14H13NO2.xyz,2.2549811269276736,2.8116493025091165
2691,TS_ts_guess_lbEjjo_template_15-27_16-17.xyz,61,30,31,r1_C14H13NO2.xyz,r0_C10H14N2O5.xyz,2.570477903931485,2.249750229269907
2692,TS_ts_guess_HSTp8N_template_15-25_16-17.xyz,61,30,31,r1_C14H13NO2.xyz,r0_C10H14N2O5.xyz,2.42852603016727,2.361429786104173
2693,TS_ts_guess_P4WSp5_template_4-12_6-11.xyz,64,22,42,r0_C6H11N3O2.xyz,r1_C22H18N2.xyz,2.2081363657392172,2.7714940453661447
2694,TS_ts_guess_EWU6Qu_template_4-12_6-11.xyz,64,22,42,r0_C6H11N3O2.xyz,r1_C22H18N2.xyz,2.158197679870868,2.7675410416830317
2695,TS_ts_guess_SQ6b9e_template_4-16_10-15.xyz,54,24,30,r0_C8H9N5O2.xyz,r1_C11F6H12O.xyz,2.4403129105506123,2.2735462521356364
2696,TS_ts_guess_XzQScy_template_4-16_10-15.xyz,54,24,30,r0_C8H9N5O2.xyz,r1_C11F6H12O.xyz,2.3191600011210953,2.5599754087295445
2697,TS_ts_guess_mh0aqc_template_4-25_12-18.xyz,57,33,24,r0_C13H15NO4.xyz,r1_BrC9H12NO.xyz,2.6113610727932666,2.5438139684733234
2698,TS_ts_guess_qYfMSa_template_4-28_12-18.xyz,57,33,24,r0_C13H15NO4.xyz,r1_BrC9H12NO.xyz,2.5821255927820395,2.5621995932011226
2699,TS_ts_guess_cWa_ex_template_4-13_6-12.xyz,51,23,28,r1_C7H11N3O2.xyz,r0_Br2C11H14O.xyz,2.2408940275256213,2.890472033371021
2700,TS_ts_guess_FhOLSL_template_4-13_6-12.xyz,51,23,28,r1_C7H11N3O2.xyz,r0_Br2C11H14O.xyz,2.357547196834032,2.765422781239787
2701,TS_ts_guess_GXOSOO_template_2-5_6-7.xyz,50,20,30,r0_C8H8N4.xyz,r1_BrC14Cl2H13.xyz,2.0161875658033406,2.3126500234363174
2702,TS_nbaJO0_ll_ad_2-5_6-7.xyz,50,20,30,r0_C8H8N4.xyz,r1_BrC14Cl2H13.xyz,1.9450993171815163,2.1964184367738313
2703,TS_ts_guess_zHQjVF_template_18-22_19-20.xyz,60,39,21,r0_C14ClH19N2O3.xyz,r1_C9H8N2O2.xyz,2.392242398796577,2.1507936255717333
2704,TS_ts_guess_sLmaZN_template_18-32_19-20.xyz,60,39,21,r0_C14ClH19N2O3.xyz,r1_C9H8N2O2.xyz,2.117665702111643,2.419504279578774
2705,TS_ts_guess_Q7pGdv_template_4-9_6-8.xyz,50,15,35,r1_C4H7N3O.xyz,r0_Br2C16H16O.xyz,2.256913686896333,2.639142151438607
2706,TS_ts_guess_RZ064m_template_4-9_6-8.xyz,50,15,35,r1_C4H7N3O.xyz,r0_Br2C16H16O.xyz,2.6316014309541633,2.676952367637497
2707,TS_ts_guess_bYRLsh_template_4-30_10-18.xyz,64,32,32,r1_C10H14N2O6.xyz,r0_C15H16O.xyz,2.4159524004623933,2.526798292582928
2708,TS_ts_guess_4i3HEt_template_4-27_10-18.xyz,64,32,32,r1_C10H14N2O6.xyz,r0_C15H16O.xyz,2.662292143266775,2.517782322481433
2709,TS_ts_guess_LUsw2t_template_4-28_9-20.xyz,51,35,16,r0_C14H15NO5.xyz,r1_C8Cl3H5.xyz,2.1072539568594957,2.423875820870368
2710,TS_ts_guess_haC5No_template_4-23_9-20.xyz,51,35,16,r0_C14H15NO5.xyz,r1_C8Cl3H5.xyz,2.334849319742068,2.224028056185443
2711,TS_ts_guess_bf63YM_template_4-29_13-20.xyz,65,37,28,r0_C15H17NO4.xyz,r1_C11H14O3.xyz,2.3073347272773406,2.4251238857221296
2712,TS_ts_guess_Fpslqn_template_4-30_13-20.xyz,65,37,28,r0_C15H17NO4.xyz,r1_C11H14O3.xyz,2.4019514951389005,2.224795177516348
2713,TS_ts_guess_OgfCV4_template_3-10_7-9.xyz,67,17,50,r1_C6H8N2O.xyz,r0_C24H24O2.xyz,2.4756635188773126,2.117268645259737
2714,TS_ts_guess_YEB2Sq_template_3-10_7-9.xyz,67,17,50,r1_C6H8N2O.xyz,r0_C24H24O2.xyz,2.6459888883175613,2.0867810969768734
2715,TS_ts_guess_1jdVev_template_17-29_18-19.xyz,67,35,32,r1_C13FH16N3O2.xyz,r0_C13H17NO.xyz,2.377165549346532,2.3373334844005464
2716,TS_ts_guess_5sQ5h4_template_17-26_18-19.xyz,67,35,32,r1_C13FH16N3O2.xyz,r0_C13H17NO.xyz,2.3789979876830496,2.7288497799805693
2717,TS_ts_guess_9eCkjl_template_15-24_16-17.xyz,59,32,27,r1_C12ClH15O4.xyz,r0_C12H11NO3.xyz,2.0672277224824556,2.466325409470535
2718,TS_ts_guess_1ly3Qn_template_15-27_16-17.xyz,59,32,27,r1_C12ClH15O4.xyz,r0_C12H11NO3.xyz,2.249298157137021,2.159348038320826
2719,TS_m5WrGE_ll_ad_4-6_7-22.xyz,69,36,33,r0_C14H18N2O2.xyz,r1_C13H17NO2.xyz,2.3444058227405935,2.442728904053826
2720,TS_ts_guess_9wSOTu_template_4-6_7-22.xyz,69,36,33,r0_C14H18N2O2.xyz,r1_C13H17NO2.xyz,2.1825841378054593,2.5534154094467287
2721,TS_ts_guess__GwiC8_template_4-21_9-20.xyz,59,35,24,r0_C14H15NO5.xyz,r1_C10F3H10N.xyz,2.431171425239283,2.3839893980678677
2722,TS_ts_guess_sZZeXH_template_4-21_9-20.xyz,59,35,24,r0_C14H15NO5.xyz,r1_C10F3H10N.xyz,2.27031355537071,2.3447611821462746
2723,TS_ts_guess_LNcAW5_template_3-13_7-12.xyz,56,15,41,r0_C7H3N3O2.xyz,r1_C21ClH18N.xyz,2.481319477274137,2.648325701230874
2724,TS_ts_guess_fASDrK_template_3-13_7-12.xyz,56,15,41,r0_C7H3N3O2.xyz,r1_C21ClH18N.xyz,2.6240003648437242,2.4656789865268345
2725,TS_ts_guess_CDNVUe_template_18-25_19-20.xyz,61,35,26,r1_C14H15N3O3.xyz,r0_C12H11NO2.xyz,2.6274778441121063,2.273854522391439
2726,TS_ts_guess_DJffO-_template_18-31_19-20.xyz,61,35,26,r1_C14H15N3O3.xyz,r0_C12H11NO2.xyz,2.2030275326468347,2.7280107066138872
2727,TS_ts_guess_wTq3sl_template_4-14_9-13.xyz,62,23,39,r1_C8H10N2O3.xyz,r0_C18H17N3O.xyz,2.490882613251777,2.676320691901477
2728,TS_ts_guess_J3hNl4_template_4-14_9-13.xyz,62,23,39,r1_C8H10N2O3.xyz,r0_C18H17N3O.xyz,2.722146492072018,2.3541430023259
2729,TS_ts_guess_S771Pi_template_19-29_20-21.xyz,63,41,22,r0_C14FH20N3O3.xyz,r1_C10H9NO2.xyz,2.535170599565244,2.4057808698424727
2730,TS_ts_guess_6-0U-l_template_19-27_20-21.xyz,63,41,22,r0_C14FH20N3O3.xyz,r1_C10H9NO2.xyz,2.473874093582776,2.5925119807823465
2731,TS_ts_guess_0T2QcH_template_4-22_12-21.xyz,61,35,26,r1_C17H14N2O2.xyz,r0_C12H11N3.xyz,2.7378836478382347,2.5483457627841632
2732,TS_ts_guess_qti6YV_template_4-22_12-21.xyz,61,35,26,r1_C17H14N2O2.xyz,r0_C12H11N3.xyz,2.78199226456509,2.782073239402586
2733,TS_ts_guess_Io7L9__template_16-25_17-18.xyz,48,33,15,r0_Br2C12H15NO3.xyz,r1_C4H7NO3.xyz,2.0008813802172285,2.427665751663519
2734,TS_ts_guess_HrzS4v_template_16-20_17-18.xyz,48,33,15,r0_Br2C12H15NO3.xyz,r1_C4H7NO3.xyz,2.3337971115330487,1.917978770476879
2735,TS_ts_guess_whwC1Z_template_10-22_11-12.xyz,72,28,44,r0_C11H16O.xyz,r1_C22H21N.xyz,2.54813034356565,2.6393645995390633
2736,TS_ts_guess_T71DDC_template_10-27_11-12.xyz,72,28,44,r0_C11H16O.xyz,r1_C22H21N.xyz,2.309292283666145,2.7052932356770496
2737,TS_ts_guess_me7jKO_template_3-19_11-18.xyz,72,33,39,r0_C16H15NO.xyz,r1_C17H22.xyz,2.662150806716254,2.0170983501307016
2738,TS_ts_guess_sVFAqJ_template_3-19_11-18.xyz,72,33,39,r0_C16H15NO.xyz,r1_C17H22.xyz,2.5606390534200627,2.1570394021899553
2739,TS_ts_guess_36v_mB_template_3-30_11-18.xyz,59,32,27,r1_C15H14N2O.xyz,r0_BrC13H13.xyz,2.3315114492963573,2.204568629142672
2740,TS_ts_guess_HOQo7a_template_3-25_11-18.xyz,59,32,27,r1_C15H14N2O.xyz,r0_BrC13H13.xyz,2.3769806495215735,2.00006647044542
2741,TS_ts_guess_QETJ9N_template_20-32_21-22.xyz,67,44,23,r0_C18H22N2O2.xyz,r1_C6H11N3O3.xyz,2.1081541436526887,2.399862071890799
2742,TS_ts_guess_1TD3va_template_20-25_21-22.xyz,67,44,23,r0_C18H22N2O2.xyz,r1_C6H11N3O3.xyz,2.2703149914714476,2.345128773031451
2743,TS_ts_guess__0XRqr_template_4-7_8-24.xyz,60,32,28,r1_C10H14N4O4.xyz,r0_C13H11N3O.xyz,2.5165744350207477,2.272205601744701
2744,TS_ts_guess_-NpNP2_template_4-7_8-24.xyz,60,32,28,r1_C10H14N4O4.xyz,r0_C13H11N3O.xyz,2.4441919538776005,2.6068181856623602
2749,TS_ts_guess_HsZPj1_template_4-13_6-12.xyz,52,19,33,r0_C7H7N3O2.xyz,r1_C13F6H11NO2.xyz,2.2672423753538125,2.534147255271485
2750,TS_ts_guess_PTFDIW_template_4-13_6-12.xyz,52,19,33,r0_C7H7N3O2.xyz,r1_C13F6H11NO2.xyz,2.1376270540250926,2.9080433595288775
2751,TS_ts_guess_YJrrEG_template_16-28_17-18.xyz,61,33,28,r0_C13H15N3O2.xyz,r1_C12H11NO4.xyz,2.0735758587281055,2.5739955000349166
2752,TS_ts_guess_PNXX7C_template_16-26_17-18.xyz,61,33,28,r0_C13H15N3O2.xyz,r1_C12H11NO4.xyz,2.4311829847422013,2.1934969990861624
2755,TS_ts_guess_wHRjJI_template_4-32_10-20.xyz,63,36,27,r0_C14H16N2O4.xyz,r1_C13H12O2.xyz,2.6502343436005806,2.5387503134022453
2757,TS_ts_guess_5Aaqu4_template_13-26_14-15.xyz,61,33,28,r0_BrC12H18NO.xyz,r1_C9H13N3O3.xyz,2.3550917578939465,2.4892030042364963
2758,TS_4R4jeL_hl_ad_13-21_14-15.xyz,61,33,28,r0_BrC12H18NO.xyz,r1_C9H13N3O3.xyz,2.3722015259037326,2.6067646317609876
2759,TS_ts_guess_adDrk__template_4-25_7-18.xyz,63,35,28,r0_C13H17N3O2.xyz,r1_C10H12O6.xyz,2.336358289261302,2.911904584185409
2760,TS_ts_guess_seNrpt_template_4-27_7-18.xyz,63,35,28,r0_C13H17N3O2.xyz,r1_C10H12O6.xyz,2.4763314056280916,2.243866959737141
2761,TS_ts_guess_-tYQGK_template_4-32_9-20.xyz,66,35,31,r0_C14H15N3O3.xyz,r1_C14H16O.xyz,2.517427542174749,2.444647914813092
2762,TS_ts_guess_a2Qd6D_template_4-28_9-20.xyz,66,35,31,r0_C14H15N3O3.xyz,r1_C14H16O.xyz,2.5198451067674776,2.3624093151060848
2763,TS_ts_guess_g7mMFa_template_4-14_8-13.xyz,60,20,40,r1_C7H7N3O3.xyz,r0_C18ClH19O2.xyz,2.74694731265454,2.2729444936689513
2764,TS_ts_guess_cn2yng_template_4-14_8-13.xyz,60,20,40,r1_C7H7N3O3.xyz,r0_C18ClH19O2.xyz,2.7439847824104273,2.318757458769676
2765,TS_ts_guess_L7X4Qb_template_4-5_6-17.xyz,51,30,21,r0_C9H15N3O3.xyz,r1_Br2C9H9N.xyz,2.1913974823842435,2.7269399698013155
2766,TS_ts_guess_IHUH6C_template_4-5_6-17.xyz,51,30,21,r0_C9H15N3O3.xyz,r1_Br2C9H9N.xyz,2.48639039293913,2.6508792707514988
2768,TS_ts_guess_l5ZSv2_template_4-16_9-15.xyz,54,28,26,r0_C9H13NO5.xyz,r1_BrC10F2H11O2.xyz,2.5175058835482385,2.7111720054987294
2769,TS_ts_guess_fSJP9z_template_4-24_10-12.xyz,59,23,36,r1_BrC9H11O2.xyz,r0_C15H17NO3.xyz,2.5176902374001453,2.327418498916772
2771,TS_ts_guess_NJpP3n_template_4-26_10-20.xyz,55,37,18,r1_C15H17NO4.xyz,r0_C6Cl2H6O4.xyz,2.088473244693357,2.627230412373456
2772,TS_ts_guess_HzZONA_template_4-11_6-10.xyz,68,18,50,r1_C6H8N2O2.xyz,r0_C26H24.xyz,2.3040809387258947,2.836124312455292
2773,TS_ts_guess_q2oUT5_template_4-11_6-10.xyz,68,18,50,r1_C6H8N2O2.xyz,r0_C26H24.xyz,2.3784419190932535,2.642281767071786
2774,TS_ts_guess_LGmnwq_template_18-28_19-20.xyz,62,37,25,r0_C16Cl2H17NO.xyz,r1_C8H13NO3.xyz,2.401850454358056,2.5283397919188
2775,TS_ts_guess_oWHxGs_template_18-26_19-20.xyz,62,37,25,r0_C16Cl2H17NO.xyz,r1_C8H13NO3.xyz,2.431745257176417,2.3480303721417233
2776,TS_ts_guess_YU789Q_template_2-16_8-15.xyz,53,23,30,r0_C11H8N2O2.xyz,r1_BrC14F2H13.xyz,2.362334949091682,2.14262997367721
2777,TS_ts_guess_xiRVuM_template_2-16_8-15.xyz,53,23,30,r0_C11H8N2O2.xyz,r1_BrC14F2H13.xyz,2.1847011763854574,2.256168316017225
2778,TS_ts_guess_Pg1VYX_template_4-7_8-23.xyz,64,31,33,r1_C10H14N4O3.xyz,r0_C13ClH17O2.xyz,2.642416819012474,2.373679352166166
2779,TS_ts_guess_gMAI7l_template_4-7_8-23.xyz,64,31,33,r1_C10H14N4O3.xyz,r0_C13ClH17O2.xyz,2.303496221420821,2.4816105085407743
2782,TS_ts_guess_4Pxn8T_template_4-13_6-12.xyz,56,17,39,r0_C6H5N3O3.xyz,r1_C14F3H17O5.xyz,2.144917822994622,2.3762125027236096
2783,TS_ts_guess_M87aTO_template_4-13_6-12.xyz,56,17,39,r0_C6H5N3O3.xyz,r1_C14F3H17O5.xyz,2.1852041099403046,2.3723479831803767
2784,TS_ts_guess_oRdcbb_template_4-16_7-15.xyz,49,28,21,r0_C9H13NO5.xyz,r1_Br2C9H9N.xyz,2.4871917528610457,2.3075548705935467
2785,TS_ts_guess_d62-qS_template_4-16_7-15.xyz,49,28,21,r0_C9H13NO5.xyz,r1_Br2C9H9N.xyz,2.2653071537873184,2.564587360843846
2786,TS_ts_guess_ZULs36_template_3-34_8-21.xyz,60,37,23,r0_C18H16O3.xyz,r1_C12ClH9O.xyz,2.5806493505705106,2.441722443604105
2787,TS_ts_guess_7MGAL0_template_3-34_8-21.xyz,60,37,23,r0_C18H16O3.xyz,r1_C12ClH9O.xyz,2.5511537640252104,2.455831320876904
2788,TS_ts_guess_w8UznA_template_3-33_8-21.xyz,60,37,23,r0_C18H16O3.xyz,r1_C12ClH9O.xyz,2.3687117856125934,2.527828714292169
2789,TS_ts_guess_rxl-yY_template_3-28_8-21.xyz,60,37,23,r0_C18H16O3.xyz,r1_C12ClH9O.xyz,2.571363264729431,2.364755239258389
2790,TS_ts_guess_vERfqT_template_4-31_12-21.xyz,60,36,24,r0_C14H15NO6.xyz,r1_C9F3H11O.xyz,2.562516309040783,2.4810991762926364
2791,TS_ts_guess_lG6apn_template_4-29_12-21.xyz,60,36,24,r0_C14H15NO6.xyz,r1_C9F3H11O.xyz,2.4536425398578334,2.6560696137337967
2792,TS_ts_guess_nWYTj6_template_11-17_12-13.xyz,56,27,29,r0_Br2C10H14O.xyz,r1_C12H15NO.xyz,2.4998773777127554,2.4070954639565083
2793,TS_ts_guess_CqkyZ2_template_11-25_12-13.xyz,56,27,29,r0_Br2C10H14O.xyz,r1_C12H15NO.xyz,2.3339991218078895,2.5872666421534523
2794,TS_ts_guess_xQNChm_template_19-29_20-21.xyz,54,32,22,r0_C12F7H11O2.xyz,r1_C10H9NO2.xyz,2.3685651624137347,2.4705194242102206
2795,TS_ts_guess_ot-z84_template_19-24_20-21.xyz,54,32,22,r0_C12F7H11O2.xyz,r1_C10H9NO2.xyz,2.7193653060043257,2.1041747896265655
2796,TS_ts_guess_5N8tAA_template_4-17_7-16.xyz,61,31,30,r0_C9H15N3O4.xyz,r1_C14Cl2H14.xyz,2.3440849424455585,2.487800616006033
2797,TS_ts_guess_FevA7J_template_4-17_7-16.xyz,61,31,30,r0_C9H15N3O4.xyz,r1_C14Cl2H14.xyz,2.4439826819558284,2.4085571129205143
2798,TS_ts_guess_axX98n_template_19-31_20-21.xyz,58,40,18,r0_C14ClH19N2O4.xyz,r1_C9H5N3O.xyz,2.2843861330563184,2.50000000288
2799,TS_ts_guess_Dstv5q_template_19-25_20-21.xyz,58,40,18,r0_C14ClH19N2O4.xyz,r1_C9H5N3O.xyz,2.46446464141809,2.353777951018319
2800,TS_ts_guess_hOBzj4_template_4-25_6-16.xyz,52,28,24,r1_C12H12O4.xyz,r0_C8F6H6O4.xyz,2.4610514413559095,3.07895650508415
2801,TS_ts_guess_Sj5x4g_template_4-24_11-13.xyz,64,26,38,r1_C7H13N3O3.xyz,r0_C18H16O4.xyz,2.6342631534074195,1.876980125360948
2802,TS_ts_guess_-bZFOj_template_4-35_12-19.xyz,61,32,29,r0_C13H13N3O3.xyz,r1_C14H12O3.xyz,2.1437593378222286,2.6947768425047745
2803,TS_ts_guess_u05wj9_template_4-29_12-19.xyz,61,32,29,r0_C13H13N3O3.xyz,r1_C14H12O3.xyz,2.2949553706771724,2.2695413566181166
2804,TS_ts_guess_8D1vqm_template_4-35_12-19.xyz,61,32,29,r0_C13H13N3O3.xyz,r1_C14H12O3.xyz,2.2738258619340224,2.51520527215971
2805,TS_ts_guess_p6EWVw_template_4-31_12-19.xyz,61,32,29,r0_C13H13N3O3.xyz,r1_C14H12O3.xyz,2.257688266014598,2.4638891516868204
2806,TS_ts_guess_bIbX34_template_4-14_8-13.xyz,58,25,33,r1_C8H10N2O5.xyz,r0_C13F4H14O2.xyz,2.5803374359374005,2.145550633520449
2808,TS_ts_guess_XZydDZ_template_21-31_22-23.xyz,64,43,21,r1_C16H20O7.xyz,r0_C9H9N3.xyz,2.335769229761364,2.2514670853467966
2809,TS_ts_guess_IDR8iX_template_21-31_22-23.xyz,64,43,21,r1_C16H20O7.xyz,r0_C9H9N3.xyz,2.5362492778313404,2.1854003957627537
2810,TS_ts_guess_pEF9SW_template_4-12_10-11.xyz,43,19,24,r0_C5H8N2O4.xyz,r1_Br2C10F3H8N.xyz,2.3827784195975927,2.13996983572199
2811,TS_ts_guess_wJTbLt_template_4-12_10-11.xyz,43,19,24,r0_C5H8N2O4.xyz,r1_Br2C10F3H8N.xyz,2.5350617586362665,2.02068893786253
2812,TS_ts_guess_IS38Kp_template_17-26_18-19.xyz,62,38,24,r1_C13ClH19N2O3.xyz,r0_C7H10N4O3.xyz,2.4046941598881166,2.2834483210705683
2813,TS_ts_guess_NPbxQC_template_17-28_18-19.xyz,62,38,24,r1_C13ClH19N2O3.xyz,r0_C7H10N4O3.xyz,2.3359821958867766,2.7203807635880706
2814,TS_ts_guess_zPj5Xj_template_4-14_6-13.xyz,65,21,44,r1_C8H8N2O3.xyz,r0_C18H22O4.xyz,2.3066068391687335,2.4218200119744635
2815,TS_ts_guess_QPgQpr_template_4-14_6-13.xyz,65,21,44,r1_C8H8N2O3.xyz,r0_C18H22O4.xyz,2.2335652139572733,2.2733271857346002
2816,TS_ts_guess_hoosKq_template_4-5_6-7.xyz,64,21,43,r0_C5H10N4O2.xyz,r1_C19H19NO4.xyz,2.442386008680858,2.1413783275965024
2817,TS_ts_guess_We0jjq_template_4-5_6-7.xyz,64,21,43,r0_C5H10N4O2.xyz,r1_C19H19NO4.xyz,2.1874093793572347,2.262291249817317
2818,TS_ts_guess_OZynhK_template_4-14_6-13.xyz,48,22,26,r0_C10H9NO2.xyz,r1_Br2C10FH11O2.xyz,2.4656829757290373,2.7426455116365296
2819,TS_Ll40AB_ll_ad_4-14_6-13.xyz,48,22,26,r0_C10H9NO2.xyz,r1_Br2C10FH11O2.xyz,2.3426555926768238,2.9632714739118993
2820,TS_ts_guess__GFPY6_template_4-30_10-23.xyz,58,41,17,r0_C18H18N2O3.xyz,r1_BrC7FH8.xyz,2.531939394416857,2.4847950234576697
2821,TS_ts_guess_aTLt_K_template_4-30_10-23.xyz,58,41,17,r0_C18H18N2O3.xyz,r1_BrC7FH8.xyz,2.522220681403592,2.568409300481526
2822,TS_ts_guess_Pws7QZ_template_4-27_7-14.xyz,68,28,40,r1_C11H14N2O.xyz,r0_C18H18N2O2.xyz,2.495221237926609,2.235154898927589
2823,TS_ts_guess_iDUsqe_template_4-23_7-14.xyz,68,28,40,r1_C11H14N2O.xyz,r0_C18H18N2O2.xyz,2.4296717165905357,2.305565093789373
2824,TS_ts_guess_9TuiQ7_template_4-26_8-21.xyz,54,34,20,r0_C17H13NO3.xyz,r1_C6F6H6O2.xyz,2.2939494185792326,2.2894261011441275
2825,TS_ts_guess_m9xmk8_template_4-30_8-21.xyz,54,34,20,r0_C17H13NO3.xyz,r1_C6F6H6O2.xyz,2.219860600736001,2.4352666852318245
2826,TS_ts_guess_bOSfUd_template_4-7_8-23.xyz,64,34,30,r1_C14H14N2O4.xyz,r0_C13H14N2O.xyz,2.4274693948225177,2.391925227322125
2827,TS_ts_guess_m5OneX_template_4-7_8-23.xyz,64,34,30,r1_C14H14N2O4.xyz,r0_C13H14N2O.xyz,2.4052182156927056,2.2460704274799577
2828,TS_ts_guess_JQzA19_template_4-11_9-10.xyz,56,16,40,r0_C5H6O5.xyz,r1_BrC20FH18.xyz,2.745244376681246,2.3194793267886653
2829,TS_ts_guess_BUilyj_template_4-11_9-10.xyz,56,16,40,r0_C5H6O5.xyz,r1_BrC20FH18.xyz,2.680588589209467,2.5509423462124734
2830,TS_ts_guess_8GdWCo_template_4-17_6-16.xyz,68,29,39,r0_C12H13NO3.xyz,r1_C15H20O4.xyz,2.1050784426951887,2.6819308261027164
2831,TS_ts_guess_LWzrAb_template_4-17_6-16.xyz,68,29,39,r0_C12H13NO3.xyz,r1_C15H20O4.xyz,2.210845651328921,2.6266856380237056
2832,TS_JndDWm_hl_ad_4-10_6-9.xyz,57,14,43,r1_C5H5N3O.xyz,r0_C18F6H17NO.xyz,2.7356433467467944,2.3181063216988123
2833,TS_ts_guess_trPIbO_template_4-10_6-9.xyz,57,14,43,r1_C5H5N3O.xyz,r0_C18F6H17NO.xyz,2.550713274713566,2.399017038267965
2834,TS_ts_guess_ziynMt_template_4-27_12-20.xyz,61,37,24,r0_C17H17NO2.xyz,r1_BrC9H12NO.xyz,2.597928034049442,2.4501199846742203
2835,TS_ts_guess_5J7eQ7_template_4-30_12-20.xyz,61,37,24,r0_C17H17NO2.xyz,r1_BrC9H12NO.xyz,2.4796306391275293,2.577291646244173
2836,TS_ts_guess_wPBajc_template_18-25_19-20.xyz,65,41,24,r1_C14H21NO5.xyz,r0_C11H9NO3.xyz,2.5773862732815194,2.070580877773192
2837,TS_ts_guess_R8Yes4_template_18-28_19-20.xyz,65,41,24,r1_C14H21NO5.xyz,r0_C11H9NO3.xyz,2.1350910559037057,2.552831684874658
2838,TS_ts_guess_dA_8gG_template_4-8_9-10.xyz,65,36,29,r1_C11H17N3O5.xyz,r0_C11F4H14.xyz,2.3192311096999365,2.4383336162633693
2839,TS_LsnOPu_hl_ad_4-9_10-11.xyz,65,36,29,r1_C11H17N3O5.xyz,r0_C11F4H14.xyz,2.280208315856251,2.413591081252166
2840,TS_ts_guess_xXDd9G_template_22-30_23-24.xyz,50,36,14,r0_C13F9H12NO.xyz,r1_C4H4N2O4.xyz,2.1712135775183423,2.1098403119430627
2841,TS_ts_guess_wSIlQj_template_22-26_23-24.xyz,50,36,14,r0_C13F9H12NO.xyz,r1_C4H4N2O4.xyz,2.123292590859771,2.1566372035648462
2842,TS_ts_guess_O9U0hN_template_4-14_12-13.xyz,68,23,45,r0_C10H10N2O.xyz,r1_C22H21NO.xyz,2.7633926460421803,2.343598726339473
2843,TS_ts_guess_vYMqJo_template_4-14_12-13.xyz,68,23,45,r0_C10H10N2O.xyz,r1_C22H21NO.xyz,3.1618538889392083,2.174193791247689
2844,TS_ts_guess_RWa5Wy_template_4-10_6-9.xyz,39,16,23,r0_C5H7N3O.xyz,r1_Br3C9F3H8.xyz,2.6452855474220547,2.3443463647464724
2846,TS_ts_guess_nmr3Uy_template_13-21_14-15.xyz,55,29,26,r1_Br2C11H14O2.xyz,r0_C11H13NO.xyz,2.5923027274028008,2.3136780515015483
2847,TS_ts_guess_d8qkMY_template_13-24_14-15.xyz,55,29,26,r1_Br2C11H14O2.xyz,r0_C11H13NO.xyz,2.375493024132043,2.451999022613998
2848,TS_ts_guess_rNQ61e_template_4-15_9-14.xyz,63,25,38,r0_C7H11N3O4.xyz,r1_C13F3H18NO3.xyz,2.5510216845217135,2.2471314947950867
2849,TS_RTDa0t_ll_ad_4-15_9-14.xyz,63,25,38,r0_C7H11N3O4.xyz,r1_C13F3H18NO3.xyz,2.7443068883235338,2.075452292031788
2850,TS_ts_guess_K26wWI_template_4-7_8-29.xyz,65,24,41,r0_C9H9N3O3.xyz,r1_C21H19N.xyz,2.334886740850614,2.476077995318404
2851,TS_ts_guess_ybVIXD_template_4-7_8-29.xyz,65,24,41,r0_C9H9N3O3.xyz,r1_C21H19N.xyz,2.4016090482216286,2.298391468853816
2852,TS_ts_guess_j7IrAC_template_20-26_21-22.xyz,60,36,24,r0_C14F6H14O2.xyz,r1_C10H11N3.xyz,2.6185385290463077,1.9941222847408326
2853,TS_ts_guess_uwvXCL_template_20-33_21-22.xyz,60,36,24,r0_C14F6H14O2.xyz,r1_C10H11N3.xyz,2.0935935134834556,2.494441698035855
2854,TS_ts_guess_2B-qEo_template_4-14_6-13.xyz,58,22,36,r1_C9H9N3O.xyz,r0_C14F6H14O2.xyz,2.4070418923857564,2.3339743115338694
2855,TS_CYX21w_ll_ad_4-14_6-13.xyz,58,22,36,r1_C9H9N3O.xyz,r0_C14F6H14O2.xyz,2.471246150143688,2.209356091285423
2856,TS_ts_guess_58s6kQ_template_4-23_7-12.xyz,64,25,39,r0_C7H13N3O2.xyz,r1_C21F3H15.xyz,2.3125121769192916,2.230923539568311
2857,TS_ts_guess_l_ZikB_template_4-26_10-19.xyz,52,31,21,r1_C10H12O9.xyz,r0_BrC8H9O3.xyz,2.5838075718210907,2.389219037196046
2858,TS_ts_guess_s02AT5_template_4-11_8-10.xyz,70,17,53,r0_C6H7N3O.xyz,r1_C27H26.xyz,2.8148237050657365,2.178883233516656
2859,TS_ts_guess_z-s5ao_template_4-11_8-10.xyz,70,17,53,r0_C6H7N3O.xyz,r1_C27H26.xyz,2.6643579963098047,2.2999903710668015
2860,TS_ts_guess_ylihXy_template_13-21_14-15.xyz,45,26,19,r0_Br2C10FH11O2.xyz,r1_C7H6N2O4.xyz,2.5100902687752087,2.106253188697883
2861,TS_ts_guess_jxVbpy_template_13-23_14-15.xyz,45,26,19,r0_Br2C10FH11O2.xyz,r1_C7H6N2O4.xyz,2.2126297428173562,2.3472414328526154
2862,TS_ts_guess_G7jgW3_template_1-11_9-10.xyz,69,18,51,r0_C8H8N2.xyz,r1_C27H23N.xyz,2.3993418690340897,2.2603018499527887
2863,TS_ts_guess_PlTLU7_template_1-11_9-10.xyz,69,18,51,r0_C8H8N2.xyz,r1_C27H23N.xyz,2.467175663749948,2.0891605411504393
2864,TS_ts_guess_eMUgbP_template_4-13_7-12.xyz,55,23,32,r0_C7H11NO4.xyz,r1_C12ClF6H11O2.xyz,2.671352827332998,2.360289848196615
2865,TS_ts_guess_95y3tY_template_4-13_7-12.xyz,55,23,32,r0_C7H11NO4.xyz,r1_C12ClF6H11O2.xyz,2.700336305166451,2.5990468028490756
2866,TS_ts_guess_BrgLtk_template_4-26_8-17.xyz,53,29,24,r0_C12H12N2O3.xyz,r1_BrC8H9O6.xyz,2.1422303196902055,2.874051938866102
2867,TS_ts_guess_F3R2Ur_template_4-23_8-17.xyz,53,29,24,r0_C12H12N2O3.xyz,r1_BrC8H9O6.xyz,2.01738509841329,2.7089253574987997
2868,TS_ts_guess_F0Qk8T_template_4-6_12-21.xyz,40,13,27,r0_Br3C4H4NO.xyz,r1_C9H12O6.xyz,2.4937198744446016,2.427105932092788
2869,TS_ts_guess_pAtjK6_template_4-6_16-21.xyz,40,13,27,r0_Br3C4H4NO.xyz,r1_C9H12O6.xyz,2.3756352842345136,2.501225599441202
2870,TS_ts_guess_1WrbgQ_template_4-17_7-16.xyz,61,28,33,r1_C9H12O7.xyz,r0_C15Cl2H16.xyz,2.550758620900849,2.459340968247388
2871,TS_ts_guess_6HEpP8_template_4-17_7-16.xyz,61,28,33,r1_C9H12O7.xyz,r0_C15Cl2H16.xyz,2.381908591235189,2.5353846839680956
2872,TS_ts_guess__mg-t7_template_4-8_9-10.xyz,53,32,21,r0_C12H15N3O2.xyz,r1_BrC9Cl2H8N.xyz,2.6492012336740296,2.1382387009405663
2873,TS_ts_guess_Xj0nEg_template_4-8_9-10.xyz,53,32,21,r0_C12H15N3O2.xyz,r1_BrC9Cl2H8N.xyz,2.5157698742532077,2.1784956692864923
2874,TS_ts_guess_Mp7_dA_template_18-26_19-20.xyz,66,42,24,r0_C14H22N2O4.xyz,r1_C8H9NO6.xyz,2.621232579417552,2.229541164679404
2875,TS_ts_guess_aFW4wW_template_18-30_19-20.xyz,66,42,24,r0_C14H22N2O4.xyz,r1_C8H9NO6.xyz,2.288999813259058,2.719231928854176
2876,TS_ts_guess_wdFuCc_template_4-12_10-11.xyz,67,20,47,r0_C6H9N3O2.xyz,r1_C23H21NO2.xyz,2.723152941242925,2.301067885700028
2877,TS_ts_guess_nOUlt6_template_4-12_10-11.xyz,67,20,47,r0_C6H9N3O2.xyz,r1_C23H21NO2.xyz,3.1323890415464017,2.0678198676383763
2878,TS_ts_guess_xEsw-U_template_4-16_6-15.xyz,64,24,40,r1_C11H9N3O.xyz,r0_C18ClH19O2.xyz,2.3583816837399336,2.821675832461979
2880,TS_ts_guess_5yTfYr_template_18-30_19-20.xyz,66,39,27,r1_C14H19NO5.xyz,r0_C12H11NO3.xyz,2.4245170136338494,2.232886076672968
2881,TS_ts_guess_eTA_RB_template_18-27_19-20.xyz,66,39,27,r1_C14H19NO5.xyz,r0_C12H11NO3.xyz,2.0991813008646973,2.313678601189023
2882,TS_ts_guess_fERzHq_template_26-27_31-36.xyz,65,53,12,r0_C24H25NO3.xyz,r1_C4H3N3O2.xyz,2.4612061176179454,2.51324258910675
2883,TS_ts_guess_ztYiJs_template_26-32_27-28.xyz,65,53,12,r0_C24H25NO3.xyz,r1_C4H3N3O2.xyz,2.7176632496687296,2.3696425239896435
2884,TS_ts_guess_gh9r7-_template_4-17_6-16.xyz,64,30,34,r0_C12H14N2O2.xyz,r1_C15Cl2H16O.xyz,2.2413667898182132,2.590097357147025
2885,TS_ts_guess_wBURyR_template_4-17_6-16.xyz,64,30,34,r0_C12H14N2O2.xyz,r1_C15Cl2H16O.xyz,2.32909084575935,2.7235326042660115
2886,TS_ts_guess_Kbs71B_template_4-13_8-12.xyz,69,20,49,r0_C7H8N4O.xyz,r1_C23H24O2.xyz,2.332246395173547,2.2784805568843463
2887,TS_ts_guess_kX8H5Q_template_4-13_8-12.xyz,69,20,49,r0_C7H8N4O.xyz,r1_C23H24O2.xyz,2.3730896475902443,2.369873796323339
2888,TS_ts_guess_ea5c34_template_4-12_6-11.xyz,66,19,47,r0_C6H8N2O3.xyz,r1_C23H21NO2.xyz,2.7969407265796673,2.311201078422213
2889,TS_ts_guess_sre6pS_template_4-12_6-11.xyz,66,19,47,r0_C6H8N2O3.xyz,r1_C23H21NO2.xyz,2.628744577093789,2.456346335922525
2890,TS_ts_guess_n_XRrZ_template_4-11_20-21.xyz,64,47,17,r0_C23H21NO2.xyz,r1_C7ClH7O2.xyz,2.492361104093867,2.4901184198547663
2891,TS_ts_guess_8QhXLF_template_4-11_20-21.xyz,64,47,17,r0_C23H21NO2.xyz,r1_C7ClH7O2.xyz,2.565112764402376,2.4252859508519817
2892,TS_ts_guess_PI2xeO_template_4-33_13-26.xyz,64,47,17,r0_C23H21NO2.xyz,r1_C7ClH7O2.xyz,2.771830970982899,2.5123279829074865
2893,TS_ts_guess_enBpAQ_template_4-34_13-26.xyz,64,47,17,r0_C23H21NO2.xyz,r1_C7ClH7O2.xyz,2.659036449468115,2.5460830796342844
2894,TS_ts_guess_IxZ9Vb_template_4-11_19-27.xyz,67,38,29,r0_C18H16O4.xyz,r1_C15H13N.xyz,2.291861240738627,2.9994178059250105
2895,TS_ts_guess_SP_uii_template_20-31_21-22.xyz,68,43,25,r0_C16H21NO5.xyz,r1_C9H11N3O2.xyz,2.113152559991823,2.357203790044467
2896,TS_ts_guess_fC8EhL_template_20-29_21-22.xyz,68,43,25,r0_C16H21NO5.xyz,r1_C9H11N3O2.xyz,2.445706770608447,2.090278266068898
2898,TS_ts_guess_5MsHL2_template_16-29_17-18.xyz,65,32,33,r1_C12F2H14O4.xyz,r0_C14H15NO3.xyz,2.1801941092251393,2.6258185189955525
2899,TS_ts_guess_3Ws1f6_template_4-17_10-16.xyz,66,31,35,r0_C9H15N3O4.xyz,r1_C13ClH17O4.xyz,2.422729183255942,2.3204812516803486
2900,TS_ts_guess_rFP3kf_template_4-17_10-16.xyz,66,31,35,r0_C9H15N3O4.xyz,r1_C13ClH17O4.xyz,2.442093459861846,2.25048557542589
2901,TS_ts_guess_vnsXmD_template_4-20_8-19.xyz,63,31,32,r0_C13H12N2O4.xyz,r1_C13H14N2O3.xyz,2.470223254363864,2.7070591852044905
2902,TS_ts_guess_UHtpE5_template_4-20_8-19.xyz,63,31,32,r0_C13H12N2O4.xyz,r1_C13H14N2O3.xyz,2.6161450794250687,2.683701860639516
2903,TS_ts_guess_ahWzFa_template_15-25_16-17.xyz,72,38,34,r1_C14H21NO2.xyz,r0_C14H15NO4.xyz,2.3630918106159156,2.6251909774909707
2905,TS_ts_guess_mHB6pY_template_9-25_10-11.xyz,63,16,47,r0_C7F3H5O.xyz,r1_C26H20O.xyz,2.688963653993858,2.552294595946949
2909,TS_ts_guess_i2SM7c_template_4-37_12-25.xyz,64,44,20,r0_C22H19NO2.xyz,r1_C9H7NO3.xyz,2.6054399189772157,2.5417793142206504
2910,TS_ts_guess_XoaAFr_template_4-33_12-25.xyz,64,44,20,r0_C22H19NO2.xyz,r1_C9H7NO3.xyz,2.7504437504882735,2.7807303923070283
2911,TS_ts_guess_vwKR8o_template_4-36_9-22.xyz,65,40,25,r0_C18H18N2O2.xyz,r1_C10H10O5.xyz,2.5088698021419926,2.2592548161506705
2912,TS_ts_guess_IvA4H7_template_4-32_9-22.xyz,65,40,25,r0_C18H18N2O2.xyz,r1_C10H10O5.xyz,2.2765066075239053,2.4853031923288555
2913,TS_ts_guess_9ByDXD_template_4-14_6-13.xyz,72,24,48,r0_C10H11NO2.xyz,r1_C22H24O2.xyz,2.348367042350919,2.440093650723267
2914,TS_ts_guess_7BHxJP_template_4-14_6-13.xyz,72,24,48,r0_C10H11NO2.xyz,r1_C22H24O2.xyz,2.321402246768104,2.44468531334812
2915,TS_ts_guess__cdAL3_template_4-29_7-16.xyz,68,29,39,r1_C9H13NO6.xyz,r0_C21H18.xyz,2.2443896992055543,2.6865518993311857
2916,TS_ts_guess_4-sZEW_template_4-24_7-16.xyz,68,29,39,r1_C9H13NO6.xyz,r0_C21H18.xyz,2.432392508827471,2.485253252185781
2917,TS_ts_guess_sOyJNF_template_4-11_12-27.xyz,67,39,28,r0_C18H17N3O.xyz,r1_C12H12N2O2.xyz,2.6049405021996184,2.661674490259844
2918,TS_ts_guess_-_p3VW_template_4-11_12-27.xyz,67,39,28,r0_C18H17N3O.xyz,r1_C12H12N2O2.xyz,2.5955538020430247,2.490847482022936
2919,TS_ts_guess_MHTPAD_template_18-30_19-20.xyz,58,37,21,r0_BrC14H17O5.xyz,r1_C9H8N2O2.xyz,2.261131251099768,2.0584206909910323
2920,TS_ts_guess_oGheTf_template_18-24_19-20.xyz,58,37,21,r0_BrC14H17O5.xyz,r1_C9H8N2O2.xyz,2.0672179342052925,2.203930995153888
2921,TS_ts_guess_wlmHj2_template_4-15_7-14.xyz,60,24,36,r0_C8H10N2O4.xyz,r1_C14F3H14NO4.xyz,2.401970843328451,2.5308280694665926
2922,TS_ts_guess_HxvEBq_template_4-15_7-14.xyz,60,24,36,r0_C8H10N2O4.xyz,r1_C14F3H14NO4.xyz,2.5403142147576943,2.5998833342094403
2923,TS_ts_guess_esZSQ__template_24-31_25-26.xyz,72,50,22,r0_C24H24O2.xyz,r1_C10H10N2.xyz,2.4336099516150873,2.4432228509286666
2924,TS_ts_guess_nKuoPo_template_24-34_25-26.xyz,72,50,22,r0_C24H24O2.xyz,r1_C10H10N2.xyz,2.662474618395451,2.2804661114123137
2925,TS_ts_guess_obGEg0_template_4-17_8-16.xyz,59,25,34,r0_C11H9NO4.xyz,r1_BrC13H17O3.xyz,2.5263642846193037,2.63139721923544
2926,TS_ts_guess_9cVCs1_template_4-17_8-16.xyz,59,25,34,r0_C11H9NO4.xyz,r1_BrC13H17O3.xyz,2.37455813535908,2.654633021982511
2927,TS_EE8t1J_ll_ad_4-16_7-15.xyz,60,28,32,r0_C9H13NO5.xyz,r1_C12F6H12O2.xyz,2.514698711893733,2.7505483880491908
2928,TS_ts_guess_F4xBJu_template_4-16_7-15.xyz,60,28,32,r0_C9H13NO5.xyz,r1_C12F6H12O2.xyz,2.50779927761374,2.595523646222473
2929,TS_ts_guess_BiQsL__template_15-31_16-17.xyz,65,28,37,r0_C12F3H11N2.xyz,r1_C19H16N2.xyz,1.8586728705181017,2.7479370737700672
2930,TS_ts_guess_pgMaYF_template_15-25_16-17.xyz,65,28,37,r0_C12F3H11N2.xyz,r1_C19H16N2.xyz,2.677251482603007,2.2438341826436288
2931,TS_ts_guess_lV6h8q_template_4-15_7-14.xyz,70,27,43,r0_C10H13N3O.xyz,r1_C15H21NO6.xyz,2.8568314264758405,2.2000629094187287
2932,TS_ts_guess_IFcvsx_template_4-15_7-14.xyz,70,27,43,r0_C10H13N3O.xyz,r1_C15H21NO6.xyz,2.4109086098606065,2.3061513961793576
2933,TS_ts_guess_Vh7D3w_template_24-30_25-26.xyz,67,50,17,r0_C23H24O3.xyz,r1_C5H6N2O4.xyz,2.398798273365228,1.8510495647875023
2934,TS_ts_guess_3BBxL__template_24-34_25-26.xyz,67,50,17,r0_C23H24O3.xyz,r1_C5H6N2O4.xyz,2.011549329994171,2.213211047030987
2936,TS_ts_guess_FVnqIv_template_4-29_10-21.xyz,60,36,24,r1_C14H15NO6.xyz,r0_C9F3H9O3.xyz,2.285940056803765,2.347763545014702
2938,TS_ts_guess_O1zCnu_template_4-9_10-21.xyz,56,36,20,r0_C11H17N3O5.xyz,r1_BrC8ClF2H8.xyz,2.1828896648708564,2.623190793003818
2939,TS_ts_guess_gWrIMN_template_4-18_6-17.xyz,68,28,40,r0_C12H11NO4.xyz,r1_C20FH19.xyz,2.211991737461961,2.975830143287753
2940,TS_ts_guess_5lPiik_template_4-18_6-17.xyz,68,28,40,r0_C12H11NO4.xyz,r1_C20FH19.xyz,2.4409681157688223,2.608895950761549
2941,TS_ts_guess_IX8rbQ_template_4-11_12-23.xyz,57,34,23,r1_C13H18N2O.xyz,r0_Br2C9ClH11.xyz,2.5988492215017014,2.3594321712225597
2942,TS_ts_guess_C5nOWk_template_4-11_12-23.xyz,57,34,23,r1_C13H18N2O.xyz,r0_Br2C9ClH11.xyz,2.6702453712908105,2.3146405997692168
2943,TS_ts_guess_8qgT-3_template_4-17_10-16.xyz,74,31,43,r1_C9H15N3O4.xyz,r0_C21H22.xyz,2.2825990894811103,2.4473785601128406
2944,TS_ts_guess_IafB2n_template_4-17_10-16.xyz,74,31,43,r1_C9H15N3O4.xyz,r0_C21H22.xyz,2.586935282336998,2.4768630358176846
2947,TS_djWvN1_ll_ad_4-8_9-27.xyz,64,26,38,r0_C9H12N2O3.xyz,r1_BrC16H19O2.xyz,2.4261441067875578,2.4865466134983287
2948,TS_eZL3gA_ll_ad_4-8_9-27.xyz,64,26,38,r0_C9H12N2O3.xyz,r1_BrC16H19O2.xyz,2.3981925946220417,2.4376515574216095
2951,TS_ts_guess_QbFlJQ_template_4-28_10-14.xyz,72,29,43,r1_C11H15NO2.xyz,r0_C22H19NO.xyz,1.9858536300795182,2.80023945149339
2952,TS_ts_guess_vbd8s7_template_4-25_10-14.xyz,72,29,43,r1_C11H15NO2.xyz,r0_C22H19NO.xyz,2.1449291209035324,2.389491629008145
2953,TS_dA_bGU_hl_ad_18-32_19-20.xyz,63,37,26,r0_BrC14H17O5.xyz,r1_C11H13NO.xyz,2.331022024263177,2.841775203970222
2954,TS_ts_guess_cdOPvz_template_18-23_19-20.xyz,63,37,26,r0_BrC14H17O5.xyz,r1_C11H13NO.xyz,2.862803552271793,2.2913639212704733
2955,TS_ts_guess_DR4e3A_template_4-16_8-15.xyz,62,29,33,r0_C12H12N2O3.xyz,r1_BrC12H17O3.xyz,2.3777685212400295,2.1920452925293317
2956,TS_ts_guess_Vf8E-e_template_4-16_8-15.xyz,62,29,33,r0_C12H12N2O3.xyz,r1_BrC12H17O3.xyz,2.3283908600361753,2.2873665876723828
2957,TS_ts_guess_LXslbI_template_4-20_8-19.xyz,51,31,20,r0_C13H12N2O4.xyz,r1_BrC8Cl2FH8.xyz,2.1899911469684077,2.502886463146101
2958,TS_ts_guess_MtAC_P_template_4-20_8-19.xyz,51,31,20,r0_C13H12N2O4.xyz,r1_BrC8Cl2FH8.xyz,2.479311724672797,2.3408327551322414
2959,TS_ts_guess_t_o2G-_template_19-29_20-21.xyz,61,38,23,r1_C14ClH17O6.xyz,r0_C10H8N2O3.xyz,2.5234580130447983,2.406144655855087
2961,TS_ts_guess_zvF4H0_template_20-28_21-22.xyz,65,36,29,r1_C13F6H14O3.xyz,r0_C12H15NO.xyz,2.5599974022838383,2.2147184527835586
2962,TS_ts_guess__NSBuO_template_20-32_21-22.xyz,65,36,29,r1_C13F6H14O3.xyz,r0_C12H15NO.xyz,2.346430814215497,2.6110805928963585
2963,TS_ts_guess_cw_eYn_template_27-31_28-29.xyz,73,55,18,r0_C28H26O.xyz,r1_C8H8N2.xyz,2.4651220572823576,2.2111921162124295
2964,TS_ts_guess_ySMy4u_template_27-38_28-29.xyz,73,55,18,r0_C28H26O.xyz,r1_C8H8N2.xyz,2.1459802712280465,2.4240158276917256
2967,TS_ts_guess_Np_76H_template_4-28_10-18.xyz,70,34,36,r1_C13H16N2O3.xyz,r0_C18H16O2.xyz,2.344218587184224,2.7904673877327433
2969,TS_ts_guess_RiaSVv_template_16-23_17-18.xyz,66,34,32,r0_C15Cl2H16O.xyz,r1_C16H14N2.xyz,2.95695729840659,2.554944109095149
2971,TS_ts_guess_6iXkNX_template_24-33_25-26.xyz,60,43,17,r1_C18F6H17NO.xyz,r0_C7H6N2O2.xyz,2.1765474533995346,2.643208786948167
2972,TS_mwWQIa_ll_ad_4-9_10-32.xyz,73,29,44,r0_C9H15NO4.xyz,r1_C21FH21O.xyz,2.211030940353391,2.298090750275106
2973,TS_o3Wcdl_ll_ad_4-9_10-32.xyz,73,29,44,r0_C9H15NO4.xyz,r1_C21FH21O.xyz,2.6547761730887967,2.1026609901978985
2974,TS_ts_guess_Zxdjx4_template_18-28_19-20.xyz,68,40,28,r1_C14H20O6.xyz,r0_C13H11NO3.xyz,2.5126043001833778,2.4696789794222243
2975,TS_ts_guess_03E7Oq_template_18-30_19-20.xyz,68,40,28,r1_C14H20O6.xyz,r0_C13H11NO3.xyz,2.4798536716104835,2.562042695526364
2976,TS_ts_guess_XPO8Oz_template_24-34_25-26.xyz,69,51,18,r0_C23H25NO2.xyz,r1_C7H6N2O3.xyz,2.168152448076473,2.603112876288695
2977,TS_ts_guess__7CsQP_template_24-31_25-26.xyz,69,51,18,r0_C23H25NO2.xyz,r1_C7H6N2O3.xyz,2.708260696609542,2.183256185173879
2978,TS_ts_guess_7KKH1p_template_3-8_5-7.xyz,74,14,60,r1_C5H7NO.xyz,r0_C32H28.xyz,2.3329812221276027,2.558336918019204
2979,TS_ts_guess_tvmbR8_template_12-20_13-14.xyz,54,27,27,r0_Br2C10H13NO.xyz,r1_C7H12N4O4.xyz,2.4636711129734827,2.2621575232065516
2980,TS_ts_guess_i3UR5j_template_12-24_13-14.xyz,54,27,27,r0_Br2C10H13NO.xyz,r1_C7H12N4O4.xyz,2.5026055972326127,2.3439107642997
2981,TS_ts_guess_aCt77w_template_4-15_10-14.xyz,56,23,33,r1_C8H9NO5.xyz,r0_BrC13F3H14O2.xyz,2.608518677429778,2.2039398077533785
2982,TS_ts_guess_q1JH8b_template_4-15_10-14.xyz,56,23,33,r1_C8H9NO5.xyz,r0_BrC13F3H14O2.xyz,2.9054778946156175,2.1048976036615183
2983,TS_ts_guess_oSkVi2_template_4-16_8-15.xyz,57,25,32,r1_C9H10N2O4.xyz,r0_C12F9H11.xyz,2.279898585705075,2.2952780088695137
2984,TS_ts_guess_m8gMCq_template_4-16_8-15.xyz,57,25,32,r1_C9H10N2O4.xyz,r0_C12F9H11.xyz,2.3529871023233424,2.2591117507108853
2985,TS_ts_guess_ItwWPb_template_4-35_12-25.xyz,68,44,24,r0_C22H19NO2.xyz,r1_C9F3H11O.xyz,2.4083684942508277,2.335094798482494
2986,TS_ts_guess_Fjas09_template_4-33_12-25.xyz,68,44,24,r0_C22H19NO2.xyz,r1_C9F3H11O.xyz,2.3983887526003786,2.339163453929631
2987,TS_ts_guess_030XJb_template_4-21_7-20.xyz,76,38,38,r0_C17H18N2O.xyz,r1_C16H20O2.xyz,2.3158963538768313,2.4929882887209858
2989,TS_ts_guess_DfYoQN_template_4-7_8-9.xyz,55,32,23,r0_C10H14N4O4.xyz,r1_C9Cl3F3H8.xyz,2.4928393666861086,2.3798150333796957
2990,TS_ts_guess_KOMD3F_template_4-7_8-22.xyz,55,32,23,r0_C10H14N4O4.xyz,r1_C9Cl3F3H8.xyz,2.4372473113330138,2.4555250793262124
2991,TS_ts_guess_sxlSgg_template_4-28_10-21.xyz,54,37,17,r1_C14H16N2O5.xyz,r0_Br2C7H8.xyz,2.3169058263554865,2.3512621457846845
2992,TS_ts_guess_gpIt93_template_4-6_7-8.xyz,64,31,33,r1_C13H14N2O2.xyz,r0_C13ClF3H14O2.xyz,2.2436798841412284,2.4759984044017473
2993,TS_ts_guess_mP4aXr_template_4-6_7-25.xyz,64,31,33,r1_C13H14N2O2.xyz,r0_C13ClF3H14O2.xyz,2.361920115795621,2.346107622147799
2994,TS_ts_guess_rNzOQt_template_4-8_9-18.xyz,63,43,20,r0_C19H20N2O2.xyz,r1_BrC8ClH10.xyz,2.5353383077411973,2.708265958671711
2995,TS_ts_guess_rWqIlI_template_4-8_9-18.xyz,63,43,20,r0_C19H20N2O2.xyz,r1_BrC8ClH10.xyz,2.4499980632033163,2.262846750909129
2996,TS_gkAfo1_ll_ad_4-22_8-21.xyz,69,35,34,r0_C17H14N2O2.xyz,r1_C13FH17O3.xyz,2.384865278144662,2.6587865451179016
2997,TS_ts_guess_x_FZ3k_template_4-22_8-21.xyz,69,35,34,r0_C17H14N2O2.xyz,r1_C13FH17O3.xyz,2.2709230184662785,2.4427078636013775
2999,TS_ts_guess_5uwIuH_template_4-9_10-29.xyz,72,33,39,r0_C10H16N2O5.xyz,r1_C17H19NO2.xyz,2.6315651668731292,2.47348652298734
3000,TS_ts_guess_R57hx2_template_4-17_6-16.xyz,60,25,35,r1_C11H9NO4.xyz,r0_BrC14H17O3.xyz,2.3232424899265256,2.126485868398847
3001,TS_ts_guess_AgXsg5_template_4-17_6-16.xyz,60,25,35,r1_C11H9NO4.xyz,r0_BrC14H17O3.xyz,2.3328036873041818,2.1277926619151617
3002,TS_ts_guess_zHJEix_template_4-22_10-21.xyz,73,37,36,r0_C14H16N2O5.xyz,r1_C13H20O3.xyz,2.6731079773739035,2.601229242819633
3003,TS_ts_guess_xDHOtG_template_4-22_10-21.xyz,73,37,36,r0_C14H16N2O5.xyz,r1_C13H20O3.xyz,2.6756804612658813,2.717598994425042
3004,TS_ts_guess_LIxktI_template_4-14_9-13.xyz,58,24,34,r1_C8H11NO4.xyz,r0_C13F9H11O.xyz,2.8047037888875184,2.131902154884225
3005,TS_ts_guess_QynFNp_template_4-14_9-13.xyz,58,24,34,r1_C8H11NO4.xyz,r0_C13F9H11O.xyz,2.493716343652582,2.4474758754480095
3006,TS_ts_guess_ynQwMB_template_21-33_22-23.xyz,72,44,28,r0_C22H21N.xyz,r1_C15H11NO.xyz,2.416308385637066,2.5974688532107537
3007,TS_ts_guess_q-silM_template_21-31_22-23.xyz,72,44,28,r0_C22H21N.xyz,r1_C15H11NO.xyz,2.6660750670601905,2.4756225564087915
3008,TS_schwB5_ll_ad_11-24_12-13.xyz,55,24,31,r1_Br2C9FH11O.xyz,r0_C16H13NO.xyz,2.7411333002428027,2.7531640500340693
3009,TS_ts_guess__bQKIq_template_11-21_12-13.xyz,55,24,31,r1_Br2C9FH11O.xyz,r0_C16H13NO.xyz,2.9048134376582606,2.404219444643105
3010,TS_ts_guess_2LX6ac_template_13-18_14-15.xyz,49,27,22,r0_Br3C10H12NO.xyz,r1_C7H11NO3.xyz,2.790480761893907,2.1557757804094564
3011,TS_ts_guess_jcJApa_template_13-25_14-15.xyz,49,27,22,r0_Br3C10H12NO.xyz,r1_C7H11NO3.xyz,2.2764741336110106,2.7677042877265627
3012,TS_ts_guess_hMqWOL_template_17-25_18-19.xyz,62,38,24,r0_BrC13H19N2O3.xyz,r1_C7H10N2O5.xyz,2.222774321563033,2.1561705564495584
3013,TS_ts_guess_ONsPD5_template_17-28_18-19.xyz,62,38,24,r0_BrC13H19N2O3.xyz,r1_C7H10N2O5.xyz,2.1102685238139713,2.6101005141756515
3014,TS_ts_guess_fpkN8j_template_4-24_10-23.xyz,73,41,32,r0_C18H18N2O3.xyz,r1_C12H17NO2.xyz,2.4290156035316035,2.57437366528249
3015,TS_ts_guess_7XaVvV_template_4-24_10-23.xyz,73,41,32,r0_C18H18N2O3.xyz,r1_C12H17NO2.xyz,2.5154884137677924,2.5327952051833966
3016,TS_ts_guess_9XYmuM_template_4-33_10-23.xyz,70,41,29,r0_C18H18N2O3.xyz,r1_C11H14O4.xyz,2.2944373770273185,2.2732980306374264
3017,TS_ts_guess_CGwxc3_template_21-33_22-23.xyz,57,37,20,r0_C14F6H14O3.xyz,r1_C11H5N3O.xyz,2.5757660862159044,2.552858371042154
3018,TS_ts_guess_Gji8Nm_template_21-29_22-23.xyz,57,37,20,r0_C14F6H14O3.xyz,r1_C11H5N3O.xyz,2.5227579090749077,2.403639987456524
3019,TS_ts_guess_uD0QZ__template_4-14_10-13.xyz,67,21,46,r1_C6H8N4O3.xyz,r0_C22F3H21.xyz,2.5312926993731883,2.6268830571991595
3020,TS_ts_guess_aJcuYo_template_4-14_10-13.xyz,67,21,46,r1_C6H8N4O3.xyz,r0_C22F3H21.xyz,2.435907689260822,2.476771578204174
3021,TS_r0Sp9L_ll_ad_17-31_18-19.xyz,73,38,35,r0_C14H19N3O2.xyz,r1_C14H16N2O3.xyz,2.399646941197809,2.1911607965642323
3022,TS_OQ-q6c_ll_ad_17-27_18-19.xyz,73,38,35,r0_C14H19N3O2.xyz,r1_C14H16N2O3.xyz,2.4907977585103134,2.449979881590867
3024,TS_ts_guess_XJjdYO_template_4-34_12-22.xyz,72,39,33,r0_C18H17NO3.xyz,r1_C15H16O2.xyz,2.373662346017226,2.754349604207861
3025,TS_hLMLcU_ll_ad_4-15_6-14.xyz,49,25,24,r0_C11H11NO2.xyz,r1_Br3C9H11O.xyz,2.4832688341579128,2.8918953126626143
3027,TS_ts_guess_DyVI-Z_template_17-29_18-19.xyz,64,38,26,r0_C13ClH19N2O3.xyz,r1_C9H9NO7.xyz,2.478699357929475,2.56887440971722
3028,TS_ts_guess_IwXzxQ_template_17-27_18-19.xyz,64,38,26,r0_C13ClH19N2O3.xyz,r1_C9H9NO7.xyz,2.4072983485642143,2.607960923748667
3031,TS_ts_guess_UrS5e-_template_4-6_7-19.xyz,47,26,21,r0_C9H12N2O3.xyz,r1_Br3C9H8N.xyz,2.2362550691949252,2.3573038853105044
3032,TS_ts_guess_otMTuU_template_4-6_7-19.xyz,47,26,21,r0_C9H12N2O3.xyz,r1_Br3C9H8N.xyz,2.4501084154175707,2.34056143185775
3033,TS_ts_guess_PPjbfi_template_4-21_9-20.xyz,71,35,36,r1_C14H15NO5.xyz,r0_C16ClH19.xyz,2.4968067134842458,2.111495010294837
3034,TS_ts_guess_QWZ-RJ_template_4-21_9-20.xyz,71,35,36,r1_C14H15NO5.xyz,r0_C16ClH19.xyz,2.1939596037757854,2.591512396458871
3036,TS_ts_guess_JuEtJh_template_4-5_6-7.xyz,61,28,33,r0_C9H14N2O3.xyz,r1_C12F9H11O.xyz,2.2589821872693023,2.7971113993725742
3037,TS_ts_guess_k2w2AB_template_4-14_6-13.xyz,47,22,25,r1_C8H9N3O2.xyz,r0_Br3C10H11O.xyz,2.3953869689467715,2.4674597483444387
3038,TS_ts_guess_9pu9so_template_4-14_6-13.xyz,47,22,25,r1_C8H9N3O2.xyz,r0_Br3C10H11O.xyz,2.341562037465589,2.4878094757034757
3039,TS_ts_guess_FEIDTF_template_4-16_8-15.xyz,69,21,48,r0_C8H6N2O5.xyz,r1_C22H24O2.xyz,2.562099955797978,2.7396039593342687
3040,TS__idlDQ_ll_ad_4-14_7-13.xyz,74,24,50,r1_C8H11N3O2.xyz,r0_C24H24O2.xyz,2.471109251125898,2.4574728875818748
3041,TS_sj5m4m_ll_ad_4-14_7-13.xyz,74,24,50,r1_C8H11N3O2.xyz,r0_C24H24O2.xyz,2.1411249138945627,2.5166304754174775
3042,TS_ts_guess_Yg1U02_template_21-31_22-23.xyz,67,44,23,r0_C18ClH21N2O2.xyz,r1_C8H9NO5.xyz,2.1305267784986888,2.4628545037415424
3043,TS_ts_guess_Y7IZQw_template_21-30_22-23.xyz,67,44,23,r0_C18ClH21N2O2.xyz,r1_C8H9NO5.xyz,2.399443285993649,2.2278372646358173
3045,TS_eQdUxo_hl_ad_15-29_16-17.xyz,69,35,34,r1_BrC12H18NO3.xyz,r0_C14H17NO2.xyz,2.1588131490474116,2.6074778335778817
3046,TS_ts_guess_1_AXPl_template_4-18_12-17.xyz,61,29,32,r1_C12H12N2O3.xyz,r0_C13F6H11NO.xyz,2.680424043840825,2.361055626134209
3047,TS_ts_guess_SiAOL3_template_4-18_12-17.xyz,61,29,32,r1_C12H12N2O3.xyz,r0_C13F6H11NO.xyz,2.972039370550128,2.1825672166052525
3048,TS_ts_guess_zYylC0_template_3-16_8-15.xyz,71,28,43,r0_C12H13NO2.xyz,r1_C21F3H19.xyz,2.554911150333804,2.2596872443991005
3049,TS_ts_guess_3u6C6m_template_3-16_8-15.xyz,71,28,43,r0_C12H13NO2.xyz,r1_C21F3H19.xyz,2.612705473450845,2.1674668944645954
3050,TS_ts_guess_0qJqL7_template_4-7_8-9.xyz,61,31,30,r0_C10H14N4O3.xyz,r1_C11Cl2F3H12NO.xyz,2.296259863430095,2.366078873938907
3051,TS_ts_guess_2zyyKL_template_4-7_8-25.xyz,61,31,30,r0_C10H14N4O3.xyz,r1_C11Cl2F3H12NO.xyz,2.3996186755607645,2.4137315505664674
3052,TS_ts_guess_LhX6D9_template_4-17_8-16.xyz,63,28,35,r0_C12H12N2O2.xyz,r1_C13ClF3H14O4.xyz,2.3513013806400918,2.359637917372069
3053,TS_ts_guess_vTtckh_template_4-17_8-16.xyz,63,28,35,r0_C12H12N2O2.xyz,r1_C13ClF3H14O4.xyz,2.2065519093146215,2.567651065039795
3054,TS_ts_guess_Nk-5CZ_template_12-25_13-14.xyz,58,27,31,r1_Br2C10H13NO.xyz,r0_C16H13NO.xyz,2.423981912308753,2.550073321004712
3055,TS_ts_guess_DdKvtu_template_12-22_13-14.xyz,58,27,31,r1_Br2C10H13NO.xyz,r0_C16H13NO.xyz,2.8703579473647536,2.4316515592699544
3056,TS_ts_guess_BqnIqD_template_4-8_9-10.xyz,60,35,25,r0_C14H17NO3.xyz,r1_BrC11F3H8N2.xyz,2.365720591574584,2.806005501509218
3057,TS_ts_guess_W0v_u8_template_4-8_9-25.xyz,60,35,25,r0_C14H17NO3.xyz,r1_BrC11F3H8N2.xyz,2.6903414418433953,2.5928717349880612
3058,TS_ts_guess_XOCWOm_template_17-28_18-19.xyz,59,35,24,r0_Br2C16H16O.xyz,r1_C10H11N3.xyz,2.308717779092975,2.235109197712721
3059,TS_ts_guess_CU7Hqs_template_17-25_18-19.xyz,59,35,24,r0_Br2C16H16O.xyz,r1_C10H11N3.xyz,2.0746071444974827,2.5673465859131683
3060,TS_ts_guess_DkdwnQ_template_4-13_8-12.xyz,55,24,31,r0_C8H10N2O4.xyz,r1_Br2C15H13N.xyz,2.4045577815889545,2.2134125244969596
3061,TS_ts_guess_M_MfXc_template_4-13_8-12.xyz,55,24,31,r0_C8H10N2O4.xyz,r1_Br2C15H13N.xyz,2.4006710042194452,2.2378150191648998
3062,TS_ts_guess_Ynhi33_template_4-7_8-9.xyz,56,25,31,r0_C8H11N3O3.xyz,r1_Br2C15H13N.xyz,2.3584815695061083,2.175921355219439
3063,TS_ts_guess_jrSyMg_template_4-7_8-9.xyz,56,25,31,r0_C8H11N3O3.xyz,r1_Br2C15H13N.xyz,2.5948305256027804,2.274860590981347
3064,TS_ts_guess_8aQjRc_template_15-29_16-17.xyz,71,29,42,r0_C14H12O3.xyz,r1_C19H19NO3.xyz,2.655871611919522,2.3693905943512146
3065,TS_ts_guess_WKgG6U_template_4-35_13-23.xyz,71,42,29,r1_C19H19NO3.xyz,r0_C14H12O3.xyz,2.2552026434447083,2.8062677152759323
3066,TS_ts_guess_C1Qaz1_template_15-30_16-17.xyz,71,29,42,r0_C14H12O3.xyz,r1_C19H19NO3.xyz,2.2504217432739138,2.688502207903129
3067,TS_ts_guess_iduJJe_template_4-33_13-23.xyz,71,42,29,r1_C19H19NO3.xyz,r0_C14H12O3.xyz,2.7594943213204846,2.304029048905417
3068,TS_ts_guess_bZZoP9_template_4-28_6-17.xyz,61,29,32,r0_C12H12O5.xyz,r1_C16F6H10.xyz,2.322683360167718,2.792881785128042
3069,TS_4glYWe_ll_ad_4-33_10-21.xyz,71,38,33,r1_C14H17N3O4.xyz,r0_C18H14O.xyz,2.647734706291399,2.5087956790858836
3070,TS_ts_guess_eVHGLk_template_4-39_10-21.xyz,71,38,33,r1_C14H17N3O4.xyz,r0_C18H14O.xyz,2.6890510705637407,2.5264239087690723
3071,TS_ts_guess_WbVK6b_template_4-14_6-13.xyz,52,23,29,r1_C9H10N2O2.xyz,r0_Br2C11F3H11O2.xyz,2.50228272145655,2.3204408516271213
3072,TS_ts_guess_4zkKI0_template_4-14_6-13.xyz,52,23,29,r1_C9H10N2O2.xyz,r0_Br2C11F3H11O2.xyz,2.158049235258547,2.162210598831668
3073,TS_ts_guess_7S4Tha_template_4-29_7-20.xyz,59,37,22,r1_C17H17NO2.xyz,r0_C7F9H4NO.xyz,2.4319346332292735,2.7011582601913573
3075,TS_ts_guess_0x0P-I_template_24-32_25-26.xyz,70,45,25,r1_C19F3H19O4.xyz,r0_C11H12N2.xyz,2.4027115674795425,2.607222661185653
3078,TS_ts_guess_hsQeE3_template_4-17_12-16.xyz,65,29,36,r0_C12H13NO3.xyz,r1_C13F6H14O3.xyz,2.774760152607789,2.405702613084169
3079,TS_ZERNrB_ll_ad_4-6_7-29.xyz,77,33,44,r0_C10H17N3O3.xyz,r1_C21FH21O.xyz,2.3746067914709585,2.280906702191039
3080,TS_ts_guess_MKgsRL_template_4-6_7-29.xyz,77,33,44,r0_C10H17N3O3.xyz,r1_C21FH21O.xyz,2.3652643969755265,2.708610028870897
3081,TS_ts_guess_Yl3S7V_template_4-19_12-18.xyz,64,33,31,r1_C13H15NO4.xyz,r0_C12F7H11O.xyz,2.7526312673331312,2.5524243872444092
3082,TS_ts_guess_A6ZCWK_template_4-19_12-18.xyz,64,33,31,r1_C13H15NO4.xyz,r0_C12F7H11O.xyz,2.7194256257710014,2.6978911087366
3083,TS_ts_guess_clNVsr_template_21-32_22-23.xyz,71,43,28,r1_C16H20O7.xyz,r0_C12H12N2O2.xyz,2.473983614214128,2.3199693403362027
3084,TS_ts_guess_COWhbw_template_21-32_22-23.xyz,71,43,28,r1_C16H20O7.xyz,r0_C12H12N2O2.xyz,2.6518444815825832,2.2312078448454775
3086,TS_ts_guess_pvB2Qh_template_2-24_10-23.xyz,68,38,30,r1_C21H15NO.xyz,r0_C14Cl2H14.xyz,2.519506119262265,2.584775345092878
3087,TS_ts_guess_OguuPM_template_2-24_10-23.xyz,68,38,30,r1_C21H15NO.xyz,r0_C14Cl2H14.xyz,2.556189258838242,2.841281591306994
3088,TS_ts_guess_6jPXX6_template_4-21_9-20.xyz,73,36,37,r0_C14H16N2O4.xyz,r1_C14H18O5.xyz,2.674895161796067,2.4718958369235535
3089,TS_ts_guess_eqX6MR_template_4-21_9-20.xyz,73,36,37,r0_C14H16N2O4.xyz,r1_C14H18O5.xyz,2.610545522568032,2.5530270337973318
3091,TS_ts_guess_HO-pw__template_17-31_18-19.xyz,73,36,37,r0_C14FH17O4.xyz,r1_C15H17NO4.xyz,2.5925576587416526,2.3573534543211805
3092,TS_ts_guess_FaxUfZ_template_4-16_6-15.xyz,67,27,40,r0_C8H12N2O5.xyz,r1_C15F3H17O5.xyz,2.4067381659623885,2.81107461690365
3093,TS_ts_guess_t26gRC_template_4-16_6-15.xyz,67,27,40,r0_C8H12N2O5.xyz,r1_C15F3H17O5.xyz,2.344637429390737,2.8096736015060544
3094,TS_ts_guess_r-8vxg_template_19-28_20-21.xyz,69,39,30,r1_C14ClH18NO5.xyz,r0_C9H14N2O5.xyz,2.3553757840947593,2.265460154538148
3095,TS_ts_guess_mdzYLF_template_19-31_20-21.xyz,69,39,30,r1_C14ClH18NO5.xyz,r0_C9H14N2O5.xyz,2.210019239418515,2.4377273520432943
3096,TS_ts_guess_ceagYX_template_4-18_10-17.xyz,55,29,26,r0_C12H12N2O3.xyz,r1_BrC10F7H8.xyz,2.6772317210506826,2.393064372640235
3097,TS_ts_guess_JSRIiJ_template_4-18_10-17.xyz,55,29,26,r0_C12H12N2O3.xyz,r1_BrC10F7H8.xyz,2.486927110491982,2.4166268856817767
3098,TS_ts_guess_2ImtSz_template_4-11_12-35.xyz,80,34,46,r0_C13H18N2O.xyz,r1_C22H22O2.xyz,2.7127724108372973,2.2864765636236033
3099,TS_ts_guess_v0TrWL_template_4-11_12-35.xyz,80,34,46,r0_C13H18N2O.xyz,r1_C22H22O2.xyz,2.416436402494385,2.326660209055031
3100,TS_ts_guess_CScnsu_template_4-16_8-15.xyz,67,28,39,r1_C12H11NO4.xyz,r0_C15F3H17O4.xyz,2.2118417575631413,2.207289032365268
3101,TS_ts_guess_Brcrw5_template_4-16_8-15.xyz,67,28,39,r1_C12H11NO4.xyz,r0_C15F3H17O4.xyz,2.368468581087789,2.081014620948158
3102,TS_ts_guess_xIH2XS_template_4-30_9-17.xyz,56,30,26,r1_C10H13N3O4.xyz,r0_Br2C14H10.xyz,2.3189753694897237,2.458109270842124
3103,TS_nnQ55M_ll_ad_4-20_9-17.xyz,56,30,26,r1_C10H13N3O4.xyz,r0_Br2C14H10.xyz,2.611408462343645,2.2032966638199225
3104,TS_ts_guess_0QjmVU_template_3-17_6-16.xyz,52,31,21,r0_C13H15NO2.xyz,r1_Br3C9H8N.xyz,2.608355481620555,2.540373808241614
3105,TS_ts_guess_9CDHjp_template_3-17_6-16.xyz,52,31,21,r0_C13H15NO2.xyz,r1_Br3C9H8N.xyz,2.2933422724268615,2.3279300561872556
3106,TS_ts_guess_M4eolX_template_23-33_24-25.xyz,75,50,25,r0_C23H25NO.xyz,r1_C8H10N2O5.xyz,2.0967298207208294,2.4257434369281503
3108,TS_ts_guess_rHdzkE_template_3-14_6-13.xyz,63,24,39,r0_C10H11NO2.xyz,r1_C17F9H13.xyz,2.8233696245089837,2.176797631590957
3109,TS_ts_guess_Po4-Q2_template_3-14_6-13.xyz,63,24,39,r0_C10H11NO2.xyz,r1_C17F9H13.xyz,2.365982556085316,2.508964433087882
3110,TS_YXVh3Q_hl_ad_15-27_16-17.xyz,69,32,37,r0_C12Cl2H15NO2.xyz,r1_C15H17NO4.xyz,2.3403233916277455,2.600892994204107
3111,TS_ts_guess_qFStYd_template_15-29_16-17.xyz,69,32,37,r0_C12Cl2H15NO2.xyz,r1_C15H17NO4.xyz,2.319770479293157,2.696762704911206
3112,TS_ts_guess_0pbma9_template_4-25_8-17.xyz,55,29,26,r1_C9H12N4O4.xyz,r0_Br2C14H10.xyz,2.3948938835363873,2.411306842233066
3113,TS_ts_guess_DbU7n8_template_19-29_20-21.xyz,59,38,21,r1_BrC14H17O6.xyz,r0_C8H6N2O5.xyz,2.5731935878203935,2.4685999562910146
3114,TS_ts_guess_l7PU7v_template_3-15_11-14.xyz,61,22,39,r0_C11H8N2O.xyz,r1_C17F9H13.xyz,2.8002197113976606,2.169590144197747
3115,TS_ts_guess_-Fs84U_template_3-15_11-14.xyz,61,22,39,r0_C11H8N2O.xyz,r1_C17F9H13.xyz,2.6981971044013817,2.2178949801557333
3117,TS_ts_guess_mn_6bj_template_4-16_10-15.xyz,64,23,41,r0_C8H8N4O3.xyz,r1_BrC21H18N.xyz,2.412588853721245,2.2608261500831945
3118,TS_ts_guess_xh2XSr_template_4-16_10-15.xyz,64,23,41,r0_C8H8N4O3.xyz,r1_BrC21H18N.xyz,2.3175355705576557,2.3552780652186276
3119,TS_ts_guess_UdX0vW_template_4-5_6-23.xyz,60,29,31,r0_C9H14N2O4.xyz,r1_Br2C15H13N.xyz,2.1757766691000255,2.830627287528331
3120,TS_O2_8jt_ll_ad_4-5_6-23.xyz,60,29,31,r0_C9H14N2O4.xyz,r1_Br2C15H13N.xyz,2.0938194646864856,2.7744869423372673
3121,TS_Ehu79a_ll_ad_4-16_6-15.xyz,67,27,40,r0_C8H12N4O3.xyz,r1_BrC20FH18.xyz,2.454886595873626,2.6282832111665604
3124,TS_ts_guess_dPMre2_template_21-29_22-23.xyz,74,43,31,r1_C16H20O7.xyz,r0_C12H14N2O3.xyz,2.751817211008027,2.2596268594172804
3125,TS_ts_guess_M9KcI__template_3-5_6-7.xyz,77,29,48,r1_C12H15NO.xyz,r0_C23F3H21O.xyz,2.385317807945095,2.355186457395675
3126,TS_ts_guess_Q_vlt3_template_3-5_6-7.xyz,77,29,48,r1_C12H15NO.xyz,r0_C23F3H21O.xyz,2.5459950603447763,2.206415256745657
3127,TS_ts_guess_ACaIOr_template_13-25_14-15.xyz,51,27,24,r0_Br3C10H12NO.xyz,r1_C8H10N2O4.xyz,2.1880644436807617,2.665315900301501
3128,TS_WXv3pD_ll_ad_13-20_14-15.xyz,51,27,24,r0_Br3C10H12NO.xyz,r1_C8H10N2O4.xyz,2.816463972661465,2.1371901012544483
3130,TS_ts_guess_Z73qDs_template_3-20_6-19.xyz,77,35,42,r0_C17H16O2.xyz,r1_C22H18N2.xyz,2.311267096421355,2.8451685264321336
3131,TS_ts_guess_PpjrCj_template_4-18_10-17.xyz,67,30,37,r0_C12H13N3O2.xyz,r1_C14F6H14O3.xyz,2.6179247856651653,2.4354681355747605
3132,TS_ve6pzf_ll_ad_4-18_10-17.xyz,67,30,37,r0_C12H13N3O2.xyz,r1_C14F6H14O3.xyz,2.712402379607421,2.1836396172216697
3133,TS_ts_guess_BNIryu_template_28-36_29-30.xyz,77,56,21,r1_C28H26O2.xyz,r0_C8H9NO3.xyz,2.8980956527692454,2.5093970414025755
3134,TS_ts_guess_rmUO0U_template_28-37_29-30.xyz,77,56,21,r1_C28H26O2.xyz,r0_C8H9NO3.xyz,2.5730418742220267,2.63461293020436
3135,TS_ts_guess_fSgnLT_template_18-30_19-20.xyz,62,37,25,r0_Br2C16H17NO.xyz,r1_C8H12O5.xyz,2.515246752447958,2.7228680763856334
3136,TS_ts_guess_0rOaev_template_18-24_19-20.xyz,62,37,25,r0_Br2C16H17NO.xyz,r1_C8H12O5.xyz,2.5491336334135175,2.3553993881505533
3137,TS_ts_guess_Xd_WSf_template_22-36_23-24.xyz,75,46,29,r0_C22H22O2.xyz,r1_C13H11NO4.xyz,2.6615425744857073,2.5230594058999083
3138,TS_ts_guess_EFu4fB_template_22-31_23-24.xyz,75,46,29,r0_C22H22O2.xyz,r1_C13H11NO4.xyz,2.4932741902566646,2.5427917813497825
3139,TS_ts_guess_e3TA63_template_4-22_8-21.xyz,64,34,30,r1_C17H13NO3.xyz,r0_BrC12ClH14O2.xyz,2.4270629579184795,2.580615508866053
3140,TS_ts_guess_suU2cX_template_4-22_8-21.xyz,64,34,30,r1_C17H13NO3.xyz,r0_BrC12ClH14O2.xyz,2.5893714164059203,2.636626065410111
3141,TS_ts_guess_AyFnVl_template_4-20_12-19.xyz,62,32,30,r0_C16H13NO2.xyz,r1_C12F9H8N.xyz,2.8573566837901074,2.1654916819281484
3142,TS_ts_guess_qoVjs6_template_4-20_12-19.xyz,62,32,30,r0_C16H13NO2.xyz,r1_C12F9H8N.xyz,2.6774713830216745,2.282323804217973
3143,TS_ts_guess_ZDrUAQ_template_4-18_10-17.xyz,60,30,30,r0_C12H13NO4.xyz,r1_Br2C14FH13.xyz,2.465956173454832,2.1585305033749234
3144,TS_ts_guess_X4GVD6_template_4-18_10-17.xyz,60,30,30,r0_C12H13NO4.xyz,r1_Br2C14FH13.xyz,2.4630306601420946,2.2994205767758107
3145,TS_ts_guess_3N5eXA_template_4-19_9-18.xyz,63,34,29,r0_C10H16N4O4.xyz,r1_C11F10H8.xyz,2.4321061056623328,2.5086579900217574
3146,TS_ts_guess_u_DP-l_template_4-19_10-18.xyz,63,34,29,r0_C10H16N4O4.xyz,r1_C11F10H8.xyz,2.3866662605819022,2.4171669482267872
3147,TS_YVZf9p_ll_ad_2-10_11-22.xyz,55,35,20,r0_C17H16N2.xyz,r1_Br3C8FH8.xyz,2.635081391722085,2.5711724862015775
3148,TS_ts_guess_2dMNyV_template_2-10_11-22.xyz,55,35,20,r0_C17H16N2.xyz,r1_Br3C8FH8.xyz,3.044573586464942,2.402101036405422
3149,TS_ts_guess_UGydpK_template_4-21_10-20.xyz,70,35,35,r0_C14H15NO5.xyz,r1_C17F3H13N2.xyz,2.226667655690897,2.3282262974204198
3150,TS_ts_guess_bmmkRv_template_4-21_10-20.xyz,70,35,35,r0_C14H15NO5.xyz,r1_C17F3H13N2.xyz,2.6839369140126976,2.243651272212328
3151,TS_ts_guess_N-XxuV_template_4-9_10-11.xyz,66,30,36,r0_C8H14N4O4.xyz,r1_C16ClF6H13.xyz,2.3880994839202137,2.1660832817322606
3152,TS_ts_guess_lgDMO5_template_4-9_10-11.xyz,66,30,36,r0_C8H14N4O4.xyz,r1_C16ClF6H13.xyz,2.5505603065601097,2.221268862137135
3153,TS_ts_guess_wESu6__template_4-5_6-31.xyz,76,29,47,r1_C9H13NO6.xyz,r0_C23H21NO2.xyz,2.33962324172077,2.5459868482574683
3154,TS_ts_guess_-O4the_template_4-5_6-31.xyz,76,29,47,r1_C9H13NO6.xyz,r0_C23H21NO2.xyz,2.3300662472556444,2.5378267098838725
3156,TS_ts_guess_0Z3idQ_template_21-26_22-23.xyz,71,42,29,r1_BrC18H19O4.xyz,r0_C15H13N.xyz,2.9429770132639503,2.3464771913871223
3157,TS_ts_guess_wSuQUf_template_16-30_17-18.xyz,60,32,28,r0_Br2C12H14O4.xyz,r1_C12H12O4.xyz,2.5396232483185375,2.6124635073623517
3158,TS_ts_guess_QrS6Mn_template_16-23_17-18.xyz,60,32,28,r0_Br2C12H14O4.xyz,r1_C12H12O4.xyz,2.825079197509337,2.549461383782857
3159,TS_ts_guess_GSpi2Z_template_21-30_22-23.xyz,66,42,24,r1_BrC18H19O4.xyz,r0_C9H9NO5.xyz,2.4734412310988905,2.759181010571797
3160,TS_ts_guess_thAqrX_template_21-32_22-23.xyz,66,42,24,r1_BrC18H19O4.xyz,r0_C9H9NO5.xyz,2.6084458137366013,2.4873645512268614
3161,TS_vQ1eU0_hl_ad_4-9_10-11.xyz,69,34,35,r0_C11H15NO7.xyz,r1_C13F6H14O2.xyz,2.4780538432406995,2.562524090072131
3162,TS_ts_guess_HTzUlB_template_4-8_9-10.xyz,69,34,35,r0_C11H15NO7.xyz,r1_C13F6H14O2.xyz,2.3442403506679934,2.4420417571777926
3163,TS_ts_guess_YOkqBl_template_17-27_18-19.xyz,74,37,37,r0_BrC14H18NO3.xyz,r1_C14H18N2O3.xyz,2.6527649816370857,2.4414630135637942
3166,TS_ts_guess_J2xgrG_template_23-35_24-25.xyz,81,47,34,r0_C22FH22NO.xyz,r1_C13H16N2O3.xyz,2.5616513865863952,2.384271064874965
3167,TS_ts_guess_-mXM6K_template_4-20_10-19.xyz,67,34,33,r0_C10H15N3O6.xyz,r1_C13F6H11NO2.xyz,2.4273311164527986,2.7856152149929105
3168,TS_ts_guess_o8qDxW_template_4-20_10-19.xyz,67,34,33,r0_C10H15N3O6.xyz,r1_C13F6H11NO2.xyz,2.4700096463171977,2.7243551921326223
3169,TS_ts_guess_EQkrVE_template_4-9_10-21.xyz,56,36,20,r0_C14H17NO4.xyz,r1_Br3C8FH8.xyz,2.126262394367168,2.5391302788356485
3170,TS_I0nxFM_ll_ad_4-9_10-21.xyz,56,36,20,r0_C14H17NO4.xyz,r1_Br3C8FH8.xyz,2.245070113604473,2.4175326653842752
3171,TS_ts_guess_-ml5m3_template_4-20_8-19.xyz,52,32,20,r0_C13H13N3O3.xyz,r1_Br3C8ClH8.xyz,2.5552374908606836,2.5923720405451065
3172,TS_ts_guess_4ugP_f_template_4-20_8-19.xyz,52,32,20,r0_C13H13N3O3.xyz,r1_Br3C8ClH8.xyz,2.5201896097516157,2.6266610472042258
3173,TS_ts_guess_M4OQsD_template_4-32_11-21.xyz,72,40,32,r0_C15H19N3O3.xyz,r1_C16F6H10.xyz,2.4284935860940626,2.3866558661650408
3174,TS_kYloxl_ll_ad_18-30_19-20.xyz,79,37,42,r0_C14FH17O5.xyz,r1_C19H19NO3.xyz,2.68828400826624,2.2730793387825243
3175,TS_ts_guess_bs5Aw8_template_18-35_19-20.xyz,79,37,42,r0_C14FH17O5.xyz,r1_C19H19NO3.xyz,2.4437319110327955,2.689564134966854
3176,TS_ts_guess_cOQJ-u_template_19-31_20-21.xyz,73,41,32,r0_BrC14H20N3O3.xyz,r1_C13H14O5.xyz,2.526625123559092,2.485176599680594
3177,TS_MXYyu-_hl_ad_19-30_20-21.xyz,73,41,32,r0_BrC14H20N3O3.xyz,r1_C13H14O5.xyz,2.430342527073089,2.4730269025224914
3178,TS_ts_guess_iCCUcU_template_4-17_7-16.xyz,74,32,42,r0_C9H16N4O3.xyz,r1_BrC18H19O4.xyz,2.516627347562607,2.4352804776452346
3179,TS_ts_guess_MQLxc__template_4-17_7-16.xyz,74,32,42,r0_C9H16N4O3.xyz,r1_BrC18H19O4.xyz,2.4279132194952937,2.526560504777196
3180,TS_ts_guess_TbfdUO_template_4-16_7-15.xyz,84,29,55,r1_C9H14N2O4.xyz,r0_C28H26O.xyz,2.453749422190459,2.7611520775393745
3181,TS_Hou6zw_hl_ad_4-16_7-15.xyz,84,29,55,r1_C9H14N2O4.xyz,r0_C28H26O.xyz,2.439780449835601,2.680514971064328
3182,TS_ts_guess_B9Igyr_template_4-26_12-25.xyz,83,44,39,r0_C22H19NO2.xyz,r1_C14H20O5.xyz,2.6719640977378396,2.8261195225609272
3184,TS_ts_guess__vQEAN_template_4-7_8-9.xyz,62,29,33,r0_C10H13N3O3.xyz,r1_Br2C15F3H13.xyz,2.3430766345981944,2.3532718497232743
3185,TS_ts_guess_U-IlPR_template_4-7_8-27.xyz,62,29,33,r0_C10H13N3O3.xyz,r1_Br2C15F3H13.xyz,2.423414246925192,2.325107407949147
3186,TS_ts_guess_DGBNog_template_4-11_12-29.xyz,83,48,35,r0_C23H22N2O.xyz,r1_C13F3H17O2.xyz,2.44043526646375,2.581772061375675
3187,TS_ts_guess_6liDIV_template_4-11_12-13.xyz,83,48,35,r0_C23H22N2O.xyz,r1_C13F3H17O2.xyz,2.3399101674423317,2.4731910038652494
3188,TS_ts_guess_rRa1Um_template_4-22_8-21.xyz,72,35,37,r0_C17H14N2O2.xyz,r1_C17F6H13N.xyz,2.5581061097616726,2.6111927331585467
3189,TS_ts_guess_b9pW6Z_template_4-22_8-21.xyz,72,35,37,r0_C17H14N2O2.xyz,r1_C17F6H13N.xyz,2.2719199039798923,2.5489584459735717
3190,TS_ts_guess_l6jfxI_template_4-20_12-19.xyz,58,32,26,r0_C16H13NO2.xyz,r1_Br2C10F6H8.xyz,2.7710633079018603,2.280613218303358
3191,TS_ts_guess_KQvdC4_template_4-20_12-19.xyz,58,32,26,r0_C16H13NO2.xyz,r1_Br2C10F6H8.xyz,2.6974046485649867,2.2576517214574974
3192,TS_jOZvH0_ll_ad_4-11_12-34.xyz,77,33,44,r0_C14H14N2O3.xyz,r1_BrC21H21O.xyz,2.171757470483295,2.522104359498235
3193,TS_ts_guess_FytbJA_template_4-11_12-34.xyz,77,33,44,r0_C14H14N2O3.xyz,r1_BrC21H21O.xyz,2.473787368146262,2.4009918836597532
3194,TS_ts_guess_6rIufj_template_22-34_23-24.xyz,81,44,37,r0_C15F3H20N3O3.xyz,r1_C15H17NO4.xyz,2.252575226046846,2.368665404864098
3195,TS_ts_guess_lIlJlr_template_22-36_23-24.xyz,81,44,37,r0_C15F3H20N3O3.xyz,r1_C15H17NO4.xyz,2.420792008310505,2.5370295674075227
3196,TS_NUK3mR_hl_ad_4-18_10-17.xyz,59,29,30,r1_C9H12N4O4.xyz,r0_Br3C14H13.xyz,2.296332312906823,2.381308569463437
3197,TS_ts_guess_JFPCpn_template_4-18_10-17.xyz,59,29,30,r1_C9H12N4O4.xyz,r0_Br3C14H13.xyz,2.550590923472441,2.326306116099084
3199,TS_ts_guess_9AhKS1_template_4-17_12-16.xyz,78,28,50,r1_C12H12O4.xyz,r0_BrC26H23.xyz,2.5155507913377533,2.4666060761499793
3200,TS_ts_guess_U92Gx1_template_4-26_12-25.xyz,82,44,38,r1_C22H19NO2.xyz,r0_C15F3H17O3.xyz,2.6413136191864828,2.510271737103376
3201,TS_ts_guess_zfSer7_template_4-26_12-25.xyz,82,44,38,r1_C22H19NO2.xyz,r0_C15F3H17O3.xyz,2.331685674034989,2.73987927427469
3202,TS_ts_guess_DLQ6kN_template_4-9_10-26.xyz,70,39,31,r0_C15H18N2O4.xyz,r1_Br2C12H14O3.xyz,2.363084226217932,2.388932548105953
3203,TS_ts_guess_qzF0sp_template_4-9_10-26.xyz,70,39,31,r0_C15H18N2O4.xyz,r1_Br2C12H14O3.xyz,2.510209316172658,2.476186245277201
3204,TS_ts_guess_qH_KOo_template_4-26_12-25.xyz,77,45,32,r0_C22H20N2O.xyz,r1_BrC12FH14O4.xyz,2.6107879205519553,2.7270456074110676
3205,TS_ts_guess_n35DHd_template_4-26_12-25.xyz,77,45,32,r0_C22H20N2O.xyz,r1_BrC12FH14O4.xyz,2.6015399990582493,2.7533067690687862
3207,TS_ts_guess_t3pTaK_template_4-24_10-23.xyz,86,40,46,r0_C18H17NO4.xyz,r1_C22ClH21O2.xyz,2.352397185978592,2.6265239116939325
3208,TS_ts_guess_ThrHJH_template_4-24_10-23.xyz,86,40,46,r0_C18H17NO4.xyz,r1_C22ClH21O2.xyz,2.632591694775321,2.6934472669239318
3209,TS_ts_guess_gswawe_template_4-8_9-34.xyz,89,42,47,r0_C19H19NO3.xyz,r1_C22F3H21O.xyz,2.3313963605101558,2.3941240217039716
3210,TS_ts_guess_ocCtnj_template_4-8_9-10.xyz,89,42,47,r0_C19H19NO3.xyz,r1_C22F3H21O.xyz,2.2755228266488547,2.457669751024333
3211,TS_ts_guess_Uz4-Kc_template_4-5_6-37.xyz,94,34,60,r1_C13H16N2O3.xyz,r0_C32H28.xyz,2.14165662667945,2.501792798954382
3212,TS_ts_guess_CWFKfL_template_4-11_12-37.xyz,91,44,47,r0_C19H20N2O3.xyz,r1_C23H21NO2.xyz,2.7930569932960543,2.324563213100474
3214,TS_ts_guess_GfxlpV_template_23-36_24-25.xyz,86,47,39,r0_BrC22H22NO.xyz,r1_C18H17N3O.xyz,2.5468333145889233,2.310080726966051
3215,TS_ts_guess_0unjFC_template_23-38_24-25.xyz,86,47,39,r0_BrC22H22NO.xyz,r1_C18H17N3O.xyz,2.5655264626388092,2.321238459615901
3216,TS_ts_guess_UBF07G_template_1-5_3-4.xyz,15,9,6,r1_C3H5N.xyz,r0_C2H4.xyz,2.437501649353288,2.5361606536850148
3217,TS__n3Jtl_ll_ad_1-2_3-4.xyz,14,8,6,r0_C2H4N2.xyz,r1_C2H4.xyz,2.4537229482156295,2.2936771215888254
3218,TS_ts_guess_Uwa1rP_template_1-2_3-4.xyz,15,9,6,r1_CH5N3.xyz,r0_C2H4.xyz,2.0491346724166277,2.1692549492855835
3220,TS_ts_guess_f9Lbj6_template_1-4_5-6.xyz,15,9,6,r1_C3H3NO2.xyz,r0_C2H4.xyz,2.367925591504091,2.413285414326287
3221,TS_ts_guess_BS-4W2_template_3-4_5-6.xyz,15,9,6,r1_C2H3N3O.xyz,r0_C2H4.xyz,2.21330612826152,2.1708438839538875
3222,TS_ts_guess_x5IrU4_template_1-2_4-6.xyz,20,12,8,r1_C4H8.xyz,r0_C2H4N2.xyz,2.279308477894118,2.476766233418083
3223,TS_ts_guess_q2I20l_template_1-2_4-6.xyz,19,12,7,r0_C4H8.xyz,r1_CH3N3.xyz,2.177622500388899,2.1980029081645913
3224,TS_ts_guess_8k6FRf_template_4-5_6-7.xyz,18,12,6,r1_C2H5N3O2.xyz,r0_C2H4.xyz,2.5599202964545595,2.2790781651580097
3225,TS_ts_guess_YerTc5_template_1-7_3-5.xyz,24,12,12,r1_C4H7N.xyz,r0_C4H8.xyz,2.42239440283782,2.489341048169174
3226,TS_ts_guess_hThr_b_template_1-9_3-8.xyz,17,11,6,r1_C5H3N3.xyz,r0_C2H4.xyz,2.2052890651567654,2.6492643034246317
3227,TS_ts_guess_pU1X6T_template_4-5_6-7.xyz,19,13,6,r1_C3H6N2O2.xyz,r0_C2H4.xyz,2.125940898472956,2.1431538736404345
3228,TS_ts_guess_nna31l_template_3-4_5-6.xyz,17,11,6,r1_C4H3N3O.xyz,r0_C2H4.xyz,2.612248741065827,2.3684226334630396
3229,TS_ts_guess_y7iaTh_template_1-2_5-7.xyz,24,12,12,r0_C4H8.xyz,r1_C2H7N3.xyz,2.0747342022533872,2.1390625401095686
3232,TS_ts_guess_gfrjmY_template_1-8_3-6.xyz,21,9,12,r1_C3H3N3.xyz,r0_C4H8.xyz,2.25227543739659,2.601058074418947
3233,TS_ts_guess_2JWg3L_template_1-8_3-6.xyz,22,10,12,r1_C4H4N2.xyz,r0_C4H8.xyz,2.28327445965219,2.60918443497197
3234,TS_ts_guess_92kyis_template_1-8_3-6.xyz,22,10,12,r1_C4H4N2.xyz,r0_C4H8.xyz,2.278355285968367,2.6017122550543514
3235,TS_ts_guess_kV_Ntk_template_1-8_3-6.xyz,22,10,12,r1_C3H4N2O.xyz,r0_C4H8.xyz,2.257233192317533,2.7480217045904136
3237,TS_ts_guess_npcZXU_template_3-8_5-6.xyz,23,11,12,r1_C2H5N3O.xyz,r0_C4H8.xyz,2.2349006461138266,2.10692150639268
3238,TS_ts_guess_XMYk61_template_3-8_5-6.xyz,23,11,12,r1_C2H5N3O.xyz,r0_C4H8.xyz,2.2979585313490754,2.0011486479019993
3239,TS_ts_guess_p3msAK_template_3-4_5-6.xyz,25,19,6,r1_C6H11NO.xyz,r0_C2H4.xyz,2.455171443484141,2.1906917288838246
3242,TS_ts_guess_W-exnK_template_1-2_3-4.xyz,18,12,6,r1_C5H3NO3.xyz,r0_C2H4.xyz,2.5564053779868328,2.3460333824777515
3243,TS_ts_guess_0-Zuwj_template_2-5_6-7.xyz,29,23,6,r1_C7H15N.xyz,r0_C2H4.xyz,2.580307777669168,2.655658632994836
3244,TS_ts_guess_sI3LT8_template_1-2_3-4.xyz,21,15,6,r1_C5H6N4.xyz,r0_C2H4.xyz,2.014814444185866,2.3355731923662764
3248,TS__-aEe9_hl_ad_4-5_6-7.xyz,19,13,6,r1_C3H4N4O2.xyz,r0_C2H4.xyz,2.4759447159821644,2.850036718605569
3250,TS_ts_guess_E3CUkU_template_3-4_5-6.xyz,23,17,6,r1_C6H8N2O.xyz,r0_C2H4.xyz,2.3141275222640605,2.260997222200859
3253,TS_ts_guess_cFtU9o_template_3-9_5-7.xyz,25,13,12,r1_C4H6N2O.xyz,r0_C4H8.xyz,2.2385899893459724,2.7760677774326767
3254,TS_bCwUpe_ll_ad_4-9_6-7.xyz,25,13,12,r0_C4H6N2O.xyz,r1_C4H8.xyz,2.563565790866308,2.321303000751948
3255,TS_xZvxus_ll_ad_1-8_3-5.xyz,26,12,14,r0_C4H7N.xyz,r1_C5H8O.xyz,2.7055432185976995,2.3427005733768027
3257,TS_ts_guess_CxCIY__template_4-9_6-7.xyz,23,11,12,r1_C2H4N4O.xyz,r0_C4H8.xyz,2.2742098448911876,2.123180738867984
3258,TS_ts_guess_9jEF5E_template_4-9_6-7.xyz,23,11,12,r1_C3H4N2O2.xyz,r0_C4H8.xyz,2.2282523254784232,2.5974322136487027
3259,TS_ts_guess_ssiOjB_template_1-9_3-7.xyz,27,15,12,r1_C5H8N2.xyz,r0_C4H8.xyz,2.2422537095074677,2.5237351644140475
3260,TS_ts_guess_jmUKhs_template_4-9_6-7.xyz,22,10,12,r1_C2H3N3O2.xyz,r0_C4H8.xyz,2.2996681348620718,2.1454161486527505
3261,TS_ts_guess_EJbmjY_template_4-9_6-7.xyz,23,11,12,r1_C2H4N4O.xyz,r0_C4H8.xyz,2.2932195484514777,2.1000879198024065
3262,TS_ts_guess_1dJ45c_template_1-2_7-9.xyz,26,12,14,r0_C4H8.xyz,r1_C4H7N3.xyz,2.2836775858470038,2.208081621611846
3263,TS_ts_guess_xCaWox_template_3-7_8-9.xyz,24,18,6,r1_C6H9NO2.xyz,r0_C2H4.xyz,2.534573593526138,2.0878893508277687
3264,TS_ts_guess_R6ylGU_template_1-9_3-7.xyz,27,15,12,r1_C5H8N2.xyz,r0_C4H8.xyz,2.24198202370135,2.5254489149258195
3265,TS_TAvdma_hl_ad_3-9_5-7.xyz,25,13,12,r1_C3H6N2O2.xyz,r0_C4H8.xyz,2.6128422332969135,2.5776858823564988
3266,TS_ts_guess_L1gHi-_template_1-2_6-10.xyz,23,12,11,r0_C4H8.xyz,r1_C5H3N3.xyz,2.310043811987123,2.629347397435341
3269,TS_ts_guess_u1YGO__template_4-9_6-7.xyz,24,12,12,r1_C3H5NO3.xyz,r0_C4H8.xyz,2.1728501458453136,2.12112604113947
3270,TS_ts_guess_5FOFxm_template_3-4_6-8.xyz,28,16,12,r1_C5H9NO.xyz,r0_C4H8.xyz,2.5374690679494005,2.174879223750137
3271,TS_ts_guess__yYfMl_template_1-8_4-5.xyz,28,14,14,r0_C4H9N.xyz,r1_C5H8O.xyz,2.489452952055933,2.73664202105427
3273,TS_ts_guess_52KPmN_template_1-2_3-4.xyz,24,18,6,r1_C8H8N2.xyz,r0_C2H4.xyz,2.4624097383660586,2.3246155764125818
3274,TS_ts_guess_YynFR-_template_4-6_7-8.xyz,27,21,6,r1_C6H12N2O.xyz,r0_C2H4.xyz,2.398472234777797,2.333842584687322
3275,TS_ts_guess_gzN3kU_template_3-9_6-7.xyz,28,16,12,r1_C5H9NO.xyz,r0_C4H8.xyz,2.560250540747917,2.157170822906707
3276,TS_ts_guess_lMW9yR_template_3-4_6-8.xyz,25,13,12,r1_C3H6N2O2.xyz,r0_C4H8.xyz,2.1112297467826657,2.1054505654609894
3279,TS_ts_guess_F-3yA-_template_1-9_2-4.xyz,31,12,19,r0_C4H8.xyz,r1_C5H12N2.xyz,2.3081097951354046,2.2499353366041435
3280,TS_ts_guess_uuXOlD_template_2-5_6-7.xyz,25,19,6,r1_C7H9N3.xyz,r0_C2H4.xyz,2.1064251371933445,2.427098457397227
3281,TS_ts_guess_BHQEan_template_1-2_3-4.xyz,26,20,6,r1_C8H10N2.xyz,r0_C2H4.xyz,2.1997963355729095,2.3612896863578596
3282,TS_TRi9Ch_ll_ad_1-7_2-4.xyz,23,12,11,r0_C4H8.xyz,r1_C4H3N3O.xyz,2.530797163464508,2.371468494414379
3283,TS_ts_guess_Z5p58U_template_4-6_7-8.xyz,22,16,6,r1_C6H6N2O2.xyz,r0_C2H4.xyz,2.5419647289842557,2.3303342731247803
3284,TS_ts_guess_8aQ9MX_template_3-10_7-8.xyz,23,11,12,r1_C4H3N3O.xyz,r0_C4H8.xyz,2.4134405338851836,2.0270559595136985
3285,TS_ts_guess_78zFjK_template_2-3_4-5.xyz,25,19,6,r1_C8H9NO.xyz,r0_C2H4.xyz,2.092689860299419,2.1156614871713293
3287,TS_ts_guess_tBruNK_template_3-10_7-8.xyz,23,11,12,r1_C4H3NO3.xyz,r0_C4H8.xyz,2.5148949687412396,2.5845825691975874
3288,TS_ts_guess_vHH4qV_template_2-12_4-11.xyz,23,17,6,r1_C9H6N2.xyz,r0_C2H4.xyz,2.3427709942288426,2.465816873776315
3289,TS_ts_guess_ClBUte_template_4-5_6-7.xyz,24,18,6,r1_C6H8N2O2.xyz,r0_C2H4.xyz,2.320885592764107,2.3761902222886113
3291,TS_ts_guess_unEqFA_template_3-10_7-8.xyz,24,12,12,r1_C4H4N2O2.xyz,r0_C4H8.xyz,2.2804777082664063,2.0078398988714214
3293,TS_ts_guess_p5tGLr_template_4-10_7-8.xyz,27,15,12,r0_C5H7NO2.xyz,r1_C4H8.xyz,2.7100943185431756,2.2611312995047412
3294,TS_ts_guess_mMYJiO_template_4-5_6-7.xyz,25,19,6,r1_C5H9N3O2.xyz,r0_C2H4.xyz,2.2138654625112157,2.247278587580988
3295,TS_ts_guess_PyAriS_template_4-10_6-8.xyz,27,15,12,r1_C4H7N3O.xyz,r0_C4H8.xyz,2.5690603828053558,2.1968417466444867
3296,TS_ts_guess_-dCsGl_template_1-2_4-6.xyz,30,18,12,r1_C6H10N2.xyz,r0_C4H8.xyz,2.2510021359607815,2.5319454384919116
3297,TS_ts_guess_8Pv97E_template_4-10_6-8.xyz,28,16,12,r1_C5H8N2O.xyz,r0_C4H8.xyz,2.378241407489997,2.439928634079284
3299,TS_ts_guess_HqOyXq_template_2-9_10-11.xyz,25,19,6,r1_C9H8N2.xyz,r0_C2H4.xyz,2.545978545706935,2.1857109318480337
3300,TS_ts_guess_wPLwR7_template_4-10_6-8.xyz,27,15,12,r1_C5H7NO2.xyz,r0_C4H8.xyz,2.617519117485104,2.2523864502123074
3304,TS_ts_guess_LSg6pW_template_4-10_6-8.xyz,27,15,12,r1_C3H7N3O2.xyz,r0_C4H8.xyz,2.5349037832825134,2.2204822878149693
3305,TS_ts_guess_Si3Krw_template_4-10_6-8.xyz,28,16,12,r1_C3H8N4O.xyz,r0_C4H8.xyz,2.291689131383225,1.9580764610964507
3306,TS_ts_guess_K4b7uA_template_1-2_4-11.xyz,26,12,14,r0_C4H8.xyz,r1_C6H5N3.xyz,2.131150869506896,2.263735770579243
3307,TS_ts_guess_L1YFdz_template_4-5_7-9.xyz,29,17,12,r1_C4H9N3O.xyz,r0_C4H8.xyz,2.3007098493508478,2.154063226300473
3308,TS_ts_guess_ZApgXy_template_3-10_5-8.xyz,31,19,12,r1_C6H11NO.xyz,r0_C4H8.xyz,2.405688192617655,2.188620104495068
3309,TS_ts_guess_vybNpB_template_4-7_8-9.xyz,23,17,6,r1_C6H6N4O.xyz,r0_C2H4.xyz,2.357919211105419,2.2459122412952826
3312,TS_Npthps_ll_ad_2-8_4-5.xyz,29,13,16,r0_C2H8N3.xyz,r1_C5H9NO.xyz,2.031923649845141,2.973030920054482
3313,TS_8EhGYw_ll_ad_2-10_4-5.xyz,29,13,16,r0_C2H8N3.xyz,r1_C5H9NO.xyz,2.0998682826787016,2.565545092041845
3314,TS_ts_guess_fPz1ON_template_4-11_6-9.xyz,24,12,12,r1_C4H3N3O2.xyz,r0_C4H8.xyz,2.3632596985096663,2.8812444265629393
3315,TS_ts_guess_1OaPlx_template_1-10_2-4.xyz,27,12,15,r0_C4H8.xyz,r1_C6H6N2O.xyz,2.2750482963884524,2.6832848923660713
3316,TS_ts_guess_m9-qnv_template_1-10_2-4.xyz,27,12,15,r0_C4H8.xyz,r1_C6H6N2O.xyz,2.2466467865465636,2.7136004457915317
3317,TS_ts_guess_q5B1pS_template_1-6_2-4.xyz,28,12,16,r0_C4H8.xyz,r1_C6H7N3.xyz,2.2200151745877776,2.126360429771961
3318,TS_ts_guess_vt5Q8U_template_1-2_3-4.xyz,29,23,6,r1_C9H12N2.xyz,r0_C2H4.xyz,2.240738874523312,2.3050908326354516
3319,TS_ts_guess_VayVHo_template_4-11_6-9.xyz,26,14,12,r1_C5H5N3O.xyz,r0_C4H8.xyz,2.281025892202892,2.5718041323164558
3320,TS_ts_guess_26b59m_template_1-2_4-6.xyz,28,16,12,r1_C6H7N3.xyz,r0_C4H8.xyz,2.0564730981707493,2.604012605845064
3321,TS_ts_guess_Tv6VNY_template_4-11_8-9.xyz,26,14,12,r0_C5H5N3O.xyz,r1_C4H8.xyz,2.8081880143074467,2.2219741701694016
3322,TS_ts_guess_KtjtZM_template_1-2_4-11.xyz,30,12,18,r0_C4H8.xyz,r1_C8H9N.xyz,2.3280777104727415,2.4769389359853022
3323,TS_ts_guess_o0IoNq_template_1-9_3-5.xyz,22,12,10,r0_C4H7N.xyz,r1_C4H2O4.xyz,2.453700408851904,2.6232274709982737
3324,TS_ts_guess_Jh7yel_template_3-11_6-9.xyz,27,15,12,r1_C6H6N2O.xyz,r0_C4H8.xyz,2.695930853508673,2.2677885741400146
3328,TS_ts_guess__i-8Rs_template_3-11_6-9.xyz,28,16,12,r1_C5H7N3O.xyz,r0_C4H8.xyz,2.210520457584593,2.180059166490671
3329,TS_ts_guess_hKqCtq_template_4-9_10-11.xyz,24,18,6,r1_C5H7N3O3.xyz,r0_C2H4.xyz,2.2345854040067477,2.112428486268825
3330,TS_ts_guess_irm_XW_template_1-13_3-6.xyz,21,9,12,r0_C3H3N3.xyz,r1_C6H4O2.xyz,2.3909778538079354,2.293494203480794
3331,TS_ts_guess_sSCAn3_template_3-11_5-9.xyz,28,16,12,r1_C5H7N3O.xyz,r0_C4H8.xyz,2.2865806240104463,2.171748417243581
3332,TS_yGVXNy_hl_ad_1-13_3-6.xyz,22,10,12,r0_C4H4N2.xyz,r1_C6H4O2.xyz,2.3119854240457487,2.5311922892779206
3333,TS_ts_guess_zfINER_template_4-11_6-9.xyz,27,15,12,r1_C5H6N2O2.xyz,r0_C4H8.xyz,2.3704685092614075,2.760595926625264
3334,TS_Ts-vlI_ll_ad_1-10_3-7.xyz,24,10,14,r1_C3H3NO3.xyz,r0_C5H8O.xyz,2.3529574324453897,2.135425513896469
3335,TS_tBTgTN_ll_ad_1-10_3-7.xyz,24,10,14,r1_C3H3NO3.xyz,r0_C5H8O.xyz,2.2142458764328774,2.2298142934782708
3336,TS_ts_guess_J0chOr_template_3-11_8-9.xyz,28,16,12,r0_C6H7NO2.xyz,r1_C4H8.xyz,2.8517280232518667,2.1761330798459917
3337,TS_ts_guess_YO_ouT_template_1-10_3-7.xyz,27,13,14,r1_C4H6N2O.xyz,r0_C5H8O.xyz,2.5107193245960406,2.344661266558562
3338,TS_ts_guess_Noj3mS_template_1-10_3-7.xyz,27,13,14,r1_C4H6N2O.xyz,r0_C5H8O.xyz,2.258005911994032,2.5493903760114884
3339,TS_ts_guess_JmhyeN_template_1-2_6-10.xyz,23,13,10,r0_C3H8N2.xyz,r1_C4H2O4.xyz,2.182022299863134,2.3012346540498645
3340,TS_ts_guess_W8tOV9_template_4-9_10-11.xyz,25,19,6,r0_C6H8N2O3.xyz,r1_C2H4.xyz,2.6579997360985574,2.2477018093599517
3341,TS_ts_guess_kTXiRx_template_3-10_5-7.xyz,27,13,14,r1_C4H6N2O.xyz,r0_C5H8O.xyz,2.3778233854935484,2.3475469936297335
3342,TS_ts_guess_kuOokD_template_3-10_5-7.xyz,27,13,14,r1_C4H6N2O.xyz,r0_C5H8O.xyz,2.153489593311284,2.556800820732816
3343,TS_ts_guess_8m9vNP_template_4-11_6-9.xyz,28,16,12,r1_C5H7N3O.xyz,r0_C4H8.xyz,2.306814565607734,2.3236885233180455
3344,TS_ts_guess_aDWJ1E_template_4-12_6-11.xyz,27,21,6,r1_C7H10N2O2.xyz,r0_C2H4.xyz,2.249329678482014,2.666276583158619
3345,TS_ts_guess_Y_5k6s_template_5-6_9-10.xyz,30,23,7,r0_C9H14.xyz,r1_CH3N3.xyz,2.247815611855207,2.0862947431750865
3346,TS_ts_guess_hHJhBN_template_3-4_6-8.xyz,30,23,7,r0_C9H14.xyz,r1_CH3N3.xyz,2.135786928979574,2.1293636904483932
3347,TS_ts_guess_mRW0c0_template_3-11_4-9.xyz,30,23,7,r0_C9H14.xyz,r1_CH3N3.xyz,2.1258560555456243,2.125142994294737
3348,TS_ts_guess_K0nTPQ_template_6-12_8-9.xyz,30,23,7,r0_C9H14.xyz,r1_CH3N3.xyz,2.366031782499973,2.0438626604300008
3349,TS_ts_guess_29Q14K_template_6-11_8-9.xyz,30,23,7,r0_C9H14.xyz,r1_CH3N3.xyz,2.286696453314257,2.0718571797785676
3350,TS_ts_guess_q4Ybc-_template_5-6_8-10.xyz,30,23,7,r0_C9H14.xyz,r1_CH3N3.xyz,2.248404248194706,2.107418806241417
3351,TS_ts_guess_j5hn3o_template_1-10_4-7.xyz,29,15,14,r1_C5H8N2.xyz,r0_C5H8O.xyz,2.1481558985325067,2.5937639144687017
3352,TS_ts_guess_9nzVub_template_1-2_5-8.xyz,29,15,14,r1_C5H8N2.xyz,r0_C5H8O.xyz,2.627869959720229,2.262598061742297
3353,TS_ts_guess_IlJwxW_template_3-10_5-7.xyz,28,14,14,r1_C3H7N3O.xyz,r0_C5H8O.xyz,2.2028486725374488,2.014861335774748
3354,TS_ts_guess_XRxCJd_template_3-10_5-7.xyz,28,14,14,r1_C3H7N3O.xyz,r0_C5H8O.xyz,1.883257251970638,2.372315134272848
3355,TS_ts_guess_5CyVWF_template_1-10_3-7.xyz,32,14,18,r1_C5H7NO.xyz,r0_C6H12.xyz,2.47141306545466,2.6775428263615133
3356,TS_ts_guess_E5ti-f_template_4-6_7-8.xyz,29,23,6,r1_C7H12N2O2.xyz,r0_C2H4.xyz,2.272815842121838,2.2876347757017506
3357,TS_ts_guess_xu1O-V_template_3-13_5-12.xyz,26,20,6,r1_C9H8N2O.xyz,r0_C2H4.xyz,2.275089557050447,2.675949904127504
3358,TS_083wqP_ll_ad_4-5_6-7.xyz,25,19,6,r1_C4H8N4O3.xyz,r0_C2H4.xyz,2.452214165381972,2.4457101759202784
3359,TS_ts_guess_Er9X0c_template_1-13_5-6.xyz,22,10,12,r0_C3H4N2O.xyz,r1_C6H4O2.xyz,2.5606025177875615,2.417968428474615
3360,TS_ts_guess_FEcJPX_template_4-10_6-7.xyz,29,11,18,r1_C3H4N2O2.xyz,r0_C6H12.xyz,2.3300492290078334,2.630273015582223
3361,TS_ts_guess_t147og_template_3-10_5-7.xyz,32,14,18,r0_C5H7NO.xyz,r1_C6H12.xyz,2.7950768285862915,2.1987963920745366
3362,TS_ts_guess_m8-MDm_template_3-13_5-6.xyz,22,10,12,r0_C3H4N2O.xyz,r1_C6H4O2.xyz,2.2354075694825766,2.4522949265127143
3363,TS_ts_guess_dPcGZ5_template_3-12_7-10.xyz,25,13,12,r1_C6H3N3O.xyz,r0_C4H8.xyz,2.769536787009698,2.3046494955632624
3364,TS_ts_guess_s8-z_m_template_4-10_6-7.xyz,27,13,14,r1_C2H6N4O.xyz,r0_C5H8O.xyz,2.6806839567916243,1.8660969017979747
3365,TS_ts_guess_H2NekM_template_4-10_6-7.xyz,27,13,14,r1_C2H6N4O.xyz,r0_C5H8O.xyz,2.013902513281117,2.1472145793096695
3366,TS_ts_guess_66Rw6z_template_3-13_5-6.xyz,22,10,12,r0_C3H4N2O.xyz,r1_C6H4O2.xyz,2.515868382825302,2.1455328161321607
3367,TS_ts_guess_WyD8Fr_template_3-10_5-7.xyz,31,13,18,r0_C4H6N2O.xyz,r1_C6H12.xyz,2.713740953481006,2.205050229110439
3368,TS_ts_guess_6ruIqU_template_4-10_6-7.xyz,27,13,14,r1_C3H6N2O2.xyz,r0_C5H8O.xyz,2.3457901147587776,2.5285381724822744
3369,TS_CNfDjz_hl_ad_4-10_6-7.xyz,27,13,14,r1_C3H6N2O2.xyz,r0_C5H8O.xyz,2.6235852029236635,2.455934774887151
3370,TS_ts_guess_wL5Rri_template_3-13_5-12.xyz,27,21,6,r1_C10H9NO.xyz,r0_C2H4.xyz,2.2618372011707653,2.4682900541670545
3371,TS_0wNUmD_hl_ad_1-13_3-6.xyz,22,10,12,r0_C3H4N2O.xyz,r1_C6H4O2.xyz,2.253606511416756,2.3840948426813897
3376,TS_rXQUqi_ll_ad_2-9_4-5.xyz,30,13,17,r1_C2H8N3.xyz,r0_C6H9NO.xyz,2.309925759239894,2.1433181166826354
3377,TS_PEk3iA_ll_ad_2-10_4-5.xyz,30,13,17,r1_C2H8N3.xyz,r0_C6H9NO.xyz,2.112154386142263,2.3581190528469933
3379,TS_ts_guess_LZLA3O_template_4-11_7-9.xyz,33,21,12,r1_C6H12N2O.xyz,r0_C4H8.xyz,2.437652780729856,2.4781448405006516
3380,TS_ts_guess_sVQAMU_template_4-5_6-7.xyz,26,20,6,r1_C7H8N4O.xyz,r0_C2H4.xyz,2.1143428247566667,2.4116395479839023
3381,TS_ts_guess_e7O2J3_template_4-11_7-9.xyz,31,19,12,r1_C6H10O3.xyz,r0_C4H8.xyz,2.6669096274152224,2.446216815656372
3382,TS_ts_guess_4vk8ez_template_4-6_7-8.xyz,25,19,6,r1_C7H7N3O2.xyz,r0_C2H4.xyz,2.4249167826752323,2.715827785740473
3383,TS_ts_guess_hiDolO_template_1-2_4-12.xyz,31,12,19,r1_C4H8.xyz,r0_C9H9N.xyz,2.2585697966190903,2.6364277270200294
3384,TS_ts_guess_pBBQsZ_template_4-5_6-7.xyz,21,15,6,r1_C6H3NO5.xyz,r0_C2H4.xyz,2.180201383473554,2.5630741519901448
3385,TS_ts_guess_GhY5ox_template_1-11_3-8.xyz,29,11,18,r0_C5H3N3.xyz,r1_C6H12.xyz,2.2288790797394102,2.8382998400627093
3386,TS_ts_guess_Jvy8m7_template_2-3_4-5.xyz,25,19,6,r1_C10H6N2O.xyz,r0_C2H4.xyz,2.498154523423241,2.5630923915262986
3387,TS_ts_guess_gv0Xje_template_3-10_5-6.xyz,22,12,10,r0_C3H6N2O.xyz,r1_C4H2O4.xyz,2.358357297527243,2.0834857814249657
3388,TS_ts_guess_byiyz5_template_1-10_2-4.xyz,28,12,16,r0_C4H8.xyz,r1_C6H6N2O2.xyz,2.010578135412797,2.4848841494524447
3389,TS_ts_guess_uUq8XM_template_2-3_10-11.xyz,27,15,12,r0_C4H9NO.xyz,r1_C6H4O2.xyz,1.9030323623627634,2.126623742390741
3390,TS_ts_guess_saYHML_template_1-2_5-12.xyz,32,12,20,r0_C4H8.xyz,r1_C8H10N2.xyz,2.1896751751344308,2.418687417526291
3391,TS_ts_guess_Rt5kfW_template_1-2_5-12.xyz,32,12,20,r0_C4H8.xyz,r1_C8H10N2.xyz,2.2038102907918367,2.418665215258201
3392,TS_ts_guess_57_XFB_template_3-4_5-6.xyz,24,18,6,r1_C7H6O5.xyz,r0_C2H4.xyz,2.171010926688302,2.509741339700169
3393,TS_ts_guess_gwdjIC_template_3-10_5-6.xyz,20,10,10,r0_C2H4N2O2.xyz,r1_C4H2O4.xyz,2.095259807040645,2.1294317263298206
3394,TS_ts_guess_CnfPnf_template_3-5_6-7.xyz,28,22,6,r1_C8H10N2O2.xyz,r0_C2H4.xyz,2.189996026891373,2.3563871501304705
3400,TS_ts_guess__q4Rh2_template_1-10_3-6.xyz,26,16,10,r0_C5H10O.xyz,r1_C4H2O4.xyz,3.6450057146457264,3.6258701530391293
3401,TS_ts_guess_ku2F68_template_4-5_6-7.xyz,27,21,6,r1_C7H9NO4.xyz,r0_C2H4.xyz,2.4479545658569726,2.006699718468112
3402,TS_ts_guess_MR5Fgw_template_4-12_9-10.xyz,28,16,12,r1_C5H6N2O3.xyz,r0_C4H8.xyz,2.372282401591345,2.0241610323785997
3403,TS_ts_guess_RyH-et_template_2-11_6-8.xyz,28,14,14,r1_C4H6N2O2.xyz,r0_C5H8O.xyz,2.25495912197982,1.9138562677745683
3405,TS_ts_guess_5pG4tI_template_3-12_7-10.xyz,28,16,12,r1_C6H6O4.xyz,r0_C4H8.xyz,2.260543155925142,2.542340989717941
3407,TS_ts_guess_S8alyp_template_4-5_7-9.xyz,29,17,12,r1_C4H7N5O.xyz,r0_C4H8.xyz,2.1112105915090518,2.2985972343801335
3408,TS_ts_guess_gAqoeH_template_4-12_8-10.xyz,29,17,12,r1_C5H7N3O2.xyz,r0_C4H8.xyz,2.3666917314259583,1.998874035901212
3410,TS_ts_guess_szrAn4_template_3-6_8-10.xyz,32,20,12,r1_C7H10N2O.xyz,r0_C4H8.xyz,2.536452393738152,2.032098740169877
3411,TS_ts_guess_pSRyrd_template_4-12_6-10.xyz,28,16,12,r1_C5H6N2O3.xyz,r0_C4H8.xyz,2.2695068987117004,2.9804674155071718
3412,TS_ts_guess_-FRvyd_template_1-14_4-7.xyz,25,13,12,r0_C5H6N2.xyz,r1_C6H4O2.xyz,2.856160018031203,2.197029354310042
3413,TS_ts_guess_agXpUw_template_4-12_6-10.xyz,29,17,12,r1_C5H7N3O2.xyz,r0_C4H8.xyz,2.1881348798920053,2.772702486420063
3414,TS_ts_guess_cPLwea_template_1-14_3-7.xyz,25,13,12,r0_C5H6N2.xyz,r1_C6H4O2.xyz,2.3102971588304393,2.627030823153775
3415,TS_ts_guess_ejXliL_template_4-11_6-8.xyz,29,15,14,r1_C5H7NO2.xyz,r0_C5H8O.xyz,2.219675663537356,2.8951567208874893
3416,TS_NMNF2X_ll_ad_4-11_6-8.xyz,29,15,14,r1_C5H7NO2.xyz,r0_C5H8O.xyz,2.419594130551651,2.2910518995867375
3417,TS_ts_guess_hVtGsJ_template_3-11_7-8.xyz,31,13,18,r0_C4H5N3O.xyz,r1_C6H12.xyz,2.575838575182847,1.9646444678109063
3418,TS_OMJlo7_ll_ad_4-12_6-10.xyz,29,17,12,r1_C6H7NO3.xyz,r0_C4H8.xyz,2.5203697017302837,2.2531158154875217
3419,TS_ts_guess_cTstKw_template_1-2_4-13.xyz,29,12,17,r1_C4H8.xyz,r0_C9H6N2.xyz,2.256983708337302,2.8039477012419467
3420,TS_ts_guess_EZYf6a_template_3-4_6-8.xyz,32,20,12,r1_C7H10N2O.xyz,r0_C4H8.xyz,2.3067911642365893,2.310240830757694
3421,TS_ts_guess_Vi5A6P_template_3-12_7-10.xyz,31,19,12,r1_C7H9NO2.xyz,r0_C4H8.xyz,2.7033944647609234,2.2348820442251536
3422,TS_XrPXfW_hl_ad_2-8_4-5.xyz,30,13,17,r0_C2H8N3.xyz,r1_C6H8N2O.xyz,1.9327177836921767,2.689220493711886
3432,TS_ts_guess_RCnOkm_template_1-2_4-13.xyz,29,12,17,r0_C4H8.xyz,r1_C8H6N2O.xyz,2.363306079605433,2.5882708662155127
3433,TS_ts_guess_6-9WGQ_template_4-12_6-10.xyz,32,20,12,r1_C6H10N2O2.xyz,r0_C4H8.xyz,2.2826739041965673,2.3073658957347876
3434,TS_ts_guess_Thbog4_template_1-2_4-13.xyz,30,12,18,r0_C4H8.xyz,r1_C9H7NO.xyz,2.5299229654872892,2.9009349961865745
3435,TS_ts_guess_cUR42y_template_4-8_9-10.xyz,31,25,6,r1_C8H13NO3.xyz,r0_C2H4.xyz,2.569848394458319,2.300290183216022
3436,TS_ts_guess_YxS-Ja_template_4-14_6-7.xyz,24,12,12,r0_C3H5N3O.xyz,r1_C6H4O2.xyz,2.1112072805387916,2.2208875774113377
3437,TS_ts_guess_iJ8XMA_template_1-2_6-13.xyz,30,12,18,r0_C4H8.xyz,r1_C9H7NO.xyz,2.589609264367889,2.4243289125240413
3438,TS_ts_guess_4KTHQ7_template_3-14_5-7.xyz,25,13,12,r0_C4H6N2O.xyz,r1_C6H4O2.xyz,2.2428610214188485,2.520254628980969
3439,TS_ts_guess_w-fVs2_template_4-13_6-11.xyz,27,15,12,r1_C6H4N4O.xyz,r0_C4H8.xyz,2.228625124376013,2.7906754518754058
3440,TS_ts_guess_cNs85B_template_1-11_4-8.xyz,35,17,18,r1_C6H9NO.xyz,r0_C6H12.xyz,2.451157923716871,2.7022514000366438
3441,TS_ts_guess_mOCYhs_template_4-14_6-13.xyz,29,23,6,r1_C10H10N2O.xyz,r0_C2H4.xyz,2.2938639234270197,2.5126500881340403
3449,TS_ts_guess_wnvPc9_template_4-14_6-7.xyz,24,12,12,r0_C2H5N3O2.xyz,r1_C6H4O2.xyz,2.4312560041468276,2.234573318779225
3450,TS_ts_guess_D2KVv9_template_3-11_6-7.xyz,23,13,10,r0_C4H6N2O.xyz,r1_C4H2O4.xyz,2.2228074436171927,2.1283736901681527
3451,TS_ts_guess_NRT2we_template_3-11_6-8.xyz,36,18,18,r1_C6H10O2.xyz,r0_C6H12.xyz,2.6926993788761493,2.3660427189930444
3452,TS_ts_guess_RaINl7_template_3-11_5-8.xyz,35,17,18,r0_C5H9NO2.xyz,r1_C6H12.xyz,2.5215385347243853,2.2256325144551603
3453,TS_ts_guess_mE6_-7_template_4-12_6-9.xyz,27,13,14,r1_C5H4N2O2.xyz,r0_C5H8O.xyz,2.4293358638730873,2.3358033618864407
3454,TS_ts_guess_tHoNB3_template_4-12_6-9.xyz,27,13,14,r1_C5H4N2O2.xyz,r0_C5H8O.xyz,2.6980283136579573,2.1943468119921246
3455,TS_ts_guess_YrEsVO_template_1-12_4-9.xyz,29,15,14,r1_C6H6N2O.xyz,r0_C5H8O.xyz,2.2006619145384416,2.5361873642536747
3456,TS_ts_guess_SYhqUW_template_1-12_4-9.xyz,29,15,14,r1_C6H6N2O.xyz,r0_C5H8O.xyz,2.270894705925398,2.556382165561323
3457,TS_ts_guess_04sOp__template_4-5_7-9.xyz,35,23,12,r1_C6H13N3O.xyz,r0_C4H8.xyz,2.243383605226712,2.223187473448877
3458,TS_zn3v8x_ll_ad_4-13_8-11.xyz,26,14,12,r1_C5H3N3O3.xyz,r0_C4H8.xyz,2.4317266601737955,2.9260443944854972
3459,TS_ts_guess_rZOmRo_template_4-13_6-11.xyz,28,16,12,r1_C6H5N3O2.xyz,r0_C4H8.xyz,2.4453568258640703,3.0583460451688587
3460,TS_qt0Abh_hl_ad_4-13_8-11.xyz,26,14,12,r1_C5H3N3O3.xyz,r0_C4H8.xyz,2.5111862375777707,2.6954538117727043
3461,TS_ts_guess_PC0LNn_template_4-14_6-13.xyz,27,21,6,r1_C7H8N4O2.xyz,r0_C2H4.xyz,2.2491721174245427,2.6336262090509353
3462,TS_ts_guess_sAsmB7_template_4-11_6-7.xyz,20,10,10,r0_C2H3N3O2.xyz,r1_C4H2O4.xyz,2.1979127449923936,2.139778253885201
3463,TS_ts_guess_fBJTUQ_template_4-11_6-8.xyz,35,17,18,r1_C5H9NO2.xyz,r0_C6H12.xyz,2.460435646201705,2.242676031374126
3464,TS_CmbzID_ll_ad_4-11_7-8.xyz,36,18,18,r0_C5H10N2O.xyz,r1_C6H12.xyz,2.72926412422836,2.1743555687605465
3465,TS_ts_guess_DLorZs_template_1-3_5-12.xyz,33,18,15,r0_C6H12.xyz,r1_C7H6N2.xyz,2.2181035622576326,2.326859058086673
3467,TS_ts_guess_RqzJh2_template_4-5_6-7.xyz,29,23,6,r1_C9H10N2O2.xyz,r0_C2H4.xyz,2.272181297894162,2.3062868700575825
3468,TS_ts_guess_DsG2y2_template_1-11_3-7.xyz,20,10,10,r0_C3H3NO3.xyz,r1_C4H2O4.xyz,2.2847666592017664,2.2990840057944815
3470,TS_ts_guess_GyA51G_template_3-11_6-7.xyz,24,14,10,r0_C5H7NO.xyz,r1_C4H2O4.xyz,2.7134340616458696,2.259817462407086
3475,TS_ts_guess_4yvEL5_template_3-15_5-14.xyz,28,22,6,r1_C11H8N2O.xyz,r0_C2H4.xyz,2.216957645558435,2.588643847693228
3476,TS_ts_guess_t4j-hK_template_3-6_7-8.xyz,28,22,6,r1_C11H8N2O.xyz,r0_C2H4.xyz,2.6188668713204954,2.217568341359517
3477,TS_ts_guess_cTUdJE_template_4-11_6-7.xyz,23,13,10,r0_C3H6N2O2.xyz,r1_C4H2O4.xyz,2.4500011553874828,2.0194046026737684
3478,TS_ts_guess_8pe65K_template_4-12_8-9.xyz,31,13,18,r1_C4H4N4O.xyz,r0_C6H12.xyz,2.468856635064094,2.069238322330224
3482,TS_ts_guess_q78WHH_template_1-2_10-13.xyz,35,12,23,r0_C4H8.xyz,r1_C10H12O.xyz,2.608299745562231,2.569751906507708
3483,TS_ts_guess_NnWS_s_template_4-11_6-7.xyz,23,13,10,r0_C2H6N4O.xyz,r1_C4H2O4.xyz,2.1043096285718033,2.089937490955172
3484,TS_ts_guess_Wk9uFo_template_3-12_5-9.xyz,30,16,14,r0_C6H7NO2.xyz,r1_C5H8O.xyz,2.1305101331136633,2.6786243825142786
3485,TS_ts_guess_xMXZq0_template_3-12_5-9.xyz,30,16,14,r0_C6H7NO2.xyz,r1_C5H8O.xyz,2.270026955919246,2.3900904007380137
3486,TS_ts_guess_1tVq7K_template_2-3_4-5.xyz,25,19,6,r1_C10H5NO3.xyz,r0_C2H4.xyz,2.444700463022004,2.1115215965743754
3487,TS_ts_guess_O2muDk_template_4-9_10-11.xyz,26,20,6,r1_C7H7NO5.xyz,r0_C2H4.xyz,2.5697299433403504,2.5738469280242753
3488,TS_ts_guess_f6wpvy_template_3-11_6-7.xyz,24,14,10,r0_C4H7NO2.xyz,r1_C4H2O4.xyz,2.1547120700919646,1.9963477930210458
3489,TS_ts_guess_xksTHI_template_1-15_3-8.xyz,25,13,12,r0_C5H5N3.xyz,r1_C6H4O2.xyz,2.1047030237066706,2.312452179310958
3490,TS_ts_guess_xw-r6i_template_4-7_8-9.xyz,29,23,6,r1_C8H10N2O3.xyz,r0_C2H4.xyz,2.3298962042760616,2.1795823827972183
3491,TS_ts_guess_IQ5cTU_template_2-3_4-5.xyz,25,19,6,r1_C10H5NO3.xyz,r0_C2H4.xyz,2.266600653423536,2.5617357644573726
3492,TS_ts_guess_Io4YOG_template_2-5_8-11.xyz,34,16,18,r1_C6H7N3.xyz,r0_C6H12.xyz,2.290707451531077,2.4807358884411697
3493,TS_ts_guess_LJyxIB_template_4-5_6-7.xyz,26,20,6,r1_C7H7NO5.xyz,r0_C2H4.xyz,2.38881835134026,2.0286252216957177
3494,TS_ts_guess_F-yF58_template_1-2_6-14.xyz,32,12,20,r0_C4H8.xyz,r1_C10H8N2.xyz,2.2630486951455557,2.5797120938779194
3495,TS_ts_guess_uCFZtj_template_4-13_7-11.xyz,34,22,12,r1_C7H11N3O.xyz,r0_C4H8.xyz,2.2906192436762596,2.3956253476910785
3496,TS_ts_guess_pjIH4d_template_4-13_6-11.xyz,31,19,12,r1_C6H8N2O3.xyz,r0_C4H8.xyz,2.4706688198137763,2.043873344339125
3497,TS_ts_guess_RWNTst_template_3-11_7-9.xyz,32,20,12,r1_C7H9NO3.xyz,r0_C4H8.xyz,2.071420893903506,2.3528552293755776
3499,TS_ts_guess_jU5nv4_template_4-13_9-11.xyz,33,21,12,r1_C7H10N2O2.xyz,r0_C4H8.xyz,2.7085791493696467,2.154472101884821
3500,TS_ts_guess_UTGg4x_template_4-5_7-9.xyz,33,21,12,r1_C7H10N2O2.xyz,r0_C4H8.xyz,2.256267036035407,2.4427793798867716
3501,TS_ts_guess_FdYut9_template_4-13_6-11.xyz,30,18,12,r1_C6H7NO4.xyz,r0_C4H8.xyz,2.5191749633163636,1.999377029126823
3502,TS_ts_guess_B3HK3q_template_4-13_7-11.xyz,32,20,12,r1_C7H9NO3.xyz,r0_C4H8.xyz,2.5747935454517514,2.542984492481226
3503,TS_ts_guess_w1NtL3_template_6-12_8-9.xyz,38,23,15,r0_C9H14.xyz,r1_C5H9N.xyz,3.1512143639238506,2.2717714744445576
3504,TS_ts_guess_vrIDAz_template_5-6_9-12.xyz,38,23,15,r0_C9H14.xyz,r1_C5H9N.xyz,2.3569132537707027,2.5817866955075894
3505,TS_ts_guess_lBrccX_template_3-12_4-9.xyz,38,23,15,r0_C9H14.xyz,r1_C5H9N.xyz,2.7488158030140903,2.266606908266186
3506,TS_ts_guess_R5v1rx_template_3-4_7-10.xyz,38,23,15,r0_C9H14.xyz,r1_C5H9N.xyz,2.301993936764387,2.6016574328492985
3507,TS_ts_guess_a07ZN2_template_6-13_8-9.xyz,38,23,15,r0_C9H14.xyz,r1_C5H9N.xyz,2.483106523792324,2.4606145308438707
3508,TS_ts_guess_oiue5__template_5-6_10-12.xyz,38,23,15,r0_C9H14.xyz,r1_C5H9N.xyz,2.973157136816014,2.263675137315423
3510,TS_ts_guess_wM21Ag_template_3-12_6-9.xyz,34,16,18,r0_C6H7NO2.xyz,r1_C6H12.xyz,2.820294245287183,2.4299362709544465
3511,TS_ts_guess_vlk4ws_template_3-12_5-9.xyz,32,18,14,r0_C6H9NO2.xyz,r1_C5H8O.xyz,2.438986347440264,2.062235020432928
3512,TS_ts_guess_njpsEP_template_4-13_7-11.xyz,32,20,12,r1_C7H9NO3.xyz,r0_C4H8.xyz,2.441788285130388,2.602446964723777
3513,TS_ts_guess_BC6hVL_template_4-13_8-11.xyz,33,21,12,r1_C7H10N2O2.xyz,r0_C4H8.xyz,2.7001491887116162,2.2941886326542553
3514,TS_ts_guess_UvMNlD_template_3-12_5-9.xyz,31,13,18,r0_C4H4N2O3.xyz,r1_C6H12.xyz,1.9469784570456858,2.5617989561634227
3515,TS_ts_guess_xxWpRy_template_3-12_7-8.xyz,22,12,10,r0_C5H4N2O.xyz,r1_C4H2O4.xyz,2.802825777068564,2.2028802990857224
3516,TS_ts_guess_ANj8Ve_template_4-5_7-9.xyz,34,22,12,r1_C7H11N3O.xyz,r0_C4H8.xyz,2.2689026647478734,2.4011752031245033
3517,TS_ts_guess_l4L3cS_template_3-10_11-12.xyz,29,23,6,r1_C11H9NO2.xyz,r0_C2H4.xyz,2.600797278778183,2.499892361842805
3518,TS_ts_guess_ZaDXK4_template_4-13_7-11.xyz,33,21,12,r1_C7H10N2O2.xyz,r0_C4H8.xyz,2.394832044737167,2.323365302207124
3519,TS_ts_guess_FzGJ1k_template_4-8_9-10.xyz,28,22,6,r1_C7H9NO5.xyz,r0_C2H4.xyz,2.5466862561572046,2.6657956784982604
3520,TS_ts_guess_uaTOnD_template_4-13_6-11.xyz,30,18,12,r1_C6H7NO4.xyz,r0_C4H8.xyz,2.5223433041915606,2.0191545064457053
3521,TS_ts_guess_Baly-r_template_3-12_6-9.xyz,33,15,18,r0_C4H6N4O.xyz,r1_C6H12.xyz,2.148013797767603,2.3569113028071293
3524,TS_vWF4mk_ll_ad_2-8_4-5.xyz,30,13,17,r0_C2H8N3.xyz,r1_C5H7N3O2.xyz,1.7323106683559968,1.9032199391820173
3526,TS_89HiPg_ll_ad_4-11_9-10.xyz,31,18,13,r0_C5H8N4O.xyz,r1_C2H8N3.xyz,1.6855884861970314,1.8515907253224186
3530,TS_ts_guess_Plwl0l_template_4-5_7-9.xyz,34,22,12,r1_C6H11N3O2.xyz,r0_C4H8.xyz,2.141676701698928,2.293999429053983
3531,TS_ts_guess_9eWuU3_template_3-12_5-8.xyz,24,14,10,r0_C5H6N2O.xyz,r1_C4H2O4.xyz,2.45847153632089,2.167188483404247
3532,TS_ts_guess_RKtB73_template_3-7_9-11.xyz,36,24,12,r1_C8H13NO2.xyz,r0_C4H8.xyz,2.6075222138459337,2.017655248202725
3533,TS_ts_guess_mspJhg_template_3-12_7-9.xyz,36,22,14,r1_C7H13NO.xyz,r0_C5H8O.xyz,2.235645472184711,2.323912162711835
3534,TS_ts_guess__VIyXD_template_3-5_8-11.xyz,36,22,14,r1_C7H13NO.xyz,r0_C5H8O.xyz,2.6599920618114634,2.121201888104949
3535,TS_ts_guess_suqmr4_template_1-13_3-10.xyz,32,18,14,r0_C8H8N2.xyz,r1_C5H8O.xyz,2.294934386621979,2.347524492843472
3536,TS_ts_guess_wkdM9A_template_1-13_3-10.xyz,32,18,14,r0_C8H8N2.xyz,r1_C5H8O.xyz,2.1250478641432995,2.7204400013416947
3537,TS_ts_guess_tfatCN_template_3-12_4-9.xyz,39,23,16,r0_C9H14.xyz,r1_C5H10O.xyz,2.7571879806425965,2.742175669099265
3538,TS_ts_guess_YIdMvO_template_5-6_9-12.xyz,39,23,16,r0_C9H14.xyz,r1_C5H10O.xyz,2.785662090437388,2.5405826217228205
3543,TS_yLu6sj_ll_ad_3-14_5-12.xyz,33,21,12,r1_C10H9NO.xyz,r0_C4H8.xyz,2.2851278362708727,2.427948782758813
3544,TS_ts_guess_8El5fw_template_4-13_7-11.xyz,34,22,12,r1_C7H11NO3.xyz,r0_C4H8.xyz,2.483297183544491,2.5022849548762425
3545,TS_ts_guess_2gSRp3_template_1-12_2-4.xyz,29,12,17,r0_C4H8.xyz,r1_C8H5NO3.xyz,2.1364356367557624,2.427195636717403
3546,TS_ts_guess_R-Mb85_template_3-13_7-10.xyz,31,13,18,r0_C6H3N3O.xyz,r1_C6H12.xyz,2.9411699095937998,2.3182285312281015
3547,TS_ts_guess_V9nbpQ_template_4-6_7-8.xyz,31,25,6,r1_C8H12O5.xyz,r0_C2H4.xyz,2.693406052918869,2.5710233681162835
3548,TS_ts_guess_T1MQLO_template_4-5_7-9.xyz,33,21,12,r1_C6H10N2O3.xyz,r0_C4H8.xyz,2.3990321720227095,2.2648921702809606
3549,TS_ts_guess_QTaY6Q_template_4-13_7-11.xyz,33,21,12,r1_C7H10O4.xyz,r0_C4H8.xyz,2.494116671268608,2.4664206013979046
3550,TS_ts_guess_Zv03RJ_template_4-12_7-9.xyz,33,19,14,r1_C5H10N2O2.xyz,r0_C5H8O.xyz,2.0240655924401265,2.375772085533459
3551,TS_ts_guess_OXHUy4_template_4-5_8-11.xyz,33,19,14,r1_C5H10N2O2.xyz,r0_C5H8O.xyz,2.5135591432667743,1.934182017236227
3552,TS_ts_guess_VW1EhD_template_4-9_10-11.xyz,31,25,6,r1_C7H12N2O4.xyz,r0_C2H4.xyz,2.3014170249000943,2.0954009099215356
3554,TS_ts_guess_oj1yLB_template_3-14_5-12.xyz,33,21,12,r1_C10H9NO.xyz,r0_C4H8.xyz,2.6314514392251285,2.2561741068233188
3555,TS_ts_guess_SQL_-N_template_4-12_6-9.xyz,35,21,14,r1_C6H12N2O.xyz,r0_C5H8O.xyz,2.289529836145404,2.895685297956254
3556,TS_ts_guess_i9xRYP_template_4-12_6-9.xyz,35,21,14,r1_C6H12N2O.xyz,r0_C5H8O.xyz,2.5621954071850177,2.2338543853617674
3557,TS_ts_guess_5YqNhX_template_2-5_8-11.xyz,39,21,18,r0_C7H12N2.xyz,r1_C6H12.xyz,2.317910573533845,2.539681004102681
3558,TS_ts_guess_WYDOMP_template_2-12_7-9.xyz,36,18,18,r1_C6H9NO2.xyz,r0_C6H12.xyz,2.064286851699637,2.5551940533939885
3559,TS_ts_guess_1RMkk8_template_1-12_2-4.xyz,30,12,18,r0_C4H8.xyz,r1_C8H6N2O2.xyz,1.9522508633113729,2.3246618586581573
3560,TS_ts_guess_ouAWk__template_3-13_5-10.xyz,28,14,14,r0_C5H4N4O.xyz,r1_C5H8O.xyz,2.094793403106855,2.1391514551569273
3561,TS_ts_guess_u5PFQ__template_3-13_5-10.xyz,28,14,14,r0_C5H4N4O.xyz,r1_C5H8O.xyz,2.0256060440273176,2.413956619825634
3562,TS_ts_guess_yueDlI_template_4-12_7-9.xyz,37,19,18,r0_C6H10N2O.xyz,r1_C6H12.xyz,2.736107064480482,2.2694190049878404
3565,TS_DKeBHG_ll_ad_2-7_4-5.xyz,32,13,19,r0_C2H8N3.xyz,r1_C9H8N2.xyz,1.9588284217102834,2.629270280990526
3567,TS_ts_guess_GOHipE_template_4-12_6-8.xyz,26,16,10,r0_C5H8N2O.xyz,r1_C4H2O4.xyz,2.709679849244187,2.2413145942727453
3568,TS_ts_guess_Woncdl_template_3-14_11-12.xyz,34,22,12,r1_C9H10N2O.xyz,r0_C4H8.xyz,2.41456285969117,2.0236274123711606
3569,TS_ts_guess_Tp-IGK_template_4-14_8-12.xyz,31,19,12,r1_C7H7N3O2.xyz,r0_C4H8.xyz,2.519716578069843,2.511545512329012
3571,TS_ts_guess_hT3ucf_template_3-14_5-12.xyz,33,21,12,r1_C8H9N3O.xyz,r0_C4H8.xyz,2.1245229938035504,2.2640471760544214
3572,TS_ts_guess_7YTMd6_template_4-15_6-8.xyz,27,15,12,r0_C3H7N3O2.xyz,r1_C6H4O2.xyz,1.9338723069013632,2.2659887177565556
3573,TS_ts_guess_rEyROV_template_3-14_5-12.xyz,34,22,12,r1_C10H10O2.xyz,r0_C4H8.xyz,2.522430884959982,2.3320782037058705
3574,TS_leOyLI_ll_ad_4-14_9-12.xyz,31,19,12,r1_C7H7N3O2.xyz,r0_C4H8.xyz,2.7132344496191254,2.2738907901216363
3575,TS_ts_guess_6aZWg1_template_4-5_12-13.xyz,28,16,12,r0_C4H8N2O2.xyz,r1_C6H4O2.xyz,2.1672107185043177,2.2235762201687623
3576,TS_ts_guess_swsqkv_template_4-12_6-8.xyz,25,15,10,r0_C5H7NO2.xyz,r1_C4H2O4.xyz,2.731154945494671,2.1926967983056844
3578,TS_ts_guess_k2j2df_template_1-13_3-10.xyz,34,20,14,r1_C8H10N2.xyz,r0_C5H8O.xyz,2.306412902777818,2.1825905482476555
3579,TS_ts_guess_S4ftic_template_4-14_8-12.xyz,31,19,12,r1_C7H7N3O2.xyz,r0_C4H8.xyz,2.711437344472485,2.206259695684078
3580,TS_ts_guess_5II3YS_template_1-2_6-15.xyz,30,12,18,r0_C4H8.xyz,r1_C10H5N3.xyz,2.296916128899791,2.7169289056764074
3581,TS_ts_guess_aLLI7C_template_4-5_12-13.xyz,27,15,12,r0_C3H7N3O2.xyz,r1_C6H4O2.xyz,2.138473100438722,1.960208219577706
3582,TS_ts_guess_w0pCCc_template_3-13_7-10.xyz,32,14,18,r0_C6H4N2O2.xyz,r1_C6H12.xyz,3.110717068458654,2.502288914454124
3583,TS_ts_guess_OE3X_j_template_4-12_7-9.xyz,37,19,18,r1_C4H10N4O.xyz,r0_C6H12.xyz,2.1466716440573768,2.1781769019985497
3584,TS_ts_guess_A8nWdV_template_4-5_12-13.xyz,27,15,12,r0_C3H7N3O2.xyz,r1_C6H4O2.xyz,2.309876122912222,1.8698471956285625
3585,TS_ts_guess_OW1Xx1_template_4-14_9-12.xyz,30,18,12,r1_C7H6N2O3.xyz,r0_C4H8.xyz,2.7423939089416023,2.269639644987724
3586,TS_ts_guess_EszUBQ_template_3-14_5-12.xyz,33,21,12,r1_C9H9NO2.xyz,r0_C4H8.xyz,2.412137647875842,2.489459432748403
3587,TS_ts_guess_ydEw45_template_3-12_7-10.xyz,30,18,12,r1_C7H6N2O3.xyz,r0_C4H8.xyz,2.508363253538052,2.0051629671924425
3588,TS_ts_guess_1wpkr-_template_4-12_7-9.xyz,38,20,18,r1_C5H11N3O.xyz,r0_C6H12.xyz,2.3504476558094205,2.1700449078532915
3589,TS_ts_guess_oiHHfU_template_4-5_7-9.xyz,32,20,12,r1_C7H8N4O.xyz,r0_C4H8.xyz,2.09468590721855,2.487487595426357
3592,TS_ts_guess_IP5R6a_template_4-13_7-10.xyz,31,17,14,r1_C5H7N3O2.xyz,r0_C5H8O.xyz,2.18824612914087,2.1958463272506115
3593,TS_ts_guess_jKhAH7_template_4-13_7-10.xyz,31,17,14,r1_C5H7N3O2.xyz,r0_C5H8O.xyz,2.3055777299627094,2.0239714765529677
3594,TS_ts_guess_eUS0Z-_template_4-7_8-9.xyz,31,25,6,r1_C8H11N3O3.xyz,r0_C2H4.xyz,2.358077110062349,2.245749195123979
3595,TS_ts_guess_YtFfAS_template_5-6_12-13.xyz,34,23,11,r0_C9H14.xyz,r1_C3H4N2O2.xyz,2.2656016676591673,2.3701704768433856
3596,TS_ts_guess_Vq1Wbx_template_5-6_8-13.xyz,34,23,11,r0_C9H14.xyz,r1_C3H4N2O2.xyz,2.6011059540318615,2.2185112748417573
3597,TS_ts_guess_yRJ6i0_template_4-8_6-7.xyz,34,11,23,r1_C3H4N2O2.xyz,r0_C9H14.xyz,2.2233868582862497,2.3383575007684345
3598,TS_ts_guess_vqv9Io_template_3-4_10-11.xyz,34,23,11,r0_C9H14.xyz,r1_C3H4N2O2.xyz,2.1497105342580425,2.7098906044340607
3599,TS_ts_guess_iP8jnv_template_3-4_6-11.xyz,34,23,11,r0_C9H14.xyz,r1_C3H4N2O2.xyz,2.5320646563822184,2.118700555812454
3601,TS_ts_guess_25wOUN_template_4-9_10-11.xyz,30,24,6,r1_C8H10N2O4.xyz,r0_C2H4.xyz,2.3395704237530444,2.2752422068869946
3602,TS_ts_guess_A5Qu_Y_template_4-12_6-8.xyz,27,17,10,r0_C5H9NO2.xyz,r1_C4H2O4.xyz,2.3814957648083275,2.256591400276089
3603,TS_ts_guess_cnJcZI_template_4-16_8-9.xyz,24,12,12,r0_C4H3N3O2.xyz,r1_C6H4O2.xyz,2.206100833008319,2.043894862340037
3604,TS_ts_guess_3vhlg6_template_4-14_8-12.xyz,33,21,12,r1_C7H9N3O2.xyz,r0_C4H8.xyz,2.375678946827622,2.2217883386362436
3605,TS_ts_guess_bk0coL_template_4-5_6-7.xyz,28,22,6,r1_C7H8N2O5.xyz,r0_C2H4.xyz,2.4116990366959143,2.047430685542248
3606,TS_ts_guess_-NilMV_template_4-7_8-9.xyz,31,25,6,r1_C8H11N3O3.xyz,r0_C2H4.xyz,2.4455610835552646,2.198359570907362
3608,TS_ts_guess_l-R71F_template_3-4_6-11.xyz,34,23,11,r1_C9H14.xyz,r0_C3H4N2O2.xyz,2.1662724093936108,2.771978596075374
3610,TS_ts_guess_Ny-NtX_template_4-5_6-14.xyz,34,11,23,r0_C3H4N2O2.xyz,r1_C9H14.xyz,2.424963708346993,2.220733502111408
3611,TS_ts_guess_cEX6Ai_template_5-6_8-13.xyz,34,23,11,r1_C9H14.xyz,r0_C3H4N2O2.xyz,2.188072318480356,2.6587507208273586
3612,TS_ts_guess_tQOHGa_template_3-11_4-9.xyz,34,23,11,r1_C9H14.xyz,r0_C3H4N2O2.xyz,2.6845046768631264,2.1096998987059745
3613,TS_ts_guess_pUicoH_template_4-8_6-7.xyz,34,11,23,r0_C3H4N2O2.xyz,r1_C9H14.xyz,3.04338325328901,2.216966558453239
3614,TS_ts_guess_PgqwNo_template_1-13_2-4.xyz,38,12,26,r0_C4H8.xyz,r1_C11H14O.xyz,2.5922918276112354,2.7190921962485937
3616,TS_ts_guess_dH-S6a_template_3-13_5-10.xyz,31,17,14,r0_C6H7NO3.xyz,r1_C5H8O.xyz,2.5727820269117245,1.9610317018345216
3617,TS_ts_guess_PLwgWW_template_4-14_8-12.xyz,32,20,12,r1_C7H8N2O3.xyz,r0_C4H8.xyz,2.3767924342483084,2.165096156894654
3618,TS_63rhvV_hl_ad_6-12_8-9.xyz,33,23,10,r0_C9H14.xyz,r1_C3H3NO3.xyz,2.656479255066751,2.1899478244926294
3619,TS_ts_guess_HFDSnA_template_3-13_4-9.xyz,33,23,10,r0_C9H14.xyz,r1_C3H3NO3.xyz,2.2659174742474626,2.2451035167671
3620,TS_GewQVh_hl_ad_6-13_8-9.xyz,33,23,10,r0_C9H14.xyz,r1_C3H3NO3.xyz,2.7459113405935014,2.0189083373694805
3621,TS_ts_guess_EGPiVn_template_5-6_9-13.xyz,33,23,10,r0_C9H14.xyz,r1_C3H3NO3.xyz,2.4367304194965844,2.140362706482245
3622,TS_ts_guess_1bglJf_template_5-6_10-13.xyz,33,23,10,r0_C9H14.xyz,r1_C3H3NO3.xyz,2.236365861727459,2.318679227620759
3623,TS_ts_guess_Y59Z2a_template_3-12_4-9.xyz,33,23,10,r0_C9H14.xyz,r1_C3H3NO3.xyz,2.058183195296279,2.424614694049345
3624,TS_ts_guess_WzKDlK_template_4-15_6-14.xyz,30,24,6,r1_C8H10N2O4.xyz,r0_C2H4.xyz,2.210968537948924,2.6331027473685866
3625,TS_ts_guess_sFwICO_template_3-11_4-9.xyz,33,23,10,r0_C9H14.xyz,r1_C2H3N3O2.xyz,2.2311497734800327,2.0534983386893697
3626,TS_ts_guess_yC9npH_template_5-6_8-13.xyz,33,23,10,r0_C9H14.xyz,r1_C2H3N3O2.xyz,2.158678398974706,2.239312534015741
3627,TS_ts_guess_UxtTv1_template_4-8_6-7.xyz,33,10,23,r1_C2H3N3O2.xyz,r0_C9H14.xyz,2.4876780917353436,2.049691379622796
3628,TS_ts_guess_kREwOD_template_5-6_12-13.xyz,33,23,10,r0_C9H14.xyz,r1_C2H3N3O2.xyz,2.388566447662698,2.044362879970188
3629,TS_ts_guess_w5E4JE_template_3-4_6-11.xyz,33,23,10,r0_C9H14.xyz,r1_C2H3N3O2.xyz,2.0772337398328578,2.2662243163023383
3630,TS_ts_guess_rWzyhx_template_4-5_6-14.xyz,33,10,23,r1_C2H3N3O2.xyz,r0_C9H14.xyz,2.1281825223885282,2.2895287435190674
3633,TS_ts_guess_v-WDPI_template_5-6_10-13.xyz,36,23,13,r0_C9H14.xyz,r1_C4H6N2O.xyz,2.7167716119320744,2.159601493285278
3634,TS_ts_guess_8TBrDQ_template_5-6_10-13.xyz,36,23,13,r0_C9H14.xyz,r1_C4H6N2O.xyz,2.1957533670701728,2.4257223388302296
3635,TS_ts_guess_qD4_0M_template_6-13_8-9.xyz,36,23,13,r0_C9H14.xyz,r1_C4H6N2O.xyz,3.0500692227718376,2.2019091669049384
3636,TS_ts_guess_LxkSQa_template_6-13_8-9.xyz,36,23,13,r0_C9H14.xyz,r1_C4H6N2O.xyz,2.2852175581769014,2.2006366960722983
3637,TS_vSwQvI_ll_ad_3-13_4-9.xyz,36,23,13,r0_C9H14.xyz,r1_C4H6N2O.xyz,2.4915218515999413,2.0754217566798316
3638,TS_5TdvEf_hl_ad_3-13_4-9.xyz,36,23,13,r0_C9H14.xyz,r1_C4H6N2O.xyz,2.123038380741149,2.578619171184454
3639,TS_ts_guess_QPryZb_template_4-14_6-12.xyz,32,20,12,r1_C6H8N4O2.xyz,r0_C4H8.xyz,2.116588346868611,2.204318418309841
3640,TS_ts_guess_UZhlzh_template_3-4_12-13.xyz,24,10,14,r0_C4H2O4.xyz,r1_C7H5NO.xyz,2.204302451888125,2.385703219828485
3641,TS_ts_guess_IodoqV_template_3-15_5-7.xyz,36,13,23,r1_C4H6N2O.xyz,r0_C9H14.xyz,2.2560966619362746,3.255145221138375
3642,TS_ts_guess_97W7pE_template_5-6_11-13.xyz,36,23,13,r0_C9H14.xyz,r1_C4H6N2O.xyz,2.4166211536151048,3.561321430831539
3643,TS_ts_guess_ipoESt_template_3-14_4-9.xyz,36,23,13,r0_C9H14.xyz,r1_C4H6N2O.xyz,2.9684827536975855,2.091556612238837
3644,TS_ts_guess_8Hw4US_template_3-4_9-11.xyz,36,23,13,r0_C9H14.xyz,r1_C4H6N2O.xyz,2.1809727913479344,3.028719672749527
3645,TS_ts_guess_o1bTC4_template_3-8_5-7.xyz,36,13,23,r1_C4H6N2O.xyz,r0_C9H14.xyz,2.3382925354411928,2.3643999637117235
3646,TS_ts_guess_oj_vCE_template_5-6_9-13.xyz,36,23,13,r0_C9H14.xyz,r1_C4H6N2O.xyz,2.570615880231817,2.246614730010466
3648,TS_ts_guess_85PHzK_template_3-4_5-13.xyz,36,13,23,r1_C4H6N2O.xyz,r0_C9H14.xyz,2.267147662173772,2.333647837913853
3649,TS_ts_guess_0eLuyY_template_3-12_4-9.xyz,36,23,13,r0_C9H14.xyz,r1_C4H6N2O.xyz,2.5176307372210087,2.144310628640356
3650,TS_ts_guess_O-WYHr_template_3-8_5-7.xyz,36,13,23,r1_C4H6N2O.xyz,r0_C9H14.xyz,3.0361035896853057,2.1464313139953957
3651,TS_ts_guess_5l0rnm_template_3-4_7-11.xyz,36,23,13,r0_C9H14.xyz,r1_C4H6N2O.xyz,2.170852019484516,2.6238673233416363
3652,TS_ts_guess_MTAAxf_template_5-6_9-13.xyz,36,23,13,r0_C9H14.xyz,r1_C4H6N2O.xyz,2.2536813695595925,2.4663236957463637
3653,TS_ts_guess_pUwbrc_template_5-6_11-13.xyz,36,23,13,r0_C9H14.xyz,r1_C4H6N2O.xyz,2.7829537606471293,2.141361338424695
3654,TS_ts_guess_2JvBEc_template_4-14_9-12.xyz,32,20,12,r1_C7H8N2O3.xyz,r0_C4H8.xyz,2.653949825995209,2.544333173996676
3655,TS_ts_guess_u7HI6v_template_4-5_6-7.xyz,29,23,6,r1_C8H9NO5.xyz,r0_C2H4.xyz,1.9950416414952348,2.432166276059266
3658,TS_ts_guess_SlVNBo_template_4-14_9-12.xyz,32,20,12,r1_C7H8N2O3.xyz,r0_C4H8.xyz,2.4783645349705923,2.1864016242447315
3659,TS_Ew4vf2_ll_ad_2-8_4-5.xyz,36,13,23,r0_C2H8N3.xyz,r1_C10H12O.xyz,2.2687224798771664,2.3216554383887376
3660,TS_fuIQCQ_ll_ad_2-14_4-5.xyz,36,13,23,r0_C2H8N3.xyz,r1_C10H12O.xyz,2.244444242078649,2.6677453939609754
3663,TS_ts_guess_NPHuyd_template_3-5_6-14.xyz,39,16,23,r1_C5H9NO.xyz,r0_C9H14.xyz,2.3301063070383723,2.2665637510778294
3665,TS_ts_guess_PxEK-s_template_3-4_6-11.xyz,39,23,16,r0_C9H14.xyz,r1_C5H9NO.xyz,2.0909153491234407,2.8345138049584446
3666,TS_ts_guess_sRpLGX_template_3-8_6-7.xyz,39,16,23,r1_C5H9NO.xyz,r0_C9H14.xyz,3.042669564329982,2.237316079815277
3667,TS_ts_guess_Or72i0_template_3-11_4-9.xyz,39,23,16,r0_C9H14.xyz,r1_C5H9NO.xyz,2.4575476652549386,2.103770831578383
3668,TS_c0sG29_ll_ad_5-6_8-13.xyz,39,23,16,r0_C9H14.xyz,r1_C5H9NO.xyz,2.151488414330879,2.4709445638055096
3669,TS_ts_guess_0-sKxZ_template_4-13_6-10.xyz,35,17,18,r1_C5H7N3O2.xyz,r0_C6H12.xyz,2.1994495028756624,2.9197498095042316
3671,TS_ts_guess_pWegD5_template_1-12_4-6.xyz,36,16,20,r0_C4H10N2.xyz,r1_C7H10N2O.xyz,2.2803635943857725,2.1626043094842844
3672,TS_ts_guess_hxhG-Y_template_1-2_8-12.xyz,36,16,20,r0_C4H10N2.xyz,r1_C7H10N2O.xyz,1.9441650096892498,2.500106673044172
3673,TS_ts_guess_z5f61b_template_1-2_3-12.xyz,36,16,20,r0_C4H10N2.xyz,r1_C7H10N2O.xyz,2.196941572391036,2.245294224149699
3674,TS_ts_guess_JlQQPH_template_1-2_11-12.xyz,36,16,20,r0_C4H10N2.xyz,r1_C7H10N2O.xyz,2.0647317896036763,2.607348581931461
3675,TS_ts_guess_cXKhpC_template_3-16_5-9.xyz,28,16,12,r0_C6H7NO2.xyz,r1_C6H4O2.xyz,2.680585856748483,2.7226791483573676
3676,TS_ts_guess_XFJgfU_template_4-14_10-12.xyz,33,21,12,r1_C7H9NO4.xyz,r0_C4H8.xyz,2.676618762263315,2.1782377294271624
3677,TS_ts_guess_C4cutK_template_4-13_6-9.xyz,23,13,10,r0_C4H4N4O.xyz,r1_C4H2O4.xyz,2.260639039143578,2.7265717738764916
3678,TS_ts_guess_WFhCF-_template_3-16_6-9.xyz,29,17,12,r0_C6H8N2O.xyz,r1_C6H4O2.xyz,2.4571207693965715,2.1325612816751596
3679,TS_ts_guess_hjSlDj_template_4-13_6-9.xyz,22,12,10,r0_C4H3N3O2.xyz,r1_C4H2O4.xyz,2.264862455735447,2.6529953873310825
3680,TS_ts_guess_qoZu9x_template_1-10_3-6.xyz,31,14,17,r0_C5H8O.xyz,r1_C8H6N2O.xyz,2.5706553401418866,2.4001834980684293
3681,TS_ts_guess_Sf36ib_template_1-3_7-14.xyz,31,14,17,r0_C5H8O.xyz,r1_C8H6N2O.xyz,2.3548195594567325,2.548885119596409
3682,TS_ts_guess_W5rHFY_template_4-8_9-10.xyz,32,26,6,r1_C8H12N2O4.xyz,r0_C2H4.xyz,2.3781387720021723,2.191666587508237
3683,TS_ts_guess_y9JbAM_template_3-6_8-10.xyz,31,19,12,r1_C8H6N4O.xyz,r0_C4H8.xyz,2.3440283315907258,2.311986627816
3684,TS_ts_guess_pBJsmT_template_4-5_6-7.xyz,29,23,6,r1_C7H9NO6.xyz,r0_C2H4.xyz,2.707776278812561,2.6016135535855436
3686,TS_ts_guess_QgfcEg_template_3-4_5-6.xyz,33,27,6,r1_C12H12N2O.xyz,r0_C2H4.xyz,2.2127826704400952,2.318778213973902
3688,TS_ts_guess_kb53Vy_template_3-16_5-9.xyz,29,17,12,r0_C6H8N2O.xyz,r1_C6H4O2.xyz,2.2993414041851206,2.361692851325083
3689,TS_ts_guess_qaOp5l_template_3-10_11-12.xyz,32,26,6,r1_C12H11NO2.xyz,r0_C2H4.xyz,2.5557286086750293,2.5226102757659574
3690,TS_ts_guess_FlvooF_template_4-16_8-9.xyz,24,12,12,r0_C4H3NO4.xyz,r1_C6H4O2.xyz,2.474777599543038,2.2795379424128916
3691,TS_ts_guess_AVJ1N4_template_4-13_6-10.xyz,36,18,18,r1_C6H8N2O2.xyz,r0_C6H12.xyz,2.5363744350154613,2.667861049492646
3692,TS_ts_guess_66LAxD_template_1-13_3-9.xyz,22,12,10,r0_C5H3NO3.xyz,r1_C4H2O4.xyz,2.549326216669809,2.3885819108835267
3694,TS_ts_guess_TRjs0e_template_3-16_8-9.xyz,27,15,12,r0_C5H6N2O2.xyz,r1_C6H4O2.xyz,2.181434951608688,2.0174685328401036
3695,TS_ts_guess_X0mBT9_template_5-14_9-10.xyz,36,20,16,r0_C7H10N2O.xyz,r1_C4H10N2.xyz,2.342225680074403,2.0831597633883003
3696,TS_ts_guess_p8mgpi_template_5-13_9-10.xyz,36,20,16,r0_C7H10N2O.xyz,r1_C4H10N2.xyz,2.6090767580889604,1.9014431376457201
3697,TS_ts_guess_zTr4Nl_template_1-7_3-6.xyz,36,16,20,r1_C4H10N2.xyz,r0_C7H10N2O.xyz,2.1919291204096907,2.264402384294805
3698,TS_ts_guess_jXpx4E_template_8-13_9-10.xyz,36,20,16,r0_C7H10N2O.xyz,r1_C4H10N2.xyz,2.138641426069363,2.3948522166931303
3699,TS_ts_guess_pJDCav_template_3-16_5-9.xyz,25,13,12,r0_C4H4N2O3.xyz,r1_C6H4O2.xyz,2.308528864385282,2.5956668778947734
3700,TS_ts_guess_TckCYl_template_4-13_9-10.xyz,34,16,18,r1_C5H6N2O3.xyz,r0_C6H12.xyz,2.5182877195824944,1.9610492704417195
3701,TS_ts_guess_vos4yR_template_4-15_8-11.xyz,35,22,13,r0_C7H11N3O.xyz,r1_C2H8N3.xyz,2.3964680553264213,1.7530962933906398
3710,TS_9xtE3f_ll_ad_4-7_8-12.xyz,35,22,13,r1_C7H11N3O.xyz,r0_C2H8N3.xyz,2.2712842266435964,1.6150091842153715
3713,TS_ts_guess_J_cWkY_template_3-13_8-9.xyz,25,15,10,r0_C5H6N2O2.xyz,r1_C4H2O4.xyz,2.2884679177563316,2.02179017239673
3714,TS_ts_guess_R9WwvQ_template_4-14_6-12.xyz,37,25,12,r1_C7H13N3O2.xyz,r0_C4H8.xyz,2.2690092285621053,2.3425956561472576
3715,TS_ts_guess_EqEUnX_template_4-14_6-12.xyz,35,23,12,r1_C7H11NO4.xyz,r0_C4H8.xyz,2.457685616530316,2.5526262070463828
3716,TS_ts_guess_cV3p-O_template_1-12_2-4.xyz,34,12,22,r0_C4H8.xyz,r1_C10H9NO2.xyz,2.056606302650072,2.513424881332243
3717,TS_ts_guess_8I41iJ_template_2-6_9-12.xyz,35,17,18,r0_C7H6N4.xyz,r1_C6H12.xyz,2.209149233845464,2.5205016907155606
3718,TS_ts_guess_yWDeBS_template_3-13_5-9.xyz,25,15,10,r0_C5H6N2O2.xyz,r1_C4H2O4.xyz,2.1490686734025046,2.6848830459817052
3719,TS_ts_guess_caC5Fn_template_4-5_7-9.xyz,38,26,12,r1_C8H14N2O2.xyz,r0_C4H8.xyz,2.1973852280835966,2.845384512557134
3720,TS_ts_guess__MJoTr_template_3-13_7-9.xyz,25,15,10,r0_C5H6N2O2.xyz,r1_C4H2O4.xyz,2.5857506375712256,2.3296031267578607
3721,TS_ts_guess_4w_R0f_template_4-13_6-9.xyz,23,13,10,r0_C3H4N4O2.xyz,r1_C4H2O4.xyz,2.269846398195261,2.201386500390152
3722,TS_ts_guess_aluv6W_template_4-14_9-12.xyz,36,24,12,r1_C8H12O4.xyz,r0_C4H8.xyz,2.6459210414900896,2.306252724095952
3724,TS_ts_guess_HspEP4_template_5-6_11-14.xyz,34,23,11,r0_C9H14.xyz,r1_C4H3N3O.xyz,2.4084781625748652,3.6682255050909833
3726,TS_ts_guess_3bZhwa_template_3-16_5-8.xyz,34,11,23,r1_C4H3N3O.xyz,r0_C9H14.xyz,2.48617508224984,3.397269027233492
3727,TS_DEH_vb_hl_ad_3-14_4-9.xyz,34,23,11,r0_C9H14.xyz,r1_C4H3N3O.xyz,3.161796266965979,2.2895577286672637
3728,TS_ts_guess_C843Sp_template_3-4_9-12.xyz,34,23,11,r0_C9H14.xyz,r1_C4H3N3O.xyz,2.4046973953077755,2.959161064643153
3730,TS_ts_guess_RAvaNd_template_1-3_5-14.xyz,35,18,17,r0_C6H12.xyz,r1_C8H6N2O.xyz,2.0330067118925115,2.3305014749834423
3731,TS_ts_guess_AVicD3_template_4-15_12-13.xyz,33,21,12,r1_C9H8N2O2.xyz,r0_C4H8.xyz,2.342999589948748,2.0725788097199103
3732,TS_ts_guess_0OAI5x_template_3-6_10-14.xyz,26,16,10,r0_C5H7N3O.xyz,r1_C4H2O4.xyz,2.433094319873358,1.9337606383934907
3733,TS_ts_guess_hWeKIK_template_4-5_7-9.xyz,37,25,12,r1_C8H13NO3.xyz,r0_C4H8.xyz,2.262244199948361,2.4493822149676845
3734,TS_ts_guess_g78j4u_template_4-14_8-11.xyz,29,15,14,r1_C5H4N4O2.xyz,r0_C5H8O.xyz,2.501608964446682,2.5096199253472626
3735,TS_ts_guess_OCO1gU_template_4-14_8-11.xyz,29,15,14,r1_C5H4N4O2.xyz,r0_C5H8O.xyz,2.3873054331191055,2.4153278396524147
3736,TS_ts_guess_VMNqay_template_1-13_2-4.xyz,36,12,24,r0_C4H8.xyz,r1_C11H11NO.xyz,2.5702322657689907,2.422512109071903
3737,TS_ts_guess_0HXexK_template_1-7_2-4.xyz,33,12,21,r0_C4H8.xyz,r1_C10H8O3.xyz,2.2148156933252934,2.5322118425795264
3738,TS_ts_guess_OJXHX0_template_4-13_6-9.xyz,23,13,10,r0_C3H4N4O2.xyz,r1_C4H2O4.xyz,2.2746453530385784,2.2020206422511124
3739,TS_ts_guess_wVmUws_template_1-2_4-6.xyz,37,25,12,r1_C11H12N2.xyz,r0_C4H8.xyz,2.1340727160057127,2.558459534915493
3740,TS_ts_guess_JTPSwq_template_4-9_10-11.xyz,30,24,6,r1_C8H9N5O2.xyz,r0_C2H4.xyz,2.2007363975496927,2.4245839441438197
3741,TS_ts_guess_U-GbQC_template_3-15_5-13.xyz,36,24,12,r1_C11H11NO.xyz,r0_C4H8.xyz,2.2055741550444408,2.5416974578615763
3742,TS_ts_guess_66bi5a_template_3-13_5-10.xyz,38,20,18,r0_C7H10O3.xyz,r1_C6H12.xyz,2.409339893705328,2.6822417031468286
3743,TS_ts_guess_k0SQRa_template_4-14_8-11.xyz,29,15,14,r1_C5H4N4O2.xyz,r0_C5H8O.xyz,2.278632205051969,2.015205250241275
3744,TS_ts_guess_4oDmkR_template_4-14_8-11.xyz,29,15,14,r1_C5H4N4O2.xyz,r0_C5H8O.xyz,2.1286238158960824,2.095123201580279
3745,TS_Vngta-_ll_ad_4-15_6-13.xyz,34,22,12,r1_C10H9NO2.xyz,r0_C4H8.xyz,2.29735809724997,2.4785486645414085
3746,TS_ts_guess_E-iee4_template_4-6_9-12.xyz,37,23,14,r1_C7H13NO2.xyz,r0_C5H8O.xyz,2.613436085348176,2.2316312460619474
3747,TS_ts_guess_KJ79rT_template_4-13_8-10.xyz,37,23,14,r1_C7H13NO2.xyz,r0_C5H8O.xyz,2.272335357864239,2.422929351054215
3748,TS_ts_guess_ZljFK3_template_3-17_7-10.xyz,25,13,12,r0_C6H3N3O.xyz,r1_C6H4O2.xyz,2.6538373305084093,2.183943620059822
3749,TS_ts_guess_qjv-T8_template_3-12_4-9.xyz,36,23,13,r0_C9H14.xyz,r1_C5H5N3.xyz,2.5154556568939954,2.011407278921899
3750,TS_ts_guess_8Gd2HT_template_6-15_8-9.xyz,36,23,13,r0_C9H14.xyz,r1_C5H5N3.xyz,2.2063319758821427,2.2558567398884177
3751,TS_ts_guess_WtMjcn_template_6-12_8-9.xyz,36,23,13,r0_C9H14.xyz,r1_C5H5N3.xyz,3.0718236963894916,2.041029452751723
3752,TS_ts_guess_SO8LU1_template_3-4_7-12.xyz,36,23,13,r0_C9H14.xyz,r1_C5H5N3.xyz,2.0193342042861553,2.6439990989030235
3753,TS_ts_guess_nt8LcB_template_5-6_12-14.xyz,36,23,13,r0_C9H14.xyz,r1_C5H5N3.xyz,2.7465862571927353,2.0423838012969058
3754,TS_ts_guess_YtvRy3_template_5-6_9-14.xyz,36,23,13,r0_C9H14.xyz,r1_C5H5N3.xyz,2.0640922756747093,2.445040691358735
3755,TS_ts_guess_3g-tpr_template_4-6_8-10.xyz,37,25,12,r1_C8H13NO3.xyz,r0_C4H8.xyz,2.237198941556159,2.508397022682016
3759,TS_-KqJL1_hl_ad_2-9_4-5.xyz,35,13,22,r0_C2H8N3.xyz,r1_C10H10N2.xyz,1.845539089940931,2.4984852224698066
3765,TS_ts_guess_N6sPqR_template_4-15_10-13.xyz,31,19,12,r1_C7H6N2O4.xyz,r0_C4H8.xyz,2.7153733764070087,2.28045788783744
3768,TS_ts_guess_0Vygvv_template_4-13_8-10.xyz,41,23,18,r1_C7H13NO2.xyz,r0_C6H12.xyz,2.602620145276679,2.180885337105094
3769,TS_ts_guess_0iJ_fb_template_4-13_8-11.xyz,31,19,12,r1_C7H6N2O4.xyz,r0_C4H8.xyz,2.4671296313124693,2.006363843523901
3770,TS_ts_guess_IyO5UR_template_4-15_6-13.xyz,36,24,12,r1_C10H11NO2.xyz,r0_C4H8.xyz,2.3076119630691814,2.265958680007206
3771,TS_kGNVwg_hl_ad_4-5_12-13.xyz,32,20,12,r0_C5H11N3O.xyz,r1_C6H4O2.xyz,2.2029733267790603,2.2779717185689554
3772,TS_ts_guess_tA7Dip_template_4-11_12-13.xyz,36,30,6,r1_C12H15NO2.xyz,r0_C2H4.xyz,2.5337818293412715,2.157725035425042
3773,TS_ts_guess_UAe2b3_template_4-5_12-13.xyz,33,21,12,r0_C6H12N2O.xyz,r1_C6H4O2.xyz,2.3185359436290827,2.643863118052824
3774,TS_ts_guess_MtCZ0G_template_3-4_5-13.xyz,35,12,23,r1_C3H4N4O.xyz,r0_C9H14.xyz,2.173493367001611,3.1450191074300324
3775,TS_ts_guess_cLHAcn_template_3-13_4-9.xyz,35,23,12,r0_C9H14.xyz,r1_C3H4N4O.xyz,2.047556394754489,2.3578035917777376
3776,TS_ts_guess_GL-piL_template_5-6_10-14.xyz,35,23,12,r0_C9H14.xyz,r1_C3H4N4O.xyz,2.470780127287736,2.0400864016016573
3777,TS_ts_guess_0Z_wE9_template_3-14_4-9.xyz,35,23,12,r0_C9H14.xyz,r1_C3H4N4O.xyz,2.3206240990302587,1.9940842398705225
3778,TS_ts_guess_nCN9ut_template_3-9_5-8.xyz,35,12,23,r1_C3H4N4O.xyz,r0_C9H14.xyz,2.6963667741054813,1.9620078976650426
3779,TS_ts_guess_47roXu_template_5-6_11-14.xyz,35,23,12,r0_C9H14.xyz,r1_C3H4N4O.xyz,2.33496326176666,1.9655375584557016
3780,TS_ts_guess_IfoiSw_template_4-13_8-11.xyz,31,19,12,r1_C7H6N2O4.xyz,r0_C4H8.xyz,2.4709065810345803,2.032721482028465
3781,TS_l4M4qy_ll_ad_4-13_6-7.xyz,32,12,20,r1_C3H5N3O.xyz,r0_C7H10N2O.xyz,2.1972484796444847,2.14819612926753
3782,TS_0eRbq3_ll_ad_4-8_6-7.xyz,32,12,20,r1_C3H5N3O.xyz,r0_C7H10N2O.xyz,2.158546257299111,2.34987416537567
3783,TS_y8b_j-_ll_ad_4-16_6-7.xyz,32,12,20,r1_C3H5N3O.xyz,r0_C7H10N2O.xyz,2.309263977136438,2.1345214063344504
3784,TS_Y-6NcZ_ll_ad_4-16_6-7.xyz,32,12,20,r1_C3H5N3O.xyz,r0_C7H10N2O.xyz,2.1347058908898906,2.201208326533407
3785,TS_ts_guess_5QjciA_template_3-10_11-12.xyz,30,24,6,r1_C12H8N2O2.xyz,r0_C2H4.xyz,2.4178693008514753,2.49874474494695
3786,TS_ts_guess_VnIzqC_template_4-7_8-9.xyz,30,24,6,r1_C9H9NO5.xyz,r0_C2H4.xyz,2.529331775568401,2.5345944085987404
3787,TS_ts_guess_K-fwP9_template_4-15_6-13.xyz,37,25,12,r1_C10H12N2O.xyz,r0_C4H8.xyz,2.3316475489018487,2.2874814243835946
3789,TS_ts_guess_NlL6dn_template_3-13_8-9.xyz,25,15,10,r0_C5H6O4.xyz,r1_C4H2O4.xyz,2.520828433293309,2.495983609140893
3790,TS_ts_guess_fNzNEX_template_4-14_6-11.xyz,34,16,18,r1_C6H5N3O2.xyz,r0_C6H12.xyz,2.124643007495612,2.5339124171328415
3791,TS_ts_guess_BHRIn-_template_4-15_6-13.xyz,31,19,12,r1_C7H6N2O4.xyz,r0_C4H8.xyz,2.2326012800766732,2.7860321656793556
3792,TS_ts_guess_9tCsCU_template_4-11_12-13.xyz,36,30,6,r1_C12H15NO2.xyz,r0_C2H4.xyz,2.436681111471093,2.1928295098798722
3795,TS_ts_guess_4CVNdm_template_3-13_6-9.xyz,32,22,10,r0_C7H13NO.xyz,r1_C4H2O4.xyz,2.373891592006678,2.20895159387887
3796,TS_ts_guess_nEVmN6_template_4-14_6-11.xyz,32,18,14,r1_C6H7NO4.xyz,r0_C5H8O.xyz,2.5549817139267357,1.969140110657441
3797,TS_ts_guess_QPOkqS_template_4-14_6-11.xyz,32,18,14,r1_C6H7NO4.xyz,r0_C5H8O.xyz,2.308041452509032,2.0248840935964707
3798,TS_ts_guess_x_aDET_template_3-13_6-9.xyz,31,21,10,r0_C7H12O2.xyz,r1_C4H2O4.xyz,2.5617437422779035,2.4328493433420824
3799,TS_DWPhe1_ll_ad_2-3_6-9.xyz,42,24,18,r0_C10H13N.xyz,r1_C6H12.xyz,2.217253114215876,2.823303574998622
3800,TS_ts_guess_Bdb42H_template_4-15_8-13.xyz,33,21,12,r1_C7H8N2O4.xyz,r0_C4H8.xyz,2.7327655339783545,2.5400138676983635
3801,TS_k8Cw___ll_ad_1-14_3-10.xyz,29,19,10,r0_C9H9N.xyz,r1_C4H2O4.xyz,2.5399499505305214,2.3934659095963746
3802,TS_ts_guess_sgulfn_template_4-14_6-11.xyz,33,19,14,r1_C6H8N2O3.xyz,r0_C5H8O.xyz,2.2786730718775785,2.052309642183655
3803,TS_ts_guess_9gCS9c_template_4-14_6-11.xyz,33,19,14,r1_C6H8N2O3.xyz,r0_C5H8O.xyz,2.4587221989887347,2.018161151196802
3806,TS_ts_guess_LdJIgH_template_4-15_6-13.xyz,35,23,12,r1_C8H10N2O3.xyz,r0_C4H8.xyz,2.15687391597191,2.8993607557701404
3807,TS_ts_guess_-pS2Od_template_1-8_9-10.xyz,37,31,6,r1_C15H15N.xyz,r0_C2H4.xyz,2.3674742236611572,2.3718714402766436
3808,TS_ts_guess_-NCgib_template_4-15_10-13.xyz,32,20,12,r1_C7H7NO5.xyz,r0_C4H8.xyz,2.7060694301698915,2.4845901926474716
3810,TS_hHGXZ7_hl_ad_4-8_6-7.xyz,32,12,20,r1_C2H5N3O2.xyz,r0_C7H10N2O.xyz,2.4220274739358345,2.2170939086335517
3812,TS_ts_guess_CdHwbJ_template_4-13_6-7.xyz,32,12,20,r1_C2H5N3O2.xyz,r0_C7H10N2O.xyz,2.514092976442995,2.2562540333481955
3813,TS_ts_guess_l8Bn3K_template_1-15_2-4.xyz,34,12,22,r0_C4H8.xyz,r1_C10H8N4.xyz,2.111787386504617,2.2239905980466737
3814,TS_ts_guess_MnkT4P_template_3-15_7-12.xyz,30,16,14,r0_C7H4N4O.xyz,r1_C5H8O.xyz,2.364695123372144,2.1667654027605296
3815,TS_ts_guess_2eqxP9_template_3-15_7-12.xyz,30,16,14,r0_C7H4N4O.xyz,r1_C5H8O.xyz,2.3161842194005207,2.1516886007273452
3818,TS_MX3zBL_ll_ad_2-13_4-5.xyz,35,13,22,r1_C2H8N3.xyz,r0_C8H10N2O2.xyz,2.1333018612001444,1.977692573960877
3820,TS_ts_guess_V34QRs_template_2-5_9-13.xyz,29,19,10,r0_C7H9N3.xyz,r1_C4H2O4.xyz,2.0489584036773416,2.4815119597737185
3821,TS_ts_guess_VMtTZc_template_3-16_11-14.xyz,35,23,12,r1_C10H9N3O.xyz,r0_C4H8.xyz,2.213994799203467,2.239902630093549
3823,TS_ts_guess_l2VHMD_template_4-14_8-11.xyz,35,17,18,r1_C5H6N2O4.xyz,r0_C6H12.xyz,1.8991469565307473,2.5210695203425075
3824,TS_ts_guess_fKjUGn_template_3-15_4-9.xyz,39,23,16,r0_C9H14.xyz,r1_C3H8N4O.xyz,1.9287043839323847,2.3278039504004626
3825,TS_ts_guess_-6572h_template_5-6_9-14.xyz,39,23,16,r0_C9H14.xyz,r1_C3H8N4O.xyz,1.9868637989051992,2.140461569965693
3826,TS_ts_guess_QzWhHl_template_3-12_4-9.xyz,39,23,16,r0_C9H14.xyz,r1_C3H8N4O.xyz,2.262431363422988,1.9438420094493276
3827,TS_ts_guess_WAKfG1_template_4-5_6-14.xyz,39,16,23,r1_C3H8N4O.xyz,r0_C9H14.xyz,1.9217911121399225,2.3083204030853257
3828,TS_ts_guess_MkVZVe_template_4-9_6-8.xyz,39,16,23,r1_C3H8N4O.xyz,r0_C9H14.xyz,2.650016251233188,1.8851220879561088
3829,TS_ts_guess_zvfqvK_template_5-6_12-14.xyz,39,23,16,r0_C9H14.xyz,r1_C3H8N4O.xyz,2.3646604745290603,1.884385088404172
3830,TS_ts_guess_EC2diS_template_3-15_5-12.xyz,35,21,14,r0_C10H9NO.xyz,r1_C5H8O.xyz,2.114739502846627,2.842193498462059
3831,TS_ts_guess_4vQNrR_template_3-15_5-12.xyz,35,21,14,r0_C10H9NO.xyz,r1_C5H8O.xyz,2.2957466517671326,2.341465404527686
3832,TS_ts_guess_CJG8v5_template_4-7_9-11.xyz,33,21,12,r1_C8H7N5O.xyz,r0_C4H8.xyz,2.302614987269908,2.3199342470208073
3833,TS_ts_guess_96CoHb_template_4-14_6-11.xyz,37,19,18,r1_C5H8N4O2.xyz,r0_C6H12.xyz,2.264716494155505,2.6529568830646304
3834,TS_ts_guess_2OzcZ2_template_3-17_5-10.xyz,29,17,12,r0_C6H7NO3.xyz,r1_C6H4O2.xyz,2.396045840149975,1.985729757570249
3835,TS_R6Rtpp_ll_ad_1-16_3-6.xyz,31,14,17,r0_C5H8O.xyz,r1_C8H5NO3.xyz,2.413874399652973,1.9820807791056347
3836,TS_DLrlyQ_ll_ad_1-8_3-6.xyz,31,14,17,r0_C5H8O.xyz,r1_C8H5NO3.xyz,2.0116414621149565,2.2936921400658807
3838,TS_ts_guess_nsc4c4_template_1-15_5-12.xyz,35,21,14,r0_C10H9NO.xyz,r1_C5H8O.xyz,2.5080961480971977,2.6170935305028746
3839,TS_ts_guess_8UvJiB_template_1-15_5-12.xyz,35,21,14,r0_C10H9NO.xyz,r1_C5H8O.xyz,2.5094586470790867,2.380185887656676
3840,TS_ts_guess_pFvL9W_template_4-17_7-10.xyz,30,18,12,r0_C6H8N2O2.xyz,r1_C6H4O2.xyz,2.4514740287631036,2.186709145382623
3841,TS_ts_guess_kd03sU_template_2-9_10-11.xyz,33,27,6,r1_C15H10N2.xyz,r0_C2H4.xyz,2.61042698049572,2.2818780442652935
3842,TS_ts_guess_yP7JW5_template_5-6_13-14.xyz,38,23,15,r0_C9H14.xyz,r1_C3H7N3O2.xyz,2.368303608197226,1.9459916693038537
3843,TS_ts_guess_NwqdBD_template_4-9_7-8.xyz,38,15,23,r1_C3H7N3O2.xyz,r0_C9H14.xyz,2.56319335409953,1.914517959304639
3844,TS_ts_guess_s3jp4y_template_3-12_4-9.xyz,38,23,15,r0_C9H14.xyz,r1_C3H7N3O2.xyz,2.0804930477653607,2.0069899238909996
3845,TS_ts_guess_pSVkAa_template_3-4_7-12.xyz,38,23,15,r0_C9H14.xyz,r1_C3H7N3O2.xyz,2.059806876845497,2.120948910912283
3846,TS_ts_guess_RABbPD_template_4-5_6-14.xyz,38,15,23,r1_C3H7N3O2.xyz,r0_C9H14.xyz,2.025306884647361,2.3119026394076374
3847,TS_ts_guess_piQpNn_template_5-6_9-14.xyz,38,23,15,r0_C9H14.xyz,r1_C3H7N3O2.xyz,2.164476346717607,2.0859935430389043
3848,TS_ts_guess_CicSsH_template_1-10_3-6.xyz,31,14,17,r0_C5H8O.xyz,r1_C8H5NO3.xyz,2.2465442466820016,2.103761875308135
3849,TS_ts_guess_wVIPJ6_template_1-14_3-6.xyz,31,14,17,r0_C5H8O.xyz,r1_C8H5NO3.xyz,2.048754567047991,2.4063083555521305
3850,TS_ts_guess_IgfXws_template_4-8_9-10.xyz,34,28,6,r1_C12H12N2O2.xyz,r0_C2H4.xyz,2.590873091179883,2.264195603520155
3851,TS_ts_guess_Is16F2_template_4-14_6-11.xyz,35,21,14,r1_C6H10N2O3.xyz,r0_C5H8O.xyz,2.4363484144514307,2.1583051385983403
3852,TS_ts_guess_WHl5-i_template_4-14_6-11.xyz,35,21,14,r1_C6H10N2O3.xyz,r0_C5H8O.xyz,2.0904815434966175,2.5572324951009047
3853,TS_ts_guess_mHEn3g_template_4-17_7-10.xyz,29,17,12,r0_C6H7NO3.xyz,r1_C6H4O2.xyz,2.601395378272976,2.620537738919247
3854,TS_ts_guess_bp2RHC_template_4-15_9-13.xyz,37,25,12,r1_C8H12N2O3.xyz,r0_C4H8.xyz,2.379679833486009,2.1460493054447745
3856,TS_ts_guess_SI24cV_template_4-14_6-11.xyz,36,18,18,r1_C5H7N3O3.xyz,r0_C6H12.xyz,2.652030374147325,2.266676221386725
3863,TS_ts_guess_5Opya7_template_3-15_5-12.xyz,39,21,18,r0_C10H9NO.xyz,r1_C6H12.xyz,2.269641340895076,2.527679134898257
3864,TS_ts_guess_FH92k4_template_4-8_10-12.xyz,41,29,12,r1_C9H16N2O2.xyz,r0_C4H8.xyz,2.632915193412048,2.101461585991997
3865,TS_ts_guess_UG-sr8_template_1-3_5-15.xyz,36,18,18,r0_C6H12.xyz,r1_C8H6N2O2.xyz,2.9740423093325354,2.44321590046807
3866,TS_ts_guess_9w4HBL_template_4-15_7-13.xyz,38,26,12,r1_C8H13NO4.xyz,r0_C4H8.xyz,2.4218196062258643,2.3024186226444576
3867,TS_ts_guess_0mcVhT_template_4-14_8-10.xyz,27,17,10,r0_C5H7N3O2.xyz,r1_C4H2O4.xyz,2.5642624444662445,2.35339345178404
3868,TS_ts_guess_mNS3Hv_template_4-14_9-10.xyz,26,16,10,r0_C5H6N2O3.xyz,r1_C4H2O4.xyz,2.293931268586747,2.022888187715772
3869,TS_ts_guess_QISwXA_template_4-14_8-11.xyz,40,26,14,r1_C8H15NO2.xyz,r0_C5H8O.xyz,2.3241100522350484,2.351205351069957
3870,TS_ts_guess_ZKfVVD_template_4-6_9-12.xyz,40,26,14,r1_C8H15NO2.xyz,r0_C5H8O.xyz,2.52048006064321,2.2512360228550006
3871,TS_ts_guess_DZAVrW_template_2-15_4-11.xyz,26,16,10,r0_C8H5N3.xyz,r1_C4H2O4.xyz,2.566587197155008,2.2633860171875235
3872,TS_ts_guess_MG63cf_template_4-14_6-10.xyz,27,17,10,r0_C5H7N3O2.xyz,r1_C4H2O4.xyz,2.6581740303448904,2.207127921190795
3873,TS_ts_guess_S9e7LF_template_4-17_6-10.xyz,31,19,12,r0_C5H9N3O2.xyz,r1_C6H4O2.xyz,2.2421993806974436,2.0472147453064125
3874,TS_ts_guess_-Qwbha_template_4-16_6-14.xyz,37,25,12,r1_C11H11NO2.xyz,r0_C4H8.xyz,2.2211625863272593,2.593304805224407
3876,TS_ts_guess_ujYIgz_template_1-15_2-4.xyz,40,12,28,r0_C4H8.xyz,r1_C12H14N2.xyz,2.1592100381621053,2.517414280884257
3877,TS_ts_guess_pytUg8_template_4-14_8-10.xyz,28,18,10,r0_C6H8N2O2.xyz,r1_C4H2O4.xyz,2.4426878565424603,2.0523937607096743
3879,TS_ts_guess_QPUL3w_template_3-5_6-7.xyz,36,30,6,r1_C13H14O3.xyz,r0_C2H4.xyz,2.412849952276353,2.5460918664101655
3880,TS_ts_guess_-7zYgG_template_4-16_6-14.xyz,38,26,12,r1_C11H12N2O.xyz,r0_C4H8.xyz,2.227519493292932,2.6188860685986324
3882,TS_ukAibo_ll_ad_3-4_10-13.xyz,37,23,14,r0_C9H14.xyz,r1_C5H5N3O.xyz,2.2514330608303683,2.5219555159835787
3883,TS_ts_guess_gOF4AG_template_5-6_12-15.xyz,37,23,14,r0_C9H14.xyz,r1_C5H5N3O.xyz,2.2703615888884303,2.5311658668092063
3884,TS_ts_guess_2MkXGb_template_5-6_10-15.xyz,37,23,14,r0_C9H14.xyz,r1_C5H5N3O.xyz,2.6613664108686725,2.2123016810778764
3885,TS_reZ7Uq_ll_ad_3-4_8-13.xyz,37,23,14,r0_C9H14.xyz,r1_C5H5N3O.xyz,2.565442637265546,2.216273080060307
3886,TS_ts_guess_j3z3S8_template_4-10_6-9.xyz,37,14,23,r1_C5H5N3O.xyz,r0_C9H14.xyz,2.342849164286937,2.424776226252641
3887,TS_ts_guess_mpLpvC_template_3-7_8-9.xyz,36,30,6,r1_C12H14N2O2.xyz,r0_C2H4.xyz,2.282182182320246,2.1230389301423562
3888,TS_ts_guess_1H0cbR_template_2-18_10-11.xyz,31,19,12,r1_C9H8N2.xyz,r0_C6H4O2.xyz,2.5879350710170455,2.2440607739542173
3889,TS_ts_guess_08N4l8_template_1-15_3-12.xyz,39,21,18,r1_C9H9N3.xyz,r0_C6H12.xyz,2.0761267141964144,2.3903701069290504
3890,TS_ts_guess_B4cjw8_template_4-7_11-15.xyz,27,17,10,r0_C5H7N3O2.xyz,r1_C4H2O4.xyz,2.178559326183246,1.9795964425862154
3891,TS_ts_guess_COy2NP_template_3-13_4-9.xyz,36,23,13,r0_C9H14.xyz,r1_C5H4N2O2.xyz,2.516596766071195,2.02747121503611
3892,TS_ts_guess_RjfrHU_template_5-6_10-15.xyz,36,23,13,r0_C9H14.xyz,r1_C5H4N2O2.xyz,2.1130464864029848,2.3308558361468865
3893,TS_ts_guess_beFyip_template_6-13_8-9.xyz,36,23,13,r0_C9H14.xyz,r1_C5H4N2O2.xyz,2.8346748725206563,2.0337122420342557
3894,TS_ts_guess_q9vLaI_template_6-12_8-9.xyz,36,23,13,r0_C9H14.xyz,r1_C5H4N2O2.xyz,2.294257260596553,2.144072406379971
3895,TS_ts_guess_XX6ux5_template_5-6_9-15.xyz,36,23,13,r0_C9H14.xyz,r1_C5H4N2O2.xyz,2.5670634844117117,2.050357296692457
3896,TS_ts_guess_u8g9OK_template_3-12_4-9.xyz,36,23,13,r0_C9H14.xyz,r1_C5H4N2O2.xyz,1.9578490499014474,2.6286785761861418
3897,TS_ts_guess_XJVF53_template_4-14_7-11.xyz,38,20,18,r1_C5H9N3O3.xyz,r0_C6H12.xyz,2.2973310104553937,2.261104639484869
3898,TS_ts_guess_7KcQxK_template_3-15_5-12.xyz,38,20,18,r0_C9H8N2O.xyz,r1_C6H12.xyz,2.5176662238469976,2.333663908578097
3899,TS_ts_guess_TsxaYC_template_4-15_10-13.xyz,40,28,12,r1_C8H15N3O2.xyz,r0_C4H8.xyz,2.4936893561749023,2.252301886204423
3900,TS_ts_guess_YZRt6x_template_3-15_11-12.xyz,39,21,18,r0_C10H9NO.xyz,r1_C6H12.xyz,3.0152728448019426,2.216107131367976
3901,TS_ts_guess_Rujy3f_template_1-10_2-4.xyz,32,12,20,r0_C4H8.xyz,r1_C11H5N3O.xyz,2.443712972384441,2.4701047428398657
3902,TS_ts_guess_CsDYHx_template_4-16_8-14.xyz,33,21,12,r1_C8H7N3O3.xyz,r0_C4H8.xyz,2.2872659932985493,2.3520466859949867
3903,TS_ts_guess_gFpsBx_template_5-11_6-9.xyz,35,23,12,r0_C9H14.xyz,r1_C4H3N3O2.xyz,2.5280365632245116,1.9638811612976992
3904,TS_ts_guess_HKAc7C_template_4-10_8-9.xyz,35,12,23,r1_C4H3N3O2.xyz,r0_C9H14.xyz,2.7800200295861175,1.9769219146946597
3905,TS_ts_guess_WznBuQ_template_4-7_8-16.xyz,35,12,23,r1_C4H3N3O2.xyz,r0_C9H14.xyz,2.209575280297098,2.232412945603927
3906,TS_ts_guess_W2aAPv_template_3-11_4-9.xyz,35,23,12,r0_C9H14.xyz,r1_C4H3N3O2.xyz,2.333705760994732,1.9917991853096035
3907,TS_ts_guess_Qmucku_template_3-4_6-13.xyz,35,23,12,r0_C9H14.xyz,r1_C4H3N3O2.xyz,1.9477613709333084,2.456765979311013
3908,TS_ts_guess_Es2JrT_template_5-6_8-15.xyz,35,23,12,r0_C9H14.xyz,r1_C4H3N3O2.xyz,2.0797560484345268,2.321281809970517
3909,TS_ts_guess_ko0PBM_template_1-14_2-4.xyz,32,12,20,r0_C4H8.xyz,r1_C11H5N3O.xyz,2.5468486733608655,2.409700927272926
3910,TS_ts_guess_IWQJpF_template_4-15_10-13.xyz,38,26,12,r1_C8H13NO4.xyz,r0_C4H8.xyz,2.451029805510329,2.119496905423549
3911,TS_ts_guess_c2jguM_template_4-6_8-10.xyz,41,29,12,r1_C9H16N2O2.xyz,r0_C4H8.xyz,2.2835443596523364,2.6704574705656707
3912,TS_ts_guess_oZn7Tl_template_4-7_11-15.xyz,28,18,10,r1_C6H8N2O2.xyz,r0_C4H2O4.xyz,2.574268421241266,2.0539204957592685
3913,TS_ts_guess_tHqEDO_template_1-10_2-4.xyz,40,12,28,r0_C4H8.xyz,r1_C12H14N2.xyz,2.402030189610447,2.3157958953888835
3914,TS_lWslMc_hl_ad_4-16_10-12.xyz,38,25,13,r0_C7H13N3O2.xyz,r1_C2H8N3.xyz,2.5981507235339523,1.9029042377902257
3915,TS_ts_guess_tXp36R_template_4-13_10-12.xyz,38,25,13,r0_C7H13N3O2.xyz,r1_C2H8N3.xyz,2.38916312500842,1.832008951015251
3923,TS_EUBk6f_ll_ad_4-13_10-12.xyz,36,23,13,r1_C6H11N3O3.xyz,r0_C2H8N3.xyz,1.6636887495862922,1.9375892246552155
3925,TS_ts_guess_Dledpz_template_2-11_4-5.xyz,37,13,24,r0_C2H8N3.xyz,r1_C7H12N2O3.xyz,1.8692808125051732,2.2090028796948182
3926,TS_ts_guess_PuQI3w_template_2-13_4-5.xyz,37,13,24,r0_C2H8N3.xyz,r1_C7H12N2O3.xyz,1.651783307610293,2.8610209757532363
3927,TS_ts_guess_ljDqOR_template_3-10_6-9.xyz,38,15,23,r1_C4H6N4O.xyz,r0_C9H14.xyz,2.6653884186924803,2.0142442932772577
3928,TS_ts_guess_-9GaEg_template_3-14_4-9.xyz,38,23,15,r0_C9H14.xyz,r1_C4H6N4O.xyz,1.938046825724291,2.95939600114618
3930,TS_ts_guess_y36Xri_template_5-6_12-15.xyz,38,23,15,r0_C9H14.xyz,r1_C4H6N4O.xyz,2.14384592436117,2.2084281819882667
3931,TS_ts_guess_2Kn9tx_template_5-6_11-15.xyz,38,23,15,r0_C9H14.xyz,r1_C4H6N4O.xyz,2.528251735844356,2.032049909770919
3932,TS_ts_guess_aXxoXJ_template_3-15_4-9.xyz,38,23,15,r0_C9H14.xyz,r1_C4H6N4O.xyz,2.237113949467036,2.0432130179939634
3933,TS_ts_guess_4Lmxaw_template_3-18_7-11.xyz,26,14,12,r0_C6H3NO4.xyz,r1_C6H4O2.xyz,2.172927701466388,2.3744010120028167
3934,TS_ts_guess_uSAiPT_template_3-15_5-12.xyz,39,21,18,r0_C8H9N3O.xyz,r1_C6H12.xyz,2.157252565162457,2.0699697721464436
3935,TS_ts_guess_vhPvyO_template_3-15_5-12.xyz,41,23,18,r0_C10H11NO.xyz,r1_C6H12.xyz,2.361361753332174,2.246244451768329
3937,TS_ts_guess_2XRw64_template_4-14_9-10.xyz,28,18,10,r1_C6H8O4.xyz,r0_C4H2O4.xyz,2.7550446385857343,2.3699136424140015
3938,TS_ts_guess_-_OB6h_template_3-14_8-10.xyz,31,21,10,r0_C7H11NO2.xyz,r1_C4H2O4.xyz,2.6215620675467517,2.048291056222235
3939,TS_ts_guess_OkB71N_template_8-13_9-10.xyz,35,20,15,r0_C7H10N2O.xyz,r1_C5H7NO2.xyz,2.2870401824629143,2.1666520821073236
3940,TS_ts_guess_rG18SV_template_5-13_9-10.xyz,35,20,15,r0_C7H10N2O.xyz,r1_C5H7NO2.xyz,2.6515108389369253,1.97148729404985
3941,TS_ts_guess_S5AW53_template_5-13_9-10.xyz,35,20,15,r0_C7H10N2O.xyz,r1_C5H7NO2.xyz,2.0486915849390313,2.355328249841198
3942,TS_ts_guess_ADQlMm_template_8-13_9-10.xyz,35,20,15,r0_C7H10N2O.xyz,r1_C5H7NO2.xyz,2.068288679512606,2.5456994145813834
3943,TS_ts_guess_s1KapZ_template_1-2_4-17.xyz,37,12,25,r0_C4H8.xyz,r1_C13H10N2.xyz,2.1464243148082347,2.3130861097892574
3945,TS_ts_guess_j_qyQo_template_4-14_6-10.xyz,28,18,10,r0_C5H8N2O3.xyz,r1_C4H2O4.xyz,2.4226509527168787,2.2227058796430983
3946,TS_ts_guess_8Qy3KY_template_3-4_8-12.xyz,31,21,10,r0_C7H11NO2.xyz,r1_C4H2O4.xyz,2.4379150854982625,2.1983019545321794
3947,TS_ts_guess_KyiM97_template_4-16_7-14.xyz,39,27,12,r1_C11H13NO2.xyz,r0_C4H8.xyz,2.3340982665046477,2.2334162737385075
3948,TS_ts_guess_eWW8aS_template_4-15_6-12.xyz,37,19,18,r1_C7H7N3O2.xyz,r0_C6H12.xyz,2.23363390881317,2.8876453419871355
3949,TS_g2Gozb_ll_ad_4-16_7-14.xyz,39,27,12,r1_C11H13NO2.xyz,r0_C4H8.xyz,2.4827880653410594,2.4701016373825593
3950,TS_2-9iK1_ll_ad_4-15_8-11.xyz,24,14,10,r0_C6H3N3O2.xyz,r1_C4H2O4.xyz,2.967229060740003,2.2739547212950395
3951,TS_ts_guess_jmrVIU_template_4-15_8-12.xyz,34,20,14,r1_C6H8N4O2.xyz,r0_C5H8O.xyz,2.254015657155025,2.0936781639258695
3952,TS_ts_guess_5Jdz15_template_4-15_8-12.xyz,34,20,14,r1_C6H8N4O2.xyz,r0_C5H8O.xyz,2.175814992456849,2.0909295339633043
3953,TS_ts_guess_gAx9_x_template_4-14_8-11.xyz,45,27,18,r1_C8H16N2O.xyz,r0_C6H12.xyz,2.595332648178264,2.3657298989740987
3954,TS_ts_guess_vO-mKS_template_4-5_7-9.xyz,37,25,12,r1_C9H11N3O2.xyz,r0_C4H8.xyz,2.0960579757964712,2.249049384540055
3956,TS_ts_guess_Q0RcpG_template_5-11_6-9.xyz,38,23,15,r0_C9H14.xyz,r1_C5H6N2O2.xyz,3.208114758966705,2.352153139274737
3957,TS_ts_guess_QCv-w7_template_3-11_4-9.xyz,38,23,15,r0_C9H14.xyz,r1_C5H6N2O2.xyz,2.8106167453069797,2.348741887670929
3958,TS_ts_guess_MQ7o6A_template_5-6_8-15.xyz,38,23,15,r0_C9H14.xyz,r1_C5H6N2O2.xyz,2.249740266319648,3.0857637200213497
3959,TS_DEG9AV_hl_ad_4-7_8-16.xyz,38,15,23,r1_C5H6N2O2.xyz,r0_C9H14.xyz,2.6284013840735967,2.3848495607689806
3962,TS_ts_guess_ujFa2u_template_1-3_7-16.xyz,36,18,18,r0_C6H12.xyz,r1_C10H5N3.xyz,2.2968734710035728,2.8477443554855832
3963,TS_ts_guess_0-3AJG_template_4-16_12-14.xyz,39,27,12,r1_C10H13N3O.xyz,r0_C4H8.xyz,2.32821418194289,2.0964098113202962
3964,TS_fwyRGR_ll_ad_4-16_6-14.xyz,37,25,12,r1_C10H11NO3.xyz,r0_C4H8.xyz,2.480971669024054,2.2105005974665555
3965,TS_ts_guess_CP-spE_template_5-15_9-10.xyz,37,20,17,r1_C7H10N2O.xyz,r0_C6H9NO.xyz,2.4713897602968253,2.584805559689162
3966,TS_ts_guess_CF4-Sv_template_8-14_9-10.xyz,37,20,17,r1_C7H10N2O.xyz,r0_C6H9NO.xyz,2.5275119455701884,2.4377981745419373
3967,TS_ts_guess_Yl8JBA_template_5-14_9-10.xyz,37,20,17,r1_C7H10N2O.xyz,r0_C6H9NO.xyz,2.5485658021914994,2.300124632731887
3968,TS_ts_guess_CJFDlq_template_8-15_9-10.xyz,37,20,17,r1_C7H10N2O.xyz,r0_C6H9NO.xyz,2.3768344767358114,2.7685825570858458
3969,TS_ts_guess_LHClAw_template_4-6_7-8.xyz,40,34,6,r1_C13H18N2O.xyz,r0_C2H4.xyz,2.413882292863511,2.291401941825135
3970,TS_ts_guess_Iv0lK4_template_5-6_12-15.xyz,40,23,17,r0_C9H14.xyz,r1_C6H8N2O.xyz,2.5505829030439298,2.193162415713893
3971,TS_ts_guess_TlANJB_template_3-4_10-13.xyz,40,23,17,r0_C9H14.xyz,r1_C6H8N2O.xyz,2.2876092183106795,2.2138177390652554
3972,TS_ts_guess_DkRXnm_template_3-10_6-9.xyz,40,17,23,r1_C6H8N2O.xyz,r0_C9H14.xyz,2.766265350016155,2.1195358453680373
3973,TS_ts_guess_YKDp37_template_5-6_11-15.xyz,40,23,17,r0_C9H14.xyz,r1_C6H8N2O.xyz,2.3519018293075074,2.237818127864729
3974,TS_ts_guess_0PKLuN_template_3-4_9-13.xyz,40,23,17,r0_C9H14.xyz,r1_C6H8N2O.xyz,2.185421840698038,2.3105997895135366
3975,TS_ts_guess_qDzcOJ_template_3-4_5-13.xyz,40,17,23,r1_C6H8N2O.xyz,r0_C9H14.xyz,2.0768385874930195,2.7434043215319175
3976,TS_ts_guess_OyHFSK_template_3-7_11-15.xyz,31,21,10,r1_C7H11NO2.xyz,r0_C4H2O4.xyz,2.618936760767621,2.0356025589981948
3983,TS_ts_guess_crkCbu_template_5-6_8-15.xyz,38,23,15,r0_C9H14.xyz,r1_C5H6O4.xyz,2.445885308942347,2.4069736148533076
3984,TS_ts_guess_vPGNbP_template_3-10_8-9.xyz,38,15,23,r1_C5H6O4.xyz,r0_C9H14.xyz,3.007117358950262,2.3332270331238663
3986,TS_ts_guess_m3ofBc_template_3-4_6-13.xyz,38,23,15,r0_C9H14.xyz,r1_C5H6O4.xyz,2.3489163028298816,2.8026351669277254
3987,TS_ts_guess_s6XjR7_template_3-7_8-16.xyz,38,15,23,r1_C5H6O4.xyz,r0_C9H14.xyz,2.5486101654431184,2.8722194528621943
3988,TS_ts_guess_3ve6ll_template_3-11_4-9.xyz,38,23,15,r0_C9H14.xyz,r1_C5H6O4.xyz,2.415913850140356,2.4969845583222976
3989,TS_ts_guess_CLVW4d_template_4-9_11-13.xyz,38,26,12,r1_C8H12N4O2.xyz,r0_C4H8.xyz,2.5256418690503213,2.2043419689558155
3990,TS_ts_guess_cWazuz_template_4-16_8-14.xyz,32,20,12,r1_C7H6O7.xyz,r0_C4H8.xyz,2.173980851755599,2.6086943655016395
3991,TS_ts_guess_pBeSPu_template_4-14_7-8.xyz,37,17,20,r0_C5H9NO2.xyz,r1_C7H10N2O.xyz,2.693025323089257,2.0129769583877506
3992,TS_ts_guess_y05N6m_template_4-17_7-8.xyz,37,17,20,r0_C5H9NO2.xyz,r1_C7H10N2O.xyz,2.7104547912481403,2.0709549924853508
3993,TS_ts_guess_TQFLxG_template_4-9_7-8.xyz,37,17,20,r0_C5H9NO2.xyz,r1_C7H10N2O.xyz,2.3870754434244428,2.23862862677131
3995,TS_ts_guess_uS-zDN_template_1-15_2-4.xyz,38,12,26,r0_C4H8.xyz,r1_C12H11N3.xyz,2.2377870166304925,2.484137441406977
3996,TS_ts_guess_9PmsDC_template_4-16_6-14.xyz,33,21,12,r1_C7H7NO6.xyz,r0_C4H8.xyz,2.640338100035675,2.2063504629591377
3997,TS_ts_guess_8cjaDr_template_3-6_7-8.xyz,35,29,6,r1_C13H12N2O2.xyz,r0_C2H4.xyz,2.4370667269691246,2.150657690800654
3998,TS_ts_guess_tRrctf_template_4-14_7-10.xyz,33,23,10,r0_C7H13NO2.xyz,r1_C4H2O4.xyz,2.411199704732065,2.2399703976838623
3999,TS_ts_guess_9rjO_y_template_4-5_7-9.xyz,36,24,12,r1_C7H10N4O3.xyz,r0_C4H8.xyz,2.120788938414193,2.4506654844143867
4000,TS_ts_guess_2HcTEO_template_4-15_6-12.xyz,35,21,14,r1_C7H9NO4.xyz,r0_C5H8O.xyz,2.2388626834622976,2.4777015594901655
4001,TS_ts_guess_0g2aCL_template_4-15_6-12.xyz,35,21,14,r1_C7H9NO4.xyz,r0_C5H8O.xyz,2.1439641624570127,2.7665186187698065
4002,TS_ts_guess_PPsBGO_template_4-5_9-13.xyz,33,23,10,r0_C6H13N3O.xyz,r1_C4H2O4.xyz,2.1297300244397177,2.3260574098461113
4003,TS_ts_guess_HXClPw_template_1-8_9-10.xyz,40,34,6,r1_C16H17N.xyz,r0_C2H4.xyz,2.3719524281275124,2.383416525788138
4004,TS_ts_guess_eTBbvo_template_4-17_7-8.xyz,34,14,20,r1_C4H6O4.xyz,r0_C7H10N2O.xyz,2.325898515176447,2.1777447613529
4005,TS_ICt3Vq_hl_ad_4-14_7-8.xyz,34,14,20,r1_C4H6O4.xyz,r0_C7H10N2O.xyz,2.4185902683588223,2.538200208277511
4006,TS_ts_guess_2auM8U_template_4-17_7-8.xyz,34,14,20,r1_C4H6O4.xyz,r0_C7H10N2O.xyz,2.4100542417132442,2.2405859192184527
4007,TS_ts_guess_vmk3_u_template_4-9_7-8.xyz,34,14,20,r1_C4H6O4.xyz,r0_C7H10N2O.xyz,2.2569433030760875,2.7882690718257446
4008,TS_ts_guess_Z7Al4B_template_4-14_8-12.xyz,35,23,12,r1_C8H9NO5.xyz,r0_C4H8.xyz,2.4901555968653843,1.991680637301071
4009,TS_ts_guess_J5Bkce_template_4-16_10-14.xyz,36,24,12,r1_C8H10N2O4.xyz,r0_C4H8.xyz,2.368272401625286,2.3063713377077857
4010,TS_ts_guess__ZXwwc_template_5-6_12-15.xyz,41,23,18,r0_C9H14.xyz,r1_C6H9NO2.xyz,2.240837381181419,2.5357006541388123
4011,TS_ts_guess_gACF41_template_3-4_10-13.xyz,41,23,18,r0_C9H14.xyz,r1_C6H9NO2.xyz,2.2063228575618754,2.502143377786333
4012,TS_ts_guess_8ke3Pd_template_4-17_6-9.xyz,41,18,23,r1_C6H9NO2.xyz,r0_C9H14.xyz,2.073390386034429,2.9904658852091925
4013,TS_ts_guess_Z4ySfo_template_3-15_4-9.xyz,41,23,18,r0_C9H14.xyz,r1_C6H9NO2.xyz,2.566110363663262,2.1795220707760676
4014,TS_ts_guess_ibtZH0_template_4-10_6-9.xyz,41,18,23,r1_C6H9NO2.xyz,r0_C9H14.xyz,2.4080669719092116,2.3784302955100447
4015,TS_ts_guess_-Ogx8m_template_5-6_10-15.xyz,41,23,18,r0_C9H14.xyz,r1_C6H9NO2.xyz,2.735149671626765,2.125540123615642
4022,TS_ts_guess_capqcP_template_3-16_6-13.xyz,38,24,14,r0_C11H11NO.xyz,r1_C5H8O.xyz,2.7910621142676133,2.129748220306804
4023,TS_ts_guess_hm4svD_template_3-16_6-13.xyz,38,24,14,r0_C11H11NO.xyz,r1_C5H8O.xyz,2.48418330978211,2.274490378568351
4024,TS_ts_guess_ASKlMy_template_4-7_14-15.xyz,33,21,12,r0_C7H10N2O2.xyz,r1_C6H4O2.xyz,2.34465174618748,2.072433966619926
4025,TS_ts_guess_CCeoMo_template_4-16_6-14.xyz,38,26,12,r1_C7H12N4O3.xyz,r0_C4H8.xyz,2.1293624954196972,2.2383117775234083
4026,TS_ts_guess_4lgqBF_template_3-4_7-14.xyz,41,23,18,r0_C9H14.xyz,r1_C8H8N2.xyz,2.172295600234922,2.6438966457295567
4027,TS_ts_guess_NenRr5_template_6-17_8-9.xyz,41,23,18,r0_C9H14.xyz,r1_C8H8N2.xyz,2.3030389705777887,2.2878960856428776
4028,TS_ts_guess_EK281K_template_5-6_14-16.xyz,41,23,18,r0_C9H14.xyz,r1_C8H8N2.xyz,2.752949457109592,2.206082042377391
4029,TS_ts_guess_M-_K9Q_template_6-12_8-9.xyz,41,23,18,r0_C9H14.xyz,r1_C8H8N2.xyz,3.038972595516452,2.17368786731214
4030,TS_ts_guess_NjLH3M_template_5-6_9-16.xyz,41,23,18,r0_C9H14.xyz,r1_C8H8N2.xyz,2.2377540094031785,2.488913845154147
4031,TS_ts_guess_Yhl6Vd_template_3-12_4-9.xyz,41,23,18,r0_C9H14.xyz,r1_C8H8N2.xyz,2.5095156109695753,2.1671726516131566
4032,TS_ts_guess_DkmfV6_template_4-11_12-13.xyz,38,32,6,r1_C13H15N3O.xyz,r0_C2H4.xyz,2.388045162491698,2.355123356111098
4033,TS_ts_guess_D1O80r_template_4-6_13-14.xyz,32,20,12,r0_C6H9N3O2.xyz,r1_C6H4O2.xyz,2.2160506612214443,2.0068859220443995
4034,TS_ts_guess_UVQUwx_template_4-8_9-10.xyz,38,32,6,r1_C10H16N2O4.xyz,r0_C2H4.xyz,2.5513850342706017,2.196786940465552
4035,TS_ts_guess_KgFeOd_template_4-5_12-13.xyz,33,21,12,r0_C6H10N4O.xyz,r1_C6H4O2.xyz,2.0433264484168943,2.245341712501685
4036,TS_ts_guess_HfOmte_template_4-6_7-8.xyz,38,32,6,r1_C10H16N2O4.xyz,r0_C2H4.xyz,2.129630045101731,2.5298484040550733
4037,TS_ts_guess_MswVfM_template_4-5_6-7.xyz,34,28,6,r1_C12H11NO4.xyz,r0_C2H4.xyz,2.3940710677212573,2.015368633724362
4038,TS_3wFaEj_hl_ad_4-17_6-15.xyz,35,23,12,r1_C10H8N2O3.xyz,r0_C4H8.xyz,2.5261754706670714,2.492613667037072
4039,TS_ts_guess_6azmaR_template_4-15_6-12.xyz,39,25,14,r1_C7H13N3O2.xyz,r0_C5H8O.xyz,2.121033272770609,2.632401854751664
4040,TS_ts_guess_rh1Ojr_template_4-15_6-12.xyz,39,25,14,r1_C7H13N3O2.xyz,r0_C5H8O.xyz,2.4005234667671966,2.213456462865263
4041,TS_ts_guess_urMOYL_template_1-16_3-13.xyz,36,22,14,r1_C10H9NO2.xyz,r0_C5H8O.xyz,2.0317123867811606,2.349395300944479
4042,TS_ts_guess_rqMzQD_template_1-16_3-13.xyz,36,22,14,r1_C10H9NO2.xyz,r0_C5H8O.xyz,2.49032746316624,2.0404424417022895
4043,TS_ts_guess_ZhHyLm_template_4-18_7-11.xyz,34,22,12,r0_C7H11N3O.xyz,r1_C6H4O2.xyz,2.395029473325955,2.4373372369862976
4044,TS_ts_guess_JImqAN_template_4-6_7-8.xyz,34,28,6,r1_C9H12O7.xyz,r0_C2H4.xyz,2.545458688448901,2.574687726696191
4045,TS_ts_guess_k50RxW_template_4-15_7-12.xyz,40,26,14,r1_C8H14N2O2.xyz,r0_C5H8O.xyz,2.2059254695025396,2.641937198723694
4046,TS_ts_guess_9vkSYq_template_4-15_7-12.xyz,40,26,14,r1_C8H14N2O2.xyz,r0_C5H8O.xyz,2.3969496409812203,2.254200408925524
4047,TS_ts_guess_6pak1__template_8-13_9-10.xyz,32,20,12,r0_C7H10N2O.xyz,r1_C5H3NO3.xyz,2.3016780924577613,2.7511751510036575
4048,TS_ts_guess_eDJYS9_template_5-13_9-10.xyz,32,20,12,r0_C7H10N2O.xyz,r1_C5H3NO3.xyz,2.1856183386401207,2.6470832534130846
4049,TS_ts_guess_0PgkXr_template_5-16_9-10.xyz,32,20,12,r0_C7H10N2O.xyz,r1_C5H3NO3.xyz,2.3903481966023272,2.256622322631769
4050,TS_ts_guess_xDw7X6_template_8-16_9-10.xyz,32,20,12,r0_C7H10N2O.xyz,r1_C5H3NO3.xyz,2.3915773489059475,2.404714956476131
4051,TS_ts_guess_Wg3gMl_template_5-13_9-10.xyz,33,20,13,r0_C7H10N2O.xyz,r1_C5H4N2O2.xyz,2.5471925591325046,1.8864165699547915
4052,TS_ts_guess_d9BYiE_template_8-14_9-10.xyz,33,20,13,r0_C7H10N2O.xyz,r1_C5H4N2O2.xyz,2.03070671959296,2.701275444563179
4053,TS_ts_guess_aikggD_template_5-14_9-10.xyz,33,20,13,r0_C7H10N2O.xyz,r1_C5H4N2O2.xyz,1.9769964423589639,2.62969443658384
4054,TS_ts_guess_bOjYUo_template_8-13_9-10.xyz,33,20,13,r0_C7H10N2O.xyz,r1_C5H4N2O2.xyz,2.293126171103544,2.0613142660691017
4055,TS_ts_guess_Sdj4_U_template_4-16_10-14.xyz,37,25,12,r1_C8H11NO5.xyz,r0_C4H8.xyz,2.3308712576631083,2.3232778903308144
4056,TS_iwQUxQ_ll_ad_4-17_12-15.xyz,37,25,12,r1_C11H10N2O2.xyz,r0_C4H8.xyz,2.533268518258576,2.570322971787787
4057,TS_ts_guess_JcdHTL_template_3-13_4-9.xyz,44,23,21,r0_C9H14.xyz,r1_C6H12N2O.xyz,2.340280948198314,2.2309297107260013
4058,TS_ts_guess_AKr1n__template_3-16_4-9.xyz,44,23,21,r0_C9H14.xyz,r1_C6H12N2O.xyz,2.0106680757400017,2.330128850364288
4059,TS_ts_guess_m7AG9B_template_3-10_7-9.xyz,44,21,23,r1_C6H12N2O.xyz,r0_C9H14.xyz,2.8683556386543145,1.939070286374375
4060,TS_ts_guess_SgEcRm_template_3-5_6-14.xyz,44,21,23,r1_C6H12N2O.xyz,r0_C9H14.xyz,2.0501214846686526,2.7123553640516946
4061,TS_ts_guess_-iP33K_template_5-6_10-15.xyz,44,23,21,r0_C9H14.xyz,r1_C6H12N2O.xyz,2.0590582059281375,2.2410486346351344
4062,TS_ts_guess_fbL-M6_template_5-13_6-9.xyz,44,23,21,r0_C9H14.xyz,r1_C6H12N2O.xyz,2.482950309188648,1.9977574371279414
4063,TS_ts_guess_hTFndu_template_3-6_8-10.xyz,39,27,12,r1_C12H12N2O.xyz,r0_C4H8.xyz,2.4773053347135066,2.0335479695841943
4064,TS_fpXoVh_hl_ad_4-16_6-14.xyz,37,25,12,r1_C8H11NO5.xyz,r0_C4H8.xyz,2.4169508940191564,2.7823721704509623
4065,TS_ts_guess_eHhJuk_template_4-18_6-17.xyz,35,29,6,r1_C12H12N2O3.xyz,r0_C2H4.xyz,2.2226298297512344,2.67398824584178
4066,TS_ts_guess_vqP4au_template_4-8_10-12.xyz,38,26,12,r1_C8H12N2O4.xyz,r0_C4H8.xyz,2.6597367831046737,2.1162031706336704
4067,TS_ts_guess_poRoWy_template_4-16_12-13.xyz,36,22,14,r1_C9H9N3O.xyz,r0_C5H8O.xyz,2.3521891118913034,1.9797196975582172
4068,TS_ts_guess_gLGK-d_template_4-16_12-13.xyz,36,22,14,r1_C9H9N3O.xyz,r0_C5H8O.xyz,2.124274645426057,2.214302763219158
4069,TS_dlrZYM_hl_ad_2-16_6-13.xyz,35,21,14,r1_C9H8N2O2.xyz,r0_C5H8O.xyz,2.65271026003595,2.6522916161877825
4073,TS_id0-dl_ll_ad_2-10_4-5.xyz,37,13,24,r1_C2H8N3.xyz,r0_C11H10N2O.xyz,2.8872297407376504,1.7091186971652963
4079,TS_ts_guess__iq7vy_template_4-6_7-15.xyz,39,16,23,r1_C6H6N2O2.xyz,r0_C9H14.xyz,2.4476643252292583,2.3567444649982736
4080,TS_ts_guess_SBTfAX_template_3-13_4-9.xyz,39,23,16,r0_C9H14.xyz,r1_C6H6N2O2.xyz,2.5996489711305255,2.2036460296063884
4081,TS_ts_guess_b2ChzN_template_4-11_7-10.xyz,39,16,23,r1_C6H6N2O2.xyz,r0_C9H14.xyz,3.022014874880665,2.2261165452644205
4082,TS_ts_guess_S38BAV_template_5-6_10-16.xyz,39,23,16,r0_C9H14.xyz,r1_C6H6N2O2.xyz,2.218491994599034,2.6638535149103078
4083,TS_ts_guess_UbmlnT_template_5-13_6-9.xyz,39,23,16,r0_C9H14.xyz,r1_C6H6N2O2.xyz,2.710267506889311,2.2312019167031925
4084,TS_ts_guess_7j57Sz_template_3-4_8-14.xyz,39,23,16,r0_C9H14.xyz,r1_C6H6N2O2.xyz,2.2057854176913945,2.6655336519916606
4085,TS_ts_guess_tCXQgs_template_3-5_9-13.xyz,33,23,10,r0_C8H12N2O.xyz,r1_C4H2O4.xyz,2.3433187567209033,2.3385756838297964
4086,TS_ts_guess_h0d-IX_template_4-8_15-16.xyz,34,22,12,r0_C7H11NO3.xyz,r1_C6H4O2.xyz,2.5636172490447944,2.156904054542065
4087,TS_ts_guess_tHdlnk_template_3-16_5-13.xyz,39,25,14,r0_C11H12O2.xyz,r1_C5H8O.xyz,2.3006431220421826,2.6494285219269456
4088,TS_ts_guess_3Cj2g0_template_3-16_5-13.xyz,39,25,14,r0_C11H12O2.xyz,r1_C5H8O.xyz,2.427846886502524,2.43568374164217
4089,TS_ts_guess_IKxgyI_template_4-17_10-15.xyz,34,22,12,r1_C8H7N3O4.xyz,r0_C4H8.xyz,2.50399557447692,2.865157951981007
4090,TS_ts_guess_ai_WfH_template_3-4_7-10.xyz,39,25,14,r0_C10H12N2O.xyz,r1_C5H8O.xyz,2.2787339175296446,2.070361232563052
4091,TS_ts_guess_UaEs-P_template_3-16_6-13.xyz,39,25,14,r0_C10H12N2O.xyz,r1_C5H8O.xyz,2.004247769563434,2.4366818917946595
4093,TS_ts_guess_va6KmW_template_4-16_6-13.xyz,40,22,18,r1_C10H9NO2.xyz,r0_C6H12.xyz,2.2657681954030515,2.593696123218755
4094,TS_ts_guess_iJkVUy_template_5-6_12-16.xyz,39,23,16,r0_C9H14.xyz,r1_C6H6N2O2.xyz,2.2062810114081115,2.6460089435600933
4095,TS_ts_guess_9io8e4_template_5-6_11-16.xyz,39,23,16,r0_C9H14.xyz,r1_C6H6N2O2.xyz,2.7726067997103376,2.2105684568680517
4096,TS_ts_guess_VAoWw2_template_4-11_6-10.xyz,39,16,23,r1_C6H6N2O2.xyz,r0_C9H14.xyz,2.357999041518041,2.4257692118995986
4097,TS_ts_guess_tS4Dmt_template_3-15_4-9.xyz,39,23,16,r0_C9H14.xyz,r1_C6H6N2O2.xyz,2.6407377004541743,2.1893762850638536
4099,TS_ts_guess_fFspJP_template_3-4_10-14.xyz,39,23,16,r0_C9H14.xyz,r1_C6H6N2O2.xyz,2.1996258970561335,2.6780348441534514
4100,TS_ts_guess_BBnszh_template_3-15_8-9.xyz,37,17,20,r1_C6H8N2O.xyz,r0_C7H10N2O.xyz,2.7677089874840526,1.9055313230697628
4101,TS_ts_guess_24WY4o_template_3-6_15-16.xyz,37,17,20,r1_C6H8N2O.xyz,r0_C7H10N2O.xyz,2.6350758573900674,1.987693431819907
4102,TS_ts_guess_6qwXLd_template_3-6_7-16.xyz,37,17,20,r1_C6H8N2O.xyz,r0_C7H10N2O.xyz,3.3419085927804786,2.05832420318083
4103,TS_ts_guess_qXU8d__template_3-6_12-16.xyz,37,17,20,r1_C6H8N2O.xyz,r0_C7H10N2O.xyz,3.3064972090869817,2.00245311822774
4104,TS_ts_guess_zhEc_B_template_4-13_8-9.xyz,28,18,10,r0_C5H7N3O3.xyz,r1_C4H2O4.xyz,2.2141327530886667,1.9437670394880142
4105,TS_ts_guess_uIe0Ab_template_4-16_10-13.xyz,35,21,14,r1_C7H8N4O2.xyz,r0_C5H8O.xyz,2.702299708988624,2.202895713509834
4106,TS_LnYsx5_ll_ad_4-16_10-13.xyz,35,21,14,r1_C7H8N4O2.xyz,r0_C5H8O.xyz,2.563070625031624,2.23455178069339
4108,TS_JW1T4Y_ll_ad_4-15_6-11.xyz,31,21,10,r0_C7H10N2O2.xyz,r1_C4H2O4.xyz,2.2328602112313254,2.6488525995419225
4109,TS_ts_guess_xGw3jP_template_1-16_3-12.xyz,30,20,10,r0_C10H8N2.xyz,r1_C4H2O4.xyz,2.2552726119473894,2.6348625658276754
4110,TS_ts_guess_0MVCf0_template_4-13_8-9.xyz,27,17,10,r0_C5H6N2O4.xyz,r1_C4H2O4.xyz,2.0625558919699607,2.093934931558285
4111,TS_ts_guess_f07gNm_template_4-16_6-13.xyz,35,21,14,r1_C8H8N2O3.xyz,r0_C5H8O.xyz,2.2196348837365125,2.106607020352871
4113,TS_ts_guess_JQmWxa_template_4-18_6-11.xyz,31,19,12,r0_C6H8O5.xyz,r1_C6H4O2.xyz,2.552134702048464,2.7325571058259697
4114,TS_CYT9L__hl_ad_3-17_8-15.xyz,39,27,12,r1_C12H12O3.xyz,r0_C4H8.xyz,2.610706728186833,2.1585526445282732
4116,TS_ts_guess_2T_0hN_template_4-16_6-13.xyz,37,23,14,r1_C9H10N2O2.xyz,r0_C5H8O.xyz,2.431108275169989,1.8909299360367637
4117,TS_ts_guess_1rBN0r_template_4-5_6-7.xyz,39,33,6,r1_C13H16N2O2.xyz,r0_C2H4.xyz,2.20011710236069,2.632031955752057
4118,TS_ts_guess_ZA2UL5_template_4-15_6-11.xyz,29,19,10,r0_C6H8N2O3.xyz,r1_C4H2O4.xyz,2.053641186137442,2.553625938171055
4119,TS_ts_guess_WS5Igu_template_3-13_7-9.xyz,30,20,10,r0_C7H9NO3.xyz,r1_C4H2O4.xyz,2.061246055205443,2.5300884876620424
4120,TS_ts_guess_YyPMeP_template_4-15_9-11.xyz,31,21,10,r0_C7H10N2O2.xyz,r1_C4H2O4.xyz,2.647369546417727,2.1652459570681573
4121,TS_ts_guess_YxJwj__template_4-5_6-7.xyz,35,29,6,r1_C11H12N2O4.xyz,r0_C2H4.xyz,2.5872346384508695,2.528316840983345
4122,TS_ts_guess_hCb4dh_template_2-5_6-7.xyz,37,31,6,r1_C15H13N3.xyz,r0_C2H4.xyz,2.108685429005474,2.2087663511109543
4123,TS_ts_guess_ATECpT_template_4-17_10-13.xyz,41,28,13,r0_C8H15N3O2.xyz,r1_C2H8N3.xyz,2.4640182677082567,1.9264659626891933
4125,TS_n51ikJ_ll_ad_2-13_4-5.xyz,36,13,23,r1_C2H8N3.xyz,r0_C9H9N3O2.xyz,1.7842314716145997,2.3527963277980524
4126,TS_ts_guess_uQu3u__template_4-9_10-14.xyz,39,26,13,r0_C8H13NO4.xyz,r1_C2H8N3.xyz,2.1943933507919677,2.1070607388967217
4127,TS_ts_guess_Etcplc_template_4-14_10-13.xyz,39,26,13,r0_C8H13NO4.xyz,r1_C2H8N3.xyz,2.611999469065796,1.7969300961918357
4129,TS_ts_guess_jOB3Re_template_4-17_10-13.xyz,41,28,13,r0_C8H15N3O2.xyz,r1_C2H8N3.xyz,2.5126163254464458,1.9647519715221053
4136,TS_cxaSqU_ll_ad_3-4_9-14.xyz,42,23,19,r0_C9H14.xyz,r1_C7H9NO2.xyz,2.142025133676073,2.626718507396634
4137,TS_jqCzsq_ll_ad_3-18_5-10.xyz,42,19,23,r1_C7H9NO2.xyz,r0_C9H14.xyz,2.172723728364929,3.2601006400416535
4138,TS_ts_guess_Y04UkN_template_5-6_11-16.xyz,42,23,19,r0_C9H14.xyz,r1_C7H9NO2.xyz,2.106262927509289,2.7284610757531436
4139,TS_ts_guess_pCcAaD_template_3-14_4-9.xyz,42,23,19,r0_C9H14.xyz,r1_C7H9NO2.xyz,2.6238485962608435,2.1010817533118504
4140,TS_ts_guess_ywDr82_template_4-16_6-13.xyz,37,23,14,r1_C7H10N4O2.xyz,r0_C5H8O.xyz,2.1959571012431005,2.238106592591157
4141,TS_ts_guess_vN0fm4_template_4-16_6-13.xyz,37,23,14,r1_C7H10N4O2.xyz,r0_C5H8O.xyz,2.106545754997978,2.4644995420165934
4142,TS_ts_guess_4QlkIy_template_4-15_7-11.xyz,32,22,10,r0_C7H11NO3.xyz,r1_C4H2O4.xyz,2.434284607127934,2.4947735320665885
4143,TS_ts_guess_CGD_LC_template_1-16_9-12.xyz,31,21,10,r0_C9H9N3.xyz,r1_C4H2O4.xyz,2.1387217910471668,2.1059344148619634
4144,TS_ts_guess_Iagmwa_template_1-16_3-6.xyz,33,14,19,r0_C5H8O.xyz,r1_C10H5NO3.xyz,2.362783834314938,2.099372389763188
4145,TS_ts_guess_eHRt7t_template_1-10_3-6.xyz,33,14,19,r0_C5H8O.xyz,r1_C10H5NO3.xyz,2.1194356361305244,2.3406077190550323
4146,TS_ts_guess_zZa5c-_template_5-6_8-16.xyz,40,23,17,r0_C9H14.xyz,r1_C5H7N3O2.xyz,1.9924960001465497,2.395922200343742
4147,TS_ts_guess_h3eyP9_template_4-8_9-17.xyz,40,17,23,r1_C5H7N3O2.xyz,r0_C9H14.xyz,2.16440762156762,2.205646994353357
4148,TS_ts_guess_2ARKB7_template_3-11_4-9.xyz,40,23,17,r0_C9H14.xyz,r1_C5H7N3O2.xyz,2.298210294511797,1.9843655938359746
4149,TS_ts_guess_sdjtS4_template_4-11_9-10.xyz,40,17,23,r1_C5H7N3O2.xyz,r0_C9H14.xyz,2.76475336319535,1.9143711760000985
4150,TS_ts_guess_VHLJHN_template_5-11_6-9.xyz,40,23,17,r0_C9H14.xyz,r1_C5H7N3O2.xyz,2.4846915640578007,1.9399231347916854
4151,TS_ts_guess_ZuMND__template_3-4_6-14.xyz,40,23,17,r0_C9H14.xyz,r1_C5H7N3O2.xyz,1.949142195377238,2.3570998375121914
4152,TS_VsIaoD_ll_ad_4-16_12-13.xyz,43,25,18,r1_C10H12N2O.xyz,r0_C6H12.xyz,2.873711861373718,2.121006205672204
4153,TS_ts_guess_JPQO-v_template_4-16_8-13.xyz,36,22,14,r1_C8H9NO4.xyz,r0_C5H8O.xyz,2.8154483251340277,2.3218777268624633
4154,TS_ts_guess_EEvmMq_template_4-16_8-13.xyz,36,22,14,r1_C8H9NO4.xyz,r0_C5H8O.xyz,2.5525685414303765,2.308563624637623
4155,TS_UqS5ru_ll_ad_8-16_9-10.xyz,34,20,14,r0_C7H10N2O.xyz,r1_C6H4N4.xyz,2.1343950120350264,2.8847436217799323
4156,TS_Q8ef5c_ll_ad_5-16_9-10.xyz,34,20,14,r0_C7H10N2O.xyz,r1_C6H4N4.xyz,2.161901417757063,2.7710319877258724
4157,TS_V4RnYM_ll_ad_8-15_9-10.xyz,34,20,14,r0_C7H10N2O.xyz,r1_C6H4N4.xyz,2.2805136785163116,2.249222181688594
4158,TS_RxNZA8_ll_ad_5-15_9-10.xyz,34,20,14,r0_C7H10N2O.xyz,r1_C6H4N4.xyz,2.2813001267040685,2.1396619694241426
4159,TS_ts_guess_owRCyu_template_4-15_10-11.xyz,30,20,10,r0_C5H9N3O3.xyz,r1_C4H2O4.xyz,2.299404997907067,2.016974202264372
4160,TS_ts_guess_hu1Gqa_template_3-16_11-12.xyz,30,20,10,r0_C9H8N2O.xyz,r1_C4H2O4.xyz,2.3218477391939376,2.0511861031364265
4161,TS_ts_guess__3GsHL_template_4-17_7-15.xyz,42,30,12,r1_C12H15NO2.xyz,r0_C4H8.xyz,2.5186919371769148,2.4746040424682088
4162,TS_ts_guess_TPGZLv_template_3-19_5-12.xyz,33,21,12,r0_C8H9N3O.xyz,r1_C6H4O2.xyz,1.7922094842400538,2.5096772271549184
4163,TS_ts_guess_dk6N_T_template_4-16_6-13.xyz,41,23,18,r1_C8H10N4O.xyz,r0_C6H12.xyz,2.1027347516983688,2.074936168030236
4165,TS_ts_guess_XQRkVO_template_3-15_4-9.xyz,37,23,14,r0_C9H14.xyz,r1_C4H4N2O4.xyz,2.124821504644567,2.3383295301133247
4166,TS_ts_guess_mWykLJ_template_3-13_4-9.xyz,37,23,14,r0_C9H14.xyz,r1_C4H4N2O4.xyz,2.2786375716203753,2.1918683784616264
4167,TS_ts_guess_wBEuQm_template_5-6_12-16.xyz,37,23,14,r0_C9H14.xyz,r1_C4H4N2O4.xyz,2.637284662944067,2.05790717951515
4168,TS_ts_guess_FbX4Nr_template_4-8_6-7.xyz,37,14,23,r1_C4H4N2O4.xyz,r0_C9H14.xyz,2.9558056567710946,2.111406719085643
4169,TS_ts_guess_dy-56u_template_4-5_6-14.xyz,37,14,23,r1_C4H4N2O4.xyz,r0_C9H14.xyz,2.1700647894936225,2.6773819198986164
4170,TS_ts_guess_IMqLc0_template_3-16_7-13.xyz,36,22,14,r0_C8H9NO4.xyz,r1_C5H8O.xyz,1.8954087252621794,2.455294782017019
4171,TS_ts_guess_ZPUG0s_template_3-16_7-13.xyz,36,22,14,r0_C8H9NO4.xyz,r1_C5H8O.xyz,2.582593771114613,1.8880835426961382
4172,TS_ts_guess_EpIyI1_template_4-15_10-11.xyz,30,20,10,r0_C6H9NO4.xyz,r1_C4H2O4.xyz,2.69129076245953,2.3705485817843934
4173,TS_ts_guess_irXdpS_template_4-11_7-10.xyz,41,18,23,r1_C6H8N2O2.xyz,r0_C9H14.xyz,2.615674165736245,2.0919669892472013
4174,TS_ts_guess_CPv67D_template_5-6_13-16.xyz,41,23,18,r0_C9H14.xyz,r1_C6H8N2O2.xyz,2.597002597784608,2.1687171138255907
4175,TS_ts_guess_lHnNNA_template_5-6_10-16.xyz,41,23,18,r0_C9H14.xyz,r1_C6H8N2O2.xyz,2.300421601598281,2.2560362679708854
4176,TS_ts_guess_kifBJr_template_3-13_4-9.xyz,41,23,18,r0_C9H14.xyz,r1_C6H8N2O2.xyz,2.393245298961224,2.2601369141271066
4177,TS_ts_guess_Cfyd16_template_4-6_7-15.xyz,41,18,23,r1_C6H8N2O2.xyz,r0_C9H14.xyz,2.14604242262356,2.5260430531168705
4178,TS_ts_guess_ahWMfl_template_3-4_8-14.xyz,41,23,18,r0_C9H14.xyz,r1_C6H8N2O2.xyz,2.2371602826127592,2.2872593137421036
4179,TS_ts_guess_1FkH3L_template_4-7_8-9.xyz,35,29,6,r1_C9H12N4O4.xyz,r0_C2H4.xyz,2.574422636068134,2.515268900634682
4180,TS_-rCiaM_ll_ad_4-15_6-11.xyz,28,18,10,r0_C4H7N3O4.xyz,r1_C4H2O4.xyz,2.242876415342584,2.651144324890669
4181,TS_ts_guess_jwLXmD_template_2-5_9-13.xyz,31,21,10,r0_C9H9N3.xyz,r1_C4H2O4.xyz,2.131352291738745,2.317940171790463
4182,TS_ts_guess_t6Fdnl_template_4-16_6-13.xyz,37,19,18,r1_C7H6N2O4.xyz,r0_C6H12.xyz,2.263400715560548,2.893491458601529
4183,TS_ts_guess__HPoyz_template_3-4_8-15.xyz,39,23,16,r0_C9H14.xyz,r1_C8H5N3.xyz,2.2561838331572184,2.663767311722254
4184,TS_ts_guess_YWYYHQ_template_5-6_10-17.xyz,39,23,16,r0_C9H14.xyz,r1_C8H5N3.xyz,2.327310035577555,2.5571345916083494
4185,TS_ts_guess_FOV3se_template_5-6_14-17.xyz,39,23,16,r0_C9H14.xyz,r1_C8H5N3.xyz,2.7726676748214882,2.300003736018705
4186,TS_ts_guess_9ZMlKM_template_6-17_8-9.xyz,39,23,16,r0_C9H14.xyz,r1_C8H5N3.xyz,2.3839247041171414,2.365068838342766
4187,TS_ts_guess_N5bkpr_template_6-13_8-9.xyz,39,23,16,r0_C9H14.xyz,r1_C8H5N3.xyz,2.9205817394656157,2.265119042986483
4188,TS_ts_guess_uXTHLm_template_3-13_4-9.xyz,39,23,16,r0_C9H14.xyz,r1_C8H5N3.xyz,2.572452425293809,2.2702576053390944
4189,TS_ts_guess_gnkH85_template_4-15_10-11.xyz,29,19,10,r0_C6H8O5.xyz,r1_C4H2O4.xyz,2.6685479625069513,2.3555592257678426
4190,TS_ts_guess_SQPXCP_template_4-8_11-14.xyz,38,24,14,r1_C8H11N3O2.xyz,r0_C5H8O.xyz,2.41817271459257,2.2455466789626084
4191,TS_ts_guess_OdIbbF_template_4-16_10-13.xyz,38,24,14,r1_C8H11N3O2.xyz,r0_C5H8O.xyz,2.3983637623179686,2.132252833788714
4192,TS_ts_guess_iAFW65_template_4-19_8-12.xyz,31,19,12,r0_C7H7N3O2.xyz,r1_C6H4O2.xyz,2.48770540171058,2.4781474653458377
4193,TS_ts_guess_JwDeXd_template_4-16_6-13.xyz,41,23,18,r1_C9H10N2O2.xyz,r0_C6H12.xyz,2.153537473948387,2.280685867738036
4194,TS_ts_guess_mD188c_template_4-6_8-10.xyz,42,30,12,r1_C12H15NO2.xyz,r0_C4H8.xyz,2.454948094033762,2.1866317306304692
4195,TS_ts_guess_jyeV-b_template_5-12_6-9.xyz,41,23,18,r0_C9H14.xyz,r1_C5H8N4O.xyz,2.547391741644775,1.9466341033435124
4196,TS_ts_guess_-hv3TO_template_3-12_4-9.xyz,41,23,18,r0_C9H14.xyz,r1_C5H8N4O.xyz,2.3684035532189185,1.9540792402561367
4197,TS_ts_guess_1LRTGJ_template_3-4_7-14.xyz,41,23,18,r0_C9H14.xyz,r1_C5H8N4O.xyz,1.8974298564110348,2.522210963936205
4199,TS_ts_guess_tTQCc9_template_4-11_9-10.xyz,41,18,23,r1_C5H8N4O.xyz,r0_C9H14.xyz,2.7471987867826386,1.9413162559717054
4200,TS_ts_guess_9v584R_template_4-7_8-16.xyz,41,18,23,r1_C5H8N4O.xyz,r0_C9H14.xyz,2.1536101004824433,2.128024725655226
4201,TS_ts_guess_H0FVlN_template_4-15_6-11.xyz,29,19,10,r0_C6H8O5.xyz,r1_C4H2O4.xyz,2.544979779526745,2.611446460737804
4202,TS_ts_guess_iye7Ey_template_3-16_5-13.xyz,43,25,18,r0_C11H12O2.xyz,r1_C6H12.xyz,2.369248684984335,2.5793396881566415
4203,TS_ts_guess_LoTZAC_template_1-14_3-6.xyz,34,14,20,r0_C5H8O.xyz,r1_C10H6N2O2.xyz,2.009896558059643,2.6782208870442332
4204,TS_ts_guess_T8hIbq_template_1-10_3-6.xyz,34,14,20,r0_C5H8O.xyz,r1_C10H6N2O2.xyz,2.4197041210238908,1.9989789852071982
4205,TS_ts_guess_YTqrFw_template_3-16_5-12.xyz,30,20,10,r0_C9H8N2O.xyz,r1_C4H2O4.xyz,2.2554792764731846,2.5200994883535848
4206,TS_yYdKsU_ll_ad_3-16_5-12.xyz,31,21,10,r0_C10H9NO.xyz,r1_C4H2O4.xyz,2.233222334363509,2.5282211359372817
4207,TS_ts_guess_cE0KWw_template_4-16_6-13.xyz,35,21,14,r1_C7H8N2O4.xyz,r0_C5H8O.xyz,2.391767912110203,1.99706866469333
4208,TS_ts_guess_xJ6eEd_template_4-16_6-13.xyz,35,21,14,r1_C7H8N2O4.xyz,r0_C5H8O.xyz,2.2885168780456917,2.0248921478933144
4209,TS_ts_guess_EjZwJc_template_3-4_6-15.xyz,40,23,17,r1_C9H14.xyz,r0_C9H6N2.xyz,2.2338336900046967,2.8687214911524612
4210,TS_ts_guess_XGB59B_template_5-11_6-9.xyz,40,23,17,r1_C9H14.xyz,r0_C9H6N2.xyz,3.016719614780267,2.200130890878995
4211,TS_ts_guess__fpUPY_template_6-8_10-19.xyz,40,23,17,r1_C9H14.xyz,r0_C9H6N2.xyz,2.234281062176377,2.547143670113643
4212,TS_ts_guess_IVZAbT_template_6-11_8-9.xyz,40,23,17,r1_C9H14.xyz,r0_C9H6N2.xyz,3.203267459922758,2.293757438680036
4213,TS_ts_guess_hnEIw2_template_5-6_8-17.xyz,40,23,17,r1_C9H14.xyz,r0_C9H6N2.xyz,2.1682224346685466,2.8338712441640674
4214,TS_ts_guess_KSceip_template_3-11_4-9.xyz,40,23,17,r1_C9H14.xyz,r0_C9H6N2.xyz,2.807326583726945,2.1796581351441326
4216,TS_qcuZ6N_ll_ad_2-7_4-5.xyz,38,13,25,r0_C2H8N3.xyz,r1_C13H10N2.xyz,1.802846247936856,2.1137128217664762
4217,TS_ts_guess_jN_XUo_template_2-12_4-5.xyz,39,13,26,r0_C2H8N3.xyz,r1_C11H12O3.xyz,2.1360813469996875,2.3589592985679086
4218,TS_ts_guess_a0GAg8_template_2-13_4-5.xyz,39,13,26,r0_C2H8N3.xyz,r1_C11H12O3.xyz,2.123472261132695,2.2095401999058537
4220,TS_98iZdb_ll_ad_2-14_4-5.xyz,38,13,25,r0_C2H8N3.xyz,r1_C10H11NO3.xyz,2.20894696880663,1.6466434536656682
4221,TS_ts_guess_0_guko_template_1-2_5-18.xyz,43,12,31,r0_C4H8.xyz,r1_C15H15N.xyz,2.1865533527220413,2.7165477256989248
4222,TS_ts_guess_SUdYlY_template_4-16_7-12.xyz,29,19,10,r0_C7H7N3O2.xyz,r1_C4H2O4.xyz,2.4040792110702176,2.57402891026888
4223,TS_ts_guess_HU4Dxs_template_1-3_7-17.xyz,37,18,19,r0_C6H12.xyz,r1_C10H5NO3.xyz,2.6064274554646634,2.113599892529331
4225,TS_ts_guess_Ls9eSb_template_4-15_8-13.xyz,36,24,12,r1_C8H9NO6.xyz,r0_C4H8.xyz,1.9835840351495069,2.4534889564251148
4228,TS_zayY-C_hl_ad_3-16_5-12.xyz,30,20,10,r0_C8H8N2O2.xyz,r1_C4H2O4.xyz,2.383113275486501,2.2966840189499296
4229,TS_6kkogD_ll_ad_4-16_9-12.xyz,29,19,10,r0_C7H7N3O2.xyz,r1_C4H2O4.xyz,2.6807821980347453,2.217884522467299
4230,TS_ts_guess_-BYz3a_template_3-17_7-14.xyz,37,23,14,r0_C10H9N3O.xyz,r1_C5H8O.xyz,2.296338319390242,1.9145460024245957
4231,TS_ts_guess_5mX2DE_template_3-17_7-14.xyz,37,23,14,r0_C10H9N3O.xyz,r1_C5H8O.xyz,2.129853786742179,2.110709509477797
4232,TS_ts_guess_mOV5Wv_template_4-16_9-13.xyz,41,23,18,r1_C8H10N2O3.xyz,r0_C6H12.xyz,2.564134718964665,2.1712365699527076
4233,TS_ts_guess_Sb1dTg_template_4-16_6-13.xyz,38,20,18,r1_C7H7NO5.xyz,r0_C6H12.xyz,2.47747870362189,2.0381701596530157
4234,TS_ts_guess_Ilar60_template_3-17_7-14.xyz,40,22,18,r0_C11H8N2O.xyz,r1_C6H12.xyz,2.7836526823761614,2.19207550374069
4236,TS_ts_guess_iTmQJj_template_3-11_4-9.xyz,42,23,19,r0_C9H14.xyz,r1_C6H9NO3.xyz,2.882966631943561,2.2460742201672677
4237,TS_ts_guess_nO9-r9_template_5-11_6-9.xyz,42,23,19,r0_C9H14.xyz,r1_C6H9NO3.xyz,3.0943866775016984,2.4399920071590397
4238,TS_ts_guess_GsP2Bw_template_4-8_9-17.xyz,42,19,23,r1_C6H9NO3.xyz,r0_C9H14.xyz,2.6016109997269,2.377269717427957
4239,TS_ts_guess_HPdmAv_template_5-6_8-16.xyz,42,23,19,r0_C9H14.xyz,r1_C6H9NO3.xyz,2.1706369974042183,3.1101585949594273
4240,TS_ts_guess_6bQz3q_template_3-4_6-14.xyz,42,23,19,r0_C9H14.xyz,r1_C6H9NO3.xyz,2.2276054179319997,2.9539767028194386
4241,TS_ts_guess_g66M-V_template_4-16_8-12.xyz,28,18,10,r0_C7H6N2O3.xyz,r1_C4H2O4.xyz,2.5732224548608307,2.4640415922828898
4243,TS_ts_guess_-qSjrH_template_3-19_5-12.xyz,31,19,12,r0_C7H7NO4.xyz,r1_C6H4O2.xyz,1.922712040452236,2.4613663684425364
4244,TS_ts_guess_-rg0Rq_template_4-16_10-13.xyz,38,20,18,r1_C6H7N3O4.xyz,r0_C6H12.xyz,2.2805412968416072,3.1237757424469508
4245,TS_ts_guess_LjKvmv_template_4-16_7-13.xyz,40,22,18,r1_C7H9N3O3.xyz,r0_C6H12.xyz,2.134917125159663,2.5065270337460954
4246,TS_ts_guess_s0eeFZ_template_4-7_9-11.xyz,39,27,12,r1_C9H12N2O4.xyz,r0_C4H8.xyz,2.451507877266561,2.191666302816193
4247,TS_ts_guess_21FMCK_template_4-19_9-12.xyz,32,20,12,r0_C6H8N4O2.xyz,r1_C6H4O2.xyz,2.2188830475263903,1.983288668726769
4248,TS_ts_guess_oLJKAD_template_3-16_9-13.xyz,43,25,18,r0_C9H12N2O2.xyz,r1_C6H12.xyz,2.6696092215153886,2.112631642667505
4249,TS_ts_guess_7Xtg6j_template_2-17_6-13.xyz,28,18,10,r0_C10H5N3.xyz,r1_C4H2O4.xyz,2.63812723044208,2.2265600265207315
4250,TS_yUa56w_ll_ad_3-15_6-9.xyz,42,22,20,r0_C7H13NO.xyz,r1_C7H10N2O.xyz,2.644808171815113,2.01272434183124
4251,TS_ts_guess_0tFI08_template_3-18_6-9.xyz,42,22,20,r0_C7H13NO.xyz,r1_C7H10N2O.xyz,2.7678724835150916,2.0908173948243305
4253,TS_ts_guess_R7ZI-8_template_3-18_6-9.xyz,42,22,20,r0_C7H13NO.xyz,r1_C7H10N2O.xyz,2.4761968468197355,2.26051748219296
4254,TS_ts_guess_VOcybN_template_4-16_6-13.xyz,39,21,18,r1_C7H8N2O4.xyz,r0_C6H12.xyz,2.1320366524757497,2.501626891884559
4255,TS_ts_guess_SnDh9G_template_1-17_9-14.xyz,40,22,18,r0_C11H8N2O.xyz,r1_C6H12.xyz,2.3659882322826546,2.6858533351432277
4256,TS_gBvE90_ll_ad_4-16_8-12.xyz,29,19,10,r0_C7H7N3O2.xyz,r1_C4H2O4.xyz,2.618553093179514,2.1788348519564305
4265,TS_ts_guess_CNKq4-_template_4-20_8-13.xyz,28,16,12,r0_C7H3N3O3.xyz,r1_C6H4O2.xyz,2.440335014398638,2.431371696758848
4266,TS_ts_guess_MEX53L_template_4-17_7-15.xyz,40,28,12,r1_C9H13NO5.xyz,r0_C4H8.xyz,2.3685715319998257,2.3021626765065935
4267,TS_ts_guess_0SDiyy_template_4-19_6-10.xyz,36,16,20,r1_C6H6N2O2.xyz,r0_C7H10N2O.xyz,2.3147096628951114,2.481852148215119
4269,TS_ts_guess_pmiAYc_template_4-11_6-10.xyz,36,16,20,r1_C6H6N2O2.xyz,r0_C7H10N2O.xyz,2.2115383385553145,2.833906710867526
4270,TS_ts_guess_pTs37S_template_4-19_6-10.xyz,36,16,20,r1_C6H6N2O2.xyz,r0_C7H10N2O.xyz,2.118958846249733,2.6202762644041946
4271,TS_ts_guess_G3Hr_D_template_3-16_8-12.xyz,32,22,10,r0_C8H10N2O2.xyz,r1_C4H2O4.xyz,2.413011901462568,2.1727615410118064
4272,TS_ts_guess_73HfrV_template_4-5_7-9.xyz,40,28,12,r1_C11H12N4O.xyz,r0_C4H8.xyz,2.1525360012320354,2.538061291813104
4273,TS_ts_guess_yF8FhC_template_4-5_7-9.xyz,42,30,12,r1_C9H15N3O3.xyz,r0_C4H8.xyz,2.086206633797333,2.560419508967232
4274,TS_ts_guess_jZ1s1P_template_4-18_6-16.xyz,36,24,12,r1_C11H8O5.xyz,r0_C4H8.xyz,2.517072212412667,2.120522740128009
4275,TS_ts_guess_pSYw9e_template_4-18_12-16.xyz,40,28,12,r1_C12H12N2O2.xyz,r0_C4H8.xyz,2.670822866945691,2.182586845419902
4277,TS_ts_guess_FOqo1b_template_4-20_8-13.xyz,29,17,12,r0_C7H4N4O2.xyz,r1_C6H4O2.xyz,2.433149345950634,2.4500160212333304
4278,TS_ts_guess_jnf7UC_template_4-18_12-16.xyz,39,27,12,r1_C12H11NO3.xyz,r0_C4H8.xyz,2.6412706038760967,2.1869484191676767
4279,TS_ts_guess_-k5FnM_template_4-9_11-13.xyz,41,29,12,r1_C9H14N2O4.xyz,r0_C4H8.xyz,2.2923128335373426,2.5163573353957505
4280,TS_ts_guess_lxHntX_template_3-4_8-12.xyz,32,22,10,r0_C8H10N2O2.xyz,r1_C4H2O4.xyz,2.018029080191859,2.565664897000386
4281,TS_ts_guess_k3TOOF_template_5-6_10-16.xyz,46,23,23,r0_C9H14.xyz,r1_C7H13NO2.xyz,2.597446360620369,2.4001058139590428
4282,TS_ts_guess_k6T-jA_template_5-6_13-16.xyz,46,23,23,r0_C9H14.xyz,r1_C7H13NO2.xyz,2.8001874943296206,2.4255781259938836
4283,TS_ts_guess_Q-1mw4_template_3-13_4-9.xyz,46,23,23,r0_C9H14.xyz,r1_C7H13NO2.xyz,2.7663846627864315,2.536381463916656
4284,TS_ts_guess_f-b7p__template_3-16_4-9.xyz,46,23,23,r0_C9H14.xyz,r1_C7H13NO2.xyz,2.4454536087605505,2.6612663529605602
4285,TS_ts_guess_vxFc8b_template_4-11_7-10.xyz,46,23,23,r1_C7H13NO2.xyz,r0_C9H14.xyz,2.967629256308813,2.478389592739608
4286,TS_ts_guess_ZJpwD2_template_4-6_7-15.xyz,46,23,23,r1_C7H13NO2.xyz,r0_C9H14.xyz,2.3554201039517344,2.7484168102018294
4287,TS_ts_guess_lHZc2j_template_3-16_7-14.xyz,39,27,12,r1_C12H11NO3.xyz,r0_C4H8.xyz,1.9771009715237107,2.5532670817601515
4288,TS_ts_guess_XjEQen_template_4-17_6-14.xyz,39,25,14,r1_C11H11NO2.xyz,r0_C5H8O.xyz,2.1925794457898213,2.9726237936711737
4289,TS_ts_guess_23af0C_template_4-17_6-14.xyz,39,25,14,r1_C11H11NO2.xyz,r0_C5H8O.xyz,2.2146061830492574,2.457832698740905
4290,TS_ts_guess_63oCBU_template_8-10_13-16.xyz,36,26,10,r0_C10H12O4.xyz,r1_C4H4N2.xyz,2.6832361882994946,2.145347300135808
4291,TS_ts_guess_KTlKlP_template_2-17_11-14.xyz,36,26,10,r0_C10H12O4.xyz,r1_C4H4N2.xyz,2.371028734832204,2.2973371888558285
4292,TS_ts_guess_d7zkGD_template_2-9_13-17.xyz,37,27,10,r0_C11H15N.xyz,r1_C4H2O4.xyz,2.415959860117713,2.4996882098373785
4295,TS_ts_guess_dw5OLr_template_2-14_4-5.xyz,39,13,26,r1_C2H8N3.xyz,r0_C12H11NO2.xyz,2.1998134423173252,1.5374431906577881
4296,TS_ts_guess_86UUPs_template_2-12_4-5.xyz,39,13,26,r1_C2H8N3.xyz,r0_C12H11NO2.xyz,2.0161262419303014,2.0817933369813635
4305,TS_ts_guess_YkX_kT_template_4-19_7-10.xyz,39,19,20,r1_C6H9N3O.xyz,r0_C7H10N2O.xyz,2.2604380965865887,2.1943291932615763
4306,TS_ts_guess_csct7s_template_4-16_7-10.xyz,39,19,20,r1_C6H9N3O.xyz,r0_C7H10N2O.xyz,2.3382045441748676,2.18731279818411
4307,TS_ts_guess_ZzA3Jm_template_4-19_7-10.xyz,39,19,20,r1_C6H9N3O.xyz,r0_C7H10N2O.xyz,2.4598288487413105,2.1468942515643383
4308,TS_ts_guess_uRw-Jv_template_4-11_7-10.xyz,39,19,20,r1_C6H9N3O.xyz,r0_C7H10N2O.xyz,2.252959559823478,2.376851875107071
4309,TS_ts_guess_bWunqr_template_4-17_6-14.xyz,41,27,14,r1_C11H13NO2.xyz,r0_C5H8O.xyz,2.375724865277964,2.1649374248000792
4310,TS_ts_guess_QyFguN_template_4-17_6-14.xyz,41,27,14,r1_C11H13NO2.xyz,r0_C5H8O.xyz,2.0748896175941507,2.7702524094024357
4311,TS_ts_guess_twP9dp_template_6-13_8-9.xyz,47,23,24,r0_C9H14.xyz,r1_C10H13N.xyz,2.8634620534241413,2.23396123466814
4312,TS_ts_guess_lzkp7E_template_3-17_4-9.xyz,47,23,24,r0_C9H14.xyz,r1_C10H13N.xyz,2.4315010675300965,2.3072397011797454
4313,TS_ts_guess_frQZGa_template_5-6_10-17.xyz,47,23,24,r0_C9H14.xyz,r1_C10H13N.xyz,2.6004999490290324,2.150624443667467
4314,TS_ts_guess_fQfkbz_template_6-17_8-9.xyz,47,23,24,r0_C9H14.xyz,r1_C10H13N.xyz,2.6804509946648905,2.207665103134984
4315,TS_ts_guess_jQoumX_template_5-6_14-17.xyz,47,23,24,r0_C9H14.xyz,r1_C10H13N.xyz,2.5877458205357033,2.254543601108659
4316,TS_ts_guess_G6zziv_template_3-4_12-15.xyz,47,23,24,r0_C9H14.xyz,r1_C10H13N.xyz,2.431891211156453,2.2709400632557437
4317,TS_YZrstR_ll_ad_1-18_2-4.xyz,39,12,27,r0_C4H8.xyz,r1_C14H10N2O.xyz,2.443708241607414,2.253179689616432
4318,TS_ts_guess_Bwdig4_template_4-19_7-10.xyz,39,19,20,r1_C6H9N3O.xyz,r0_C7H10N2O.xyz,2.266872301851165,2.3375024140736196
4319,TS_ts_guess_mcTnVE_template_4-16_7-10.xyz,39,19,20,r1_C6H9N3O.xyz,r0_C7H10N2O.xyz,2.384510224616368,2.1229059665939047
4321,TS_ts_guess_ADE-lv_template_4-11_7-10.xyz,39,19,20,r1_C6H9N3O.xyz,r0_C7H10N2O.xyz,2.2554587655286453,2.3743483606876223
4322,TS_ts_guess_uHsh75_template_4-17_7-14.xyz,40,26,14,r1_C10H12N2O2.xyz,r0_C5H8O.xyz,1.965161600835921,2.471553408162567
4323,TS_ts_guess_Iw5YCz_template_4-5_8-11.xyz,40,26,14,r1_C10H12N2O2.xyz,r0_C5H8O.xyz,2.1999428593715793,2.0430229352848683
4325,TS_ts_guess_VlTj7C_template_4-20_6-19.xyz,38,32,6,r1_C16H13NO2.xyz,r0_C2H4.xyz,2.216752132896233,2.561343323063115
4326,TS_ts_guess_bBXTug_template_4-11_12-13.xyz,38,32,6,r1_C16H13NO2.xyz,r0_C2H4.xyz,2.6318208712980447,2.261103149372005
4331,TS_ts_guess_YE8Pr9_template_3-10_13-16.xyz,43,29,14,r1_C12H15NO.xyz,r0_C5H8O.xyz,2.762137784018024,2.132995718373574
4332,TS_ts_guess_Qn_rAJ_template_3-17_12-14.xyz,43,29,14,r1_C12H15NO.xyz,r0_C5H8O.xyz,2.652603507744797,2.0254089792681382
4333,TS_ts_guess_-T_pJT_template_5-12_9-10.xyz,37,20,17,r1_C7H10N2O.xyz,r0_C9H6N2.xyz,2.856205267010759,2.0630100699948124
4334,TS_G9xh_S_ll_ad_5-9_11-20.xyz,37,20,17,r1_C7H10N2O.xyz,r0_C9H6N2.xyz,2.2310519621694156,2.977803718884104
4335,TS_ts_guess_gC5Aai_template_8-9_11-20.xyz,37,20,17,r1_C7H10N2O.xyz,r0_C9H6N2.xyz,2.2252531866733727,3.173347488158207
4336,TS_ts_guess_sbiRRy_template_8-12_9-10.xyz,37,20,17,r1_C7H10N2O.xyz,r0_C9H6N2.xyz,2.6475428071704523,2.2065430400742243
4337,TS_ts_guess_Tcv8AW_template_4-5_6-7.xyz,40,34,6,r1_C13H16N2O3.xyz,r0_C2H4.xyz,2.161532550876808,2.443512181000946
4338,TS_07gfEm_ll_ad_1-12_2-4.xyz,40,12,28,r0_C4H8.xyz,r1_C15H11NO.xyz,2.7985594624020407,2.264117848103318
4339,TS_lQgEyG_ll_ad_4-18_9-16.xyz,39,27,12,r1_C11H11NO4.xyz,r0_C4H8.xyz,2.5198992453270823,2.5548214434868046
4340,TS_I7wkYi_hl_ad_4-19_9-12.xyz,37,25,12,r0_C8H13NO3.xyz,r1_C6H4O2.xyz,2.4917456454060476,2.577504713497145
4341,TS_ts_guess_VuNGnv_template_4-16_7-12.xyz,32,22,10,r0_C7H10N2O3.xyz,r1_C4H2O4.xyz,2.5898389878137213,2.2225938065467563
4342,TS_ts_guess_V3u0Xr_template_1-2_9-10.xyz,37,25,12,r0_C11H12N2.xyz,r1_C6H4O2.xyz,2.228186623602251,2.452911891568876
4343,TS_ts_guess_ADoZsO_template_1-8_2-4.xyz,40,12,28,r0_C4H8.xyz,r1_C14H11N3.xyz,2.211457555595404,2.199230536528628
4344,TS_ts_guess_aTD8zF_template_4-11_6-10.xyz,37,17,20,r1_C5H7N3O2.xyz,r0_C7H10N2O.xyz,2.5324278470669213,2.2204091983461067
4345,TS_ts_guess_hn430u_template_4-19_6-10.xyz,37,17,20,r1_C5H7N3O2.xyz,r0_C7H10N2O.xyz,3.056699907563711,2.393239696917131
4346,TS_ts_guess_mal77i_template_4-16_6-10.xyz,37,17,20,r1_C5H7N3O2.xyz,r0_C7H10N2O.xyz,2.459812118231797,2.1652258418927115
4347,TS_ts_guess_o7sb9V_template_4-19_6-10.xyz,37,17,20,r1_C5H7N3O2.xyz,r0_C7H10N2O.xyz,3.309235563827392,2.374044098537346
4348,TS_ts_guess_wog4m2_template_3-16_5-12.xyz,32,22,10,r0_C8H10O4.xyz,r1_C4H2O4.xyz,2.286825080608484,2.783748219972489
4349,TS_ts_guess_i_EjJ4_template_6-8_11-19.xyz,47,23,24,r0_C9H14.xyz,r1_C10H13N.xyz,2.5528726977661855,2.253755717929519
4350,TS_ts_guess_jPBWSj_template_6-12_8-9.xyz,47,23,24,r0_C9H14.xyz,r1_C10H13N.xyz,3.4100619718269054,2.3040624559677196
4351,TS_ts_guess_i9bOgY_template_3-4_7-15.xyz,47,23,24,r0_C9H14.xyz,r1_C10H13N.xyz,2.300887695499283,2.499105237419985
4352,TS_ts_guess_ChMUkv_template_5-12_6-9.xyz,47,23,24,r0_C9H14.xyz,r1_C10H13N.xyz,2.9500574804738973,2.276311795646633
4353,TS_ts_guess_yjn-87_template_3-12_4-9.xyz,47,23,24,r0_C9H14.xyz,r1_C10H13N.xyz,2.865000297993004,2.1469869836121505
4354,TS_ts_guess_0MILdW_template_5-6_9-17.xyz,47,23,24,r0_C9H14.xyz,r1_C10H13N.xyz,2.307742871378872,2.4108427049685344
4355,TS_ts_guess_gCxvWN_template_4-11_6-10.xyz,38,18,20,r1_C6H8N2O2.xyz,r0_C7H10N2O.xyz,2.238418209227221,2.551912791339077
4357,TS_ts_guess_GdMho0_template_4-16_6-10.xyz,38,18,20,r1_C6H8N2O2.xyz,r0_C7H10N2O.xyz,2.3920167080311123,2.267742387904764
4359,TS_ts_guess_VwRNU2_template_2-5_8-11.xyz,46,28,18,r1_C12H14N2.xyz,r0_C6H12.xyz,2.206790872103653,2.6538361744463432
4360,TS_2gLeXF_ll_ad_4-18_12-16.xyz,40,28,12,r1_C12H12O4.xyz,r0_C4H8.xyz,2.5756612676941817,2.4308424278220913
4361,TS_ts_guess_vI0IaJ_template_4-19_6-10.xyz,37,17,20,r1_C5H7N3O2.xyz,r0_C7H10N2O.xyz,2.2349729688969395,2.560948736288956
4362,TS_EFrc1-_hl_ad_4-16_6-10.xyz,37,17,20,r1_C5H7N3O2.xyz,r0_C7H10N2O.xyz,2.4572088394151606,3.02893730943709
4363,TS_ts_guess_Ykzv2E_template_4-19_6-10.xyz,37,17,20,r1_C5H7N3O2.xyz,r0_C7H10N2O.xyz,2.0962203146854574,2.5345711190850415
4364,TS_ts_guess_Y0j-Kr_template_4-11_6-10.xyz,37,17,20,r1_C5H7N3O2.xyz,r0_C7H10N2O.xyz,2.261380573720399,3.141784313761847
4365,TS_ts_guess_Y3mNon_template_4-5_12-13.xyz,37,25,12,r0_C8H13NO3.xyz,r1_C6H4O2.xyz,2.506639982406728,2.2775054065358438
4366,TS_ts_guess_IqzU4i_template_2-16_11-14.xyz,35,26,9,r1_C10H12O4.xyz,r0_C3H3NO2.xyz,2.1981179716748596,2.5431744112624286
4367,TS_ts_guess_rdHU4E_template_8-10_15-16.xyz,35,26,9,r1_C10H12O4.xyz,r0_C3H3NO2.xyz,2.189512528463813,2.388271521414598
4368,TS_YIMrHM_hl_ad_4-20_6-13.xyz,35,23,12,r0_C10H10N2O.xyz,r1_C6H4O2.xyz,2.5884931422934074,2.3387994647895747
4369,TS_ts_guess_cpXzNl_template_4-5_12-13.xyz,36,24,12,r0_C7H12N2O3.xyz,r1_C6H4O2.xyz,2.2688957789418183,2.6285551798088624
4370,TS_ts_guess_9rroEu_template_3-20_7-13.xyz,31,19,12,r0_C8H6N2O3.xyz,r1_C6H4O2.xyz,2.356383223777491,2.5869005126792177
4371,TS_ts_guess_ZDDUo-_template_4-6_7-8.xyz,39,33,6,r1_C13H15NO4.xyz,r0_C2H4.xyz,2.495210006251979,2.703273954984955
4372,TS_ts_guess_HPUdJT_template_4-18_8-11.xyz,31,19,12,r0_C7H6N2O4.xyz,r1_C6H4O2.xyz,1.9627524651875996,2.4041550156759857
4373,TS_ts_guess_33oXrS_template_4-17_6-13.xyz,31,21,10,r0_C9H8N2O2.xyz,r1_C4H2O4.xyz,2.5142803667252385,2.213765214222141
4374,TS_NrtlaD_hl_ad_4-11_6-10.xyz,37,17,20,r1_C5H7NO4.xyz,r0_C7H10N2O.xyz,2.5006789605025275,2.2543361535937803
4375,TS_ts_guess_Wc4cKf_template_4-16_6-10.xyz,37,17,20,r1_C5H7NO4.xyz,r0_C7H10N2O.xyz,2.2156674427810685,2.355732745219627
4378,TS_ts_guess_cxkKHE_template_4-20_10-13.xyz,32,20,12,r0_C7H7N3O3.xyz,r1_C6H4O2.xyz,2.6199512472944986,2.2202689057634437
4379,TS_ts_guess_w4w6bD_template_4-16_6-12.xyz,33,23,10,r0_C6H11N3O3.xyz,r1_C4H2O4.xyz,2.4251911688153576,2.2756951586932725
4380,TS_ts_guess_FeiojL_template_4-19_12-17.xyz,37,25,12,r1_C12H8N2O3.xyz,r0_C4H8.xyz,2.3789546716572807,2.6766234196464764
4381,TS_ts_guess_uL2eoP_template_4-7_8-9.xyz,39,33,6,r1_C10H15N5O3.xyz,r0_C2H4.xyz,2.38848473147726,2.2404784755047302
4382,TS_ts_guess_NfGI6j_template_4-9_12-15.xyz,39,25,14,r1_C7H11N5O2.xyz,r0_C5H8O.xyz,2.2497005739431195,2.0300866213292474
4383,TS_ts_guess_KkSRo6_template_4-17_11-14.xyz,39,25,14,r1_C7H11N5O2.xyz,r0_C5H8O.xyz,2.1209262481048228,2.016431970982408
4384,TS_ts_guess_ESW2cr_template_4-19_12-17.xyz,37,25,12,r1_C12H8N2O3.xyz,r0_C4H8.xyz,2.3825108792616247,2.6701750184398025
4385,TS_ts_guess_eywbot_template_2-9_13-17.xyz,35,25,10,r0_C11H12N2.xyz,r1_C4H2O4.xyz,2.2322034300439553,2.433444032908914
4386,TS_ts_guess_lmnEc8_template_4-5_9-13.xyz,33,23,10,r0_C6H11N3O3.xyz,r1_C4H2O4.xyz,2.274015934091052,2.182285190184821
4387,TS_ts_guess_mDmFMz_template_4-12_8-11.xyz,45,22,23,r1_C7H11N3O.xyz,r0_C9H14.xyz,2.8342969529320667,2.0763624396044156
4388,TS_ts_guess_pHdMJm_template_4-7_8-16.xyz,45,22,23,r1_C7H11N3O.xyz,r0_C9H14.xyz,2.1728454135994117,2.3752950796269503
4389,TS_ts_guess_Saiz2w_template_5-6_14-17.xyz,45,23,22,r0_C9H14.xyz,r1_C7H11N3O.xyz,2.581073478942434,2.083959079852577
4390,TS_ts_guess_tUW3P0_template_5-6_10-17.xyz,45,23,22,r0_C9H14.xyz,r1_C7H11N3O.xyz,2.152517542344313,2.3485806197573886
4391,TS_ts_guess_C0GtkU_template_3-17_4-9.xyz,45,23,22,r0_C9H14.xyz,r1_C7H11N3O.xyz,2.137877596706603,2.375019430025784
4392,TS_ts_guess_4j-2ng_template_3-13_4-9.xyz,45,23,22,r0_C9H14.xyz,r1_C7H11N3O.xyz,2.406217436725119,2.0893303182359655
4393,TS_ts_guess_tDocUf_template_4-16_7-12.xyz,34,24,10,r0_C8H12O4.xyz,r1_C4H2O4.xyz,2.4948809402855283,2.573376880171266
4394,TS_ts_guess_UbPDUv_template_4-17_12-13.xyz,31,21,10,r0_C9H8N2O2.xyz,r1_C4H2O4.xyz,2.2344390796125992,2.09248349252748
4395,TS_ts_guess_zfUpBA_template_4-18_10-16.xyz,39,27,12,r1_C9H11N3O4.xyz,r0_C4H8.xyz,2.247613864212445,2.35119055784511
4396,TS_ts_guess_lVVQbj_template_4-16_10-12.xyz,34,24,10,r0_C7H12N2O3.xyz,r1_C4H2O4.xyz,2.537802688725032,2.102208534303864
4399,TS_ts_guess_YBo50Y_template_3-7_8-17.xyz,41,21,20,r0_C7H11NO2.xyz,r1_C7H10N2O.xyz,3.5251478427294365,2.049858388303934
4400,TS_ts_guess_EYl9-w_template_3-7_13-17.xyz,41,21,20,r0_C7H11NO2.xyz,r1_C7H10N2O.xyz,3.5575355129780504,1.9370273199157515
4401,TS_ts_guess_ou7eE__template_3-16_9-10.xyz,41,21,20,r0_C7H11NO2.xyz,r1_C7H10N2O.xyz,2.83764294210882,1.8824060899285255
4402,TS_ts_guess_y3uWFl_template_4-19_6-10.xyz,38,18,20,r1_C6H8O4.xyz,r0_C7H10N2O.xyz,2.2745919195319413,2.6838339536193363
4403,TS_ts_guess_zTgj8z_template_4-16_6-10.xyz,38,18,20,r1_C6H8O4.xyz,r0_C7H10N2O.xyz,2.5995134417232775,2.3468011691875392
4404,TS_ts_guess_xBtsEy_template_4-11_6-10.xyz,38,18,20,r1_C6H8O4.xyz,r0_C7H10N2O.xyz,2.442895084996488,2.669791829693843
4405,TS_ts_guess_SJgc2u_template_4-19_6-10.xyz,38,18,20,r1_C6H8O4.xyz,r0_C7H10N2O.xyz,2.952990282425596,2.157107175223336
4406,TS_ts_guess_5Inn8j_template_4-16_9-12.xyz,35,25,10,r0_C8H13NO3.xyz,r1_C4H2O4.xyz,2.4184836515056287,2.094626532558967
4407,TS_ts_guess_OXKOJT_template_2-3_5-9.xyz,38,26,12,r1_C10H12O4.xyz,r0_C3H6N2O.xyz,1.9785449499569123,2.691834597481799
4408,TS_ts_guess_WWOehD_template_8-10_15-16.xyz,38,26,12,r1_C10H12O4.xyz,r0_C3H6N2O.xyz,2.2725609255859345,2.136505301912448
4409,TS_ts_guess_zWluil_template_3-15_4-9.xyz,42,23,19,r0_C9H14.xyz,r1_C6H8N2O3.xyz,2.51611712899062,2.0084009257615874
4410,TS_ts_guess_PIEwvt_template_4-9_6-8.xyz,42,19,23,r1_C6H8N2O3.xyz,r0_C9H14.xyz,2.3398549156304544,2.116277226948303
4411,TS_ts_guess_4BNDRW_template_5-6_12-17.xyz,42,23,19,r0_C9H14.xyz,r1_C6H8N2O3.xyz,2.126944745239048,2.2799416167524993
4412,TS_ts_guess_pRFPLl_template_4-5_6-14.xyz,42,19,23,r1_C6H8N2O3.xyz,r0_C9H14.xyz,2.0250958650641704,2.846822594841484
4413,TS_ts_guess_hkqMZ4_template_5-6_9-17.xyz,42,23,19,r0_C9H14.xyz,r1_C6H8N2O3.xyz,2.5783006405576527,2.0423532307855075
4414,TS_ts_guess_PapzEQ_template_3-12_4-9.xyz,42,23,19,r0_C9H14.xyz,r1_C6H8N2O3.xyz,1.984670328316519,2.5949808863072574
4417,TS_ts_guess_NwY-pW_template_4-16_6-10.xyz,37,17,20,r1_C5H7NO4.xyz,r0_C7H10N2O.xyz,2.5144609017043793,3.320134170632265
4418,TS_ts_guess_DR3CUv_template_4-19_6-10.xyz,37,17,20,r1_C5H7NO4.xyz,r0_C7H10N2O.xyz,2.323190735561762,2.3933487689427966
4419,TS_ts_guess_Mkv8KU_template_4-16_10-12.xyz,32,22,10,r0_C7H10O5.xyz,r1_C4H2O4.xyz,2.5929266833638005,2.3018333812420044
4420,TS_ts_guess_xoVL3X_template_4-9_12-15.xyz,40,26,14,r1_C8H12N4O2.xyz,r0_C5H8O.xyz,2.4766719904945025,2.2726240496835373
4421,TS_ts_guess_XhVvN7_template_4-17_11-14.xyz,40,26,14,r1_C8H12N4O2.xyz,r0_C5H8O.xyz,2.358852868429907,2.2600957779704824
4422,TS_ts_guess_HPcxDW_template_4-17_6-14.xyz,45,27,18,r1_C11H13NO2.xyz,r0_C6H12.xyz,2.2143425446393787,2.434317501765125
4423,TS_ts_guess_-Qd5il_template_4-7_10-13.xyz,39,25,14,r1_C8H11N3O3.xyz,r0_C5H8O.xyz,2.708640363817242,2.0067353437361892
4424,TS_ts_guess_hO1qLE_template_4-17_9-14.xyz,39,25,14,r1_C8H11N3O3.xyz,r0_C5H8O.xyz,2.375026589914311,2.223843049970029
4425,TS_ts_guess_m2jT5U_template_4-5_9-13.xyz,35,25,10,r0_C7H13N3O2.xyz,r1_C4H2O4.xyz,2.3464950044481236,2.229907998102164
4427,TS_ts_guess_KvkfLA_template_3-10_7-9.xyz,43,20,23,r1_C7H9NO3.xyz,r0_C9H14.xyz,2.9013134186778236,1.9850345119417947
4428,TS_ts_guess_LWSDRS_template_3-4_5-13.xyz,43,20,23,r1_C7H9NO3.xyz,r0_C9H14.xyz,2.149571152997732,2.0893776232409498
4429,TS_ts_guess_Ebc5WU_template_5-6_11-17.xyz,43,23,20,r0_C9H14.xyz,r1_C7H9NO3.xyz,1.932177304855846,2.547273301355785
4430,TS_ts_guess_j5p6kE_template_3-14_4-9.xyz,43,23,20,r0_C9H14.xyz,r1_C7H9NO3.xyz,2.581593826185676,1.9183678336804963
4431,TS_ts_guess_Ruoaam_template_3-16_4-9.xyz,43,23,20,r0_C9H14.xyz,r1_C7H9NO3.xyz,1.828495089328927,2.730514573665557
4432,TS_ts_guess_zMSErj_template_3-4_10-15.xyz,43,23,20,r0_C9H14.xyz,r1_C7H9NO3.xyz,2.1427909029114343,2.711472136884316
4433,TS_ts_guess_S_AJZ9_template_4-12_6-11.xyz,43,20,23,r1_C7H9NO3.xyz,r0_C9H14.xyz,2.32279108972374,2.4212282714977538
4434,TS_ts_guess_HBebVS_template_3-15_4-9.xyz,43,23,20,r0_C9H14.xyz,r1_C7H9NO3.xyz,2.7218497461469107,2.1222092877706475
4435,TS_ts_guess_0Fxt9S_template_5-6_12-17.xyz,43,23,20,r0_C9H14.xyz,r1_C7H9NO3.xyz,2.161681285249979,2.6909909708135404
4436,TS_ts_guess_kr0XAH_template_4-19_6-11.xyz,43,20,23,r1_C7H9NO3.xyz,r0_C9H14.xyz,2.170884828934967,3.108546373387407
4437,TS_ts_guess_GgOi04_template_5-15_6-9.xyz,43,23,20,r0_C9H14.xyz,r1_C7H9NO3.xyz,2.825164346723921,2.1428255185618825
4438,TS_ts_guess_5mERFl_template_4-18_10-16.xyz,37,25,12,r1_C9H9NO6.xyz,r0_C4H8.xyz,2.4009957344610173,2.735979071447733
4439,TS_ts_guess_4SdjYo_template_4-16_6-12.xyz,35,25,10,r0_C7H13N3O2.xyz,r1_C4H2O4.xyz,2.2036519685739853,2.372862055535467
4441,TS_ts_guess_Bwb-6s_template_5-6_12-17.xyz,42,23,19,r0_C9H14.xyz,r1_C6H8N2O3.xyz,2.552405543502051,2.041649523326665
4442,TS_ts_guess_6Pk8an_template_4-5_6-14.xyz,42,19,23,r1_C6H8N2O3.xyz,r0_C9H14.xyz,2.1616719564263214,2.1609502089590125
4443,TS_ts_guess_KuP5lS_template_3-12_4-9.xyz,42,23,19,r0_C9H14.xyz,r1_C6H8N2O3.xyz,2.4979796658499844,1.9780462646257797
4444,TS_ts_guess_VkDFnh_template_5-6_9-17.xyz,42,23,19,r0_C9H14.xyz,r1_C6H8N2O3.xyz,2.0164417880514183,2.4430057293629095
4445,TS_ts_guess_uuD-0t_template_3-15_4-9.xyz,42,23,19,r0_C9H14.xyz,r1_C6H8N2O3.xyz,1.9809080041486027,2.6359449339658063
4446,TS_ts_guess_skBaeq_template_5-6_12-17.xyz,40,23,17,r0_C9H14.xyz,r1_C5H6N2O4.xyz,2.7907574064579674,2.205066767084389
4447,TS_ts_guess_JJtq01_template_4-12_6-11.xyz,40,17,23,r1_C5H6N2O4.xyz,r0_C9H14.xyz,2.332976473284718,2.4231111823645235
4448,TS_ts_guess_ui4z28_template_4-19_6-11.xyz,40,17,23,r1_C5H6N2O4.xyz,r0_C9H14.xyz,2.221539523798755,3.118524907612572
4449,TS_ts_guess__5YEyl_template_3-15_4-9.xyz,40,23,17,r0_C9H14.xyz,r1_C5H6N2O4.xyz,2.860534214180981,2.163306133791517
4450,TS_ts_guess_KfANiA_template_5-6_12-17.xyz,40,23,17,r0_C9H14.xyz,r1_C5H6N2O4.xyz,2.2463245032942147,2.5979248536861106
4451,TS_ts_guess_BYHq02_template_3-4_10-15.xyz,40,23,17,r0_C9H14.xyz,r1_C5H6N2O4.xyz,2.2425686824041753,2.7553192425561144
4452,TS_TAdSpL_ll_ad_4-8_12-16.xyz,35,25,10,r0_C7H13N3O2.xyz,r1_C4H2O4.xyz,2.1875811341753706,2.170851171913911
4453,TS_ts_guess_fshDsn_template_4-16_6-12.xyz,34,24,10,r0_C7H12N2O3.xyz,r1_C4H2O4.xyz,2.2758086626296157,2.42787280163109
4454,TS_ts_guess_yDlL2Y_template_4-6_8-10.xyz,46,34,12,r1_C13H18N2O.xyz,r0_C4H8.xyz,2.412029877862213,2.3397999601889046
4455,TS_ts_guess_oj_wQU_template_1-17_4-13.xyz,34,24,10,r0_C11H11NO.xyz,r1_C4H2O4.xyz,2.410044476622786,2.6558418181247165
4456,TS_Jb9CrM_ll_ad_4-20_6-13.xyz,34,22,12,r0_C9H9NO3.xyz,r1_C6H4O2.xyz,2.4497940983478594,2.429758827826334
4457,TS_ts_guess_PFBnYd_template_2-9_4-5.xyz,42,13,29,r0_C2H8N3.xyz,r1_C11H14N2O2.xyz,1.6889469546140283,1.9175529854739346
4459,TS_ts_guess_pZ1NA9_template_4-12_10-11.xyz,41,18,23,r1_C5H7NO5.xyz,r0_C9H14.xyz,2.5808099192889045,1.8269794119529645
4460,TS_ts_guess_c1AUWm_template_4-9_10-18.xyz,41,18,23,r1_C5H7NO5.xyz,r0_C9H14.xyz,2.1135346048740247,2.3003180339683467
4461,TS_ts_guess_b8LHQY_template_3-4_6-15.xyz,41,23,18,r0_C9H14.xyz,r1_C5H7NO5.xyz,1.9766432696366838,2.2429865845786954
4462,TS_ts_guess_aZ1mL9_template_5-6_8-17.xyz,41,23,18,r0_C9H14.xyz,r1_C5H7NO5.xyz,2.017656340410824,2.2485880473087994
4463,TS_ts_guess_wV-CB1_template_3-11_4-9.xyz,41,23,18,r0_C9H14.xyz,r1_C5H7NO5.xyz,2.1802987200381514,1.9414091730750629
4464,TS_ts_guess_k01Jye_template_5-11_6-9.xyz,41,23,18,r0_C9H14.xyz,r1_C5H7NO5.xyz,2.339401971744061,1.9288793022115198
4465,TS_ts_guess_I_QPGh_template_1-2_4-6.xyz,46,34,12,r1_C16H17N.xyz,r0_C4H8.xyz,2.1974110643209204,2.659158868364205
4466,TS_ts_guess_pjQXbe_template_2-18_11-14.xyz,41,26,15,r0_C10H12O4.xyz,r1_C4H9NO.xyz,2.4383812908977136,2.356615131539302
4467,TS_ts_guess_6D8zCJ_template_8-10_14-16.xyz,41,26,15,r0_C10H12O4.xyz,r1_C4H9NO.xyz,2.5791866768809117,2.2792570367994918
4471,TS_ts_guess_QvtBu4_template_2-7_8-9.xyz,39,33,6,r1_C17H13N3.xyz,r0_C2H4.xyz,2.2723572782025276,2.215688304545565
4472,TS_ts_guess_CKZ5sc_template_4-8_9-17.xyz,44,21,23,r1_C6H10N2O3.xyz,r0_C9H14.xyz,2.0719863276817247,2.299766568545599
4473,TS_ts_guess_JUH60V_template_5-12_6-9.xyz,44,23,21,r0_C9H14.xyz,r1_C6H10N2O3.xyz,2.358629641677557,1.8638833872053264
4474,TS_ts_guess_ezxYjO_template_5-6_9-17.xyz,44,23,21,r0_C9H14.xyz,r1_C6H10N2O3.xyz,1.9240218864919392,2.1965815014699546
4475,TS_ts_guess_aZR77d_template_3-4_7-15.xyz,44,23,21,r0_C9H14.xyz,r1_C6H10N2O3.xyz,1.9302114305692006,2.2403221658725783
4476,TS_ts_guess_rZDSqc_template_4-12_10-11.xyz,44,21,23,r1_C6H10N2O3.xyz,r0_C9H14.xyz,2.6671814290370275,1.7744898807826432
4477,TS_ts_guess_ouiAqL_template_3-12_4-9.xyz,44,23,21,r0_C9H14.xyz,r1_C6H10N2O3.xyz,2.0678633432845603,2.0004299728058466
4478,TS_ts_guess_LMyP9H_template_4-15_8-11.xyz,30,20,10,r0_C7H7N3O3.xyz,r1_C4H2O4.xyz,2.3981873560253795,2.040084712971498
4479,TS_Z4Q4-5_hl_ad_4-20_6-13.xyz,33,21,12,r0_C7H8N2O4.xyz,r1_C6H4O2.xyz,2.4387459777721827,2.5953091137858704
4480,TS_JRCMus_hl_ad_4-20_8-13.xyz,35,23,12,r0_C8H10N2O3.xyz,r1_C6H4O2.xyz,2.4738217571603656,2.411309496062254
4481,TS_ts_guess_6OB96z_template_3-17_6-13.xyz,34,24,10,r0_C10H11NO2.xyz,r1_C4H2O4.xyz,2.424716777625791,2.4567304296768095
4482,TS_ts_guess_scfExs_template_4-15_8-11.xyz,30,20,10,r0_C7H7N3O3.xyz,r1_C4H2O4.xyz,2.0454692141902306,2.402575159198979
4483,TS_ts_guess_LCkWkU_template_4-9_10-11.xyz,37,31,6,r1_C13H12N2O4.xyz,r0_C2H4.xyz,2.2493636303852695,2.3226175578859296
4484,TS_ts_guess__tDK58_template_3-17_11-13.xyz,36,26,10,r0_C11H13NO.xyz,r1_C4H2O4.xyz,2.6350210973538712,2.077965143956943
4485,TS_ts_guess_l0du4g_template_4-17_10-14.xyz,41,27,14,r1_C8H13N3O3.xyz,r0_C5H8O.xyz,2.1967069097173617,2.2861950549767185
4486,TS_ts_guess_hTA--8_template_4-17_10-14.xyz,41,27,14,r1_C8H13N3O3.xyz,r0_C5H8O.xyz,2.3760165392101125,2.1601685910132105
4487,TS_ts_guess_wTy1l7_template_4-6_7-15.xyz,46,23,23,r1_C7H12N2O2.xyz,r0_C9H14.xyz,2.1025706635687658,2.582704083049392
4488,TS_ts_guess_JreNTR_template_5-6_13-17.xyz,46,23,23,r0_C9H14.xyz,r1_C7H12N2O2.xyz,2.3739520799291634,2.181395365998562
4489,TS_ts_guess_YUwq26_template_3-4_9-15.xyz,46,23,23,r0_C9H14.xyz,r1_C7H12N2O2.xyz,2.3014681606748333,2.269411681934329
4491,TS_ts_guess_JHOj7n_template_3-14_4-9.xyz,46,23,23,r0_C9H14.xyz,r1_C7H12N2O2.xyz,2.199960670421178,2.358308780906351
4492,TS_ts_guess_4m73-p_template_4-12_7-11.xyz,46,23,23,r1_C7H12N2O2.xyz,r0_C9H14.xyz,2.6686988821146533,2.0674271137575806
4493,TS_ts_guess_dNkS6V_template_3-4_8-12.xyz,35,25,10,r0_C10H12N2O.xyz,r1_C4H2O4.xyz,2.201792188286624,2.1774279227106463
4494,TS_ts_guess_FGvS4V_template_6-19_8-9.xyz,43,23,20,r0_C9H14.xyz,r1_C9H8N2O.xyz,2.7382458555798093,2.2782449470809762
4495,TS_UHPy2c_ll_ad_3-12_4-9.xyz,43,23,20,r0_C9H14.xyz,r1_C9H8N2O.xyz,2.584625516298251,2.2797366095669913
4496,TS_ySiJ6U_ll_ad_3-19_4-9.xyz,43,23,20,r0_C9H14.xyz,r1_C9H8N2O.xyz,2.245178709791272,2.7158152014450465
4497,TS_ts_guess_6S6BvI_template_6-12_8-9.xyz,43,23,20,r0_C9H14.xyz,r1_C9H8N2O.xyz,2.779921165015296,2.2644833037582766
4498,TS_ts_guess_A5xCpj_template_5-6_9-18.xyz,43,23,20,r0_C9H14.xyz,r1_C9H8N2O.xyz,2.2558624427921132,2.560432300022791
4499,TS_ts_guess_vZ57vP_template_5-6_16-18.xyz,43,23,20,r0_C9H14.xyz,r1_C9H8N2O.xyz,2.722140606269265,2.2816412824324512
4500,TS_ts_guess_xHDfZr_template_2-10_17-18.xyz,42,30,12,r0_C12H17N.xyz,r1_C6H4O2.xyz,2.5029806073959104,2.397228355372095
4501,TS_ts_guess_J5R3mi_template_4-11_12-13.xyz,40,34,6,r1_C14H15N3O2.xyz,r0_C2H4.xyz,2.1567757253363182,2.4650520917213896
4502,TS_ts_guess_dcgc1E_template_2-18_8-15.xyz,41,23,18,r1_C11H8N2O2.xyz,r0_C6H12.xyz,2.429116323377701,2.0024428048261456
4503,TS_ts_guess_UEHa9Y_template_4-20_6-13.xyz,34,22,12,r0_C8H9NO4.xyz,r1_C6H4O2.xyz,2.107854132832725,2.690036097917647
4504,TS_ts_guess_duOvzX_template_4-8_15-16.xyz,35,23,12,r0_C8H10N2O3.xyz,r1_C6H4O2.xyz,2.371779028788306,2.124531254771273
4505,TS_ts_guess_2U06Wy_template_4-17_8-14.xyz,41,23,18,r1_C8H9NO5.xyz,r0_C6H12.xyz,1.9505516685543092,2.5888290564461762
4506,TS_ts_guess_gCHKAN_template_4-17_6-13.xyz,33,23,10,r0_C8H10N4O.xyz,r1_C4H2O4.xyz,1.9891012395049177,2.1911596815157037
4507,TS_ts_guess_OthwQ8_template_4-17_11-14.xyz,42,24,18,r1_C7H10N4O3.xyz,r0_C6H12.xyz,2.39272948562933,2.087280053083438
4508,TS_ts_guess_-D3_MG_template_3-17_11-13.xyz,35,25,10,r0_C11H12O2.xyz,r1_C4H2O4.xyz,2.7393397607817835,2.4305617235939514
4509,TS_ts_guess_MCTPJj_template_4-15_8-11.xyz,29,19,10,r0_C7H6N2O4.xyz,r1_C4H2O4.xyz,1.989923401566,2.548173562730765
4511,TS_-IkVh2_hl_ad_4-20_7-13.xyz,35,23,12,r0_C8H10N2O3.xyz,r1_C6H4O2.xyz,2.3296717664726936,2.470167310345597
4512,TS_ts_guess_Wsc2co_template_4-6_10-14.xyz,33,23,10,r0_C8H10N4O.xyz,r1_C4H2O4.xyz,2.094029918458664,2.5310498645621347
4513,TS_ts_guess_iG04yR_template_5-6_12-17.xyz,44,23,21,r0_C9H14.xyz,r1_C5H10N4O2.xyz,2.2929188271938457,2.125899051436827
4514,TS_ts_guess_pNei9P_template_3-16_4-9.xyz,44,23,21,r0_C9H14.xyz,r1_C5H10N4O2.xyz,2.0637823533260478,2.2090841427840635
4516,TS_ts_guess_PjboR4_template_4-5_6-14.xyz,44,21,23,r1_C5H10N4O2.xyz,r0_C9H14.xyz,2.2191446496792406,2.560427033562956
4517,TS_ts_guess_bEIf6K_template_5-6_13-17.xyz,44,23,21,r0_C9H14.xyz,r1_C5H10N4O2.xyz,2.429598519179661,2.0745416940616064
4518,TS_ts_guess_gvd0NY_template_4-12_7-11.xyz,44,21,23,r1_C5H10N4O2.xyz,r0_C9H14.xyz,2.947254911710217,2.067593644626526
4519,TS_ts_guess_XWQynd_template_4-17_6-13.xyz,33,23,10,r0_C8H10N4O.xyz,r1_C4H2O4.xyz,2.0052653465564103,2.15874949639832
4520,TS_ts_guess_1DFkBO_template_3-10_14-18.xyz,35,25,10,r0_C10H12N2O.xyz,r1_C4H2O4.xyz,2.397630041082235,1.97964284968274
4521,TS_ts_guess_eLbEHO_template_3-18_5-15.xyz,40,26,14,r0_C12H11NO2.xyz,r1_C5H8O.xyz,2.107588288898,2.7032251075150957
4522,TS_i9euLD_ll_ad_3-18_5-15.xyz,40,26,14,r0_C12H11NO2.xyz,r1_C5H8O.xyz,2.0857575354292743,2.6407255014294844
4523,TS_ts_guess_eMw_XS_template_4-8_9-10.xyz,38,32,6,r1_C10H14N2O6.xyz,r0_C2H4.xyz,2.659103569494803,2.490432333832823
4524,TS_ts_guess_pq_KnS_template_4-8_9-10.xyz,36,30,6,r1_C10H12O8.xyz,r0_C2H4.xyz,2.524498896929844,2.6185376808058347
4531,TS_ts_guess_75Bvtf_template_4-17_6-13.xyz,29,19,10,r0_C7H6O6.xyz,r1_C4H2O4.xyz,2.6295487448800032,2.123530970318069
4532,TS_ts_guess_MUvZpY_template_4-17_6-13.xyz,30,20,10,r0_C6H7N3O4.xyz,r1_C4H2O4.xyz,2.195643288446464,2.173331119802042
4533,TS_ts_guess_hRn3UG_template_4-18_9-15.xyz,38,24,14,r1_C9H9N3O3.xyz,r0_C5H8O.xyz,2.471026861731778,2.1509688083512506
4534,TS_ts_guess_hW7xrO_template_4-7_10-13.xyz,38,24,14,r1_C9H9N3O3.xyz,r0_C5H8O.xyz,2.087018956262736,2.5137892674804703
4535,TS_PZ3iEm_ll_ad_5-6_10-18.xyz,41,23,18,r0_C9H14.xyz,r1_C7H6N2O3.xyz,2.191123286901036,2.787979782602449
4536,TS_ts_guess_aYC193_template_3-13_4-9.xyz,41,23,18,r0_C9H14.xyz,r1_C7H6N2O3.xyz,2.759456223497666,2.1674183677822794
4537,TS_ts_guess_umt0D2_template_4-13_9-12.xyz,41,18,23,r1_C7H6N2O3.xyz,r0_C9H14.xyz,3.112869355980106,2.254053753241036
4538,TS_CTac3J_ll_ad_4-8_9-17.xyz,41,18,23,r1_C7H6N2O3.xyz,r0_C9H14.xyz,2.476381832351384,2.3050342188349395
4539,TS_ts_guess_KzzKmZ_template_5-13_6-9.xyz,41,23,18,r0_C9H14.xyz,r1_C7H6N2O3.xyz,2.862043801638962,2.287784119382771
4540,TS_ts_guess_bJU7yU_template_3-4_8-16.xyz,41,23,18,r0_C9H14.xyz,r1_C7H6N2O3.xyz,2.2367704483920567,2.8058776536050174
4541,TS_ts_guess_lk16yb_template_3-4_5-13.xyz,45,22,23,r1_C9H10N2O.xyz,r0_C9H14.xyz,2.0648755943397656,2.5656194757991684
4542,TS_ts_guess_de0IoB_template_5-6_11-18.xyz,45,23,22,r0_C9H14.xyz,r1_C9H10N2O.xyz,2.192616543675615,2.1592998963784535
4543,TS_ts_guess_TKqTYx_template_3-4_9-16.xyz,45,23,22,r0_C9H14.xyz,r1_C9H10N2O.xyz,2.172230779107045,2.1775741050995254
4544,TS_ts_guess_-0rJuT_template_3-14_4-9.xyz,45,23,22,r0_C9H14.xyz,r1_C9H10N2O.xyz,2.178635833864852,2.1914756623334877
4545,TS_ts_guess_GWI2sT_template_5-6_14-18.xyz,45,23,22,r0_C9H14.xyz,r1_C9H10N2O.xyz,2.2925148922744207,2.1423023285708296
4546,TS_ts_guess_iDaT56_template_3-13_5-12.xyz,45,22,23,r1_C9H10N2O.xyz,r0_C9H14.xyz,2.4829822121996767,1.960938151319414
4547,TS_ts_guess_2Z-un6_template_4-18_10-16.xyz,42,30,12,r1_C9H14N2O5.xyz,r0_C4H8.xyz,2.344525103747025,2.312008807184782
4548,TS_ts_guess_3XPIDP_template_4-17_9-13.xyz,32,22,10,r0_C8H9NO4.xyz,r1_C4H2O4.xyz,2.81508915952941,2.1445603083849147
4549,TS_ts_guess_IThs1z_template_4-9_11-13.xyz,42,30,12,r1_C9H14N2O5.xyz,r0_C4H8.xyz,2.2710139103713125,2.479498350271683
4550,TS_ts_guess_8fcqOQ_template_3-18_7-14.xyz,32,22,10,r0_C11H8N2O.xyz,r1_C4H2O4.xyz,2.6679352949237733,2.1779536942047226
4551,TS_ts_guess_rLQc5n_template_2-5_9-13.xyz,40,30,10,r0_C12H17N.xyz,r1_C4H2O4.xyz,2.368421259531336,2.50062521999999
4552,TS_ts_guess_40PoDo_template_4-8_12-16.xyz,33,23,10,r0_C7H10N4O2.xyz,r1_C4H2O4.xyz,2.182214102488571,2.12249213353077
4554,TS_ts_guess_oMhEtn_template_5-13_6-9.xyz,42,23,19,r0_C9H14.xyz,r1_C7H7N3O2.xyz,2.8367224162226377,2.266944961771238
4556,TS_q2exzx_ll_ad_5-6_10-18.xyz,42,23,19,r0_C9H14.xyz,r1_C7H7N3O2.xyz,2.1877275936688276,2.765819206871628
4557,TS_ts_guess_cXZp9m_template_3-4_8-16.xyz,42,23,19,r0_C9H14.xyz,r1_C7H7N3O2.xyz,2.209190234361903,2.7691231169090336
4558,TS_ts_guess_EtgKHO_template_4-8_9-17.xyz,42,19,23,r1_C7H7N3O2.xyz,r0_C9H14.xyz,2.4763131511381995,2.3400532720431815
4559,TS_ts_guess_YXKHfp_template_1-18_9-14.xyz,32,22,10,r0_C11H8N2O.xyz,r1_C4H2O4.xyz,2.3075727920696236,2.5176235481104
4560,TS_ts_guess_zI9PKN_template_4-17_8-13.xyz,33,23,10,r0_C8H10N2O3.xyz,r1_C4H2O4.xyz,2.5249690375923426,2.420053795125224
4561,TS_ts_guess_9aw6Ua_template_4-17_8-15.xyz,41,29,12,r1_C12H12N2O3.xyz,r0_C4H8.xyz,2.0020231575333987,2.603207083080407
4562,TS_ts_guess_IKF0ND_template_2-18_4-14.xyz,30,20,10,r0_C10H6N2O2.xyz,r1_C4H2O4.xyz,2.369116727854497,1.99740651185481
4563,TS_ts_guess_1mJFWP_template_4-17_7-14.xyz,45,27,18,r1_C8H13N3O3.xyz,r0_C6H12.xyz,2.085623834635575,2.5605039606100983
4564,TS_ts_guess_T-srVb_template_8-9_12-20.xyz,43,20,23,r1_C7H10N2O.xyz,r0_C9H12N2.xyz,2.0307041611470638,2.481789476849315
4565,TS_ts_guess_b9z7_p_template_8-13_9-10.xyz,43,20,23,r1_C7H10N2O.xyz,r0_C9H12N2.xyz,2.2754209522635587,2.1372430045504887
4566,TS_ts_guess_9EcLg__template_5-13_9-10.xyz,43,20,23,r1_C7H10N2O.xyz,r0_C9H12N2.xyz,3.031015733693905,1.8372250050007484
4567,TS_ts_guess_fLTpNX_template_5-9_12-20.xyz,43,20,23,r1_C7H10N2O.xyz,r0_C9H12N2.xyz,2.096511771967904,2.1710775557542847
4568,TS_ts_guess_qlAaxp_template_4-17_6-13.xyz,33,23,10,r0_C7H10N4O2.xyz,r1_C4H2O4.xyz,2.2281193987306875,2.372224492348901
4569,TS_ts_guess_pZlvso_template_3-18_8-15.xyz,44,26,18,r0_C12H11NO2.xyz,r1_C6H12.xyz,2.796248886293922,2.144685873618792
4570,TS_oIM2Qc_hl_ad_4-20_9-13.xyz,35,23,12,r0_C8H10O5.xyz,r1_C6H4O2.xyz,2.593387019170105,2.434069009416126
4572,TS_ts_guess_WEtmYC_template_4-17_6-13.xyz,31,21,10,r0_C7H8N2O4.xyz,r1_C4H2O4.xyz,2.6468138769849308,1.994948652221405
4573,TS_ts_guess_SfSKLU_template_4-9_11-13.xyz,43,31,12,r1_C9H15N3O4.xyz,r0_C4H8.xyz,2.2761696022045457,2.4887126465906024
4574,TS_ts_guess_0NdM87_template_4-5_6-14.xyz,39,16,23,r1_C6H4N2O4.xyz,r0_C9H14.xyz,2.2991409845853297,2.4843587443040507
4575,TS_ts_guess_NjLOWC_template_5-6_12-18.xyz,39,23,16,r0_C9H14.xyz,r1_C6H4N2O4.xyz,2.1867881077507256,2.6077729355716532
4576,TS_ts_guess_7uxIOc_template_3-15_4-9.xyz,39,23,16,r0_C9H14.xyz,r1_C6H4N2O4.xyz,2.1680476423962642,2.7111449258385285
4577,TS_ts_guess_c8N0Kf_template_3-15_4-9.xyz,39,23,16,r0_C9H14.xyz,r1_C6H4N2O4.xyz,2.6391888050308183,2.142824016782526
4578,TS_ts_guess_bFV4ng_template_4-10_6-9.xyz,39,16,23,r1_C6H4N2O4.xyz,r0_C9H14.xyz,3.05515476146463,2.3888889452002577
4579,TS_ts_guess_wz8V4e_template_5-6_12-18.xyz,39,23,16,r0_C9H14.xyz,r1_C6H4N2O4.xyz,2.729287836597672,2.305837021929347
4580,TS_ts_guess_rMJN8z_template_4-7_9-11.xyz,43,31,12,r1_C13H14N2O2.xyz,r0_C4H8.xyz,2.3864942123751316,2.1821570250098867
4581,TS_ts_guess_a4MFQJ_template_4-6_8-10.xyz,44,32,12,r1_C10H16N2O4.xyz,r0_C4H8.xyz,2.3941397361265278,2.4382636971623883
4582,TS_ts_guess_7ZxPne_template_4-19_6-17.xyz,41,29,12,r1_C12H12N2O3.xyz,r0_C4H8.xyz,2.2128651433153355,2.771085953015532
4583,TS_ts_guess_d17Ets_template_4-17_10-13.xyz,33,23,10,r0_C7H10N4O2.xyz,r1_C4H2O4.xyz,2.3229909563749924,2.2424115323240734
4584,TS_ts_guess_HuLckR_template_4-16_10-15.xyz,41,28,13,r0_C8H13N3O4.xyz,r1_C2H8N3.xyz,2.658346554138493,1.74926047888815
4587,TS_ts_guess_8MjOQC_template_4-9_10-14.xyz,39,26,13,r0_C8H11NO6.xyz,r1_C2H8N3.xyz,1.8153457726835402,2.873305395080725
4594,TS_oaGIjA_ll_ad_2-16_4-5.xyz,41,13,28,r0_C2H8N3.xyz,r1_C9H13NO5.xyz,1.7557531501609216,2.5706155829684065
4596,TS_ts_guess_kjEiGx_template_3-20_5-18.xyz,43,31,12,r1_C16H13NO.xyz,r0_C4H8.xyz,2.1861997024288513,2.5819899153366186
4597,TS_ts_guess_5RuN3K_template_4-5_6-14.xyz,43,20,23,r1_C7H8N2O3.xyz,r0_C9H14.xyz,2.032298341016889,3.306119697001305
4598,TS_ts_guess_5UnVyR_template_3-15_4-9.xyz,43,23,20,r0_C9H14.xyz,r1_C7H8N2O3.xyz,2.500743046636339,2.0440257345493476
4599,TS_ts_guess_Lp5jvw_template_5-6_12-18.xyz,43,23,20,r0_C9H14.xyz,r1_C7H8N2O3.xyz,2.014859094180037,2.5285819249136465
4600,TS_ts_guess_PkHEp2_template_4-13_6-12.xyz,43,20,23,r1_C7H8N2O3.xyz,r0_C9H14.xyz,2.286302279117965,2.159002989669074
4601,TS_ts_guess_KcPrnY_template_3-4_10-16.xyz,43,23,20,r0_C9H14.xyz,r1_C7H8N2O3.xyz,2.018549495553676,2.62237992863353
4602,TS_ts_guess_J1jmRe_template_5-6_13-18.xyz,43,23,20,r0_C9H14.xyz,r1_C7H8N2O3.xyz,2.733918194149196,2.0414205343828593
4603,TS_ts_guess_MejKGo_template_4-18_9-15.xyz,42,24,18,r1_C9H9N3O3.xyz,r0_C6H12.xyz,2.273919614982025,2.452227116296531
4604,TS_ts_guess_qLVna7_template_4-18_8-15.xyz,39,25,14,r1_C9H10N2O4.xyz,r0_C5H8O.xyz,2.431301459650777,2.4373033044329957
4605,TS_ts_guess_E1HBQM_template_4-18_8-15.xyz,39,25,14,r1_C9H10N2O4.xyz,r0_C5H8O.xyz,2.4056307367923284,2.4851344175718144
4606,TS_ts_guess_jjbMnh_template_3-20_7-11.xyz,40,20,20,r0_C7H9NO3.xyz,r1_C7H10N2O.xyz,1.832763000881456,2.6836940085263077
4607,TS_ts_guess_G4XA2F_template_3-18_7-9.xyz,40,20,20,r0_C7H9NO3.xyz,r1_C7H10N2O.xyz,2.252374472129357,2.088124967788087
4608,TS_ts_guess_pY9-PS_template_3-15_7-9.xyz,40,20,20,r0_C7H9NO3.xyz,r1_C7H10N2O.xyz,1.908176068736845,2.34656905227611
4609,TS_ts_guess_3YyEAl_template_3-10_7-9.xyz,40,20,20,r0_C7H9NO3.xyz,r1_C7H10N2O.xyz,1.9909246190149943,2.5769035617771965
4610,TS_ts_guess_DnF84y_template_4-17_6-13.xyz,33,23,10,r0_C7H10N2O4.xyz,r1_C4H2O4.xyz,2.7310165774853874,2.8493203981651485
4611,TS_ts_guess_NJSJ46_template_4-19_10-17.xyz,43,31,12,r1_C12H14N2O3.xyz,r0_C4H8.xyz,2.36525548951905,2.1138020422688593
4612,TS_ts_guess_C1DgVJ_template_3-10_13-16.xyz,46,32,14,r0_C13H17NO.xyz,r1_C5H8O.xyz,2.624641832707846,2.1228148243546823
4613,TS_ts_guess_HRg3Fs_template_3-18_12-15.xyz,46,32,14,r0_C13H17NO.xyz,r1_C5H8O.xyz,2.246849118944127,2.3763046207083804
4614,TS_ts_guess_nVOa0P_template_3-17_6-13.xyz,36,26,10,r0_C9H13NO3.xyz,r1_C4H2O4.xyz,2.1880916281545435,2.3231302529346047
4615,TS_ts_guess_xl1IN3_template_4-19_12-17.xyz,45,33,12,r1_C13H16N2O2.xyz,r0_C4H8.xyz,2.256003591198383,2.433194919873868
4616,TS_ts_guess_vSZxNd_template_4-5_7-9.xyz,45,33,12,r1_C13H16N2O2.xyz,r0_C4H8.xyz,2.282395959008866,2.4553364611392876
4617,TS_ts_guess_FAw9Bb_template_4-8_10-12.xyz,45,33,12,r1_C13H16N2O2.xyz,r0_C4H8.xyz,2.565086094636981,2.036525750856099
4618,TS_ts_guess_wuMcuS_template_4-17_6-11.xyz,38,18,20,r1_C6H7NO4.xyz,r0_C7H10N2O.xyz,1.999521928536919,2.3599496289963477
4619,TS_ts_guess_d8pg-r_template_4-20_6-11.xyz,38,18,20,r1_C6H7NO4.xyz,r0_C7H10N2O.xyz,1.960625870812685,2.514559731583245
4620,TS_ts_guess_GL_JkT_template_4-12_6-11.xyz,38,18,20,r1_C6H7NO4.xyz,r0_C7H10N2O.xyz,2.0332384530349605,2.533944556950684
4621,TS_ts_guess_To8KcS_template_4-20_6-11.xyz,38,18,20,r1_C6H7NO4.xyz,r0_C7H10N2O.xyz,2.1949905429636822,2.1970300536178375
4622,TS_ts_guess_qSgGYw_template_4-18_10-15.xyz,40,22,18,r1_C8H7N3O4.xyz,r0_C6H12.xyz,2.5712810364680094,2.77452834984615
4623,TS_yK9tky_hl_ad_4-20_10-13.xyz,38,26,12,r0_C8H13NO4.xyz,r1_C6H4O2.xyz,2.4290120653467326,2.5274261369820485
4624,TS_ts_guess_GMIRpD_template_4-19_6-7.xyz,38,12,26,r0_C3H5N3O.xyz,r1_C10H12O4.xyz,2.2266573615399383,2.345406060600168
4625,TS_ts_guess_MyMxDT_template_4-18_6-7.xyz,38,12,26,r0_C3H5N3O.xyz,r1_C10H12O4.xyz,2.2095249823208607,2.41541828052617
4630,TS_ts_guess_gSZIWe_template_4-19_10-17.xyz,41,29,12,r1_C9H12N4O4.xyz,r0_C4H8.xyz,2.168210481503122,2.52602338140406
4631,TS_ts_guess_ODbGGG_template_8-10_15-18.xyz,37,26,11,r0_C10H12O4.xyz,r1_C5H3N3.xyz,2.6978285994666154,2.162760772276952
4632,TS_ts_guess_s5PYFG_template_2-19_11-14.xyz,37,26,11,r0_C10H12O4.xyz,r1_C5H3N3.xyz,2.101649773439904,2.7855321346378323
4633,TS_ts_guess_D6HSMR_template_4-18_9-14.xyz,32,22,10,r0_C8H8N4O2.xyz,r1_C4H2O4.xyz,2.269216681103856,2.225136441726664
4634,TS_ts_guess_CsuCxX_template_3-17_4-9.xyz,44,23,21,r0_C9H14.xyz,r1_C7H9NO4.xyz,2.599080500523214,1.9269248252591484
4635,TS_ts_guess_OBWXtz_template_5-6_11-18.xyz,44,23,21,r0_C9H14.xyz,r1_C7H9NO4.xyz,2.5294393883625674,1.9907092525278522
4636,TS_ts_guess_Sr34SH_template_4-5_6-14.xyz,44,21,23,r1_C7H9NO4.xyz,r0_C9H14.xyz,1.9812510561763745,2.862253086171801
4637,TS_ts_guess_PLGGEw_template_4-11_8-10.xyz,44,21,23,r1_C7H9NO4.xyz,r0_C9H14.xyz,2.5289120371812066,2.004760959765528
4638,TS_ts_guess_6H4C5E_template_3-14_4-9.xyz,44,23,21,r0_C9H14.xyz,r1_C7H9NO4.xyz,1.883138688732192,2.611657838940622
4639,TS_ts_guess_hpVgTV_template_5-6_14-18.xyz,44,23,21,r0_C9H14.xyz,r1_C7H9NO4.xyz,2.0979124478633517,2.2369469961981667
4640,TS_ts_guess_WLxEdB_template_4-18_8-15.xyz,42,28,14,r1_C9H13N3O3.xyz,r0_C5H8O.xyz,2.1563203230039827,2.3948843246804215
4641,TS_ts_guess_84s8ms_template_4-6_9-12.xyz,42,28,14,r1_C9H13N3O3.xyz,r0_C5H8O.xyz,2.1764939138899515,2.4582542314008125
4644,TS_i3IwV3_ll_ad_4-20_6-11.xyz,39,19,20,r1_C5H8N2O4.xyz,r0_C7H10N2O.xyz,2.156172915190245,2.556919081961727
4645,TS_ts_guess_MY57Qp_template_4-20_6-11.xyz,39,19,20,r1_C5H8N2O4.xyz,r0_C7H10N2O.xyz,2.187999584460655,2.4144936094137837
4646,TS_ts_guess_atC86F_template_4-18_12-15.xyz,47,29,18,r1_C12H14O3.xyz,r0_C6H12.xyz,2.7558744991744453,2.3838594437382414
4647,TS_ts_guess_GMszyv_template_4-18_7-15.xyz,48,30,18,r1_C12H15NO2.xyz,r0_C6H12.xyz,2.507124323004346,2.6308871280615596
4648,TS_ts_guess_IeIrUm_template_4-11_18-19.xyz,37,25,12,r0_C10H11NO3.xyz,r1_C6H4O2.xyz,2.183286237326659,1.873001991910313
4649,TS_ts_guess_JDfIrD_template_4-5_9-13.xyz,38,28,10,r0_C8H15N3O2.xyz,r1_C4H2O4.xyz,2.3706779178538784,2.614354313917683
4650,TS_ts_guess_ZJtUdE_template_4-19_10-17.xyz,38,26,12,r1_C9H9NO7.xyz,r0_C4H8.xyz,2.555581376399507,2.7822430155182345
4651,TS_ts_guess_DvBngk_template_3-10_11-12.xyz,45,39,6,r1_C18H19NO.xyz,r0_C2H4.xyz,2.4109855418479804,2.2141793026311123
4652,TS_ts_guess_TnRQVS_template_4-20_6-11.xyz,41,21,20,r1_C6H10N2O3.xyz,r0_C7H10N2O.xyz,2.1439299704514605,2.3046017925012556
4653,TS_ts_guess_yHTss__template_4-20_6-11.xyz,41,21,20,r1_C6H10N2O3.xyz,r0_C7H10N2O.xyz,2.3467664325407416,2.2227585372684997
4654,TS_ts_guess_1DQdVQ_template_4-12_6-11.xyz,41,21,20,r1_C6H10N2O3.xyz,r0_C7H10N2O.xyz,2.1397757031053515,2.467922791438176
4655,TS_ts_guess_YU067o_template_4-17_6-11.xyz,41,21,20,r1_C6H10N2O3.xyz,r0_C7H10N2O.xyz,2.250578028796158,2.230002779258358
4656,TS_ts_guess_Wvbe7Y_template_2-5_9-13.xyz,38,28,10,r0_C12H14N2.xyz,r1_C4H2O4.xyz,2.2108036586951814,2.385308570415995
4657,TS_ts_guess_zSpJmj_template_5-6_15-18.xyz,47,23,24,r0_C9H14.xyz,r1_C8H12N2O2.xyz,2.6458423303364094,2.08761869904444
4658,TS_ts_guess_SrapJg_template_3-14_4-9.xyz,47,23,24,r0_C9H14.xyz,r1_C8H12N2O2.xyz,2.623001449656481,2.0377721773790123
4659,TS_ts_guess_C0iRJa_template_5-6_11-18.xyz,47,23,24,r0_C9H14.xyz,r1_C8H12N2O2.xyz,1.9835873673725593,2.6214661208186536
4660,TS_ts_guess_xwpMdC_template_4-7_8-16.xyz,47,24,23,r1_C8H12N2O2.xyz,r0_C9H14.xyz,2.212418666821449,2.2487684089518867
4661,TS_ts_guess_lZjeMh_template_3-18_4-9.xyz,47,23,24,r0_C9H14.xyz,r1_C8H12N2O2.xyz,2.0861586509659324,2.487799051470999
4662,TS_ts_guess_PJ_-kT_template_4-13_9-12.xyz,47,24,23,r1_C8H12N2O2.xyz,r0_C9H14.xyz,3.086226436054231,2.059490939504226
4663,TS_ts_guess_9D5rH5_template_4-18_11-15.xyz,43,29,14,r1_C9H14N4O2.xyz,r0_C5H8O.xyz,2.4318976836413166,2.2554389462142397
4664,TS_ts_guess_xID0b6_template_4-9_12-15.xyz,43,29,14,r1_C9H14N4O2.xyz,r0_C5H8O.xyz,2.3854430903293418,2.407813671403998
4665,TS_ts_guess_BhWFts_template_4-19_6-7.xyz,39,13,26,r1_C4H6O3.xyz,r0_C10H12O4.xyz,2.767627830868883,2.5872915856934258
4666,TS_ts_guess_9NNECI_template_4-18_6-7.xyz,39,13,26,r1_C4H6O3.xyz,r0_C10H12O4.xyz,2.701162866193003,2.379791945633063
4667,TS_ts_guess_MIgzTC_template_4-17_7-13.xyz,36,26,10,r0_C8H13NO4.xyz,r1_C4H2O4.xyz,2.297595747928691,2.313461490969755
4668,TS_ts_guess_5SFDJW_template_4-17_7-13.xyz,37,27,10,r0_C8H14N2O3.xyz,r1_C4H2O4.xyz,2.2962398046589123,2.329699253144062
4671,TS_ts_guess_okhyIW_template_2-3_6-10.xyz,40,26,14,r1_C10H12O4.xyz,r0_C3H7N3O.xyz,1.8722219421318618,2.300028957426406
4672,TS_ts_guess_DhR6Ij_template_3-21_11-14.xyz,40,28,12,r0_C12H14O2.xyz,r1_C6H4O2.xyz,2.469272094383282,2.494432687827034
4673,TS_ts_guess_XDj2J0_template_4-11_12-13.xyz,43,37,6,r1_C17H17NO2.xyz,r0_C2H4.xyz,2.4509274625945174,2.1468835010079146
4674,TS_ts_guess_AI_B2T_template_4-18_6-7.xyz,38,12,26,r0_C2H5N3O2.xyz,r1_C10H12O4.xyz,2.4041689082092383,1.799508960883496
4675,TS_ts_guess_oqA1Tq_template_4-19_6-7.xyz,38,12,26,r0_C2H5N3O2.xyz,r1_C10H12O4.xyz,2.3011791229715257,1.8157651864159088
4676,TS_ts_guess_lAveK1_template_4-18_7-15.xyz,47,29,18,r1_C12H14O3.xyz,r0_C6H12.xyz,2.5504442875899094,2.429403392995902
4677,TS_ts_guess_x3c0zX_template_4-9_11-13.xyz,42,30,12,r1_C10H13N3O4.xyz,r0_C4H8.xyz,2.242527804108569,2.596762517616888
4678,TS_lDyneB_hl_ad_2-16_4-5.xyz,41,13,28,r1_C2H8N3.xyz,r0_C13H11N3O.xyz,2.8688268413412477,1.7341970048699773
4679,TS_ts_guess_q9gxKN_template_2-13_4-5.xyz,41,13,28,r1_C2H8N3.xyz,r0_C13H11N3O.xyz,2.3536791850632492,1.7761667379500157
4680,TS_ts_guess_ITDADP_template_4-5_9-13.xyz,38,28,10,r0_C11H14N2O.xyz,r1_C4H2O4.xyz,2.2843962875779678,2.307382951549222
4681,TS_ts_guess_W7TPEC_template_4-19_12-16.xyz,42,28,14,r1_C12H12N2O2.xyz,r0_C5H8O.xyz,2.8089491195285112,2.0951317964032716
4682,TS_0GS6QZ_ll_ad_4-19_12-16.xyz,42,28,14,r1_C12H12N2O2.xyz,r0_C5H8O.xyz,2.4394103355114325,2.1793813311121117
4683,TS_ts_guess_qo15qC_template_4-18_7-12.xyz,40,20,20,r1_C7H8N4O.xyz,r0_C7H10N2O.xyz,2.036634591427731,3.64823450389363
4684,TS_ts_guess_LpTJDi_template_4-5_14-15.xyz,40,20,20,r1_C7H8N4O.xyz,r0_C7H10N2O.xyz,2.121390938723931,3.127367778915681
4685,TS_ts_guess_iS34mP_template_4-5_6-15.xyz,40,20,20,r1_C7H8N4O.xyz,r0_C7H10N2O.xyz,2.1404980046708757,2.3008219339183986
4686,TS_ts_guess_1f1mrW_template_4-5_11-15.xyz,40,20,20,r1_C7H8N4O.xyz,r0_C7H10N2O.xyz,1.9379808490539838,2.597208129684643
4687,TS_ts_guess_fdVuts_template_4-18_10-15.xyz,42,28,14,r1_C8H13N3O4.xyz,r0_C5H8O.xyz,2.4298910585044755,2.2759817780685325
4688,TS_ts_guess_-rqHFS_template_4-18_10-15.xyz,42,28,14,r1_C8H13N3O4.xyz,r0_C5H8O.xyz,2.4284382664790964,2.1465996107798024
4689,TS_lZ4uBI_hl_ad_4-18_10-15.xyz,43,29,14,r1_C9H14N2O4.xyz,r0_C5H8O.xyz,2.6621287687487993,2.363816677092367
4690,TS_ts_guess_aY1yF9_template_4-18_10-15.xyz,43,29,14,r1_C9H14N2O4.xyz,r0_C5H8O.xyz,2.7011131585699997,2.3003238495916176
4691,TS_ts_guess_D8MXXh_template_3-18_6-14.xyz,39,29,10,r0_C12H15NO.xyz,r1_C4H2O4.xyz,2.2893324079084714,2.2344825577524654
4692,TS_ts_guess_MLDO_6_template_4-18_11-15.xyz,43,29,14,r1_C9H14N2O4.xyz,r0_C5H8O.xyz,2.152925127471924,2.260408768364696
4693,TS_ts_guess_XmzN5__template_4-9_12-15.xyz,43,29,14,r1_C9H14N2O4.xyz,r0_C5H8O.xyz,2.2937624477264427,2.3629808756526147
4694,TS_ts_guess_AkAF8Z_template_2-10_17-18.xyz,38,26,12,r0_C12H11N3.xyz,r1_C6H4O2.xyz,2.1214762923021317,2.1236162732942128
4695,TS_ts_guess_clKeN__template_4-5_9-13.xyz,36,26,10,r0_C10H12N2O2.xyz,r1_C4H2O4.xyz,2.2142767651989668,2.1844925137431805
4696,TS_ts_guess_E57ESd_template_4-19_6-16.xyz,42,28,14,r1_C12H12N2O2.xyz,r0_C5H8O.xyz,2.1368594526547597,2.6740149742849235
4697,TS_ts_guess_kxcsIN_template_4-19_6-16.xyz,42,28,14,r1_C12H12N2O2.xyz,r0_C5H8O.xyz,2.13646771382111,2.779850156914937
4698,TS_ts_guess_YDkWp9_template_5-11_6-9.xyz,44,23,21,r0_C9H14.xyz,r1_C9H8N2O2.xyz,2.4827493934346254,1.9601987393884326
4699,TS_ts_guess_zOaUWT_template_4-11_12-20.xyz,44,21,23,r1_C9H8N2O2.xyz,r0_C9H14.xyz,2.174801930337565,2.256262856007695
4700,TS_ts_guess_JpWz9r_template_4-14_12-13.xyz,44,21,23,r1_C9H8N2O2.xyz,r0_C9H14.xyz,2.66620133568341,1.9462964956809639
4701,TS_ts_guess_5DmcVE_template_3-11_4-9.xyz,44,23,21,r0_C9H14.xyz,r1_C9H8N2O2.xyz,2.31334352628398,1.9872731561363173
4702,TS_ts_guess_5sBWrY_template_5-6_8-19.xyz,44,23,21,r0_C9H14.xyz,r1_C9H8N2O2.xyz,2.1040208944304712,2.2565829904747576
4703,TS_ts_guess_E9j678_template_3-4_6-17.xyz,44,23,21,r0_C9H14.xyz,r1_C9H8N2O2.xyz,1.9889314551537467,2.3515308403038224
4705,TS_LBQ3e1_hl_ad_4-21_9-12.xyz,39,19,20,r1_C7H7N3O2.xyz,r0_C7H10N2O.xyz,3.1147361266887437,2.200397379043158
4707,TS_cSs-Nl_ll_ad_4-13_9-12.xyz,39,19,20,r1_C7H7N3O2.xyz,r0_C7H10N2O.xyz,2.5333928409348596,2.3272990658056822
4708,TS_ts_guess_6WeKRT_template_5-11_6-9.xyz,45,23,22,r1_C9H14.xyz,r0_C10H9NO2.xyz,2.9242232313214394,2.256660161854239
4709,TS_ts_guess_JZr76c_template_5-6_8-19.xyz,45,23,22,r1_C9H14.xyz,r0_C10H9NO2.xyz,2.1434167496312986,2.823670396115666
4710,TS_ts_guess_WClSFn_template_4-14_12-13.xyz,45,22,23,r0_C10H9NO2.xyz,r1_C9H14.xyz,3.1762962761996874,2.277959267107294
4711,TS_ts_guess_hLoZs3_template_4-11_12-20.xyz,45,22,23,r0_C10H9NO2.xyz,r1_C9H14.xyz,2.540800371969431,2.2492883504121925
4712,TS_ts_guess_Cie4Vk_template_3-11_4-9.xyz,45,23,22,r1_C9H14.xyz,r0_C10H9NO2.xyz,2.9403304607475667,2.205073892843503
4713,TS_ts_guess_yfMc4x_template_3-4_6-17.xyz,45,23,22,r1_C9H14.xyz,r0_C10H9NO2.xyz,2.1632872620620685,2.8924961519421246
4714,TS_ts_guess_75wCZr_template_4-5_9-13.xyz,37,27,10,r0_C10H13N3O.xyz,r1_C4H2O4.xyz,2.10503830202683,2.3442862711921513
4715,TS_ts_guess__oPj6c_template_4-11_15-19.xyz,38,28,10,r1_C11H14N2O.xyz,r0_C4H2O4.xyz,2.689492638547278,2.2231239179137092
4716,TS_ts_guess_H6q4eN_template_4-5_12-13.xyz,37,25,12,r0_C7H11N5O2.xyz,r1_C6H4O2.xyz,1.9555801548389673,2.4614339499771267
4717,TS_ts_guess_QHoyYb_template_4-21_6-12.xyz,36,16,20,r1_C6H4N2O4.xyz,r0_C7H10N2O.xyz,2.94405199249266,2.421448068181517
4718,TS_ts_guess_621oDr_template_4-18_6-12.xyz,36,16,20,r1_C6H4N2O4.xyz,r0_C7H10N2O.xyz,2.340353877023729,2.230840655829098
4719,TS_4F5gX8_hl_ad_4-21_6-12.xyz,36,16,20,r1_C6H4N2O4.xyz,r0_C7H10N2O.xyz,2.970793358650177,2.2273916962222877
4720,TS_ts_guess_ncVEZc_template_4-13_6-12.xyz,36,16,20,r1_C6H4N2O4.xyz,r0_C7H10N2O.xyz,2.371507463724287,2.349996880402185
4721,TS_ts_guess_MvaiUa_template_4-7_16-17.xyz,39,19,20,r1_C7H7N3O2.xyz,r0_C7H10N2O.xyz,2.3158175696932606,2.2350933826576465
4722,TS_UrR1Y__ll_ad_4-7_8-17.xyz,39,19,20,r1_C7H7N3O2.xyz,r0_C7H10N2O.xyz,3.4228884582469234,2.063661287663264
4723,TS_ts_guess_AUCDDp_template_4-18_9-12.xyz,39,19,20,r1_C7H7N3O2.xyz,r0_C7H10N2O.xyz,2.3878311210175647,2.0979106994579158
4724,TS_ts_guess_l-YjwG_template_4-7_13-17.xyz,39,19,20,r1_C7H7N3O2.xyz,r0_C7H10N2O.xyz,3.437520587923802,2.140047882875521
4727,TS_yTVObK_hl_ad_5-13_6-9.xyz,44,23,21,r0_C9H14.xyz,r1_C9H8N2O2.xyz,2.833386745645571,2.9806226365308306
4731,TS_ts_guess_32hc0G_template_4-19_8-12.xyz,36,24,12,r0_C8H10N2O4.xyz,r1_C6H4O2.xyz,1.891062799036563,2.4890535039247346
4732,TS_ts_guess_0aK-Xd_template_4-21_10-14.xyz,37,25,12,r0_C8H11N3O3.xyz,r1_C6H4O2.xyz,2.5858058770333088,2.1518531995468466
4734,TS_ts_guess_bHSHro_template_3-17_4-9.xyz,45,23,22,r0_C9H14.xyz,r1_C10H9NO2.xyz,2.4904126333802594,1.99389020565326
4735,TS_ts_guess_nP_wva_template_5-6_9-19.xyz,45,23,22,r0_C9H14.xyz,r1_C10H9NO2.xyz,2.4888756117773343,2.055153052037731
4736,TS_ts_guess_yv58YS_template_6-12_8-9.xyz,45,23,22,r0_C9H14.xyz,r1_C10H9NO2.xyz,2.5286122765857164,2.0033143305282874
4737,TS_ts_guess_45lzMG_template_6-17_8-9.xyz,45,23,22,r0_C9H14.xyz,r1_C10H9NO2.xyz,2.7927508638974587,2.0102097751727306
4738,TS_ts_guess_IeADGD_template_5-6_14-19.xyz,45,23,22,r0_C9H14.xyz,r1_C10H9NO2.xyz,2.1965797630179518,2.171922509506267
4739,TS_ts_guess_oWc2w__template_3-12_4-9.xyz,45,23,22,r0_C9H14.xyz,r1_C10H9NO2.xyz,1.9487859014268345,2.5377370278655746
4740,TS_ts_guess_ZRsmaF_template_4-19_9-16.xyz,41,27,14,r1_C12H11NO3.xyz,r0_C5H8O.xyz,2.5253290396698804,2.151309272652354
4741,TS_ts_guess_amLQAV_template_4-19_9-16.xyz,41,27,14,r1_C12H11NO3.xyz,r0_C5H8O.xyz,2.598150371187164,2.089588830894729
4742,TS_ts_guess_AwhHRc_template_2-18_11-14.xyz,37,26,11,r1_C10H12O4.xyz,r0_C4H3N3O.xyz,2.2946758967008827,2.5386544292006348
4743,TS_ts_guess_2Ni6z0_template_8-10_14-18.xyz,37,26,11,r1_C10H12O4.xyz,r0_C4H3N3O.xyz,2.4512376886993232,2.2345514047566684
4744,TS_ts_guess_FYEQh1_template_4-18_6-14.xyz,35,25,10,r0_C10H11NO3.xyz,r1_C4H2O4.xyz,2.4559005207051854,2.0931122535115025
4745,TS_ts_guess_KJnkCl_template_4-22_6-15.xyz,36,24,12,r0_C11H9N3O.xyz,r1_C6H4O2.xyz,2.215708925400627,2.7784234446174687
4747,TS_ts_guess_l4aete_template_4-5_8-11.xyz,43,29,14,r1_C12H13N3O.xyz,r0_C5H8O.xyz,2.232789831824751,2.3811190105704503
4748,TS_ts_guess_8tqGlO_template_4-19_7-16.xyz,43,29,14,r1_C12H13N3O.xyz,r0_C5H8O.xyz,2.102458646941718,2.4786360365935134
4749,TS_uO3veF_hl_ad_2-14_4-5.xyz,47,13,34,r1_C2H8N3.xyz,r0_C16H17N.xyz,2.113655103393172,2.6375669432452327
4751,TS_ts_guess_bfrIJv_template_4-21_7-14.xyz,39,27,12,r0_C9H13NO4.xyz,r1_C6H4O2.xyz,2.2469015662907887,2.2133185924760133
4752,TS_ts_guess_Mvk6A0_template_4-21_6-14.xyz,37,25,12,r0_C8H11NO5.xyz,r1_C6H4O2.xyz,2.02053470648242,2.4323882420575877
4753,TS_qzUuJ6_ll_ad_3-4_12-17.xyz,46,23,23,r0_C9H14.xyz,r1_C9H10N2O2.xyz,1.9976635705243264,2.293093396724172
4754,TS_ts_guess_TQ-CSH_template_4-5_6-14.xyz,46,23,23,r1_C9H10N2O2.xyz,r0_C9H14.xyz,1.9205724693694848,2.4769047964344533
4755,TS_ts_guess_CBWcuz_template_4-14_6-13.xyz,46,23,23,r1_C9H10N2O2.xyz,r0_C9H14.xyz,2.6306123986821017,1.9921511402752554
4756,TS_17TzE4_ll_ad_3-17_4-9.xyz,46,23,23,r0_C9H14.xyz,r1_C9H10N2O2.xyz,2.157821199149735,2.0986968429480233
4757,TS_ts_guess_dH2-kn_template_5-6_14-19.xyz,46,23,23,r0_C9H14.xyz,r1_C9H10N2O2.xyz,2.220415098602061,2.052844830034652
4758,TS_ts_guess_NFp_qk_template_5-6_12-19.xyz,46,23,23,r0_C9H14.xyz,r1_C9H10N2O2.xyz,2.363882367589386,2.0132170440615687
4759,TS_ts_guess_w_q9UY_template_4-19_7-16.xyz,45,27,18,r1_C11H11N3O2.xyz,r0_C6H12.xyz,2.1494314973732007,2.40881926059221
4760,TS_ts_guess_-054rR_template_4-16_8-12.xyz,34,24,10,r0_C8H10N2O4.xyz,r1_C4H2O4.xyz,1.935544430825601,2.517783302788387
4761,TS_ts_guess_A3t5Fv_template_3-22_5-15.xyz,36,24,12,r0_C11H9NO3.xyz,r1_C6H4O2.xyz,1.9747931881085676,2.4848516888740058
4762,TS_ts_guess__xfntI_template_4-8_9-10.xyz,40,34,6,r1_C14H14O6.xyz,r0_C2H4.xyz,2.5773237606672548,2.4116907574977353
4763,TS_ts_guess_rqceCW_template_4-14_10-13.xyz,42,19,23,r1_C7H6N2O4.xyz,r0_C9H14.xyz,3.0703756132760045,2.282779519905503
4764,TS_ts_guess_Ngaywu_template_5-13_6-9.xyz,42,23,19,r0_C9H14.xyz,r1_C7H6N2O4.xyz,2.806692093924804,2.2838993209202547
4765,TS_NIMSSt_ll_ad_4-9_10-18.xyz,42,19,23,r1_C7H6N2O4.xyz,r0_C9H14.xyz,2.469355438246993,2.344098040377151
4766,TS_ts_guess_iVV7zk_template_5-6_10-19.xyz,42,23,19,r0_C9H14.xyz,r1_C7H6N2O4.xyz,2.2133762108823705,2.7586706129583503
4767,TS_ts_guess_mkFfbr_template_3-13_4-9.xyz,42,23,19,r0_C9H14.xyz,r1_C7H6N2O4.xyz,2.7126416690930633,2.1907181909593025
4768,TS_ts_guess_WjONaX_template_3-4_8-17.xyz,42,23,19,r0_C9H14.xyz,r1_C7H6N2O4.xyz,2.219271772902093,2.816823761934708
4769,TS_ts_guess_k7_oIy_template_5-14_9-10.xyz,39,20,19,r0_C7H10N2O.xyz,r1_C10H6N2O.xyz,2.5279670096739792,2.3567054431345467
4770,TS_ts_guess_kLm0QZ_template_8-9_13-22.xyz,39,20,19,r0_C7H10N2O.xyz,r1_C10H6N2O.xyz,2.4593641817754444,2.820657108139875
4771,TS_ts_guess_aMtSmr_template_8-14_9-10.xyz,39,20,19,r0_C7H10N2O.xyz,r1_C10H6N2O.xyz,2.504219169441844,2.4750429403547733
4772,TS_ts_guess_H2KYBW_template_5-9_13-22.xyz,39,20,19,r0_C7H10N2O.xyz,r1_C10H6N2O.xyz,2.3613554640502556,2.7705511564668863
4773,TS_ts_guess_9FdDAx_template_4-18_6-15.xyz,45,27,18,r1_C8H12N2O5.xyz,r0_C6H12.xyz,2.152241116627038,2.6421021972285628
4774,TS_ts_guess_1Uiid-_template_4-18_8-15.xyz,49,31,18,r1_C10H16N2O3.xyz,r0_C6H12.xyz,2.1133136968041444,2.6534722002312363
4775,TS_ts_guess_3hAJdP_template_2-19_8-15.xyz,33,23,10,r0_C11H8N2O2.xyz,r1_C4H2O4.xyz,2.0475140511361576,2.5245432149400813
4776,TS_ts_guess_CUfi-C_template_4-18_8-14.xyz,35,25,10,r0_C8H11N3O3.xyz,r1_C4H2O4.xyz,2.325622159294153,2.175099902694127
4777,TS_ts_guess_hC36A3_template_4-5_6-14.xyz,46,23,23,r1_C9H10N2O2.xyz,r0_C9H14.xyz,2.16582055777943,2.3836684655798925
4778,TS_ts_guess_xLT69m_template_5-6_12-19.xyz,46,23,23,r0_C9H14.xyz,r1_C9H10N2O2.xyz,2.683742695360343,2.1773982138552426
4779,TS_ts_guess_BnjM5i_template_5-6_14-19.xyz,46,23,23,r0_C9H14.xyz,r1_C9H10N2O2.xyz,2.270834412479254,2.377704845497018
4780,TS_RURh_P_hl_ad_3-17_4-9.xyz,46,23,23,r0_C9H14.xyz,r1_C9H10N2O2.xyz,2.397521542489243,2.1110396342323847
4781,TS_ts_guess_9eQqrG_template_4-14_6-13.xyz,46,23,23,r1_C9H10N2O2.xyz,r0_C9H14.xyz,2.9511169678106626,2.4172009133499848
4782,TS_imJf2b_hl_ad_3-4_12-17.xyz,46,23,23,r0_C9H14.xyz,r1_C9H10N2O2.xyz,2.3250845010235652,2.4584906179808783
4783,TS_ts_guess_hCib7S_template_4-7_8-9.xyz,41,35,6,r1_C17H14N2O2.xyz,r0_C2H4.xyz,2.4103072692501257,2.42246043340237
4784,TS_ts_guess_PpVOcW_template_1-3_11-20.xyz,45,18,27,r0_C6H12.xyz,r1_C15H10N2.xyz,2.242800579030601,2.7491880347477142
4785,TS_ts_guess_F7G9ve_template_4-18_6-14.xyz,33,23,10,r0_C7H9N3O4.xyz,r1_C4H2O4.xyz,2.0201242069239207,2.4296091379890714
4786,TS_ts_guess_vyELNS_template_4-18_10-15.xyz,46,28,18,r1_C9H13NO5.xyz,r0_C6H12.xyz,2.367510053832929,2.3140022988968703
4787,TS_ts_guess_TS8GC9_template_3-18_8-12.xyz,41,21,20,r0_C8H9NO3.xyz,r1_C7H10N2O.xyz,2.4367132888585807,2.3666539043975146
4788,TS_ts_guess_Nbngjw_template_3-21_8-12.xyz,41,21,20,r0_C8H9NO3.xyz,r1_C7H10N2O.xyz,3.5167660446637616,2.4959751096916007
4789,TS_ts_guess_bKd8xk_template_3-21_8-12.xyz,41,21,20,r0_C8H9NO3.xyz,r1_C7H10N2O.xyz,3.1027838940216252,2.4170442844515696
4790,TS_ts_guess_ZFt_Pv_template_3-13_8-12.xyz,41,21,20,r0_C8H9NO3.xyz,r1_C7H10N2O.xyz,2.4212340606186755,2.6035629416244195
4791,TS_ts_guess_i8DYlD_template_5-11_6-9.xyz,45,23,22,r0_C9H14.xyz,r1_C9H9NO3.xyz,2.7997414233996687,2.336223360254751
4792,TS_ts_guess_-jIfv8_template_3-11_4-9.xyz,45,23,22,r0_C9H14.xyz,r1_C9H9NO3.xyz,2.6551943586298914,2.316925840095017
4793,TS_ts_guess_QK8Ef4_template_4-11_12-20.xyz,45,22,23,r1_C9H9NO3.xyz,r0_C9H14.xyz,2.4416282312424227,2.5180230700492
4795,TS_tVv_zJ_hl_ad_4-14_12-13.xyz,45,22,23,r1_C9H9NO3.xyz,r0_C9H14.xyz,2.990085819236632,2.3807684753877267
4796,TS_ts_guess_UHI8AE_template_3-4_6-17.xyz,45,23,22,r0_C9H14.xyz,r1_C9H9NO3.xyz,2.211858201806798,2.6931004389365056
4797,TS_ts_guess_4302bi_template_4-18_9-12.xyz,40,20,20,r1_C7H8N2O3.xyz,r0_C7H10N2O.xyz,2.5285831059112924,2.3150328435035212
4798,TS_ts_guess_34t0j-_template_4-21_9-12.xyz,40,20,20,r1_C7H8N2O3.xyz,r0_C7H10N2O.xyz,3.312683428249673,2.46013196430598
4799,TS_ts_guess_Q_ZaPK_template_4-21_9-12.xyz,40,20,20,r1_C7H8N2O3.xyz,r0_C7H10N2O.xyz,3.4698957483186725,2.349857649539648
4800,TS_ts_guess_tG2l-t_template_4-13_9-12.xyz,40,20,20,r1_C7H8N2O3.xyz,r0_C7H10N2O.xyz,2.50312487321348,2.5309524134997083
4802,TS_ts_guess_BgMaJr_template_4-9_10-14.xyz,45,32,13,r0_C10H16N2O4.xyz,r1_C2H8N3.xyz,2.495660743149998,1.9105294247930338
4803,TS_ts_guess_t4zVh2_template_4-6_7-11.xyz,42,29,13,r0_C9H13NO6.xyz,r1_C2H8N3.xyz,1.9970157134584594,2.889134785329338
4804,TS_ts_guess_bnfqkd_template_4-17_7-16.xyz,42,29,13,r0_C9H13NO6.xyz,r1_C2H8N3.xyz,2.1844200712088324,2.065998155613891
4805,TS_ts_guess_EsvFgU_template_3-15_11-14.xyz,45,22,23,r1_C11H8N2O.xyz,r0_C9H14.xyz,3.1588848419972515,2.29887956635401
4806,TS_ts_guess_sAJr_6_template_5-13_6-9.xyz,45,23,22,r0_C9H14.xyz,r1_C11H8N2O.xyz,2.8529531433411237,2.2803757112809286
4807,TS_-jQ3bi_ll_ad_5-6_10-20.xyz,45,23,22,r0_C9H14.xyz,r1_C11H8N2O.xyz,2.1621470329512746,2.7686524778852255
4808,TS_ts_guess_D619ML_template_3-4_8-18.xyz,45,23,22,r0_C9H14.xyz,r1_C11H8N2O.xyz,2.1885787869985394,2.797023590765727
4809,TS_ts_guess_wqCLIt_template_3-10_11-19.xyz,45,22,23,r1_C11H8N2O.xyz,r0_C9H14.xyz,2.4731324867463127,2.328786726409269
4810,TS_ts_guess_Idt5bS_template_3-13_4-9.xyz,45,23,22,r0_C9H14.xyz,r1_C11H8N2O.xyz,2.7572682136310207,2.1883728260285085
4811,TS_ts_guess_GuUvcH_template_4-20_10-18.xyz,45,33,12,r1_C13H15NO4.xyz,r0_C4H8.xyz,2.358595146713399,2.251985609034836
4812,TS_ts_guess_gu0LI6_template_4-21_12-19.xyz,45,33,12,r1_C16H14N2O.xyz,r0_C4H8.xyz,2.6684109476240723,2.2618141842556385
4813,TS_ts_guess_626dR-_template_4-8_10-12.xyz,47,35,12,r1_C14H17NO3.xyz,r0_C4H8.xyz,2.525113553347651,2.1509520744079818
4814,TS_ts_guess_q_vMk3_template_5-6_12-19.xyz,43,23,20,r0_C9H14.xyz,r1_C7H7NO5.xyz,2.6862744003359,2.178454122606212
4815,TS_ts_guess_80TY6M_template_5-6_13-19.xyz,43,23,20,r0_C9H14.xyz,r1_C7H7NO5.xyz,2.1805643194595294,2.481289598092089
4817,TS_ts_guess_5iLg0t_template_3-16_4-9.xyz,43,23,20,r0_C9H14.xyz,r1_C7H7NO5.xyz,2.5095721331334553,2.090248454753645
4818,TS_ts_guess_o_Lddx_template_3-15_4-9.xyz,43,23,20,r0_C9H14.xyz,r1_C7H7NO5.xyz,2.1147018434994567,2.6442291600767134
4819,TS_ts_guess_N7ABC3_template_4-11_6-10.xyz,43,20,23,r1_C7H7NO5.xyz,r0_C9H14.xyz,3.074935959999818,2.3544239281828583
4820,TS_ts_guess_5guq9g_template_3-6_10-14.xyz,36,26,10,r0_C11H11N3O.xyz,r1_C4H2O4.xyz,2.2833482573843176,2.0247041971853568
4821,TS_2e32H__ll_ad_4-19_9-16.xyz,46,28,18,r1_C12H12O4.xyz,r0_C6H12.xyz,2.733968687512715,2.193500014041486
4822,TS_ts_guess_zR8mEJ_template_4-8_11-14.xyz,42,28,14,r1_C10H12N2O4.xyz,r0_C5H8O.xyz,2.127937290452893,2.56796746868024
4823,TS_ts_guess_iFsUyJ_template_4-19_10-16.xyz,42,28,14,r1_C10H12N2O4.xyz,r0_C5H8O.xyz,2.2193612379466305,2.396069945765357
4824,TS_ts_guess_jQtjni_template_4-19_8-10.xyz,41,21,20,r1_C7H9NO4.xyz,r0_C7H10N2O.xyz,2.696397744324824,1.9878480467077961
4825,TS_ts_guess_5krAHT_template_4-21_8-12.xyz,41,21,20,r1_C7H9NO4.xyz,r0_C7H10N2O.xyz,2.6049221972450542,1.8618405859525138
4826,TS_ts_guess_nZYvm1_template_4-11_8-10.xyz,41,21,20,r1_C7H9NO4.xyz,r0_C7H10N2O.xyz,2.312989596582743,2.028247769405898
4827,TS_ts_guess_AiYb2U_template_4-16_8-10.xyz,41,21,20,r1_C7H9NO4.xyz,r0_C7H10N2O.xyz,2.5552406256358715,1.8361838787550662
4830,TS_ts_guess_YyJFsh_template_4-19_6-16.xyz,47,29,18,r1_C12H13NO3.xyz,r0_C6H12.xyz,2.391303391771943,2.8636456051858095
4831,TS_ts_guess_OJeVCM_template_4-8_15-16.xyz,36,24,12,r0_C9H9N3O3.xyz,r1_C6H4O2.xyz,2.183770214720404,2.26496200040972
4832,TS_ts_guess_qFSHP6_template_3-19_7-15.xyz,37,27,10,r0_C12H12N2O.xyz,r1_C4H2O4.xyz,2.2914569360561856,2.093126485189082
4833,TS_ts_guess_w_yDLZ_template_4-19_10-16.xyz,41,27,14,r1_C9H11N3O4.xyz,r0_C5H8O.xyz,2.1257415995600217,2.4453903326054105
4834,TS_ts_guess_3yKvtV_template_4-19_10-16.xyz,41,27,14,r1_C9H11N3O4.xyz,r0_C5H8O.xyz,2.1007908195010754,2.3341669778745477
4837,TS_ts_guess_or4qZg_template_3-19_5-15.xyz,33,23,10,r0_C11H8O4.xyz,r1_C4H2O4.xyz,2.4098030535502275,2.1046564255478852
4838,TS_ts_guess_GvSSBR_template_4-19_6-15.xyz,35,25,10,r0_C10H10N4O.xyz,r1_C4H2O4.xyz,2.1085444168430505,2.424198566000731
4839,TS_6ciMkc_ll_ad_4-19_9-16.xyz,47,29,18,r1_C12H13NO3.xyz,r0_C6H12.xyz,2.7782563457139804,2.2773291673142024
4840,TS_ts_guess_AkVmHz_template_5-6_10-19.xyz,45,23,22,r0_C9H14.xyz,r1_C7H9N3O3.xyz,2.1621514799384434,2.3407209089509156
4841,TS_ts_guess__TjoSr_template_4-14_10-13.xyz,45,22,23,r1_C7H9N3O3.xyz,r0_C9H14.xyz,2.8178952455689332,2.0651973688245877
4842,TS_ts_guess_3NqHqP_template_3-13_4-9.xyz,45,23,22,r0_C9H14.xyz,r1_C7H9N3O3.xyz,2.396052401284246,2.1636607637520258
4843,TS_ts_guess_JFCugg_template_5-6_16-19.xyz,45,23,22,r0_C9H14.xyz,r1_C7H9N3O3.xyz,2.6734659418253304,2.145961310555248
4844,TS_ts_guess_ULcbD9_template_3-4_8-17.xyz,45,23,22,r0_C9H14.xyz,r1_C7H9N3O3.xyz,2.189346479043461,2.4491078165323796
4845,TS_ts_guess_wzGhLP_template_4-9_10-18.xyz,45,22,23,r1_C7H9N3O3.xyz,r0_C9H14.xyz,2.185577025798908,2.3613254480693677
4846,TS_ts_guess_AerfHa_template_4-7_13-17.xyz,44,24,20,r1_C8H12N2O2.xyz,r0_C7H10N2O.xyz,2.8692598483581095,2.0960918623476408
4847,TS_tugbpo_ll_ad_4-7_8-17.xyz,44,24,20,r1_C8H12N2O2.xyz,r0_C7H10N2O.xyz,3.175599414583017,1.9830478148547002
4848,TS_NkOhn4_ll_ad_4-18_9-12.xyz,44,24,20,r1_C8H12N2O2.xyz,r0_C7H10N2O.xyz,2.41020887437168,2.029969931624604
4849,TS_X7AStR_ll_ad_4-7_16-17.xyz,44,24,20,r1_C8H12N2O2.xyz,r0_C7H10N2O.xyz,2.369464585639549,2.09422865451698
4850,TS_ts_guess_949qeg_template_4-19_7-8.xyz,41,15,26,r0_C4H7N3O.xyz,r1_C10H12O4.xyz,2.1006815622316486,2.2269624842147655
4851,TS_ts_guess_x7Z0yC_template_4-20_7-8.xyz,41,15,26,r0_C4H7N3O.xyz,r1_C10H12O4.xyz,2.255517003216779,2.1060173845673735
4852,TS_ts_guess_N2QJtC_template_4-20_12-17.xyz,41,27,14,r1_C12H10N4O.xyz,r0_C5H8O.xyz,2.1241639533002155,2.359181441814088
4853,TS_ts_guess_P51n_H_template_4-20_12-17.xyz,41,27,14,r1_C12H10N4O.xyz,r0_C5H8O.xyz,2.158624496780299,2.4291352668182147
4854,TS_r3gQUE_hl_ad_3-13_4-9.xyz,43,23,20,r0_C9H14.xyz,r1_C7H7NO5.xyz,2.516916672875763,2.514339324832669
4856,TS_ts_guess_T6b9LN_template_4-14_10-13.xyz,43,20,23,r1_C7H7NO5.xyz,r0_C9H14.xyz,3.0222019839514367,2.523667636972032
4857,TS_ts_guess_4vJ6PO_template_4-9_10-18.xyz,43,20,23,r1_C7H7NO5.xyz,r0_C9H14.xyz,2.432822861656804,2.7502861474581146
4858,TS_ts_guess_Y3adM1_template_5-6_10-19.xyz,43,23,20,r0_C9H14.xyz,r1_C7H7NO5.xyz,2.350642364206006,2.721532660028169
4859,TS_ts_guess_usRHWy_template_5-6_16-19.xyz,43,23,20,r0_C9H14.xyz,r1_C7H7NO5.xyz,2.9032624101861684,2.4231003197143943
4860,TS_ts_guess_IIET3K_template_4-8_9-13.xyz,45,32,13,r0_C13H15NO3.xyz,r1_C2H8N3.xyz,2.058354466703925,2.1593672542437052
4861,TS_ts_guess_Fwyz3z_template_4-18_9-17.xyz,45,32,13,r0_C13H15NO3.xyz,r1_C2H8N3.xyz,2.6311440648508775,1.8129248389549963
4862,TS_ts_guess_5rPARb_template_2-11_4-5.xyz,43,13,30,r0_C2H8N3.xyz,r1_C12H13NO4.xyz,1.9264152042848914,3.224413344067413
4866,TS_ts_guess_D5N-4C_template_2-11_4-5.xyz,44,13,31,r0_C2H8N3.xyz,r1_C13H14O4.xyz,2.7742353419275734,1.9485622170975194
4867,TS_ts_guess_dnKQMT_template_2-17_4-5.xyz,44,13,31,r0_C2H8N3.xyz,r1_C13H14O4.xyz,2.004881631269038,2.3047957036362243
4868,TS_ts_guess_223qcO_template_4-21_10-12.xyz,44,24,20,r1_C6H12N4O2.xyz,r0_C7H10N2O.xyz,2.3285950540615685,1.9543519710891382
4869,TS_ts_guess_I_IpVe_template_4-18_10-12.xyz,44,24,20,r1_C6H12N4O2.xyz,r0_C7H10N2O.xyz,2.3533686769607516,1.896636903442512
4870,TS_ts_guess_oO5YVR_template_4-21_10-12.xyz,44,24,20,r1_C6H12N4O2.xyz,r0_C7H10N2O.xyz,2.3460351169366582,1.995364491239633
4871,TS_ts_guess_GxPN59_template_4-13_10-12.xyz,44,24,20,r1_C6H12N4O2.xyz,r0_C7H10N2O.xyz,2.172040572664332,2.149166392650881
4872,TS_ts_guess_yhenKD_template_8-13_9-10.xyz,42,20,22,r0_C7H10N2O.xyz,r1_C10H9NO2.xyz,2.313224202298601,2.0817327942125523
4873,TS_ts_guess_Bqjsb-_template_8-18_9-10.xyz,42,20,22,r0_C7H10N2O.xyz,r1_C10H9NO2.xyz,2.0268539538161106,2.625747773073415
4874,TS_ts_guess_56sndt_template_5-13_9-10.xyz,42,20,22,r0_C7H10N2O.xyz,r1_C10H9NO2.xyz,2.6504697684750154,1.9351802704141028
4875,TS_ts_guess_6msx7a_template_5-18_9-10.xyz,42,20,22,r0_C7H10N2O.xyz,r1_C10H9NO2.xyz,1.9630352199846035,2.599383751738092
4876,TS_nAx-pH_ll_ad_8-20_9-10.xyz,45,20,25,r1_C7H10N2O.xyz,r0_C11H12N2.xyz,2.0989460716750203,2.697651086204441
4877,TS_B2riOj_ll_ad_8-14_9-10.xyz,45,20,25,r1_C7H10N2O.xyz,r0_C11H12N2.xyz,2.3807463341775827,2.178113943277532
4878,TS_6ZC8Rz_ll_ad_5-20_9-10.xyz,45,20,25,r1_C7H10N2O.xyz,r0_C11H12N2.xyz,2.141967341721157,2.399770355700728
4879,TS_12gF_q_ll_ad_5-14_9-10.xyz,45,20,25,r1_C7H10N2O.xyz,r0_C11H12N2.xyz,2.5730362886092375,2.028281160736844
4880,TS_ts_guess_9EqhhF_template_4-21_12-19.xyz,47,35,12,r1_C16H16N2O.xyz,r0_C4H8.xyz,2.4585661143438875,2.1512477920267576
4881,TS_ts_guess_kmTzhT_template_3-19_5-15.xyz,38,28,10,r0_C12H13NO2.xyz,r1_C4H2O4.xyz,2.119896438272398,2.470535738377407
4882,TS_ts_guess_QDohTh_template_5-6_13-20.xyz,44,23,21,r0_C9H14.xyz,r1_C8H7N5O.xyz,2.342406236095695,2.196904485861868
4883,TS_ts_guess_QfcZ5B_template_3-18_4-9.xyz,44,23,21,r0_C9H14.xyz,r1_C8H7N5O.xyz,2.188401494721661,2.235704948757774
4884,TS_ts_guess_2WzxDQ_template_4-7_8-16.xyz,44,21,23,r1_C8H7N5O.xyz,r0_C9H14.xyz,2.1225813490417744,2.826354596366139
4885,TS_ts_guess_q4Xp0L_template_3-16_4-9.xyz,44,23,21,r0_C9H14.xyz,r1_C8H7N5O.xyz,2.1013399108663973,2.421447732617824
4886,TS_ts_guess_1uqlQv_template_5-6_15-20.xyz,44,23,21,r0_C9H14.xyz,r1_C8H7N5O.xyz,2.4295788768838107,2.174919576651054
4887,TS_ts_guess_CCC2S2_template_4-15_9-14.xyz,44,21,23,r1_C8H7N5O.xyz,r0_C9H14.xyz,2.7231890273904966,2.0705330243442144
4888,TS_ts_guess_gdtasG_template_3-4_10-17.xyz,49,23,26,r0_C9H14.xyz,r1_C9H13NO3.xyz,2.0121510294707003,2.76140538313374
4890,TS_ts_guess_smxalK_template_5-15_6-9.xyz,49,23,26,r0_C9H14.xyz,r1_C9H13NO3.xyz,3.4920329993286146,1.8988107610027911
4891,TS_ts_guess_VGRxO__template_3-15_4-9.xyz,49,23,26,r0_C9H14.xyz,r1_C9H13NO3.xyz,2.2156427568992254,2.331541060221758
4892,TS_ts_guess_wEc7DY_template_3-4_5-13.xyz,49,26,23,r1_C9H13NO3.xyz,r0_C9H14.xyz,1.9184162085689331,3.7744435264685046
4894,TS_ts_guess_cpgtvn_template_8-10_18-19.xyz,41,26,15,r1_C10H12O4.xyz,r0_C7H6N2.xyz,2.6532377304342707,2.181311784179419
4895,TS_ts_guess_IbZFCO_template_2-3_5-12.xyz,41,26,15,r1_C10H12O4.xyz,r0_C7H6N2.xyz,2.171189514183412,2.6756615799087897
4896,TS_ts_guess_kaZpFG_template_1-20_9-17.xyz,47,33,14,r0_C16H16O.xyz,r1_C5H8O.xyz,2.7522265991375052,2.477384285370358
4897,TS_ts_guess_dO24DR_template_3-21_6-19.xyz,47,35,12,r1_C17H16O2.xyz,r0_C4H8.xyz,2.512980340273278,2.4719819579236417
4898,TS_ts_guess_Qgl3bV_template_3-15_5-14.xyz,46,23,23,r1_C11H9NO2.xyz,r0_C9H14.xyz,2.5740779752952316,2.3945228896170523
4899,TS_TnZjVe_hl_ad_3-14_4-9.xyz,46,23,23,r0_C9H14.xyz,r1_C11H9NO2.xyz,2.5052402700539522,2.3364079914689557
4901,TS_ts_guess_BV6nra_template_5-6_16-20.xyz,46,23,23,r0_C9H14.xyz,r1_C11H9NO2.xyz,2.7466449450010826,2.3739744169851535
4902,TS_ts_guess_5sQL9A_template_3-4_5-13.xyz,46,23,23,r1_C11H9NO2.xyz,r0_C9H14.xyz,2.467945693344973,2.934284794306783
4903,TS_ts_guess_W74LVY_template_5-6_11-20.xyz,46,23,23,r0_C9H14.xyz,r1_C11H9NO2.xyz,2.4313128868576332,2.583830606541381
4904,TS_ts_guess_ymz-V8_template_4-21_10-12.xyz,42,22,20,r1_C6H10N2O4.xyz,r0_C7H10N2O.xyz,3.497043417602933,2.114483210384987
4905,TS_ts_guess_bR4T6a_template_4-18_10-12.xyz,42,22,20,r1_C6H10N2O4.xyz,r0_C7H10N2O.xyz,2.4230133509537253,2.3106502057213247
4906,TS_Z7UaFM_ll_ad_4-21_10-12.xyz,42,22,20,r1_C6H10N2O4.xyz,r0_C7H10N2O.xyz,3.354026648671713,2.2682832675395725
4907,TS_ts_guess_xKMfvH_template_4-13_10-12.xyz,42,22,20,r1_C6H10N2O4.xyz,r0_C7H10N2O.xyz,2.470953445716855,2.5770020262894633
4908,TS_ts_guess_z4i0pr_template_3-23_7-16.xyz,37,25,12,r0_C12H9N3O.xyz,r1_C6H4O2.xyz,2.1681584586002933,2.1986841742278496
4911,TS_Gh_94A_ll_ad_4-6_7-16.xyz,43,23,20,r1_C8H10N4O.xyz,r0_C7H10N2O.xyz,2.1652954689833903,2.3086048283324714
4912,TS_t4Pn1M_ll_ad_4-6_12-16.xyz,43,23,20,r1_C8H10N4O.xyz,r0_C7H10N2O.xyz,2.0947618406873847,2.2790372486205666
4913,TS_ZfTmtS_hl_ad_4-19_8-13.xyz,43,23,20,r1_C8H10N4O.xyz,r0_C7H10N2O.xyz,2.0236569443954675,3.616889374227528
4914,TS_P4iXac_ll_ad_4-6_15-16.xyz,43,23,20,r1_C8H10N4O.xyz,r0_C7H10N2O.xyz,2.146607328157621,2.93081606696838
4915,TS_ts_guess_hxnJv4_template_4-17_8-11.xyz,39,19,20,r1_C7H6N2O4.xyz,r0_C7H10N2O.xyz,2.3789000341124047,1.8926794266594646
4916,TS_ts_guess_leGkU__template_4-12_8-11.xyz,39,19,20,r1_C7H6N2O4.xyz,r0_C7H10N2O.xyz,2.1985381589137813,2.1120822537486554
4917,TS_ts_guess_WylY_9_template_4-20_8-11.xyz,39,19,20,r1_C7H6N2O4.xyz,r0_C7H10N2O.xyz,2.755396700676692,2.0185263326248686
4918,TS_ts_guess_k2r8h1_template_4-22_8-13.xyz,39,19,20,r1_C7H6N2O4.xyz,r0_C7H10N2O.xyz,2.7238445111276084,1.8897918151214437
4919,TS_ts_guess_dgAQIE_template_1-23_3-16.xyz,41,29,12,r0_C14H13NO.xyz,r1_C6H4O2.xyz,2.2182836230969203,2.798060438482343
4920,TS_ts_guess_Hk9736_template_4-9_11-13.xyz,46,34,12,r1_C11H16N2O5.xyz,r0_C4H8.xyz,2.16098234516157,2.4527976330101104
4921,TS_ts_guess_W-lsTW_template_4-19_9-15.xyz,35,25,10,r0_C9H10N2O4.xyz,r1_C4H2O4.xyz,2.143947037498828,2.5091956076798794
4922,TS_ts_guess_aCLpkr_template_4-9_11-13.xyz,46,34,12,r1_C11H16N2O5.xyz,r0_C4H8.xyz,2.331256439326227,2.7263630328516415
4923,TS_ts_guess_aQaY1Z_template_4-22_6-15.xyz,37,25,12,r0_C8H10N2O5.xyz,r1_C6H4O2.xyz,2.177859521135374,2.586687034644895
4924,TS_ts_guess_hEC02J_template_4-21_8-19.xyz,43,31,12,r1_C13H12N2O4.xyz,r0_C4H8.xyz,2.4535603718066525,2.5442183010897472
4925,TS_ts_guess_NE2mG0_template_4-9_11-13.xyz,47,35,12,r1_C11H17N3O4.xyz,r0_C4H8.xyz,2.2766442514147878,2.71878632558721
4926,TS_ts_guess_ohrJHs_template_4-20_6-9.xyz,39,13,26,r0_C4H4N4O.xyz,r1_C10H12O4.xyz,2.7395972587772826,2.1882181363154816
4927,TS_ts_guess_XBVVJD_template_4-21_6-9.xyz,39,13,26,r0_C4H4N4O.xyz,r1_C10H12O4.xyz,2.4635461650433914,2.2930801689430744
4929,TS_ts_guess_BdIhtK_template_4-19_8-13.xyz,40,20,20,r1_C7H7N3O3.xyz,r0_C7H10N2O.xyz,2.6200124318979863,2.124549625191184
4930,TS_ts_guess_Fpmyi9_template_4-22_8-13.xyz,40,20,20,r1_C7H7N3O3.xyz,r0_C7H10N2O.xyz,3.327064898269945,2.2845438942160863
4931,TS_ts_guess_hL0jlf_template_4-14_8-13.xyz,40,20,20,r1_C7H7N3O3.xyz,r0_C7H10N2O.xyz,2.5434922112324228,2.283761638722395
4932,TS_ts_guess_RQ1nCO_template_4-19_12-15.xyz,39,29,10,r0_C12H14O3.xyz,r1_C4H2O4.xyz,2.625914470884381,2.4027626062722054
4933,TS_ts_guess_DB7urh_template_4-21_8-19.xyz,43,31,12,r1_C13H12N2O4.xyz,r0_C4H8.xyz,2.4559511530158735,2.5426401791248403
4934,TS_YZJIg9_ll_ad_4-14_6-13.xyz,43,23,20,r1_C9H10N2O2.xyz,r0_C7H10N2O.xyz,2.3070741009555804,2.158891701336591
4935,TS_hLul-X_hl_ad_4-22_6-13.xyz,43,23,20,r1_C9H10N2O2.xyz,r0_C7H10N2O.xyz,2.7465701343675897,2.3159961385762284
4936,TS_ts_guess_oT9gWA_template_4-19_6-13.xyz,43,23,20,r1_C9H10N2O2.xyz,r0_C7H10N2O.xyz,2.244471270076763,2.1237540288131296
4938,TS_ts_guess_9en-0Q_template_4-15_7-14.xyz,49,26,23,r1_C11H12N2O.xyz,r0_C9H14.xyz,3.007040676728534,2.230831244626092
4939,TS_ts_guess_fqpGEa_template_3-4_12-18.xyz,49,23,26,r0_C9H14.xyz,r1_C11H12N2O.xyz,2.1952312050897964,2.6427169661165
4940,TS_ts_guess_zMVNYc_template_4-6_7-15.xyz,49,26,23,r1_C11H12N2O.xyz,r0_C9H14.xyz,2.3642560663769054,2.415778992913052
4941,TS_ts_guess_nPUIF9_template_3-17_4-9.xyz,49,23,26,r0_C9H14.xyz,r1_C11H12N2O.xyz,2.5329614646298904,2.2129539865528156
4942,TS_ts_guess_uq0d1D_template_5-17_6-9.xyz,49,23,26,r0_C9H14.xyz,r1_C11H12N2O.xyz,2.7527186356218825,2.197758231789839
4943,TS_ts_guess_6jeEWz_template_5-6_14-20.xyz,49,23,26,r0_C9H14.xyz,r1_C11H12N2O.xyz,2.2525098390462137,2.531223427988924
4944,TS_ts_guess_ry7HXd_template_4-21_10-19.xyz,44,32,12,r1_C13H13N3O3.xyz,r0_C4H8.xyz,2.3043404112240014,2.2808217100203163
4945,TS_ts_guess__BIt3u_template_4-19_7-15.xyz,40,30,10,r0_C12H15NO2.xyz,r1_C4H2O4.xyz,2.5310788357733944,2.6344786119837833
4946,TS_ts_guess_lVN0JJ_template_3-19_6-13.xyz,45,25,20,r0_C11H12O2.xyz,r1_C7H10N2O.xyz,2.4838075362837597,2.168713415760598
4947,TS_ts_guess_ELSLH6_template_3-14_6-13.xyz,45,25,20,r0_C11H12O2.xyz,r1_C7H10N2O.xyz,2.3507208552697194,2.433697292290066
4948,TS_ts_guess_M_1FmP_template_3-22_6-13.xyz,45,25,20,r0_C11H12O2.xyz,r1_C7H10N2O.xyz,2.574027593655515,2.2869899558371483
4949,TS_ts_guess_EtxGsE_template_3-22_6-13.xyz,45,25,20,r0_C11H12O2.xyz,r1_C7H10N2O.xyz,2.690831751912408,2.291602383158998
4950,TS_ts_guess_l7JvgC_template_4-22_10-15.xyz,38,26,12,r0_C8H11N3O4.xyz,r1_C6H4O2.xyz,2.6355944861453935,2.1971836509723075
4951,TS_ts_guess_qvzRE2_template_4-6_10-14.xyz,41,31,10,r0_C12H16N2O.xyz,r1_C4H2O4.xyz,2.400210017810941,2.2207123442715404
4952,TS_ts_guess_r2EEi4_template_4-22_6-13.xyz,44,24,20,r1_C10H11NO2.xyz,r0_C7H10N2O.xyz,2.521057078389936,2.4161551562141033
4953,TS_ts_guess_fEJIjb_template_4-14_6-13.xyz,44,24,20,r1_C10H11NO2.xyz,r0_C7H10N2O.xyz,2.4223325600751022,2.6287488790867797
4954,TS_ts_guess_C9q9fW_template_4-22_6-13.xyz,44,24,20,r1_C10H11NO2.xyz,r0_C7H10N2O.xyz,2.4810338322965286,2.3872561585636345
4955,TS_ts_guess_d2GzI1_template_4-19_6-13.xyz,44,24,20,r1_C10H11NO2.xyz,r0_C7H10N2O.xyz,2.4375695503103083,2.4251711363324446
4956,TS_ts_guess_fVCQMp_template_4-21_6-9.xyz,39,13,26,r0_C4H4N4O.xyz,r1_C10H12O4.xyz,2.225706081112239,2.465147416180217
4957,TS_ts_guess_VG7P_h_template_4-20_6-9.xyz,39,13,26,r0_C4H4N4O.xyz,r1_C10H12O4.xyz,2.289954319937409,2.5558551767656943
4958,TS_ts_guess_ah0dj9_template_4-20_9-18.xyz,43,31,12,r1_C10H13NO7.xyz,r0_C4H8.xyz,2.7476970238365075,2.5007725021280924
4959,TS_ts_guess_ZwcB9t_template_4-8_10-12.xyz,45,33,12,r1_C14H14N2O3.xyz,r0_C4H8.xyz,2.2763694405346424,2.463517618244286
4960,TS_ts_guess_WITznn_template_4-15_9-14.xyz,44,21,23,r1_C8H7N3O3.xyz,r0_C9H14.xyz,2.9251511725379253,2.0941196858107225
4961,TS_ts_guess_UbOKIC_template_3-15_4-9.xyz,44,23,21,r0_C9H14.xyz,r1_C8H7N3O3.xyz,2.051644431693757,2.57534825373191
4962,TS_ts_guess_61flRB_template_3-18_4-9.xyz,44,23,21,r0_C9H14.xyz,r1_C8H7N3O3.xyz,2.180322270055507,2.3171924125760466
4963,TS_ts_guess_Yje-s2_template_4-8_9-17.xyz,44,21,23,r1_C8H7N3O3.xyz,r0_C9H14.xyz,2.1849748011819266,2.993952751764797
4964,TS_ts_guess_SFFZPr_template_5-6_15-20.xyz,44,23,21,r0_C9H14.xyz,r1_C8H7N3O3.xyz,2.3819230907399174,2.248755648219699
4965,TS_ts_guess_KDgmAM_template_5-6_12-20.xyz,44,23,21,r0_C9H14.xyz,r1_C8H7N3O3.xyz,2.753074715041348,2.0629415175908403
4966,TS_ts_guess_VEgyfc_template_4-22_10-13.xyz,40,20,20,r1_C7H7N3O3.xyz,r0_C7H10N2O.xyz,3.1508167135046112,2.3299058132679957
4967,TS_ts_guess_Jdc2HV_template_4-14_10-13.xyz,40,20,20,r1_C7H7N3O3.xyz,r0_C7H10N2O.xyz,2.49398601778358,2.3467928242816836
4968,TS_ts_guess_DKssdU_template_4-22_10-13.xyz,40,20,20,r1_C7H7N3O3.xyz,r0_C7H10N2O.xyz,2.969490118488358,2.1710929153999836
4969,TS_BZiJ9y_ll_ad_4-19_10-13.xyz,40,20,20,r1_C7H7N3O3.xyz,r0_C7H10N2O.xyz,2.567798380110869,2.188555111140681
4970,TS_ts_guess_s5qKiU_template_4-11_15-19.xyz,41,31,10,r0_C12H16N2O.xyz,r1_C4H2O4.xyz,2.587385769980967,2.1818653662176315
4971,TS_ts_guess_7qHRLz_template_4-6_9-12.xyz,46,32,14,r1_C13H15N3O.xyz,r0_C5H8O.xyz,2.330576305315919,2.403305475818669
4972,TS_ts_guess_XnVXSD_template_4-20_8-17.xyz,46,32,14,r1_C13H15N3O.xyz,r0_C5H8O.xyz,2.2574588719841606,2.460594939013734
4973,TS_ts_guess_-_wzj__template_4-20_10-17.xyz,44,30,14,r1_C11H13N3O3.xyz,r0_C5H8O.xyz,1.915604542435625,2.4045187458200448
4974,TS_ts_guess_bIBpuh_template_4-20_10-17.xyz,44,30,14,r1_C11H13N3O3.xyz,r0_C5H8O.xyz,2.2110151354072634,1.9802448262778016
4975,TS_ts_guess_QBWvTX_template_5-6_13-20.xyz,49,23,26,r0_C9H14.xyz,r1_C11H12O3.xyz,2.6099607597241765,2.365592769053879
4976,TS_0-OnLu_hl_ad_3-4_12-18.xyz,49,23,26,r0_C9H14.xyz,r1_C11H12O3.xyz,2.3640306661293544,2.4831292484282814
4977,TS_ts_guess_taTt9c_template_4-15_7-14.xyz,49,26,23,r1_C11H12O3.xyz,r0_C9H14.xyz,2.6756628389242167,2.288994951741921
4978,TS_ts_guess_sdxQTK_template_5-6_14-20.xyz,49,23,26,r0_C9H14.xyz,r1_C11H12O3.xyz,2.3910701469844,2.493201517507159
4979,TS_ts_guess_9B3PHL_template_4-6_7-15.xyz,49,26,23,r1_C11H12O3.xyz,r0_C9H14.xyz,2.319704821997833,2.7210187374217036
4980,TS_rY0aIR_hl_ad_3-17_4-9.xyz,49,23,26,r0_C9H14.xyz,r1_C11H12O3.xyz,2.4167798377179497,2.370619383810906
4981,TS_ts_guess_2MT2YD_template_1-20_9-16.xyz,41,31,10,r0_C15H15N.xyz,r1_C4H2O4.xyz,2.354279469498046,2.2454265572937357
4982,TS_ts_guess_Xg_aFZ_template_4-5_12-13.xyz,40,28,12,r0_C8H13N3O4.xyz,r1_C6H4O2.xyz,1.9581237343181355,2.450814189407267
4983,TS_ts_guess_OU3q9N_template_4-8_9-10.xyz,46,40,6,r1_C15H19N3O3.xyz,r0_C2H4.xyz,2.380345092124249,2.2647268423807763
4984,TS_ts_guess_7ts6c0_template_4-17_8-13.xyz,35,25,10,r0_C8H10N2O5.xyz,r1_C4H2O4.xyz,2.373691172562261,2.0407625677917554
4985,TS_eJV__e_hl_ad_4-21_8-9.xyz,41,15,26,r1_C5H6N2O2.xyz,r0_C10H12O4.xyz,2.827278284728972,2.000557080365367
4986,TS_ts_guess_SqH65t_template_4-20_8-9.xyz,41,15,26,r1_C5H6N2O2.xyz,r0_C10H12O4.xyz,2.7558365409436023,2.007341042299489
4987,TS_ts_guess_etazKS_template_4-19_6-13.xyz,40,20,20,r1_C7H7NO5.xyz,r0_C7H10N2O.xyz,2.3403667504901873,2.1615880822210323
4988,TS_ts_guess_ixjxJD_template_4-22_6-13.xyz,40,20,20,r1_C7H7NO5.xyz,r0_C7H10N2O.xyz,2.8721768387931825,2.277801416915004
4989,TS_ts_guess_OukeDf_template_4-14_6-13.xyz,40,20,20,r1_C7H7NO5.xyz,r0_C7H10N2O.xyz,2.2799374794059597,2.347030563094567
4990,TS_ts_guess_b6M7FE_template_4-22_6-13.xyz,40,20,20,r1_C7H7NO5.xyz,r0_C7H10N2O.xyz,2.793153899895242,2.1380772617938764
4991,TS_ts_guess_CPU_c0_template_3-22_7-20.xyz,45,33,12,r1_C17H13NO2.xyz,r0_C4H8.xyz,2.556282632828381,2.344897313764507
4992,TS_ts_guess_IR-Psh_template_4-20_8-17.xyz,46,28,18,r1_C12H11NO4.xyz,r0_C6H12.xyz,1.9766928927630616,2.553208013362797
4993,TS_u32t_z_ll_ad_4-19_10-15.xyz,35,25,10,r0_C8H10N2O5.xyz,r1_C4H2O4.xyz,2.7861453969418037,2.179130568667238
4994,TS_ts_guess_Zrha8i_template_3-10_11-19.xyz,52,29,23,r1_C12H15NO.xyz,r0_C9H14.xyz,2.2699893163404976,2.2300744113818265
4995,TS_ts_guess_aewMGc_template_5-6_10-20.xyz,52,23,29,r0_C9H14.xyz,r1_C12H15NO.xyz,2.0049873827782556,2.788079819768437
4996,TS_87I35z_ll_ad_3-13_4-9.xyz,52,23,29,r0_C9H14.xyz,r1_C12H15NO.xyz,2.6704735327091336,2.032016564253353
4997,TS_ts_guess_qoNb5m_template_3-15_12-14.xyz,52,29,23,r1_C12H15NO.xyz,r0_C9H14.xyz,2.939702035598166,2.028476561092092
4998,TS_aRVNCP_ll_ad_5-13_6-9.xyz,52,23,29,r0_C9H14.xyz,r1_C12H15NO.xyz,2.72887936974136,2.11044262487754
4999,TS_ts_guess_6fUlk8_template_3-4_8-18.xyz,52,23,29,r0_C9H14.xyz,r1_C12H15NO.xyz,2.0641038273061754,2.7321734999995884
5000,TS_ts_guess_ThB5oA_template_4-21_8-9.xyz,40,14,26,r0_C4H5N3O2.xyz,r1_C10H12O4.xyz,2.662126839371107,2.314511336718833
5001,TS_ts_guess_7mqneP_template_4-20_8-9.xyz,40,14,26,r0_C4H5N3O2.xyz,r1_C10H12O4.xyz,2.621520339135289,2.2455271333252687
5002,TS_1ETJGA_hl_ad_4-19_10-15.xyz,36,26,10,r0_C8H11N3O4.xyz,r1_C4H2O4.xyz,2.6391458346214973,2.1610844778027536
5003,TS_ts_guess_f-5Qo8_template_4-19_11-16.xyz,47,29,18,r1_C8H13N3O5.xyz,r0_C6H12.xyz,2.541508371695832,2.161847909197129
5004,TS_ts_guess_7j1tDJ_template_4-22_8-13.xyz,39,19,20,r1_C7H6O6.xyz,r0_C7H10N2O.xyz,2.239278583673769,2.351076485591228
5005,TS_ts_guess_-gwYbI_template_4-22_8-13.xyz,39,19,20,r1_C7H6O6.xyz,r0_C7H10N2O.xyz,2.163501078899662,2.296513259770124
5006,TS_ts_guess_vNC_Em_template_4-19_8-13.xyz,39,19,20,r1_C7H6O6.xyz,r0_C7H10N2O.xyz,2.2653354471689178,2.951652870020457
5007,TS_ts_guess_gp8HBT_template_4-14_8-13.xyz,39,19,20,r1_C7H6O6.xyz,r0_C7H10N2O.xyz,2.2962968068392207,2.9337350883302333
5008,TS_ts_guess_9zobxo_template_4-21_9-19.xyz,46,34,12,r1_C14H15NO4.xyz,r0_C4H8.xyz,2.5089311769357088,2.3987225237405014
5009,TS_ts_guess_7uineM_template_3-16_4-9.xyz,46,23,23,r0_C9H14.xyz,r1_C9H9NO4.xyz,2.343825717624926,2.669509752389004
5011,TS_ts_guess_iFKkiS_template_3-17_4-9.xyz,46,23,23,r0_C9H14.xyz,r1_C9H9NO4.xyz,2.420579495658013,2.462107050881419
5012,TS_ts_guess_qTqS8y_template_5-6_13-20.xyz,46,23,23,r0_C9H14.xyz,r1_C9H9NO4.xyz,2.6157392303132974,2.387313058838325
5014,TS_ts_guess_ZCbEAf_template_5-6_14-20.xyz,46,23,23,r0_C9H14.xyz,r1_C9H9NO4.xyz,2.6288960848614766,2.382868123333728
5015,TS_ts_guess_WgU0L8_template_4-8_11-14.xyz,47,33,14,r1_C13H16N2O2.xyz,r0_C5H8O.xyz,2.523612915603342,2.0931801157807706
5016,TS_ts_guess_HcnnHX_template_4-20_10-17.xyz,47,33,14,r1_C13H16N2O2.xyz,r0_C5H8O.xyz,2.3842892557321984,2.0755784177910503
5021,TS_ts_guess_DdWszP_template_4-9_16-17.xyz,39,27,12,r0_C8H12N2O5.xyz,r1_C6H4O2.xyz,2.504918406056373,2.0612216597202737
5022,TS_ts_guess_CWRwDM_template_4-19_11-16.xyz,49,31,18,r1_C9H15N3O4.xyz,r0_C6H12.xyz,2.60319701207957,2.258955079212511
5023,TS_ts_guess_orD5s2_template_4-23_6-16.xyz,38,26,12,r0_C11H10N2O3.xyz,r1_C6H4O2.xyz,1.9955150580489238,2.510821113022591
5025,TS_ts_guess_Sx7b-F_template_5-6_14-21.xyz,49,23,26,r1_C9H14.xyz,r0_C14H11N.xyz,2.6597270472174395,2.22304670560472
5026,TS_-_os4K_hl_ad_3-4_12-19.xyz,49,23,26,r1_C9H14.xyz,r0_C14H11N.xyz,2.4984442892328023,2.2418340229820757
5029,TS_ts_guess_werWOY_template_6-17_8-9.xyz,49,23,26,r1_C9H14.xyz,r0_C14H11N.xyz,2.430733925587085,2.342669804688659
5030,TS_ts_guess_9mS0U4_template_4-22_6-13.xyz,41,21,20,r1_C7H8N2O4.xyz,r0_C7H10N2O.xyz,2.1909684228897506,2.488617562121589
5033,TS_ts_guess_TT0ui2_template_4-22_6-13.xyz,41,21,20,r1_C7H8N2O4.xyz,r0_C7H10N2O.xyz,2.3401625423461505,2.599736263662143
5034,TS_ts_guess_Zq2hX1_template_4-19_10-16.xyz,48,30,18,r1_C9H14N2O5.xyz,r0_C6H12.xyz,2.6507970187473804,2.5032325601110252
5035,TS_ts_guess_FyQ1tW_template_4-23_8-16.xyz,37,25,12,r0_C11H9NO4.xyz,r1_C6H4O2.xyz,2.2114242819730454,2.598407659875563
5036,TS_ts_guess_xFw5Ok_template_3-21_7-14.xyz,39,27,12,r0_C12H11NO3.xyz,r1_C6H4O2.xyz,2.3511818940694487,1.9739517059188656
5037,TS_ts_guess_biRYjP_template_8-19_9-10.xyz,43,20,23,r0_C7H10N2O.xyz,r1_C11H9N3.xyz,2.262451117306184,2.1191304079975826
5038,TS_ts_guess_xY6OKx_template_5-19_9-10.xyz,43,20,23,r0_C7H10N2O.xyz,r1_C11H9N3.xyz,2.53486208488746,1.996288276502169
5039,TS_ts_guess_H3hSZp_template_5-9_18-23.xyz,43,20,23,r0_C7H10N2O.xyz,r1_C11H9N3.xyz,1.9710918353795694,2.709764453176696
5040,TS_ts_guess_94xFHL_template_8-9_18-23.xyz,43,20,23,r0_C7H10N2O.xyz,r1_C11H9N3.xyz,2.074344631226933,3.027520019785171
5041,TS_ts_guess_iolFv5_template_4-20_10-17.xyz,43,29,14,r1_C11H12N2O4.xyz,r0_C5H8O.xyz,2.3932042863073764,2.5034380137722607
5042,TS_ts_guess_cj-95s_template_4-20_10-17.xyz,43,29,14,r1_C11H12N2O4.xyz,r0_C5H8O.xyz,2.5718610193398868,2.317685524893315
5043,TS_ts_guess_sPYfzx_template_4-20_6-17.xyz,43,29,14,r1_C12H12O5.xyz,r0_C5H8O.xyz,2.4017236895613117,2.555234578566125
5044,TS_ts_guess_E7IvTP_template_4-20_6-17.xyz,43,29,14,r1_C12H12O5.xyz,r0_C5H8O.xyz,2.4273352055288946,2.5256337697496845
5045,TS_ts_guess_X23R_m_template_4-21_6-9.xyz,39,13,26,r0_C4H4N2O3.xyz,r1_C10H12O4.xyz,2.56853408910608,2.5143540742305968
5046,TS_eZHUo4_hl_ad_4-20_6-9.xyz,39,13,26,r0_C4H4N2O3.xyz,r1_C10H12O4.xyz,2.6395528221651485,2.4909741244340537
5047,TS_ts_guess_qmWDCw_template_4-9_10-11.xyz,42,36,6,r1_C14H15NO6.xyz,r0_C2H4.xyz,2.538840241882108,2.43661265584007
5048,TS_ts_guess_CSAlgo_template_3-6_13-14.xyz,42,30,12,r0_C13H14N2O.xyz,r1_C6H4O2.xyz,2.16489345469933,2.4755678826887375
5049,TS_ts_guess___cx9H_template_4-22_6-13.xyz,42,22,20,r1_C8H9NO4.xyz,r0_C7H10N2O.xyz,2.1675724817177393,2.642522185583311
5050,TS_ts_guess_daZLgH_template_4-14_6-13.xyz,42,22,20,r1_C8H9NO4.xyz,r0_C7H10N2O.xyz,2.2641100330814314,3.1766144647879444
5051,TS_oScwVJ_ll_ad_4-19_6-13.xyz,42,22,20,r1_C8H9NO4.xyz,r0_C7H10N2O.xyz,2.1834471989265047,3.1696949077316576
5052,TS_cwnuAk_ll_ad_4-22_6-13.xyz,42,22,20,r1_C8H9NO4.xyz,r0_C7H10N2O.xyz,2.0636450021018633,2.6929428390145973
5053,TS_ts_guess_Cu323h_template_4-9_16-17.xyz,42,30,12,r0_C9H15N3O3.xyz,r1_C6H4O2.xyz,2.353734551176067,2.1733468247382883
5054,TS_ts_guess_lTXN-v_template_4-7_11-15.xyz,38,28,10,r0_C12H12N2O2.xyz,r1_C4H2O4.xyz,2.4906270852538324,2.030304625936709
5055,TS_ts_guess_y0ZNbO_template_4-6_10-14.xyz,40,30,10,r0_C10H15NO4.xyz,r1_C4H2O4.xyz,2.387772235892695,2.2574060428066547
5056,TS_ts_guess_5bZH48_template_4-20_6-16.xyz,36,26,10,r0_C11H10N2O3.xyz,r1_C4H2O4.xyz,2.523633914219731,1.9454234707384406
5057,TS_5Vr9hb_hl_ad_4-23_12-16.xyz,41,29,12,r0_C12H13NO3.xyz,r1_C6H4O2.xyz,2.6324217045716667,2.494221962376243
5058,TS_ts_guess_T41L7Q_template_4-20_10-17.xyz,42,28,14,r1_C9H11N3O5.xyz,r0_C5H8O.xyz,2.4915960136025266,2.496039689468098
5059,TS_ts_guess_AIjyaQ_template_4-20_10-17.xyz,42,28,14,r1_C9H11N3O5.xyz,r0_C5H8O.xyz,2.4086688246622865,2.671584233764678
5060,TS_ts_guess_7D3fGf_template_4-20_8-16.xyz,34,24,10,r0_C11H8O5.xyz,r1_C4H2O4.xyz,2.240722168431419,2.6840926025940313
5061,TS_ts_guess_VQD8O5_template_4-20_12-16.xyz,39,29,10,r0_C12H13N3O.xyz,r1_C4H2O4.xyz,2.4321290537510545,2.2316924441777366
5062,TS_ts_guess_yEN9ol_template_4-19_6-15.xyz,34,24,10,r0_C7H9NO7.xyz,r1_C4H2O4.xyz,2.612192039399094,2.446616530844178
5063,TS_ts_guess_8Sr-bq_template_5-15_6-9.xyz,47,23,24,r0_C9H14.xyz,r1_C8H10N2O4.xyz,2.82890802674813,2.2145029826803126
5064,TS_ts_guess_X0u59b_template_3-4_10-18.xyz,47,23,24,r0_C9H14.xyz,r1_C8H10N2O4.xyz,2.1433121154885493,2.8351130918360203
5065,TS_ts_guess_yc_i8Q_template_4-15_6-14.xyz,47,24,23,r1_C8H10N2O4.xyz,r0_C9H14.xyz,2.248173368426021,2.448693151948606
5066,TS_ts_guess_P09nTg_template_5-6_12-20.xyz,47,23,24,r0_C9H14.xyz,r1_C8H10N2O4.xyz,2.1202114182080996,2.7882868270857646
5067,TS_ts_guess_ACke2y_template_3-15_4-9.xyz,47,23,24,r0_C9H14.xyz,r1_C8H10N2O4.xyz,2.7206568561470594,2.0998129958165324
5068,TS_ts_guess_voDJPL_template_4-22_6-14.xyz,47,24,23,r1_C8H10N2O4.xyz,r0_C9H14.xyz,2.2181106001504975,3.098036462809952
5069,TS_ts_guess_HYai2S_template_4-19_10-15.xyz,39,29,10,r0_C9H14N2O4.xyz,r1_C4H2O4.xyz,2.2193784114702026,2.365049494915487
5070,TS_A3JqP9_ll_ad_4-20_6-16.xyz,38,28,10,r0_C12H12N2O2.xyz,r1_C4H2O4.xyz,2.1835251251359575,2.6266416048635186
5071,TS_ts_guess_dMw_-N_template_3-21_5-18.xyz,49,31,18,r0_C16H13NO.xyz,r1_C6H12.xyz,2.148637025279049,2.718695951334021
5072,TS_ts_guess_iSyE4-_template_3-4_11-18.xyz,47,23,24,r0_C9H14.xyz,r1_C8H10N2O4.xyz,1.996791774497281,2.699876497879116
5073,TS_ts_guess_1sMlMd_template_5-6_13-20.xyz,47,23,24,r0_C9H14.xyz,r1_C8H10N2O4.xyz,2.0640389824564846,2.7248153245311872
5074,TS_ts_guess_i6P1s9_template_4-5_6-14.xyz,47,24,23,r1_C8H10N2O4.xyz,r0_C9H14.xyz,2.165807256198021,3.0846215311768796
5075,TS_ts_guess_liXJpb_template_5-16_6-9.xyz,47,23,24,r0_C9H14.xyz,r1_C8H10N2O4.xyz,2.622331519011279,2.053023967200578
5076,TS_ts_guess_7aGCd2_template_3-16_4-9.xyz,47,23,24,r0_C9H14.xyz,r1_C8H10N2O4.xyz,2.479493065729364,2.093422314799381
5077,TS_ts_guess_kx39dn_template_4-15_7-14.xyz,47,24,23,r1_C8H10N2O4.xyz,r0_C9H14.xyz,2.690127619667885,2.0851214121244834
5078,TS_ts_guess_vSn8F5_template_4-11_13-15.xyz,49,37,12,r1_C14H18N2O3.xyz,r0_C4H8.xyz,2.3856711234577155,2.4579291469446387
5079,TS_ts_guess_B5EA1Y_template_3-4_8-19.xyz,47,23,24,r0_C9H14.xyz,r1_C11H9N3O.xyz,2.2151003852195954,2.8060158858067785
5080,TS_ts_guess_PSNKau_template_5-6_10-21.xyz,47,23,24,r0_C9H14.xyz,r1_C11H9N3O.xyz,2.2024494368089362,2.6718446251419636
5081,TS_ts_guess_8_mvt6_template_4-11_12-20.xyz,47,24,23,r1_C11H9N3O.xyz,r0_C9H14.xyz,2.439128949563758,2.381443875488146
5082,TS_ts_guess_pqqZQ0_template_4-16_12-15.xyz,47,24,23,r1_C11H9N3O.xyz,r0_C9H14.xyz,2.971748313854994,2.260523752717498
5083,TS_ts_guess_EheEn1_template_5-13_6-9.xyz,47,23,24,r0_C9H14.xyz,r1_C11H9N3O.xyz,2.821825931715137,2.245947822657508
5084,TS_ts_guess_jC319R_template_3-13_4-9.xyz,47,23,24,r0_C9H14.xyz,r1_C11H9N3O.xyz,2.7395025697560493,2.170887920759614
5085,TS_ts_guess_NtSsrD_template_3-5_9-13.xyz,40,30,10,r0_C13H14N2O.xyz,r1_C4H2O4.xyz,2.168133807540485,2.404225482478713
5086,TS_ts_guess_g2XrJS_template_4-19_10-15.xyz,39,29,10,r0_C9H14N2O4.xyz,r1_C4H2O4.xyz,2.4909626672634015,2.5149485906872924
5087,TS_ts_guess_GxIPxb_template_4-7_11-15.xyz,38,28,10,r0_C12H12N2O2.xyz,r1_C4H2O4.xyz,2.440073123514949,2.028788992083701
5088,TS_ts_guess_1lmcx7_template_4-5_6-14.xyz,45,22,23,r1_C7H8N2O5.xyz,r0_C9H14.xyz,2.2669191133342186,2.332583403782167
5089,TS_ts_guess_RyzIAk_template_3-17_4-9.xyz,45,23,22,r0_C9H14.xyz,r1_C7H8N2O5.xyz,2.6059612832887598,2.0866007821574306
5090,TS_ts_guess_9GT7o-_template_5-6_14-20.xyz,45,23,22,r0_C9H14.xyz,r1_C7H8N2O5.xyz,2.124648156307298,2.5628111294826237
5091,TS_ts_guess_1D8_bc_template_3-15_4-9.xyz,45,23,22,r0_C9H14.xyz,r1_C7H8N2O5.xyz,2.1120597309972085,2.718722842291946
5092,TS_ts_guess_yaPPsn_template_4-5_6-14.xyz,45,22,23,r1_C7H8N2O5.xyz,r0_C9H14.xyz,2.2716399372039575,2.986066079275541
5093,TS_ts_guess_NFjF3D_template_5-6_12-20.xyz,45,23,22,r0_C9H14.xyz,r1_C7H8N2O5.xyz,2.67337903057161,2.231662754338119
5094,TS_ts_guess_M3vZJE_template_4-20_13-17.xyz,51,33,18,r1_C13H16N2O2.xyz,r0_C6H12.xyz,2.52929892456388,2.111533534779877
5095,TS_ts_guess_jY_wSt_template_4-19_12-18.xyz,46,33,13,r0_C13H15NO4.xyz,r1_C2H8N3.xyz,2.948960049407248,1.9552707638074067
5096,TS_ts_guess_P9mqUc_template_4-11_12-16.xyz,46,33,13,r0_C13H15NO4.xyz,r1_C2H8N3.xyz,2.1718272868946094,2.170570685534106
5097,TS_skxFBL_ll_ad_2-16_4-5.xyz,48,13,35,r1_C2H8N3.xyz,r0_C17H16N2.xyz,2.0202130409191996,2.5160708087611527
5098,TS_ts_guess_tnOT8g_template_2-15_4-5.xyz,48,13,35,r1_C2H8N3.xyz,r0_C17H16N2.xyz,2.4779410243385533,1.8899615543708819
5099,TS_ts_guess_oEfB77_template_3-20_4-9.xyz,49,23,26,r0_C9H14.xyz,r1_C11H11N3O.xyz,1.996736726311208,2.725046095701869
5100,TS_ts_guess_RqLsFF_template_3-15_4-9.xyz,49,23,26,r0_C9H14.xyz,r1_C11H11N3O.xyz,2.4946708901376153,2.05461139218588
5101,TS_ts_guess_PZo7aj_template_3-16_6-15.xyz,49,26,23,r1_C11H11N3O.xyz,r0_C9H14.xyz,2.4090378528781984,2.1295293175723127
5102,TS_ts_guess_1XYaYC_template_3-4_5-13.xyz,49,26,23,r1_C11H11N3O.xyz,r0_C9H14.xyz,1.9999151138485853,2.8670744371920307
5103,TS_ts_guess_atysIH_template_5-6_12-21.xyz,49,23,26,r0_C9H14.xyz,r1_C11H11N3O.xyz,2.1164188720336057,2.3818359769094095
5104,TS_ts_guess_U5-MQr_template_5-15_6-9.xyz,49,23,26,r0_C9H14.xyz,r1_C11H11N3O.xyz,2.4701835390917815,2.1016704748842048
5105,TS_ts_guess__wyli5_template_3-21_11-18.xyz,49,31,18,r0_C15H13NO2.xyz,r1_C6H12.xyz,2.5449644804986966,2.305289462800713
5107,TS_ts_guess_776idX_template_3-16_8-15.xyz,49,26,23,r1_C12H11NO2.xyz,r0_C9H14.xyz,3.0348586781759708,2.184670993284801
5108,TS_ts_guess_e7k1D6_template_5-6_14-21.xyz,49,23,26,r0_C9H14.xyz,r1_C12H11NO2.xyz,2.0635380817905933,2.654316005621787
5109,TS_ts_guess_vdy9hw_template_3-17_4-9.xyz,49,23,26,r0_C9H14.xyz,r1_C12H11NO2.xyz,2.63695265810746,2.060743514511207
5110,TS_ts_guess_dP3QUK_template_3-4_12-19.xyz,49,23,26,r0_C9H14.xyz,r1_C12H11NO2.xyz,2.0980009488320066,2.7627457325457945
5111,TS_ts_guess_-N-Drc_template_5-17_6-9.xyz,49,23,26,r0_C9H14.xyz,r1_C12H11NO2.xyz,2.7489808317083626,2.1818263329146985
5112,TS_ts_guess_UBsHSU_template_4-20_6-16.xyz,39,29,10,r0_C12H13NO3.xyz,r1_C4H2O4.xyz,2.4002709964918543,2.6119965320229657
5113,TS_ts_guess_vJnlui_template_4-23_9-14.xyz,42,22,20,r1_C8H8N4O2.xyz,r0_C7H10N2O.xyz,3.17388001641524,1.9849498927176978
5114,TS_n2qloq_ll_ad_4-20_9-14.xyz,42,22,20,r1_C8H8N4O2.xyz,r0_C7H10N2O.xyz,2.199656526665015,2.6886403021043925
5115,TS_4no0GH_ll_ad_4-15_9-14.xyz,42,22,20,r1_C8H8N4O2.xyz,r0_C7H10N2O.xyz,2.1499159300772672,2.563435749867743
5116,TS_9kA2Sd_ll_ad_4-23_9-14.xyz,42,22,20,r1_C8H8N4O2.xyz,r0_C7H10N2O.xyz,2.7820373363598123,2.1299740297477805
5117,TS_ts_guess_6VM_V5_template_4-7_8-16.xyz,47,24,23,r1_C11H9NO3.xyz,r0_C9H14.xyz,2.2478208339634187,2.4829232083775765
5118,TS_ts_guess_Nggz2F_template_5-6_14-21.xyz,47,23,24,r0_C9H14.xyz,r1_C11H9NO3.xyz,2.6985022099120095,2.236891095672742
5119,TS_ts_guess_BRUCqf_template_4-16_8-15.xyz,47,24,23,r1_C11H9NO3.xyz,r0_C9H14.xyz,2.9590721997612697,2.3360644712635823
5120,TS_ts_guess_svEpg5_template_5-6_14-21.xyz,47,23,24,r0_C9H14.xyz,r1_C11H9NO3.xyz,2.227280219864577,2.5174400795450924
5121,TS_e3oIuW_hl_ad_3-17_4-9.xyz,47,23,24,r0_C9H14.xyz,r1_C11H9NO3.xyz,2.494463753274439,2.1716266354279226
5122,TS_1tZyAb_hl_ad_3-4_12-19.xyz,47,23,24,r0_C9H14.xyz,r1_C11H9NO3.xyz,2.176383959736884,2.64205948195721
5123,TS_uHOdLT_hl_ad_3-4_8-19.xyz,47,23,24,r0_C9H14.xyz,r1_C11H9NO3.xyz,2.4433763340304333,2.671717426338347
5124,TS_xsswao_hl_ad_3-13_4-9.xyz,47,23,24,r0_C9H14.xyz,r1_C11H9NO3.xyz,2.5158486941785667,2.49771145487224
5125,TS_ts_guess_x59ost_template_4-11_12-20.xyz,47,24,23,r1_C11H9NO3.xyz,r0_C9H14.xyz,2.4306887489763063,2.686940483263446
5126,TS_nlZOal_hl_ad_4-16_12-15.xyz,47,24,23,r1_C11H9NO3.xyz,r0_C9H14.xyz,3.061406837991318,2.5313008769800556
5127,TS_ts_guess_o1xMX3_template_5-6_10-21.xyz,47,23,24,r0_C9H14.xyz,r1_C11H9NO3.xyz,2.338389347606596,2.6783153545652536
5128,TS_ts_guess_gaFmIy_template_5-6_18-21.xyz,47,23,24,r0_C9H14.xyz,r1_C11H9NO3.xyz,2.785640756953416,2.47423843665076
5129,TS_ts_guess_me4dAp_template_3-16_7-15.xyz,49,26,23,r1_C12H11NO2.xyz,r0_C9H14.xyz,2.8799626565981717,2.263275852696706
5130,TS_ts_guess_yyuOhE_template_5-6_15-21.xyz,49,23,26,r0_C9H14.xyz,r1_C12H11NO2.xyz,2.351145072193547,2.502722088047333
5131,TS_iAlkU2_ll_ad_3-6_7-15.xyz,49,26,23,r1_C12H11NO2.xyz,r0_C9H14.xyz,2.2328247651349624,2.471636276356212
5132,TS_ts_guess_mxMhOa_template_3-18_4-9.xyz,49,23,26,r0_C9H14.xyz,r1_C12H11NO2.xyz,2.5485356426191097,2.3042556580813685
5133,TS_ts_guess_-0iGgp_template_3-16_4-9.xyz,49,23,26,r0_C9H14.xyz,r1_C12H11NO2.xyz,2.2705370928923405,2.7793730880362215
5134,TS_ts_guess_bdNZzL_template_5-6_13-21.xyz,49,23,26,r0_C9H14.xyz,r1_C12H11NO2.xyz,2.757657922694546,2.2334958448584588
5135,TS_ts_guess_MccKzP_template_4-7_11-15.xyz,36,26,10,r0_C9H10N4O3.xyz,r1_C4H2O4.xyz,2.2989668194647788,2.360551907372511
5136,TS_HP4kbX_ll_ad_8-16_9-10.xyz,48,20,28,r1_C7H10N2O.xyz,r0_C12H14N2.xyz,2.1604416923397864,2.5792448629395386
5137,TS_Dzg5Xq_ll_ad_5-20_9-10.xyz,48,20,28,r1_C7H10N2O.xyz,r0_C12H14N2.xyz,2.405281614738698,2.2384985579847934
5138,TS_CDcAVs_ll_ad_8-20_9-10.xyz,48,20,28,r1_C7H10N2O.xyz,r0_C12H14N2.xyz,2.271762089040135,2.414759681003474
5139,TS_t4N8T5_ll_ad_5-16_9-10.xyz,48,20,28,r1_C7H10N2O.xyz,r0_C12H14N2.xyz,2.4848110253699374,2.215752420059606
5140,TS_HgHC62_ll_ad_4-20_9-14.xyz,41,21,20,r1_C8H7N3O3.xyz,r0_C7H10N2O.xyz,2.0286452063138096,2.503240616560861
5141,TS_hj2PkZ_ll_ad_4-23_9-14.xyz,41,21,20,r1_C8H7N3O3.xyz,r0_C7H10N2O.xyz,4.04710633046625,1.9146776404658825
5142,TS_WMh0aT_hl_ad_4-15_9-14.xyz,41,21,20,r1_C8H7N3O3.xyz,r0_C7H10N2O.xyz,2.1122465391142202,2.4976071516753793
5144,TS_ts_guess_-_FRiY_template_4-8_11-14.xyz,46,32,14,r1_C11H15NO5.xyz,r0_C5H8O.xyz,2.2306890258617402,2.3688828243921227
5146,TS_ts_guess_OmZBel_template_4-20_7-9.xyz,46,20,26,r0_C6H11NO2.xyz,r1_C10H12O4.xyz,2.826091923239582,2.3008663392079076
5147,TS_ts_guess_FSoj1T_template_4-21_7-9.xyz,46,20,26,r0_C6H11NO2.xyz,r1_C10H12O4.xyz,2.7358198249519283,2.6581537559930575
5148,TS_ts_guess_kyUJ7t_template_4-20_10-17.xyz,45,27,18,r1_C9H10N2O6.xyz,r0_C6H12.xyz,2.529701187353953,2.883399027571453
5149,TS_ts_guess_acXd06_template_4-11_18-19.xyz,45,33,12,r0_C13H17NO2.xyz,r1_C6H4O2.xyz,2.4155442783356302,2.2245418612829027
5150,TS_ts_guess_kameUl_template_4-22_12-20.xyz,49,37,12,r1_C17H17NO2.xyz,r0_C4H8.xyz,2.499417321797222,2.5655501604529194
5151,TS_ts_guess_16RCGc_template_3-23_5-15.xyz,49,26,23,r1_C12H11NO2.xyz,r0_C9H14.xyz,2.196583130181965,3.136253611444712
5152,TS_ts_guess_HFJpL5_template_3-16_5-15.xyz,49,26,23,r1_C12H11NO2.xyz,r0_C9H14.xyz,2.2631704417917797,2.4116932278173357
5153,TS_ts_guess_Og9Utg_template_5-6_11-21.xyz,49,23,26,r0_C9H14.xyz,r1_C12H11NO2.xyz,2.1138442289818804,2.6657144472917573
5154,TS_ts_guess_bcue1A_template_3-14_4-9.xyz,49,23,26,r0_C9H14.xyz,r1_C12H11NO2.xyz,2.733562653040899,2.087102748932117
5155,TS_ts_guess_XbunjH_template_5-14_6-9.xyz,49,23,26,r0_C9H14.xyz,r1_C12H11NO2.xyz,2.794514147700813,2.1869305652672195
5156,TS_ts_guess_9rMefA_template_3-4_9-19.xyz,49,23,26,r0_C9H14.xyz,r1_C12H11NO2.xyz,2.104904163376566,2.7329362632341065
5157,TS_ts_guess_GwOZdT_template_4-9_13-17.xyz,36,26,10,r0_C9H10N4O3.xyz,r1_C4H2O4.xyz,2.156228082045125,2.550018026877457
5158,TS_ts_guess_LuUShB_template_4-15_9-14.xyz,47,24,23,r1_C7H10N2O5.xyz,r0_C9H14.xyz,3.1025397238230488,2.5591307659437805
5162,TS_ts_guess_0cK4jR_template_3-18_4-9.xyz,47,23,24,r0_C9H14.xyz,r1_C7H10N2O5.xyz,2.5476562480248393,2.670711668993866
5163,TS_ts_guess_XBW0BY_template_5-6_12-20.xyz,47,23,24,r0_C9H14.xyz,r1_C7H10N2O5.xyz,2.781498550673719,2.38773006215108
5164,TS_ts_guess_6pkFCE_template_2-21_10-17.xyz,39,29,10,r0_C15H12N2.xyz,r1_C4H2O4.xyz,2.343973582167683,2.1633400614327836
5167,TS_ts_guess_VPOgS5_template_4-20_8-16.xyz,38,28,10,r0_C9H12N4O3.xyz,r1_C4H2O4.xyz,2.3083644491284296,2.253792388686234
5168,TS_ts_guess_oS2aNH_template_5-9_17-24.xyz,46,20,26,r1_C7H10N2O.xyz,r0_C14H11N.xyz,2.648079773080864,2.136080535981731
5169,TS_ts_guess_-cweZj_template_8-9_17-24.xyz,46,20,26,r1_C7H10N2O.xyz,r0_C14H11N.xyz,2.2402865008520676,2.6595522610582405
5170,TS_ts_guess_ZA-jvk_template_5-9_17-24.xyz,46,20,26,r1_C7H10N2O.xyz,r0_C14H11N.xyz,2.2930991344902645,2.4143764783894
5171,TS_ts_guess_XF2rw1_template_8-9_17-24.xyz,46,20,26,r1_C7H10N2O.xyz,r0_C14H11N.xyz,2.378575753134636,2.409676331667803
5172,TS_ts_guess_Eey6pX_template_4-11_15-19.xyz,43,33,10,r0_C13H17NO2.xyz,r1_C4H2O4.xyz,2.50919183907887,2.207224586783139
5173,TS_ts_guess_hZCLtz_template_4-21_6-10.xyz,43,17,26,r0_C6H7N3O.xyz,r1_C10H12O4.xyz,2.0958117046624203,2.8550571831050955
5174,TS_ts_guess_RiWtd-_template_4-22_6-10.xyz,43,17,26,r0_C6H7N3O.xyz,r1_C10H12O4.xyz,2.1364212103655964,2.6898469101047366
5175,TS_ts_guess_Z4wtZ2_template_4-20_8-16.xyz,37,27,10,r0_C9H11N3O4.xyz,r1_C4H2O4.xyz,2.5819463436330357,2.4489752388499153
5176,TS_ts_guess_Hg1_vY_template_4-11_13-15.xyz,47,35,12,r1_C14H15N3O3.xyz,r0_C4H8.xyz,2.1839587620191003,2.4710889513936967
5177,TS_ts_guess_SvPnqL_template_8-9_11-24.xyz,45,20,25,r0_C7H10N2O.xyz,r1_C13H10N2.xyz,2.0281475849158515,2.4424190997861115
5178,TS_ts_guess_HMtPDj_template_5-12_9-10.xyz,45,20,25,r0_C7H10N2O.xyz,r1_C13H10N2.xyz,2.45290379401639,1.9051304289733024
5179,TS_ts_guess_Wpqr5H_template_5-9_11-24.xyz,45,20,25,r0_C7H10N2O.xyz,r1_C13H10N2.xyz,2.0433924526140346,2.2687946744031287
5180,TS_ts_guess_IZRYFU_template_8-12_9-10.xyz,45,20,25,r0_C7H10N2O.xyz,r1_C13H10N2.xyz,2.2546317610199673,2.1590238379878994
5181,TS_ts_guess_A0eGaC_template_3-6_10-14.xyz,38,28,10,r0_C13H11N3O.xyz,r1_C4H2O4.xyz,2.305957019092073,2.2291496541057985
5182,TS_ts_guess_BEmHNm_template_4-11_20-21.xyz,46,26,20,r1_C10H12N2O2.xyz,r0_C7H10N2O.xyz,2.2750457122879975,2.0870550600307602
5183,TS_ts_guess_iLJ9lD_template_4-20_13-14.xyz,46,26,20,r1_C10H12N2O2.xyz,r0_C7H10N2O.xyz,2.79861116675754,1.7591397562729345
5184,TS_ts_guess_a3KQho_template_4-11_12-21.xyz,46,26,20,r1_C10H12N2O2.xyz,r0_C7H10N2O.xyz,2.807908199799274,1.90346847383927
5185,TS_ts_guess_j2AcX-_template_4-11_17-21.xyz,46,26,20,r1_C10H12N2O2.xyz,r0_C7H10N2O.xyz,2.6395291125880767,1.857413848688547
5186,TS_XqcJ8l_ll_ad_3-4_5-13.xyz,50,27,23,r1_C12H12O3.xyz,r0_C9H14.xyz,2.3019931355458034,2.7529356483942737
5187,TS_6XnADG_ll_ad_3-14_4-9.xyz,50,23,27,r0_C9H14.xyz,r1_C12H12O3.xyz,2.651288954056121,2.300975003558274
5188,TS_ts_guess_VmD5Sw_template_5-6_11-21.xyz,50,23,27,r0_C9H14.xyz,r1_C12H12O3.xyz,2.43123123974253,2.473230179117989
5189,TS_ts_guess_9hBQIv_template_5-6_17-21.xyz,50,23,27,r0_C9H14.xyz,r1_C12H12O3.xyz,2.774563326038892,2.3787461011844035
5190,TS_DoETTH_hl_ad_3-4_9-19.xyz,50,23,27,r0_C9H14.xyz,r1_C12H12O3.xyz,2.3406477879638365,2.63683402636571
5191,TS_ts_guess_mG21cl_template_3-16_5-15.xyz,50,27,23,r1_C12H12O3.xyz,r0_C9H14.xyz,2.6114558791601286,2.409600801398439
5192,TS_ts_guess_az9NsP_template_4-9_11-13.xyz,48,36,12,r1_C11H17N3O5.xyz,r0_C4H8.xyz,2.530500284350903,2.3873617814231674
5193,TS_ts_guess_DaePHY_template_5-9_11-24.xyz,46,20,26,r1_C7H10N2O.xyz,r0_C14H11N.xyz,2.1839976324391928,2.768176747319434
5194,TS_ts_guess_MaWyq1_template_5-12_9-10.xyz,46,20,26,r1_C7H10N2O.xyz,r0_C14H11N.xyz,3.1076845221000156,2.0492863378747246
5195,TS_ts_guess_30wLr__template_8-12_9-10.xyz,46,20,26,r1_C7H10N2O.xyz,r0_C14H11N.xyz,2.554666064968179,2.227365562228168
5196,TS_ts_guess_O4RkYd_template_8-9_11-24.xyz,46,20,26,r1_C7H10N2O.xyz,r0_C14H11N.xyz,2.219322660160077,2.926894168670948
5197,TS_ts_guess_KxIQB7_template_4-20_10-16.xyz,36,26,10,r0_C9H10N2O5.xyz,r1_C4H2O4.xyz,2.140772157797275,2.4476074627072046
5201,TS_ts_guess_JPmvX0_template_2-17_4-5.xyz,46,13,33,r0_C2H8N3.xyz,r1_C14H14N2O3.xyz,2.7685267586028495,1.7110361906166682
5202,TS_ts_guess_ivZyoK_template_2-14_4-5.xyz,46,13,33,r0_C2H8N3.xyz,r1_C14H14N2O3.xyz,2.7346447761455233,1.7579501102420398
5203,TS_ts_guess_mVeS_x_template_4-9_10-14.xyz,44,31,13,r0_C13H12N2O4.xyz,r1_C2H8N3.xyz,1.8285070966775054,2.777094630364619
5206,TS_ts_guess_-6jN_q_template_4-21_7-18.xyz,49,35,14,r1_C13H17N3O2.xyz,r0_C5H8O.xyz,2.870570852391559,2.0663026116471905
5207,TS_ts_guess_tqaTxW_template_4-21_12-18.xyz,49,35,14,r1_C13H17N3O2.xyz,r0_C5H8O.xyz,2.5314028294406246,2.1509558575200933
5208,TS_ts_guess_DozqGl_template_4-23_12-21.xyz,47,35,12,r1_C17H14N2O2.xyz,r0_C4H8.xyz,2.2188058448183337,2.4826239300586788
5209,TS_ts_guess_hsU2hY_template_1-21_4-17.xyz,44,34,10,r0_C16H17N.xyz,r1_C4H2O4.xyz,2.218311831754048,2.4697660422598737
5210,TS_ts_guess_-ErhD0_template_4-18_8-12.xyz,43,23,20,r1_C8H9NO5.xyz,r0_C7H10N2O.xyz,2.3984478258448734,1.860618192456475
5211,TS_ts_guess_-_PqcI_template_4-23_8-14.xyz,43,23,20,r1_C8H9NO5.xyz,r0_C7H10N2O.xyz,2.823766829502748,1.93664249240793
5212,TS_ts_guess_QMD0jf_template_4-13_8-12.xyz,43,23,20,r1_C8H9NO5.xyz,r0_C7H10N2O.xyz,2.1707463837813945,2.097010315711394
5213,TS_ts_guess_32ieQy_template_4-21_8-12.xyz,43,23,20,r1_C8H9NO5.xyz,r0_C7H10N2O.xyz,2.8040384660699647,1.9935031371432552
5214,TS_ts_guess_V-ENr9_template_4-22_10-20.xyz,47,35,12,r1_C14H15NO5.xyz,r0_C4H8.xyz,2.4844630205740637,2.136302281817814
5215,TS_ts_guess_8vXnWE_template_4-23_8-21.xyz,47,35,12,r1_C17H14N2O2.xyz,r0_C4H8.xyz,2.567521831533278,2.3947070240428157
5216,TS_k8D3RZ_ll_ad_4-6_15-16.xyz,47,27,20,r1_C9H13N3O2.xyz,r0_C7H10N2O.xyz,2.1154590437302256,3.0563768502264246
5217,TS_gdkLz6_ll_ad_4-6_7-16.xyz,47,27,20,r1_C9H13N3O2.xyz,r0_C7H10N2O.xyz,2.2287187967529682,2.362581839958142
5218,TS_Vxl348_ll_ad_4-20_8-14.xyz,47,27,20,r1_C9H13N3O2.xyz,r0_C7H10N2O.xyz,2.0482000684015222,3.389256925064844
5219,TS_e7WglN_ll_ad_4-6_12-16.xyz,47,27,20,r1_C9H13N3O2.xyz,r0_C7H10N2O.xyz,2.121531621942035,2.360931970684458
5220,TS_ts_guess_BXhd2u_template_4-22_12-19.xyz,47,33,14,r1_C16H14N2O.xyz,r0_C5H8O.xyz,2.531427478913824,2.2384319053748323
5221,TS_ts_guess_jlGf_S_template_4-22_12-19.xyz,47,33,14,r1_C16H14N2O.xyz,r0_C5H8O.xyz,2.7753323504221976,2.174631797845327
5222,TS_ts_guess_kvCaW6_template_3-16_4-9.xyz,54,23,31,r0_C9H14.xyz,r1_C12H16N2O.xyz,2.3568184299601866,2.2470706313109075
5223,TS_ts_guess_SqEtvP_template_5-6_15-21.xyz,54,23,31,r0_C9H14.xyz,r1_C12H16N2O.xyz,2.430177334290648,2.342608065255475
5224,TS_ts_guess_TcfEE6_template_5-6_13-21.xyz,54,23,31,r0_C9H14.xyz,r1_C12H16N2O.xyz,2.373890990673329,2.355994368329432
5225,TS_ts_guess_mwP7Fd_template_3-18_4-9.xyz,54,23,31,r0_C9H14.xyz,r1_C12H16N2O.xyz,2.439920251176255,2.308311751237254
5226,TS_ts_guess_oMqu92_template_4-16_7-15.xyz,54,31,23,r1_C12H16N2O.xyz,r0_C9H14.xyz,2.7337174832816937,2.2541493691634544
5227,TS_HpIonn_ll_ad_4-6_7-15.xyz,54,31,23,r1_C12H16N2O.xyz,r0_C9H14.xyz,2.113635018847862,3.0745425452902744
5228,TS_ts_guess_B901K8_template_4-21_8-12.xyz,44,24,20,r1_C8H10N2O4.xyz,r0_C7H10N2O.xyz,2.6212388773822197,1.9812590758908841
5229,TS_ts_guess_Iq15zV_template_4-13_8-12.xyz,44,24,20,r1_C8H10N2O4.xyz,r0_C7H10N2O.xyz,2.1337988029802624,2.1226824712848598
5230,TS_ts_guess_ObHPtg_template_4-18_8-12.xyz,44,24,20,r1_C8H10N2O4.xyz,r0_C7H10N2O.xyz,2.4295929811596015,1.8525857218493291
5231,TS_ts_guess_IHbDuy_template_4-23_8-14.xyz,44,24,20,r1_C8H10N2O4.xyz,r0_C7H10N2O.xyz,2.6971120460596367,1.8343249192550375
5232,TS_ts_guess_RHZXyg_template_4-23_7-16.xyz,42,30,12,r0_C9H14N2O5.xyz,r1_C6H4O2.xyz,2.383901798774438,2.184132518094999
5233,TS_ts_guess_GD0vdS_template_5-18_9-10.xyz,46,20,26,r1_C7H10N2O.xyz,r0_C13H11NO.xyz,2.364956236994672,2.20337526708457
5234,TS_KWhNnN_ll_ad_8-9_17-24.xyz,46,20,26,r1_C7H10N2O.xyz,r0_C13H11NO.xyz,2.311836704332726,2.661148785055056
5235,TS_lum3SZ_ll_ad_5-9_17-24.xyz,46,20,26,r1_C7H10N2O.xyz,r0_C13H11NO.xyz,2.3863068358029733,2.5753189741466977
5236,TS_ts_guess_TEpnJx_template_8-18_9-10.xyz,46,20,26,r1_C7H10N2O.xyz,r0_C13H11NO.xyz,2.3893419392585904,2.2321942356345246
5237,TS_ts_guess__vra4L_template_4-9_10-11.xyz,47,41,6,r1_C15H19N3O4.xyz,r0_C2H4.xyz,2.287188691866065,2.426036529403463
5238,TS_ts_guess_0jEy-S_template_4-21_6-10.xyz,43,17,26,r0_C6H7NO3.xyz,r1_C10H12O4.xyz,2.5692786532021006,2.1033686274640497
5239,TS_ts_guess_baksGT_template_4-22_6-10.xyz,43,17,26,r0_C6H7NO3.xyz,r1_C10H12O4.xyz,2.513287523503827,2.1564907229570918
5240,TS_ts_guess_G8u69q_template_4-20_8-17.xyz,53,35,18,r1_C10H18N4O3.xyz,r0_C6H12.xyz,2.294720777284243,2.6184166924689434
5242,TS_SQ0stw_ll_ad_4-20_10-14.xyz,46,26,20,r1_C8H12N4O2.xyz,r0_C7H10N2O.xyz,2.372329312574458,2.1891054158948124
5243,TS_06u-mZ_ll_ad_4-23_10-14.xyz,46,26,20,r1_C8H12N4O2.xyz,r0_C7H10N2O.xyz,2.524424532878731,2.2298109369854653
5244,TS_rcDe7D_ll_ad_4-15_10-14.xyz,46,26,20,r1_C8H12N4O2.xyz,r0_C7H10N2O.xyz,2.2959410430801572,2.340520263744794
5245,TS_ts_guess_zmy8Re_template_4-21_9-10.xyz,44,18,26,r0_C6H8N2O2.xyz,r1_C10H12O4.xyz,2.766167992729292,1.9823013061843047
5246,TS_3prYoZ_ll_ad_4-22_9-10.xyz,44,18,26,r0_C6H8N2O2.xyz,r1_C10H12O4.xyz,2.649445540089473,2.014039358379076
5247,TS_ts_guess_tkf9cb_template_4-16_7-15.xyz,53,30,23,r1_C12H15NO2.xyz,r0_C9H14.xyz,2.594355338518608,2.1531014237373958
5248,TS_ts_guess_hSpnER_template_3-16_4-9.xyz,53,23,30,r0_C9H14.xyz,r1_C12H15NO2.xyz,2.3859125536993178,2.1486322617888804
5249,TS_9sAZEo_ll_ad_4-5_6-14.xyz,53,30,23,r1_C12H15NO2.xyz,r0_C9H14.xyz,2.0126109857843866,3.1000975598358194
5250,TS_ts_guess_FPuQNw_template_5-16_6-9.xyz,53,23,30,r0_C9H14.xyz,r1_C12H15NO2.xyz,2.575505318922871,2.114167045008507
5251,TS_ts_guess__sa3D6_template_5-6_13-21.xyz,53,23,30,r0_C9H14.xyz,r1_C12H15NO2.xyz,2.3092460518749403,2.3191833015309506
5252,TS_ts_guess_NnLd5Z_template_3-4_11-19.xyz,53,23,30,r0_C9H14.xyz,r1_C12H15NO2.xyz,2.24679280482202,2.370438654996159
5253,TS_ts_guess_Lim4J9_template_8-20_9-10.xyz,43,20,23,r0_C7H10N2O.xyz,r1_C11H8N2O2.xyz,2.0073124513637635,2.5984133351528196
5254,TS_ts_guess_q8IoHw_template_5-16_9-10.xyz,43,20,23,r0_C7H10N2O.xyz,r1_C11H8N2O2.xyz,2.6237704609397525,1.855137541450768
5255,TS_ts_guess_XCdxG6_template_5-20_9-10.xyz,43,20,23,r0_C7H10N2O.xyz,r1_C11H8N2O2.xyz,1.9072653803023847,2.557886731600913
5256,TS_ts_guess_XXP2QD_template_8-16_9-10.xyz,43,20,23,r0_C7H10N2O.xyz,r1_C11H8N2O2.xyz,2.1845690769577417,2.1228659930622094
5257,TS_P-ICdH_hl_ad_4-20_8-14.xyz,46,26,20,r1_C9H12N2O3.xyz,r0_C7H10N2O.xyz,2.0729726786911593,3.0060455781807436
5258,TS_EotVTR_ll_ad_4-6_7-16.xyz,46,26,20,r1_C9H12N2O3.xyz,r0_C7H10N2O.xyz,2.2498943458082645,2.352076238645338
5259,TS__HSXU5_ll_ad_4-6_15-16.xyz,46,26,20,r1_C9H12N2O3.xyz,r0_C7H10N2O.xyz,2.1111962383681915,3.1421855308845146
5260,TS_ts_guess_Eyt5TX_template_4-6_12-16.xyz,46,26,20,r1_C9H12N2O3.xyz,r0_C7H10N2O.xyz,2.093284406118767,2.474465514510154
5261,TS_ts_guess_nNVD3F_template_4-21_9-10.xyz,43,17,26,r0_C6H7NO3.xyz,r1_C10H12O4.xyz,3.0528789291585086,2.067602111069729
5262,TS_ts_guess_wC_yfF_template_4-22_9-10.xyz,43,17,26,r0_C6H7NO3.xyz,r1_C10H12O4.xyz,2.8702126955332075,2.0907081119563293
5263,TS_ts_guess_7xcMl8_template_4-20_10-16.xyz,40,30,10,r0_C9H14N2O5.xyz,r1_C4H2O4.xyz,2.241740183562761,2.40963345577704
5265,TS_ts_guess_62_z-u_template_4-20_10-14.xyz,44,24,20,r1_C7H10N2O5.xyz,r0_C7H10N2O.xyz,2.184900372236684,2.092278423752441
5266,TS_ts_guess_pwgb4I_template_4-23_10-14.xyz,44,24,20,r1_C7H10N2O5.xyz,r0_C7H10N2O.xyz,2.604762493990575,2.049088903610578
5267,TS_ts_guess_HNbagB_template_4-15_10-14.xyz,44,24,20,r1_C7H10N2O5.xyz,r0_C7H10N2O.xyz,2.1087163842726695,2.355095578570008
5268,TS_ts_guess_iOSuWZ_template_4-19_8-15.xyz,39,29,10,r0_C12H12N2O3.xyz,r1_C4H2O4.xyz,2.035738119650954,2.646002559881604
5269,TS_ts_guess_C4lJBa_template_4-6_10-14.xyz,42,32,10,r0_C13H15N3O.xyz,r1_C4H2O4.xyz,2.292862892608278,2.330833208897625
5270,TS_F6AMB7_hl_ad_4-9_13-17.xyz,43,33,10,r0_C10H17N3O3.xyz,r1_C4H2O4.xyz,2.331813217691331,2.3126127773797323
5271,TS_WBeEoF_hl_ad_4-24_10-17.xyz,41,29,12,r0_C12H12O5.xyz,r1_C6H4O2.xyz,2.3595796324981277,2.3478913282560585
5272,TS_ts_guess_ATpjIB_template_4-9_10-11.xyz,47,41,6,r1_C18H18N2O3.xyz,r0_C2H4.xyz,2.4725651667246304,2.423355352027432
5273,TS_ts_guess_Ii_bTU_template_4-20_10-14.xyz,47,27,20,r1_C8H13N3O3.xyz,r0_C7H10N2O.xyz,2.4826239846984484,2.0217143931327195
5275,TS_ts_guess_O74o8f_template_4-8_9-18.xyz,47,27,20,r1_C8H13N3O3.xyz,r0_C7H10N2O.xyz,2.7072301218958095,2.1007972321716344
5277,TS_ts_guess_87hAQ4_template_4-21_6-10.xyz,45,19,26,r0_C6H9NO3.xyz,r1_C10H12O4.xyz,2.4368584476124173,2.4887090081807473
5278,TS_ts_guess_UtWoxA_template_4-22_6-10.xyz,45,19,26,r0_C6H9NO3.xyz,r1_C10H12O4.xyz,2.490956451646636,2.5989040511146233
5279,TS_Q_NNAb_hl_ad_3-7_13-17.xyz,49,29,20,r0_C10H15NO3.xyz,r1_C7H10N2O.xyz,3.250660791208458,2.0308000191057713
5281,TS_eKaSQe_ll_ad_3-5_11-15.xyz,49,29,20,r0_C10H15NO3.xyz,r1_C7H10N2O.xyz,2.3204387662896857,2.338919504899645
5282,TS_glVAct_ll_ad_3-5_14-15.xyz,49,29,20,r0_C10H15NO3.xyz,r1_C7H10N2O.xyz,1.9755797756608058,4.077424265955163
5283,TS_ts_guess_uicP_q_template_3-24_8-15.xyz,46,26,20,r0_C12H11NO2.xyz,r1_C7H10N2O.xyz,2.9897480267407155,2.1196430298991387
5284,TS_ts_guess_HpUf67_template_3-16_8-15.xyz,46,26,20,r0_C12H11NO2.xyz,r1_C7H10N2O.xyz,2.5599655290843275,2.162316865424677
5285,TS_Modbis_hl_ad_3-24_8-15.xyz,46,26,20,r0_C12H11NO2.xyz,r1_C7H10N2O.xyz,2.906605110623044,2.2224736093146302
5286,TS_ts_guess_A_J-SU_template_3-21_8-15.xyz,46,26,20,r0_C12H11NO2.xyz,r1_C7H10N2O.xyz,2.6708001831099235,2.0195540859060945
5289,TS_vu0Zdg_hl_ad_4-20_7-14.xyz,47,27,20,r1_C9H13NO4.xyz,r0_C7H10N2O.xyz,2.3721996360761883,3.5172972606249813
5291,TS_ts_guess_5nRu8i_template_4-24_10-17.xyz,42,30,12,r0_C11H13N3O3.xyz,r1_C6H4O2.xyz,2.057179819947687,2.043521065489661
5292,TS_ts_guess_cr8vzz_template_3-21_5-15.xyz,44,24,20,r0_C11H9NO3.xyz,r1_C7H10N2O.xyz,1.9106432504525799,2.4881255043908057
5293,TS_ts_guess_S11zuO_template_3-16_5-15.xyz,44,24,20,r0_C11H9NO3.xyz,r1_C7H10N2O.xyz,1.9910657755332948,2.601906313417145
5294,TS_ts_guess_g0F8XP_template_3-24_5-15.xyz,44,24,20,r0_C11H9NO3.xyz,r1_C7H10N2O.xyz,1.8813251111118463,2.5313082149157577
5295,TS_ts_guess_ybPYC7_template_3-24_5-15.xyz,44,24,20,r0_C11H9NO3.xyz,r1_C7H10N2O.xyz,2.1366330534979565,2.1657394339578344
5296,TS_ts_guess_uCU0g__template_4-21_6-17.xyz,40,30,10,r0_C11H13N3O3.xyz,r1_C4H2O4.xyz,2.090283625300643,2.2836924556734868
5297,TS_ts_guess_ELzam9_template_4-14_6-13.xyz,49,26,23,r1_C11H10N2O3.xyz,r0_C9H14.xyz,2.771169115175037,1.9925803563721087
5298,TS_ts_guess_l7sWD9_template_3-17_4-9.xyz,49,23,26,r0_C9H14.xyz,r1_C11H10N2O3.xyz,2.4000186902188907,1.9616183391526496
5299,TS_ts_guess_tb0HRt_template_5-6_14-22.xyz,49,23,26,r0_C9H14.xyz,r1_C11H10N2O3.xyz,1.9892199680779399,2.375457653527
5300,TS_ts_guess_caG963_template_3-15_4-9.xyz,49,23,26,r0_C9H14.xyz,r1_C11H10N2O3.xyz,1.9485413675362397,2.553831222399006
5301,TS_ts_guess_RK8bvg_template_4-5_6-14.xyz,49,26,23,r1_C11H10N2O3.xyz,r0_C9H14.xyz,1.9624518936779063,2.434463640434993
5302,TS_ts_guess_umSRrW_template_5-6_12-22.xyz,49,23,26,r0_C9H14.xyz,r1_C11H10N2O3.xyz,2.4836821378952663,2.014877945558986
5303,TS_ts_guess_3SjDSK_template_8-10_17-21.xyz,43,26,17,r1_C10H12O4.xyz,r0_C6H6N4O.xyz,2.5017971024045895,2.0710622063569217
5304,TS_ts_guess_ucLxKA_template_2-21_11-14.xyz,43,26,17,r1_C10H12O4.xyz,r0_C6H6N4O.xyz,1.9008593411928196,2.870305907477459
5305,TS_ts_guess_pneq22_template_4-21_6-17.xyz,38,28,10,r0_C11H11NO5.xyz,r1_C4H2O4.xyz,2.3431693976535284,2.4273116156357015
5306,TS_ts_guess_C6Gj_n_template_4-21_7-17.xyz,41,31,10,r0_C13H14O4.xyz,r1_C4H2O4.xyz,2.397133776930274,2.5774682384270036
5307,TS_ts_guess_PB1eiM_template_4-21_10-17.xyz,40,30,10,r0_C12H13NO4.xyz,r1_C4H2O4.xyz,2.5127075952645184,2.255731061474306
5308,TS_ts_guess_IA_Y-O_template_4-11_15-19.xyz,42,32,10,r0_C12H15N3O2.xyz,r1_C4H2O4.xyz,2.3911837114282957,2.091031735627176
5309,TS_ts_guess_krRITw_template_4-11_15-19.xyz,42,32,10,r0_C13H15NO3.xyz,r1_C4H2O4.xyz,2.3781442460456432,2.155410745936839
5312,TS_ts_guess_5BshfR_template_4-21_10-15.xyz,42,22,20,r1_C8H7N3O4.xyz,r0_C7H10N2O.xyz,2.335445659654705,2.905401950522509
5313,TS_ts_guess_v9kyel_template_4-24_10-15.xyz,42,22,20,r1_C8H7N3O4.xyz,r0_C7H10N2O.xyz,2.737938853261701,2.4182470890502485
5314,TS_ts_guess_aFr3Hc_template_4-5_6-14.xyz,48,25,23,r1_C11H9NO4.xyz,r0_C9H14.xyz,1.9238452057533113,2.47141740952434
5315,TS_ts_guess_IXR9DJ_template_3-15_4-9.xyz,48,23,25,r0_C9H14.xyz,r1_C11H9NO4.xyz,1.910999013866831,2.5928539292833297
5316,TS_ts_guess_E8mGoK_template_5-6_12-22.xyz,48,23,25,r0_C9H14.xyz,r1_C11H9NO4.xyz,2.5433599939843354,1.9788461142039317
5317,TS_ts_guess_dIEbln_template_4-14_6-13.xyz,48,25,23,r1_C11H9NO4.xyz,r0_C9H14.xyz,2.8247726006884166,1.9936366217292458
5318,TS_ts_guess_l97p50_template_3-17_4-9.xyz,48,23,25,r0_C9H14.xyz,r1_C11H9NO4.xyz,2.514762302823072,1.9060049342538439
5319,TS_ts_guess_gSdHkv_template_5-6_14-22.xyz,48,23,25,r0_C9H14.xyz,r1_C11H9NO4.xyz,1.9845527570210877,2.3517840006471684
5320,TS_ts_guess_PE738K_template_4-22_12-19.xyz,51,33,18,r1_C15H14N2O2.xyz,r0_C6H12.xyz,2.2917196377829465,2.139233938422818
5321,TS_ts_guess_IwTXGv_template_5-6_16-21.xyz,51,23,28,r0_C9H14.xyz,r1_C9H13NO5.xyz,2.4091985665984446,2.7011918519979288
5322,TS_ts_guess_TecNcM_template_4-16_10-15.xyz,51,28,23,r1_C9H13NO5.xyz,r0_C9H14.xyz,3.1344157053109596,2.5954801094402553
5323,TS_ts_guess_wwM0Os_template_5-6_12-21.xyz,51,23,28,r0_C9H14.xyz,r1_C9H13NO5.xyz,2.549526313043268,2.4744256806176255
5324,TS_ts_guess_mfqh_e_template_4-9_10-18.xyz,51,28,23,r1_C9H13NO5.xyz,r0_C9H14.xyz,2.425259753016159,3.0870113220718842
5325,TS_ts_guess_uQgNf7_template_3-19_4-9.xyz,51,23,28,r0_C9H14.xyz,r1_C9H13NO5.xyz,2.592335036487375,2.4265564818689054
5326,TS_ts_guess_-XxCKV_template_3-15_4-9.xyz,51,23,28,r0_C9H14.xyz,r1_C9H13NO5.xyz,2.4026456603294624,2.7209496562964923
5327,TS_ts_guess_DABs8s_template_5-6_12-21.xyz,53,23,30,r0_C9H14.xyz,r1_C9H15N3O3.xyz,2.3728422827065434,2.306575693576953
5328,TS_ts_guess_Ts5Y7U_template_5-15_6-9.xyz,53,23,30,r0_C9H14.xyz,r1_C9H15N3O3.xyz,2.59480173032546,2.249102589612132
5329,TS_ts_guess_o8MieJ_template_3-4_10-19.xyz,53,23,30,r0_C9H14.xyz,r1_C9H15N3O3.xyz,2.4010345057703777,2.2116032892225497
5330,TS_KFvbeh_ll_ad_4-16_11-15.xyz,53,30,23,r1_C9H15N3O3.xyz,r0_C9H14.xyz,2.9371791545290526,2.064762920870094
5331,TS_ts_guess_lGQBVz_template_4-9_10-18.xyz,53,30,23,r1_C9H15N3O3.xyz,r0_C9H14.xyz,2.140597240444825,2.6376118807171007
5332,TS_ts_guess_ZVkON6_template_3-15_4-9.xyz,53,23,30,r0_C9H14.xyz,r1_C9H15N3O3.xyz,2.158903072673713,2.5102040392964073
5334,TS_ts_guess_77DJ77_template_2-18_11-14.xyz,48,26,22,r0_C10H12O4.xyz,r1_C10H11N.xyz,2.0649161965803846,2.947019173826326
5335,TS_ts_guess_Zzjr-q_template_4-22_10-19.xyz,46,32,14,r1_C13H13N3O3.xyz,r0_C5H8O.xyz,2.3916450576329256,2.562594758813808
5336,TS_ts_guess_S2Anm5_template_4-22_10-19.xyz,46,32,14,r1_C13H13N3O3.xyz,r0_C5H8O.xyz,2.449382287292043,2.4387407000335237
5337,TS_MquGxY_hl_ad_4-21_6-17.xyz,40,30,10,r0_C12H13NO4.xyz,r1_C4H2O4.xyz,2.4521847267487824,2.65765509261454
5338,TS_LveH9o_ll_ad_8-17_9-10.xyz,44,20,24,r0_C7H10N2O.xyz,r1_C12H8N4.xyz,2.08205663520472,2.903992208081833
5339,TS_2k-MkP_ll_ad_5-17_9-10.xyz,44,20,24,r0_C7H10N2O.xyz,r1_C12H8N4.xyz,2.1819146415247324,2.648394034013821
5340,TS_HmGQlw_ll_ad_8-21_9-10.xyz,44,20,24,r0_C7H10N2O.xyz,r1_C12H8N4.xyz,2.1148537269749887,2.4064799253889486
5341,TS_qzg0vB_ll_ad_5-21_9-10.xyz,44,20,24,r0_C7H10N2O.xyz,r1_C12H8N4.xyz,2.152068320337438,2.38704841687386
5342,TS_ts_guess__1ivkJ_template_5-17_6-9.xyz,50,23,27,r0_C9H14.xyz,r1_C15H10N2.xyz,2.7808457843073566,2.232485763314069
5343,TS_ts_guess_hv9pDq_template_6-17_8-9.xyz,50,23,27,r0_C9H14.xyz,r1_C15H10N2.xyz,3.052882780668135,2.2052343650959187
5344,TS_ts_guess_9FpIfX_template_3-17_4-9.xyz,50,23,27,r0_C9H14.xyz,r1_C15H10N2.xyz,2.660889735652344,2.1496434242683136
5345,TS_ts_guess_02nsks_template_5-6_14-23.xyz,50,23,27,r0_C9H14.xyz,r1_C15H10N2.xyz,2.18882039119248,2.617242650940107
5346,TS_ts_guess_Vx_gls_template_6-19_8-9.xyz,50,23,27,r0_C9H14.xyz,r1_C15H10N2.xyz,2.3286699999785285,2.3463633839198907
5347,TS_ts_guess_-AGTVk_template_3-4_12-21.xyz,50,23,27,r0_C9H14.xyz,r1_C15H10N2.xyz,2.1739942359859192,2.7388488535331774
5349,TS_ts_guess_ypihrS_template_4-11_12-16.xyz,51,38,13,r0_C17H18N2O.xyz,r1_C2H8N3.xyz,3.072181721529506,2.0172162933359425
5350,TS_ts_guess_-V9B-O_template_4-21_9-18.xyz,49,31,18,r1_C10H13NO7.xyz,r0_C6H12.xyz,2.2576660511466264,2.5005055747988245
5351,TS_ts_guess_o8RBr6_template_1-17_3-16.xyz,49,29,20,r0_C15H13N.xyz,r1_C7H10N2O.xyz,2.2291136539216656,2.881022125149337
5352,TS_ts_guess_DvMVo-_template_1-25_3-16.xyz,49,29,20,r0_C15H13N.xyz,r1_C7H10N2O.xyz,2.2364806670525903,2.536348515267569
5353,TS_ts_guess_deAXB5_template_1-25_3-16.xyz,49,29,20,r0_C15H13N.xyz,r1_C7H10N2O.xyz,2.0308452232998953,3.0105728005979193
5354,TS_ts_guess_f0cw5v_template_1-22_3-16.xyz,49,29,20,r0_C15H13N.xyz,r1_C7H10N2O.xyz,2.194022405309481,2.67464045789336
5355,TS_ts_guess_3jG2SL_template_4-22_9-19.xyz,49,35,14,r1_C14H16N2O3.xyz,r0_C5H8O.xyz,2.2963987068669063,2.2064242177332987
5356,TS_ts_guess_VF-FuW_template_4-22_9-19.xyz,49,35,14,r1_C14H16N2O3.xyz,r0_C5H8O.xyz,2.0635216506012237,2.5765976033133304
5357,TS_ts_guess_o20rzT_template_4-22_12-19.xyz,50,32,18,r1_C13H13N3O3.xyz,r0_C6H12.xyz,2.211153358159492,2.53002474197388
5358,TS_ts_guess_UHPfYv_template_4-22_10-19.xyz,50,32,18,r1_C13H13N3O3.xyz,r0_C6H12.xyz,2.395450325178963,2.2829603261992966
5360,TS_kZFO3A_ll_ad_3-17_4-9.xyz,51,23,28,r0_C9H14.xyz,r1_C12H12O4.xyz,2.4823043037669654,2.1341470099316027
5361,TS_ts_guess_ubKOGg_template_5-6_15-22.xyz,51,23,28,r0_C9H14.xyz,r1_C12H12O4.xyz,2.7040421357109063,2.1622223471696893
5362,TS_KMS8lh_hl_ad_3-4_12-20.xyz,51,23,28,r0_C9H14.xyz,r1_C12H12O4.xyz,2.1620262625833204,2.674422158055829
5363,TS_ts_guess_fL22Ty_template_4-8_9-17.xyz,51,28,23,r1_C12H12O4.xyz,r0_C9H14.xyz,2.2685965433721353,2.4133931565950872
5371,TS_ts_guess_5i_ikT_template_2-26_6-19.xyz,41,29,12,r0_C16H10N2O.xyz,r1_C6H4O2.xyz,2.225197856506248,2.4562920051370116
5372,TS_ts_guess_1Qr5tj_template_1-18_2-4.xyz,53,12,41,r0_C4H8.xyz,r1_C21H19N.xyz,2.2394289210868026,2.4232211291171923
5373,TS_ts_guess_uc15W1_template_4-24_8-15.xyz,45,25,20,r1_C9H10N2O4.xyz,r0_C7H10N2O.xyz,2.609184687330508,2.496035546000898
5377,TS_ts_guess_kjJ9LK_template_4-6_15-16.xyz,51,31,20,r1_C12H16N2O.xyz,r0_C7H10N2O.xyz,2.3157610735781877,2.449456449520995
5378,TS_ts_guess_squN1i_template_4-6_12-16.xyz,51,31,20,r1_C12H16N2O.xyz,r0_C7H10N2O.xyz,2.184078411161101,2.351196617341902
5379,TS_ts_guess_FpXeYz_template_4-21_8-15.xyz,51,31,20,r1_C12H16N2O.xyz,r0_C7H10N2O.xyz,2.7010157337194465,2.0514393864065297
5380,TS_ts_guess_VwY6-e_template_4-6_7-16.xyz,51,31,20,r1_C12H16N2O.xyz,r0_C7H10N2O.xyz,2.5559341458065776,2.1816165382807307
5381,TS_ts_guess_HcGcgB_template_8-9_17-25.xyz,49,20,29,r0_C7H10N2O.xyz,r1_C15H13N.xyz,2.165543653081138,2.8230333107138503
5382,TS_ts_guess_qkhHPx_template_5-9_17-25.xyz,49,20,29,r0_C7H10N2O.xyz,r1_C15H13N.xyz,2.1908797893312175,2.5189064167213515
5383,TS_ts_guess_XoPpXy_template_5-18_9-10.xyz,49,20,29,r0_C7H10N2O.xyz,r1_C15H13N.xyz,2.8704382731039524,2.049514360257083
5384,TS_ts_guess_A1OeFP_template_8-18_9-10.xyz,49,20,29,r0_C7H10N2O.xyz,r1_C15H13N.xyz,2.494684202078491,2.2842719327172936
5385,TS_ts_guess_Q1PJUx_template_4-21_11-18.xyz,52,34,18,r1_C11H16N2O5.xyz,r0_C6H12.xyz,2.3805704913948675,2.866306478832994
5386,TS_GzgNMC_ll_ad_4-24_12-15.xyz,51,31,20,r1_C12H16N2O.xyz,r0_C7H10N2O.xyz,2.621292669905442,2.125388280479593
5387,TS_v02Ilr_ll_ad_4-16_12-15.xyz,51,31,20,r1_C12H16N2O.xyz,r0_C7H10N2O.xyz,2.3746290447351983,2.2975186522420223
5388,TS_7nB2Ak_ll_ad_4-21_12-15.xyz,51,31,20,r1_C12H16N2O.xyz,r0_C7H10N2O.xyz,2.690281326367189,2.0190051980121297
5389,TS_NTH-el_hl_ad_4-24_12-15.xyz,51,31,20,r1_C12H16N2O.xyz,r0_C7H10N2O.xyz,2.31118568053283,2.2103268147719692
5391,TS_ts_guess_CtR9Hi_template_4-7_8-12.xyz,49,36,13,r0_C14H16N4O2.xyz,r1_C2H8N3.xyz,1.8130497140729485,2.3418672067818025
5392,TS_1ZRUH3_hl_ad_3-25_8-18.xyz,44,32,12,r0_C14H14O4.xyz,r1_C6H4O2.xyz,2.380217006367277,2.5465609382262975
5393,TS_ts_guess_xkYBm__template_4-22_8-18.xyz,39,29,10,r0_C13H11NO4.xyz,r1_C4H2O4.xyz,2.519582419548922,2.425604575915044
5394,TS_ts_guess_IfYYeC_template_5-6_15-22.xyz,52,23,29,r0_C9H14.xyz,r1_C10H13N3O3.xyz,2.192735299232445,2.4220473938591707
5395,TS_ts_guess_KUp56p_template_4-17_9-16.xyz,52,29,23,r1_C10H13N3O3.xyz,r0_C9H14.xyz,2.944249791814547,2.1447669552890827
5397,TS_ts_guess_aw0gGZ_template_3-18_4-9.xyz,52,23,29,r0_C9H14.xyz,r1_C10H13N3O3.xyz,2.2674509195570254,2.291253748845815
5398,TS_ts_guess_kZAvoy_template_3-18_4-9.xyz,52,23,29,r0_C9H14.xyz,r1_C10H13N3O3.xyz,2.08298098716719,2.626352440134416
5401,TS_ts_guess_-rxz1G_template_4-24_6-15.xyz,47,27,20,r1_C8H12N4O3.xyz,r0_C7H10N2O.xyz,1.9963990245689862,2.743849420795536
5402,TS_cIADS5_ll_ad_4-16_6-15.xyz,47,27,20,r1_C8H12N4O3.xyz,r0_C7H10N2O.xyz,2.1444596187851146,3.0168449491646068
5403,TS_2ogjJY_ll_ad_4-24_6-15.xyz,47,27,20,r1_C8H12N4O3.xyz,r0_C7H10N2O.xyz,2.2754747739537784,2.52538747890299
5405,TS_ts_guess_sXA5s3_template_4-24_8-15.xyz,45,25,20,r1_C8H10N2O5.xyz,r0_C7H10N2O.xyz,1.849505549167128,2.492411331000563
5406,TS_ts_guess_PMS7kZ_template_4-14_8-13.xyz,45,25,20,r1_C8H10N2O5.xyz,r0_C7H10N2O.xyz,2.002226599313874,2.786726079434432
5407,TS_ts_guess_HZ2lWf_template_4-22_8-13.xyz,45,25,20,r1_C8H10N2O5.xyz,r0_C7H10N2O.xyz,2.0205462340911677,2.33882131196464
5408,TS_ts_guess_wnA4cV_template_4-19_8-13.xyz,45,25,20,r1_C8H10N2O5.xyz,r0_C7H10N2O.xyz,1.8801259641045334,2.7198831815539433
5409,TS_ts_guess_y2bXEu_template_4-24_6-15.xyz,45,25,20,r1_C8H10N2O5.xyz,r0_C7H10N2O.xyz,2.0602576207115457,2.730069386096258
5410,TS_ts_guess_hhdTDw_template_4-21_6-15.xyz,45,25,20,r1_C8H10N2O5.xyz,r0_C7H10N2O.xyz,2.292211880367956,2.994433880018058
5411,TS_ts_guess_WylUtA_template_4-24_6-15.xyz,45,25,20,r1_C8H10N2O5.xyz,r0_C7H10N2O.xyz,2.186624001377466,2.5626560401466287
5412,TS_ts_guess_N49E3p_template_4-16_6-15.xyz,45,25,20,r1_C8H10N2O5.xyz,r0_C7H10N2O.xyz,2.1754932847977257,3.2147163378749295
5413,TS_ts_guess_2IDuzS_template_2-19_11-14.xyz,46,26,20,r0_C10H12O4.xyz,r1_C10H8N2.xyz,2.1697800373770613,2.532728249852321
5414,TS_ts_guess_lweY78_template_8-10_15-22.xyz,46,26,20,r0_C10H12O4.xyz,r1_C10H8N2.xyz,2.509598730653966,2.2117446658690056
5417,TS_ts_guess_58835Z_template_5-6_16-22.xyz,51,23,28,r0_C9H14.xyz,r1_C9H12N4O3.xyz,2.110787585949851,2.5538251057188703
5418,TS_ts_guess_3g2O0d_template_4-9_10-18.xyz,51,28,23,r1_C9H12N4O3.xyz,r0_C9H14.xyz,2.2306731622091123,3.0695685571917104
5419,TS_ts_guess_69Fx9j_template_4-17_10-16.xyz,51,28,23,r1_C9H12N4O3.xyz,r0_C9H14.xyz,2.6815592667326973,2.0571153314775525
5420,TS_ts_guess_tUnDMm_template_3-16_4-9.xyz,51,23,28,r0_C9H14.xyz,r1_C9H12N4O3.xyz,2.141341299419595,2.5241634318918416
5421,TS_ts_guess_IEMBhH_template_5-6_13-22.xyz,51,23,28,r0_C9H14.xyz,r1_C9H12N4O3.xyz,2.552739467199894,2.218371281571234
5422,TS_ts_guess_Y8acCA_template_3-19_4-9.xyz,51,23,28,r0_C9H14.xyz,r1_C9H12N4O3.xyz,2.3828488770797023,2.2126696532017607
5423,TS_ts_guess_ueJnK1_template_4-11_12-20.xyz,49,26,23,r1_C12H9N3O2.xyz,r0_C9H14.xyz,2.1434043861576844,2.8458403554134937
5424,TS_d_qzov_ll_ad_3-21_4-9.xyz,49,23,26,r0_C9H14.xyz,r1_C12H9N3O2.xyz,2.2750838333784538,2.215635317307431
5425,TS_ts_guess_anEOz2_template_4-18_12-17.xyz,49,26,23,r1_C12H9N3O2.xyz,r0_C9H14.xyz,2.7160821591770747,2.0428476057209948
5426,TS_ts_guess_SGbFOI_template_3-15_4-9.xyz,49,23,26,r0_C9H14.xyz,r1_C12H9N3O2.xyz,2.0539373235325367,2.5609470262775837
5427,TS_ts_guess_aJjmE-_template_5-6_12-23.xyz,49,23,26,r0_C9H14.xyz,r1_C12H9N3O2.xyz,2.2774248210204435,2.3032742146344627
5428,TS_ts_guess_M8GAJQ_template_5-6_18-23.xyz,49,23,26,r0_C9H14.xyz,r1_C12H9N3O2.xyz,2.302473548273682,2.2710502442042095
5429,TS_ts_guess_VjU1Dd_template_4-23_9-11.xyz,46,20,26,r1_C6H9N3O2.xyz,r0_C10H12O4.xyz,2.413088966863841,1.8506823348700339
5430,TS_kWDCkc_ll_ad_4-22_9-11.xyz,46,20,26,r1_C6H9N3O2.xyz,r0_C10H12O4.xyz,2.5274056150329334,1.8334258687495386
5431,TS_ts_guess_-rOcIo_template_4-24_6-15.xyz,44,24,20,r1_C8H9NO6.xyz,r0_C7H10N2O.xyz,2.0740716937222783,2.6651929440098705
5432,TS_ts_guess_2Ygop2_template_4-24_6-15.xyz,44,24,20,r1_C8H9NO6.xyz,r0_C7H10N2O.xyz,2.2158424009166353,2.568543895634256
5433,TS_qsHXLQ_hl_ad_4-16_6-15.xyz,44,24,20,r1_C8H9NO6.xyz,r0_C7H10N2O.xyz,2.2017571674460377,3.101634266672974
5434,TS_YfT_KN_ll_ad_4-21_6-15.xyz,44,24,20,r1_C8H9NO6.xyz,r0_C7H10N2O.xyz,2.2110283863623277,2.981628349912175
5435,TS_ts_guess_Qzq1ki_template_4-25_12-21.xyz,49,36,13,r0_C17H15N3O.xyz,r1_C2H8N3.xyz,1.7815111904223335,2.4071788792900293
5436,TS_QF1yPC_ll_ad_4-22_12-21.xyz,49,36,13,r0_C17H15N3O.xyz,r1_C2H8N3.xyz,1.8927074832894808,2.952183121793091
5437,TS_ts_guess_wkr2rk_template_4-9_10-14.xyz,49,36,13,r0_C14H16N2O4.xyz,r1_C2H8N3.xyz,1.8676251419650571,3.4429261360941217
5439,TS_ts_guess_29jl46_template_4-22_10-11.xyz,46,20,26,r1_C6H9NO4.xyz,r0_C10H12O4.xyz,2.9573757323343277,2.361177094353577
5440,TS_ts_guess_Izk3os_template_4-23_10-11.xyz,46,20,26,r1_C6H9NO4.xyz,r0_C10H12O4.xyz,2.7267135194222365,2.3824095599413635
5441,TS_ts_guess_3HCGkS_template_5-6_15-22.xyz,51,23,28,r0_C9H14.xyz,r1_C10H12O6.xyz,2.7932831177666184,2.4357780983907382
5444,TS_ts_guess_wW9HIK_template_5-6_14-22.xyz,51,23,28,r0_C9H14.xyz,r1_C10H12O6.xyz,2.9087534041578706,2.4270259589258623
5445,TS_ts_guess_PsZMBv_template_3-17_4-9.xyz,51,23,28,r0_C9H14.xyz,r1_C10H12O6.xyz,2.3624961918064544,2.9215070628358917
5446,TS_ts_guess_c-V4bZ_template_3-18_4-9.xyz,51,23,28,r0_C9H14.xyz,r1_C10H12O6.xyz,2.4994696859133936,2.7639030867959176
5447,TS_YiDB00_ll_ad_4-17_8-16.xyz,47,27,20,r1_C12H11NO3.xyz,r0_C7H10N2O.xyz,2.381640598621043,2.3018584999300025
5448,TS_ts_guess_JP3jbT_template_4-25_8-16.xyz,47,27,20,r1_C12H11NO3.xyz,r0_C7H10N2O.xyz,2.994095782669619,2.258208278193134
5449,TS_ts_guess_gv9hyp_template_4-25_8-16.xyz,47,27,20,r1_C12H11NO3.xyz,r0_C7H10N2O.xyz,2.9292010337633023,2.155272477112813
5450,TS_ts_guess_RsZpBp_template_4-22_8-16.xyz,47,27,20,r1_C12H11NO3.xyz,r0_C7H10N2O.xyz,2.3441706591884475,2.24257138557505
5451,TS_ts_guess_g6IyJ9_template_4-22_8-16.xyz,45,25,20,r1_C11H9NO4.xyz,r0_C7H10N2O.xyz,2.110220448270749,2.7607429413474915
5452,TS_ts_guess_K0VdOy_template_4-25_8-16.xyz,45,25,20,r1_C11H9NO4.xyz,r0_C7H10N2O.xyz,2.2120112389633104,2.4082921097948233
5453,TS_ts_guess_udvrd3_template_4-25_8-16.xyz,45,25,20,r1_C11H9NO4.xyz,r0_C7H10N2O.xyz,2.063008370632558,2.535707089649749
5454,TS_ts_guess_9Rzv_9_template_4-17_8-16.xyz,45,25,20,r1_C11H9NO4.xyz,r0_C7H10N2O.xyz,2.246717037479353,2.795984726138539
5455,TS_ts_guess_gKf-xK_template_4-25_8-16.xyz,44,24,20,r1_C11H8O5.xyz,r0_C7H10N2O.xyz,2.0881170504787323,2.4813751054002298
5456,TS_ts_guess_7GXN1m_template_4-25_8-16.xyz,44,24,20,r1_C11H8O5.xyz,r0_C7H10N2O.xyz,2.2717751978573935,2.347518562652913
5457,TS_ts_guess_fpGTVW_template_4-17_8-16.xyz,44,24,20,r1_C11H8O5.xyz,r0_C7H10N2O.xyz,2.236524463291202,2.8593156100542663
5458,TS_ts_guess_ydX2Es_template_4-22_8-16.xyz,44,24,20,r1_C11H8O5.xyz,r0_C7H10N2O.xyz,2.1384471137252845,2.7248863895032396
5459,TS_ts_guess_IJK7M8_template_4-16_6-15.xyz,49,29,20,r1_C8H14N4O3.xyz,r0_C7H10N2O.xyz,1.9728387063315642,4.048080567342997
5460,TS_ts_guess_KKa-07_template_4-24_6-15.xyz,49,29,20,r1_C8H14N4O3.xyz,r0_C7H10N2O.xyz,2.245605155720836,2.297561755078631
5461,TS_ts_guess_5-G2BB_template_4-24_6-15.xyz,49,29,20,r1_C8H14N4O3.xyz,r0_C7H10N2O.xyz,2.027122639876532,2.4914682042121266
5462,TS_ts_guess_0LNBht_template_4-21_6-15.xyz,49,29,20,r1_C8H14N4O3.xyz,r0_C7H10N2O.xyz,2.151388799682661,2.581876016620473
5463,TS_ts_guess_2s9bAf_template_3-18_4-9.xyz,57,23,34,r0_C9H14.xyz,r1_C16H17N.xyz,2.3889855261595874,2.1840355206131608
5464,TS_ts_guess_b5LZhB_template_3-4_13-21.xyz,57,23,34,r0_C9H14.xyz,r1_C16H17N.xyz,2.238024243009892,2.427024139991195
5465,TS_ts_guess_z-dWQY_template_6-19_8-9.xyz,57,23,34,r0_C9H14.xyz,r1_C16H17N.xyz,2.775466758745275,2.1597583159696363
5466,TS_ts_guess_cxBpZN_template_5-6_15-23.xyz,57,23,34,r0_C9H14.xyz,r1_C16H17N.xyz,2.339735566597217,2.3507383228679455
5467,TS_ts_guess_ppjqb3_template_5-18_6-9.xyz,57,23,34,r0_C9H14.xyz,r1_C16H17N.xyz,2.5976116176595765,2.180001314930796
5468,TS_ts_guess_vlm6vS_template_6-18_8-9.xyz,57,23,34,r0_C9H14.xyz,r1_C16H17N.xyz,2.8311958731603153,2.111946983117711
5470,TS_ts_guess_ZWfOCr_template_4-22_10-11.xyz,47,21,26,r0_C6H10N2O3.xyz,r1_C10H12O4.xyz,2.8994030932762693,2.3804184938157404
5471,TS_ts_guess_K0F-Wk_template_4-21_7-15.xyz,49,29,20,r1_C9H14N2O4.xyz,r0_C7H10N2O.xyz,2.0534199513251057,3.0539373453625402
5472,TS_p3p4XL_ll_ad_4-24_7-15.xyz,49,29,20,r1_C9H14N2O4.xyz,r0_C7H10N2O.xyz,2.3098743822338044,2.220309688331788
5473,TS_Hla2an_hl_ad_4-24_7-15.xyz,49,29,20,r1_C9H14N2O4.xyz,r0_C7H10N2O.xyz,2.0764996953768136,2.5347562574338385
5474,TS_RT89L__ll_ad_4-16_7-15.xyz,49,29,20,r1_C9H14N2O4.xyz,r0_C7H10N2O.xyz,2.1484522077300205,2.8329247129777384
5475,TS_ts_guess_byM4-d_template_4-25_7-18.xyz,46,34,12,r0_C13H16N2O3.xyz,r1_C6H4O2.xyz,2.1665038447461846,2.322756616113707
5476,TS_ts_guess_Ep6H56_template_2-23_11-14.xyz,50,26,24,r0_C10H12O4.xyz,r1_C8H13NO2.xyz,2.000656351950529,2.90603339474962
5477,TS_6kGdaL_ll_ad_8-10_19-21.xyz,50,26,24,r0_C10H12O4.xyz,r1_C8H13NO2.xyz,2.585907693344834,1.9438902317260611
5478,TS_ts_guess_T3oGRg_template_4-5_6-15.xyz,48,28,20,r1_C9H13NO5.xyz,r0_C7H10N2O.xyz,2.311377999224705,2.2371189195257366
5479,TS_ts_guess_kZwydO_template_4-5_11-15.xyz,48,28,20,r1_C9H13NO5.xyz,r0_C7H10N2O.xyz,2.1488061167541384,2.449135656226498
5480,TS_ts_guess_whtF9f_template_4-21_7-15.xyz,48,28,20,r1_C9H13NO5.xyz,r0_C7H10N2O.xyz,1.937682592015524,3.962065416219172
5481,TS_ts_guess_VMrec9_template_4-5_14-15.xyz,48,28,20,r1_C9H13NO5.xyz,r0_C7H10N2O.xyz,2.026545350935922,3.7576321805759543
5482,TS_ts_guess_2g6UM6_template_4-24_9-22.xyz,51,39,12,r1_C18H17NO3.xyz,r0_C4H8.xyz,2.461202902220782,2.368015550033403
5483,TS_ULPQny_ll_ad_4-17_7-16.xyz,49,29,20,r1_C12H13N3O.xyz,r0_C7H10N2O.xyz,2.1378157514154488,2.7212904047161155
5484,TS_2X-G6f_ll_ad_4-22_7-16.xyz,49,29,20,r1_C12H13N3O.xyz,r0_C7H10N2O.xyz,2.2320449711643353,2.461454307619786
5485,TS_cHd5ZU_ll_ad_4-25_7-16.xyz,49,29,20,r1_C12H13N3O.xyz,r0_C7H10N2O.xyz,2.0463139058805226,2.3784445132270795
5486,TS_ppcoBP_hl_ad_4-25_7-16.xyz,49,29,20,r1_C12H13N3O.xyz,r0_C7H10N2O.xyz,2.295729480600883,2.26563500434205
5488,TS_ts_guess_cgZU8Q_template_4-24_10-15.xyz,45,25,20,r1_C7H10N2O6.xyz,r0_C7H10N2O.xyz,2.6274142050693112,2.59065020419585
5489,TS_ts_guess_VBQaJb_template_4-24_10-15.xyz,45,25,20,r1_C7H10N2O6.xyz,r0_C7H10N2O.xyz,2.513587204534587,2.280259982326577
5491,TS_ts_guess_Okjsip_template_4-9_16-17.xyz,44,32,12,r0_C12H14N2O4.xyz,r1_C6H4O2.xyz,2.345370757598892,1.9230705316758405
5492,TS__Xnoaw_ll_ad_4-8_14-18.xyz,50,30,20,r1_C10H15NO4.xyz,r0_C7H10N2O.xyz,3.417413647497183,1.9840765745555284
5493,TS_pR54fT_hl_ad_4-8_17-18.xyz,50,30,20,r1_C10H15NO4.xyz,r0_C7H10N2O.xyz,2.405810104330764,2.133421797629339
5494,TS_AboAjp_hl_ad_4-21_10-15.xyz,50,30,20,r1_C10H15NO4.xyz,r0_C7H10N2O.xyz,2.5048244482597974,2.267533610269096
5495,TS_UL_-8v_ll_ad_4-8_9-18.xyz,50,30,20,r1_C10H15NO4.xyz,r0_C7H10N2O.xyz,3.2955696684791844,2.002630742698214
5497,TS_ts_guess_QCY3jU_template_4-24_7-12.xyz,45,19,26,r0_C7H7N3O2.xyz,r1_C10H12O4.xyz,2.2223583286454955,2.3014726520426003
5498,TS_ts_guess_sO2J9y_template_4-23_7-12.xyz,45,19,26,r0_C7H7N3O2.xyz,r1_C10H12O4.xyz,2.0997908398933456,2.416936664561155
5499,TS_ts_guess_4wXSIg_template_3-10_17-18.xyz,47,35,12,r0_C16H16N2O.xyz,r1_C6H4O2.xyz,2.50172878915761,1.9157525008465992
5500,TS_ts_guess_wnjXWR_template_4-5_9-13.xyz,43,33,10,r0_C12H15N3O3.xyz,r1_C4H2O4.xyz,2.0901835112496703,2.319239570807639
5501,TS_ts_guess_w3G-CK_template_5-6_14-23.xyz,52,23,29,r0_C9H14.xyz,r1_C12H12N2O3.xyz,2.5329763725309395,1.9523441069903635
5502,TS_ts_guess_MjAdyk_template_5-6_16-23.xyz,52,23,29,r0_C9H14.xyz,r1_C12H12N2O3.xyz,1.9941182172830176,2.2876680892341
5503,TS_ts_guess_BtI1CV_template_4-5_6-14.xyz,52,29,23,r1_C12H12N2O3.xyz,r0_C9H14.xyz,1.895764129368419,2.5068071099508233
5504,TS_ts_guess_pbczI4_template_4-16_8-15.xyz,52,29,23,r1_C12H12N2O3.xyz,r0_C9H14.xyz,2.7870351416873094,1.9785430753460993
5505,TS_ts_guess_Yxxl_b_template_3-17_4-9.xyz,52,23,29,r0_C9H14.xyz,r1_C12H12N2O3.xyz,1.9204508522219463,2.568889315112662
5506,TS_ts_guess_FFZ6la_template_3-19_4-9.xyz,52,23,29,r0_C9H14.xyz,r1_C12H12N2O3.xyz,2.4989110323699,1.9349148436042347
5507,TS_ts_guess_1qJBf4_template_5-6_12-23.xyz,52,23,29,r0_C9H14.xyz,r1_C12H12N2O3.xyz,2.149003517586698,2.7233024405856945
5508,TS_ts_guess_cSNenn_template_4-25_6-17.xyz,52,29,23,r1_C12H12N2O3.xyz,r0_C9H14.xyz,2.1701038539434006,3.0749681654449694
5509,TS_ts_guess_FYuMZZ_template_3-15_4-9.xyz,52,23,29,r0_C9H14.xyz,r1_C12H12N2O3.xyz,2.714073319293346,2.1450774611654473
5510,TS_ts_guess_2Se5CR_template_3-4_10-21.xyz,52,23,29,r0_C9H14.xyz,r1_C12H12N2O3.xyz,2.1616814171149272,2.7861142617451997
5511,TS_ts_guess_nEHdKP_template_5-15_6-9.xyz,52,23,29,r0_C9H14.xyz,r1_C12H12N2O3.xyz,2.814820122601087,2.2150673141238846
5512,TS_ts_guess_vPjTjK_template_4-18_6-17.xyz,52,29,23,r1_C12H12N2O3.xyz,r0_C9H14.xyz,2.2720590695886407,2.4481896123258102
5513,TS_ts_guess_bRFlSv_template_4-23_7-20.xyz,56,38,18,r1_C17H18N2O.xyz,r0_C6H12.xyz,2.104072841253363,2.6897848958234563
5514,TS_ts_guess_pl-7XY_template_1-20_3-6.xyz,50,14,36,r0_C5H8O.xyz,r1_C19H15NO.xyz,2.165390936020561,2.475909999091243
5515,TS_ts_guess_op9J7S_template_1-14_3-6.xyz,50,14,36,r0_C5H8O.xyz,r1_C19H15NO.xyz,2.2480195744032123,2.2421998876772786
5516,TS_ts_guess_dhkyoY_template_4-24_6-12.xyz,42,16,26,r0_C6H4N2O4.xyz,r1_C10H12O4.xyz,1.9011030548079189,2.5578391071762114
5517,TS_ts_guess_alZkYP_template_4-23_6-12.xyz,42,16,26,r0_C6H4N2O4.xyz,r1_C10H12O4.xyz,1.8898400537611642,2.643892230197744
5518,TS_ts_guess_ggj8kg_template_3-18_4-9.xyz,55,23,32,r0_C9H14.xyz,r1_C13H15N3O.xyz,2.2000025429530754,2.4087478793763366
5519,TS_ts_guess_RxlvTB_template_3-19_4-9.xyz,55,23,32,r0_C9H14.xyz,r1_C13H15N3O.xyz,2.4519756867065383,2.1343352256381842
5520,TS_ts_guess_eR1WL7_template_5-6_16-23.xyz,55,23,32,r0_C9H14.xyz,r1_C13H15N3O.xyz,2.26426000214198,2.295746015590575
5521,TS_ts_guess_ivXHnL_template_5-6_15-23.xyz,55,23,32,r0_C9H14.xyz,r1_C13H15N3O.xyz,2.5239847004488754,2.1605607459407383
5522,TS_ts_guess_biCAa8_template_4-7_8-16.xyz,55,32,23,r1_C13H15N3O.xyz,r0_C9H14.xyz,2.108976953548805,2.4611364703933023
5523,TS_ts_guess_31EOQC_template_4-18_9-17.xyz,55,32,23,r1_C13H15N3O.xyz,r0_C9H14.xyz,2.8663155095174013,2.045932802171176
5524,TS_ts_guess_w_kV8T_template_3-4_12-21.xyz,51,23,28,r0_C9H14.xyz,r1_C12H11NO4.xyz,2.1438601643763993,2.691142244289588
5525,TS_ts_guess_dnRfxd_template_3-17_4-9.xyz,51,23,28,r0_C9H14.xyz,r1_C12H11NO4.xyz,2.5934641669782135,2.0910075372652295
5526,TS_ts_guess_lRTliP_template_5-6_14-23.xyz,51,23,28,r0_C9H14.xyz,r1_C12H11NO4.xyz,2.115961815345447,2.598813588716975
5527,TS_ts_guess_K_k4ru_template_4-9_10-18.xyz,51,28,23,r1_C12H11NO4.xyz,r0_C9H14.xyz,2.314540830359231,2.2721372085769818
5528,TS_ts_guess_KFBt_3_template_5-17_6-9.xyz,51,23,28,r0_C9H14.xyz,r1_C12H11NO4.xyz,2.672285876997444,2.171474834139231
5529,TS_ts_guess_jqSSL1_template_4-18_10-17.xyz,51,28,23,r1_C12H11NO4.xyz,r0_C9H14.xyz,2.9722531645369648,2.210770297905235
5530,TS_ts_guess_UYnmH1_template_4-23_7-20.xyz,56,38,18,r1_C17H18N2O.xyz,r0_C6H12.xyz,2.2356335015829405,2.535077939788045
5531,TS_Ikkmqo_hl_ad_4-6_7-15.xyz,54,31,23,r1_C9H15N3O4.xyz,r0_C9H14.xyz,2.4175302202868116,2.9146127819832257
5532,TS_ts_guess_WE7eG2_template_5-6_16-22.xyz,54,23,31,r0_C9H14.xyz,r1_C9H15N3O4.xyz,2.6939886534653406,2.458483360997182
5533,TS_ts_guess_Gprnk__template_3-16_4-9.xyz,54,23,31,r0_C9H14.xyz,r1_C9H15N3O4.xyz,2.557528402598884,2.5243336187794196
5534,TS_ts_guess_pW66hL_template_5-6_13-22.xyz,54,23,31,r0_C9H14.xyz,r1_C9H15N3O4.xyz,2.434290865899143,2.5703486815994436
5535,TS_ts_guess_-CPvw0_template_4-9_10-18.xyz,54,31,23,r1_C9H15N3O4.xyz,r0_C9H14.xyz,2.398251162263869,2.6760755828077802
5537,TS_ts_guess_iZNWQP_template_4-22_10-19.xyz,48,34,14,r1_C10H15N3O6.xyz,r0_C5H8O.xyz,2.2650426653376754,2.3187922884984764
5538,TS_ts_guess_i91ghF_template_4-22_10-19.xyz,48,34,14,r1_C10H15N3O6.xyz,r0_C5H8O.xyz,2.1956201080332636,2.393071712130667
5539,TS_ts_guess_YQ7R4V_template_4-23_12-20.xyz,55,37,18,r1_C17H17NO2.xyz,r0_C6H12.xyz,2.643735261027473,2.4392153732296786
5540,TS_ts_guess_4frgDz_template_4-17_7-16.xyz,51,28,23,r1_C8H12N2O6.xyz,r0_C9H14.xyz,2.4343249228687616,2.197341523136538
5541,TS_ts_guess_JQy-GS_template_4-5_6-14.xyz,51,28,23,r1_C8H12N2O6.xyz,r0_C9H14.xyz,2.128016072425206,3.0660513723843574
5542,TS_ts_guess_JKJYHl_template_5-6_13-22.xyz,51,23,28,r0_C9H14.xyz,r1_C8H12N2O6.xyz,2.048402602492977,2.499281363012176
5543,TS_ts_guess_-URn2x_template_5-16_6-9.xyz,51,23,28,r0_C9H14.xyz,r1_C8H12N2O6.xyz,2.523398483216632,2.1396332374030838
5544,TS_ts_guess_WnqtyF_template_3-20_4-9.xyz,51,23,28,r0_C9H14.xyz,r1_C8H12N2O6.xyz,2.0259378265632932,2.621212909875884
5545,TS_ts_guess_p20DKN_template_3-16_4-9.xyz,51,23,28,r0_C9H14.xyz,r1_C8H12N2O6.xyz,2.5375997565021953,2.1287608349694898
5546,TS_ts_guess_vrka_Z_template_5-18_9-10.xyz,48,20,28,r0_C7H10N2O.xyz,r1_C15H11NO.xyz,2.6057783098721194,2.231557418956546
5547,TS_ts_guess_nSCfUe_template_8-9_17-26.xyz,48,20,28,r0_C7H10N2O.xyz,r1_C15H11NO.xyz,2.3748993798474913,2.8312050647030147
5548,TS_ts_guess_zgoSxs_template_5-9_17-26.xyz,48,20,28,r0_C7H10N2O.xyz,r1_C15H11NO.xyz,2.269292323192409,2.6817353313666135
5549,TS_ts_guess_ZG8rpg_template_8-18_9-10.xyz,48,20,28,r0_C7H10N2O.xyz,r1_C15H11NO.xyz,2.5561799666494536,2.344084691132127
5550,TS_ts_guess_hpe0kg_template_4-24_7-12.xyz,45,19,26,r0_C7H7N3O2.xyz,r1_C10H12O4.xyz,2.093154619754594,2.435287876227367
5551,TS_ts_guess_v9TtID_template_4-23_7-12.xyz,45,19,26,r0_C7H7N3O2.xyz,r1_C10H12O4.xyz,2.0432358987645065,2.6041447221880736
5552,TS_ts_guess_LHF0Az_template_3-19_4-9.xyz,52,23,29,r0_C9H14.xyz,r1_C11H12N2O4.xyz,2.309142549324316,2.3542079649427747
5553,TS_ts_guess_U0gfcY_template_4-9_10-18.xyz,52,29,23,r1_C11H12N2O4.xyz,r0_C9H14.xyz,2.4620354534612208,2.9030555317802653
5554,TS_ts_guess_hrRQo3_template_5-6_14-23.xyz,52,23,29,r0_C9H14.xyz,r1_C11H12N2O4.xyz,2.4337896511818764,2.3805417115858316
5555,TS_ts_guess_ATA8im_template_5-6_16-23.xyz,52,23,29,r0_C9H14.xyz,r1_C11H12N2O4.xyz,2.4319872428941727,2.360270031119321
5556,TS_ts_guess_4Y3zsb_template_4-18_10-17.xyz,52,29,23,r1_C11H12N2O4.xyz,r0_C9H14.xyz,2.7626037742861356,2.3549000039492123
5557,TS_ts_guess_c74u8V_template_3-17_4-9.xyz,52,23,29,r0_C9H14.xyz,r1_C11H12N2O4.xyz,2.51550599826357,2.5798601509577996
5558,TS_ts_guess_pc9tTN_template_4-24_6-12.xyz,44,18,26,r0_C6H6N2O4.xyz,r1_C10H12O4.xyz,2.333577492585151,2.693612461528198
5560,TS_ts_guess_EvcYFI_template_4-23_9-20.xyz,54,36,18,r1_C14H16N4O2.xyz,r0_C6H12.xyz,2.6532402015083365,2.3078381957581
5561,TS_ts_guess_phN_7f_template_4-23_12-20.xyz,50,36,14,r1_C14H16N2O4.xyz,r0_C5H8O.xyz,2.163413319317416,2.3638748673100274
5562,TS_ts_guess_yY8l4s_template_4-23_12-20.xyz,50,36,14,r1_C14H16N2O4.xyz,r0_C5H8O.xyz,2.327649881833606,2.2121488616049327
5563,TS_ts_guess_nuc9U0_template_4-23_12-19.xyz,43,33,10,r0_C15H14N2O2.xyz,r1_C4H2O4.xyz,2.407148075295743,2.3529605970776477
5564,TS_ts_guess_lY6wLg_template_3-18_9-17.xyz,57,34,23,r1_C14H17NO2.xyz,r0_C9H14.xyz,3.0340309313189278,2.2685881125052205
5565,TS_ts_guess_o5W-MG_template_3-7_8-16.xyz,57,34,23,r1_C14H17NO2.xyz,r0_C9H14.xyz,2.137638901171103,2.4632377311579163
5566,TS_ts_guess_ahwqIr_template_3-18_4-9.xyz,57,23,34,r0_C9H14.xyz,r1_C14H17NO2.xyz,2.131233492229324,2.5598924636788944
5567,TS_ts_guess_5kat4o_template_3-19_4-9.xyz,57,23,34,r0_C9H14.xyz,r1_C14H17NO2.xyz,2.46605984373859,2.1364596886204055
5568,TS_ts_guess_OW6JK8_template_5-6_16-23.xyz,57,23,34,r0_C9H14.xyz,r1_C14H17NO2.xyz,1.9978597129178015,2.648734036667328
5569,TS_ts_guess_sYz_dv_template_5-6_15-23.xyz,57,23,34,r0_C9H14.xyz,r1_C14H17NO2.xyz,2.538618618225274,2.028088811344316
5570,TS_ts_guess_NIxE5b_template_4-22_10-16.xyz,47,27,20,r1_C9H11N3O4.xyz,r0_C7H10N2O.xyz,2.633820348486206,2.9465219368944124
5571,TS_ts_guess_DphbCg_template_4-17_10-16.xyz,47,27,20,r1_C9H11N3O4.xyz,r0_C7H10N2O.xyz,2.4864450734733716,3.092639712882831
5572,TS_ts_guess_6lQHqm_template_4-25_10-16.xyz,47,27,20,r1_C9H11N3O4.xyz,r0_C7H10N2O.xyz,2.5014017863989784,2.330882338965225
5573,TS_ts_guess_WLuH5I_template_4-25_10-16.xyz,47,27,20,r1_C9H11N3O4.xyz,r0_C7H10N2O.xyz,2.736022907689188,2.375035039762572
5574,TS_ts_guess_bvwO9B_template_4-26_12-17.xyz,45,25,20,r1_C12H8N2O3.xyz,r0_C7H10N2O.xyz,2.500018141254179,2.4077705776506204
5575,TS_ts_guess_KmwFbA_template_4-23_12-17.xyz,45,25,20,r1_C12H8N2O3.xyz,r0_C7H10N2O.xyz,2.302765073145761,2.7216467649935767
5576,TS_ts_guess_lymEH__template_4-18_12-17.xyz,45,25,20,r1_C12H8N2O3.xyz,r0_C7H10N2O.xyz,2.3945560042312644,3.073198010102831
5577,TS_ts_guess_a6Nk16_template_4-26_12-17.xyz,45,25,20,r1_C12H8N2O3.xyz,r0_C7H10N2O.xyz,2.4400225371090323,2.347813793830337
5578,TS_ts_guess_gmTe1-_template_3-24_12-21.xyz,51,37,14,r0_C18H16N2O.xyz,r1_C5H8O.xyz,2.2029233085606954,2.468169027072498
5579,TS_ts_guess_jGCD2d_template_3-10_13-16.xyz,51,37,14,r0_C18H16N2O.xyz,r1_C5H8O.xyz,2.3518796272556126,2.1704155889829027
5580,TS_ts_guess_SHlMAR_template_4-23_6-12.xyz,47,21,26,r0_C7H9N3O2.xyz,r1_C10H12O4.xyz,1.9191428374928219,3.0765651853162486
5581,TS_ts_guess__yiv4f_template_4-24_6-12.xyz,47,21,26,r0_C7H9N3O2.xyz,r1_C10H12O4.xyz,2.0849734456102795,2.6131548259718556
5582,TS_ts_guess_gqisfS_template_4-22_10-19.xyz,53,35,18,r1_C11H16N2O6.xyz,r0_C6H12.xyz,2.7645581168425455,2.3816261793362954
5583,TS_ts_guess_FpmTKc_template_4-18_6-17.xyz,52,29,23,r1_C12H12O5.xyz,r0_C9H14.xyz,2.96933789976823,2.4396233803806684
5584,TS_ts_guess_JQuquv_template_4-5_6-14.xyz,52,29,23,r1_C12H12O5.xyz,r0_C9H14.xyz,2.4908237772672717,3.042061830831188
5585,TS_ts_guess_xKF5wP_template_5-6_12-23.xyz,52,23,29,r0_C9H14.xyz,r1_C12H12O5.xyz,2.371750599325317,2.595379448346619
5586,TS_ts_guess_Qu-YYu_template_5-6_18-23.xyz,52,23,29,r0_C9H14.xyz,r1_C12H12O5.xyz,2.6646216031549397,2.4642079417330023
5587,TS_MGBlWE_hl_ad_3-15_4-9.xyz,52,23,29,r0_C9H14.xyz,r1_C12H12O5.xyz,2.468721633983872,2.6064968803549333
5588,TS_ts_guess_EiZhcw_template_3-4_10-21.xyz,52,23,29,r0_C9H14.xyz,r1_C12H12O5.xyz,2.5387456341469106,2.5532896681340334
5589,TS_ts_guess_2M62tY_template_3-10_11-19.xyz,55,32,23,r1_C15H14N2O.xyz,r0_C9H14.xyz,2.075568284446455,2.471899641025096
5590,TS_ts_guess_jUfTd-_template_3-19_11-18.xyz,55,32,23,r1_C15H14N2O.xyz,r0_C9H14.xyz,2.663272715851683,1.9506015467285986
5591,TS_ts_guess_rsWZYH_template_3-17_4-9.xyz,55,23,32,r0_C9H14.xyz,r1_C15H14N2O.xyz,2.154602407522093,2.0688260182528637
5592,TS_ts_guess_9FNDli_template_3-20_4-9.xyz,55,23,32,r0_C9H14.xyz,r1_C15H14N2O.xyz,2.0185191646600735,2.1967726593801187
5593,TS_ts_guess_Os4Lru_template_5-6_14-24.xyz,55,23,32,r0_C9H14.xyz,r1_C15H14N2O.xyz,2.151061396380866,2.1591490645159266
5594,TS_ts_guess_AODkia_template_5-6_17-24.xyz,55,23,32,r0_C9H14.xyz,r1_C15H14N2O.xyz,2.2694236417866103,2.03491089163629
5595,TS_ts_guess__o8FwW_template_4-23_9-20.xyz,54,36,18,r1_C14H16N2O4.xyz,r0_C6H12.xyz,2.701408430152686,2.3773497732769573
5596,TS_ts_guess_5Uv7Wf_template_4-24_12-21.xyz,52,34,18,r1_C17H13NO3.xyz,r0_C6H12.xyz,2.591750515578226,2.4764176397570745
5597,TS_ts_guess_qohcT5_template_4-24_8-12.xyz,51,25,26,r0_C8H13N3O.xyz,r1_C10H12O4.xyz,2.3248835189316477,2.3308117390728924
5598,TS_ts_guess_8d4Z8z_template_4-23_8-12.xyz,51,25,26,r0_C8H13N3O.xyz,r1_C10H12O4.xyz,2.275804285719666,2.476342306164477
5599,TS_ts_guess_kPMfEv_template_4-23_10-19.xyz,41,31,10,r0_C13H12N2O4.xyz,r1_C4H2O4.xyz,2.2794701261038717,2.2716676975957553
5600,TS_ts_guess_8ufAaa_template_3-27_7-20.xyz,45,33,12,r0_C17H13NO2.xyz,r1_C6H4O2.xyz,2.2757133431739596,2.4350100580490426
5602,TS_ts_guess_O49wHQ_template_4-24_8-21.xyz,54,36,18,r1_C17H15N3O.xyz,r0_C6H12.xyz,2.3920023664494985,2.2531042339403653
5603,TS_ts_guess_GmUc3F_template_4-23_12-20.xyz,54,36,18,r1_C14H16N2O4.xyz,r0_C6H12.xyz,2.1709043516930913,2.5658919736808876
5604,TS_ts_guess_vNYVpe_template_4-9_11-13.xyz,52,40,12,r1_C15H18N2O5.xyz,r0_C4H8.xyz,2.3828879783363712,2.2445163503302887
5605,TS_ts_guess_R3FKnb_template_4-23_8-12.xyz,50,24,26,r0_C8H12N2O2.xyz,r1_C10H12O4.xyz,2.1699079833255603,2.331951966765182
5606,TS_ts_guess_3crlNf_template_4-24_8-12.xyz,50,24,26,r0_C8H12N2O2.xyz,r1_C10H12O4.xyz,2.3460275177414265,2.418554474143595
5607,TS_ts_guess_oPyDf4_template_4-22_10-18.xyz,42,32,10,r0_C10H14N2O6.xyz,r1_C4H2O4.xyz,2.3876843471028577,2.1985256051044755
5608,TS_ts_guess_rR1s2u_template_4-8_12-16.xyz,43,33,10,r0_C11H15NO6.xyz,r1_C4H2O4.xyz,2.1905472883962127,2.5607433989761645
5609,TS_ts_guess_BgvzBc_template_4-23_10-12.xyz,49,23,26,r0_C7H11N3O2.xyz,r1_C10H12O4.xyz,2.8155772358257196,2.0652067553153124
5610,TS_ts_guess_Dohqjy_template_4-24_10-12.xyz,49,23,26,r0_C7H11N3O2.xyz,r1_C10H12O4.xyz,2.68437557005349,2.095783192866094
5611,TS_ts_guess_J-4ABO_template_4-25_8-13.xyz,43,17,26,r0_C7H4N4O2.xyz,r1_C10H12O4.xyz,2.1943280871601676,2.154566685809469
5612,TS_ts_guess_81kBJB_template_4-24_8-13.xyz,43,17,26,r0_C7H4N4O2.xyz,r1_C10H12O4.xyz,2.037247114024217,2.4181517074410364
5613,TS_ts_guess_sTNmSh_template_4-23_9-20.xyz,53,35,18,r1_C14H15NO5.xyz,r0_C6H12.xyz,2.7124069169097766,2.3718093155648075
5614,TS_ts_guess_GzuhNp_template_4-22_12-21.xyz,49,36,13,r0_C14H15NO6.xyz,r1_C2H8N3.xyz,2.620178539412916,1.8163273584076194
5616,TS_bLez9p_ll_ad_4-25_10-16.xyz,51,31,20,r1_C9H15N3O4.xyz,r0_C7H10N2O.xyz,2.6118589285985565,2.1982164714376973
5617,TS_SLYCpo_ll_ad_4-17_10-16.xyz,51,31,20,r1_C9H15N3O4.xyz,r0_C7H10N2O.xyz,2.2695346055524244,2.3476426190755695
5618,TS_WPC7de_hl_ad_4-25_10-16.xyz,51,31,20,r1_C9H15N3O4.xyz,r0_C7H10N2O.xyz,2.423214712257253,2.3194039825351687
5619,TS_khMaJd_ll_ad_4-22_10-16.xyz,51,31,20,r1_C9H15N3O4.xyz,r0_C7H10N2O.xyz,2.2613861354045666,2.1841573835463417
5620,TS_ts_guess_ZH32JV_template_4-24_6-13.xyz,49,23,26,r0_C10H10N2O.xyz,r1_C10H12O4.xyz,2.3671774674916115,2.289506843536398
5621,TS_ts_guess_CbkTYN_template_4-25_6-13.xyz,49,23,26,r0_C10H10N2O.xyz,r1_C10H12O4.xyz,2.512464599153588,2.211476407335154
5622,TS_ts_guess_gOWUjg_template_4-24_10-12.xyz,50,24,26,r1_C7H12N2O3.xyz,r0_C10H12O4.xyz,2.7949725500977647,1.993301222896329
5623,TS_ts_guess_Gt5nf5_template_4-23_10-12.xyz,50,24,26,r1_C7H12N2O3.xyz,r0_C10H12O4.xyz,2.604868599008403,2.0357815128593737
5624,TS_ts_guess_ZayK_E_template_4-23_12-19.xyz,45,35,10,r0_C14H16N2O3.xyz,r1_C4H2O4.xyz,2.141152120728464,2.448724887140244
5625,TS_ts_guess_VqozL2_template_3-24_7-20.xyz,43,33,10,r0_C17H13NO2.xyz,r1_C4H2O4.xyz,2.511109657721064,2.388050174891642
5626,TS_ts_guess_AX8BpB_template_4-24_6-12.xyz,48,22,26,r0_C7H10O5.xyz,r1_C10H12O4.xyz,2.530734255922577,2.5598659451424406
5627,TS_ts_guess_7nWAej_template_4-23_6-12.xyz,48,22,26,r0_C7H10O5.xyz,r1_C10H12O4.xyz,2.5559682222007383,2.422763704573766
5628,TS_Lamfuz_ll_ad_4-22_11-16.xyz,51,31,20,r1_C10H15NO5.xyz,r0_C7H10N2O.xyz,2.53131861747983,2.1362361265084906
5629,TS_uXwr7x_ll_ad_4-9_18-19.xyz,51,31,20,r1_C10H15NO5.xyz,r0_C7H10N2O.xyz,2.2231086319161286,2.543635257402287
5630,TS_ts_guess_NWGOls_template_4-9_15-19.xyz,51,31,20,r1_C10H15NO5.xyz,r0_C7H10N2O.xyz,3.4265444148587947,1.9929608520490312
5631,TS_phfWUc_ll_ad_4-9_10-19.xyz,51,31,20,r1_C10H15NO5.xyz,r0_C7H10N2O.xyz,3.4168604128497844,1.9773153882474086
5632,TS_ts_guess_DLp3Ph_template_4-19_8-18.xyz,53,30,23,r1_C13H12N2O3.xyz,r0_C9H14.xyz,2.90185460967637,2.508889799851719
5633,TS_ts_guess_GOAabO_template_5-6_17-24.xyz,53,23,30,r0_C9H14.xyz,r1_C13H12N2O3.xyz,2.6183646852568114,2.4038337642399483
5634,TS_ts_guess__CrHK2_template_3-17_4-9.xyz,53,23,30,r0_C9H14.xyz,r1_C13H12N2O3.xyz,2.3395899342619852,2.765047390805445
5635,TS_ts_guess_Eqk75L_template_3-20_4-9.xyz,53,23,30,r0_C9H14.xyz,r1_C13H12N2O3.xyz,2.347058316339839,2.541137664373971
5636,TS_ts_guess_vuUhLZ_template_5-6_14-24.xyz,53,23,30,r0_C9H14.xyz,r1_C13H12N2O3.xyz,2.6314679694991536,2.3747177850220433
5637,TS_ts_guess_-HM1mn_template_4-7_8-16.xyz,53,30,23,r1_C13H12N2O3.xyz,r0_C9H14.xyz,2.3676842645927265,2.977997000166387
5638,TS_ts_guess_xpDbRV_template_2-22_11-14.xyz,47,26,21,r0_C10H12O4.xyz,r1_C10H8O3.xyz,2.143333204007254,2.6050299813629785
5639,TS_ts_guess_aiazZQ_template_8-10_18-23.xyz,47,26,21,r0_C10H12O4.xyz,r1_C10H8O3.xyz,2.5464591632500215,2.18595176865822
5640,TS_ts_guess_MnA7xL_template_2-24_11-14.xyz,47,26,21,r0_C10H12O4.xyz,r1_C10H8O3.xyz,2.479760787757561,2.1094435783163292
5641,TS_ts_guess_4Y3bGn_template_8-10_20-23.xyz,47,26,21,r0_C10H12O4.xyz,r1_C10H8O3.xyz,2.2818529739884648,2.3367912223602687
5642,TS_ts_guess_HDZqeL_template_8-10_20-23.xyz,51,26,25,r1_C10H12O4.xyz,r0_C11H12N2.xyz,2.2938190625243307,2.1942959766175574
5643,TS_ts_guess_TIk2DC_template_2-24_11-14.xyz,51,26,25,r1_C10H12O4.xyz,r0_C11H12N2.xyz,2.014179202280671,2.774842528486977
5644,TS_ts_guess_MbARvl_template_4-23_10-12.xyz,51,25,26,r1_C8H13NO3.xyz,r0_C10H12O4.xyz,2.758663394091421,1.949742395830793
5646,TS_ts_guess_z-fUXY_template_8-18_9-10.xyz,48,20,28,r0_C7H10N2O.xyz,r1_C15H10O3.xyz,2.141726184389592,2.706840010362637
5647,TS_ts_guess_fOcR04_template_5-20_9-10.xyz,48,20,28,r0_C7H10N2O.xyz,r1_C15H10O3.xyz,2.4932318239987232,2.0345226272764823
5648,TS_ts_guess_al3h81_template_5-18_9-10.xyz,48,20,28,r0_C7H10N2O.xyz,r1_C15H10O3.xyz,2.0475131674546074,2.649236968827062
5649,TS_ts_guess_ZnE5Xx_template_8-20_9-10.xyz,48,20,28,r0_C7H10N2O.xyz,r1_C15H10O3.xyz,2.3270111433553557,2.191215196141173
5650,TS_ts_guess_RazWib_template_4-25_6-13.xyz,49,23,26,r0_C9H10N2O2.xyz,r1_C10H12O4.xyz,2.22466896631836,2.354320090599407
5651,TS_ts_guess_CGXfPt_template_4-24_6-13.xyz,49,23,26,r0_C9H10N2O2.xyz,r1_C10H12O4.xyz,2.3264529243034344,2.2232542896843808
5652,TS_ts_guess_B7XUlu_template_8-10_19-23.xyz,51,26,25,r1_C10H12O4.xyz,r0_C10H12N2O.xyz,2.1525813832234078,2.1908835372972244
5653,TS_ts_guess_vk3uak_template_2-23_11-14.xyz,51,26,25,r1_C10H12O4.xyz,r0_C10H12N2O.xyz,1.9389532859509535,2.521556607217058
5654,TS_ts_guess_kG_0Sn_template_3-26_11-24.xyz,55,43,12,r1_C22H19NO.xyz,r0_C4H8.xyz,2.411707621188771,2.278942170964415
5655,TS_ts_guess_tTMf_O_template_4-9_13-17.xyz,47,37,10,r0_C14H18N2O3.xyz,r1_C4H2O4.xyz,2.566110772141374,2.225365585718446
5656,TS_ts_guess_FVxoyf_template_4-9_12-15.xyz,52,38,14,r1_C11H18N4O5.xyz,r0_C5H8O.xyz,2.278168003725801,2.3623276954309285
5657,TS_ts_guess__u4dLs_template_4-9_12-15.xyz,52,38,14,r1_C11H18N4O5.xyz,r0_C5H8O.xyz,2.350798310064051,2.294051657090572
5658,TS_ts_guess_ajkNgF_template_8-10_21-23.xyz,50,26,24,r0_C10H12O4.xyz,r1_C10H11NO2.xyz,2.6429711039661408,2.244560976538619
5659,TS_ts_guess_5Dpb-R_template_2-25_11-14.xyz,50,26,24,r0_C10H12O4.xyz,r1_C10H11NO2.xyz,2.139452183644215,2.4941085372934353
5660,TS_ts_guess_BJGCu2_template_2-23_11-14.xyz,52,26,26,r1_C10H12O4.xyz,r0_C11H13NO.xyz,2.0155457939972488,2.902271574370669
5661,TS_gUjgCz_hl_ad_8-10_19-23.xyz,52,26,26,r1_C10H12O4.xyz,r0_C11H13NO.xyz,2.9153202814613697,1.9743180749058649
5662,TS_-HLU4C_hl_ad_4-26_10-17.xyz,49,29,20,r1_C12H12O5.xyz,r0_C7H10N2O.xyz,2.870085840893962,2.337342769920578
5663,TS_ts_guess_5n242J_template_4-18_10-17.xyz,49,29,20,r1_C12H12O5.xyz,r0_C7H10N2O.xyz,2.392170827616623,2.289915172359011
5664,TS_ts_guess_KAZ1p-_template_4-23_10-17.xyz,49,29,20,r1_C12H12O5.xyz,r0_C7H10N2O.xyz,2.3416746508855577,2.176576937624765
5665,TS_ts_guess_tGIwEs_template_4-26_10-17.xyz,49,29,20,r1_C12H12O5.xyz,r0_C7H10N2O.xyz,2.765980441109445,2.2041068394476704
5666,TS_ts_guess_f7eDAc_template_4-8_9-18.xyz,51,31,20,r1_C12H14N2O3.xyz,r0_C7H10N2O.xyz,2.6286596755380867,1.9842670971671128
5667,TS_ts_guess_APg-q6_template_4-8_17-18.xyz,51,31,20,r1_C12H14N2O3.xyz,r0_C7H10N2O.xyz,2.119169147024371,2.270285450466526
5668,TS_ts_guess_Gl1pNu_template_4-8_14-18.xyz,51,31,20,r1_C12H14N2O3.xyz,r0_C7H10N2O.xyz,2.5056210791937397,1.8415130779063176
5669,TS_ts_guess_5G-rFJ_template_4-23_10-17.xyz,51,31,20,r1_C12H14N2O3.xyz,r0_C7H10N2O.xyz,2.4172361017285837,1.7900607767335721
5670,TS_ts_guess_XhLSgM_template_4-5_6-15.xyz,52,32,20,r1_C13H15NO3.xyz,r0_C7H10N2O.xyz,2.403584178867052,2.247932414486699
5671,TS_ts_guess_1QpNHz_template_4-23_7-17.xyz,52,32,20,r1_C13H15NO3.xyz,r0_C7H10N2O.xyz,1.9200054432474924,2.946062186597561
5672,TS_ts_guess_Uz-h8a_template_4-5_14-15.xyz,52,32,20,r1_C13H15NO3.xyz,r0_C7H10N2O.xyz,2.1339719802518493,3.0222951124104345
5673,TS_ts_guess_ZEw3uK_template_4-5_11-15.xyz,52,32,20,r1_C13H15NO3.xyz,r0_C7H10N2O.xyz,1.904814200125566,2.751625682065059
5675,TS_ts_guess_RmISEy_template_4-24_10-21.xyz,52,38,14,r1_C14H17N3O4.xyz,r0_C5H8O.xyz,2.55436060964383,2.378989587471959
5676,TS_ts_guess_QjpvTx_template_4-24_12-21.xyz,52,38,14,r1_C14H17N3O4.xyz,r0_C5H8O.xyz,2.442727396456674,2.4698575623707537
5677,TS_ts_guess_ZNjxBs_template_4-24_6-13.xyz,46,20,26,r0_C6H7N3O4.xyz,r1_C10H12O4.xyz,1.98421241143684,2.4778885759654328
5678,TS_ts_guess_fwSmkn_template_4-25_6-13.xyz,46,20,26,r0_C6H7N3O4.xyz,r1_C10H12O4.xyz,1.9745101303614527,2.2536615982440664
5679,TS_ts_guess_j5FDV0_template_4-24_6-13.xyz,45,19,26,r0_C7H6O6.xyz,r1_C10H12O4.xyz,2.583802395888664,2.084630969188552
5680,TS_ts_guess_J4JbB6_template_4-25_6-13.xyz,45,19,26,r0_C7H6O6.xyz,r1_C10H12O4.xyz,2.466114170958028,2.19542461164122
5681,TS_ts_guess_X-wDC7_template_4-25_8-13.xyz,46,20,26,r0_C7H7NO5.xyz,r1_C10H12O4.xyz,2.129340274732998,2.441469288318
5682,TS_ts_guess_t6xoNf_template_4-24_8-13.xyz,46,20,26,r0_C7H7NO5.xyz,r1_C10H12O4.xyz,2.068687431053807,2.6945945952777386
5683,TS_ts_guess_ZH0vCW_template_4-24_8-13.xyz,50,24,26,r0_C8H11N3O2.xyz,r1_C10H12O4.xyz,2.1880547046634824,2.247914423504596
5684,TS_ts_guess_BHsuVR_template_4-25_8-13.xyz,50,24,26,r0_C8H11N3O2.xyz,r1_C10H12O4.xyz,2.3999959768507946,2.1972373094638638
5685,TS_ts_guess_zR02tm_template_4-11_15-19.xyz,46,36,10,r0_C16H16N2O2.xyz,r1_C4H2O4.xyz,2.3164642305677847,2.090318031018247
5686,TS_ts_guess_qtzaU2_template_4-24_9-13.xyz,49,23,26,r0_C8H10N2O3.xyz,r1_C10H12O4.xyz,2.1260738574659164,2.391911704327733
5687,TS_ts_guess_yhlumh_template_4-25_9-13.xyz,49,23,26,r0_C8H10N2O3.xyz,r1_C10H12O4.xyz,2.102466456189016,2.418905868156097
5688,TS_ts_guess_YBF6-E_template_8-10_19-23.xyz,51,26,25,r1_C10H12O4.xyz,r0_C9H12N2O2.xyz,2.359648196108903,2.22393244369068
5689,TS_ts_guess_o0PEeE_template_2-23_11-14.xyz,51,26,25,r1_C10H12O4.xyz,r0_C9H12N2O2.xyz,2.0440375289607577,2.519386809007303
5690,TS_ts_guess_MTpQBI_template_4-24_7-13.xyz,49,23,26,r0_C7H10N4O2.xyz,r1_C10H12O4.xyz,1.8866466873529872,2.538399364678458
5691,TS_ts_guess_xG3Z1A_template_4-25_7-13.xyz,49,23,26,r0_C7H10N4O2.xyz,r1_C10H12O4.xyz,1.9507010775872349,2.334397974832055
5692,TS_ts_guess_24Cg4T_template_3-16_4-9.xyz,57,23,34,r0_C9H14.xyz,r1_C13H16N2O3.xyz,2.533905607673656,2.5248790210423944
5693,TS_ts_guess_uAcWZT_template_5-6_13-24.xyz,57,23,34,r0_C9H14.xyz,r1_C13H16N2O3.xyz,2.5492590203625842,2.4938182377230302
5694,TS_ts_guess_DJrWgn_template_5-6_18-24.xyz,57,23,34,r0_C9H14.xyz,r1_C13H16N2O3.xyz,2.6859062692878917,2.4679077293934633
5695,TS_ts_guess_uyz6eW_template_4-6_7-15.xyz,57,34,23,r1_C13H16N2O3.xyz,r0_C9H14.xyz,2.371665604970482,3.0594829031063404
5696,TS_ts_guess_v00G49_template_3-21_4-9.xyz,57,23,34,r0_C9H14.xyz,r1_C13H16N2O3.xyz,2.479091417152663,2.552324053132752
5697,TS_ts_guess_ywwtTE_template_4-11_12-20.xyz,57,34,23,r1_C13H16N2O3.xyz,r0_C9H14.xyz,2.3684892811452616,2.629275871566162
5698,TS_ts_guess__CylA2_template_4-24_13-21.xyz,53,39,14,r1_C15H18N2O4.xyz,r0_C5H8O.xyz,2.2074493562027646,2.434217752502845
5699,TS_ts_guess_H2zIdv_template_4-11_14-17.xyz,53,39,14,r1_C15H18N2O4.xyz,r0_C5H8O.xyz,2.388425665433195,2.2507962860729975
5700,TS_ts_guess_K5eo2d_template_4-25_7-13.xyz,50,24,26,r0_C8H11N3O2.xyz,r1_C10H12O4.xyz,2.1009045138463573,2.644178686303178
5701,TS_ts_guess_5mXM97_template_4-24_7-13.xyz,50,24,26,r0_C8H11N3O2.xyz,r1_C10H12O4.xyz,2.0078277781224165,2.859605159265873
5702,TS_ts_guess_92vJOl_template_4-24_10-21.xyz,55,37,18,r1_C14H16N2O5.xyz,r0_C6H12.xyz,2.6602303252538113,2.4596303942869144
5703,TS_ts_guess_IsSb8J_template_5-15_6-9.xyz,58,23,35,r0_C9H14.xyz,r1_C16H16N2O.xyz,2.5832840765390093,1.970100347241226
5704,TS_ts_guess_pgmB_1_template_3-4_5-13.xyz,58,35,23,r1_C16H16N2O.xyz,r0_C9H14.xyz,1.9023468883723598,3.0541375240483197
5705,TS_ts_guess_qdx-70_template_3-15_4-9.xyz,58,23,35,r0_C9H14.xyz,r1_C16H16N2O.xyz,2.540015935166549,1.982704573177759
5706,TS_ts_guess_852ufr_template_3-24_4-9.xyz,58,23,35,r0_C9H14.xyz,r1_C16H16N2O.xyz,1.913020515650577,2.697678385464064
5707,TS_ts_guess_IHNoEv_template_5-6_12-25.xyz,58,23,35,r0_C9H14.xyz,r1_C16H16N2O.xyz,2.1139874499627473,2.314652769725947
5708,TS_ts_guess_O39b9j_template_3-20_6-19.xyz,58,35,23,r1_C16H16N2O.xyz,r0_C9H14.xyz,2.3451916694803434,2.1162670984778837
5709,TS_ts_guess_SMLbSy_template_4-23_10-19.xyz,44,34,10,r0_C10H15N3O6.xyz,r1_C4H2O4.xyz,2.278519457476719,2.3084435295020755
5710,TS_ts_guess_w_N8rd_template_4-24_12-21.xyz,55,37,18,r1_C14H16N2O5.xyz,r0_C6H12.xyz,2.2154263858002596,2.5337586223040267
5711,TS_ts_guess_mS4x73_template_4-23_10-19.xyz,42,32,10,r0_C10H13NO8.xyz,r1_C4H2O4.xyz,2.651611288971292,2.5007518995894014
5712,TS_ts_guess_3ZVPvv_template_4-24_10-21.xyz,56,38,18,r1_C14H17N3O4.xyz,r0_C6H12.xyz,2.627164632127191,2.6242715115818336
5713,TS_ts_guess_-XtXh-_template_4-23_10-19.xyz,43,33,10,r0_C10H14N2O7.xyz,r1_C4H2O4.xyz,2.464819528728219,2.5257441039424404
5714,TS_ts_guess_Pq24nU_template_4-24_6-13.xyz,50,24,26,r0_C8H11NO4.xyz,r1_C10H12O4.xyz,2.1769440229137724,2.8853319522890257
5715,TS_YAgN0Z_hl_ad_4-25_6-13.xyz,50,24,26,r0_C8H11NO4.xyz,r1_C10H12O4.xyz,2.246340537140351,2.7508577198757482
5716,TS_ts_guess_tx6-GE_template_3-25_9-22.xyz,55,41,14,r0_C19H19NO2.xyz,r1_C5H8O.xyz,2.0998094466165256,2.616555438090315
5717,TS_ts_guess_eseQxm_template_3-7_10-13.xyz,55,41,14,r0_C19H19NO2.xyz,r1_C5H8O.xyz,2.2934666622604305,2.510796930816987
5718,TS_ts_guess_Px9jht_template_8-10_21-24.xyz,49,26,23,r1_C10H12O4.xyz,r0_C10H9N3O.xyz,2.688470370043159,1.79339941301429
5719,TS_ts_guess_BbAICg_template_2-25_11-14.xyz,49,26,23,r1_C10H12O4.xyz,r0_C10H9N3O.xyz,1.850974087473944,2.637972057717822
5720,TS_ts_guess_CS6539_template_4-24_9-20.xyz,45,35,10,r0_C14H15NO5.xyz,r1_C4H2O4.xyz,2.4964484370801654,2.491402826943086
5721,TS_ts_guess_8tDRKl_template_4-25_7-13.xyz,53,27,26,r0_C8H14N2O3.xyz,r1_C10H12O4.xyz,2.2020950445201044,2.205593730177885
5722,TS_ts_guess_jHlLjd_template_4-24_7-13.xyz,53,27,26,r0_C8H14N2O3.xyz,r1_C10H12O4.xyz,2.1834887849952427,2.5168878626788285
5723,TS_ts_guess_6w34rW_template_4-9_11-13.xyz,57,45,12,r1_C19H21N3O2.xyz,r0_C4H8.xyz,2.53012040468433,2.2380268286595673
5724,TS_ts_guess_1bmb71_template_3-10_14-18.xyz,47,37,10,r0_C18H16N2O.xyz,r1_C4H2O4.xyz,2.3800062355590583,2.2590835330505157
5725,TS_ts_guess_oc8Wtf_template_4-24_11-13.xyz,52,26,26,r1_C7H13N3O3.xyz,r0_C10H12O4.xyz,2.7656763168888725,1.89973353010363
5726,TS_ts_guess_IVt4lE_template_4-25_11-13.xyz,52,26,26,r1_C7H13N3O3.xyz,r0_C10H12O4.xyz,2.568375796062562,1.8459619905891886
5727,TS_ts_guess_2a3-0X_template_4-26_12-14.xyz,51,25,26,r0_C11H11NO2.xyz,r1_C10H12O4.xyz,2.812442266678554,2.1059457421548164
5728,TS_ts_guess_z7rlxw_template_4-25_12-14.xyz,51,25,26,r0_C11H11NO2.xyz,r1_C10H12O4.xyz,2.817395379583774,2.0802419516008226
5729,TS_ts_guess_aAzjoA_template_8-10_20-24.xyz,51,26,25,r0_C10H12O4.xyz,r1_C11H11NO2.xyz,1.9844746765076142,2.439227518436933
5730,TS_ts_guess_QH3eQW_template_2-24_11-14.xyz,51,26,25,r0_C10H12O4.xyz,r1_C11H11NO2.xyz,2.6809990216708397,1.8431511687596327
5731,TS_ts_guess_i8ot27_template_4-11_15-19.xyz,48,38,10,r0_C15H18N2O3.xyz,r1_C4H2O4.xyz,2.3192703303841062,2.187309497944907
5732,TS_ts_guess_DzqqaB_template_4-24_10-20.xyz,47,37,10,r0_C14H17N3O3.xyz,r1_C4H2O4.xyz,2.144826588281673,2.548146322172257
5733,TS_uvdrWO_hl_ad_4-24_10-20.xyz,46,36,10,r0_C14H16N2O4.xyz,r1_C4H2O4.xyz,2.4738234072989123,2.483315697570488
5734,TS_ts_guess_2PAWu7_template_8-20_9-10.xyz,52,20,32,r0_C7H10N2O.xyz,r1_C16H13NO2.xyz,2.2520103983996167,2.0703079141277514
5735,TS_ts_guess_LTrbtu_template_5-20_9-10.xyz,52,20,32,r0_C7H10N2O.xyz,r1_C16H13NO2.xyz,1.86251122984534,2.4205486008960864
5736,TS_ts_guess_x-NTxH_template_8-20_9-10.xyz,52,20,32,r0_C7H10N2O.xyz,r1_C16H13NO2.xyz,1.99278747677719,2.5804442971511707
5737,TS_ts_guess_vk5Pwv_template_5-20_9-10.xyz,52,20,32,r0_C7H10N2O.xyz,r1_C16H13NO2.xyz,2.6113854825360425,1.885871214903075
5738,TS_ts_guess_0DBQjw_template_4-27_7-18.xyz,54,34,20,r1_C13H16N2O3.xyz,r0_C7H10N2O.xyz,2.606705786735435,2.469927441221705
5739,TS_ts_guess_KrPxiG_template_4-27_7-18.xyz,54,34,20,r1_C13H16N2O3.xyz,r0_C7H10N2O.xyz,2.410826313818563,2.6098734227736027
5740,TS_ts_guess_5MHjv4_template_4-27_12-18.xyz,54,34,20,r1_C13H16N2O3.xyz,r0_C7H10N2O.xyz,2.499600001480237,2.439669153327967
5741,TS_ts_guess_pqOtal_template_4-27_12-18.xyz,54,34,20,r1_C13H16N2O3.xyz,r0_C7H10N2O.xyz,2.6603290116261937,2.423261353094214
5742,TS_ts_guess_QmhqRr_template_4-25_7-14.xyz,51,25,26,r0_C10H11NO3.xyz,r1_C10H12O4.xyz,2.4286067436495355,2.4411281500363717
5743,TS_41ZZ9D_ll_ad_4-26_7-14.xyz,51,25,26,r0_C10H11NO3.xyz,r1_C10H12O4.xyz,2.377558148395113,2.334196297015313
5744,TS_FNHCth_hl_ad_4-26_6-14.xyz,52,26,26,r0_C11H12O3.xyz,r1_C10H12O4.xyz,2.309800934149954,2.5568092882340676
5745,TS_ts_guess_Lo4ylE_template_4-25_6-14.xyz,52,26,26,r0_C11H12O3.xyz,r1_C10H12O4.xyz,2.359679991884493,2.3641977707670736
5746,TS_e-Znkm_ll_ad_4-8_17-18.xyz,55,35,20,r1_C14H17NO3.xyz,r0_C7H10N2O.xyz,2.2514900421942796,2.2132217542081047
5747,TS_0csoPT_ll_ad_4-8_9-18.xyz,55,35,20,r1_C14H17NO3.xyz,r0_C7H10N2O.xyz,2.8601991063036154,2.041263787020188
5748,TS_ts_guess_e1SzHr_template_4-8_14-18.xyz,55,35,20,r1_C14H17NO3.xyz,r0_C7H10N2O.xyz,2.7957652914899707,2.070025109243847
5749,TS_ZxXJND_hl_ad_4-24_10-18.xyz,55,35,20,r1_C14H17NO3.xyz,r0_C7H10N2O.xyz,2.3251629164641345,2.1215011180058334
5750,TS_ts_guess_ZEw4mQ_template_4-28_6-19.xyz,52,32,20,r1_C16H13NO2.xyz,r0_C7H10N2O.xyz,1.957098845383135,2.9831452327199894
5751,TS_ts_guess_l9CYqz_template_4-20_6-19.xyz,52,32,20,r1_C16H13NO2.xyz,r0_C7H10N2O.xyz,2.091322902805781,2.9019717063748223
5752,TS_ts_guess_WTGjow_template_4-25_6-19.xyz,52,32,20,r1_C16H13NO2.xyz,r0_C7H10N2O.xyz,2.1064775643001754,2.5985582215721084
5753,TS_ts_guess_WxzLcy_template_4-28_6-19.xyz,52,32,20,r1_C16H13NO2.xyz,r0_C7H10N2O.xyz,2.2172404959543743,2.4799016638770177
5754,TS_ts_guess_j-6Nfv_template_4-27_12-25.xyz,55,43,12,r1_C22H18O3.xyz,r0_C4H8.xyz,2.4082085149131087,2.466249378165152
5755,TS_ts_guess_-KFMRQ_template_8-10_22-24.xyz,55,26,29,r1_C10H12O4.xyz,r0_C12H15NO.xyz,2.7810052968126473,2.02278674575448
5756,TS_ts_guess_YBQXSl_template_2-26_11-14.xyz,55,26,29,r1_C10H12O4.xyz,r0_C12H15NO.xyz,2.0447671618304124,2.807928589512205
5757,TS_ts_guess_UNBSWN_template_5-6_14-25.xyz,59,23,36,r0_C9H14.xyz,r1_C14H17NO4.xyz,2.665574434244897,2.2959890649129844
5758,TS_ts_guess_ils_Y2_template_5-6_19-25.xyz,59,23,36,r0_C9H14.xyz,r1_C14H17NO4.xyz,2.5351641698517278,2.3209637354771404
5759,TS_ts_guess_Je0NiW_template_3-17_4-9.xyz,59,23,36,r0_C9H14.xyz,r1_C14H17NO4.xyz,2.385345853078752,2.4620303287124634
5760,TS_ts_guess_-OwA3i_template_4-11_12-20.xyz,59,36,23,r1_C14H17NO4.xyz,r0_C9H14.xyz,2.244814783762794,2.72162900274817
5761,TS_eRPcPy_ll_ad_4-6_7-15.xyz,59,36,23,r1_C14H17NO4.xyz,r0_C9H14.xyz,2.1282862722152767,2.8774595636081495
5762,TS_ts_guess_m50N7g_template_3-22_4-9.xyz,59,23,36,r0_C9H14.xyz,r1_C14H17NO4.xyz,2.358397341310408,2.397874535458434
5763,TS_ts_guess_ETtry6_template_4-25_6-14.xyz,47,21,26,r0_C7H7NO6.xyz,r1_C10H12O4.xyz,2.4719636771603257,2.130473277490239
5764,TS_ts_guess_kFTOjy_template_4-26_6-14.xyz,47,21,26,r0_C7H7NO6.xyz,r1_C10H12O4.xyz,2.5442172669408563,2.156007773849621
5765,TS_ts_guess_ehww8u_template_2-24_11-14.xyz,49,26,23,r0_C10H12O4.xyz,r1_C11H8N2O2.xyz,2.3805648050200188,1.7436708304608415
5766,TS_ts_guess_EIXibc_template_8-10_20-25.xyz,49,26,23,r0_C10H12O4.xyz,r1_C11H8N2O2.xyz,1.9567260098439947,2.278907508983197
5767,TS_40TnYC_ll_ad_3-20_11-19.xyz,56,36,20,r0_C17H17NO.xyz,r1_C7H10N2O.xyz,2.3671132270975126,2.1197890870555964
5768,TS_08KGAg_ll_ad_3-25_11-19.xyz,56,36,20,r0_C17H17NO.xyz,r1_C7H10N2O.xyz,2.6156772416718392,1.9537137255493702
5769,TS__UvVc1_ll_ad_3-28_11-19.xyz,56,36,20,r0_C17H17NO.xyz,r1_C7H10N2O.xyz,2.60104713815417,2.0842210679771953
5770,TS_ts_guess_0VF8jf_template_3-28_11-19.xyz,56,36,20,r0_C17H17NO.xyz,r1_C7H10N2O.xyz,2.2149787977314817,2.3133917678378646
5771,TS_ts_guess_JW-Hqs_template_3-10_11-20.xyz,56,36,20,r0_C17H17NO.xyz,r1_C7H10N2O.xyz,2.9379504950730535,2.0217895768600647
5772,TS_ts_guess_1rV7Ws_template_3-25_12-19.xyz,56,36,20,r0_C17H17NO.xyz,r1_C7H10N2O.xyz,2.6660119738103205,1.980225172322582
5773,TS_Nhhtnd_ll_ad_3-10_16-20.xyz,56,36,20,r0_C17H17NO.xyz,r1_C7H10N2O.xyz,2.7226180622334817,1.9575743573361395
5774,TS_ts_guess_0oG-jw_template_3-10_19-20.xyz,56,36,20,r0_C17H17NO.xyz,r1_C7H10N2O.xyz,2.48147792907775,2.177387241351432
5775,TS_ts_guess_zjS89P_template_4-25_8-14.xyz,48,22,26,r0_C7H8N2O5.xyz,r1_C10H12O4.xyz,2.1036284339683187,2.594095672753802
5776,TS_ts_guess_JWROid_template_4-26_8-14.xyz,48,22,26,r0_C7H8N2O5.xyz,r1_C10H12O4.xyz,2.2018399063056333,2.530734444030033
5777,TS_ts_guess_fLLT7E_template_4-26_8-14.xyz,47,21,26,r0_C7H7NO6.xyz,r1_C10H12O4.xyz,2.192111512355154,2.4822255079464477
5778,TS_ts_guess__2jxJs_template_4-25_8-14.xyz,47,21,26,r0_C7H7NO6.xyz,r1_C10H12O4.xyz,2.077973829623463,2.621195724512002
5779,TS_ts_guess_vdOY0-_template_4-26_12-23.xyz,54,40,14,r1_C18H17NO4.xyz,r0_C5H8O.xyz,2.4547345152785875,2.4649557159105315
5780,TS_ts_guess_fn2QRZ_template_4-26_12-23.xyz,54,40,14,r1_C18H17NO4.xyz,r0_C5H8O.xyz,2.4099385249005834,2.496921421631045
5781,TS_ts_guess_UPujvj_template_4-27_10-18.xyz,52,32,20,r1_C10H14N2O6.xyz,r0_C7H10N2O.xyz,2.3588319177720147,2.3781656254769135
5782,TS_ts_guess_zQtw7l_template_4-24_10-18.xyz,52,32,20,r1_C10H14N2O6.xyz,r0_C7H10N2O.xyz,2.0900541592504247,3.897063085991809
5783,TS_ts_guess_Wnk4TI_template_4-19_10-18.xyz,52,32,20,r1_C10H14N2O6.xyz,r0_C7H10N2O.xyz,3.335466968102067,3.5610262552949536
5785,TS_ts_guess_G2F0Oj_template_4-28_10-21.xyz,50,38,12,r0_C14H17N3O4.xyz,r1_C6H4O2.xyz,2.150054263245465,2.425050139481656
5786,TS_ts_guess_f37Iq9_template_4-26_13-23.xyz,57,43,14,r1_C19H20N2O2.xyz,r0_C5H8O.xyz,2.171838841650089,2.3884674252122426
5787,TS_ts_guess_GCZtpo_template_4-11_14-17.xyz,57,43,14,r1_C19H20N2O2.xyz,r0_C5H8O.xyz,2.3918889419661604,2.345140070891289
5788,TS_ts_guess_h2Cuey_template_4-25_11-22.xyz,58,40,18,r1_C15H18N2O5.xyz,r0_C6H12.xyz,2.699439259698206,2.3455794662726737
5789,TS_ts_guess_YqBHha_template_4-25_6-14.xyz,49,23,26,r0_C7H9NO6.xyz,r1_C10H12O4.xyz,2.4117735487395993,2.4007421736204826
5790,TS_ts_guess_JZbo3E_template_4-26_6-14.xyz,49,23,26,r0_C7H9NO6.xyz,r1_C10H12O4.xyz,2.199901724191333,2.571697088966739
5792,TS_ts_guess_JRcrAJ_template_4-28_8-19.xyz,50,30,20,r1_C13H11NO5.xyz,r0_C7H10N2O.xyz,2.7081215821672413,2.3245948269967394
5793,TS_ts_guess_4pnEiH_template_4-28_12-19.xyz,50,30,20,r1_C13H11NO5.xyz,r0_C7H10N2O.xyz,2.3783399847372535,2.422244604246235
5794,TS_ts_guess_aVScdZ_template_4-20_8-19.xyz,50,30,20,r1_C13H11NO5.xyz,r0_C7H10N2O.xyz,2.450719974946138,2.372412187394931
5795,TS_Oc6LtV_ll_ad_5-17_9-10.xyz,53,20,33,r0_C7H10N2O.xyz,r1_C17H13N3.xyz,2.2078341576757983,2.67955483575164
5796,TS_ZwDxod_ll_ad_8-25_9-10.xyz,53,20,33,r0_C7H10N2O.xyz,r1_C17H13N3.xyz,2.1483133211196175,2.318664180039878
5797,TS_J32PRX_ll_ad_5-25_9-10.xyz,53,20,33,r0_C7H10N2O.xyz,r1_C17H13N3.xyz,2.165645697384501,2.1551630759643223
5798,TS_Ijp6-e_hl_ad_8-17_9-10.xyz,53,20,33,r0_C7H10N2O.xyz,r1_C17H13N3.xyz,2.1029372629015826,2.775643703539775
5800,TS_ts_guess_ECQjvE_template_4-25_7-14.xyz,53,27,26,r0_C9H13NO4.xyz,r1_C10H12O4.xyz,2.3102742236150235,2.575556654356491
5801,TS_ts_guess_fNunpO_template_4-9_13-17.xyz,50,40,10,r0_C15H19N3O3.xyz,r1_C4H2O4.xyz,2.3618494589410224,2.331566274009812
5802,TS_ts_guess_A_2Im6_template_4-29_12-22.xyz,51,39,12,r0_C18H17NO3.xyz,r1_C6H4O2.xyz,2.0631404462372407,2.4032767107846738
5803,TS_ts_guess_CuM9-b_template_4-25_12-21.xyz,46,36,10,r0_C14H15NO6.xyz,r1_C4H2O4.xyz,2.4247837060241064,2.4734246303859755
5805,TS_ts_guess_SjDWdU_template_4-28_12-19.xyz,54,34,20,r1_C14H15NO4.xyz,r0_C7H10N2O.xyz,2.3025905114240355,2.4883728810811294
5806,TS_ts_guess_t2qofp_template_4-25_12-19.xyz,54,34,20,r1_C14H15NO4.xyz,r0_C7H10N2O.xyz,1.9933338278120902,3.8697743736553947
5808,TS_ts_guess_jYhpjJ_template_8-10_21-26.xyz,50,26,24,r0_C10H12O4.xyz,r1_C12H8N4.xyz,2.242226793769979,2.1414243388221776
5809,TS_ts_guess_OM4Dz6_template_2-25_11-14.xyz,50,26,24,r0_C10H12O4.xyz,r1_C12H8N4.xyz,2.1416746841899212,2.1370134104165097
5810,TS_CP6Kbr_ll_ad_4-20_12-19.xyz,55,35,20,r1_C14H16N2O3.xyz,r0_C7H10N2O.xyz,2.100174234986231,2.8142570664564386
5811,TS_ratpfT_ll_ad_4-28_12-19.xyz,55,35,20,r1_C14H16N2O3.xyz,r0_C7H10N2O.xyz,2.191048828552207,2.2653834327548172
5812,TS_kYbb_V_hl_ad_4-25_12-19.xyz,55,35,20,r1_C14H16N2O3.xyz,r0_C7H10N2O.xyz,2.116613311802607,2.8400558411587618
5813,TS_iHaSHW_ll_ad_4-28_12-19.xyz,55,35,20,r1_C14H16N2O3.xyz,r0_C7H10N2O.xyz,2.235542024409293,2.238693982012727
5814,TS_ts_guess_CvcAWB_template_4-26_8-15.xyz,50,24,26,r0_C8H9N5O2.xyz,r1_C10H12O4.xyz,2.127656067413152,2.3431543634596506
5815,TS_ts_guess_tKOuuH_template_4-27_8-15.xyz,50,24,26,r0_C8H9N5O2.xyz,r1_C10H12O4.xyz,2.310434970433057,2.2613988405409606
5816,TS_ts_guess_SdU26h_template_4-25_10-21.xyz,48,38,10,r0_C14H17N3O4.xyz,r1_C4H2O4.xyz,2.3613162021847054,2.2867871935315716
5818,TS_ts_guess_5cPZ-v_template_4-9_10-14.xyz,58,45,13,r0_C19H21N3O2.xyz,r1_C2H8N3.xyz,2.4098489210944325,2.0105886674802482
5819,TS_ts_guess_JYrHMx_template_4-9_10-14.xyz,57,44,13,r0_C19H20N2O3.xyz,r1_C2H8N3.xyz,2.2326082410714156,2.058551797308001
5821,TS_ts_guess_amYxbc_template_4-26_12-15.xyz,57,31,26,r0_C12H16N2O.xyz,r1_C10H12O4.xyz,2.1610747376710506,2.370265236529448
5822,TS_ts_guess_x0TT9Z_template_4-27_12-15.xyz,57,31,26,r0_C12H16N2O.xyz,r1_C10H12O4.xyz,2.3054428121729673,2.353261401438438
5823,TS_ts_guess_6hzZhQ_template_2-24_11-14.xyz,58,26,32,r1_C10H12O4.xyz,r0_C13H17NO.xyz,2.226864251138807,2.7993583652865883
5824,TS_ts_guess_8_4ysc_template_8-10_20-25.xyz,58,26,32,r1_C10H12O4.xyz,r0_C13H17NO.xyz,2.285218057472853,2.4432272422146903
5825,TS_ts_guess_YA4aez_template_2-24_11-14.xyz,50,26,24,r1_C10H12O4.xyz,r0_C12H8N2O2.xyz,2.353996969178168,2.380316618561489
5826,TS_ts_guess_OH7iTG_template_8-10_20-26.xyz,50,26,24,r1_C10H12O4.xyz,r0_C12H8N2O2.xyz,2.400007510759081,2.345584246706991
5827,TS_7BHM-7_hl_ad_4-11_20-21.xyz,58,38,20,r1_C14H19N3O2.xyz,r0_C7H10N2O.xyz,2.361947198690098,2.2649368589212373
5828,TS_v3jLXn_hl_ad_4-6_12-16.xyz,58,38,20,r1_C14H19N3O2.xyz,r0_C7H10N2O.xyz,2.2755273333010084,2.563062696287393
5829,TS_3NtRUt_hl_ad_4-6_15-16.xyz,58,38,20,r1_C14H19N3O2.xyz,r0_C7H10N2O.xyz,2.26463036332643,2.726446691556613
5830,TS_jlIGUd_ll_ad_4-11_17-21.xyz,58,38,20,r1_C14H19N3O2.xyz,r0_C7H10N2O.xyz,2.2899156076371026,2.4145776440611724
5831,TS_ts_guess__c0iLh_template_4-5_6-15.xyz,57,37,20,r1_C17H17NO2.xyz,r0_C7H10N2O.xyz,2.295848627348937,2.358153810950422
5832,TS_ts_guess_LNYONL_template_4-26_7-20.xyz,57,37,20,r1_C17H17NO2.xyz,r0_C7H10N2O.xyz,2.130026731733665,2.2847262381519586
5833,TS_ts_guess_2Rglze_template_4-5_14-15.xyz,57,37,20,r1_C17H17NO2.xyz,r0_C7H10N2O.xyz,2.0580422212870175,2.598820542053645
5834,TS_ts_guess_M5qRMv_template_4-5_11-15.xyz,57,37,20,r1_C17H17NO2.xyz,r0_C7H10N2O.xyz,1.9671073480875414,2.9938497125607357
5838,TS_ts_guess_qIVeAu_template_5-6_14-27.xyz,60,23,37,r0_C9H14.xyz,r1_C18H16O3.xyz,2.5659721657492702,2.24163901014414
5839,TS_ts_guess_OBIsLH_template_3-17_4-9.xyz,60,23,37,r0_C9H14.xyz,r1_C18H16O3.xyz,2.2948597958481036,2.5646502941726776
5840,TS_ts_guess_TkH3H__template_3-23_4-9.xyz,60,23,37,r0_C9H14.xyz,r1_C18H16O3.xyz,2.4736415730052728,2.3026744840293865
5841,TS_xEx4xY_ll_ad_3-7_8-16.xyz,60,37,23,r1_C18H16O3.xyz,r0_C9H14.xyz,2.174504792774668,2.682208062939935
5842,TS_ts_guess_VQ-JkT_template_3-22_8-21.xyz,60,37,23,r1_C18H16O3.xyz,r0_C9H14.xyz,2.9438325804637735,2.2121082791988282
5843,TS_ts_guess_yIU40J_template_5-6_20-27.xyz,60,23,37,r0_C9H14.xyz,r1_C18H16O3.xyz,2.301939293226474,2.5307922853525535
5844,TS_ts_guess_OS04jx_template_4-26_8-15.xyz,51,25,26,r0_C8H10N2O5.xyz,r1_C10H12O4.xyz,1.8347591024709484,2.678620524841098
5845,TS_ts_guess_bV04Hw_template_4-27_8-15.xyz,51,25,26,r0_C8H10N2O5.xyz,r1_C10H12O4.xyz,1.8633434239023143,2.598042521861411
5846,TS_ts_guess_exSVrU_template_8-10_20-26.xyz,53,26,27,r1_C10H12O4.xyz,r0_C12H11NO3.xyz,2.5441868771770677,1.9044535556951763
5847,TS_ts_guess_O0-Nhc_template_2-24_11-14.xyz,53,26,27,r1_C10H12O4.xyz,r0_C12H11NO3.xyz,1.8437664190726548,2.821331827151851
5848,TS_ts_guess_3IMKar_template_4-28_8-16.xyz,55,29,26,r0_C12H13N3O.xyz,r1_C10H12O4.xyz,2.1394204825138976,2.320234102412944
5849,TS_ts_guess_SpVfa4_template_4-27_8-16.xyz,55,29,26,r0_C12H13N3O.xyz,r1_C10H12O4.xyz,2.472772342877524,1.9765766051686433
5850,TS_ts_guess_X2gOgE_template_4-28_12-16.xyz,54,28,26,r0_C12H12N2O2.xyz,r1_C10H12O4.xyz,2.623300871097328,2.4873024335010006
5851,TS_ts_guess_NhKvub_template_4-27_12-16.xyz,54,28,26,r0_C12H12N2O2.xyz,r1_C10H12O4.xyz,2.706717366793216,2.3778955417133023
5852,TS_ts_guess_T__kqi_template_4-27_8-16.xyz,50,24,26,r0_C11H8O5.xyz,r1_C10H12O4.xyz,2.0936893593367665,2.5357799385199025
5853,TS_5V2L7f_ll_ad_4-28_8-16.xyz,50,24,26,r0_C11H8O5.xyz,r1_C10H12O4.xyz,2.155457701881436,2.6695008032776464
5854,TS_ts_guess_sGHF-O_template_2-24_11-14.xyz,53,26,27,r0_C10H12O4.xyz,r1_C15H10N2.xyz,2.097677450396033,2.771953465518496
5855,TS_ts_guess_ZF-8yF_template_8-10_20-27.xyz,53,26,27,r0_C10H12O4.xyz,r1_C15H10N2.xyz,2.6738361184261086,2.1070711176654666
5856,TS_G_CYSZ_ll_ad_4-11_17-21.xyz,54,34,20,r1_C14H14N2O4.xyz,r0_C7H10N2O.xyz,2.2193650683697803,2.3589954330604375
5857,TS_JxvWrP_ll_ad_4-11_12-21.xyz,54,34,20,r1_C14H14N2O4.xyz,r0_C7H10N2O.xyz,2.3615554204168063,2.2595487116900137
5858,TS_9G4R1F_hl_ad_4-11_20-21.xyz,54,34,20,r1_C14H14N2O4.xyz,r0_C7H10N2O.xyz,2.1974395102254802,3.024283433013513
5859,TS_kkz5VW_ll_ad_4-7_13-17.xyz,54,34,20,r1_C14H14N2O4.xyz,r0_C7H10N2O.xyz,3.013117900779855,2.1844143522006076
5860,TS_ts_guess_etdX58_template_4-28_6-16.xyz,55,29,26,r0_C12H13NO3.xyz,r1_C10H12O4.xyz,1.9718225186106382,2.7920225234227605
5861,TS_ts_guess_y__ixh_template_4-27_6-16.xyz,55,29,26,r0_C12H13NO3.xyz,r1_C10H12O4.xyz,1.9801840243017819,2.805167170793926
5862,TS_ts_guess_N0TluO_template_4-27_6-16.xyz,54,28,26,r0_C11H12N2O3.xyz,r1_C10H12O4.xyz,1.8719574221119453,2.655222764383433
5863,TS_ts_guess_ziY2k5_template_4-28_6-16.xyz,54,28,26,r0_C11H12N2O3.xyz,r1_C10H12O4.xyz,1.8943465207295098,2.4065234888527476
5864,TS_wNmtSt_ll_ad_4-21_9-20.xyz,56,36,20,r1_C14H16N2O4.xyz,r0_C7H10N2O.xyz,2.174166820232523,2.5627881065355367
5865,TS_xW38tK_ll_ad_4-26_9-20.xyz,56,36,20,r1_C14H16N2O4.xyz,r0_C7H10N2O.xyz,2.2236162786101383,2.2227614931431576
5866,TS_mwNbHc_ll_ad_4-29_9-20.xyz,56,36,20,r1_C14H16N2O4.xyz,r0_C7H10N2O.xyz,2.72841227328276,2.144951465558137
5867,TS_a1gJkg_hl_ad_4-29_9-20.xyz,56,36,20,r1_C14H16N2O4.xyz,r0_C7H10N2O.xyz,2.9650127861613007,2.0904186296050846
5868,TS_ts_guess_TMRnAc_template_8-10_24-27.xyz,55,26,29,r0_C10H12O4.xyz,r1_C15H12N2.xyz,3.0140353286250643,1.9824647546677845
5869,TS_ts_guess_9CvppK_template_2-28_11-14.xyz,55,26,29,r0_C10H12O4.xyz,r1_C15H12N2.xyz,2.0099907875162013,2.9061608809045656
5870,TS_ts_guess_5RCpKl_template_5-6_18-27.xyz,60,23,37,r0_C9H14.xyz,r1_C14H16N2O5.xyz,2.189212009399729,2.3523030688455093
5871,TS_ts_guess_VPRnqq_template_3-19_4-9.xyz,60,23,37,r0_C9H14.xyz,r1_C14H16N2O5.xyz,2.2773094492624404,2.3086624442953982
5872,TS_ts_guess_QXw0hy_template_4-9_10-18.xyz,60,37,23,r1_C14H16N2O5.xyz,r0_C9H14.xyz,2.103197165127416,2.746656825469829
5873,TS_ts_guess_jO4oWS_template_3-21_4-9.xyz,60,23,37,r0_C9H14.xyz,r1_C14H16N2O5.xyz,2.178948717088128,2.478089844436638
5874,TS_ts_guess_mFdPVM_template_5-6_16-27.xyz,60,23,37,r0_C9H14.xyz,r1_C14H16N2O5.xyz,2.627411208414092,2.140246010579158
5875,TS_ts_guess_rsw47L_template_4-22_10-21.xyz,60,37,23,r1_C14H16N2O5.xyz,r0_C9H14.xyz,2.7958184362186325,2.1256104382506216
5876,TS_ts_guess_Q-ftkv_template_4-27_10-16.xyz,54,28,26,r0_C9H12N4O3.xyz,r1_C10H12O4.xyz,2.0300158982874987,2.608208038079018
5877,TS_ts_guess_XUdG8q_template_4-28_10-16.xyz,54,28,26,r0_C9H12N4O3.xyz,r1_C10H12O4.xyz,2.121440994654341,2.3592377147926404
5878,TS_ts_guess_p6HKpg_template_3-21_4-9.xyz,59,23,36,r0_C9H14.xyz,r1_C14H15NO6.xyz,2.4728047589124382,2.1832150143309295
5879,TS_ts_guess_lNNDp-_template_5-6_18-27.xyz,59,23,36,r0_C9H14.xyz,r1_C14H15NO6.xyz,2.1632369605524033,2.378301710233586
5880,TS_ts_guess_YpTLKu_template_4-9_10-18.xyz,59,36,23,r1_C14H15NO6.xyz,r0_C9H14.xyz,2.108180230696607,2.7282471962965524
5881,TS_ts_guess_46T9zx_template_5-6_16-27.xyz,59,23,36,r0_C9H14.xyz,r1_C14H15NO6.xyz,2.679532070268986,2.1055948588463074
5882,TS_ts_guess_OoT5E2_template_4-11_12-20.xyz,59,36,23,r1_C14H15NO6.xyz,r0_C9H14.xyz,2.1402371120275436,2.7710935443430995
5884,TS_ts_guess_FM_EoS_template_4-28_12-17.xyz,52,26,26,r0_C12H9N3O2.xyz,r1_C10H12O4.xyz,2.3788294698443604,2.419684583804261
5885,TS_ts_guess_yn7W8U_template_4-29_12-17.xyz,52,26,26,r0_C12H9N3O2.xyz,r1_C10H12O4.xyz,2.5479790473824546,2.2963142718277916
5886,TS_ts_guess_zxrESC_template_4-27_8-16.xyz,52,26,26,r0_C9H10N2O5.xyz,r1_C10H12O4.xyz,2.4128145188140757,2.3766937824002485
5887,TS_ts_guess_cjF8B1_template_4-28_8-16.xyz,52,26,26,r0_C9H10N2O5.xyz,r1_C10H12O4.xyz,2.5265039881622986,2.4860886670832962
5888,TS_ts_guess_zeeB4Y_template_4-28_12-25.xyz,61,43,18,r1_C22H18O3.xyz,r0_C6H12.xyz,2.465798447034956,2.497814580948714
5889,TS_ts_guess_9Hpflg_template_1-19_2-4.xyz,63,12,51,r0_C4H8.xyz,r1_C27H23N.xyz,2.4303839503666906,2.5177075134733182
5890,TS_ts_guess_nkg_Gi_template_2-24_11-14.xyz,55,26,29,r1_C10H12O4.xyz,r0_C13H12N2O2.xyz,2.0387291626402955,2.5143266257588732
5891,TS_ts_guess_byjkwD_template_8-10_20-27.xyz,55,26,29,r1_C10H12O4.xyz,r0_C13H12N2O2.xyz,2.2282870532541357,2.1931647641023235
5892,TS_ts_guess_XfLiis_template_4-28_9-17.xyz,58,32,26,r0_C13H15N3O.xyz,r1_C10H12O4.xyz,1.9620631726068354,3.1348748074843433
5893,TS_ts_guess_YYg6D4_template_4-29_9-17.xyz,58,32,26,r0_C13H15N3O.xyz,r1_C10H12O4.xyz,2.1584535451568096,2.421492662243683
5894,TS_4shSFi_hl_ad_4-9_10-19.xyz,57,37,20,r1_C11H17N3O6.xyz,r0_C7H10N2O.xyz,2.9431207600776426,2.3631658901143613
5895,TS_wxjwU5_ll_ad_4-9_18-19.xyz,57,37,20,r1_C11H17N3O6.xyz,r0_C7H10N2O.xyz,2.3260192112921163,3.0955439849241366
5897,TS_ts_guess_lcX6Pp_template_4-26_11-20.xyz,57,37,20,r1_C11H17N3O6.xyz,r0_C7H10N2O.xyz,2.1806424883047657,3.5482552626466997
5898,TS_ts_guess_BXh1mo_template_4-27_11-16.xyz,57,31,26,r0_C10H15NO5.xyz,r1_C10H12O4.xyz,2.517151236040457,2.1575096317282108
5900,TS_ts_guess_I9xDFE_template_4-28_10-17.xyz,56,30,26,r0_C12H13NO4.xyz,r1_C10H12O4.xyz,2.644027731416598,1.908495820063539
5901,TS_1-cRCv_hl_ad_4-29_10-17.xyz,56,30,26,r0_C12H13NO4.xyz,r1_C10H12O4.xyz,2.224378162116325,2.044715401272265
5902,TS_mIw9si_ll_ad_4-29_6-17.xyz,57,31,26,r0_C12H14N2O3.xyz,r1_C10H12O4.xyz,2.4299763704406674,2.883848360039064
5903,TS_ts_guess_muS0rV_template_4-28_6-17.xyz,57,31,26,r0_C12H14N2O3.xyz,r1_C10H12O4.xyz,2.4326738984294627,2.8422681958956653
5904,TS_ts_guess_ru0crI_template_2-25_11-14.xyz,58,26,32,r0_C10H12O4.xyz,r1_C16H14N2.xyz,2.4527537638132366,1.9708388457963781
5905,TS_Isy6_F_hl_ad_8-10_21-28.xyz,58,26,32,r0_C10H12O4.xyz,r1_C16H14N2.xyz,2.4841681369222974,2.0113877449412882
5906,TS_ts_guess_FHUxJq_template_4-29_9-17.xyz,58,32,26,r0_C13H15NO3.xyz,r1_C10H12O4.xyz,2.35894515396183,2.326208760730644
5907,TS_ts_guess_IOEje3_template_4-28_9-17.xyz,58,32,26,r0_C13H15NO3.xyz,r1_C10H12O4.xyz,2.49012103304237,2.1669497775906112
5908,TS_ts_guess_VAPyQ9_template_2-25_11-14.xyz,57,26,31,r1_C10H12O4.xyz,r0_C16H13NO.xyz,2.069418688472683,2.7895125566127144
5909,TS_ts_guess_zomYVm_template_8-10_21-28.xyz,57,26,31,r1_C10H12O4.xyz,r0_C16H13NO.xyz,2.6711868251022803,2.0546649063290103
5910,TS_gbtI0o_ll_ad_8-10_24-28.xyz,59,26,33,r1_C10H12O4.xyz,r0_C16H15NO.xyz,3.045809159123401,1.9801970329742442
5911,TS_ts_guess_Cog_Ou_template_2-28_11-14.xyz,59,26,33,r1_C10H12O4.xyz,r0_C16H15NO.xyz,1.9786393483654368,3.0870619211314825
5912,TS_ts_guess_EKyfif_template_5-6_17-28.xyz,63,23,40,r0_C9H14.xyz,r1_C15H18N2O5.xyz,2.383537126897754,2.3168074615513476
5913,TS_ts_guess_zFLmzq_template_5-6_19-28.xyz,63,23,40,r0_C9H14.xyz,r1_C15H18N2O5.xyz,2.298749859445347,2.5400998444352534
5915,TS_ts_guess_tJPpp2_template_3-22_4-9.xyz,63,23,40,r0_C9H14.xyz,r1_C15H18N2O5.xyz,2.42581574372416,2.1664848009852276
5916,TS_ts_guess_dFL3Qh_template_4-9_10-18.xyz,63,40,23,r1_C15H18N2O5.xyz,r0_C9H14.xyz,2.168310491350351,2.9106186611955884
5918,TS_ts_guess_VX0E7h_template_4-29_8-17.xyz,55,29,26,r0_C9H12N4O4.xyz,r1_C10H12O4.xyz,2.5965528556145356,2.3225495776409164
5919,TS_ts_guess_OEWq1h_template_4-28_8-17.xyz,55,29,26,r0_C9H12N4O4.xyz,r1_C10H12O4.xyz,2.479672712657862,2.4553105215226854
5920,TS_ts_guess_GvwggC_template_5-6_21-29.xyz,66,23,43,r0_C9H14.xyz,r1_C19H20N2O2.xyz,2.464583267106226,2.259977386214296
5921,TS_ts_guess_842Cl0_template_5-6_16-29.xyz,66,23,43,r0_C9H14.xyz,r1_C19H20N2O2.xyz,2.6189594070164586,2.2980221681045636
5922,TS_ts_guess_5UzxbM_template_3-19_4-9.xyz,66,23,43,r0_C9H14.xyz,r1_C19H20N2O2.xyz,2.250820391546158,2.5707727286751743
5923,TS_ts_guess_IvXk1u_template_4-8_9-17.xyz,66,43,23,r1_C19H20N2O2.xyz,r0_C9H14.xyz,2.2516101441857113,3.197357555576167
5924,TS_ts_guess_8mzol5_template_3-24_4-9.xyz,66,23,43,r0_C9H14.xyz,r1_C19H20N2O2.xyz,2.3968431709646754,2.2485944777349247
5925,TS_ts_guess_wRfdEc_template_4-24_10-23.xyz,66,43,23,r1_C19H20N2O2.xyz,r0_C9H14.xyz,2.8828583251696576,2.104119567562642
5926,TS_ts_guess_0HIELh_template_4-29_8-18.xyz,55,29,26,r0_C13H11NO4.xyz,r1_C10H12O4.xyz,2.370602389098602,2.3663066240240296
5927,TS_ts_guess_Ykj5hA_template_4-30_8-18.xyz,55,29,26,r0_C13H11NO4.xyz,r1_C10H12O4.xyz,2.2603203973994486,2.506211599486364
5928,TS_ts_guess_0sQHFF_template_2-28_11-14.xyz,56,26,30,r0_C10H12O4.xyz,r1_C16H11N3.xyz,2.119690238950022,2.098091994980201
5929,TS_ts_guess_S9Yj7b_template_8-10_24-29.xyz,56,26,30,r0_C10H12O4.xyz,r1_C16H11N3.xyz,2.3128242809171646,2.040281521971907
5930,TS_ts_guess_FBArLv_template_5-6_18-29.xyz,65,23,42,r0_C9H14.xyz,r1_C19H19NO3.xyz,2.769890376188198,2.132905925679799
5931,TS_IVsueS_hl_ad_4-11_12-20.xyz,65,42,23,r1_C19H19NO3.xyz,r0_C9H14.xyz,2.122543780372975,2.7849407973958797
5932,TS_ts_guess_Nk3dfQ_template_4-24_13-23.xyz,65,42,23,r1_C19H19NO3.xyz,r0_C9H14.xyz,3.0357426279907194,2.1468610833027832
5934,TS_ts_guess_8f4A8m_template_3-22_4-9.xyz,65,23,42,r0_C9H14.xyz,r1_C19H19NO3.xyz,2.606684182117197,2.2499281016956965
5935,TS_ts_guess_JoHdg9_template_5-6_19-29.xyz,65,23,42,r0_C9H14.xyz,r1_C19H19NO3.xyz,2.666719799322756,2.2656850204298036
5936,TS_ts_guess_qcNxOF_template_4-28_8-17.xyz,61,35,26,r0_C10H18N4O3.xyz,r1_C10H12O4.xyz,2.2257056372755137,2.5698206374375623
5937,TS_ts_guess_Z3mGvn_template_4-29_8-17.xyz,61,35,26,r0_C10H18N4O3.xyz,r1_C10H12O4.xyz,2.183064747459406,2.4563546158280976
5938,TS_ts_guess__APX7a_template_4-29_10-18.xyz,60,34,26,r0_C13H16N2O3.xyz,r1_C10H12O4.xyz,2.58201161240611,2.2945075114716884
5939,TS_ts_guess_mRqgDT_template_4-30_10-18.xyz,60,34,26,r0_C13H16N2O3.xyz,r1_C10H12O4.xyz,2.203471127698296,2.708377544490428
5940,TS_ts_guess_ZBVD8t_template_4-30_7-18.xyz,60,34,26,r0_C13H16N2O3.xyz,r1_C10H12O4.xyz,1.967932160924253,2.5633952408670813
5941,TS_ts_guess_OZdjeY_template_4-29_7-18.xyz,60,34,26,r0_C13H16N2O3.xyz,r1_C10H12O4.xyz,2.1275436265562218,2.3994315812917026
5942,TS_ts_guess_nt6hj1_template_4-30_12-19.xyz,60,34,26,r0_C16H15NO2.xyz,r1_C10H12O4.xyz,1.9622224806326118,2.5356591113554674
5943,TS_ts_guess_5W6MnS_template_4-31_12-19.xyz,60,34,26,r0_C16H15NO2.xyz,r1_C10H12O4.xyz,2.3595560312482515,2.057043045417378
5945,TS_ts_guess_FUjuw3_template_2-28_11-14.xyz,62,26,36,r1_C10H12O4.xyz,r0_C17H17NO.xyz,2.116526401087404,2.831220775919815
5946,TS_ts_guess_VUPspX_template_2-25_11-14.xyz,61,26,35,r1_C10H12O4.xyz,r0_C17H16O2.xyz,2.763907464912673,2.1400612844262197
5947,TS_ts_guess_7KhwUY_template_8-10_21-29.xyz,61,26,35,r1_C10H12O4.xyz,r0_C17H16O2.xyz,2.4834506213130148,2.2399056116943856
5948,TS_ts_guess_vLd_mv_template_4-30_8-19.xyz,59,33,26,r0_C13H14N4O2.xyz,r1_C10H12O4.xyz,2.3570198833696754,2.132145878756892
5949,TS_ts_guess_deZfol_template_4-31_8-19.xyz,59,33,26,r0_C13H14N4O2.xyz,r1_C10H12O4.xyz,2.240329738185877,2.232628294387581
5950,TS_ts_guess_NVbKWA_template_8-10_24-30.xyz,60,26,34,r1_C10H12O4.xyz,r0_C17H14N2O.xyz,2.784012126589969,1.8618104175506163
5951,TS_13WpD9_ll_ad_2-28_11-14.xyz,60,26,34,r1_C10H12O4.xyz,r0_C17H14N2O.xyz,2.307199105127254,2.0317723335551157
5952,TS_ts_guess_aWB905_template_4-30_11-19.xyz,63,37,26,r0_C14H18N2O3.xyz,r1_C10H12O4.xyz,2.0402499936282315,2.7765410850732968
5953,TS_ts_guess_LRA24n_template_4-31_11-19.xyz,63,37,26,r0_C14H18N2O3.xyz,r1_C10H12O4.xyz,2.334766292244258,2.2663109881920445
5954,TS_ts_guess_D0EFMt_template_4-32_13-20.xyz,61,35,26,r0_C14H15N3O3.xyz,r1_C10H12O4.xyz,2.266710291369411,2.3338160082791446
5955,TS_ts_guess_vm5w50_template_4-31_13-20.xyz,61,35,26,r0_C14H15N3O3.xyz,r1_C10H12O4.xyz,2.1524844470518247,2.3377371548358465
5956,TS_0xjXxY_ll_ad_4-26_12-25.xyz,64,44,20,r1_C22H19NO2.xyz,r0_C7H10N2O.xyz,2.2002616760285583,2.4938717947400586
5957,TS_LTgYsc_ll_ad_4-34_12-25.xyz,64,44,20,r1_C22H19NO2.xyz,r0_C7H10N2O.xyz,2.5890677672475086,2.199222835162458
5958,TS_zPrdNi_ll_ad_4-34_12-25.xyz,64,44,20,r1_C22H19NO2.xyz,r0_C7H10N2O.xyz,2.229146398355209,2.4074019422190385
5959,TS_3ygBT7_ll_ad_4-31_12-25.xyz,64,44,20,r1_C22H19NO2.xyz,r0_C7H10N2O.xyz,2.4616192075542473,2.0535899738019756
5960,TS_ts_guess_e0VKTk_template_4-31_11-20.xyz,60,34,26,r0_C14H14N2O4.xyz,r1_C10H12O4.xyz,2.1371751825248206,2.387732109031497
5961,TS_ts_guess_WvzVLR_template_4-32_11-20.xyz,60,34,26,r0_C14H14N2O4.xyz,r1_C10H12O4.xyz,2.2427923939812175,2.416565734032493
5962,TS_ts_guess_rMX6SN_template_4-32_10-20.xyz,61,35,26,r0_C14H15NO5.xyz,r1_C10H12O4.xyz,2.483777520713158,2.46040787878758
5963,TS_ts_guess_APGRLE_template_4-31_10-20.xyz,61,35,26,r0_C14H15NO5.xyz,r1_C10H12O4.xyz,2.602091083897718,2.2835026372220373
5964,TS_ts_guess_BATmrC_template_4-34_13-22.xyz,65,39,26,r0_C18H17N3O.xyz,r1_C10H12O4.xyz,2.349388340228154,2.4280725482777488
5965,TS_ts_guess_ewZDZu_template_4-33_13-22.xyz,65,39,26,r0_C18H17N3O.xyz,r1_C10H12O4.xyz,2.2507901292657206,2.5026704035689558
5966,TS_ts_guess_-nfrDQ_template_4-34_13-22.xyz,64,38,26,r0_C18H16N2O2.xyz,r1_C10H12O4.xyz,2.3620777973640075,2.436370962415207
5967,TS_ts_guess_H6tIqu_template_4-33_13-22.xyz,64,38,26,r0_C18H16N2O2.xyz,r1_C10H12O4.xyz,2.2524353789398712,2.5025236506175124
5968,TS_ts_guess_ApaHs4_template_4-34_12-23.xyz,67,41,26,r0_C18H18N2O3.xyz,r1_C10H12O4.xyz,2.4509656839294993,2.3428158800895984
5969,TS_ts_guess_UCUfIe_template_4-35_12-23.xyz,67,41,26,r0_C18H18N2O3.xyz,r1_C10H12O4.xyz,2.5550312418833547,2.348322716280707
5970,TS_c8vQRE_ll_ad_2-28_11-14.xyz,68,26,42,r1_C10H12O4.xyz,r0_C22H18O2.xyz,2.2130878950913813,2.4988299946374903
5971,TS_ts_guess_jTZiM2_template_8-10_24-34.xyz,68,26,42,r1_C10H12O4.xyz,r0_C22H18O2.xyz,2.6307484534063685,2.3725718474474067
5972,TS_ts_guess_vme9j0_template_2-29_11-14.xyz,72,26,46,r1_C10H12O4.xyz,r0_C23H21NO.xyz,2.489243414011575,1.9915684586024152
5973,TS_ts_guess_8YZ4f7_template_8-10_25-35.xyz,72,26,46,r1_C10H12O4.xyz,r0_C23H21NO.xyz,2.555483474296009,2.3425189639787334
