{"arm": "xgb28_delta_family", "family": "qmrxn20_sn2", "fold": 4, "member": 1, "n_train": 150, "n_test": 37, "reaction_ids": ["qmrxn20_sn2_A_E_D_E_A_A", "qmrxn20_sn2_D_E_C_C_C_B", "qmrxn20_sn2_A_C_B_C_B_C", "qmrxn20_sn2_E_B_B_A_B_B", "qmrxn20_sn2_A_A_E_E_B_D", "qmrxn20_sn2_A_E_E_C_A_D", "qmrxn20_sn2_C_D_D_E_A_A", "qmrxn20_sn2_D_B_C_D_A_C", "qmrxn20_sn2_A_C_E_E_B_C", "qmrxn20_sn2_A_B_A_B_A_B", "qmrxn20_sn2_A_D_C_D_B_A", "qmrxn20_sn2_E_C_D_D_A_B", "qmrxn20_sn2_A_D_A_D_C_B", "qmrxn20_sn2_A_C_E_D_B_D", "qmrxn20_sn2_A_E_E_B_A_A", "qmrxn20_sn2_A_D_A_D_C_C", "qmrxn20_sn2_B_E_B_A_B_B", "qmrxn20_sn2_A_D_E_C_A_C", "qmrxn20_sn2_A_A_C_B_B_B", "qmrxn20_sn2_C_C_E_D_B_C", "qmrxn20_sn2_D_B_E_E_A_C", "qmrxn20_sn2_E_C_D_C_B_B", "qmrxn20_sn2_A_D_B_D_C_B", "qmrxn20_sn2_C_D_E_A_B_C", "qmrxn20_sn2_A_C_A_E_B_C", "qmrxn20_sn2_A_B_D_E_B_B", "qmrxn20_sn2_E_B_D_B_A_B", "qmrxn20_sn2_B_A_B_C_C_C", "qmrxn20_sn2_A_D_E_A_A_D", "qmrxn20_sn2_C_E_A_E_A_C", "qmrxn20_sn2_D_C_A_C_C_C", "qmrxn20_sn2_E_D_E_A_A_C", "qmrxn20_sn2_A_A_E_B_A_D", "qmrxn20_sn2_D_C_A_E_B_B", "qmrxn20_sn2_A_D_B_A_A_C", "qmrxn20_sn2_C_B_D_A_C_C", "qmrxn20_sn2_D_B_A_A_B_B"], "y_true_strain": [21.232402801513672, 19.78183937072754, 18.089576721191406, 22.773059844970703, 27.157960891723633, 40.797359466552734, 12.649491310119629, 66.80827331542969, 28.387479782104492, 31.52068328857422, 9.404703140258789, 25.82349967956543, 9.050326347351074, 31.098209381103516, 31.509254455566406, 20.056264877319336, 23.19513702392578, 57.21500015258789, 9.366214752197266, 14.75769329071045, 47.29751205444336, 10.861077308654785, 7.601600646972656, 24.963768005371094, 25.283763885498047, 5.7525739669799805, 32.08864974975586, 29.882221221923828, 49.922027587890625, 38.57403564453125, 26.506698608398438, 38.12163543701172, 50.8250617980957, 11.764915466308594, 47.36821365356445, 25.26850700378418, 15.630770683288574], "y_true_Pauli": [121.58999633789062, 132.22999572753906, 110.13999938964844, 153.25999450683594, 86.83000183105469, 104.2300033569336, 169.57000732421875, 165.5800018310547, 104.94999694824219, 182.86000061035156, 109.06999969482422, 169.50999450683594, 86.63999938964844, 94.88999938964844, 159.66000366210938, 75.29000091552734, 162.9499969482422, 128.49000549316406, 118.80999755859375, 107.31999969482422, 129.41000366210938, 145.3300018310547, 108.16000366210938, 91.12999725341797, 104.70999908447266, 121.87000274658203, 192.49000549316406, 120.58000183105469, 105.3499984741211, 112.75, 101.73999786376953, 38.099998474121094, 121.05000305175781, 122.22000122070312, 137.6999969482422, 109.4000015258789, 128.8800048828125], "y_true_elst": [-91.8499984741211, -119.69000244140625, -89.7300033569336, -129.82000732421875, -62.040000915527344, -78.18000030517578, -120.68000030517578, -120.43000030517578, -74.0199966430664, -142.97000122070312, -92.18000030517578, -123.05999755859375, -65.68000030517578, -70.7699966430664, -134.35000610351562, -55.630001068115234, -136.8699951171875, -94.7699966430664, -101.31999969482422, -75.83000183105469, -93.05000305175781, -121.27999877929688, -86.94000244140625, -66.48999786376953, -79.05999755859375, -92.8499984741211, -151.4600067138672, -98.87000274658203, -73.7300033569336, -79.05999755859375, -80.66000366210938, -43.209999084472656, -84.69999694824219, -90.25, -96.13999938964844, -83.91999816894531, -100.1500015258789], "y_true_oi": [-53.220001220703125, -71.58000183105469, -66.0, -79.9000015258789, -51.939998626708984, -61.9900016784668, -76.97000122070312, -99.44000244140625, -64.20999908447266, -105.54000091552734, -47.86000061035156, -93.01000213623047, -50.25, -56.56999969482422, -69.18000030517578, -43.93000030517578, -87.63999938964844, -75.38999938964844, -71.20999908447266, -63.61000061035156, -73.2699966430664, -80.87999725341797, -62.369998931884766, -51.279998779296875, -63.0, -67.9000015258789, -98.69999694824219, -76.31999969482422, -60.06999969482422, -64.22000122070312, -59.38999938964844, -19.90999984741211, -80.6500015258789, -67.72000122070312, -83.27999877929688, -66.27999877929688, -67.80999755859375], "y_true_disp": [-1.75, -2.299999952316284, -5.880000114440918, -2.549999952316284, -4.28000020980835, -4.789999961853027, -2.380000114440918, -5.679999828338623, -4.230000019073486, -1.7899999618530273, -2.009999990463257, -2.430000066757202, -2.119999885559082, -5.420000076293945, -2.109999895095825, -4.449999809265137, -2.2699999809265137, -4.480000019073486, -1.649999976158142, -5.96999979019165, -5.409999847412109, -2.359999895095825, -2.2300000190734863, -4.900000095367432, -4.519999980926514, -2.180000066757202, -2.7100000381469727, -5.28000020980835, -5.150000095367432, -4.519999980926514, -5.210000038146973, -4.460000038146973, -4.0, -2.240000009536743, -3.880000114440918, -5.900000095367432, -2.380000114440918], "y_pred_strain": [19.215482711791992, 20.56072425842285, 22.579872131347656, 25.06089210510254, 35.028297424316406, 41.308326721191406, 19.391525268554688, 58.29216384887695, 5.460538864135742, 19.080381393432617, 10.447306632995605, 24.84298324584961, 12.03701400756836, 39.31983947753906, 24.92033576965332, 22.66612434387207, 24.06425666809082, 49.57431411743164, 7.965235233306885, 22.28558921813965, 45.6977653503418, 17.276596069335938, 8.961230278015137, 29.764984130859375, 25.12501335144043, 8.853692054748535, 27.80771255493164, 29.175981521606445, 44.67535400390625, 41.99708557128906, 22.913671493530273, 34.6431770324707, 50.39925765991211, 14.545145034790039, 48.129737854003906, 25.837120056152344, 19.335969924926758], "y_pred_Pauli": [127.32816314697266, 137.4186248779297, 106.14313507080078, 156.93927001953125, 87.33039855957031, 99.57676696777344, 164.92813110351562, 156.77679443359375, 91.89839172363281, 165.8013153076172, 115.1824722290039, 163.1151123046875, 94.4979476928711, 87.7003402709961, 161.78643798828125, 74.31813049316406, 152.33013916015625, 123.9254150390625, 121.5213623046875, 103.51978302001953, 123.92203521728516, 145.21897888183594, 104.41770935058594, 81.49076843261719, 96.5141372680664, 113.80406951904297, 170.65138244628906, 116.57542419433594, 100.2613525390625, 113.69259643554688, 100.12251281738281, 49.11725997924805, 123.52850341796875, 113.98795318603516, 132.52542114257812, 108.12468719482422, 127.51287841796875], "y_pred_elst": [-92.7413558959961, -116.60403442382812, -79.91756439208984, -128.8629913330078, -57.2874755859375, -74.30221557617188, -126.3303451538086, -119.70732116699219, -67.0525894165039, -131.41265869140625, -93.11256408691406, -123.77680969238281, -68.80805969238281, -63.93729782104492, -134.69821166992188, -54.13570022583008, -129.48619079589844, -88.09014129638672, -102.41851806640625, -76.56096649169922, -97.99630737304688, -119.9467544555664, -96.34078979492188, -59.74245834350586, -72.20856475830078, -92.23843383789062, -139.50633239746094, -90.9241714477539, -67.36591339111328, -84.46497344970703, -76.92096710205078, -48.977691650390625, -83.16284942626953, -91.76879119873047, -92.08602142333984, -80.7776870727539, -100.87049102783203], "y_pred_oi": [-50.72490310668945, -69.65357208251953, -68.72376251220703, -84.06707000732422, -52.924888610839844, -62.83814239501953, -66.7337875366211, -93.45974731445312, -60.89617919921875, -100.4986343383789, -49.13943862915039, -90.62152862548828, -56.400394439697266, -54.44654846191406, -67.9100570678711, -40.64204406738281, -86.98056030273438, -75.12472534179688, -70.04083251953125, -60.351356506347656, -70.36138916015625, -81.35389709472656, -61.51539993286133, -48.749778747558594, -60.73701858520508, -65.66462707519531, -99.11128997802734, -74.91650390625, -65.51826477050781, -62.82252883911133, -56.87838363647461, -29.09916877746582, -80.52919006347656, -64.10000610351562, -82.27349853515625, -64.27861785888672, -72.04122161865234],