{"arm": "xgb28_delta_family", "family": "qmrxn20_sn2", "fold": 4, "member": 3, "n_train": 150, "n_test": 37, "reaction_ids": ["qmrxn20_sn2_A_E_D_E_A_A", "qmrxn20_sn2_D_E_C_C_C_B", "qmrxn20_sn2_A_C_B_C_B_C", "qmrxn20_sn2_E_B_B_A_B_B", "qmrxn20_sn2_A_A_E_E_B_D", "qmrxn20_sn2_A_E_E_C_A_D", "qmrxn20_sn2_C_D_D_E_A_A", "qmrxn20_sn2_D_B_C_D_A_C", "qmrxn20_sn2_A_C_E_E_B_C", "qmrxn20_sn2_A_B_A_B_A_B", "qmrxn20_sn2_A_D_C_D_B_A", "qmrxn20_sn2_E_C_D_D_A_B", "qmrxn20_sn2_A_D_A_D_C_B", "qmrxn20_sn2_A_C_E_D_B_D", "qmrxn20_sn2_A_E_E_B_A_A", "qmrxn20_sn2_A_D_A_D_C_C", "qmrxn20_sn2_B_E_B_A_B_B", "qmrxn20_sn2_A_D_E_C_A_C", "qmrxn20_sn2_A_A_C_B_B_B", "qmrxn20_sn2_C_C_E_D_B_C", "qmrxn20_sn2_D_B_E_E_A_C", "qmrxn20_sn2_E_C_D_C_B_B", "qmrxn20_sn2_A_D_B_D_C_B", "qmrxn20_sn2_C_D_E_A_B_C", "qmrxn20_sn2_A_C_A_E_B_C", "qmrxn20_sn2_A_B_D_E_B_B", "qmrxn20_sn2_E_B_D_B_A_B", "qmrxn20_sn2_B_A_B_C_C_C", "qmrxn20_sn2_A_D_E_A_A_D", "qmrxn20_sn2_C_E_A_E_A_C", "qmrxn20_sn2_D_C_A_C_C_C", "qmrxn20_sn2_E_D_E_A_A_C", "qmrxn20_sn2_A_A_E_B_A_D", "qmrxn20_sn2_D_C_A_E_B_B", "qmrxn20_sn2_A_D_B_A_A_C", "qmrxn20_sn2_C_B_D_A_C_C", "qmrxn20_sn2_D_B_A_A_B_B"], "y_true_strain": [21.232402801513672, 19.78183937072754, 18.089576721191406, 22.773059844970703, 27.157960891723633, 40.797359466552734, 12.649491310119629, 66.80827331542969, 28.387479782104492, 31.52068328857422, 9.404703140258789, 25.82349967956543, 9.050326347351074, 31.098209381103516, 31.509254455566406, 20.056264877319336, 23.19513702392578, 57.21500015258789, 9.366214752197266, 14.75769329071045, 47.29751205444336, 10.861077308654785, 7.601600646972656, 24.963768005371094, 25.283763885498047, 5.7525739669799805, 32.08864974975586, 29.882221221923828, 49.922027587890625, 38.57403564453125, 26.506698608398438, 38.12163543701172, 50.8250617980957, 11.764915466308594, 47.36821365356445, 25.26850700378418, 15.630770683288574], "y_true_Pauli": [121.58999633789062, 132.22999572753906, 110.13999938964844, 153.25999450683594, 86.83000183105469, 104.2300033569336, 169.57000732421875, 165.5800018310547, 104.94999694824219, 182.86000061035156, 109.06999969482422, 169.50999450683594, 86.63999938964844, 94.88999938964844, 159.66000366210938, 75.29000091552734, 162.9499969482422, 128.49000549316406, 118.80999755859375, 107.31999969482422, 129.41000366210938, 145.3300018310547, 108.16000366210938, 91.12999725341797, 104.70999908447266, 121.87000274658203, 192.49000549316406, 120.58000183105469, 105.3499984741211, 112.75, 101.73999786376953, 38.099998474121094, 121.05000305175781, 122.22000122070312, 137.6999969482422, 109.4000015258789, 128.8800048828125], "y_true_elst": [-91.8499984741211, -119.69000244140625, -89.7300033569336, -129.82000732421875, -62.040000915527344, -78.18000030517578, -120.68000030517578, -120.43000030517578, -74.0199966430664, -142.97000122070312, -92.18000030517578, -123.05999755859375, -65.68000030517578, -70.7699966430664, -134.35000610351562, -55.630001068115234, -136.8699951171875, -94.7699966430664, -101.31999969482422, -75.83000183105469, -93.05000305175781, -121.27999877929688, -86.94000244140625, -66.48999786376953, -79.05999755859375, -92.8499984741211, -151.4600067138672, -98.87000274658203, -73.7300033569336, -79.05999755859375, -80.66000366210938, -43.209999084472656, -84.69999694824219, -90.25, -96.13999938964844, -83.91999816894531, -100.1500015258789], "y_true_oi": [-53.220001220703125, -71.58000183105469, -66.0, -79.9000015258789, -51.939998626708984, -61.9900016784668, -76.97000122070312, -99.44000244140625, -64.20999908447266, -105.54000091552734, -47.86000061035156, -93.01000213623047, -50.25, -56.56999969482422, -69.18000030517578, -43.93000030517578, -87.63999938964844, -75.38999938964844, -71.20999908447266, -63.61000061035156, -73.2699966430664, -80.87999725341797, -62.369998931884766, -51.279998779296875, -63.0, -67.9000015258789, -98.69999694824219, -76.31999969482422, -60.06999969482422, -64.22000122070312, -59.38999938964844, -19.90999984741211, -80.6500015258789, -67.72000122070312, -83.27999877929688, -66.27999877929688, -67.80999755859375], "y_true_disp": [-1.75, -2.299999952316284, -5.880000114440918, -2.549999952316284, -4.28000020980835, -4.789999961853027, -2.380000114440918, -5.679999828338623, -4.230000019073486, -1.7899999618530273, -2.009999990463257, -2.430000066757202, -2.119999885559082, -5.420000076293945, -2.109999895095825, -4.449999809265137, -2.2699999809265137, -4.480000019073486, -1.649999976158142, -5.96999979019165, -5.409999847412109, -2.359999895095825, -2.2300000190734863, -4.900000095367432, -4.519999980926514, -2.180000066757202, -2.7100000381469727, -5.28000020980835, -5.150000095367432, -4.519999980926514, -5.210000038146973, -4.460000038146973, -4.0, -2.240000009536743, -3.880000114440918, -5.900000095367432, -2.380000114440918], "y_pred_strain": [20.628738403320312, 17.49922752380371, 23.4117374420166, 22.625925064086914, 36.60418701171875, 42.926025390625, 18.420047760009766, 55.273719787597656, 7.953412055969238, 16.71137046813965, 10.649975776672363, 25.20061683654785, 11.577980995178223, 38.61101150512695, 23.61246109008789, 20.014997482299805, 23.74427032470703, 49.321533203125, 7.981453895568848, 21.167173385620117, 44.635398864746094, 16.71072006225586, 8.162765502929688, 27.488813400268555, 26.302091598510742, 7.903777599334717, 28.398990631103516, 27.9282283782959, 45.70522689819336, 40.337772369384766, 20.724390029907227, 35.888858795166016, 52.974002838134766, 14.536857604980469, 49.84010314941406, 23.333234786987305, 16.418800354003906], "y_pred_Pauli": [129.94158935546875, 138.86180114746094, 111.40279388427734, 155.46939086914062, 91.44239807128906, 106.14488220214844, 160.68170166015625, 154.1853485107422, 99.68751525878906, 157.15203857421875, 111.97785186767578, 164.97781372070312, 96.12928009033203, 87.62206268310547, 155.5631866455078, 71.80875396728516, 155.00198364257812, 125.00311279296875, 120.61421203613281, 105.66703796386719, 122.52754974365234, 144.6143341064453, 105.44774627685547, 82.37879180908203, 97.73512268066406, 117.7868881225586, 173.28590393066406, 117.33788299560547, 104.8446044921875, 109.1457290649414, 101.18505096435547, 53.17664337158203, 131.35105895996094, 117.3558578491211, 134.7225341796875, 111.12770080566406, 125.83103942871094], "y_pred_elst": [-95.59000396728516, -118.56275939941406, -84.17938232421875, -128.1992645263672, -60.11122512817383, -80.74237060546875, -123.20535278320312, -118.37496948242188, -73.8415756225586, -123.45396423339844, -89.54664611816406, -126.0965805053711, -69.37557220458984, -63.23777389526367, -129.09976196289062, -50.724361419677734, -132.35923767089844, -89.60102844238281, -100.57334899902344, -78.60364532470703, -97.40695190429688, -119.39800262451172, -96.4054946899414, -60.87371063232422, -72.60790252685547, -95.92666625976562, -142.365478515625, -91.21208190917969, -71.30599975585938, -81.14437866210938, -78.24626922607422, -52.17082595825195, -89.97959899902344, -95.20291137695312, -93.8822250366211, -83.5312728881836, -100.16763305664062], "y_pred_oi": [-50.932064056396484, -71.7908706665039, -69.22735595703125, -85.07864379882812, -52.55414581298828, -63.907352447509766, -66.42476654052734, -94.75596618652344, -61.25325012207031, -98.86201477050781, -47.790626525878906, -91.28939819335938, -56.52000427246094, -54.337013244628906, -66.6126708984375, -40.726806640625, -87.91830444335938, -75.81242370605469, -69.18112182617188, -61.403629302978516, -70.78166961669922, -81.4511947631836, -61.64958572387695, -50.239532470703125, -59.93244171142578, -67.02320098876953, -99.71053314208984, -75.33724212646484, -65.90867614746094, -62.864402770996094, -58.54172897338867, -29.084510803222656, -80.82402038574219, -65.19303131103516, -81.66402435302734, -66.23756408691406, -73.35235595703125],