{"arm": "xgb28_delta_family", "family": "qmrxn20_sn2", "fold": 4, "member": 4, "n_train": 150, "n_test": 37, "reaction_ids": ["qmrxn20_sn2_A_E_D_E_A_A", "qmrxn20_sn2_D_E_C_C_C_B", "qmrxn20_sn2_A_C_B_C_B_C", "qmrxn20_sn2_E_B_B_A_B_B", "qmrxn20_sn2_A_A_E_E_B_D", "qmrxn20_sn2_A_E_E_C_A_D", "qmrxn20_sn2_C_D_D_E_A_A", "qmrxn20_sn2_D_B_C_D_A_C", "qmrxn20_sn2_A_C_E_E_B_C", "qmrxn20_sn2_A_B_A_B_A_B", "qmrxn20_sn2_A_D_C_D_B_A", "qmrxn20_sn2_E_C_D_D_A_B", "qmrxn20_sn2_A_D_A_D_C_B", "qmrxn20_sn2_A_C_E_D_B_D", "qmrxn20_sn2_A_E_E_B_A_A", "qmrxn20_sn2_A_D_A_D_C_C", "qmrxn20_sn2_B_E_B_A_B_B", "qmrxn20_sn2_A_D_E_C_A_C", "qmrxn20_sn2_A_A_C_B_B_B", "qmrxn20_sn2_C_C_E_D_B_C", "qmrxn20_sn2_D_B_E_E_A_C", "qmrxn20_sn2_E_C_D_C_B_B", "qmrxn20_sn2_A_D_B_D_C_B", "qmrxn20_sn2_C_D_E_A_B_C", "qmrxn20_sn2_A_C_A_E_B_C", "qmrxn20_sn2_A_B_D_E_B_B", "qmrxn20_sn2_E_B_D_B_A_B", "qmrxn20_sn2_B_A_B_C_C_C", "qmrxn20_sn2_A_D_E_A_A_D", "qmrxn20_sn2_C_E_A_E_A_C", "qmrxn20_sn2_D_C_A_C_C_C", "qmrxn20_sn2_E_D_E_A_A_C", "qmrxn20_sn2_A_A_E_B_A_D", "qmrxn20_sn2_D_C_A_E_B_B", "qmrxn20_sn2_A_D_B_A_A_C", "qmrxn20_sn2_C_B_D_A_C_C", "qmrxn20_sn2_D_B_A_A_B_B"], "y_true_strain": [21.232402801513672, 19.78183937072754, 18.089576721191406, 22.773059844970703, 27.157960891723633, 40.797359466552734, 12.649491310119629, 66.80827331542969, 28.387479782104492, 31.52068328857422, 9.404703140258789, 25.82349967956543, 9.050326347351074, 31.098209381103516, 31.509254455566406, 20.056264877319336, 23.19513702392578, 57.21500015258789, 9.366214752197266, 14.75769329071045, 47.29751205444336, 10.861077308654785, 7.601600646972656, 24.963768005371094, 25.283763885498047, 5.7525739669799805, 32.08864974975586, 29.882221221923828, 49.922027587890625, 38.57403564453125, 26.506698608398438, 38.12163543701172, 50.8250617980957, 11.764915466308594, 47.36821365356445, 25.26850700378418, 15.630770683288574], "y_true_Pauli": [121.58999633789062, 132.22999572753906, 110.13999938964844, 153.25999450683594, 86.83000183105469, 104.2300033569336, 169.57000732421875, 165.5800018310547, 104.94999694824219, 182.86000061035156, 109.06999969482422, 169.50999450683594, 86.63999938964844, 94.88999938964844, 159.66000366210938, 75.29000091552734, 162.9499969482422, 128.49000549316406, 118.80999755859375, 107.31999969482422, 129.41000366210938, 145.3300018310547, 108.16000366210938, 91.12999725341797, 104.70999908447266, 121.87000274658203, 192.49000549316406, 120.58000183105469, 105.3499984741211, 112.75, 101.73999786376953, 38.099998474121094, 121.05000305175781, 122.22000122070312, 137.6999969482422, 109.4000015258789, 128.8800048828125], "y_true_elst": [-91.8499984741211, -119.69000244140625, -89.7300033569336, -129.82000732421875, -62.040000915527344, -78.18000030517578, -120.68000030517578, -120.43000030517578, -74.0199966430664, -142.97000122070312, -92.18000030517578, -123.05999755859375, -65.68000030517578, -70.7699966430664, -134.35000610351562, -55.630001068115234, -136.8699951171875, -94.7699966430664, -101.31999969482422, -75.83000183105469, -93.05000305175781, -121.27999877929688, -86.94000244140625, -66.48999786376953, -79.05999755859375, -92.8499984741211, -151.4600067138672, -98.87000274658203, -73.7300033569336, -79.05999755859375, -80.66000366210938, -43.209999084472656, -84.69999694824219, -90.25, -96.13999938964844, -83.91999816894531, -100.1500015258789], "y_true_oi": [-53.220001220703125, -71.58000183105469, -66.0, -79.9000015258789, -51.939998626708984, -61.9900016784668, -76.97000122070312, -99.44000244140625, -64.20999908447266, -105.54000091552734, -47.86000061035156, -93.01000213623047, -50.25, -56.56999969482422, -69.18000030517578, -43.93000030517578, -87.63999938964844, -75.38999938964844, -71.20999908447266, -63.61000061035156, -73.2699966430664, -80.87999725341797, -62.369998931884766, -51.279998779296875, -63.0, -67.9000015258789, -98.69999694824219, -76.31999969482422, -60.06999969482422, -64.22000122070312, -59.38999938964844, -19.90999984741211, -80.6500015258789, -67.72000122070312, -83.27999877929688, -66.27999877929688, -67.80999755859375], "y_true_disp": [-1.75, -2.299999952316284, -5.880000114440918, -2.549999952316284, -4.28000020980835, -4.789999961853027, -2.380000114440918, -5.679999828338623, -4.230000019073486, -1.7899999618530273, -2.009999990463257, -2.430000066757202, -2.119999885559082, -5.420000076293945, -2.109999895095825, -4.449999809265137, -2.2699999809265137, -4.480000019073486, -1.649999976158142, -5.96999979019165, -5.409999847412109, -2.359999895095825, -2.2300000190734863, -4.900000095367432, -4.519999980926514, -2.180000066757202, -2.7100000381469727, -5.28000020980835, -5.150000095367432, -4.519999980926514, -5.210000038146973, -4.460000038146973, -4.0, -2.240000009536743, -3.880000114440918, -5.900000095367432, -2.380000114440918], "y_pred_strain": [21.295948028564453, 18.618610382080078, 25.633567810058594, 23.9058780670166, 33.56055450439453, 43.28236389160156, 19.67121696472168, 57.78980255126953, 5.612666130065918, 18.282838821411133, 11.295428276062012, 24.11680030822754, 12.784605026245117, 40.595252990722656, 25.13397979736328, 19.172348022460938, 23.970857620239258, 50.824363708496094, 6.364831924438477, 22.15534019470215, 46.15375518798828, 15.402339935302734, 6.911130905151367, 29.564537048339844, 27.793724060058594, 9.27643871307373, 29.761037826538086, 28.371427536010742, 48.01041793823242, 43.190216064453125, 22.623807907104492, 36.095703125, 50.00831604003906, 15.955063819885254, 48.98988342285156, 24.10399055480957, 17.918453216552734], "y_pred_Pauli": [129.5968017578125, 140.3041534423828, 115.06771850585938, 155.73684692382812, 85.95515441894531, 105.00443267822266, 161.16648864746094, 156.11376953125, 95.20018005371094, 159.9207000732422, 114.48284912109375, 161.80690002441406, 98.64470672607422, 91.52766418457031, 157.1454620361328, 70.9022216796875, 153.85279846191406, 126.0125503540039, 119.16108703613281, 107.41181945800781, 123.1135025024414, 141.58786010742188, 104.31460571289062, 85.0947265625, 100.39725494384766, 119.99229431152344, 174.45375061035156, 118.33155822753906, 108.33611297607422, 111.16717529296875, 103.26061248779297, 53.804649353027344, 125.27494812011719, 118.44144439697266, 133.24668884277344, 111.3687515258789, 126.80244445800781], "y_pred_elst": [-95.43265533447266, -120.43115234375, -88.9918441772461, -128.86248779296875, -54.8322639465332, -79.80154418945312, -123.93385314941406, -120.83112335205078, -69.37406921386719, -126.69436645507812, -92.65882873535156, -122.76156616210938, -73.07545471191406, -68.24375915527344, -131.12106323242188, -50.739349365234375, -131.4497833251953, -91.00324249267578, -99.49665069580078, -80.92601013183594, -98.35407257080078, -116.39836120605469, -95.8597640991211, -64.43707275390625, -76.2034683227539, -98.82844543457031, -143.81565856933594, -92.89852905273438, -75.77952575683594, -83.76666259765625, -81.12886047363281, -53.43247604370117, -83.80770874023438, -96.8534164428711, -92.50074005126953, -84.58226013183594, -101.6268081665039], "y_pred_oi": [-49.897579193115234, -71.28073120117188, -69.12405395507812, -83.86874389648438, -53.25489807128906, -62.99722671508789, -65.01365661621094, -93.00556945800781, -61.64067459106445, -98.81328582763672, -48.260398864746094, -90.41425323486328, -56.774497985839844, -54.44791793823242, -65.99130249023438, -41.33119583129883, -87.11834716796875, -74.67752075195312, -70.23373413085938, -61.26903533935547, -69.39405822753906, -81.19855499267578, -62.49518585205078, -49.4482421875, -59.97117233276367, -66.88749694824219, -98.87907409667969, -75.57057189941406, -65.54749298095703, -60.798133850097656, -57.532257080078125, -29.35367202758789, -81.14695739746094, -64.2273941040039, -81.82882690429688, -65.76986694335938, -72.08662414550781],