{"arm": "xgb28_delta_family", "family": "qmrxn20_sn2", "fold": 4, "member": 0, "n_train": 150, "n_test": 37, "reaction_ids": ["qmrxn20_sn2_A_E_D_E_A_A", "qmrxn20_sn2_D_E_C_C_C_B", "qmrxn20_sn2_A_C_B_C_B_C", "qmrxn20_sn2_E_B_B_A_B_B", "qmrxn20_sn2_A_A_E_E_B_D", "qmrxn20_sn2_A_E_E_C_A_D", "qmrxn20_sn2_C_D_D_E_A_A", "qmrxn20_sn2_D_B_C_D_A_C", "qmrxn20_sn2_A_C_E_E_B_C", "qmrxn20_sn2_A_B_A_B_A_B", "qmrxn20_sn2_A_D_C_D_B_A", "qmrxn20_sn2_E_C_D_D_A_B", "qmrxn20_sn2_A_D_A_D_C_B", "qmrxn20_sn2_A_C_E_D_B_D", "qmrxn20_sn2_A_E_E_B_A_A", "qmrxn20_sn2_A_D_A_D_C_C", "qmrxn20_sn2_B_E_B_A_B_B", "qmrxn20_sn2_A_D_E_C_A_C", "qmrxn20_sn2_A_A_C_B_B_B", "qmrxn20_sn2_C_C_E_D_B_C", "qmrxn20_sn2_D_B_E_E_A_C", "qmrxn20_sn2_E_C_D_C_B_B", "qmrxn20_sn2_A_D_B_D_C_B", "qmrxn20_sn2_C_D_E_A_B_C", "qmrxn20_sn2_A_C_A_E_B_C", "qmrxn20_sn2_A_B_D_E_B_B", "qmrxn20_sn2_E_B_D_B_A_B", "qmrxn20_sn2_B_A_B_C_C_C", "qmrxn20_sn2_A_D_E_A_A_D", "qmrxn20_sn2_C_E_A_E_A_C", "qmrxn20_sn2_D_C_A_C_C_C", "qmrxn20_sn2_E_D_E_A_A_C", "qmrxn20_sn2_A_A_E_B_A_D", "qmrxn20_sn2_D_C_A_E_B_B", "qmrxn20_sn2_A_D_B_A_A_C", "qmrxn20_sn2_C_B_D_A_C_C", "qmrxn20_sn2_D_B_A_A_B_B"], "y_true_strain": [21.232402801513672, 19.78183937072754, 18.089576721191406, 22.773059844970703, 27.157960891723633, 40.797359466552734, 12.649491310119629, 66.80827331542969, 28.387479782104492, 31.52068328857422, 9.404703140258789, 25.82349967956543, 9.050326347351074, 31.098209381103516, 31.509254455566406, 20.056264877319336, 23.19513702392578, 57.21500015258789, 9.366214752197266, 14.75769329071045, 47.29751205444336, 10.861077308654785, 7.601600646972656, 24.963768005371094, 25.283763885498047, 5.7525739669799805, 32.08864974975586, 29.882221221923828, 49.922027587890625, 38.57403564453125, 26.506698608398438, 38.12163543701172, 50.8250617980957, 11.764915466308594, 47.36821365356445, 25.26850700378418, 15.630770683288574], "y_true_Pauli": [121.58999633789062, 132.22999572753906, 110.13999938964844, 153.25999450683594, 86.83000183105469, 104.2300033569336, 169.57000732421875, 165.5800018310547, 104.94999694824219, 182.86000061035156, 109.06999969482422, 169.50999450683594, 86.63999938964844, 94.88999938964844, 159.66000366210938, 75.29000091552734, 162.9499969482422, 128.49000549316406, 118.80999755859375, 107.31999969482422, 129.41000366210938, 145.3300018310547, 108.16000366210938, 91.12999725341797, 104.70999908447266, 121.87000274658203, 192.49000549316406, 120.58000183105469, 105.3499984741211, 112.75, 101.73999786376953, 38.099998474121094, 121.05000305175781, 122.22000122070312, 137.6999969482422, 109.4000015258789, 128.8800048828125], "y_true_elst": [-91.8499984741211, -119.69000244140625, -89.7300033569336, -129.82000732421875, -62.040000915527344, -78.18000030517578, -120.68000030517578, -120.43000030517578, -74.0199966430664, -142.97000122070312, -92.18000030517578, -123.05999755859375, -65.68000030517578, -70.7699966430664, -134.35000610351562, -55.630001068115234, -136.8699951171875, -94.7699966430664, -101.31999969482422, -75.83000183105469, -93.05000305175781, -121.27999877929688, -86.94000244140625, -66.48999786376953, -79.05999755859375, -92.8499984741211, -151.4600067138672, -98.87000274658203, -73.7300033569336, -79.05999755859375, -80.66000366210938, -43.209999084472656, -84.69999694824219, -90.25, -96.13999938964844, -83.91999816894531, -100.1500015258789], "y_true_oi": [-53.220001220703125, -71.58000183105469, -66.0, -79.9000015258789, -51.939998626708984, -61.9900016784668, -76.97000122070312, -99.44000244140625, -64.20999908447266, -105.54000091552734, -47.86000061035156, -93.01000213623047, -50.25, -56.56999969482422, -69.18000030517578, -43.93000030517578, -87.63999938964844, -75.38999938964844, -71.20999908447266, -63.61000061035156, -73.2699966430664, -80.87999725341797, -62.369998931884766, -51.279998779296875, -63.0, -67.9000015258789, -98.69999694824219, -76.31999969482422, -60.06999969482422, -64.22000122070312, -59.38999938964844, -19.90999984741211, -80.6500015258789, -67.72000122070312, -83.27999877929688, -66.27999877929688, -67.80999755859375], "y_true_disp": [-1.75, -2.299999952316284, -5.880000114440918, -2.549999952316284, -4.28000020980835, -4.789999961853027, -2.380000114440918, -5.679999828338623, -4.230000019073486, -1.7899999618530273, -2.009999990463257, -2.430000066757202, -2.119999885559082, -5.420000076293945, -2.109999895095825, -4.449999809265137, -2.2699999809265137, -4.480000019073486, -1.649999976158142, -5.96999979019165, -5.409999847412109, -2.359999895095825, -2.2300000190734863, -4.900000095367432, -4.519999980926514, -2.180000066757202, -2.7100000381469727, -5.28000020980835, -5.150000095367432, -4.519999980926514, -5.210000038146973, -4.460000038146973, -4.0, -2.240000009536743, -3.880000114440918, -5.900000095367432, -2.380000114440918], "y_pred_strain": [19.30402183532715, 18.716228485107422, 22.618061065673828, 23.996339797973633, 37.565128326416016, 44.225460052490234, 16.14979362487793, 55.50440979003906, 6.960119247436523, 18.485210418701172, 9.457415580749512, 24.021379470825195, 12.313076972961426, 39.83854675292969, 23.086212158203125, 18.41008186340332, 25.22063446044922, 48.76148223876953, 8.293227195739746, 20.502302169799805, 45.13348388671875, 17.297380447387695, 7.988057613372803, 26.25773048400879, 24.946258544921875, 6.734518527984619, 28.35909652709961, 29.196378707885742, 46.77457809448242, 39.64956283569336, 21.604354858398438, 34.87704849243164, 53.261688232421875, 14.979754447937012, 48.860260009765625, 24.336130142211914, 18.04606056213379], "y_pred_Pauli": [137.0074005126953, 134.80325317382812, 112.21426391601562, 148.52793884277344, 83.89873504638672, 109.8336410522461, 161.3564910888672, 158.13829040527344, 94.50277709960938, 162.34912109375, 111.736083984375, 167.71670532226562, 91.5821304321289, 92.62757110595703, 164.52365112304688, 69.9764175415039, 147.2224578857422, 124.1639633178711, 117.28422546386719, 106.55506134033203, 126.6491928100586, 139.7580108642578, 100.14981842041016, 82.19669342041016, 100.5338363647461, 114.55337524414062, 175.3620147705078, 121.87539672851562, 113.41522979736328, 113.40167999267578, 100.8177490234375, 50.26712417602539, 139.54759216308594, 115.13658142089844, 140.05911254882812, 117.20979309082031, 121.22954559326172], "y_pred_elst": [-99.27473449707031, -115.90179443359375, -84.98741912841797, -122.96884155273438, -55.22542953491211, -83.87890625, -121.38116455078125, -120.87603759765625, -69.37333679199219, -128.05604553222656, -88.86419677734375, -126.96868133544922, -67.05613708496094, -68.3919448852539, -135.0154571533203, -49.516178131103516, -126.59387969970703, -88.08275604248047, -98.86616516113281, -79.03942108154297, -100.35545349121094, -115.8315658569336, -92.87313842773438, -60.319217681884766, -74.61468505859375, -92.7529296875, -143.321533203125, -95.98859405517578, -78.71269989013672, -83.3363265991211, -78.6611328125, -49.69442367553711, -96.71099853515625, -93.6465072631836, -97.29488372802734, -89.35811614990234, -97.0601806640625], "y_pred_oi": [-54.94123077392578, -68.57010650634766, -71.2442626953125, -80.4395751953125, -49.625, -63.5891227722168, -68.51830291748047, -95.00601959228516, -61.120426177978516, -99.14623260498047, -49.4846305847168, -93.08849334716797, -54.83970260620117, -55.41779327392578, -70.95482635498047, -42.92411422729492, -83.13661193847656, -75.64391326904297, -68.43131256103516, -62.696556091308594, -71.05296325683594, -78.86892700195312, -60.80295181274414, -51.34739685058594, -63.253971099853516, -67.63336181640625, -100.25523376464844, -76.19652557373047, -68.37898254394531, -64.20903778076172, -56.85853958129883, -29.830307006835938, -84.34748840332031, -63.41545867919922, -85.28800964355469, -67.68528747558594, -68.95441436767578],