{"arm": "xgb28_delta_family", "family": "qmrxn20_sn2", "fold": 4, "member": 2, "n_train": 150, "n_test": 37, "reaction_ids": ["qmrxn20_sn2_A_E_D_E_A_A", "qmrxn20_sn2_D_E_C_C_C_B", "qmrxn20_sn2_A_C_B_C_B_C", "qmrxn20_sn2_E_B_B_A_B_B", "qmrxn20_sn2_A_A_E_E_B_D", "qmrxn20_sn2_A_E_E_C_A_D", "qmrxn20_sn2_C_D_D_E_A_A", "qmrxn20_sn2_D_B_C_D_A_C", "qmrxn20_sn2_A_C_E_E_B_C", "qmrxn20_sn2_A_B_A_B_A_B", "qmrxn20_sn2_A_D_C_D_B_A", "qmrxn20_sn2_E_C_D_D_A_B", "qmrxn20_sn2_A_D_A_D_C_B", "qmrxn20_sn2_A_C_E_D_B_D", "qmrxn20_sn2_A_E_E_B_A_A", "qmrxn20_sn2_A_D_A_D_C_C", "qmrxn20_sn2_B_E_B_A_B_B", "qmrxn20_sn2_A_D_E_C_A_C", "qmrxn20_sn2_A_A_C_B_B_B", "qmrxn20_sn2_C_C_E_D_B_C", "qmrxn20_sn2_D_B_E_E_A_C", "qmrxn20_sn2_E_C_D_C_B_B", "qmrxn20_sn2_A_D_B_D_C_B", "qmrxn20_sn2_C_D_E_A_B_C", "qmrxn20_sn2_A_C_A_E_B_C", "qmrxn20_sn2_A_B_D_E_B_B", "qmrxn20_sn2_E_B_D_B_A_B", "qmrxn20_sn2_B_A_B_C_C_C", "qmrxn20_sn2_A_D_E_A_A_D", "qmrxn20_sn2_C_E_A_E_A_C", "qmrxn20_sn2_D_C_A_C_C_C", "qmrxn20_sn2_E_D_E_A_A_C", "qmrxn20_sn2_A_A_E_B_A_D", "qmrxn20_sn2_D_C_A_E_B_B", "qmrxn20_sn2_A_D_B_A_A_C", "qmrxn20_sn2_C_B_D_A_C_C", "qmrxn20_sn2_D_B_A_A_B_B"], "y_true_strain": [21.232402801513672, 19.78183937072754, 18.089576721191406, 22.773059844970703, 27.157960891723633, 40.797359466552734, 12.649491310119629, 66.80827331542969, 28.387479782104492, 31.52068328857422, 9.404703140258789, 25.82349967956543, 9.050326347351074, 31.098209381103516, 31.509254455566406, 20.056264877319336, 23.19513702392578, 57.21500015258789, 9.366214752197266, 14.75769329071045, 47.29751205444336, 10.861077308654785, 7.601600646972656, 24.963768005371094, 25.283763885498047, 5.7525739669799805, 32.08864974975586, 29.882221221923828, 49.922027587890625, 38.57403564453125, 26.506698608398438, 38.12163543701172, 50.8250617980957, 11.764915466308594, 47.36821365356445, 25.26850700378418, 15.630770683288574], "y_true_Pauli": [121.58999633789062, 132.22999572753906, 110.13999938964844, 153.25999450683594, 86.83000183105469, 104.2300033569336, 169.57000732421875, 165.5800018310547, 104.94999694824219, 182.86000061035156, 109.06999969482422, 169.50999450683594, 86.63999938964844, 94.88999938964844, 159.66000366210938, 75.29000091552734, 162.9499969482422, 128.49000549316406, 118.80999755859375, 107.31999969482422, 129.41000366210938, 145.3300018310547, 108.16000366210938, 91.12999725341797, 104.70999908447266, 121.87000274658203, 192.49000549316406, 120.58000183105469, 105.3499984741211, 112.75, 101.73999786376953, 38.099998474121094, 121.05000305175781, 122.22000122070312, 137.6999969482422, 109.4000015258789, 128.8800048828125], "y_true_elst": [-91.8499984741211, -119.69000244140625, -89.7300033569336, -129.82000732421875, -62.040000915527344, -78.18000030517578, -120.68000030517578, -120.43000030517578, -74.0199966430664, -142.97000122070312, -92.18000030517578, -123.05999755859375, -65.68000030517578, -70.7699966430664, -134.35000610351562, -55.630001068115234, -136.8699951171875, -94.7699966430664, -101.31999969482422, -75.83000183105469, -93.05000305175781, -121.27999877929688, -86.94000244140625, -66.48999786376953, -79.05999755859375, -92.8499984741211, -151.4600067138672, -98.87000274658203, -73.7300033569336, -79.05999755859375, -80.66000366210938, -43.209999084472656, -84.69999694824219, -90.25, -96.13999938964844, -83.91999816894531, -100.1500015258789], "y_true_oi": [-53.220001220703125, -71.58000183105469, -66.0, -79.9000015258789, -51.939998626708984, -61.9900016784668, -76.97000122070312, -99.44000244140625, -64.20999908447266, -105.54000091552734, -47.86000061035156, -93.01000213623047, -50.25, -56.56999969482422, -69.18000030517578, -43.93000030517578, -87.63999938964844, -75.38999938964844, -71.20999908447266, -63.61000061035156, -73.2699966430664, -80.87999725341797, -62.369998931884766, -51.279998779296875, -63.0, -67.9000015258789, -98.69999694824219, -76.31999969482422, -60.06999969482422, -64.22000122070312, -59.38999938964844, -19.90999984741211, -80.6500015258789, -67.72000122070312, -83.27999877929688, -66.27999877929688, -67.80999755859375], "y_true_disp": [-1.75, -2.299999952316284, -5.880000114440918, -2.549999952316284, -4.28000020980835, -4.789999961853027, -2.380000114440918, -5.679999828338623, -4.230000019073486, -1.7899999618530273, -2.009999990463257, -2.430000066757202, -2.119999885559082, -5.420000076293945, -2.109999895095825, -4.449999809265137, -2.2699999809265137, -4.480000019073486, -1.649999976158142, -5.96999979019165, -5.409999847412109, -2.359999895095825, -2.2300000190734863, -4.900000095367432, -4.519999980926514, -2.180000066757202, -2.7100000381469727, -5.28000020980835, -5.150000095367432, -4.519999980926514, -5.210000038146973, -4.460000038146973, -4.0, -2.240000009536743, -3.880000114440918, -5.900000095367432, -2.380000114440918], "y_pred_strain": [21.43719482421875, 17.909255981445312, 23.030879974365234, 23.635637283325195, 37.1905403137207, 42.23094940185547, 17.851943969726562, 54.658226013183594, 7.629556655883789, 17.41901397705078, 10.524709701538086, 24.08672523498535, 12.814881324768066, 40.334388732910156, 22.31199073791504, 21.839941024780273, 24.191152572631836, 47.917152404785156, 7.6343560218811035, 21.631153106689453, 44.40842056274414, 16.0043888092041, 10.320145606994629, 30.251665115356445, 26.344688415527344, 7.491949081420898, 28.308507919311523, 29.115570068359375, 45.87838363647461, 40.963165283203125, 22.715972900390625, 37.47967529296875, 53.401065826416016, 15.381035804748535, 48.45875930786133, 25.765926361083984, 17.887969970703125], "y_pred_Pauli": [142.34115600585938, 133.72613525390625, 113.53160095214844, 158.1016082763672, 88.08316802978516, 108.3804702758789, 171.3903350830078, 151.26388549804688, 100.76072692871094, 170.04335021972656, 112.22559356689453, 168.60597229003906, 99.55167388916016, 93.1322250366211, 157.89141845703125, 74.02713775634766, 162.01010131835938, 123.03353118896484, 119.13529968261719, 109.9545669555664, 122.57720184326172, 143.78582763671875, 103.81494903564453, 87.13191986083984, 101.99641418457031, 119.81033325195312, 177.07887268066406, 118.34184265136719, 101.17576599121094, 107.3964614868164, 92.49237823486328, 57.820926666259766, 134.8369903564453, 113.09699249267578, 136.7890625, 110.79400634765625, 121.37966918945312], "y_pred_elst": [-105.24615478515625, -115.83512115478516, -86.43695068359375, -133.51473999023438, -62.25965118408203, -83.52581787109375, -125.4505386352539, -113.7203598022461, -76.06005859375, -128.1890411376953, -89.51557922363281, -122.49234008789062, -74.25027465820312, -71.78137969970703, -132.6220703125, -55.91694259643555, -140.56463623046875, -88.48619842529297, -99.68256378173828, -81.65032958984375, -99.78256225585938, -115.2386474609375, -96.15293884277344, -69.9822998046875, -78.1623764038086, -93.40795135498047, -143.17135620117188, -93.240478515625, -65.03036499023438, -82.54100036621094, -73.84717559814453, -61.36331558227539, -91.23238372802734, -93.5176773071289, -93.97594451904297, -81.48394012451172, -99.4056167602539], "y_pred_oi": [-54.02462387084961, -68.79039764404297, -70.8731689453125, -82.50618743896484, -49.21385955810547, -63.80675506591797, -73.97103881835938, -94.74394989013672, -61.58897018432617, -107.47297668457031, -48.819061279296875, -97.30473327636719, -57.16567611694336, -53.42082214355469, -66.43219757080078, -40.0685920715332, -87.73471069335938, -74.7758560180664, -69.99577331542969, -63.35342788696289, -68.29607391357422, -84.27446746826172, -60.92219543457031, -46.532135009765625, -60.76402282714844, -71.6869888305664, -102.23597717285156, -75.33843231201172, -67.8248519897461, -58.67586898803711, -52.802101135253906, -26.793663024902344, -83.92947387695312, -61.91695022583008, -84.40324401855469, -67.1775894165039, -68.48491668701172],