channel,seed,key,n_cand,top1,top3,spearman
d1_own_dft,42,*C#CC(=O)N([H])C([H])([H])[H].CC(=O)c1[nH+][c-](C)c(=O)o1|CCCCN|water|298.15,4,False,True,-0.6000000000000001
d1_own_dft,42,*C(=O)C#CF.CNC(=O)c1[nH+][c-](C#N)c(=O)o1|CCCCN|water|298.15,3,True,True,
d1_own_dft,42,*C([H])=C([H])[H].N#Cc1oc(=O)[c-](-c2ccccc2)[o+]1|CCCCO|water|298.15,3,True,True,
d1_own_dft,42,*C1=C(C([H])([H])[H])C2([H])C([H])([H])C([H])([H])C1([H])C2([H])[H].COC(=O)[N-][N+]#CC(C)=O|CCCNN|water|298.15,3,True,True,
d1_own_dft,42,*C(=C(C([H])([H])[H])C([H])([H])[H])C([H])([H])[H].COC(=O)[c-]1[nH+]c(C(C)=O)oc1=O|CCCCN|water|298.15,3,True,True,
d1_own_dft,42,*C#CC(=O)OC([H])([H])[H].CNC(=O)[c-]1c(=O)oc(C#N)[n+]1C|CCCCN|water|298.15,4,False,True,0.7999999999999999
d1_own_dft,42,*C(=[O+][N-]C([H])([H])[H])c1c([H])c([H])c([H])c([H])c1[H].CNC(=O)C1=C(C#N)C2CCC1C2|CCCNO|water|298.15,4,True,True,0.7999999999999999
d1_own_dft,42,*[C-]([O+]=C(C#N)C(=O)OC([H])([H])[H])C([H])([H])[H].CNC(=O)C1=C(F)C2CCC1C2|CCCCO|water|298.15,4,True,True,1.0
d1_own_dft,42,*c1oc(=O)[c-](-c2c([H])c([H])c([H])c([H])c2[H])[n+]1C([H])([H])[H].CC(=O)C1=C(Cl)C2CCC1C2|CCCCN|water|298.15,4,False,True,0.7999999999999999
d1_own_dft,42,*c1oc(=O)[c-](C(=O)OC([H])([H])[H])[o+]1.CC(=O)C1=C(Br)C2CCC1C2|CCCCO|water|298.15,4,False,True,0.6000000000000001
d1_own_dft,42,*C([H])=[N+]([C-](C#N)C(=O)C([H])([H])[H])C([H])([H])[H].N#CC1=C(c2ccccc2)C2CCC1C2|CCCCN|water|298.15,4,False,True,0.7999999999999999
d1_own_dft,42,*C1=C([H])C2([H])C([H])([H])C([H])([H])C1([H])C2([H])[H].COC(=O)[C-](C)[O+]=C(c1ccccc1)c1ccccc1|CCCCO|water|298.15,3,True,True,
d1_own_dft,42,*C1=C(Br)C2([H])C([H])([H])C([H])([H])C1([H])C2([H])[H].CC(=O)c1[nH+][c-](-c2ccccc2)c(=O)o1|CCCCN|water|298.15,4,False,True,0.7999999999999999
d1_own_dft,42,*C(c1c([H])c([H])c([H])c([H])c1[H])=[N+]([C-](C(=O)N([H])C([H])([H])[H])C([H])([H])[H])C([H])([H])[H].CC1=C(Br)C2C=CC1O2|CCCCN|water|298.15,7,False,True,0.8214285714285715
d1_own_dft,42,*C1=C(C(F)(F)F)C2([H])OC1([H])C([H])=C2[H].COC(=O)[C-]([N+]#CC(C)=O)c1ccccc1|CCCCN|water|298.15,5,True,True,0.9999999999999999
d1_own_dft,42,*C(=O)C1=C(Br)C2([H])OC1([H])C([H])=C2[H].CNC(=O)C(=[NH+][C-](C)C#N)C(=O)OC|CCCCN|water|298.15,8,True,True,0.8571428571428572
d1_own_dft,42,*C1(C([H])([H])[H])C#CC(c2c([H])c([H])c([H])c([H])c2[H])(c2c([H])c([H])c([H])c([H])c2[H])C([H])([H])C([H])([H])C([H])([H])C1([H])[H].CNC(=O)[C-](C#N)[NH+]=C(C)C#N|CCCCN|water|298.15,4,True,True,1.0
d1_own_dft,42,*[C-]([O+]=C(C(=O)N([H])C([H])([H])[H])c1c([H])c([H])c([H])c([H])c1[H])C([H])([H])[H].CNC(=O)C1=C(Br)C2CCC1C2|CCCCO|water|298.15,3,False,True,
d1_own_dft,42,*C1([H])C#CC(C(=O)OC([H])([H])[H])(C(=O)OC([H])([H])[H])C([H])([H])C([H])([H])C([H])([H])C1([H])[H].CC(=O)[c-]1c(=O)oc(-c2ccccc2)[n+]1C|CCCCN|water|298.15,4,True,True,1.0
d1_own_dft,42,*C1(c2c([H])c([H])c([H])c([H])c2[H])C#CC(c2c([H])c([H])c([H])c([H])c2[H])(c2c([H])c([H])c([H])c([H])c2[H])C([H])([H])C([H])([H])C([H])([H])C1([H])[H].C[C-]([N+]#N)c1ccccc1|CCCNN|water|298.15,3,True,True,
d1_own_dft,42,*C#[N+][C-]([H])c1c([H])c([H])c([H])c([H])c1[H].C=C|CCCCN|water|298.15,3,True,True,
d1_own_dft,42,*[C-]([H])[N+](=C(C#N)C([H])([H])[H])C([H])([H])[H].C/C=C\C|CCCCN|water|298.15,3,True,True,
d1_own_dft,42,*C([H])=C(C([H])([H])[H])C([H])([H])[H].C[c-]1[o+]noc1=O|CCCNO|water|298.15,4,True,True,1.0
d1_own_dft,42,*[c-]1[o+]noc1=O.CC(C)=CC=O|CCCNO|water|298.15,4,False,True,0.7999999999999999
d1_own_dft,42,*[C-]([N+]#CC(=O)OC([H])([H])[H])C([H])([H])[H].CC(C)=CC=O|CCCCN|water|298.15,6,True,True,0.7714285714285715
d1_own_dft,42,*[C-]([H])[N+]#CC(=O)C([H])([H])[H].CC(C)=CC=O|CCCCN|water|298.15,4,True,True,1.0
d1_own_dft,42,*[C-]([N+]#CC(=O)C([H])([H])[H])C(=O)C([H])([H])[H].CC(C)=CC=O|CCCCN|water|298.15,3,True,True,
d1_own_dft,42,*C#[N+][C-](c1c([H])c([H])c([H])c([H])c1[H])C([H])([H])[H].C/C=C\C|CCCCN|water|298.15,4,True,True,1.0
d1_own_dft,42,*C#[N+][C-](C([H])([H])[H])C([H])([H])[H].C=C(C)/C=C/C=C(C)C|CCCCN|water|298.15,9,True,True,0.7333333333333334
d1_own_dft,42,*C(C(=O)C([H])([H])[H])=[N+]([C-]([H])C([H])([H])[H])C([H])([H])[H].CC(C)=CC=O|CCCCN|water|298.15,4,False,True,0.39999999999999997
d1_own_dft,42,*C#[N+][C-](C#N)C(=O)C([H])([H])[H].CC(C)=C(C)C|CCCCN|water|298.15,3,True,True,
d1_own_dft,42,*C(C#N)=[N+]([H])[N-]C(=O)C([H])([H])[H].CC(C)=CC=O|CCCNN|water|298.15,4,False,True,0.7999999999999999
d1_own_dft,42,*C(C(=O)OC([H])([H])[H])=[N+]([H])[N-]C#N.CC(C)=CC=O|CCCNN|water|298.15,4,False,True,0.7999999999999999
d1_own_dft,42,*C(=O)[c-]1c(=O)oc(C([H])([H])[H])[n+]1[H].CC(C)=CC=O|CCCCN|water|298.15,3,True,True,
d1_own_dft,42,*[c-]1[o+]noc1=O.C=C(C)/C=C/C=C(C)C|CCCNO|water|298.15,8,False,True,0.4523809523809524
d1_own_dft,42,*[N-][N+]#CC([H])([H])[H].C=C(C)/C=C/C=C(C)C|CCCNN|water|298.15,7,False,True,0.7857142857142859
d1_own_dft,42,*[C-]([N+]#CC(=O)C([H])([H])[H])c1c([H])c([H])c([H])c([H])c1[H].C/C=C\C|CCCCN|water|298.15,3,False,True,
d1_own_dft,42,*C([H])=C(C([H])([H])[H])C([H])([H])[H].CNC(=O)[c-]1[nH+]c(C)oc1=O|CCCCN|water|298.15,4,True,True,1.0
d1_own_dft,42,*c1oc(=O)[c-](C(=O)N([H])C([H])([H])[H])[n+]1[H].CC(C)=CC=O|CCCCN|water|298.15,4,False,True,0.39999999999999997
d1_own_dft,42,*[C-]([N+]#CC(=O)C([H])([H])[H])c1c([H])c([H])c([H])c([H])c1[H].CC(C)=CC=O|CCCCN|water|298.15,5,True,True,0.8999999999999998
d1_own_dft,42,*c1oc(=O)[c-](C([H])([H])[H])[n+]1[H].C=C(C)/C=C/C=C(C)C|CCCCN|water|298.15,18,False,True,0.9525283797729618
d1_own_dft,42,*[C-]([N+]#N)C(=O)OC([H])([H])[H].C=C(C)/C=C/C=C(C)C|CCCNN|water|298.15,9,False,True,0.9166666666666666
d1_own_dft,42,*c1oc(=O)[c-](C([H])([H])[H])[n+]1[H].CN1C=CCC(C(N)=O)=C1|CCCCN|water|298.15,6,True,True,1.0
d1_own_dft,42,*[c-]1c(=O)oc(C([H])([H])[H])[n+]1[H].CN1C=CCC(C(N)=O)=C1|CCCCN|water|298.15,12,True,True,0.9300699300699302
d1_own_dft,42,*[C-]([N+]#CC(=O)OC([H])([H])[H])C([H])([H])[H].C=C(C)/C=C/C=C(C)C|CCCCN|water|298.15,15,True,True,0.8678571428571429
d1_own_dft,42,*C#[N+][N-]c1c([H])c([H])c([H])c([H])c1[H].C=C(C)/C=C/C=C(C)C|CCCNN|water|298.15,3,True,True,
d1_own_dft,42,*[C-](C(=O)N([H])C([H])([H])[H])[N+]([H])=C(C(=O)N([H])C([H])([H])[H])C([H])([H])[H].CC(C)=CC=O|CCCCN|water|298.15,4,False,True,0.7999999999999999
d1_own_dft,42,*C([H])=C(C([H])([H])[H])C([H])([H])[H].C[c-]1[nH+]c(-c2ccccc2)oc1=O|CCCCN|water|298.15,3,True,True,
d1_own_dft,42,*[c-]1[o+]c(C#N)oc1=O.CN1C=CCC(C(N)=O)=C1|CCCCO|water|298.15,5,True,True,0.9999999999999999
d1_own_dft,42,*[C-]([N+]#CC#N)C(=O)OC([H])([H])[H].C=C(C)/C=C/C=C(C)C|CCCCN|water|298.15,14,False,False,0.6263736263736264
d1_own_dft,42,*C([H])=C(C([H])([H])[H])C([H])([H])[H].COC(=O)[N-][NH+]=Cc1ccccc1|CCCNN|water|298.15,3,True,True,
d1_own_dft,42,*[N+]([N-]C(=O)OC([H])([H])[H])=C([H])c1c([H])c([H])c([H])c([H])c1[H].CC(C)=CC=O|CCCNN|water|298.15,3,True,True,
d1_own_dft,42,*C(=O)C#[N+][C-](C(=O)C([H])([H])[H])C([H])([H])[H].C=C(C)/C=C/C=C(C)C|CCCCN|water|298.15,8,False,True,0.880952380952381
d1_own_dft,42,*[C-]([N+]#CC(=O)C([H])([H])[H])C(=O)C([H])([H])[H].C=C(C)/C=C/C=C(C)C|CCCCN|water|298.15,8,False,True,0.880952380952381
d1_own_dft,42,*C(C(=O)OC([H])([H])[H])=[N+]([H])[C-]([H])C#N.C=C(C)/C=C/C=C(C)C|CCCCN|water|298.15,12,True,True,0.9930069930069931
d1_own_dft,42,*C(C(=O)N([H])C([H])([H])[H])=[N+]([C-]([H])C#N)C([H])([H])[H].CC(C)=CC=O|CCCCN|water|298.15,4,True,True,0.39999999999999997
d1_own_dft,42,*[C-]([H])[N+](=C(C(=O)N([H])C([H])([H])[H])C(=O)C([H])([H])[H])C([H])([H])[H].CC(C)=CC=O|CCCCN|water|298.15,4,False,True,0.39999999999999997
d1_own_dft,42,*[C-](C#N)[N+]#CC(=O)OC([H])([H])[H].CN1C=CCC(C(N)=O)=C1|CCCCN|water|298.15,5,True,True,0.9999999999999999
d1_own_dft,42,*[C-]([N+]#CC#N)C([H])([H])[H].COC1=C(OC)C(=O)C(C)=C(C)C1=O|CCCCN|water|298.15,4,True,True,1.0
d1_own_dft,42,*[C-](C#N)[N+]([H])=C(C(=O)N([H])C([H])([H])[H])C([H])([H])[H].CN1C=CCC(C(N)=O)=C1|CCCCN|water|298.15,7,True,True,0.8571428571428573
d1_own_dft,42,*C([H])=C(C([H])([H])[H])C([H])([H])[H].C[CH-][N+](C)=C(C(C)=O)c1ccccc1|CCCCN|water|298.15,4,True,True,0.7999999999999999
d1_own_dft,42,*C([H])=[N+]([C-](c1c([H])c([H])c([H])c([H])c1[H])C([H])([H])[H])C([H])([H])[H].C=C(C)/C=C/C=C(C)C|CCCCN|water|298.15,15,True,True,0.9857142857142854
d1_own_dft,42,*C([H])=[O+][N-]C(=O)OC([H])([H])[H].CN1C=CCC(C(N)=O)=C1|CCCNO|water|298.15,4,True,True,1.0
d1_own_dft,42,*[C-](C#N)[N+](=C(C(=O)N([H])C([H])([H])[H])C(=O)N([H])C([H])([H])[H])C([H])([H])[H].CC(C)=CC=O|CCCCN|water|298.15,4,True,True,1.0
d1_own_dft,42,*c1oc(=O)[c-](C(=O)N([H])C([H])([H])[H])[n+]1[H].C=C(C)/C=C/C=C(C)C|CCCCN|water|298.15,11,True,True,0.881818181818182
d1_own_dft,42,*C([H])=C(C([H])([H])[H])C([H])([H])[H].CC(=O)C#[N+][C-](C(C)=O)c1ccccc1|CCCCN|water|298.15,3,True,True,
d1_own_dft,42,*C(=O)C#[N+][C-](C(=O)C([H])([H])[H])c1c([H])c([H])c([H])c([H])c1[H].CC(C)=CC=O|CCCCN|water|298.15,3,True,True,
d1_own_dft,42,*C(=O)[C-]([N+]#CC#N)C(=O)C([H])([H])[H].C=C(C)/C=C/C=C(C)C|CCCCN|water|298.15,8,False,False,0.7142857142857144
d1_own_dft,42,*[C-]([N+]#CC#N)C(=O)C([H])([H])[H].C=C(C)/C=C/C=C(C)C|CCCCN|water|298.15,12,False,False,0.6643356643356644
d1_own_dft,42,*C#[N+][C-](C(=O)OC([H])([H])[H])C(=O)C([H])([H])[H].C=C(C)/C=C/C=C(C)C|CCCCN|water|298.15,10,False,False,0.8787878787878788
d1_own_dft,42,*C(C(=O)C([H])([H])[H])=[N+]([H])[N-]c1c([H])c([H])c([H])c([H])c1[H].C=C(C)/C=C/C=C(C)C|CCCNN|water|298.15,10,True,True,0.9636363636363635
d1_own_dft,42,*[C-]([N+]#CC#N)C(=O)N([H])C([H])([H])[H].C=C(C)/C=C/C=C(C)C|CCCCN|water|298.15,8,False,True,0.9285714285714287
d1_own_dft,42,*C(c1c([H])c([H])c([H])c([H])c1[H])=[N+]([N-][H])C([H])([H])[H].CN1C=CCC(C(N)=O)=C1|CCCNN|water|298.15,5,True,True,0.8999999999999998
d1_own_dft,42,*c1oc(=O)[c-](C(=O)N([H])C([H])([H])[H])[o+]1.C=C(C)/C=C/C=C(C)C|CCCCO|water|298.15,12,True,True,1.0
d1_own_dft,42,*[c-]1c(=O)oc(C(=O)C([H])([H])[H])[n+]1C([H])([H])[H].CN1C=CCC(C(N)=O)=C1|CCCCN|water|298.15,10,True,True,0.8545454545454544
d1_own_dft,42,*[N-][N+]#CC(=O)N([H])C([H])([H])[H].COC1=C(OC)C(=O)C(C)=C(C)C1=O|CCCNN|water|298.15,3,True,True,
d1_own_dft,42,*C#[N+][C-](C#N)C([H])([H])[H].COC1=C(OC)C(=O)C(C)=C(C)C1=O|CCCCN|water|298.15,6,True,True,1.0
d1_own_dft,42,*C(C#N)=[N+]([C-](C(=O)N([H])C([H])([H])[H])C([H])([H])[H])C([H])([H])[H].CC(C)=CC=O|CCCCN|water|298.15,4,True,True,1.0
d1_own_dft,42,*C(=[O+][N-]C(=O)OC([H])([H])[H])C(=O)N([H])C([H])([H])[H].CN1C=CCC(C(N)=O)=C1|CCCNO|water|298.15,3,True,True,
d1_own_dft,42,*C#[N+][C-](C(=O)N([H])C([H])([H])[H])c1c([H])c([H])c([H])c([H])c1[H].CC(C)=CC=O|CCCCN|water|298.15,4,True,True,1.0
d1_own_dft,42,*[C-](C(=O)N([H])C([H])([H])[H])[N+](=C(C#N)C#N)C([H])([H])[H].CN1C=CCC(C(N)=O)=C1|CCCCN|water|298.15,8,False,True,0.7619047619047621
d1_own_dft,42,*[C-](C(=O)OC([H])([H])[H])[N+]([H])=C(C(=O)N([H])C([H])([H])[H])C(=O)N([H])C([H])([H])[H].CC(C)=CC=O|CCCCN|water|298.15,4,True,True,0.7999999999999999
d1_own_dft,42,*[C-]([N+]#CC#N)C(=O)N([H])C([H])([H])[H].CN1C=CCC(C(N)=O)=C1|CCCCN|water|298.15,4,True,True,0.7999999999999999
d1_own_dft,42,*C#[N+][C-](C(=O)OC([H])([H])[H])c1c([H])c([H])c([H])c([H])c1[H].C=C(C)/C=C/C=C(C)C|CCCCN|water|298.15,7,True,True,0.8571428571428573
d1_own_dft,42,*[c-]1c(=O)oc(-c2c([H])c([H])c([H])c([H])c2[H])[n+]1[H].C=C(C)/C=C/C=C(C)C|CCCCN|water|298.15,18,True,True,0.9834881320949431
d1_own_dft,42,*C(=O)C#[N+][N-]C#N.COC1=C(OC)C(=O)C(C)=C(C)C1=O|CCCNN|water|298.15,3,False,True,
d1_own_dft,42,*[C-](C(=O)N([H])C([H])([H])[H])[N+](=C(C#N)c1c([H])c([H])c([H])c([H])c1[H])C([H])([H])[H].CC(C)=CC=O|CCCCN|water|298.15,4,True,True,1.0
d1_own_dft,42,*C#[N+][C-](C(=O)OC([H])([H])[H])C(=O)OC([H])([H])[H].C=C(C)/C=C/C=C(C)C|CCCCN|water|298.15,6,False,True,0.8285714285714287
d1_own_dft,42,*C([H])=[O+][C-](C#N)c1c([H])c([H])c([H])c([H])c1[H].CN1C=CCC(C(N)=O)=C1|CCCCO|water|298.15,5,True,True,0.9999999999999999
d1_own_dft,42,*C(=O)[C-]([N+]#CC#N)c1c([H])c([H])c([H])c([H])c1[H].C=C(C)/C=C/C=C(C)C|CCCCN|water|298.15,9,False,True,0.7166666666666667
d1_own_dft,42,*C#[N+][C-](C(=O)C([H])([H])[H])c1c([H])c([H])c([H])c([H])c1[H].C=C(C)/C=C/C=C(C)C|CCCCN|water|298.15,9,False,True,0.9
d1_own_dft,42,*c1oc(=O)[c-](C(=O)OC([H])([H])[H])[n+]1C([H])([H])[H].CN1C=CCC(C(N)=O)=C1|CCCCN|water|298.15,11,True,True,0.9727272727272729
d1_own_dft,42,*c1oc(=O)[c-](-c2c([H])c([H])c([H])c([H])c2[H])[n+]1[H].CN1C=CCC(C(N)=O)=C1|CCCCN|water|298.15,7,True,True,1.0
d1_own_dft,42,*C(=[N+]([H])[C-](C#N)c1c([H])c([H])c([H])c([H])c1[H])C([H])([H])[H].CN1C=CCC(C(N)=O)=C1|CCCCN|water|298.15,8,True,True,0.9047619047619048
d1_own_dft,42,*[C-](c1c([H])c([H])c([H])c([H])c1[H])[N+]([H])=C(C([H])([H])[H])C([H])([H])[H].CN1C=CCC(C(N)=O)=C1|CCCCN|water|298.15,8,True,True,0.7857142857142858
d1_own_dft,42,*[C-]([O+]=C([H])C(=O)C([H])([H])[H])c1c([H])c([H])c([H])c([H])c1[H].C=C(C)/C=C/C=C(C)C|CCCCO|water|298.15,10,True,True,0.9878787878787878
d1_own_dft,42,*[N-][O+]=C(C(=O)OC([H])([H])[H])C(=O)N([H])C([H])([H])[H].CN1C=CCC(C(N)=O)=C1|CCCNO|water|298.15,4,False,True,0.6000000000000001
d1_own_dft,42,*[c-]1c(=O)oc(C#N)[n+]1C([H])([H])[H].CN1C=CCC(C(N)=O)=C1|CCCCN|water|298.15,7,True,True,0.9642857142857145
d1_own_dft,42,*[N-][O+]=C([H])c1c([H])c([H])c([H])c([H])c1[H].CN1C=CCC(C(N)=O)=C1|CCCNO|water|298.15,5,True,True,0.8999999999999998
d1_own_dft,42,*C(C(=O)OC([H])([H])[H])=[N+]([H])[C-](C#N)C#N.C=C(C)/C=C/C=C(C)C|CCCCN|water|298.15,11,True,True,0.990909090909091
d1_own_dft,42,*[C-]([O+]=C([H])c1c([H])c([H])c([H])c([H])c1[H])C(=O)OC([H])([H])[H].C=C(C)/C=C/C=C(C)C|CCCCO|water|298.15,10,True,True,0.9636363636363635
d1_own_dft,42,*[c-]1[o+]c(C(=O)OC([H])([H])[H])oc1=O.CN1C=CCC(C(N)=O)=C1|CCCCO|water|298.15,6,True,True,1.0
d1_own_dft,42,*C(c1c([H])c([H])c([H])c([H])c1[H])=[N+]([C-](C#N)C#N)C([H])([H])[H].CN1C=CCC(C(N)=O)=C1|CCCCN|water|298.15,10,True,True,0.9999999999999999
d1_own_dft,42,*C([H])=C(C([H])([H])[H])C([H])([H])[H].CNC(=O)C(=[O+][N-]c1ccccc1)C(=O)OC|CCCNO|water|298.15,4,False,True,0.7999999999999999
d1_own_dft,42,*C([H])=C(C([H])([H])[H])C([H])([H])[H].COC(=O)[CH-][O+]=C(C(=O)OC)c1ccccc1|CCCCO|water|298.15,4,True,True,1.0
d1_own_dft,42,*C#[N+][C-](C(=O)C([H])([H])[H])C(=O)C([H])([H])[H].CN1C=CCC(C(N)=O)=C1|CCCCN|water|298.15,4,True,True,0.39999999999999997
d1_own_dft,42,*[C-]([N+]#CC(=O)N([H])C([H])([H])[H])C(=O)OC([H])([H])[H].C=C(C)/C=C/C=C(C)C|CCCCN|water|298.15,10,True,True,0.9151515151515152
d1_own_dft,42,*C(c1c([H])c([H])c([H])c([H])c1[H])=[N+]([N-]C(=O)C([H])([H])[H])C([H])([H])[H].C=C(C)/C=C/C=C(C)C|CCCNN|water|298.15,7,True,True,0.9642857142857145
d1_own_dft,42,*[C-]([H])[O+]=C(C(=O)OC([H])([H])[H])c1c([H])c([H])c([H])c([H])c1[H].C=C(C)/C=C/C=C(C)C|CCCCO|water|298.15,10,True,True,0.9272727272727272
d1_own_dft,42,*[C-]([N+]#Cc1c([H])c([H])c([H])c([H])c1[H])c1c([H])c([H])c([H])c([H])c1[H].CN1C=CCC(C(N)=O)=C1|CCCCN|water|298.15,7,True,True,1.0
d1_own_dft,42,*C#[N+][C-](c1c([H])c([H])c([H])c([H])c1[H])c1c([H])c([H])c([H])c([H])c1[H].CN1C=CCC(C(N)=O)=C1|CCCCN|water|298.15,9,False,True,0.7999999999999999
d1_own_dft,42,*C(=[N+]([H])[C-](C(=O)N([H])C([H])([H])[H])C(=O)N([H])C([H])([H])[H])C([H])([H])[H].CN1C=CCC(C(N)=O)=C1|CCCCN|water|298.15,7,True,True,0.8571428571428573
d1_own_dft,42,*c1oc(=O)[c-](-c2c([H])c([H])c([H])c([H])c2[H])[n+]1C([H])([H])[H].CN1C=CCC(C(N)=O)=C1|CCCCN|water|298.15,8,True,True,0.9761904761904763
d1_own_dft,42,*[n+]1c(-c2c([H])c([H])c([H])c([H])c2[H])oc(=O)[c-]1C(=O)N([H])C([H])([H])[H].C=C(C)/C=C/C=C(C)C|CCCCN|water|298.15,11,True,True,0.990909090909091
d1_own_dft,42,*C(=[O+][C-](C#N)C#N)C(=O)OC([H])([H])[H].CN1C=CCC(C(N)=O)=C1|CCCCO|water|298.15,5,False,True,0.7999999999999999
d1_own_dft,42,*[C-]([N+]#Cc1c([H])c([H])c([H])c([H])c1[H])C([H])([H])[H].COC1=C(OC)C(=O)C(C)=C(C)C1=O|CCCCN|water|298.15,3,False,True,
d1_own_dft,42,*C(=[O+][C-](C(=O)N([H])C([H])([H])[H])C(=O)N([H])C([H])([H])[H])c1c([H])c([H])c([H])c([H])c1[H].CC(C)=CC=O|CCCCO|water|298.15,4,True,True,1.0
d1_own_dft,42,*C(=O)C#[N+][C-](C(=O)OC([H])([H])[H])C(=O)OC([H])([H])[H].CN1C=CCC(C(N)=O)=C1|CCCCN|water|298.15,6,True,True,0.8285714285714287
d1_own_dft,42,*C(C(=O)OC([H])([H])[H])=[N+]([N-]C([H])([H])[H])C([H])([H])[H].COC1=C(OC)C(=O)C(C)=C(C)C1=O|CCCNN|water|298.15,4,True,True,0.39999999999999997
d1_own_dft,42,*C(=[O+][C-](C#N)C(=O)OC([H])([H])[H])c1c([H])c([H])c([H])c([H])c1[H].CN1C=CCC(C(N)=O)=C1|CCCCO|water|298.15,7,False,True,0.8928571428571429
d1_own_dft,42,*C(=O)c1oc(=O)[c-](-c2c([H])c([H])c([H])c([H])c2[H])[o+]1.CN1C=CCC(C(N)=O)=C1|CCCCO|water|298.15,7,True,True,1.0
d1_own_dft,42,*c1oc(=O)[c-](-c2c([H])c([H])c([H])c([H])c2[H])[o+]1.CN1C=CCC(C(N)=O)=C1|CCCCO|water|298.15,11,True,True,0.990909090909091
d1_own_dft,42,*[C-](C(=O)C([H])([H])[H])[N+](=C([H])C(=O)OC([H])([H])[H])C([H])([H])[H].CN1C=CCC(C(N)=O)=C1|CCCCN|water|298.15,7,False,True,0.7500000000000002
d1_own_dft,42,*C(C(=O)OC([H])([H])[H])=[N+]([C-](C(=O)C([H])([H])[H])C([H])([H])[H])C([H])([H])[H].CN1C=CCC(C(N)=O)=C1|CCCCN|water|298.15,5,False,True,0.8999999999999998
d1_own_dft,42,*[N+](=C(C(=O)N([H])C([H])([H])[H])c1c([H])c([H])c([H])c([H])c1[H])[C-](C(=O)OC([H])([H])[H])C(=O)C([H])([H])[H].CC(C)=CC=O|CCCCN|water|298.15,4,True,True,1.0
d1_own_dft,42,*[C-](C#N)[O+]=C(C(=O)OC([H])([H])[H])c1c([H])c([H])c([H])c([H])c1[H].CN1C=CCC(C(N)=O)=C1|CCCCO|water|298.15,6,False,True,0.7714285714285715
d1_own_dft,42,*[N+](=C([H])C(=O)N([H])C([H])([H])[H])[C-](C#N)C(=O)C([H])([H])[H].COC1=C(OC)C(=O)C(C)=C(C)C1=O|CCCCN|water|298.15,4,True,True,1.0
d1_own_dft,42,*C(=O)[C-]([N+](=C(C#N)C([H])([H])[H])C([H])([H])[H])C([H])([H])[H].COC1=C(OC)C(=O)C(C)=C(C)C1=O|CCCCN|water|298.15,4,True,True,0.7999999999999999
d1_own_dft,42,*C(=[O+][C-]([H])C(=O)OC([H])([H])[H])C([H])([H])[H].COC1=C(OC)C(=O)C(C)=C(C)C1=O|CCCCO|water|298.15,3,True,True,
d1_own_dft,42,*c1oc(=O)[c-](-c2c([H])c([H])c([H])c([H])c2[H])[o+]1.COC1=C(OC)C(=O)C(C)=C(C)C1=O|CCCCO|water|298.15,4,True,True,1.0
d1_own_dft,42,*c1oc(=O)[c-](C(=O)OC([H])([H])[H])[o+]1.COC1=C(OC)C(=O)C(C)=C(C)C1=O|CCCCO|water|298.15,4,True,True,1.0
d1_own_dft,42,*[c-]1[o+]c(C(=O)N([H])C([H])([H])[H])oc1=O.COC1=C(OC)C(=O)C(C)=C(C)C1=O|CCCCO|water|298.15,6,True,True,0.942857142857143
d1_own_dft,42,*[C-](C(=O)C([H])([H])[H])[N+](=C(C(=O)N([H])C([H])([H])[H])c1c([H])c([H])c([H])c([H])c1[H])C([H])([H])[H].CC(C)=CC=O|CCCCN|water|298.15,4,True,True,1.0
d1_own_dft,42,*[C-](C(=O)OC([H])([H])[H])[N+]([H])=C(C(=O)N([H])C([H])([H])[H])C([H])([H])[H].COC1=C(OC)C(=O)C(C)=C(C)C1=O|CCCCN|water|298.15,4,True,True,0.39999999999999997
d1_own_dft,42,*[c-]1c(=O)oc(-c2c([H])c([H])c([H])c([H])c2[H])[n+]1C([H])([H])[H].COC1=C(OC)C(=O)C(C)=C(C)C1=O|CCCCN|water|298.15,4,True,True,0.39999999999999997
d1_own_dft,42,*[C-](C(=O)OC([H])([H])[H])[N+](=C(C(=O)OC([H])([H])[H])c1c([H])c([H])c([H])c([H])c1[H])C([H])([H])[H].C=C(C)/C=C/C=C(C)C|CCCCN|water|298.15,10,True,True,0.9878787878787878
d1_own_dft,42,*[c-]1[o+]c(C(=O)OC([H])([H])[H])oc1=O.COC1=C(OC)C(=O)C(C)=C(C)C1=O|CCCCO|water|298.15,4,True,True,0.7999999999999999
d1_own_dft,42,*c1oc(=O)[c-](C(=O)N([H])C([H])([H])[H])[o+]1.COC1=C(OC)C(=O)C(C)=C(C)C1=O|CCCCO|water|298.15,4,True,True,0.7999999999999999
d1_own_dft,42,*C(c1c([H])c([H])c([H])c([H])c1[H])=[N+]([H])[C-](C#N)C(=O)N([H])C([H])([H])[H].COC1=C(OC)C(=O)C(C)=C(C)C1=O|CCCCN|water|298.15,4,True,True,1.0
d1_own_dft,42,*C(=O)C(C(=O)OC([H])([H])[H])=[N+]([H])[C-](C(=O)OC([H])([H])[H])c1c([H])c([H])c([H])c([H])c1[H].C=C(C)/C=C/C=C(C)C|CCCCN|water|298.15,11,True,True,0.9090909090909091
d1_own_dft,42,*[C-]([O+]=C(C(=O)N([H])C([H])([H])[H])c1c([H])c([H])c([H])c([H])c1[H])C(=O)N([H])C([H])([H])[H].COC1=C(OC)C(=O)C(C)=C(C)C1=O|CCCCO|water|298.15,3,True,True,
d1_own_dft,42,*[C-](c1c([H])c([H])c([H])c([H])c1[H])[N+](=C(C#N)c1c([H])c([H])c([H])c([H])c1[H])C([H])([H])[H].COC1=C(OC)C(=O)C(C)=C(C)C1=O|CCCCN|water|298.15,4,True,True,1.0
d1_own_dft,42,*C(=[O+][C-](c1c([H])c([H])c([H])c([H])c1[H])C([H])([H])[H])C(=O)C([H])([H])[H].COC1=C(OC)C(=O)C(C)=C(C)C1=O|CCCCO|water|298.15,4,True,True,1.0
d1_own_dft,42,*[C-](C#N)[N+](=C(C(=O)N([H])C([H])([H])[H])c1c([H])c([H])c([H])c([H])c1[H])C([H])([H])[H].COC1=C(OC)C(=O)C(C)=C(C)C1=O|CCCCN|water|298.15,4,True,True,1.0
d1_own_dft,43,*C#CC(=O)N([H])C([H])([H])[H].CC(=O)c1[nH+][c-](C)c(=O)o1|CCCCN|water|298.15,4,False,True,-0.6000000000000001
d1_own_dft,43,*C(=O)C#CF.CNC(=O)c1[nH+][c-](C#N)c(=O)o1|CCCCN|water|298.15,3,True,True,
d1_own_dft,43,*C([H])=C([H])[H].N#Cc1oc(=O)[c-](-c2ccccc2)[o+]1|CCCCO|water|298.15,3,True,True,
d1_own_dft,43,*C1=C(C([H])([H])[H])C2([H])C([H])([H])C([H])([H])C1([H])C2([H])[H].COC(=O)[N-][N+]#CC(C)=O|CCCNN|water|298.15,3,True,True,
d1_own_dft,43,*C(=C(C([H])([H])[H])C([H])([H])[H])C([H])([H])[H].COC(=O)[c-]1[nH+]c(C(C)=O)oc1=O|CCCCN|water|298.15,3,True,True,
d1_own_dft,43,*C#CC(=O)OC([H])([H])[H].CNC(=O)[c-]1c(=O)oc(C#N)[n+]1C|CCCCN|water|298.15,4,False,True,0.7999999999999999
d1_own_dft,43,*C(=[O+][N-]C([H])([H])[H])c1c([H])c([H])c([H])c([H])c1[H].CNC(=O)C1=C(C#N)C2CCC1C2|CCCNO|water|298.15,4,True,True,0.7999999999999999
d1_own_dft,43,*[C-]([O+]=C(C#N)C(=O)OC([H])([H])[H])C([H])([H])[H].CNC(=O)C1=C(F)C2CCC1C2|CCCCO|water|298.15,4,False,True,0.6000000000000001
d1_own_dft,43,*c1oc(=O)[c-](-c2c([H])c([H])c([H])c([H])c2[H])[n+]1C([H])([H])[H].CC(=O)C1=C(Cl)C2CCC1C2|CCCCN|water|298.15,4,False,True,0.7999999999999999
d1_own_dft,43,*c1oc(=O)[c-](C(=O)OC([H])([H])[H])[o+]1.CC(=O)C1=C(Br)C2CCC1C2|CCCCO|water|298.15,4,True,True,1.0
d1_own_dft,43,*C([H])=[N+]([C-](C#N)C(=O)C([H])([H])[H])C([H])([H])[H].N#CC1=C(c2ccccc2)C2CCC1C2|CCCCN|water|298.15,4,True,True,1.0
d1_own_dft,43,*C1=C([H])C2([H])C([H])([H])C([H])([H])C1([H])C2([H])[H].COC(=O)[C-](C)[O+]=C(c1ccccc1)c1ccccc1|CCCCO|water|298.15,3,True,True,
d1_own_dft,43,*C1=C(Br)C2([H])C([H])([H])C([H])([H])C1([H])C2([H])[H].CC(=O)c1[nH+][c-](-c2ccccc2)c(=O)o1|CCCCN|water|298.15,4,False,True,0.7999999999999999
d1_own_dft,43,*C(c1c([H])c([H])c([H])c([H])c1[H])=[N+]([C-](C(=O)N([H])C([H])([H])[H])C([H])([H])[H])C([H])([H])[H].CC1=C(Br)C2C=CC1O2|CCCCN|water|298.15,7,False,False,0.7500000000000002
d1_own_dft,43,*C1=C(C(F)(F)F)C2([H])OC1([H])C([H])=C2[H].COC(=O)[C-]([N+]#CC(C)=O)c1ccccc1|CCCCN|water|298.15,5,True,True,0.9999999999999999
d1_own_dft,43,*C(=O)C1=C(Br)C2([H])OC1([H])C([H])=C2[H].CNC(=O)C(=[NH+][C-](C)C#N)C(=O)OC|CCCCN|water|298.15,8,True,True,0.880952380952381
d1_own_dft,43,*C1(C([H])([H])[H])C#CC(c2c([H])c([H])c([H])c([H])c2[H])(c2c([H])c([H])c([H])c([H])c2[H])C([H])([H])C([H])([H])C([H])([H])C1([H])[H].CNC(=O)[C-](C#N)[NH+]=C(C)C#N|CCCCN|water|298.15,4,True,True,1.0
d1_own_dft,43,*[C-]([O+]=C(C(=O)N([H])C([H])([H])[H])c1c([H])c([H])c([H])c([H])c1[H])C([H])([H])[H].CNC(=O)C1=C(Br)C2CCC1C2|CCCCO|water|298.15,3,False,True,
d1_own_dft,43,*C1([H])C#CC(C(=O)OC([H])([H])[H])(C(=O)OC([H])([H])[H])C([H])([H])C([H])([H])C([H])([H])C1([H])[H].CC(=O)[c-]1c(=O)oc(-c2ccccc2)[n+]1C|CCCCN|water|298.15,4,False,True,0.7999999999999999
d1_own_dft,43,*C1(c2c([H])c([H])c([H])c([H])c2[H])C#CC(c2c([H])c([H])c([H])c([H])c2[H])(c2c([H])c([H])c([H])c([H])c2[H])C([H])([H])C([H])([H])C([H])([H])C1([H])[H].C[C-]([N+]#N)c1ccccc1|CCCNN|water|298.15,3,True,True,
d1_own_dft,43,*C#[N+][C-]([H])c1c([H])c([H])c([H])c([H])c1[H].C=C|CCCCN|water|298.15,3,True,True,
d1_own_dft,43,*[C-]([H])[N+](=C(C#N)C([H])([H])[H])C([H])([H])[H].C/C=C\C|CCCCN|water|298.15,3,True,True,
d1_own_dft,43,*C([H])=C(C([H])([H])[H])C([H])([H])[H].C[c-]1[o+]noc1=O|CCCNO|water|298.15,4,True,True,1.0
d1_own_dft,43,*[c-]1[o+]noc1=O.CC(C)=CC=O|CCCNO|water|298.15,4,True,True,1.0
d1_own_dft,43,*[C-]([N+]#CC(=O)OC([H])([H])[H])C([H])([H])[H].CC(C)=CC=O|CCCCN|water|298.15,6,True,True,0.942857142857143
d1_own_dft,43,*[C-]([H])[N+]#CC(=O)C([H])([H])[H].CC(C)=CC=O|CCCCN|water|298.15,4,True,True,1.0
d1_own_dft,43,*[C-]([N+]#CC(=O)C([H])([H])[H])C(=O)C([H])([H])[H].CC(C)=CC=O|CCCCN|water|298.15,3,True,True,
d1_own_dft,43,*C#[N+][C-](c1c([H])c([H])c([H])c([H])c1[H])C([H])([H])[H].C/C=C\C|CCCCN|water|298.15,4,True,True,0.7999999999999999
d1_own_dft,43,*C#[N+][C-](C([H])([H])[H])C([H])([H])[H].C=C(C)/C=C/C=C(C)C|CCCCN|water|298.15,9,True,True,0.9500000000000001
d1_own_dft,43,*C(C(=O)C([H])([H])[H])=[N+]([C-]([H])C([H])([H])[H])C([H])([H])[H].CC(C)=CC=O|CCCCN|water|298.15,4,False,True,0.39999999999999997
d1_own_dft,43,*C#[N+][C-](C#N)C(=O)C([H])([H])[H].CC(C)=C(C)C|CCCCN|water|298.15,3,True,True,
d1_own_dft,43,*C(C#N)=[N+]([H])[N-]C(=O)C([H])([H])[H].CC(C)=CC=O|CCCNN|water|298.15,4,False,True,0.7999999999999999
d1_own_dft,43,*C(C(=O)OC([H])([H])[H])=[N+]([H])[N-]C#N.CC(C)=CC=O|CCCNN|water|298.15,4,True,True,1.0
d1_own_dft,43,*C(=O)[c-]1c(=O)oc(C([H])([H])[H])[n+]1[H].CC(C)=CC=O|CCCCN|water|298.15,3,False,True,
d1_own_dft,43,*[c-]1[o+]noc1=O.C=C(C)/C=C/C=C(C)C|CCCNO|water|298.15,8,True,True,0.4047619047619048
d1_own_dft,43,*[N-][N+]#CC([H])([H])[H].C=C(C)/C=C/C=C(C)C|CCCNN|water|298.15,7,True,True,0.7142857142857144
d1_own_dft,43,*[C-]([N+]#CC(=O)C([H])([H])[H])c1c([H])c([H])c([H])c([H])c1[H].C/C=C\C|CCCCN|water|298.15,3,True,True,
d1_own_dft,43,*C([H])=C(C([H])([H])[H])C([H])([H])[H].CNC(=O)[c-]1[nH+]c(C)oc1=O|CCCCN|water|298.15,4,True,True,1.0
d1_own_dft,43,*c1oc(=O)[c-](C(=O)N([H])C([H])([H])[H])[n+]1[H].CC(C)=CC=O|CCCCN|water|298.15,4,False,True,0.19999999999999998
d1_own_dft,43,*[C-]([N+]#CC(=O)C([H])([H])[H])c1c([H])c([H])c([H])c([H])c1[H].CC(C)=CC=O|CCCCN|water|298.15,5,True,True,0.9999999999999999
d1_own_dft,43,*c1oc(=O)[c-](C([H])([H])[H])[n+]1[H].C=C(C)/C=C/C=C(C)C|CCCCN|water|298.15,18,False,True,0.9422084623323013
d1_own_dft,43,*[C-]([N+]#N)C(=O)OC([H])([H])[H].C=C(C)/C=C/C=C(C)C|CCCNN|water|298.15,9,True,True,0.8833333333333333
d1_own_dft,43,*c1oc(=O)[c-](C([H])([H])[H])[n+]1[H].CN1C=CCC(C(N)=O)=C1|CCCCN|water|298.15,6,True,True,1.0
d1_own_dft,43,*[c-]1c(=O)oc(C([H])([H])[H])[n+]1[H].CN1C=CCC(C(N)=O)=C1|CCCCN|water|298.15,12,True,True,0.9230769230769231
d1_own_dft,43,*[C-]([N+]#CC(=O)OC([H])([H])[H])C([H])([H])[H].C=C(C)/C=C/C=C(C)C|CCCCN|water|298.15,15,False,True,0.8321428571428571
d1_own_dft,43,*C#[N+][N-]c1c([H])c([H])c([H])c([H])c1[H].C=C(C)/C=C/C=C(C)C|CCCNN|water|298.15,3,True,True,
d1_own_dft,43,*[C-](C(=O)N([H])C([H])([H])[H])[N+]([H])=C(C(=O)N([H])C([H])([H])[H])C([H])([H])[H].CC(C)=CC=O|CCCCN|water|298.15,4,False,True,0.7999999999999999
d1_own_dft,43,*C([H])=C(C([H])([H])[H])C([H])([H])[H].C[c-]1[nH+]c(-c2ccccc2)oc1=O|CCCCN|water|298.15,3,True,True,
d1_own_dft,43,*[c-]1[o+]c(C#N)oc1=O.CN1C=CCC(C(N)=O)=C1|CCCCO|water|298.15,5,True,True,0.9999999999999999
d1_own_dft,43,*[C-]([N+]#CC#N)C(=O)OC([H])([H])[H].C=C(C)/C=C/C=C(C)C|CCCCN|water|298.15,14,False,False,0.6703296703296703
d1_own_dft,43,*C([H])=C(C([H])([H])[H])C([H])([H])[H].COC(=O)[N-][NH+]=Cc1ccccc1|CCCNN|water|298.15,3,True,True,
d1_own_dft,43,*[N+]([N-]C(=O)OC([H])([H])[H])=C([H])c1c([H])c([H])c([H])c([H])c1[H].CC(C)=CC=O|CCCNN|water|298.15,3,True,True,
d1_own_dft,43,*C(=O)C#[N+][C-](C(=O)C([H])([H])[H])C([H])([H])[H].C=C(C)/C=C/C=C(C)C|CCCCN|water|298.15,8,False,True,0.9047619047619048
d1_own_dft,43,*[C-]([N+]#CC(=O)C([H])([H])[H])C(=O)C([H])([H])[H].C=C(C)/C=C/C=C(C)C|CCCCN|water|298.15,8,False,True,0.9047619047619048
d1_own_dft,43,*C(C(=O)OC([H])([H])[H])=[N+]([H])[C-]([H])C#N.C=C(C)/C=C/C=C(C)C|CCCCN|water|298.15,12,True,True,0.9510489510489512
d1_own_dft,43,*C(C(=O)N([H])C([H])([H])[H])=[N+]([C-]([H])C#N)C([H])([H])[H].CC(C)=CC=O|CCCCN|water|298.15,4,True,True,0.39999999999999997
d1_own_dft,43,*[C-]([H])[N+](=C(C(=O)N([H])C([H])([H])[H])C(=O)C([H])([H])[H])C([H])([H])[H].CC(C)=CC=O|CCCCN|water|298.15,4,False,True,0.39999999999999997
d1_own_dft,43,*[C-](C#N)[N+]#CC(=O)OC([H])([H])[H].CN1C=CCC(C(N)=O)=C1|CCCCN|water|298.15,5,True,True,0.9999999999999999
d1_own_dft,43,*[C-]([N+]#CC#N)C([H])([H])[H].COC1=C(OC)C(=O)C(C)=C(C)C1=O|CCCCN|water|298.15,4,True,True,1.0
d1_own_dft,43,*[C-](C#N)[N+]([H])=C(C(=O)N([H])C([H])([H])[H])C([H])([H])[H].CN1C=CCC(C(N)=O)=C1|CCCCN|water|298.15,7,True,True,0.5714285714285715
d1_own_dft,43,*C([H])=C(C([H])([H])[H])C([H])([H])[H].C[CH-][N+](C)=C(C(C)=O)c1ccccc1|CCCCN|water|298.15,4,True,True,0.7999999999999999
d1_own_dft,43,*C([H])=[N+]([C-](c1c([H])c([H])c([H])c([H])c1[H])C([H])([H])[H])C([H])([H])[H].C=C(C)/C=C/C=C(C)C|CCCCN|water|298.15,15,True,True,0.9857142857142854
d1_own_dft,43,*C([H])=[O+][N-]C(=O)OC([H])([H])[H].CN1C=CCC(C(N)=O)=C1|CCCNO|water|298.15,4,True,True,1.0
d1_own_dft,43,*[C-](C#N)[N+](=C(C(=O)N([H])C([H])([H])[H])C(=O)N([H])C([H])([H])[H])C([H])([H])[H].CC(C)=CC=O|CCCCN|water|298.15,4,True,True,1.0
d1_own_dft,43,*c1oc(=O)[c-](C(=O)N([H])C([H])([H])[H])[n+]1[H].C=C(C)/C=C/C=C(C)C|CCCCN|water|298.15,11,True,True,0.9363636363636365
d1_own_dft,43,*C([H])=C(C([H])([H])[H])C([H])([H])[H].CC(=O)C#[N+][C-](C(C)=O)c1ccccc1|CCCCN|water|298.15,3,True,True,
d1_own_dft,43,*C(=O)C#[N+][C-](C(=O)C([H])([H])[H])c1c([H])c([H])c([H])c([H])c1[H].CC(C)=CC=O|CCCCN|water|298.15,3,True,True,
d1_own_dft,43,*C(=O)[C-]([N+]#CC#N)C(=O)C([H])([H])[H].C=C(C)/C=C/C=C(C)C|CCCCN|water|298.15,8,False,True,0.8333333333333335
d1_own_dft,43,*[C-]([N+]#CC#N)C(=O)C([H])([H])[H].C=C(C)/C=C/C=C(C)C|CCCCN|water|298.15,12,False,False,0.7692307692307694
d1_own_dft,43,*C#[N+][C-](C(=O)OC([H])([H])[H])C(=O)C([H])([H])[H].C=C(C)/C=C/C=C(C)C|CCCCN|water|298.15,10,False,True,0.9272727272727272
d1_own_dft,43,*C(C(=O)C([H])([H])[H])=[N+]([H])[N-]c1c([H])c([H])c([H])c([H])c1[H].C=C(C)/C=C/C=C(C)C|CCCNN|water|298.15,10,True,True,0.9151515151515152
d1_own_dft,43,*[C-]([N+]#CC#N)C(=O)N([H])C([H])([H])[H].C=C(C)/C=C/C=C(C)C|CCCCN|water|298.15,8,True,True,0.9047619047619048
d1_own_dft,43,*C(c1c([H])c([H])c([H])c([H])c1[H])=[N+]([N-][H])C([H])([H])[H].CN1C=CCC(C(N)=O)=C1|CCCNN|water|298.15,5,False,True,0.7
d1_own_dft,43,*c1oc(=O)[c-](C(=O)N([H])C([H])([H])[H])[o+]1.C=C(C)/C=C/C=C(C)C|CCCCO|water|298.15,12,True,True,0.9860139860139862
d1_own_dft,43,*[c-]1c(=O)oc(C(=O)C([H])([H])[H])[n+]1C([H])([H])[H].CN1C=CCC(C(N)=O)=C1|CCCCN|water|298.15,10,True,True,0.8787878787878788
d1_own_dft,43,*[N-][N+]#CC(=O)N([H])C([H])([H])[H].COC1=C(OC)C(=O)C(C)=C(C)C1=O|CCCNN|water|298.15,3,True,True,
d1_own_dft,43,*C#[N+][C-](C#N)C([H])([H])[H].COC1=C(OC)C(=O)C(C)=C(C)C1=O|CCCCN|water|298.15,6,True,True,1.0
d1_own_dft,43,*C(C#N)=[N+]([C-](C(=O)N([H])C([H])([H])[H])C([H])([H])[H])C([H])([H])[H].CC(C)=CC=O|CCCCN|water|298.15,4,True,True,1.0
d1_own_dft,43,*C(=[O+][N-]C(=O)OC([H])([H])[H])C(=O)N([H])C([H])([H])[H].CN1C=CCC(C(N)=O)=C1|CCCNO|water|298.15,3,True,True,
d1_own_dft,43,*C#[N+][C-](C(=O)N([H])C([H])([H])[H])c1c([H])c([H])c([H])c([H])c1[H].CC(C)=CC=O|CCCCN|water|298.15,4,True,True,1.0
d1_own_dft,43,*[C-](C(=O)N([H])C([H])([H])[H])[N+](=C(C#N)C#N)C([H])([H])[H].CN1C=CCC(C(N)=O)=C1|CCCCN|water|298.15,8,False,True,0.6666666666666669
d1_own_dft,43,*[C-](C(=O)OC([H])([H])[H])[N+]([H])=C(C(=O)N([H])C([H])([H])[H])C(=O)N([H])C([H])([H])[H].CC(C)=CC=O|CCCCN|water|298.15,4,True,True,0.7999999999999999
d1_own_dft,43,*[C-]([N+]#CC#N)C(=O)N([H])C([H])([H])[H].CN1C=CCC(C(N)=O)=C1|CCCCN|water|298.15,4,True,True,0.7999999999999999
d1_own_dft,43,*C#[N+][C-](C(=O)OC([H])([H])[H])c1c([H])c([H])c([H])c([H])c1[H].C=C(C)/C=C/C=C(C)C|CCCCN|water|298.15,7,True,True,0.9642857142857145
d1_own_dft,43,*[c-]1c(=O)oc(-c2c([H])c([H])c([H])c([H])c2[H])[n+]1[H].C=C(C)/C=C/C=C(C)C|CCCCN|water|298.15,18,True,True,0.9752321981424149
d1_own_dft,43,*C(=O)C#[N+][N-]C#N.COC1=C(OC)C(=O)C(C)=C(C)C1=O|CCCNN|water|298.15,3,False,True,
d1_own_dft,43,*[C-](C(=O)N([H])C([H])([H])[H])[N+](=C(C#N)c1c([H])c([H])c([H])c([H])c1[H])C([H])([H])[H].CC(C)=CC=O|CCCCN|water|298.15,4,True,True,1.0
d1_own_dft,43,*C#[N+][C-](C(=O)OC([H])([H])[H])C(=O)OC([H])([H])[H].C=C(C)/C=C/C=C(C)C|CCCCN|water|298.15,6,False,False,0.6571428571428573
d1_own_dft,43,*C([H])=[O+][C-](C#N)c1c([H])c([H])c([H])c([H])c1[H].CN1C=CCC(C(N)=O)=C1|CCCCO|water|298.15,5,True,True,0.8999999999999998
d1_own_dft,43,*C(=O)[C-]([N+]#CC#N)c1c([H])c([H])c([H])c([H])c1[H].C=C(C)/C=C/C=C(C)C|CCCCN|water|298.15,9,True,True,0.9500000000000001
d1_own_dft,43,*C#[N+][C-](C(=O)C([H])([H])[H])c1c([H])c([H])c([H])c([H])c1[H].C=C(C)/C=C/C=C(C)C|CCCCN|water|298.15,9,True,True,0.9833333333333333
d1_own_dft,43,*c1oc(=O)[c-](C(=O)OC([H])([H])[H])[n+]1C([H])([H])[H].CN1C=CCC(C(N)=O)=C1|CCCCN|water|298.15,11,True,True,0.7272727272727273
d1_own_dft,43,*c1oc(=O)[c-](-c2c([H])c([H])c([H])c([H])c2[H])[n+]1[H].CN1C=CCC(C(N)=O)=C1|CCCCN|water|298.15,7,False,True,0.9642857142857145
d1_own_dft,43,*C(=[N+]([H])[C-](C#N)c1c([H])c([H])c([H])c([H])c1[H])C([H])([H])[H].CN1C=CCC(C(N)=O)=C1|CCCCN|water|298.15,8,True,True,0.7857142857142858
d1_own_dft,43,*[C-](c1c([H])c([H])c([H])c([H])c1[H])[N+]([H])=C(C([H])([H])[H])C([H])([H])[H].CN1C=CCC(C(N)=O)=C1|CCCCN|water|298.15,8,True,True,0.880952380952381
d1_own_dft,43,*[C-]([O+]=C([H])C(=O)C([H])([H])[H])c1c([H])c([H])c([H])c([H])c1[H].C=C(C)/C=C/C=C(C)C|CCCCO|water|298.15,10,True,True,0.9636363636363635
d1_own_dft,43,*[N-][O+]=C(C(=O)OC([H])([H])[H])C(=O)N([H])C([H])([H])[H].CN1C=CCC(C(N)=O)=C1|CCCNO|water|298.15,4,False,True,0.6000000000000001
d1_own_dft,43,*[c-]1c(=O)oc(C#N)[n+]1C([H])([H])[H].CN1C=CCC(C(N)=O)=C1|CCCCN|water|298.15,7,True,True,0.9642857142857145
d1_own_dft,43,*[N-][O+]=C([H])c1c([H])c([H])c([H])c([H])c1[H].CN1C=CCC(C(N)=O)=C1|CCCNO|water|298.15,5,True,True,0.8999999999999998
d1_own_dft,43,*C(C(=O)OC([H])([H])[H])=[N+]([H])[C-](C#N)C#N.C=C(C)/C=C/C=C(C)C|CCCCN|water|298.15,11,True,True,0.9818181818181818
d1_own_dft,43,*[C-]([O+]=C([H])c1c([H])c([H])c([H])c([H])c1[H])C(=O)OC([H])([H])[H].C=C(C)/C=C/C=C(C)C|CCCCO|water|298.15,10,True,True,0.9757575757575757
d1_own_dft,43,*[c-]1[o+]c(C(=O)OC([H])([H])[H])oc1=O.CN1C=CCC(C(N)=O)=C1|CCCCO|water|298.15,6,True,True,1.0
d1_own_dft,43,*C(c1c([H])c([H])c([H])c([H])c1[H])=[N+]([C-](C#N)C#N)C([H])([H])[H].CN1C=CCC(C(N)=O)=C1|CCCCN|water|298.15,10,True,True,0.9515151515151514
d1_own_dft,43,*C([H])=C(C([H])([H])[H])C([H])([H])[H].CNC(=O)C(=[O+][N-]c1ccccc1)C(=O)OC|CCCNO|water|298.15,4,True,True,1.0
d1_own_dft,43,*C([H])=C(C([H])([H])[H])C([H])([H])[H].COC(=O)[CH-][O+]=C(C(=O)OC)c1ccccc1|CCCCO|water|298.15,4,True,True,1.0
d1_own_dft,43,*C#[N+][C-](C(=O)C([H])([H])[H])C(=O)C([H])([H])[H].CN1C=CCC(C(N)=O)=C1|CCCCN|water|298.15,4,True,True,0.39999999999999997
d1_own_dft,43,*[C-]([N+]#CC(=O)N([H])C([H])([H])[H])C(=O)OC([H])([H])[H].C=C(C)/C=C/C=C(C)C|CCCCN|water|298.15,10,True,True,0.9757575757575757
d1_own_dft,43,*C(c1c([H])c([H])c([H])c([H])c1[H])=[N+]([N-]C(=O)C([H])([H])[H])C([H])([H])[H].C=C(C)/C=C/C=C(C)C|CCCNN|water|298.15,7,True,True,0.9285714285714288
d1_own_dft,43,*[C-]([H])[O+]=C(C(=O)OC([H])([H])[H])c1c([H])c([H])c([H])c([H])c1[H].C=C(C)/C=C/C=C(C)C|CCCCO|water|298.15,10,False,True,0.9515151515151514
d1_own_dft,43,*[C-]([N+]#Cc1c([H])c([H])c([H])c([H])c1[H])c1c([H])c([H])c([H])c([H])c1[H].CN1C=CCC(C(N)=O)=C1|CCCCN|water|298.15,7,True,True,1.0
d1_own_dft,43,*C#[N+][C-](c1c([H])c([H])c([H])c([H])c1[H])c1c([H])c([H])c([H])c([H])c1[H].CN1C=CCC(C(N)=O)=C1|CCCCN|water|298.15,9,False,True,0.7999999999999999
d1_own_dft,43,*C(=[N+]([H])[C-](C(=O)N([H])C([H])([H])[H])C(=O)N([H])C([H])([H])[H])C([H])([H])[H].CN1C=CCC(C(N)=O)=C1|CCCCN|water|298.15,7,True,True,0.8928571428571429
d1_own_dft,43,*c1oc(=O)[c-](-c2c([H])c([H])c([H])c([H])c2[H])[n+]1C([H])([H])[H].CN1C=CCC(C(N)=O)=C1|CCCCN|water|298.15,8,True,True,0.9761904761904763
d1_own_dft,43,*[n+]1c(-c2c([H])c([H])c([H])c([H])c2[H])oc(=O)[c-]1C(=O)N([H])C([H])([H])[H].C=C(C)/C=C/C=C(C)C|CCCCN|water|298.15,11,True,True,0.9272727272727275
d1_own_dft,43,*C(=[O+][C-](C#N)C#N)C(=O)OC([H])([H])[H].CN1C=CCC(C(N)=O)=C1|CCCCO|water|298.15,5,False,True,0.7999999999999999
d1_own_dft,43,*[C-]([N+]#Cc1c([H])c([H])c([H])c([H])c1[H])C([H])([H])[H].COC1=C(OC)C(=O)C(C)=C(C)C1=O|CCCCN|water|298.15,3,False,True,
d1_own_dft,43,*C(=[O+][C-](C(=O)N([H])C([H])([H])[H])C(=O)N([H])C([H])([H])[H])c1c([H])c([H])c([H])c([H])c1[H].CC(C)=CC=O|CCCCO|water|298.15,4,True,True,0.7999999999999999
d1_own_dft,43,*C(=O)C#[N+][C-](C(=O)OC([H])([H])[H])C(=O)OC([H])([H])[H].CN1C=CCC(C(N)=O)=C1|CCCCN|water|298.15,6,False,True,0.7714285714285715
d1_own_dft,43,*C(C(=O)OC([H])([H])[H])=[N+]([N-]C([H])([H])[H])C([H])([H])[H].COC1=C(OC)C(=O)C(C)=C(C)C1=O|CCCNN|water|298.15,4,True,True,0.7999999999999999
d1_own_dft,43,*C(=[O+][C-](C#N)C(=O)OC([H])([H])[H])c1c([H])c([H])c([H])c([H])c1[H].CN1C=CCC(C(N)=O)=C1|CCCCO|water|298.15,7,False,True,0.8928571428571429
d1_own_dft,43,*C(=O)c1oc(=O)[c-](-c2c([H])c([H])c([H])c([H])c2[H])[o+]1.CN1C=CCC(C(N)=O)=C1|CCCCO|water|298.15,7,True,True,0.9285714285714288
d1_own_dft,43,*c1oc(=O)[c-](-c2c([H])c([H])c([H])c([H])c2[H])[o+]1.CN1C=CCC(C(N)=O)=C1|CCCCO|water|298.15,11,True,True,0.9545454545454546
d1_own_dft,43,*[C-](C(=O)C([H])([H])[H])[N+](=C([H])C(=O)OC([H])([H])[H])C([H])([H])[H].CN1C=CCC(C(N)=O)=C1|CCCCN|water|298.15,7,False,True,0.7500000000000002
d1_own_dft,43,*C(C(=O)OC([H])([H])[H])=[N+]([C-](C(=O)C([H])([H])[H])C([H])([H])[H])C([H])([H])[H].CN1C=CCC(C(N)=O)=C1|CCCCN|water|298.15,5,False,True,0.8999999999999998
d1_own_dft,43,*[N+](=C(C(=O)N([H])C([H])([H])[H])c1c([H])c([H])c([H])c([H])c1[H])[C-](C(=O)OC([H])([H])[H])C(=O)C([H])([H])[H].CC(C)=CC=O|CCCCN|water|298.15,4,True,True,1.0
d1_own_dft,43,*[C-](C#N)[O+]=C(C(=O)OC([H])([H])[H])c1c([H])c([H])c([H])c([H])c1[H].CN1C=CCC(C(N)=O)=C1|CCCCO|water|298.15,6,False,True,0.8285714285714287
d1_own_dft,43,*[N+](=C([H])C(=O)N([H])C([H])([H])[H])[C-](C#N)C(=O)C([H])([H])[H].COC1=C(OC)C(=O)C(C)=C(C)C1=O|CCCCN|water|298.15,4,True,True,1.0
d1_own_dft,43,*C(=O)[C-]([N+](=C(C#N)C([H])([H])[H])C([H])([H])[H])C([H])([H])[H].COC1=C(OC)C(=O)C(C)=C(C)C1=O|CCCCN|water|298.15,4,True,True,0.7999999999999999
d1_own_dft,43,*C(=[O+][C-]([H])C(=O)OC([H])([H])[H])C([H])([H])[H].COC1=C(OC)C(=O)C(C)=C(C)C1=O|CCCCO|water|298.15,3,True,True,
d1_own_dft,43,*c1oc(=O)[c-](-c2c([H])c([H])c([H])c([H])c2[H])[o+]1.COC1=C(OC)C(=O)C(C)=C(C)C1=O|CCCCO|water|298.15,4,True,True,1.0
d1_own_dft,43,*c1oc(=O)[c-](C(=O)OC([H])([H])[H])[o+]1.COC1=C(OC)C(=O)C(C)=C(C)C1=O|CCCCO|water|298.15,4,True,True,1.0
d1_own_dft,43,*[c-]1[o+]c(C(=O)N([H])C([H])([H])[H])oc1=O.COC1=C(OC)C(=O)C(C)=C(C)C1=O|CCCCO|water|298.15,6,True,True,0.942857142857143
d1_own_dft,43,*[C-](C(=O)C([H])([H])[H])[N+](=C(C(=O)N([H])C([H])([H])[H])c1c([H])c([H])c([H])c([H])c1[H])C([H])([H])[H].CC(C)=CC=O|CCCCN|water|298.15,4,True,True,1.0
d1_own_dft,43,*[C-](C(=O)OC([H])([H])[H])[N+]([H])=C(C(=O)N([H])C([H])([H])[H])C([H])([H])[H].COC1=C(OC)C(=O)C(C)=C(C)C1=O|CCCCN|water|298.15,4,False,True,-0.19999999999999998
d1_own_dft,43,*[c-]1c(=O)oc(-c2c([H])c([H])c([H])c([H])c2[H])[n+]1C([H])([H])[H].COC1=C(OC)C(=O)C(C)=C(C)C1=O|CCCCN|water|298.15,4,True,True,0.39999999999999997
d1_own_dft,43,*[C-](C(=O)OC([H])([H])[H])[N+](=C(C(=O)OC([H])([H])[H])c1c([H])c([H])c([H])c([H])c1[H])C([H])([H])[H].C=C(C)/C=C/C=C(C)C|CCCCN|water|298.15,10,True,True,0.9999999999999999
d1_own_dft,43,*[c-]1[o+]c(C(=O)OC([H])([H])[H])oc1=O.COC1=C(OC)C(=O)C(C)=C(C)C1=O|CCCCO|water|298.15,4,True,True,0.7999999999999999
d1_own_dft,43,*c1oc(=O)[c-](C(=O)N([H])C([H])([H])[H])[o+]1.COC1=C(OC)C(=O)C(C)=C(C)C1=O|CCCCO|water|298.15,4,True,True,0.7999999999999999
d1_own_dft,43,*C(c1c([H])c([H])c([H])c([H])c1[H])=[N+]([H])[C-](C#N)C(=O)N([H])C([H])([H])[H].COC1=C(OC)C(=O)C(C)=C(C)C1=O|CCCCN|water|298.15,4,True,True,1.0
d1_own_dft,43,*C(=O)C(C(=O)OC([H])([H])[H])=[N+]([H])[C-](C(=O)OC([H])([H])[H])c1c([H])c([H])c([H])c([H])c1[H].C=C(C)/C=C/C=C(C)C|CCCCN|water|298.15,11,True,True,0.9
d1_own_dft,43,*[C-]([O+]=C(C(=O)N([H])C([H])([H])[H])c1c([H])c([H])c([H])c([H])c1[H])C(=O)N([H])C([H])([H])[H].COC1=C(OC)C(=O)C(C)=C(C)C1=O|CCCCO|water|298.15,3,True,True,
d1_own_dft,43,*[C-](c1c([H])c([H])c([H])c([H])c1[H])[N+](=C(C#N)c1c([H])c([H])c([H])c([H])c1[H])C([H])([H])[H].COC1=C(OC)C(=O)C(C)=C(C)C1=O|CCCCN|water|298.15,4,True,True,1.0
d1_own_dft,43,*C(=[O+][C-](c1c([H])c([H])c([H])c([H])c1[H])C([H])([H])[H])C(=O)C([H])([H])[H].COC1=C(OC)C(=O)C(C)=C(C)C1=O|CCCCO|water|298.15,4,True,True,1.0
d1_own_dft,43,*[C-](C#N)[N+](=C(C(=O)N([H])C([H])([H])[H])c1c([H])c([H])c([H])c([H])c1[H])C([H])([H])[H].COC1=C(OC)C(=O)C(C)=C(C)C1=O|CCCCN|water|298.15,4,True,True,1.0
d1_own_dft,44,*C#CC(=O)N([H])C([H])([H])[H].CC(=O)c1[nH+][c-](C)c(=O)o1|CCCCN|water|298.15,4,False,True,-0.39999999999999997
d1_own_dft,44,*C(=O)C#CF.CNC(=O)c1[nH+][c-](C#N)c(=O)o1|CCCCN|water|298.15,3,True,True,
d1_own_dft,44,*C([H])=C([H])[H].N#Cc1oc(=O)[c-](-c2ccccc2)[o+]1|CCCCO|water|298.15,3,True,True,
d1_own_dft,44,*C1=C(C([H])([H])[H])C2([H])C([H])([H])C([H])([H])C1([H])C2([H])[H].COC(=O)[N-][N+]#CC(C)=O|CCCNN|water|298.15,3,True,True,
d1_own_dft,44,*C(=C(C([H])([H])[H])C([H])([H])[H])C([H])([H])[H].COC(=O)[c-]1[nH+]c(C(C)=O)oc1=O|CCCCN|water|298.15,3,True,True,
d1_own_dft,44,*C#CC(=O)OC([H])([H])[H].CNC(=O)[c-]1c(=O)oc(C#N)[n+]1C|CCCCN|water|298.15,4,True,True,1.0
d1_own_dft,44,*C(=[O+][N-]C([H])([H])[H])c1c([H])c([H])c([H])c([H])c1[H].CNC(=O)C1=C(C#N)C2CCC1C2|CCCNO|water|298.15,4,True,True,0.39999999999999997
d1_own_dft,44,*[C-]([O+]=C(C#N)C(=O)OC([H])([H])[H])C([H])([H])[H].CNC(=O)C1=C(F)C2CCC1C2|CCCCO|water|298.15,4,True,True,1.0
d1_own_dft,44,*c1oc(=O)[c-](-c2c([H])c([H])c([H])c([H])c2[H])[n+]1C([H])([H])[H].CC(=O)C1=C(Cl)C2CCC1C2|CCCCN|water|298.15,4,False,True,0.7999999999999999
d1_own_dft,44,*c1oc(=O)[c-](C(=O)OC([H])([H])[H])[o+]1.CC(=O)C1=C(Br)C2CCC1C2|CCCCO|water|298.15,4,False,True,0.7999999999999999
d1_own_dft,44,*C([H])=[N+]([C-](C#N)C(=O)C([H])([H])[H])C([H])([H])[H].N#CC1=C(c2ccccc2)C2CCC1C2|CCCCN|water|298.15,4,True,True,1.0
d1_own_dft,44,*C1=C([H])C2([H])C([H])([H])C([H])([H])C1([H])C2([H])[H].COC(=O)[C-](C)[O+]=C(c1ccccc1)c1ccccc1|CCCCO|water|298.15,3,True,True,
d1_own_dft,44,*C1=C(Br)C2([H])C([H])([H])C([H])([H])C1([H])C2([H])[H].CC(=O)c1[nH+][c-](-c2ccccc2)c(=O)o1|CCCCN|water|298.15,4,False,True,0.6000000000000001
d1_own_dft,44,*C(c1c([H])c([H])c([H])c([H])c1[H])=[N+]([C-](C(=O)N([H])C([H])([H])[H])C([H])([H])[H])C([H])([H])[H].CC1=C(Br)C2C=CC1O2|CCCCN|water|298.15,7,False,True,0.8214285714285715
d1_own_dft,44,*C1=C(C(F)(F)F)C2([H])OC1([H])C([H])=C2[H].COC(=O)[C-]([N+]#CC(C)=O)c1ccccc1|CCCCN|water|298.15,5,True,True,0.9999999999999999
d1_own_dft,44,*C(=O)C1=C(Br)C2([H])OC1([H])C([H])=C2[H].CNC(=O)C(=[NH+][C-](C)C#N)C(=O)OC|CCCCN|water|298.15,8,True,True,0.8571428571428572
d1_own_dft,44,*C1(C([H])([H])[H])C#CC(c2c([H])c([H])c([H])c([H])c2[H])(c2c([H])c([H])c([H])c([H])c2[H])C([H])([H])C([H])([H])C([H])([H])C1([H])[H].CNC(=O)[C-](C#N)[NH+]=C(C)C#N|CCCCN|water|298.15,4,True,True,1.0
d1_own_dft,44,*[C-]([O+]=C(C(=O)N([H])C([H])([H])[H])c1c([H])c([H])c([H])c([H])c1[H])C([H])([H])[H].CNC(=O)C1=C(Br)C2CCC1C2|CCCCO|water|298.15,3,False,True,
d1_own_dft,44,*C1([H])C#CC(C(=O)OC([H])([H])[H])(C(=O)OC([H])([H])[H])C([H])([H])C([H])([H])C([H])([H])C1([H])[H].CC(=O)[c-]1c(=O)oc(-c2ccccc2)[n+]1C|CCCCN|water|298.15,4,False,True,0.7999999999999999
d1_own_dft,44,*C1(c2c([H])c([H])c([H])c([H])c2[H])C#CC(c2c([H])c([H])c([H])c([H])c2[H])(c2c([H])c([H])c([H])c([H])c2[H])C([H])([H])C([H])([H])C([H])([H])C1([H])[H].C[C-]([N+]#N)c1ccccc1|CCCNN|water|298.15,3,True,True,
d1_own_dft,44,*C#[N+][C-]([H])c1c([H])c([H])c([H])c([H])c1[H].C=C|CCCCN|water|298.15,3,True,True,
d1_own_dft,44,*[C-]([H])[N+](=C(C#N)C([H])([H])[H])C([H])([H])[H].C/C=C\C|CCCCN|water|298.15,3,True,True,
d1_own_dft,44,*C([H])=C(C([H])([H])[H])C([H])([H])[H].C[c-]1[o+]noc1=O|CCCNO|water|298.15,4,True,True,1.0
d1_own_dft,44,*[c-]1[o+]noc1=O.CC(C)=CC=O|CCCNO|water|298.15,4,False,True,0.7999999999999999
d1_own_dft,44,*[C-]([N+]#CC(=O)OC([H])([H])[H])C([H])([H])[H].CC(C)=CC=O|CCCCN|water|298.15,6,True,True,0.942857142857143
d1_own_dft,44,*[C-]([H])[N+]#CC(=O)C([H])([H])[H].CC(C)=CC=O|CCCCN|water|298.15,4,True,True,1.0
d1_own_dft,44,*[C-]([N+]#CC(=O)C([H])([H])[H])C(=O)C([H])([H])[H].CC(C)=CC=O|CCCCN|water|298.15,3,True,True,
d1_own_dft,44,*C#[N+][C-](c1c([H])c([H])c([H])c([H])c1[H])C([H])([H])[H].C/C=C\C|CCCCN|water|298.15,4,True,True,0.7999999999999999
d1_own_dft,44,*C#[N+][C-](C([H])([H])[H])C([H])([H])[H].C=C(C)/C=C/C=C(C)C|CCCCN|water|298.15,9,True,True,0.8666666666666667
d1_own_dft,44,*C(C(=O)C([H])([H])[H])=[N+]([C-]([H])C([H])([H])[H])C([H])([H])[H].CC(C)=CC=O|CCCCN|water|298.15,4,False,True,0.39999999999999997
d1_own_dft,44,*C#[N+][C-](C#N)C(=O)C([H])([H])[H].CC(C)=C(C)C|CCCCN|water|298.15,3,True,True,
d1_own_dft,44,*C(C#N)=[N+]([H])[N-]C(=O)C([H])([H])[H].CC(C)=CC=O|CCCNN|water|298.15,4,False,True,0.7999999999999999
d1_own_dft,44,*C(C(=O)OC([H])([H])[H])=[N+]([H])[N-]C#N.CC(C)=CC=O|CCCNN|water|298.15,4,False,True,0.7999999999999999
d1_own_dft,44,*C(=O)[c-]1c(=O)oc(C([H])([H])[H])[n+]1[H].CC(C)=CC=O|CCCCN|water|298.15,3,True,True,
d1_own_dft,44,*[c-]1[o+]noc1=O.C=C(C)/C=C/C=C(C)C|CCCNO|water|298.15,8,True,True,0.4761904761904762
d1_own_dft,44,*[N-][N+]#CC([H])([H])[H].C=C(C)/C=C/C=C(C)C|CCCNN|water|298.15,7,True,True,0.8571428571428573
d1_own_dft,44,*[C-]([N+]#CC(=O)C([H])([H])[H])c1c([H])c([H])c([H])c([H])c1[H].C/C=C\C|CCCCN|water|298.15,3,True,True,
d1_own_dft,44,*C([H])=C(C([H])([H])[H])C([H])([H])[H].CNC(=O)[c-]1[nH+]c(C)oc1=O|CCCCN|water|298.15,4,True,True,1.0
d1_own_dft,44,*c1oc(=O)[c-](C(=O)N([H])C([H])([H])[H])[n+]1[H].CC(C)=CC=O|CCCCN|water|298.15,4,False,True,0.39999999999999997
d1_own_dft,44,*[C-]([N+]#CC(=O)C([H])([H])[H])c1c([H])c([H])c([H])c([H])c1[H].CC(C)=CC=O|CCCCN|water|298.15,5,True,True,0.8999999999999998
d1_own_dft,44,*c1oc(=O)[c-](C([H])([H])[H])[n+]1[H].C=C(C)/C=C/C=C(C)C|CCCCN|water|298.15,18,False,True,0.9422084623323013
d1_own_dft,44,*[C-]([N+]#N)C(=O)OC([H])([H])[H].C=C(C)/C=C/C=C(C)C|CCCNN|water|298.15,9,False,False,0.8499999999999999
d1_own_dft,44,*c1oc(=O)[c-](C([H])([H])[H])[n+]1[H].CN1C=CCC(C(N)=O)=C1|CCCCN|water|298.15,6,True,True,1.0
d1_own_dft,44,*[c-]1c(=O)oc(C([H])([H])[H])[n+]1[H].CN1C=CCC(C(N)=O)=C1|CCCCN|water|298.15,12,True,True,0.9230769230769231
d1_own_dft,44,*[C-]([N+]#CC(=O)OC([H])([H])[H])C([H])([H])[H].C=C(C)/C=C/C=C(C)C|CCCCN|water|298.15,15,False,True,0.8821428571428571
d1_own_dft,44,*C#[N+][N-]c1c([H])c([H])c([H])c([H])c1[H].C=C(C)/C=C/C=C(C)C|CCCNN|water|298.15,3,True,True,
d1_own_dft,44,*[C-](C(=O)N([H])C([H])([H])[H])[N+]([H])=C(C(=O)N([H])C([H])([H])[H])C([H])([H])[H].CC(C)=CC=O|CCCCN|water|298.15,4,False,True,0.7999999999999999
d1_own_dft,44,*C([H])=C(C([H])([H])[H])C([H])([H])[H].C[c-]1[nH+]c(-c2ccccc2)oc1=O|CCCCN|water|298.15,3,True,True,
d1_own_dft,44,*[c-]1[o+]c(C#N)oc1=O.CN1C=CCC(C(N)=O)=C1|CCCCO|water|298.15,5,False,True,0.8999999999999998
d1_own_dft,44,*[C-]([N+]#CC#N)C(=O)OC([H])([H])[H].C=C(C)/C=C/C=C(C)C|CCCCN|water|298.15,14,False,False,0.5252747252747253
d1_own_dft,44,*C([H])=C(C([H])([H])[H])C([H])([H])[H].COC(=O)[N-][NH+]=Cc1ccccc1|CCCNN|water|298.15,3,True,True,
d1_own_dft,44,*[N+]([N-]C(=O)OC([H])([H])[H])=C([H])c1c([H])c([H])c([H])c([H])c1[H].CC(C)=CC=O|CCCNN|water|298.15,3,True,True,
d1_own_dft,44,*C(=O)C#[N+][C-](C(=O)C([H])([H])[H])C([H])([H])[H].C=C(C)/C=C/C=C(C)C|CCCCN|water|298.15,8,False,True,0.7857142857142858
d1_own_dft,44,*[C-]([N+]#CC(=O)C([H])([H])[H])C(=O)C([H])([H])[H].C=C(C)/C=C/C=C(C)C|CCCCN|water|298.15,8,False,True,0.880952380952381
d1_own_dft,44,*C(C(=O)OC([H])([H])[H])=[N+]([H])[C-]([H])C#N.C=C(C)/C=C/C=C(C)C|CCCCN|water|298.15,12,True,True,0.9790209790209792
d1_own_dft,44,*C(C(=O)N([H])C([H])([H])[H])=[N+]([C-]([H])C#N)C([H])([H])[H].CC(C)=CC=O|CCCCN|water|298.15,4,False,True,0.0
d1_own_dft,44,*[C-]([H])[N+](=C(C(=O)N([H])C([H])([H])[H])C(=O)C([H])([H])[H])C([H])([H])[H].CC(C)=CC=O|CCCCN|water|298.15,4,False,True,0.39999999999999997
d1_own_dft,44,*[C-](C#N)[N+]#CC(=O)OC([H])([H])[H].CN1C=CCC(C(N)=O)=C1|CCCCN|water|298.15,5,True,True,0.9999999999999999
d1_own_dft,44,*[C-]([N+]#CC#N)C([H])([H])[H].COC1=C(OC)C(=O)C(C)=C(C)C1=O|CCCCN|water|298.15,4,True,True,1.0
d1_own_dft,44,*[C-](C#N)[N+]([H])=C(C(=O)N([H])C([H])([H])[H])C([H])([H])[H].CN1C=CCC(C(N)=O)=C1|CCCCN|water|298.15,7,True,True,0.6071428571428572
d1_own_dft,44,*C([H])=C(C([H])([H])[H])C([H])([H])[H].C[CH-][N+](C)=C(C(C)=O)c1ccccc1|CCCCN|water|298.15,4,True,True,0.7999999999999999
d1_own_dft,44,*C([H])=[N+]([C-](c1c([H])c([H])c([H])c([H])c1[H])C([H])([H])[H])C([H])([H])[H].C=C(C)/C=C/C=C(C)C|CCCCN|water|298.15,15,True,True,0.9749999999999999
d1_own_dft,44,*C([H])=[O+][N-]C(=O)OC([H])([H])[H].CN1C=CCC(C(N)=O)=C1|CCCNO|water|298.15,4,True,True,1.0
d1_own_dft,44,*[C-](C#N)[N+](=C(C(=O)N([H])C([H])([H])[H])C(=O)N([H])C([H])([H])[H])C([H])([H])[H].CC(C)=CC=O|CCCCN|water|298.15,4,False,True,0.7999999999999999
d1_own_dft,44,*c1oc(=O)[c-](C(=O)N([H])C([H])([H])[H])[n+]1[H].C=C(C)/C=C/C=C(C)C|CCCCN|water|298.15,11,True,True,0.9181818181818183
d1_own_dft,44,*C([H])=C(C([H])([H])[H])C([H])([H])[H].CC(=O)C#[N+][C-](C(C)=O)c1ccccc1|CCCCN|water|298.15,3,True,True,
d1_own_dft,44,*C(=O)C#[N+][C-](C(=O)C([H])([H])[H])c1c([H])c([H])c([H])c([H])c1[H].CC(C)=CC=O|CCCCN|water|298.15,3,True,True,
d1_own_dft,44,*C(=O)[C-]([N+]#CC#N)C(=O)C([H])([H])[H].C=C(C)/C=C/C=C(C)C|CCCCN|water|298.15,8,False,False,0.523809523809524
d1_own_dft,44,*[C-]([N+]#CC#N)C(=O)C([H])([H])[H].C=C(C)/C=C/C=C(C)C|CCCCN|water|298.15,12,False,False,0.6363636363636365
d1_own_dft,44,*C#[N+][C-](C(=O)OC([H])([H])[H])C(=O)C([H])([H])[H].C=C(C)/C=C/C=C(C)C|CCCCN|water|298.15,10,False,False,0.8545454545454544
d1_own_dft,44,*C(C(=O)C([H])([H])[H])=[N+]([H])[N-]c1c([H])c([H])c([H])c([H])c1[H].C=C(C)/C=C/C=C(C)C|CCCNN|water|298.15,10,True,True,0.9999999999999999
d1_own_dft,44,*[C-]([N+]#CC#N)C(=O)N([H])C([H])([H])[H].C=C(C)/C=C/C=C(C)C|CCCCN|water|298.15,8,True,True,0.880952380952381
d1_own_dft,44,*C(c1c([H])c([H])c([H])c([H])c1[H])=[N+]([N-][H])C([H])([H])[H].CN1C=CCC(C(N)=O)=C1|CCCNN|water|298.15,5,True,True,0.8999999999999998
d1_own_dft,44,*c1oc(=O)[c-](C(=O)N([H])C([H])([H])[H])[o+]1.C=C(C)/C=C/C=C(C)C|CCCCO|water|298.15,12,True,True,0.9720279720279721
d1_own_dft,44,*[c-]1c(=O)oc(C(=O)C([H])([H])[H])[n+]1C([H])([H])[H].CN1C=CCC(C(N)=O)=C1|CCCCN|water|298.15,10,True,True,0.8545454545454544
d1_own_dft,44,*[N-][N+]#CC(=O)N([H])C([H])([H])[H].COC1=C(OC)C(=O)C(C)=C(C)C1=O|CCCNN|water|298.15,3,True,True,
d1_own_dft,44,*C#[N+][C-](C#N)C([H])([H])[H].COC1=C(OC)C(=O)C(C)=C(C)C1=O|CCCCN|water|298.15,6,True,True,0.942857142857143
d1_own_dft,44,*C(C#N)=[N+]([C-](C(=O)N([H])C([H])([H])[H])C([H])([H])[H])C([H])([H])[H].CC(C)=CC=O|CCCCN|water|298.15,4,True,True,1.0
d1_own_dft,44,*C(=[O+][N-]C(=O)OC([H])([H])[H])C(=O)N([H])C([H])([H])[H].CN1C=CCC(C(N)=O)=C1|CCCNO|water|298.15,3,True,True,
d1_own_dft,44,*C#[N+][C-](C(=O)N([H])C([H])([H])[H])c1c([H])c([H])c([H])c([H])c1[H].CC(C)=CC=O|CCCCN|water|298.15,4,True,True,1.0
d1_own_dft,44,*[C-](C(=O)N([H])C([H])([H])[H])[N+](=C(C#N)C#N)C([H])([H])[H].CN1C=CCC(C(N)=O)=C1|CCCCN|water|298.15,8,False,True,0.5000000000000001
d1_own_dft,44,*[C-](C(=O)OC([H])([H])[H])[N+]([H])=C(C(=O)N([H])C([H])([H])[H])C(=O)N([H])C([H])([H])[H].CC(C)=CC=O|CCCCN|water|298.15,4,True,True,0.7999999999999999
d1_own_dft,44,*[C-]([N+]#CC#N)C(=O)N([H])C([H])([H])[H].CN1C=CCC(C(N)=O)=C1|CCCCN|water|298.15,4,True,True,0.7999999999999999
d1_own_dft,44,*C#[N+][C-](C(=O)OC([H])([H])[H])c1c([H])c([H])c([H])c([H])c1[H].C=C(C)/C=C/C=C(C)C|CCCCN|water|298.15,7,False,True,0.9642857142857145
d1_own_dft,44,*[c-]1c(=O)oc(-c2c([H])c([H])c([H])c([H])c2[H])[n+]1[H].C=C(C)/C=C/C=C(C)C|CCCCN|water|298.15,18,True,True,0.9649122807017543
d1_own_dft,44,*C(=O)C#[N+][N-]C#N.COC1=C(OC)C(=O)C(C)=C(C)C1=O|CCCNN|water|298.15,3,False,True,
d1_own_dft,44,*[C-](C(=O)N([H])C([H])([H])[H])[N+](=C(C#N)c1c([H])c([H])c([H])c([H])c1[H])C([H])([H])[H].CC(C)=CC=O|CCCCN|water|298.15,4,True,True,1.0
d1_own_dft,44,*C#[N+][C-](C(=O)OC([H])([H])[H])C(=O)OC([H])([H])[H].C=C(C)/C=C/C=C(C)C|CCCCN|water|298.15,6,False,True,0.8285714285714287
d1_own_dft,44,*C([H])=[O+][C-](C#N)c1c([H])c([H])c([H])c([H])c1[H].CN1C=CCC(C(N)=O)=C1|CCCCO|water|298.15,5,True,True,0.8999999999999998
d1_own_dft,44,*C(=O)[C-]([N+]#CC#N)c1c([H])c([H])c([H])c([H])c1[H].C=C(C)/C=C/C=C(C)C|CCCCN|water|298.15,9,True,True,0.9500000000000001
d1_own_dft,44,*C#[N+][C-](C(=O)C([H])([H])[H])c1c([H])c([H])c([H])c([H])c1[H].C=C(C)/C=C/C=C(C)C|CCCCN|water|298.15,9,True,True,1.0
d1_own_dft,44,*c1oc(=O)[c-](C(=O)OC([H])([H])[H])[n+]1C([H])([H])[H].CN1C=CCC(C(N)=O)=C1|CCCCN|water|298.15,11,True,True,0.881818181818182
d1_own_dft,44,*c1oc(=O)[c-](-c2c([H])c([H])c([H])c([H])c2[H])[n+]1[H].CN1C=CCC(C(N)=O)=C1|CCCCN|water|298.15,7,False,True,0.9285714285714288
d1_own_dft,44,*C(=[N+]([H])[C-](C#N)c1c([H])c([H])c([H])c([H])c1[H])C([H])([H])[H].CN1C=CCC(C(N)=O)=C1|CCCCN|water|298.15,8,True,True,0.6904761904761906
d1_own_dft,44,*[C-](c1c([H])c([H])c([H])c([H])c1[H])[N+]([H])=C(C([H])([H])[H])C([H])([H])[H].CN1C=CCC(C(N)=O)=C1|CCCCN|water|298.15,8,True,True,0.6904761904761906
d1_own_dft,44,*[C-]([O+]=C([H])C(=O)C([H])([H])[H])c1c([H])c([H])c([H])c([H])c1[H].C=C(C)/C=C/C=C(C)C|CCCCO|water|298.15,10,False,False,0.9030303030303028
d1_own_dft,44,*[N-][O+]=C(C(=O)OC([H])([H])[H])C(=O)N([H])C([H])([H])[H].CN1C=CCC(C(N)=O)=C1|CCCNO|water|298.15,4,False,True,0.6000000000000001
d1_own_dft,44,*[c-]1c(=O)oc(C#N)[n+]1C([H])([H])[H].CN1C=CCC(C(N)=O)=C1|CCCCN|water|298.15,7,True,True,1.0
d1_own_dft,44,*[N-][O+]=C([H])c1c([H])c([H])c([H])c([H])c1[H].CN1C=CCC(C(N)=O)=C1|CCCNO|water|298.15,5,True,True,0.8999999999999998
d1_own_dft,44,*C(C(=O)OC([H])([H])[H])=[N+]([H])[C-](C#N)C#N.C=C(C)/C=C/C=C(C)C|CCCCN|water|298.15,11,True,True,0.990909090909091
d1_own_dft,44,*[C-]([O+]=C([H])c1c([H])c([H])c([H])c([H])c1[H])C(=O)OC([H])([H])[H].C=C(C)/C=C/C=C(C)C|CCCCO|water|298.15,10,True,True,0.9878787878787878
d1_own_dft,44,*[c-]1[o+]c(C(=O)OC([H])([H])[H])oc1=O.CN1C=CCC(C(N)=O)=C1|CCCCO|water|298.15,6,True,True,1.0
d1_own_dft,44,*C(c1c([H])c([H])c([H])c([H])c1[H])=[N+]([C-](C#N)C#N)C([H])([H])[H].CN1C=CCC(C(N)=O)=C1|CCCCN|water|298.15,10,True,True,0.9878787878787878
d1_own_dft,44,*C([H])=C(C([H])([H])[H])C([H])([H])[H].CNC(=O)C(=[O+][N-]c1ccccc1)C(=O)OC|CCCNO|water|298.15,4,False,True,0.7999999999999999
d1_own_dft,44,*C([H])=C(C([H])([H])[H])C([H])([H])[H].COC(=O)[CH-][O+]=C(C(=O)OC)c1ccccc1|CCCCO|water|298.15,4,True,True,1.0
d1_own_dft,44,*C#[N+][C-](C(=O)C([H])([H])[H])C(=O)C([H])([H])[H].CN1C=CCC(C(N)=O)=C1|CCCCN|water|298.15,4,True,True,0.39999999999999997
d1_own_dft,44,*[C-]([N+]#CC(=O)N([H])C([H])([H])[H])C(=O)OC([H])([H])[H].C=C(C)/C=C/C=C(C)C|CCCCN|water|298.15,10,True,True,0.9636363636363635
d1_own_dft,44,*C(c1c([H])c([H])c([H])c([H])c1[H])=[N+]([N-]C(=O)C([H])([H])[H])C([H])([H])[H].C=C(C)/C=C/C=C(C)C|CCCNN|water|298.15,7,True,True,0.9285714285714288
d1_own_dft,44,*[C-]([H])[O+]=C(C(=O)OC([H])([H])[H])c1c([H])c([H])c([H])c([H])c1[H].C=C(C)/C=C/C=C(C)C|CCCCO|water|298.15,10,True,True,0.9636363636363635
d1_own_dft,44,*[C-]([N+]#Cc1c([H])c([H])c([H])c([H])c1[H])c1c([H])c([H])c([H])c([H])c1[H].CN1C=CCC(C(N)=O)=C1|CCCCN|water|298.15,7,True,True,0.9642857142857145
d1_own_dft,44,*C#[N+][C-](c1c([H])c([H])c([H])c([H])c1[H])c1c([H])c([H])c([H])c([H])c1[H].CN1C=CCC(C(N)=O)=C1|CCCCN|water|298.15,9,False,True,0.8166666666666667
d1_own_dft,44,*C(=[N+]([H])[C-](C(=O)N([H])C([H])([H])[H])C(=O)N([H])C([H])([H])[H])C([H])([H])[H].CN1C=CCC(C(N)=O)=C1|CCCCN|water|298.15,7,True,True,0.7857142857142859
d1_own_dft,44,*c1oc(=O)[c-](-c2c([H])c([H])c([H])c([H])c2[H])[n+]1C([H])([H])[H].CN1C=CCC(C(N)=O)=C1|CCCCN|water|298.15,8,True,True,0.9285714285714287
d1_own_dft,44,*[n+]1c(-c2c([H])c([H])c([H])c([H])c2[H])oc(=O)[c-]1C(=O)N([H])C([H])([H])[H].C=C(C)/C=C/C=C(C)C|CCCCN|water|298.15,11,True,True,0.990909090909091
d1_own_dft,44,*C(=[O+][C-](C#N)C#N)C(=O)OC([H])([H])[H].CN1C=CCC(C(N)=O)=C1|CCCCO|water|298.15,5,False,True,0.7999999999999999
d1_own_dft,44,*[C-]([N+]#Cc1c([H])c([H])c([H])c([H])c1[H])C([H])([H])[H].COC1=C(OC)C(=O)C(C)=C(C)C1=O|CCCCN|water|298.15,3,True,True,
d1_own_dft,44,*C(=[O+][C-](C(=O)N([H])C([H])([H])[H])C(=O)N([H])C([H])([H])[H])c1c([H])c([H])c([H])c([H])c1[H].CC(C)=CC=O|CCCCO|water|298.15,4,True,True,1.0
d1_own_dft,44,*C(=O)C#[N+][C-](C(=O)OC([H])([H])[H])C(=O)OC([H])([H])[H].CN1C=CCC(C(N)=O)=C1|CCCCN|water|298.15,6,True,True,0.6571428571428573
d1_own_dft,44,*C(C(=O)OC([H])([H])[H])=[N+]([N-]C([H])([H])[H])C([H])([H])[H].COC1=C(OC)C(=O)C(C)=C(C)C1=O|CCCNN|water|298.15,4,True,True,0.7999999999999999
d1_own_dft,44,*C(=[O+][C-](C#N)C(=O)OC([H])([H])[H])c1c([H])c([H])c([H])c([H])c1[H].CN1C=CCC(C(N)=O)=C1|CCCCO|water|298.15,7,False,True,0.8571428571428573
d1_own_dft,44,*C(=O)c1oc(=O)[c-](-c2c([H])c([H])c([H])c([H])c2[H])[o+]1.CN1C=CCC(C(N)=O)=C1|CCCCO|water|298.15,7,True,True,0.9285714285714288
d1_own_dft,44,*c1oc(=O)[c-](-c2c([H])c([H])c([H])c([H])c2[H])[o+]1.CN1C=CCC(C(N)=O)=C1|CCCCO|water|298.15,11,True,True,0.9545454545454546
d1_own_dft,44,*[C-](C(=O)C([H])([H])[H])[N+](=C([H])C(=O)OC([H])([H])[H])C([H])([H])[H].CN1C=CCC(C(N)=O)=C1|CCCCN|water|298.15,7,False,True,0.642857142857143
d1_own_dft,44,*C(C(=O)OC([H])([H])[H])=[N+]([C-](C(=O)C([H])([H])[H])C([H])([H])[H])C([H])([H])[H].CN1C=CCC(C(N)=O)=C1|CCCCN|water|298.15,5,True,True,0.9999999999999999
d1_own_dft,44,*[N+](=C(C(=O)N([H])C([H])([H])[H])c1c([H])c([H])c([H])c([H])c1[H])[C-](C(=O)OC([H])([H])[H])C(=O)C([H])([H])[H].CC(C)=CC=O|CCCCN|water|298.15,4,True,True,1.0
d1_own_dft,44,*[C-](C#N)[O+]=C(C(=O)OC([H])([H])[H])c1c([H])c([H])c([H])c([H])c1[H].CN1C=CCC(C(N)=O)=C1|CCCCO|water|298.15,6,False,True,0.8285714285714287
d1_own_dft,44,*[N+](=C([H])C(=O)N([H])C([H])([H])[H])[C-](C#N)C(=O)C([H])([H])[H].COC1=C(OC)C(=O)C(C)=C(C)C1=O|CCCCN|water|298.15,4,False,True,0.7999999999999999
d1_own_dft,44,*C(=O)[C-]([N+](=C(C#N)C([H])([H])[H])C([H])([H])[H])C([H])([H])[H].COC1=C(OC)C(=O)C(C)=C(C)C1=O|CCCCN|water|298.15,4,True,True,0.7999999999999999
d1_own_dft,44,*C(=[O+][C-]([H])C(=O)OC([H])([H])[H])C([H])([H])[H].COC1=C(OC)C(=O)C(C)=C(C)C1=O|CCCCO|water|298.15,3,True,True,
d1_own_dft,44,*c1oc(=O)[c-](-c2c([H])c([H])c([H])c([H])c2[H])[o+]1.COC1=C(OC)C(=O)C(C)=C(C)C1=O|CCCCO|water|298.15,4,True,True,1.0
d1_own_dft,44,*c1oc(=O)[c-](C(=O)OC([H])([H])[H])[o+]1.COC1=C(OC)C(=O)C(C)=C(C)C1=O|CCCCO|water|298.15,4,True,True,1.0
d1_own_dft,44,*[c-]1[o+]c(C(=O)N([H])C([H])([H])[H])oc1=O.COC1=C(OC)C(=O)C(C)=C(C)C1=O|CCCCO|water|298.15,6,True,True,0.942857142857143
d1_own_dft,44,*[C-](C(=O)C([H])([H])[H])[N+](=C(C(=O)N([H])C([H])([H])[H])c1c([H])c([H])c([H])c([H])c1[H])C([H])([H])[H].CC(C)=CC=O|CCCCN|water|298.15,4,True,True,1.0
d1_own_dft,44,*[C-](C(=O)OC([H])([H])[H])[N+]([H])=C(C(=O)N([H])C([H])([H])[H])C([H])([H])[H].COC1=C(OC)C(=O)C(C)=C(C)C1=O|CCCCN|water|298.15,4,False,True,-0.19999999999999998
d1_own_dft,44,*[c-]1c(=O)oc(-c2c([H])c([H])c([H])c([H])c2[H])[n+]1C([H])([H])[H].COC1=C(OC)C(=O)C(C)=C(C)C1=O|CCCCN|water|298.15,4,True,True,0.39999999999999997
d1_own_dft,44,*[C-](C(=O)OC([H])([H])[H])[N+](=C(C(=O)OC([H])([H])[H])c1c([H])c([H])c([H])c([H])c1[H])C([H])([H])[H].C=C(C)/C=C/C=C(C)C|CCCCN|water|298.15,10,True,True,0.9757575757575757
d1_own_dft,44,*[c-]1[o+]c(C(=O)OC([H])([H])[H])oc1=O.COC1=C(OC)C(=O)C(C)=C(C)C1=O|CCCCO|water|298.15,4,True,True,0.7999999999999999
d1_own_dft,44,*c1oc(=O)[c-](C(=O)N([H])C([H])([H])[H])[o+]1.COC1=C(OC)C(=O)C(C)=C(C)C1=O|CCCCO|water|298.15,4,True,True,0.7999999999999999
d1_own_dft,44,*C(c1c([H])c([H])c([H])c([H])c1[H])=[N+]([H])[C-](C#N)C(=O)N([H])C([H])([H])[H].COC1=C(OC)C(=O)C(C)=C(C)C1=O|CCCCN|water|298.15,4,True,True,1.0
d1_own_dft,44,*C(=O)C(C(=O)OC([H])([H])[H])=[N+]([H])[C-](C(=O)OC([H])([H])[H])c1c([H])c([H])c([H])c([H])c1[H].C=C(C)/C=C/C=C(C)C|CCCCN|water|298.15,11,True,True,0.9090909090909091
d1_own_dft,44,*[C-]([O+]=C(C(=O)N([H])C([H])([H])[H])c1c([H])c([H])c([H])c([H])c1[H])C(=O)N([H])C([H])([H])[H].COC1=C(OC)C(=O)C(C)=C(C)C1=O|CCCCO|water|298.15,3,True,True,
d1_own_dft,44,*[C-](c1c([H])c([H])c([H])c([H])c1[H])[N+](=C(C#N)c1c([H])c([H])c([H])c([H])c1[H])C([H])([H])[H].COC1=C(OC)C(=O)C(C)=C(C)C1=O|CCCCN|water|298.15,4,False,True,0.7999999999999999
d1_own_dft,44,*C(=[O+][C-](c1c([H])c([H])c([H])c([H])c1[H])C([H])([H])[H])C(=O)C([H])([H])[H].COC1=C(OC)C(=O)C(C)=C(C)C1=O|CCCCO|water|298.15,4,True,True,1.0
d1_own_dft,44,*[C-](C#N)[N+](=C(C(=O)N([H])C([H])([H])[H])c1c([H])c([H])c([H])c([H])c1[H])C([H])([H])[H].COC1=C(OC)C(=O)C(C)=C(C)C1=O|CCCCN|water|298.15,4,True,True,1.0
d1_own_dft,45,*C#CC(=O)N([H])C([H])([H])[H].CC(=O)c1[nH+][c-](C)c(=O)o1|CCCCN|water|298.15,4,False,True,-0.6000000000000001
d1_own_dft,45,*C(=O)C#CF.CNC(=O)c1[nH+][c-](C#N)c(=O)o1|CCCCN|water|298.15,3,True,True,
d1_own_dft,45,*C([H])=C([H])[H].N#Cc1oc(=O)[c-](-c2ccccc2)[o+]1|CCCCO|water|298.15,3,True,True,
d1_own_dft,45,*C1=C(C([H])([H])[H])C2([H])C([H])([H])C([H])([H])C1([H])C2([H])[H].COC(=O)[N-][N+]#CC(C)=O|CCCNN|water|298.15,3,True,True,
d1_own_dft,45,*C(=C(C([H])([H])[H])C([H])([H])[H])C([H])([H])[H].COC(=O)[c-]1[nH+]c(C(C)=O)oc1=O|CCCCN|water|298.15,3,True,True,
d1_own_dft,45,*C#CC(=O)OC([H])([H])[H].CNC(=O)[c-]1c(=O)oc(C#N)[n+]1C|CCCCN|water|298.15,4,False,True,0.7999999999999999
d1_own_dft,45,*C(=[O+][N-]C([H])([H])[H])c1c([H])c([H])c([H])c([H])c1[H].CNC(=O)C1=C(C#N)C2CCC1C2|CCCNO|water|298.15,4,True,True,0.39999999999999997
d1_own_dft,45,*[C-]([O+]=C(C#N)C(=O)OC([H])([H])[H])C([H])([H])[H].CNC(=O)C1=C(F)C2CCC1C2|CCCCO|water|298.15,4,True,True,1.0
d1_own_dft,45,*c1oc(=O)[c-](-c2c([H])c([H])c([H])c([H])c2[H])[n+]1C([H])([H])[H].CC(=O)C1=C(Cl)C2CCC1C2|CCCCN|water|298.15,4,True,True,1.0
d1_own_dft,45,*c1oc(=O)[c-](C(=O)OC([H])([H])[H])[o+]1.CC(=O)C1=C(Br)C2CCC1C2|CCCCO|water|298.15,4,False,True,0.6000000000000001
d1_own_dft,45,*C([H])=[N+]([C-](C#N)C(=O)C([H])([H])[H])C([H])([H])[H].N#CC1=C(c2ccccc2)C2CCC1C2|CCCCN|water|298.15,4,False,True,0.7999999999999999
d1_own_dft,45,*C1=C([H])C2([H])C([H])([H])C([H])([H])C1([H])C2([H])[H].COC(=O)[C-](C)[O+]=C(c1ccccc1)c1ccccc1|CCCCO|water|298.15,3,True,True,
d1_own_dft,45,*C1=C(Br)C2([H])C([H])([H])C([H])([H])C1([H])C2([H])[H].CC(=O)c1[nH+][c-](-c2ccccc2)c(=O)o1|CCCCN|water|298.15,4,False,True,0.7999999999999999
d1_own_dft,45,*C(c1c([H])c([H])c([H])c([H])c1[H])=[N+]([C-](C(=O)N([H])C([H])([H])[H])C([H])([H])[H])C([H])([H])[H].CC1=C(Br)C2C=CC1O2|CCCCN|water|298.15,7,False,True,0.9285714285714288
d1_own_dft,45,*C1=C(C(F)(F)F)C2([H])OC1([H])C([H])=C2[H].COC(=O)[C-]([N+]#CC(C)=O)c1ccccc1|CCCCN|water|298.15,5,False,True,0.8999999999999998
d1_own_dft,45,*C(=O)C1=C(Br)C2([H])OC1([H])C([H])=C2[H].CNC(=O)C(=[NH+][C-](C)C#N)C(=O)OC|CCCCN|water|298.15,8,True,True,0.8571428571428572
d1_own_dft,45,*C1(C([H])([H])[H])C#CC(c2c([H])c([H])c([H])c([H])c2[H])(c2c([H])c([H])c([H])c([H])c2[H])C([H])([H])C([H])([H])C([H])([H])C1([H])[H].CNC(=O)[C-](C#N)[NH+]=C(C)C#N|CCCCN|water|298.15,4,True,True,1.0
d1_own_dft,45,*[C-]([O+]=C(C(=O)N([H])C([H])([H])[H])c1c([H])c([H])c([H])c([H])c1[H])C([H])([H])[H].CNC(=O)C1=C(Br)C2CCC1C2|CCCCO|water|298.15,3,False,True,
d1_own_dft,45,*C1([H])C#CC(C(=O)OC([H])([H])[H])(C(=O)OC([H])([H])[H])C([H])([H])C([H])([H])C([H])([H])C1([H])[H].CC(=O)[c-]1c(=O)oc(-c2ccccc2)[n+]1C|CCCCN|water|298.15,4,True,True,1.0
d1_own_dft,45,*C1(c2c([H])c([H])c([H])c([H])c2[H])C#CC(c2c([H])c([H])c([H])c([H])c2[H])(c2c([H])c([H])c([H])c([H])c2[H])C([H])([H])C([H])([H])C([H])([H])C1([H])[H].C[C-]([N+]#N)c1ccccc1|CCCNN|water|298.15,3,True,True,
d1_own_dft,45,*C#[N+][C-]([H])c1c([H])c([H])c([H])c([H])c1[H].C=C|CCCCN|water|298.15,3,True,True,
d1_own_dft,45,*[C-]([H])[N+](=C(C#N)C([H])([H])[H])C([H])([H])[H].C/C=C\C|CCCCN|water|298.15,3,True,True,
d1_own_dft,45,*C([H])=C(C([H])([H])[H])C([H])([H])[H].C[c-]1[o+]noc1=O|CCCNO|water|298.15,4,True,True,1.0
d1_own_dft,45,*[c-]1[o+]noc1=O.CC(C)=CC=O|CCCNO|water|298.15,4,False,True,0.7999999999999999
d1_own_dft,45,*[C-]([N+]#CC(=O)OC([H])([H])[H])C([H])([H])[H].CC(C)=CC=O|CCCCN|water|298.15,6,True,True,0.8285714285714287
d1_own_dft,45,*[C-]([H])[N+]#CC(=O)C([H])([H])[H].CC(C)=CC=O|CCCCN|water|298.15,4,True,True,1.0
d1_own_dft,45,*[C-]([N+]#CC(=O)C([H])([H])[H])C(=O)C([H])([H])[H].CC(C)=CC=O|CCCCN|water|298.15,3,True,True,
d1_own_dft,45,*C#[N+][C-](c1c([H])c([H])c([H])c([H])c1[H])C([H])([H])[H].C/C=C\C|CCCCN|water|298.15,4,True,True,0.19999999999999998
d1_own_dft,45,*C#[N+][C-](C([H])([H])[H])C([H])([H])[H].C=C(C)/C=C/C=C(C)C|CCCCN|water|298.15,9,True,True,0.9333333333333332
d1_own_dft,45,*C(C(=O)C([H])([H])[H])=[N+]([C-]([H])C([H])([H])[H])C([H])([H])[H].CC(C)=CC=O|CCCCN|water|298.15,4,False,True,0.39999999999999997
d1_own_dft,45,*C#[N+][C-](C#N)C(=O)C([H])([H])[H].CC(C)=C(C)C|CCCCN|water|298.15,3,True,True,
d1_own_dft,45,*C(C#N)=[N+]([H])[N-]C(=O)C([H])([H])[H].CC(C)=CC=O|CCCNN|water|298.15,4,False,True,0.7999999999999999
d1_own_dft,45,*C(C(=O)OC([H])([H])[H])=[N+]([H])[N-]C#N.CC(C)=CC=O|CCCNN|water|298.15,4,False,True,0.6000000000000001
d1_own_dft,45,*C(=O)[c-]1c(=O)oc(C([H])([H])[H])[n+]1[H].CC(C)=CC=O|CCCCN|water|298.15,3,False,True,
d1_own_dft,45,*[c-]1[o+]noc1=O.C=C(C)/C=C/C=C(C)C|CCCNO|water|298.15,8,False,True,0.4523809523809524
d1_own_dft,45,*[N-][N+]#CC([H])([H])[H].C=C(C)/C=C/C=C(C)C|CCCNN|water|298.15,7,True,True,0.8214285714285715
d1_own_dft,45,*[C-]([N+]#CC(=O)C([H])([H])[H])c1c([H])c([H])c([H])c([H])c1[H].C/C=C\C|CCCCN|water|298.15,3,True,True,
d1_own_dft,45,*C([H])=C(C([H])([H])[H])C([H])([H])[H].CNC(=O)[c-]1[nH+]c(C)oc1=O|CCCCN|water|298.15,4,True,True,1.0
d1_own_dft,45,*c1oc(=O)[c-](C(=O)N([H])C([H])([H])[H])[n+]1[H].CC(C)=CC=O|CCCCN|water|298.15,4,False,True,0.39999999999999997
d1_own_dft,45,*[C-]([N+]#CC(=O)C([H])([H])[H])c1c([H])c([H])c([H])c([H])c1[H].CC(C)=CC=O|CCCCN|water|298.15,5,True,True,0.9999999999999999
d1_own_dft,45,*c1oc(=O)[c-](C([H])([H])[H])[n+]1[H].C=C(C)/C=C/C=C(C)C|CCCCN|water|298.15,18,False,True,0.954592363261094
d1_own_dft,45,*[C-]([N+]#N)C(=O)OC([H])([H])[H].C=C(C)/C=C/C=C(C)C|CCCNN|water|298.15,9,True,True,0.75
d1_own_dft,45,*c1oc(=O)[c-](C([H])([H])[H])[n+]1[H].CN1C=CCC(C(N)=O)=C1|CCCCN|water|298.15,6,True,True,1.0
d1_own_dft,45,*[c-]1c(=O)oc(C([H])([H])[H])[n+]1[H].CN1C=CCC(C(N)=O)=C1|CCCCN|water|298.15,12,False,True,0.8951048951048951
d1_own_dft,45,*[C-]([N+]#CC(=O)OC([H])([H])[H])C([H])([H])[H].C=C(C)/C=C/C=C(C)C|CCCCN|water|298.15,15,True,True,0.8464285714285712
d1_own_dft,45,*C#[N+][N-]c1c([H])c([H])c([H])c([H])c1[H].C=C(C)/C=C/C=C(C)C|CCCNN|water|298.15,3,True,True,
d1_own_dft,45,*[C-](C(=O)N([H])C([H])([H])[H])[N+]([H])=C(C(=O)N([H])C([H])([H])[H])C([H])([H])[H].CC(C)=CC=O|CCCCN|water|298.15,4,True,True,1.0
d1_own_dft,45,*C([H])=C(C([H])([H])[H])C([H])([H])[H].C[c-]1[nH+]c(-c2ccccc2)oc1=O|CCCCN|water|298.15,3,True,True,
d1_own_dft,45,*[c-]1[o+]c(C#N)oc1=O.CN1C=CCC(C(N)=O)=C1|CCCCO|water|298.15,5,True,True,0.9999999999999999
d1_own_dft,45,*[C-]([N+]#CC#N)C(=O)OC([H])([H])[H].C=C(C)/C=C/C=C(C)C|CCCCN|water|298.15,14,False,False,0.8153846153846154
d1_own_dft,45,*C([H])=C(C([H])([H])[H])C([H])([H])[H].COC(=O)[N-][NH+]=Cc1ccccc1|CCCNN|water|298.15,3,True,True,
d1_own_dft,45,*[N+]([N-]C(=O)OC([H])([H])[H])=C([H])c1c([H])c([H])c([H])c([H])c1[H].CC(C)=CC=O|CCCNN|water|298.15,3,True,True,
d1_own_dft,45,*C(=O)C#[N+][C-](C(=O)C([H])([H])[H])C([H])([H])[H].C=C(C)/C=C/C=C(C)C|CCCCN|water|298.15,8,False,True,0.9047619047619048
d1_own_dft,45,*[C-]([N+]#CC(=O)C([H])([H])[H])C(=O)C([H])([H])[H].C=C(C)/C=C/C=C(C)C|CCCCN|water|298.15,8,False,True,0.9047619047619048
d1_own_dft,45,*C(C(=O)OC([H])([H])[H])=[N+]([H])[C-]([H])C#N.C=C(C)/C=C/C=C(C)C|CCCCN|water|298.15,12,False,True,0.965034965034965
d1_own_dft,45,*C(C(=O)N([H])C([H])([H])[H])=[N+]([C-]([H])C#N)C([H])([H])[H].CC(C)=CC=O|CCCCN|water|298.15,4,True,True,0.39999999999999997
d1_own_dft,45,*[C-]([H])[N+](=C(C(=O)N([H])C([H])([H])[H])C(=O)C([H])([H])[H])C([H])([H])[H].CC(C)=CC=O|CCCCN|water|298.15,4,False,True,0.39999999999999997
d1_own_dft,45,*[C-](C#N)[N+]#CC(=O)OC([H])([H])[H].CN1C=CCC(C(N)=O)=C1|CCCCN|water|298.15,5,False,True,0.8999999999999998
d1_own_dft,45,*[C-]([N+]#CC#N)C([H])([H])[H].COC1=C(OC)C(=O)C(C)=C(C)C1=O|CCCCN|water|298.15,4,True,True,1.0
d1_own_dft,45,*[C-](C#N)[N+]([H])=C(C(=O)N([H])C([H])([H])[H])C([H])([H])[H].CN1C=CCC(C(N)=O)=C1|CCCCN|water|298.15,7,True,True,0.8571428571428573
d1_own_dft,45,*C([H])=C(C([H])([H])[H])C([H])([H])[H].C[CH-][N+](C)=C(C(C)=O)c1ccccc1|CCCCN|water|298.15,4,True,True,0.7999999999999999
d1_own_dft,45,*C([H])=[N+]([C-](c1c([H])c([H])c([H])c([H])c1[H])C([H])([H])[H])C([H])([H])[H].C=C(C)/C=C/C=C(C)C|CCCCN|water|298.15,15,True,True,0.9785714285714284
d1_own_dft,45,*C([H])=[O+][N-]C(=O)OC([H])([H])[H].CN1C=CCC(C(N)=O)=C1|CCCNO|water|298.15,4,True,True,1.0
d1_own_dft,45,*[C-](C#N)[N+](=C(C(=O)N([H])C([H])([H])[H])C(=O)N([H])C([H])([H])[H])C([H])([H])[H].CC(C)=CC=O|CCCCN|water|298.15,4,True,True,1.0
d1_own_dft,45,*c1oc(=O)[c-](C(=O)N([H])C([H])([H])[H])[n+]1[H].C=C(C)/C=C/C=C(C)C|CCCCN|water|298.15,11,True,True,0.9636363636363637
d1_own_dft,45,*C([H])=C(C([H])([H])[H])C([H])([H])[H].CC(=O)C#[N+][C-](C(C)=O)c1ccccc1|CCCCN|water|298.15,3,False,True,
d1_own_dft,45,*C(=O)C#[N+][C-](C(=O)C([H])([H])[H])c1c([H])c([H])c([H])c([H])c1[H].CC(C)=CC=O|CCCCN|water|298.15,3,True,True,
d1_own_dft,45,*C(=O)[C-]([N+]#CC#N)C(=O)C([H])([H])[H].C=C(C)/C=C/C=C(C)C|CCCCN|water|298.15,8,False,True,0.8333333333333335
d1_own_dft,45,*[C-]([N+]#CC#N)C(=O)C([H])([H])[H].C=C(C)/C=C/C=C(C)C|CCCCN|water|298.15,12,False,False,0.8111888111888113
d1_own_dft,45,*C#[N+][C-](C(=O)OC([H])([H])[H])C(=O)C([H])([H])[H].C=C(C)/C=C/C=C(C)C|CCCCN|water|298.15,10,False,True,0.9393939393939393
d1_own_dft,45,*C(C(=O)C([H])([H])[H])=[N+]([H])[N-]c1c([H])c([H])c([H])c([H])c1[H].C=C(C)/C=C/C=C(C)C|CCCNN|water|298.15,10,True,True,0.8666666666666665
d1_own_dft,45,*[C-]([N+]#CC#N)C(=O)N([H])C([H])([H])[H].C=C(C)/C=C/C=C(C)C|CCCCN|water|298.15,8,False,True,0.9047619047619048
d1_own_dft,45,*C(c1c([H])c([H])c([H])c([H])c1[H])=[N+]([N-][H])C([H])([H])[H].CN1C=CCC(C(N)=O)=C1|CCCNN|water|298.15,5,True,True,0.8999999999999998
d1_own_dft,45,*c1oc(=O)[c-](C(=O)N([H])C([H])([H])[H])[o+]1.C=C(C)/C=C/C=C(C)C|CCCCO|water|298.15,12,True,True,0.9930069930069931
d1_own_dft,45,*[c-]1c(=O)oc(C(=O)C([H])([H])[H])[n+]1C([H])([H])[H].CN1C=CCC(C(N)=O)=C1|CCCCN|water|298.15,10,True,True,0.8909090909090909
d1_own_dft,45,*[N-][N+]#CC(=O)N([H])C([H])([H])[H].COC1=C(OC)C(=O)C(C)=C(C)C1=O|CCCNN|water|298.15,3,True,True,
d1_own_dft,45,*C#[N+][C-](C#N)C([H])([H])[H].COC1=C(OC)C(=O)C(C)=C(C)C1=O|CCCCN|water|298.15,6,False,True,0.7714285714285715
d1_own_dft,45,*C(C#N)=[N+]([C-](C(=O)N([H])C([H])([H])[H])C([H])([H])[H])C([H])([H])[H].CC(C)=CC=O|CCCCN|water|298.15,4,True,True,1.0
d1_own_dft,45,*C(=[O+][N-]C(=O)OC([H])([H])[H])C(=O)N([H])C([H])([H])[H].CN1C=CCC(C(N)=O)=C1|CCCNO|water|298.15,3,True,True,
d1_own_dft,45,*C#[N+][C-](C(=O)N([H])C([H])([H])[H])c1c([H])c([H])c([H])c([H])c1[H].CC(C)=CC=O|CCCCN|water|298.15,4,True,True,1.0
d1_own_dft,45,*[C-](C(=O)N([H])C([H])([H])[H])[N+](=C(C#N)C#N)C([H])([H])[H].CN1C=CCC(C(N)=O)=C1|CCCCN|water|298.15,8,False,True,0.6666666666666669
d1_own_dft,45,*[C-](C(=O)OC([H])([H])[H])[N+]([H])=C(C(=O)N([H])C([H])([H])[H])C(=O)N([H])C([H])([H])[H].CC(C)=CC=O|CCCCN|water|298.15,4,True,True,0.7999999999999999
d1_own_dft,45,*[C-]([N+]#CC#N)C(=O)N([H])C([H])([H])[H].CN1C=CCC(C(N)=O)=C1|CCCCN|water|298.15,4,True,True,0.7999999999999999
d1_own_dft,45,*C#[N+][C-](C(=O)OC([H])([H])[H])c1c([H])c([H])c([H])c([H])c1[H].C=C(C)/C=C/C=C(C)C|CCCCN|water|298.15,7,False,True,0.9285714285714288
d1_own_dft,45,*[c-]1c(=O)oc(-c2c([H])c([H])c([H])c([H])c2[H])[n+]1[H].C=C(C)/C=C/C=C(C)C|CCCCN|water|298.15,18,True,True,0.9566563467492261
d1_own_dft,45,*C(=O)C#[N+][N-]C#N.COC1=C(OC)C(=O)C(C)=C(C)C1=O|CCCNN|water|298.15,3,True,True,
d1_own_dft,45,*[C-](C(=O)N([H])C([H])([H])[H])[N+](=C(C#N)c1c([H])c([H])c([H])c([H])c1[H])C([H])([H])[H].CC(C)=CC=O|CCCCN|water|298.15,4,True,True,1.0
d1_own_dft,45,*C#[N+][C-](C(=O)OC([H])([H])[H])C(=O)OC([H])([H])[H].C=C(C)/C=C/C=C(C)C|CCCCN|water|298.15,6,False,True,0.942857142857143
d1_own_dft,45,*C([H])=[O+][C-](C#N)c1c([H])c([H])c([H])c([H])c1[H].CN1C=CCC(C(N)=O)=C1|CCCCO|water|298.15,5,True,True,0.9999999999999999
d1_own_dft,45,*C(=O)[C-]([N+]#CC#N)c1c([H])c([H])c([H])c([H])c1[H].C=C(C)/C=C/C=C(C)C|CCCCN|water|298.15,9,False,True,0.9333333333333332
d1_own_dft,45,*C#[N+][C-](C(=O)C([H])([H])[H])c1c([H])c([H])c([H])c([H])c1[H].C=C(C)/C=C/C=C(C)C|CCCCN|water|298.15,9,True,True,0.9500000000000001
d1_own_dft,45,*c1oc(=O)[c-](C(=O)OC([H])([H])[H])[n+]1C([H])([H])[H].CN1C=CCC(C(N)=O)=C1|CCCCN|water|298.15,11,True,True,0.690909090909091
d1_own_dft,45,*c1oc(=O)[c-](-c2c([H])c([H])c([H])c([H])c2[H])[n+]1[H].CN1C=CCC(C(N)=O)=C1|CCCCN|water|298.15,7,False,True,0.9285714285714288
d1_own_dft,45,*C(=[N+]([H])[C-](C#N)c1c([H])c([H])c([H])c([H])c1[H])C([H])([H])[H].CN1C=CCC(C(N)=O)=C1|CCCCN|water|298.15,8,True,True,0.9523809523809524
d1_own_dft,45,*[C-](c1c([H])c([H])c([H])c([H])c1[H])[N+]([H])=C(C([H])([H])[H])C([H])([H])[H].CN1C=CCC(C(N)=O)=C1|CCCCN|water|298.15,8,True,True,0.7857142857142858
d1_own_dft,45,*[C-]([O+]=C([H])C(=O)C([H])([H])[H])c1c([H])c([H])c([H])c([H])c1[H].C=C(C)/C=C/C=C(C)C|CCCCO|water|298.15,10,True,True,0.9999999999999999
d1_own_dft,45,*[N-][O+]=C(C(=O)OC([H])([H])[H])C(=O)N([H])C([H])([H])[H].CN1C=CCC(C(N)=O)=C1|CCCNO|water|298.15,4,False,True,0.6000000000000001
d1_own_dft,45,*[c-]1c(=O)oc(C#N)[n+]1C([H])([H])[H].CN1C=CCC(C(N)=O)=C1|CCCCN|water|298.15,7,True,True,1.0
d1_own_dft,45,*[N-][O+]=C([H])c1c([H])c([H])c([H])c([H])c1[H].CN1C=CCC(C(N)=O)=C1|CCCNO|water|298.15,5,True,True,0.9999999999999999
d1_own_dft,45,*C(C(=O)OC([H])([H])[H])=[N+]([H])[C-](C#N)C#N.C=C(C)/C=C/C=C(C)C|CCCCN|water|298.15,11,True,True,0.990909090909091
d1_own_dft,45,*[C-]([O+]=C([H])c1c([H])c([H])c([H])c([H])c1[H])C(=O)OC([H])([H])[H].C=C(C)/C=C/C=C(C)C|CCCCO|water|298.15,10,True,True,0.9878787878787878
d1_own_dft,45,*[c-]1[o+]c(C(=O)OC([H])([H])[H])oc1=O.CN1C=CCC(C(N)=O)=C1|CCCCO|water|298.15,6,True,True,1.0
d1_own_dft,45,*C(c1c([H])c([H])c([H])c([H])c1[H])=[N+]([C-](C#N)C#N)C([H])([H])[H].CN1C=CCC(C(N)=O)=C1|CCCCN|water|298.15,10,True,True,0.9878787878787878
d1_own_dft,45,*C([H])=C(C([H])([H])[H])C([H])([H])[H].CNC(=O)C(=[O+][N-]c1ccccc1)C(=O)OC|CCCNO|water|298.15,4,True,True,1.0
d1_own_dft,45,*C([H])=C(C([H])([H])[H])C([H])([H])[H].COC(=O)[CH-][O+]=C(C(=O)OC)c1ccccc1|CCCCO|water|298.15,4,True,True,1.0
d1_own_dft,45,*C#[N+][C-](C(=O)C([H])([H])[H])C(=O)C([H])([H])[H].CN1C=CCC(C(N)=O)=C1|CCCCN|water|298.15,4,True,True,0.19999999999999998
d1_own_dft,45,*[C-]([N+]#CC(=O)N([H])C([H])([H])[H])C(=O)OC([H])([H])[H].C=C(C)/C=C/C=C(C)C|CCCCN|water|298.15,10,False,True,0.9393939393939393
d1_own_dft,45,*C(c1c([H])c([H])c([H])c([H])c1[H])=[N+]([N-]C(=O)C([H])([H])[H])C([H])([H])[H].C=C(C)/C=C/C=C(C)C|CCCNN|water|298.15,7,True,True,0.9285714285714288
d1_own_dft,45,*[C-]([H])[O+]=C(C(=O)OC([H])([H])[H])c1c([H])c([H])c([H])c([H])c1[H].C=C(C)/C=C/C=C(C)C|CCCCO|water|298.15,10,True,True,0.8787878787878788
d1_own_dft,45,*[C-]([N+]#Cc1c([H])c([H])c([H])c([H])c1[H])c1c([H])c([H])c([H])c([H])c1[H].CN1C=CCC(C(N)=O)=C1|CCCCN|water|298.15,7,True,True,0.9642857142857145
d1_own_dft,45,*C#[N+][C-](c1c([H])c([H])c([H])c([H])c1[H])c1c([H])c([H])c([H])c([H])c1[H].CN1C=CCC(C(N)=O)=C1|CCCCN|water|298.15,9,True,True,0.8499999999999999
d1_own_dft,45,*C(=[N+]([H])[C-](C(=O)N([H])C([H])([H])[H])C(=O)N([H])C([H])([H])[H])C([H])([H])[H].CN1C=CCC(C(N)=O)=C1|CCCCN|water|298.15,7,True,True,0.8928571428571429
d1_own_dft,45,*c1oc(=O)[c-](-c2c([H])c([H])c([H])c([H])c2[H])[n+]1C([H])([H])[H].CN1C=CCC(C(N)=O)=C1|CCCCN|water|298.15,8,True,True,0.9285714285714287
d1_own_dft,45,*[n+]1c(-c2c([H])c([H])c([H])c([H])c2[H])oc(=O)[c-]1C(=O)N([H])C([H])([H])[H].C=C(C)/C=C/C=C(C)C|CCCCN|water|298.15,11,True,True,0.9727272727272729
d1_own_dft,45,*C(=[O+][C-](C#N)C#N)C(=O)OC([H])([H])[H].CN1C=CCC(C(N)=O)=C1|CCCCO|water|298.15,5,False,True,0.7999999999999999
d1_own_dft,45,*[C-]([N+]#Cc1c([H])c([H])c([H])c([H])c1[H])C([H])([H])[H].COC1=C(OC)C(=O)C(C)=C(C)C1=O|CCCCN|water|298.15,3,True,True,
d1_own_dft,45,*C(=[O+][C-](C(=O)N([H])C([H])([H])[H])C(=O)N([H])C([H])([H])[H])c1c([H])c([H])c([H])c([H])c1[H].CC(C)=CC=O|CCCCO|water|298.15,4,True,True,1.0
d1_own_dft,45,*C(=O)C#[N+][C-](C(=O)OC([H])([H])[H])C(=O)OC([H])([H])[H].CN1C=CCC(C(N)=O)=C1|CCCCN|water|298.15,6,True,True,0.942857142857143
d1_own_dft,45,*C(C(=O)OC([H])([H])[H])=[N+]([N-]C([H])([H])[H])C([H])([H])[H].COC1=C(OC)C(=O)C(C)=C(C)C1=O|CCCNN|water|298.15,4,True,True,0.39999999999999997
d1_own_dft,45,*C(=[O+][C-](C#N)C(=O)OC([H])([H])[H])c1c([H])c([H])c([H])c([H])c1[H].CN1C=CCC(C(N)=O)=C1|CCCCO|water|298.15,7,True,True,0.9642857142857145
d1_own_dft,45,*C(=O)c1oc(=O)[c-](-c2c([H])c([H])c([H])c([H])c2[H])[o+]1.CN1C=CCC(C(N)=O)=C1|CCCCO|water|298.15,7,True,True,0.9642857142857145
d1_own_dft,45,*c1oc(=O)[c-](-c2c([H])c([H])c([H])c([H])c2[H])[o+]1.CN1C=CCC(C(N)=O)=C1|CCCCO|water|298.15,11,True,True,0.990909090909091
d1_own_dft,45,*[C-](C(=O)C([H])([H])[H])[N+](=C([H])C(=O)OC([H])([H])[H])C([H])([H])[H].CN1C=CCC(C(N)=O)=C1|CCCCN|water|298.15,7,False,True,0.6785714285714287
d1_own_dft,45,*C(C(=O)OC([H])([H])[H])=[N+]([C-](C(=O)C([H])([H])[H])C([H])([H])[H])C([H])([H])[H].CN1C=CCC(C(N)=O)=C1|CCCCN|water|298.15,5,False,True,0.8999999999999998
d1_own_dft,45,*[N+](=C(C(=O)N([H])C([H])([H])[H])c1c([H])c([H])c([H])c([H])c1[H])[C-](C(=O)OC([H])([H])[H])C(=O)C([H])([H])[H].CC(C)=CC=O|CCCCN|water|298.15,4,True,True,1.0
d1_own_dft,45,*[C-](C#N)[O+]=C(C(=O)OC([H])([H])[H])c1c([H])c([H])c([H])c([H])c1[H].CN1C=CCC(C(N)=O)=C1|CCCCO|water|298.15,6,False,True,0.8285714285714287
d1_own_dft,45,*[N+](=C([H])C(=O)N([H])C([H])([H])[H])[C-](C#N)C(=O)C([H])([H])[H].COC1=C(OC)C(=O)C(C)=C(C)C1=O|CCCCN|water|298.15,4,True,True,1.0
d1_own_dft,45,*C(=O)[C-]([N+](=C(C#N)C([H])([H])[H])C([H])([H])[H])C([H])([H])[H].COC1=C(OC)C(=O)C(C)=C(C)C1=O|CCCCN|water|298.15,4,True,True,0.7999999999999999
d1_own_dft,45,*C(=[O+][C-]([H])C(=O)OC([H])([H])[H])C([H])([H])[H].COC1=C(OC)C(=O)C(C)=C(C)C1=O|CCCCO|water|298.15,3,True,True,
d1_own_dft,45,*c1oc(=O)[c-](-c2c([H])c([H])c([H])c([H])c2[H])[o+]1.COC1=C(OC)C(=O)C(C)=C(C)C1=O|CCCCO|water|298.15,4,True,True,1.0
d1_own_dft,45,*c1oc(=O)[c-](C(=O)OC([H])([H])[H])[o+]1.COC1=C(OC)C(=O)C(C)=C(C)C1=O|CCCCO|water|298.15,4,True,True,1.0
d1_own_dft,45,*[c-]1[o+]c(C(=O)N([H])C([H])([H])[H])oc1=O.COC1=C(OC)C(=O)C(C)=C(C)C1=O|CCCCO|water|298.15,6,True,True,0.8285714285714287
d1_own_dft,45,*[C-](C(=O)C([H])([H])[H])[N+](=C(C(=O)N([H])C([H])([H])[H])c1c([H])c([H])c([H])c([H])c1[H])C([H])([H])[H].CC(C)=CC=O|CCCCN|water|298.15,4,True,True,1.0
d1_own_dft,45,*[C-](C(=O)OC([H])([H])[H])[N+]([H])=C(C(=O)N([H])C([H])([H])[H])C([H])([H])[H].COC1=C(OC)C(=O)C(C)=C(C)C1=O|CCCCN|water|298.15,4,False,True,-0.19999999999999998
d1_own_dft,45,*[c-]1c(=O)oc(-c2c([H])c([H])c([H])c([H])c2[H])[n+]1C([H])([H])[H].COC1=C(OC)C(=O)C(C)=C(C)C1=O|CCCCN|water|298.15,4,True,True,0.39999999999999997
d1_own_dft,45,*[C-](C(=O)OC([H])([H])[H])[N+](=C(C(=O)OC([H])([H])[H])c1c([H])c([H])c([H])c([H])c1[H])C([H])([H])[H].C=C(C)/C=C/C=C(C)C|CCCCN|water|298.15,10,True,True,0.9878787878787878
d1_own_dft,45,*[c-]1[o+]c(C(=O)OC([H])([H])[H])oc1=O.COC1=C(OC)C(=O)C(C)=C(C)C1=O|CCCCO|water|298.15,4,True,True,0.7999999999999999
d1_own_dft,45,*c1oc(=O)[c-](C(=O)N([H])C([H])([H])[H])[o+]1.COC1=C(OC)C(=O)C(C)=C(C)C1=O|CCCCO|water|298.15,4,True,True,0.7999999999999999
d1_own_dft,45,*C(c1c([H])c([H])c([H])c([H])c1[H])=[N+]([H])[C-](C#N)C(=O)N([H])C([H])([H])[H].COC1=C(OC)C(=O)C(C)=C(C)C1=O|CCCCN|water|298.15,4,True,True,1.0
d1_own_dft,45,*C(=O)C(C(=O)OC([H])([H])[H])=[N+]([H])[C-](C(=O)OC([H])([H])[H])c1c([H])c([H])c([H])c([H])c1[H].C=C(C)/C=C/C=C(C)C|CCCCN|water|298.15,11,True,True,0.9363636363636365
d1_own_dft,45,*[C-]([O+]=C(C(=O)N([H])C([H])([H])[H])c1c([H])c([H])c([H])c([H])c1[H])C(=O)N([H])C([H])([H])[H].COC1=C(OC)C(=O)C(C)=C(C)C1=O|CCCCO|water|298.15,3,True,True,
d1_own_dft,45,*[C-](c1c([H])c([H])c([H])c([H])c1[H])[N+](=C(C#N)c1c([H])c([H])c([H])c([H])c1[H])C([H])([H])[H].COC1=C(OC)C(=O)C(C)=C(C)C1=O|CCCCN|water|298.15,4,True,True,1.0
d1_own_dft,45,*C(=[O+][C-](c1c([H])c([H])c([H])c([H])c1[H])C([H])([H])[H])C(=O)C([H])([H])[H].COC1=C(OC)C(=O)C(C)=C(C)C1=O|CCCCO|water|298.15,4,True,True,1.0
d1_own_dft,45,*[C-](C#N)[N+](=C(C(=O)N([H])C([H])([H])[H])c1c([H])c([H])c([H])c([H])c1[H])C([H])([H])[H].COC1=C(OC)C(=O)C(C)=C(C)C1=O|CCCCN|water|298.15,4,True,True,1.0
d1_own_dft,46,*C#CC(=O)N([H])C([H])([H])[H].CC(=O)c1[nH+][c-](C)c(=O)o1|CCCCN|water|298.15,4,False,True,-0.6000000000000001
d1_own_dft,46,*C(=O)C#CF.CNC(=O)c1[nH+][c-](C#N)c(=O)o1|CCCCN|water|298.15,3,True,True,
d1_own_dft,46,*C([H])=C([H])[H].N#Cc1oc(=O)[c-](-c2ccccc2)[o+]1|CCCCO|water|298.15,3,True,True,
d1_own_dft,46,*C1=C(C([H])([H])[H])C2([H])C([H])([H])C([H])([H])C1([H])C2([H])[H].COC(=O)[N-][N+]#CC(C)=O|CCCNN|water|298.15,3,True,True,
d1_own_dft,46,*C(=C(C([H])([H])[H])C([H])([H])[H])C([H])([H])[H].COC(=O)[c-]1[nH+]c(C(C)=O)oc1=O|CCCCN|water|298.15,3,True,True,
d1_own_dft,46,*C#CC(=O)OC([H])([H])[H].CNC(=O)[c-]1c(=O)oc(C#N)[n+]1C|CCCCN|water|298.15,4,True,True,1.0
d1_own_dft,46,*C(=[O+][N-]C([H])([H])[H])c1c([H])c([H])c([H])c([H])c1[H].CNC(=O)C1=C(C#N)C2CCC1C2|CCCNO|water|298.15,4,True,True,0.7999999999999999
d1_own_dft,46,*[C-]([O+]=C(C#N)C(=O)OC([H])([H])[H])C([H])([H])[H].CNC(=O)C1=C(F)C2CCC1C2|CCCCO|water|298.15,4,True,True,1.0
d1_own_dft,46,*c1oc(=O)[c-](-c2c([H])c([H])c([H])c([H])c2[H])[n+]1C([H])([H])[H].CC(=O)C1=C(Cl)C2CCC1C2|CCCCN|water|298.15,4,False,True,0.7999999999999999
d1_own_dft,46,*c1oc(=O)[c-](C(=O)OC([H])([H])[H])[o+]1.CC(=O)C1=C(Br)C2CCC1C2|CCCCO|water|298.15,4,False,True,0.6000000000000001
d1_own_dft,46,*C([H])=[N+]([C-](C#N)C(=O)C([H])([H])[H])C([H])([H])[H].N#CC1=C(c2ccccc2)C2CCC1C2|CCCCN|water|298.15,4,False,True,0.7999999999999999
d1_own_dft,46,*C1=C([H])C2([H])C([H])([H])C([H])([H])C1([H])C2([H])[H].COC(=O)[C-](C)[O+]=C(c1ccccc1)c1ccccc1|CCCCO|water|298.15,3,True,True,
d1_own_dft,46,*C1=C(Br)C2([H])C([H])([H])C([H])([H])C1([H])C2([H])[H].CC(=O)c1[nH+][c-](-c2ccccc2)c(=O)o1|CCCCN|water|298.15,4,False,True,0.6000000000000001
d1_own_dft,46,*C(c1c([H])c([H])c([H])c([H])c1[H])=[N+]([C-](C(=O)N([H])C([H])([H])[H])C([H])([H])[H])C([H])([H])[H].CC1=C(Br)C2C=CC1O2|CCCCN|water|298.15,7,False,True,0.9642857142857145
d1_own_dft,46,*C1=C(C(F)(F)F)C2([H])OC1([H])C([H])=C2[H].COC(=O)[C-]([N+]#CC(C)=O)c1ccccc1|CCCCN|water|298.15,5,True,True,0.9999999999999999
d1_own_dft,46,*C(=O)C1=C(Br)C2([H])OC1([H])C([H])=C2[H].CNC(=O)C(=[NH+][C-](C)C#N)C(=O)OC|CCCCN|water|298.15,8,True,True,0.8571428571428572
d1_own_dft,46,*C1(C([H])([H])[H])C#CC(c2c([H])c([H])c([H])c([H])c2[H])(c2c([H])c([H])c([H])c([H])c2[H])C([H])([H])C([H])([H])C([H])([H])C1([H])[H].CNC(=O)[C-](C#N)[NH+]=C(C)C#N|CCCCN|water|298.15,4,True,True,1.0
d1_own_dft,46,*[C-]([O+]=C(C(=O)N([H])C([H])([H])[H])c1c([H])c([H])c([H])c([H])c1[H])C([H])([H])[H].CNC(=O)C1=C(Br)C2CCC1C2|CCCCO|water|298.15,3,False,True,
d1_own_dft,46,*C1([H])C#CC(C(=O)OC([H])([H])[H])(C(=O)OC([H])([H])[H])C([H])([H])C([H])([H])C([H])([H])C1([H])[H].CC(=O)[c-]1c(=O)oc(-c2ccccc2)[n+]1C|CCCCN|water|298.15,4,False,True,0.7999999999999999
d1_own_dft,46,*C1(c2c([H])c([H])c([H])c([H])c2[H])C#CC(c2c([H])c([H])c([H])c([H])c2[H])(c2c([H])c([H])c([H])c([H])c2[H])C([H])([H])C([H])([H])C([H])([H])C1([H])[H].C[C-]([N+]#N)c1ccccc1|CCCNN|water|298.15,3,True,True,
d1_own_dft,46,*C#[N+][C-]([H])c1c([H])c([H])c([H])c([H])c1[H].C=C|CCCCN|water|298.15,3,True,True,
d1_own_dft,46,*[C-]([H])[N+](=C(C#N)C([H])([H])[H])C([H])([H])[H].C/C=C\C|CCCCN|water|298.15,3,True,True,
d1_own_dft,46,*C([H])=C(C([H])([H])[H])C([H])([H])[H].C[c-]1[o+]noc1=O|CCCNO|water|298.15,4,False,True,0.7999999999999999
d1_own_dft,46,*[c-]1[o+]noc1=O.CC(C)=CC=O|CCCNO|water|298.15,4,False,True,0.7999999999999999
d1_own_dft,46,*[C-]([N+]#CC(=O)OC([H])([H])[H])C([H])([H])[H].CC(C)=CC=O|CCCCN|water|298.15,6,True,True,0.7714285714285715
d1_own_dft,46,*[C-]([H])[N+]#CC(=O)C([H])([H])[H].CC(C)=CC=O|CCCCN|water|298.15,4,True,True,1.0
d1_own_dft,46,*[C-]([N+]#CC(=O)C([H])([H])[H])C(=O)C([H])([H])[H].CC(C)=CC=O|CCCCN|water|298.15,3,True,True,
d1_own_dft,46,*C#[N+][C-](c1c([H])c([H])c([H])c([H])c1[H])C([H])([H])[H].C/C=C\C|CCCCN|water|298.15,4,True,True,0.39999999999999997
d1_own_dft,46,*C#[N+][C-](C([H])([H])[H])C([H])([H])[H].C=C(C)/C=C/C=C(C)C|CCCCN|water|298.15,9,True,True,0.9500000000000001
d1_own_dft,46,*C(C(=O)C([H])([H])[H])=[N+]([C-]([H])C([H])([H])[H])C([H])([H])[H].CC(C)=CC=O|CCCCN|water|298.15,4,False,True,0.39999999999999997
d1_own_dft,46,*C#[N+][C-](C#N)C(=O)C([H])([H])[H].CC(C)=C(C)C|CCCCN|water|298.15,3,True,True,
d1_own_dft,46,*C(C#N)=[N+]([H])[N-]C(=O)C([H])([H])[H].CC(C)=CC=O|CCCNN|water|298.15,4,True,True,1.0
d1_own_dft,46,*C(C(=O)OC([H])([H])[H])=[N+]([H])[N-]C#N.CC(C)=CC=O|CCCNN|water|298.15,4,False,True,0.7999999999999999
d1_own_dft,46,*C(=O)[c-]1c(=O)oc(C([H])([H])[H])[n+]1[H].CC(C)=CC=O|CCCCN|water|298.15,3,True,True,
d1_own_dft,46,*[c-]1[o+]noc1=O.C=C(C)/C=C/C=C(C)C|CCCNO|water|298.15,8,True,True,0.4523809523809524
d1_own_dft,46,*[N-][N+]#CC([H])([H])[H].C=C(C)/C=C/C=C(C)C|CCCNN|water|298.15,7,True,True,0.8214285714285715
d1_own_dft,46,*[C-]([N+]#CC(=O)C([H])([H])[H])c1c([H])c([H])c([H])c([H])c1[H].C/C=C\C|CCCCN|water|298.15,3,True,True,
d1_own_dft,46,*C([H])=C(C([H])([H])[H])C([H])([H])[H].CNC(=O)[c-]1[nH+]c(C)oc1=O|CCCCN|water|298.15,4,True,True,1.0
d1_own_dft,46,*c1oc(=O)[c-](C(=O)N([H])C([H])([H])[H])[n+]1[H].CC(C)=CC=O|CCCCN|water|298.15,4,False,True,0.0
d1_own_dft,46,*[C-]([N+]#CC(=O)C([H])([H])[H])c1c([H])c([H])c([H])c([H])c1[H].CC(C)=CC=O|CCCCN|water|298.15,5,True,True,0.9999999999999999
d1_own_dft,46,*c1oc(=O)[c-](C([H])([H])[H])[n+]1[H].C=C(C)/C=C/C=C(C)C|CCCCN|water|298.15,18,False,True,0.9380804953560371
d1_own_dft,46,*[C-]([N+]#N)C(=O)OC([H])([H])[H].C=C(C)/C=C/C=C(C)C|CCCNN|water|298.15,9,False,True,0.7999999999999999
d1_own_dft,46,*c1oc(=O)[c-](C([H])([H])[H])[n+]1[H].CN1C=CCC(C(N)=O)=C1|CCCCN|water|298.15,6,True,True,1.0
d1_own_dft,46,*[c-]1c(=O)oc(C([H])([H])[H])[n+]1[H].CN1C=CCC(C(N)=O)=C1|CCCCN|water|298.15,12,False,True,0.8951048951048951
d1_own_dft,46,*[C-]([N+]#CC(=O)OC([H])([H])[H])C([H])([H])[H].C=C(C)/C=C/C=C(C)C|CCCCN|water|298.15,15,True,True,0.9107142857142855
d1_own_dft,46,*C#[N+][N-]c1c([H])c([H])c([H])c([H])c1[H].C=C(C)/C=C/C=C(C)C|CCCNN|water|298.15,3,True,True,
d1_own_dft,46,*[C-](C(=O)N([H])C([H])([H])[H])[N+]([H])=C(C(=O)N([H])C([H])([H])[H])C([H])([H])[H].CC(C)=CC=O|CCCCN|water|298.15,4,False,True,0.7999999999999999
d1_own_dft,46,*C([H])=C(C([H])([H])[H])C([H])([H])[H].C[c-]1[nH+]c(-c2ccccc2)oc1=O|CCCCN|water|298.15,3,True,True,
d1_own_dft,46,*[c-]1[o+]c(C#N)oc1=O.CN1C=CCC(C(N)=O)=C1|CCCCO|water|298.15,5,True,True,0.9999999999999999
d1_own_dft,46,*[C-]([N+]#CC#N)C(=O)OC([H])([H])[H].C=C(C)/C=C/C=C(C)C|CCCCN|water|298.15,14,False,False,0.7098901098901099
d1_own_dft,46,*C([H])=C(C([H])([H])[H])C([H])([H])[H].COC(=O)[N-][NH+]=Cc1ccccc1|CCCNN|water|298.15,3,True,True,
d1_own_dft,46,*[N+]([N-]C(=O)OC([H])([H])[H])=C([H])c1c([H])c([H])c([H])c([H])c1[H].CC(C)=CC=O|CCCNN|water|298.15,3,True,True,
d1_own_dft,46,*C(=O)C#[N+][C-](C(=O)C([H])([H])[H])C([H])([H])[H].C=C(C)/C=C/C=C(C)C|CCCCN|water|298.15,8,False,True,0.9047619047619048
d1_own_dft,46,*[C-]([N+]#CC(=O)C([H])([H])[H])C(=O)C([H])([H])[H].C=C(C)/C=C/C=C(C)C|CCCCN|water|298.15,8,False,True,0.880952380952381
d1_own_dft,46,*C(C(=O)OC([H])([H])[H])=[N+]([H])[C-]([H])C#N.C=C(C)/C=C/C=C(C)C|CCCCN|water|298.15,12,False,True,0.9790209790209792
d1_own_dft,46,*C(C(=O)N([H])C([H])([H])[H])=[N+]([C-]([H])C#N)C([H])([H])[H].CC(C)=CC=O|CCCCN|water|298.15,4,True,True,0.39999999999999997
d1_own_dft,46,*[C-]([H])[N+](=C(C(=O)N([H])C([H])([H])[H])C(=O)C([H])([H])[H])C([H])([H])[H].CC(C)=CC=O|CCCCN|water|298.15,4,False,True,0.39999999999999997
d1_own_dft,46,*[C-](C#N)[N+]#CC(=O)OC([H])([H])[H].CN1C=CCC(C(N)=O)=C1|CCCCN|water|298.15,5,True,True,0.9999999999999999
d1_own_dft,46,*[C-]([N+]#CC#N)C([H])([H])[H].COC1=C(OC)C(=O)C(C)=C(C)C1=O|CCCCN|water|298.15,4,True,True,1.0
d1_own_dft,46,*[C-](C#N)[N+]([H])=C(C(=O)N([H])C([H])([H])[H])C([H])([H])[H].CN1C=CCC(C(N)=O)=C1|CCCCN|water|298.15,7,True,True,0.8214285714285715
d1_own_dft,46,*C([H])=C(C([H])([H])[H])C([H])([H])[H].C[CH-][N+](C)=C(C(C)=O)c1ccccc1|CCCCN|water|298.15,4,True,True,1.0
d1_own_dft,46,*C([H])=[N+]([C-](c1c([H])c([H])c([H])c([H])c1[H])C([H])([H])[H])C([H])([H])[H].C=C(C)/C=C/C=C(C)C|CCCCN|water|298.15,15,True,True,0.9785714285714284
d1_own_dft,46,*C([H])=[O+][N-]C(=O)OC([H])([H])[H].CN1C=CCC(C(N)=O)=C1|CCCNO|water|298.15,4,True,True,1.0
d1_own_dft,46,*[C-](C#N)[N+](=C(C(=O)N([H])C([H])([H])[H])C(=O)N([H])C([H])([H])[H])C([H])([H])[H].CC(C)=CC=O|CCCCN|water|298.15,4,True,True,1.0
d1_own_dft,46,*c1oc(=O)[c-](C(=O)N([H])C([H])([H])[H])[n+]1[H].C=C(C)/C=C/C=C(C)C|CCCCN|water|298.15,11,True,True,0.881818181818182
d1_own_dft,46,*C([H])=C(C([H])([H])[H])C([H])([H])[H].CC(=O)C#[N+][C-](C(C)=O)c1ccccc1|CCCCN|water|298.15,3,False,True,
d1_own_dft,46,*C(=O)C#[N+][C-](C(=O)C([H])([H])[H])c1c([H])c([H])c([H])c([H])c1[H].CC(C)=CC=O|CCCCN|water|298.15,3,True,True,
d1_own_dft,46,*C(=O)[C-]([N+]#CC#N)C(=O)C([H])([H])[H].C=C(C)/C=C/C=C(C)C|CCCCN|water|298.15,8,False,True,0.880952380952381
d1_own_dft,46,*[C-]([N+]#CC#N)C(=O)C([H])([H])[H].C=C(C)/C=C/C=C(C)C|CCCCN|water|298.15,12,False,False,0.7762237762237763
d1_own_dft,46,*C#[N+][C-](C(=O)OC([H])([H])[H])C(=O)C([H])([H])[H].C=C(C)/C=C/C=C(C)C|CCCCN|water|298.15,10,False,True,0.9636363636363635
d1_own_dft,46,*C(C(=O)C([H])([H])[H])=[N+]([H])[N-]c1c([H])c([H])c([H])c([H])c1[H].C=C(C)/C=C/C=C(C)C|CCCNN|water|298.15,10,True,True,0.9151515151515152
d1_own_dft,46,*[C-]([N+]#CC#N)C(=O)N([H])C([H])([H])[H].C=C(C)/C=C/C=C(C)C|CCCCN|water|298.15,8,True,True,0.9761904761904763
d1_own_dft,46,*C(c1c([H])c([H])c([H])c([H])c1[H])=[N+]([N-][H])C([H])([H])[H].CN1C=CCC(C(N)=O)=C1|CCCNN|water|298.15,5,True,True,0.8999999999999998
d1_own_dft,46,*c1oc(=O)[c-](C(=O)N([H])C([H])([H])[H])[o+]1.C=C(C)/C=C/C=C(C)C|CCCCO|water|298.15,12,True,True,1.0
d1_own_dft,46,*[c-]1c(=O)oc(C(=O)C([H])([H])[H])[n+]1C([H])([H])[H].CN1C=CCC(C(N)=O)=C1|CCCCN|water|298.15,10,True,True,0.7939393939393938
d1_own_dft,46,*[N-][N+]#CC(=O)N([H])C([H])([H])[H].COC1=C(OC)C(=O)C(C)=C(C)C1=O|CCCNN|water|298.15,3,True,True,
d1_own_dft,46,*C#[N+][C-](C#N)C([H])([H])[H].COC1=C(OC)C(=O)C(C)=C(C)C1=O|CCCCN|water|298.15,6,True,True,0.942857142857143
d1_own_dft,46,*C(C#N)=[N+]([C-](C(=O)N([H])C([H])([H])[H])C([H])([H])[H])C([H])([H])[H].CC(C)=CC=O|CCCCN|water|298.15,4,True,True,1.0
d1_own_dft,46,*C(=[O+][N-]C(=O)OC([H])([H])[H])C(=O)N([H])C([H])([H])[H].CN1C=CCC(C(N)=O)=C1|CCCNO|water|298.15,3,True,True,
d1_own_dft,46,*C#[N+][C-](C(=O)N([H])C([H])([H])[H])c1c([H])c([H])c([H])c([H])c1[H].CC(C)=CC=O|CCCCN|water|298.15,4,True,True,0.7999999999999999
d1_own_dft,46,*[C-](C(=O)N([H])C([H])([H])[H])[N+](=C(C#N)C#N)C([H])([H])[H].CN1C=CCC(C(N)=O)=C1|CCCCN|water|298.15,8,False,True,0.6428571428571429
d1_own_dft,46,*[C-](C(=O)OC([H])([H])[H])[N+]([H])=C(C(=O)N([H])C([H])([H])[H])C(=O)N([H])C([H])([H])[H].CC(C)=CC=O|CCCCN|water|298.15,4,True,True,0.7999999999999999
d1_own_dft,46,*[C-]([N+]#CC#N)C(=O)N([H])C([H])([H])[H].CN1C=CCC(C(N)=O)=C1|CCCCN|water|298.15,4,True,True,0.7999999999999999
d1_own_dft,46,*C#[N+][C-](C(=O)OC([H])([H])[H])c1c([H])c([H])c([H])c([H])c1[H].C=C(C)/C=C/C=C(C)C|CCCCN|water|298.15,7,False,True,0.8214285714285715
d1_own_dft,46,*[c-]1c(=O)oc(-c2c([H])c([H])c([H])c([H])c2[H])[n+]1[H].C=C(C)/C=C/C=C(C)C|CCCCN|water|298.15,18,True,True,0.954592363261094
d1_own_dft,46,*C(=O)C#[N+][N-]C#N.COC1=C(OC)C(=O)C(C)=C(C)C1=O|CCCNN|water|298.15,3,True,True,
d1_own_dft,46,*[C-](C(=O)N([H])C([H])([H])[H])[N+](=C(C#N)c1c([H])c([H])c([H])c([H])c1[H])C([H])([H])[H].CC(C)=CC=O|CCCCN|water|298.15,4,True,True,1.0
d1_own_dft,46,*C#[N+][C-](C(=O)OC([H])([H])[H])C(=O)OC([H])([H])[H].C=C(C)/C=C/C=C(C)C|CCCCN|water|298.15,6,False,True,0.8857142857142858
d1_own_dft,46,*C([H])=[O+][C-](C#N)c1c([H])c([H])c([H])c([H])c1[H].CN1C=CCC(C(N)=O)=C1|CCCCO|water|298.15,5,True,True,0.8999999999999998
d1_own_dft,46,*C(=O)[C-]([N+]#CC#N)c1c([H])c([H])c([H])c([H])c1[H].C=C(C)/C=C/C=C(C)C|CCCCN|water|298.15,9,False,True,0.8666666666666667
d1_own_dft,46,*C#[N+][C-](C(=O)C([H])([H])[H])c1c([H])c([H])c([H])c([H])c1[H].C=C(C)/C=C/C=C(C)C|CCCCN|water|298.15,9,True,True,0.9666666666666667
d1_own_dft,46,*c1oc(=O)[c-](C(=O)OC([H])([H])[H])[n+]1C([H])([H])[H].CN1C=CCC(C(N)=O)=C1|CCCCN|water|298.15,11,True,True,0.7181818181818183
d1_own_dft,46,*c1oc(=O)[c-](-c2c([H])c([H])c([H])c([H])c2[H])[n+]1[H].CN1C=CCC(C(N)=O)=C1|CCCCN|water|298.15,7,False,True,0.9285714285714288
d1_own_dft,46,*C(=[N+]([H])[C-](C#N)c1c([H])c([H])c([H])c([H])c1[H])C([H])([H])[H].CN1C=CCC(C(N)=O)=C1|CCCCN|water|298.15,8,True,True,0.7142857142857144
d1_own_dft,46,*[C-](c1c([H])c([H])c([H])c([H])c1[H])[N+]([H])=C(C([H])([H])[H])C([H])([H])[H].CN1C=CCC(C(N)=O)=C1|CCCCN|water|298.15,8,True,True,0.7857142857142858
d1_own_dft,46,*[C-]([O+]=C([H])C(=O)C([H])([H])[H])c1c([H])c([H])c([H])c([H])c1[H].C=C(C)/C=C/C=C(C)C|CCCCO|water|298.15,10,False,True,0.8787878787878788
d1_own_dft,46,*[N-][O+]=C(C(=O)OC([H])([H])[H])C(=O)N([H])C([H])([H])[H].CN1C=CCC(C(N)=O)=C1|CCCNO|water|298.15,4,False,True,0.6000000000000001
d1_own_dft,46,*[c-]1c(=O)oc(C#N)[n+]1C([H])([H])[H].CN1C=CCC(C(N)=O)=C1|CCCCN|water|298.15,7,True,True,0.9285714285714288
d1_own_dft,46,*[N-][O+]=C([H])c1c([H])c([H])c([H])c([H])c1[H].CN1C=CCC(C(N)=O)=C1|CCCNO|water|298.15,5,True,True,0.9999999999999999
d1_own_dft,46,*C(C(=O)OC([H])([H])[H])=[N+]([H])[C-](C#N)C#N.C=C(C)/C=C/C=C(C)C|CCCCN|water|298.15,11,True,True,0.990909090909091
d1_own_dft,46,*[C-]([O+]=C([H])c1c([H])c([H])c([H])c([H])c1[H])C(=O)OC([H])([H])[H].C=C(C)/C=C/C=C(C)C|CCCCO|water|298.15,10,True,True,0.9393939393939393
d1_own_dft,46,*[c-]1[o+]c(C(=O)OC([H])([H])[H])oc1=O.CN1C=CCC(C(N)=O)=C1|CCCCO|water|298.15,6,True,True,1.0
d1_own_dft,46,*C(c1c([H])c([H])c([H])c([H])c1[H])=[N+]([C-](C#N)C#N)C([H])([H])[H].CN1C=CCC(C(N)=O)=C1|CCCCN|water|298.15,10,True,True,0.9757575757575757
d1_own_dft,46,*C([H])=C(C([H])([H])[H])C([H])([H])[H].CNC(=O)C(=[O+][N-]c1ccccc1)C(=O)OC|CCCNO|water|298.15,4,True,True,1.0
d1_own_dft,46,*C([H])=C(C([H])([H])[H])C([H])([H])[H].COC(=O)[CH-][O+]=C(C(=O)OC)c1ccccc1|CCCCO|water|298.15,4,True,True,1.0
d1_own_dft,46,*C#[N+][C-](C(=O)C([H])([H])[H])C(=O)C([H])([H])[H].CN1C=CCC(C(N)=O)=C1|CCCCN|water|298.15,4,True,True,0.39999999999999997
d1_own_dft,46,*[C-]([N+]#CC(=O)N([H])C([H])([H])[H])C(=O)OC([H])([H])[H].C=C(C)/C=C/C=C(C)C|CCCCN|water|298.15,10,False,True,0.9272727272727272
d1_own_dft,46,*C(c1c([H])c([H])c([H])c([H])c1[H])=[N+]([N-]C(=O)C([H])([H])[H])C([H])([H])[H].C=C(C)/C=C/C=C(C)C|CCCNN|water|298.15,7,True,True,0.8214285714285715
d1_own_dft,46,*[C-]([H])[O+]=C(C(=O)OC([H])([H])[H])c1c([H])c([H])c([H])c([H])c1[H].C=C(C)/C=C/C=C(C)C|CCCCO|water|298.15,10,False,True,0.8545454545454544
d1_own_dft,46,*[C-]([N+]#Cc1c([H])c([H])c([H])c([H])c1[H])c1c([H])c([H])c([H])c([H])c1[H].CN1C=CCC(C(N)=O)=C1|CCCCN|water|298.15,7,True,True,1.0
d1_own_dft,46,*C#[N+][C-](c1c([H])c([H])c([H])c([H])c1[H])c1c([H])c([H])c([H])c([H])c1[H].CN1C=CCC(C(N)=O)=C1|CCCCN|water|298.15,9,False,True,0.8166666666666667
d1_own_dft,46,*C(=[N+]([H])[C-](C(=O)N([H])C([H])([H])[H])C(=O)N([H])C([H])([H])[H])C([H])([H])[H].CN1C=CCC(C(N)=O)=C1|CCCCN|water|298.15,7,True,True,0.8928571428571429
d1_own_dft,46,*c1oc(=O)[c-](-c2c([H])c([H])c([H])c([H])c2[H])[n+]1C([H])([H])[H].CN1C=CCC(C(N)=O)=C1|CCCCN|water|298.15,8,True,True,0.9047619047619048
d1_own_dft,46,*[n+]1c(-c2c([H])c([H])c([H])c([H])c2[H])oc(=O)[c-]1C(=O)N([H])C([H])([H])[H].C=C(C)/C=C/C=C(C)C|CCCCN|water|298.15,11,True,True,0.990909090909091
d1_own_dft,46,*C(=[O+][C-](C#N)C#N)C(=O)OC([H])([H])[H].CN1C=CCC(C(N)=O)=C1|CCCCO|water|298.15,5,False,True,0.7999999999999999
d1_own_dft,46,*[C-]([N+]#Cc1c([H])c([H])c([H])c([H])c1[H])C([H])([H])[H].COC1=C(OC)C(=O)C(C)=C(C)C1=O|CCCCN|water|298.15,3,True,True,
d1_own_dft,46,*C(=[O+][C-](C(=O)N([H])C([H])([H])[H])C(=O)N([H])C([H])([H])[H])c1c([H])c([H])c([H])c([H])c1[H].CC(C)=CC=O|CCCCO|water|298.15,4,True,True,0.7999999999999999
d1_own_dft,46,*C(=O)C#[N+][C-](C(=O)OC([H])([H])[H])C(=O)OC([H])([H])[H].CN1C=CCC(C(N)=O)=C1|CCCCN|water|298.15,6,True,True,0.8285714285714287
d1_own_dft,46,*C(C(=O)OC([H])([H])[H])=[N+]([N-]C([H])([H])[H])C([H])([H])[H].COC1=C(OC)C(=O)C(C)=C(C)C1=O|CCCNN|water|298.15,4,True,True,0.7999999999999999
d1_own_dft,46,*C(=[O+][C-](C#N)C(=O)OC([H])([H])[H])c1c([H])c([H])c([H])c([H])c1[H].CN1C=CCC(C(N)=O)=C1|CCCCO|water|298.15,7,False,True,0.8928571428571429
d1_own_dft,46,*C(=O)c1oc(=O)[c-](-c2c([H])c([H])c([H])c([H])c2[H])[o+]1.CN1C=CCC(C(N)=O)=C1|CCCCO|water|298.15,7,True,True,1.0
d1_own_dft,46,*c1oc(=O)[c-](-c2c([H])c([H])c([H])c([H])c2[H])[o+]1.CN1C=CCC(C(N)=O)=C1|CCCCO|water|298.15,11,True,True,0.9727272727272729
d1_own_dft,46,*[C-](C(=O)C([H])([H])[H])[N+](=C([H])C(=O)OC([H])([H])[H])C([H])([H])[H].CN1C=CCC(C(N)=O)=C1|CCCCN|water|298.15,7,False,True,0.7142857142857144
d1_own_dft,46,*C(C(=O)OC([H])([H])[H])=[N+]([C-](C(=O)C([H])([H])[H])C([H])([H])[H])C([H])([H])[H].CN1C=CCC(C(N)=O)=C1|CCCCN|water|298.15,5,False,True,0.8999999999999998
d1_own_dft,46,*[N+](=C(C(=O)N([H])C([H])([H])[H])c1c([H])c([H])c([H])c([H])c1[H])[C-](C(=O)OC([H])([H])[H])C(=O)C([H])([H])[H].CC(C)=CC=O|CCCCN|water|298.15,4,True,True,1.0
d1_own_dft,46,*[C-](C#N)[O+]=C(C(=O)OC([H])([H])[H])c1c([H])c([H])c([H])c([H])c1[H].CN1C=CCC(C(N)=O)=C1|CCCCO|water|298.15,6,False,True,0.7714285714285715
d1_own_dft,46,*[N+](=C([H])C(=O)N([H])C([H])([H])[H])[C-](C#N)C(=O)C([H])([H])[H].COC1=C(OC)C(=O)C(C)=C(C)C1=O|CCCCN|water|298.15,4,True,True,1.0
d1_own_dft,46,*C(=O)[C-]([N+](=C(C#N)C([H])([H])[H])C([H])([H])[H])C([H])([H])[H].COC1=C(OC)C(=O)C(C)=C(C)C1=O|CCCCN|water|298.15,4,True,True,0.7999999999999999
d1_own_dft,46,*C(=[O+][C-]([H])C(=O)OC([H])([H])[H])C([H])([H])[H].COC1=C(OC)C(=O)C(C)=C(C)C1=O|CCCCO|water|298.15,3,True,True,
d1_own_dft,46,*c1oc(=O)[c-](-c2c([H])c([H])c([H])c([H])c2[H])[o+]1.COC1=C(OC)C(=O)C(C)=C(C)C1=O|CCCCO|water|298.15,4,True,True,1.0
d1_own_dft,46,*c1oc(=O)[c-](C(=O)OC([H])([H])[H])[o+]1.COC1=C(OC)C(=O)C(C)=C(C)C1=O|CCCCO|water|298.15,4,True,True,1.0
d1_own_dft,46,*[c-]1[o+]c(C(=O)N([H])C([H])([H])[H])oc1=O.COC1=C(OC)C(=O)C(C)=C(C)C1=O|CCCCO|water|298.15,6,False,True,0.8857142857142858
d1_own_dft,46,*[C-](C(=O)C([H])([H])[H])[N+](=C(C(=O)N([H])C([H])([H])[H])c1c([H])c([H])c([H])c([H])c1[H])C([H])([H])[H].CC(C)=CC=O|CCCCN|water|298.15,4,True,True,1.0
d1_own_dft,46,*[C-](C(=O)OC([H])([H])[H])[N+]([H])=C(C(=O)N([H])C([H])([H])[H])C([H])([H])[H].COC1=C(OC)C(=O)C(C)=C(C)C1=O|CCCCN|water|298.15,4,True,True,0.19999999999999998
d1_own_dft,46,*[c-]1c(=O)oc(-c2c([H])c([H])c([H])c([H])c2[H])[n+]1C([H])([H])[H].COC1=C(OC)C(=O)C(C)=C(C)C1=O|CCCCN|water|298.15,4,True,True,0.7999999999999999
d1_own_dft,46,*[C-](C(=O)OC([H])([H])[H])[N+](=C(C(=O)OC([H])([H])[H])c1c([H])c([H])c([H])c([H])c1[H])C([H])([H])[H].C=C(C)/C=C/C=C(C)C|CCCCN|water|298.15,10,True,True,0.9636363636363635
d1_own_dft,46,*[c-]1[o+]c(C(=O)OC([H])([H])[H])oc1=O.COC1=C(OC)C(=O)C(C)=C(C)C1=O|CCCCO|water|298.15,4,True,True,0.7999999999999999
d1_own_dft,46,*c1oc(=O)[c-](C(=O)N([H])C([H])([H])[H])[o+]1.COC1=C(OC)C(=O)C(C)=C(C)C1=O|CCCCO|water|298.15,4,True,True,0.7999999999999999
d1_own_dft,46,*C(c1c([H])c([H])c([H])c([H])c1[H])=[N+]([H])[C-](C#N)C(=O)N([H])C([H])([H])[H].COC1=C(OC)C(=O)C(C)=C(C)C1=O|CCCCN|water|298.15,4,True,True,1.0
d1_own_dft,46,*C(=O)C(C(=O)OC([H])([H])[H])=[N+]([H])[C-](C(=O)OC([H])([H])[H])c1c([H])c([H])c([H])c([H])c1[H].C=C(C)/C=C/C=C(C)C|CCCCN|water|298.15,11,True,True,0.9272727272727275
d1_own_dft,46,*[C-]([O+]=C(C(=O)N([H])C([H])([H])[H])c1c([H])c([H])c([H])c([H])c1[H])C(=O)N([H])C([H])([H])[H].COC1=C(OC)C(=O)C(C)=C(C)C1=O|CCCCO|water|298.15,3,True,True,
d1_own_dft,46,*[C-](c1c([H])c([H])c([H])c([H])c1[H])[N+](=C(C#N)c1c([H])c([H])c([H])c([H])c1[H])C([H])([H])[H].COC1=C(OC)C(=O)C(C)=C(C)C1=O|CCCCN|water|298.15,4,True,True,1.0
d1_own_dft,46,*C(=[O+][C-](c1c([H])c([H])c([H])c([H])c1[H])C([H])([H])[H])C(=O)C([H])([H])[H].COC1=C(OC)C(=O)C(C)=C(C)C1=O|CCCCO|water|298.15,4,True,True,1.0
d1_own_dft,46,*[C-](C#N)[N+](=C(C(=O)N([H])C([H])([H])[H])c1c([H])c([H])c([H])c([H])c1[H])C([H])([H])[H].COC1=C(OC)C(=O)C(C)=C(C)C1=O|CCCCN|water|298.15,4,True,True,1.0
d2_own_dft,42,*C#CC(=O)N([H])C([H])([H])[H].CC(=O)c1[nH+][c-](C)c(=O)o1|CCCCN|water|298.15,4,True,True,1.0
d2_own_dft,42,*C(=O)C#CF.CNC(=O)c1[nH+][c-](C#N)c(=O)o1|CCCCN|water|298.15,3,True,True,
d2_own_dft,42,*C([H])=C([H])[H].N#Cc1oc(=O)[c-](-c2ccccc2)[o+]1|CCCCO|water|298.15,3,True,True,
d2_own_dft,42,*C1=C(C([H])([H])[H])C2([H])C([H])([H])C([H])([H])C1([H])C2([H])[H].COC(=O)[N-][N+]#CC(C)=O|CCCNN|water|298.15,3,True,True,
d2_own_dft,42,*C(=C(C([H])([H])[H])C([H])([H])[H])C([H])([H])[H].COC(=O)[c-]1[nH+]c(C(C)=O)oc1=O|CCCCN|water|298.15,3,True,True,
d2_own_dft,42,*C#CC(=O)OC([H])([H])[H].CNC(=O)[c-]1c(=O)oc(C#N)[n+]1C|CCCCN|water|298.15,4,True,True,1.0
d2_own_dft,42,*C(=[O+][N-]C([H])([H])[H])c1c([H])c([H])c([H])c([H])c1[H].CNC(=O)C1=C(C#N)C2CCC1C2|CCCNO|water|298.15,4,False,True,0.39999999999999997
d2_own_dft,42,*[C-]([O+]=C(C#N)C(=O)OC([H])([H])[H])C([H])([H])[H].CNC(=O)C1=C(F)C2CCC1C2|CCCCO|water|298.15,4,False,False,-0.19999999999999998
d2_own_dft,42,*c1oc(=O)[c-](-c2c([H])c([H])c([H])c([H])c2[H])[n+]1C([H])([H])[H].CC(=O)C1=C(Cl)C2CCC1C2|CCCCN|water|298.15,4,False,True,0.39999999999999997
d2_own_dft,42,*c1oc(=O)[c-](C(=O)OC([H])([H])[H])[o+]1.CC(=O)C1=C(Br)C2CCC1C2|CCCCO|water|298.15,4,True,True,1.0
d2_own_dft,42,*C([H])=[N+]([C-](C#N)C(=O)C([H])([H])[H])C([H])([H])[H].N#CC1=C(c2ccccc2)C2CCC1C2|CCCCN|water|298.15,4,False,True,0.7999999999999999
d2_own_dft,42,*C1=C([H])C2([H])C([H])([H])C([H])([H])C1([H])C2([H])[H].COC(=O)[C-](C)[O+]=C(c1ccccc1)c1ccccc1|CCCCO|water|298.15,3,True,True,
d2_own_dft,42,*C1=C(Br)C2([H])C([H])([H])C([H])([H])C1([H])C2([H])[H].CC(=O)c1[nH+][c-](-c2ccccc2)c(=O)o1|CCCCN|water|298.15,4,False,True,0.7999999999999999
d2_own_dft,42,*C(c1c([H])c([H])c([H])c([H])c1[H])=[N+]([C-](C(=O)N([H])C([H])([H])[H])C([H])([H])[H])C([H])([H])[H].CC1=C(Br)C2C=CC1O2|CCCCN|water|298.15,7,True,True,0.9642857142857145
d2_own_dft,42,*C1=C(C(F)(F)F)C2([H])OC1([H])C([H])=C2[H].COC(=O)[C-]([N+]#CC(C)=O)c1ccccc1|CCCCN|water|298.15,5,True,True,0.9999999999999999
d2_own_dft,42,*C(=O)C1=C(Br)C2([H])OC1([H])C([H])=C2[H].CNC(=O)C(=[NH+][C-](C)C#N)C(=O)OC|CCCCN|water|298.15,8,False,True,0.9285714285714287
d2_own_dft,42,*C1(C([H])([H])[H])C#CC(c2c([H])c([H])c([H])c([H])c2[H])(c2c([H])c([H])c([H])c([H])c2[H])C([H])([H])C([H])([H])C([H])([H])C1([H])[H].CNC(=O)[C-](C#N)[NH+]=C(C)C#N|CCCCN|water|298.15,4,True,True,1.0
d2_own_dft,42,*[C-]([O+]=C(C(=O)N([H])C([H])([H])[H])c1c([H])c([H])c([H])c([H])c1[H])C([H])([H])[H].CNC(=O)C1=C(Br)C2CCC1C2|CCCCO|water|298.15,3,True,True,
d2_own_dft,42,*C1([H])C#CC(C(=O)OC([H])([H])[H])(C(=O)OC([H])([H])[H])C([H])([H])C([H])([H])C([H])([H])C1([H])[H].CC(=O)[c-]1c(=O)oc(-c2ccccc2)[n+]1C|CCCCN|water|298.15,4,True,True,1.0
d2_own_dft,42,*C1(c2c([H])c([H])c([H])c([H])c2[H])C#CC(c2c([H])c([H])c([H])c([H])c2[H])(c2c([H])c([H])c([H])c([H])c2[H])C([H])([H])C([H])([H])C([H])([H])C1([H])[H].C[C-]([N+]#N)c1ccccc1|CCCNN|water|298.15,3,True,True,
d2_own_dft,42,*C#[N+][C-]([H])c1c([H])c([H])c([H])c([H])c1[H].C=C|CCCCN|water|298.15,3,False,True,
d2_own_dft,42,*[C-]([H])[N+](=C(C#N)C([H])([H])[H])C([H])([H])[H].C/C=C\C|CCCCN|water|298.15,3,False,True,
d2_own_dft,42,*C([H])=C(C([H])([H])[H])C([H])([H])[H].C[c-]1[o+]noc1=O|CCCNO|water|298.15,4,True,True,0.7999999999999999
d2_own_dft,42,*[c-]1[o+]noc1=O.CC(C)=CC=O|CCCNO|water|298.15,4,True,True,1.0
d2_own_dft,42,*[C-]([N+]#CC(=O)OC([H])([H])[H])C([H])([H])[H].CC(C)=CC=O|CCCCN|water|298.15,6,True,True,0.942857142857143
d2_own_dft,42,*[C-]([H])[N+]#CC(=O)C([H])([H])[H].CC(C)=CC=O|CCCCN|water|298.15,4,True,True,0.7999999999999999
d2_own_dft,42,*[C-]([N+]#CC(=O)C([H])([H])[H])C(=O)C([H])([H])[H].CC(C)=CC=O|CCCCN|water|298.15,3,True,True,
d2_own_dft,42,*C#[N+][C-](c1c([H])c([H])c([H])c([H])c1[H])C([H])([H])[H].C/C=C\C|CCCCN|water|298.15,4,True,True,1.0
d2_own_dft,42,*C#[N+][C-](C([H])([H])[H])C([H])([H])[H].C=C(C)/C=C/C=C(C)C|CCCCN|water|298.15,9,True,True,0.43333333333333335
d2_own_dft,42,*C(C(=O)C([H])([H])[H])=[N+]([C-]([H])C([H])([H])[H])C([H])([H])[H].CC(C)=CC=O|CCCCN|water|298.15,4,True,True,0.7999999999999999
d2_own_dft,42,*C#[N+][C-](C#N)C(=O)C([H])([H])[H].CC(C)=C(C)C|CCCCN|water|298.15,3,True,True,
d2_own_dft,42,*C(C#N)=[N+]([H])[N-]C(=O)C([H])([H])[H].CC(C)=CC=O|CCCNN|water|298.15,4,True,True,1.0
d2_own_dft,42,*C(C(=O)OC([H])([H])[H])=[N+]([H])[N-]C#N.CC(C)=CC=O|CCCNN|water|298.15,4,True,True,0.39999999999999997
d2_own_dft,42,*C(=O)[c-]1c(=O)oc(C([H])([H])[H])[n+]1[H].CC(C)=CC=O|CCCCN|water|298.15,3,True,True,
d2_own_dft,42,*[c-]1[o+]noc1=O.C=C(C)/C=C/C=C(C)C|CCCNO|water|298.15,8,False,True,0.6666666666666669
d2_own_dft,42,*[N-][N+]#CC([H])([H])[H].C=C(C)/C=C/C=C(C)C|CCCNN|water|298.15,7,True,True,0.9642857142857145
d2_own_dft,42,*[C-]([N+]#CC(=O)C([H])([H])[H])c1c([H])c([H])c([H])c([H])c1[H].C/C=C\C|CCCCN|water|298.15,3,True,True,
d2_own_dft,42,*C([H])=C(C([H])([H])[H])C([H])([H])[H].CNC(=O)[c-]1[nH+]c(C)oc1=O|CCCCN|water|298.15,4,True,True,1.0
d2_own_dft,42,*c1oc(=O)[c-](C(=O)N([H])C([H])([H])[H])[n+]1[H].CC(C)=CC=O|CCCCN|water|298.15,4,True,True,1.0
d2_own_dft,42,*[C-]([N+]#CC(=O)C([H])([H])[H])c1c([H])c([H])c([H])c([H])c1[H].CC(C)=CC=O|CCCCN|water|298.15,5,True,True,0.8999999999999998
d2_own_dft,42,*c1oc(=O)[c-](C([H])([H])[H])[n+]1[H].C=C(C)/C=C/C=C(C)C|CCCCN|water|298.15,18,True,True,0.9256965944272446
d2_own_dft,42,*[C-]([N+]#N)C(=O)OC([H])([H])[H].C=C(C)/C=C/C=C(C)C|CCCNN|water|298.15,9,False,False,0.7666666666666667
d2_own_dft,42,*c1oc(=O)[c-](C([H])([H])[H])[n+]1[H].CN1C=CCC(C(N)=O)=C1|CCCCN|water|298.15,6,True,True,1.0
d2_own_dft,42,*[c-]1c(=O)oc(C([H])([H])[H])[n+]1[H].CN1C=CCC(C(N)=O)=C1|CCCCN|water|298.15,12,False,True,0.9510489510489512
d2_own_dft,42,*[C-]([N+]#CC(=O)OC([H])([H])[H])C([H])([H])[H].C=C(C)/C=C/C=C(C)C|CCCCN|water|298.15,15,False,True,0.914285714285714
d2_own_dft,42,*C#[N+][N-]c1c([H])c([H])c([H])c([H])c1[H].C=C(C)/C=C/C=C(C)C|CCCNN|water|298.15,3,False,True,
d2_own_dft,42,*[C-](C(=O)N([H])C([H])([H])[H])[N+]([H])=C(C(=O)N([H])C([H])([H])[H])C([H])([H])[H].CC(C)=CC=O|CCCCN|water|298.15,4,True,True,1.0
d2_own_dft,42,*C([H])=C(C([H])([H])[H])C([H])([H])[H].C[c-]1[nH+]c(-c2ccccc2)oc1=O|CCCCN|water|298.15,3,True,True,
d2_own_dft,42,*[c-]1[o+]c(C#N)oc1=O.CN1C=CCC(C(N)=O)=C1|CCCCO|water|298.15,5,True,True,0.8999999999999998
d2_own_dft,42,*[C-]([N+]#CC#N)C(=O)OC([H])([H])[H].C=C(C)/C=C/C=C(C)C|CCCCN|water|298.15,14,True,True,0.9384615384615385
d2_own_dft,42,*C([H])=C(C([H])([H])[H])C([H])([H])[H].COC(=O)[N-][NH+]=Cc1ccccc1|CCCNN|water|298.15,3,True,True,
d2_own_dft,42,*[N+]([N-]C(=O)OC([H])([H])[H])=C([H])c1c([H])c([H])c([H])c([H])c1[H].CC(C)=CC=O|CCCNN|water|298.15,3,True,True,
d2_own_dft,42,*C(=O)C#[N+][C-](C(=O)C([H])([H])[H])C([H])([H])[H].C=C(C)/C=C/C=C(C)C|CCCCN|water|298.15,8,True,True,-0.09523809523809526
d2_own_dft,42,*[C-]([N+]#CC(=O)C([H])([H])[H])C(=O)C([H])([H])[H].C=C(C)/C=C/C=C(C)C|CCCCN|water|298.15,8,True,True,0.6666666666666669
d2_own_dft,42,*C(C(=O)OC([H])([H])[H])=[N+]([H])[C-]([H])C#N.C=C(C)/C=C/C=C(C)C|CCCCN|water|298.15,12,True,True,0.965034965034965
d2_own_dft,42,*C(C(=O)N([H])C([H])([H])[H])=[N+]([C-]([H])C#N)C([H])([H])[H].CC(C)=CC=O|CCCCN|water|298.15,4,True,True,0.7999999999999999
d2_own_dft,42,*[C-]([H])[N+](=C(C(=O)N([H])C([H])([H])[H])C(=O)C([H])([H])[H])C([H])([H])[H].CC(C)=CC=O|CCCCN|water|298.15,4,True,True,1.0
d2_own_dft,42,*[C-](C#N)[N+]#CC(=O)OC([H])([H])[H].CN1C=CCC(C(N)=O)=C1|CCCCN|water|298.15,5,True,True,0.7999999999999999
d2_own_dft,42,*[C-]([N+]#CC#N)C([H])([H])[H].COC1=C(OC)C(=O)C(C)=C(C)C1=O|CCCCN|water|298.15,4,True,True,0.7999999999999999
d2_own_dft,42,*[C-](C#N)[N+]([H])=C(C(=O)N([H])C([H])([H])[H])C([H])([H])[H].CN1C=CCC(C(N)=O)=C1|CCCCN|water|298.15,7,True,True,1.0
d2_own_dft,42,*C([H])=C(C([H])([H])[H])C([H])([H])[H].C[CH-][N+](C)=C(C(C)=O)c1ccccc1|CCCCN|water|298.15,4,True,True,1.0
d2_own_dft,42,*C([H])=[N+]([C-](c1c([H])c([H])c([H])c([H])c1[H])C([H])([H])[H])C([H])([H])[H].C=C(C)/C=C/C=C(C)C|CCCCN|water|298.15,15,True,True,0.9678571428571429
d2_own_dft,42,*C([H])=[O+][N-]C(=O)OC([H])([H])[H].CN1C=CCC(C(N)=O)=C1|CCCNO|water|298.15,4,True,True,1.0
d2_own_dft,42,*[C-](C#N)[N+](=C(C(=O)N([H])C([H])([H])[H])C(=O)N([H])C([H])([H])[H])C([H])([H])[H].CC(C)=CC=O|CCCCN|water|298.15,4,True,True,1.0
d2_own_dft,42,*c1oc(=O)[c-](C(=O)N([H])C([H])([H])[H])[n+]1[H].C=C(C)/C=C/C=C(C)C|CCCCN|water|298.15,11,True,True,0.790909090909091
d2_own_dft,42,*C([H])=C(C([H])([H])[H])C([H])([H])[H].CC(=O)C#[N+][C-](C(C)=O)c1ccccc1|CCCCN|water|298.15,3,True,True,
d2_own_dft,42,*C(=O)C#[N+][C-](C(=O)C([H])([H])[H])c1c([H])c([H])c([H])c([H])c1[H].CC(C)=CC=O|CCCCN|water|298.15,3,False,True,
d2_own_dft,42,*C(=O)[C-]([N+]#CC#N)C(=O)C([H])([H])[H].C=C(C)/C=C/C=C(C)C|CCCCN|water|298.15,8,True,True,0.9047619047619048
d2_own_dft,42,*[C-]([N+]#CC#N)C(=O)C([H])([H])[H].C=C(C)/C=C/C=C(C)C|CCCCN|water|298.15,12,False,True,0.9580419580419581
d2_own_dft,42,*C#[N+][C-](C(=O)OC([H])([H])[H])C(=O)C([H])([H])[H].C=C(C)/C=C/C=C(C)C|CCCCN|water|298.15,10,True,True,0.9636363636363635
d2_own_dft,42,*C(C(=O)C([H])([H])[H])=[N+]([H])[N-]c1c([H])c([H])c([H])c([H])c1[H].C=C(C)/C=C/C=C(C)C|CCCNN|water|298.15,10,False,True,0.9757575757575757
d2_own_dft,42,*[C-]([N+]#CC#N)C(=O)N([H])C([H])([H])[H].C=C(C)/C=C/C=C(C)C|CCCCN|water|298.15,8,True,True,0.9761904761904763
d2_own_dft,42,*C(c1c([H])c([H])c([H])c([H])c1[H])=[N+]([N-][H])C([H])([H])[H].CN1C=CCC(C(N)=O)=C1|CCCNN|water|298.15,5,True,True,0.9999999999999999
d2_own_dft,42,*c1oc(=O)[c-](C(=O)N([H])C([H])([H])[H])[o+]1.C=C(C)/C=C/C=C(C)C|CCCCO|water|298.15,12,False,True,0.9510489510489512
d2_own_dft,42,*[c-]1c(=O)oc(C(=O)C([H])([H])[H])[n+]1C([H])([H])[H].CN1C=CCC(C(N)=O)=C1|CCCCN|water|298.15,10,True,True,0.9636363636363635
d2_own_dft,42,*[N-][N+]#CC(=O)N([H])C([H])([H])[H].COC1=C(OC)C(=O)C(C)=C(C)C1=O|CCCNN|water|298.15,3,True,True,
d2_own_dft,42,*C#[N+][C-](C#N)C([H])([H])[H].COC1=C(OC)C(=O)C(C)=C(C)C1=O|CCCCN|water|298.15,6,False,True,0.5428571428571429
d2_own_dft,42,*C(C#N)=[N+]([C-](C(=O)N([H])C([H])([H])[H])C([H])([H])[H])C([H])([H])[H].CC(C)=CC=O|CCCCN|water|298.15,4,False,True,0.7999999999999999
d2_own_dft,42,*C(=[O+][N-]C(=O)OC([H])([H])[H])C(=O)N([H])C([H])([H])[H].CN1C=CCC(C(N)=O)=C1|CCCNO|water|298.15,3,True,True,
d2_own_dft,42,*C#[N+][C-](C(=O)N([H])C([H])([H])[H])c1c([H])c([H])c([H])c([H])c1[H].CC(C)=CC=O|CCCCN|water|298.15,4,False,True,0.7999999999999999
d2_own_dft,42,*[C-](C(=O)N([H])C([H])([H])[H])[N+](=C(C#N)C#N)C([H])([H])[H].CN1C=CCC(C(N)=O)=C1|CCCCN|water|298.15,8,True,True,0.9285714285714287
d2_own_dft,42,*[C-](C(=O)OC([H])([H])[H])[N+]([H])=C(C(=O)N([H])C([H])([H])[H])C(=O)N([H])C([H])([H])[H].CC(C)=CC=O|CCCCN|water|298.15,4,True,True,0.39999999999999997
d2_own_dft,42,*[C-]([N+]#CC#N)C(=O)N([H])C([H])([H])[H].CN1C=CCC(C(N)=O)=C1|CCCCN|water|298.15,4,True,True,1.0
d2_own_dft,42,*C#[N+][C-](C(=O)OC([H])([H])[H])c1c([H])c([H])c([H])c([H])c1[H].C=C(C)/C=C/C=C(C)C|CCCCN|water|298.15,7,False,True,0.7142857142857144
d2_own_dft,42,*[c-]1c(=O)oc(-c2c([H])c([H])c([H])c([H])c2[H])[n+]1[H].C=C(C)/C=C/C=C(C)C|CCCCN|water|298.15,18,True,True,0.9174406604747163
d2_own_dft,42,*C(=O)C#[N+][N-]C#N.COC1=C(OC)C(=O)C(C)=C(C)C1=O|CCCNN|water|298.15,3,True,True,
d2_own_dft,42,*[C-](C(=O)N([H])C([H])([H])[H])[N+](=C(C#N)c1c([H])c([H])c([H])c([H])c1[H])C([H])([H])[H].CC(C)=CC=O|CCCCN|water|298.15,4,True,True,1.0
d2_own_dft,42,*C#[N+][C-](C(=O)OC([H])([H])[H])C(=O)OC([H])([H])[H].C=C(C)/C=C/C=C(C)C|CCCCN|water|298.15,6,True,True,1.0
d2_own_dft,42,*C([H])=[O+][C-](C#N)c1c([H])c([H])c([H])c([H])c1[H].CN1C=CCC(C(N)=O)=C1|CCCCO|water|298.15,5,True,True,0.9999999999999999
d2_own_dft,42,*C(=O)[C-]([N+]#CC#N)c1c([H])c([H])c([H])c([H])c1[H].C=C(C)/C=C/C=C(C)C|CCCCN|water|298.15,9,False,True,0.7
d2_own_dft,42,*C#[N+][C-](C(=O)C([H])([H])[H])c1c([H])c([H])c([H])c([H])c1[H].C=C(C)/C=C/C=C(C)C|CCCCN|water|298.15,9,True,True,0.9833333333333333
d2_own_dft,42,*c1oc(=O)[c-](C(=O)OC([H])([H])[H])[n+]1C([H])([H])[H].CN1C=CCC(C(N)=O)=C1|CCCCN|water|298.15,11,True,True,0.990909090909091
d2_own_dft,42,*c1oc(=O)[c-](-c2c([H])c([H])c([H])c([H])c2[H])[n+]1[H].CN1C=CCC(C(N)=O)=C1|CCCCN|water|298.15,7,False,True,0.9285714285714288
d2_own_dft,42,*C(=[N+]([H])[C-](C#N)c1c([H])c([H])c([H])c([H])c1[H])C([H])([H])[H].CN1C=CCC(C(N)=O)=C1|CCCCN|water|298.15,8,False,True,0.7142857142857144
d2_own_dft,42,*[C-](c1c([H])c([H])c([H])c([H])c1[H])[N+]([H])=C(C([H])([H])[H])C([H])([H])[H].CN1C=CCC(C(N)=O)=C1|CCCCN|water|298.15,8,False,True,0.6904761904761906
d2_own_dft,42,*[C-]([O+]=C([H])C(=O)C([H])([H])[H])c1c([H])c([H])c([H])c([H])c1[H].C=C(C)/C=C/C=C(C)C|CCCCO|water|298.15,10,False,True,0.8909090909090909
d2_own_dft,42,*[N-][O+]=C(C(=O)OC([H])([H])[H])C(=O)N([H])C([H])([H])[H].CN1C=CCC(C(N)=O)=C1|CCCNO|water|298.15,4,False,True,0.7999999999999999
d2_own_dft,42,*[c-]1c(=O)oc(C#N)[n+]1C([H])([H])[H].CN1C=CCC(C(N)=O)=C1|CCCCN|water|298.15,7,True,True,0.9642857142857145
d2_own_dft,42,*[N-][O+]=C([H])c1c([H])c([H])c([H])c([H])c1[H].CN1C=CCC(C(N)=O)=C1|CCCNO|water|298.15,5,True,True,0.8999999999999998
d2_own_dft,42,*C(C(=O)OC([H])([H])[H])=[N+]([H])[C-](C#N)C#N.C=C(C)/C=C/C=C(C)C|CCCCN|water|298.15,11,True,True,0.9090909090909091
d2_own_dft,42,*[C-]([O+]=C([H])c1c([H])c([H])c([H])c([H])c1[H])C(=O)OC([H])([H])[H].C=C(C)/C=C/C=C(C)C|CCCCO|water|298.15,10,False,True,0.9515151515151514
d2_own_dft,42,*[c-]1[o+]c(C(=O)OC([H])([H])[H])oc1=O.CN1C=CCC(C(N)=O)=C1|CCCCO|water|298.15,6,True,True,1.0
d2_own_dft,42,*C(c1c([H])c([H])c([H])c([H])c1[H])=[N+]([C-](C#N)C#N)C([H])([H])[H].CN1C=CCC(C(N)=O)=C1|CCCCN|water|298.15,10,False,True,0.8545454545454544
d2_own_dft,42,*C([H])=C(C([H])([H])[H])C([H])([H])[H].CNC(=O)C(=[O+][N-]c1ccccc1)C(=O)OC|CCCNO|water|298.15,4,True,True,1.0
d2_own_dft,42,*C([H])=C(C([H])([H])[H])C([H])([H])[H].COC(=O)[CH-][O+]=C(C(=O)OC)c1ccccc1|CCCCO|water|298.15,4,True,True,1.0
d2_own_dft,42,*C#[N+][C-](C(=O)C([H])([H])[H])C(=O)C([H])([H])[H].CN1C=CCC(C(N)=O)=C1|CCCCN|water|298.15,4,True,True,1.0
d2_own_dft,42,*[C-]([N+]#CC(=O)N([H])C([H])([H])[H])C(=O)OC([H])([H])[H].C=C(C)/C=C/C=C(C)C|CCCCN|water|298.15,10,True,True,0.8303030303030302
d2_own_dft,42,*C(c1c([H])c([H])c([H])c([H])c1[H])=[N+]([N-]C(=O)C([H])([H])[H])C([H])([H])[H].C=C(C)/C=C/C=C(C)C|CCCNN|water|298.15,7,True,True,0.8928571428571429
d2_own_dft,42,*[C-]([H])[O+]=C(C(=O)OC([H])([H])[H])c1c([H])c([H])c([H])c([H])c1[H].C=C(C)/C=C/C=C(C)C|CCCCO|water|298.15,10,True,True,0.7939393939393938
d2_own_dft,42,*[C-]([N+]#Cc1c([H])c([H])c([H])c([H])c1[H])c1c([H])c([H])c([H])c([H])c1[H].CN1C=CCC(C(N)=O)=C1|CCCCN|water|298.15,7,True,True,0.642857142857143
d2_own_dft,42,*C#[N+][C-](c1c([H])c([H])c([H])c([H])c1[H])c1c([H])c([H])c([H])c([H])c1[H].CN1C=CCC(C(N)=O)=C1|CCCCN|water|298.15,9,False,False,0.15
d2_own_dft,42,*C(=[N+]([H])[C-](C(=O)N([H])C([H])([H])[H])C(=O)N([H])C([H])([H])[H])C([H])([H])[H].CN1C=CCC(C(N)=O)=C1|CCCCN|water|298.15,7,False,True,0.9285714285714288
d2_own_dft,42,*c1oc(=O)[c-](-c2c([H])c([H])c([H])c([H])c2[H])[n+]1C([H])([H])[H].CN1C=CCC(C(N)=O)=C1|CCCCN|water|298.15,8,True,True,0.9285714285714287
d2_own_dft,42,*[n+]1c(-c2c([H])c([H])c([H])c([H])c2[H])oc(=O)[c-]1C(=O)N([H])C([H])([H])[H].C=C(C)/C=C/C=C(C)C|CCCCN|water|298.15,11,True,True,0.7727272727272727
d2_own_dft,42,*C(=[O+][C-](C#N)C#N)C(=O)OC([H])([H])[H].CN1C=CCC(C(N)=O)=C1|CCCCO|water|298.15,5,False,True,0.7999999999999999
d2_own_dft,42,*[C-]([N+]#Cc1c([H])c([H])c([H])c([H])c1[H])C([H])([H])[H].COC1=C(OC)C(=O)C(C)=C(C)C1=O|CCCCN|water|298.15,3,True,True,
d2_own_dft,42,*C(=[O+][C-](C(=O)N([H])C([H])([H])[H])C(=O)N([H])C([H])([H])[H])c1c([H])c([H])c([H])c([H])c1[H].CC(C)=CC=O|CCCCO|water|298.15,4,False,True,0.6000000000000001
d2_own_dft,42,*C(=O)C#[N+][C-](C(=O)OC([H])([H])[H])C(=O)OC([H])([H])[H].CN1C=CCC(C(N)=O)=C1|CCCCN|water|298.15,6,True,True,1.0
d2_own_dft,42,*C(C(=O)OC([H])([H])[H])=[N+]([N-]C([H])([H])[H])C([H])([H])[H].COC1=C(OC)C(=O)C(C)=C(C)C1=O|CCCNN|water|298.15,4,False,True,0.39999999999999997
d2_own_dft,42,*C(=[O+][C-](C#N)C(=O)OC([H])([H])[H])c1c([H])c([H])c([H])c([H])c1[H].CN1C=CCC(C(N)=O)=C1|CCCCO|water|298.15,7,True,True,0.8571428571428573
d2_own_dft,42,*C(=O)c1oc(=O)[c-](-c2c([H])c([H])c([H])c([H])c2[H])[o+]1.CN1C=CCC(C(N)=O)=C1|CCCCO|water|298.15,7,True,True,0.8571428571428573
d2_own_dft,42,*c1oc(=O)[c-](-c2c([H])c([H])c([H])c([H])c2[H])[o+]1.CN1C=CCC(C(N)=O)=C1|CCCCO|water|298.15,11,True,True,0.9545454545454546
d2_own_dft,42,*[C-](C(=O)C([H])([H])[H])[N+](=C([H])C(=O)OC([H])([H])[H])C([H])([H])[H].CN1C=CCC(C(N)=O)=C1|CCCCN|water|298.15,7,True,True,0.8571428571428573
d2_own_dft,42,*C(C(=O)OC([H])([H])[H])=[N+]([C-](C(=O)C([H])([H])[H])C([H])([H])[H])C([H])([H])[H].CN1C=CCC(C(N)=O)=C1|CCCCN|water|298.15,5,True,True,0.8999999999999998
d2_own_dft,42,*[N+](=C(C(=O)N([H])C([H])([H])[H])c1c([H])c([H])c([H])c([H])c1[H])[C-](C(=O)OC([H])([H])[H])C(=O)C([H])([H])[H].CC(C)=CC=O|CCCCN|water|298.15,4,True,True,1.0
d2_own_dft,42,*[C-](C#N)[O+]=C(C(=O)OC([H])([H])[H])c1c([H])c([H])c([H])c([H])c1[H].CN1C=CCC(C(N)=O)=C1|CCCCO|water|298.15,6,True,True,0.7714285714285715
d2_own_dft,42,*[N+](=C([H])C(=O)N([H])C([H])([H])[H])[C-](C#N)C(=O)C([H])([H])[H].COC1=C(OC)C(=O)C(C)=C(C)C1=O|CCCCN|water|298.15,4,False,False,-0.19999999999999998
d2_own_dft,42,*C(=O)[C-]([N+](=C(C#N)C([H])([H])[H])C([H])([H])[H])C([H])([H])[H].COC1=C(OC)C(=O)C(C)=C(C)C1=O|CCCCN|water|298.15,4,False,True,0.0
d2_own_dft,42,*C(=[O+][C-]([H])C(=O)OC([H])([H])[H])C([H])([H])[H].COC1=C(OC)C(=O)C(C)=C(C)C1=O|CCCCO|water|298.15,3,True,True,
d2_own_dft,42,*c1oc(=O)[c-](-c2c([H])c([H])c([H])c([H])c2[H])[o+]1.COC1=C(OC)C(=O)C(C)=C(C)C1=O|CCCCO|water|298.15,4,False,True,0.7999999999999999
d2_own_dft,42,*c1oc(=O)[c-](C(=O)OC([H])([H])[H])[o+]1.COC1=C(OC)C(=O)C(C)=C(C)C1=O|CCCCO|water|298.15,4,False,True,0.39999999999999997
d2_own_dft,42,*[c-]1[o+]c(C(=O)N([H])C([H])([H])[H])oc1=O.COC1=C(OC)C(=O)C(C)=C(C)C1=O|CCCCO|water|298.15,6,False,True,0.8285714285714287
d2_own_dft,42,*[C-](C(=O)C([H])([H])[H])[N+](=C(C(=O)N([H])C([H])([H])[H])c1c([H])c([H])c([H])c([H])c1[H])C([H])([H])[H].CC(C)=CC=O|CCCCN|water|298.15,4,True,True,1.0
d2_own_dft,42,*[C-](C(=O)OC([H])([H])[H])[N+]([H])=C(C(=O)N([H])C([H])([H])[H])C([H])([H])[H].COC1=C(OC)C(=O)C(C)=C(C)C1=O|CCCCN|water|298.15,4,False,True,0.6000000000000001
d2_own_dft,42,*[c-]1c(=O)oc(-c2c([H])c([H])c([H])c([H])c2[H])[n+]1C([H])([H])[H].COC1=C(OC)C(=O)C(C)=C(C)C1=O|CCCCN|water|298.15,4,True,True,1.0
d2_own_dft,42,*[C-](C(=O)OC([H])([H])[H])[N+](=C(C(=O)OC([H])([H])[H])c1c([H])c([H])c([H])c([H])c1[H])C([H])([H])[H].C=C(C)/C=C/C=C(C)C|CCCCN|water|298.15,10,True,True,0.9515151515151514
d2_own_dft,42,*[c-]1[o+]c(C(=O)OC([H])([H])[H])oc1=O.COC1=C(OC)C(=O)C(C)=C(C)C1=O|CCCCO|water|298.15,4,False,False,-0.7999999999999999
d2_own_dft,42,*c1oc(=O)[c-](C(=O)N([H])C([H])([H])[H])[o+]1.COC1=C(OC)C(=O)C(C)=C(C)C1=O|CCCCO|water|298.15,4,True,True,0.7999999999999999
d2_own_dft,42,*C(c1c([H])c([H])c([H])c([H])c1[H])=[N+]([H])[C-](C#N)C(=O)N([H])C([H])([H])[H].COC1=C(OC)C(=O)C(C)=C(C)C1=O|CCCCN|water|298.15,4,False,True,0.7999999999999999
d2_own_dft,42,*C(=O)C(C(=O)OC([H])([H])[H])=[N+]([H])[C-](C(=O)OC([H])([H])[H])c1c([H])c([H])c([H])c([H])c1[H].C=C(C)/C=C/C=C(C)C|CCCCN|water|298.15,11,True,True,0.8727272727272729
d2_own_dft,42,*[C-]([O+]=C(C(=O)N([H])C([H])([H])[H])c1c([H])c([H])c([H])c([H])c1[H])C(=O)N([H])C([H])([H])[H].COC1=C(OC)C(=O)C(C)=C(C)C1=O|CCCCO|water|298.15,3,False,True,
d2_own_dft,42,*[C-](c1c([H])c([H])c([H])c([H])c1[H])[N+](=C(C#N)c1c([H])c([H])c([H])c([H])c1[H])C([H])([H])[H].COC1=C(OC)C(=O)C(C)=C(C)C1=O|CCCCN|water|298.15,4,True,True,1.0
d2_own_dft,42,*C(=[O+][C-](c1c([H])c([H])c([H])c([H])c1[H])C([H])([H])[H])C(=O)C([H])([H])[H].COC1=C(OC)C(=O)C(C)=C(C)C1=O|CCCCO|water|298.15,4,True,True,0.7999999999999999
d2_own_dft,42,*[C-](C#N)[N+](=C(C(=O)N([H])C([H])([H])[H])c1c([H])c([H])c([H])c([H])c1[H])C([H])([H])[H].COC1=C(OC)C(=O)C(C)=C(C)C1=O|CCCCN|water|298.15,4,False,True,0.19999999999999998
d2_own_dft,43,*C#CC(=O)N([H])C([H])([H])[H].CC(=O)c1[nH+][c-](C)c(=O)o1|CCCCN|water|298.15,4,True,True,1.0
d2_own_dft,43,*C(=O)C#CF.CNC(=O)c1[nH+][c-](C#N)c(=O)o1|CCCCN|water|298.15,3,True,True,
d2_own_dft,43,*C([H])=C([H])[H].N#Cc1oc(=O)[c-](-c2ccccc2)[o+]1|CCCCO|water|298.15,3,True,True,
d2_own_dft,43,*C1=C(C([H])([H])[H])C2([H])C([H])([H])C([H])([H])C1([H])C2([H])[H].COC(=O)[N-][N+]#CC(C)=O|CCCNN|water|298.15,3,True,True,
d2_own_dft,43,*C(=C(C([H])([H])[H])C([H])([H])[H])C([H])([H])[H].COC(=O)[c-]1[nH+]c(C(C)=O)oc1=O|CCCCN|water|298.15,3,True,True,
d2_own_dft,43,*C#CC(=O)OC([H])([H])[H].CNC(=O)[c-]1c(=O)oc(C#N)[n+]1C|CCCCN|water|298.15,4,True,True,1.0
d2_own_dft,43,*C(=[O+][N-]C([H])([H])[H])c1c([H])c([H])c([H])c([H])c1[H].CNC(=O)C1=C(C#N)C2CCC1C2|CCCNO|water|298.15,4,False,True,0.19999999999999998
d2_own_dft,43,*[C-]([O+]=C(C#N)C(=O)OC([H])([H])[H])C([H])([H])[H].CNC(=O)C1=C(F)C2CCC1C2|CCCCO|water|298.15,4,True,True,1.0
d2_own_dft,43,*c1oc(=O)[c-](-c2c([H])c([H])c([H])c([H])c2[H])[n+]1C([H])([H])[H].CC(=O)C1=C(Cl)C2CCC1C2|CCCCN|water|298.15,4,False,True,0.39999999999999997
d2_own_dft,43,*c1oc(=O)[c-](C(=O)OC([H])([H])[H])[o+]1.CC(=O)C1=C(Br)C2CCC1C2|CCCCO|water|298.15,4,True,True,1.0
d2_own_dft,43,*C([H])=[N+]([C-](C#N)C(=O)C([H])([H])[H])C([H])([H])[H].N#CC1=C(c2ccccc2)C2CCC1C2|CCCCN|water|298.15,4,False,True,0.6000000000000001
d2_own_dft,43,*C1=C([H])C2([H])C([H])([H])C([H])([H])C1([H])C2([H])[H].COC(=O)[C-](C)[O+]=C(c1ccccc1)c1ccccc1|CCCCO|water|298.15,3,True,True,
d2_own_dft,43,*C1=C(Br)C2([H])C([H])([H])C([H])([H])C1([H])C2([H])[H].CC(=O)c1[nH+][c-](-c2ccccc2)c(=O)o1|CCCCN|water|298.15,4,True,True,1.0
d2_own_dft,43,*C(c1c([H])c([H])c([H])c([H])c1[H])=[N+]([C-](C(=O)N([H])C([H])([H])[H])C([H])([H])[H])C([H])([H])[H].CC1=C(Br)C2C=CC1O2|CCCCN|water|298.15,7,False,False,0.6785714285714287
d2_own_dft,43,*C1=C(C(F)(F)F)C2([H])OC1([H])C([H])=C2[H].COC(=O)[C-]([N+]#CC(C)=O)c1ccccc1|CCCCN|water|298.15,5,True,True,0.7
d2_own_dft,43,*C(=O)C1=C(Br)C2([H])OC1([H])C([H])=C2[H].CNC(=O)C(=[NH+][C-](C)C#N)C(=O)OC|CCCCN|water|298.15,8,False,True,0.9285714285714287
d2_own_dft,43,*C1(C([H])([H])[H])C#CC(c2c([H])c([H])c([H])c([H])c2[H])(c2c([H])c([H])c([H])c([H])c2[H])C([H])([H])C([H])([H])C([H])([H])C1([H])[H].CNC(=O)[C-](C#N)[NH+]=C(C)C#N|CCCCN|water|298.15,4,True,True,1.0
d2_own_dft,43,*[C-]([O+]=C(C(=O)N([H])C([H])([H])[H])c1c([H])c([H])c([H])c([H])c1[H])C([H])([H])[H].CNC(=O)C1=C(Br)C2CCC1C2|CCCCO|water|298.15,3,False,True,
d2_own_dft,43,*C1([H])C#CC(C(=O)OC([H])([H])[H])(C(=O)OC([H])([H])[H])C([H])([H])C([H])([H])C([H])([H])C1([H])[H].CC(=O)[c-]1c(=O)oc(-c2ccccc2)[n+]1C|CCCCN|water|298.15,4,True,True,1.0
d2_own_dft,43,*C1(c2c([H])c([H])c([H])c([H])c2[H])C#CC(c2c([H])c([H])c([H])c([H])c2[H])(c2c([H])c([H])c([H])c([H])c2[H])C([H])([H])C([H])([H])C([H])([H])C1([H])[H].C[C-]([N+]#N)c1ccccc1|CCCNN|water|298.15,3,True,True,
d2_own_dft,43,*C#[N+][C-]([H])c1c([H])c([H])c([H])c([H])c1[H].C=C|CCCCN|water|298.15,3,False,True,
d2_own_dft,43,*[C-]([H])[N+](=C(C#N)C([H])([H])[H])C([H])([H])[H].C/C=C\C|CCCCN|water|298.15,3,False,True,
d2_own_dft,43,*C([H])=C(C([H])([H])[H])C([H])([H])[H].C[c-]1[o+]noc1=O|CCCNO|water|298.15,4,True,True,1.0
d2_own_dft,43,*[c-]1[o+]noc1=O.CC(C)=CC=O|CCCNO|water|298.15,4,True,True,1.0
d2_own_dft,43,*[C-]([N+]#CC(=O)OC([H])([H])[H])C([H])([H])[H].CC(C)=CC=O|CCCCN|water|298.15,6,True,True,1.0
d2_own_dft,43,*[C-]([H])[N+]#CC(=O)C([H])([H])[H].CC(C)=CC=O|CCCCN|water|298.15,4,True,True,1.0
d2_own_dft,43,*[C-]([N+]#CC(=O)C([H])([H])[H])C(=O)C([H])([H])[H].CC(C)=CC=O|CCCCN|water|298.15,3,True,True,
d2_own_dft,43,*C#[N+][C-](c1c([H])c([H])c([H])c([H])c1[H])C([H])([H])[H].C/C=C\C|CCCCN|water|298.15,4,False,True,0.7999999999999999
d2_own_dft,43,*C#[N+][C-](C([H])([H])[H])C([H])([H])[H].C=C(C)/C=C/C=C(C)C|CCCCN|water|298.15,9,True,True,0.39999999999999997
d2_own_dft,43,*C(C(=O)C([H])([H])[H])=[N+]([C-]([H])C([H])([H])[H])C([H])([H])[H].CC(C)=CC=O|CCCCN|water|298.15,4,True,True,1.0
d2_own_dft,43,*C#[N+][C-](C#N)C(=O)C([H])([H])[H].CC(C)=C(C)C|CCCCN|water|298.15,3,True,True,
d2_own_dft,43,*C(C#N)=[N+]([H])[N-]C(=O)C([H])([H])[H].CC(C)=CC=O|CCCNN|water|298.15,4,True,True,0.7999999999999999
d2_own_dft,43,*C(C(=O)OC([H])([H])[H])=[N+]([H])[N-]C#N.CC(C)=CC=O|CCCNN|water|298.15,4,True,True,0.39999999999999997
d2_own_dft,43,*C(=O)[c-]1c(=O)oc(C([H])([H])[H])[n+]1[H].CC(C)=CC=O|CCCCN|water|298.15,3,True,True,
d2_own_dft,43,*[c-]1[o+]noc1=O.C=C(C)/C=C/C=C(C)C|CCCNO|water|298.15,8,True,True,0.8571428571428572
d2_own_dft,43,*[N-][N+]#CC([H])([H])[H].C=C(C)/C=C/C=C(C)C|CCCNN|water|298.15,7,True,True,1.0
d2_own_dft,43,*[C-]([N+]#CC(=O)C([H])([H])[H])c1c([H])c([H])c([H])c([H])c1[H].C/C=C\C|CCCCN|water|298.15,3,False,True,
d2_own_dft,43,*C([H])=C(C([H])([H])[H])C([H])([H])[H].CNC(=O)[c-]1[nH+]c(C)oc1=O|CCCCN|water|298.15,4,True,True,0.7999999999999999
d2_own_dft,43,*c1oc(=O)[c-](C(=O)N([H])C([H])([H])[H])[n+]1[H].CC(C)=CC=O|CCCCN|water|298.15,4,True,True,1.0
d2_own_dft,43,*[C-]([N+]#CC(=O)C([H])([H])[H])c1c([H])c([H])c([H])c([H])c1[H].CC(C)=CC=O|CCCCN|water|298.15,5,True,True,0.9999999999999999
d2_own_dft,43,*c1oc(=O)[c-](C([H])([H])[H])[n+]1[H].C=C(C)/C=C/C=C(C)C|CCCCN|water|298.15,18,True,True,0.9050567595459237
d2_own_dft,43,*[C-]([N+]#N)C(=O)OC([H])([H])[H].C=C(C)/C=C/C=C(C)C|CCCNN|water|298.15,9,False,True,0.8166666666666667
d2_own_dft,43,*c1oc(=O)[c-](C([H])([H])[H])[n+]1[H].CN1C=CCC(C(N)=O)=C1|CCCCN|water|298.15,6,True,True,1.0
d2_own_dft,43,*[c-]1c(=O)oc(C([H])([H])[H])[n+]1[H].CN1C=CCC(C(N)=O)=C1|CCCCN|water|298.15,12,True,True,0.9860139860139862
d2_own_dft,43,*[C-]([N+]#CC(=O)OC([H])([H])[H])C([H])([H])[H].C=C(C)/C=C/C=C(C)C|CCCCN|water|298.15,15,False,True,0.9035714285714285
d2_own_dft,43,*C#[N+][N-]c1c([H])c([H])c([H])c([H])c1[H].C=C(C)/C=C/C=C(C)C|CCCNN|water|298.15,3,False,True,
d2_own_dft,43,*[C-](C(=O)N([H])C([H])([H])[H])[N+]([H])=C(C(=O)N([H])C([H])([H])[H])C([H])([H])[H].CC(C)=CC=O|CCCCN|water|298.15,4,True,True,1.0
d2_own_dft,43,*C([H])=C(C([H])([H])[H])C([H])([H])[H].C[c-]1[nH+]c(-c2ccccc2)oc1=O|CCCCN|water|298.15,3,True,True,
d2_own_dft,43,*[c-]1[o+]c(C#N)oc1=O.CN1C=CCC(C(N)=O)=C1|CCCCO|water|298.15,5,True,True,0.8999999999999998
d2_own_dft,43,*[C-]([N+]#CC#N)C(=O)OC([H])([H])[H].C=C(C)/C=C/C=C(C)C|CCCCN|water|298.15,14,True,True,0.8681318681318682
d2_own_dft,43,*C([H])=C(C([H])([H])[H])C([H])([H])[H].COC(=O)[N-][NH+]=Cc1ccccc1|CCCNN|water|298.15,3,True,True,
d2_own_dft,43,*[N+]([N-]C(=O)OC([H])([H])[H])=C([H])c1c([H])c([H])c([H])c([H])c1[H].CC(C)=CC=O|CCCNN|water|298.15,3,True,True,
d2_own_dft,43,*C(=O)C#[N+][C-](C(=O)C([H])([H])[H])C([H])([H])[H].C=C(C)/C=C/C=C(C)C|CCCCN|water|298.15,8,True,True,-0.023809523809523815
d2_own_dft,43,*[C-]([N+]#CC(=O)C([H])([H])[H])C(=O)C([H])([H])[H].C=C(C)/C=C/C=C(C)C|CCCCN|water|298.15,8,True,True,0.6666666666666669
d2_own_dft,43,*C(C(=O)OC([H])([H])[H])=[N+]([H])[C-]([H])C#N.C=C(C)/C=C/C=C(C)C|CCCCN|water|298.15,12,True,True,0.965034965034965
d2_own_dft,43,*C(C(=O)N([H])C([H])([H])[H])=[N+]([C-]([H])C#N)C([H])([H])[H].CC(C)=CC=O|CCCCN|water|298.15,4,False,True,0.7999999999999999
d2_own_dft,43,*[C-]([H])[N+](=C(C(=O)N([H])C([H])([H])[H])C(=O)C([H])([H])[H])C([H])([H])[H].CC(C)=CC=O|CCCCN|water|298.15,4,True,True,0.7999999999999999
d2_own_dft,43,*[C-](C#N)[N+]#CC(=O)OC([H])([H])[H].CN1C=CCC(C(N)=O)=C1|CCCCN|water|298.15,5,True,True,0.7999999999999999
d2_own_dft,43,*[C-]([N+]#CC#N)C([H])([H])[H].COC1=C(OC)C(=O)C(C)=C(C)C1=O|CCCCN|water|298.15,4,True,True,1.0
d2_own_dft,43,*[C-](C#N)[N+]([H])=C(C(=O)N([H])C([H])([H])[H])C([H])([H])[H].CN1C=CCC(C(N)=O)=C1|CCCCN|water|298.15,7,True,True,0.9642857142857145
d2_own_dft,43,*C([H])=C(C([H])([H])[H])C([H])([H])[H].C[CH-][N+](C)=C(C(C)=O)c1ccccc1|CCCCN|water|298.15,4,True,True,1.0
d2_own_dft,43,*C([H])=[N+]([C-](c1c([H])c([H])c([H])c([H])c1[H])C([H])([H])[H])C([H])([H])[H].C=C(C)/C=C/C=C(C)C|CCCCN|water|298.15,15,True,True,0.982142857142857
d2_own_dft,43,*C([H])=[O+][N-]C(=O)OC([H])([H])[H].CN1C=CCC(C(N)=O)=C1|CCCNO|water|298.15,4,True,True,1.0
d2_own_dft,43,*[C-](C#N)[N+](=C(C(=O)N([H])C([H])([H])[H])C(=O)N([H])C([H])([H])[H])C([H])([H])[H].CC(C)=CC=O|CCCCN|water|298.15,4,True,True,1.0
d2_own_dft,43,*c1oc(=O)[c-](C(=O)N([H])C([H])([H])[H])[n+]1[H].C=C(C)/C=C/C=C(C)C|CCCCN|water|298.15,11,True,True,0.5818181818181819
d2_own_dft,43,*C([H])=C(C([H])([H])[H])C([H])([H])[H].CC(=O)C#[N+][C-](C(C)=O)c1ccccc1|CCCCN|water|298.15,3,True,True,
d2_own_dft,43,*C(=O)C#[N+][C-](C(=O)C([H])([H])[H])c1c([H])c([H])c([H])c([H])c1[H].CC(C)=CC=O|CCCCN|water|298.15,3,False,True,
d2_own_dft,43,*C(=O)[C-]([N+]#CC#N)C(=O)C([H])([H])[H].C=C(C)/C=C/C=C(C)C|CCCCN|water|298.15,8,True,True,0.8571428571428572
d2_own_dft,43,*[C-]([N+]#CC#N)C(=O)C([H])([H])[H].C=C(C)/C=C/C=C(C)C|CCCCN|water|298.15,12,False,True,0.9440559440559443
d2_own_dft,43,*C#[N+][C-](C(=O)OC([H])([H])[H])C(=O)C([H])([H])[H].C=C(C)/C=C/C=C(C)C|CCCCN|water|298.15,10,True,True,0.9151515151515152
d2_own_dft,43,*C(C(=O)C([H])([H])[H])=[N+]([H])[N-]c1c([H])c([H])c([H])c([H])c1[H].C=C(C)/C=C/C=C(C)C|CCCNN|water|298.15,10,True,True,0.9393939393939393
d2_own_dft,43,*[C-]([N+]#CC#N)C(=O)N([H])C([H])([H])[H].C=C(C)/C=C/C=C(C)C|CCCCN|water|298.15,8,True,True,1.0
d2_own_dft,43,*C(c1c([H])c([H])c([H])c([H])c1[H])=[N+]([N-][H])C([H])([H])[H].CN1C=CCC(C(N)=O)=C1|CCCNN|water|298.15,5,True,True,0.9999999999999999
d2_own_dft,43,*c1oc(=O)[c-](C(=O)N([H])C([H])([H])[H])[o+]1.C=C(C)/C=C/C=C(C)C|CCCCO|water|298.15,12,False,True,0.9370629370629372
d2_own_dft,43,*[c-]1c(=O)oc(C(=O)C([H])([H])[H])[n+]1C([H])([H])[H].CN1C=CCC(C(N)=O)=C1|CCCCN|water|298.15,10,True,True,0.9636363636363635
d2_own_dft,43,*[N-][N+]#CC(=O)N([H])C([H])([H])[H].COC1=C(OC)C(=O)C(C)=C(C)C1=O|CCCNN|water|298.15,3,True,True,
d2_own_dft,43,*C#[N+][C-](C#N)C([H])([H])[H].COC1=C(OC)C(=O)C(C)=C(C)C1=O|CCCCN|water|298.15,6,False,False,-0.48571428571428577
d2_own_dft,43,*C(C#N)=[N+]([C-](C(=O)N([H])C([H])([H])[H])C([H])([H])[H])C([H])([H])[H].CC(C)=CC=O|CCCCN|water|298.15,4,False,True,0.7999999999999999
d2_own_dft,43,*C(=[O+][N-]C(=O)OC([H])([H])[H])C(=O)N([H])C([H])([H])[H].CN1C=CCC(C(N)=O)=C1|CCCNO|water|298.15,3,True,True,
d2_own_dft,43,*C#[N+][C-](C(=O)N([H])C([H])([H])[H])c1c([H])c([H])c([H])c([H])c1[H].CC(C)=CC=O|CCCCN|water|298.15,4,True,True,1.0
d2_own_dft,43,*[C-](C(=O)N([H])C([H])([H])[H])[N+](=C(C#N)C#N)C([H])([H])[H].CN1C=CCC(C(N)=O)=C1|CCCCN|water|298.15,8,False,True,0.9523809523809524
d2_own_dft,43,*[C-](C(=O)OC([H])([H])[H])[N+]([H])=C(C(=O)N([H])C([H])([H])[H])C(=O)N([H])C([H])([H])[H].CC(C)=CC=O|CCCCN|water|298.15,4,True,True,0.7999999999999999
d2_own_dft,43,*[C-]([N+]#CC#N)C(=O)N([H])C([H])([H])[H].CN1C=CCC(C(N)=O)=C1|CCCCN|water|298.15,4,True,True,0.7999999999999999
d2_own_dft,43,*C#[N+][C-](C(=O)OC([H])([H])[H])c1c([H])c([H])c([H])c([H])c1[H].C=C(C)/C=C/C=C(C)C|CCCCN|water|298.15,7,False,True,0.8571428571428573
d2_own_dft,43,*[c-]1c(=O)oc(-c2c([H])c([H])c([H])c([H])c2[H])[n+]1[H].C=C(C)/C=C/C=C(C)C|CCCCN|water|298.15,18,True,True,0.9277605779153767
d2_own_dft,43,*C(=O)C#[N+][N-]C#N.COC1=C(OC)C(=O)C(C)=C(C)C1=O|CCCNN|water|298.15,3,True,True,
d2_own_dft,43,*[C-](C(=O)N([H])C([H])([H])[H])[N+](=C(C#N)c1c([H])c([H])c([H])c([H])c1[H])C([H])([H])[H].CC(C)=CC=O|CCCCN|water|298.15,4,True,True,1.0
d2_own_dft,43,*C#[N+][C-](C(=O)OC([H])([H])[H])C(=O)OC([H])([H])[H].C=C(C)/C=C/C=C(C)C|CCCCN|water|298.15,6,True,True,0.8285714285714287
d2_own_dft,43,*C([H])=[O+][C-](C#N)c1c([H])c([H])c([H])c([H])c1[H].CN1C=CCC(C(N)=O)=C1|CCCCO|water|298.15,5,True,True,0.8999999999999998
d2_own_dft,43,*C(=O)[C-]([N+]#CC#N)c1c([H])c([H])c([H])c([H])c1[H].C=C(C)/C=C/C=C(C)C|CCCCN|water|298.15,9,True,True,0.8499999999999999
d2_own_dft,43,*C#[N+][C-](C(=O)C([H])([H])[H])c1c([H])c([H])c([H])c([H])c1[H].C=C(C)/C=C/C=C(C)C|CCCCN|water|298.15,9,True,True,0.9666666666666667
d2_own_dft,43,*c1oc(=O)[c-](C(=O)OC([H])([H])[H])[n+]1C([H])([H])[H].CN1C=CCC(C(N)=O)=C1|CCCCN|water|298.15,11,True,True,0.990909090909091
d2_own_dft,43,*c1oc(=O)[c-](-c2c([H])c([H])c([H])c([H])c2[H])[n+]1[H].CN1C=CCC(C(N)=O)=C1|CCCCN|water|298.15,7,True,True,1.0
d2_own_dft,43,*C(=[N+]([H])[C-](C#N)c1c([H])c([H])c([H])c([H])c1[H])C([H])([H])[H].CN1C=CCC(C(N)=O)=C1|CCCCN|water|298.15,8,False,True,0.5476190476190477
d2_own_dft,43,*[C-](c1c([H])c([H])c([H])c([H])c1[H])[N+]([H])=C(C([H])([H])[H])C([H])([H])[H].CN1C=CCC(C(N)=O)=C1|CCCCN|water|298.15,8,False,True,0.6666666666666669
d2_own_dft,43,*[C-]([O+]=C([H])C(=O)C([H])([H])[H])c1c([H])c([H])c([H])c([H])c1[H].C=C(C)/C=C/C=C(C)C|CCCCO|water|298.15,10,False,True,0.8545454545454544
d2_own_dft,43,*[N-][O+]=C(C(=O)OC([H])([H])[H])C(=O)N([H])C([H])([H])[H].CN1C=CCC(C(N)=O)=C1|CCCNO|water|298.15,4,False,True,0.39999999999999997
d2_own_dft,43,*[c-]1c(=O)oc(C#N)[n+]1C([H])([H])[H].CN1C=CCC(C(N)=O)=C1|CCCCN|water|298.15,7,True,True,0.9642857142857145
d2_own_dft,43,*[N-][O+]=C([H])c1c([H])c([H])c([H])c([H])c1[H].CN1C=CCC(C(N)=O)=C1|CCCNO|water|298.15,5,False,True,0.19999999999999998
d2_own_dft,43,*C(C(=O)OC([H])([H])[H])=[N+]([H])[C-](C#N)C#N.C=C(C)/C=C/C=C(C)C|CCCCN|water|298.15,11,False,True,0.9545454545454546
d2_own_dft,43,*[C-]([O+]=C([H])c1c([H])c([H])c([H])c([H])c1[H])C(=O)OC([H])([H])[H].C=C(C)/C=C/C=C(C)C|CCCCO|water|298.15,10,True,True,0.9515151515151514
d2_own_dft,43,*[c-]1[o+]c(C(=O)OC([H])([H])[H])oc1=O.CN1C=CCC(C(N)=O)=C1|CCCCO|water|298.15,6,True,True,0.942857142857143
d2_own_dft,43,*C(c1c([H])c([H])c([H])c([H])c1[H])=[N+]([C-](C#N)C#N)C([H])([H])[H].CN1C=CCC(C(N)=O)=C1|CCCCN|water|298.15,10,False,True,0.9393939393939393
d2_own_dft,43,*C([H])=C(C([H])([H])[H])C([H])([H])[H].CNC(=O)C(=[O+][N-]c1ccccc1)C(=O)OC|CCCNO|water|298.15,4,True,True,1.0
d2_own_dft,43,*C([H])=C(C([H])([H])[H])C([H])([H])[H].COC(=O)[CH-][O+]=C(C(=O)OC)c1ccccc1|CCCCO|water|298.15,4,True,True,1.0
d2_own_dft,43,*C#[N+][C-](C(=O)C([H])([H])[H])C(=O)C([H])([H])[H].CN1C=CCC(C(N)=O)=C1|CCCCN|water|298.15,4,True,True,1.0
d2_own_dft,43,*[C-]([N+]#CC(=O)N([H])C([H])([H])[H])C(=O)OC([H])([H])[H].C=C(C)/C=C/C=C(C)C|CCCCN|water|298.15,10,True,True,0.8909090909090909
d2_own_dft,43,*C(c1c([H])c([H])c([H])c([H])c1[H])=[N+]([N-]C(=O)C([H])([H])[H])C([H])([H])[H].C=C(C)/C=C/C=C(C)C|CCCNN|water|298.15,7,True,True,0.8928571428571429
d2_own_dft,43,*[C-]([H])[O+]=C(C(=O)OC([H])([H])[H])c1c([H])c([H])c([H])c([H])c1[H].C=C(C)/C=C/C=C(C)C|CCCCO|water|298.15,10,True,True,0.8424242424242423
d2_own_dft,43,*[C-]([N+]#Cc1c([H])c([H])c([H])c([H])c1[H])c1c([H])c([H])c([H])c([H])c1[H].CN1C=CCC(C(N)=O)=C1|CCCCN|water|298.15,7,True,True,0.8571428571428573
d2_own_dft,43,*C#[N+][C-](c1c([H])c([H])c([H])c([H])c1[H])c1c([H])c([H])c([H])c([H])c1[H].CN1C=CCC(C(N)=O)=C1|CCCCN|water|298.15,9,False,False,0.06666666666666667
d2_own_dft,43,*C(=[N+]([H])[C-](C(=O)N([H])C([H])([H])[H])C(=O)N([H])C([H])([H])[H])C([H])([H])[H].CN1C=CCC(C(N)=O)=C1|CCCCN|water|298.15,7,True,True,0.8928571428571429
d2_own_dft,43,*c1oc(=O)[c-](-c2c([H])c([H])c([H])c([H])c2[H])[n+]1C([H])([H])[H].CN1C=CCC(C(N)=O)=C1|CCCCN|water|298.15,8,True,True,0.9761904761904763
d2_own_dft,43,*[n+]1c(-c2c([H])c([H])c([H])c([H])c2[H])oc(=O)[c-]1C(=O)N([H])C([H])([H])[H].C=C(C)/C=C/C=C(C)C|CCCCN|water|298.15,11,True,True,0.9363636363636365
d2_own_dft,43,*C(=[O+][C-](C#N)C#N)C(=O)OC([H])([H])[H].CN1C=CCC(C(N)=O)=C1|CCCCO|water|298.15,5,False,True,0.7
d2_own_dft,43,*[C-]([N+]#Cc1c([H])c([H])c([H])c([H])c1[H])C([H])([H])[H].COC1=C(OC)C(=O)C(C)=C(C)C1=O|CCCCN|water|298.15,3,True,True,
d2_own_dft,43,*C(=[O+][C-](C(=O)N([H])C([H])([H])[H])C(=O)N([H])C([H])([H])[H])c1c([H])c([H])c([H])c([H])c1[H].CC(C)=CC=O|CCCCO|water|298.15,4,True,True,1.0
d2_own_dft,43,*C(=O)C#[N+][C-](C(=O)OC([H])([H])[H])C(=O)OC([H])([H])[H].CN1C=CCC(C(N)=O)=C1|CCCCN|water|298.15,6,True,True,0.8285714285714287
d2_own_dft,43,*C(C(=O)OC([H])([H])[H])=[N+]([N-]C([H])([H])[H])C([H])([H])[H].COC1=C(OC)C(=O)C(C)=C(C)C1=O|CCCNN|water|298.15,4,True,True,0.39999999999999997
d2_own_dft,43,*C(=[O+][C-](C#N)C(=O)OC([H])([H])[H])c1c([H])c([H])c([H])c([H])c1[H].CN1C=CCC(C(N)=O)=C1|CCCCO|water|298.15,7,True,True,0.8571428571428573
d2_own_dft,43,*C(=O)c1oc(=O)[c-](-c2c([H])c([H])c([H])c([H])c2[H])[o+]1.CN1C=CCC(C(N)=O)=C1|CCCCO|water|298.15,7,True,True,0.9285714285714288
d2_own_dft,43,*c1oc(=O)[c-](-c2c([H])c([H])c([H])c([H])c2[H])[o+]1.CN1C=CCC(C(N)=O)=C1|CCCCO|water|298.15,11,True,True,0.9727272727272729
d2_own_dft,43,*[C-](C(=O)C([H])([H])[H])[N+](=C([H])C(=O)OC([H])([H])[H])C([H])([H])[H].CN1C=CCC(C(N)=O)=C1|CCCCN|water|298.15,7,True,True,0.9642857142857145
d2_own_dft,43,*C(C(=O)OC([H])([H])[H])=[N+]([C-](C(=O)C([H])([H])[H])C([H])([H])[H])C([H])([H])[H].CN1C=CCC(C(N)=O)=C1|CCCCN|water|298.15,5,True,True,0.8999999999999998
d2_own_dft,43,*[N+](=C(C(=O)N([H])C([H])([H])[H])c1c([H])c([H])c([H])c([H])c1[H])[C-](C(=O)OC([H])([H])[H])C(=O)C([H])([H])[H].CC(C)=CC=O|CCCCN|water|298.15,4,True,True,1.0
d2_own_dft,43,*[C-](C#N)[O+]=C(C(=O)OC([H])([H])[H])c1c([H])c([H])c([H])c([H])c1[H].CN1C=CCC(C(N)=O)=C1|CCCCO|water|298.15,6,True,True,0.7714285714285715
d2_own_dft,43,*[N+](=C([H])C(=O)N([H])C([H])([H])[H])[C-](C#N)C(=O)C([H])([H])[H].COC1=C(OC)C(=O)C(C)=C(C)C1=O|CCCCN|water|298.15,4,False,True,0.19999999999999998
d2_own_dft,43,*C(=O)[C-]([N+](=C(C#N)C([H])([H])[H])C([H])([H])[H])C([H])([H])[H].COC1=C(OC)C(=O)C(C)=C(C)C1=O|CCCCN|water|298.15,4,False,False,-0.39999999999999997
d2_own_dft,43,*C(=[O+][C-]([H])C(=O)OC([H])([H])[H])C([H])([H])[H].COC1=C(OC)C(=O)C(C)=C(C)C1=O|CCCCO|water|298.15,3,False,True,
d2_own_dft,43,*c1oc(=O)[c-](-c2c([H])c([H])c([H])c([H])c2[H])[o+]1.COC1=C(OC)C(=O)C(C)=C(C)C1=O|CCCCO|water|298.15,4,False,True,0.7999999999999999
d2_own_dft,43,*c1oc(=O)[c-](C(=O)OC([H])([H])[H])[o+]1.COC1=C(OC)C(=O)C(C)=C(C)C1=O|CCCCO|water|298.15,4,False,True,-0.6000000000000001
d2_own_dft,43,*[c-]1[o+]c(C(=O)N([H])C([H])([H])[H])oc1=O.COC1=C(OC)C(=O)C(C)=C(C)C1=O|CCCCO|water|298.15,6,False,True,0.3142857142857143
d2_own_dft,43,*[C-](C(=O)C([H])([H])[H])[N+](=C(C(=O)N([H])C([H])([H])[H])c1c([H])c([H])c([H])c([H])c1[H])C([H])([H])[H].CC(C)=CC=O|CCCCN|water|298.15,4,True,True,1.0
d2_own_dft,43,*[C-](C(=O)OC([H])([H])[H])[N+]([H])=C(C(=O)N([H])C([H])([H])[H])C([H])([H])[H].COC1=C(OC)C(=O)C(C)=C(C)C1=O|CCCCN|water|298.15,4,True,True,1.0
d2_own_dft,43,*[c-]1c(=O)oc(-c2c([H])c([H])c([H])c([H])c2[H])[n+]1C([H])([H])[H].COC1=C(OC)C(=O)C(C)=C(C)C1=O|CCCCN|water|298.15,4,True,True,1.0
d2_own_dft,43,*[C-](C(=O)OC([H])([H])[H])[N+](=C(C(=O)OC([H])([H])[H])c1c([H])c([H])c([H])c([H])c1[H])C([H])([H])[H].C=C(C)/C=C/C=C(C)C|CCCCN|water|298.15,10,True,True,0.8909090909090909
d2_own_dft,43,*[c-]1[o+]c(C(=O)OC([H])([H])[H])oc1=O.COC1=C(OC)C(=O)C(C)=C(C)C1=O|CCCCO|water|298.15,4,False,False,-0.7999999999999999
d2_own_dft,43,*c1oc(=O)[c-](C(=O)N([H])C([H])([H])[H])[o+]1.COC1=C(OC)C(=O)C(C)=C(C)C1=O|CCCCO|water|298.15,4,True,True,0.7999999999999999
d2_own_dft,43,*C(c1c([H])c([H])c([H])c([H])c1[H])=[N+]([H])[C-](C#N)C(=O)N([H])C([H])([H])[H].COC1=C(OC)C(=O)C(C)=C(C)C1=O|CCCCN|water|298.15,4,False,True,0.7999999999999999
d2_own_dft,43,*C(=O)C(C(=O)OC([H])([H])[H])=[N+]([H])[C-](C(=O)OC([H])([H])[H])c1c([H])c([H])c([H])c([H])c1[H].C=C(C)/C=C/C=C(C)C|CCCCN|water|298.15,11,False,True,0.9181818181818183
d2_own_dft,43,*[C-]([O+]=C(C(=O)N([H])C([H])([H])[H])c1c([H])c([H])c([H])c([H])c1[H])C(=O)N([H])C([H])([H])[H].COC1=C(OC)C(=O)C(C)=C(C)C1=O|CCCCO|water|298.15,3,False,True,
d2_own_dft,43,*[C-](c1c([H])c([H])c([H])c([H])c1[H])[N+](=C(C#N)c1c([H])c([H])c([H])c([H])c1[H])C([H])([H])[H].COC1=C(OC)C(=O)C(C)=C(C)C1=O|CCCCN|water|298.15,4,True,True,1.0
d2_own_dft,43,*C(=[O+][C-](c1c([H])c([H])c([H])c([H])c1[H])C([H])([H])[H])C(=O)C([H])([H])[H].COC1=C(OC)C(=O)C(C)=C(C)C1=O|CCCCO|water|298.15,4,True,True,0.7999999999999999
d2_own_dft,43,*[C-](C#N)[N+](=C(C(=O)N([H])C([H])([H])[H])c1c([H])c([H])c([H])c([H])c1[H])C([H])([H])[H].COC1=C(OC)C(=O)C(C)=C(C)C1=O|CCCCN|water|298.15,4,False,True,0.39999999999999997
d2_own_dft,44,*C#CC(=O)N([H])C([H])([H])[H].CC(=O)c1[nH+][c-](C)c(=O)o1|CCCCN|water|298.15,4,True,True,1.0
d2_own_dft,44,*C(=O)C#CF.CNC(=O)c1[nH+][c-](C#N)c(=O)o1|CCCCN|water|298.15,3,True,True,
d2_own_dft,44,*C([H])=C([H])[H].N#Cc1oc(=O)[c-](-c2ccccc2)[o+]1|CCCCO|water|298.15,3,True,True,
d2_own_dft,44,*C1=C(C([H])([H])[H])C2([H])C([H])([H])C([H])([H])C1([H])C2([H])[H].COC(=O)[N-][N+]#CC(C)=O|CCCNN|water|298.15,3,True,True,
d2_own_dft,44,*C(=C(C([H])([H])[H])C([H])([H])[H])C([H])([H])[H].COC(=O)[c-]1[nH+]c(C(C)=O)oc1=O|CCCCN|water|298.15,3,True,True,
d2_own_dft,44,*C#CC(=O)OC([H])([H])[H].CNC(=O)[c-]1c(=O)oc(C#N)[n+]1C|CCCCN|water|298.15,4,False,True,0.7999999999999999
d2_own_dft,44,*C(=[O+][N-]C([H])([H])[H])c1c([H])c([H])c([H])c([H])c1[H].CNC(=O)C1=C(C#N)C2CCC1C2|CCCNO|water|298.15,4,False,True,0.7999999999999999
d2_own_dft,44,*[C-]([O+]=C(C#N)C(=O)OC([H])([H])[H])C([H])([H])[H].CNC(=O)C1=C(F)C2CCC1C2|CCCCO|water|298.15,4,False,True,0.39999999999999997
d2_own_dft,44,*c1oc(=O)[c-](-c2c([H])c([H])c([H])c([H])c2[H])[n+]1C([H])([H])[H].CC(=O)C1=C(Cl)C2CCC1C2|CCCCN|water|298.15,4,False,True,0.39999999999999997
d2_own_dft,44,*c1oc(=O)[c-](C(=O)OC([H])([H])[H])[o+]1.CC(=O)C1=C(Br)C2CCC1C2|CCCCO|water|298.15,4,True,True,1.0
d2_own_dft,44,*C([H])=[N+]([C-](C#N)C(=O)C([H])([H])[H])C([H])([H])[H].N#CC1=C(c2ccccc2)C2CCC1C2|CCCCN|water|298.15,4,True,True,0.7999999999999999
d2_own_dft,44,*C1=C([H])C2([H])C([H])([H])C([H])([H])C1([H])C2([H])[H].COC(=O)[C-](C)[O+]=C(c1ccccc1)c1ccccc1|CCCCO|water|298.15,3,True,True,
d2_own_dft,44,*C1=C(Br)C2([H])C([H])([H])C([H])([H])C1([H])C2([H])[H].CC(=O)c1[nH+][c-](-c2ccccc2)c(=O)o1|CCCCN|water|298.15,4,True,True,1.0
d2_own_dft,44,*C(c1c([H])c([H])c([H])c([H])c1[H])=[N+]([C-](C(=O)N([H])C([H])([H])[H])C([H])([H])[H])C([H])([H])[H].CC1=C(Br)C2C=CC1O2|CCCCN|water|298.15,7,False,True,0.7857142857142859
d2_own_dft,44,*C1=C(C(F)(F)F)C2([H])OC1([H])C([H])=C2[H].COC(=O)[C-]([N+]#CC(C)=O)c1ccccc1|CCCCN|water|298.15,5,True,True,0.9999999999999999
d2_own_dft,44,*C(=O)C1=C(Br)C2([H])OC1([H])C([H])=C2[H].CNC(=O)C(=[NH+][C-](C)C#N)C(=O)OC|CCCCN|water|298.15,8,False,True,0.9523809523809524
d2_own_dft,44,*C1(C([H])([H])[H])C#CC(c2c([H])c([H])c([H])c([H])c2[H])(c2c([H])c([H])c([H])c([H])c2[H])C([H])([H])C([H])([H])C([H])([H])C1([H])[H].CNC(=O)[C-](C#N)[NH+]=C(C)C#N|CCCCN|water|298.15,4,True,True,1.0
d2_own_dft,44,*[C-]([O+]=C(C(=O)N([H])C([H])([H])[H])c1c([H])c([H])c([H])c([H])c1[H])C([H])([H])[H].CNC(=O)C1=C(Br)C2CCC1C2|CCCCO|water|298.15,3,True,True,
d2_own_dft,44,*C1([H])C#CC(C(=O)OC([H])([H])[H])(C(=O)OC([H])([H])[H])C([H])([H])C([H])([H])C([H])([H])C1([H])[H].CC(=O)[c-]1c(=O)oc(-c2ccccc2)[n+]1C|CCCCN|water|298.15,4,True,True,1.0
d2_own_dft,44,*C1(c2c([H])c([H])c([H])c([H])c2[H])C#CC(c2c([H])c([H])c([H])c([H])c2[H])(c2c([H])c([H])c([H])c([H])c2[H])C([H])([H])C([H])([H])C([H])([H])C1([H])[H].C[C-]([N+]#N)c1ccccc1|CCCNN|water|298.15,3,True,True,
d2_own_dft,44,*C#[N+][C-]([H])c1c([H])c([H])c([H])c([H])c1[H].C=C|CCCCN|water|298.15,3,True,True,
d2_own_dft,44,*[C-]([H])[N+](=C(C#N)C([H])([H])[H])C([H])([H])[H].C/C=C\C|CCCCN|water|298.15,3,False,True,
d2_own_dft,44,*C([H])=C(C([H])([H])[H])C([H])([H])[H].C[c-]1[o+]noc1=O|CCCNO|water|298.15,4,True,True,1.0
d2_own_dft,44,*[c-]1[o+]noc1=O.CC(C)=CC=O|CCCNO|water|298.15,4,True,True,1.0
d2_own_dft,44,*[C-]([N+]#CC(=O)OC([H])([H])[H])C([H])([H])[H].CC(C)=CC=O|CCCCN|water|298.15,6,True,True,1.0
d2_own_dft,44,*[C-]([H])[N+]#CC(=O)C([H])([H])[H].CC(C)=CC=O|CCCCN|water|298.15,4,True,True,1.0
d2_own_dft,44,*[C-]([N+]#CC(=O)C([H])([H])[H])C(=O)C([H])([H])[H].CC(C)=CC=O|CCCCN|water|298.15,3,True,True,
d2_own_dft,44,*C#[N+][C-](c1c([H])c([H])c([H])c([H])c1[H])C([H])([H])[H].C/C=C\C|CCCCN|water|298.15,4,True,True,1.0
d2_own_dft,44,*C#[N+][C-](C([H])([H])[H])C([H])([H])[H].C=C(C)/C=C/C=C(C)C|CCCCN|water|298.15,9,True,True,0.2833333333333333
d2_own_dft,44,*C(C(=O)C([H])([H])[H])=[N+]([C-]([H])C([H])([H])[H])C([H])([H])[H].CC(C)=CC=O|CCCCN|water|298.15,4,True,True,0.7999999999999999
d2_own_dft,44,*C#[N+][C-](C#N)C(=O)C([H])([H])[H].CC(C)=C(C)C|CCCCN|water|298.15,3,True,True,
d2_own_dft,44,*C(C#N)=[N+]([H])[N-]C(=O)C([H])([H])[H].CC(C)=CC=O|CCCNN|water|298.15,4,True,True,1.0
d2_own_dft,44,*C(C(=O)OC([H])([H])[H])=[N+]([H])[N-]C#N.CC(C)=CC=O|CCCNN|water|298.15,4,True,True,0.7999999999999999
d2_own_dft,44,*C(=O)[c-]1c(=O)oc(C([H])([H])[H])[n+]1[H].CC(C)=CC=O|CCCCN|water|298.15,3,True,True,
d2_own_dft,44,*[c-]1[o+]noc1=O.C=C(C)/C=C/C=C(C)C|CCCNO|water|298.15,8,True,True,0.8095238095238096
d2_own_dft,44,*[N-][N+]#CC([H])([H])[H].C=C(C)/C=C/C=C(C)C|CCCNN|water|298.15,7,True,True,0.9285714285714288
d2_own_dft,44,*[C-]([N+]#CC(=O)C([H])([H])[H])c1c([H])c([H])c([H])c([H])c1[H].C/C=C\C|CCCCN|water|298.15,3,False,True,
d2_own_dft,44,*C([H])=C(C([H])([H])[H])C([H])([H])[H].CNC(=O)[c-]1[nH+]c(C)oc1=O|CCCCN|water|298.15,4,True,True,0.7999999999999999
d2_own_dft,44,*c1oc(=O)[c-](C(=O)N([H])C([H])([H])[H])[n+]1[H].CC(C)=CC=O|CCCCN|water|298.15,4,True,True,1.0
d2_own_dft,44,*[C-]([N+]#CC(=O)C([H])([H])[H])c1c([H])c([H])c([H])c([H])c1[H].CC(C)=CC=O|CCCCN|water|298.15,5,True,True,0.8999999999999998
d2_own_dft,44,*c1oc(=O)[c-](C([H])([H])[H])[n+]1[H].C=C(C)/C=C/C=C(C)C|CCCCN|water|298.15,18,True,True,0.87203302373581
d2_own_dft,44,*[C-]([N+]#N)C(=O)OC([H])([H])[H].C=C(C)/C=C/C=C(C)C|CCCNN|water|298.15,9,False,False,0.7333333333333334
d2_own_dft,44,*c1oc(=O)[c-](C([H])([H])[H])[n+]1[H].CN1C=CCC(C(N)=O)=C1|CCCCN|water|298.15,6,True,True,1.0
d2_own_dft,44,*[c-]1c(=O)oc(C([H])([H])[H])[n+]1[H].CN1C=CCC(C(N)=O)=C1|CCCCN|water|298.15,12,True,True,0.9300699300699302
d2_own_dft,44,*[C-]([N+]#CC(=O)OC([H])([H])[H])C([H])([H])[H].C=C(C)/C=C/C=C(C)C|CCCCN|water|298.15,15,False,True,0.8392857142857142
d2_own_dft,44,*C#[N+][N-]c1c([H])c([H])c([H])c([H])c1[H].C=C(C)/C=C/C=C(C)C|CCCNN|water|298.15,3,False,True,
d2_own_dft,44,*[C-](C(=O)N([H])C([H])([H])[H])[N+]([H])=C(C(=O)N([H])C([H])([H])[H])C([H])([H])[H].CC(C)=CC=O|CCCCN|water|298.15,4,True,True,1.0
d2_own_dft,44,*C([H])=C(C([H])([H])[H])C([H])([H])[H].C[c-]1[nH+]c(-c2ccccc2)oc1=O|CCCCN|water|298.15,3,True,True,
d2_own_dft,44,*[c-]1[o+]c(C#N)oc1=O.CN1C=CCC(C(N)=O)=C1|CCCCO|water|298.15,5,True,True,0.8999999999999998
d2_own_dft,44,*[C-]([N+]#CC#N)C(=O)OC([H])([H])[H].C=C(C)/C=C/C=C(C)C|CCCCN|water|298.15,14,True,True,0.9120879120879121
d2_own_dft,44,*C([H])=C(C([H])([H])[H])C([H])([H])[H].COC(=O)[N-][NH+]=Cc1ccccc1|CCCNN|water|298.15,3,True,True,
d2_own_dft,44,*[N+]([N-]C(=O)OC([H])([H])[H])=C([H])c1c([H])c([H])c([H])c([H])c1[H].CC(C)=CC=O|CCCNN|water|298.15,3,True,True,
d2_own_dft,44,*C(=O)C#[N+][C-](C(=O)C([H])([H])[H])C([H])([H])[H].C=C(C)/C=C/C=C(C)C|CCCCN|water|298.15,8,True,True,0.4523809523809524
d2_own_dft,44,*[C-]([N+]#CC(=O)C([H])([H])[H])C(=O)C([H])([H])[H].C=C(C)/C=C/C=C(C)C|CCCCN|water|298.15,8,True,True,0.6190476190476191
d2_own_dft,44,*C(C(=O)OC([H])([H])[H])=[N+]([H])[C-]([H])C#N.C=C(C)/C=C/C=C(C)C|CCCCN|water|298.15,12,True,True,0.9440559440559443
d2_own_dft,44,*C(C(=O)N([H])C([H])([H])[H])=[N+]([C-]([H])C#N)C([H])([H])[H].CC(C)=CC=O|CCCCN|water|298.15,4,True,True,1.0
d2_own_dft,44,*[C-]([H])[N+](=C(C(=O)N([H])C([H])([H])[H])C(=O)C([H])([H])[H])C([H])([H])[H].CC(C)=CC=O|CCCCN|water|298.15,4,True,True,0.7999999999999999
d2_own_dft,44,*[C-](C#N)[N+]#CC(=O)OC([H])([H])[H].CN1C=CCC(C(N)=O)=C1|CCCCN|water|298.15,5,True,True,0.7999999999999999
d2_own_dft,44,*[C-]([N+]#CC#N)C([H])([H])[H].COC1=C(OC)C(=O)C(C)=C(C)C1=O|CCCCN|water|298.15,4,True,True,0.7999999999999999
d2_own_dft,44,*[C-](C#N)[N+]([H])=C(C(=O)N([H])C([H])([H])[H])C([H])([H])[H].CN1C=CCC(C(N)=O)=C1|CCCCN|water|298.15,7,True,True,1.0
d2_own_dft,44,*C([H])=C(C([H])([H])[H])C([H])([H])[H].C[CH-][N+](C)=C(C(C)=O)c1ccccc1|CCCCN|water|298.15,4,True,True,1.0
d2_own_dft,44,*C([H])=[N+]([C-](c1c([H])c([H])c([H])c([H])c1[H])C([H])([H])[H])C([H])([H])[H].C=C(C)/C=C/C=C(C)C|CCCCN|water|298.15,15,True,True,0.9749999999999999
d2_own_dft,44,*C([H])=[O+][N-]C(=O)OC([H])([H])[H].CN1C=CCC(C(N)=O)=C1|CCCNO|water|298.15,4,True,True,1.0
d2_own_dft,44,*[C-](C#N)[N+](=C(C(=O)N([H])C([H])([H])[H])C(=O)N([H])C([H])([H])[H])C([H])([H])[H].CC(C)=CC=O|CCCCN|water|298.15,4,True,True,0.7999999999999999
d2_own_dft,44,*c1oc(=O)[c-](C(=O)N([H])C([H])([H])[H])[n+]1[H].C=C(C)/C=C/C=C(C)C|CCCCN|water|298.15,11,True,True,0.5
d2_own_dft,44,*C([H])=C(C([H])([H])[H])C([H])([H])[H].CC(=O)C#[N+][C-](C(C)=O)c1ccccc1|CCCCN|water|298.15,3,True,True,
d2_own_dft,44,*C(=O)C#[N+][C-](C(=O)C([H])([H])[H])c1c([H])c([H])c([H])c([H])c1[H].CC(C)=CC=O|CCCCN|water|298.15,3,False,True,
d2_own_dft,44,*C(=O)[C-]([N+]#CC#N)C(=O)C([H])([H])[H].C=C(C)/C=C/C=C(C)C|CCCCN|water|298.15,8,True,True,0.8095238095238096
d2_own_dft,44,*[C-]([N+]#CC#N)C(=O)C([H])([H])[H].C=C(C)/C=C/C=C(C)C|CCCCN|water|298.15,12,True,True,0.9370629370629372
d2_own_dft,44,*C#[N+][C-](C(=O)OC([H])([H])[H])C(=O)C([H])([H])[H].C=C(C)/C=C/C=C(C)C|CCCCN|water|298.15,10,True,True,0.9151515151515152
d2_own_dft,44,*C(C(=O)C([H])([H])[H])=[N+]([H])[N-]c1c([H])c([H])c([H])c([H])c1[H].C=C(C)/C=C/C=C(C)C|CCCNN|water|298.15,10,True,True,0.9515151515151514
d2_own_dft,44,*[C-]([N+]#CC#N)C(=O)N([H])C([H])([H])[H].C=C(C)/C=C/C=C(C)C|CCCCN|water|298.15,8,False,True,0.9523809523809524
d2_own_dft,44,*C(c1c([H])c([H])c([H])c([H])c1[H])=[N+]([N-][H])C([H])([H])[H].CN1C=CCC(C(N)=O)=C1|CCCNN|water|298.15,5,True,True,0.9999999999999999
d2_own_dft,44,*c1oc(=O)[c-](C(=O)N([H])C([H])([H])[H])[o+]1.C=C(C)/C=C/C=C(C)C|CCCCO|water|298.15,12,False,True,0.9370629370629372
d2_own_dft,44,*[c-]1c(=O)oc(C(=O)C([H])([H])[H])[n+]1C([H])([H])[H].CN1C=CCC(C(N)=O)=C1|CCCCN|water|298.15,10,True,True,0.9636363636363635
d2_own_dft,44,*[N-][N+]#CC(=O)N([H])C([H])([H])[H].COC1=C(OC)C(=O)C(C)=C(C)C1=O|CCCNN|water|298.15,3,True,True,
d2_own_dft,44,*C#[N+][C-](C#N)C([H])([H])[H].COC1=C(OC)C(=O)C(C)=C(C)C1=O|CCCCN|water|298.15,6,False,False,0.08571428571428573
d2_own_dft,44,*C(C#N)=[N+]([C-](C(=O)N([H])C([H])([H])[H])C([H])([H])[H])C([H])([H])[H].CC(C)=CC=O|CCCCN|water|298.15,4,False,True,0.7999999999999999
d2_own_dft,44,*C(=[O+][N-]C(=O)OC([H])([H])[H])C(=O)N([H])C([H])([H])[H].CN1C=CCC(C(N)=O)=C1|CCCNO|water|298.15,3,True,True,
d2_own_dft,44,*C#[N+][C-](C(=O)N([H])C([H])([H])[H])c1c([H])c([H])c([H])c([H])c1[H].CC(C)=CC=O|CCCCN|water|298.15,4,True,True,0.7999999999999999
d2_own_dft,44,*[C-](C(=O)N([H])C([H])([H])[H])[N+](=C(C#N)C#N)C([H])([H])[H].CN1C=CCC(C(N)=O)=C1|CCCCN|water|298.15,8,True,True,0.9761904761904763
d2_own_dft,44,*[C-](C(=O)OC([H])([H])[H])[N+]([H])=C(C(=O)N([H])C([H])([H])[H])C(=O)N([H])C([H])([H])[H].CC(C)=CC=O|CCCCN|water|298.15,4,True,True,0.7999999999999999
d2_own_dft,44,*[C-]([N+]#CC#N)C(=O)N([H])C([H])([H])[H].CN1C=CCC(C(N)=O)=C1|CCCCN|water|298.15,4,True,True,0.7999999999999999
d2_own_dft,44,*C#[N+][C-](C(=O)OC([H])([H])[H])c1c([H])c([H])c([H])c([H])c1[H].C=C(C)/C=C/C=C(C)C|CCCCN|water|298.15,7,False,True,0.8214285714285715
d2_own_dft,44,*[c-]1c(=O)oc(-c2c([H])c([H])c([H])c([H])c2[H])[n+]1[H].C=C(C)/C=C/C=C(C)C|CCCCN|water|298.15,18,True,True,0.9318885448916409
d2_own_dft,44,*C(=O)C#[N+][N-]C#N.COC1=C(OC)C(=O)C(C)=C(C)C1=O|CCCNN|water|298.15,3,True,True,
d2_own_dft,44,*[C-](C(=O)N([H])C([H])([H])[H])[N+](=C(C#N)c1c([H])c([H])c([H])c([H])c1[H])C([H])([H])[H].CC(C)=CC=O|CCCCN|water|298.15,4,True,True,1.0
d2_own_dft,44,*C#[N+][C-](C(=O)OC([H])([H])[H])C(=O)OC([H])([H])[H].C=C(C)/C=C/C=C(C)C|CCCCN|water|298.15,6,True,True,1.0
d2_own_dft,44,*C([H])=[O+][C-](C#N)c1c([H])c([H])c([H])c([H])c1[H].CN1C=CCC(C(N)=O)=C1|CCCCO|water|298.15,5,True,True,0.8999999999999998
d2_own_dft,44,*C(=O)[C-]([N+]#CC#N)c1c([H])c([H])c([H])c([H])c1[H].C=C(C)/C=C/C=C(C)C|CCCCN|water|298.15,9,False,True,0.7166666666666667
d2_own_dft,44,*C#[N+][C-](C(=O)C([H])([H])[H])c1c([H])c([H])c([H])c([H])c1[H].C=C(C)/C=C/C=C(C)C|CCCCN|water|298.15,9,True,True,0.9666666666666667
d2_own_dft,44,*c1oc(=O)[c-](C(=O)OC([H])([H])[H])[n+]1C([H])([H])[H].CN1C=CCC(C(N)=O)=C1|CCCCN|water|298.15,11,True,True,0.990909090909091
d2_own_dft,44,*c1oc(=O)[c-](-c2c([H])c([H])c([H])c([H])c2[H])[n+]1[H].CN1C=CCC(C(N)=O)=C1|CCCCN|water|298.15,7,True,True,1.0
d2_own_dft,44,*C(=[N+]([H])[C-](C#N)c1c([H])c([H])c([H])c([H])c1[H])C([H])([H])[H].CN1C=CCC(C(N)=O)=C1|CCCCN|water|298.15,8,False,True,0.6666666666666669
d2_own_dft,44,*[C-](c1c([H])c([H])c([H])c([H])c1[H])[N+]([H])=C(C([H])([H])[H])C([H])([H])[H].CN1C=CCC(C(N)=O)=C1|CCCCN|water|298.15,8,False,True,0.6904761904761906
d2_own_dft,44,*[C-]([O+]=C([H])C(=O)C([H])([H])[H])c1c([H])c([H])c([H])c([H])c1[H].C=C(C)/C=C/C=C(C)C|CCCCO|water|298.15,10,False,True,0.8909090909090909
d2_own_dft,44,*[N-][O+]=C(C(=O)OC([H])([H])[H])C(=O)N([H])C([H])([H])[H].CN1C=CCC(C(N)=O)=C1|CCCNO|water|298.15,4,False,True,0.7999999999999999
d2_own_dft,44,*[c-]1c(=O)oc(C#N)[n+]1C([H])([H])[H].CN1C=CCC(C(N)=O)=C1|CCCCN|water|298.15,7,True,True,0.9642857142857145
d2_own_dft,44,*[N-][O+]=C([H])c1c([H])c([H])c([H])c([H])c1[H].CN1C=CCC(C(N)=O)=C1|CCCNO|water|298.15,5,False,True,0.3
d2_own_dft,44,*C(C(=O)OC([H])([H])[H])=[N+]([H])[C-](C#N)C#N.C=C(C)/C=C/C=C(C)C|CCCCN|water|298.15,11,True,True,0.9545454545454546
d2_own_dft,44,*[C-]([O+]=C([H])c1c([H])c([H])c([H])c([H])c1[H])C(=O)OC([H])([H])[H].C=C(C)/C=C/C=C(C)C|CCCCO|water|298.15,10,True,True,0.9151515151515152
d2_own_dft,44,*[c-]1[o+]c(C(=O)OC([H])([H])[H])oc1=O.CN1C=CCC(C(N)=O)=C1|CCCCO|water|298.15,6,True,True,0.942857142857143
d2_own_dft,44,*C(c1c([H])c([H])c([H])c([H])c1[H])=[N+]([C-](C#N)C#N)C([H])([H])[H].CN1C=CCC(C(N)=O)=C1|CCCCN|water|298.15,10,False,True,0.8060606060606059
d2_own_dft,44,*C([H])=C(C([H])([H])[H])C([H])([H])[H].CNC(=O)C(=[O+][N-]c1ccccc1)C(=O)OC|CCCNO|water|298.15,4,True,True,1.0
d2_own_dft,44,*C([H])=C(C([H])([H])[H])C([H])([H])[H].COC(=O)[CH-][O+]=C(C(=O)OC)c1ccccc1|CCCCO|water|298.15,4,True,True,1.0
d2_own_dft,44,*C#[N+][C-](C(=O)C([H])([H])[H])C(=O)C([H])([H])[H].CN1C=CCC(C(N)=O)=C1|CCCCN|water|298.15,4,True,True,1.0
d2_own_dft,44,*[C-]([N+]#CC(=O)N([H])C([H])([H])[H])C(=O)OC([H])([H])[H].C=C(C)/C=C/C=C(C)C|CCCCN|water|298.15,10,False,True,0.8545454545454544
d2_own_dft,44,*C(c1c([H])c([H])c([H])c([H])c1[H])=[N+]([N-]C(=O)C([H])([H])[H])C([H])([H])[H].C=C(C)/C=C/C=C(C)C|CCCNN|water|298.15,7,True,True,0.8928571428571429
d2_own_dft,44,*[C-]([H])[O+]=C(C(=O)OC([H])([H])[H])c1c([H])c([H])c([H])c([H])c1[H].C=C(C)/C=C/C=C(C)C|CCCCO|water|298.15,10,True,True,0.8545454545454544
d2_own_dft,44,*[C-]([N+]#Cc1c([H])c([H])c([H])c([H])c1[H])c1c([H])c([H])c([H])c([H])c1[H].CN1C=CCC(C(N)=O)=C1|CCCCN|water|298.15,7,True,True,0.6785714285714287
d2_own_dft,44,*C#[N+][C-](c1c([H])c([H])c([H])c([H])c1[H])c1c([H])c([H])c([H])c([H])c1[H].CN1C=CCC(C(N)=O)=C1|CCCCN|water|298.15,9,False,False,0.15
d2_own_dft,44,*C(=[N+]([H])[C-](C(=O)N([H])C([H])([H])[H])C(=O)N([H])C([H])([H])[H])C([H])([H])[H].CN1C=CCC(C(N)=O)=C1|CCCCN|water|298.15,7,True,True,0.9642857142857145
d2_own_dft,44,*c1oc(=O)[c-](-c2c([H])c([H])c([H])c([H])c2[H])[n+]1C([H])([H])[H].CN1C=CCC(C(N)=O)=C1|CCCCN|water|298.15,8,True,True,0.9047619047619048
d2_own_dft,44,*[n+]1c(-c2c([H])c([H])c([H])c([H])c2[H])oc(=O)[c-]1C(=O)N([H])C([H])([H])[H].C=C(C)/C=C/C=C(C)C|CCCCN|water|298.15,11,True,True,0.7818181818181819
d2_own_dft,44,*C(=[O+][C-](C#N)C#N)C(=O)OC([H])([H])[H].CN1C=CCC(C(N)=O)=C1|CCCCO|water|298.15,5,False,True,0.8999999999999998
d2_own_dft,44,*[C-]([N+]#Cc1c([H])c([H])c([H])c([H])c1[H])C([H])([H])[H].COC1=C(OC)C(=O)C(C)=C(C)C1=O|CCCCN|water|298.15,3,True,True,
d2_own_dft,44,*C(=[O+][C-](C(=O)N([H])C([H])([H])[H])C(=O)N([H])C([H])([H])[H])c1c([H])c([H])c([H])c([H])c1[H].CC(C)=CC=O|CCCCO|water|298.15,4,False,True,0.7999999999999999
d2_own_dft,44,*C(=O)C#[N+][C-](C(=O)OC([H])([H])[H])C(=O)OC([H])([H])[H].CN1C=CCC(C(N)=O)=C1|CCCCN|water|298.15,6,True,True,0.942857142857143
d2_own_dft,44,*C(C(=O)OC([H])([H])[H])=[N+]([N-]C([H])([H])[H])C([H])([H])[H].COC1=C(OC)C(=O)C(C)=C(C)C1=O|CCCNN|water|298.15,4,True,True,0.39999999999999997
d2_own_dft,44,*C(=[O+][C-](C#N)C(=O)OC([H])([H])[H])c1c([H])c([H])c([H])c([H])c1[H].CN1C=CCC(C(N)=O)=C1|CCCCO|water|298.15,7,True,True,0.8571428571428573
d2_own_dft,44,*C(=O)c1oc(=O)[c-](-c2c([H])c([H])c([H])c([H])c2[H])[o+]1.CN1C=CCC(C(N)=O)=C1|CCCCO|water|298.15,7,True,True,0.9642857142857145
d2_own_dft,44,*c1oc(=O)[c-](-c2c([H])c([H])c([H])c([H])c2[H])[o+]1.CN1C=CCC(C(N)=O)=C1|CCCCO|water|298.15,11,True,True,0.9818181818181818
d2_own_dft,44,*[C-](C(=O)C([H])([H])[H])[N+](=C([H])C(=O)OC([H])([H])[H])C([H])([H])[H].CN1C=CCC(C(N)=O)=C1|CCCCN|water|298.15,7,True,True,0.9285714285714288
d2_own_dft,44,*C(C(=O)OC([H])([H])[H])=[N+]([C-](C(=O)C([H])([H])[H])C([H])([H])[H])C([H])([H])[H].CN1C=CCC(C(N)=O)=C1|CCCCN|water|298.15,5,True,True,0.8999999999999998
d2_own_dft,44,*[N+](=C(C(=O)N([H])C([H])([H])[H])c1c([H])c([H])c([H])c([H])c1[H])[C-](C(=O)OC([H])([H])[H])C(=O)C([H])([H])[H].CC(C)=CC=O|CCCCN|water|298.15,4,True,True,1.0
d2_own_dft,44,*[C-](C#N)[O+]=C(C(=O)OC([H])([H])[H])c1c([H])c([H])c([H])c([H])c1[H].CN1C=CCC(C(N)=O)=C1|CCCCO|water|298.15,6,True,True,0.8857142857142858
d2_own_dft,44,*[N+](=C([H])C(=O)N([H])C([H])([H])[H])[C-](C#N)C(=O)C([H])([H])[H].COC1=C(OC)C(=O)C(C)=C(C)C1=O|CCCCN|water|298.15,4,False,True,0.19999999999999998
d2_own_dft,44,*C(=O)[C-]([N+](=C(C#N)C([H])([H])[H])C([H])([H])[H])C([H])([H])[H].COC1=C(OC)C(=O)C(C)=C(C)C1=O|CCCCN|water|298.15,4,False,False,-0.39999999999999997
d2_own_dft,44,*C(=[O+][C-]([H])C(=O)OC([H])([H])[H])C([H])([H])[H].COC1=C(OC)C(=O)C(C)=C(C)C1=O|CCCCO|water|298.15,3,True,True,
d2_own_dft,44,*c1oc(=O)[c-](-c2c([H])c([H])c([H])c([H])c2[H])[o+]1.COC1=C(OC)C(=O)C(C)=C(C)C1=O|CCCCO|water|298.15,4,False,True,0.7999999999999999
d2_own_dft,44,*c1oc(=O)[c-](C(=O)OC([H])([H])[H])[o+]1.COC1=C(OC)C(=O)C(C)=C(C)C1=O|CCCCO|water|298.15,4,False,True,0.19999999999999998
d2_own_dft,44,*[c-]1[o+]c(C(=O)N([H])C([H])([H])[H])oc1=O.COC1=C(OC)C(=O)C(C)=C(C)C1=O|CCCCO|water|298.15,6,False,True,0.7142857142857143
d2_own_dft,44,*[C-](C(=O)C([H])([H])[H])[N+](=C(C(=O)N([H])C([H])([H])[H])c1c([H])c([H])c([H])c([H])c1[H])C([H])([H])[H].CC(C)=CC=O|CCCCN|water|298.15,4,False,True,0.7999999999999999
d2_own_dft,44,*[C-](C(=O)OC([H])([H])[H])[N+]([H])=C(C(=O)N([H])C([H])([H])[H])C([H])([H])[H].COC1=C(OC)C(=O)C(C)=C(C)C1=O|CCCCN|water|298.15,4,False,True,0.6000000000000001
d2_own_dft,44,*[c-]1c(=O)oc(-c2c([H])c([H])c([H])c([H])c2[H])[n+]1C([H])([H])[H].COC1=C(OC)C(=O)C(C)=C(C)C1=O|CCCCN|water|298.15,4,True,True,0.7999999999999999
d2_own_dft,44,*[C-](C(=O)OC([H])([H])[H])[N+](=C(C(=O)OC([H])([H])[H])c1c([H])c([H])c([H])c([H])c1[H])C([H])([H])[H].C=C(C)/C=C/C=C(C)C|CCCCN|water|298.15,10,True,True,0.9393939393939393
d2_own_dft,44,*[c-]1[o+]c(C(=O)OC([H])([H])[H])oc1=O.COC1=C(OC)C(=O)C(C)=C(C)C1=O|CCCCO|water|298.15,4,False,False,-1.0
d2_own_dft,44,*c1oc(=O)[c-](C(=O)N([H])C([H])([H])[H])[o+]1.COC1=C(OC)C(=O)C(C)=C(C)C1=O|CCCCO|water|298.15,4,False,True,0.6000000000000001
d2_own_dft,44,*C(c1c([H])c([H])c([H])c([H])c1[H])=[N+]([H])[C-](C#N)C(=O)N([H])C([H])([H])[H].COC1=C(OC)C(=O)C(C)=C(C)C1=O|CCCCN|water|298.15,4,False,True,0.39999999999999997
d2_own_dft,44,*C(=O)C(C(=O)OC([H])([H])[H])=[N+]([H])[C-](C(=O)OC([H])([H])[H])c1c([H])c([H])c([H])c([H])c1[H].C=C(C)/C=C/C=C(C)C|CCCCN|water|298.15,11,True,True,0.9090909090909091
d2_own_dft,44,*[C-]([O+]=C(C(=O)N([H])C([H])([H])[H])c1c([H])c([H])c([H])c([H])c1[H])C(=O)N([H])C([H])([H])[H].COC1=C(OC)C(=O)C(C)=C(C)C1=O|CCCCO|water|298.15,3,False,True,
d2_own_dft,44,*[C-](c1c([H])c([H])c([H])c([H])c1[H])[N+](=C(C#N)c1c([H])c([H])c([H])c([H])c1[H])C([H])([H])[H].COC1=C(OC)C(=O)C(C)=C(C)C1=O|CCCCN|water|298.15,4,True,True,1.0
d2_own_dft,44,*C(=[O+][C-](c1c([H])c([H])c([H])c([H])c1[H])C([H])([H])[H])C(=O)C([H])([H])[H].COC1=C(OC)C(=O)C(C)=C(C)C1=O|CCCCO|water|298.15,4,True,True,0.7999999999999999
d2_own_dft,44,*[C-](C#N)[N+](=C(C(=O)N([H])C([H])([H])[H])c1c([H])c([H])c([H])c([H])c1[H])C([H])([H])[H].COC1=C(OC)C(=O)C(C)=C(C)C1=O|CCCCN|water|298.15,4,False,True,0.39999999999999997
d2_own_dft,45,*C#CC(=O)N([H])C([H])([H])[H].CC(=O)c1[nH+][c-](C)c(=O)o1|CCCCN|water|298.15,4,False,True,0.7999999999999999
d2_own_dft,45,*C(=O)C#CF.CNC(=O)c1[nH+][c-](C#N)c(=O)o1|CCCCN|water|298.15,3,True,True,
d2_own_dft,45,*C([H])=C([H])[H].N#Cc1oc(=O)[c-](-c2ccccc2)[o+]1|CCCCO|water|298.15,3,True,True,
d2_own_dft,45,*C1=C(C([H])([H])[H])C2([H])C([H])([H])C([H])([H])C1([H])C2([H])[H].COC(=O)[N-][N+]#CC(C)=O|CCCNN|water|298.15,3,True,True,
d2_own_dft,45,*C(=C(C([H])([H])[H])C([H])([H])[H])C([H])([H])[H].COC(=O)[c-]1[nH+]c(C(C)=O)oc1=O|CCCCN|water|298.15,3,True,True,
d2_own_dft,45,*C#CC(=O)OC([H])([H])[H].CNC(=O)[c-]1c(=O)oc(C#N)[n+]1C|CCCCN|water|298.15,4,True,True,1.0
d2_own_dft,45,*C(=[O+][N-]C([H])([H])[H])c1c([H])c([H])c([H])c([H])c1[H].CNC(=O)C1=C(C#N)C2CCC1C2|CCCNO|water|298.15,4,False,False,-0.39999999999999997
d2_own_dft,45,*[C-]([O+]=C(C#N)C(=O)OC([H])([H])[H])C([H])([H])[H].CNC(=O)C1=C(F)C2CCC1C2|CCCCO|water|298.15,4,False,True,0.39999999999999997
d2_own_dft,45,*c1oc(=O)[c-](-c2c([H])c([H])c([H])c([H])c2[H])[n+]1C([H])([H])[H].CC(=O)C1=C(Cl)C2CCC1C2|CCCCN|water|298.15,4,False,True,0.39999999999999997
d2_own_dft,45,*c1oc(=O)[c-](C(=O)OC([H])([H])[H])[o+]1.CC(=O)C1=C(Br)C2CCC1C2|CCCCO|water|298.15,4,True,True,1.0
d2_own_dft,45,*C([H])=[N+]([C-](C#N)C(=O)C([H])([H])[H])C([H])([H])[H].N#CC1=C(c2ccccc2)C2CCC1C2|CCCCN|water|298.15,4,False,True,0.6000000000000001
d2_own_dft,45,*C1=C([H])C2([H])C([H])([H])C([H])([H])C1([H])C2([H])[H].COC(=O)[C-](C)[O+]=C(c1ccccc1)c1ccccc1|CCCCO|water|298.15,3,False,True,
d2_own_dft,45,*C1=C(Br)C2([H])C([H])([H])C([H])([H])C1([H])C2([H])[H].CC(=O)c1[nH+][c-](-c2ccccc2)c(=O)o1|CCCCN|water|298.15,4,True,True,1.0
d2_own_dft,45,*C(c1c([H])c([H])c([H])c([H])c1[H])=[N+]([C-](C(=O)N([H])C([H])([H])[H])C([H])([H])[H])C([H])([H])[H].CC1=C(Br)C2C=CC1O2|CCCCN|water|298.15,7,False,True,0.9285714285714288
d2_own_dft,45,*C1=C(C(F)(F)F)C2([H])OC1([H])C([H])=C2[H].COC(=O)[C-]([N+]#CC(C)=O)c1ccccc1|CCCCN|water|298.15,5,True,True,0.9999999999999999
d2_own_dft,45,*C(=O)C1=C(Br)C2([H])OC1([H])C([H])=C2[H].CNC(=O)C(=[NH+][C-](C)C#N)C(=O)OC|CCCCN|water|298.15,8,True,True,0.9761904761904763
d2_own_dft,45,*C1(C([H])([H])[H])C#CC(c2c([H])c([H])c([H])c([H])c2[H])(c2c([H])c([H])c([H])c([H])c2[H])C([H])([H])C([H])([H])C([H])([H])C1([H])[H].CNC(=O)[C-](C#N)[NH+]=C(C)C#N|CCCCN|water|298.15,4,True,True,1.0
d2_own_dft,45,*[C-]([O+]=C(C(=O)N([H])C([H])([H])[H])c1c([H])c([H])c([H])c([H])c1[H])C([H])([H])[H].CNC(=O)C1=C(Br)C2CCC1C2|CCCCO|water|298.15,3,True,True,
d2_own_dft,45,*C1([H])C#CC(C(=O)OC([H])([H])[H])(C(=O)OC([H])([H])[H])C([H])([H])C([H])([H])C([H])([H])C1([H])[H].CC(=O)[c-]1c(=O)oc(-c2ccccc2)[n+]1C|CCCCN|water|298.15,4,True,True,1.0
d2_own_dft,45,*C1(c2c([H])c([H])c([H])c([H])c2[H])C#CC(c2c([H])c([H])c([H])c([H])c2[H])(c2c([H])c([H])c([H])c([H])c2[H])C([H])([H])C([H])([H])C([H])([H])C1([H])[H].C[C-]([N+]#N)c1ccccc1|CCCNN|water|298.15,3,True,True,
d2_own_dft,45,*C#[N+][C-]([H])c1c([H])c([H])c([H])c([H])c1[H].C=C|CCCCN|water|298.15,3,True,True,
d2_own_dft,45,*[C-]([H])[N+](=C(C#N)C([H])([H])[H])C([H])([H])[H].C/C=C\C|CCCCN|water|298.15,3,False,True,
d2_own_dft,45,*C([H])=C(C([H])([H])[H])C([H])([H])[H].C[c-]1[o+]noc1=O|CCCNO|water|298.15,4,True,True,0.7999999999999999
d2_own_dft,45,*[c-]1[o+]noc1=O.CC(C)=CC=O|CCCNO|water|298.15,4,True,True,1.0
d2_own_dft,45,*[C-]([N+]#CC(=O)OC([H])([H])[H])C([H])([H])[H].CC(C)=CC=O|CCCCN|water|298.15,6,True,True,0.942857142857143
d2_own_dft,45,*[C-]([H])[N+]#CC(=O)C([H])([H])[H].CC(C)=CC=O|CCCCN|water|298.15,4,True,True,1.0
d2_own_dft,45,*[C-]([N+]#CC(=O)C([H])([H])[H])C(=O)C([H])([H])[H].CC(C)=CC=O|CCCCN|water|298.15,3,True,True,
d2_own_dft,45,*C#[N+][C-](c1c([H])c([H])c([H])c([H])c1[H])C([H])([H])[H].C/C=C\C|CCCCN|water|298.15,4,True,True,1.0
d2_own_dft,45,*C#[N+][C-](C([H])([H])[H])C([H])([H])[H].C=C(C)/C=C/C=C(C)C|CCCCN|water|298.15,9,True,True,0.4666666666666666
d2_own_dft,45,*C(C(=O)C([H])([H])[H])=[N+]([C-]([H])C([H])([H])[H])C([H])([H])[H].CC(C)=CC=O|CCCCN|water|298.15,4,True,True,0.7999999999999999
d2_own_dft,45,*C#[N+][C-](C#N)C(=O)C([H])([H])[H].CC(C)=C(C)C|CCCCN|water|298.15,3,True,True,
d2_own_dft,45,*C(C#N)=[N+]([H])[N-]C(=O)C([H])([H])[H].CC(C)=CC=O|CCCNN|water|298.15,4,True,True,1.0
d2_own_dft,45,*C(C(=O)OC([H])([H])[H])=[N+]([H])[N-]C#N.CC(C)=CC=O|CCCNN|water|298.15,4,False,True,-0.19999999999999998
d2_own_dft,45,*C(=O)[c-]1c(=O)oc(C([H])([H])[H])[n+]1[H].CC(C)=CC=O|CCCCN|water|298.15,3,True,True,
d2_own_dft,45,*[c-]1[o+]noc1=O.C=C(C)/C=C/C=C(C)C|CCCNO|water|298.15,8,False,True,0.7380952380952381
d2_own_dft,45,*[N-][N+]#CC([H])([H])[H].C=C(C)/C=C/C=C(C)C|CCCNN|water|298.15,7,True,True,0.9642857142857145
d2_own_dft,45,*[C-]([N+]#CC(=O)C([H])([H])[H])c1c([H])c([H])c([H])c([H])c1[H].C/C=C\C|CCCCN|water|298.15,3,False,True,
d2_own_dft,45,*C([H])=C(C([H])([H])[H])C([H])([H])[H].CNC(=O)[c-]1[nH+]c(C)oc1=O|CCCCN|water|298.15,4,True,True,1.0
d2_own_dft,45,*c1oc(=O)[c-](C(=O)N([H])C([H])([H])[H])[n+]1[H].CC(C)=CC=O|CCCCN|water|298.15,4,True,True,1.0
d2_own_dft,45,*[C-]([N+]#CC(=O)C([H])([H])[H])c1c([H])c([H])c([H])c([H])c1[H].CC(C)=CC=O|CCCCN|water|298.15,5,True,True,0.8999999999999998
d2_own_dft,45,*c1oc(=O)[c-](C([H])([H])[H])[n+]1[H].C=C(C)/C=C/C=C(C)C|CCCCN|water|298.15,18,True,True,0.9607843137254902
d2_own_dft,45,*[C-]([N+]#N)C(=O)OC([H])([H])[H].C=C(C)/C=C/C=C(C)C|CCCNN|water|298.15,9,False,True,0.9666666666666667
d2_own_dft,45,*c1oc(=O)[c-](C([H])([H])[H])[n+]1[H].CN1C=CCC(C(N)=O)=C1|CCCCN|water|298.15,6,True,True,1.0
d2_own_dft,45,*[c-]1c(=O)oc(C([H])([H])[H])[n+]1[H].CN1C=CCC(C(N)=O)=C1|CCCCN|water|298.15,12,False,True,0.9300699300699302
d2_own_dft,45,*[C-]([N+]#CC(=O)OC([H])([H])[H])C([H])([H])[H].C=C(C)/C=C/C=C(C)C|CCCCN|water|298.15,15,True,True,0.8714285714285712
d2_own_dft,45,*C#[N+][N-]c1c([H])c([H])c([H])c([H])c1[H].C=C(C)/C=C/C=C(C)C|CCCNN|water|298.15,3,False,True,
d2_own_dft,45,*[C-](C(=O)N([H])C([H])([H])[H])[N+]([H])=C(C(=O)N([H])C([H])([H])[H])C([H])([H])[H].CC(C)=CC=O|CCCCN|water|298.15,4,True,True,1.0
d2_own_dft,45,*C([H])=C(C([H])([H])[H])C([H])([H])[H].C[c-]1[nH+]c(-c2ccccc2)oc1=O|CCCCN|water|298.15,3,True,True,
d2_own_dft,45,*[c-]1[o+]c(C#N)oc1=O.CN1C=CCC(C(N)=O)=C1|CCCCO|water|298.15,5,True,True,0.8999999999999998
d2_own_dft,45,*[C-]([N+]#CC#N)C(=O)OC([H])([H])[H].C=C(C)/C=C/C=C(C)C|CCCCN|water|298.15,14,True,True,0.8813186813186813
d2_own_dft,45,*C([H])=C(C([H])([H])[H])C([H])([H])[H].COC(=O)[N-][NH+]=Cc1ccccc1|CCCNN|water|298.15,3,True,True,
d2_own_dft,45,*[N+]([N-]C(=O)OC([H])([H])[H])=C([H])c1c([H])c([H])c([H])c([H])c1[H].CC(C)=CC=O|CCCNN|water|298.15,3,True,True,
d2_own_dft,45,*C(=O)C#[N+][C-](C(=O)C([H])([H])[H])C([H])([H])[H].C=C(C)/C=C/C=C(C)C|CCCCN|water|298.15,8,True,True,0.1666666666666667
d2_own_dft,45,*[C-]([N+]#CC(=O)C([H])([H])[H])C(=O)C([H])([H])[H].C=C(C)/C=C/C=C(C)C|CCCCN|water|298.15,8,True,True,0.5476190476190477
d2_own_dft,45,*C(C(=O)OC([H])([H])[H])=[N+]([H])[C-]([H])C#N.C=C(C)/C=C/C=C(C)C|CCCCN|water|298.15,12,True,True,0.9720279720279721
d2_own_dft,45,*C(C(=O)N([H])C([H])([H])[H])=[N+]([C-]([H])C#N)C([H])([H])[H].CC(C)=CC=O|CCCCN|water|298.15,4,True,True,0.7999999999999999
d2_own_dft,45,*[C-]([H])[N+](=C(C(=O)N([H])C([H])([H])[H])C(=O)C([H])([H])[H])C([H])([H])[H].CC(C)=CC=O|CCCCN|water|298.15,4,True,True,0.7999999999999999
d2_own_dft,45,*[C-](C#N)[N+]#CC(=O)OC([H])([H])[H].CN1C=CCC(C(N)=O)=C1|CCCCN|water|298.15,5,True,True,0.8999999999999998
d2_own_dft,45,*[C-]([N+]#CC#N)C([H])([H])[H].COC1=C(OC)C(=O)C(C)=C(C)C1=O|CCCCN|water|298.15,4,True,True,0.39999999999999997
d2_own_dft,45,*[C-](C#N)[N+]([H])=C(C(=O)N([H])C([H])([H])[H])C([H])([H])[H].CN1C=CCC(C(N)=O)=C1|CCCCN|water|298.15,7,True,True,1.0
d2_own_dft,45,*C([H])=C(C([H])([H])[H])C([H])([H])[H].C[CH-][N+](C)=C(C(C)=O)c1ccccc1|CCCCN|water|298.15,4,True,True,1.0
d2_own_dft,45,*C([H])=[N+]([C-](c1c([H])c([H])c([H])c([H])c1[H])C([H])([H])[H])C([H])([H])[H].C=C(C)/C=C/C=C(C)C|CCCCN|water|298.15,15,True,True,0.9964285714285712
d2_own_dft,45,*C([H])=[O+][N-]C(=O)OC([H])([H])[H].CN1C=CCC(C(N)=O)=C1|CCCNO|water|298.15,4,True,True,1.0
d2_own_dft,45,*[C-](C#N)[N+](=C(C(=O)N([H])C([H])([H])[H])C(=O)N([H])C([H])([H])[H])C([H])([H])[H].CC(C)=CC=O|CCCCN|water|298.15,4,True,True,1.0
d2_own_dft,45,*c1oc(=O)[c-](C(=O)N([H])C([H])([H])[H])[n+]1[H].C=C(C)/C=C/C=C(C)C|CCCCN|water|298.15,11,True,True,0.8181818181818182
d2_own_dft,45,*C([H])=C(C([H])([H])[H])C([H])([H])[H].CC(=O)C#[N+][C-](C(C)=O)c1ccccc1|CCCCN|water|298.15,3,True,True,
d2_own_dft,45,*C(=O)C#[N+][C-](C(=O)C([H])([H])[H])c1c([H])c([H])c([H])c([H])c1[H].CC(C)=CC=O|CCCCN|water|298.15,3,False,True,
d2_own_dft,45,*C(=O)[C-]([N+]#CC#N)C(=O)C([H])([H])[H].C=C(C)/C=C/C=C(C)C|CCCCN|water|298.15,8,True,True,0.8095238095238096
d2_own_dft,45,*[C-]([N+]#CC#N)C(=O)C([H])([H])[H].C=C(C)/C=C/C=C(C)C|CCCCN|water|298.15,12,False,True,0.9160839160839163
d2_own_dft,45,*C#[N+][C-](C(=O)OC([H])([H])[H])C(=O)C([H])([H])[H].C=C(C)/C=C/C=C(C)C|CCCCN|water|298.15,10,True,True,0.8545454545454544
d2_own_dft,45,*C(C(=O)C([H])([H])[H])=[N+]([H])[N-]c1c([H])c([H])c([H])c([H])c1[H].C=C(C)/C=C/C=C(C)C|CCCNN|water|298.15,10,True,True,0.9636363636363635
d2_own_dft,45,*[C-]([N+]#CC#N)C(=O)N([H])C([H])([H])[H].C=C(C)/C=C/C=C(C)C|CCCCN|water|298.15,8,True,True,0.9761904761904763
d2_own_dft,45,*C(c1c([H])c([H])c([H])c([H])c1[H])=[N+]([N-][H])C([H])([H])[H].CN1C=CCC(C(N)=O)=C1|CCCNN|water|298.15,5,True,True,0.9999999999999999
d2_own_dft,45,*c1oc(=O)[c-](C(=O)N([H])C([H])([H])[H])[o+]1.C=C(C)/C=C/C=C(C)C|CCCCO|water|298.15,12,False,True,0.8741258741258742
d2_own_dft,45,*[c-]1c(=O)oc(C(=O)C([H])([H])[H])[n+]1C([H])([H])[H].CN1C=CCC(C(N)=O)=C1|CCCCN|water|298.15,10,True,True,0.9999999999999999
d2_own_dft,45,*[N-][N+]#CC(=O)N([H])C([H])([H])[H].COC1=C(OC)C(=O)C(C)=C(C)C1=O|CCCNN|water|298.15,3,False,True,
d2_own_dft,45,*C#[N+][C-](C#N)C([H])([H])[H].COC1=C(OC)C(=O)C(C)=C(C)C1=O|CCCCN|water|298.15,6,False,True,-0.08571428571428573
d2_own_dft,45,*C(C#N)=[N+]([C-](C(=O)N([H])C([H])([H])[H])C([H])([H])[H])C([H])([H])[H].CC(C)=CC=O|CCCCN|water|298.15,4,True,True,1.0
d2_own_dft,45,*C(=[O+][N-]C(=O)OC([H])([H])[H])C(=O)N([H])C([H])([H])[H].CN1C=CCC(C(N)=O)=C1|CCCNO|water|298.15,3,True,True,
d2_own_dft,45,*C#[N+][C-](C(=O)N([H])C([H])([H])[H])c1c([H])c([H])c([H])c([H])c1[H].CC(C)=CC=O|CCCCN|water|298.15,4,True,True,0.7999999999999999
d2_own_dft,45,*[C-](C(=O)N([H])C([H])([H])[H])[N+](=C(C#N)C#N)C([H])([H])[H].CN1C=CCC(C(N)=O)=C1|CCCCN|water|298.15,8,False,True,0.9047619047619048
d2_own_dft,45,*[C-](C(=O)OC([H])([H])[H])[N+]([H])=C(C(=O)N([H])C([H])([H])[H])C(=O)N([H])C([H])([H])[H].CC(C)=CC=O|CCCCN|water|298.15,4,True,True,1.0
d2_own_dft,45,*[C-]([N+]#CC#N)C(=O)N([H])C([H])([H])[H].CN1C=CCC(C(N)=O)=C1|CCCCN|water|298.15,4,True,True,1.0
d2_own_dft,45,*C#[N+][C-](C(=O)OC([H])([H])[H])c1c([H])c([H])c([H])c([H])c1[H].C=C(C)/C=C/C=C(C)C|CCCCN|water|298.15,7,True,True,0.7500000000000002
d2_own_dft,45,*[c-]1c(=O)oc(-c2c([H])c([H])c([H])c([H])c2[H])[n+]1[H].C=C(C)/C=C/C=C(C)C|CCCCN|water|298.15,18,True,True,0.9360165118679051
d2_own_dft,45,*C(=O)C#[N+][N-]C#N.COC1=C(OC)C(=O)C(C)=C(C)C1=O|CCCNN|water|298.15,3,True,True,
d2_own_dft,45,*[C-](C(=O)N([H])C([H])([H])[H])[N+](=C(C#N)c1c([H])c([H])c([H])c([H])c1[H])C([H])([H])[H].CC(C)=CC=O|CCCCN|water|298.15,4,True,True,1.0
d2_own_dft,45,*C#[N+][C-](C(=O)OC([H])([H])[H])C(=O)OC([H])([H])[H].C=C(C)/C=C/C=C(C)C|CCCCN|water|298.15,6,True,True,0.942857142857143
d2_own_dft,45,*C([H])=[O+][C-](C#N)c1c([H])c([H])c([H])c([H])c1[H].CN1C=CCC(C(N)=O)=C1|CCCCO|water|298.15,5,True,True,0.7999999999999999
d2_own_dft,45,*C(=O)[C-]([N+]#CC#N)c1c([H])c([H])c([H])c([H])c1[H].C=C(C)/C=C/C=C(C)C|CCCCN|water|298.15,9,True,True,0.6166666666666666
d2_own_dft,45,*C#[N+][C-](C(=O)C([H])([H])[H])c1c([H])c([H])c([H])c([H])c1[H].C=C(C)/C=C/C=C(C)C|CCCCN|water|298.15,9,True,True,0.9
d2_own_dft,45,*c1oc(=O)[c-](C(=O)OC([H])([H])[H])[n+]1C([H])([H])[H].CN1C=CCC(C(N)=O)=C1|CCCCN|water|298.15,11,True,True,0.9818181818181818
d2_own_dft,45,*c1oc(=O)[c-](-c2c([H])c([H])c([H])c([H])c2[H])[n+]1[H].CN1C=CCC(C(N)=O)=C1|CCCCN|water|298.15,7,False,True,0.9285714285714288
d2_own_dft,45,*C(=[N+]([H])[C-](C#N)c1c([H])c([H])c([H])c([H])c1[H])C([H])([H])[H].CN1C=CCC(C(N)=O)=C1|CCCCN|water|298.15,8,False,True,0.8571428571428572
d2_own_dft,45,*[C-](c1c([H])c([H])c([H])c([H])c1[H])[N+]([H])=C(C([H])([H])[H])C([H])([H])[H].CN1C=CCC(C(N)=O)=C1|CCCCN|water|298.15,8,False,True,0.6666666666666669
d2_own_dft,45,*[C-]([O+]=C([H])C(=O)C([H])([H])[H])c1c([H])c([H])c([H])c([H])c1[H].C=C(C)/C=C/C=C(C)C|CCCCO|water|298.15,10,True,True,0.8545454545454544
d2_own_dft,45,*[N-][O+]=C(C(=O)OC([H])([H])[H])C(=O)N([H])C([H])([H])[H].CN1C=CCC(C(N)=O)=C1|CCCNO|water|298.15,4,False,True,0.39999999999999997
d2_own_dft,45,*[c-]1c(=O)oc(C#N)[n+]1C([H])([H])[H].CN1C=CCC(C(N)=O)=C1|CCCCN|water|298.15,7,True,True,1.0
d2_own_dft,45,*[N-][O+]=C([H])c1c([H])c([H])c([H])c([H])c1[H].CN1C=CCC(C(N)=O)=C1|CCCNO|water|298.15,5,True,True,0.8999999999999998
d2_own_dft,45,*C(C(=O)OC([H])([H])[H])=[N+]([H])[C-](C#N)C#N.C=C(C)/C=C/C=C(C)C|CCCCN|water|298.15,11,False,True,0.9636363636363637
d2_own_dft,45,*[C-]([O+]=C([H])c1c([H])c([H])c([H])c([H])c1[H])C(=O)OC([H])([H])[H].C=C(C)/C=C/C=C(C)C|CCCCO|water|298.15,10,False,True,0.9757575757575757
d2_own_dft,45,*[c-]1[o+]c(C(=O)OC([H])([H])[H])oc1=O.CN1C=CCC(C(N)=O)=C1|CCCCO|water|298.15,6,True,True,0.942857142857143
d2_own_dft,45,*C(c1c([H])c([H])c([H])c([H])c1[H])=[N+]([C-](C#N)C#N)C([H])([H])[H].CN1C=CCC(C(N)=O)=C1|CCCCN|water|298.15,10,False,False,0.8545454545454544
d2_own_dft,45,*C([H])=C(C([H])([H])[H])C([H])([H])[H].CNC(=O)C(=[O+][N-]c1ccccc1)C(=O)OC|CCCNO|water|298.15,4,False,True,0.7999999999999999
d2_own_dft,45,*C([H])=C(C([H])([H])[H])C([H])([H])[H].COC(=O)[CH-][O+]=C(C(=O)OC)c1ccccc1|CCCCO|water|298.15,4,True,True,0.7999999999999999
d2_own_dft,45,*C#[N+][C-](C(=O)C([H])([H])[H])C(=O)C([H])([H])[H].CN1C=CCC(C(N)=O)=C1|CCCCN|water|298.15,4,True,True,1.0
d2_own_dft,45,*[C-]([N+]#CC(=O)N([H])C([H])([H])[H])C(=O)OC([H])([H])[H].C=C(C)/C=C/C=C(C)C|CCCCN|water|298.15,10,True,True,0.8181818181818182
d2_own_dft,45,*C(c1c([H])c([H])c([H])c([H])c1[H])=[N+]([N-]C(=O)C([H])([H])[H])C([H])([H])[H].C=C(C)/C=C/C=C(C)C|CCCNN|water|298.15,7,True,True,0.8928571428571429
d2_own_dft,45,*[C-]([H])[O+]=C(C(=O)OC([H])([H])[H])c1c([H])c([H])c([H])c([H])c1[H].C=C(C)/C=C/C=C(C)C|CCCCO|water|298.15,10,True,True,0.8424242424242423
d2_own_dft,45,*[C-]([N+]#Cc1c([H])c([H])c([H])c([H])c1[H])c1c([H])c([H])c([H])c([H])c1[H].CN1C=CCC(C(N)=O)=C1|CCCCN|water|298.15,7,True,True,0.5
d2_own_dft,45,*C#[N+][C-](c1c([H])c([H])c([H])c([H])c1[H])c1c([H])c([H])c([H])c([H])c1[H].CN1C=CCC(C(N)=O)=C1|CCCCN|water|298.15,9,False,False,0.11666666666666665
d2_own_dft,45,*C(=[N+]([H])[C-](C(=O)N([H])C([H])([H])[H])C(=O)N([H])C([H])([H])[H])C([H])([H])[H].CN1C=CCC(C(N)=O)=C1|CCCCN|water|298.15,7,True,True,0.8928571428571429
d2_own_dft,45,*c1oc(=O)[c-](-c2c([H])c([H])c([H])c([H])c2[H])[n+]1C([H])([H])[H].CN1C=CCC(C(N)=O)=C1|CCCCN|water|298.15,8,True,True,0.9285714285714287
d2_own_dft,45,*[n+]1c(-c2c([H])c([H])c([H])c([H])c2[H])oc(=O)[c-]1C(=O)N([H])C([H])([H])[H].C=C(C)/C=C/C=C(C)C|CCCCN|water|298.15,11,True,True,0.8909090909090911
d2_own_dft,45,*C(=[O+][C-](C#N)C#N)C(=O)OC([H])([H])[H].CN1C=CCC(C(N)=O)=C1|CCCCO|water|298.15,5,False,True,0.7999999999999999
d2_own_dft,45,*[C-]([N+]#Cc1c([H])c([H])c([H])c([H])c1[H])C([H])([H])[H].COC1=C(OC)C(=O)C(C)=C(C)C1=O|CCCCN|water|298.15,3,True,True,
d2_own_dft,45,*C(=[O+][C-](C(=O)N([H])C([H])([H])[H])C(=O)N([H])C([H])([H])[H])c1c([H])c([H])c([H])c([H])c1[H].CC(C)=CC=O|CCCCO|water|298.15,4,True,True,0.7999999999999999
d2_own_dft,45,*C(=O)C#[N+][C-](C(=O)OC([H])([H])[H])C(=O)OC([H])([H])[H].CN1C=CCC(C(N)=O)=C1|CCCCN|water|298.15,6,True,True,1.0
d2_own_dft,45,*C(C(=O)OC([H])([H])[H])=[N+]([N-]C([H])([H])[H])C([H])([H])[H].COC1=C(OC)C(=O)C(C)=C(C)C1=O|CCCNN|water|298.15,4,True,True,0.39999999999999997
d2_own_dft,45,*C(=[O+][C-](C#N)C(=O)OC([H])([H])[H])c1c([H])c([H])c([H])c([H])c1[H].CN1C=CCC(C(N)=O)=C1|CCCCO|water|298.15,7,True,True,0.8214285714285715
d2_own_dft,45,*C(=O)c1oc(=O)[c-](-c2c([H])c([H])c([H])c([H])c2[H])[o+]1.CN1C=CCC(C(N)=O)=C1|CCCCO|water|298.15,7,True,True,0.9285714285714288
d2_own_dft,45,*c1oc(=O)[c-](-c2c([H])c([H])c([H])c([H])c2[H])[o+]1.CN1C=CCC(C(N)=O)=C1|CCCCO|water|298.15,11,True,True,0.9636363636363637
d2_own_dft,45,*[C-](C(=O)C([H])([H])[H])[N+](=C([H])C(=O)OC([H])([H])[H])C([H])([H])[H].CN1C=CCC(C(N)=O)=C1|CCCCN|water|298.15,7,True,True,0.8214285714285715
d2_own_dft,45,*C(C(=O)OC([H])([H])[H])=[N+]([C-](C(=O)C([H])([H])[H])C([H])([H])[H])C([H])([H])[H].CN1C=CCC(C(N)=O)=C1|CCCCN|water|298.15,5,True,True,0.9999999999999999
d2_own_dft,45,*[N+](=C(C(=O)N([H])C([H])([H])[H])c1c([H])c([H])c([H])c([H])c1[H])[C-](C(=O)OC([H])([H])[H])C(=O)C([H])([H])[H].CC(C)=CC=O|CCCCN|water|298.15,4,True,True,1.0
d2_own_dft,45,*[C-](C#N)[O+]=C(C(=O)OC([H])([H])[H])c1c([H])c([H])c([H])c([H])c1[H].CN1C=CCC(C(N)=O)=C1|CCCCO|water|298.15,6,True,True,0.8857142857142858
d2_own_dft,45,*[N+](=C([H])C(=O)N([H])C([H])([H])[H])[C-](C#N)C(=O)C([H])([H])[H].COC1=C(OC)C(=O)C(C)=C(C)C1=O|CCCCN|water|298.15,4,False,True,0.39999999999999997
d2_own_dft,45,*C(=O)[C-]([N+](=C(C#N)C([H])([H])[H])C([H])([H])[H])C([H])([H])[H].COC1=C(OC)C(=O)C(C)=C(C)C1=O|CCCCN|water|298.15,4,False,False,-0.39999999999999997
d2_own_dft,45,*C(=[O+][C-]([H])C(=O)OC([H])([H])[H])C([H])([H])[H].COC1=C(OC)C(=O)C(C)=C(C)C1=O|CCCCO|water|298.15,3,True,True,
d2_own_dft,45,*c1oc(=O)[c-](-c2c([H])c([H])c([H])c([H])c2[H])[o+]1.COC1=C(OC)C(=O)C(C)=C(C)C1=O|CCCCO|water|298.15,4,False,True,0.7999999999999999
d2_own_dft,45,*c1oc(=O)[c-](C(=O)OC([H])([H])[H])[o+]1.COC1=C(OC)C(=O)C(C)=C(C)C1=O|CCCCO|water|298.15,4,False,True,-0.6000000000000001
d2_own_dft,45,*[c-]1[o+]c(C(=O)N([H])C([H])([H])[H])oc1=O.COC1=C(OC)C(=O)C(C)=C(C)C1=O|CCCCO|water|298.15,6,False,True,0.4285714285714286
d2_own_dft,45,*[C-](C(=O)C([H])([H])[H])[N+](=C(C(=O)N([H])C([H])([H])[H])c1c([H])c([H])c([H])c([H])c1[H])C([H])([H])[H].CC(C)=CC=O|CCCCN|water|298.15,4,False,True,0.7999999999999999
d2_own_dft,45,*[C-](C(=O)OC([H])([H])[H])[N+]([H])=C(C(=O)N([H])C([H])([H])[H])C([H])([H])[H].COC1=C(OC)C(=O)C(C)=C(C)C1=O|CCCCN|water|298.15,4,True,True,0.7999999999999999
d2_own_dft,45,*[c-]1c(=O)oc(-c2c([H])c([H])c([H])c([H])c2[H])[n+]1C([H])([H])[H].COC1=C(OC)C(=O)C(C)=C(C)C1=O|CCCCN|water|298.15,4,True,True,0.7999999999999999
d2_own_dft,45,*[C-](C(=O)OC([H])([H])[H])[N+](=C(C(=O)OC([H])([H])[H])c1c([H])c([H])c([H])c([H])c1[H])C([H])([H])[H].C=C(C)/C=C/C=C(C)C|CCCCN|water|298.15,10,True,True,0.9515151515151514
d2_own_dft,45,*[c-]1[o+]c(C(=O)OC([H])([H])[H])oc1=O.COC1=C(OC)C(=O)C(C)=C(C)C1=O|CCCCO|water|298.15,4,False,True,-0.39999999999999997
d2_own_dft,45,*c1oc(=O)[c-](C(=O)N([H])C([H])([H])[H])[o+]1.COC1=C(OC)C(=O)C(C)=C(C)C1=O|CCCCO|water|298.15,4,True,True,0.7999999999999999
d2_own_dft,45,*C(c1c([H])c([H])c([H])c([H])c1[H])=[N+]([H])[C-](C#N)C(=O)N([H])C([H])([H])[H].COC1=C(OC)C(=O)C(C)=C(C)C1=O|CCCCN|water|298.15,4,False,True,0.39999999999999997
d2_own_dft,45,*C(=O)C(C(=O)OC([H])([H])[H])=[N+]([H])[C-](C(=O)OC([H])([H])[H])c1c([H])c([H])c([H])c([H])c1[H].C=C(C)/C=C/C=C(C)C|CCCCN|water|298.15,11,True,True,0.9090909090909091
d2_own_dft,45,*[C-]([O+]=C(C(=O)N([H])C([H])([H])[H])c1c([H])c([H])c([H])c([H])c1[H])C(=O)N([H])C([H])([H])[H].COC1=C(OC)C(=O)C(C)=C(C)C1=O|CCCCO|water|298.15,3,False,True,
d2_own_dft,45,*[C-](c1c([H])c([H])c([H])c([H])c1[H])[N+](=C(C#N)c1c([H])c([H])c([H])c([H])c1[H])C([H])([H])[H].COC1=C(OC)C(=O)C(C)=C(C)C1=O|CCCCN|water|298.15,4,True,True,1.0
d2_own_dft,45,*C(=[O+][C-](c1c([H])c([H])c([H])c([H])c1[H])C([H])([H])[H])C(=O)C([H])([H])[H].COC1=C(OC)C(=O)C(C)=C(C)C1=O|CCCCO|water|298.15,4,True,True,0.7999999999999999
d2_own_dft,45,*[C-](C#N)[N+](=C(C(=O)N([H])C([H])([H])[H])c1c([H])c([H])c([H])c([H])c1[H])C([H])([H])[H].COC1=C(OC)C(=O)C(C)=C(C)C1=O|CCCCN|water|298.15,4,False,True,0.39999999999999997
d2_own_dft,46,*C#CC(=O)N([H])C([H])([H])[H].CC(=O)c1[nH+][c-](C)c(=O)o1|CCCCN|water|298.15,4,True,True,1.0
d2_own_dft,46,*C(=O)C#CF.CNC(=O)c1[nH+][c-](C#N)c(=O)o1|CCCCN|water|298.15,3,True,True,
d2_own_dft,46,*C([H])=C([H])[H].N#Cc1oc(=O)[c-](-c2ccccc2)[o+]1|CCCCO|water|298.15,3,True,True,
d2_own_dft,46,*C1=C(C([H])([H])[H])C2([H])C([H])([H])C([H])([H])C1([H])C2([H])[H].COC(=O)[N-][N+]#CC(C)=O|CCCNN|water|298.15,3,True,True,
d2_own_dft,46,*C(=C(C([H])([H])[H])C([H])([H])[H])C([H])([H])[H].COC(=O)[c-]1[nH+]c(C(C)=O)oc1=O|CCCCN|water|298.15,3,True,True,
d2_own_dft,46,*C#CC(=O)OC([H])([H])[H].CNC(=O)[c-]1c(=O)oc(C#N)[n+]1C|CCCCN|water|298.15,4,True,True,1.0
d2_own_dft,46,*C(=[O+][N-]C([H])([H])[H])c1c([H])c([H])c([H])c([H])c1[H].CNC(=O)C1=C(C#N)C2CCC1C2|CCCNO|water|298.15,4,False,False,-0.19999999999999998
d2_own_dft,46,*[C-]([O+]=C(C#N)C(=O)OC([H])([H])[H])C([H])([H])[H].CNC(=O)C1=C(F)C2CCC1C2|CCCCO|water|298.15,4,False,True,0.39999999999999997
d2_own_dft,46,*c1oc(=O)[c-](-c2c([H])c([H])c([H])c([H])c2[H])[n+]1C([H])([H])[H].CC(=O)C1=C(Cl)C2CCC1C2|CCCCN|water|298.15,4,True,True,0.7999999999999999
d2_own_dft,46,*c1oc(=O)[c-](C(=O)OC([H])([H])[H])[o+]1.CC(=O)C1=C(Br)C2CCC1C2|CCCCO|water|298.15,4,True,True,1.0
d2_own_dft,46,*C([H])=[N+]([C-](C#N)C(=O)C([H])([H])[H])C([H])([H])[H].N#CC1=C(c2ccccc2)C2CCC1C2|CCCCN|water|298.15,4,True,True,1.0
d2_own_dft,46,*C1=C([H])C2([H])C([H])([H])C([H])([H])C1([H])C2([H])[H].COC(=O)[C-](C)[O+]=C(c1ccccc1)c1ccccc1|CCCCO|water|298.15,3,True,True,
d2_own_dft,46,*C1=C(Br)C2([H])C([H])([H])C([H])([H])C1([H])C2([H])[H].CC(=O)c1[nH+][c-](-c2ccccc2)c(=O)o1|CCCCN|water|298.15,4,True,True,1.0
d2_own_dft,46,*C(c1c([H])c([H])c([H])c([H])c1[H])=[N+]([C-](C(=O)N([H])C([H])([H])[H])C([H])([H])[H])C([H])([H])[H].CC1=C(Br)C2C=CC1O2|CCCCN|water|298.15,7,True,True,0.9642857142857145
d2_own_dft,46,*C1=C(C(F)(F)F)C2([H])OC1([H])C([H])=C2[H].COC(=O)[C-]([N+]#CC(C)=O)c1ccccc1|CCCCN|water|298.15,5,True,True,0.8999999999999998
d2_own_dft,46,*C(=O)C1=C(Br)C2([H])OC1([H])C([H])=C2[H].CNC(=O)C(=[NH+][C-](C)C#N)C(=O)OC|CCCCN|water|298.15,8,False,True,0.9523809523809524
d2_own_dft,46,*C1(C([H])([H])[H])C#CC(c2c([H])c([H])c([H])c([H])c2[H])(c2c([H])c([H])c([H])c([H])c2[H])C([H])([H])C([H])([H])C([H])([H])C1([H])[H].CNC(=O)[C-](C#N)[NH+]=C(C)C#N|CCCCN|water|298.15,4,True,True,1.0
d2_own_dft,46,*[C-]([O+]=C(C(=O)N([H])C([H])([H])[H])c1c([H])c([H])c([H])c([H])c1[H])C([H])([H])[H].CNC(=O)C1=C(Br)C2CCC1C2|CCCCO|water|298.15,3,True,True,
d2_own_dft,46,*C1([H])C#CC(C(=O)OC([H])([H])[H])(C(=O)OC([H])([H])[H])C([H])([H])C([H])([H])C([H])([H])C1([H])[H].CC(=O)[c-]1c(=O)oc(-c2ccccc2)[n+]1C|CCCCN|water|298.15,4,True,True,1.0
d2_own_dft,46,*C1(c2c([H])c([H])c([H])c([H])c2[H])C#CC(c2c([H])c([H])c([H])c([H])c2[H])(c2c([H])c([H])c([H])c([H])c2[H])C([H])([H])C([H])([H])C([H])([H])C1([H])[H].C[C-]([N+]#N)c1ccccc1|CCCNN|water|298.15,3,True,True,
d2_own_dft,46,*C#[N+][C-]([H])c1c([H])c([H])c([H])c([H])c1[H].C=C|CCCCN|water|298.15,3,True,True,
d2_own_dft,46,*[C-]([H])[N+](=C(C#N)C([H])([H])[H])C([H])([H])[H].C/C=C\C|CCCCN|water|298.15,3,False,True,
d2_own_dft,46,*C([H])=C(C([H])([H])[H])C([H])([H])[H].C[c-]1[o+]noc1=O|CCCNO|water|298.15,4,True,True,0.7999999999999999
d2_own_dft,46,*[c-]1[o+]noc1=O.CC(C)=CC=O|CCCNO|water|298.15,4,True,True,1.0
d2_own_dft,46,*[C-]([N+]#CC(=O)OC([H])([H])[H])C([H])([H])[H].CC(C)=CC=O|CCCCN|water|298.15,6,True,True,1.0
d2_own_dft,46,*[C-]([H])[N+]#CC(=O)C([H])([H])[H].CC(C)=CC=O|CCCCN|water|298.15,4,True,True,1.0
d2_own_dft,46,*[C-]([N+]#CC(=O)C([H])([H])[H])C(=O)C([H])([H])[H].CC(C)=CC=O|CCCCN|water|298.15,3,True,True,
d2_own_dft,46,*C#[N+][C-](c1c([H])c([H])c([H])c([H])c1[H])C([H])([H])[H].C/C=C\C|CCCCN|water|298.15,4,True,True,1.0
d2_own_dft,46,*C#[N+][C-](C([H])([H])[H])C([H])([H])[H].C=C(C)/C=C/C=C(C)C|CCCCN|water|298.15,9,True,True,0.26666666666666666
d2_own_dft,46,*C(C(=O)C([H])([H])[H])=[N+]([C-]([H])C([H])([H])[H])C([H])([H])[H].CC(C)=CC=O|CCCCN|water|298.15,4,True,True,0.7999999999999999
d2_own_dft,46,*C#[N+][C-](C#N)C(=O)C([H])([H])[H].CC(C)=C(C)C|CCCCN|water|298.15,3,True,True,
d2_own_dft,46,*C(C#N)=[N+]([H])[N-]C(=O)C([H])([H])[H].CC(C)=CC=O|CCCNN|water|298.15,4,True,True,1.0
d2_own_dft,46,*C(C(=O)OC([H])([H])[H])=[N+]([H])[N-]C#N.CC(C)=CC=O|CCCNN|water|298.15,4,True,True,0.39999999999999997
d2_own_dft,46,*C(=O)[c-]1c(=O)oc(C([H])([H])[H])[n+]1[H].CC(C)=CC=O|CCCCN|water|298.15,3,True,True,
d2_own_dft,46,*[c-]1[o+]noc1=O.C=C(C)/C=C/C=C(C)C|CCCNO|water|298.15,8,True,True,0.5714285714285715
d2_own_dft,46,*[N-][N+]#CC([H])([H])[H].C=C(C)/C=C/C=C(C)C|CCCNN|water|298.15,7,True,True,0.9642857142857145
d2_own_dft,46,*[C-]([N+]#CC(=O)C([H])([H])[H])c1c([H])c([H])c([H])c([H])c1[H].C/C=C\C|CCCCN|water|298.15,3,False,True,
d2_own_dft,46,*C([H])=C(C([H])([H])[H])C([H])([H])[H].CNC(=O)[c-]1[nH+]c(C)oc1=O|CCCCN|water|298.15,4,True,True,1.0
d2_own_dft,46,*c1oc(=O)[c-](C(=O)N([H])C([H])([H])[H])[n+]1[H].CC(C)=CC=O|CCCCN|water|298.15,4,True,True,1.0
d2_own_dft,46,*[C-]([N+]#CC(=O)C([H])([H])[H])c1c([H])c([H])c([H])c([H])c1[H].CC(C)=CC=O|CCCCN|water|298.15,5,True,True,0.7
d2_own_dft,46,*c1oc(=O)[c-](C([H])([H])[H])[n+]1[H].C=C(C)/C=C/C=C(C)C|CCCCN|water|298.15,18,True,True,0.9029927760577915
d2_own_dft,46,*[C-]([N+]#N)C(=O)OC([H])([H])[H].C=C(C)/C=C/C=C(C)C|CCCNN|water|298.15,9,True,True,0.9
d2_own_dft,46,*c1oc(=O)[c-](C([H])([H])[H])[n+]1[H].CN1C=CCC(C(N)=O)=C1|CCCCN|water|298.15,6,True,True,1.0
d2_own_dft,46,*[c-]1c(=O)oc(C([H])([H])[H])[n+]1[H].CN1C=CCC(C(N)=O)=C1|CCCCN|water|298.15,12,False,True,0.9580419580419581
d2_own_dft,46,*[C-]([N+]#CC(=O)OC([H])([H])[H])C([H])([H])[H].C=C(C)/C=C/C=C(C)C|CCCCN|water|298.15,15,False,True,0.825
d2_own_dft,46,*C#[N+][N-]c1c([H])c([H])c([H])c([H])c1[H].C=C(C)/C=C/C=C(C)C|CCCNN|water|298.15,3,False,True,
d2_own_dft,46,*[C-](C(=O)N([H])C([H])([H])[H])[N+]([H])=C(C(=O)N([H])C([H])([H])[H])C([H])([H])[H].CC(C)=CC=O|CCCCN|water|298.15,4,True,True,1.0
d2_own_dft,46,*C([H])=C(C([H])([H])[H])C([H])([H])[H].C[c-]1[nH+]c(-c2ccccc2)oc1=O|CCCCN|water|298.15,3,True,True,
d2_own_dft,46,*[c-]1[o+]c(C#N)oc1=O.CN1C=CCC(C(N)=O)=C1|CCCCO|water|298.15,5,True,True,0.8999999999999998
d2_own_dft,46,*[C-]([N+]#CC#N)C(=O)OC([H])([H])[H].C=C(C)/C=C/C=C(C)C|CCCCN|water|298.15,14,True,True,0.8593406593406594
d2_own_dft,46,*C([H])=C(C([H])([H])[H])C([H])([H])[H].COC(=O)[N-][NH+]=Cc1ccccc1|CCCNN|water|298.15,3,True,True,
d2_own_dft,46,*[N+]([N-]C(=O)OC([H])([H])[H])=C([H])c1c([H])c([H])c([H])c([H])c1[H].CC(C)=CC=O|CCCNN|water|298.15,3,True,True,
d2_own_dft,46,*C(=O)C#[N+][C-](C(=O)C([H])([H])[H])C([H])([H])[H].C=C(C)/C=C/C=C(C)C|CCCCN|water|298.15,8,True,True,0.07142857142857144
d2_own_dft,46,*[C-]([N+]#CC(=O)C([H])([H])[H])C(=O)C([H])([H])[H].C=C(C)/C=C/C=C(C)C|CCCCN|water|298.15,8,True,True,0.6904761904761906
d2_own_dft,46,*C(C(=O)OC([H])([H])[H])=[N+]([H])[C-]([H])C#N.C=C(C)/C=C/C=C(C)C|CCCCN|water|298.15,12,True,True,0.9720279720279721
d2_own_dft,46,*C(C(=O)N([H])C([H])([H])[H])=[N+]([C-]([H])C#N)C([H])([H])[H].CC(C)=CC=O|CCCCN|water|298.15,4,True,True,1.0
d2_own_dft,46,*[C-]([H])[N+](=C(C(=O)N([H])C([H])([H])[H])C(=O)C([H])([H])[H])C([H])([H])[H].CC(C)=CC=O|CCCCN|water|298.15,4,True,True,0.7999999999999999
d2_own_dft,46,*[C-](C#N)[N+]#CC(=O)OC([H])([H])[H].CN1C=CCC(C(N)=O)=C1|CCCCN|water|298.15,5,True,True,0.8999999999999998
d2_own_dft,46,*[C-]([N+]#CC#N)C([H])([H])[H].COC1=C(OC)C(=O)C(C)=C(C)C1=O|CCCCN|water|298.15,4,True,True,0.39999999999999997
d2_own_dft,46,*[C-](C#N)[N+]([H])=C(C(=O)N([H])C([H])([H])[H])C([H])([H])[H].CN1C=CCC(C(N)=O)=C1|CCCCN|water|298.15,7,True,True,1.0
d2_own_dft,46,*C([H])=C(C([H])([H])[H])C([H])([H])[H].C[CH-][N+](C)=C(C(C)=O)c1ccccc1|CCCCN|water|298.15,4,True,True,1.0
d2_own_dft,46,*C([H])=[N+]([C-](c1c([H])c([H])c([H])c([H])c1[H])C([H])([H])[H])C([H])([H])[H].C=C(C)/C=C/C=C(C)C|CCCCN|water|298.15,15,True,True,0.982142857142857
d2_own_dft,46,*C([H])=[O+][N-]C(=O)OC([H])([H])[H].CN1C=CCC(C(N)=O)=C1|CCCNO|water|298.15,4,True,True,1.0
d2_own_dft,46,*[C-](C#N)[N+](=C(C(=O)N([H])C([H])([H])[H])C(=O)N([H])C([H])([H])[H])C([H])([H])[H].CC(C)=CC=O|CCCCN|water|298.15,4,True,True,1.0
d2_own_dft,46,*c1oc(=O)[c-](C(=O)N([H])C([H])([H])[H])[n+]1[H].C=C(C)/C=C/C=C(C)C|CCCCN|water|298.15,11,True,True,0.9545454545454546
d2_own_dft,46,*C([H])=C(C([H])([H])[H])C([H])([H])[H].CC(=O)C#[N+][C-](C(C)=O)c1ccccc1|CCCCN|water|298.15,3,True,True,
d2_own_dft,46,*C(=O)C#[N+][C-](C(=O)C([H])([H])[H])c1c([H])c([H])c([H])c([H])c1[H].CC(C)=CC=O|CCCCN|water|298.15,3,False,True,
d2_own_dft,46,*C(=O)[C-]([N+]#CC#N)C(=O)C([H])([H])[H].C=C(C)/C=C/C=C(C)C|CCCCN|water|298.15,8,True,True,0.8333333333333335
d2_own_dft,46,*[C-]([N+]#CC#N)C(=O)C([H])([H])[H].C=C(C)/C=C/C=C(C)C|CCCCN|water|298.15,12,False,True,0.9230769230769231
d2_own_dft,46,*C#[N+][C-](C(=O)OC([H])([H])[H])C(=O)C([H])([H])[H].C=C(C)/C=C/C=C(C)C|CCCCN|water|298.15,10,True,True,0.9393939393939393
d2_own_dft,46,*C(C(=O)C([H])([H])[H])=[N+]([H])[N-]c1c([H])c([H])c([H])c([H])c1[H].C=C(C)/C=C/C=C(C)C|CCCNN|water|298.15,10,True,True,0.9636363636363635
d2_own_dft,46,*[C-]([N+]#CC#N)C(=O)N([H])C([H])([H])[H].C=C(C)/C=C/C=C(C)C|CCCCN|water|298.15,8,False,True,0.9047619047619048
d2_own_dft,46,*C(c1c([H])c([H])c([H])c([H])c1[H])=[N+]([N-][H])C([H])([H])[H].CN1C=CCC(C(N)=O)=C1|CCCNN|water|298.15,5,True,True,0.9999999999999999
d2_own_dft,46,*c1oc(=O)[c-](C(=O)N([H])C([H])([H])[H])[o+]1.C=C(C)/C=C/C=C(C)C|CCCCO|water|298.15,12,False,True,0.8881118881118882
d2_own_dft,46,*[c-]1c(=O)oc(C(=O)C([H])([H])[H])[n+]1C([H])([H])[H].CN1C=CCC(C(N)=O)=C1|CCCCN|water|298.15,10,True,True,0.9878787878787878
d2_own_dft,46,*[N-][N+]#CC(=O)N([H])C([H])([H])[H].COC1=C(OC)C(=O)C(C)=C(C)C1=O|CCCNN|water|298.15,3,False,True,
d2_own_dft,46,*C#[N+][C-](C#N)C([H])([H])[H].COC1=C(OC)C(=O)C(C)=C(C)C1=O|CCCCN|water|298.15,6,False,False,-0.3142857142857143
d2_own_dft,46,*C(C#N)=[N+]([C-](C(=O)N([H])C([H])([H])[H])C([H])([H])[H])C([H])([H])[H].CC(C)=CC=O|CCCCN|water|298.15,4,True,True,1.0
d2_own_dft,46,*C(=[O+][N-]C(=O)OC([H])([H])[H])C(=O)N([H])C([H])([H])[H].CN1C=CCC(C(N)=O)=C1|CCCNO|water|298.15,3,True,True,
d2_own_dft,46,*C#[N+][C-](C(=O)N([H])C([H])([H])[H])c1c([H])c([H])c([H])c([H])c1[H].CC(C)=CC=O|CCCCN|water|298.15,4,False,True,0.7999999999999999
d2_own_dft,46,*[C-](C(=O)N([H])C([H])([H])[H])[N+](=C(C#N)C#N)C([H])([H])[H].CN1C=CCC(C(N)=O)=C1|CCCCN|water|298.15,8,True,True,1.0
d2_own_dft,46,*[C-](C(=O)OC([H])([H])[H])[N+]([H])=C(C(=O)N([H])C([H])([H])[H])C(=O)N([H])C([H])([H])[H].CC(C)=CC=O|CCCCN|water|298.15,4,True,True,0.39999999999999997
d2_own_dft,46,*[C-]([N+]#CC#N)C(=O)N([H])C([H])([H])[H].CN1C=CCC(C(N)=O)=C1|CCCCN|water|298.15,4,True,True,1.0
d2_own_dft,46,*C#[N+][C-](C(=O)OC([H])([H])[H])c1c([H])c([H])c([H])c([H])c1[H].C=C(C)/C=C/C=C(C)C|CCCCN|water|298.15,7,False,True,0.9642857142857145
d2_own_dft,46,*[c-]1c(=O)oc(-c2c([H])c([H])c([H])c([H])c2[H])[n+]1[H].C=C(C)/C=C/C=C(C)C|CCCCN|water|298.15,18,True,True,0.9401444788441692
d2_own_dft,46,*C(=O)C#[N+][N-]C#N.COC1=C(OC)C(=O)C(C)=C(C)C1=O|CCCNN|water|298.15,3,True,True,
d2_own_dft,46,*[C-](C(=O)N([H])C([H])([H])[H])[N+](=C(C#N)c1c([H])c([H])c([H])c([H])c1[H])C([H])([H])[H].CC(C)=CC=O|CCCCN|water|298.15,4,True,True,1.0
d2_own_dft,46,*C#[N+][C-](C(=O)OC([H])([H])[H])C(=O)OC([H])([H])[H].C=C(C)/C=C/C=C(C)C|CCCCN|water|298.15,6,True,True,0.8285714285714287
d2_own_dft,46,*C([H])=[O+][C-](C#N)c1c([H])c([H])c([H])c([H])c1[H].CN1C=CCC(C(N)=O)=C1|CCCCO|water|298.15,5,True,True,0.8999999999999998
d2_own_dft,46,*C(=O)[C-]([N+]#CC#N)c1c([H])c([H])c([H])c([H])c1[H].C=C(C)/C=C/C=C(C)C|CCCCN|water|298.15,9,False,True,0.5166666666666667
d2_own_dft,46,*C#[N+][C-](C(=O)C([H])([H])[H])c1c([H])c([H])c([H])c([H])c1[H].C=C(C)/C=C/C=C(C)C|CCCCN|water|298.15,9,True,True,0.9333333333333332
d2_own_dft,46,*c1oc(=O)[c-](C(=O)OC([H])([H])[H])[n+]1C([H])([H])[H].CN1C=CCC(C(N)=O)=C1|CCCCN|water|298.15,11,True,True,0.990909090909091
d2_own_dft,46,*c1oc(=O)[c-](-c2c([H])c([H])c([H])c([H])c2[H])[n+]1[H].CN1C=CCC(C(N)=O)=C1|CCCCN|water|298.15,7,True,True,1.0
d2_own_dft,46,*C(=[N+]([H])[C-](C#N)c1c([H])c([H])c([H])c([H])c1[H])C([H])([H])[H].CN1C=CCC(C(N)=O)=C1|CCCCN|water|298.15,8,False,True,0.5714285714285715
d2_own_dft,46,*[C-](c1c([H])c([H])c([H])c([H])c1[H])[N+]([H])=C(C([H])([H])[H])C([H])([H])[H].CN1C=CCC(C(N)=O)=C1|CCCCN|water|298.15,8,True,True,0.7619047619047621
d2_own_dft,46,*[C-]([O+]=C([H])C(=O)C([H])([H])[H])c1c([H])c([H])c([H])c([H])c1[H].C=C(C)/C=C/C=C(C)C|CCCCO|water|298.15,10,True,True,0.8787878787878788
d2_own_dft,46,*[N-][O+]=C(C(=O)OC([H])([H])[H])C(=O)N([H])C([H])([H])[H].CN1C=CCC(C(N)=O)=C1|CCCNO|water|298.15,4,False,True,0.7999999999999999
d2_own_dft,46,*[c-]1c(=O)oc(C#N)[n+]1C([H])([H])[H].CN1C=CCC(C(N)=O)=C1|CCCCN|water|298.15,7,True,True,0.9642857142857145
d2_own_dft,46,*[N-][O+]=C([H])c1c([H])c([H])c([H])c([H])c1[H].CN1C=CCC(C(N)=O)=C1|CCCNO|water|298.15,5,True,True,0.6
d2_own_dft,46,*C(C(=O)OC([H])([H])[H])=[N+]([H])[C-](C#N)C#N.C=C(C)/C=C/C=C(C)C|CCCCN|water|298.15,11,False,True,0.9272727272727275
d2_own_dft,46,*[C-]([O+]=C([H])c1c([H])c([H])c([H])c([H])c1[H])C(=O)OC([H])([H])[H].C=C(C)/C=C/C=C(C)C|CCCCO|water|298.15,10,True,True,0.9515151515151514
d2_own_dft,46,*[c-]1[o+]c(C(=O)OC([H])([H])[H])oc1=O.CN1C=CCC(C(N)=O)=C1|CCCCO|water|298.15,6,True,True,0.942857142857143
d2_own_dft,46,*C(c1c([H])c([H])c([H])c([H])c1[H])=[N+]([C-](C#N)C#N)C([H])([H])[H].CN1C=CCC(C(N)=O)=C1|CCCCN|water|298.15,10,False,True,0.8545454545454544
d2_own_dft,46,*C([H])=C(C([H])([H])[H])C([H])([H])[H].CNC(=O)C(=[O+][N-]c1ccccc1)C(=O)OC|CCCNO|water|298.15,4,False,True,0.7999999999999999
d2_own_dft,46,*C([H])=C(C([H])([H])[H])C([H])([H])[H].COC(=O)[CH-][O+]=C(C(=O)OC)c1ccccc1|CCCCO|water|298.15,4,True,True,1.0
d2_own_dft,46,*C#[N+][C-](C(=O)C([H])([H])[H])C(=O)C([H])([H])[H].CN1C=CCC(C(N)=O)=C1|CCCCN|water|298.15,4,True,True,1.0
d2_own_dft,46,*[C-]([N+]#CC(=O)N([H])C([H])([H])[H])C(=O)OC([H])([H])[H].C=C(C)/C=C/C=C(C)C|CCCCN|water|298.15,10,True,True,0.9878787878787878
d2_own_dft,46,*C(c1c([H])c([H])c([H])c([H])c1[H])=[N+]([N-]C(=O)C([H])([H])[H])C([H])([H])[H].C=C(C)/C=C/C=C(C)C|CCCNN|water|298.15,7,True,True,0.8928571428571429
d2_own_dft,46,*[C-]([H])[O+]=C(C(=O)OC([H])([H])[H])c1c([H])c([H])c([H])c([H])c1[H].C=C(C)/C=C/C=C(C)C|CCCCO|water|298.15,10,False,True,0.8060606060606059
d2_own_dft,46,*[C-]([N+]#Cc1c([H])c([H])c([H])c([H])c1[H])c1c([H])c([H])c([H])c([H])c1[H].CN1C=CCC(C(N)=O)=C1|CCCCN|water|298.15,7,True,True,0.6785714285714287
d2_own_dft,46,*C#[N+][C-](c1c([H])c([H])c([H])c([H])c1[H])c1c([H])c([H])c([H])c([H])c1[H].CN1C=CCC(C(N)=O)=C1|CCCCN|water|298.15,9,False,False,0.39999999999999997
d2_own_dft,46,*C(=[N+]([H])[C-](C(=O)N([H])C([H])([H])[H])C(=O)N([H])C([H])([H])[H])C([H])([H])[H].CN1C=CCC(C(N)=O)=C1|CCCCN|water|298.15,7,False,True,0.8571428571428573
d2_own_dft,46,*c1oc(=O)[c-](-c2c([H])c([H])c([H])c([H])c2[H])[n+]1C([H])([H])[H].CN1C=CCC(C(N)=O)=C1|CCCCN|water|298.15,8,True,True,0.9761904761904763
d2_own_dft,46,*[n+]1c(-c2c([H])c([H])c([H])c([H])c2[H])oc(=O)[c-]1C(=O)N([H])C([H])([H])[H].C=C(C)/C=C/C=C(C)C|CCCCN|water|298.15,11,True,True,0.9090909090909091
d2_own_dft,46,*C(=[O+][C-](C#N)C#N)C(=O)OC([H])([H])[H].CN1C=CCC(C(N)=O)=C1|CCCCO|water|298.15,5,True,True,0.9999999999999999
d2_own_dft,46,*[C-]([N+]#Cc1c([H])c([H])c([H])c([H])c1[H])C([H])([H])[H].COC1=C(OC)C(=O)C(C)=C(C)C1=O|CCCCN|water|298.15,3,True,True,
d2_own_dft,46,*C(=[O+][C-](C(=O)N([H])C([H])([H])[H])C(=O)N([H])C([H])([H])[H])c1c([H])c([H])c([H])c([H])c1[H].CC(C)=CC=O|CCCCO|water|298.15,4,True,True,1.0
d2_own_dft,46,*C(=O)C#[N+][C-](C(=O)OC([H])([H])[H])C(=O)OC([H])([H])[H].CN1C=CCC(C(N)=O)=C1|CCCCN|water|298.15,6,True,True,0.942857142857143
d2_own_dft,46,*C(C(=O)OC([H])([H])[H])=[N+]([N-]C([H])([H])[H])C([H])([H])[H].COC1=C(OC)C(=O)C(C)=C(C)C1=O|CCCNN|water|298.15,4,True,True,0.39999999999999997
d2_own_dft,46,*C(=[O+][C-](C#N)C(=O)OC([H])([H])[H])c1c([H])c([H])c([H])c([H])c1[H].CN1C=CCC(C(N)=O)=C1|CCCCO|water|298.15,7,True,True,0.8928571428571429
d2_own_dft,46,*C(=O)c1oc(=O)[c-](-c2c([H])c([H])c([H])c([H])c2[H])[o+]1.CN1C=CCC(C(N)=O)=C1|CCCCO|water|298.15,7,True,True,0.9285714285714288
d2_own_dft,46,*c1oc(=O)[c-](-c2c([H])c([H])c([H])c([H])c2[H])[o+]1.CN1C=CCC(C(N)=O)=C1|CCCCO|water|298.15,11,True,True,0.9727272727272729
d2_own_dft,46,*[C-](C(=O)C([H])([H])[H])[N+](=C([H])C(=O)OC([H])([H])[H])C([H])([H])[H].CN1C=CCC(C(N)=O)=C1|CCCCN|water|298.15,7,True,True,0.9285714285714288
d2_own_dft,46,*C(C(=O)OC([H])([H])[H])=[N+]([C-](C(=O)C([H])([H])[H])C([H])([H])[H])C([H])([H])[H].CN1C=CCC(C(N)=O)=C1|CCCCN|water|298.15,5,True,True,0.8999999999999998
d2_own_dft,46,*[N+](=C(C(=O)N([H])C([H])([H])[H])c1c([H])c([H])c([H])c([H])c1[H])[C-](C(=O)OC([H])([H])[H])C(=O)C([H])([H])[H].CC(C)=CC=O|CCCCN|water|298.15,4,True,True,1.0
d2_own_dft,46,*[C-](C#N)[O+]=C(C(=O)OC([H])([H])[H])c1c([H])c([H])c([H])c([H])c1[H].CN1C=CCC(C(N)=O)=C1|CCCCO|water|298.15,6,True,True,0.7714285714285715
d2_own_dft,46,*[N+](=C([H])C(=O)N([H])C([H])([H])[H])[C-](C#N)C(=O)C([H])([H])[H].COC1=C(OC)C(=O)C(C)=C(C)C1=O|CCCCN|water|298.15,4,False,True,0.19999999999999998
d2_own_dft,46,*C(=O)[C-]([N+](=C(C#N)C([H])([H])[H])C([H])([H])[H])C([H])([H])[H].COC1=C(OC)C(=O)C(C)=C(C)C1=O|CCCCN|water|298.15,4,False,True,0.0
d2_own_dft,46,*C(=[O+][C-]([H])C(=O)OC([H])([H])[H])C([H])([H])[H].COC1=C(OC)C(=O)C(C)=C(C)C1=O|CCCCO|water|298.15,3,True,True,
d2_own_dft,46,*c1oc(=O)[c-](-c2c([H])c([H])c([H])c([H])c2[H])[o+]1.COC1=C(OC)C(=O)C(C)=C(C)C1=O|CCCCO|water|298.15,4,False,True,0.7999999999999999
d2_own_dft,46,*c1oc(=O)[c-](C(=O)OC([H])([H])[H])[o+]1.COC1=C(OC)C(=O)C(C)=C(C)C1=O|CCCCO|water|298.15,4,False,True,0.39999999999999997
d2_own_dft,46,*[c-]1[o+]c(C(=O)N([H])C([H])([H])[H])oc1=O.COC1=C(OC)C(=O)C(C)=C(C)C1=O|CCCCO|water|298.15,6,True,True,0.7714285714285715
d2_own_dft,46,*[C-](C(=O)C([H])([H])[H])[N+](=C(C(=O)N([H])C([H])([H])[H])c1c([H])c([H])c([H])c([H])c1[H])C([H])([H])[H].CC(C)=CC=O|CCCCN|water|298.15,4,False,True,0.7999999999999999
d2_own_dft,46,*[C-](C(=O)OC([H])([H])[H])[N+]([H])=C(C(=O)N([H])C([H])([H])[H])C([H])([H])[H].COC1=C(OC)C(=O)C(C)=C(C)C1=O|CCCCN|water|298.15,4,False,True,0.7999999999999999
d2_own_dft,46,*[c-]1c(=O)oc(-c2c([H])c([H])c([H])c([H])c2[H])[n+]1C([H])([H])[H].COC1=C(OC)C(=O)C(C)=C(C)C1=O|CCCCN|water|298.15,4,True,True,0.7999999999999999
d2_own_dft,46,*[C-](C(=O)OC([H])([H])[H])[N+](=C(C(=O)OC([H])([H])[H])c1c([H])c([H])c([H])c([H])c1[H])C([H])([H])[H].C=C(C)/C=C/C=C(C)C|CCCCN|water|298.15,10,True,True,0.9515151515151514
d2_own_dft,46,*[c-]1[o+]c(C(=O)OC([H])([H])[H])oc1=O.COC1=C(OC)C(=O)C(C)=C(C)C1=O|CCCCO|water|298.15,4,False,False,-0.7999999999999999
d2_own_dft,46,*c1oc(=O)[c-](C(=O)N([H])C([H])([H])[H])[o+]1.COC1=C(OC)C(=O)C(C)=C(C)C1=O|CCCCO|water|298.15,4,True,True,1.0
d2_own_dft,46,*C(c1c([H])c([H])c([H])c([H])c1[H])=[N+]([H])[C-](C#N)C(=O)N([H])C([H])([H])[H].COC1=C(OC)C(=O)C(C)=C(C)C1=O|CCCCN|water|298.15,4,False,True,0.39999999999999997
d2_own_dft,46,*C(=O)C(C(=O)OC([H])([H])[H])=[N+]([H])[C-](C(=O)OC([H])([H])[H])c1c([H])c([H])c([H])c([H])c1[H].C=C(C)/C=C/C=C(C)C|CCCCN|water|298.15,11,False,True,0.9
d2_own_dft,46,*[C-]([O+]=C(C(=O)N([H])C([H])([H])[H])c1c([H])c([H])c([H])c([H])c1[H])C(=O)N([H])C([H])([H])[H].COC1=C(OC)C(=O)C(C)=C(C)C1=O|CCCCO|water|298.15,3,False,True,
d2_own_dft,46,*[C-](c1c([H])c([H])c([H])c([H])c1[H])[N+](=C(C#N)c1c([H])c([H])c([H])c([H])c1[H])C([H])([H])[H].COC1=C(OC)C(=O)C(C)=C(C)C1=O|CCCCN|water|298.15,4,True,True,1.0
d2_own_dft,46,*C(=[O+][C-](c1c([H])c([H])c([H])c([H])c1[H])C([H])([H])[H])C(=O)C([H])([H])[H].COC1=C(OC)C(=O)C(C)=C(C)C1=O|CCCCO|water|298.15,4,True,True,0.7999999999999999
d2_own_dft,46,*[C-](C#N)[N+](=C(C(=O)N([H])C([H])([H])[H])c1c([H])c([H])c([H])c([H])c1[H])C([H])([H])[H].COC1=C(OC)C(=O)C(C)=C(C)C1=O|CCCCN|water|298.15,4,False,True,0.39999999999999997
elst_dft,42,*C#CC(=O)N([H])C([H])([H])[H].CC(=O)c1[nH+][c-](C)c(=O)o1|CCCCN|water|298.15,4,False,True,0.39999999999999997
elst_dft,42,*C(=O)C#CF.CNC(=O)c1[nH+][c-](C#N)c(=O)o1|CCCCN|water|298.15,3,True,True,
elst_dft,42,*C([H])=C([H])[H].N#Cc1oc(=O)[c-](-c2ccccc2)[o+]1|CCCCO|water|298.15,3,False,True,
elst_dft,42,*C1=C(C([H])([H])[H])C2([H])C([H])([H])C([H])([H])C1([H])C2([H])[H].COC(=O)[N-][N+]#CC(C)=O|CCCNN|water|298.15,3,False,True,
elst_dft,42,*C(=C(C([H])([H])[H])C([H])([H])[H])C([H])([H])[H].COC(=O)[c-]1[nH+]c(C(C)=O)oc1=O|CCCCN|water|298.15,3,True,True,
elst_dft,42,*C#CC(=O)OC([H])([H])[H].CNC(=O)[c-]1c(=O)oc(C#N)[n+]1C|CCCCN|water|298.15,4,True,True,1.0
elst_dft,42,*C(=[O+][N-]C([H])([H])[H])c1c([H])c([H])c([H])c([H])c1[H].CNC(=O)C1=C(C#N)C2CCC1C2|CCCNO|water|298.15,4,False,True,0.7999999999999999
elst_dft,42,*[C-]([O+]=C(C#N)C(=O)OC([H])([H])[H])C([H])([H])[H].CNC(=O)C1=C(F)C2CCC1C2|CCCCO|water|298.15,4,False,True,0.7999999999999999
elst_dft,42,*c1oc(=O)[c-](-c2c([H])c([H])c([H])c([H])c2[H])[n+]1C([H])([H])[H].CC(=O)C1=C(Cl)C2CCC1C2|CCCCN|water|298.15,4,True,True,1.0
elst_dft,42,*c1oc(=O)[c-](C(=O)OC([H])([H])[H])[o+]1.CC(=O)C1=C(Br)C2CCC1C2|CCCCO|water|298.15,4,True,True,1.0
elst_dft,42,*C([H])=[N+]([C-](C#N)C(=O)C([H])([H])[H])C([H])([H])[H].N#CC1=C(c2ccccc2)C2CCC1C2|CCCCN|water|298.15,4,True,True,1.0
elst_dft,42,*C1=C([H])C2([H])C([H])([H])C([H])([H])C1([H])C2([H])[H].COC(=O)[C-](C)[O+]=C(c1ccccc1)c1ccccc1|CCCCO|water|298.15,3,True,True,
elst_dft,42,*C1=C(Br)C2([H])C([H])([H])C([H])([H])C1([H])C2([H])[H].CC(=O)c1[nH+][c-](-c2ccccc2)c(=O)o1|CCCCN|water|298.15,4,False,True,0.39999999999999997
elst_dft,42,*C(c1c([H])c([H])c([H])c([H])c1[H])=[N+]([C-](C(=O)N([H])C([H])([H])[H])C([H])([H])[H])C([H])([H])[H].CC1=C(Br)C2C=CC1O2|CCCCN|water|298.15,7,True,True,0.9642857142857145
elst_dft,42,*C1=C(C(F)(F)F)C2([H])OC1([H])C([H])=C2[H].COC(=O)[C-]([N+]#CC(C)=O)c1ccccc1|CCCCN|water|298.15,5,True,True,0.7
elst_dft,42,*C(=O)C1=C(Br)C2([H])OC1([H])C([H])=C2[H].CNC(=O)C(=[NH+][C-](C)C#N)C(=O)OC|CCCCN|water|298.15,8,False,True,0.9047619047619048
elst_dft,42,*C1(C([H])([H])[H])C#CC(c2c([H])c([H])c([H])c([H])c2[H])(c2c([H])c([H])c([H])c([H])c2[H])C([H])([H])C([H])([H])C([H])([H])C1([H])[H].CNC(=O)[C-](C#N)[NH+]=C(C)C#N|CCCCN|water|298.15,4,False,True,0.39999999999999997
elst_dft,42,*[C-]([O+]=C(C(=O)N([H])C([H])([H])[H])c1c([H])c([H])c([H])c([H])c1[H])C([H])([H])[H].CNC(=O)C1=C(Br)C2CCC1C2|CCCCO|water|298.15,3,True,True,
elst_dft,42,*C1([H])C#CC(C(=O)OC([H])([H])[H])(C(=O)OC([H])([H])[H])C([H])([H])C([H])([H])C([H])([H])C1([H])[H].CC(=O)[c-]1c(=O)oc(-c2ccccc2)[n+]1C|CCCCN|water|298.15,4,True,True,0.39999999999999997
elst_dft,42,*C1(c2c([H])c([H])c([H])c([H])c2[H])C#CC(c2c([H])c([H])c([H])c([H])c2[H])(c2c([H])c([H])c([H])c([H])c2[H])C([H])([H])C([H])([H])C([H])([H])C1([H])[H].C[C-]([N+]#N)c1ccccc1|CCCNN|water|298.15,3,True,True,
elst_dft,42,*C#[N+][C-]([H])c1c([H])c([H])c([H])c([H])c1[H].C=C|CCCCN|water|298.15,3,True,True,
elst_dft,42,*[C-]([H])[N+](=C(C#N)C([H])([H])[H])C([H])([H])[H].C/C=C\C|CCCCN|water|298.15,3,False,True,
elst_dft,42,*C([H])=C(C([H])([H])[H])C([H])([H])[H].C[c-]1[o+]noc1=O|CCCNO|water|298.15,4,False,True,0.7999999999999999
elst_dft,42,*[c-]1[o+]noc1=O.CC(C)=CC=O|CCCNO|water|298.15,4,True,True,1.0
elst_dft,42,*[C-]([N+]#CC(=O)OC([H])([H])[H])C([H])([H])[H].CC(C)=CC=O|CCCCN|water|298.15,6,True,True,0.6
elst_dft,42,*[C-]([H])[N+]#CC(=O)C([H])([H])[H].CC(C)=CC=O|CCCCN|water|298.15,4,True,True,0.7999999999999999
elst_dft,42,*[C-]([N+]#CC(=O)C([H])([H])[H])C(=O)C([H])([H])[H].CC(C)=CC=O|CCCCN|water|298.15,3,True,True,
elst_dft,42,*C#[N+][C-](c1c([H])c([H])c([H])c([H])c1[H])C([H])([H])[H].C/C=C\C|CCCCN|water|298.15,4,True,True,0.39999999999999997
elst_dft,42,*C#[N+][C-](C([H])([H])[H])C([H])([H])[H].C=C(C)/C=C/C=C(C)C|CCCCN|water|298.15,9,False,False,0.6666666666666667
elst_dft,42,*C(C(=O)C([H])([H])[H])=[N+]([C-]([H])C([H])([H])[H])C([H])([H])[H].CC(C)=CC=O|CCCCN|water|298.15,4,True,True,0.39999999999999997
elst_dft,42,*C#[N+][C-](C#N)C(=O)C([H])([H])[H].CC(C)=C(C)C|CCCCN|water|298.15,3,True,True,
elst_dft,42,*C(C#N)=[N+]([H])[N-]C(=O)C([H])([H])[H].CC(C)=CC=O|CCCNN|water|298.15,4,False,True,0.7999999999999999
elst_dft,42,*C(C(=O)OC([H])([H])[H])=[N+]([H])[N-]C#N.CC(C)=CC=O|CCCNN|water|298.15,4,True,True,1.0
elst_dft,42,*C(=O)[c-]1c(=O)oc(C([H])([H])[H])[n+]1[H].CC(C)=CC=O|CCCCN|water|298.15,3,False,True,
elst_dft,42,*[c-]1[o+]noc1=O.C=C(C)/C=C/C=C(C)C|CCCNO|water|298.15,8,True,True,0.6428571428571429
elst_dft,42,*[N-][N+]#CC([H])([H])[H].C=C(C)/C=C/C=C(C)C|CCCNN|water|298.15,7,True,True,0.6071428571428572
elst_dft,42,*[C-]([N+]#CC(=O)C([H])([H])[H])c1c([H])c([H])c([H])c([H])c1[H].C/C=C\C|CCCCN|water|298.15,3,True,True,
elst_dft,42,*C([H])=C(C([H])([H])[H])C([H])([H])[H].CNC(=O)[c-]1[nH+]c(C)oc1=O|CCCCN|water|298.15,4,True,True,0.7999999999999999
elst_dft,42,*c1oc(=O)[c-](C(=O)N([H])C([H])([H])[H])[n+]1[H].CC(C)=CC=O|CCCCN|water|298.15,4,True,True,1.0
elst_dft,42,*[C-]([N+]#CC(=O)C([H])([H])[H])c1c([H])c([H])c([H])c([H])c1[H].CC(C)=CC=O|CCCCN|water|298.15,5,False,True,0.8999999999999998
elst_dft,42,*c1oc(=O)[c-](C([H])([H])[H])[n+]1[H].C=C(C)/C=C/C=C(C)C|CCCCN|water|298.15,18,False,False,0.5459236326109391
elst_dft,42,*[C-]([N+]#N)C(=O)OC([H])([H])[H].C=C(C)/C=C/C=C(C)C|CCCNN|water|298.15,9,True,True,0.9333333333333332
elst_dft,42,*c1oc(=O)[c-](C([H])([H])[H])[n+]1[H].CN1C=CCC(C(N)=O)=C1|CCCCN|water|298.15,6,False,True,0.7714285714285715
elst_dft,42,*[c-]1c(=O)oc(C([H])([H])[H])[n+]1[H].CN1C=CCC(C(N)=O)=C1|CCCCN|water|298.15,12,False,True,0.8251748251748254
elst_dft,42,*[C-]([N+]#CC(=O)OC([H])([H])[H])C([H])([H])[H].C=C(C)/C=C/C=C(C)C|CCCCN|water|298.15,15,False,False,0.7678571428571428
elst_dft,42,*C#[N+][N-]c1c([H])c([H])c([H])c([H])c1[H].C=C(C)/C=C/C=C(C)C|CCCNN|water|298.15,3,True,True,
elst_dft,42,*[C-](C(=O)N([H])C([H])([H])[H])[N+]([H])=C(C(=O)N([H])C([H])([H])[H])C([H])([H])[H].CC(C)=CC=O|CCCCN|water|298.15,4,True,True,0.7999999999999999
elst_dft,42,*C([H])=C(C([H])([H])[H])C([H])([H])[H].C[c-]1[nH+]c(-c2ccccc2)oc1=O|CCCCN|water|298.15,3,False,True,
elst_dft,42,*[c-]1[o+]c(C#N)oc1=O.CN1C=CCC(C(N)=O)=C1|CCCCO|water|298.15,5,False,True,0.49999999999999994
elst_dft,42,*[C-]([N+]#CC#N)C(=O)OC([H])([H])[H].C=C(C)/C=C/C=C(C)C|CCCCN|water|298.15,14,False,True,0.44175824175824174
elst_dft,42,*C([H])=C(C([H])([H])[H])C([H])([H])[H].COC(=O)[N-][NH+]=Cc1ccccc1|CCCNN|water|298.15,3,True,True,
elst_dft,42,*[N+]([N-]C(=O)OC([H])([H])[H])=C([H])c1c([H])c([H])c([H])c([H])c1[H].CC(C)=CC=O|CCCNN|water|298.15,3,True,True,
elst_dft,42,*C(=O)C#[N+][C-](C(=O)C([H])([H])[H])C([H])([H])[H].C=C(C)/C=C/C=C(C)C|CCCCN|water|298.15,8,False,True,0.9285714285714287
elst_dft,42,*[C-]([N+]#CC(=O)C([H])([H])[H])C(=O)C([H])([H])[H].C=C(C)/C=C/C=C(C)C|CCCCN|water|298.15,8,True,True,0.5714285714285715
elst_dft,42,*C(C(=O)OC([H])([H])[H])=[N+]([H])[C-]([H])C#N.C=C(C)/C=C/C=C(C)C|CCCCN|water|298.15,12,True,True,0.44755244755244755
elst_dft,42,*C(C(=O)N([H])C([H])([H])[H])=[N+]([C-]([H])C#N)C([H])([H])[H].CC(C)=CC=O|CCCCN|water|298.15,4,False,True,0.7999999999999999
elst_dft,42,*[C-]([H])[N+](=C(C(=O)N([H])C([H])([H])[H])C(=O)C([H])([H])[H])C([H])([H])[H].CC(C)=CC=O|CCCCN|water|298.15,4,True,True,1.0
elst_dft,42,*[C-](C#N)[N+]#CC(=O)OC([H])([H])[H].CN1C=CCC(C(N)=O)=C1|CCCCN|water|298.15,5,True,True,0.3
elst_dft,42,*[C-]([N+]#CC#N)C([H])([H])[H].COC1=C(OC)C(=O)C(C)=C(C)C1=O|CCCCN|water|298.15,4,True,True,0.7999999999999999
elst_dft,42,*[C-](C#N)[N+]([H])=C(C(=O)N([H])C([H])([H])[H])C([H])([H])[H].CN1C=CCC(C(N)=O)=C1|CCCCN|water|298.15,7,False,True,0.7142857142857144
elst_dft,42,*C([H])=C(C([H])([H])[H])C([H])([H])[H].C[CH-][N+](C)=C(C(C)=O)c1ccccc1|CCCCN|water|298.15,4,True,True,1.0
elst_dft,42,*C([H])=[N+]([C-](c1c([H])c([H])c([H])c([H])c1[H])C([H])([H])[H])C([H])([H])[H].C=C(C)/C=C/C=C(C)C|CCCCN|water|298.15,15,False,True,0.4392857142857142
elst_dft,42,*C([H])=[O+][N-]C(=O)OC([H])([H])[H].CN1C=CCC(C(N)=O)=C1|CCCNO|water|298.15,4,False,True,0.7999999999999999
elst_dft,42,*[C-](C#N)[N+](=C(C(=O)N([H])C([H])([H])[H])C(=O)N([H])C([H])([H])[H])C([H])([H])[H].CC(C)=CC=O|CCCCN|water|298.15,4,True,True,1.0
elst_dft,42,*c1oc(=O)[c-](C(=O)N([H])C([H])([H])[H])[n+]1[H].C=C(C)/C=C/C=C(C)C|CCCCN|water|298.15,11,False,True,0.6818181818181819
elst_dft,42,*C([H])=C(C([H])([H])[H])C([H])([H])[H].CC(=O)C#[N+][C-](C(C)=O)c1ccccc1|CCCCN|water|298.15,3,False,True,
elst_dft,42,*C(=O)C#[N+][C-](C(=O)C([H])([H])[H])c1c([H])c([H])c([H])c([H])c1[H].CC(C)=CC=O|CCCCN|water|298.15,3,False,True,
elst_dft,42,*C(=O)[C-]([N+]#CC#N)C(=O)C([H])([H])[H].C=C(C)/C=C/C=C(C)C|CCCCN|water|298.15,8,True,True,0.9761904761904763
elst_dft,42,*[C-]([N+]#CC#N)C(=O)C([H])([H])[H].C=C(C)/C=C/C=C(C)C|CCCCN|water|298.15,12,True,True,0.8811188811188813
elst_dft,42,*C#[N+][C-](C(=O)OC([H])([H])[H])C(=O)C([H])([H])[H].C=C(C)/C=C/C=C(C)C|CCCCN|water|298.15,10,False,True,0.8303030303030302
elst_dft,42,*C(C(=O)C([H])([H])[H])=[N+]([H])[N-]c1c([H])c([H])c([H])c([H])c1[H].C=C(C)/C=C/C=C(C)C|CCCNN|water|298.15,10,True,True,0.5393939393939393
elst_dft,42,*[C-]([N+]#CC#N)C(=O)N([H])C([H])([H])[H].C=C(C)/C=C/C=C(C)C|CCCCN|water|298.15,8,False,True,0.9285714285714287
elst_dft,42,*C(c1c([H])c([H])c([H])c([H])c1[H])=[N+]([N-][H])C([H])([H])[H].CN1C=CCC(C(N)=O)=C1|CCCNN|water|298.15,5,True,True,0.8999999999999998
elst_dft,42,*c1oc(=O)[c-](C(=O)N([H])C([H])([H])[H])[o+]1.C=C(C)/C=C/C=C(C)C|CCCCO|water|298.15,12,False,True,0.7062937062937064
elst_dft,42,*[c-]1c(=O)oc(C(=O)C([H])([H])[H])[n+]1C([H])([H])[H].CN1C=CCC(C(N)=O)=C1|CCCCN|water|298.15,10,True,True,0.9515151515151514
elst_dft,42,*[N-][N+]#CC(=O)N([H])C([H])([H])[H].COC1=C(OC)C(=O)C(C)=C(C)C1=O|CCCNN|water|298.15,3,False,True,
elst_dft,42,*C#[N+][C-](C#N)C([H])([H])[H].COC1=C(OC)C(=O)C(C)=C(C)C1=O|CCCCN|water|298.15,6,True,True,0.7714285714285715
elst_dft,42,*C(C#N)=[N+]([C-](C(=O)N([H])C([H])([H])[H])C([H])([H])[H])C([H])([H])[H].CC(C)=CC=O|CCCCN|water|298.15,4,True,True,1.0
elst_dft,42,*C(=[O+][N-]C(=O)OC([H])([H])[H])C(=O)N([H])C([H])([H])[H].CN1C=CCC(C(N)=O)=C1|CCCNO|water|298.15,3,True,True,
elst_dft,42,*C#[N+][C-](C(=O)N([H])C([H])([H])[H])c1c([H])c([H])c([H])c([H])c1[H].CC(C)=CC=O|CCCCN|water|298.15,4,False,True,0.6000000000000001
elst_dft,42,*[C-](C(=O)N([H])C([H])([H])[H])[N+](=C(C#N)C#N)C([H])([H])[H].CN1C=CCC(C(N)=O)=C1|CCCCN|water|298.15,8,True,True,0.9047619047619048
elst_dft,42,*[C-](C(=O)OC([H])([H])[H])[N+]([H])=C(C(=O)N([H])C([H])([H])[H])C(=O)N([H])C([H])([H])[H].CC(C)=CC=O|CCCCN|water|298.15,4,True,True,0.7999999999999999
elst_dft,42,*[C-]([N+]#CC#N)C(=O)N([H])C([H])([H])[H].CN1C=CCC(C(N)=O)=C1|CCCCN|water|298.15,4,True,True,0.7999999999999999
elst_dft,42,*C#[N+][C-](C(=O)OC([H])([H])[H])c1c([H])c([H])c([H])c([H])c1[H].C=C(C)/C=C/C=C(C)C|CCCCN|water|298.15,7,False,True,0.7500000000000002
elst_dft,42,*[c-]1c(=O)oc(-c2c([H])c([H])c([H])c([H])c2[H])[n+]1[H].C=C(C)/C=C/C=C(C)C|CCCCN|water|298.15,18,False,False,0.5252837977296182
elst_dft,42,*C(=O)C#[N+][N-]C#N.COC1=C(OC)C(=O)C(C)=C(C)C1=O|CCCNN|water|298.15,3,True,True,
elst_dft,42,*[C-](C(=O)N([H])C([H])([H])[H])[N+](=C(C#N)c1c([H])c([H])c([H])c([H])c1[H])C([H])([H])[H].CC(C)=CC=O|CCCCN|water|298.15,4,True,True,1.0
elst_dft,42,*C#[N+][C-](C(=O)OC([H])([H])[H])C(=O)OC([H])([H])[H].C=C(C)/C=C/C=C(C)C|CCCCN|water|298.15,6,True,True,0.48571428571428577
elst_dft,42,*C([H])=[O+][C-](C#N)c1c([H])c([H])c([H])c([H])c1[H].CN1C=CCC(C(N)=O)=C1|CCCCO|water|298.15,5,False,False,-0.39999999999999997
elst_dft,42,*C(=O)[C-]([N+]#CC#N)c1c([H])c([H])c([H])c([H])c1[H].C=C(C)/C=C/C=C(C)C|CCCCN|water|298.15,9,True,True,0.8166666666666667
elst_dft,42,*C#[N+][C-](C(=O)C([H])([H])[H])c1c([H])c([H])c([H])c([H])c1[H].C=C(C)/C=C/C=C(C)C|CCCCN|water|298.15,9,True,True,0.8833333333333333
elst_dft,42,*c1oc(=O)[c-](C(=O)OC([H])([H])[H])[n+]1C([H])([H])[H].CN1C=CCC(C(N)=O)=C1|CCCCN|water|298.15,11,True,True,0.9818181818181818
elst_dft,42,*c1oc(=O)[c-](-c2c([H])c([H])c([H])c([H])c2[H])[n+]1[H].CN1C=CCC(C(N)=O)=C1|CCCCN|water|298.15,7,True,True,1.0
elst_dft,42,*C(=[N+]([H])[C-](C#N)c1c([H])c([H])c([H])c([H])c1[H])C([H])([H])[H].CN1C=CCC(C(N)=O)=C1|CCCCN|water|298.15,8,True,True,0.880952380952381
elst_dft,42,*[C-](c1c([H])c([H])c([H])c([H])c1[H])[N+]([H])=C(C([H])([H])[H])C([H])([H])[H].CN1C=CCC(C(N)=O)=C1|CCCCN|water|298.15,8,False,True,0.5000000000000001
elst_dft,42,*[C-]([O+]=C([H])C(=O)C([H])([H])[H])c1c([H])c([H])c([H])c([H])c1[H].C=C(C)/C=C/C=C(C)C|CCCCO|water|298.15,10,True,True,0.8303030303030302
elst_dft,42,*[N-][O+]=C(C(=O)OC([H])([H])[H])C(=O)N([H])C([H])([H])[H].CN1C=CCC(C(N)=O)=C1|CCCNO|water|298.15,4,True,True,1.0
elst_dft,42,*[c-]1c(=O)oc(C#N)[n+]1C([H])([H])[H].CN1C=CCC(C(N)=O)=C1|CCCCN|water|298.15,7,False,True,0.6071428571428572
elst_dft,42,*[N-][O+]=C([H])c1c([H])c([H])c([H])c([H])c1[H].CN1C=CCC(C(N)=O)=C1|CCCNO|water|298.15,5,False,True,0.8999999999999998
elst_dft,42,*C(C(=O)OC([H])([H])[H])=[N+]([H])[C-](C#N)C#N.C=C(C)/C=C/C=C(C)C|CCCCN|water|298.15,11,True,True,0.7181818181818183
elst_dft,42,*[C-]([O+]=C([H])c1c([H])c([H])c([H])c([H])c1[H])C(=O)OC([H])([H])[H].C=C(C)/C=C/C=C(C)C|CCCCO|water|298.15,10,True,True,0.3696969696969697
elst_dft,42,*[c-]1[o+]c(C(=O)OC([H])([H])[H])oc1=O.CN1C=CCC(C(N)=O)=C1|CCCCO|water|298.15,6,False,True,0.3714285714285715
elst_dft,42,*C(c1c([H])c([H])c([H])c([H])c1[H])=[N+]([C-](C#N)C#N)C([H])([H])[H].CN1C=CCC(C(N)=O)=C1|CCCCN|water|298.15,10,False,True,0.28484848484848485
elst_dft,42,*C([H])=C(C([H])([H])[H])C([H])([H])[H].CNC(=O)C(=[O+][N-]c1ccccc1)C(=O)OC|CCCNO|water|298.15,4,True,True,1.0
elst_dft,42,*C([H])=C(C([H])([H])[H])C([H])([H])[H].COC(=O)[CH-][O+]=C(C(=O)OC)c1ccccc1|CCCCO|water|298.15,4,False,True,0.19999999999999998
elst_dft,42,*C#[N+][C-](C(=O)C([H])([H])[H])C(=O)C([H])([H])[H].CN1C=CCC(C(N)=O)=C1|CCCCN|water|298.15,4,True,True,1.0
elst_dft,42,*[C-]([N+]#CC(=O)N([H])C([H])([H])[H])C(=O)OC([H])([H])[H].C=C(C)/C=C/C=C(C)C|CCCCN|water|298.15,10,True,True,0.6242424242424242
elst_dft,42,*C(c1c([H])c([H])c([H])c([H])c1[H])=[N+]([N-]C(=O)C([H])([H])[H])C([H])([H])[H].C=C(C)/C=C/C=C(C)C|CCCNN|water|298.15,7,True,True,0.7857142857142859
elst_dft,42,*[C-]([H])[O+]=C(C(=O)OC([H])([H])[H])c1c([H])c([H])c([H])c([H])c1[H].C=C(C)/C=C/C=C(C)C|CCCCO|water|298.15,10,True,True,0.5151515151515151
elst_dft,42,*[C-]([N+]#Cc1c([H])c([H])c([H])c([H])c1[H])c1c([H])c([H])c([H])c([H])c1[H].CN1C=CCC(C(N)=O)=C1|CCCCN|water|298.15,7,True,True,0.8928571428571429
elst_dft,42,*C#[N+][C-](c1c([H])c([H])c([H])c([H])c1[H])c1c([H])c([H])c([H])c([H])c1[H].CN1C=CCC(C(N)=O)=C1|CCCCN|water|298.15,9,True,True,0.5166666666666667
elst_dft,42,*C(=[N+]([H])[C-](C(=O)N([H])C([H])([H])[H])C(=O)N([H])C([H])([H])[H])C([H])([H])[H].CN1C=CCC(C(N)=O)=C1|CCCCN|water|298.15,7,False,True,0.9285714285714288
elst_dft,42,*c1oc(=O)[c-](-c2c([H])c([H])c([H])c([H])c2[H])[n+]1C([H])([H])[H].CN1C=CCC(C(N)=O)=C1|CCCCN|water|298.15,8,False,True,0.7619047619047621
elst_dft,42,*[n+]1c(-c2c([H])c([H])c([H])c([H])c2[H])oc(=O)[c-]1C(=O)N([H])C([H])([H])[H].C=C(C)/C=C/C=C(C)C|CCCCN|water|298.15,11,False,False,0.6181818181818182
elst_dft,42,*C(=[O+][C-](C#N)C#N)C(=O)OC([H])([H])[H].CN1C=CCC(C(N)=O)=C1|CCCCO|water|298.15,5,False,True,0.7
elst_dft,42,*[C-]([N+]#Cc1c([H])c([H])c([H])c([H])c1[H])C([H])([H])[H].COC1=C(OC)C(=O)C(C)=C(C)C1=O|CCCCN|water|298.15,3,False,True,
elst_dft,42,*C(=[O+][C-](C(=O)N([H])C([H])([H])[H])C(=O)N([H])C([H])([H])[H])c1c([H])c([H])c([H])c([H])c1[H].CC(C)=CC=O|CCCCO|water|298.15,4,True,True,0.7999999999999999
elst_dft,42,*C(=O)C#[N+][C-](C(=O)OC([H])([H])[H])C(=O)OC([H])([H])[H].CN1C=CCC(C(N)=O)=C1|CCCCN|water|298.15,6,True,True,0.8857142857142858
elst_dft,42,*C(C(=O)OC([H])([H])[H])=[N+]([N-]C([H])([H])[H])C([H])([H])[H].COC1=C(OC)C(=O)C(C)=C(C)C1=O|CCCNN|water|298.15,4,False,True,0.39999999999999997
elst_dft,42,*C(=[O+][C-](C#N)C(=O)OC([H])([H])[H])c1c([H])c([H])c([H])c([H])c1[H].CN1C=CCC(C(N)=O)=C1|CCCCO|water|298.15,7,True,True,0.7500000000000002
elst_dft,42,*C(=O)c1oc(=O)[c-](-c2c([H])c([H])c([H])c([H])c2[H])[o+]1.CN1C=CCC(C(N)=O)=C1|CCCCO|water|298.15,7,True,True,0.3214285714285715
elst_dft,42,*c1oc(=O)[c-](-c2c([H])c([H])c([H])c([H])c2[H])[o+]1.CN1C=CCC(C(N)=O)=C1|CCCCO|water|298.15,11,True,True,0.8181818181818182
elst_dft,42,*[C-](C(=O)C([H])([H])[H])[N+](=C([H])C(=O)OC([H])([H])[H])C([H])([H])[H].CN1C=CCC(C(N)=O)=C1|CCCCN|water|298.15,7,False,True,0.9642857142857145
elst_dft,42,*C(C(=O)OC([H])([H])[H])=[N+]([C-](C(=O)C([H])([H])[H])C([H])([H])[H])C([H])([H])[H].CN1C=CCC(C(N)=O)=C1|CCCCN|water|298.15,5,True,True,0.7
elst_dft,42,*[N+](=C(C(=O)N([H])C([H])([H])[H])c1c([H])c([H])c([H])c([H])c1[H])[C-](C(=O)OC([H])([H])[H])C(=O)C([H])([H])[H].CC(C)=CC=O|CCCCN|water|298.15,4,True,True,0.7999999999999999
elst_dft,42,*[C-](C#N)[O+]=C(C(=O)OC([H])([H])[H])c1c([H])c([H])c([H])c([H])c1[H].CN1C=CCC(C(N)=O)=C1|CCCCO|water|298.15,6,False,True,0.3714285714285715
elst_dft,42,*[N+](=C([H])C(=O)N([H])C([H])([H])[H])[C-](C#N)C(=O)C([H])([H])[H].COC1=C(OC)C(=O)C(C)=C(C)C1=O|CCCCN|water|298.15,4,True,True,0.19999999999999998
elst_dft,42,*C(=O)[C-]([N+](=C(C#N)C([H])([H])[H])C([H])([H])[H])C([H])([H])[H].COC1=C(OC)C(=O)C(C)=C(C)C1=O|CCCCN|water|298.15,4,False,False,-0.19999999999999998
elst_dft,42,*C(=[O+][C-]([H])C(=O)OC([H])([H])[H])C([H])([H])[H].COC1=C(OC)C(=O)C(C)=C(C)C1=O|CCCCO|water|298.15,3,False,True,
elst_dft,42,*c1oc(=O)[c-](-c2c([H])c([H])c([H])c([H])c2[H])[o+]1.COC1=C(OC)C(=O)C(C)=C(C)C1=O|CCCCO|water|298.15,4,True,True,1.0
elst_dft,42,*c1oc(=O)[c-](C(=O)OC([H])([H])[H])[o+]1.COC1=C(OC)C(=O)C(C)=C(C)C1=O|CCCCO|water|298.15,4,False,False,-0.39999999999999997
elst_dft,42,*[c-]1[o+]c(C(=O)N([H])C([H])([H])[H])oc1=O.COC1=C(OC)C(=O)C(C)=C(C)C1=O|CCCCO|water|298.15,6,False,False,-0.7714285714285715
elst_dft,42,*[C-](C(=O)C([H])([H])[H])[N+](=C(C(=O)N([H])C([H])([H])[H])c1c([H])c([H])c([H])c([H])c1[H])C([H])([H])[H].CC(C)=CC=O|CCCCN|water|298.15,4,True,True,0.39999999999999997
elst_dft,42,*[C-](C(=O)OC([H])([H])[H])[N+]([H])=C(C(=O)N([H])C([H])([H])[H])C([H])([H])[H].COC1=C(OC)C(=O)C(C)=C(C)C1=O|CCCCN|water|298.15,4,False,False,-0.39999999999999997
elst_dft,42,*[c-]1c(=O)oc(-c2c([H])c([H])c([H])c([H])c2[H])[n+]1C([H])([H])[H].COC1=C(OC)C(=O)C(C)=C(C)C1=O|CCCCN|water|298.15,4,True,True,1.0
elst_dft,42,*[C-](C(=O)OC([H])([H])[H])[N+](=C(C(=O)OC([H])([H])[H])c1c([H])c([H])c([H])c([H])c1[H])C([H])([H])[H].C=C(C)/C=C/C=C(C)C|CCCCN|water|298.15,10,False,False,0.5757575757575757
elst_dft,42,*[c-]1[o+]c(C(=O)OC([H])([H])[H])oc1=O.COC1=C(OC)C(=O)C(C)=C(C)C1=O|CCCCO|water|298.15,4,True,True,0.7999999999999999
elst_dft,42,*c1oc(=O)[c-](C(=O)N([H])C([H])([H])[H])[o+]1.COC1=C(OC)C(=O)C(C)=C(C)C1=O|CCCCO|water|298.15,4,False,True,0.7999999999999999
elst_dft,42,*C(c1c([H])c([H])c([H])c([H])c1[H])=[N+]([H])[C-](C#N)C(=O)N([H])C([H])([H])[H].COC1=C(OC)C(=O)C(C)=C(C)C1=O|CCCCN|water|298.15,4,False,True,0.7999999999999999
elst_dft,42,*C(=O)C(C(=O)OC([H])([H])[H])=[N+]([H])[C-](C(=O)OC([H])([H])[H])c1c([H])c([H])c([H])c([H])c1[H].C=C(C)/C=C/C=C(C)C|CCCCN|water|298.15,11,False,True,0.7272727272727273
elst_dft,42,*[C-]([O+]=C(C(=O)N([H])C([H])([H])[H])c1c([H])c([H])c([H])c([H])c1[H])C(=O)N([H])C([H])([H])[H].COC1=C(OC)C(=O)C(C)=C(C)C1=O|CCCCO|water|298.15,3,True,True,
elst_dft,42,*[C-](c1c([H])c([H])c([H])c([H])c1[H])[N+](=C(C#N)c1c([H])c([H])c([H])c([H])c1[H])C([H])([H])[H].COC1=C(OC)C(=O)C(C)=C(C)C1=O|CCCCN|water|298.15,4,False,True,0.7999999999999999
elst_dft,42,*C(=[O+][C-](c1c([H])c([H])c([H])c([H])c1[H])C([H])([H])[H])C(=O)C([H])([H])[H].COC1=C(OC)C(=O)C(C)=C(C)C1=O|CCCCO|water|298.15,4,True,True,0.7999999999999999
elst_dft,42,*[C-](C#N)[N+](=C(C(=O)N([H])C([H])([H])[H])c1c([H])c([H])c([H])c([H])c1[H])C([H])([H])[H].COC1=C(OC)C(=O)C(C)=C(C)C1=O|CCCCN|water|298.15,4,False,True,0.19999999999999998
elst_dft,43,*C#CC(=O)N([H])C([H])([H])[H].CC(=O)c1[nH+][c-](C)c(=O)o1|CCCCN|water|298.15,4,False,True,0.7999999999999999
elst_dft,43,*C(=O)C#CF.CNC(=O)c1[nH+][c-](C#N)c(=O)o1|CCCCN|water|298.15,3,True,True,
elst_dft,43,*C([H])=C([H])[H].N#Cc1oc(=O)[c-](-c2ccccc2)[o+]1|CCCCO|water|298.15,3,False,True,
elst_dft,43,*C1=C(C([H])([H])[H])C2([H])C([H])([H])C([H])([H])C1([H])C2([H])[H].COC(=O)[N-][N+]#CC(C)=O|CCCNN|water|298.15,3,True,True,
elst_dft,43,*C(=C(C([H])([H])[H])C([H])([H])[H])C([H])([H])[H].COC(=O)[c-]1[nH+]c(C(C)=O)oc1=O|CCCCN|water|298.15,3,True,True,
elst_dft,43,*C#CC(=O)OC([H])([H])[H].CNC(=O)[c-]1c(=O)oc(C#N)[n+]1C|CCCCN|water|298.15,4,False,True,0.39999999999999997
elst_dft,43,*C(=[O+][N-]C([H])([H])[H])c1c([H])c([H])c([H])c([H])c1[H].CNC(=O)C1=C(C#N)C2CCC1C2|CCCNO|water|298.15,4,False,True,0.7999999999999999
elst_dft,43,*[C-]([O+]=C(C#N)C(=O)OC([H])([H])[H])C([H])([H])[H].CNC(=O)C1=C(F)C2CCC1C2|CCCCO|water|298.15,4,False,True,0.7999999999999999
elst_dft,43,*c1oc(=O)[c-](-c2c([H])c([H])c([H])c([H])c2[H])[n+]1C([H])([H])[H].CC(=O)C1=C(Cl)C2CCC1C2|CCCCN|water|298.15,4,True,True,0.7999999999999999
elst_dft,43,*c1oc(=O)[c-](C(=O)OC([H])([H])[H])[o+]1.CC(=O)C1=C(Br)C2CCC1C2|CCCCO|water|298.15,4,True,True,0.7999999999999999
elst_dft,43,*C([H])=[N+]([C-](C#N)C(=O)C([H])([H])[H])C([H])([H])[H].N#CC1=C(c2ccccc2)C2CCC1C2|CCCCN|water|298.15,4,False,True,0.7999999999999999
elst_dft,43,*C1=C([H])C2([H])C([H])([H])C([H])([H])C1([H])C2([H])[H].COC(=O)[C-](C)[O+]=C(c1ccccc1)c1ccccc1|CCCCO|water|298.15,3,True,True,
elst_dft,43,*C1=C(Br)C2([H])C([H])([H])C([H])([H])C1([H])C2([H])[H].CC(=O)c1[nH+][c-](-c2ccccc2)c(=O)o1|CCCCN|water|298.15,4,True,True,0.7999999999999999
elst_dft,43,*C(c1c([H])c([H])c([H])c([H])c1[H])=[N+]([C-](C(=O)N([H])C([H])([H])[H])C([H])([H])[H])C([H])([H])[H].CC1=C(Br)C2C=CC1O2|CCCCN|water|298.15,7,True,True,0.7500000000000002
elst_dft,43,*C1=C(C(F)(F)F)C2([H])OC1([H])C([H])=C2[H].COC(=O)[C-]([N+]#CC(C)=O)c1ccccc1|CCCCN|water|298.15,5,True,True,0.8999999999999998
elst_dft,43,*C(=O)C1=C(Br)C2([H])OC1([H])C([H])=C2[H].CNC(=O)C(=[NH+][C-](C)C#N)C(=O)OC|CCCCN|water|298.15,8,False,True,0.8095238095238096
elst_dft,43,*C1(C([H])([H])[H])C#CC(c2c([H])c([H])c([H])c([H])c2[H])(c2c([H])c([H])c([H])c([H])c2[H])C([H])([H])C([H])([H])C([H])([H])C1([H])[H].CNC(=O)[C-](C#N)[NH+]=C(C)C#N|CCCCN|water|298.15,4,False,True,0.39999999999999997
elst_dft,43,*[C-]([O+]=C(C(=O)N([H])C([H])([H])[H])c1c([H])c([H])c([H])c([H])c1[H])C([H])([H])[H].CNC(=O)C1=C(Br)C2CCC1C2|CCCCO|water|298.15,3,True,True,
elst_dft,43,*C1([H])C#CC(C(=O)OC([H])([H])[H])(C(=O)OC([H])([H])[H])C([H])([H])C([H])([H])C([H])([H])C1([H])[H].CC(=O)[c-]1c(=O)oc(-c2ccccc2)[n+]1C|CCCCN|water|298.15,4,True,True,0.39999999999999997
elst_dft,43,*C1(c2c([H])c([H])c([H])c([H])c2[H])C#CC(c2c([H])c([H])c([H])c([H])c2[H])(c2c([H])c([H])c([H])c([H])c2[H])C([H])([H])C([H])([H])C([H])([H])C1([H])[H].C[C-]([N+]#N)c1ccccc1|CCCNN|water|298.15,3,True,True,
elst_dft,43,*C#[N+][C-]([H])c1c([H])c([H])c([H])c([H])c1[H].C=C|CCCCN|water|298.15,3,True,True,
elst_dft,43,*[C-]([H])[N+](=C(C#N)C([H])([H])[H])C([H])([H])[H].C/C=C\C|CCCCN|water|298.15,3,True,True,
elst_dft,43,*C([H])=C(C([H])([H])[H])C([H])([H])[H].C[c-]1[o+]noc1=O|CCCNO|water|298.15,4,True,True,1.0
elst_dft,43,*[c-]1[o+]noc1=O.CC(C)=CC=O|CCCNO|water|298.15,4,False,True,0.7999999999999999
elst_dft,43,*[C-]([N+]#CC(=O)OC([H])([H])[H])C([H])([H])[H].CC(C)=CC=O|CCCCN|water|298.15,6,True,True,0.942857142857143
elst_dft,43,*[C-]([H])[N+]#CC(=O)C([H])([H])[H].CC(C)=CC=O|CCCCN|water|298.15,4,False,True,0.6000000000000001
elst_dft,43,*[C-]([N+]#CC(=O)C([H])([H])[H])C(=O)C([H])([H])[H].CC(C)=CC=O|CCCCN|water|298.15,3,True,True,
elst_dft,43,*C#[N+][C-](c1c([H])c([H])c([H])c([H])c1[H])C([H])([H])[H].C/C=C\C|CCCCN|water|298.15,4,False,True,0.19999999999999998
elst_dft,43,*C#[N+][C-](C([H])([H])[H])C([H])([H])[H].C=C(C)/C=C/C=C(C)C|CCCCN|water|298.15,9,False,True,0.8333333333333333
elst_dft,43,*C(C(=O)C([H])([H])[H])=[N+]([C-]([H])C([H])([H])[H])C([H])([H])[H].CC(C)=CC=O|CCCCN|water|298.15,4,True,True,1.0
elst_dft,43,*C#[N+][C-](C#N)C(=O)C([H])([H])[H].CC(C)=C(C)C|CCCCN|water|298.15,3,True,True,
elst_dft,43,*C(C#N)=[N+]([H])[N-]C(=O)C([H])([H])[H].CC(C)=CC=O|CCCNN|water|298.15,4,True,True,0.7999999999999999
elst_dft,43,*C(C(=O)OC([H])([H])[H])=[N+]([H])[N-]C#N.CC(C)=CC=O|CCCNN|water|298.15,4,True,True,0.39999999999999997
elst_dft,43,*C(=O)[c-]1c(=O)oc(C([H])([H])[H])[n+]1[H].CC(C)=CC=O|CCCCN|water|298.15,3,False,True,
elst_dft,43,*[c-]1[o+]noc1=O.C=C(C)/C=C/C=C(C)C|CCCNO|water|298.15,8,True,True,0.6666666666666669
elst_dft,43,*[N-][N+]#CC([H])([H])[H].C=C(C)/C=C/C=C(C)C|CCCNN|water|298.15,7,False,True,0.39285714285714296
elst_dft,43,*[C-]([N+]#CC(=O)C([H])([H])[H])c1c([H])c([H])c([H])c([H])c1[H].C/C=C\C|CCCCN|water|298.15,3,True,True,
elst_dft,43,*C([H])=C(C([H])([H])[H])C([H])([H])[H].CNC(=O)[c-]1[nH+]c(C)oc1=O|CCCCN|water|298.15,4,True,True,0.7999999999999999
elst_dft,43,*c1oc(=O)[c-](C(=O)N([H])C([H])([H])[H])[n+]1[H].CC(C)=CC=O|CCCCN|water|298.15,4,True,True,1.0
elst_dft,43,*[C-]([N+]#CC(=O)C([H])([H])[H])c1c([H])c([H])c([H])c([H])c1[H].CC(C)=CC=O|CCCCN|water|298.15,5,True,True,0.9999999999999999
elst_dft,43,*c1oc(=O)[c-](C([H])([H])[H])[n+]1[H].C=C(C)/C=C/C=C(C)C|CCCCN|water|298.15,18,False,False,0.5892672858617131
elst_dft,43,*[C-]([N+]#N)C(=O)OC([H])([H])[H].C=C(C)/C=C/C=C(C)C|CCCNN|water|298.15,9,False,True,0.8333333333333333
elst_dft,43,*c1oc(=O)[c-](C([H])([H])[H])[n+]1[H].CN1C=CCC(C(N)=O)=C1|CCCCN|water|298.15,6,False,True,0.7714285714285715
elst_dft,43,*[c-]1c(=O)oc(C([H])([H])[H])[n+]1[H].CN1C=CCC(C(N)=O)=C1|CCCCN|water|298.15,12,False,False,0.7132867132867133
elst_dft,43,*[C-]([N+]#CC(=O)OC([H])([H])[H])C([H])([H])[H].C=C(C)/C=C/C=C(C)C|CCCCN|water|298.15,15,False,False,0.6642857142857141
elst_dft,43,*C#[N+][N-]c1c([H])c([H])c([H])c([H])c1[H].C=C(C)/C=C/C=C(C)C|CCCNN|water|298.15,3,True,True,
elst_dft,43,*[C-](C(=O)N([H])C([H])([H])[H])[N+]([H])=C(C(=O)N([H])C([H])([H])[H])C([H])([H])[H].CC(C)=CC=O|CCCCN|water|298.15,4,True,True,0.7999999999999999
elst_dft,43,*C([H])=C(C([H])([H])[H])C([H])([H])[H].C[c-]1[nH+]c(-c2ccccc2)oc1=O|CCCCN|water|298.15,3,True,True,
elst_dft,43,*[c-]1[o+]c(C#N)oc1=O.CN1C=CCC(C(N)=O)=C1|CCCCO|water|298.15,5,False,True,0.49999999999999994
elst_dft,43,*[C-]([N+]#CC#N)C(=O)OC([H])([H])[H].C=C(C)/C=C/C=C(C)C|CCCCN|water|298.15,14,False,True,0.7274725274725276
elst_dft,43,*C([H])=C(C([H])([H])[H])C([H])([H])[H].COC(=O)[N-][NH+]=Cc1ccccc1|CCCNN|water|298.15,3,True,True,
elst_dft,43,*[N+]([N-]C(=O)OC([H])([H])[H])=C([H])c1c([H])c([H])c([H])c([H])c1[H].CC(C)=CC=O|CCCNN|water|298.15,3,True,True,
elst_dft,43,*C(=O)C#[N+][C-](C(=O)C([H])([H])[H])C([H])([H])[H].C=C(C)/C=C/C=C(C)C|CCCCN|water|298.15,8,False,True,0.9047619047619048
elst_dft,43,*[C-]([N+]#CC(=O)C([H])([H])[H])C(=O)C([H])([H])[H].C=C(C)/C=C/C=C(C)C|CCCCN|water|298.15,8,True,True,0.7619047619047621
elst_dft,43,*C(C(=O)OC([H])([H])[H])=[N+]([H])[C-]([H])C#N.C=C(C)/C=C/C=C(C)C|CCCCN|water|298.15,12,True,True,0.27272727272727276
elst_dft,43,*C(C(=O)N([H])C([H])([H])[H])=[N+]([C-]([H])C#N)C([H])([H])[H].CC(C)=CC=O|CCCCN|water|298.15,4,True,True,1.0
elst_dft,43,*[C-]([H])[N+](=C(C(=O)N([H])C([H])([H])[H])C(=O)C([H])([H])[H])C([H])([H])[H].CC(C)=CC=O|CCCCN|water|298.15,4,True,True,1.0
elst_dft,43,*[C-](C#N)[N+]#CC(=O)OC([H])([H])[H].CN1C=CCC(C(N)=O)=C1|CCCCN|water|298.15,5,True,True,0.19999999999999998
elst_dft,43,*[C-]([N+]#CC#N)C([H])([H])[H].COC1=C(OC)C(=O)C(C)=C(C)C1=O|CCCCN|water|298.15,4,True,True,0.7999999999999999
elst_dft,43,*[C-](C#N)[N+]([H])=C(C(=O)N([H])C([H])([H])[H])C([H])([H])[H].CN1C=CCC(C(N)=O)=C1|CCCCN|water|298.15,7,False,True,0.7142857142857144
elst_dft,43,*C([H])=C(C([H])([H])[H])C([H])([H])[H].C[CH-][N+](C)=C(C(C)=O)c1ccccc1|CCCCN|water|298.15,4,True,True,1.0
elst_dft,43,*C([H])=[N+]([C-](c1c([H])c([H])c([H])c([H])c1[H])C([H])([H])[H])C([H])([H])[H].C=C(C)/C=C/C=C(C)C|CCCCN|water|298.15,15,False,True,0.5071428571428571
elst_dft,43,*C([H])=[O+][N-]C(=O)OC([H])([H])[H].CN1C=CCC(C(N)=O)=C1|CCCNO|water|298.15,4,False,True,0.7999999999999999
elst_dft,43,*[C-](C#N)[N+](=C(C(=O)N([H])C([H])([H])[H])C(=O)N([H])C([H])([H])[H])C([H])([H])[H].CC(C)=CC=O|CCCCN|water|298.15,4,False,True,0.19999999999999998
elst_dft,43,*c1oc(=O)[c-](C(=O)N([H])C([H])([H])[H])[n+]1[H].C=C(C)/C=C/C=C(C)C|CCCCN|water|298.15,11,False,True,0.6454545454545455
elst_dft,43,*C([H])=C(C([H])([H])[H])C([H])([H])[H].CC(=O)C#[N+][C-](C(C)=O)c1ccccc1|CCCCN|water|298.15,3,True,True,
elst_dft,43,*C(=O)C#[N+][C-](C(=O)C([H])([H])[H])c1c([H])c([H])c([H])c([H])c1[H].CC(C)=CC=O|CCCCN|water|298.15,3,False,True,
elst_dft,43,*C(=O)[C-]([N+]#CC#N)C(=O)C([H])([H])[H].C=C(C)/C=C/C=C(C)C|CCCCN|water|298.15,8,True,True,0.880952380952381
elst_dft,43,*[C-]([N+]#CC#N)C(=O)C([H])([H])[H].C=C(C)/C=C/C=C(C)C|CCCCN|water|298.15,12,True,True,0.7902097902097903
elst_dft,43,*C#[N+][C-](C(=O)OC([H])([H])[H])C(=O)C([H])([H])[H].C=C(C)/C=C/C=C(C)C|CCCCN|water|298.15,10,False,True,0.8303030303030302
elst_dft,43,*C(C(=O)C([H])([H])[H])=[N+]([H])[N-]c1c([H])c([H])c([H])c([H])c1[H].C=C(C)/C=C/C=C(C)C|CCCNN|water|298.15,10,True,True,0.709090909090909
elst_dft,43,*[C-]([N+]#CC#N)C(=O)N([H])C([H])([H])[H].C=C(C)/C=C/C=C(C)C|CCCCN|water|298.15,8,False,True,0.7380952380952381
elst_dft,43,*C(c1c([H])c([H])c([H])c([H])c1[H])=[N+]([N-][H])C([H])([H])[H].CN1C=CCC(C(N)=O)=C1|CCCNN|water|298.15,5,True,True,0.8999999999999998
elst_dft,43,*c1oc(=O)[c-](C(=O)N([H])C([H])([H])[H])[o+]1.C=C(C)/C=C/C=C(C)C|CCCCO|water|298.15,12,False,True,0.6923076923076924
elst_dft,43,*[c-]1c(=O)oc(C(=O)C([H])([H])[H])[n+]1C([H])([H])[H].CN1C=CCC(C(N)=O)=C1|CCCCN|water|298.15,10,True,True,0.8909090909090909
elst_dft,43,*[N-][N+]#CC(=O)N([H])C([H])([H])[H].COC1=C(OC)C(=O)C(C)=C(C)C1=O|CCCNN|water|298.15,3,False,True,
elst_dft,43,*C#[N+][C-](C#N)C([H])([H])[H].COC1=C(OC)C(=O)C(C)=C(C)C1=O|CCCCN|water|298.15,6,True,True,1.0
elst_dft,43,*C(C#N)=[N+]([C-](C(=O)N([H])C([H])([H])[H])C([H])([H])[H])C([H])([H])[H].CC(C)=CC=O|CCCCN|water|298.15,4,True,True,1.0
elst_dft,43,*C(=[O+][N-]C(=O)OC([H])([H])[H])C(=O)N([H])C([H])([H])[H].CN1C=CCC(C(N)=O)=C1|CCCNO|water|298.15,3,True,True,
elst_dft,43,*C#[N+][C-](C(=O)N([H])C([H])([H])[H])c1c([H])c([H])c([H])c([H])c1[H].CC(C)=CC=O|CCCCN|water|298.15,4,False,True,0.6000000000000001
elst_dft,43,*[C-](C(=O)N([H])C([H])([H])[H])[N+](=C(C#N)C#N)C([H])([H])[H].CN1C=CCC(C(N)=O)=C1|CCCCN|water|298.15,8,True,True,0.9047619047619048
elst_dft,43,*[C-](C(=O)OC([H])([H])[H])[N+]([H])=C(C(=O)N([H])C([H])([H])[H])C(=O)N([H])C([H])([H])[H].CC(C)=CC=O|CCCCN|water|298.15,4,True,True,0.7999999999999999
elst_dft,43,*[C-]([N+]#CC#N)C(=O)N([H])C([H])([H])[H].CN1C=CCC(C(N)=O)=C1|CCCCN|water|298.15,4,True,True,0.7999999999999999
elst_dft,43,*C#[N+][C-](C(=O)OC([H])([H])[H])c1c([H])c([H])c([H])c([H])c1[H].C=C(C)/C=C/C=C(C)C|CCCCN|water|298.15,7,False,True,0.7857142857142859
elst_dft,43,*[c-]1c(=O)oc(-c2c([H])c([H])c([H])c([H])c2[H])[n+]1[H].C=C(C)/C=C/C=C(C)C|CCCCN|water|298.15,18,False,False,0.6862745098039216
elst_dft,43,*C(=O)C#[N+][N-]C#N.COC1=C(OC)C(=O)C(C)=C(C)C1=O|CCCNN|water|298.15,3,True,True,
elst_dft,43,*[C-](C(=O)N([H])C([H])([H])[H])[N+](=C(C#N)c1c([H])c([H])c([H])c([H])c1[H])C([H])([H])[H].CC(C)=CC=O|CCCCN|water|298.15,4,True,True,1.0
elst_dft,43,*C#[N+][C-](C(=O)OC([H])([H])[H])C(=O)OC([H])([H])[H].C=C(C)/C=C/C=C(C)C|CCCCN|water|298.15,6,False,True,0.7142857142857143
elst_dft,43,*C([H])=[O+][C-](C#N)c1c([H])c([H])c([H])c([H])c1[H].CN1C=CCC(C(N)=O)=C1|CCCCO|water|298.15,5,False,True,0.3
elst_dft,43,*C(=O)[C-]([N+]#CC#N)c1c([H])c([H])c([H])c([H])c1[H].C=C(C)/C=C/C=C(C)C|CCCCN|water|298.15,9,True,True,0.5333333333333333
elst_dft,43,*C#[N+][C-](C(=O)C([H])([H])[H])c1c([H])c([H])c([H])c([H])c1[H].C=C(C)/C=C/C=C(C)C|CCCCN|water|298.15,9,True,True,0.9
elst_dft,43,*c1oc(=O)[c-](C(=O)OC([H])([H])[H])[n+]1C([H])([H])[H].CN1C=CCC(C(N)=O)=C1|CCCCN|water|298.15,11,True,True,0.9818181818181818
elst_dft,43,*c1oc(=O)[c-](-c2c([H])c([H])c([H])c([H])c2[H])[n+]1[H].CN1C=CCC(C(N)=O)=C1|CCCCN|water|298.15,7,True,True,1.0
elst_dft,43,*C(=[N+]([H])[C-](C#N)c1c([H])c([H])c([H])c([H])c1[H])C([H])([H])[H].CN1C=CCC(C(N)=O)=C1|CCCCN|water|298.15,8,True,True,0.9523809523809524
elst_dft,43,*[C-](c1c([H])c([H])c([H])c([H])c1[H])[N+]([H])=C(C([H])([H])[H])C([H])([H])[H].CN1C=CCC(C(N)=O)=C1|CCCCN|water|298.15,8,True,True,0.9285714285714287
elst_dft,43,*[C-]([O+]=C([H])C(=O)C([H])([H])[H])c1c([H])c([H])c([H])c([H])c1[H].C=C(C)/C=C/C=C(C)C|CCCCO|water|298.15,10,False,True,0.7575757575757575
elst_dft,43,*[N-][O+]=C(C(=O)OC([H])([H])[H])C(=O)N([H])C([H])([H])[H].CN1C=CCC(C(N)=O)=C1|CCCNO|water|298.15,4,True,True,1.0
elst_dft,43,*[c-]1c(=O)oc(C#N)[n+]1C([H])([H])[H].CN1C=CCC(C(N)=O)=C1|CCCCN|water|298.15,7,False,True,0.9285714285714288
elst_dft,43,*[N-][O+]=C([H])c1c([H])c([H])c([H])c([H])c1[H].CN1C=CCC(C(N)=O)=C1|CCCNO|water|298.15,5,False,True,0.7999999999999999
elst_dft,43,*C(C(=O)OC([H])([H])[H])=[N+]([H])[C-](C#N)C#N.C=C(C)/C=C/C=C(C)C|CCCCN|water|298.15,11,True,True,0.5818181818181819
elst_dft,43,*[C-]([O+]=C([H])c1c([H])c([H])c([H])c([H])c1[H])C(=O)OC([H])([H])[H].C=C(C)/C=C/C=C(C)C|CCCCO|water|298.15,10,True,True,0.4424242424242424
elst_dft,43,*[c-]1[o+]c(C(=O)OC([H])([H])[H])oc1=O.CN1C=CCC(C(N)=O)=C1|CCCCO|water|298.15,6,False,True,0.6571428571428573
elst_dft,43,*C(c1c([H])c([H])c([H])c([H])c1[H])=[N+]([C-](C#N)C#N)C([H])([H])[H].CN1C=CCC(C(N)=O)=C1|CCCCN|water|298.15,10,False,True,0.6969696969696969
elst_dft,43,*C([H])=C(C([H])([H])[H])C([H])([H])[H].CNC(=O)C(=[O+][N-]c1ccccc1)C(=O)OC|CCCNO|water|298.15,4,True,True,0.7999999999999999
elst_dft,43,*C([H])=C(C([H])([H])[H])C([H])([H])[H].COC(=O)[CH-][O+]=C(C(=O)OC)c1ccccc1|CCCCO|water|298.15,4,False,False,-0.19999999999999998
elst_dft,43,*C#[N+][C-](C(=O)C([H])([H])[H])C(=O)C([H])([H])[H].CN1C=CCC(C(N)=O)=C1|CCCCN|water|298.15,4,True,True,1.0
elst_dft,43,*[C-]([N+]#CC(=O)N([H])C([H])([H])[H])C(=O)OC([H])([H])[H].C=C(C)/C=C/C=C(C)C|CCCCN|water|298.15,10,True,True,0.6242424242424242
elst_dft,43,*C(c1c([H])c([H])c([H])c([H])c1[H])=[N+]([N-]C(=O)C([H])([H])[H])C([H])([H])[H].C=C(C)/C=C/C=C(C)C|CCCNN|water|298.15,7,True,True,0.8214285714285715
elst_dft,43,*[C-]([H])[O+]=C(C(=O)OC([H])([H])[H])c1c([H])c([H])c([H])c([H])c1[H].C=C(C)/C=C/C=C(C)C|CCCCO|water|298.15,10,True,True,0.16363636363636364
elst_dft,43,*[C-]([N+]#Cc1c([H])c([H])c([H])c([H])c1[H])c1c([H])c([H])c([H])c([H])c1[H].CN1C=CCC(C(N)=O)=C1|CCCCN|water|298.15,7,True,True,0.642857142857143
elst_dft,43,*C#[N+][C-](c1c([H])c([H])c([H])c([H])c1[H])c1c([H])c([H])c([H])c([H])c1[H].CN1C=CCC(C(N)=O)=C1|CCCCN|water|298.15,9,True,True,0.7166666666666667
elst_dft,43,*C(=[N+]([H])[C-](C(=O)N([H])C([H])([H])[H])C(=O)N([H])C([H])([H])[H])C([H])([H])[H].CN1C=CCC(C(N)=O)=C1|CCCCN|water|298.15,7,False,True,0.7857142857142859
elst_dft,43,*c1oc(=O)[c-](-c2c([H])c([H])c([H])c([H])c2[H])[n+]1C([H])([H])[H].CN1C=CCC(C(N)=O)=C1|CCCCN|water|298.15,8,False,True,0.8095238095238096
elst_dft,43,*[n+]1c(-c2c([H])c([H])c([H])c([H])c2[H])oc(=O)[c-]1C(=O)N([H])C([H])([H])[H].C=C(C)/C=C/C=C(C)C|CCCCN|water|298.15,11,False,False,0.690909090909091
elst_dft,43,*C(=[O+][C-](C#N)C#N)C(=O)OC([H])([H])[H].CN1C=CCC(C(N)=O)=C1|CCCCO|water|298.15,5,False,True,0.7
elst_dft,43,*[C-]([N+]#Cc1c([H])c([H])c([H])c([H])c1[H])C([H])([H])[H].COC1=C(OC)C(=O)C(C)=C(C)C1=O|CCCCN|water|298.15,3,False,True,
elst_dft,43,*C(=[O+][C-](C(=O)N([H])C([H])([H])[H])C(=O)N([H])C([H])([H])[H])c1c([H])c([H])c([H])c([H])c1[H].CC(C)=CC=O|CCCCO|water|298.15,4,False,True,-0.19999999999999998
elst_dft,43,*C(=O)C#[N+][C-](C(=O)OC([H])([H])[H])C(=O)OC([H])([H])[H].CN1C=CCC(C(N)=O)=C1|CCCCN|water|298.15,6,True,True,0.942857142857143
elst_dft,43,*C(C(=O)OC([H])([H])[H])=[N+]([N-]C([H])([H])[H])C([H])([H])[H].COC1=C(OC)C(=O)C(C)=C(C)C1=O|CCCNN|water|298.15,4,False,True,0.39999999999999997
elst_dft,43,*C(=[O+][C-](C#N)C(=O)OC([H])([H])[H])c1c([H])c([H])c([H])c([H])c1[H].CN1C=CCC(C(N)=O)=C1|CCCCO|water|298.15,7,True,True,0.7500000000000002
elst_dft,43,*C(=O)c1oc(=O)[c-](-c2c([H])c([H])c([H])c([H])c2[H])[o+]1.CN1C=CCC(C(N)=O)=C1|CCCCO|water|298.15,7,True,True,0.642857142857143
elst_dft,43,*c1oc(=O)[c-](-c2c([H])c([H])c([H])c([H])c2[H])[o+]1.CN1C=CCC(C(N)=O)=C1|CCCCO|water|298.15,11,False,True,0.9
elst_dft,43,*[C-](C(=O)C([H])([H])[H])[N+](=C([H])C(=O)OC([H])([H])[H])C([H])([H])[H].CN1C=CCC(C(N)=O)=C1|CCCCN|water|298.15,7,False,True,0.9642857142857145
elst_dft,43,*C(C(=O)OC([H])([H])[H])=[N+]([C-](C(=O)C([H])([H])[H])C([H])([H])[H])C([H])([H])[H].CN1C=CCC(C(N)=O)=C1|CCCCN|water|298.15,5,True,True,0.7
elst_dft,43,*[N+](=C(C(=O)N([H])C([H])([H])[H])c1c([H])c([H])c([H])c([H])c1[H])[C-](C(=O)OC([H])([H])[H])C(=O)C([H])([H])[H].CC(C)=CC=O|CCCCN|water|298.15,4,True,True,1.0
elst_dft,43,*[C-](C#N)[O+]=C(C(=O)OC([H])([H])[H])c1c([H])c([H])c([H])c([H])c1[H].CN1C=CCC(C(N)=O)=C1|CCCCO|water|298.15,6,False,True,0.2
elst_dft,43,*[N+](=C([H])C(=O)N([H])C([H])([H])[H])[C-](C#N)C(=O)C([H])([H])[H].COC1=C(OC)C(=O)C(C)=C(C)C1=O|CCCCN|water|298.15,4,True,True,0.19999999999999998
elst_dft,43,*C(=O)[C-]([N+](=C(C#N)C([H])([H])[H])C([H])([H])[H])C([H])([H])[H].COC1=C(OC)C(=O)C(C)=C(C)C1=O|CCCCN|water|298.15,4,False,False,-0.7999999999999999
elst_dft,43,*C(=[O+][C-]([H])C(=O)OC([H])([H])[H])C([H])([H])[H].COC1=C(OC)C(=O)C(C)=C(C)C1=O|CCCCO|water|298.15,3,False,True,
elst_dft,43,*c1oc(=O)[c-](-c2c([H])c([H])c([H])c([H])c2[H])[o+]1.COC1=C(OC)C(=O)C(C)=C(C)C1=O|CCCCO|water|298.15,4,True,True,1.0
elst_dft,43,*c1oc(=O)[c-](C(=O)OC([H])([H])[H])[o+]1.COC1=C(OC)C(=O)C(C)=C(C)C1=O|CCCCO|water|298.15,4,False,True,0.39999999999999997
elst_dft,43,*[c-]1[o+]c(C(=O)N([H])C([H])([H])[H])oc1=O.COC1=C(OC)C(=O)C(C)=C(C)C1=O|CCCCO|water|298.15,6,True,True,0.48571428571428577
elst_dft,43,*[C-](C(=O)C([H])([H])[H])[N+](=C(C(=O)N([H])C([H])([H])[H])c1c([H])c([H])c([H])c([H])c1[H])C([H])([H])[H].CC(C)=CC=O|CCCCN|water|298.15,4,True,True,0.39999999999999997
elst_dft,43,*[C-](C(=O)OC([H])([H])[H])[N+]([H])=C(C(=O)N([H])C([H])([H])[H])C([H])([H])[H].COC1=C(OC)C(=O)C(C)=C(C)C1=O|CCCCN|water|298.15,4,False,True,0.19999999999999998
elst_dft,43,*[c-]1c(=O)oc(-c2c([H])c([H])c([H])c([H])c2[H])[n+]1C([H])([H])[H].COC1=C(OC)C(=O)C(C)=C(C)C1=O|CCCCN|water|298.15,4,False,True,0.7999999999999999
elst_dft,43,*[C-](C(=O)OC([H])([H])[H])[N+](=C(C(=O)OC([H])([H])[H])c1c([H])c([H])c([H])c([H])c1[H])C([H])([H])[H].C=C(C)/C=C/C=C(C)C|CCCCN|water|298.15,10,False,False,0.6969696969696969
elst_dft,43,*[c-]1[o+]c(C(=O)OC([H])([H])[H])oc1=O.COC1=C(OC)C(=O)C(C)=C(C)C1=O|CCCCO|water|298.15,4,True,True,0.7999999999999999
elst_dft,43,*c1oc(=O)[c-](C(=O)N([H])C([H])([H])[H])[o+]1.COC1=C(OC)C(=O)C(C)=C(C)C1=O|CCCCO|water|298.15,4,True,True,1.0
elst_dft,43,*C(c1c([H])c([H])c([H])c([H])c1[H])=[N+]([H])[C-](C#N)C(=O)N([H])C([H])([H])[H].COC1=C(OC)C(=O)C(C)=C(C)C1=O|CCCCN|water|298.15,4,False,True,0.7999999999999999
elst_dft,43,*C(=O)C(C(=O)OC([H])([H])[H])=[N+]([H])[C-](C(=O)OC([H])([H])[H])c1c([H])c([H])c([H])c([H])c1[H].C=C(C)/C=C/C=C(C)C|CCCCN|water|298.15,11,False,True,0.5636363636363637
elst_dft,43,*[C-]([O+]=C(C(=O)N([H])C([H])([H])[H])c1c([H])c([H])c([H])c([H])c1[H])C(=O)N([H])C([H])([H])[H].COC1=C(OC)C(=O)C(C)=C(C)C1=O|CCCCO|water|298.15,3,True,True,
elst_dft,43,*[C-](c1c([H])c([H])c([H])c([H])c1[H])[N+](=C(C#N)c1c([H])c([H])c([H])c([H])c1[H])C([H])([H])[H].COC1=C(OC)C(=O)C(C)=C(C)C1=O|CCCCN|water|298.15,4,True,True,1.0
elst_dft,43,*C(=[O+][C-](c1c([H])c([H])c([H])c([H])c1[H])C([H])([H])[H])C(=O)C([H])([H])[H].COC1=C(OC)C(=O)C(C)=C(C)C1=O|CCCCO|water|298.15,4,True,True,0.7999999999999999
elst_dft,43,*[C-](C#N)[N+](=C(C(=O)N([H])C([H])([H])[H])c1c([H])c([H])c([H])c([H])c1[H])C([H])([H])[H].COC1=C(OC)C(=O)C(C)=C(C)C1=O|CCCCN|water|298.15,4,True,True,0.7999999999999999
elst_dft,44,*C#CC(=O)N([H])C([H])([H])[H].CC(=O)c1[nH+][c-](C)c(=O)o1|CCCCN|water|298.15,4,True,True,0.7999999999999999
elst_dft,44,*C(=O)C#CF.CNC(=O)c1[nH+][c-](C#N)c(=O)o1|CCCCN|water|298.15,3,True,True,
elst_dft,44,*C([H])=C([H])[H].N#Cc1oc(=O)[c-](-c2ccccc2)[o+]1|CCCCO|water|298.15,3,False,True,
elst_dft,44,*C1=C(C([H])([H])[H])C2([H])C([H])([H])C([H])([H])C1([H])C2([H])[H].COC(=O)[N-][N+]#CC(C)=O|CCCNN|water|298.15,3,False,True,
elst_dft,44,*C(=C(C([H])([H])[H])C([H])([H])[H])C([H])([H])[H].COC(=O)[c-]1[nH+]c(C(C)=O)oc1=O|CCCCN|water|298.15,3,False,True,
elst_dft,44,*C#CC(=O)OC([H])([H])[H].CNC(=O)[c-]1c(=O)oc(C#N)[n+]1C|CCCCN|water|298.15,4,True,True,0.7999999999999999
elst_dft,44,*C(=[O+][N-]C([H])([H])[H])c1c([H])c([H])c([H])c([H])c1[H].CNC(=O)C1=C(C#N)C2CCC1C2|CCCNO|water|298.15,4,False,True,0.39999999999999997
elst_dft,44,*[C-]([O+]=C(C#N)C(=O)OC([H])([H])[H])C([H])([H])[H].CNC(=O)C1=C(F)C2CCC1C2|CCCCO|water|298.15,4,False,True,0.7999999999999999
elst_dft,44,*c1oc(=O)[c-](-c2c([H])c([H])c([H])c([H])c2[H])[n+]1C([H])([H])[H].CC(=O)C1=C(Cl)C2CCC1C2|CCCCN|water|298.15,4,True,True,0.7999999999999999
elst_dft,44,*c1oc(=O)[c-](C(=O)OC([H])([H])[H])[o+]1.CC(=O)C1=C(Br)C2CCC1C2|CCCCO|water|298.15,4,False,True,0.7999999999999999
elst_dft,44,*C([H])=[N+]([C-](C#N)C(=O)C([H])([H])[H])C([H])([H])[H].N#CC1=C(c2ccccc2)C2CCC1C2|CCCCN|water|298.15,4,False,True,0.7999999999999999
elst_dft,44,*C1=C([H])C2([H])C([H])([H])C([H])([H])C1([H])C2([H])[H].COC(=O)[C-](C)[O+]=C(c1ccccc1)c1ccccc1|CCCCO|water|298.15,3,True,True,
elst_dft,44,*C1=C(Br)C2([H])C([H])([H])C([H])([H])C1([H])C2([H])[H].CC(=O)c1[nH+][c-](-c2ccccc2)c(=O)o1|CCCCN|water|298.15,4,False,False,-0.7999999999999999
elst_dft,44,*C(c1c([H])c([H])c([H])c([H])c1[H])=[N+]([C-](C(=O)N([H])C([H])([H])[H])C([H])([H])[H])C([H])([H])[H].CC1=C(Br)C2C=CC1O2|CCCCN|water|298.15,7,True,True,0.9642857142857145
elst_dft,44,*C1=C(C(F)(F)F)C2([H])OC1([H])C([H])=C2[H].COC(=O)[C-]([N+]#CC(C)=O)c1ccccc1|CCCCN|water|298.15,5,True,True,0.7
elst_dft,44,*C(=O)C1=C(Br)C2([H])OC1([H])C([H])=C2[H].CNC(=O)C(=[NH+][C-](C)C#N)C(=O)OC|CCCCN|water|298.15,8,False,True,0.7857142857142858
elst_dft,44,*C1(C([H])([H])[H])C#CC(c2c([H])c([H])c([H])c([H])c2[H])(c2c([H])c([H])c([H])c([H])c2[H])C([H])([H])C([H])([H])C([H])([H])C1([H])[H].CNC(=O)[C-](C#N)[NH+]=C(C)C#N|CCCCN|water|298.15,4,False,True,0.39999999999999997
elst_dft,44,*[C-]([O+]=C(C(=O)N([H])C([H])([H])[H])c1c([H])c([H])c([H])c([H])c1[H])C([H])([H])[H].CNC(=O)C1=C(Br)C2CCC1C2|CCCCO|water|298.15,3,True,True,
elst_dft,44,*C1([H])C#CC(C(=O)OC([H])([H])[H])(C(=O)OC([H])([H])[H])C([H])([H])C([H])([H])C([H])([H])C1([H])[H].CC(=O)[c-]1c(=O)oc(-c2ccccc2)[n+]1C|CCCCN|water|298.15,4,True,True,0.7999999999999999
elst_dft,44,*C1(c2c([H])c([H])c([H])c([H])c2[H])C#CC(c2c([H])c([H])c([H])c([H])c2[H])(c2c([H])c([H])c([H])c([H])c2[H])C([H])([H])C([H])([H])C([H])([H])C1([H])[H].C[C-]([N+]#N)c1ccccc1|CCCNN|water|298.15,3,True,True,
elst_dft,44,*C#[N+][C-]([H])c1c([H])c([H])c([H])c([H])c1[H].C=C|CCCCN|water|298.15,3,True,True,
elst_dft,44,*[C-]([H])[N+](=C(C#N)C([H])([H])[H])C([H])([H])[H].C/C=C\C|CCCCN|water|298.15,3,True,True,
elst_dft,44,*C([H])=C(C([H])([H])[H])C([H])([H])[H].C[c-]1[o+]noc1=O|CCCNO|water|298.15,4,False,True,0.6000000000000001
elst_dft,44,*[c-]1[o+]noc1=O.CC(C)=CC=O|CCCNO|water|298.15,4,True,True,0.7999999999999999
elst_dft,44,*[C-]([N+]#CC(=O)OC([H])([H])[H])C([H])([H])[H].CC(C)=CC=O|CCCCN|water|298.15,6,True,True,0.942857142857143
elst_dft,44,*[C-]([H])[N+]#CC(=O)C([H])([H])[H].CC(C)=CC=O|CCCCN|water|298.15,4,False,True,0.0
elst_dft,44,*[C-]([N+]#CC(=O)C([H])([H])[H])C(=O)C([H])([H])[H].CC(C)=CC=O|CCCCN|water|298.15,3,True,True,
elst_dft,44,*C#[N+][C-](c1c([H])c([H])c([H])c([H])c1[H])C([H])([H])[H].C/C=C\C|CCCCN|water|298.15,4,True,True,1.0
elst_dft,44,*C#[N+][C-](C([H])([H])[H])C([H])([H])[H].C=C(C)/C=C/C=C(C)C|CCCCN|water|298.15,9,False,False,0.13333333333333333
elst_dft,44,*C(C(=O)C([H])([H])[H])=[N+]([C-]([H])C([H])([H])[H])C([H])([H])[H].CC(C)=CC=O|CCCCN|water|298.15,4,True,True,0.7999999999999999
elst_dft,44,*C#[N+][C-](C#N)C(=O)C([H])([H])[H].CC(C)=C(C)C|CCCCN|water|298.15,3,True,True,
elst_dft,44,*C(C#N)=[N+]([H])[N-]C(=O)C([H])([H])[H].CC(C)=CC=O|CCCNN|water|298.15,4,True,True,0.7999999999999999
elst_dft,44,*C(C(=O)OC([H])([H])[H])=[N+]([H])[N-]C#N.CC(C)=CC=O|CCCNN|water|298.15,4,True,True,1.0
elst_dft,44,*C(=O)[c-]1c(=O)oc(C([H])([H])[H])[n+]1[H].CC(C)=CC=O|CCCCN|water|298.15,3,False,True,
elst_dft,44,*[c-]1[o+]noc1=O.C=C(C)/C=C/C=C(C)C|CCCNO|water|298.15,8,False,True,0.3333333333333334
elst_dft,44,*[N-][N+]#CC([H])([H])[H].C=C(C)/C=C/C=C(C)C|CCCNN|water|298.15,7,True,True,0.39285714285714296
elst_dft,44,*[C-]([N+]#CC(=O)C([H])([H])[H])c1c([H])c([H])c([H])c([H])c1[H].C/C=C\C|CCCCN|water|298.15,3,True,True,
elst_dft,44,*C([H])=C(C([H])([H])[H])C([H])([H])[H].CNC(=O)[c-]1[nH+]c(C)oc1=O|CCCCN|water|298.15,4,False,True,0.6000000000000001
elst_dft,44,*c1oc(=O)[c-](C(=O)N([H])C([H])([H])[H])[n+]1[H].CC(C)=CC=O|CCCCN|water|298.15,4,True,True,1.0
elst_dft,44,*[C-]([N+]#CC(=O)C([H])([H])[H])c1c([H])c([H])c([H])c([H])c1[H].CC(C)=CC=O|CCCCN|water|298.15,5,True,True,0.9999999999999999
elst_dft,44,*c1oc(=O)[c-](C([H])([H])[H])[n+]1[H].C=C(C)/C=C/C=C(C)C|CCCCN|water|298.15,18,False,False,0.5810113519091847
elst_dft,44,*[C-]([N+]#N)C(=O)OC([H])([H])[H].C=C(C)/C=C/C=C(C)C|CCCNN|water|298.15,9,False,False,0.8333333333333333
elst_dft,44,*c1oc(=O)[c-](C([H])([H])[H])[n+]1[H].CN1C=CCC(C(N)=O)=C1|CCCCN|water|298.15,6,False,True,0.6
elst_dft,44,*[c-]1c(=O)oc(C([H])([H])[H])[n+]1[H].CN1C=CCC(C(N)=O)=C1|CCCCN|water|298.15,12,False,False,0.7552447552447553
elst_dft,44,*[C-]([N+]#CC(=O)OC([H])([H])[H])C([H])([H])[H].C=C(C)/C=C/C=C(C)C|CCCCN|water|298.15,15,False,False,0.6392857142857141
elst_dft,44,*C#[N+][N-]c1c([H])c([H])c([H])c([H])c1[H].C=C(C)/C=C/C=C(C)C|CCCNN|water|298.15,3,True,True,
elst_dft,44,*[C-](C(=O)N([H])C([H])([H])[H])[N+]([H])=C(C(=O)N([H])C([H])([H])[H])C([H])([H])[H].CC(C)=CC=O|CCCCN|water|298.15,4,True,True,0.7999999999999999
elst_dft,44,*C([H])=C(C([H])([H])[H])C([H])([H])[H].C[c-]1[nH+]c(-c2ccccc2)oc1=O|CCCCN|water|298.15,3,False,True,
elst_dft,44,*[c-]1[o+]c(C#N)oc1=O.CN1C=CCC(C(N)=O)=C1|CCCCO|water|298.15,5,False,True,0.49999999999999994
elst_dft,44,*[C-]([N+]#CC#N)C(=O)OC([H])([H])[H].C=C(C)/C=C/C=C(C)C|CCCCN|water|298.15,14,False,True,0.5648351648351648
elst_dft,44,*C([H])=C(C([H])([H])[H])C([H])([H])[H].COC(=O)[N-][NH+]=Cc1ccccc1|CCCNN|water|298.15,3,True,True,
elst_dft,44,*[N+]([N-]C(=O)OC([H])([H])[H])=C([H])c1c([H])c([H])c([H])c([H])c1[H].CC(C)=CC=O|CCCNN|water|298.15,3,True,True,
elst_dft,44,*C(=O)C#[N+][C-](C(=O)C([H])([H])[H])C([H])([H])[H].C=C(C)/C=C/C=C(C)C|CCCCN|water|298.15,8,True,True,0.9761904761904763
elst_dft,44,*[C-]([N+]#CC(=O)C([H])([H])[H])C(=O)C([H])([H])[H].C=C(C)/C=C/C=C(C)C|CCCCN|water|298.15,8,True,True,0.7142857142857144
elst_dft,44,*C(C(=O)OC([H])([H])[H])=[N+]([H])[C-]([H])C#N.C=C(C)/C=C/C=C(C)C|CCCCN|water|298.15,12,True,True,0.23076923076923078
elst_dft,44,*C(C(=O)N([H])C([H])([H])[H])=[N+]([C-]([H])C#N)C([H])([H])[H].CC(C)=CC=O|CCCCN|water|298.15,4,False,True,0.7999999999999999
elst_dft,44,*[C-]([H])[N+](=C(C(=O)N([H])C([H])([H])[H])C(=O)C([H])([H])[H])C([H])([H])[H].CC(C)=CC=O|CCCCN|water|298.15,4,True,True,1.0
elst_dft,44,*[C-](C#N)[N+]#CC(=O)OC([H])([H])[H].CN1C=CCC(C(N)=O)=C1|CCCCN|water|298.15,5,True,True,0.6
elst_dft,44,*[C-]([N+]#CC#N)C([H])([H])[H].COC1=C(OC)C(=O)C(C)=C(C)C1=O|CCCCN|water|298.15,4,True,True,0.7999999999999999
elst_dft,44,*[C-](C#N)[N+]([H])=C(C(=O)N([H])C([H])([H])[H])C([H])([H])[H].CN1C=CCC(C(N)=O)=C1|CCCCN|water|298.15,7,False,True,0.7857142857142859
elst_dft,44,*C([H])=C(C([H])([H])[H])C([H])([H])[H].C[CH-][N+](C)=C(C(C)=O)c1ccccc1|CCCCN|water|298.15,4,True,True,1.0
elst_dft,44,*C([H])=[N+]([C-](c1c([H])c([H])c([H])c([H])c1[H])C([H])([H])[H])C([H])([H])[H].C=C(C)/C=C/C=C(C)C|CCCCN|water|298.15,15,False,True,0.6321428571428571
elst_dft,44,*C([H])=[O+][N-]C(=O)OC([H])([H])[H].CN1C=CCC(C(N)=O)=C1|CCCNO|water|298.15,4,False,True,0.7999999999999999
elst_dft,44,*[C-](C#N)[N+](=C(C(=O)N([H])C([H])([H])[H])C(=O)N([H])C([H])([H])[H])C([H])([H])[H].CC(C)=CC=O|CCCCN|water|298.15,4,False,True,0.7999999999999999
elst_dft,44,*c1oc(=O)[c-](C(=O)N([H])C([H])([H])[H])[n+]1[H].C=C(C)/C=C/C=C(C)C|CCCCN|water|298.15,11,False,False,0.7818181818181819
elst_dft,44,*C([H])=C(C([H])([H])[H])C([H])([H])[H].CC(=O)C#[N+][C-](C(C)=O)c1ccccc1|CCCCN|water|298.15,3,True,True,
elst_dft,44,*C(=O)C#[N+][C-](C(=O)C([H])([H])[H])c1c([H])c([H])c([H])c([H])c1[H].CC(C)=CC=O|CCCCN|water|298.15,3,False,True,
elst_dft,44,*C(=O)[C-]([N+]#CC#N)C(=O)C([H])([H])[H].C=C(C)/C=C/C=C(C)C|CCCCN|water|298.15,8,True,True,0.6666666666666669
elst_dft,44,*[C-]([N+]#CC#N)C(=O)C([H])([H])[H].C=C(C)/C=C/C=C(C)C|CCCCN|water|298.15,12,True,True,0.6293706293706295
elst_dft,44,*C#[N+][C-](C(=O)OC([H])([H])[H])C(=O)C([H])([H])[H].C=C(C)/C=C/C=C(C)C|CCCCN|water|298.15,10,True,True,0.43030303030303024
elst_dft,44,*C(C(=O)C([H])([H])[H])=[N+]([H])[N-]c1c([H])c([H])c([H])c([H])c1[H].C=C(C)/C=C/C=C(C)C|CCCNN|water|298.15,10,True,True,0.7939393939393938
elst_dft,44,*[C-]([N+]#CC#N)C(=O)N([H])C([H])([H])[H].C=C(C)/C=C/C=C(C)C|CCCCN|water|298.15,8,False,True,0.7380952380952381
elst_dft,44,*C(c1c([H])c([H])c([H])c([H])c1[H])=[N+]([N-][H])C([H])([H])[H].CN1C=CCC(C(N)=O)=C1|CCCNN|water|298.15,5,True,True,0.8999999999999998
elst_dft,44,*c1oc(=O)[c-](C(=O)N([H])C([H])([H])[H])[o+]1.C=C(C)/C=C/C=C(C)C|CCCCO|water|298.15,12,False,True,0.7762237762237763
elst_dft,44,*[c-]1c(=O)oc(C(=O)C([H])([H])[H])[n+]1C([H])([H])[H].CN1C=CCC(C(N)=O)=C1|CCCCN|water|298.15,10,False,True,0.8909090909090909
elst_dft,44,*[N-][N+]#CC(=O)N([H])C([H])([H])[H].COC1=C(OC)C(=O)C(C)=C(C)C1=O|CCCNN|water|298.15,3,False,True,
elst_dft,44,*C#[N+][C-](C#N)C([H])([H])[H].COC1=C(OC)C(=O)C(C)=C(C)C1=O|CCCCN|water|298.15,6,True,True,0.942857142857143
elst_dft,44,*C(C#N)=[N+]([C-](C(=O)N([H])C([H])([H])[H])C([H])([H])[H])C([H])([H])[H].CC(C)=CC=O|CCCCN|water|298.15,4,True,True,1.0
elst_dft,44,*C(=[O+][N-]C(=O)OC([H])([H])[H])C(=O)N([H])C([H])([H])[H].CN1C=CCC(C(N)=O)=C1|CCCNO|water|298.15,3,True,True,
elst_dft,44,*C#[N+][C-](C(=O)N([H])C([H])([H])[H])c1c([H])c([H])c([H])c([H])c1[H].CC(C)=CC=O|CCCCN|water|298.15,4,True,True,1.0
elst_dft,44,*[C-](C(=O)N([H])C([H])([H])[H])[N+](=C(C#N)C#N)C([H])([H])[H].CN1C=CCC(C(N)=O)=C1|CCCCN|water|298.15,8,True,True,0.9047619047619048
elst_dft,44,*[C-](C(=O)OC([H])([H])[H])[N+]([H])=C(C(=O)N([H])C([H])([H])[H])C(=O)N([H])C([H])([H])[H].CC(C)=CC=O|CCCCN|water|298.15,4,True,True,0.7999999999999999
elst_dft,44,*[C-]([N+]#CC#N)C(=O)N([H])C([H])([H])[H].CN1C=CCC(C(N)=O)=C1|CCCCN|water|298.15,4,True,True,0.7999999999999999
elst_dft,44,*C#[N+][C-](C(=O)OC([H])([H])[H])c1c([H])c([H])c([H])c([H])c1[H].C=C(C)/C=C/C=C(C)C|CCCCN|water|298.15,7,True,True,0.8214285714285715
elst_dft,44,*[c-]1c(=O)oc(-c2c([H])c([H])c([H])c([H])c2[H])[n+]1[H].C=C(C)/C=C/C=C(C)C|CCCCN|water|298.15,18,False,False,0.6615067079463364
elst_dft,44,*C(=O)C#[N+][N-]C#N.COC1=C(OC)C(=O)C(C)=C(C)C1=O|CCCNN|water|298.15,3,True,True,
elst_dft,44,*[C-](C(=O)N([H])C([H])([H])[H])[N+](=C(C#N)c1c([H])c([H])c([H])c([H])c1[H])C([H])([H])[H].CC(C)=CC=O|CCCCN|water|298.15,4,True,True,0.7999999999999999
elst_dft,44,*C#[N+][C-](C(=O)OC([H])([H])[H])C(=O)OC([H])([H])[H].C=C(C)/C=C/C=C(C)C|CCCCN|water|298.15,6,False,True,0.4285714285714286
elst_dft,44,*C([H])=[O+][C-](C#N)c1c([H])c([H])c([H])c([H])c1[H].CN1C=CCC(C(N)=O)=C1|CCCCO|water|298.15,5,False,False,0.0
elst_dft,44,*C(=O)[C-]([N+]#CC#N)c1c([H])c([H])c([H])c([H])c1[H].C=C(C)/C=C/C=C(C)C|CCCCN|water|298.15,9,True,True,0.7
elst_dft,44,*C#[N+][C-](C(=O)C([H])([H])[H])c1c([H])c([H])c([H])c([H])c1[H].C=C(C)/C=C/C=C(C)C|CCCCN|water|298.15,9,True,True,0.8666666666666667
elst_dft,44,*c1oc(=O)[c-](C(=O)OC([H])([H])[H])[n+]1C([H])([H])[H].CN1C=CCC(C(N)=O)=C1|CCCCN|water|298.15,11,False,True,0.9454545454545454
elst_dft,44,*c1oc(=O)[c-](-c2c([H])c([H])c([H])c([H])c2[H])[n+]1[H].CN1C=CCC(C(N)=O)=C1|CCCCN|water|298.15,7,True,True,0.9642857142857145
elst_dft,44,*C(=[N+]([H])[C-](C#N)c1c([H])c([H])c([H])c([H])c1[H])C([H])([H])[H].CN1C=CCC(C(N)=O)=C1|CCCCN|water|298.15,8,False,True,0.8571428571428572
elst_dft,44,*[C-](c1c([H])c([H])c([H])c([H])c1[H])[N+]([H])=C(C([H])([H])[H])C([H])([H])[H].CN1C=CCC(C(N)=O)=C1|CCCCN|water|298.15,8,True,True,0.8095238095238096
elst_dft,44,*[C-]([O+]=C([H])C(=O)C([H])([H])[H])c1c([H])c([H])c([H])c([H])c1[H].C=C(C)/C=C/C=C(C)C|CCCCO|water|298.15,10,False,True,0.8424242424242423
elst_dft,44,*[N-][O+]=C(C(=O)OC([H])([H])[H])C(=O)N([H])C([H])([H])[H].CN1C=CCC(C(N)=O)=C1|CCCNO|water|298.15,4,True,True,1.0
elst_dft,44,*[c-]1c(=O)oc(C#N)[n+]1C([H])([H])[H].CN1C=CCC(C(N)=O)=C1|CCCCN|water|298.15,7,False,True,0.7142857142857144
elst_dft,44,*[N-][O+]=C([H])c1c([H])c([H])c([H])c([H])c1[H].CN1C=CCC(C(N)=O)=C1|CCCNO|water|298.15,5,True,True,0.9999999999999999
elst_dft,44,*C(C(=O)OC([H])([H])[H])=[N+]([H])[C-](C#N)C#N.C=C(C)/C=C/C=C(C)C|CCCCN|water|298.15,11,True,True,0.690909090909091
elst_dft,44,*[C-]([O+]=C([H])c1c([H])c([H])c([H])c([H])c1[H])C(=O)OC([H])([H])[H].C=C(C)/C=C/C=C(C)C|CCCCO|water|298.15,10,True,True,0.18787878787878787
elst_dft,44,*[c-]1[o+]c(C(=O)OC([H])([H])[H])oc1=O.CN1C=CCC(C(N)=O)=C1|CCCCO|water|298.15,6,False,True,0.6
elst_dft,44,*C(c1c([H])c([H])c([H])c([H])c1[H])=[N+]([C-](C#N)C#N)C([H])([H])[H].CN1C=CCC(C(N)=O)=C1|CCCCN|water|298.15,10,True,True,0.2606060606060606
elst_dft,44,*C([H])=C(C([H])([H])[H])C([H])([H])[H].CNC(=O)C(=[O+][N-]c1ccccc1)C(=O)OC|CCCNO|water|298.15,4,True,True,0.7999999999999999
elst_dft,44,*C([H])=C(C([H])([H])[H])C([H])([H])[H].COC(=O)[CH-][O+]=C(C(=O)OC)c1ccccc1|CCCCO|water|298.15,4,False,True,0.39999999999999997
elst_dft,44,*C#[N+][C-](C(=O)C([H])([H])[H])C(=O)C([H])([H])[H].CN1C=CCC(C(N)=O)=C1|CCCCN|water|298.15,4,True,True,1.0
elst_dft,44,*[C-]([N+]#CC(=O)N([H])C([H])([H])[H])C(=O)OC([H])([H])[H].C=C(C)/C=C/C=C(C)C|CCCCN|water|298.15,10,True,True,0.4787878787878787
elst_dft,44,*C(c1c([H])c([H])c([H])c([H])c1[H])=[N+]([N-]C(=O)C([H])([H])[H])C([H])([H])[H].C=C(C)/C=C/C=C(C)C|CCCNN|water|298.15,7,False,True,0.7500000000000002
elst_dft,44,*[C-]([H])[O+]=C(C(=O)OC([H])([H])[H])c1c([H])c([H])c([H])c([H])c1[H].C=C(C)/C=C/C=C(C)C|CCCCO|water|298.15,10,True,True,0.5151515151515151
elst_dft,44,*[C-]([N+]#Cc1c([H])c([H])c([H])c([H])c1[H])c1c([H])c([H])c([H])c([H])c1[H].CN1C=CCC(C(N)=O)=C1|CCCCN|water|298.15,7,True,True,0.8571428571428573
elst_dft,44,*C#[N+][C-](c1c([H])c([H])c([H])c([H])c1[H])c1c([H])c([H])c([H])c([H])c1[H].CN1C=CCC(C(N)=O)=C1|CCCCN|water|298.15,9,True,True,0.6833333333333333
elst_dft,44,*C(=[N+]([H])[C-](C(=O)N([H])C([H])([H])[H])C(=O)N([H])C([H])([H])[H])C([H])([H])[H].CN1C=CCC(C(N)=O)=C1|CCCCN|water|298.15,7,False,True,0.8571428571428573
elst_dft,44,*c1oc(=O)[c-](-c2c([H])c([H])c([H])c([H])c2[H])[n+]1C([H])([H])[H].CN1C=CCC(C(N)=O)=C1|CCCCN|water|298.15,8,False,True,0.8095238095238096
elst_dft,44,*[n+]1c(-c2c([H])c([H])c([H])c([H])c2[H])oc(=O)[c-]1C(=O)N([H])C([H])([H])[H].C=C(C)/C=C/C=C(C)C|CCCCN|water|298.15,11,False,False,0.5909090909090909
elst_dft,44,*C(=[O+][C-](C#N)C#N)C(=O)OC([H])([H])[H].CN1C=CCC(C(N)=O)=C1|CCCCO|water|298.15,5,False,True,0.49999999999999994
elst_dft,44,*[C-]([N+]#Cc1c([H])c([H])c([H])c([H])c1[H])C([H])([H])[H].COC1=C(OC)C(=O)C(C)=C(C)C1=O|CCCCN|water|298.15,3,False,True,
elst_dft,44,*C(=[O+][C-](C(=O)N([H])C([H])([H])[H])C(=O)N([H])C([H])([H])[H])c1c([H])c([H])c([H])c([H])c1[H].CC(C)=CC=O|CCCCO|water|298.15,4,False,True,0.0
elst_dft,44,*C(=O)C#[N+][C-](C(=O)OC([H])([H])[H])C(=O)OC([H])([H])[H].CN1C=CCC(C(N)=O)=C1|CCCCN|water|298.15,6,True,True,0.8857142857142858
elst_dft,44,*C(C(=O)OC([H])([H])[H])=[N+]([N-]C([H])([H])[H])C([H])([H])[H].COC1=C(OC)C(=O)C(C)=C(C)C1=O|CCCNN|water|298.15,4,True,True,0.7999999999999999
elst_dft,44,*C(=[O+][C-](C#N)C(=O)OC([H])([H])[H])c1c([H])c([H])c([H])c([H])c1[H].CN1C=CCC(C(N)=O)=C1|CCCCO|water|298.15,7,True,True,0.7500000000000002
elst_dft,44,*C(=O)c1oc(=O)[c-](-c2c([H])c([H])c([H])c([H])c2[H])[o+]1.CN1C=CCC(C(N)=O)=C1|CCCCO|water|298.15,7,False,True,0.5714285714285715
elst_dft,44,*c1oc(=O)[c-](-c2c([H])c([H])c([H])c([H])c2[H])[o+]1.CN1C=CCC(C(N)=O)=C1|CCCCO|water|298.15,11,True,True,0.8181818181818182
elst_dft,44,*[C-](C(=O)C([H])([H])[H])[N+](=C([H])C(=O)OC([H])([H])[H])C([H])([H])[H].CN1C=CCC(C(N)=O)=C1|CCCCN|water|298.15,7,False,True,0.9642857142857145
elst_dft,44,*C(C(=O)OC([H])([H])[H])=[N+]([C-](C(=O)C([H])([H])[H])C([H])([H])[H])C([H])([H])[H].CN1C=CCC(C(N)=O)=C1|CCCCN|water|298.15,5,True,True,0.7
elst_dft,44,*[N+](=C(C(=O)N([H])C([H])([H])[H])c1c([H])c([H])c([H])c([H])c1[H])[C-](C(=O)OC([H])([H])[H])C(=O)C([H])([H])[H].CC(C)=CC=O|CCCCN|water|298.15,4,True,True,0.7999999999999999
elst_dft,44,*[C-](C#N)[O+]=C(C(=O)OC([H])([H])[H])c1c([H])c([H])c([H])c([H])c1[H].CN1C=CCC(C(N)=O)=C1|CCCCO|water|298.15,6,False,True,-0.028571428571428574
elst_dft,44,*[N+](=C([H])C(=O)N([H])C([H])([H])[H])[C-](C#N)C(=O)C([H])([H])[H].COC1=C(OC)C(=O)C(C)=C(C)C1=O|CCCCN|water|298.15,4,True,True,0.19999999999999998
elst_dft,44,*C(=O)[C-]([N+](=C(C#N)C([H])([H])[H])C([H])([H])[H])C([H])([H])[H].COC1=C(OC)C(=O)C(C)=C(C)C1=O|CCCCN|water|298.15,4,False,False,-0.19999999999999998
elst_dft,44,*C(=[O+][C-]([H])C(=O)OC([H])([H])[H])C([H])([H])[H].COC1=C(OC)C(=O)C(C)=C(C)C1=O|CCCCO|water|298.15,3,False,True,
elst_dft,44,*c1oc(=O)[c-](-c2c([H])c([H])c([H])c([H])c2[H])[o+]1.COC1=C(OC)C(=O)C(C)=C(C)C1=O|CCCCO|water|298.15,4,True,True,1.0
elst_dft,44,*c1oc(=O)[c-](C(=O)OC([H])([H])[H])[o+]1.COC1=C(OC)C(=O)C(C)=C(C)C1=O|CCCCO|water|298.15,4,False,True,0.39999999999999997
elst_dft,44,*[c-]1[o+]c(C(=O)N([H])C([H])([H])[H])oc1=O.COC1=C(OC)C(=O)C(C)=C(C)C1=O|CCCCO|water|298.15,6,False,True,0.14285714285714288
elst_dft,44,*[C-](C(=O)C([H])([H])[H])[N+](=C(C(=O)N([H])C([H])([H])[H])c1c([H])c([H])c([H])c([H])c1[H])C([H])([H])[H].CC(C)=CC=O|CCCCN|water|298.15,4,True,True,0.39999999999999997
elst_dft,44,*[C-](C(=O)OC([H])([H])[H])[N+]([H])=C(C(=O)N([H])C([H])([H])[H])C([H])([H])[H].COC1=C(OC)C(=O)C(C)=C(C)C1=O|CCCCN|water|298.15,4,False,True,0.19999999999999998
elst_dft,44,*[c-]1c(=O)oc(-c2c([H])c([H])c([H])c([H])c2[H])[n+]1C([H])([H])[H].COC1=C(OC)C(=O)C(C)=C(C)C1=O|CCCCN|water|298.15,4,True,True,0.7999999999999999
elst_dft,44,*[C-](C(=O)OC([H])([H])[H])[N+](=C(C(=O)OC([H])([H])[H])c1c([H])c([H])c([H])c([H])c1[H])C([H])([H])[H].C=C(C)/C=C/C=C(C)C|CCCCN|water|298.15,10,False,False,0.6242424242424242
elst_dft,44,*[c-]1[o+]c(C(=O)OC([H])([H])[H])oc1=O.COC1=C(OC)C(=O)C(C)=C(C)C1=O|CCCCO|water|298.15,4,True,True,1.0
elst_dft,44,*c1oc(=O)[c-](C(=O)N([H])C([H])([H])[H])[o+]1.COC1=C(OC)C(=O)C(C)=C(C)C1=O|CCCCO|water|298.15,4,True,True,1.0
elst_dft,44,*C(c1c([H])c([H])c([H])c([H])c1[H])=[N+]([H])[C-](C#N)C(=O)N([H])C([H])([H])[H].COC1=C(OC)C(=O)C(C)=C(C)C1=O|CCCCN|water|298.15,4,False,True,0.7999999999999999
elst_dft,44,*C(=O)C(C(=O)OC([H])([H])[H])=[N+]([H])[C-](C(=O)OC([H])([H])[H])c1c([H])c([H])c([H])c([H])c1[H].C=C(C)/C=C/C=C(C)C|CCCCN|water|298.15,11,False,True,0.6454545454545455
elst_dft,44,*[C-]([O+]=C(C(=O)N([H])C([H])([H])[H])c1c([H])c([H])c([H])c([H])c1[H])C(=O)N([H])C([H])([H])[H].COC1=C(OC)C(=O)C(C)=C(C)C1=O|CCCCO|water|298.15,3,False,True,
elst_dft,44,*[C-](c1c([H])c([H])c([H])c([H])c1[H])[N+](=C(C#N)c1c([H])c([H])c([H])c([H])c1[H])C([H])([H])[H].COC1=C(OC)C(=O)C(C)=C(C)C1=O|CCCCN|water|298.15,4,False,True,0.7999999999999999
elst_dft,44,*C(=[O+][C-](c1c([H])c([H])c([H])c([H])c1[H])C([H])([H])[H])C(=O)C([H])([H])[H].COC1=C(OC)C(=O)C(C)=C(C)C1=O|CCCCO|water|298.15,4,True,True,0.7999999999999999
elst_dft,44,*[C-](C#N)[N+](=C(C(=O)N([H])C([H])([H])[H])c1c([H])c([H])c([H])c([H])c1[H])C([H])([H])[H].COC1=C(OC)C(=O)C(C)=C(C)C1=O|CCCCN|water|298.15,4,False,True,0.7999999999999999
elst_dft,45,*C#CC(=O)N([H])C([H])([H])[H].CC(=O)c1[nH+][c-](C)c(=O)o1|CCCCN|water|298.15,4,True,True,1.0
elst_dft,45,*C(=O)C#CF.CNC(=O)c1[nH+][c-](C#N)c(=O)o1|CCCCN|water|298.15,3,True,True,
elst_dft,45,*C([H])=C([H])[H].N#Cc1oc(=O)[c-](-c2ccccc2)[o+]1|CCCCO|water|298.15,3,False,True,
elst_dft,45,*C1=C(C([H])([H])[H])C2([H])C([H])([H])C([H])([H])C1([H])C2([H])[H].COC(=O)[N-][N+]#CC(C)=O|CCCNN|water|298.15,3,False,True,
elst_dft,45,*C(=C(C([H])([H])[H])C([H])([H])[H])C([H])([H])[H].COC(=O)[c-]1[nH+]c(C(C)=O)oc1=O|CCCCN|water|298.15,3,False,True,
elst_dft,45,*C#CC(=O)OC([H])([H])[H].CNC(=O)[c-]1c(=O)oc(C#N)[n+]1C|CCCCN|water|298.15,4,False,True,0.39999999999999997
elst_dft,45,*C(=[O+][N-]C([H])([H])[H])c1c([H])c([H])c([H])c([H])c1[H].CNC(=O)C1=C(C#N)C2CCC1C2|CCCNO|water|298.15,4,False,True,0.39999999999999997
elst_dft,45,*[C-]([O+]=C(C#N)C(=O)OC([H])([H])[H])C([H])([H])[H].CNC(=O)C1=C(F)C2CCC1C2|CCCCO|water|298.15,4,False,True,0.7999999999999999
elst_dft,45,*c1oc(=O)[c-](-c2c([H])c([H])c([H])c([H])c2[H])[n+]1C([H])([H])[H].CC(=O)C1=C(Cl)C2CCC1C2|CCCCN|water|298.15,4,True,True,0.39999999999999997
elst_dft,45,*c1oc(=O)[c-](C(=O)OC([H])([H])[H])[o+]1.CC(=O)C1=C(Br)C2CCC1C2|CCCCO|water|298.15,4,True,True,1.0
elst_dft,45,*C([H])=[N+]([C-](C#N)C(=O)C([H])([H])[H])C([H])([H])[H].N#CC1=C(c2ccccc2)C2CCC1C2|CCCCN|water|298.15,4,False,True,0.7999999999999999
elst_dft,45,*C1=C([H])C2([H])C([H])([H])C([H])([H])C1([H])C2([H])[H].COC(=O)[C-](C)[O+]=C(c1ccccc1)c1ccccc1|CCCCO|water|298.15,3,True,True,
elst_dft,45,*C1=C(Br)C2([H])C([H])([H])C([H])([H])C1([H])C2([H])[H].CC(=O)c1[nH+][c-](-c2ccccc2)c(=O)o1|CCCCN|water|298.15,4,False,True,0.7999999999999999
elst_dft,45,*C(c1c([H])c([H])c([H])c([H])c1[H])=[N+]([C-](C(=O)N([H])C([H])([H])[H])C([H])([H])[H])C([H])([H])[H].CC1=C(Br)C2C=CC1O2|CCCCN|water|298.15,7,True,True,0.7500000000000002
elst_dft,45,*C1=C(C(F)(F)F)C2([H])OC1([H])C([H])=C2[H].COC(=O)[C-]([N+]#CC(C)=O)c1ccccc1|CCCCN|water|298.15,5,True,True,0.7
elst_dft,45,*C(=O)C1=C(Br)C2([H])OC1([H])C([H])=C2[H].CNC(=O)C(=[NH+][C-](C)C#N)C(=O)OC|CCCCN|water|298.15,8,False,True,0.7619047619047621
elst_dft,45,*C1(C([H])([H])[H])C#CC(c2c([H])c([H])c([H])c([H])c2[H])(c2c([H])c([H])c([H])c([H])c2[H])C([H])([H])C([H])([H])C([H])([H])C1([H])[H].CNC(=O)[C-](C#N)[NH+]=C(C)C#N|CCCCN|water|298.15,4,False,True,0.39999999999999997
elst_dft,45,*[C-]([O+]=C(C(=O)N([H])C([H])([H])[H])c1c([H])c([H])c([H])c([H])c1[H])C([H])([H])[H].CNC(=O)C1=C(Br)C2CCC1C2|CCCCO|water|298.15,3,True,True,
elst_dft,45,*C1([H])C#CC(C(=O)OC([H])([H])[H])(C(=O)OC([H])([H])[H])C([H])([H])C([H])([H])C([H])([H])C1([H])[H].CC(=O)[c-]1c(=O)oc(-c2ccccc2)[n+]1C|CCCCN|water|298.15,4,True,True,0.7999999999999999
elst_dft,45,*C1(c2c([H])c([H])c([H])c([H])c2[H])C#CC(c2c([H])c([H])c([H])c([H])c2[H])(c2c([H])c([H])c([H])c([H])c2[H])C([H])([H])C([H])([H])C([H])([H])C1([H])[H].C[C-]([N+]#N)c1ccccc1|CCCNN|water|298.15,3,True,True,
elst_dft,45,*C#[N+][C-]([H])c1c([H])c([H])c([H])c([H])c1[H].C=C|CCCCN|water|298.15,3,False,True,
elst_dft,45,*[C-]([H])[N+](=C(C#N)C([H])([H])[H])C([H])([H])[H].C/C=C\C|CCCCN|water|298.15,3,False,True,
elst_dft,45,*C([H])=C(C([H])([H])[H])C([H])([H])[H].C[c-]1[o+]noc1=O|CCCNO|water|298.15,4,True,True,1.0
elst_dft,45,*[c-]1[o+]noc1=O.CC(C)=CC=O|CCCNO|water|298.15,4,False,True,0.6000000000000001
elst_dft,45,*[C-]([N+]#CC(=O)OC([H])([H])[H])C([H])([H])[H].CC(C)=CC=O|CCCCN|water|298.15,6,True,True,0.8285714285714287
elst_dft,45,*[C-]([H])[N+]#CC(=O)C([H])([H])[H].CC(C)=CC=O|CCCCN|water|298.15,4,False,False,-0.19999999999999998
elst_dft,45,*[C-]([N+]#CC(=O)C([H])([H])[H])C(=O)C([H])([H])[H].CC(C)=CC=O|CCCCN|water|298.15,3,True,True,
elst_dft,45,*C#[N+][C-](c1c([H])c([H])c([H])c([H])c1[H])C([H])([H])[H].C/C=C\C|CCCCN|water|298.15,4,False,True,0.39999999999999997
elst_dft,45,*C#[N+][C-](C([H])([H])[H])C([H])([H])[H].C=C(C)/C=C/C=C(C)C|CCCCN|water|298.15,9,False,True,0.7666666666666667
elst_dft,45,*C(C(=O)C([H])([H])[H])=[N+]([C-]([H])C([H])([H])[H])C([H])([H])[H].CC(C)=CC=O|CCCCN|water|298.15,4,True,True,1.0
elst_dft,45,*C#[N+][C-](C#N)C(=O)C([H])([H])[H].CC(C)=C(C)C|CCCCN|water|298.15,3,True,True,
elst_dft,45,*C(C#N)=[N+]([H])[N-]C(=O)C([H])([H])[H].CC(C)=CC=O|CCCNN|water|298.15,4,False,True,0.7999999999999999
elst_dft,45,*C(C(=O)OC([H])([H])[H])=[N+]([H])[N-]C#N.CC(C)=CC=O|CCCNN|water|298.15,4,True,True,1.0
elst_dft,45,*C(=O)[c-]1c(=O)oc(C([H])([H])[H])[n+]1[H].CC(C)=CC=O|CCCCN|water|298.15,3,False,True,
elst_dft,45,*[c-]1[o+]noc1=O.C=C(C)/C=C/C=C(C)C|CCCNO|water|298.15,8,False,True,0.5000000000000001
elst_dft,45,*[N-][N+]#CC([H])([H])[H].C=C(C)/C=C/C=C(C)C|CCCNN|water|298.15,7,True,True,0.7142857142857144
elst_dft,45,*[C-]([N+]#CC(=O)C([H])([H])[H])c1c([H])c([H])c([H])c([H])c1[H].C/C=C\C|CCCCN|water|298.15,3,True,True,
elst_dft,45,*C([H])=C(C([H])([H])[H])C([H])([H])[H].CNC(=O)[c-]1[nH+]c(C)oc1=O|CCCCN|water|298.15,4,True,True,0.7999999999999999
elst_dft,45,*c1oc(=O)[c-](C(=O)N([H])C([H])([H])[H])[n+]1[H].CC(C)=CC=O|CCCCN|water|298.15,4,False,True,0.7999999999999999
elst_dft,45,*[C-]([N+]#CC(=O)C([H])([H])[H])c1c([H])c([H])c([H])c([H])c1[H].CC(C)=CC=O|CCCCN|water|298.15,5,True,True,0.7
elst_dft,45,*c1oc(=O)[c-](C([H])([H])[H])[n+]1[H].C=C(C)/C=C/C=C(C)C|CCCCN|water|298.15,18,False,False,0.5314757481940144
elst_dft,45,*[C-]([N+]#N)C(=O)OC([H])([H])[H].C=C(C)/C=C/C=C(C)C|CCCNN|water|298.15,9,False,True,0.75
elst_dft,45,*c1oc(=O)[c-](C([H])([H])[H])[n+]1[H].CN1C=CCC(C(N)=O)=C1|CCCCN|water|298.15,6,False,True,0.6571428571428573
elst_dft,45,*[c-]1c(=O)oc(C([H])([H])[H])[n+]1[H].CN1C=CCC(C(N)=O)=C1|CCCCN|water|298.15,12,False,True,0.8111888111888113
elst_dft,45,*[C-]([N+]#CC(=O)OC([H])([H])[H])C([H])([H])[H].C=C(C)/C=C/C=C(C)C|CCCCN|water|298.15,15,False,False,0.7357142857142855
elst_dft,45,*C#[N+][N-]c1c([H])c([H])c([H])c([H])c1[H].C=C(C)/C=C/C=C(C)C|CCCNN|water|298.15,3,True,True,
elst_dft,45,*[C-](C(=O)N([H])C([H])([H])[H])[N+]([H])=C(C(=O)N([H])C([H])([H])[H])C([H])([H])[H].CC(C)=CC=O|CCCCN|water|298.15,4,True,True,0.7999999999999999
elst_dft,45,*C([H])=C(C([H])([H])[H])C([H])([H])[H].C[c-]1[nH+]c(-c2ccccc2)oc1=O|CCCCN|water|298.15,3,False,True,
elst_dft,45,*[c-]1[o+]c(C#N)oc1=O.CN1C=CCC(C(N)=O)=C1|CCCCO|water|298.15,5,False,True,0.6
elst_dft,45,*[C-]([N+]#CC#N)C(=O)OC([H])([H])[H].C=C(C)/C=C/C=C(C)C|CCCCN|water|298.15,14,False,False,0.5032967032967033
elst_dft,45,*C([H])=C(C([H])([H])[H])C([H])([H])[H].COC(=O)[N-][NH+]=Cc1ccccc1|CCCNN|water|298.15,3,True,True,
elst_dft,45,*[N+]([N-]C(=O)OC([H])([H])[H])=C([H])c1c([H])c([H])c([H])c([H])c1[H].CC(C)=CC=O|CCCNN|water|298.15,3,False,True,
elst_dft,45,*C(=O)C#[N+][C-](C(=O)C([H])([H])[H])C([H])([H])[H].C=C(C)/C=C/C=C(C)C|CCCCN|water|298.15,8,False,True,0.8095238095238096
elst_dft,45,*[C-]([N+]#CC(=O)C([H])([H])[H])C(=O)C([H])([H])[H].C=C(C)/C=C/C=C(C)C|CCCCN|water|298.15,8,True,True,0.7142857142857144
elst_dft,45,*C(C(=O)OC([H])([H])[H])=[N+]([H])[C-]([H])C#N.C=C(C)/C=C/C=C(C)C|CCCCN|water|298.15,12,True,True,-0.04195804195804196
elst_dft,45,*C(C(=O)N([H])C([H])([H])[H])=[N+]([C-]([H])C#N)C([H])([H])[H].CC(C)=CC=O|CCCCN|water|298.15,4,False,True,0.7999999999999999
elst_dft,45,*[C-]([H])[N+](=C(C(=O)N([H])C([H])([H])[H])C(=O)C([H])([H])[H])C([H])([H])[H].CC(C)=CC=O|CCCCN|water|298.15,4,True,True,1.0
elst_dft,45,*[C-](C#N)[N+]#CC(=O)OC([H])([H])[H].CN1C=CCC(C(N)=O)=C1|CCCCN|water|298.15,5,True,True,0.6
elst_dft,45,*[C-]([N+]#CC#N)C([H])([H])[H].COC1=C(OC)C(=O)C(C)=C(C)C1=O|CCCCN|water|298.15,4,True,True,0.7999999999999999
elst_dft,45,*[C-](C#N)[N+]([H])=C(C(=O)N([H])C([H])([H])[H])C([H])([H])[H].CN1C=CCC(C(N)=O)=C1|CCCCN|water|298.15,7,False,False,0.7500000000000002
elst_dft,45,*C([H])=C(C([H])([H])[H])C([H])([H])[H].C[CH-][N+](C)=C(C(C)=O)c1ccccc1|CCCCN|water|298.15,4,True,True,1.0
elst_dft,45,*C([H])=[N+]([C-](c1c([H])c([H])c([H])c([H])c1[H])C([H])([H])[H])C([H])([H])[H].C=C(C)/C=C/C=C(C)C|CCCCN|water|298.15,15,False,True,0.575
elst_dft,45,*C([H])=[O+][N-]C(=O)OC([H])([H])[H].CN1C=CCC(C(N)=O)=C1|CCCNO|water|298.15,4,True,True,1.0
elst_dft,45,*[C-](C#N)[N+](=C(C(=O)N([H])C([H])([H])[H])C(=O)N([H])C([H])([H])[H])C([H])([H])[H].CC(C)=CC=O|CCCCN|water|298.15,4,False,True,0.39999999999999997
elst_dft,45,*c1oc(=O)[c-](C(=O)N([H])C([H])([H])[H])[n+]1[H].C=C(C)/C=C/C=C(C)C|CCCCN|water|298.15,11,True,True,0.6545454545454547
elst_dft,45,*C([H])=C(C([H])([H])[H])C([H])([H])[H].CC(=O)C#[N+][C-](C(C)=O)c1ccccc1|CCCCN|water|298.15,3,True,True,
elst_dft,45,*C(=O)C#[N+][C-](C(=O)C([H])([H])[H])c1c([H])c([H])c([H])c([H])c1[H].CC(C)=CC=O|CCCCN|water|298.15,3,False,True,
elst_dft,45,*C(=O)[C-]([N+]#CC#N)C(=O)C([H])([H])[H].C=C(C)/C=C/C=C(C)C|CCCCN|water|298.15,8,True,True,0.4047619047619048
elst_dft,45,*[C-]([N+]#CC#N)C(=O)C([H])([H])[H].C=C(C)/C=C/C=C(C)C|CCCCN|water|298.15,12,True,True,0.4895104895104896
elst_dft,45,*C#[N+][C-](C(=O)OC([H])([H])[H])C(=O)C([H])([H])[H].C=C(C)/C=C/C=C(C)C|CCCCN|water|298.15,10,False,False,0.17575757575757575
elst_dft,45,*C(C(=O)C([H])([H])[H])=[N+]([H])[N-]c1c([H])c([H])c([H])c([H])c1[H].C=C(C)/C=C/C=C(C)C|CCCNN|water|298.15,10,True,True,0.6606060606060605
elst_dft,45,*[C-]([N+]#CC#N)C(=O)N([H])C([H])([H])[H].C=C(C)/C=C/C=C(C)C|CCCCN|water|298.15,8,True,True,0.9523809523809524
elst_dft,45,*C(c1c([H])c([H])c([H])c([H])c1[H])=[N+]([N-][H])C([H])([H])[H].CN1C=CCC(C(N)=O)=C1|CCCNN|water|298.15,5,True,True,0.8999999999999998
elst_dft,45,*c1oc(=O)[c-](C(=O)N([H])C([H])([H])[H])[o+]1.C=C(C)/C=C/C=C(C)C|CCCCO|water|298.15,12,True,True,0.5174825174825175
elst_dft,45,*[c-]1c(=O)oc(C(=O)C([H])([H])[H])[n+]1C([H])([H])[H].CN1C=CCC(C(N)=O)=C1|CCCCN|water|298.15,10,True,True,0.8424242424242423
elst_dft,45,*[N-][N+]#CC(=O)N([H])C([H])([H])[H].COC1=C(OC)C(=O)C(C)=C(C)C1=O|CCCNN|water|298.15,3,False,True,
elst_dft,45,*C#[N+][C-](C#N)C([H])([H])[H].COC1=C(OC)C(=O)C(C)=C(C)C1=O|CCCCN|water|298.15,6,True,True,0.942857142857143
elst_dft,45,*C(C#N)=[N+]([C-](C(=O)N([H])C([H])([H])[H])C([H])([H])[H])C([H])([H])[H].CC(C)=CC=O|CCCCN|water|298.15,4,True,True,1.0
elst_dft,45,*C(=[O+][N-]C(=O)OC([H])([H])[H])C(=O)N([H])C([H])([H])[H].CN1C=CCC(C(N)=O)=C1|CCCNO|water|298.15,3,True,True,
elst_dft,45,*C#[N+][C-](C(=O)N([H])C([H])([H])[H])c1c([H])c([H])c([H])c([H])c1[H].CC(C)=CC=O|CCCCN|water|298.15,4,True,True,0.7999999999999999
elst_dft,45,*[C-](C(=O)N([H])C([H])([H])[H])[N+](=C(C#N)C#N)C([H])([H])[H].CN1C=CCC(C(N)=O)=C1|CCCCN|water|298.15,8,True,True,0.9047619047619048
elst_dft,45,*[C-](C(=O)OC([H])([H])[H])[N+]([H])=C(C(=O)N([H])C([H])([H])[H])C(=O)N([H])C([H])([H])[H].CC(C)=CC=O|CCCCN|water|298.15,4,True,True,0.7999999999999999
elst_dft,45,*[C-]([N+]#CC#N)C(=O)N([H])C([H])([H])[H].CN1C=CCC(C(N)=O)=C1|CCCCN|water|298.15,4,True,True,0.7999999999999999
elst_dft,45,*C#[N+][C-](C(=O)OC([H])([H])[H])c1c([H])c([H])c([H])c([H])c1[H].C=C(C)/C=C/C=C(C)C|CCCCN|water|298.15,7,False,True,0.7857142857142859
elst_dft,45,*[c-]1c(=O)oc(-c2c([H])c([H])c([H])c([H])c2[H])[n+]1[H].C=C(C)/C=C/C=C(C)C|CCCCN|water|298.15,18,False,True,0.7048503611971104
elst_dft,45,*C(=O)C#[N+][N-]C#N.COC1=C(OC)C(=O)C(C)=C(C)C1=O|CCCNN|water|298.15,3,True,True,
elst_dft,45,*[C-](C(=O)N([H])C([H])([H])[H])[N+](=C(C#N)c1c([H])c([H])c([H])c([H])c1[H])C([H])([H])[H].CC(C)=CC=O|CCCCN|water|298.15,4,True,True,1.0
elst_dft,45,*C#[N+][C-](C(=O)OC([H])([H])[H])C(=O)OC([H])([H])[H].C=C(C)/C=C/C=C(C)C|CCCCN|water|298.15,6,True,True,0.48571428571428577
elst_dft,45,*C([H])=[O+][C-](C#N)c1c([H])c([H])c([H])c([H])c1[H].CN1C=CCC(C(N)=O)=C1|CCCCO|water|298.15,5,False,False,0.3
elst_dft,45,*C(=O)[C-]([N+]#CC#N)c1c([H])c([H])c([H])c([H])c1[H].C=C(C)/C=C/C=C(C)C|CCCCN|water|298.15,9,True,True,0.7
elst_dft,45,*C#[N+][C-](C(=O)C([H])([H])[H])c1c([H])c([H])c([H])c([H])c1[H].C=C(C)/C=C/C=C(C)C|CCCCN|water|298.15,9,True,True,0.8833333333333333
elst_dft,45,*c1oc(=O)[c-](C(=O)OC([H])([H])[H])[n+]1C([H])([H])[H].CN1C=CCC(C(N)=O)=C1|CCCCN|water|298.15,11,True,True,0.9636363636363637
elst_dft,45,*c1oc(=O)[c-](-c2c([H])c([H])c([H])c([H])c2[H])[n+]1[H].CN1C=CCC(C(N)=O)=C1|CCCCN|water|298.15,7,True,True,1.0
elst_dft,45,*C(=[N+]([H])[C-](C#N)c1c([H])c([H])c([H])c([H])c1[H])C([H])([H])[H].CN1C=CCC(C(N)=O)=C1|CCCCN|water|298.15,8,True,True,0.9047619047619048
elst_dft,45,*[C-](c1c([H])c([H])c([H])c([H])c1[H])[N+]([H])=C(C([H])([H])[H])C([H])([H])[H].CN1C=CCC(C(N)=O)=C1|CCCCN|water|298.15,8,True,True,0.8333333333333335
elst_dft,45,*[C-]([O+]=C([H])C(=O)C([H])([H])[H])c1c([H])c([H])c([H])c([H])c1[H].C=C(C)/C=C/C=C(C)C|CCCCO|water|298.15,10,False,True,0.8303030303030302
elst_dft,45,*[N-][O+]=C(C(=O)OC([H])([H])[H])C(=O)N([H])C([H])([H])[H].CN1C=CCC(C(N)=O)=C1|CCCNO|water|298.15,4,True,True,0.7999999999999999
elst_dft,45,*[c-]1c(=O)oc(C#N)[n+]1C([H])([H])[H].CN1C=CCC(C(N)=O)=C1|CCCCN|water|298.15,7,False,True,0.7142857142857144
elst_dft,45,*[N-][O+]=C([H])c1c([H])c([H])c([H])c([H])c1[H].CN1C=CCC(C(N)=O)=C1|CCCNO|water|298.15,5,True,True,0.9999999999999999
elst_dft,45,*C(C(=O)OC([H])([H])[H])=[N+]([H])[C-](C#N)C#N.C=C(C)/C=C/C=C(C)C|CCCCN|water|298.15,11,True,True,0.6363636363636364
elst_dft,45,*[C-]([O+]=C([H])c1c([H])c([H])c([H])c([H])c1[H])C(=O)OC([H])([H])[H].C=C(C)/C=C/C=C(C)C|CCCCO|water|298.15,10,True,True,0.5515151515151515
elst_dft,45,*[c-]1[o+]c(C(=O)OC([H])([H])[H])oc1=O.CN1C=CCC(C(N)=O)=C1|CCCCO|water|298.15,6,False,True,0.5428571428571429
elst_dft,45,*C(c1c([H])c([H])c([H])c([H])c1[H])=[N+]([C-](C#N)C#N)C([H])([H])[H].CN1C=CCC(C(N)=O)=C1|CCCCN|water|298.15,10,False,True,0.41818181818181815
elst_dft,45,*C([H])=C(C([H])([H])[H])C([H])([H])[H].CNC(=O)C(=[O+][N-]c1ccccc1)C(=O)OC|CCCNO|water|298.15,4,True,True,1.0
elst_dft,45,*C([H])=C(C([H])([H])[H])C([H])([H])[H].COC(=O)[CH-][O+]=C(C(=O)OC)c1ccccc1|CCCCO|water|298.15,4,False,False,-0.39999999999999997
elst_dft,45,*C#[N+][C-](C(=O)C([H])([H])[H])C(=O)C([H])([H])[H].CN1C=CCC(C(N)=O)=C1|CCCCN|water|298.15,4,True,True,1.0
elst_dft,45,*[C-]([N+]#CC(=O)N([H])C([H])([H])[H])C(=O)OC([H])([H])[H].C=C(C)/C=C/C=C(C)C|CCCCN|water|298.15,10,True,True,0.29696969696969694
elst_dft,45,*C(c1c([H])c([H])c([H])c([H])c1[H])=[N+]([N-]C(=O)C([H])([H])[H])C([H])([H])[H].C=C(C)/C=C/C=C(C)C|CCCNN|water|298.15,7,False,True,0.7142857142857144
elst_dft,45,*[C-]([H])[O+]=C(C(=O)OC([H])([H])[H])c1c([H])c([H])c([H])c([H])c1[H].C=C(C)/C=C/C=C(C)C|CCCCO|water|298.15,10,False,True,0.6363636363636362
elst_dft,45,*[C-]([N+]#Cc1c([H])c([H])c([H])c([H])c1[H])c1c([H])c([H])c([H])c([H])c1[H].CN1C=CCC(C(N)=O)=C1|CCCCN|water|298.15,7,True,True,0.7500000000000002
elst_dft,45,*C#[N+][C-](c1c([H])c([H])c([H])c([H])c1[H])c1c([H])c([H])c([H])c([H])c1[H].CN1C=CCC(C(N)=O)=C1|CCCCN|water|298.15,9,True,True,0.7
elst_dft,45,*C(=[N+]([H])[C-](C(=O)N([H])C([H])([H])[H])C(=O)N([H])C([H])([H])[H])C([H])([H])[H].CN1C=CCC(C(N)=O)=C1|CCCCN|water|298.15,7,False,True,0.7142857142857144
elst_dft,45,*c1oc(=O)[c-](-c2c([H])c([H])c([H])c([H])c2[H])[n+]1C([H])([H])[H].CN1C=CCC(C(N)=O)=C1|CCCCN|water|298.15,8,False,True,0.7619047619047621
elst_dft,45,*[n+]1c(-c2c([H])c([H])c([H])c([H])c2[H])oc(=O)[c-]1C(=O)N([H])C([H])([H])[H].C=C(C)/C=C/C=C(C)C|CCCCN|water|298.15,11,True,True,0.8272727272727273
elst_dft,45,*C(=[O+][C-](C#N)C#N)C(=O)OC([H])([H])[H].CN1C=CCC(C(N)=O)=C1|CCCCO|water|298.15,5,True,True,0.3
elst_dft,45,*[C-]([N+]#Cc1c([H])c([H])c([H])c([H])c1[H])C([H])([H])[H].COC1=C(OC)C(=O)C(C)=C(C)C1=O|CCCCN|water|298.15,3,False,True,
elst_dft,45,*C(=[O+][C-](C(=O)N([H])C([H])([H])[H])C(=O)N([H])C([H])([H])[H])c1c([H])c([H])c([H])c([H])c1[H].CC(C)=CC=O|CCCCO|water|298.15,4,False,True,-0.19999999999999998
elst_dft,45,*C(=O)C#[N+][C-](C(=O)OC([H])([H])[H])C(=O)OC([H])([H])[H].CN1C=CCC(C(N)=O)=C1|CCCCN|water|298.15,6,True,True,0.942857142857143
elst_dft,45,*C(C(=O)OC([H])([H])[H])=[N+]([N-]C([H])([H])[H])C([H])([H])[H].COC1=C(OC)C(=O)C(C)=C(C)C1=O|CCCNN|water|298.15,4,True,True,0.7999999999999999
elst_dft,45,*C(=[O+][C-](C#N)C(=O)OC([H])([H])[H])c1c([H])c([H])c([H])c([H])c1[H].CN1C=CCC(C(N)=O)=C1|CCCCO|water|298.15,7,True,True,0.7857142857142859
elst_dft,45,*C(=O)c1oc(=O)[c-](-c2c([H])c([H])c([H])c([H])c2[H])[o+]1.CN1C=CCC(C(N)=O)=C1|CCCCO|water|298.15,7,False,True,0.5
elst_dft,45,*c1oc(=O)[c-](-c2c([H])c([H])c([H])c([H])c2[H])[o+]1.CN1C=CCC(C(N)=O)=C1|CCCCO|water|298.15,11,True,True,0.7636363636363637
elst_dft,45,*[C-](C(=O)C([H])([H])[H])[N+](=C([H])C(=O)OC([H])([H])[H])C([H])([H])[H].CN1C=CCC(C(N)=O)=C1|CCCCN|water|298.15,7,False,True,0.9642857142857145
elst_dft,45,*C(C(=O)OC([H])([H])[H])=[N+]([C-](C(=O)C([H])([H])[H])C([H])([H])[H])C([H])([H])[H].CN1C=CCC(C(N)=O)=C1|CCCCN|water|298.15,5,True,True,0.7
elst_dft,45,*[N+](=C(C(=O)N([H])C([H])([H])[H])c1c([H])c([H])c([H])c([H])c1[H])[C-](C(=O)OC([H])([H])[H])C(=O)C([H])([H])[H].CC(C)=CC=O|CCCCN|water|298.15,4,True,True,1.0
elst_dft,45,*[C-](C#N)[O+]=C(C(=O)OC([H])([H])[H])c1c([H])c([H])c([H])c([H])c1[H].CN1C=CCC(C(N)=O)=C1|CCCCO|water|298.15,6,False,True,0.3714285714285715
elst_dft,45,*[N+](=C([H])C(=O)N([H])C([H])([H])[H])[C-](C#N)C(=O)C([H])([H])[H].COC1=C(OC)C(=O)C(C)=C(C)C1=O|CCCCN|water|298.15,4,True,True,0.19999999999999998
elst_dft,45,*C(=O)[C-]([N+](=C(C#N)C([H])([H])[H])C([H])([H])[H])C([H])([H])[H].COC1=C(OC)C(=O)C(C)=C(C)C1=O|CCCCN|water|298.15,4,False,False,-0.39999999999999997
elst_dft,45,*C(=[O+][C-]([H])C(=O)OC([H])([H])[H])C([H])([H])[H].COC1=C(OC)C(=O)C(C)=C(C)C1=O|CCCCO|water|298.15,3,False,True,
elst_dft,45,*c1oc(=O)[c-](-c2c([H])c([H])c([H])c([H])c2[H])[o+]1.COC1=C(OC)C(=O)C(C)=C(C)C1=O|CCCCO|water|298.15,4,True,True,1.0
elst_dft,45,*c1oc(=O)[c-](C(=O)OC([H])([H])[H])[o+]1.COC1=C(OC)C(=O)C(C)=C(C)C1=O|CCCCO|water|298.15,4,False,True,0.39999999999999997
elst_dft,45,*[c-]1[o+]c(C(=O)N([H])C([H])([H])[H])oc1=O.COC1=C(OC)C(=O)C(C)=C(C)C1=O|CCCCO|water|298.15,6,False,True,0.3714285714285715
elst_dft,45,*[C-](C(=O)C([H])([H])[H])[N+](=C(C(=O)N([H])C([H])([H])[H])c1c([H])c([H])c([H])c([H])c1[H])C([H])([H])[H].CC(C)=CC=O|CCCCN|water|298.15,4,True,True,0.39999999999999997
elst_dft,45,*[C-](C(=O)OC([H])([H])[H])[N+]([H])=C(C(=O)N([H])C([H])([H])[H])C([H])([H])[H].COC1=C(OC)C(=O)C(C)=C(C)C1=O|CCCCN|water|298.15,4,False,True,0.39999999999999997
elst_dft,45,*[c-]1c(=O)oc(-c2c([H])c([H])c([H])c([H])c2[H])[n+]1C([H])([H])[H].COC1=C(OC)C(=O)C(C)=C(C)C1=O|CCCCN|water|298.15,4,True,True,1.0
elst_dft,45,*[C-](C(=O)OC([H])([H])[H])[N+](=C(C(=O)OC([H])([H])[H])c1c([H])c([H])c([H])c([H])c1[H])C([H])([H])[H].C=C(C)/C=C/C=C(C)C|CCCCN|water|298.15,10,False,False,0.6484848484848483
elst_dft,45,*[c-]1[o+]c(C(=O)OC([H])([H])[H])oc1=O.COC1=C(OC)C(=O)C(C)=C(C)C1=O|CCCCO|water|298.15,4,True,True,0.7999999999999999
elst_dft,45,*c1oc(=O)[c-](C(=O)N([H])C([H])([H])[H])[o+]1.COC1=C(OC)C(=O)C(C)=C(C)C1=O|CCCCO|water|298.15,4,True,True,1.0
elst_dft,45,*C(c1c([H])c([H])c([H])c([H])c1[H])=[N+]([H])[C-](C#N)C(=O)N([H])C([H])([H])[H].COC1=C(OC)C(=O)C(C)=C(C)C1=O|CCCCN|water|298.15,4,False,True,0.7999999999999999
elst_dft,45,*C(=O)C(C(=O)OC([H])([H])[H])=[N+]([H])[C-](C(=O)OC([H])([H])[H])c1c([H])c([H])c([H])c([H])c1[H].C=C(C)/C=C/C=C(C)C|CCCCN|water|298.15,11,False,True,0.7000000000000001
elst_dft,45,*[C-]([O+]=C(C(=O)N([H])C([H])([H])[H])c1c([H])c([H])c([H])c([H])c1[H])C(=O)N([H])C([H])([H])[H].COC1=C(OC)C(=O)C(C)=C(C)C1=O|CCCCO|water|298.15,3,True,True,
elst_dft,45,*[C-](c1c([H])c([H])c([H])c([H])c1[H])[N+](=C(C#N)c1c([H])c([H])c([H])c([H])c1[H])C([H])([H])[H].COC1=C(OC)C(=O)C(C)=C(C)C1=O|CCCCN|water|298.15,4,False,True,0.7999999999999999
elst_dft,45,*C(=[O+][C-](c1c([H])c([H])c([H])c([H])c1[H])C([H])([H])[H])C(=O)C([H])([H])[H].COC1=C(OC)C(=O)C(C)=C(C)C1=O|CCCCO|water|298.15,4,True,True,0.7999999999999999
elst_dft,45,*[C-](C#N)[N+](=C(C(=O)N([H])C([H])([H])[H])c1c([H])c([H])c([H])c([H])c1[H])C([H])([H])[H].COC1=C(OC)C(=O)C(C)=C(C)C1=O|CCCCN|water|298.15,4,False,True,0.19999999999999998
elst_dft,46,*C#CC(=O)N([H])C([H])([H])[H].CC(=O)c1[nH+][c-](C)c(=O)o1|CCCCN|water|298.15,4,True,True,1.0
elst_dft,46,*C(=O)C#CF.CNC(=O)c1[nH+][c-](C#N)c(=O)o1|CCCCN|water|298.15,3,True,True,
elst_dft,46,*C([H])=C([H])[H].N#Cc1oc(=O)[c-](-c2ccccc2)[o+]1|CCCCO|water|298.15,3,False,True,
elst_dft,46,*C1=C(C([H])([H])[H])C2([H])C([H])([H])C([H])([H])C1([H])C2([H])[H].COC(=O)[N-][N+]#CC(C)=O|CCCNN|water|298.15,3,True,True,
elst_dft,46,*C(=C(C([H])([H])[H])C([H])([H])[H])C([H])([H])[H].COC(=O)[c-]1[nH+]c(C(C)=O)oc1=O|CCCCN|water|298.15,3,False,True,
elst_dft,46,*C#CC(=O)OC([H])([H])[H].CNC(=O)[c-]1c(=O)oc(C#N)[n+]1C|CCCCN|water|298.15,4,True,True,0.7999999999999999
elst_dft,46,*C(=[O+][N-]C([H])([H])[H])c1c([H])c([H])c([H])c([H])c1[H].CNC(=O)C1=C(C#N)C2CCC1C2|CCCNO|water|298.15,4,False,True,0.19999999999999998
elst_dft,46,*[C-]([O+]=C(C#N)C(=O)OC([H])([H])[H])C([H])([H])[H].CNC(=O)C1=C(F)C2CCC1C2|CCCCO|water|298.15,4,False,True,0.7999999999999999
elst_dft,46,*c1oc(=O)[c-](-c2c([H])c([H])c([H])c([H])c2[H])[n+]1C([H])([H])[H].CC(=O)C1=C(Cl)C2CCC1C2|CCCCN|water|298.15,4,False,True,0.39999999999999997
elst_dft,46,*c1oc(=O)[c-](C(=O)OC([H])([H])[H])[o+]1.CC(=O)C1=C(Br)C2CCC1C2|CCCCO|water|298.15,4,False,True,0.7999999999999999
elst_dft,46,*C([H])=[N+]([C-](C#N)C(=O)C([H])([H])[H])C([H])([H])[H].N#CC1=C(c2ccccc2)C2CCC1C2|CCCCN|water|298.15,4,False,True,0.7999999999999999
elst_dft,46,*C1=C([H])C2([H])C([H])([H])C([H])([H])C1([H])C2([H])[H].COC(=O)[C-](C)[O+]=C(c1ccccc1)c1ccccc1|CCCCO|water|298.15,3,True,True,
elst_dft,46,*C1=C(Br)C2([H])C([H])([H])C([H])([H])C1([H])C2([H])[H].CC(=O)c1[nH+][c-](-c2ccccc2)c(=O)o1|CCCCN|water|298.15,4,True,True,1.0
elst_dft,46,*C(c1c([H])c([H])c([H])c([H])c1[H])=[N+]([C-](C(=O)N([H])C([H])([H])[H])C([H])([H])[H])C([H])([H])[H].CC1=C(Br)C2C=CC1O2|CCCCN|water|298.15,7,True,True,0.9642857142857145
elst_dft,46,*C1=C(C(F)(F)F)C2([H])OC1([H])C([H])=C2[H].COC(=O)[C-]([N+]#CC(C)=O)c1ccccc1|CCCCN|water|298.15,5,True,True,0.9999999999999999
elst_dft,46,*C(=O)C1=C(Br)C2([H])OC1([H])C([H])=C2[H].CNC(=O)C(=[NH+][C-](C)C#N)C(=O)OC|CCCCN|water|298.15,8,False,True,0.5000000000000001
elst_dft,46,*C1(C([H])([H])[H])C#CC(c2c([H])c([H])c([H])c([H])c2[H])(c2c([H])c([H])c([H])c([H])c2[H])C([H])([H])C([H])([H])C([H])([H])C1([H])[H].CNC(=O)[C-](C#N)[NH+]=C(C)C#N|CCCCN|water|298.15,4,False,True,0.39999999999999997
elst_dft,46,*[C-]([O+]=C(C(=O)N([H])C([H])([H])[H])c1c([H])c([H])c([H])c([H])c1[H])C([H])([H])[H].CNC(=O)C1=C(Br)C2CCC1C2|CCCCO|water|298.15,3,False,True,
elst_dft,46,*C1([H])C#CC(C(=O)OC([H])([H])[H])(C(=O)OC([H])([H])[H])C([H])([H])C([H])([H])C([H])([H])C1([H])[H].CC(=O)[c-]1c(=O)oc(-c2ccccc2)[n+]1C|CCCCN|water|298.15,4,True,True,0.39999999999999997
elst_dft,46,*C1(c2c([H])c([H])c([H])c([H])c2[H])C#CC(c2c([H])c([H])c([H])c([H])c2[H])(c2c([H])c([H])c([H])c([H])c2[H])C([H])([H])C([H])([H])C([H])([H])C1([H])[H].C[C-]([N+]#N)c1ccccc1|CCCNN|water|298.15,3,True,True,
elst_dft,46,*C#[N+][C-]([H])c1c([H])c([H])c([H])c([H])c1[H].C=C|CCCCN|water|298.15,3,False,True,
elst_dft,46,*[C-]([H])[N+](=C(C#N)C([H])([H])[H])C([H])([H])[H].C/C=C\C|CCCCN|water|298.15,3,True,True,
elst_dft,46,*C([H])=C(C([H])([H])[H])C([H])([H])[H].C[c-]1[o+]noc1=O|CCCNO|water|298.15,4,False,True,0.6000000000000001
elst_dft,46,*[c-]1[o+]noc1=O.CC(C)=CC=O|CCCNO|water|298.15,4,True,True,1.0
elst_dft,46,*[C-]([N+]#CC(=O)OC([H])([H])[H])C([H])([H])[H].CC(C)=CC=O|CCCCN|water|298.15,6,True,True,1.0
elst_dft,46,*[C-]([H])[N+]#CC(=O)C([H])([H])[H].CC(C)=CC=O|CCCCN|water|298.15,4,False,True,0.7999999999999999
elst_dft,46,*[C-]([N+]#CC(=O)C([H])([H])[H])C(=O)C([H])([H])[H].CC(C)=CC=O|CCCCN|water|298.15,3,True,True,
elst_dft,46,*C#[N+][C-](c1c([H])c([H])c([H])c([H])c1[H])C([H])([H])[H].C/C=C\C|CCCCN|water|298.15,4,True,True,0.7999999999999999
elst_dft,46,*C#[N+][C-](C([H])([H])[H])C([H])([H])[H].C=C(C)/C=C/C=C(C)C|CCCCN|water|298.15,9,False,False,0.31666666666666665
elst_dft,46,*C(C(=O)C([H])([H])[H])=[N+]([C-]([H])C([H])([H])[H])C([H])([H])[H].CC(C)=CC=O|CCCCN|water|298.15,4,True,True,1.0
elst_dft,46,*C#[N+][C-](C#N)C(=O)C([H])([H])[H].CC(C)=C(C)C|CCCCN|water|298.15,3,True,True,
elst_dft,46,*C(C#N)=[N+]([H])[N-]C(=O)C([H])([H])[H].CC(C)=CC=O|CCCNN|water|298.15,4,True,True,1.0
elst_dft,46,*C(C(=O)OC([H])([H])[H])=[N+]([H])[N-]C#N.CC(C)=CC=O|CCCNN|water|298.15,4,True,True,0.7999999999999999
elst_dft,46,*C(=O)[c-]1c(=O)oc(C([H])([H])[H])[n+]1[H].CC(C)=CC=O|CCCCN|water|298.15,3,False,True,
elst_dft,46,*[c-]1[o+]noc1=O.C=C(C)/C=C/C=C(C)C|CCCNO|water|298.15,8,True,True,0.261904761904762
elst_dft,46,*[N-][N+]#CC([H])([H])[H].C=C(C)/C=C/C=C(C)C|CCCNN|water|298.15,7,True,True,0.8214285714285715
elst_dft,46,*[C-]([N+]#CC(=O)C([H])([H])[H])c1c([H])c([H])c([H])c([H])c1[H].C/C=C\C|CCCCN|water|298.15,3,True,True,
elst_dft,46,*C([H])=C(C([H])([H])[H])C([H])([H])[H].CNC(=O)[c-]1[nH+]c(C)oc1=O|CCCCN|water|298.15,4,True,True,0.7999999999999999
elst_dft,46,*c1oc(=O)[c-](C(=O)N([H])C([H])([H])[H])[n+]1[H].CC(C)=CC=O|CCCCN|water|298.15,4,True,True,1.0
elst_dft,46,*[C-]([N+]#CC(=O)C([H])([H])[H])c1c([H])c([H])c([H])c([H])c1[H].CC(C)=CC=O|CCCCN|water|298.15,5,False,True,0.7999999999999999
elst_dft,46,*c1oc(=O)[c-](C([H])([H])[H])[n+]1[H].C=C(C)/C=C/C=C(C)C|CCCCN|water|298.15,18,False,False,0.5376676986584108
elst_dft,46,*[C-]([N+]#N)C(=O)OC([H])([H])[H].C=C(C)/C=C/C=C(C)C|CCCNN|water|298.15,9,False,False,0.7666666666666667
elst_dft,46,*c1oc(=O)[c-](C([H])([H])[H])[n+]1[H].CN1C=CCC(C(N)=O)=C1|CCCCN|water|298.15,6,False,True,0.7714285714285715
elst_dft,46,*[c-]1c(=O)oc(C([H])([H])[H])[n+]1[H].CN1C=CCC(C(N)=O)=C1|CCCCN|water|298.15,12,False,True,0.8111888111888113
elst_dft,46,*[C-]([N+]#CC(=O)OC([H])([H])[H])C([H])([H])[H].C=C(C)/C=C/C=C(C)C|CCCCN|water|298.15,15,False,False,0.7107142857142856
elst_dft,46,*C#[N+][N-]c1c([H])c([H])c([H])c([H])c1[H].C=C(C)/C=C/C=C(C)C|CCCNN|water|298.15,3,True,True,
elst_dft,46,*[C-](C(=O)N([H])C([H])([H])[H])[N+]([H])=C(C(=O)N([H])C([H])([H])[H])C([H])([H])[H].CC(C)=CC=O|CCCCN|water|298.15,4,True,True,1.0
elst_dft,46,*C([H])=C(C([H])([H])[H])C([H])([H])[H].C[c-]1[nH+]c(-c2ccccc2)oc1=O|CCCCN|water|298.15,3,False,True,
elst_dft,46,*[c-]1[o+]c(C#N)oc1=O.CN1C=CCC(C(N)=O)=C1|CCCCO|water|298.15,5,True,True,0.7999999999999999
elst_dft,46,*[C-]([N+]#CC#N)C(=O)OC([H])([H])[H].C=C(C)/C=C/C=C(C)C|CCCCN|water|298.15,14,False,True,0.6835164835164835
elst_dft,46,*C([H])=C(C([H])([H])[H])C([H])([H])[H].COC(=O)[N-][NH+]=Cc1ccccc1|CCCNN|water|298.15,3,True,True,
elst_dft,46,*[N+]([N-]C(=O)OC([H])([H])[H])=C([H])c1c([H])c([H])c([H])c([H])c1[H].CC(C)=CC=O|CCCNN|water|298.15,3,False,True,
elst_dft,46,*C(=O)C#[N+][C-](C(=O)C([H])([H])[H])C([H])([H])[H].C=C(C)/C=C/C=C(C)C|CCCCN|water|298.15,8,True,True,0.9523809523809524
elst_dft,46,*[C-]([N+]#CC(=O)C([H])([H])[H])C(=O)C([H])([H])[H].C=C(C)/C=C/C=C(C)C|CCCCN|water|298.15,8,True,True,0.7619047619047621
elst_dft,46,*C(C(=O)OC([H])([H])[H])=[N+]([H])[C-]([H])C#N.C=C(C)/C=C/C=C(C)C|CCCCN|water|298.15,12,True,True,0.04895104895104895
elst_dft,46,*C(C(=O)N([H])C([H])([H])[H])=[N+]([C-]([H])C#N)C([H])([H])[H].CC(C)=CC=O|CCCCN|water|298.15,4,False,True,0.7999999999999999
elst_dft,46,*[C-]([H])[N+](=C(C(=O)N([H])C([H])([H])[H])C(=O)C([H])([H])[H])C([H])([H])[H].CC(C)=CC=O|CCCCN|water|298.15,4,True,True,1.0
elst_dft,46,*[C-](C#N)[N+]#CC(=O)OC([H])([H])[H].CN1C=CCC(C(N)=O)=C1|CCCCN|water|298.15,5,True,True,0.39999999999999997
elst_dft,46,*[C-]([N+]#CC#N)C([H])([H])[H].COC1=C(OC)C(=O)C(C)=C(C)C1=O|CCCCN|water|298.15,4,True,True,0.39999999999999997
elst_dft,46,*[C-](C#N)[N+]([H])=C(C(=O)N([H])C([H])([H])[H])C([H])([H])[H].CN1C=CCC(C(N)=O)=C1|CCCCN|water|298.15,7,False,False,0.642857142857143
elst_dft,46,*C([H])=C(C([H])([H])[H])C([H])([H])[H].C[CH-][N+](C)=C(C(C)=O)c1ccccc1|CCCCN|water|298.15,4,True,True,1.0
elst_dft,46,*C([H])=[N+]([C-](c1c([H])c([H])c([H])c([H])c1[H])C([H])([H])[H])C([H])([H])[H].C=C(C)/C=C/C=C(C)C|CCCCN|water|298.15,15,False,True,0.5357142857142856
elst_dft,46,*C([H])=[O+][N-]C(=O)OC([H])([H])[H].CN1C=CCC(C(N)=O)=C1|CCCNO|water|298.15,4,True,True,1.0
elst_dft,46,*[C-](C#N)[N+](=C(C(=O)N([H])C([H])([H])[H])C(=O)N([H])C([H])([H])[H])C([H])([H])[H].CC(C)=CC=O|CCCCN|water|298.15,4,False,True,0.7999999999999999
elst_dft,46,*c1oc(=O)[c-](C(=O)N([H])C([H])([H])[H])[n+]1[H].C=C(C)/C=C/C=C(C)C|CCCCN|water|298.15,11,True,True,0.8545454545454546
elst_dft,46,*C([H])=C(C([H])([H])[H])C([H])([H])[H].CC(=O)C#[N+][C-](C(C)=O)c1ccccc1|CCCCN|water|298.15,3,True,True,
elst_dft,46,*C(=O)C#[N+][C-](C(=O)C([H])([H])[H])c1c([H])c([H])c([H])c([H])c1[H].CC(C)=CC=O|CCCCN|water|298.15,3,False,True,
elst_dft,46,*C(=O)[C-]([N+]#CC#N)C(=O)C([H])([H])[H].C=C(C)/C=C/C=C(C)C|CCCCN|water|298.15,8,True,True,0.8333333333333335
elst_dft,46,*[C-]([N+]#CC#N)C(=O)C([H])([H])[H].C=C(C)/C=C/C=C(C)C|CCCCN|water|298.15,12,True,True,0.7902097902097903
elst_dft,46,*C#[N+][C-](C(=O)OC([H])([H])[H])C(=O)C([H])([H])[H].C=C(C)/C=C/C=C(C)C|CCCCN|water|298.15,10,False,True,0.7575757575757575
elst_dft,46,*C(C(=O)C([H])([H])[H])=[N+]([H])[N-]c1c([H])c([H])c([H])c([H])c1[H].C=C(C)/C=C/C=C(C)C|CCCNN|water|298.15,10,True,True,0.6363636363636362
elst_dft,46,*[C-]([N+]#CC#N)C(=O)N([H])C([H])([H])[H].C=C(C)/C=C/C=C(C)C|CCCCN|water|298.15,8,False,True,0.7380952380952381
elst_dft,46,*C(c1c([H])c([H])c([H])c([H])c1[H])=[N+]([N-][H])C([H])([H])[H].CN1C=CCC(C(N)=O)=C1|CCCNN|water|298.15,5,True,True,0.8999999999999998
elst_dft,46,*c1oc(=O)[c-](C(=O)N([H])C([H])([H])[H])[o+]1.C=C(C)/C=C/C=C(C)C|CCCCO|water|298.15,12,True,True,0.5594405594405596
elst_dft,46,*[c-]1c(=O)oc(C(=O)C([H])([H])[H])[n+]1C([H])([H])[H].CN1C=CCC(C(N)=O)=C1|CCCCN|water|298.15,10,True,True,0.8787878787878788
elst_dft,46,*[N-][N+]#CC(=O)N([H])C([H])([H])[H].COC1=C(OC)C(=O)C(C)=C(C)C1=O|CCCNN|water|298.15,3,False,True,
elst_dft,46,*C#[N+][C-](C#N)C([H])([H])[H].COC1=C(OC)C(=O)C(C)=C(C)C1=O|CCCCN|water|298.15,6,True,True,0.942857142857143
elst_dft,46,*C(C#N)=[N+]([C-](C(=O)N([H])C([H])([H])[H])C([H])([H])[H])C([H])([H])[H].CC(C)=CC=O|CCCCN|water|298.15,4,True,True,1.0
elst_dft,46,*C(=[O+][N-]C(=O)OC([H])([H])[H])C(=O)N([H])C([H])([H])[H].CN1C=CCC(C(N)=O)=C1|CCCNO|water|298.15,3,True,True,
elst_dft,46,*C#[N+][C-](C(=O)N([H])C([H])([H])[H])c1c([H])c([H])c([H])c([H])c1[H].CC(C)=CC=O|CCCCN|water|298.15,4,True,True,1.0
elst_dft,46,*[C-](C(=O)N([H])C([H])([H])[H])[N+](=C(C#N)C#N)C([H])([H])[H].CN1C=CCC(C(N)=O)=C1|CCCCN|water|298.15,8,True,True,0.9285714285714287
elst_dft,46,*[C-](C(=O)OC([H])([H])[H])[N+]([H])=C(C(=O)N([H])C([H])([H])[H])C(=O)N([H])C([H])([H])[H].CC(C)=CC=O|CCCCN|water|298.15,4,True,True,0.39999999999999997
elst_dft,46,*[C-]([N+]#CC#N)C(=O)N([H])C([H])([H])[H].CN1C=CCC(C(N)=O)=C1|CCCCN|water|298.15,4,True,True,0.7999999999999999
elst_dft,46,*C#[N+][C-](C(=O)OC([H])([H])[H])c1c([H])c([H])c([H])c([H])c1[H].C=C(C)/C=C/C=C(C)C|CCCCN|water|298.15,7,False,True,0.7857142857142859
elst_dft,46,*[c-]1c(=O)oc(-c2c([H])c([H])c([H])c([H])c2[H])[n+]1[H].C=C(C)/C=C/C=C(C)C|CCCCN|water|298.15,18,False,False,0.651186790505676
elst_dft,46,*C(=O)C#[N+][N-]C#N.COC1=C(OC)C(=O)C(C)=C(C)C1=O|CCCNN|water|298.15,3,True,True,
elst_dft,46,*[C-](C(=O)N([H])C([H])([H])[H])[N+](=C(C#N)c1c([H])c([H])c([H])c([H])c1[H])C([H])([H])[H].CC(C)=CC=O|CCCCN|water|298.15,4,True,True,0.19999999999999998
elst_dft,46,*C#[N+][C-](C(=O)OC([H])([H])[H])C(=O)OC([H])([H])[H].C=C(C)/C=C/C=C(C)C|CCCCN|water|298.15,6,True,True,0.5428571428571429
elst_dft,46,*C([H])=[O+][C-](C#N)c1c([H])c([H])c([H])c([H])c1[H].CN1C=CCC(C(N)=O)=C1|CCCCO|water|298.15,5,False,False,0.0
elst_dft,46,*C(=O)[C-]([N+]#CC#N)c1c([H])c([H])c([H])c([H])c1[H].C=C(C)/C=C/C=C(C)C|CCCCN|water|298.15,9,True,True,0.5833333333333334
elst_dft,46,*C#[N+][C-](C(=O)C([H])([H])[H])c1c([H])c([H])c([H])c([H])c1[H].C=C(C)/C=C/C=C(C)C|CCCCN|water|298.15,9,True,True,0.8833333333333333
elst_dft,46,*c1oc(=O)[c-](C(=O)OC([H])([H])[H])[n+]1C([H])([H])[H].CN1C=CCC(C(N)=O)=C1|CCCCN|water|298.15,11,True,True,0.990909090909091
elst_dft,46,*c1oc(=O)[c-](-c2c([H])c([H])c([H])c([H])c2[H])[n+]1[H].CN1C=CCC(C(N)=O)=C1|CCCCN|water|298.15,7,True,True,0.9642857142857145
elst_dft,46,*C(=[N+]([H])[C-](C#N)c1c([H])c([H])c([H])c([H])c1[H])C([H])([H])[H].CN1C=CCC(C(N)=O)=C1|CCCCN|water|298.15,8,True,True,0.880952380952381
elst_dft,46,*[C-](c1c([H])c([H])c([H])c([H])c1[H])[N+]([H])=C(C([H])([H])[H])C([H])([H])[H].CN1C=CCC(C(N)=O)=C1|CCCCN|water|298.15,8,True,True,0.7857142857142858
elst_dft,46,*[C-]([O+]=C([H])C(=O)C([H])([H])[H])c1c([H])c([H])c([H])c([H])c1[H].C=C(C)/C=C/C=C(C)C|CCCCO|water|298.15,10,True,True,0.7939393939393938
elst_dft,46,*[N-][O+]=C(C(=O)OC([H])([H])[H])C(=O)N([H])C([H])([H])[H].CN1C=CCC(C(N)=O)=C1|CCCNO|water|298.15,4,True,True,1.0
elst_dft,46,*[c-]1c(=O)oc(C#N)[n+]1C([H])([H])[H].CN1C=CCC(C(N)=O)=C1|CCCCN|water|298.15,7,False,True,0.642857142857143
elst_dft,46,*[N-][O+]=C([H])c1c([H])c([H])c([H])c([H])c1[H].CN1C=CCC(C(N)=O)=C1|CCCNO|water|298.15,5,True,True,0.8999999999999998
elst_dft,46,*C(C(=O)OC([H])([H])[H])=[N+]([H])[C-](C#N)C#N.C=C(C)/C=C/C=C(C)C|CCCCN|water|298.15,11,True,True,0.7454545454545456
elst_dft,46,*[C-]([O+]=C([H])c1c([H])c([H])c([H])c([H])c1[H])C(=O)OC([H])([H])[H].C=C(C)/C=C/C=C(C)C|CCCCO|water|298.15,10,False,True,0.23636363636363633
elst_dft,46,*[c-]1[o+]c(C(=O)OC([H])([H])[H])oc1=O.CN1C=CCC(C(N)=O)=C1|CCCCO|water|298.15,6,False,True,0.48571428571428577
elst_dft,46,*C(c1c([H])c([H])c([H])c([H])c1[H])=[N+]([C-](C#N)C#N)C([H])([H])[H].CN1C=CCC(C(N)=O)=C1|CCCCN|water|298.15,10,False,True,0.5151515151515151
elst_dft,46,*C([H])=C(C([H])([H])[H])C([H])([H])[H].CNC(=O)C(=[O+][N-]c1ccccc1)C(=O)OC|CCCNO|water|298.15,4,True,True,0.7999999999999999
elst_dft,46,*C([H])=C(C([H])([H])[H])C([H])([H])[H].COC(=O)[CH-][O+]=C(C(=O)OC)c1ccccc1|CCCCO|water|298.15,4,False,True,0.19999999999999998
elst_dft,46,*C#[N+][C-](C(=O)C([H])([H])[H])C(=O)C([H])([H])[H].CN1C=CCC(C(N)=O)=C1|CCCCN|water|298.15,4,True,True,1.0
elst_dft,46,*[C-]([N+]#CC(=O)N([H])C([H])([H])[H])C(=O)OC([H])([H])[H].C=C(C)/C=C/C=C(C)C|CCCCN|water|298.15,10,True,True,0.5757575757575757
elst_dft,46,*C(c1c([H])c([H])c([H])c([H])c1[H])=[N+]([N-]C(=O)C([H])([H])[H])C([H])([H])[H].C=C(C)/C=C/C=C(C)C|CCCNN|water|298.15,7,True,True,0.7500000000000002
elst_dft,46,*[C-]([H])[O+]=C(C(=O)OC([H])([H])[H])c1c([H])c([H])c([H])c([H])c1[H].C=C(C)/C=C/C=C(C)C|CCCCO|water|298.15,10,True,True,0.24848484848484845
elst_dft,46,*[C-]([N+]#Cc1c([H])c([H])c([H])c([H])c1[H])c1c([H])c([H])c([H])c([H])c1[H].CN1C=CCC(C(N)=O)=C1|CCCCN|water|298.15,7,True,True,0.8214285714285715
elst_dft,46,*C#[N+][C-](c1c([H])c([H])c([H])c([H])c1[H])c1c([H])c([H])c([H])c([H])c1[H].CN1C=CCC(C(N)=O)=C1|CCCCN|water|298.15,9,True,True,0.5666666666666667
elst_dft,46,*C(=[N+]([H])[C-](C(=O)N([H])C([H])([H])[H])C(=O)N([H])C([H])([H])[H])C([H])([H])[H].CN1C=CCC(C(N)=O)=C1|CCCCN|water|298.15,7,False,True,0.8571428571428573
elst_dft,46,*c1oc(=O)[c-](-c2c([H])c([H])c([H])c([H])c2[H])[n+]1C([H])([H])[H].CN1C=CCC(C(N)=O)=C1|CCCCN|water|298.15,8,False,True,0.7619047619047621
elst_dft,46,*[n+]1c(-c2c([H])c([H])c([H])c([H])c2[H])oc(=O)[c-]1C(=O)N([H])C([H])([H])[H].C=C(C)/C=C/C=C(C)C|CCCCN|water|298.15,11,True,True,0.7636363636363637
elst_dft,46,*C(=[O+][C-](C#N)C#N)C(=O)OC([H])([H])[H].CN1C=CCC(C(N)=O)=C1|CCCCO|water|298.15,5,True,True,0.39999999999999997
elst_dft,46,*[C-]([N+]#Cc1c([H])c([H])c([H])c([H])c1[H])C([H])([H])[H].COC1=C(OC)C(=O)C(C)=C(C)C1=O|CCCCN|water|298.15,3,False,True,
elst_dft,46,*C(=[O+][C-](C(=O)N([H])C([H])([H])[H])C(=O)N([H])C([H])([H])[H])c1c([H])c([H])c([H])c([H])c1[H].CC(C)=CC=O|CCCCO|water|298.15,4,True,True,0.7999999999999999
elst_dft,46,*C(=O)C#[N+][C-](C(=O)OC([H])([H])[H])C(=O)OC([H])([H])[H].CN1C=CCC(C(N)=O)=C1|CCCCN|water|298.15,6,True,True,0.942857142857143
elst_dft,46,*C(C(=O)OC([H])([H])[H])=[N+]([N-]C([H])([H])[H])C([H])([H])[H].COC1=C(OC)C(=O)C(C)=C(C)C1=O|CCCNN|water|298.15,4,True,True,0.7999999999999999
elst_dft,46,*C(=[O+][C-](C#N)C(=O)OC([H])([H])[H])c1c([H])c([H])c([H])c([H])c1[H].CN1C=CCC(C(N)=O)=C1|CCCCO|water|298.15,7,True,True,0.8214285714285715
elst_dft,46,*C(=O)c1oc(=O)[c-](-c2c([H])c([H])c([H])c([H])c2[H])[o+]1.CN1C=CCC(C(N)=O)=C1|CCCCO|water|298.15,7,False,True,0.42857142857142866
elst_dft,46,*c1oc(=O)[c-](-c2c([H])c([H])c([H])c([H])c2[H])[o+]1.CN1C=CCC(C(N)=O)=C1|CCCCO|water|298.15,11,False,True,0.7636363636363637
elst_dft,46,*[C-](C(=O)C([H])([H])[H])[N+](=C([H])C(=O)OC([H])([H])[H])C([H])([H])[H].CN1C=CCC(C(N)=O)=C1|CCCCN|water|298.15,7,False,True,0.8214285714285715
elst_dft,46,*C(C(=O)OC([H])([H])[H])=[N+]([C-](C(=O)C([H])([H])[H])C([H])([H])[H])C([H])([H])[H].CN1C=CCC(C(N)=O)=C1|CCCCN|water|298.15,5,True,True,0.7
elst_dft,46,*[N+](=C(C(=O)N([H])C([H])([H])[H])c1c([H])c([H])c([H])c([H])c1[H])[C-](C(=O)OC([H])([H])[H])C(=O)C([H])([H])[H].CC(C)=CC=O|CCCCN|water|298.15,4,True,True,0.7999999999999999
elst_dft,46,*[C-](C#N)[O+]=C(C(=O)OC([H])([H])[H])c1c([H])c([H])c([H])c([H])c1[H].CN1C=CCC(C(N)=O)=C1|CCCCO|water|298.15,6,False,True,-0.08571428571428573
elst_dft,46,*[N+](=C([H])C(=O)N([H])C([H])([H])[H])[C-](C#N)C(=O)C([H])([H])[H].COC1=C(OC)C(=O)C(C)=C(C)C1=O|CCCCN|water|298.15,4,True,True,0.19999999999999998
elst_dft,46,*C(=O)[C-]([N+](=C(C#N)C([H])([H])[H])C([H])([H])[H])C([H])([H])[H].COC1=C(OC)C(=O)C(C)=C(C)C1=O|CCCCN|water|298.15,4,False,False,-0.19999999999999998
elst_dft,46,*C(=[O+][C-]([H])C(=O)OC([H])([H])[H])C([H])([H])[H].COC1=C(OC)C(=O)C(C)=C(C)C1=O|CCCCO|water|298.15,3,False,True,
elst_dft,46,*c1oc(=O)[c-](-c2c([H])c([H])c([H])c([H])c2[H])[o+]1.COC1=C(OC)C(=O)C(C)=C(C)C1=O|CCCCO|water|298.15,4,True,True,1.0
elst_dft,46,*c1oc(=O)[c-](C(=O)OC([H])([H])[H])[o+]1.COC1=C(OC)C(=O)C(C)=C(C)C1=O|CCCCO|water|298.15,4,False,True,0.19999999999999998
elst_dft,46,*[c-]1[o+]c(C(=O)N([H])C([H])([H])[H])oc1=O.COC1=C(OC)C(=O)C(C)=C(C)C1=O|CCCCO|water|298.15,6,False,False,-0.3714285714285715
elst_dft,46,*[C-](C(=O)C([H])([H])[H])[N+](=C(C(=O)N([H])C([H])([H])[H])c1c([H])c([H])c([H])c([H])c1[H])C([H])([H])[H].CC(C)=CC=O|CCCCN|water|298.15,4,True,True,0.7999999999999999
elst_dft,46,*[C-](C(=O)OC([H])([H])[H])[N+]([H])=C(C(=O)N([H])C([H])([H])[H])C([H])([H])[H].COC1=C(OC)C(=O)C(C)=C(C)C1=O|CCCCN|water|298.15,4,False,True,0.19999999999999998
elst_dft,46,*[c-]1c(=O)oc(-c2c([H])c([H])c([H])c([H])c2[H])[n+]1C([H])([H])[H].COC1=C(OC)C(=O)C(C)=C(C)C1=O|CCCCN|water|298.15,4,True,True,1.0
elst_dft,46,*[C-](C(=O)OC([H])([H])[H])[N+](=C(C(=O)OC([H])([H])[H])c1c([H])c([H])c([H])c([H])c1[H])C([H])([H])[H].C=C(C)/C=C/C=C(C)C|CCCCN|water|298.15,10,False,False,0.406060606060606
elst_dft,46,*[c-]1[o+]c(C(=O)OC([H])([H])[H])oc1=O.COC1=C(OC)C(=O)C(C)=C(C)C1=O|CCCCO|water|298.15,4,True,True,0.7999999999999999
elst_dft,46,*c1oc(=O)[c-](C(=O)N([H])C([H])([H])[H])[o+]1.COC1=C(OC)C(=O)C(C)=C(C)C1=O|CCCCO|water|298.15,4,False,True,0.7999999999999999
elst_dft,46,*C(c1c([H])c([H])c([H])c([H])c1[H])=[N+]([H])[C-](C#N)C(=O)N([H])C([H])([H])[H].COC1=C(OC)C(=O)C(C)=C(C)C1=O|CCCCN|water|298.15,4,False,True,0.7999999999999999
elst_dft,46,*C(=O)C(C(=O)OC([H])([H])[H])=[N+]([H])[C-](C(=O)OC([H])([H])[H])c1c([H])c([H])c([H])c([H])c1[H].C=C(C)/C=C/C=C(C)C|CCCCN|water|298.15,11,False,True,0.7545454545454545
elst_dft,46,*[C-]([O+]=C(C(=O)N([H])C([H])([H])[H])c1c([H])c([H])c([H])c([H])c1[H])C(=O)N([H])C([H])([H])[H].COC1=C(OC)C(=O)C(C)=C(C)C1=O|CCCCO|water|298.15,3,True,True,
elst_dft,46,*[C-](c1c([H])c([H])c([H])c([H])c1[H])[N+](=C(C#N)c1c([H])c([H])c([H])c([H])c1[H])C([H])([H])[H].COC1=C(OC)C(=O)C(C)=C(C)C1=O|CCCCN|water|298.15,4,False,True,0.7999999999999999
elst_dft,46,*C(=[O+][C-](c1c([H])c([H])c([H])c([H])c1[H])C([H])([H])[H])C(=O)C([H])([H])[H].COC1=C(OC)C(=O)C(C)=C(C)C1=O|CCCCO|water|298.15,4,True,True,0.39999999999999997
elst_dft,46,*[C-](C#N)[N+](=C(C(=O)N([H])C([H])([H])[H])c1c([H])c([H])c([H])c([H])c1[H])C([H])([H])[H].COC1=C(OC)C(=O)C(C)=C(C)C1=O|CCCCN|water|298.15,4,False,True,0.19999999999999998
pauli_dft,42,*C#CC(=O)N([H])C([H])([H])[H].CC(=O)c1[nH+][c-](C)c(=O)o1|CCCCN|water|298.15,4,False,True,0.6000000000000001
pauli_dft,42,*C(=O)C#CF.CNC(=O)c1[nH+][c-](C#N)c(=O)o1|CCCCN|water|298.15,3,True,True,
pauli_dft,42,*C([H])=C([H])[H].N#Cc1oc(=O)[c-](-c2ccccc2)[o+]1|CCCCO|water|298.15,3,True,True,
pauli_dft,42,*C1=C(C([H])([H])[H])C2([H])C([H])([H])C([H])([H])C1([H])C2([H])[H].COC(=O)[N-][N+]#CC(C)=O|CCCNN|water|298.15,3,True,True,
pauli_dft,42,*C(=C(C([H])([H])[H])C([H])([H])[H])C([H])([H])[H].COC(=O)[c-]1[nH+]c(C(C)=O)oc1=O|CCCCN|water|298.15,3,True,True,
pauli_dft,42,*C#CC(=O)OC([H])([H])[H].CNC(=O)[c-]1c(=O)oc(C#N)[n+]1C|CCCCN|water|298.15,4,False,False,-0.39999999999999997
pauli_dft,42,*C(=[O+][N-]C([H])([H])[H])c1c([H])c([H])c([H])c([H])c1[H].CNC(=O)C1=C(C#N)C2CCC1C2|CCCNO|water|298.15,4,True,True,0.7999999999999999
pauli_dft,42,*[C-]([O+]=C(C#N)C(=O)OC([H])([H])[H])C([H])([H])[H].CNC(=O)C1=C(F)C2CCC1C2|CCCCO|water|298.15,4,True,True,1.0
pauli_dft,42,*c1oc(=O)[c-](-c2c([H])c([H])c([H])c([H])c2[H])[n+]1C([H])([H])[H].CC(=O)C1=C(Cl)C2CCC1C2|CCCCN|water|298.15,4,True,True,1.0
pauli_dft,42,*c1oc(=O)[c-](C(=O)OC([H])([H])[H])[o+]1.CC(=O)C1=C(Br)C2CCC1C2|CCCCO|water|298.15,4,True,True,1.0
pauli_dft,42,*C([H])=[N+]([C-](C#N)C(=O)C([H])([H])[H])C([H])([H])[H].N#CC1=C(c2ccccc2)C2CCC1C2|CCCCN|water|298.15,4,False,True,0.6000000000000001
pauli_dft,42,*C1=C([H])C2([H])C([H])([H])C([H])([H])C1([H])C2([H])[H].COC(=O)[C-](C)[O+]=C(c1ccccc1)c1ccccc1|CCCCO|water|298.15,3,True,True,
pauli_dft,42,*C1=C(Br)C2([H])C([H])([H])C([H])([H])C1([H])C2([H])[H].CC(=O)c1[nH+][c-](-c2ccccc2)c(=O)o1|CCCCN|water|298.15,4,False,True,0.39999999999999997
pauli_dft,42,*C(c1c([H])c([H])c([H])c([H])c1[H])=[N+]([C-](C(=O)N([H])C([H])([H])[H])C([H])([H])[H])C([H])([H])[H].CC1=C(Br)C2C=CC1O2|CCCCN|water|298.15,7,False,True,0.7142857142857144
pauli_dft,42,*C1=C(C(F)(F)F)C2([H])OC1([H])C([H])=C2[H].COC(=O)[C-]([N+]#CC(C)=O)c1ccccc1|CCCCN|water|298.15,5,True,True,0.6
pauli_dft,42,*C(=O)C1=C(Br)C2([H])OC1([H])C([H])=C2[H].CNC(=O)C(=[NH+][C-](C)C#N)C(=O)OC|CCCCN|water|298.15,8,True,True,0.8095238095238096
pauli_dft,42,*C1(C([H])([H])[H])C#CC(c2c([H])c([H])c([H])c([H])c2[H])(c2c([H])c([H])c([H])c([H])c2[H])C([H])([H])C([H])([H])C([H])([H])C1([H])[H].CNC(=O)[C-](C#N)[NH+]=C(C)C#N|CCCCN|water|298.15,4,True,True,1.0
pauli_dft,42,*[C-]([O+]=C(C(=O)N([H])C([H])([H])[H])c1c([H])c([H])c([H])c([H])c1[H])C([H])([H])[H].CNC(=O)C1=C(Br)C2CCC1C2|CCCCO|water|298.15,3,True,True,
pauli_dft,42,*C1([H])C#CC(C(=O)OC([H])([H])[H])(C(=O)OC([H])([H])[H])C([H])([H])C([H])([H])C([H])([H])C1([H])[H].CC(=O)[c-]1c(=O)oc(-c2ccccc2)[n+]1C|CCCCN|water|298.15,4,True,True,1.0
pauli_dft,42,*C1(c2c([H])c([H])c([H])c([H])c2[H])C#CC(c2c([H])c([H])c([H])c([H])c2[H])(c2c([H])c([H])c([H])c([H])c2[H])C([H])([H])C([H])([H])C([H])([H])C1([H])[H].C[C-]([N+]#N)c1ccccc1|CCCNN|water|298.15,3,True,True,
pauli_dft,42,*C#[N+][C-]([H])c1c([H])c([H])c([H])c([H])c1[H].C=C|CCCCN|water|298.15,3,True,True,
pauli_dft,42,*[C-]([H])[N+](=C(C#N)C([H])([H])[H])C([H])([H])[H].C/C=C\C|CCCCN|water|298.15,3,False,True,
pauli_dft,42,*C([H])=C(C([H])([H])[H])C([H])([H])[H].C[c-]1[o+]noc1=O|CCCNO|water|298.15,4,True,True,0.7999999999999999
pauli_dft,42,*[c-]1[o+]noc1=O.CC(C)=CC=O|CCCNO|water|298.15,4,False,True,0.7999999999999999
pauli_dft,42,*[C-]([N+]#CC(=O)OC([H])([H])[H])C([H])([H])[H].CC(C)=CC=O|CCCCN|water|298.15,6,True,True,1.0
pauli_dft,42,*[C-]([H])[N+]#CC(=O)C([H])([H])[H].CC(C)=CC=O|CCCCN|water|298.15,4,False,True,0.0
pauli_dft,42,*[C-]([N+]#CC(=O)C([H])([H])[H])C(=O)C([H])([H])[H].CC(C)=CC=O|CCCCN|water|298.15,3,True,True,
pauli_dft,42,*C#[N+][C-](c1c([H])c([H])c([H])c([H])c1[H])C([H])([H])[H].C/C=C\C|CCCCN|water|298.15,4,False,True,0.39999999999999997
pauli_dft,42,*C#[N+][C-](C([H])([H])[H])C([H])([H])[H].C=C(C)/C=C/C=C(C)C|CCCCN|water|298.15,9,True,True,0.8499999999999999
pauli_dft,42,*C(C(=O)C([H])([H])[H])=[N+]([C-]([H])C([H])([H])[H])C([H])([H])[H].CC(C)=CC=O|CCCCN|water|298.15,4,False,True,0.7999999999999999
pauli_dft,42,*C#[N+][C-](C#N)C(=O)C([H])([H])[H].CC(C)=C(C)C|CCCCN|water|298.15,3,True,True,
pauli_dft,42,*C(C#N)=[N+]([H])[N-]C(=O)C([H])([H])[H].CC(C)=CC=O|CCCNN|water|298.15,4,True,True,1.0
pauli_dft,42,*C(C(=O)OC([H])([H])[H])=[N+]([H])[N-]C#N.CC(C)=CC=O|CCCNN|water|298.15,4,False,True,0.39999999999999997
pauli_dft,42,*C(=O)[c-]1c(=O)oc(C([H])([H])[H])[n+]1[H].CC(C)=CC=O|CCCCN|water|298.15,3,True,True,
pauli_dft,42,*[c-]1[o+]noc1=O.C=C(C)/C=C/C=C(C)C|CCCNO|water|298.15,8,False,False,0.2380952380952381
pauli_dft,42,*[N-][N+]#CC([H])([H])[H].C=C(C)/C=C/C=C(C)C|CCCNN|water|298.15,7,False,True,0.6785714285714287
pauli_dft,42,*[C-]([N+]#CC(=O)C([H])([H])[H])c1c([H])c([H])c([H])c([H])c1[H].C/C=C\C|CCCCN|water|298.15,3,True,True,
pauli_dft,42,*C([H])=C(C([H])([H])[H])C([H])([H])[H].CNC(=O)[c-]1[nH+]c(C)oc1=O|CCCCN|water|298.15,4,False,True,0.7999999999999999
pauli_dft,42,*c1oc(=O)[c-](C(=O)N([H])C([H])([H])[H])[n+]1[H].CC(C)=CC=O|CCCCN|water|298.15,4,True,True,1.0
pauli_dft,42,*[C-]([N+]#CC(=O)C([H])([H])[H])c1c([H])c([H])c([H])c([H])c1[H].CC(C)=CC=O|CCCCN|water|298.15,5,True,True,0.9999999999999999
pauli_dft,42,*c1oc(=O)[c-](C([H])([H])[H])[n+]1[H].C=C(C)/C=C/C=C(C)C|CCCCN|water|298.15,18,False,True,0.7358101135190918
pauli_dft,42,*[C-]([N+]#N)C(=O)OC([H])([H])[H].C=C(C)/C=C/C=C(C)C|CCCNN|water|298.15,9,True,True,0.9
pauli_dft,42,*c1oc(=O)[c-](C([H])([H])[H])[n+]1[H].CN1C=CCC(C(N)=O)=C1|CCCCN|water|298.15,6,True,True,0.8857142857142858
pauli_dft,42,*[c-]1c(=O)oc(C([H])([H])[H])[n+]1[H].CN1C=CCC(C(N)=O)=C1|CCCCN|water|298.15,12,True,True,0.9580419580419581
pauli_dft,42,*[C-]([N+]#CC(=O)OC([H])([H])[H])C([H])([H])[H].C=C(C)/C=C/C=C(C)C|CCCCN|water|298.15,15,True,True,0.7857142857142856
pauli_dft,42,*C#[N+][N-]c1c([H])c([H])c([H])c([H])c1[H].C=C(C)/C=C/C=C(C)C|CCCNN|water|298.15,3,True,True,
pauli_dft,42,*[C-](C(=O)N([H])C([H])([H])[H])[N+]([H])=C(C(=O)N([H])C([H])([H])[H])C([H])([H])[H].CC(C)=CC=O|CCCCN|water|298.15,4,True,True,1.0
pauli_dft,42,*C([H])=C(C([H])([H])[H])C([H])([H])[H].C[c-]1[nH+]c(-c2ccccc2)oc1=O|CCCCN|water|298.15,3,False,True,
pauli_dft,42,*[c-]1[o+]c(C#N)oc1=O.CN1C=CCC(C(N)=O)=C1|CCCCO|water|298.15,5,True,True,0.8999999999999998
pauli_dft,42,*[C-]([N+]#CC#N)C(=O)OC([H])([H])[H].C=C(C)/C=C/C=C(C)C|CCCCN|water|298.15,14,True,True,0.6835164835164835
pauli_dft,42,*C([H])=C(C([H])([H])[H])C([H])([H])[H].COC(=O)[N-][NH+]=Cc1ccccc1|CCCNN|water|298.15,3,True,True,
pauli_dft,42,*[N+]([N-]C(=O)OC([H])([H])[H])=C([H])c1c([H])c([H])c([H])c([H])c1[H].CC(C)=CC=O|CCCNN|water|298.15,3,True,True,
pauli_dft,42,*C(=O)C#[N+][C-](C(=O)C([H])([H])[H])C([H])([H])[H].C=C(C)/C=C/C=C(C)C|CCCCN|water|298.15,8,True,True,0.9761904761904763
pauli_dft,42,*[C-]([N+]#CC(=O)C([H])([H])[H])C(=O)C([H])([H])[H].C=C(C)/C=C/C=C(C)C|CCCCN|water|298.15,8,False,True,0.8095238095238096
pauli_dft,42,*C(C(=O)OC([H])([H])[H])=[N+]([H])[C-]([H])C#N.C=C(C)/C=C/C=C(C)C|CCCCN|water|298.15,12,False,True,0.8321678321678322
pauli_dft,42,*C(C(=O)N([H])C([H])([H])[H])=[N+]([C-]([H])C#N)C([H])([H])[H].CC(C)=CC=O|CCCCN|water|298.15,4,True,True,1.0
pauli_dft,42,*[C-]([H])[N+](=C(C(=O)N([H])C([H])([H])[H])C(=O)C([H])([H])[H])C([H])([H])[H].CC(C)=CC=O|CCCCN|water|298.15,4,True,True,0.7999999999999999
pauli_dft,42,*[C-](C#N)[N+]#CC(=O)OC([H])([H])[H].CN1C=CCC(C(N)=O)=C1|CCCCN|water|298.15,5,True,True,0.9999999999999999
pauli_dft,42,*[C-]([N+]#CC#N)C([H])([H])[H].COC1=C(OC)C(=O)C(C)=C(C)C1=O|CCCCN|water|298.15,4,True,True,1.0
pauli_dft,42,*[C-](C#N)[N+]([H])=C(C(=O)N([H])C([H])([H])[H])C([H])([H])[H].CN1C=CCC(C(N)=O)=C1|CCCCN|water|298.15,7,True,True,0.7857142857142859
pauli_dft,42,*C([H])=C(C([H])([H])[H])C([H])([H])[H].C[CH-][N+](C)=C(C(C)=O)c1ccccc1|CCCCN|water|298.15,4,True,True,1.0
pauli_dft,42,*C([H])=[N+]([C-](c1c([H])c([H])c([H])c([H])c1[H])C([H])([H])[H])C([H])([H])[H].C=C(C)/C=C/C=C(C)C|CCCCN|water|298.15,15,True,True,0.6499999999999999
pauli_dft,42,*C([H])=[O+][N-]C(=O)OC([H])([H])[H].CN1C=CCC(C(N)=O)=C1|CCCNO|water|298.15,4,True,True,1.0
pauli_dft,42,*[C-](C#N)[N+](=C(C(=O)N([H])C([H])([H])[H])C(=O)N([H])C([H])([H])[H])C([H])([H])[H].CC(C)=CC=O|CCCCN|water|298.15,4,True,True,1.0
pauli_dft,42,*c1oc(=O)[c-](C(=O)N([H])C([H])([H])[H])[n+]1[H].C=C(C)/C=C/C=C(C)C|CCCCN|water|298.15,11,True,True,0.8727272727272729
pauli_dft,42,*C([H])=C(C([H])([H])[H])C([H])([H])[H].CC(=O)C#[N+][C-](C(C)=O)c1ccccc1|CCCCN|water|298.15,3,True,True,
pauli_dft,42,*C(=O)C#[N+][C-](C(=O)C([H])([H])[H])c1c([H])c([H])c([H])c([H])c1[H].CC(C)=CC=O|CCCCN|water|298.15,3,False,True,
pauli_dft,42,*C(=O)[C-]([N+]#CC#N)C(=O)C([H])([H])[H].C=C(C)/C=C/C=C(C)C|CCCCN|water|298.15,8,False,True,0.9047619047619048
pauli_dft,42,*[C-]([N+]#CC#N)C(=O)C([H])([H])[H].C=C(C)/C=C/C=C(C)C|CCCCN|water|298.15,12,False,True,0.8811188811188813
pauli_dft,42,*C#[N+][C-](C(=O)OC([H])([H])[H])C(=O)C([H])([H])[H].C=C(C)/C=C/C=C(C)C|CCCCN|water|298.15,10,True,True,0.9757575757575757
pauli_dft,42,*C(C(=O)C([H])([H])[H])=[N+]([H])[N-]c1c([H])c([H])c([H])c([H])c1[H].C=C(C)/C=C/C=C(C)C|CCCNN|water|298.15,10,False,False,0.33333333333333326
pauli_dft,42,*[C-]([N+]#CC#N)C(=O)N([H])C([H])([H])[H].C=C(C)/C=C/C=C(C)C|CCCCN|water|298.15,8,False,True,0.9047619047619048
pauli_dft,42,*C(c1c([H])c([H])c([H])c([H])c1[H])=[N+]([N-][H])C([H])([H])[H].CN1C=CCC(C(N)=O)=C1|CCCNN|water|298.15,5,False,True,0.8999999999999998
pauli_dft,42,*c1oc(=O)[c-](C(=O)N([H])C([H])([H])[H])[o+]1.C=C(C)/C=C/C=C(C)C|CCCCO|water|298.15,12,False,True,0.5314685314685316
pauli_dft,42,*[c-]1c(=O)oc(C(=O)C([H])([H])[H])[n+]1C([H])([H])[H].CN1C=CCC(C(N)=O)=C1|CCCCN|water|298.15,10,True,True,0.9393939393939393
pauli_dft,42,*[N-][N+]#CC(=O)N([H])C([H])([H])[H].COC1=C(OC)C(=O)C(C)=C(C)C1=O|CCCNN|water|298.15,3,True,True,
pauli_dft,42,*C#[N+][C-](C#N)C([H])([H])[H].COC1=C(OC)C(=O)C(C)=C(C)C1=O|CCCCN|water|298.15,6,True,True,0.942857142857143
pauli_dft,42,*C(C#N)=[N+]([C-](C(=O)N([H])C([H])([H])[H])C([H])([H])[H])C([H])([H])[H].CC(C)=CC=O|CCCCN|water|298.15,4,True,True,0.39999999999999997
pauli_dft,42,*C(=[O+][N-]C(=O)OC([H])([H])[H])C(=O)N([H])C([H])([H])[H].CN1C=CCC(C(N)=O)=C1|CCCNO|water|298.15,3,True,True,
pauli_dft,42,*C#[N+][C-](C(=O)N([H])C([H])([H])[H])c1c([H])c([H])c([H])c([H])c1[H].CC(C)=CC=O|CCCCN|water|298.15,4,False,False,-0.39999999999999997
pauli_dft,42,*[C-](C(=O)N([H])C([H])([H])[H])[N+](=C(C#N)C#N)C([H])([H])[H].CN1C=CCC(C(N)=O)=C1|CCCCN|water|298.15,8,True,True,0.9047619047619048
pauli_dft,42,*[C-](C(=O)OC([H])([H])[H])[N+]([H])=C(C(=O)N([H])C([H])([H])[H])C(=O)N([H])C([H])([H])[H].CC(C)=CC=O|CCCCN|water|298.15,4,False,False,-0.19999999999999998
pauli_dft,42,*[C-]([N+]#CC#N)C(=O)N([H])C([H])([H])[H].CN1C=CCC(C(N)=O)=C1|CCCCN|water|298.15,4,True,True,1.0
pauli_dft,42,*C#[N+][C-](C(=O)OC([H])([H])[H])c1c([H])c([H])c([H])c([H])c1[H].C=C(C)/C=C/C=C(C)C|CCCCN|water|298.15,7,True,True,0.8214285714285715
pauli_dft,42,*[c-]1c(=O)oc(-c2c([H])c([H])c([H])c([H])c2[H])[n+]1[H].C=C(C)/C=C/C=C(C)C|CCCCN|water|298.15,18,True,True,0.8534571723426212
pauli_dft,42,*C(=O)C#[N+][N-]C#N.COC1=C(OC)C(=O)C(C)=C(C)C1=O|CCCNN|water|298.15,3,True,True,
pauli_dft,42,*[C-](C(=O)N([H])C([H])([H])[H])[N+](=C(C#N)c1c([H])c([H])c([H])c([H])c1[H])C([H])([H])[H].CC(C)=CC=O|CCCCN|water|298.15,4,True,True,0.19999999999999998
pauli_dft,42,*C#[N+][C-](C(=O)OC([H])([H])[H])C(=O)OC([H])([H])[H].C=C(C)/C=C/C=C(C)C|CCCCN|water|298.15,6,False,True,0.4285714285714286
pauli_dft,42,*C([H])=[O+][C-](C#N)c1c([H])c([H])c([H])c([H])c1[H].CN1C=CCC(C(N)=O)=C1|CCCCO|water|298.15,5,True,True,0.6
pauli_dft,42,*C(=O)[C-]([N+]#CC#N)c1c([H])c([H])c([H])c([H])c1[H].C=C(C)/C=C/C=C(C)C|CCCCN|water|298.15,9,True,True,0.7833333333333333
pauli_dft,42,*C#[N+][C-](C(=O)C([H])([H])[H])c1c([H])c([H])c([H])c([H])c1[H].C=C(C)/C=C/C=C(C)C|CCCCN|water|298.15,9,True,True,0.9333333333333332
pauli_dft,42,*c1oc(=O)[c-](C(=O)OC([H])([H])[H])[n+]1C([H])([H])[H].CN1C=CCC(C(N)=O)=C1|CCCCN|water|298.15,11,False,True,0.9090909090909091
pauli_dft,42,*c1oc(=O)[c-](-c2c([H])c([H])c([H])c([H])c2[H])[n+]1[H].CN1C=CCC(C(N)=O)=C1|CCCCN|water|298.15,7,False,True,0.9642857142857145
pauli_dft,42,*C(=[N+]([H])[C-](C#N)c1c([H])c([H])c([H])c([H])c1[H])C([H])([H])[H].CN1C=CCC(C(N)=O)=C1|CCCCN|water|298.15,8,True,True,1.0
pauli_dft,42,*[C-](c1c([H])c([H])c([H])c([H])c1[H])[N+]([H])=C(C([H])([H])[H])C([H])([H])[H].CN1C=CCC(C(N)=O)=C1|CCCCN|water|298.15,8,False,True,0.880952380952381
pauli_dft,42,*[C-]([O+]=C([H])C(=O)C([H])([H])[H])c1c([H])c([H])c([H])c([H])c1[H].C=C(C)/C=C/C=C(C)C|CCCCO|water|298.15,10,False,False,0.6484848484848483
pauli_dft,42,*[N-][O+]=C(C(=O)OC([H])([H])[H])C(=O)N([H])C([H])([H])[H].CN1C=CCC(C(N)=O)=C1|CCCNO|water|298.15,4,True,True,0.7999999999999999
pauli_dft,42,*[c-]1c(=O)oc(C#N)[n+]1C([H])([H])[H].CN1C=CCC(C(N)=O)=C1|CCCCN|water|298.15,7,True,True,0.9642857142857145
pauli_dft,42,*[N-][O+]=C([H])c1c([H])c([H])c([H])c([H])c1[H].CN1C=CCC(C(N)=O)=C1|CCCNO|water|298.15,5,True,True,0.8999999999999998
pauli_dft,42,*C(C(=O)OC([H])([H])[H])=[N+]([H])[C-](C#N)C#N.C=C(C)/C=C/C=C(C)C|CCCCN|water|298.15,11,False,False,0.8000000000000002
pauli_dft,42,*[C-]([O+]=C([H])c1c([H])c([H])c([H])c([H])c1[H])C(=O)OC([H])([H])[H].C=C(C)/C=C/C=C(C)C|CCCCO|water|298.15,10,False,True,0.8060606060606059
pauli_dft,42,*[c-]1[o+]c(C(=O)OC([H])([H])[H])oc1=O.CN1C=CCC(C(N)=O)=C1|CCCCO|water|298.15,6,True,True,0.942857142857143
pauli_dft,42,*C(c1c([H])c([H])c([H])c([H])c1[H])=[N+]([C-](C#N)C#N)C([H])([H])[H].CN1C=CCC(C(N)=O)=C1|CCCCN|water|298.15,10,False,True,0.6727272727272726
pauli_dft,42,*C([H])=C(C([H])([H])[H])C([H])([H])[H].CNC(=O)C(=[O+][N-]c1ccccc1)C(=O)OC|CCCNO|water|298.15,4,False,True,-0.7999999999999999
pauli_dft,42,*C([H])=C(C([H])([H])[H])C([H])([H])[H].COC(=O)[CH-][O+]=C(C(=O)OC)c1ccccc1|CCCCO|water|298.15,4,False,True,0.39999999999999997
pauli_dft,42,*C#[N+][C-](C(=O)C([H])([H])[H])C(=O)C([H])([H])[H].CN1C=CCC(C(N)=O)=C1|CCCCN|water|298.15,4,True,True,1.0
pauli_dft,42,*[C-]([N+]#CC(=O)N([H])C([H])([H])[H])C(=O)OC([H])([H])[H].C=C(C)/C=C/C=C(C)C|CCCCN|water|298.15,10,False,True,0.8424242424242423
pauli_dft,42,*C(c1c([H])c([H])c([H])c([H])c1[H])=[N+]([N-]C(=O)C([H])([H])[H])C([H])([H])[H].C=C(C)/C=C/C=C(C)C|CCCNN|water|298.15,7,False,True,0.6785714285714287
pauli_dft,42,*[C-]([H])[O+]=C(C(=O)OC([H])([H])[H])c1c([H])c([H])c([H])c([H])c1[H].C=C(C)/C=C/C=C(C)C|CCCCO|water|298.15,10,True,True,0.9636363636363635
pauli_dft,42,*[C-]([N+]#Cc1c([H])c([H])c([H])c([H])c1[H])c1c([H])c([H])c([H])c([H])c1[H].CN1C=CCC(C(N)=O)=C1|CCCCN|water|298.15,7,True,True,0.8928571428571429
pauli_dft,42,*C#[N+][C-](c1c([H])c([H])c([H])c([H])c1[H])c1c([H])c([H])c([H])c([H])c1[H].CN1C=CCC(C(N)=O)=C1|CCCCN|water|298.15,9,False,False,0.6
pauli_dft,42,*C(=[N+]([H])[C-](C(=O)N([H])C([H])([H])[H])C(=O)N([H])C([H])([H])[H])C([H])([H])[H].CN1C=CCC(C(N)=O)=C1|CCCCN|water|298.15,7,False,True,0.9642857142857145
pauli_dft,42,*c1oc(=O)[c-](-c2c([H])c([H])c([H])c([H])c2[H])[n+]1C([H])([H])[H].CN1C=CCC(C(N)=O)=C1|CCCCN|water|298.15,8,True,True,0.7619047619047621
pauli_dft,42,*[n+]1c(-c2c([H])c([H])c([H])c([H])c2[H])oc(=O)[c-]1C(=O)N([H])C([H])([H])[H].C=C(C)/C=C/C=C(C)C|CCCCN|water|298.15,11,True,True,0.9090909090909091
pauli_dft,42,*C(=[O+][C-](C#N)C#N)C(=O)OC([H])([H])[H].CN1C=CCC(C(N)=O)=C1|CCCCO|water|298.15,5,True,True,0.8999999999999998
pauli_dft,42,*[C-]([N+]#Cc1c([H])c([H])c([H])c([H])c1[H])C([H])([H])[H].COC1=C(OC)C(=O)C(C)=C(C)C1=O|CCCCN|water|298.15,3,True,True,
pauli_dft,42,*C(=[O+][C-](C(=O)N([H])C([H])([H])[H])C(=O)N([H])C([H])([H])[H])c1c([H])c([H])c([H])c([H])c1[H].CC(C)=CC=O|CCCCO|water|298.15,4,False,True,0.19999999999999998
pauli_dft,42,*C(=O)C#[N+][C-](C(=O)OC([H])([H])[H])C(=O)OC([H])([H])[H].CN1C=CCC(C(N)=O)=C1|CCCCN|water|298.15,6,True,True,1.0
pauli_dft,42,*C(C(=O)OC([H])([H])[H])=[N+]([N-]C([H])([H])[H])C([H])([H])[H].COC1=C(OC)C(=O)C(C)=C(C)C1=O|CCCNN|water|298.15,4,True,True,0.7999999999999999
pauli_dft,42,*C(=[O+][C-](C#N)C(=O)OC([H])([H])[H])c1c([H])c([H])c([H])c([H])c1[H].CN1C=CCC(C(N)=O)=C1|CCCCO|water|298.15,7,False,False,0.7500000000000002
pauli_dft,42,*C(=O)c1oc(=O)[c-](-c2c([H])c([H])c([H])c([H])c2[H])[o+]1.CN1C=CCC(C(N)=O)=C1|CCCCO|water|298.15,7,True,True,0.9285714285714288
pauli_dft,42,*c1oc(=O)[c-](-c2c([H])c([H])c([H])c([H])c2[H])[o+]1.CN1C=CCC(C(N)=O)=C1|CCCCO|water|298.15,11,True,True,0.9545454545454546
pauli_dft,42,*[C-](C(=O)C([H])([H])[H])[N+](=C([H])C(=O)OC([H])([H])[H])C([H])([H])[H].CN1C=CCC(C(N)=O)=C1|CCCCN|water|298.15,7,True,True,0.9642857142857145
pauli_dft,42,*C(C(=O)OC([H])([H])[H])=[N+]([C-](C(=O)C([H])([H])[H])C([H])([H])[H])C([H])([H])[H].CN1C=CCC(C(N)=O)=C1|CCCCN|water|298.15,5,True,True,0.8999999999999998
pauli_dft,42,*[N+](=C(C(=O)N([H])C([H])([H])[H])c1c([H])c([H])c([H])c([H])c1[H])[C-](C(=O)OC([H])([H])[H])C(=O)C([H])([H])[H].CC(C)=CC=O|CCCCN|water|298.15,4,True,True,0.7999999999999999
pauli_dft,42,*[C-](C#N)[O+]=C(C(=O)OC([H])([H])[H])c1c([H])c([H])c([H])c([H])c1[H].CN1C=CCC(C(N)=O)=C1|CCCCO|water|298.15,6,True,True,-0.08571428571428573
pauli_dft,42,*[N+](=C([H])C(=O)N([H])C([H])([H])[H])[C-](C#N)C(=O)C([H])([H])[H].COC1=C(OC)C(=O)C(C)=C(C)C1=O|CCCCN|water|298.15,4,True,True,0.7999999999999999
pauli_dft,42,*C(=O)[C-]([N+](=C(C#N)C([H])([H])[H])C([H])([H])[H])C([H])([H])[H].COC1=C(OC)C(=O)C(C)=C(C)C1=O|CCCCN|water|298.15,4,True,True,0.7999999999999999
pauli_dft,42,*C(=[O+][C-]([H])C(=O)OC([H])([H])[H])C([H])([H])[H].COC1=C(OC)C(=O)C(C)=C(C)C1=O|CCCCO|water|298.15,3,True,True,
pauli_dft,42,*c1oc(=O)[c-](-c2c([H])c([H])c([H])c([H])c2[H])[o+]1.COC1=C(OC)C(=O)C(C)=C(C)C1=O|CCCCO|water|298.15,4,True,True,0.7999999999999999
pauli_dft,42,*c1oc(=O)[c-](C(=O)OC([H])([H])[H])[o+]1.COC1=C(OC)C(=O)C(C)=C(C)C1=O|CCCCO|water|298.15,4,True,True,1.0
pauli_dft,42,*[c-]1[o+]c(C(=O)N([H])C([H])([H])[H])oc1=O.COC1=C(OC)C(=O)C(C)=C(C)C1=O|CCCCO|water|298.15,6,False,True,0.028571428571428574
pauli_dft,42,*[C-](C(=O)C([H])([H])[H])[N+](=C(C(=O)N([H])C([H])([H])[H])c1c([H])c([H])c([H])c([H])c1[H])C([H])([H])[H].CC(C)=CC=O|CCCCN|water|298.15,4,False,True,0.0
pauli_dft,42,*[C-](C(=O)OC([H])([H])[H])[N+]([H])=C(C(=O)N([H])C([H])([H])[H])C([H])([H])[H].COC1=C(OC)C(=O)C(C)=C(C)C1=O|CCCCN|water|298.15,4,True,True,1.0
pauli_dft,42,*[c-]1c(=O)oc(-c2c([H])c([H])c([H])c([H])c2[H])[n+]1C([H])([H])[H].COC1=C(OC)C(=O)C(C)=C(C)C1=O|CCCCN|water|298.15,4,True,True,0.7999999999999999
pauli_dft,42,*[C-](C(=O)OC([H])([H])[H])[N+](=C(C(=O)OC([H])([H])[H])c1c([H])c([H])c([H])c([H])c1[H])C([H])([H])[H].C=C(C)/C=C/C=C(C)C|CCCCN|water|298.15,10,False,False,0.8787878787878788
pauli_dft,42,*[c-]1[o+]c(C(=O)OC([H])([H])[H])oc1=O.COC1=C(OC)C(=O)C(C)=C(C)C1=O|CCCCO|water|298.15,4,True,True,0.39999999999999997
pauli_dft,42,*c1oc(=O)[c-](C(=O)N([H])C([H])([H])[H])[o+]1.COC1=C(OC)C(=O)C(C)=C(C)C1=O|CCCCO|water|298.15,4,False,True,0.7999999999999999
pauli_dft,42,*C(c1c([H])c([H])c([H])c([H])c1[H])=[N+]([H])[C-](C#N)C(=O)N([H])C([H])([H])[H].COC1=C(OC)C(=O)C(C)=C(C)C1=O|CCCCN|water|298.15,4,True,True,1.0
pauli_dft,42,*C(=O)C(C(=O)OC([H])([H])[H])=[N+]([H])[C-](C(=O)OC([H])([H])[H])c1c([H])c([H])c([H])c([H])c1[H].C=C(C)/C=C/C=C(C)C|CCCCN|water|298.15,11,False,False,0.7727272727272727
pauli_dft,42,*[C-]([O+]=C(C(=O)N([H])C([H])([H])[H])c1c([H])c([H])c([H])c([H])c1[H])C(=O)N([H])C([H])([H])[H].COC1=C(OC)C(=O)C(C)=C(C)C1=O|CCCCO|water|298.15,3,True,True,
pauli_dft,42,*[C-](c1c([H])c([H])c([H])c([H])c1[H])[N+](=C(C#N)c1c([H])c([H])c([H])c([H])c1[H])C([H])([H])[H].COC1=C(OC)C(=O)C(C)=C(C)C1=O|CCCCN|water|298.15,4,True,True,0.7999999999999999
pauli_dft,42,*C(=[O+][C-](c1c([H])c([H])c([H])c([H])c1[H])C([H])([H])[H])C(=O)C([H])([H])[H].COC1=C(OC)C(=O)C(C)=C(C)C1=O|CCCCO|water|298.15,4,False,True,0.6000000000000001
pauli_dft,42,*[C-](C#N)[N+](=C(C(=O)N([H])C([H])([H])[H])c1c([H])c([H])c([H])c([H])c1[H])C([H])([H])[H].COC1=C(OC)C(=O)C(C)=C(C)C1=O|CCCCN|water|298.15,4,False,True,0.39999999999999997
pauli_dft,43,*C#CC(=O)N([H])C([H])([H])[H].CC(=O)c1[nH+][c-](C)c(=O)o1|CCCCN|water|298.15,4,True,True,0.7999999999999999
pauli_dft,43,*C(=O)C#CF.CNC(=O)c1[nH+][c-](C#N)c(=O)o1|CCCCN|water|298.15,3,True,True,
pauli_dft,43,*C([H])=C([H])[H].N#Cc1oc(=O)[c-](-c2ccccc2)[o+]1|CCCCO|water|298.15,3,True,True,
pauli_dft,43,*C1=C(C([H])([H])[H])C2([H])C([H])([H])C([H])([H])C1([H])C2([H])[H].COC(=O)[N-][N+]#CC(C)=O|CCCNN|water|298.15,3,True,True,
pauli_dft,43,*C(=C(C([H])([H])[H])C([H])([H])[H])C([H])([H])[H].COC(=O)[c-]1[nH+]c(C(C)=O)oc1=O|CCCCN|water|298.15,3,True,True,
pauli_dft,43,*C#CC(=O)OC([H])([H])[H].CNC(=O)[c-]1c(=O)oc(C#N)[n+]1C|CCCCN|water|298.15,4,False,True,-0.7999999999999999
pauli_dft,43,*C(=[O+][N-]C([H])([H])[H])c1c([H])c([H])c([H])c([H])c1[H].CNC(=O)C1=C(C#N)C2CCC1C2|CCCNO|water|298.15,4,True,True,0.39999999999999997
pauli_dft,43,*[C-]([O+]=C(C#N)C(=O)OC([H])([H])[H])C([H])([H])[H].CNC(=O)C1=C(F)C2CCC1C2|CCCCO|water|298.15,4,True,True,1.0
pauli_dft,43,*c1oc(=O)[c-](-c2c([H])c([H])c([H])c([H])c2[H])[n+]1C([H])([H])[H].CC(=O)C1=C(Cl)C2CCC1C2|CCCCN|water|298.15,4,True,True,1.0
pauli_dft,43,*c1oc(=O)[c-](C(=O)OC([H])([H])[H])[o+]1.CC(=O)C1=C(Br)C2CCC1C2|CCCCO|water|298.15,4,True,True,0.39999999999999997
pauli_dft,43,*C([H])=[N+]([C-](C#N)C(=O)C([H])([H])[H])C([H])([H])[H].N#CC1=C(c2ccccc2)C2CCC1C2|CCCCN|water|298.15,4,False,True,0.6000000000000001
pauli_dft,43,*C1=C([H])C2([H])C([H])([H])C([H])([H])C1([H])C2([H])[H].COC(=O)[C-](C)[O+]=C(c1ccccc1)c1ccccc1|CCCCO|water|298.15,3,True,True,
pauli_dft,43,*C1=C(Br)C2([H])C([H])([H])C([H])([H])C1([H])C2([H])[H].CC(=O)c1[nH+][c-](-c2ccccc2)c(=O)o1|CCCCN|water|298.15,4,True,True,1.0
pauli_dft,43,*C(c1c([H])c([H])c([H])c([H])c1[H])=[N+]([C-](C(=O)N([H])C([H])([H])[H])C([H])([H])[H])C([H])([H])[H].CC1=C(Br)C2C=CC1O2|CCCCN|water|298.15,7,False,True,0.6071428571428572
pauli_dft,43,*C1=C(C(F)(F)F)C2([H])OC1([H])C([H])=C2[H].COC(=O)[C-]([N+]#CC(C)=O)c1ccccc1|CCCCN|water|298.15,5,True,True,0.7
pauli_dft,43,*C(=O)C1=C(Br)C2([H])OC1([H])C([H])=C2[H].CNC(=O)C(=[NH+][C-](C)C#N)C(=O)OC|CCCCN|water|298.15,8,True,True,0.7380952380952381
pauli_dft,43,*C1(C([H])([H])[H])C#CC(c2c([H])c([H])c([H])c([H])c2[H])(c2c([H])c([H])c([H])c([H])c2[H])C([H])([H])C([H])([H])C([H])([H])C1([H])[H].CNC(=O)[C-](C#N)[NH+]=C(C)C#N|CCCCN|water|298.15,4,True,True,1.0
pauli_dft,43,*[C-]([O+]=C(C(=O)N([H])C([H])([H])[H])c1c([H])c([H])c([H])c([H])c1[H])C([H])([H])[H].CNC(=O)C1=C(Br)C2CCC1C2|CCCCO|water|298.15,3,True,True,
pauli_dft,43,*C1([H])C#CC(C(=O)OC([H])([H])[H])(C(=O)OC([H])([H])[H])C([H])([H])C([H])([H])C([H])([H])C1([H])[H].CC(=O)[c-]1c(=O)oc(-c2ccccc2)[n+]1C|CCCCN|water|298.15,4,True,True,0.7999999999999999
pauli_dft,43,*C1(c2c([H])c([H])c([H])c([H])c2[H])C#CC(c2c([H])c([H])c([H])c([H])c2[H])(c2c([H])c([H])c([H])c([H])c2[H])C([H])([H])C([H])([H])C([H])([H])C1([H])[H].C[C-]([N+]#N)c1ccccc1|CCCNN|water|298.15,3,True,True,
pauli_dft,43,*C#[N+][C-]([H])c1c([H])c([H])c([H])c([H])c1[H].C=C|CCCCN|water|298.15,3,False,True,
pauli_dft,43,*[C-]([H])[N+](=C(C#N)C([H])([H])[H])C([H])([H])[H].C/C=C\C|CCCCN|water|298.15,3,True,True,
pauli_dft,43,*C([H])=C(C([H])([H])[H])C([H])([H])[H].C[c-]1[o+]noc1=O|CCCNO|water|298.15,4,True,True,0.7999999999999999
pauli_dft,43,*[c-]1[o+]noc1=O.CC(C)=CC=O|CCCNO|water|298.15,4,False,True,0.7999999999999999
pauli_dft,43,*[C-]([N+]#CC(=O)OC([H])([H])[H])C([H])([H])[H].CC(C)=CC=O|CCCCN|water|298.15,6,True,True,0.8857142857142858
pauli_dft,43,*[C-]([H])[N+]#CC(=O)C([H])([H])[H].CC(C)=CC=O|CCCCN|water|298.15,4,True,True,1.0
pauli_dft,43,*[C-]([N+]#CC(=O)C([H])([H])[H])C(=O)C([H])([H])[H].CC(C)=CC=O|CCCCN|water|298.15,3,True,True,
pauli_dft,43,*C#[N+][C-](c1c([H])c([H])c([H])c([H])c1[H])C([H])([H])[H].C/C=C\C|CCCCN|water|298.15,4,False,True,0.7999999999999999
pauli_dft,43,*C#[N+][C-](C([H])([H])[H])C([H])([H])[H].C=C(C)/C=C/C=C(C)C|CCCCN|water|298.15,9,True,True,0.7833333333333333
pauli_dft,43,*C(C(=O)C([H])([H])[H])=[N+]([C-]([H])C([H])([H])[H])C([H])([H])[H].CC(C)=CC=O|CCCCN|water|298.15,4,True,True,1.0
pauli_dft,43,*C#[N+][C-](C#N)C(=O)C([H])([H])[H].CC(C)=C(C)C|CCCCN|water|298.15,3,True,True,
pauli_dft,43,*C(C#N)=[N+]([H])[N-]C(=O)C([H])([H])[H].CC(C)=CC=O|CCCNN|water|298.15,4,True,True,1.0
pauli_dft,43,*C(C(=O)OC([H])([H])[H])=[N+]([H])[N-]C#N.CC(C)=CC=O|CCCNN|water|298.15,4,False,True,0.39999999999999997
pauli_dft,43,*C(=O)[c-]1c(=O)oc(C([H])([H])[H])[n+]1[H].CC(C)=CC=O|CCCCN|water|298.15,3,False,True,
pauli_dft,43,*[c-]1[o+]noc1=O.C=C(C)/C=C/C=C(C)C|CCCNO|water|298.15,8,False,True,0.30952380952380953
pauli_dft,43,*[N-][N+]#CC([H])([H])[H].C=C(C)/C=C/C=C(C)C|CCCNN|water|298.15,7,False,True,0.6071428571428572
pauli_dft,43,*[C-]([N+]#CC(=O)C([H])([H])[H])c1c([H])c([H])c([H])c([H])c1[H].C/C=C\C|CCCCN|water|298.15,3,True,True,
pauli_dft,43,*C([H])=C(C([H])([H])[H])C([H])([H])[H].CNC(=O)[c-]1[nH+]c(C)oc1=O|CCCCN|water|298.15,4,False,True,0.7999999999999999
pauli_dft,43,*c1oc(=O)[c-](C(=O)N([H])C([H])([H])[H])[n+]1[H].CC(C)=CC=O|CCCCN|water|298.15,4,False,True,0.39999999999999997
pauli_dft,43,*[C-]([N+]#CC(=O)C([H])([H])[H])c1c([H])c([H])c([H])c([H])c1[H].CC(C)=CC=O|CCCCN|water|298.15,5,True,True,0.8999999999999998
pauli_dft,43,*c1oc(=O)[c-](C([H])([H])[H])[n+]1[H].C=C(C)/C=C/C=C(C)C|CCCCN|water|298.15,18,False,True,0.5727554179566564
pauli_dft,43,*[C-]([N+]#N)C(=O)OC([H])([H])[H].C=C(C)/C=C/C=C(C)C|CCCNN|water|298.15,9,True,True,0.9
pauli_dft,43,*c1oc(=O)[c-](C([H])([H])[H])[n+]1[H].CN1C=CCC(C(N)=O)=C1|CCCCN|water|298.15,6,True,True,0.8857142857142858
pauli_dft,43,*[c-]1c(=O)oc(C([H])([H])[H])[n+]1[H].CN1C=CCC(C(N)=O)=C1|CCCCN|water|298.15,12,True,True,0.965034965034965
pauli_dft,43,*[C-]([N+]#CC(=O)OC([H])([H])[H])C([H])([H])[H].C=C(C)/C=C/C=C(C)C|CCCCN|water|298.15,15,True,True,0.7607142857142856
pauli_dft,43,*C#[N+][N-]c1c([H])c([H])c([H])c([H])c1[H].C=C(C)/C=C/C=C(C)C|CCCNN|water|298.15,3,True,True,
pauli_dft,43,*[C-](C(=O)N([H])C([H])([H])[H])[N+]([H])=C(C(=O)N([H])C([H])([H])[H])C([H])([H])[H].CC(C)=CC=O|CCCCN|water|298.15,4,True,True,1.0
pauli_dft,43,*C([H])=C(C([H])([H])[H])C([H])([H])[H].C[c-]1[nH+]c(-c2ccccc2)oc1=O|CCCCN|water|298.15,3,False,True,
pauli_dft,43,*[c-]1[o+]c(C#N)oc1=O.CN1C=CCC(C(N)=O)=C1|CCCCO|water|298.15,5,True,True,0.9999999999999999
pauli_dft,43,*[C-]([N+]#CC#N)C(=O)OC([H])([H])[H].C=C(C)/C=C/C=C(C)C|CCCCN|water|298.15,14,True,True,0.7846153846153847
pauli_dft,43,*C([H])=C(C([H])([H])[H])C([H])([H])[H].COC(=O)[N-][NH+]=Cc1ccccc1|CCCNN|water|298.15,3,False,True,
pauli_dft,43,*[N+]([N-]C(=O)OC([H])([H])[H])=C([H])c1c([H])c([H])c([H])c([H])c1[H].CC(C)=CC=O|CCCNN|water|298.15,3,True,True,
pauli_dft,43,*C(=O)C#[N+][C-](C(=O)C([H])([H])[H])C([H])([H])[H].C=C(C)/C=C/C=C(C)C|CCCCN|water|298.15,8,True,True,0.9523809523809524
pauli_dft,43,*[C-]([N+]#CC(=O)C([H])([H])[H])C(=O)C([H])([H])[H].C=C(C)/C=C/C=C(C)C|CCCCN|water|298.15,8,True,True,0.8095238095238096
pauli_dft,43,*C(C(=O)OC([H])([H])[H])=[N+]([H])[C-]([H])C#N.C=C(C)/C=C/C=C(C)C|CCCCN|water|298.15,12,False,False,0.7762237762237763
pauli_dft,43,*C(C(=O)N([H])C([H])([H])[H])=[N+]([C-]([H])C#N)C([H])([H])[H].CC(C)=CC=O|CCCCN|water|298.15,4,False,False,-0.19999999999999998
pauli_dft,43,*[C-]([H])[N+](=C(C(=O)N([H])C([H])([H])[H])C(=O)C([H])([H])[H])C([H])([H])[H].CC(C)=CC=O|CCCCN|water|298.15,4,False,True,0.39999999999999997
pauli_dft,43,*[C-](C#N)[N+]#CC(=O)OC([H])([H])[H].CN1C=CCC(C(N)=O)=C1|CCCCN|water|298.15,5,True,True,0.9999999999999999
pauli_dft,43,*[C-]([N+]#CC#N)C([H])([H])[H].COC1=C(OC)C(=O)C(C)=C(C)C1=O|CCCCN|water|298.15,4,True,True,0.7999999999999999
pauli_dft,43,*[C-](C#N)[N+]([H])=C(C(=O)N([H])C([H])([H])[H])C([H])([H])[H].CN1C=CCC(C(N)=O)=C1|CCCCN|water|298.15,7,True,True,0.8928571428571429
pauli_dft,43,*C([H])=C(C([H])([H])[H])C([H])([H])[H].C[CH-][N+](C)=C(C(C)=O)c1ccccc1|CCCCN|water|298.15,4,True,True,1.0
pauli_dft,43,*C([H])=[N+]([C-](c1c([H])c([H])c([H])c([H])c1[H])C([H])([H])[H])C([H])([H])[H].C=C(C)/C=C/C=C(C)C|CCCCN|water|298.15,15,True,True,0.7499999999999999
pauli_dft,43,*C([H])=[O+][N-]C(=O)OC([H])([H])[H].CN1C=CCC(C(N)=O)=C1|CCCNO|water|298.15,4,True,True,0.7999999999999999
pauli_dft,43,*[C-](C#N)[N+](=C(C(=O)N([H])C([H])([H])[H])C(=O)N([H])C([H])([H])[H])C([H])([H])[H].CC(C)=CC=O|CCCCN|water|298.15,4,False,True,0.7999999999999999
pauli_dft,43,*c1oc(=O)[c-](C(=O)N([H])C([H])([H])[H])[n+]1[H].C=C(C)/C=C/C=C(C)C|CCCCN|water|298.15,11,True,True,0.790909090909091
pauli_dft,43,*C([H])=C(C([H])([H])[H])C([H])([H])[H].CC(=O)C#[N+][C-](C(C)=O)c1ccccc1|CCCCN|water|298.15,3,True,True,
pauli_dft,43,*C(=O)C#[N+][C-](C(=O)C([H])([H])[H])c1c([H])c([H])c([H])c([H])c1[H].CC(C)=CC=O|CCCCN|water|298.15,3,False,True,
pauli_dft,43,*C(=O)[C-]([N+]#CC#N)C(=O)C([H])([H])[H].C=C(C)/C=C/C=C(C)C|CCCCN|water|298.15,8,False,True,0.8095238095238096
pauli_dft,43,*[C-]([N+]#CC#N)C(=O)C([H])([H])[H].C=C(C)/C=C/C=C(C)C|CCCCN|water|298.15,12,False,True,0.7622377622377624
pauli_dft,43,*C#[N+][C-](C(=O)OC([H])([H])[H])C(=O)C([H])([H])[H].C=C(C)/C=C/C=C(C)C|CCCCN|water|298.15,10,True,True,0.9151515151515152
pauli_dft,43,*C(C(=O)C([H])([H])[H])=[N+]([H])[N-]c1c([H])c([H])c([H])c([H])c1[H].C=C(C)/C=C/C=C(C)C|CCCNN|water|298.15,10,False,False,0.6363636363636362
pauli_dft,43,*[C-]([N+]#CC#N)C(=O)N([H])C([H])([H])[H].C=C(C)/C=C/C=C(C)C|CCCCN|water|298.15,8,False,True,0.8095238095238096
pauli_dft,43,*C(c1c([H])c([H])c([H])c([H])c1[H])=[N+]([N-][H])C([H])([H])[H].CN1C=CCC(C(N)=O)=C1|CCCNN|water|298.15,5,True,True,0.8999999999999998
pauli_dft,43,*c1oc(=O)[c-](C(=O)N([H])C([H])([H])[H])[o+]1.C=C(C)/C=C/C=C(C)C|CCCCO|water|298.15,12,False,True,0.49650349650349657
pauli_dft,43,*[c-]1c(=O)oc(C(=O)C([H])([H])[H])[n+]1C([H])([H])[H].CN1C=CCC(C(N)=O)=C1|CCCCN|water|298.15,10,True,True,0.9393939393939393
pauli_dft,43,*[N-][N+]#CC(=O)N([H])C([H])([H])[H].COC1=C(OC)C(=O)C(C)=C(C)C1=O|CCCNN|water|298.15,3,True,True,
pauli_dft,43,*C#[N+][C-](C#N)C([H])([H])[H].COC1=C(OC)C(=O)C(C)=C(C)C1=O|CCCCN|water|298.15,6,True,True,1.0
pauli_dft,43,*C(C#N)=[N+]([C-](C(=O)N([H])C([H])([H])[H])C([H])([H])[H])C([H])([H])[H].CC(C)=CC=O|CCCCN|water|298.15,4,False,True,0.39999999999999997
pauli_dft,43,*C(=[O+][N-]C(=O)OC([H])([H])[H])C(=O)N([H])C([H])([H])[H].CN1C=CCC(C(N)=O)=C1|CCCNO|water|298.15,3,True,True,
pauli_dft,43,*C#[N+][C-](C(=O)N([H])C([H])([H])[H])c1c([H])c([H])c([H])c([H])c1[H].CC(C)=CC=O|CCCCN|water|298.15,4,False,True,0.39999999999999997
pauli_dft,43,*[C-](C(=O)N([H])C([H])([H])[H])[N+](=C(C#N)C#N)C([H])([H])[H].CN1C=CCC(C(N)=O)=C1|CCCCN|water|298.15,8,True,True,0.880952380952381
pauli_dft,43,*[C-](C(=O)OC([H])([H])[H])[N+]([H])=C(C(=O)N([H])C([H])([H])[H])C(=O)N([H])C([H])([H])[H].CC(C)=CC=O|CCCCN|water|298.15,4,False,False,-0.19999999999999998
pauli_dft,43,*[C-]([N+]#CC#N)C(=O)N([H])C([H])([H])[H].CN1C=CCC(C(N)=O)=C1|CCCCN|water|298.15,4,True,True,1.0
pauli_dft,43,*C#[N+][C-](C(=O)OC([H])([H])[H])c1c([H])c([H])c([H])c([H])c1[H].C=C(C)/C=C/C=C(C)C|CCCCN|water|298.15,7,True,True,1.0
pauli_dft,43,*[c-]1c(=O)oc(-c2c([H])c([H])c([H])c([H])c2[H])[n+]1[H].C=C(C)/C=C/C=C(C)C|CCCCN|water|298.15,18,True,True,0.7027863777089782
pauli_dft,43,*C(=O)C#[N+][N-]C#N.COC1=C(OC)C(=O)C(C)=C(C)C1=O|CCCNN|water|298.15,3,True,True,
pauli_dft,43,*[C-](C(=O)N([H])C([H])([H])[H])[N+](=C(C#N)c1c([H])c([H])c([H])c([H])c1[H])C([H])([H])[H].CC(C)=CC=O|CCCCN|water|298.15,4,True,True,0.39999999999999997
pauli_dft,43,*C#[N+][C-](C(=O)OC([H])([H])[H])C(=O)OC([H])([H])[H].C=C(C)/C=C/C=C(C)C|CCCCN|water|298.15,6,True,True,0.7142857142857143
pauli_dft,43,*C([H])=[O+][C-](C#N)c1c([H])c([H])c([H])c([H])c1[H].CN1C=CCC(C(N)=O)=C1|CCCCO|water|298.15,5,True,True,0.6
pauli_dft,43,*C(=O)[C-]([N+]#CC#N)c1c([H])c([H])c([H])c([H])c1[H].C=C(C)/C=C/C=C(C)C|CCCCN|water|298.15,9,True,True,0.7333333333333334
pauli_dft,43,*C#[N+][C-](C(=O)C([H])([H])[H])c1c([H])c([H])c([H])c([H])c1[H].C=C(C)/C=C/C=C(C)C|CCCCN|water|298.15,9,True,True,0.9333333333333332
pauli_dft,43,*c1oc(=O)[c-](C(=O)OC([H])([H])[H])[n+]1C([H])([H])[H].CN1C=CCC(C(N)=O)=C1|CCCCN|water|298.15,11,False,True,0.8909090909090911
pauli_dft,43,*c1oc(=O)[c-](-c2c([H])c([H])c([H])c([H])c2[H])[n+]1[H].CN1C=CCC(C(N)=O)=C1|CCCCN|water|298.15,7,False,True,0.9285714285714288
pauli_dft,43,*C(=[N+]([H])[C-](C#N)c1c([H])c([H])c([H])c([H])c1[H])C([H])([H])[H].CN1C=CCC(C(N)=O)=C1|CCCCN|water|298.15,8,True,True,0.9761904761904763
pauli_dft,43,*[C-](c1c([H])c([H])c([H])c([H])c1[H])[N+]([H])=C(C([H])([H])[H])C([H])([H])[H].CN1C=CCC(C(N)=O)=C1|CCCCN|water|298.15,8,True,True,0.880952380952381
pauli_dft,43,*[C-]([O+]=C([H])C(=O)C([H])([H])[H])c1c([H])c([H])c([H])c([H])c1[H].C=C(C)/C=C/C=C(C)C|CCCCO|water|298.15,10,False,False,0.709090909090909
pauli_dft,43,*[N-][O+]=C(C(=O)OC([H])([H])[H])C(=O)N([H])C([H])([H])[H].CN1C=CCC(C(N)=O)=C1|CCCNO|water|298.15,4,True,True,0.7999999999999999
pauli_dft,43,*[c-]1c(=O)oc(C#N)[n+]1C([H])([H])[H].CN1C=CCC(C(N)=O)=C1|CCCCN|water|298.15,7,True,True,0.9642857142857145
pauli_dft,43,*[N-][O+]=C([H])c1c([H])c([H])c([H])c([H])c1[H].CN1C=CCC(C(N)=O)=C1|CCCNO|water|298.15,5,True,True,0.8999999999999998
pauli_dft,43,*C(C(=O)OC([H])([H])[H])=[N+]([H])[C-](C#N)C#N.C=C(C)/C=C/C=C(C)C|CCCCN|water|298.15,11,False,True,0.9272727272727275
pauli_dft,43,*[C-]([O+]=C([H])c1c([H])c([H])c([H])c([H])c1[H])C(=O)OC([H])([H])[H].C=C(C)/C=C/C=C(C)C|CCCCO|water|298.15,10,False,True,0.8303030303030302
pauli_dft,43,*[c-]1[o+]c(C(=O)OC([H])([H])[H])oc1=O.CN1C=CCC(C(N)=O)=C1|CCCCO|water|298.15,6,False,True,0.942857142857143
pauli_dft,43,*C(c1c([H])c([H])c([H])c([H])c1[H])=[N+]([C-](C#N)C#N)C([H])([H])[H].CN1C=CCC(C(N)=O)=C1|CCCCN|water|298.15,10,False,True,0.8181818181818182
pauli_dft,43,*C([H])=C(C([H])([H])[H])C([H])([H])[H].CNC(=O)C(=[O+][N-]c1ccccc1)C(=O)OC|CCCNO|water|298.15,4,False,True,-0.6000000000000001
pauli_dft,43,*C([H])=C(C([H])([H])[H])C([H])([H])[H].COC(=O)[CH-][O+]=C(C(=O)OC)c1ccccc1|CCCCO|water|298.15,4,False,True,0.39999999999999997
pauli_dft,43,*C#[N+][C-](C(=O)C([H])([H])[H])C(=O)C([H])([H])[H].CN1C=CCC(C(N)=O)=C1|CCCCN|water|298.15,4,True,True,1.0
pauli_dft,43,*[C-]([N+]#CC(=O)N([H])C([H])([H])[H])C(=O)OC([H])([H])[H].C=C(C)/C=C/C=C(C)C|CCCCN|water|298.15,10,False,True,0.8545454545454544
pauli_dft,43,*C(c1c([H])c([H])c([H])c([H])c1[H])=[N+]([N-]C(=O)C([H])([H])[H])C([H])([H])[H].C=C(C)/C=C/C=C(C)C|CCCNN|water|298.15,7,False,True,0.6785714285714287
pauli_dft,43,*[C-]([H])[O+]=C(C(=O)OC([H])([H])[H])c1c([H])c([H])c([H])c([H])c1[H].C=C(C)/C=C/C=C(C)C|CCCCO|water|298.15,10,True,True,0.8909090909090909
pauli_dft,43,*[C-]([N+]#Cc1c([H])c([H])c([H])c([H])c1[H])c1c([H])c([H])c([H])c([H])c1[H].CN1C=CCC(C(N)=O)=C1|CCCCN|water|298.15,7,False,True,0.7142857142857144
pauli_dft,43,*C#[N+][C-](c1c([H])c([H])c([H])c([H])c1[H])c1c([H])c([H])c([H])c([H])c1[H].CN1C=CCC(C(N)=O)=C1|CCCCN|water|298.15,9,False,False,0.7333333333333334
pauli_dft,43,*C(=[N+]([H])[C-](C(=O)N([H])C([H])([H])[H])C(=O)N([H])C([H])([H])[H])C([H])([H])[H].CN1C=CCC(C(N)=O)=C1|CCCCN|water|298.15,7,False,True,0.8571428571428573
pauli_dft,43,*c1oc(=O)[c-](-c2c([H])c([H])c([H])c([H])c2[H])[n+]1C([H])([H])[H].CN1C=CCC(C(N)=O)=C1|CCCCN|water|298.15,8,True,True,0.8095238095238096
pauli_dft,43,*[n+]1c(-c2c([H])c([H])c([H])c([H])c2[H])oc(=O)[c-]1C(=O)N([H])C([H])([H])[H].C=C(C)/C=C/C=C(C)C|CCCCN|water|298.15,11,True,True,0.8000000000000002
pauli_dft,43,*C(=[O+][C-](C#N)C#N)C(=O)OC([H])([H])[H].CN1C=CCC(C(N)=O)=C1|CCCCO|water|298.15,5,True,True,0.8999999999999998
pauli_dft,43,*[C-]([N+]#Cc1c([H])c([H])c([H])c([H])c1[H])C([H])([H])[H].COC1=C(OC)C(=O)C(C)=C(C)C1=O|CCCCN|water|298.15,3,True,True,
pauli_dft,43,*C(=[O+][C-](C(=O)N([H])C([H])([H])[H])C(=O)N([H])C([H])([H])[H])c1c([H])c([H])c([H])c([H])c1[H].CC(C)=CC=O|CCCCO|water|298.15,4,False,True,0.0
pauli_dft,43,*C(=O)C#[N+][C-](C(=O)OC([H])([H])[H])C(=O)OC([H])([H])[H].CN1C=CCC(C(N)=O)=C1|CCCCN|water|298.15,6,True,True,1.0
pauli_dft,43,*C(C(=O)OC([H])([H])[H])=[N+]([N-]C([H])([H])[H])C([H])([H])[H].COC1=C(OC)C(=O)C(C)=C(C)C1=O|CCCNN|water|298.15,4,True,True,0.7999999999999999
pauli_dft,43,*C(=[O+][C-](C#N)C(=O)OC([H])([H])[H])c1c([H])c([H])c([H])c([H])c1[H].CN1C=CCC(C(N)=O)=C1|CCCCO|water|298.15,7,False,False,0.7500000000000002
pauli_dft,43,*C(=O)c1oc(=O)[c-](-c2c([H])c([H])c([H])c([H])c2[H])[o+]1.CN1C=CCC(C(N)=O)=C1|CCCCO|water|298.15,7,False,True,0.9285714285714288
pauli_dft,43,*c1oc(=O)[c-](-c2c([H])c([H])c([H])c([H])c2[H])[o+]1.CN1C=CCC(C(N)=O)=C1|CCCCO|water|298.15,11,False,True,0.9727272727272729
pauli_dft,43,*[C-](C(=O)C([H])([H])[H])[N+](=C([H])C(=O)OC([H])([H])[H])C([H])([H])[H].CN1C=CCC(C(N)=O)=C1|CCCCN|water|298.15,7,True,True,0.9642857142857145
pauli_dft,43,*C(C(=O)OC([H])([H])[H])=[N+]([C-](C(=O)C([H])([H])[H])C([H])([H])[H])C([H])([H])[H].CN1C=CCC(C(N)=O)=C1|CCCCN|water|298.15,5,True,True,0.9999999999999999
pauli_dft,43,*[N+](=C(C(=O)N([H])C([H])([H])[H])c1c([H])c([H])c([H])c([H])c1[H])[C-](C(=O)OC([H])([H])[H])C(=O)C([H])([H])[H].CC(C)=CC=O|CCCCN|water|298.15,4,False,True,0.6000000000000001
pauli_dft,43,*[C-](C#N)[O+]=C(C(=O)OC([H])([H])[H])c1c([H])c([H])c([H])c([H])c1[H].CN1C=CCC(C(N)=O)=C1|CCCCO|water|298.15,6,True,True,0.2571428571428572
pauli_dft,43,*[N+](=C([H])C(=O)N([H])C([H])([H])[H])[C-](C#N)C(=O)C([H])([H])[H].COC1=C(OC)C(=O)C(C)=C(C)C1=O|CCCCN|water|298.15,4,True,True,0.7999999999999999
pauli_dft,43,*C(=O)[C-]([N+](=C(C#N)C([H])([H])[H])C([H])([H])[H])C([H])([H])[H].COC1=C(OC)C(=O)C(C)=C(C)C1=O|CCCCN|water|298.15,4,True,True,0.7999999999999999
pauli_dft,43,*C(=[O+][C-]([H])C(=O)OC([H])([H])[H])C([H])([H])[H].COC1=C(OC)C(=O)C(C)=C(C)C1=O|CCCCO|water|298.15,3,False,True,
pauli_dft,43,*c1oc(=O)[c-](-c2c([H])c([H])c([H])c([H])c2[H])[o+]1.COC1=C(OC)C(=O)C(C)=C(C)C1=O|CCCCO|water|298.15,4,True,True,1.0
pauli_dft,43,*c1oc(=O)[c-](C(=O)OC([H])([H])[H])[o+]1.COC1=C(OC)C(=O)C(C)=C(C)C1=O|CCCCO|water|298.15,4,True,True,1.0
pauli_dft,43,*[c-]1[o+]c(C(=O)N([H])C([H])([H])[H])oc1=O.COC1=C(OC)C(=O)C(C)=C(C)C1=O|CCCCO|water|298.15,6,False,True,0.6
pauli_dft,43,*[C-](C(=O)C([H])([H])[H])[N+](=C(C(=O)N([H])C([H])([H])[H])c1c([H])c([H])c([H])c([H])c1[H])C([H])([H])[H].CC(C)=CC=O|CCCCN|water|298.15,4,False,True,0.0
pauli_dft,43,*[C-](C(=O)OC([H])([H])[H])[N+]([H])=C(C(=O)N([H])C([H])([H])[H])C([H])([H])[H].COC1=C(OC)C(=O)C(C)=C(C)C1=O|CCCCN|water|298.15,4,True,True,1.0
pauli_dft,43,*[c-]1c(=O)oc(-c2c([H])c([H])c([H])c([H])c2[H])[n+]1C([H])([H])[H].COC1=C(OC)C(=O)C(C)=C(C)C1=O|CCCCN|water|298.15,4,True,True,1.0
pauli_dft,43,*[C-](C(=O)OC([H])([H])[H])[N+](=C(C(=O)OC([H])([H])[H])c1c([H])c([H])c([H])c([H])c1[H])C([H])([H])[H].C=C(C)/C=C/C=C(C)C|CCCCN|water|298.15,10,False,False,0.8666666666666665
pauli_dft,43,*[c-]1[o+]c(C(=O)OC([H])([H])[H])oc1=O.COC1=C(OC)C(=O)C(C)=C(C)C1=O|CCCCO|water|298.15,4,True,True,0.7999999999999999
pauli_dft,43,*c1oc(=O)[c-](C(=O)N([H])C([H])([H])[H])[o+]1.COC1=C(OC)C(=O)C(C)=C(C)C1=O|CCCCO|water|298.15,4,True,True,1.0
pauli_dft,43,*C(c1c([H])c([H])c([H])c([H])c1[H])=[N+]([H])[C-](C#N)C(=O)N([H])C([H])([H])[H].COC1=C(OC)C(=O)C(C)=C(C)C1=O|CCCCN|water|298.15,4,False,True,0.7999999999999999
pauli_dft,43,*C(=O)C(C(=O)OC([H])([H])[H])=[N+]([H])[C-](C(=O)OC([H])([H])[H])c1c([H])c([H])c([H])c([H])c1[H].C=C(C)/C=C/C=C(C)C|CCCCN|water|298.15,11,False,False,0.6545454545454547
pauli_dft,43,*[C-]([O+]=C(C(=O)N([H])C([H])([H])[H])c1c([H])c([H])c([H])c([H])c1[H])C(=O)N([H])C([H])([H])[H].COC1=C(OC)C(=O)C(C)=C(C)C1=O|CCCCO|water|298.15,3,True,True,
pauli_dft,43,*[C-](c1c([H])c([H])c([H])c([H])c1[H])[N+](=C(C#N)c1c([H])c([H])c([H])c([H])c1[H])C([H])([H])[H].COC1=C(OC)C(=O)C(C)=C(C)C1=O|CCCCN|water|298.15,4,True,True,0.7999999999999999
pauli_dft,43,*C(=[O+][C-](c1c([H])c([H])c([H])c([H])c1[H])C([H])([H])[H])C(=O)C([H])([H])[H].COC1=C(OC)C(=O)C(C)=C(C)C1=O|CCCCO|water|298.15,4,True,True,1.0
pauli_dft,43,*[C-](C#N)[N+](=C(C(=O)N([H])C([H])([H])[H])c1c([H])c([H])c([H])c([H])c1[H])C([H])([H])[H].COC1=C(OC)C(=O)C(C)=C(C)C1=O|CCCCN|water|298.15,4,True,True,1.0
pauli_dft,44,*C#CC(=O)N([H])C([H])([H])[H].CC(=O)c1[nH+][c-](C)c(=O)o1|CCCCN|water|298.15,4,True,True,1.0
pauli_dft,44,*C(=O)C#CF.CNC(=O)c1[nH+][c-](C#N)c(=O)o1|CCCCN|water|298.15,3,True,True,
pauli_dft,44,*C([H])=C([H])[H].N#Cc1oc(=O)[c-](-c2ccccc2)[o+]1|CCCCO|water|298.15,3,True,True,
pauli_dft,44,*C1=C(C([H])([H])[H])C2([H])C([H])([H])C([H])([H])C1([H])C2([H])[H].COC(=O)[N-][N+]#CC(C)=O|CCCNN|water|298.15,3,True,True,
pauli_dft,44,*C(=C(C([H])([H])[H])C([H])([H])[H])C([H])([H])[H].COC(=O)[c-]1[nH+]c(C(C)=O)oc1=O|CCCCN|water|298.15,3,True,True,
pauli_dft,44,*C#CC(=O)OC([H])([H])[H].CNC(=O)[c-]1c(=O)oc(C#N)[n+]1C|CCCCN|water|298.15,4,False,False,-0.39999999999999997
pauli_dft,44,*C(=[O+][N-]C([H])([H])[H])c1c([H])c([H])c([H])c([H])c1[H].CNC(=O)C1=C(C#N)C2CCC1C2|CCCNO|water|298.15,4,True,True,1.0
pauli_dft,44,*[C-]([O+]=C(C#N)C(=O)OC([H])([H])[H])C([H])([H])[H].CNC(=O)C1=C(F)C2CCC1C2|CCCCO|water|298.15,4,True,True,1.0
pauli_dft,44,*c1oc(=O)[c-](-c2c([H])c([H])c([H])c([H])c2[H])[n+]1C([H])([H])[H].CC(=O)C1=C(Cl)C2CCC1C2|CCCCN|water|298.15,4,False,True,0.7999999999999999
pauli_dft,44,*c1oc(=O)[c-](C(=O)OC([H])([H])[H])[o+]1.CC(=O)C1=C(Br)C2CCC1C2|CCCCO|water|298.15,4,True,True,1.0
pauli_dft,44,*C([H])=[N+]([C-](C#N)C(=O)C([H])([H])[H])C([H])([H])[H].N#CC1=C(c2ccccc2)C2CCC1C2|CCCCN|water|298.15,4,True,True,0.7999999999999999
pauli_dft,44,*C1=C([H])C2([H])C([H])([H])C([H])([H])C1([H])C2([H])[H].COC(=O)[C-](C)[O+]=C(c1ccccc1)c1ccccc1|CCCCO|water|298.15,3,True,True,
pauli_dft,44,*C1=C(Br)C2([H])C([H])([H])C([H])([H])C1([H])C2([H])[H].CC(=O)c1[nH+][c-](-c2ccccc2)c(=O)o1|CCCCN|water|298.15,4,False,True,0.39999999999999997
pauli_dft,44,*C(c1c([H])c([H])c([H])c([H])c1[H])=[N+]([C-](C(=O)N([H])C([H])([H])[H])C([H])([H])[H])C([H])([H])[H].CC1=C(Br)C2C=CC1O2|CCCCN|water|298.15,7,False,True,0.7142857142857144
pauli_dft,44,*C1=C(C(F)(F)F)C2([H])OC1([H])C([H])=C2[H].COC(=O)[C-]([N+]#CC(C)=O)c1ccccc1|CCCCN|water|298.15,5,True,True,0.6
pauli_dft,44,*C(=O)C1=C(Br)C2([H])OC1([H])C([H])=C2[H].CNC(=O)C(=[NH+][C-](C)C#N)C(=O)OC|CCCCN|water|298.15,8,True,True,0.7619047619047621
pauli_dft,44,*C1(C([H])([H])[H])C#CC(c2c([H])c([H])c([H])c([H])c2[H])(c2c([H])c([H])c([H])c([H])c2[H])C([H])([H])C([H])([H])C([H])([H])C1([H])[H].CNC(=O)[C-](C#N)[NH+]=C(C)C#N|CCCCN|water|298.15,4,True,True,1.0
pauli_dft,44,*[C-]([O+]=C(C(=O)N([H])C([H])([H])[H])c1c([H])c([H])c([H])c([H])c1[H])C([H])([H])[H].CNC(=O)C1=C(Br)C2CCC1C2|CCCCO|water|298.15,3,True,True,
pauli_dft,44,*C1([H])C#CC(C(=O)OC([H])([H])[H])(C(=O)OC([H])([H])[H])C([H])([H])C([H])([H])C([H])([H])C1([H])[H].CC(=O)[c-]1c(=O)oc(-c2ccccc2)[n+]1C|CCCCN|water|298.15,4,True,True,0.7999999999999999
pauli_dft,44,*C1(c2c([H])c([H])c([H])c([H])c2[H])C#CC(c2c([H])c([H])c([H])c([H])c2[H])(c2c([H])c([H])c([H])c([H])c2[H])C([H])([H])C([H])([H])C([H])([H])C1([H])[H].C[C-]([N+]#N)c1ccccc1|CCCNN|water|298.15,3,True,True,
pauli_dft,44,*C#[N+][C-]([H])c1c([H])c([H])c([H])c([H])c1[H].C=C|CCCCN|water|298.15,3,True,True,
pauli_dft,44,*[C-]([H])[N+](=C(C#N)C([H])([H])[H])C([H])([H])[H].C/C=C\C|CCCCN|water|298.15,3,False,True,
pauli_dft,44,*C([H])=C(C([H])([H])[H])C([H])([H])[H].C[c-]1[o+]noc1=O|CCCNO|water|298.15,4,True,True,0.7999999999999999
pauli_dft,44,*[c-]1[o+]noc1=O.CC(C)=CC=O|CCCNO|water|298.15,4,False,True,0.7999999999999999
pauli_dft,44,*[C-]([N+]#CC(=O)OC([H])([H])[H])C([H])([H])[H].CC(C)=CC=O|CCCCN|water|298.15,6,True,True,0.942857142857143
pauli_dft,44,*[C-]([H])[N+]#CC(=O)C([H])([H])[H].CC(C)=CC=O|CCCCN|water|298.15,4,True,True,0.7999999999999999
pauli_dft,44,*[C-]([N+]#CC(=O)C([H])([H])[H])C(=O)C([H])([H])[H].CC(C)=CC=O|CCCCN|water|298.15,3,True,True,
pauli_dft,44,*C#[N+][C-](c1c([H])c([H])c([H])c([H])c1[H])C([H])([H])[H].C/C=C\C|CCCCN|water|298.15,4,True,True,0.7999999999999999
pauli_dft,44,*C#[N+][C-](C([H])([H])[H])C([H])([H])[H].C=C(C)/C=C/C=C(C)C|CCCCN|water|298.15,9,True,True,0.8333333333333333
pauli_dft,44,*C(C(=O)C([H])([H])[H])=[N+]([C-]([H])C([H])([H])[H])C([H])([H])[H].CC(C)=CC=O|CCCCN|water|298.15,4,True,True,1.0
pauli_dft,44,*C#[N+][C-](C#N)C(=O)C([H])([H])[H].CC(C)=C(C)C|CCCCN|water|298.15,3,True,True,
pauli_dft,44,*C(C#N)=[N+]([H])[N-]C(=O)C([H])([H])[H].CC(C)=CC=O|CCCNN|water|298.15,4,True,True,0.7999999999999999
pauli_dft,44,*C(C(=O)OC([H])([H])[H])=[N+]([H])[N-]C#N.CC(C)=CC=O|CCCNN|water|298.15,4,False,True,0.19999999999999998
pauli_dft,44,*C(=O)[c-]1c(=O)oc(C([H])([H])[H])[n+]1[H].CC(C)=CC=O|CCCCN|water|298.15,3,True,True,
pauli_dft,44,*[c-]1[o+]noc1=O.C=C(C)/C=C/C=C(C)C|CCCNO|water|298.15,8,False,True,0.0
pauli_dft,44,*[N-][N+]#CC([H])([H])[H].C=C(C)/C=C/C=C(C)C|CCCNN|water|298.15,7,False,False,-0.07142857142857144
pauli_dft,44,*[C-]([N+]#CC(=O)C([H])([H])[H])c1c([H])c([H])c([H])c([H])c1[H].C/C=C\C|CCCCN|water|298.15,3,False,True,
pauli_dft,44,*C([H])=C(C([H])([H])[H])C([H])([H])[H].CNC(=O)[c-]1[nH+]c(C)oc1=O|CCCCN|water|298.15,4,False,True,0.7999999999999999
pauli_dft,44,*c1oc(=O)[c-](C(=O)N([H])C([H])([H])[H])[n+]1[H].CC(C)=CC=O|CCCCN|water|298.15,4,True,True,0.7999999999999999
pauli_dft,44,*[C-]([N+]#CC(=O)C([H])([H])[H])c1c([H])c([H])c([H])c([H])c1[H].CC(C)=CC=O|CCCCN|water|298.15,5,False,True,0.8999999999999998
pauli_dft,44,*c1oc(=O)[c-](C([H])([H])[H])[n+]1[H].C=C(C)/C=C/C=C(C)C|CCCCN|water|298.15,18,True,True,0.7234262125902993
pauli_dft,44,*[C-]([N+]#N)C(=O)OC([H])([H])[H].C=C(C)/C=C/C=C(C)C|CCCNN|water|298.15,9,True,True,0.9
pauli_dft,44,*c1oc(=O)[c-](C([H])([H])[H])[n+]1[H].CN1C=CCC(C(N)=O)=C1|CCCCN|water|298.15,6,True,True,0.6
pauli_dft,44,*[c-]1c(=O)oc(C([H])([H])[H])[n+]1[H].CN1C=CCC(C(N)=O)=C1|CCCCN|water|298.15,12,True,True,0.8601398601398602
pauli_dft,44,*[C-]([N+]#CC(=O)OC([H])([H])[H])C([H])([H])[H].C=C(C)/C=C/C=C(C)C|CCCCN|water|298.15,15,True,True,0.7607142857142856
pauli_dft,44,*C#[N+][N-]c1c([H])c([H])c([H])c([H])c1[H].C=C(C)/C=C/C=C(C)C|CCCNN|water|298.15,3,True,True,
pauli_dft,44,*[C-](C(=O)N([H])C([H])([H])[H])[N+]([H])=C(C(=O)N([H])C([H])([H])[H])C([H])([H])[H].CC(C)=CC=O|CCCCN|water|298.15,4,True,True,1.0
pauli_dft,44,*C([H])=C(C([H])([H])[H])C([H])([H])[H].C[c-]1[nH+]c(-c2ccccc2)oc1=O|CCCCN|water|298.15,3,False,True,
pauli_dft,44,*[c-]1[o+]c(C#N)oc1=O.CN1C=CCC(C(N)=O)=C1|CCCCO|water|298.15,5,False,True,0.8999999999999998
pauli_dft,44,*[C-]([N+]#CC#N)C(=O)OC([H])([H])[H].C=C(C)/C=C/C=C(C)C|CCCCN|water|298.15,14,True,True,0.7802197802197802
pauli_dft,44,*C([H])=C(C([H])([H])[H])C([H])([H])[H].COC(=O)[N-][NH+]=Cc1ccccc1|CCCNN|water|298.15,3,True,True,
pauli_dft,44,*[N+]([N-]C(=O)OC([H])([H])[H])=C([H])c1c([H])c([H])c([H])c([H])c1[H].CC(C)=CC=O|CCCNN|water|298.15,3,True,True,
pauli_dft,44,*C(=O)C#[N+][C-](C(=O)C([H])([H])[H])C([H])([H])[H].C=C(C)/C=C/C=C(C)C|CCCCN|water|298.15,8,True,True,1.0
pauli_dft,44,*[C-]([N+]#CC(=O)C([H])([H])[H])C(=O)C([H])([H])[H].C=C(C)/C=C/C=C(C)C|CCCCN|water|298.15,8,False,True,0.8333333333333335
pauli_dft,44,*C(C(=O)OC([H])([H])[H])=[N+]([H])[C-]([H])C#N.C=C(C)/C=C/C=C(C)C|CCCCN|water|298.15,12,False,True,0.8601398601398602
pauli_dft,44,*C(C(=O)N([H])C([H])([H])[H])=[N+]([C-]([H])C#N)C([H])([H])[H].CC(C)=CC=O|CCCCN|water|298.15,4,False,True,0.7999999999999999
pauli_dft,44,*[C-]([H])[N+](=C(C(=O)N([H])C([H])([H])[H])C(=O)C([H])([H])[H])C([H])([H])[H].CC(C)=CC=O|CCCCN|water|298.15,4,True,True,0.7999999999999999
pauli_dft,44,*[C-](C#N)[N+]#CC(=O)OC([H])([H])[H].CN1C=CCC(C(N)=O)=C1|CCCCN|water|298.15,5,True,True,0.9999999999999999
pauli_dft,44,*[C-]([N+]#CC#N)C([H])([H])[H].COC1=C(OC)C(=O)C(C)=C(C)C1=O|CCCCN|water|298.15,4,True,True,1.0
pauli_dft,44,*[C-](C#N)[N+]([H])=C(C(=O)N([H])C([H])([H])[H])C([H])([H])[H].CN1C=CCC(C(N)=O)=C1|CCCCN|water|298.15,7,True,True,0.7500000000000002
pauli_dft,44,*C([H])=C(C([H])([H])[H])C([H])([H])[H].C[CH-][N+](C)=C(C(C)=O)c1ccccc1|CCCCN|water|298.15,4,True,True,1.0
pauli_dft,44,*C([H])=[N+]([C-](c1c([H])c([H])c([H])c([H])c1[H])C([H])([H])[H])C([H])([H])[H].C=C(C)/C=C/C=C(C)C|CCCCN|water|298.15,15,True,True,0.7642857142857141
pauli_dft,44,*C([H])=[O+][N-]C(=O)OC([H])([H])[H].CN1C=CCC(C(N)=O)=C1|CCCNO|water|298.15,4,True,True,1.0
pauli_dft,44,*[C-](C#N)[N+](=C(C(=O)N([H])C([H])([H])[H])C(=O)N([H])C([H])([H])[H])C([H])([H])[H].CC(C)=CC=O|CCCCN|water|298.15,4,True,True,1.0
pauli_dft,44,*c1oc(=O)[c-](C(=O)N([H])C([H])([H])[H])[n+]1[H].C=C(C)/C=C/C=C(C)C|CCCCN|water|298.15,11,True,True,0.5454545454545455
pauli_dft,44,*C([H])=C(C([H])([H])[H])C([H])([H])[H].CC(=O)C#[N+][C-](C(C)=O)c1ccccc1|CCCCN|water|298.15,3,True,True,
pauli_dft,44,*C(=O)C#[N+][C-](C(=O)C([H])([H])[H])c1c([H])c([H])c([H])c([H])c1[H].CC(C)=CC=O|CCCCN|water|298.15,3,False,True,
pauli_dft,44,*C(=O)[C-]([N+]#CC#N)C(=O)C([H])([H])[H].C=C(C)/C=C/C=C(C)C|CCCCN|water|298.15,8,False,True,0.8333333333333335
pauli_dft,44,*[C-]([N+]#CC#N)C(=O)C([H])([H])[H].C=C(C)/C=C/C=C(C)C|CCCCN|water|298.15,12,False,True,0.7552447552447553
pauli_dft,44,*C#[N+][C-](C(=O)OC([H])([H])[H])C(=O)C([H])([H])[H].C=C(C)/C=C/C=C(C)C|CCCCN|water|298.15,10,True,True,0.9515151515151514
pauli_dft,44,*C(C(=O)C([H])([H])[H])=[N+]([H])[N-]c1c([H])c([H])c([H])c([H])c1[H].C=C(C)/C=C/C=C(C)C|CCCNN|water|298.15,10,False,False,0.4545454545454545
pauli_dft,44,*[C-]([N+]#CC#N)C(=O)N([H])C([H])([H])[H].C=C(C)/C=C/C=C(C)C|CCCCN|water|298.15,8,False,True,0.880952380952381
pauli_dft,44,*C(c1c([H])c([H])c([H])c([H])c1[H])=[N+]([N-][H])C([H])([H])[H].CN1C=CCC(C(N)=O)=C1|CCCNN|water|298.15,5,False,True,0.8999999999999998
pauli_dft,44,*c1oc(=O)[c-](C(=O)N([H])C([H])([H])[H])[o+]1.C=C(C)/C=C/C=C(C)C|CCCCO|water|298.15,12,True,True,0.6923076923076924
pauli_dft,44,*[c-]1c(=O)oc(C(=O)C([H])([H])[H])[n+]1C([H])([H])[H].CN1C=CCC(C(N)=O)=C1|CCCCN|water|298.15,10,True,True,0.9878787878787878
pauli_dft,44,*[N-][N+]#CC(=O)N([H])C([H])([H])[H].COC1=C(OC)C(=O)C(C)=C(C)C1=O|CCCNN|water|298.15,3,True,True,
pauli_dft,44,*C#[N+][C-](C#N)C([H])([H])[H].COC1=C(OC)C(=O)C(C)=C(C)C1=O|CCCCN|water|298.15,6,True,True,1.0
pauli_dft,44,*C(C#N)=[N+]([C-](C(=O)N([H])C([H])([H])[H])C([H])([H])[H])C([H])([H])[H].CC(C)=CC=O|CCCCN|water|298.15,4,True,True,1.0
pauli_dft,44,*C(=[O+][N-]C(=O)OC([H])([H])[H])C(=O)N([H])C([H])([H])[H].CN1C=CCC(C(N)=O)=C1|CCCNO|water|298.15,3,True,True,
pauli_dft,44,*C#[N+][C-](C(=O)N([H])C([H])([H])[H])c1c([H])c([H])c([H])c([H])c1[H].CC(C)=CC=O|CCCCN|water|298.15,4,False,True,0.39999999999999997
pauli_dft,44,*[C-](C(=O)N([H])C([H])([H])[H])[N+](=C(C#N)C#N)C([H])([H])[H].CN1C=CCC(C(N)=O)=C1|CCCCN|water|298.15,8,True,True,0.9523809523809524
pauli_dft,44,*[C-](C(=O)OC([H])([H])[H])[N+]([H])=C(C(=O)N([H])C([H])([H])[H])C(=O)N([H])C([H])([H])[H].CC(C)=CC=O|CCCCN|water|298.15,4,False,True,0.39999999999999997
pauli_dft,44,*[C-]([N+]#CC#N)C(=O)N([H])C([H])([H])[H].CN1C=CCC(C(N)=O)=C1|CCCCN|water|298.15,4,True,True,1.0
pauli_dft,44,*C#[N+][C-](C(=O)OC([H])([H])[H])c1c([H])c([H])c([H])c([H])c1[H].C=C(C)/C=C/C=C(C)C|CCCCN|water|298.15,7,True,True,0.8928571428571429
pauli_dft,44,*[c-]1c(=O)oc(-c2c([H])c([H])c([H])c([H])c2[H])[n+]1[H].C=C(C)/C=C/C=C(C)C|CCCCN|water|298.15,18,True,True,0.6057791537667698
pauli_dft,44,*C(=O)C#[N+][N-]C#N.COC1=C(OC)C(=O)C(C)=C(C)C1=O|CCCNN|water|298.15,3,True,True,
pauli_dft,44,*[C-](C(=O)N([H])C([H])([H])[H])[N+](=C(C#N)c1c([H])c([H])c([H])c([H])c1[H])C([H])([H])[H].CC(C)=CC=O|CCCCN|water|298.15,4,False,True,-0.19999999999999998
pauli_dft,44,*C#[N+][C-](C(=O)OC([H])([H])[H])C(=O)OC([H])([H])[H].C=C(C)/C=C/C=C(C)C|CCCCN|water|298.15,6,True,True,0.7714285714285715
pauli_dft,44,*C([H])=[O+][C-](C#N)c1c([H])c([H])c([H])c([H])c1[H].CN1C=CCC(C(N)=O)=C1|CCCCO|water|298.15,5,True,True,0.8999999999999998
pauli_dft,44,*C(=O)[C-]([N+]#CC#N)c1c([H])c([H])c([H])c([H])c1[H].C=C(C)/C=C/C=C(C)C|CCCCN|water|298.15,9,True,True,0.6333333333333333
pauli_dft,44,*C#[N+][C-](C(=O)C([H])([H])[H])c1c([H])c([H])c([H])c([H])c1[H].C=C(C)/C=C/C=C(C)C|CCCCN|water|298.15,9,True,True,0.9333333333333332
pauli_dft,44,*c1oc(=O)[c-](C(=O)OC([H])([H])[H])[n+]1C([H])([H])[H].CN1C=CCC(C(N)=O)=C1|CCCCN|water|298.15,11,True,True,0.8909090909090911
pauli_dft,44,*c1oc(=O)[c-](-c2c([H])c([H])c([H])c([H])c2[H])[n+]1[H].CN1C=CCC(C(N)=O)=C1|CCCCN|water|298.15,7,False,True,0.9285714285714288
pauli_dft,44,*C(=[N+]([H])[C-](C#N)c1c([H])c([H])c([H])c([H])c1[H])C([H])([H])[H].CN1C=CCC(C(N)=O)=C1|CCCCN|water|298.15,8,False,True,0.9761904761904763
pauli_dft,44,*[C-](c1c([H])c([H])c([H])c([H])c1[H])[N+]([H])=C(C([H])([H])[H])C([H])([H])[H].CN1C=CCC(C(N)=O)=C1|CCCCN|water|298.15,8,False,True,0.880952380952381
pauli_dft,44,*[C-]([O+]=C([H])C(=O)C([H])([H])[H])c1c([H])c([H])c([H])c([H])c1[H].C=C(C)/C=C/C=C(C)C|CCCCO|water|298.15,10,False,False,0.7575757575757575
pauli_dft,44,*[N-][O+]=C(C(=O)OC([H])([H])[H])C(=O)N([H])C([H])([H])[H].CN1C=CCC(C(N)=O)=C1|CCCNO|water|298.15,4,False,True,0.39999999999999997
pauli_dft,44,*[c-]1c(=O)oc(C#N)[n+]1C([H])([H])[H].CN1C=CCC(C(N)=O)=C1|CCCCN|water|298.15,7,False,True,0.9285714285714288
pauli_dft,44,*[N-][O+]=C([H])c1c([H])c([H])c([H])c([H])c1[H].CN1C=CCC(C(N)=O)=C1|CCCNO|water|298.15,5,True,True,0.7
pauli_dft,44,*C(C(=O)OC([H])([H])[H])=[N+]([H])[C-](C#N)C#N.C=C(C)/C=C/C=C(C)C|CCCCN|water|298.15,11,False,True,0.6727272727272727
pauli_dft,44,*[C-]([O+]=C([H])c1c([H])c([H])c([H])c([H])c1[H])C(=O)OC([H])([H])[H].C=C(C)/C=C/C=C(C)C|CCCCO|water|298.15,10,False,False,0.7696969696969697
pauli_dft,44,*[c-]1[o+]c(C(=O)OC([H])([H])[H])oc1=O.CN1C=CCC(C(N)=O)=C1|CCCCO|water|298.15,6,False,True,0.8857142857142858
pauli_dft,44,*C(c1c([H])c([H])c([H])c([H])c1[H])=[N+]([C-](C#N)C#N)C([H])([H])[H].CN1C=CCC(C(N)=O)=C1|CCCCN|water|298.15,10,False,False,0.5636363636363636
pauli_dft,44,*C([H])=C(C([H])([H])[H])C([H])([H])[H].CNC(=O)C(=[O+][N-]c1ccccc1)C(=O)OC|CCCNO|water|298.15,4,False,True,-0.6000000000000001
pauli_dft,44,*C([H])=C(C([H])([H])[H])C([H])([H])[H].COC(=O)[CH-][O+]=C(C(=O)OC)c1ccccc1|CCCCO|water|298.15,4,False,True,0.39999999999999997
pauli_dft,44,*C#[N+][C-](C(=O)C([H])([H])[H])C(=O)C([H])([H])[H].CN1C=CCC(C(N)=O)=C1|CCCCN|water|298.15,4,True,True,1.0
pauli_dft,44,*[C-]([N+]#CC(=O)N([H])C([H])([H])[H])C(=O)OC([H])([H])[H].C=C(C)/C=C/C=C(C)C|CCCCN|water|298.15,10,False,True,0.7696969696969697
pauli_dft,44,*C(c1c([H])c([H])c([H])c([H])c1[H])=[N+]([N-]C(=O)C([H])([H])[H])C([H])([H])[H].C=C(C)/C=C/C=C(C)C|CCCNN|water|298.15,7,False,True,0.7500000000000002
pauli_dft,44,*[C-]([H])[O+]=C(C(=O)OC([H])([H])[H])c1c([H])c([H])c([H])c([H])c1[H].C=C(C)/C=C/C=C(C)C|CCCCO|water|298.15,10,True,True,0.9515151515151514
pauli_dft,44,*[C-]([N+]#Cc1c([H])c([H])c([H])c([H])c1[H])c1c([H])c([H])c([H])c([H])c1[H].CN1C=CCC(C(N)=O)=C1|CCCCN|water|298.15,7,False,True,0.8214285714285715
pauli_dft,44,*C#[N+][C-](c1c([H])c([H])c([H])c([H])c1[H])c1c([H])c([H])c([H])c([H])c1[H].CN1C=CCC(C(N)=O)=C1|CCCCN|water|298.15,9,False,False,0.6833333333333333
pauli_dft,44,*C(=[N+]([H])[C-](C(=O)N([H])C([H])([H])[H])C(=O)N([H])C([H])([H])[H])C([H])([H])[H].CN1C=CCC(C(N)=O)=C1|CCCCN|water|298.15,7,False,True,0.8928571428571429
pauli_dft,44,*c1oc(=O)[c-](-c2c([H])c([H])c([H])c([H])c2[H])[n+]1C([H])([H])[H].CN1C=CCC(C(N)=O)=C1|CCCCN|water|298.15,8,True,True,0.8095238095238096
pauli_dft,44,*[n+]1c(-c2c([H])c([H])c([H])c([H])c2[H])oc(=O)[c-]1C(=O)N([H])C([H])([H])[H].C=C(C)/C=C/C=C(C)C|CCCCN|water|298.15,11,True,True,0.6545454545454547
pauli_dft,44,*C(=[O+][C-](C#N)C#N)C(=O)OC([H])([H])[H].CN1C=CCC(C(N)=O)=C1|CCCCO|water|298.15,5,True,True,0.8999999999999998
pauli_dft,44,*[C-]([N+]#Cc1c([H])c([H])c([H])c([H])c1[H])C([H])([H])[H].COC1=C(OC)C(=O)C(C)=C(C)C1=O|CCCCN|water|298.15,3,True,True,
pauli_dft,44,*C(=[O+][C-](C(=O)N([H])C([H])([H])[H])C(=O)N([H])C([H])([H])[H])c1c([H])c([H])c([H])c([H])c1[H].CC(C)=CC=O|CCCCO|water|298.15,4,False,True,0.19999999999999998
pauli_dft,44,*C(=O)C#[N+][C-](C(=O)OC([H])([H])[H])C(=O)OC([H])([H])[H].CN1C=CCC(C(N)=O)=C1|CCCCN|water|298.15,6,True,True,1.0
pauli_dft,44,*C(C(=O)OC([H])([H])[H])=[N+]([N-]C([H])([H])[H])C([H])([H])[H].COC1=C(OC)C(=O)C(C)=C(C)C1=O|CCCNN|water|298.15,4,True,True,0.7999999999999999
pauli_dft,44,*C(=[O+][C-](C#N)C(=O)OC([H])([H])[H])c1c([H])c([H])c([H])c([H])c1[H].CN1C=CCC(C(N)=O)=C1|CCCCO|water|298.15,7,False,True,0.8571428571428573
pauli_dft,44,*C(=O)c1oc(=O)[c-](-c2c([H])c([H])c([H])c([H])c2[H])[o+]1.CN1C=CCC(C(N)=O)=C1|CCCCO|water|298.15,7,False,True,0.9642857142857145
pauli_dft,44,*c1oc(=O)[c-](-c2c([H])c([H])c([H])c([H])c2[H])[o+]1.CN1C=CCC(C(N)=O)=C1|CCCCO|water|298.15,11,False,True,0.9636363636363637
pauli_dft,44,*[C-](C(=O)C([H])([H])[H])[N+](=C([H])C(=O)OC([H])([H])[H])C([H])([H])[H].CN1C=CCC(C(N)=O)=C1|CCCCN|water|298.15,7,True,True,0.9642857142857145
pauli_dft,44,*C(C(=O)OC([H])([H])[H])=[N+]([C-](C(=O)C([H])([H])[H])C([H])([H])[H])C([H])([H])[H].CN1C=CCC(C(N)=O)=C1|CCCCN|water|298.15,5,True,True,0.9999999999999999
pauli_dft,44,*[N+](=C(C(=O)N([H])C([H])([H])[H])c1c([H])c([H])c([H])c([H])c1[H])[C-](C(=O)OC([H])([H])[H])C(=O)C([H])([H])[H].CC(C)=CC=O|CCCCN|water|298.15,4,True,True,0.7999999999999999
pauli_dft,44,*[C-](C#N)[O+]=C(C(=O)OC([H])([H])[H])c1c([H])c([H])c([H])c([H])c1[H].CN1C=CCC(C(N)=O)=C1|CCCCO|water|298.15,6,True,True,0.48571428571428577
pauli_dft,44,*[N+](=C([H])C(=O)N([H])C([H])([H])[H])[C-](C#N)C(=O)C([H])([H])[H].COC1=C(OC)C(=O)C(C)=C(C)C1=O|CCCCN|water|298.15,4,True,True,0.7999999999999999
pauli_dft,44,*C(=O)[C-]([N+](=C(C#N)C([H])([H])[H])C([H])([H])[H])C([H])([H])[H].COC1=C(OC)C(=O)C(C)=C(C)C1=O|CCCCN|water|298.15,4,True,True,0.7999999999999999
pauli_dft,44,*C(=[O+][C-]([H])C(=O)OC([H])([H])[H])C([H])([H])[H].COC1=C(OC)C(=O)C(C)=C(C)C1=O|CCCCO|water|298.15,3,True,True,
pauli_dft,44,*c1oc(=O)[c-](-c2c([H])c([H])c([H])c([H])c2[H])[o+]1.COC1=C(OC)C(=O)C(C)=C(C)C1=O|CCCCO|water|298.15,4,True,True,1.0
pauli_dft,44,*c1oc(=O)[c-](C(=O)OC([H])([H])[H])[o+]1.COC1=C(OC)C(=O)C(C)=C(C)C1=O|CCCCO|water|298.15,4,True,True,1.0
pauli_dft,44,*[c-]1[o+]c(C(=O)N([H])C([H])([H])[H])oc1=O.COC1=C(OC)C(=O)C(C)=C(C)C1=O|CCCCO|water|298.15,6,False,True,0.48571428571428577
pauli_dft,44,*[C-](C(=O)C([H])([H])[H])[N+](=C(C(=O)N([H])C([H])([H])[H])c1c([H])c([H])c([H])c([H])c1[H])C([H])([H])[H].CC(C)=CC=O|CCCCN|water|298.15,4,False,True,0.0
pauli_dft,44,*[C-](C(=O)OC([H])([H])[H])[N+]([H])=C(C(=O)N([H])C([H])([H])[H])C([H])([H])[H].COC1=C(OC)C(=O)C(C)=C(C)C1=O|CCCCN|water|298.15,4,True,True,1.0
pauli_dft,44,*[c-]1c(=O)oc(-c2c([H])c([H])c([H])c([H])c2[H])[n+]1C([H])([H])[H].COC1=C(OC)C(=O)C(C)=C(C)C1=O|CCCCN|water|298.15,4,True,True,1.0
pauli_dft,44,*[C-](C(=O)OC([H])([H])[H])[N+](=C(C(=O)OC([H])([H])[H])c1c([H])c([H])c([H])c([H])c1[H])C([H])([H])[H].C=C(C)/C=C/C=C(C)C|CCCCN|water|298.15,10,False,False,0.8181818181818182
pauli_dft,44,*[c-]1[o+]c(C(=O)OC([H])([H])[H])oc1=O.COC1=C(OC)C(=O)C(C)=C(C)C1=O|CCCCO|water|298.15,4,True,True,0.7999999999999999
pauli_dft,44,*c1oc(=O)[c-](C(=O)N([H])C([H])([H])[H])[o+]1.COC1=C(OC)C(=O)C(C)=C(C)C1=O|CCCCO|water|298.15,4,True,True,1.0
pauli_dft,44,*C(c1c([H])c([H])c([H])c([H])c1[H])=[N+]([H])[C-](C#N)C(=O)N([H])C([H])([H])[H].COC1=C(OC)C(=O)C(C)=C(C)C1=O|CCCCN|water|298.15,4,True,True,1.0
pauli_dft,44,*C(=O)C(C(=O)OC([H])([H])[H])=[N+]([H])[C-](C(=O)OC([H])([H])[H])c1c([H])c([H])c([H])c([H])c1[H].C=C(C)/C=C/C=C(C)C|CCCCN|water|298.15,11,False,True,0.690909090909091
pauli_dft,44,*[C-]([O+]=C(C(=O)N([H])C([H])([H])[H])c1c([H])c([H])c([H])c([H])c1[H])C(=O)N([H])C([H])([H])[H].COC1=C(OC)C(=O)C(C)=C(C)C1=O|CCCCO|water|298.15,3,True,True,
pauli_dft,44,*[C-](c1c([H])c([H])c([H])c([H])c1[H])[N+](=C(C#N)c1c([H])c([H])c([H])c([H])c1[H])C([H])([H])[H].COC1=C(OC)C(=O)C(C)=C(C)C1=O|CCCCN|water|298.15,4,True,True,0.7999999999999999
pauli_dft,44,*C(=[O+][C-](c1c([H])c([H])c([H])c([H])c1[H])C([H])([H])[H])C(=O)C([H])([H])[H].COC1=C(OC)C(=O)C(C)=C(C)C1=O|CCCCO|water|298.15,4,False,True,0.7999999999999999
pauli_dft,44,*[C-](C#N)[N+](=C(C(=O)N([H])C([H])([H])[H])c1c([H])c([H])c([H])c([H])c1[H])C([H])([H])[H].COC1=C(OC)C(=O)C(C)=C(C)C1=O|CCCCN|water|298.15,4,True,True,1.0
pauli_dft,45,*C#CC(=O)N([H])C([H])([H])[H].CC(=O)c1[nH+][c-](C)c(=O)o1|CCCCN|water|298.15,4,True,True,1.0
pauli_dft,45,*C(=O)C#CF.CNC(=O)c1[nH+][c-](C#N)c(=O)o1|CCCCN|water|298.15,3,True,True,
pauli_dft,45,*C([H])=C([H])[H].N#Cc1oc(=O)[c-](-c2ccccc2)[o+]1|CCCCO|water|298.15,3,True,True,
pauli_dft,45,*C1=C(C([H])([H])[H])C2([H])C([H])([H])C([H])([H])C1([H])C2([H])[H].COC(=O)[N-][N+]#CC(C)=O|CCCNN|water|298.15,3,True,True,
pauli_dft,45,*C(=C(C([H])([H])[H])C([H])([H])[H])C([H])([H])[H].COC(=O)[c-]1[nH+]c(C(C)=O)oc1=O|CCCCN|water|298.15,3,True,True,
pauli_dft,45,*C#CC(=O)OC([H])([H])[H].CNC(=O)[c-]1c(=O)oc(C#N)[n+]1C|CCCCN|water|298.15,4,False,True,-0.39999999999999997
pauli_dft,45,*C(=[O+][N-]C([H])([H])[H])c1c([H])c([H])c([H])c([H])c1[H].CNC(=O)C1=C(C#N)C2CCC1C2|CCCNO|water|298.15,4,True,True,0.7999999999999999
pauli_dft,45,*[C-]([O+]=C(C#N)C(=O)OC([H])([H])[H])C([H])([H])[H].CNC(=O)C1=C(F)C2CCC1C2|CCCCO|water|298.15,4,True,True,1.0
pauli_dft,45,*c1oc(=O)[c-](-c2c([H])c([H])c([H])c([H])c2[H])[n+]1C([H])([H])[H].CC(=O)C1=C(Cl)C2CCC1C2|CCCCN|water|298.15,4,True,True,1.0
pauli_dft,45,*c1oc(=O)[c-](C(=O)OC([H])([H])[H])[o+]1.CC(=O)C1=C(Br)C2CCC1C2|CCCCO|water|298.15,4,True,True,1.0
pauli_dft,45,*C([H])=[N+]([C-](C#N)C(=O)C([H])([H])[H])C([H])([H])[H].N#CC1=C(c2ccccc2)C2CCC1C2|CCCCN|water|298.15,4,True,True,0.7999999999999999
pauli_dft,45,*C1=C([H])C2([H])C([H])([H])C([H])([H])C1([H])C2([H])[H].COC(=O)[C-](C)[O+]=C(c1ccccc1)c1ccccc1|CCCCO|water|298.15,3,True,True,
pauli_dft,45,*C1=C(Br)C2([H])C([H])([H])C([H])([H])C1([H])C2([H])[H].CC(=O)c1[nH+][c-](-c2ccccc2)c(=O)o1|CCCCN|water|298.15,4,False,True,0.19999999999999998
pauli_dft,45,*C(c1c([H])c([H])c([H])c([H])c1[H])=[N+]([C-](C(=O)N([H])C([H])([H])[H])C([H])([H])[H])C([H])([H])[H].CC1=C(Br)C2C=CC1O2|CCCCN|water|298.15,7,False,True,0.6785714285714287
pauli_dft,45,*C1=C(C(F)(F)F)C2([H])OC1([H])C([H])=C2[H].COC(=O)[C-]([N+]#CC(C)=O)c1ccccc1|CCCCN|water|298.15,5,True,True,0.6
pauli_dft,45,*C(=O)C1=C(Br)C2([H])OC1([H])C([H])=C2[H].CNC(=O)C(=[NH+][C-](C)C#N)C(=O)OC|CCCCN|water|298.15,8,True,True,0.880952380952381
pauli_dft,45,*C1(C([H])([H])[H])C#CC(c2c([H])c([H])c([H])c([H])c2[H])(c2c([H])c([H])c([H])c([H])c2[H])C([H])([H])C([H])([H])C([H])([H])C1([H])[H].CNC(=O)[C-](C#N)[NH+]=C(C)C#N|CCCCN|water|298.15,4,True,True,0.7999999999999999
pauli_dft,45,*[C-]([O+]=C(C(=O)N([H])C([H])([H])[H])c1c([H])c([H])c([H])c([H])c1[H])C([H])([H])[H].CNC(=O)C1=C(Br)C2CCC1C2|CCCCO|water|298.15,3,True,True,
pauli_dft,45,*C1([H])C#CC(C(=O)OC([H])([H])[H])(C(=O)OC([H])([H])[H])C([H])([H])C([H])([H])C([H])([H])C1([H])[H].CC(=O)[c-]1c(=O)oc(-c2ccccc2)[n+]1C|CCCCN|water|298.15,4,True,True,1.0
pauli_dft,45,*C1(c2c([H])c([H])c([H])c([H])c2[H])C#CC(c2c([H])c([H])c([H])c([H])c2[H])(c2c([H])c([H])c([H])c([H])c2[H])C([H])([H])C([H])([H])C([H])([H])C1([H])[H].C[C-]([N+]#N)c1ccccc1|CCCNN|water|298.15,3,False,True,
pauli_dft,45,*C#[N+][C-]([H])c1c([H])c([H])c([H])c([H])c1[H].C=C|CCCCN|water|298.15,3,True,True,
pauli_dft,45,*[C-]([H])[N+](=C(C#N)C([H])([H])[H])C([H])([H])[H].C/C=C\C|CCCCN|water|298.15,3,False,True,
pauli_dft,45,*C([H])=C(C([H])([H])[H])C([H])([H])[H].C[c-]1[o+]noc1=O|CCCNO|water|298.15,4,True,True,1.0
pauli_dft,45,*[c-]1[o+]noc1=O.CC(C)=CC=O|CCCNO|water|298.15,4,False,True,0.7999999999999999
pauli_dft,45,*[C-]([N+]#CC(=O)OC([H])([H])[H])C([H])([H])[H].CC(C)=CC=O|CCCCN|water|298.15,6,False,True,0.942857142857143
pauli_dft,45,*[C-]([H])[N+]#CC(=O)C([H])([H])[H].CC(C)=CC=O|CCCCN|water|298.15,4,True,True,0.7999999999999999
pauli_dft,45,*[C-]([N+]#CC(=O)C([H])([H])[H])C(=O)C([H])([H])[H].CC(C)=CC=O|CCCCN|water|298.15,3,True,True,
pauli_dft,45,*C#[N+][C-](c1c([H])c([H])c([H])c([H])c1[H])C([H])([H])[H].C/C=C\C|CCCCN|water|298.15,4,True,True,0.7999999999999999
pauli_dft,45,*C#[N+][C-](C([H])([H])[H])C([H])([H])[H].C=C(C)/C=C/C=C(C)C|CCCCN|water|298.15,9,True,True,0.8499999999999999
pauli_dft,45,*C(C(=O)C([H])([H])[H])=[N+]([C-]([H])C([H])([H])[H])C([H])([H])[H].CC(C)=CC=O|CCCCN|water|298.15,4,True,True,1.0
pauli_dft,45,*C#[N+][C-](C#N)C(=O)C([H])([H])[H].CC(C)=C(C)C|CCCCN|water|298.15,3,True,True,
pauli_dft,45,*C(C#N)=[N+]([H])[N-]C(=O)C([H])([H])[H].CC(C)=CC=O|CCCNN|water|298.15,4,False,True,0.6000000000000001
pauli_dft,45,*C(C(=O)OC([H])([H])[H])=[N+]([H])[N-]C#N.CC(C)=CC=O|CCCNN|water|298.15,4,False,True,0.39999999999999997
pauli_dft,45,*C(=O)[c-]1c(=O)oc(C([H])([H])[H])[n+]1[H].CC(C)=CC=O|CCCCN|water|298.15,3,True,True,
pauli_dft,45,*[c-]1[o+]noc1=O.C=C(C)/C=C/C=C(C)C|CCCNO|water|298.15,8,False,True,0.3571428571428572
pauli_dft,45,*[N-][N+]#CC([H])([H])[H].C=C(C)/C=C/C=C(C)C|CCCNN|water|298.15,7,True,True,0.6071428571428572
pauli_dft,45,*[C-]([N+]#CC(=O)C([H])([H])[H])c1c([H])c([H])c([H])c([H])c1[H].C/C=C\C|CCCCN|water|298.15,3,True,True,
pauli_dft,45,*C([H])=C(C([H])([H])[H])C([H])([H])[H].CNC(=O)[c-]1[nH+]c(C)oc1=O|CCCCN|water|298.15,4,True,True,1.0
pauli_dft,45,*c1oc(=O)[c-](C(=O)N([H])C([H])([H])[H])[n+]1[H].CC(C)=CC=O|CCCCN|water|298.15,4,False,True,0.6000000000000001
pauli_dft,45,*[C-]([N+]#CC(=O)C([H])([H])[H])c1c([H])c([H])c([H])c([H])c1[H].CC(C)=CC=O|CCCCN|water|298.15,5,False,True,0.8999999999999998
pauli_dft,45,*c1oc(=O)[c-](C([H])([H])[H])[n+]1[H].C=C(C)/C=C/C=C(C)C|CCCCN|water|298.15,18,True,True,0.7234262125902993
pauli_dft,45,*[C-]([N+]#N)C(=O)OC([H])([H])[H].C=C(C)/C=C/C=C(C)C|CCCNN|water|298.15,9,True,True,0.9500000000000001
pauli_dft,45,*c1oc(=O)[c-](C([H])([H])[H])[n+]1[H].CN1C=CCC(C(N)=O)=C1|CCCCN|water|298.15,6,True,True,0.942857142857143
pauli_dft,45,*[c-]1c(=O)oc(C([H])([H])[H])[n+]1[H].CN1C=CCC(C(N)=O)=C1|CCCCN|water|298.15,12,False,True,0.9300699300699302
pauli_dft,45,*[C-]([N+]#CC(=O)OC([H])([H])[H])C([H])([H])[H].C=C(C)/C=C/C=C(C)C|CCCCN|water|298.15,15,True,True,0.807142857142857
pauli_dft,45,*C#[N+][N-]c1c([H])c([H])c([H])c([H])c1[H].C=C(C)/C=C/C=C(C)C|CCCNN|water|298.15,3,True,True,
pauli_dft,45,*[C-](C(=O)N([H])C([H])([H])[H])[N+]([H])=C(C(=O)N([H])C([H])([H])[H])C([H])([H])[H].CC(C)=CC=O|CCCCN|water|298.15,4,True,True,1.0
pauli_dft,45,*C([H])=C(C([H])([H])[H])C([H])([H])[H].C[c-]1[nH+]c(-c2ccccc2)oc1=O|CCCCN|water|298.15,3,True,True,
pauli_dft,45,*[c-]1[o+]c(C#N)oc1=O.CN1C=CCC(C(N)=O)=C1|CCCCO|water|298.15,5,True,True,0.8999999999999998
pauli_dft,45,*[C-]([N+]#CC#N)C(=O)OC([H])([H])[H].C=C(C)/C=C/C=C(C)C|CCCCN|water|298.15,14,True,True,0.7626373626373627
pauli_dft,45,*C([H])=C(C([H])([H])[H])C([H])([H])[H].COC(=O)[N-][NH+]=Cc1ccccc1|CCCNN|water|298.15,3,True,True,
pauli_dft,45,*[N+]([N-]C(=O)OC([H])([H])[H])=C([H])c1c([H])c([H])c([H])c([H])c1[H].CC(C)=CC=O|CCCNN|water|298.15,3,True,True,
pauli_dft,45,*C(=O)C#[N+][C-](C(=O)C([H])([H])[H])C([H])([H])[H].C=C(C)/C=C/C=C(C)C|CCCCN|water|298.15,8,True,True,0.9761904761904763
pauli_dft,45,*[C-]([N+]#CC(=O)C([H])([H])[H])C(=O)C([H])([H])[H].C=C(C)/C=C/C=C(C)C|CCCCN|water|298.15,8,True,True,0.880952380952381
pauli_dft,45,*C(C(=O)OC([H])([H])[H])=[N+]([H])[C-]([H])C#N.C=C(C)/C=C/C=C(C)C|CCCCN|water|298.15,12,False,False,0.6713286713286714
pauli_dft,45,*C(C(=O)N([H])C([H])([H])[H])=[N+]([C-]([H])C#N)C([H])([H])[H].CC(C)=CC=O|CCCCN|water|298.15,4,True,True,1.0
pauli_dft,45,*[C-]([H])[N+](=C(C(=O)N([H])C([H])([H])[H])C(=O)C([H])([H])[H])C([H])([H])[H].CC(C)=CC=O|CCCCN|water|298.15,4,True,True,0.7999999999999999
pauli_dft,45,*[C-](C#N)[N+]#CC(=O)OC([H])([H])[H].CN1C=CCC(C(N)=O)=C1|CCCCN|water|298.15,5,True,True,0.8999999999999998
pauli_dft,45,*[C-]([N+]#CC#N)C([H])([H])[H].COC1=C(OC)C(=O)C(C)=C(C)C1=O|CCCCN|water|298.15,4,True,True,1.0
pauli_dft,45,*[C-](C#N)[N+]([H])=C(C(=O)N([H])C([H])([H])[H])C([H])([H])[H].CN1C=CCC(C(N)=O)=C1|CCCCN|water|298.15,7,True,True,0.7857142857142859
pauli_dft,45,*C([H])=C(C([H])([H])[H])C([H])([H])[H].C[CH-][N+](C)=C(C(C)=O)c1ccccc1|CCCCN|water|298.15,4,True,True,1.0
pauli_dft,45,*C([H])=[N+]([C-](c1c([H])c([H])c([H])c([H])c1[H])C([H])([H])[H])C([H])([H])[H].C=C(C)/C=C/C=C(C)C|CCCCN|water|298.15,15,True,True,0.7107142857142856
pauli_dft,45,*C([H])=[O+][N-]C(=O)OC([H])([H])[H].CN1C=CCC(C(N)=O)=C1|CCCNO|water|298.15,4,True,True,1.0
pauli_dft,45,*[C-](C#N)[N+](=C(C(=O)N([H])C([H])([H])[H])C(=O)N([H])C([H])([H])[H])C([H])([H])[H].CC(C)=CC=O|CCCCN|water|298.15,4,False,True,0.7999999999999999
pauli_dft,45,*c1oc(=O)[c-](C(=O)N([H])C([H])([H])[H])[n+]1[H].C=C(C)/C=C/C=C(C)C|CCCCN|water|298.15,11,True,True,0.5181818181818182
pauli_dft,45,*C([H])=C(C([H])([H])[H])C([H])([H])[H].CC(=O)C#[N+][C-](C(C)=O)c1ccccc1|CCCCN|water|298.15,3,True,True,
pauli_dft,45,*C(=O)C#[N+][C-](C(=O)C([H])([H])[H])c1c([H])c([H])c([H])c([H])c1[H].CC(C)=CC=O|CCCCN|water|298.15,3,True,True,
pauli_dft,45,*C(=O)[C-]([N+]#CC#N)C(=O)C([H])([H])[H].C=C(C)/C=C/C=C(C)C|CCCCN|water|298.15,8,False,True,0.8333333333333335
pauli_dft,45,*[C-]([N+]#CC#N)C(=O)C([H])([H])[H].C=C(C)/C=C/C=C(C)C|CCCCN|water|298.15,12,False,True,0.8391608391608393
pauli_dft,45,*C#[N+][C-](C(=O)OC([H])([H])[H])C(=O)C([H])([H])[H].C=C(C)/C=C/C=C(C)C|CCCCN|water|298.15,10,True,True,0.9515151515151514
pauli_dft,45,*C(C(=O)C([H])([H])[H])=[N+]([H])[N-]c1c([H])c([H])c([H])c([H])c1[H].C=C(C)/C=C/C=C(C)C|CCCNN|water|298.15,10,False,False,0.7575757575757575
pauli_dft,45,*[C-]([N+]#CC#N)C(=O)N([H])C([H])([H])[H].C=C(C)/C=C/C=C(C)C|CCCCN|water|298.15,8,False,True,0.9047619047619048
pauli_dft,45,*C(c1c([H])c([H])c([H])c([H])c1[H])=[N+]([N-][H])C([H])([H])[H].CN1C=CCC(C(N)=O)=C1|CCCNN|water|298.15,5,False,True,0.8999999999999998
pauli_dft,45,*c1oc(=O)[c-](C(=O)N([H])C([H])([H])[H])[o+]1.C=C(C)/C=C/C=C(C)C|CCCCO|water|298.15,12,False,True,0.4545454545454546
pauli_dft,45,*[c-]1c(=O)oc(C(=O)C([H])([H])[H])[n+]1C([H])([H])[H].CN1C=CCC(C(N)=O)=C1|CCCCN|water|298.15,10,True,True,0.9757575757575757
pauli_dft,45,*[N-][N+]#CC(=O)N([H])C([H])([H])[H].COC1=C(OC)C(=O)C(C)=C(C)C1=O|CCCNN|water|298.15,3,True,True,
pauli_dft,45,*C#[N+][C-](C#N)C([H])([H])[H].COC1=C(OC)C(=O)C(C)=C(C)C1=O|CCCCN|water|298.15,6,True,True,1.0
pauli_dft,45,*C(C#N)=[N+]([C-](C(=O)N([H])C([H])([H])[H])C([H])([H])[H])C([H])([H])[H].CC(C)=CC=O|CCCCN|water|298.15,4,True,True,1.0
pauli_dft,45,*C(=[O+][N-]C(=O)OC([H])([H])[H])C(=O)N([H])C([H])([H])[H].CN1C=CCC(C(N)=O)=C1|CCCNO|water|298.15,3,True,True,
pauli_dft,45,*C#[N+][C-](C(=O)N([H])C([H])([H])[H])c1c([H])c([H])c([H])c([H])c1[H].CC(C)=CC=O|CCCCN|water|298.15,4,False,True,0.39999999999999997
pauli_dft,45,*[C-](C(=O)N([H])C([H])([H])[H])[N+](=C(C#N)C#N)C([H])([H])[H].CN1C=CCC(C(N)=O)=C1|CCCCN|water|298.15,8,False,True,0.9047619047619048
pauli_dft,45,*[C-](C(=O)OC([H])([H])[H])[N+]([H])=C(C(=O)N([H])C([H])([H])[H])C(=O)N([H])C([H])([H])[H].CC(C)=CC=O|CCCCN|water|298.15,4,False,True,0.39999999999999997
pauli_dft,45,*[C-]([N+]#CC#N)C(=O)N([H])C([H])([H])[H].CN1C=CCC(C(N)=O)=C1|CCCCN|water|298.15,4,True,True,1.0
pauli_dft,45,*C#[N+][C-](C(=O)OC([H])([H])[H])c1c([H])c([H])c([H])c([H])c1[H].C=C(C)/C=C/C=C(C)C|CCCCN|water|298.15,7,True,True,0.8571428571428573
pauli_dft,45,*[c-]1c(=O)oc(-c2c([H])c([H])c([H])c([H])c2[H])[n+]1[H].C=C(C)/C=C/C=C(C)C|CCCCN|water|298.15,18,True,True,0.6904024767801857
pauli_dft,45,*C(=O)C#[N+][N-]C#N.COC1=C(OC)C(=O)C(C)=C(C)C1=O|CCCNN|water|298.15,3,True,True,
pauli_dft,45,*[C-](C(=O)N([H])C([H])([H])[H])[N+](=C(C#N)c1c([H])c([H])c([H])c([H])c1[H])C([H])([H])[H].CC(C)=CC=O|CCCCN|water|298.15,4,True,True,0.39999999999999997
pauli_dft,45,*C#[N+][C-](C(=O)OC([H])([H])[H])C(=O)OC([H])([H])[H].C=C(C)/C=C/C=C(C)C|CCCCN|water|298.15,6,True,True,0.7714285714285715
pauli_dft,45,*C([H])=[O+][C-](C#N)c1c([H])c([H])c([H])c([H])c1[H].CN1C=CCC(C(N)=O)=C1|CCCCO|water|298.15,5,True,True,0.6
pauli_dft,45,*C(=O)[C-]([N+]#CC#N)c1c([H])c([H])c([H])c([H])c1[H].C=C(C)/C=C/C=C(C)C|CCCCN|water|298.15,9,True,True,0.7166666666666667
pauli_dft,45,*C#[N+][C-](C(=O)C([H])([H])[H])c1c([H])c([H])c([H])c([H])c1[H].C=C(C)/C=C/C=C(C)C|CCCCN|water|298.15,9,True,True,0.8166666666666667
pauli_dft,45,*c1oc(=O)[c-](C(=O)OC([H])([H])[H])[n+]1C([H])([H])[H].CN1C=CCC(C(N)=O)=C1|CCCCN|water|298.15,11,False,True,0.9
pauli_dft,45,*c1oc(=O)[c-](-c2c([H])c([H])c([H])c([H])c2[H])[n+]1[H].CN1C=CCC(C(N)=O)=C1|CCCCN|water|298.15,7,False,True,0.9285714285714288
pauli_dft,45,*C(=[N+]([H])[C-](C#N)c1c([H])c([H])c([H])c([H])c1[H])C([H])([H])[H].CN1C=CCC(C(N)=O)=C1|CCCCN|water|298.15,8,True,True,0.9523809523809524
pauli_dft,45,*[C-](c1c([H])c([H])c([H])c([H])c1[H])[N+]([H])=C(C([H])([H])[H])C([H])([H])[H].CN1C=CCC(C(N)=O)=C1|CCCCN|water|298.15,8,False,True,0.8571428571428572
pauli_dft,45,*[C-]([O+]=C([H])C(=O)C([H])([H])[H])c1c([H])c([H])c([H])c([H])c1[H].C=C(C)/C=C/C=C(C)C|CCCCO|water|298.15,10,False,False,0.7575757575757575
pauli_dft,45,*[N-][O+]=C(C(=O)OC([H])([H])[H])C(=O)N([H])C([H])([H])[H].CN1C=CCC(C(N)=O)=C1|CCCNO|water|298.15,4,True,True,0.7999999999999999
pauli_dft,45,*[c-]1c(=O)oc(C#N)[n+]1C([H])([H])[H].CN1C=CCC(C(N)=O)=C1|CCCCN|water|298.15,7,True,True,0.9642857142857145
pauli_dft,45,*[N-][O+]=C([H])c1c([H])c([H])c([H])c([H])c1[H].CN1C=CCC(C(N)=O)=C1|CCCNO|water|298.15,5,True,True,0.8999999999999998
pauli_dft,45,*C(C(=O)OC([H])([H])[H])=[N+]([H])[C-](C#N)C#N.C=C(C)/C=C/C=C(C)C|CCCCN|water|298.15,11,True,True,0.9090909090909091
pauli_dft,45,*[C-]([O+]=C([H])c1c([H])c([H])c([H])c([H])c1[H])C(=O)OC([H])([H])[H].C=C(C)/C=C/C=C(C)C|CCCCO|water|298.15,10,True,True,0.8787878787878788
pauli_dft,45,*[c-]1[o+]c(C(=O)OC([H])([H])[H])oc1=O.CN1C=CCC(C(N)=O)=C1|CCCCO|water|298.15,6,False,True,0.942857142857143
pauli_dft,45,*C(c1c([H])c([H])c([H])c([H])c1[H])=[N+]([C-](C#N)C#N)C([H])([H])[H].CN1C=CCC(C(N)=O)=C1|CCCCN|water|298.15,10,False,True,0.8181818181818182
pauli_dft,45,*C([H])=C(C([H])([H])[H])C([H])([H])[H].CNC(=O)C(=[O+][N-]c1ccccc1)C(=O)OC|CCCNO|water|298.15,4,False,True,-0.6000000000000001
pauli_dft,45,*C([H])=C(C([H])([H])[H])C([H])([H])[H].COC(=O)[CH-][O+]=C(C(=O)OC)c1ccccc1|CCCCO|water|298.15,4,False,True,0.19999999999999998
pauli_dft,45,*C#[N+][C-](C(=O)C([H])([H])[H])C(=O)C([H])([H])[H].CN1C=CCC(C(N)=O)=C1|CCCCN|water|298.15,4,True,True,1.0
pauli_dft,45,*[C-]([N+]#CC(=O)N([H])C([H])([H])[H])C(=O)OC([H])([H])[H].C=C(C)/C=C/C=C(C)C|CCCCN|water|298.15,10,False,True,0.7818181818181817
pauli_dft,45,*C(c1c([H])c([H])c([H])c([H])c1[H])=[N+]([N-]C(=O)C([H])([H])[H])C([H])([H])[H].C=C(C)/C=C/C=C(C)C|CCCNN|water|298.15,7,False,True,0.7500000000000002
pauli_dft,45,*[C-]([H])[O+]=C(C(=O)OC([H])([H])[H])c1c([H])c([H])c([H])c([H])c1[H].C=C(C)/C=C/C=C(C)C|CCCCO|water|298.15,10,True,True,0.6969696969696969
pauli_dft,45,*[C-]([N+]#Cc1c([H])c([H])c([H])c([H])c1[H])c1c([H])c([H])c([H])c([H])c1[H].CN1C=CCC(C(N)=O)=C1|CCCCN|water|298.15,7,False,True,0.642857142857143
pauli_dft,45,*C#[N+][C-](c1c([H])c([H])c([H])c([H])c1[H])c1c([H])c([H])c([H])c([H])c1[H].CN1C=CCC(C(N)=O)=C1|CCCCN|water|298.15,9,False,False,0.8666666666666667
pauli_dft,45,*C(=[N+]([H])[C-](C(=O)N([H])C([H])([H])[H])C(=O)N([H])C([H])([H])[H])C([H])([H])[H].CN1C=CCC(C(N)=O)=C1|CCCCN|water|298.15,7,False,True,0.9642857142857145
pauli_dft,45,*c1oc(=O)[c-](-c2c([H])c([H])c([H])c([H])c2[H])[n+]1C([H])([H])[H].CN1C=CCC(C(N)=O)=C1|CCCCN|water|298.15,8,True,True,0.7619047619047621
pauli_dft,45,*[n+]1c(-c2c([H])c([H])c([H])c([H])c2[H])oc(=O)[c-]1C(=O)N([H])C([H])([H])[H].C=C(C)/C=C/C=C(C)C|CCCCN|water|298.15,11,True,True,0.6818181818181819
pauli_dft,45,*C(=[O+][C-](C#N)C#N)C(=O)OC([H])([H])[H].CN1C=CCC(C(N)=O)=C1|CCCCO|water|298.15,5,True,True,0.9999999999999999
pauli_dft,45,*[C-]([N+]#Cc1c([H])c([H])c([H])c([H])c1[H])C([H])([H])[H].COC1=C(OC)C(=O)C(C)=C(C)C1=O|CCCCN|water|298.15,3,True,True,
pauli_dft,45,*C(=[O+][C-](C(=O)N([H])C([H])([H])[H])C(=O)N([H])C([H])([H])[H])c1c([H])c([H])c([H])c([H])c1[H].CC(C)=CC=O|CCCCO|water|298.15,4,False,True,0.39999999999999997
pauli_dft,45,*C(=O)C#[N+][C-](C(=O)OC([H])([H])[H])C(=O)OC([H])([H])[H].CN1C=CCC(C(N)=O)=C1|CCCCN|water|298.15,6,True,True,1.0
pauli_dft,45,*C(C(=O)OC([H])([H])[H])=[N+]([N-]C([H])([H])[H])C([H])([H])[H].COC1=C(OC)C(=O)C(C)=C(C)C1=O|CCCNN|water|298.15,4,True,True,0.7999999999999999
pauli_dft,45,*C(=[O+][C-](C#N)C(=O)OC([H])([H])[H])c1c([H])c([H])c([H])c([H])c1[H].CN1C=CCC(C(N)=O)=C1|CCCCO|water|298.15,7,False,True,0.7142857142857144
pauli_dft,45,*C(=O)c1oc(=O)[c-](-c2c([H])c([H])c([H])c([H])c2[H])[o+]1.CN1C=CCC(C(N)=O)=C1|CCCCO|water|298.15,7,False,True,0.8928571428571429
pauli_dft,45,*c1oc(=O)[c-](-c2c([H])c([H])c([H])c([H])c2[H])[o+]1.CN1C=CCC(C(N)=O)=C1|CCCCO|water|298.15,11,False,True,0.9454545454545454
pauli_dft,45,*[C-](C(=O)C([H])([H])[H])[N+](=C([H])C(=O)OC([H])([H])[H])C([H])([H])[H].CN1C=CCC(C(N)=O)=C1|CCCCN|water|298.15,7,True,True,0.9285714285714288
pauli_dft,45,*C(C(=O)OC([H])([H])[H])=[N+]([C-](C(=O)C([H])([H])[H])C([H])([H])[H])C([H])([H])[H].CN1C=CCC(C(N)=O)=C1|CCCCN|water|298.15,5,True,True,0.9999999999999999
pauli_dft,45,*[N+](=C(C(=O)N([H])C([H])([H])[H])c1c([H])c([H])c([H])c([H])c1[H])[C-](C(=O)OC([H])([H])[H])C(=O)C([H])([H])[H].CC(C)=CC=O|CCCCN|water|298.15,4,False,True,0.6000000000000001
pauli_dft,45,*[C-](C#N)[O+]=C(C(=O)OC([H])([H])[H])c1c([H])c([H])c([H])c([H])c1[H].CN1C=CCC(C(N)=O)=C1|CCCCO|water|298.15,6,True,True,0.3714285714285715
pauli_dft,45,*[N+](=C([H])C(=O)N([H])C([H])([H])[H])[C-](C#N)C(=O)C([H])([H])[H].COC1=C(OC)C(=O)C(C)=C(C)C1=O|CCCCN|water|298.15,4,True,True,0.7999999999999999
pauli_dft,45,*C(=O)[C-]([N+](=C(C#N)C([H])([H])[H])C([H])([H])[H])C([H])([H])[H].COC1=C(OC)C(=O)C(C)=C(C)C1=O|CCCCN|water|298.15,4,True,True,0.7999999999999999
pauli_dft,45,*C(=[O+][C-]([H])C(=O)OC([H])([H])[H])C([H])([H])[H].COC1=C(OC)C(=O)C(C)=C(C)C1=O|CCCCO|water|298.15,3,True,True,
pauli_dft,45,*c1oc(=O)[c-](-c2c([H])c([H])c([H])c([H])c2[H])[o+]1.COC1=C(OC)C(=O)C(C)=C(C)C1=O|CCCCO|water|298.15,4,True,True,1.0
pauli_dft,45,*c1oc(=O)[c-](C(=O)OC([H])([H])[H])[o+]1.COC1=C(OC)C(=O)C(C)=C(C)C1=O|CCCCO|water|298.15,4,True,True,1.0
pauli_dft,45,*[c-]1[o+]c(C(=O)N([H])C([H])([H])[H])oc1=O.COC1=C(OC)C(=O)C(C)=C(C)C1=O|CCCCO|water|298.15,6,False,True,0.7714285714285715
pauli_dft,45,*[C-](C(=O)C([H])([H])[H])[N+](=C(C(=O)N([H])C([H])([H])[H])c1c([H])c([H])c([H])c([H])c1[H])C([H])([H])[H].CC(C)=CC=O|CCCCN|water|298.15,4,False,True,0.0
pauli_dft,45,*[C-](C(=O)OC([H])([H])[H])[N+]([H])=C(C(=O)N([H])C([H])([H])[H])C([H])([H])[H].COC1=C(OC)C(=O)C(C)=C(C)C1=O|CCCCN|water|298.15,4,True,True,1.0
pauli_dft,45,*[c-]1c(=O)oc(-c2c([H])c([H])c([H])c([H])c2[H])[n+]1C([H])([H])[H].COC1=C(OC)C(=O)C(C)=C(C)C1=O|CCCCN|water|298.15,4,True,True,1.0
pauli_dft,45,*[C-](C(=O)OC([H])([H])[H])[N+](=C(C(=O)OC([H])([H])[H])c1c([H])c([H])c([H])c([H])c1[H])C([H])([H])[H].C=C(C)/C=C/C=C(C)C|CCCCN|water|298.15,10,False,False,0.8424242424242423
pauli_dft,45,*[c-]1[o+]c(C(=O)OC([H])([H])[H])oc1=O.COC1=C(OC)C(=O)C(C)=C(C)C1=O|CCCCO|water|298.15,4,True,True,0.7999999999999999
pauli_dft,45,*c1oc(=O)[c-](C(=O)N([H])C([H])([H])[H])[o+]1.COC1=C(OC)C(=O)C(C)=C(C)C1=O|CCCCO|water|298.15,4,True,True,1.0
pauli_dft,45,*C(c1c([H])c([H])c([H])c([H])c1[H])=[N+]([H])[C-](C#N)C(=O)N([H])C([H])([H])[H].COC1=C(OC)C(=O)C(C)=C(C)C1=O|CCCCN|water|298.15,4,True,True,1.0
pauli_dft,45,*C(=O)C(C(=O)OC([H])([H])[H])=[N+]([H])[C-](C(=O)OC([H])([H])[H])c1c([H])c([H])c([H])c([H])c1[H].C=C(C)/C=C/C=C(C)C|CCCCN|water|298.15,11,False,False,0.8363636363636365
pauli_dft,45,*[C-]([O+]=C(C(=O)N([H])C([H])([H])[H])c1c([H])c([H])c([H])c([H])c1[H])C(=O)N([H])C([H])([H])[H].COC1=C(OC)C(=O)C(C)=C(C)C1=O|CCCCO|water|298.15,3,True,True,
pauli_dft,45,*[C-](c1c([H])c([H])c([H])c([H])c1[H])[N+](=C(C#N)c1c([H])c([H])c([H])c([H])c1[H])C([H])([H])[H].COC1=C(OC)C(=O)C(C)=C(C)C1=O|CCCCN|water|298.15,4,True,True,0.7999999999999999
pauli_dft,45,*C(=[O+][C-](c1c([H])c([H])c([H])c([H])c1[H])C([H])([H])[H])C(=O)C([H])([H])[H].COC1=C(OC)C(=O)C(C)=C(C)C1=O|CCCCO|water|298.15,4,False,True,0.7999999999999999
pauli_dft,45,*[C-](C#N)[N+](=C(C(=O)N([H])C([H])([H])[H])c1c([H])c([H])c([H])c([H])c1[H])C([H])([H])[H].COC1=C(OC)C(=O)C(C)=C(C)C1=O|CCCCN|water|298.15,4,True,True,1.0
pauli_dft,46,*C#CC(=O)N([H])C([H])([H])[H].CC(=O)c1[nH+][c-](C)c(=O)o1|CCCCN|water|298.15,4,True,True,1.0
pauli_dft,46,*C(=O)C#CF.CNC(=O)c1[nH+][c-](C#N)c(=O)o1|CCCCN|water|298.15,3,True,True,
pauli_dft,46,*C([H])=C([H])[H].N#Cc1oc(=O)[c-](-c2ccccc2)[o+]1|CCCCO|water|298.15,3,True,True,
pauli_dft,46,*C1=C(C([H])([H])[H])C2([H])C([H])([H])C([H])([H])C1([H])C2([H])[H].COC(=O)[N-][N+]#CC(C)=O|CCCNN|water|298.15,3,True,True,
pauli_dft,46,*C(=C(C([H])([H])[H])C([H])([H])[H])C([H])([H])[H].COC(=O)[c-]1[nH+]c(C(C)=O)oc1=O|CCCCN|water|298.15,3,True,True,
pauli_dft,46,*C#CC(=O)OC([H])([H])[H].CNC(=O)[c-]1c(=O)oc(C#N)[n+]1C|CCCCN|water|298.15,4,False,True,0.0
pauli_dft,46,*C(=[O+][N-]C([H])([H])[H])c1c([H])c([H])c([H])c([H])c1[H].CNC(=O)C1=C(C#N)C2CCC1C2|CCCNO|water|298.15,4,True,True,1.0
pauli_dft,46,*[C-]([O+]=C(C#N)C(=O)OC([H])([H])[H])C([H])([H])[H].CNC(=O)C1=C(F)C2CCC1C2|CCCCO|water|298.15,4,True,True,1.0
pauli_dft,46,*c1oc(=O)[c-](-c2c([H])c([H])c([H])c([H])c2[H])[n+]1C([H])([H])[H].CC(=O)C1=C(Cl)C2CCC1C2|CCCCN|water|298.15,4,True,True,0.7999999999999999
pauli_dft,46,*c1oc(=O)[c-](C(=O)OC([H])([H])[H])[o+]1.CC(=O)C1=C(Br)C2CCC1C2|CCCCO|water|298.15,4,True,True,0.7999999999999999
pauli_dft,46,*C([H])=[N+]([C-](C#N)C(=O)C([H])([H])[H])C([H])([H])[H].N#CC1=C(c2ccccc2)C2CCC1C2|CCCCN|water|298.15,4,True,True,0.7999999999999999
pauli_dft,46,*C1=C([H])C2([H])C([H])([H])C([H])([H])C1([H])C2([H])[H].COC(=O)[C-](C)[O+]=C(c1ccccc1)c1ccccc1|CCCCO|water|298.15,3,True,True,
pauli_dft,46,*C1=C(Br)C2([H])C([H])([H])C([H])([H])C1([H])C2([H])[H].CC(=O)c1[nH+][c-](-c2ccccc2)c(=O)o1|CCCCN|water|298.15,4,False,True,0.39999999999999997
pauli_dft,46,*C(c1c([H])c([H])c([H])c([H])c1[H])=[N+]([C-](C(=O)N([H])C([H])([H])[H])C([H])([H])[H])C([H])([H])[H].CC1=C(Br)C2C=CC1O2|CCCCN|water|298.15,7,False,True,0.7142857142857144
pauli_dft,46,*C1=C(C(F)(F)F)C2([H])OC1([H])C([H])=C2[H].COC(=O)[C-]([N+]#CC(C)=O)c1ccccc1|CCCCN|water|298.15,5,True,True,0.8999999999999998
pauli_dft,46,*C(=O)C1=C(Br)C2([H])OC1([H])C([H])=C2[H].CNC(=O)C(=[NH+][C-](C)C#N)C(=O)OC|CCCCN|water|298.15,8,True,True,0.880952380952381
pauli_dft,46,*C1(C([H])([H])[H])C#CC(c2c([H])c([H])c([H])c([H])c2[H])(c2c([H])c([H])c([H])c([H])c2[H])C([H])([H])C([H])([H])C([H])([H])C1([H])[H].CNC(=O)[C-](C#N)[NH+]=C(C)C#N|CCCCN|water|298.15,4,True,True,1.0
pauli_dft,46,*[C-]([O+]=C(C(=O)N([H])C([H])([H])[H])c1c([H])c([H])c([H])c([H])c1[H])C([H])([H])[H].CNC(=O)C1=C(Br)C2CCC1C2|CCCCO|water|298.15,3,True,True,
pauli_dft,46,*C1([H])C#CC(C(=O)OC([H])([H])[H])(C(=O)OC([H])([H])[H])C([H])([H])C([H])([H])C([H])([H])C1([H])[H].CC(=O)[c-]1c(=O)oc(-c2ccccc2)[n+]1C|CCCCN|water|298.15,4,True,True,1.0
pauli_dft,46,*C1(c2c([H])c([H])c([H])c([H])c2[H])C#CC(c2c([H])c([H])c([H])c([H])c2[H])(c2c([H])c([H])c([H])c([H])c2[H])C([H])([H])C([H])([H])C([H])([H])C1([H])[H].C[C-]([N+]#N)c1ccccc1|CCCNN|water|298.15,3,True,True,
pauli_dft,46,*C#[N+][C-]([H])c1c([H])c([H])c([H])c([H])c1[H].C=C|CCCCN|water|298.15,3,True,True,
pauli_dft,46,*[C-]([H])[N+](=C(C#N)C([H])([H])[H])C([H])([H])[H].C/C=C\C|CCCCN|water|298.15,3,True,True,
pauli_dft,46,*C([H])=C(C([H])([H])[H])C([H])([H])[H].C[c-]1[o+]noc1=O|CCCNO|water|298.15,4,True,True,0.7999999999999999
pauli_dft,46,*[c-]1[o+]noc1=O.CC(C)=CC=O|CCCNO|water|298.15,4,True,True,1.0
pauli_dft,46,*[C-]([N+]#CC(=O)OC([H])([H])[H])C([H])([H])[H].CC(C)=CC=O|CCCCN|water|298.15,6,True,True,0.8857142857142858
pauli_dft,46,*[C-]([H])[N+]#CC(=O)C([H])([H])[H].CC(C)=CC=O|CCCCN|water|298.15,4,True,True,0.39999999999999997
pauli_dft,46,*[C-]([N+]#CC(=O)C([H])([H])[H])C(=O)C([H])([H])[H].CC(C)=CC=O|CCCCN|water|298.15,3,True,True,
pauli_dft,46,*C#[N+][C-](c1c([H])c([H])c([H])c([H])c1[H])C([H])([H])[H].C/C=C\C|CCCCN|water|298.15,4,False,True,-0.39999999999999997
pauli_dft,46,*C#[N+][C-](C([H])([H])[H])C([H])([H])[H].C=C(C)/C=C/C=C(C)C|CCCCN|water|298.15,9,True,True,0.7833333333333333
pauli_dft,46,*C(C(=O)C([H])([H])[H])=[N+]([C-]([H])C([H])([H])[H])C([H])([H])[H].CC(C)=CC=O|CCCCN|water|298.15,4,True,True,1.0
pauli_dft,46,*C#[N+][C-](C#N)C(=O)C([H])([H])[H].CC(C)=C(C)C|CCCCN|water|298.15,3,True,True,
pauli_dft,46,*C(C#N)=[N+]([H])[N-]C(=O)C([H])([H])[H].CC(C)=CC=O|CCCNN|water|298.15,4,True,True,1.0
pauli_dft,46,*C(C(=O)OC([H])([H])[H])=[N+]([H])[N-]C#N.CC(C)=CC=O|CCCNN|water|298.15,4,False,True,0.7999999999999999
pauli_dft,46,*C(=O)[c-]1c(=O)oc(C([H])([H])[H])[n+]1[H].CC(C)=CC=O|CCCCN|water|298.15,3,True,True,
pauli_dft,46,*[c-]1[o+]noc1=O.C=C(C)/C=C/C=C(C)C|CCCNO|water|298.15,8,False,False,0.04761904761904763
pauli_dft,46,*[N-][N+]#CC([H])([H])[H].C=C(C)/C=C/C=C(C)C|CCCNN|water|298.15,7,False,True,0.42857142857142866
pauli_dft,46,*[C-]([N+]#CC(=O)C([H])([H])[H])c1c([H])c([H])c([H])c([H])c1[H].C/C=C\C|CCCCN|water|298.15,3,True,True,
pauli_dft,46,*C([H])=C(C([H])([H])[H])C([H])([H])[H].CNC(=O)[c-]1[nH+]c(C)oc1=O|CCCCN|water|298.15,4,False,True,0.7999999999999999
pauli_dft,46,*c1oc(=O)[c-](C(=O)N([H])C([H])([H])[H])[n+]1[H].CC(C)=CC=O|CCCCN|water|298.15,4,True,True,1.0
pauli_dft,46,*[C-]([N+]#CC(=O)C([H])([H])[H])c1c([H])c([H])c([H])c([H])c1[H].CC(C)=CC=O|CCCCN|water|298.15,5,True,True,0.9999999999999999
pauli_dft,46,*c1oc(=O)[c-](C([H])([H])[H])[n+]1[H].C=C(C)/C=C/C=C(C)C|CCCCN|water|298.15,18,False,True,0.6470588235294118
pauli_dft,46,*[C-]([N+]#N)C(=O)OC([H])([H])[H].C=C(C)/C=C/C=C(C)C|CCCNN|water|298.15,9,True,True,0.8833333333333333
pauli_dft,46,*c1oc(=O)[c-](C([H])([H])[H])[n+]1[H].CN1C=CCC(C(N)=O)=C1|CCCCN|water|298.15,6,True,True,0.8285714285714287
pauli_dft,46,*[c-]1c(=O)oc(C([H])([H])[H])[n+]1[H].CN1C=CCC(C(N)=O)=C1|CCCCN|water|298.15,12,True,True,0.9440559440559443
pauli_dft,46,*[C-]([N+]#CC(=O)OC([H])([H])[H])C([H])([H])[H].C=C(C)/C=C/C=C(C)C|CCCCN|water|298.15,15,False,True,0.7857142857142856
pauli_dft,46,*C#[N+][N-]c1c([H])c([H])c([H])c([H])c1[H].C=C(C)/C=C/C=C(C)C|CCCNN|water|298.15,3,True,True,
pauli_dft,46,*[C-](C(=O)N([H])C([H])([H])[H])[N+]([H])=C(C(=O)N([H])C([H])([H])[H])C([H])([H])[H].CC(C)=CC=O|CCCCN|water|298.15,4,True,True,1.0
pauli_dft,46,*C([H])=C(C([H])([H])[H])C([H])([H])[H].C[c-]1[nH+]c(-c2ccccc2)oc1=O|CCCCN|water|298.15,3,True,True,
pauli_dft,46,*[c-]1[o+]c(C#N)oc1=O.CN1C=CCC(C(N)=O)=C1|CCCCO|water|298.15,5,True,True,0.8999999999999998
pauli_dft,46,*[C-]([N+]#CC#N)C(=O)OC([H])([H])[H].C=C(C)/C=C/C=C(C)C|CCCCN|water|298.15,14,True,True,0.7846153846153847
pauli_dft,46,*C([H])=C(C([H])([H])[H])C([H])([H])[H].COC(=O)[N-][NH+]=Cc1ccccc1|CCCNN|water|298.15,3,True,True,
pauli_dft,46,*[N+]([N-]C(=O)OC([H])([H])[H])=C([H])c1c([H])c([H])c([H])c([H])c1[H].CC(C)=CC=O|CCCNN|water|298.15,3,True,True,
pauli_dft,46,*C(=O)C#[N+][C-](C(=O)C([H])([H])[H])C([H])([H])[H].C=C(C)/C=C/C=C(C)C|CCCCN|water|298.15,8,True,True,1.0
pauli_dft,46,*[C-]([N+]#CC(=O)C([H])([H])[H])C(=O)C([H])([H])[H].C=C(C)/C=C/C=C(C)C|CCCCN|water|298.15,8,False,True,0.8571428571428572
pauli_dft,46,*C(C(=O)OC([H])([H])[H])=[N+]([H])[C-]([H])C#N.C=C(C)/C=C/C=C(C)C|CCCCN|water|298.15,12,False,False,0.7832167832167832
pauli_dft,46,*C(C(=O)N([H])C([H])([H])[H])=[N+]([C-]([H])C#N)C([H])([H])[H].CC(C)=CC=O|CCCCN|water|298.15,4,True,True,1.0
pauli_dft,46,*[C-]([H])[N+](=C(C(=O)N([H])C([H])([H])[H])C(=O)C([H])([H])[H])C([H])([H])[H].CC(C)=CC=O|CCCCN|water|298.15,4,True,True,0.7999999999999999
pauli_dft,46,*[C-](C#N)[N+]#CC(=O)OC([H])([H])[H].CN1C=CCC(C(N)=O)=C1|CCCCN|water|298.15,5,True,True,0.9999999999999999
pauli_dft,46,*[C-]([N+]#CC#N)C([H])([H])[H].COC1=C(OC)C(=O)C(C)=C(C)C1=O|CCCCN|water|298.15,4,True,True,0.7999999999999999
pauli_dft,46,*[C-](C#N)[N+]([H])=C(C(=O)N([H])C([H])([H])[H])C([H])([H])[H].CN1C=CCC(C(N)=O)=C1|CCCCN|water|298.15,7,True,True,0.8571428571428573
pauli_dft,46,*C([H])=C(C([H])([H])[H])C([H])([H])[H].C[CH-][N+](C)=C(C(C)=O)c1ccccc1|CCCCN|water|298.15,4,True,True,1.0
pauli_dft,46,*C([H])=[N+]([C-](c1c([H])c([H])c([H])c([H])c1[H])C([H])([H])[H])C([H])([H])[H].C=C(C)/C=C/C=C(C)C|CCCCN|water|298.15,15,True,True,0.7392857142857142
pauli_dft,46,*C([H])=[O+][N-]C(=O)OC([H])([H])[H].CN1C=CCC(C(N)=O)=C1|CCCNO|water|298.15,4,True,True,1.0
pauli_dft,46,*[C-](C#N)[N+](=C(C(=O)N([H])C([H])([H])[H])C(=O)N([H])C([H])([H])[H])C([H])([H])[H].CC(C)=CC=O|CCCCN|water|298.15,4,False,True,0.7999999999999999
pauli_dft,46,*c1oc(=O)[c-](C(=O)N([H])C([H])([H])[H])[n+]1[H].C=C(C)/C=C/C=C(C)C|CCCCN|water|298.15,11,True,True,0.8363636363636365
pauli_dft,46,*C([H])=C(C([H])([H])[H])C([H])([H])[H].CC(=O)C#[N+][C-](C(C)=O)c1ccccc1|CCCCN|water|298.15,3,True,True,
pauli_dft,46,*C(=O)C#[N+][C-](C(=O)C([H])([H])[H])c1c([H])c([H])c([H])c([H])c1[H].CC(C)=CC=O|CCCCN|water|298.15,3,False,True,
pauli_dft,46,*C(=O)[C-]([N+]#CC#N)C(=O)C([H])([H])[H].C=C(C)/C=C/C=C(C)C|CCCCN|water|298.15,8,False,True,0.7619047619047621
pauli_dft,46,*[C-]([N+]#CC#N)C(=O)C([H])([H])[H].C=C(C)/C=C/C=C(C)C|CCCCN|water|298.15,12,False,True,0.7272727272727274
pauli_dft,46,*C#[N+][C-](C(=O)OC([H])([H])[H])C(=O)C([H])([H])[H].C=C(C)/C=C/C=C(C)C|CCCCN|water|298.15,10,True,True,0.8787878787878788
pauli_dft,46,*C(C(=O)C([H])([H])[H])=[N+]([H])[N-]c1c([H])c([H])c([H])c([H])c1[H].C=C(C)/C=C/C=C(C)C|CCCNN|water|298.15,10,False,False,0.4666666666666666
pauli_dft,46,*[C-]([N+]#CC#N)C(=O)N([H])C([H])([H])[H].C=C(C)/C=C/C=C(C)C|CCCCN|water|298.15,8,True,True,0.9047619047619048
pauli_dft,46,*C(c1c([H])c([H])c([H])c([H])c1[H])=[N+]([N-][H])C([H])([H])[H].CN1C=CCC(C(N)=O)=C1|CCCNN|water|298.15,5,True,True,0.9999999999999999
pauli_dft,46,*c1oc(=O)[c-](C(=O)N([H])C([H])([H])[H])[o+]1.C=C(C)/C=C/C=C(C)C|CCCCO|water|298.15,12,False,True,0.5384615384615385
pauli_dft,46,*[c-]1c(=O)oc(C(=O)C([H])([H])[H])[n+]1C([H])([H])[H].CN1C=CCC(C(N)=O)=C1|CCCCN|water|298.15,10,True,True,0.9393939393939393
pauli_dft,46,*[N-][N+]#CC(=O)N([H])C([H])([H])[H].COC1=C(OC)C(=O)C(C)=C(C)C1=O|CCCNN|water|298.15,3,True,True,
pauli_dft,46,*C#[N+][C-](C#N)C([H])([H])[H].COC1=C(OC)C(=O)C(C)=C(C)C1=O|CCCCN|water|298.15,6,True,True,1.0
pauli_dft,46,*C(C#N)=[N+]([C-](C(=O)N([H])C([H])([H])[H])C([H])([H])[H])C([H])([H])[H].CC(C)=CC=O|CCCCN|water|298.15,4,True,True,1.0
pauli_dft,46,*C(=[O+][N-]C(=O)OC([H])([H])[H])C(=O)N([H])C([H])([H])[H].CN1C=CCC(C(N)=O)=C1|CCCNO|water|298.15,3,True,True,
pauli_dft,46,*C#[N+][C-](C(=O)N([H])C([H])([H])[H])c1c([H])c([H])c([H])c([H])c1[H].CC(C)=CC=O|CCCCN|water|298.15,4,False,True,0.39999999999999997
pauli_dft,46,*[C-](C(=O)N([H])C([H])([H])[H])[N+](=C(C#N)C#N)C([H])([H])[H].CN1C=CCC(C(N)=O)=C1|CCCCN|water|298.15,8,True,True,0.8333333333333335
pauli_dft,46,*[C-](C(=O)OC([H])([H])[H])[N+]([H])=C(C(=O)N([H])C([H])([H])[H])C(=O)N([H])C([H])([H])[H].CC(C)=CC=O|CCCCN|water|298.15,4,False,False,-0.19999999999999998
pauli_dft,46,*[C-]([N+]#CC#N)C(=O)N([H])C([H])([H])[H].CN1C=CCC(C(N)=O)=C1|CCCCN|water|298.15,4,True,True,1.0
pauli_dft,46,*C#[N+][C-](C(=O)OC([H])([H])[H])c1c([H])c([H])c([H])c([H])c1[H].C=C(C)/C=C/C=C(C)C|CCCCN|water|298.15,7,True,True,0.8571428571428573
pauli_dft,46,*[c-]1c(=O)oc(-c2c([H])c([H])c([H])c([H])c2[H])[n+]1[H].C=C(C)/C=C/C=C(C)C|CCCCN|water|298.15,18,True,True,0.7853457172342622
pauli_dft,46,*C(=O)C#[N+][N-]C#N.COC1=C(OC)C(=O)C(C)=C(C)C1=O|CCCNN|water|298.15,3,True,True,
pauli_dft,46,*[C-](C(=O)N([H])C([H])([H])[H])[N+](=C(C#N)c1c([H])c([H])c([H])c([H])c1[H])C([H])([H])[H].CC(C)=CC=O|CCCCN|water|298.15,4,False,True,-0.19999999999999998
pauli_dft,46,*C#[N+][C-](C(=O)OC([H])([H])[H])C(=O)OC([H])([H])[H].C=C(C)/C=C/C=C(C)C|CCCCN|water|298.15,6,True,True,0.2
pauli_dft,46,*C([H])=[O+][C-](C#N)c1c([H])c([H])c([H])c([H])c1[H].CN1C=CCC(C(N)=O)=C1|CCCCO|water|298.15,5,True,True,0.6
pauli_dft,46,*C(=O)[C-]([N+]#CC#N)c1c([H])c([H])c([H])c([H])c1[H].C=C(C)/C=C/C=C(C)C|CCCCN|water|298.15,9,True,True,0.6333333333333333
pauli_dft,46,*C#[N+][C-](C(=O)C([H])([H])[H])c1c([H])c([H])c([H])c([H])c1[H].C=C(C)/C=C/C=C(C)C|CCCCN|water|298.15,9,True,True,0.9
pauli_dft,46,*c1oc(=O)[c-](C(=O)OC([H])([H])[H])[n+]1C([H])([H])[H].CN1C=CCC(C(N)=O)=C1|CCCCN|water|298.15,11,False,True,0.9181818181818183
pauli_dft,46,*c1oc(=O)[c-](-c2c([H])c([H])c([H])c([H])c2[H])[n+]1[H].CN1C=CCC(C(N)=O)=C1|CCCCN|water|298.15,7,False,True,0.9642857142857145
pauli_dft,46,*C(=[N+]([H])[C-](C#N)c1c([H])c([H])c([H])c([H])c1[H])C([H])([H])[H].CN1C=CCC(C(N)=O)=C1|CCCCN|water|298.15,8,True,True,1.0
pauli_dft,46,*[C-](c1c([H])c([H])c([H])c([H])c1[H])[N+]([H])=C(C([H])([H])[H])C([H])([H])[H].CN1C=CCC(C(N)=O)=C1|CCCCN|water|298.15,8,True,True,0.9285714285714287
pauli_dft,46,*[C-]([O+]=C([H])C(=O)C([H])([H])[H])c1c([H])c([H])c([H])c([H])c1[H].C=C(C)/C=C/C=C(C)C|CCCCO|water|298.15,10,False,False,0.7212121212121211
pauli_dft,46,*[N-][O+]=C(C(=O)OC([H])([H])[H])C(=O)N([H])C([H])([H])[H].CN1C=CCC(C(N)=O)=C1|CCCNO|water|298.15,4,False,True,0.39999999999999997
pauli_dft,46,*[c-]1c(=O)oc(C#N)[n+]1C([H])([H])[H].CN1C=CCC(C(N)=O)=C1|CCCCN|water|298.15,7,True,True,0.9642857142857145
pauli_dft,46,*[N-][O+]=C([H])c1c([H])c([H])c([H])c([H])c1[H].CN1C=CCC(C(N)=O)=C1|CCCNO|water|298.15,5,True,True,0.8999999999999998
pauli_dft,46,*C(C(=O)OC([H])([H])[H])=[N+]([H])[C-](C#N)C#N.C=C(C)/C=C/C=C(C)C|CCCCN|water|298.15,11,True,True,0.881818181818182
pauli_dft,46,*[C-]([O+]=C([H])c1c([H])c([H])c([H])c([H])c1[H])C(=O)OC([H])([H])[H].C=C(C)/C=C/C=C(C)C|CCCCO|water|298.15,10,True,True,0.7696969696969697
pauli_dft,46,*[c-]1[o+]c(C(=O)OC([H])([H])[H])oc1=O.CN1C=CCC(C(N)=O)=C1|CCCCO|water|298.15,6,False,True,0.942857142857143
pauli_dft,46,*C(c1c([H])c([H])c([H])c([H])c1[H])=[N+]([C-](C#N)C#N)C([H])([H])[H].CN1C=CCC(C(N)=O)=C1|CCCCN|water|298.15,10,False,True,0.7696969696969697
pauli_dft,46,*C([H])=C(C([H])([H])[H])C([H])([H])[H].CNC(=O)C(=[O+][N-]c1ccccc1)C(=O)OC|CCCNO|water|298.15,4,False,True,-0.7999999999999999
pauli_dft,46,*C([H])=C(C([H])([H])[H])C([H])([H])[H].COC(=O)[CH-][O+]=C(C(=O)OC)c1ccccc1|CCCCO|water|298.15,4,False,True,0.39999999999999997
pauli_dft,46,*C#[N+][C-](C(=O)C([H])([H])[H])C(=O)C([H])([H])[H].CN1C=CCC(C(N)=O)=C1|CCCCN|water|298.15,4,True,True,1.0
pauli_dft,46,*[C-]([N+]#CC(=O)N([H])C([H])([H])[H])C(=O)OC([H])([H])[H].C=C(C)/C=C/C=C(C)C|CCCCN|water|298.15,10,False,True,0.7454545454545454
pauli_dft,46,*C(c1c([H])c([H])c([H])c([H])c1[H])=[N+]([N-]C(=O)C([H])([H])[H])C([H])([H])[H].C=C(C)/C=C/C=C(C)C|CCCNN|water|298.15,7,False,True,0.6785714285714287
pauli_dft,46,*[C-]([H])[O+]=C(C(=O)OC([H])([H])[H])c1c([H])c([H])c([H])c([H])c1[H].C=C(C)/C=C/C=C(C)C|CCCCO|water|298.15,10,False,True,0.8666666666666665
pauli_dft,46,*[C-]([N+]#Cc1c([H])c([H])c([H])c([H])c1[H])c1c([H])c([H])c([H])c([H])c1[H].CN1C=CCC(C(N)=O)=C1|CCCCN|water|298.15,7,False,True,0.8571428571428573
pauli_dft,46,*C#[N+][C-](c1c([H])c([H])c([H])c([H])c1[H])c1c([H])c([H])c([H])c([H])c1[H].CN1C=CCC(C(N)=O)=C1|CCCCN|water|298.15,9,False,False,0.7833333333333333
pauli_dft,46,*C(=[N+]([H])[C-](C(=O)N([H])C([H])([H])[H])C(=O)N([H])C([H])([H])[H])C([H])([H])[H].CN1C=CCC(C(N)=O)=C1|CCCCN|water|298.15,7,False,True,0.9642857142857145
pauli_dft,46,*c1oc(=O)[c-](-c2c([H])c([H])c([H])c([H])c2[H])[n+]1C([H])([H])[H].CN1C=CCC(C(N)=O)=C1|CCCCN|water|298.15,8,True,True,0.7619047619047621
pauli_dft,46,*[n+]1c(-c2c([H])c([H])c([H])c([H])c2[H])oc(=O)[c-]1C(=O)N([H])C([H])([H])[H].C=C(C)/C=C/C=C(C)C|CCCCN|water|298.15,11,True,True,0.8727272727272729
pauli_dft,46,*C(=[O+][C-](C#N)C#N)C(=O)OC([H])([H])[H].CN1C=CCC(C(N)=O)=C1|CCCCO|water|298.15,5,True,True,0.8999999999999998
pauli_dft,46,*[C-]([N+]#Cc1c([H])c([H])c([H])c([H])c1[H])C([H])([H])[H].COC1=C(OC)C(=O)C(C)=C(C)C1=O|CCCCN|water|298.15,3,True,True,
pauli_dft,46,*C(=[O+][C-](C(=O)N([H])C([H])([H])[H])C(=O)N([H])C([H])([H])[H])c1c([H])c([H])c([H])c([H])c1[H].CC(C)=CC=O|CCCCO|water|298.15,4,False,True,0.19999999999999998
pauli_dft,46,*C(=O)C#[N+][C-](C(=O)OC([H])([H])[H])C(=O)OC([H])([H])[H].CN1C=CCC(C(N)=O)=C1|CCCCN|water|298.15,6,True,True,1.0
pauli_dft,46,*C(C(=O)OC([H])([H])[H])=[N+]([N-]C([H])([H])[H])C([H])([H])[H].COC1=C(OC)C(=O)C(C)=C(C)C1=O|CCCNN|water|298.15,4,True,True,0.7999999999999999
pauli_dft,46,*C(=[O+][C-](C#N)C(=O)OC([H])([H])[H])c1c([H])c([H])c([H])c([H])c1[H].CN1C=CCC(C(N)=O)=C1|CCCCO|water|298.15,7,False,True,0.8571428571428573
pauli_dft,46,*C(=O)c1oc(=O)[c-](-c2c([H])c([H])c([H])c([H])c2[H])[o+]1.CN1C=CCC(C(N)=O)=C1|CCCCO|water|298.15,7,False,True,0.8928571428571429
pauli_dft,46,*c1oc(=O)[c-](-c2c([H])c([H])c([H])c([H])c2[H])[o+]1.CN1C=CCC(C(N)=O)=C1|CCCCO|water|298.15,11,False,True,0.9454545454545454
pauli_dft,46,*[C-](C(=O)C([H])([H])[H])[N+](=C([H])C(=O)OC([H])([H])[H])C([H])([H])[H].CN1C=CCC(C(N)=O)=C1|CCCCN|water|298.15,7,True,True,0.9642857142857145
pauli_dft,46,*C(C(=O)OC([H])([H])[H])=[N+]([C-](C(=O)C([H])([H])[H])C([H])([H])[H])C([H])([H])[H].CN1C=CCC(C(N)=O)=C1|CCCCN|water|298.15,5,True,True,0.9999999999999999
pauli_dft,46,*[N+](=C(C(=O)N([H])C([H])([H])[H])c1c([H])c([H])c([H])c([H])c1[H])[C-](C(=O)OC([H])([H])[H])C(=O)C([H])([H])[H].CC(C)=CC=O|CCCCN|water|298.15,4,True,True,1.0
pauli_dft,46,*[C-](C#N)[O+]=C(C(=O)OC([H])([H])[H])c1c([H])c([H])c([H])c([H])c1[H].CN1C=CCC(C(N)=O)=C1|CCCCO|water|298.15,6,True,True,0.48571428571428577
pauli_dft,46,*[N+](=C([H])C(=O)N([H])C([H])([H])[H])[C-](C#N)C(=O)C([H])([H])[H].COC1=C(OC)C(=O)C(C)=C(C)C1=O|CCCCN|water|298.15,4,True,True,0.39999999999999997
pauli_dft,46,*C(=O)[C-]([N+](=C(C#N)C([H])([H])[H])C([H])([H])[H])C([H])([H])[H].COC1=C(OC)C(=O)C(C)=C(C)C1=O|CCCCN|water|298.15,4,True,True,0.7999999999999999
pauli_dft,46,*C(=[O+][C-]([H])C(=O)OC([H])([H])[H])C([H])([H])[H].COC1=C(OC)C(=O)C(C)=C(C)C1=O|CCCCO|water|298.15,3,True,True,
pauli_dft,46,*c1oc(=O)[c-](-c2c([H])c([H])c([H])c([H])c2[H])[o+]1.COC1=C(OC)C(=O)C(C)=C(C)C1=O|CCCCO|water|298.15,4,True,True,0.7999999999999999
pauli_dft,46,*c1oc(=O)[c-](C(=O)OC([H])([H])[H])[o+]1.COC1=C(OC)C(=O)C(C)=C(C)C1=O|CCCCO|water|298.15,4,True,True,0.39999999999999997
pauli_dft,46,*[c-]1[o+]c(C(=O)N([H])C([H])([H])[H])oc1=O.COC1=C(OC)C(=O)C(C)=C(C)C1=O|CCCCO|water|298.15,6,False,True,0.2571428571428572
pauli_dft,46,*[C-](C(=O)C([H])([H])[H])[N+](=C(C(=O)N([H])C([H])([H])[H])c1c([H])c([H])c([H])c([H])c1[H])C([H])([H])[H].CC(C)=CC=O|CCCCN|water|298.15,4,False,True,0.6000000000000001
pauli_dft,46,*[C-](C(=O)OC([H])([H])[H])[N+]([H])=C(C(=O)N([H])C([H])([H])[H])C([H])([H])[H].COC1=C(OC)C(=O)C(C)=C(C)C1=O|CCCCN|water|298.15,4,True,True,1.0
pauli_dft,46,*[c-]1c(=O)oc(-c2c([H])c([H])c([H])c([H])c2[H])[n+]1C([H])([H])[H].COC1=C(OC)C(=O)C(C)=C(C)C1=O|CCCCN|water|298.15,4,True,True,0.7999999999999999
pauli_dft,46,*[C-](C(=O)OC([H])([H])[H])[N+](=C(C(=O)OC([H])([H])[H])c1c([H])c([H])c([H])c([H])c1[H])C([H])([H])[H].C=C(C)/C=C/C=C(C)C|CCCCN|water|298.15,10,False,True,0.8787878787878788
pauli_dft,46,*[c-]1[o+]c(C(=O)OC([H])([H])[H])oc1=O.COC1=C(OC)C(=O)C(C)=C(C)C1=O|CCCCO|water|298.15,4,True,True,0.7999999999999999
pauli_dft,46,*c1oc(=O)[c-](C(=O)N([H])C([H])([H])[H])[o+]1.COC1=C(OC)C(=O)C(C)=C(C)C1=O|CCCCO|water|298.15,4,True,True,0.7999999999999999
pauli_dft,46,*C(c1c([H])c([H])c([H])c([H])c1[H])=[N+]([H])[C-](C#N)C(=O)N([H])C([H])([H])[H].COC1=C(OC)C(=O)C(C)=C(C)C1=O|CCCCN|water|298.15,4,True,True,1.0
pauli_dft,46,*C(=O)C(C(=O)OC([H])([H])[H])=[N+]([H])[C-](C(=O)OC([H])([H])[H])c1c([H])c([H])c([H])c([H])c1[H].C=C(C)/C=C/C=C(C)C|CCCCN|water|298.15,11,False,False,0.7363636363636363
pauli_dft,46,*[C-]([O+]=C(C(=O)N([H])C([H])([H])[H])c1c([H])c([H])c([H])c([H])c1[H])C(=O)N([H])C([H])([H])[H].COC1=C(OC)C(=O)C(C)=C(C)C1=O|CCCCO|water|298.15,3,True,True,
pauli_dft,46,*[C-](c1c([H])c([H])c([H])c([H])c1[H])[N+](=C(C#N)c1c([H])c([H])c([H])c([H])c1[H])C([H])([H])[H].COC1=C(OC)C(=O)C(C)=C(C)C1=O|CCCCN|water|298.15,4,True,True,0.7999999999999999
pauli_dft,46,*C(=[O+][C-](c1c([H])c([H])c([H])c([H])c1[H])C([H])([H])[H])C(=O)C([H])([H])[H].COC1=C(OC)C(=O)C(C)=C(C)C1=O|CCCCO|water|298.15,4,True,True,1.0
pauli_dft,46,*[C-](C#N)[N+](=C(C(=O)N([H])C([H])([H])[H])c1c([H])c([H])c([H])c([H])c1[H])C([H])([H])[H].COC1=C(OC)C(=O)C(C)=C(C)C1=O|CCCCN|water|298.15,4,True,True,1.0
oi_dft,42,*C#CC(=O)N([H])C([H])([H])[H].CC(=O)c1[nH+][c-](C)c(=O)o1|CCCCN|water|298.15,4,False,True,0.7999999999999999
oi_dft,42,*C(=O)C#CF.CNC(=O)c1[nH+][c-](C#N)c(=O)o1|CCCCN|water|298.15,3,True,True,
oi_dft,42,*C([H])=C([H])[H].N#Cc1oc(=O)[c-](-c2ccccc2)[o+]1|CCCCO|water|298.15,3,False,True,
oi_dft,42,*C1=C(C([H])([H])[H])C2([H])C([H])([H])C([H])([H])C1([H])C2([H])[H].COC(=O)[N-][N+]#CC(C)=O|CCCNN|water|298.15,3,True,True,
oi_dft,42,*C(=C(C([H])([H])[H])C([H])([H])[H])C([H])([H])[H].COC(=O)[c-]1[nH+]c(C(C)=O)oc1=O|CCCCN|water|298.15,3,True,True,
oi_dft,42,*C#CC(=O)OC([H])([H])[H].CNC(=O)[c-]1c(=O)oc(C#N)[n+]1C|CCCCN|water|298.15,4,True,True,0.19999999999999998
oi_dft,42,*C(=[O+][N-]C([H])([H])[H])c1c([H])c([H])c([H])c([H])c1[H].CNC(=O)C1=C(C#N)C2CCC1C2|CCCNO|water|298.15,4,True,True,0.7999999999999999
oi_dft,42,*[C-]([O+]=C(C#N)C(=O)OC([H])([H])[H])C([H])([H])[H].CNC(=O)C1=C(F)C2CCC1C2|CCCCO|water|298.15,4,True,True,1.0
oi_dft,42,*c1oc(=O)[c-](-c2c([H])c([H])c([H])c([H])c2[H])[n+]1C([H])([H])[H].CC(=O)C1=C(Cl)C2CCC1C2|CCCCN|water|298.15,4,True,True,0.7999999999999999
oi_dft,42,*c1oc(=O)[c-](C(=O)OC([H])([H])[H])[o+]1.CC(=O)C1=C(Br)C2CCC1C2|CCCCO|water|298.15,4,True,True,1.0
oi_dft,42,*C([H])=[N+]([C-](C#N)C(=O)C([H])([H])[H])C([H])([H])[H].N#CC1=C(c2ccccc2)C2CCC1C2|CCCCN|water|298.15,4,False,True,0.7999999999999999
oi_dft,42,*C1=C([H])C2([H])C([H])([H])C([H])([H])C1([H])C2([H])[H].COC(=O)[C-](C)[O+]=C(c1ccccc1)c1ccccc1|CCCCO|water|298.15,3,True,True,
oi_dft,42,*C1=C(Br)C2([H])C([H])([H])C([H])([H])C1([H])C2([H])[H].CC(=O)c1[nH+][c-](-c2ccccc2)c(=O)o1|CCCCN|water|298.15,4,True,True,1.0
oi_dft,42,*C(c1c([H])c([H])c([H])c([H])c1[H])=[N+]([C-](C(=O)N([H])C([H])([H])[H])C([H])([H])[H])C([H])([H])[H].CC1=C(Br)C2C=CC1O2|CCCCN|water|298.15,7,True,True,0.8928571428571429
oi_dft,42,*C1=C(C(F)(F)F)C2([H])OC1([H])C([H])=C2[H].COC(=O)[C-]([N+]#CC(C)=O)c1ccccc1|CCCCN|water|298.15,5,True,True,0.8999999999999998
oi_dft,42,*C(=O)C1=C(Br)C2([H])OC1([H])C([H])=C2[H].CNC(=O)C(=[NH+][C-](C)C#N)C(=O)OC|CCCCN|water|298.15,8,False,False,0.8333333333333335
oi_dft,42,*C1(C([H])([H])[H])C#CC(c2c([H])c([H])c([H])c([H])c2[H])(c2c([H])c([H])c([H])c([H])c2[H])C([H])([H])C([H])([H])C([H])([H])C1([H])[H].CNC(=O)[C-](C#N)[NH+]=C(C)C#N|CCCCN|water|298.15,4,True,True,1.0
oi_dft,42,*[C-]([O+]=C(C(=O)N([H])C([H])([H])[H])c1c([H])c([H])c([H])c([H])c1[H])C([H])([H])[H].CNC(=O)C1=C(Br)C2CCC1C2|CCCCO|water|298.15,3,False,True,
oi_dft,42,*C1([H])C#CC(C(=O)OC([H])([H])[H])(C(=O)OC([H])([H])[H])C([H])([H])C([H])([H])C([H])([H])C1([H])[H].CC(=O)[c-]1c(=O)oc(-c2ccccc2)[n+]1C|CCCCN|water|298.15,4,False,True,0.7999999999999999
oi_dft,42,*C1(c2c([H])c([H])c([H])c([H])c2[H])C#CC(c2c([H])c([H])c([H])c([H])c2[H])(c2c([H])c([H])c([H])c([H])c2[H])C([H])([H])C([H])([H])C([H])([H])C1([H])[H].C[C-]([N+]#N)c1ccccc1|CCCNN|water|298.15,3,False,True,
oi_dft,42,*C#[N+][C-]([H])c1c([H])c([H])c([H])c([H])c1[H].C=C|CCCCN|water|298.15,3,False,True,
oi_dft,42,*[C-]([H])[N+](=C(C#N)C([H])([H])[H])C([H])([H])[H].C/C=C\C|CCCCN|water|298.15,3,True,True,
oi_dft,42,*C([H])=C(C([H])([H])[H])C([H])([H])[H].C[c-]1[o+]noc1=O|CCCNO|water|298.15,4,True,True,0.7999999999999999
oi_dft,42,*[c-]1[o+]noc1=O.CC(C)=CC=O|CCCNO|water|298.15,4,False,True,0.6000000000000001
oi_dft,42,*[C-]([N+]#CC(=O)OC([H])([H])[H])C([H])([H])[H].CC(C)=CC=O|CCCCN|water|298.15,6,True,True,1.0
oi_dft,42,*[C-]([H])[N+]#CC(=O)C([H])([H])[H].CC(C)=CC=O|CCCCN|water|298.15,4,True,True,1.0
oi_dft,42,*[C-]([N+]#CC(=O)C([H])([H])[H])C(=O)C([H])([H])[H].CC(C)=CC=O|CCCCN|water|298.15,3,True,True,
oi_dft,42,*C#[N+][C-](c1c([H])c([H])c([H])c([H])c1[H])C([H])([H])[H].C/C=C\C|CCCCN|water|298.15,4,False,True,0.7999999999999999
oi_dft,42,*C#[N+][C-](C([H])([H])[H])C([H])([H])[H].C=C(C)/C=C/C=C(C)C|CCCCN|water|298.15,9,True,True,0.5499999999999999
oi_dft,42,*C(C(=O)C([H])([H])[H])=[N+]([C-]([H])C([H])([H])[H])C([H])([H])[H].CC(C)=CC=O|CCCCN|water|298.15,4,True,True,0.7999999999999999
oi_dft,42,*C#[N+][C-](C#N)C(=O)C([H])([H])[H].CC(C)=C(C)C|CCCCN|water|298.15,3,True,True,
oi_dft,42,*C(C#N)=[N+]([H])[N-]C(=O)C([H])([H])[H].CC(C)=CC=O|CCCNN|water|298.15,4,True,True,0.7999999999999999
oi_dft,42,*C(C(=O)OC([H])([H])[H])=[N+]([H])[N-]C#N.CC(C)=CC=O|CCCNN|water|298.15,4,True,True,0.7999999999999999
oi_dft,42,*C(=O)[c-]1c(=O)oc(C([H])([H])[H])[n+]1[H].CC(C)=CC=O|CCCCN|water|298.15,3,False,True,
oi_dft,42,*[c-]1[o+]noc1=O.C=C(C)/C=C/C=C(C)C|CCCNO|water|298.15,8,False,True,0.8333333333333335
oi_dft,42,*[N-][N+]#CC([H])([H])[H].C=C(C)/C=C/C=C(C)C|CCCNN|water|298.15,7,True,True,0.9642857142857145
oi_dft,42,*[C-]([N+]#CC(=O)C([H])([H])[H])c1c([H])c([H])c([H])c([H])c1[H].C/C=C\C|CCCCN|water|298.15,3,True,True,
oi_dft,42,*C([H])=C(C([H])([H])[H])C([H])([H])[H].CNC(=O)[c-]1[nH+]c(C)oc1=O|CCCCN|water|298.15,4,False,True,-0.19999999999999998
oi_dft,42,*c1oc(=O)[c-](C(=O)N([H])C([H])([H])[H])[n+]1[H].CC(C)=CC=O|CCCCN|water|298.15,4,True,True,0.39999999999999997
oi_dft,42,*[C-]([N+]#CC(=O)C([H])([H])[H])c1c([H])c([H])c([H])c([H])c1[H].CC(C)=CC=O|CCCCN|water|298.15,5,False,True,0.7
oi_dft,42,*c1oc(=O)[c-](C([H])([H])[H])[n+]1[H].C=C(C)/C=C/C=C(C)C|CCCCN|water|298.15,18,False,True,0.78328173374613
oi_dft,42,*[C-]([N+]#N)C(=O)OC([H])([H])[H].C=C(C)/C=C/C=C(C)C|CCCNN|water|298.15,9,False,True,0.9500000000000001
oi_dft,42,*c1oc(=O)[c-](C([H])([H])[H])[n+]1[H].CN1C=CCC(C(N)=O)=C1|CCCCN|water|298.15,6,True,True,0.8857142857142858
oi_dft,42,*[c-]1c(=O)oc(C([H])([H])[H])[n+]1[H].CN1C=CCC(C(N)=O)=C1|CCCCN|water|298.15,12,False,True,0.9370629370629372
oi_dft,42,*[C-]([N+]#CC(=O)OC([H])([H])[H])C([H])([H])[H].C=C(C)/C=C/C=C(C)C|CCCCN|water|298.15,15,True,True,0.7035714285714285
oi_dft,42,*C#[N+][N-]c1c([H])c([H])c([H])c([H])c1[H].C=C(C)/C=C/C=C(C)C|CCCNN|water|298.15,3,True,True,
oi_dft,42,*[C-](C(=O)N([H])C([H])([H])[H])[N+]([H])=C(C(=O)N([H])C([H])([H])[H])C([H])([H])[H].CC(C)=CC=O|CCCCN|water|298.15,4,True,True,0.7999999999999999
oi_dft,42,*C([H])=C(C([H])([H])[H])C([H])([H])[H].C[c-]1[nH+]c(-c2ccccc2)oc1=O|CCCCN|water|298.15,3,False,True,
oi_dft,42,*[c-]1[o+]c(C#N)oc1=O.CN1C=CCC(C(N)=O)=C1|CCCCO|water|298.15,5,True,True,0.9999999999999999
oi_dft,42,*[C-]([N+]#CC#N)C(=O)OC([H])([H])[H].C=C(C)/C=C/C=C(C)C|CCCCN|water|298.15,14,False,True,0.8769230769230769
oi_dft,42,*C([H])=C(C([H])([H])[H])C([H])([H])[H].COC(=O)[N-][NH+]=Cc1ccccc1|CCCNN|water|298.15,3,True,True,
oi_dft,42,*[N+]([N-]C(=O)OC([H])([H])[H])=C([H])c1c([H])c([H])c([H])c([H])c1[H].CC(C)=CC=O|CCCNN|water|298.15,3,True,True,
oi_dft,42,*C(=O)C#[N+][C-](C(=O)C([H])([H])[H])C([H])([H])[H].C=C(C)/C=C/C=C(C)C|CCCCN|water|298.15,8,True,True,0.9523809523809524
oi_dft,42,*[C-]([N+]#CC(=O)C([H])([H])[H])C(=O)C([H])([H])[H].C=C(C)/C=C/C=C(C)C|CCCCN|water|298.15,8,False,True,0.6428571428571429
oi_dft,42,*C(C(=O)OC([H])([H])[H])=[N+]([H])[C-]([H])C#N.C=C(C)/C=C/C=C(C)C|CCCCN|water|298.15,12,True,True,0.6573426573426573
oi_dft,42,*C(C(=O)N([H])C([H])([H])[H])=[N+]([C-]([H])C#N)C([H])([H])[H].CC(C)=CC=O|CCCCN|water|298.15,4,True,True,0.39999999999999997
oi_dft,42,*[C-]([H])[N+](=C(C(=O)N([H])C([H])([H])[H])C(=O)C([H])([H])[H])C([H])([H])[H].CC(C)=CC=O|CCCCN|water|298.15,4,True,True,1.0
oi_dft,42,*[C-](C#N)[N+]#CC(=O)OC([H])([H])[H].CN1C=CCC(C(N)=O)=C1|CCCCN|water|298.15,5,False,True,0.7
oi_dft,42,*[C-]([N+]#CC#N)C([H])([H])[H].COC1=C(OC)C(=O)C(C)=C(C)C1=O|CCCCN|water|298.15,4,True,True,1.0
oi_dft,42,*[C-](C#N)[N+]([H])=C(C(=O)N([H])C([H])([H])[H])C([H])([H])[H].CN1C=CCC(C(N)=O)=C1|CCCCN|water|298.15,7,True,True,0.642857142857143
oi_dft,42,*C([H])=C(C([H])([H])[H])C([H])([H])[H].C[CH-][N+](C)=C(C(C)=O)c1ccccc1|CCCCN|water|298.15,4,True,True,0.7999999999999999
oi_dft,42,*C([H])=[N+]([C-](c1c([H])c([H])c([H])c([H])c1[H])C([H])([H])[H])C([H])([H])[H].C=C(C)/C=C/C=C(C)C|CCCCN|water|298.15,15,True,True,0.6964285714285713
oi_dft,42,*C([H])=[O+][N-]C(=O)OC([H])([H])[H].CN1C=CCC(C(N)=O)=C1|CCCNO|water|298.15,4,True,True,0.7999999999999999
oi_dft,42,*[C-](C#N)[N+](=C(C(=O)N([H])C([H])([H])[H])C(=O)N([H])C([H])([H])[H])C([H])([H])[H].CC(C)=CC=O|CCCCN|water|298.15,4,False,True,0.6000000000000001
oi_dft,42,*c1oc(=O)[c-](C(=O)N([H])C([H])([H])[H])[n+]1[H].C=C(C)/C=C/C=C(C)C|CCCCN|water|298.15,11,False,False,0.16363636363636366
oi_dft,42,*C([H])=C(C([H])([H])[H])C([H])([H])[H].CC(=O)C#[N+][C-](C(C)=O)c1ccccc1|CCCCN|water|298.15,3,False,True,
oi_dft,42,*C(=O)C#[N+][C-](C(=O)C([H])([H])[H])c1c([H])c([H])c([H])c([H])c1[H].CC(C)=CC=O|CCCCN|water|298.15,3,False,True,
oi_dft,42,*C(=O)[C-]([N+]#CC#N)C(=O)C([H])([H])[H].C=C(C)/C=C/C=C(C)C|CCCCN|water|298.15,8,False,False,0.5000000000000001
oi_dft,42,*[C-]([N+]#CC#N)C(=O)C([H])([H])[H].C=C(C)/C=C/C=C(C)C|CCCCN|water|298.15,12,False,False,0.4545454545454546
oi_dft,42,*C#[N+][C-](C(=O)OC([H])([H])[H])C(=O)C([H])([H])[H].C=C(C)/C=C/C=C(C)C|CCCCN|water|298.15,10,False,True,0.9272727272727272
oi_dft,42,*C(C(=O)C([H])([H])[H])=[N+]([H])[N-]c1c([H])c([H])c([H])c([H])c1[H].C=C(C)/C=C/C=C(C)C|CCCNN|water|298.15,10,False,True,0.8787878787878788
oi_dft,42,*[C-]([N+]#CC#N)C(=O)N([H])C([H])([H])[H].C=C(C)/C=C/C=C(C)C|CCCCN|water|298.15,8,True,True,0.6190476190476191
oi_dft,42,*C(c1c([H])c([H])c([H])c([H])c1[H])=[N+]([N-][H])C([H])([H])[H].CN1C=CCC(C(N)=O)=C1|CCCNN|water|298.15,5,True,True,0.49999999999999994
oi_dft,42,*c1oc(=O)[c-](C(=O)N([H])C([H])([H])[H])[o+]1.C=C(C)/C=C/C=C(C)C|CCCCO|water|298.15,12,True,True,0.3706293706293707
oi_dft,42,*[c-]1c(=O)oc(C(=O)C([H])([H])[H])[n+]1C([H])([H])[H].CN1C=CCC(C(N)=O)=C1|CCCCN|water|298.15,10,True,True,0.9999999999999999
oi_dft,42,*[N-][N+]#CC(=O)N([H])C([H])([H])[H].COC1=C(OC)C(=O)C(C)=C(C)C1=O|CCCNN|water|298.15,3,True,True,
oi_dft,42,*C#[N+][C-](C#N)C([H])([H])[H].COC1=C(OC)C(=O)C(C)=C(C)C1=O|CCCCN|water|298.15,6,False,True,0.942857142857143
oi_dft,42,*C(C#N)=[N+]([C-](C(=O)N([H])C([H])([H])[H])C([H])([H])[H])C([H])([H])[H].CC(C)=CC=O|CCCCN|water|298.15,4,False,True,0.6000000000000001
oi_dft,42,*C(=[O+][N-]C(=O)OC([H])([H])[H])C(=O)N([H])C([H])([H])[H].CN1C=CCC(C(N)=O)=C1|CCCNO|water|298.15,3,True,True,
oi_dft,42,*C#[N+][C-](C(=O)N([H])C([H])([H])[H])c1c([H])c([H])c([H])c([H])c1[H].CC(C)=CC=O|CCCCN|water|298.15,4,False,True,0.39999999999999997
oi_dft,42,*[C-](C(=O)N([H])C([H])([H])[H])[N+](=C(C#N)C#N)C([H])([H])[H].CN1C=CCC(C(N)=O)=C1|CCCCN|water|298.15,8,True,True,0.9523809523809524
oi_dft,42,*[C-](C(=O)OC([H])([H])[H])[N+]([H])=C(C(=O)N([H])C([H])([H])[H])C(=O)N([H])C([H])([H])[H].CC(C)=CC=O|CCCCN|water|298.15,4,True,True,1.0
oi_dft,42,*[C-]([N+]#CC#N)C(=O)N([H])C([H])([H])[H].CN1C=CCC(C(N)=O)=C1|CCCCN|water|298.15,4,True,True,1.0
oi_dft,42,*C#[N+][C-](C(=O)OC([H])([H])[H])c1c([H])c([H])c([H])c([H])c1[H].C=C(C)/C=C/C=C(C)C|CCCCN|water|298.15,7,True,True,0.9285714285714288
oi_dft,42,*[c-]1c(=O)oc(-c2c([H])c([H])c([H])c([H])c2[H])[n+]1[H].C=C(C)/C=C/C=C(C)C|CCCCN|water|298.15,18,False,False,0.7874097007223942
oi_dft,42,*C(=O)C#[N+][N-]C#N.COC1=C(OC)C(=O)C(C)=C(C)C1=O|CCCNN|water|298.15,3,True,True,
oi_dft,42,*[C-](C(=O)N([H])C([H])([H])[H])[N+](=C(C#N)c1c([H])c([H])c([H])c([H])c1[H])C([H])([H])[H].CC(C)=CC=O|CCCCN|water|298.15,4,False,True,0.39999999999999997
oi_dft,42,*C#[N+][C-](C(=O)OC([H])([H])[H])C(=O)OC([H])([H])[H].C=C(C)/C=C/C=C(C)C|CCCCN|water|298.15,6,True,True,0.8285714285714287
oi_dft,42,*C([H])=[O+][C-](C#N)c1c([H])c([H])c([H])c([H])c1[H].CN1C=CCC(C(N)=O)=C1|CCCCO|water|298.15,5,True,True,0.6
oi_dft,42,*C(=O)[C-]([N+]#CC#N)c1c([H])c([H])c([H])c([H])c1[H].C=C(C)/C=C/C=C(C)C|CCCCN|water|298.15,9,True,True,0.7333333333333334
oi_dft,42,*C#[N+][C-](C(=O)C([H])([H])[H])c1c([H])c([H])c([H])c([H])c1[H].C=C(C)/C=C/C=C(C)C|CCCCN|water|298.15,9,True,True,0.7833333333333333
oi_dft,42,*c1oc(=O)[c-](C(=O)OC([H])([H])[H])[n+]1C([H])([H])[H].CN1C=CCC(C(N)=O)=C1|CCCCN|water|298.15,11,True,True,0.9727272727272729
oi_dft,42,*c1oc(=O)[c-](-c2c([H])c([H])c([H])c([H])c2[H])[n+]1[H].CN1C=CCC(C(N)=O)=C1|CCCCN|water|298.15,7,True,True,0.8571428571428573
oi_dft,42,*C(=[N+]([H])[C-](C#N)c1c([H])c([H])c([H])c([H])c1[H])C([H])([H])[H].CN1C=CCC(C(N)=O)=C1|CCCCN|water|298.15,8,True,True,0.9761904761904763
oi_dft,42,*[C-](c1c([H])c([H])c([H])c([H])c1[H])[N+]([H])=C(C([H])([H])[H])C([H])([H])[H].CN1C=CCC(C(N)=O)=C1|CCCCN|water|298.15,8,True,True,0.9285714285714287
oi_dft,42,*[C-]([O+]=C([H])C(=O)C([H])([H])[H])c1c([H])c([H])c([H])c([H])c1[H].C=C(C)/C=C/C=C(C)C|CCCCO|water|298.15,10,True,True,0.8060606060606059
oi_dft,42,*[N-][O+]=C(C(=O)OC([H])([H])[H])C(=O)N([H])C([H])([H])[H].CN1C=CCC(C(N)=O)=C1|CCCNO|water|298.15,4,True,True,1.0
oi_dft,42,*[c-]1c(=O)oc(C#N)[n+]1C([H])([H])[H].CN1C=CCC(C(N)=O)=C1|CCCCN|water|298.15,7,False,True,0.9285714285714288
oi_dft,42,*[N-][O+]=C([H])c1c([H])c([H])c([H])c([H])c1[H].CN1C=CCC(C(N)=O)=C1|CCCNO|water|298.15,5,False,True,0.8999999999999998
oi_dft,42,*C(C(=O)OC([H])([H])[H])=[N+]([H])[C-](C#N)C#N.C=C(C)/C=C/C=C(C)C|CCCCN|water|298.15,11,False,True,0.8272727272727273
oi_dft,42,*[C-]([O+]=C([H])c1c([H])c([H])c([H])c([H])c1[H])C(=O)OC([H])([H])[H].C=C(C)/C=C/C=C(C)C|CCCCO|water|298.15,10,False,False,0.7212121212121211
oi_dft,42,*[c-]1[o+]c(C(=O)OC([H])([H])[H])oc1=O.CN1C=CCC(C(N)=O)=C1|CCCCO|water|298.15,6,True,True,0.8857142857142858
oi_dft,42,*C(c1c([H])c([H])c([H])c([H])c1[H])=[N+]([C-](C#N)C#N)C([H])([H])[H].CN1C=CCC(C(N)=O)=C1|CCCCN|water|298.15,10,False,True,0.7333333333333332
oi_dft,42,*C([H])=C(C([H])([H])[H])C([H])([H])[H].CNC(=O)C(=[O+][N-]c1ccccc1)C(=O)OC|CCCNO|water|298.15,4,True,True,0.7999999999999999
oi_dft,42,*C([H])=C(C([H])([H])[H])C([H])([H])[H].COC(=O)[CH-][O+]=C(C(=O)OC)c1ccccc1|CCCCO|water|298.15,4,False,True,0.6000000000000001
oi_dft,42,*C#[N+][C-](C(=O)C([H])([H])[H])C(=O)C([H])([H])[H].CN1C=CCC(C(N)=O)=C1|CCCCN|water|298.15,4,True,True,1.0
oi_dft,42,*[C-]([N+]#CC(=O)N([H])C([H])([H])[H])C(=O)OC([H])([H])[H].C=C(C)/C=C/C=C(C)C|CCCCN|water|298.15,10,False,True,0.7212121212121211
oi_dft,42,*C(c1c([H])c([H])c([H])c([H])c1[H])=[N+]([N-]C(=O)C([H])([H])[H])C([H])([H])[H].C=C(C)/C=C/C=C(C)C|CCCNN|water|298.15,7,False,True,0.5357142857142858
oi_dft,42,*[C-]([H])[O+]=C(C(=O)OC([H])([H])[H])c1c([H])c([H])c([H])c([H])c1[H].C=C(C)/C=C/C=C(C)C|CCCCO|water|298.15,10,True,True,0.6848484848484848
oi_dft,42,*[C-]([N+]#Cc1c([H])c([H])c([H])c([H])c1[H])c1c([H])c([H])c([H])c([H])c1[H].CN1C=CCC(C(N)=O)=C1|CCCCN|water|298.15,7,True,True,0.8571428571428573
oi_dft,42,*C#[N+][C-](c1c([H])c([H])c([H])c([H])c1[H])c1c([H])c([H])c([H])c([H])c1[H].CN1C=CCC(C(N)=O)=C1|CCCCN|water|298.15,9,False,False,0.13333333333333333
oi_dft,42,*C(=[N+]([H])[C-](C(=O)N([H])C([H])([H])[H])C(=O)N([H])C([H])([H])[H])C([H])([H])[H].CN1C=CCC(C(N)=O)=C1|CCCCN|water|298.15,7,True,True,0.8928571428571429
oi_dft,42,*c1oc(=O)[c-](-c2c([H])c([H])c([H])c([H])c2[H])[n+]1C([H])([H])[H].CN1C=CCC(C(N)=O)=C1|CCCCN|water|298.15,8,True,True,0.8571428571428572
oi_dft,42,*[n+]1c(-c2c([H])c([H])c([H])c([H])c2[H])oc(=O)[c-]1C(=O)N([H])C([H])([H])[H].C=C(C)/C=C/C=C(C)C|CCCCN|water|298.15,11,False,True,0.16363636363636366
oi_dft,42,*C(=[O+][C-](C#N)C#N)C(=O)OC([H])([H])[H].CN1C=CCC(C(N)=O)=C1|CCCCO|water|298.15,5,True,True,0.7
oi_dft,42,*[C-]([N+]#Cc1c([H])c([H])c([H])c([H])c1[H])C([H])([H])[H].COC1=C(OC)C(=O)C(C)=C(C)C1=O|CCCCN|water|298.15,3,False,True,
oi_dft,42,*C(=[O+][C-](C(=O)N([H])C([H])([H])[H])C(=O)N([H])C([H])([H])[H])c1c([H])c([H])c([H])c([H])c1[H].CC(C)=CC=O|CCCCO|water|298.15,4,True,True,0.19999999999999998
oi_dft,42,*C(=O)C#[N+][C-](C(=O)OC([H])([H])[H])C(=O)OC([H])([H])[H].CN1C=CCC(C(N)=O)=C1|CCCCN|water|298.15,6,True,True,1.0
oi_dft,42,*C(C(=O)OC([H])([H])[H])=[N+]([N-]C([H])([H])[H])C([H])([H])[H].COC1=C(OC)C(=O)C(C)=C(C)C1=O|CCCNN|water|298.15,4,True,True,1.0
oi_dft,42,*C(=[O+][C-](C#N)C(=O)OC([H])([H])[H])c1c([H])c([H])c([H])c([H])c1[H].CN1C=CCC(C(N)=O)=C1|CCCCO|water|298.15,7,True,True,0.9285714285714288
oi_dft,42,*C(=O)c1oc(=O)[c-](-c2c([H])c([H])c([H])c([H])c2[H])[o+]1.CN1C=CCC(C(N)=O)=C1|CCCCO|water|298.15,7,True,True,0.8214285714285715
oi_dft,42,*c1oc(=O)[c-](-c2c([H])c([H])c([H])c([H])c2[H])[o+]1.CN1C=CCC(C(N)=O)=C1|CCCCO|water|298.15,11,True,True,0.9181818181818183
oi_dft,42,*[C-](C(=O)C([H])([H])[H])[N+](=C([H])C(=O)OC([H])([H])[H])C([H])([H])[H].CN1C=CCC(C(N)=O)=C1|CCCCN|water|298.15,7,True,True,0.7500000000000002
oi_dft,42,*C(C(=O)OC([H])([H])[H])=[N+]([C-](C(=O)C([H])([H])[H])C([H])([H])[H])C([H])([H])[H].CN1C=CCC(C(N)=O)=C1|CCCCN|water|298.15,5,True,True,0.8999999999999998
oi_dft,42,*[N+](=C(C(=O)N([H])C([H])([H])[H])c1c([H])c([H])c([H])c([H])c1[H])[C-](C(=O)OC([H])([H])[H])C(=O)C([H])([H])[H].CC(C)=CC=O|CCCCN|water|298.15,4,True,True,0.7999999999999999
oi_dft,42,*[C-](C#N)[O+]=C(C(=O)OC([H])([H])[H])c1c([H])c([H])c([H])c([H])c1[H].CN1C=CCC(C(N)=O)=C1|CCCCO|water|298.15,6,True,True,0.7142857142857143
oi_dft,42,*[N+](=C([H])C(=O)N([H])C([H])([H])[H])[C-](C#N)C(=O)C([H])([H])[H].COC1=C(OC)C(=O)C(C)=C(C)C1=O|CCCCN|water|298.15,4,False,True,0.7999999999999999
oi_dft,42,*C(=O)[C-]([N+](=C(C#N)C([H])([H])[H])C([H])([H])[H])C([H])([H])[H].COC1=C(OC)C(=O)C(C)=C(C)C1=O|CCCCN|water|298.15,4,True,True,1.0
oi_dft,42,*C(=[O+][C-]([H])C(=O)OC([H])([H])[H])C([H])([H])[H].COC1=C(OC)C(=O)C(C)=C(C)C1=O|CCCCO|water|298.15,3,True,True,
oi_dft,42,*c1oc(=O)[c-](-c2c([H])c([H])c([H])c([H])c2[H])[o+]1.COC1=C(OC)C(=O)C(C)=C(C)C1=O|CCCCO|water|298.15,4,True,True,1.0
oi_dft,42,*c1oc(=O)[c-](C(=O)OC([H])([H])[H])[o+]1.COC1=C(OC)C(=O)C(C)=C(C)C1=O|CCCCO|water|298.15,4,True,True,1.0
oi_dft,42,*[c-]1[o+]c(C(=O)N([H])C([H])([H])[H])oc1=O.COC1=C(OC)C(=O)C(C)=C(C)C1=O|CCCCO|water|298.15,6,True,True,1.0
oi_dft,42,*[C-](C(=O)C([H])([H])[H])[N+](=C(C(=O)N([H])C([H])([H])[H])c1c([H])c([H])c([H])c([H])c1[H])C([H])([H])[H].CC(C)=CC=O|CCCCN|water|298.15,4,False,True,0.19999999999999998
oi_dft,42,*[C-](C(=O)OC([H])([H])[H])[N+]([H])=C(C(=O)N([H])C([H])([H])[H])C([H])([H])[H].COC1=C(OC)C(=O)C(C)=C(C)C1=O|CCCCN|water|298.15,4,True,True,1.0
oi_dft,42,*[c-]1c(=O)oc(-c2c([H])c([H])c([H])c([H])c2[H])[n+]1C([H])([H])[H].COC1=C(OC)C(=O)C(C)=C(C)C1=O|CCCCN|water|298.15,4,True,True,0.7999999999999999
oi_dft,42,*[C-](C(=O)OC([H])([H])[H])[N+](=C(C(=O)OC([H])([H])[H])c1c([H])c([H])c([H])c([H])c1[H])C([H])([H])[H].C=C(C)/C=C/C=C(C)C|CCCCN|water|298.15,10,False,False,0.7696969696969697
oi_dft,42,*[c-]1[o+]c(C(=O)OC([H])([H])[H])oc1=O.COC1=C(OC)C(=O)C(C)=C(C)C1=O|CCCCO|water|298.15,4,True,True,0.7999999999999999
oi_dft,42,*c1oc(=O)[c-](C(=O)N([H])C([H])([H])[H])[o+]1.COC1=C(OC)C(=O)C(C)=C(C)C1=O|CCCCO|water|298.15,4,True,True,0.7999999999999999
oi_dft,42,*C(c1c([H])c([H])c([H])c([H])c1[H])=[N+]([H])[C-](C#N)C(=O)N([H])C([H])([H])[H].COC1=C(OC)C(=O)C(C)=C(C)C1=O|CCCCN|water|298.15,4,True,True,0.7999999999999999
oi_dft,42,*C(=O)C(C(=O)OC([H])([H])[H])=[N+]([H])[C-](C(=O)OC([H])([H])[H])c1c([H])c([H])c([H])c([H])c1[H].C=C(C)/C=C/C=C(C)C|CCCCN|water|298.15,11,True,True,0.6272727272727273
oi_dft,42,*[C-]([O+]=C(C(=O)N([H])C([H])([H])[H])c1c([H])c([H])c([H])c([H])c1[H])C(=O)N([H])C([H])([H])[H].COC1=C(OC)C(=O)C(C)=C(C)C1=O|CCCCO|water|298.15,3,True,True,
oi_dft,42,*[C-](c1c([H])c([H])c([H])c([H])c1[H])[N+](=C(C#N)c1c([H])c([H])c([H])c([H])c1[H])C([H])([H])[H].COC1=C(OC)C(=O)C(C)=C(C)C1=O|CCCCN|water|298.15,4,True,True,1.0
oi_dft,42,*C(=[O+][C-](c1c([H])c([H])c([H])c([H])c1[H])C([H])([H])[H])C(=O)C([H])([H])[H].COC1=C(OC)C(=O)C(C)=C(C)C1=O|CCCCO|water|298.15,4,True,True,1.0
oi_dft,42,*[C-](C#N)[N+](=C(C(=O)N([H])C([H])([H])[H])c1c([H])c([H])c([H])c([H])c1[H])C([H])([H])[H].COC1=C(OC)C(=O)C(C)=C(C)C1=O|CCCCN|water|298.15,4,False,False,-0.19999999999999998
oi_dft,43,*C#CC(=O)N([H])C([H])([H])[H].CC(=O)c1[nH+][c-](C)c(=O)o1|CCCCN|water|298.15,4,True,True,1.0
oi_dft,43,*C(=O)C#CF.CNC(=O)c1[nH+][c-](C#N)c(=O)o1|CCCCN|water|298.15,3,True,True,
oi_dft,43,*C([H])=C([H])[H].N#Cc1oc(=O)[c-](-c2ccccc2)[o+]1|CCCCO|water|298.15,3,True,True,
oi_dft,43,*C1=C(C([H])([H])[H])C2([H])C([H])([H])C([H])([H])C1([H])C2([H])[H].COC(=O)[N-][N+]#CC(C)=O|CCCNN|water|298.15,3,True,True,
oi_dft,43,*C(=C(C([H])([H])[H])C([H])([H])[H])C([H])([H])[H].COC(=O)[c-]1[nH+]c(C(C)=O)oc1=O|CCCCN|water|298.15,3,True,True,
oi_dft,43,*C#CC(=O)OC([H])([H])[H].CNC(=O)[c-]1c(=O)oc(C#N)[n+]1C|CCCCN|water|298.15,4,False,True,-0.7999999999999999
oi_dft,43,*C(=[O+][N-]C([H])([H])[H])c1c([H])c([H])c([H])c([H])c1[H].CNC(=O)C1=C(C#N)C2CCC1C2|CCCNO|water|298.15,4,True,True,1.0
oi_dft,43,*[C-]([O+]=C(C#N)C(=O)OC([H])([H])[H])C([H])([H])[H].CNC(=O)C1=C(F)C2CCC1C2|CCCCO|water|298.15,4,True,True,1.0
oi_dft,43,*c1oc(=O)[c-](-c2c([H])c([H])c([H])c([H])c2[H])[n+]1C([H])([H])[H].CC(=O)C1=C(Cl)C2CCC1C2|CCCCN|water|298.15,4,True,True,1.0
oi_dft,43,*c1oc(=O)[c-](C(=O)OC([H])([H])[H])[o+]1.CC(=O)C1=C(Br)C2CCC1C2|CCCCO|water|298.15,4,True,True,1.0
oi_dft,43,*C([H])=[N+]([C-](C#N)C(=O)C([H])([H])[H])C([H])([H])[H].N#CC1=C(c2ccccc2)C2CCC1C2|CCCCN|water|298.15,4,False,True,0.7999999999999999
oi_dft,43,*C1=C([H])C2([H])C([H])([H])C([H])([H])C1([H])C2([H])[H].COC(=O)[C-](C)[O+]=C(c1ccccc1)c1ccccc1|CCCCO|water|298.15,3,True,True,
oi_dft,43,*C1=C(Br)C2([H])C([H])([H])C([H])([H])C1([H])C2([H])[H].CC(=O)c1[nH+][c-](-c2ccccc2)c(=O)o1|CCCCN|water|298.15,4,False,True,0.39999999999999997
oi_dft,43,*C(c1c([H])c([H])c([H])c([H])c1[H])=[N+]([C-](C(=O)N([H])C([H])([H])[H])C([H])([H])[H])C([H])([H])[H].CC1=C(Br)C2C=CC1O2|CCCCN|water|298.15,7,True,True,0.642857142857143
oi_dft,43,*C1=C(C(F)(F)F)C2([H])OC1([H])C([H])=C2[H].COC(=O)[C-]([N+]#CC(C)=O)c1ccccc1|CCCCN|water|298.15,5,True,True,0.8999999999999998
oi_dft,43,*C(=O)C1=C(Br)C2([H])OC1([H])C([H])=C2[H].CNC(=O)C(=[NH+][C-](C)C#N)C(=O)OC|CCCCN|water|298.15,8,False,False,0.7380952380952381
oi_dft,43,*C1(C([H])([H])[H])C#CC(c2c([H])c([H])c([H])c([H])c2[H])(c2c([H])c([H])c([H])c([H])c2[H])C([H])([H])C([H])([H])C([H])([H])C1([H])[H].CNC(=O)[C-](C#N)[NH+]=C(C)C#N|CCCCN|water|298.15,4,True,True,1.0
oi_dft,43,*[C-]([O+]=C(C(=O)N([H])C([H])([H])[H])c1c([H])c([H])c([H])c([H])c1[H])C([H])([H])[H].CNC(=O)C1=C(Br)C2CCC1C2|CCCCO|water|298.15,3,True,True,
oi_dft,43,*C1([H])C#CC(C(=O)OC([H])([H])[H])(C(=O)OC([H])([H])[H])C([H])([H])C([H])([H])C([H])([H])C1([H])[H].CC(=O)[c-]1c(=O)oc(-c2ccccc2)[n+]1C|CCCCN|water|298.15,4,False,True,0.7999999999999999
oi_dft,43,*C1(c2c([H])c([H])c([H])c([H])c2[H])C#CC(c2c([H])c([H])c([H])c([H])c2[H])(c2c([H])c([H])c([H])c([H])c2[H])C([H])([H])C([H])([H])C([H])([H])C1([H])[H].C[C-]([N+]#N)c1ccccc1|CCCNN|water|298.15,3,False,True,
oi_dft,43,*C#[N+][C-]([H])c1c([H])c([H])c([H])c([H])c1[H].C=C|CCCCN|water|298.15,3,True,True,
oi_dft,43,*[C-]([H])[N+](=C(C#N)C([H])([H])[H])C([H])([H])[H].C/C=C\C|CCCCN|water|298.15,3,True,True,
oi_dft,43,*C([H])=C(C([H])([H])[H])C([H])([H])[H].C[c-]1[o+]noc1=O|CCCNO|water|298.15,4,False,True,0.0
oi_dft,43,*[c-]1[o+]noc1=O.CC(C)=CC=O|CCCNO|water|298.15,4,False,True,0.6000000000000001
oi_dft,43,*[C-]([N+]#CC(=O)OC([H])([H])[H])C([H])([H])[H].CC(C)=CC=O|CCCCN|water|298.15,6,True,True,0.8285714285714287
oi_dft,43,*[C-]([H])[N+]#CC(=O)C([H])([H])[H].CC(C)=CC=O|CCCCN|water|298.15,4,False,True,0.39999999999999997
oi_dft,43,*[C-]([N+]#CC(=O)C([H])([H])[H])C(=O)C([H])([H])[H].CC(C)=CC=O|CCCCN|water|298.15,3,True,True,
oi_dft,43,*C#[N+][C-](c1c([H])c([H])c([H])c([H])c1[H])C([H])([H])[H].C/C=C\C|CCCCN|water|298.15,4,True,True,0.19999999999999998
oi_dft,43,*C#[N+][C-](C([H])([H])[H])C([H])([H])[H].C=C(C)/C=C/C=C(C)C|CCCCN|water|298.15,9,True,True,0.8333333333333333
oi_dft,43,*C(C(=O)C([H])([H])[H])=[N+]([C-]([H])C([H])([H])[H])C([H])([H])[H].CC(C)=CC=O|CCCCN|water|298.15,4,True,True,0.39999999999999997
oi_dft,43,*C#[N+][C-](C#N)C(=O)C([H])([H])[H].CC(C)=C(C)C|CCCCN|water|298.15,3,True,True,
oi_dft,43,*C(C#N)=[N+]([H])[N-]C(=O)C([H])([H])[H].CC(C)=CC=O|CCCNN|water|298.15,4,True,True,1.0
oi_dft,43,*C(C(=O)OC([H])([H])[H])=[N+]([H])[N-]C#N.CC(C)=CC=O|CCCNN|water|298.15,4,True,True,1.0
oi_dft,43,*C(=O)[c-]1c(=O)oc(C([H])([H])[H])[n+]1[H].CC(C)=CC=O|CCCCN|water|298.15,3,True,True,
oi_dft,43,*[c-]1[o+]noc1=O.C=C(C)/C=C/C=C(C)C|CCCNO|water|298.15,8,False,True,0.7857142857142858
oi_dft,43,*[N-][N+]#CC([H])([H])[H].C=C(C)/C=C/C=C(C)C|CCCNN|water|298.15,7,False,False,0.42857142857142866
oi_dft,43,*[C-]([N+]#CC(=O)C([H])([H])[H])c1c([H])c([H])c([H])c([H])c1[H].C/C=C\C|CCCCN|water|298.15,3,True,True,
oi_dft,43,*C([H])=C(C([H])([H])[H])C([H])([H])[H].CNC(=O)[c-]1[nH+]c(C)oc1=O|CCCCN|water|298.15,4,False,True,0.0
oi_dft,43,*c1oc(=O)[c-](C(=O)N([H])C([H])([H])[H])[n+]1[H].CC(C)=CC=O|CCCCN|water|298.15,4,True,True,0.7999999999999999
oi_dft,43,*[C-]([N+]#CC(=O)C([H])([H])[H])c1c([H])c([H])c([H])c([H])c1[H].CC(C)=CC=O|CCCCN|water|298.15,5,False,False,0.39999999999999997
oi_dft,43,*c1oc(=O)[c-](C([H])([H])[H])[n+]1[H].C=C(C)/C=C/C=C(C)C|CCCCN|water|298.15,18,True,True,0.8431372549019607
oi_dft,43,*[C-]([N+]#N)C(=O)OC([H])([H])[H].C=C(C)/C=C/C=C(C)C|CCCNN|water|298.15,9,False,False,0.7833333333333333
oi_dft,43,*c1oc(=O)[c-](C([H])([H])[H])[n+]1[H].CN1C=CCC(C(N)=O)=C1|CCCCN|water|298.15,6,False,True,0.5428571428571429
oi_dft,43,*[c-]1c(=O)oc(C([H])([H])[H])[n+]1[H].CN1C=CCC(C(N)=O)=C1|CCCCN|water|298.15,12,False,True,0.8811188811188813
oi_dft,43,*[C-]([N+]#CC(=O)OC([H])([H])[H])C([H])([H])[H].C=C(C)/C=C/C=C(C)C|CCCCN|water|298.15,15,True,True,0.8535714285714284
oi_dft,43,*C#[N+][N-]c1c([H])c([H])c([H])c([H])c1[H].C=C(C)/C=C/C=C(C)C|CCCNN|water|298.15,3,False,True,
oi_dft,43,*[C-](C(=O)N([H])C([H])([H])[H])[N+]([H])=C(C(=O)N([H])C([H])([H])[H])C([H])([H])[H].CC(C)=CC=O|CCCCN|water|298.15,4,True,True,0.7999999999999999
oi_dft,43,*C([H])=C(C([H])([H])[H])C([H])([H])[H].C[c-]1[nH+]c(-c2ccccc2)oc1=O|CCCCN|water|298.15,3,True,True,
oi_dft,43,*[c-]1[o+]c(C#N)oc1=O.CN1C=CCC(C(N)=O)=C1|CCCCO|water|298.15,5,True,True,0.9999999999999999
oi_dft,43,*[C-]([N+]#CC#N)C(=O)OC([H])([H])[H].C=C(C)/C=C/C=C(C)C|CCCCN|water|298.15,14,True,True,0.8505494505494505
oi_dft,43,*C([H])=C(C([H])([H])[H])C([H])([H])[H].COC(=O)[N-][NH+]=Cc1ccccc1|CCCNN|water|298.15,3,True,True,
oi_dft,43,*[N+]([N-]C(=O)OC([H])([H])[H])=C([H])c1c([H])c([H])c([H])c([H])c1[H].CC(C)=CC=O|CCCNN|water|298.15,3,False,True,
oi_dft,43,*C(=O)C#[N+][C-](C(=O)C([H])([H])[H])C([H])([H])[H].C=C(C)/C=C/C=C(C)C|CCCCN|water|298.15,8,True,True,0.9047619047619048
oi_dft,43,*[C-]([N+]#CC(=O)C([H])([H])[H])C(=O)C([H])([H])[H].C=C(C)/C=C/C=C(C)C|CCCCN|water|298.15,8,False,False,0.5476190476190477
oi_dft,43,*C(C(=O)OC([H])([H])[H])=[N+]([H])[C-]([H])C#N.C=C(C)/C=C/C=C(C)C|CCCCN|water|298.15,12,True,True,0.6083916083916086
oi_dft,43,*C(C(=O)N([H])C([H])([H])[H])=[N+]([C-]([H])C#N)C([H])([H])[H].CC(C)=CC=O|CCCCN|water|298.15,4,False,True,-0.19999999999999998
oi_dft,43,*[C-]([H])[N+](=C(C(=O)N([H])C([H])([H])[H])C(=O)C([H])([H])[H])C([H])([H])[H].CC(C)=CC=O|CCCCN|water|298.15,4,True,True,1.0
oi_dft,43,*[C-](C#N)[N+]#CC(=O)OC([H])([H])[H].CN1C=CCC(C(N)=O)=C1|CCCCN|water|298.15,5,False,True,0.7
oi_dft,43,*[C-]([N+]#CC#N)C([H])([H])[H].COC1=C(OC)C(=O)C(C)=C(C)C1=O|CCCCN|water|298.15,4,True,True,1.0
oi_dft,43,*[C-](C#N)[N+]([H])=C(C(=O)N([H])C([H])([H])[H])C([H])([H])[H].CN1C=CCC(C(N)=O)=C1|CCCCN|water|298.15,7,False,True,0.642857142857143
oi_dft,43,*C([H])=C(C([H])([H])[H])C([H])([H])[H].C[CH-][N+](C)=C(C(C)=O)c1ccccc1|CCCCN|water|298.15,4,True,True,0.7999999999999999
oi_dft,43,*C([H])=[N+]([C-](c1c([H])c([H])c([H])c([H])c1[H])C([H])([H])[H])C([H])([H])[H].C=C(C)/C=C/C=C(C)C|CCCCN|water|298.15,15,True,True,0.807142857142857
oi_dft,43,*C([H])=[O+][N-]C(=O)OC([H])([H])[H].CN1C=CCC(C(N)=O)=C1|CCCNO|water|298.15,4,True,True,1.0
oi_dft,43,*[C-](C#N)[N+](=C(C(=O)N([H])C([H])([H])[H])C(=O)N([H])C([H])([H])[H])C([H])([H])[H].CC(C)=CC=O|CCCCN|water|298.15,4,True,True,0.7999999999999999
oi_dft,43,*c1oc(=O)[c-](C(=O)N([H])C([H])([H])[H])[n+]1[H].C=C(C)/C=C/C=C(C)C|CCCCN|water|298.15,11,False,True,0.33636363636363636
oi_dft,43,*C([H])=C(C([H])([H])[H])C([H])([H])[H].CC(=O)C#[N+][C-](C(C)=O)c1ccccc1|CCCCN|water|298.15,3,False,True,
oi_dft,43,*C(=O)C#[N+][C-](C(=O)C([H])([H])[H])c1c([H])c([H])c([H])c([H])c1[H].CC(C)=CC=O|CCCCN|water|298.15,3,False,True,
oi_dft,43,*C(=O)[C-]([N+]#CC#N)C(=O)C([H])([H])[H].C=C(C)/C=C/C=C(C)C|CCCCN|water|298.15,8,False,False,0.4047619047619048
oi_dft,43,*[C-]([N+]#CC#N)C(=O)C([H])([H])[H].C=C(C)/C=C/C=C(C)C|CCCCN|water|298.15,12,False,False,0.0979020979020979
oi_dft,43,*C#[N+][C-](C(=O)OC([H])([H])[H])C(=O)C([H])([H])[H].C=C(C)/C=C/C=C(C)C|CCCCN|water|298.15,10,True,True,0.9272727272727272
oi_dft,43,*C(C(=O)C([H])([H])[H])=[N+]([H])[N-]c1c([H])c([H])c([H])c([H])c1[H].C=C(C)/C=C/C=C(C)C|CCCNN|water|298.15,10,True,True,0.9030303030303028
oi_dft,43,*[C-]([N+]#CC#N)C(=O)N([H])C([H])([H])[H].C=C(C)/C=C/C=C(C)C|CCCCN|water|298.15,8,True,True,0.3333333333333334
oi_dft,43,*C(c1c([H])c([H])c([H])c([H])c1[H])=[N+]([N-][H])C([H])([H])[H].CN1C=CCC(C(N)=O)=C1|CCCNN|water|298.15,5,True,True,0.3
oi_dft,43,*c1oc(=O)[c-](C(=O)N([H])C([H])([H])[H])[o+]1.C=C(C)/C=C/C=C(C)C|CCCCO|water|298.15,12,False,True,0.3916083916083916
oi_dft,43,*[c-]1c(=O)oc(C(=O)C([H])([H])[H])[n+]1C([H])([H])[H].CN1C=CCC(C(N)=O)=C1|CCCCN|water|298.15,10,True,True,0.9636363636363635
oi_dft,43,*[N-][N+]#CC(=O)N([H])C([H])([H])[H].COC1=C(OC)C(=O)C(C)=C(C)C1=O|CCCNN|water|298.15,3,True,True,
oi_dft,43,*C#[N+][C-](C#N)C([H])([H])[H].COC1=C(OC)C(=O)C(C)=C(C)C1=O|CCCCN|water|298.15,6,False,True,0.942857142857143
oi_dft,43,*C(C#N)=[N+]([C-](C(=O)N([H])C([H])([H])[H])C([H])([H])[H])C([H])([H])[H].CC(C)=CC=O|CCCCN|water|298.15,4,True,True,1.0
oi_dft,43,*C(=[O+][N-]C(=O)OC([H])([H])[H])C(=O)N([H])C([H])([H])[H].CN1C=CCC(C(N)=O)=C1|CCCNO|water|298.15,3,True,True,
oi_dft,43,*C#[N+][C-](C(=O)N([H])C([H])([H])[H])c1c([H])c([H])c([H])c([H])c1[H].CC(C)=CC=O|CCCCN|water|298.15,4,False,True,0.39999999999999997
oi_dft,43,*[C-](C(=O)N([H])C([H])([H])[H])[N+](=C(C#N)C#N)C([H])([H])[H].CN1C=CCC(C(N)=O)=C1|CCCCN|water|298.15,8,True,True,0.9523809523809524
oi_dft,43,*[C-](C(=O)OC([H])([H])[H])[N+]([H])=C(C(=O)N([H])C([H])([H])[H])C(=O)N([H])C([H])([H])[H].CC(C)=CC=O|CCCCN|water|298.15,4,True,True,0.7999999999999999
oi_dft,43,*[C-]([N+]#CC#N)C(=O)N([H])C([H])([H])[H].CN1C=CCC(C(N)=O)=C1|CCCCN|water|298.15,4,True,True,1.0
oi_dft,43,*C#[N+][C-](C(=O)OC([H])([H])[H])c1c([H])c([H])c([H])c([H])c1[H].C=C(C)/C=C/C=C(C)C|CCCCN|water|298.15,7,True,True,0.9642857142857145
oi_dft,43,*[c-]1c(=O)oc(-c2c([H])c([H])c([H])c([H])c2[H])[n+]1[H].C=C(C)/C=C/C=C(C)C|CCCCN|water|298.15,18,False,True,0.8183694530443757
oi_dft,43,*C(=O)C#[N+][N-]C#N.COC1=C(OC)C(=O)C(C)=C(C)C1=O|CCCNN|water|298.15,3,True,True,
oi_dft,43,*[C-](C(=O)N([H])C([H])([H])[H])[N+](=C(C#N)c1c([H])c([H])c([H])c([H])c1[H])C([H])([H])[H].CC(C)=CC=O|CCCCN|water|298.15,4,True,True,1.0
oi_dft,43,*C#[N+][C-](C(=O)OC([H])([H])[H])C(=O)OC([H])([H])[H].C=C(C)/C=C/C=C(C)C|CCCCN|water|298.15,6,True,True,0.942857142857143
oi_dft,43,*C([H])=[O+][C-](C#N)c1c([H])c([H])c([H])c([H])c1[H].CN1C=CCC(C(N)=O)=C1|CCCCO|water|298.15,5,True,True,0.6
oi_dft,43,*C(=O)[C-]([N+]#CC#N)c1c([H])c([H])c([H])c([H])c1[H].C=C(C)/C=C/C=C(C)C|CCCCN|water|298.15,9,True,True,0.7666666666666667
oi_dft,43,*C#[N+][C-](C(=O)C([H])([H])[H])c1c([H])c([H])c([H])c([H])c1[H].C=C(C)/C=C/C=C(C)C|CCCCN|water|298.15,9,False,False,0.7166666666666667
oi_dft,43,*c1oc(=O)[c-](C(=O)OC([H])([H])[H])[n+]1C([H])([H])[H].CN1C=CCC(C(N)=O)=C1|CCCCN|water|298.15,11,True,True,0.9636363636363637
oi_dft,43,*c1oc(=O)[c-](-c2c([H])c([H])c([H])c([H])c2[H])[n+]1[H].CN1C=CCC(C(N)=O)=C1|CCCCN|water|298.15,7,True,True,0.8571428571428573
oi_dft,43,*C(=[N+]([H])[C-](C#N)c1c([H])c([H])c([H])c([H])c1[H])C([H])([H])[H].CN1C=CCC(C(N)=O)=C1|CCCCN|water|298.15,8,True,True,0.8333333333333335
oi_dft,43,*[C-](c1c([H])c([H])c([H])c([H])c1[H])[N+]([H])=C(C([H])([H])[H])C([H])([H])[H].CN1C=CCC(C(N)=O)=C1|CCCCN|water|298.15,8,True,True,0.8333333333333335
oi_dft,43,*[C-]([O+]=C([H])C(=O)C([H])([H])[H])c1c([H])c([H])c([H])c([H])c1[H].C=C(C)/C=C/C=C(C)C|CCCCO|water|298.15,10,False,True,0.7818181818181817
oi_dft,43,*[N-][O+]=C(C(=O)OC([H])([H])[H])C(=O)N([H])C([H])([H])[H].CN1C=CCC(C(N)=O)=C1|CCCNO|water|298.15,4,True,True,1.0
oi_dft,43,*[c-]1c(=O)oc(C#N)[n+]1C([H])([H])[H].CN1C=CCC(C(N)=O)=C1|CCCCN|water|298.15,7,True,True,0.9642857142857145
oi_dft,43,*[N-][O+]=C([H])c1c([H])c([H])c([H])c([H])c1[H].CN1C=CCC(C(N)=O)=C1|CCCNO|water|298.15,5,True,True,0.9999999999999999
oi_dft,43,*C(C(=O)OC([H])([H])[H])=[N+]([H])[C-](C#N)C#N.C=C(C)/C=C/C=C(C)C|CCCCN|water|298.15,11,False,True,0.8727272727272729
oi_dft,43,*[C-]([O+]=C([H])c1c([H])c([H])c([H])c([H])c1[H])C(=O)OC([H])([H])[H].C=C(C)/C=C/C=C(C)C|CCCCO|water|298.15,10,False,False,0.7575757575757575
oi_dft,43,*[c-]1[o+]c(C(=O)OC([H])([H])[H])oc1=O.CN1C=CCC(C(N)=O)=C1|CCCCO|water|298.15,6,True,True,0.8857142857142858
oi_dft,43,*C(c1c([H])c([H])c([H])c([H])c1[H])=[N+]([C-](C#N)C#N)C([H])([H])[H].CN1C=CCC(C(N)=O)=C1|CCCCN|water|298.15,10,False,True,0.8909090909090909
oi_dft,43,*C([H])=C(C([H])([H])[H])C([H])([H])[H].CNC(=O)C(=[O+][N-]c1ccccc1)C(=O)OC|CCCNO|water|298.15,4,False,True,0.7999999999999999
oi_dft,43,*C([H])=C(C([H])([H])[H])C([H])([H])[H].COC(=O)[CH-][O+]=C(C(=O)OC)c1ccccc1|CCCCO|water|298.15,4,True,True,0.39999999999999997
oi_dft,43,*C#[N+][C-](C(=O)C([H])([H])[H])C(=O)C([H])([H])[H].CN1C=CCC(C(N)=O)=C1|CCCCN|water|298.15,4,True,True,1.0
oi_dft,43,*[C-]([N+]#CC(=O)N([H])C([H])([H])[H])C(=O)OC([H])([H])[H].C=C(C)/C=C/C=C(C)C|CCCCN|water|298.15,10,False,True,0.9151515151515152
oi_dft,43,*C(c1c([H])c([H])c([H])c([H])c1[H])=[N+]([N-]C(=O)C([H])([H])[H])C([H])([H])[H].C=C(C)/C=C/C=C(C)C|CCCNN|water|298.15,7,False,True,0.7857142857142859
oi_dft,43,*[C-]([H])[O+]=C(C(=O)OC([H])([H])[H])c1c([H])c([H])c([H])c([H])c1[H].C=C(C)/C=C/C=C(C)C|CCCCO|water|298.15,10,True,True,0.5878787878787878
oi_dft,43,*[C-]([N+]#Cc1c([H])c([H])c([H])c([H])c1[H])c1c([H])c([H])c([H])c([H])c1[H].CN1C=CCC(C(N)=O)=C1|CCCCN|water|298.15,7,True,True,0.8214285714285715
oi_dft,43,*C#[N+][C-](c1c([H])c([H])c([H])c([H])c1[H])c1c([H])c([H])c([H])c([H])c1[H].CN1C=CCC(C(N)=O)=C1|CCCCN|water|298.15,9,False,True,0.45
oi_dft,43,*C(=[N+]([H])[C-](C(=O)N([H])C([H])([H])[H])C(=O)N([H])C([H])([H])[H])C([H])([H])[H].CN1C=CCC(C(N)=O)=C1|CCCCN|water|298.15,7,False,True,0.7500000000000002
oi_dft,43,*c1oc(=O)[c-](-c2c([H])c([H])c([H])c([H])c2[H])[n+]1C([H])([H])[H].CN1C=CCC(C(N)=O)=C1|CCCCN|water|298.15,8,True,True,0.8571428571428572
oi_dft,43,*[n+]1c(-c2c([H])c([H])c([H])c([H])c2[H])oc(=O)[c-]1C(=O)N([H])C([H])([H])[H].C=C(C)/C=C/C=C(C)C|CCCCN|water|298.15,11,False,True,0.1272727272727273
oi_dft,43,*C(=[O+][C-](C#N)C#N)C(=O)OC([H])([H])[H].CN1C=CCC(C(N)=O)=C1|CCCCO|water|298.15,5,False,True,0.19999999999999998
oi_dft,43,*[C-]([N+]#Cc1c([H])c([H])c([H])c([H])c1[H])C([H])([H])[H].COC1=C(OC)C(=O)C(C)=C(C)C1=O|CCCCN|water|298.15,3,False,True,
oi_dft,43,*C(=[O+][C-](C(=O)N([H])C([H])([H])[H])C(=O)N([H])C([H])([H])[H])c1c([H])c([H])c([H])c([H])c1[H].CC(C)=CC=O|CCCCO|water|298.15,4,True,True,0.7999999999999999
oi_dft,43,*C(=O)C#[N+][C-](C(=O)OC([H])([H])[H])C(=O)OC([H])([H])[H].CN1C=CCC(C(N)=O)=C1|CCCCN|water|298.15,6,True,True,1.0
oi_dft,43,*C(C(=O)OC([H])([H])[H])=[N+]([N-]C([H])([H])[H])C([H])([H])[H].COC1=C(OC)C(=O)C(C)=C(C)C1=O|CCCNN|water|298.15,4,False,True,0.39999999999999997
oi_dft,43,*C(=[O+][C-](C#N)C(=O)OC([H])([H])[H])c1c([H])c([H])c([H])c([H])c1[H].CN1C=CCC(C(N)=O)=C1|CCCCO|water|298.15,7,True,True,0.8214285714285715
oi_dft,43,*C(=O)c1oc(=O)[c-](-c2c([H])c([H])c([H])c([H])c2[H])[o+]1.CN1C=CCC(C(N)=O)=C1|CCCCO|water|298.15,7,True,True,0.8571428571428573
oi_dft,43,*c1oc(=O)[c-](-c2c([H])c([H])c([H])c([H])c2[H])[o+]1.CN1C=CCC(C(N)=O)=C1|CCCCO|water|298.15,11,True,True,0.9454545454545454
oi_dft,43,*[C-](C(=O)C([H])([H])[H])[N+](=C([H])C(=O)OC([H])([H])[H])C([H])([H])[H].CN1C=CCC(C(N)=O)=C1|CCCCN|water|298.15,7,True,True,0.7500000000000002
oi_dft,43,*C(C(=O)OC([H])([H])[H])=[N+]([C-](C(=O)C([H])([H])[H])C([H])([H])[H])C([H])([H])[H].CN1C=CCC(C(N)=O)=C1|CCCCN|water|298.15,5,True,True,0.8999999999999998
oi_dft,43,*[N+](=C(C(=O)N([H])C([H])([H])[H])c1c([H])c([H])c([H])c([H])c1[H])[C-](C(=O)OC([H])([H])[H])C(=O)C([H])([H])[H].CC(C)=CC=O|CCCCN|water|298.15,4,True,True,0.7999999999999999
oi_dft,43,*[C-](C#N)[O+]=C(C(=O)OC([H])([H])[H])c1c([H])c([H])c([H])c([H])c1[H].CN1C=CCC(C(N)=O)=C1|CCCCO|water|298.15,6,False,True,0.2
oi_dft,43,*[N+](=C([H])C(=O)N([H])C([H])([H])[H])[C-](C#N)C(=O)C([H])([H])[H].COC1=C(OC)C(=O)C(C)=C(C)C1=O|CCCCN|water|298.15,4,False,True,0.7999999999999999
oi_dft,43,*C(=O)[C-]([N+](=C(C#N)C([H])([H])[H])C([H])([H])[H])C([H])([H])[H].COC1=C(OC)C(=O)C(C)=C(C)C1=O|CCCCN|water|298.15,4,True,True,1.0
oi_dft,43,*C(=[O+][C-]([H])C(=O)OC([H])([H])[H])C([H])([H])[H].COC1=C(OC)C(=O)C(C)=C(C)C1=O|CCCCO|water|298.15,3,True,True,
oi_dft,43,*c1oc(=O)[c-](-c2c([H])c([H])c([H])c([H])c2[H])[o+]1.COC1=C(OC)C(=O)C(C)=C(C)C1=O|CCCCO|water|298.15,4,True,True,1.0
oi_dft,43,*c1oc(=O)[c-](C(=O)OC([H])([H])[H])[o+]1.COC1=C(OC)C(=O)C(C)=C(C)C1=O|CCCCO|water|298.15,4,True,True,1.0
oi_dft,43,*[c-]1[o+]c(C(=O)N([H])C([H])([H])[H])oc1=O.COC1=C(OC)C(=O)C(C)=C(C)C1=O|CCCCO|water|298.15,6,True,True,1.0
oi_dft,43,*[C-](C(=O)C([H])([H])[H])[N+](=C(C(=O)N([H])C([H])([H])[H])c1c([H])c([H])c([H])c([H])c1[H])C([H])([H])[H].CC(C)=CC=O|CCCCN|water|298.15,4,True,True,0.7999999999999999
oi_dft,43,*[C-](C(=O)OC([H])([H])[H])[N+]([H])=C(C(=O)N([H])C([H])([H])[H])C([H])([H])[H].COC1=C(OC)C(=O)C(C)=C(C)C1=O|CCCCN|water|298.15,4,True,True,1.0
oi_dft,43,*[c-]1c(=O)oc(-c2c([H])c([H])c([H])c([H])c2[H])[n+]1C([H])([H])[H].COC1=C(OC)C(=O)C(C)=C(C)C1=O|CCCCN|water|298.15,4,True,True,0.7999999999999999
oi_dft,43,*[C-](C(=O)OC([H])([H])[H])[N+](=C(C(=O)OC([H])([H])[H])c1c([H])c([H])c([H])c([H])c1[H])C([H])([H])[H].C=C(C)/C=C/C=C(C)C|CCCCN|water|298.15,10,False,True,0.8666666666666665
oi_dft,43,*[c-]1[o+]c(C(=O)OC([H])([H])[H])oc1=O.COC1=C(OC)C(=O)C(C)=C(C)C1=O|CCCCO|water|298.15,4,True,True,1.0
oi_dft,43,*c1oc(=O)[c-](C(=O)N([H])C([H])([H])[H])[o+]1.COC1=C(OC)C(=O)C(C)=C(C)C1=O|CCCCO|water|298.15,4,True,True,0.7999999999999999
oi_dft,43,*C(c1c([H])c([H])c([H])c([H])c1[H])=[N+]([H])[C-](C#N)C(=O)N([H])C([H])([H])[H].COC1=C(OC)C(=O)C(C)=C(C)C1=O|CCCCN|water|298.15,4,True,True,0.7999999999999999
oi_dft,43,*C(=O)C(C(=O)OC([H])([H])[H])=[N+]([H])[C-](C(=O)OC([H])([H])[H])c1c([H])c([H])c([H])c([H])c1[H].C=C(C)/C=C/C=C(C)C|CCCCN|water|298.15,11,False,True,0.7181818181818183
oi_dft,43,*[C-]([O+]=C(C(=O)N([H])C([H])([H])[H])c1c([H])c([H])c([H])c([H])c1[H])C(=O)N([H])C([H])([H])[H].COC1=C(OC)C(=O)C(C)=C(C)C1=O|CCCCO|water|298.15,3,True,True,
oi_dft,43,*[C-](c1c([H])c([H])c([H])c([H])c1[H])[N+](=C(C#N)c1c([H])c([H])c([H])c([H])c1[H])C([H])([H])[H].COC1=C(OC)C(=O)C(C)=C(C)C1=O|CCCCN|water|298.15,4,False,True,0.7999999999999999
oi_dft,43,*C(=[O+][C-](c1c([H])c([H])c([H])c([H])c1[H])C([H])([H])[H])C(=O)C([H])([H])[H].COC1=C(OC)C(=O)C(C)=C(C)C1=O|CCCCO|water|298.15,4,True,True,1.0
oi_dft,43,*[C-](C#N)[N+](=C(C(=O)N([H])C([H])([H])[H])c1c([H])c([H])c([H])c([H])c1[H])C([H])([H])[H].COC1=C(OC)C(=O)C(C)=C(C)C1=O|CCCCN|water|298.15,4,False,True,0.39999999999999997
oi_dft,44,*C#CC(=O)N([H])C([H])([H])[H].CC(=O)c1[nH+][c-](C)c(=O)o1|CCCCN|water|298.15,4,True,True,1.0
oi_dft,44,*C(=O)C#CF.CNC(=O)c1[nH+][c-](C#N)c(=O)o1|CCCCN|water|298.15,3,True,True,
oi_dft,44,*C([H])=C([H])[H].N#Cc1oc(=O)[c-](-c2ccccc2)[o+]1|CCCCO|water|298.15,3,False,True,
oi_dft,44,*C1=C(C([H])([H])[H])C2([H])C([H])([H])C([H])([H])C1([H])C2([H])[H].COC(=O)[N-][N+]#CC(C)=O|CCCNN|water|298.15,3,True,True,
oi_dft,44,*C(=C(C([H])([H])[H])C([H])([H])[H])C([H])([H])[H].COC(=O)[c-]1[nH+]c(C(C)=O)oc1=O|CCCCN|water|298.15,3,True,True,
oi_dft,44,*C#CC(=O)OC([H])([H])[H].CNC(=O)[c-]1c(=O)oc(C#N)[n+]1C|CCCCN|water|298.15,4,False,True,-0.6000000000000001
oi_dft,44,*C(=[O+][N-]C([H])([H])[H])c1c([H])c([H])c([H])c([H])c1[H].CNC(=O)C1=C(C#N)C2CCC1C2|CCCNO|water|298.15,4,False,True,0.39999999999999997
oi_dft,44,*[C-]([O+]=C(C#N)C(=O)OC([H])([H])[H])C([H])([H])[H].CNC(=O)C1=C(F)C2CCC1C2|CCCCO|water|298.15,4,True,True,1.0
oi_dft,44,*c1oc(=O)[c-](-c2c([H])c([H])c([H])c([H])c2[H])[n+]1C([H])([H])[H].CC(=O)C1=C(Cl)C2CCC1C2|CCCCN|water|298.15,4,True,True,1.0
oi_dft,44,*c1oc(=O)[c-](C(=O)OC([H])([H])[H])[o+]1.CC(=O)C1=C(Br)C2CCC1C2|CCCCO|water|298.15,4,True,True,1.0
oi_dft,44,*C([H])=[N+]([C-](C#N)C(=O)C([H])([H])[H])C([H])([H])[H].N#CC1=C(c2ccccc2)C2CCC1C2|CCCCN|water|298.15,4,False,True,0.7999999999999999
oi_dft,44,*C1=C([H])C2([H])C([H])([H])C([H])([H])C1([H])C2([H])[H].COC(=O)[C-](C)[O+]=C(c1ccccc1)c1ccccc1|CCCCO|water|298.15,3,True,True,
oi_dft,44,*C1=C(Br)C2([H])C([H])([H])C([H])([H])C1([H])C2([H])[H].CC(=O)c1[nH+][c-](-c2ccccc2)c(=O)o1|CCCCN|water|298.15,4,False,True,0.39999999999999997
oi_dft,44,*C(c1c([H])c([H])c([H])c([H])c1[H])=[N+]([C-](C(=O)N([H])C([H])([H])[H])C([H])([H])[H])C([H])([H])[H].CC1=C(Br)C2C=CC1O2|CCCCN|water|298.15,7,True,True,0.7500000000000002
oi_dft,44,*C1=C(C(F)(F)F)C2([H])OC1([H])C([H])=C2[H].COC(=O)[C-]([N+]#CC(C)=O)c1ccccc1|CCCCN|water|298.15,5,True,True,0.8999999999999998
oi_dft,44,*C(=O)C1=C(Br)C2([H])OC1([H])C([H])=C2[H].CNC(=O)C(=[NH+][C-](C)C#N)C(=O)OC|CCCCN|water|298.15,8,False,False,0.8333333333333335
oi_dft,44,*C1(C([H])([H])[H])C#CC(c2c([H])c([H])c([H])c([H])c2[H])(c2c([H])c([H])c([H])c([H])c2[H])C([H])([H])C([H])([H])C([H])([H])C1([H])[H].CNC(=O)[C-](C#N)[NH+]=C(C)C#N|CCCCN|water|298.15,4,True,True,1.0
oi_dft,44,*[C-]([O+]=C(C(=O)N([H])C([H])([H])[H])c1c([H])c([H])c([H])c([H])c1[H])C([H])([H])[H].CNC(=O)C1=C(Br)C2CCC1C2|CCCCO|water|298.15,3,True,True,
oi_dft,44,*C1([H])C#CC(C(=O)OC([H])([H])[H])(C(=O)OC([H])([H])[H])C([H])([H])C([H])([H])C([H])([H])C1([H])[H].CC(=O)[c-]1c(=O)oc(-c2ccccc2)[n+]1C|CCCCN|water|298.15,4,True,True,1.0
oi_dft,44,*C1(c2c([H])c([H])c([H])c([H])c2[H])C#CC(c2c([H])c([H])c([H])c([H])c2[H])(c2c([H])c([H])c([H])c([H])c2[H])C([H])([H])C([H])([H])C([H])([H])C1([H])[H].C[C-]([N+]#N)c1ccccc1|CCCNN|water|298.15,3,False,True,
oi_dft,44,*C#[N+][C-]([H])c1c([H])c([H])c([H])c([H])c1[H].C=C|CCCCN|water|298.15,3,True,True,
oi_dft,44,*[C-]([H])[N+](=C(C#N)C([H])([H])[H])C([H])([H])[H].C/C=C\C|CCCCN|water|298.15,3,True,True,
oi_dft,44,*C([H])=C(C([H])([H])[H])C([H])([H])[H].C[c-]1[o+]noc1=O|CCCNO|water|298.15,4,True,True,0.7999999999999999
oi_dft,44,*[c-]1[o+]noc1=O.CC(C)=CC=O|CCCNO|water|298.15,4,False,True,0.6000000000000001
oi_dft,44,*[C-]([N+]#CC(=O)OC([H])([H])[H])C([H])([H])[H].CC(C)=CC=O|CCCCN|water|298.15,6,True,True,0.942857142857143
oi_dft,44,*[C-]([H])[N+]#CC(=O)C([H])([H])[H].CC(C)=CC=O|CCCCN|water|298.15,4,True,True,1.0
oi_dft,44,*[C-]([N+]#CC(=O)C([H])([H])[H])C(=O)C([H])([H])[H].CC(C)=CC=O|CCCCN|water|298.15,3,True,True,
oi_dft,44,*C#[N+][C-](c1c([H])c([H])c([H])c([H])c1[H])C([H])([H])[H].C/C=C\C|CCCCN|water|298.15,4,True,True,0.39999999999999997
oi_dft,44,*C#[N+][C-](C([H])([H])[H])C([H])([H])[H].C=C(C)/C=C/C=C(C)C|CCCCN|water|298.15,9,True,True,0.6833333333333333
oi_dft,44,*C(C(=O)C([H])([H])[H])=[N+]([C-]([H])C([H])([H])[H])C([H])([H])[H].CC(C)=CC=O|CCCCN|water|298.15,4,True,True,0.39999999999999997
oi_dft,44,*C#[N+][C-](C#N)C(=O)C([H])([H])[H].CC(C)=C(C)C|CCCCN|water|298.15,3,True,True,
oi_dft,44,*C(C#N)=[N+]([H])[N-]C(=O)C([H])([H])[H].CC(C)=CC=O|CCCNN|water|298.15,4,True,True,0.7999999999999999
oi_dft,44,*C(C(=O)OC([H])([H])[H])=[N+]([H])[N-]C#N.CC(C)=CC=O|CCCNN|water|298.15,4,True,True,0.7999999999999999
oi_dft,44,*C(=O)[c-]1c(=O)oc(C([H])([H])[H])[n+]1[H].CC(C)=CC=O|CCCCN|water|298.15,3,True,True,
oi_dft,44,*[c-]1[o+]noc1=O.C=C(C)/C=C/C=C(C)C|CCCNO|water|298.15,8,False,True,0.7142857142857144
oi_dft,44,*[N-][N+]#CC([H])([H])[H].C=C(C)/C=C/C=C(C)C|CCCNN|water|298.15,7,False,True,0.7500000000000002
oi_dft,44,*[C-]([N+]#CC(=O)C([H])([H])[H])c1c([H])c([H])c([H])c([H])c1[H].C/C=C\C|CCCCN|water|298.15,3,True,True,
oi_dft,44,*C([H])=C(C([H])([H])[H])C([H])([H])[H].CNC(=O)[c-]1[nH+]c(C)oc1=O|CCCCN|water|298.15,4,False,True,-0.39999999999999997
oi_dft,44,*c1oc(=O)[c-](C(=O)N([H])C([H])([H])[H])[n+]1[H].CC(C)=CC=O|CCCCN|water|298.15,4,False,True,0.39999999999999997
oi_dft,44,*[C-]([N+]#CC(=O)C([H])([H])[H])c1c([H])c([H])c([H])c([H])c1[H].CC(C)=CC=O|CCCCN|water|298.15,5,False,True,0.7
oi_dft,44,*c1oc(=O)[c-](C([H])([H])[H])[n+]1[H].C=C(C)/C=C/C=C(C)C|CCCCN|water|298.15,18,False,True,0.7853457172342622
oi_dft,44,*[C-]([N+]#N)C(=O)OC([H])([H])[H].C=C(C)/C=C/C=C(C)C|CCCNN|water|298.15,9,False,True,0.9500000000000001
oi_dft,44,*c1oc(=O)[c-](C([H])([H])[H])[n+]1[H].CN1C=CCC(C(N)=O)=C1|CCCCN|water|298.15,6,False,True,0.6
oi_dft,44,*[c-]1c(=O)oc(C([H])([H])[H])[n+]1[H].CN1C=CCC(C(N)=O)=C1|CCCCN|water|298.15,12,False,True,0.9090909090909092
oi_dft,44,*[C-]([N+]#CC(=O)OC([H])([H])[H])C([H])([H])[H].C=C(C)/C=C/C=C(C)C|CCCCN|water|298.15,15,True,True,0.7928571428571427
oi_dft,44,*C#[N+][N-]c1c([H])c([H])c([H])c([H])c1[H].C=C(C)/C=C/C=C(C)C|CCCNN|water|298.15,3,False,True,
oi_dft,44,*[C-](C(=O)N([H])C([H])([H])[H])[N+]([H])=C(C(=O)N([H])C([H])([H])[H])C([H])([H])[H].CC(C)=CC=O|CCCCN|water|298.15,4,False,True,0.7999999999999999
oi_dft,44,*C([H])=C(C([H])([H])[H])C([H])([H])[H].C[c-]1[nH+]c(-c2ccccc2)oc1=O|CCCCN|water|298.15,3,True,True,
oi_dft,44,*[c-]1[o+]c(C#N)oc1=O.CN1C=CCC(C(N)=O)=C1|CCCCO|water|298.15,5,True,True,0.9999999999999999
oi_dft,44,*[C-]([N+]#CC#N)C(=O)OC([H])([H])[H].C=C(C)/C=C/C=C(C)C|CCCCN|water|298.15,14,False,True,0.9164835164835166
oi_dft,44,*C([H])=C(C([H])([H])[H])C([H])([H])[H].COC(=O)[N-][NH+]=Cc1ccccc1|CCCNN|water|298.15,3,True,True,
oi_dft,44,*[N+]([N-]C(=O)OC([H])([H])[H])=C([H])c1c([H])c([H])c([H])c([H])c1[H].CC(C)=CC=O|CCCNN|water|298.15,3,False,True,
oi_dft,44,*C(=O)C#[N+][C-](C(=O)C([H])([H])[H])C([H])([H])[H].C=C(C)/C=C/C=C(C)C|CCCCN|water|298.15,8,True,True,0.8571428571428572
oi_dft,44,*[C-]([N+]#CC(=O)C([H])([H])[H])C(=O)C([H])([H])[H].C=C(C)/C=C/C=C(C)C|CCCCN|water|298.15,8,False,True,0.6190476190476191
oi_dft,44,*C(C(=O)OC([H])([H])[H])=[N+]([H])[C-]([H])C#N.C=C(C)/C=C/C=C(C)C|CCCCN|water|298.15,12,True,True,0.7762237762237763
oi_dft,44,*C(C(=O)N([H])C([H])([H])[H])=[N+]([C-]([H])C#N)C([H])([H])[H].CC(C)=CC=O|CCCCN|water|298.15,4,True,True,0.39999999999999997
oi_dft,44,*[C-]([H])[N+](=C(C(=O)N([H])C([H])([H])[H])C(=O)C([H])([H])[H])C([H])([H])[H].CC(C)=CC=O|CCCCN|water|298.15,4,True,True,1.0
oi_dft,44,*[C-](C#N)[N+]#CC(=O)OC([H])([H])[H].CN1C=CCC(C(N)=O)=C1|CCCCN|water|298.15,5,False,True,0.7
oi_dft,44,*[C-]([N+]#CC#N)C([H])([H])[H].COC1=C(OC)C(=O)C(C)=C(C)C1=O|CCCCN|water|298.15,4,True,True,1.0
oi_dft,44,*[C-](C#N)[N+]([H])=C(C(=O)N([H])C([H])([H])[H])C([H])([H])[H].CN1C=CCC(C(N)=O)=C1|CCCCN|water|298.15,7,True,True,0.7142857142857144
oi_dft,44,*C([H])=C(C([H])([H])[H])C([H])([H])[H].C[CH-][N+](C)=C(C(C)=O)c1ccccc1|CCCCN|water|298.15,4,True,True,0.7999999999999999
oi_dft,44,*C([H])=[N+]([C-](c1c([H])c([H])c([H])c([H])c1[H])C([H])([H])[H])C([H])([H])[H].C=C(C)/C=C/C=C(C)C|CCCCN|water|298.15,15,False,True,0.6928571428571427
oi_dft,44,*C([H])=[O+][N-]C(=O)OC([H])([H])[H].CN1C=CCC(C(N)=O)=C1|CCCNO|water|298.15,4,True,True,0.7999999999999999
oi_dft,44,*[C-](C#N)[N+](=C(C(=O)N([H])C([H])([H])[H])C(=O)N([H])C([H])([H])[H])C([H])([H])[H].CC(C)=CC=O|CCCCN|water|298.15,4,False,True,0.6000000000000001
oi_dft,44,*c1oc(=O)[c-](C(=O)N([H])C([H])([H])[H])[n+]1[H].C=C(C)/C=C/C=C(C)C|CCCCN|water|298.15,11,False,True,0.22727272727272727
oi_dft,44,*C([H])=C(C([H])([H])[H])C([H])([H])[H].CC(=O)C#[N+][C-](C(C)=O)c1ccccc1|CCCCN|water|298.15,3,False,True,
oi_dft,44,*C(=O)C#[N+][C-](C(=O)C([H])([H])[H])c1c([H])c([H])c([H])c([H])c1[H].CC(C)=CC=O|CCCCN|water|298.15,3,False,True,
oi_dft,44,*C(=O)[C-]([N+]#CC#N)C(=O)C([H])([H])[H].C=C(C)/C=C/C=C(C)C|CCCCN|water|298.15,8,False,False,0.4523809523809524
oi_dft,44,*[C-]([N+]#CC#N)C(=O)C([H])([H])[H].C=C(C)/C=C/C=C(C)C|CCCCN|water|298.15,12,False,False,0.3706293706293707
oi_dft,44,*C#[N+][C-](C(=O)OC([H])([H])[H])C(=O)C([H])([H])[H].C=C(C)/C=C/C=C(C)C|CCCCN|water|298.15,10,True,True,0.9030303030303028
oi_dft,44,*C(C(=O)C([H])([H])[H])=[N+]([H])[N-]c1c([H])c([H])c([H])c([H])c1[H].C=C(C)/C=C/C=C(C)C|CCCNN|water|298.15,10,True,True,0.7575757575757575
oi_dft,44,*[C-]([N+]#CC#N)C(=O)N([H])C([H])([H])[H].C=C(C)/C=C/C=C(C)C|CCCCN|water|298.15,8,True,True,0.5476190476190477
oi_dft,44,*C(c1c([H])c([H])c([H])c([H])c1[H])=[N+]([N-][H])C([H])([H])[H].CN1C=CCC(C(N)=O)=C1|CCCNN|water|298.15,5,True,True,0.49999999999999994
oi_dft,44,*c1oc(=O)[c-](C(=O)N([H])C([H])([H])[H])[o+]1.C=C(C)/C=C/C=C(C)C|CCCCO|water|298.15,12,True,True,0.4755244755244756
oi_dft,44,*[c-]1c(=O)oc(C(=O)C([H])([H])[H])[n+]1C([H])([H])[H].CN1C=CCC(C(N)=O)=C1|CCCCN|water|298.15,10,True,True,0.8666666666666665
oi_dft,44,*[N-][N+]#CC(=O)N([H])C([H])([H])[H].COC1=C(OC)C(=O)C(C)=C(C)C1=O|CCCNN|water|298.15,3,True,True,
oi_dft,44,*C#[N+][C-](C#N)C([H])([H])[H].COC1=C(OC)C(=O)C(C)=C(C)C1=O|CCCCN|water|298.15,6,False,True,0.8857142857142858
oi_dft,44,*C(C#N)=[N+]([C-](C(=O)N([H])C([H])([H])[H])C([H])([H])[H])C([H])([H])[H].CC(C)=CC=O|CCCCN|water|298.15,4,False,True,0.7999999999999999
oi_dft,44,*C(=[O+][N-]C(=O)OC([H])([H])[H])C(=O)N([H])C([H])([H])[H].CN1C=CCC(C(N)=O)=C1|CCCNO|water|298.15,3,True,True,
oi_dft,44,*C#[N+][C-](C(=O)N([H])C([H])([H])[H])c1c([H])c([H])c([H])c([H])c1[H].CC(C)=CC=O|CCCCN|water|298.15,4,False,True,0.39999999999999997
oi_dft,44,*[C-](C(=O)N([H])C([H])([H])[H])[N+](=C(C#N)C#N)C([H])([H])[H].CN1C=CCC(C(N)=O)=C1|CCCCN|water|298.15,8,True,True,0.7857142857142858
oi_dft,44,*[C-](C(=O)OC([H])([H])[H])[N+]([H])=C(C(=O)N([H])C([H])([H])[H])C(=O)N([H])C([H])([H])[H].CC(C)=CC=O|CCCCN|water|298.15,4,False,True,0.7999999999999999
oi_dft,44,*[C-]([N+]#CC#N)C(=O)N([H])C([H])([H])[H].CN1C=CCC(C(N)=O)=C1|CCCCN|water|298.15,4,True,True,1.0
oi_dft,44,*C#[N+][C-](C(=O)OC([H])([H])[H])c1c([H])c([H])c([H])c([H])c1[H].C=C(C)/C=C/C=C(C)C|CCCCN|water|298.15,7,True,True,0.9642857142857145
oi_dft,44,*[c-]1c(=O)oc(-c2c([H])c([H])c([H])c([H])c2[H])[n+]1[H].C=C(C)/C=C/C=C(C)C|CCCCN|water|298.15,18,False,False,0.8080495356037152
oi_dft,44,*C(=O)C#[N+][N-]C#N.COC1=C(OC)C(=O)C(C)=C(C)C1=O|CCCNN|water|298.15,3,True,True,
oi_dft,44,*[C-](C(=O)N([H])C([H])([H])[H])[N+](=C(C#N)c1c([H])c([H])c([H])c([H])c1[H])C([H])([H])[H].CC(C)=CC=O|CCCCN|water|298.15,4,True,True,1.0
oi_dft,44,*C#[N+][C-](C(=O)OC([H])([H])[H])C(=O)OC([H])([H])[H].C=C(C)/C=C/C=C(C)C|CCCCN|water|298.15,6,True,True,0.942857142857143
oi_dft,44,*C([H])=[O+][C-](C#N)c1c([H])c([H])c([H])c([H])c1[H].CN1C=CCC(C(N)=O)=C1|CCCCO|water|298.15,5,True,True,0.7
oi_dft,44,*C(=O)[C-]([N+]#CC#N)c1c([H])c([H])c([H])c([H])c1[H].C=C(C)/C=C/C=C(C)C|CCCCN|water|298.15,9,True,True,0.8833333333333333
oi_dft,44,*C#[N+][C-](C(=O)C([H])([H])[H])c1c([H])c([H])c([H])c([H])c1[H].C=C(C)/C=C/C=C(C)C|CCCCN|water|298.15,9,True,True,0.8666666666666667
oi_dft,44,*c1oc(=O)[c-](C(=O)OC([H])([H])[H])[n+]1C([H])([H])[H].CN1C=CCC(C(N)=O)=C1|CCCCN|water|298.15,11,True,True,0.9272727272727275
oi_dft,44,*c1oc(=O)[c-](-c2c([H])c([H])c([H])c([H])c2[H])[n+]1[H].CN1C=CCC(C(N)=O)=C1|CCCCN|water|298.15,7,True,True,0.8928571428571429
oi_dft,44,*C(=[N+]([H])[C-](C#N)c1c([H])c([H])c([H])c([H])c1[H])C([H])([H])[H].CN1C=CCC(C(N)=O)=C1|CCCCN|water|298.15,8,False,True,0.9285714285714287
oi_dft,44,*[C-](c1c([H])c([H])c([H])c([H])c1[H])[N+]([H])=C(C([H])([H])[H])C([H])([H])[H].CN1C=CCC(C(N)=O)=C1|CCCCN|water|298.15,8,False,True,0.9047619047619048
oi_dft,44,*[C-]([O+]=C([H])C(=O)C([H])([H])[H])c1c([H])c([H])c([H])c([H])c1[H].C=C(C)/C=C/C=C(C)C|CCCCO|water|298.15,10,True,True,0.8181818181818182
oi_dft,44,*[N-][O+]=C(C(=O)OC([H])([H])[H])C(=O)N([H])C([H])([H])[H].CN1C=CCC(C(N)=O)=C1|CCCNO|water|298.15,4,True,True,1.0
oi_dft,44,*[c-]1c(=O)oc(C#N)[n+]1C([H])([H])[H].CN1C=CCC(C(N)=O)=C1|CCCCN|water|298.15,7,False,True,0.8928571428571429
oi_dft,44,*[N-][O+]=C([H])c1c([H])c([H])c([H])c([H])c1[H].CN1C=CCC(C(N)=O)=C1|CCCNO|water|298.15,5,True,True,0.8999999999999998
oi_dft,44,*C(C(=O)OC([H])([H])[H])=[N+]([H])[C-](C#N)C#N.C=C(C)/C=C/C=C(C)C|CCCCN|water|298.15,11,False,False,0.7545454545454545
oi_dft,44,*[C-]([O+]=C([H])c1c([H])c([H])c([H])c([H])c1[H])C(=O)OC([H])([H])[H].C=C(C)/C=C/C=C(C)C|CCCCO|water|298.15,10,False,False,0.7333333333333332
oi_dft,44,*[c-]1[o+]c(C(=O)OC([H])([H])[H])oc1=O.CN1C=CCC(C(N)=O)=C1|CCCCO|water|298.15,6,True,True,0.8857142857142858
oi_dft,44,*C(c1c([H])c([H])c([H])c([H])c1[H])=[N+]([C-](C#N)C#N)C([H])([H])[H].CN1C=CCC(C(N)=O)=C1|CCCCN|water|298.15,10,False,True,0.9151515151515152
oi_dft,44,*C([H])=C(C([H])([H])[H])C([H])([H])[H].CNC(=O)C(=[O+][N-]c1ccccc1)C(=O)OC|CCCNO|water|298.15,4,True,True,1.0
oi_dft,44,*C([H])=C(C([H])([H])[H])C([H])([H])[H].COC(=O)[CH-][O+]=C(C(=O)OC)c1ccccc1|CCCCO|water|298.15,4,True,True,0.7999999999999999
oi_dft,44,*C#[N+][C-](C(=O)C([H])([H])[H])C(=O)C([H])([H])[H].CN1C=CCC(C(N)=O)=C1|CCCCN|water|298.15,4,True,True,1.0
oi_dft,44,*[C-]([N+]#CC(=O)N([H])C([H])([H])[H])C(=O)OC([H])([H])[H].C=C(C)/C=C/C=C(C)C|CCCCN|water|298.15,10,True,True,0.9393939393939393
oi_dft,44,*C(c1c([H])c([H])c([H])c([H])c1[H])=[N+]([N-]C(=O)C([H])([H])[H])C([H])([H])[H].C=C(C)/C=C/C=C(C)C|CCCNN|water|298.15,7,True,True,0.9285714285714288
oi_dft,44,*[C-]([H])[O+]=C(C(=O)OC([H])([H])[H])c1c([H])c([H])c([H])c([H])c1[H].C=C(C)/C=C/C=C(C)C|CCCCO|water|298.15,10,True,True,0.9393939393939393
oi_dft,44,*[C-]([N+]#Cc1c([H])c([H])c([H])c([H])c1[H])c1c([H])c([H])c([H])c([H])c1[H].CN1C=CCC(C(N)=O)=C1|CCCCN|water|298.15,7,True,True,0.7500000000000002
oi_dft,44,*C#[N+][C-](c1c([H])c([H])c([H])c([H])c1[H])c1c([H])c([H])c([H])c([H])c1[H].CN1C=CCC(C(N)=O)=C1|CCCCN|water|298.15,9,False,True,0.5166666666666667
oi_dft,44,*C(=[N+]([H])[C-](C(=O)N([H])C([H])([H])[H])C(=O)N([H])C([H])([H])[H])C([H])([H])[H].CN1C=CCC(C(N)=O)=C1|CCCCN|water|298.15,7,True,True,1.0
oi_dft,44,*c1oc(=O)[c-](-c2c([H])c([H])c([H])c([H])c2[H])[n+]1C([H])([H])[H].CN1C=CCC(C(N)=O)=C1|CCCCN|water|298.15,8,True,True,0.9047619047619048
oi_dft,44,*[n+]1c(-c2c([H])c([H])c([H])c([H])c2[H])oc(=O)[c-]1C(=O)N([H])C([H])([H])[H].C=C(C)/C=C/C=C(C)C|CCCCN|water|298.15,11,True,True,0.3454545454545455
oi_dft,44,*C(=[O+][C-](C#N)C#N)C(=O)OC([H])([H])[H].CN1C=CCC(C(N)=O)=C1|CCCCO|water|298.15,5,False,True,0.3
oi_dft,44,*[C-]([N+]#Cc1c([H])c([H])c([H])c([H])c1[H])C([H])([H])[H].COC1=C(OC)C(=O)C(C)=C(C)C1=O|CCCCN|water|298.15,3,False,True,
oi_dft,44,*C(=[O+][C-](C(=O)N([H])C([H])([H])[H])C(=O)N([H])C([H])([H])[H])c1c([H])c([H])c([H])c([H])c1[H].CC(C)=CC=O|CCCCO|water|298.15,4,True,True,0.39999999999999997
oi_dft,44,*C(=O)C#[N+][C-](C(=O)OC([H])([H])[H])C(=O)OC([H])([H])[H].CN1C=CCC(C(N)=O)=C1|CCCCN|water|298.15,6,True,True,1.0
oi_dft,44,*C(C(=O)OC([H])([H])[H])=[N+]([N-]C([H])([H])[H])C([H])([H])[H].COC1=C(OC)C(=O)C(C)=C(C)C1=O|CCCNN|water|298.15,4,False,True,0.7999999999999999
oi_dft,44,*C(=[O+][C-](C#N)C(=O)OC([H])([H])[H])c1c([H])c([H])c([H])c([H])c1[H].CN1C=CCC(C(N)=O)=C1|CCCCO|water|298.15,7,True,True,0.8571428571428573
oi_dft,44,*C(=O)c1oc(=O)[c-](-c2c([H])c([H])c([H])c([H])c2[H])[o+]1.CN1C=CCC(C(N)=O)=C1|CCCCO|water|298.15,7,True,True,0.8214285714285715
oi_dft,44,*c1oc(=O)[c-](-c2c([H])c([H])c([H])c([H])c2[H])[o+]1.CN1C=CCC(C(N)=O)=C1|CCCCO|water|298.15,11,True,True,0.8909090909090911
oi_dft,44,*[C-](C(=O)C([H])([H])[H])[N+](=C([H])C(=O)OC([H])([H])[H])C([H])([H])[H].CN1C=CCC(C(N)=O)=C1|CCCCN|water|298.15,7,True,True,0.8928571428571429
oi_dft,44,*C(C(=O)OC([H])([H])[H])=[N+]([C-](C(=O)C([H])([H])[H])C([H])([H])[H])C([H])([H])[H].CN1C=CCC(C(N)=O)=C1|CCCCN|water|298.15,5,False,True,0.7999999999999999
oi_dft,44,*[N+](=C(C(=O)N([H])C([H])([H])[H])c1c([H])c([H])c([H])c([H])c1[H])[C-](C(=O)OC([H])([H])[H])C(=O)C([H])([H])[H].CC(C)=CC=O|CCCCN|water|298.15,4,True,True,1.0
oi_dft,44,*[C-](C#N)[O+]=C(C(=O)OC([H])([H])[H])c1c([H])c([H])c([H])c([H])c1[H].CN1C=CCC(C(N)=O)=C1|CCCCO|water|298.15,6,True,True,0.7142857142857143
oi_dft,44,*[N+](=C([H])C(=O)N([H])C([H])([H])[H])[C-](C#N)C(=O)C([H])([H])[H].COC1=C(OC)C(=O)C(C)=C(C)C1=O|CCCCN|water|298.15,4,False,True,0.7999999999999999
oi_dft,44,*C(=O)[C-]([N+](=C(C#N)C([H])([H])[H])C([H])([H])[H])C([H])([H])[H].COC1=C(OC)C(=O)C(C)=C(C)C1=O|CCCCN|water|298.15,4,True,True,1.0
oi_dft,44,*C(=[O+][C-]([H])C(=O)OC([H])([H])[H])C([H])([H])[H].COC1=C(OC)C(=O)C(C)=C(C)C1=O|CCCCO|water|298.15,3,True,True,
oi_dft,44,*c1oc(=O)[c-](-c2c([H])c([H])c([H])c([H])c2[H])[o+]1.COC1=C(OC)C(=O)C(C)=C(C)C1=O|CCCCO|water|298.15,4,True,True,1.0
oi_dft,44,*c1oc(=O)[c-](C(=O)OC([H])([H])[H])[o+]1.COC1=C(OC)C(=O)C(C)=C(C)C1=O|CCCCO|water|298.15,4,False,True,0.7999999999999999
oi_dft,44,*[c-]1[o+]c(C(=O)N([H])C([H])([H])[H])oc1=O.COC1=C(OC)C(=O)C(C)=C(C)C1=O|CCCCO|water|298.15,6,True,True,1.0
oi_dft,44,*[C-](C(=O)C([H])([H])[H])[N+](=C(C(=O)N([H])C([H])([H])[H])c1c([H])c([H])c([H])c([H])c1[H])C([H])([H])[H].CC(C)=CC=O|CCCCN|water|298.15,4,True,True,1.0
oi_dft,44,*[C-](C(=O)OC([H])([H])[H])[N+]([H])=C(C(=O)N([H])C([H])([H])[H])C([H])([H])[H].COC1=C(OC)C(=O)C(C)=C(C)C1=O|CCCCN|water|298.15,4,True,True,1.0
oi_dft,44,*[c-]1c(=O)oc(-c2c([H])c([H])c([H])c([H])c2[H])[n+]1C([H])([H])[H].COC1=C(OC)C(=O)C(C)=C(C)C1=O|CCCCN|water|298.15,4,True,True,0.7999999999999999
oi_dft,44,*[C-](C(=O)OC([H])([H])[H])[N+](=C(C(=O)OC([H])([H])[H])c1c([H])c([H])c([H])c([H])c1[H])C([H])([H])[H].C=C(C)/C=C/C=C(C)C|CCCCN|water|298.15,10,False,True,0.9151515151515152
oi_dft,44,*[c-]1[o+]c(C(=O)OC([H])([H])[H])oc1=O.COC1=C(OC)C(=O)C(C)=C(C)C1=O|CCCCO|water|298.15,4,True,True,1.0
oi_dft,44,*c1oc(=O)[c-](C(=O)N([H])C([H])([H])[H])[o+]1.COC1=C(OC)C(=O)C(C)=C(C)C1=O|CCCCO|water|298.15,4,True,True,1.0
oi_dft,44,*C(c1c([H])c([H])c([H])c([H])c1[H])=[N+]([H])[C-](C#N)C(=O)N([H])C([H])([H])[H].COC1=C(OC)C(=O)C(C)=C(C)C1=O|CCCCN|water|298.15,4,True,True,0.7999999999999999
oi_dft,44,*C(=O)C(C(=O)OC([H])([H])[H])=[N+]([H])[C-](C(=O)OC([H])([H])[H])c1c([H])c([H])c([H])c([H])c1[H].C=C(C)/C=C/C=C(C)C|CCCCN|water|298.15,11,False,False,0.5545454545454546
oi_dft,44,*[C-]([O+]=C(C(=O)N([H])C([H])([H])[H])c1c([H])c([H])c([H])c([H])c1[H])C(=O)N([H])C([H])([H])[H].COC1=C(OC)C(=O)C(C)=C(C)C1=O|CCCCO|water|298.15,3,True,True,
oi_dft,44,*[C-](c1c([H])c([H])c([H])c([H])c1[H])[N+](=C(C#N)c1c([H])c([H])c([H])c([H])c1[H])C([H])([H])[H].COC1=C(OC)C(=O)C(C)=C(C)C1=O|CCCCN|water|298.15,4,False,True,0.39999999999999997
oi_dft,44,*C(=[O+][C-](c1c([H])c([H])c([H])c([H])c1[H])C([H])([H])[H])C(=O)C([H])([H])[H].COC1=C(OC)C(=O)C(C)=C(C)C1=O|CCCCO|water|298.15,4,True,True,1.0
oi_dft,44,*[C-](C#N)[N+](=C(C(=O)N([H])C([H])([H])[H])c1c([H])c([H])c([H])c([H])c1[H])C([H])([H])[H].COC1=C(OC)C(=O)C(C)=C(C)C1=O|CCCCN|water|298.15,4,False,False,-0.19999999999999998
oi_dft,45,*C#CC(=O)N([H])C([H])([H])[H].CC(=O)c1[nH+][c-](C)c(=O)o1|CCCCN|water|298.15,4,True,True,1.0
oi_dft,45,*C(=O)C#CF.CNC(=O)c1[nH+][c-](C#N)c(=O)o1|CCCCN|water|298.15,3,True,True,
oi_dft,45,*C([H])=C([H])[H].N#Cc1oc(=O)[c-](-c2ccccc2)[o+]1|CCCCO|water|298.15,3,False,True,
oi_dft,45,*C1=C(C([H])([H])[H])C2([H])C([H])([H])C([H])([H])C1([H])C2([H])[H].COC(=O)[N-][N+]#CC(C)=O|CCCNN|water|298.15,3,True,True,
oi_dft,45,*C(=C(C([H])([H])[H])C([H])([H])[H])C([H])([H])[H].COC(=O)[c-]1[nH+]c(C(C)=O)oc1=O|CCCCN|water|298.15,3,True,True,
oi_dft,45,*C#CC(=O)OC([H])([H])[H].CNC(=O)[c-]1c(=O)oc(C#N)[n+]1C|CCCCN|water|298.15,4,False,False,-1.0
oi_dft,45,*C(=[O+][N-]C([H])([H])[H])c1c([H])c([H])c([H])c([H])c1[H].CNC(=O)C1=C(C#N)C2CCC1C2|CCCNO|water|298.15,4,True,True,1.0
oi_dft,45,*[C-]([O+]=C(C#N)C(=O)OC([H])([H])[H])C([H])([H])[H].CNC(=O)C1=C(F)C2CCC1C2|CCCCO|water|298.15,4,True,True,0.7999999999999999
oi_dft,45,*c1oc(=O)[c-](-c2c([H])c([H])c([H])c([H])c2[H])[n+]1C([H])([H])[H].CC(=O)C1=C(Cl)C2CCC1C2|CCCCN|water|298.15,4,True,True,1.0
oi_dft,45,*c1oc(=O)[c-](C(=O)OC([H])([H])[H])[o+]1.CC(=O)C1=C(Br)C2CCC1C2|CCCCO|water|298.15,4,True,True,1.0
oi_dft,45,*C([H])=[N+]([C-](C#N)C(=O)C([H])([H])[H])C([H])([H])[H].N#CC1=C(c2ccccc2)C2CCC1C2|CCCCN|water|298.15,4,False,True,0.6000000000000001
oi_dft,45,*C1=C([H])C2([H])C([H])([H])C([H])([H])C1([H])C2([H])[H].COC(=O)[C-](C)[O+]=C(c1ccccc1)c1ccccc1|CCCCO|water|298.15,3,True,True,
oi_dft,45,*C1=C(Br)C2([H])C([H])([H])C([H])([H])C1([H])C2([H])[H].CC(=O)c1[nH+][c-](-c2ccccc2)c(=O)o1|CCCCN|water|298.15,4,False,True,0.39999999999999997
oi_dft,45,*C(c1c([H])c([H])c([H])c([H])c1[H])=[N+]([C-](C(=O)N([H])C([H])([H])[H])C([H])([H])[H])C([H])([H])[H].CC1=C(Br)C2C=CC1O2|CCCCN|water|298.15,7,False,True,0.5714285714285715
oi_dft,45,*C1=C(C(F)(F)F)C2([H])OC1([H])C([H])=C2[H].COC(=O)[C-]([N+]#CC(C)=O)c1ccccc1|CCCCN|water|298.15,5,True,True,0.8999999999999998
oi_dft,45,*C(=O)C1=C(Br)C2([H])OC1([H])C([H])=C2[H].CNC(=O)C(=[NH+][C-](C)C#N)C(=O)OC|CCCCN|water|298.15,8,False,False,0.7142857142857144
oi_dft,45,*C1(C([H])([H])[H])C#CC(c2c([H])c([H])c([H])c([H])c2[H])(c2c([H])c([H])c([H])c([H])c2[H])C([H])([H])C([H])([H])C([H])([H])C1([H])[H].CNC(=O)[C-](C#N)[NH+]=C(C)C#N|CCCCN|water|298.15,4,True,True,1.0
oi_dft,45,*[C-]([O+]=C(C(=O)N([H])C([H])([H])[H])c1c([H])c([H])c([H])c([H])c1[H])C([H])([H])[H].CNC(=O)C1=C(Br)C2CCC1C2|CCCCO|water|298.15,3,True,True,
oi_dft,45,*C1([H])C#CC(C(=O)OC([H])([H])[H])(C(=O)OC([H])([H])[H])C([H])([H])C([H])([H])C([H])([H])C1([H])[H].CC(=O)[c-]1c(=O)oc(-c2ccccc2)[n+]1C|CCCCN|water|298.15,4,False,True,0.7999999999999999
oi_dft,45,*C1(c2c([H])c([H])c([H])c([H])c2[H])C#CC(c2c([H])c([H])c([H])c([H])c2[H])(c2c([H])c([H])c([H])c([H])c2[H])C([H])([H])C([H])([H])C([H])([H])C1([H])[H].C[C-]([N+]#N)c1ccccc1|CCCNN|water|298.15,3,False,True,
oi_dft,45,*C#[N+][C-]([H])c1c([H])c([H])c([H])c([H])c1[H].C=C|CCCCN|water|298.15,3,True,True,
oi_dft,45,*[C-]([H])[N+](=C(C#N)C([H])([H])[H])C([H])([H])[H].C/C=C\C|CCCCN|water|298.15,3,True,True,
oi_dft,45,*C([H])=C(C([H])([H])[H])C([H])([H])[H].C[c-]1[o+]noc1=O|CCCNO|water|298.15,4,True,True,0.7999999999999999
oi_dft,45,*[c-]1[o+]noc1=O.CC(C)=CC=O|CCCNO|water|298.15,4,False,True,0.6000000000000001
oi_dft,45,*[C-]([N+]#CC(=O)OC([H])([H])[H])C([H])([H])[H].CC(C)=CC=O|CCCCN|water|298.15,6,True,True,1.0
oi_dft,45,*[C-]([H])[N+]#CC(=O)C([H])([H])[H].CC(C)=CC=O|CCCCN|water|298.15,4,False,True,0.7999999999999999
oi_dft,45,*[C-]([N+]#CC(=O)C([H])([H])[H])C(=O)C([H])([H])[H].CC(C)=CC=O|CCCCN|water|298.15,3,True,True,
oi_dft,45,*C#[N+][C-](c1c([H])c([H])c([H])c([H])c1[H])C([H])([H])[H].C/C=C\C|CCCCN|water|298.15,4,True,True,1.0
oi_dft,45,*C#[N+][C-](C([H])([H])[H])C([H])([H])[H].C=C(C)/C=C/C=C(C)C|CCCCN|water|298.15,9,True,True,0.8333333333333333
oi_dft,45,*C(C(=O)C([H])([H])[H])=[N+]([C-]([H])C([H])([H])[H])C([H])([H])[H].CC(C)=CC=O|CCCCN|water|298.15,4,True,True,0.19999999999999998
oi_dft,45,*C#[N+][C-](C#N)C(=O)C([H])([H])[H].CC(C)=C(C)C|CCCCN|water|298.15,3,True,True,
oi_dft,45,*C(C#N)=[N+]([H])[N-]C(=O)C([H])([H])[H].CC(C)=CC=O|CCCNN|water|298.15,4,True,True,0.7999999999999999
oi_dft,45,*C(C(=O)OC([H])([H])[H])=[N+]([H])[N-]C#N.CC(C)=CC=O|CCCNN|water|298.15,4,True,True,1.0
oi_dft,45,*C(=O)[c-]1c(=O)oc(C([H])([H])[H])[n+]1[H].CC(C)=CC=O|CCCCN|water|298.15,3,True,True,
oi_dft,45,*[c-]1[o+]noc1=O.C=C(C)/C=C/C=C(C)C|CCCNO|water|298.15,8,False,True,0.7619047619047621
oi_dft,45,*[N-][N+]#CC([H])([H])[H].C=C(C)/C=C/C=C(C)C|CCCNN|water|298.15,7,False,True,0.642857142857143
oi_dft,45,*[C-]([N+]#CC(=O)C([H])([H])[H])c1c([H])c([H])c([H])c([H])c1[H].C/C=C\C|CCCCN|water|298.15,3,True,True,
oi_dft,45,*C([H])=C(C([H])([H])[H])C([H])([H])[H].CNC(=O)[c-]1[nH+]c(C)oc1=O|CCCCN|water|298.15,4,False,True,0.6000000000000001
oi_dft,45,*c1oc(=O)[c-](C(=O)N([H])C([H])([H])[H])[n+]1[H].CC(C)=CC=O|CCCCN|water|298.15,4,True,True,0.7999999999999999
oi_dft,45,*[C-]([N+]#CC(=O)C([H])([H])[H])c1c([H])c([H])c([H])c([H])c1[H].CC(C)=CC=O|CCCCN|water|298.15,5,False,True,0.7
oi_dft,45,*c1oc(=O)[c-](C([H])([H])[H])[n+]1[H].C=C(C)/C=C/C=C(C)C|CCCCN|water|298.15,18,False,True,0.8245614035087718
oi_dft,45,*[C-]([N+]#N)C(=O)OC([H])([H])[H].C=C(C)/C=C/C=C(C)C|CCCNN|water|298.15,9,False,True,0.8333333333333333
oi_dft,45,*c1oc(=O)[c-](C([H])([H])[H])[n+]1[H].CN1C=CCC(C(N)=O)=C1|CCCCN|water|298.15,6,False,True,0.2
oi_dft,45,*[c-]1c(=O)oc(C([H])([H])[H])[n+]1[H].CN1C=CCC(C(N)=O)=C1|CCCCN|water|298.15,12,False,True,0.8741258741258742
oi_dft,45,*[C-]([N+]#CC(=O)OC([H])([H])[H])C([H])([H])[H].C=C(C)/C=C/C=C(C)C|CCCCN|water|298.15,15,True,True,0.7857142857142856
oi_dft,45,*C#[N+][N-]c1c([H])c([H])c([H])c([H])c1[H].C=C(C)/C=C/C=C(C)C|CCCNN|water|298.15,3,False,True,
oi_dft,45,*[C-](C(=O)N([H])C([H])([H])[H])[N+]([H])=C(C(=O)N([H])C([H])([H])[H])C([H])([H])[H].CC(C)=CC=O|CCCCN|water|298.15,4,False,True,0.39999999999999997
oi_dft,45,*C([H])=C(C([H])([H])[H])C([H])([H])[H].C[c-]1[nH+]c(-c2ccccc2)oc1=O|CCCCN|water|298.15,3,False,True,
oi_dft,45,*[c-]1[o+]c(C#N)oc1=O.CN1C=CCC(C(N)=O)=C1|CCCCO|water|298.15,5,True,True,0.9999999999999999
oi_dft,45,*[C-]([N+]#CC#N)C(=O)OC([H])([H])[H].C=C(C)/C=C/C=C(C)C|CCCCN|water|298.15,14,False,True,0.7802197802197802
oi_dft,45,*C([H])=C(C([H])([H])[H])C([H])([H])[H].COC(=O)[N-][NH+]=Cc1ccccc1|CCCNN|water|298.15,3,True,True,
oi_dft,45,*[N+]([N-]C(=O)OC([H])([H])[H])=C([H])c1c([H])c([H])c([H])c([H])c1[H].CC(C)=CC=O|CCCNN|water|298.15,3,True,True,
oi_dft,45,*C(=O)C#[N+][C-](C(=O)C([H])([H])[H])C([H])([H])[H].C=C(C)/C=C/C=C(C)C|CCCCN|water|298.15,8,True,True,0.9047619047619048
oi_dft,45,*[C-]([N+]#CC(=O)C([H])([H])[H])C(=O)C([H])([H])[H].C=C(C)/C=C/C=C(C)C|CCCCN|water|298.15,8,False,True,0.7380952380952381
oi_dft,45,*C(C(=O)OC([H])([H])[H])=[N+]([H])[C-]([H])C#N.C=C(C)/C=C/C=C(C)C|CCCCN|water|298.15,12,True,True,0.6643356643356644
oi_dft,45,*C(C(=O)N([H])C([H])([H])[H])=[N+]([C-]([H])C#N)C([H])([H])[H].CC(C)=CC=O|CCCCN|water|298.15,4,True,True,0.39999999999999997
oi_dft,45,*[C-]([H])[N+](=C(C(=O)N([H])C([H])([H])[H])C(=O)C([H])([H])[H])C([H])([H])[H].CC(C)=CC=O|CCCCN|water|298.15,4,True,True,1.0
oi_dft,45,*[C-](C#N)[N+]#CC(=O)OC([H])([H])[H].CN1C=CCC(C(N)=O)=C1|CCCCN|water|298.15,5,False,True,0.7
oi_dft,45,*[C-]([N+]#CC#N)C([H])([H])[H].COC1=C(OC)C(=O)C(C)=C(C)C1=O|CCCCN|water|298.15,4,True,True,0.7999999999999999
oi_dft,45,*[C-](C#N)[N+]([H])=C(C(=O)N([H])C([H])([H])[H])C([H])([H])[H].CN1C=CCC(C(N)=O)=C1|CCCCN|water|298.15,7,True,True,0.7500000000000002
oi_dft,45,*C([H])=C(C([H])([H])[H])C([H])([H])[H].C[CH-][N+](C)=C(C(C)=O)c1ccccc1|CCCCN|water|298.15,4,True,True,0.7999999999999999
oi_dft,45,*C([H])=[N+]([C-](c1c([H])c([H])c([H])c([H])c1[H])C([H])([H])[H])C([H])([H])[H].C=C(C)/C=C/C=C(C)C|CCCCN|water|298.15,15,False,True,0.7071428571428571
oi_dft,45,*C([H])=[O+][N-]C(=O)OC([H])([H])[H].CN1C=CCC(C(N)=O)=C1|CCCNO|water|298.15,4,True,True,0.7999999999999999
oi_dft,45,*[C-](C#N)[N+](=C(C(=O)N([H])C([H])([H])[H])C(=O)N([H])C([H])([H])[H])C([H])([H])[H].CC(C)=CC=O|CCCCN|water|298.15,4,False,True,0.0
oi_dft,45,*c1oc(=O)[c-](C(=O)N([H])C([H])([H])[H])[n+]1[H].C=C(C)/C=C/C=C(C)C|CCCCN|water|298.15,11,True,True,0.5363636363636364
oi_dft,45,*C([H])=C(C([H])([H])[H])C([H])([H])[H].CC(=O)C#[N+][C-](C(C)=O)c1ccccc1|CCCCN|water|298.15,3,False,True,
oi_dft,45,*C(=O)C#[N+][C-](C(=O)C([H])([H])[H])c1c([H])c([H])c([H])c([H])c1[H].CC(C)=CC=O|CCCCN|water|298.15,3,False,True,
oi_dft,45,*C(=O)[C-]([N+]#CC#N)C(=O)C([H])([H])[H].C=C(C)/C=C/C=C(C)C|CCCCN|water|298.15,8,False,False,0.28571428571428575
oi_dft,45,*[C-]([N+]#CC#N)C(=O)C([H])([H])[H].C=C(C)/C=C/C=C(C)C|CCCCN|water|298.15,12,False,False,0.44055944055944063
oi_dft,45,*C#[N+][C-](C(=O)OC([H])([H])[H])C(=O)C([H])([H])[H].C=C(C)/C=C/C=C(C)C|CCCCN|water|298.15,10,False,True,0.8303030303030302
oi_dft,45,*C(C(=O)C([H])([H])[H])=[N+]([H])[N-]c1c([H])c([H])c([H])c([H])c1[H].C=C(C)/C=C/C=C(C)C|CCCNN|water|298.15,10,False,True,0.8666666666666665
oi_dft,45,*[C-]([N+]#CC#N)C(=O)N([H])C([H])([H])[H].C=C(C)/C=C/C=C(C)C|CCCCN|water|298.15,8,False,True,0.4047619047619048
oi_dft,45,*C(c1c([H])c([H])c([H])c([H])c1[H])=[N+]([N-][H])C([H])([H])[H].CN1C=CCC(C(N)=O)=C1|CCCNN|water|298.15,5,True,True,0.3
oi_dft,45,*c1oc(=O)[c-](C(=O)N([H])C([H])([H])[H])[o+]1.C=C(C)/C=C/C=C(C)C|CCCCO|water|298.15,12,True,True,0.4545454545454546
oi_dft,45,*[c-]1c(=O)oc(C(=O)C([H])([H])[H])[n+]1C([H])([H])[H].CN1C=CCC(C(N)=O)=C1|CCCCN|water|298.15,10,True,True,0.8909090909090909
oi_dft,45,*[N-][N+]#CC(=O)N([H])C([H])([H])[H].COC1=C(OC)C(=O)C(C)=C(C)C1=O|CCCNN|water|298.15,3,True,True,
oi_dft,45,*C#[N+][C-](C#N)C([H])([H])[H].COC1=C(OC)C(=O)C(C)=C(C)C1=O|CCCCN|water|298.15,6,False,True,0.7714285714285715
oi_dft,45,*C(C#N)=[N+]([C-](C(=O)N([H])C([H])([H])[H])C([H])([H])[H])C([H])([H])[H].CC(C)=CC=O|CCCCN|water|298.15,4,True,True,0.39999999999999997
oi_dft,45,*C(=[O+][N-]C(=O)OC([H])([H])[H])C(=O)N([H])C([H])([H])[H].CN1C=CCC(C(N)=O)=C1|CCCNO|water|298.15,3,True,True,
oi_dft,45,*C#[N+][C-](C(=O)N([H])C([H])([H])[H])c1c([H])c([H])c([H])c([H])c1[H].CC(C)=CC=O|CCCCN|water|298.15,4,False,True,0.39999999999999997
oi_dft,45,*[C-](C(=O)N([H])C([H])([H])[H])[N+](=C(C#N)C#N)C([H])([H])[H].CN1C=CCC(C(N)=O)=C1|CCCCN|water|298.15,8,True,True,0.9761904761904763
oi_dft,45,*[C-](C(=O)OC([H])([H])[H])[N+]([H])=C(C(=O)N([H])C([H])([H])[H])C(=O)N([H])C([H])([H])[H].CC(C)=CC=O|CCCCN|water|298.15,4,False,True,0.6000000000000001
oi_dft,45,*[C-]([N+]#CC#N)C(=O)N([H])C([H])([H])[H].CN1C=CCC(C(N)=O)=C1|CCCCN|water|298.15,4,True,True,1.0
oi_dft,45,*C#[N+][C-](C(=O)OC([H])([H])[H])c1c([H])c([H])c([H])c([H])c1[H].C=C(C)/C=C/C=C(C)C|CCCCN|water|298.15,7,True,True,0.8928571428571429
oi_dft,45,*[c-]1c(=O)oc(-c2c([H])c([H])c([H])c([H])c2[H])[n+]1[H].C=C(C)/C=C/C=C(C)C|CCCCN|water|298.15,18,True,True,0.8452012383900928
oi_dft,45,*C(=O)C#[N+][N-]C#N.COC1=C(OC)C(=O)C(C)=C(C)C1=O|CCCNN|water|298.15,3,True,True,
oi_dft,45,*[C-](C(=O)N([H])C([H])([H])[H])[N+](=C(C#N)c1c([H])c([H])c([H])c([H])c1[H])C([H])([H])[H].CC(C)=CC=O|CCCCN|water|298.15,4,False,True,0.7999999999999999
oi_dft,45,*C#[N+][C-](C(=O)OC([H])([H])[H])C(=O)OC([H])([H])[H].C=C(C)/C=C/C=C(C)C|CCCCN|water|298.15,6,True,True,0.8285714285714287
oi_dft,45,*C([H])=[O+][C-](C#N)c1c([H])c([H])c([H])c([H])c1[H].CN1C=CCC(C(N)=O)=C1|CCCCO|water|298.15,5,True,True,0.6
oi_dft,45,*C(=O)[C-]([N+]#CC#N)c1c([H])c([H])c([H])c([H])c1[H].C=C(C)/C=C/C=C(C)C|CCCCN|water|298.15,9,False,True,0.75
oi_dft,45,*C#[N+][C-](C(=O)C([H])([H])[H])c1c([H])c([H])c([H])c([H])c1[H].C=C(C)/C=C/C=C(C)C|CCCCN|water|298.15,9,False,True,0.7999999999999999
oi_dft,45,*c1oc(=O)[c-](C(=O)OC([H])([H])[H])[n+]1C([H])([H])[H].CN1C=CCC(C(N)=O)=C1|CCCCN|water|298.15,11,True,True,0.8909090909090911
oi_dft,45,*c1oc(=O)[c-](-c2c([H])c([H])c([H])c([H])c2[H])[n+]1[H].CN1C=CCC(C(N)=O)=C1|CCCCN|water|298.15,7,True,True,0.8928571428571429
oi_dft,45,*C(=[N+]([H])[C-](C#N)c1c([H])c([H])c([H])c([H])c1[H])C([H])([H])[H].CN1C=CCC(C(N)=O)=C1|CCCCN|water|298.15,8,True,True,0.9761904761904763
oi_dft,45,*[C-](c1c([H])c([H])c([H])c([H])c1[H])[N+]([H])=C(C([H])([H])[H])C([H])([H])[H].CN1C=CCC(C(N)=O)=C1|CCCCN|water|298.15,8,True,True,0.8571428571428572
oi_dft,45,*[C-]([O+]=C([H])C(=O)C([H])([H])[H])c1c([H])c([H])c([H])c([H])c1[H].C=C(C)/C=C/C=C(C)C|CCCCO|water|298.15,10,False,True,0.5515151515151515
oi_dft,45,*[N-][O+]=C(C(=O)OC([H])([H])[H])C(=O)N([H])C([H])([H])[H].CN1C=CCC(C(N)=O)=C1|CCCNO|water|298.15,4,True,True,1.0
oi_dft,45,*[c-]1c(=O)oc(C#N)[n+]1C([H])([H])[H].CN1C=CCC(C(N)=O)=C1|CCCCN|water|298.15,7,False,True,0.9285714285714288
oi_dft,45,*[N-][O+]=C([H])c1c([H])c([H])c([H])c([H])c1[H].CN1C=CCC(C(N)=O)=C1|CCCNO|water|298.15,5,True,True,0.9999999999999999
oi_dft,45,*C(C(=O)OC([H])([H])[H])=[N+]([H])[C-](C#N)C#N.C=C(C)/C=C/C=C(C)C|CCCCN|water|298.15,11,False,True,0.881818181818182
oi_dft,45,*[C-]([O+]=C([H])c1c([H])c([H])c([H])c([H])c1[H])C(=O)OC([H])([H])[H].C=C(C)/C=C/C=C(C)C|CCCCO|water|298.15,10,False,False,0.7696969696969697
oi_dft,45,*[c-]1[o+]c(C(=O)OC([H])([H])[H])oc1=O.CN1C=CCC(C(N)=O)=C1|CCCCO|water|298.15,6,True,True,0.942857142857143
oi_dft,45,*C(c1c([H])c([H])c([H])c([H])c1[H])=[N+]([C-](C#N)C#N)C([H])([H])[H].CN1C=CCC(C(N)=O)=C1|CCCCN|water|298.15,10,False,True,0.7696969696969697
oi_dft,45,*C([H])=C(C([H])([H])[H])C([H])([H])[H].CNC(=O)C(=[O+][N-]c1ccccc1)C(=O)OC|CCCNO|water|298.15,4,False,True,0.6000000000000001
oi_dft,45,*C([H])=C(C([H])([H])[H])C([H])([H])[H].COC(=O)[CH-][O+]=C(C(=O)OC)c1ccccc1|CCCCO|water|298.15,4,True,True,0.7999999999999999
oi_dft,45,*C#[N+][C-](C(=O)C([H])([H])[H])C(=O)C([H])([H])[H].CN1C=CCC(C(N)=O)=C1|CCCCN|water|298.15,4,True,True,1.0
oi_dft,45,*[C-]([N+]#CC(=O)N([H])C([H])([H])[H])C(=O)OC([H])([H])[H].C=C(C)/C=C/C=C(C)C|CCCCN|water|298.15,10,True,True,0.7818181818181817
oi_dft,45,*C(c1c([H])c([H])c([H])c([H])c1[H])=[N+]([N-]C(=O)C([H])([H])[H])C([H])([H])[H].C=C(C)/C=C/C=C(C)C|CCCNN|water|298.15,7,False,True,0.8928571428571429
oi_dft,45,*[C-]([H])[O+]=C(C(=O)OC([H])([H])[H])c1c([H])c([H])c([H])c([H])c1[H].C=C(C)/C=C/C=C(C)C|CCCCO|water|298.15,10,True,True,0.7939393939393938
oi_dft,45,*[C-]([N+]#Cc1c([H])c([H])c([H])c([H])c1[H])c1c([H])c([H])c([H])c([H])c1[H].CN1C=CCC(C(N)=O)=C1|CCCCN|water|298.15,7,True,True,0.8928571428571429
oi_dft,45,*C#[N+][C-](c1c([H])c([H])c([H])c([H])c1[H])c1c([H])c([H])c([H])c([H])c1[H].CN1C=CCC(C(N)=O)=C1|CCCCN|water|298.15,9,False,False,0.06666666666666667
oi_dft,45,*C(=[N+]([H])[C-](C(=O)N([H])C([H])([H])[H])C(=O)N([H])C([H])([H])[H])C([H])([H])[H].CN1C=CCC(C(N)=O)=C1|CCCCN|water|298.15,7,True,True,0.6785714285714287
oi_dft,45,*c1oc(=O)[c-](-c2c([H])c([H])c([H])c([H])c2[H])[n+]1C([H])([H])[H].CN1C=CCC(C(N)=O)=C1|CCCCN|water|298.15,8,True,True,0.8333333333333335
oi_dft,45,*[n+]1c(-c2c([H])c([H])c([H])c([H])c2[H])oc(=O)[c-]1C(=O)N([H])C([H])([H])[H].C=C(C)/C=C/C=C(C)C|CCCCN|water|298.15,11,True,True,0.3727272727272728
oi_dft,45,*C(=[O+][C-](C#N)C#N)C(=O)OC([H])([H])[H].CN1C=CCC(C(N)=O)=C1|CCCCO|water|298.15,5,True,True,0.6
oi_dft,45,*[C-]([N+]#Cc1c([H])c([H])c([H])c([H])c1[H])C([H])([H])[H].COC1=C(OC)C(=O)C(C)=C(C)C1=O|CCCCN|water|298.15,3,False,True,
oi_dft,45,*C(=[O+][C-](C(=O)N([H])C([H])([H])[H])C(=O)N([H])C([H])([H])[H])c1c([H])c([H])c([H])c([H])c1[H].CC(C)=CC=O|CCCCO|water|298.15,4,True,True,0.19999999999999998
oi_dft,45,*C(=O)C#[N+][C-](C(=O)OC([H])([H])[H])C(=O)OC([H])([H])[H].CN1C=CCC(C(N)=O)=C1|CCCCN|water|298.15,6,True,True,1.0
oi_dft,45,*C(C(=O)OC([H])([H])[H])=[N+]([N-]C([H])([H])[H])C([H])([H])[H].COC1=C(OC)C(=O)C(C)=C(C)C1=O|CCCNN|water|298.15,4,True,True,1.0
oi_dft,45,*C(=[O+][C-](C#N)C(=O)OC([H])([H])[H])c1c([H])c([H])c([H])c([H])c1[H].CN1C=CCC(C(N)=O)=C1|CCCCO|water|298.15,7,True,True,0.8571428571428573
oi_dft,45,*C(=O)c1oc(=O)[c-](-c2c([H])c([H])c([H])c([H])c2[H])[o+]1.CN1C=CCC(C(N)=O)=C1|CCCCO|water|298.15,7,True,True,0.8571428571428573
oi_dft,45,*c1oc(=O)[c-](-c2c([H])c([H])c([H])c([H])c2[H])[o+]1.CN1C=CCC(C(N)=O)=C1|CCCCO|water|298.15,11,True,True,0.9272727272727275
oi_dft,45,*[C-](C(=O)C([H])([H])[H])[N+](=C([H])C(=O)OC([H])([H])[H])C([H])([H])[H].CN1C=CCC(C(N)=O)=C1|CCCCN|water|298.15,7,True,True,0.8928571428571429
oi_dft,45,*C(C(=O)OC([H])([H])[H])=[N+]([C-](C(=O)C([H])([H])[H])C([H])([H])[H])C([H])([H])[H].CN1C=CCC(C(N)=O)=C1|CCCCN|water|298.15,5,True,True,0.8999999999999998
oi_dft,45,*[N+](=C(C(=O)N([H])C([H])([H])[H])c1c([H])c([H])c([H])c([H])c1[H])[C-](C(=O)OC([H])([H])[H])C(=O)C([H])([H])[H].CC(C)=CC=O|CCCCN|water|298.15,4,True,True,0.7999999999999999
oi_dft,45,*[C-](C#N)[O+]=C(C(=O)OC([H])([H])[H])c1c([H])c([H])c([H])c([H])c1[H].CN1C=CCC(C(N)=O)=C1|CCCCO|water|298.15,6,True,True,0.8285714285714287
oi_dft,45,*[N+](=C([H])C(=O)N([H])C([H])([H])[H])[C-](C#N)C(=O)C([H])([H])[H].COC1=C(OC)C(=O)C(C)=C(C)C1=O|CCCCN|water|298.15,4,True,True,1.0
oi_dft,45,*C(=O)[C-]([N+](=C(C#N)C([H])([H])[H])C([H])([H])[H])C([H])([H])[H].COC1=C(OC)C(=O)C(C)=C(C)C1=O|CCCCN|water|298.15,4,True,True,1.0
oi_dft,45,*C(=[O+][C-]([H])C(=O)OC([H])([H])[H])C([H])([H])[H].COC1=C(OC)C(=O)C(C)=C(C)C1=O|CCCCO|water|298.15,3,True,True,
oi_dft,45,*c1oc(=O)[c-](-c2c([H])c([H])c([H])c([H])c2[H])[o+]1.COC1=C(OC)C(=O)C(C)=C(C)C1=O|CCCCO|water|298.15,4,True,True,1.0
oi_dft,45,*c1oc(=O)[c-](C(=O)OC([H])([H])[H])[o+]1.COC1=C(OC)C(=O)C(C)=C(C)C1=O|CCCCO|water|298.15,4,False,True,0.7999999999999999
oi_dft,45,*[c-]1[o+]c(C(=O)N([H])C([H])([H])[H])oc1=O.COC1=C(OC)C(=O)C(C)=C(C)C1=O|CCCCO|water|298.15,6,True,True,1.0
oi_dft,45,*[C-](C(=O)C([H])([H])[H])[N+](=C(C(=O)N([H])C([H])([H])[H])c1c([H])c([H])c([H])c([H])c1[H])C([H])([H])[H].CC(C)=CC=O|CCCCN|water|298.15,4,True,True,1.0
oi_dft,45,*[C-](C(=O)OC([H])([H])[H])[N+]([H])=C(C(=O)N([H])C([H])([H])[H])C([H])([H])[H].COC1=C(OC)C(=O)C(C)=C(C)C1=O|CCCCN|water|298.15,4,True,True,1.0
oi_dft,45,*[c-]1c(=O)oc(-c2c([H])c([H])c([H])c([H])c2[H])[n+]1C([H])([H])[H].COC1=C(OC)C(=O)C(C)=C(C)C1=O|CCCCN|water|298.15,4,True,True,1.0
oi_dft,45,*[C-](C(=O)OC([H])([H])[H])[N+](=C(C(=O)OC([H])([H])[H])c1c([H])c([H])c([H])c([H])c1[H])C([H])([H])[H].C=C(C)/C=C/C=C(C)C|CCCCN|water|298.15,10,False,True,0.8424242424242423
oi_dft,45,*[c-]1[o+]c(C(=O)OC([H])([H])[H])oc1=O.COC1=C(OC)C(=O)C(C)=C(C)C1=O|CCCCO|water|298.15,4,True,True,0.7999999999999999
oi_dft,45,*c1oc(=O)[c-](C(=O)N([H])C([H])([H])[H])[o+]1.COC1=C(OC)C(=O)C(C)=C(C)C1=O|CCCCO|water|298.15,4,True,True,1.0
oi_dft,45,*C(c1c([H])c([H])c([H])c([H])c1[H])=[N+]([H])[C-](C#N)C(=O)N([H])C([H])([H])[H].COC1=C(OC)C(=O)C(C)=C(C)C1=O|CCCCN|water|298.15,4,True,True,0.7999999999999999
oi_dft,45,*C(=O)C(C(=O)OC([H])([H])[H])=[N+]([H])[C-](C(=O)OC([H])([H])[H])c1c([H])c([H])c([H])c([H])c1[H].C=C(C)/C=C/C=C(C)C|CCCCN|water|298.15,11,False,False,0.5636363636363637
oi_dft,45,*[C-]([O+]=C(C(=O)N([H])C([H])([H])[H])c1c([H])c([H])c([H])c([H])c1[H])C(=O)N([H])C([H])([H])[H].COC1=C(OC)C(=O)C(C)=C(C)C1=O|CCCCO|water|298.15,3,True,True,
oi_dft,45,*[C-](c1c([H])c([H])c([H])c([H])c1[H])[N+](=C(C#N)c1c([H])c([H])c([H])c([H])c1[H])C([H])([H])[H].COC1=C(OC)C(=O)C(C)=C(C)C1=O|CCCCN|water|298.15,4,True,True,1.0
oi_dft,45,*C(=[O+][C-](c1c([H])c([H])c([H])c([H])c1[H])C([H])([H])[H])C(=O)C([H])([H])[H].COC1=C(OC)C(=O)C(C)=C(C)C1=O|CCCCO|water|298.15,4,True,True,0.7999999999999999
oi_dft,45,*[C-](C#N)[N+](=C(C(=O)N([H])C([H])([H])[H])c1c([H])c([H])c([H])c([H])c1[H])C([H])([H])[H].COC1=C(OC)C(=O)C(C)=C(C)C1=O|CCCCN|water|298.15,4,False,True,0.39999999999999997
oi_dft,46,*C#CC(=O)N([H])C([H])([H])[H].CC(=O)c1[nH+][c-](C)c(=O)o1|CCCCN|water|298.15,4,True,True,1.0
oi_dft,46,*C(=O)C#CF.CNC(=O)c1[nH+][c-](C#N)c(=O)o1|CCCCN|water|298.15,3,True,True,
oi_dft,46,*C([H])=C([H])[H].N#Cc1oc(=O)[c-](-c2ccccc2)[o+]1|CCCCO|water|298.15,3,False,True,
oi_dft,46,*C1=C(C([H])([H])[H])C2([H])C([H])([H])C([H])([H])C1([H])C2([H])[H].COC(=O)[N-][N+]#CC(C)=O|CCCNN|water|298.15,3,True,True,
oi_dft,46,*C(=C(C([H])([H])[H])C([H])([H])[H])C([H])([H])[H].COC(=O)[c-]1[nH+]c(C(C)=O)oc1=O|CCCCN|water|298.15,3,True,True,
oi_dft,46,*C#CC(=O)OC([H])([H])[H].CNC(=O)[c-]1c(=O)oc(C#N)[n+]1C|CCCCN|water|298.15,4,False,False,-0.39999999999999997
oi_dft,46,*C(=[O+][N-]C([H])([H])[H])c1c([H])c([H])c([H])c([H])c1[H].CNC(=O)C1=C(C#N)C2CCC1C2|CCCNO|water|298.15,4,False,True,0.39999999999999997
oi_dft,46,*[C-]([O+]=C(C#N)C(=O)OC([H])([H])[H])C([H])([H])[H].CNC(=O)C1=C(F)C2CCC1C2|CCCCO|water|298.15,4,True,True,0.7999999999999999
oi_dft,46,*c1oc(=O)[c-](-c2c([H])c([H])c([H])c([H])c2[H])[n+]1C([H])([H])[H].CC(=O)C1=C(Cl)C2CCC1C2|CCCCN|water|298.15,4,True,True,1.0
oi_dft,46,*c1oc(=O)[c-](C(=O)OC([H])([H])[H])[o+]1.CC(=O)C1=C(Br)C2CCC1C2|CCCCO|water|298.15,4,True,True,1.0
oi_dft,46,*C([H])=[N+]([C-](C#N)C(=O)C([H])([H])[H])C([H])([H])[H].N#CC1=C(c2ccccc2)C2CCC1C2|CCCCN|water|298.15,4,False,True,0.7999999999999999
oi_dft,46,*C1=C([H])C2([H])C([H])([H])C([H])([H])C1([H])C2([H])[H].COC(=O)[C-](C)[O+]=C(c1ccccc1)c1ccccc1|CCCCO|water|298.15,3,True,True,
oi_dft,46,*C1=C(Br)C2([H])C([H])([H])C([H])([H])C1([H])C2([H])[H].CC(=O)c1[nH+][c-](-c2ccccc2)c(=O)o1|CCCCN|water|298.15,4,True,True,0.7999999999999999
oi_dft,46,*C(c1c([H])c([H])c([H])c([H])c1[H])=[N+]([C-](C(=O)N([H])C([H])([H])[H])C([H])([H])[H])C([H])([H])[H].CC1=C(Br)C2C=CC1O2|CCCCN|water|298.15,7,True,True,0.42857142857142866
oi_dft,46,*C1=C(C(F)(F)F)C2([H])OC1([H])C([H])=C2[H].COC(=O)[C-]([N+]#CC(C)=O)c1ccccc1|CCCCN|water|298.15,5,True,True,0.8999999999999998
oi_dft,46,*C(=O)C1=C(Br)C2([H])OC1([H])C([H])=C2[H].CNC(=O)C(=[NH+][C-](C)C#N)C(=O)OC|CCCCN|water|298.15,8,False,False,0.6428571428571429
oi_dft,46,*C1(C([H])([H])[H])C#CC(c2c([H])c([H])c([H])c([H])c2[H])(c2c([H])c([H])c([H])c([H])c2[H])C([H])([H])C([H])([H])C([H])([H])C1([H])[H].CNC(=O)[C-](C#N)[NH+]=C(C)C#N|CCCCN|water|298.15,4,True,True,1.0
oi_dft,46,*[C-]([O+]=C(C(=O)N([H])C([H])([H])[H])c1c([H])c([H])c([H])c([H])c1[H])C([H])([H])[H].CNC(=O)C1=C(Br)C2CCC1C2|CCCCO|water|298.15,3,False,True,
oi_dft,46,*C1([H])C#CC(C(=O)OC([H])([H])[H])(C(=O)OC([H])([H])[H])C([H])([H])C([H])([H])C([H])([H])C1([H])[H].CC(=O)[c-]1c(=O)oc(-c2ccccc2)[n+]1C|CCCCN|water|298.15,4,False,True,0.7999999999999999
oi_dft,46,*C1(c2c([H])c([H])c([H])c([H])c2[H])C#CC(c2c([H])c([H])c([H])c([H])c2[H])(c2c([H])c([H])c([H])c([H])c2[H])C([H])([H])C([H])([H])C([H])([H])C1([H])[H].C[C-]([N+]#N)c1ccccc1|CCCNN|water|298.15,3,False,True,
oi_dft,46,*C#[N+][C-]([H])c1c([H])c([H])c([H])c([H])c1[H].C=C|CCCCN|water|298.15,3,True,True,
oi_dft,46,*[C-]([H])[N+](=C(C#N)C([H])([H])[H])C([H])([H])[H].C/C=C\C|CCCCN|water|298.15,3,True,True,
oi_dft,46,*C([H])=C(C([H])([H])[H])C([H])([H])[H].C[c-]1[o+]noc1=O|CCCNO|water|298.15,4,True,True,1.0
oi_dft,46,*[c-]1[o+]noc1=O.CC(C)=CC=O|CCCNO|water|298.15,4,False,True,0.6000000000000001
oi_dft,46,*[C-]([N+]#CC(=O)OC([H])([H])[H])C([H])([H])[H].CC(C)=CC=O|CCCCN|water|298.15,6,True,True,1.0
oi_dft,46,*[C-]([H])[N+]#CC(=O)C([H])([H])[H].CC(C)=CC=O|CCCCN|water|298.15,4,True,True,1.0
oi_dft,46,*[C-]([N+]#CC(=O)C([H])([H])[H])C(=O)C([H])([H])[H].CC(C)=CC=O|CCCCN|water|298.15,3,True,True,
oi_dft,46,*C#[N+][C-](c1c([H])c([H])c([H])c([H])c1[H])C([H])([H])[H].C/C=C\C|CCCCN|water|298.15,4,True,True,0.39999999999999997
oi_dft,46,*C#[N+][C-](C([H])([H])[H])C([H])([H])[H].C=C(C)/C=C/C=C(C)C|CCCCN|water|298.15,9,True,True,0.8166666666666667
oi_dft,46,*C(C(=O)C([H])([H])[H])=[N+]([C-]([H])C([H])([H])[H])C([H])([H])[H].CC(C)=CC=O|CCCCN|water|298.15,4,True,True,1.0
oi_dft,46,*C#[N+][C-](C#N)C(=O)C([H])([H])[H].CC(C)=C(C)C|CCCCN|water|298.15,3,True,True,
oi_dft,46,*C(C#N)=[N+]([H])[N-]C(=O)C([H])([H])[H].CC(C)=CC=O|CCCNN|water|298.15,4,True,True,1.0
oi_dft,46,*C(C(=O)OC([H])([H])[H])=[N+]([H])[N-]C#N.CC(C)=CC=O|CCCNN|water|298.15,4,True,True,1.0
oi_dft,46,*C(=O)[c-]1c(=O)oc(C([H])([H])[H])[n+]1[H].CC(C)=CC=O|CCCCN|water|298.15,3,False,True,
oi_dft,46,*[c-]1[o+]noc1=O.C=C(C)/C=C/C=C(C)C|CCCNO|water|298.15,8,False,True,0.6904761904761906
oi_dft,46,*[N-][N+]#CC([H])([H])[H].C=C(C)/C=C/C=C(C)C|CCCNN|water|298.15,7,False,True,0.7500000000000002
oi_dft,46,*[C-]([N+]#CC(=O)C([H])([H])[H])c1c([H])c([H])c([H])c([H])c1[H].C/C=C\C|CCCCN|water|298.15,3,True,True,
oi_dft,46,*C([H])=C(C([H])([H])[H])C([H])([H])[H].CNC(=O)[c-]1[nH+]c(C)oc1=O|CCCCN|water|298.15,4,False,True,0.6000000000000001
oi_dft,46,*c1oc(=O)[c-](C(=O)N([H])C([H])([H])[H])[n+]1[H].CC(C)=CC=O|CCCCN|water|298.15,4,True,True,0.7999999999999999
oi_dft,46,*[C-]([N+]#CC(=O)C([H])([H])[H])c1c([H])c([H])c([H])c([H])c1[H].CC(C)=CC=O|CCCCN|water|298.15,5,False,True,0.7
oi_dft,46,*c1oc(=O)[c-](C([H])([H])[H])[n+]1[H].C=C(C)/C=C/C=C(C)C|CCCCN|water|298.15,18,True,True,0.87203302373581
oi_dft,46,*[C-]([N+]#N)C(=O)OC([H])([H])[H].C=C(C)/C=C/C=C(C)C|CCCNN|water|298.15,9,False,True,0.8666666666666667
oi_dft,46,*c1oc(=O)[c-](C([H])([H])[H])[n+]1[H].CN1C=CCC(C(N)=O)=C1|CCCCN|water|298.15,6,True,True,0.7714285714285715
oi_dft,46,*[c-]1c(=O)oc(C([H])([H])[H])[n+]1[H].CN1C=CCC(C(N)=O)=C1|CCCCN|water|298.15,12,False,True,0.9230769230769231
oi_dft,46,*[C-]([N+]#CC(=O)OC([H])([H])[H])C([H])([H])[H].C=C(C)/C=C/C=C(C)C|CCCCN|water|298.15,15,False,True,0.7714285714285712
oi_dft,46,*C#[N+][N-]c1c([H])c([H])c([H])c([H])c1[H].C=C(C)/C=C/C=C(C)C|CCCNN|water|298.15,3,True,True,
oi_dft,46,*[C-](C(=O)N([H])C([H])([H])[H])[N+]([H])=C(C(=O)N([H])C([H])([H])[H])C([H])([H])[H].CC(C)=CC=O|CCCCN|water|298.15,4,True,True,0.7999999999999999
oi_dft,46,*C([H])=C(C([H])([H])[H])C([H])([H])[H].C[c-]1[nH+]c(-c2ccccc2)oc1=O|CCCCN|water|298.15,3,True,True,
oi_dft,46,*[c-]1[o+]c(C#N)oc1=O.CN1C=CCC(C(N)=O)=C1|CCCCO|water|298.15,5,True,True,0.8999999999999998
oi_dft,46,*[C-]([N+]#CC#N)C(=O)OC([H])([H])[H].C=C(C)/C=C/C=C(C)C|CCCCN|water|298.15,14,False,True,0.8241758241758241
oi_dft,46,*C([H])=C(C([H])([H])[H])C([H])([H])[H].COC(=O)[N-][NH+]=Cc1ccccc1|CCCNN|water|298.15,3,True,True,
oi_dft,46,*[N+]([N-]C(=O)OC([H])([H])[H])=C([H])c1c([H])c([H])c([H])c([H])c1[H].CC(C)=CC=O|CCCNN|water|298.15,3,True,True,
oi_dft,46,*C(=O)C#[N+][C-](C(=O)C([H])([H])[H])C([H])([H])[H].C=C(C)/C=C/C=C(C)C|CCCCN|water|298.15,8,True,True,0.9523809523809524
oi_dft,46,*[C-]([N+]#CC(=O)C([H])([H])[H])C(=O)C([H])([H])[H].C=C(C)/C=C/C=C(C)C|CCCCN|water|298.15,8,False,True,0.6904761904761906
oi_dft,46,*C(C(=O)OC([H])([H])[H])=[N+]([H])[C-]([H])C#N.C=C(C)/C=C/C=C(C)C|CCCCN|water|298.15,12,True,True,0.6573426573426573
oi_dft,46,*C(C(=O)N([H])C([H])([H])[H])=[N+]([C-]([H])C#N)C([H])([H])[H].CC(C)=CC=O|CCCCN|water|298.15,4,False,True,-0.19999999999999998
oi_dft,46,*[C-]([H])[N+](=C(C(=O)N([H])C([H])([H])[H])C(=O)C([H])([H])[H])C([H])([H])[H].CC(C)=CC=O|CCCCN|water|298.15,4,True,True,1.0
oi_dft,46,*[C-](C#N)[N+]#CC(=O)OC([H])([H])[H].CN1C=CCC(C(N)=O)=C1|CCCCN|water|298.15,5,False,True,0.8999999999999998
oi_dft,46,*[C-]([N+]#CC#N)C([H])([H])[H].COC1=C(OC)C(=O)C(C)=C(C)C1=O|CCCCN|water|298.15,4,True,True,0.7999999999999999
oi_dft,46,*[C-](C#N)[N+]([H])=C(C(=O)N([H])C([H])([H])[H])C([H])([H])[H].CN1C=CCC(C(N)=O)=C1|CCCCN|water|298.15,7,True,True,0.7142857142857144
oi_dft,46,*C([H])=C(C([H])([H])[H])C([H])([H])[H].C[CH-][N+](C)=C(C(C)=O)c1ccccc1|CCCCN|water|298.15,4,True,True,0.7999999999999999
oi_dft,46,*C([H])=[N+]([C-](c1c([H])c([H])c([H])c([H])c1[H])C([H])([H])[H])C([H])([H])[H].C=C(C)/C=C/C=C(C)C|CCCCN|water|298.15,15,False,True,0.7428571428571428
oi_dft,46,*C([H])=[O+][N-]C(=O)OC([H])([H])[H].CN1C=CCC(C(N)=O)=C1|CCCNO|water|298.15,4,True,True,0.7999999999999999
oi_dft,46,*[C-](C#N)[N+](=C(C(=O)N([H])C([H])([H])[H])C(=O)N([H])C([H])([H])[H])C([H])([H])[H].CC(C)=CC=O|CCCCN|water|298.15,4,False,True,-0.39999999999999997
oi_dft,46,*c1oc(=O)[c-](C(=O)N([H])C([H])([H])[H])[n+]1[H].C=C(C)/C=C/C=C(C)C|CCCCN|water|298.15,11,True,True,0.5454545454545455
oi_dft,46,*C([H])=C(C([H])([H])[H])C([H])([H])[H].CC(=O)C#[N+][C-](C(C)=O)c1ccccc1|CCCCN|water|298.15,3,False,True,
oi_dft,46,*C(=O)C#[N+][C-](C(=O)C([H])([H])[H])c1c([H])c([H])c([H])c([H])c1[H].CC(C)=CC=O|CCCCN|water|298.15,3,False,True,
oi_dft,46,*C(=O)[C-]([N+]#CC#N)C(=O)C([H])([H])[H].C=C(C)/C=C/C=C(C)C|CCCCN|water|298.15,8,False,False,0.6666666666666669
oi_dft,46,*[C-]([N+]#CC#N)C(=O)C([H])([H])[H].C=C(C)/C=C/C=C(C)C|CCCCN|water|298.15,12,False,False,0.5804195804195805
oi_dft,46,*C#[N+][C-](C(=O)OC([H])([H])[H])C(=O)C([H])([H])[H].C=C(C)/C=C/C=C(C)C|CCCCN|water|298.15,10,True,True,0.8303030303030302
oi_dft,46,*C(C(=O)C([H])([H])[H])=[N+]([H])[N-]c1c([H])c([H])c([H])c([H])c1[H].C=C(C)/C=C/C=C(C)C|CCCNN|water|298.15,10,True,True,0.6484848484848483
oi_dft,46,*[C-]([N+]#CC#N)C(=O)N([H])C([H])([H])[H].C=C(C)/C=C/C=C(C)C|CCCCN|water|298.15,8,True,True,0.7380952380952381
oi_dft,46,*C(c1c([H])c([H])c([H])c([H])c1[H])=[N+]([N-][H])C([H])([H])[H].CN1C=CCC(C(N)=O)=C1|CCCNN|water|298.15,5,True,True,0.49999999999999994
oi_dft,46,*c1oc(=O)[c-](C(=O)N([H])C([H])([H])[H])[o+]1.C=C(C)/C=C/C=C(C)C|CCCCO|water|298.15,12,True,True,0.5594405594405596
oi_dft,46,*[c-]1c(=O)oc(C(=O)C([H])([H])[H])[n+]1C([H])([H])[H].CN1C=CCC(C(N)=O)=C1|CCCCN|water|298.15,10,True,True,0.9999999999999999
oi_dft,46,*[N-][N+]#CC(=O)N([H])C([H])([H])[H].COC1=C(OC)C(=O)C(C)=C(C)C1=O|CCCNN|water|298.15,3,True,True,
oi_dft,46,*C#[N+][C-](C#N)C([H])([H])[H].COC1=C(OC)C(=O)C(C)=C(C)C1=O|CCCCN|water|298.15,6,False,True,0.7714285714285715
oi_dft,46,*C(C#N)=[N+]([C-](C(=O)N([H])C([H])([H])[H])C([H])([H])[H])C([H])([H])[H].CC(C)=CC=O|CCCCN|water|298.15,4,False,True,0.7999999999999999
oi_dft,46,*C(=[O+][N-]C(=O)OC([H])([H])[H])C(=O)N([H])C([H])([H])[H].CN1C=CCC(C(N)=O)=C1|CCCNO|water|298.15,3,True,True,
oi_dft,46,*C#[N+][C-](C(=O)N([H])C([H])([H])[H])c1c([H])c([H])c([H])c([H])c1[H].CC(C)=CC=O|CCCCN|water|298.15,4,True,True,0.7999999999999999
oi_dft,46,*[C-](C(=O)N([H])C([H])([H])[H])[N+](=C(C#N)C#N)C([H])([H])[H].CN1C=CCC(C(N)=O)=C1|CCCCN|water|298.15,8,True,True,0.8333333333333335
oi_dft,46,*[C-](C(=O)OC([H])([H])[H])[N+]([H])=C(C(=O)N([H])C([H])([H])[H])C(=O)N([H])C([H])([H])[H].CC(C)=CC=O|CCCCN|water|298.15,4,True,True,1.0
oi_dft,46,*[C-]([N+]#CC#N)C(=O)N([H])C([H])([H])[H].CN1C=CCC(C(N)=O)=C1|CCCCN|water|298.15,4,True,True,1.0
oi_dft,46,*C#[N+][C-](C(=O)OC([H])([H])[H])c1c([H])c([H])c([H])c([H])c1[H].C=C(C)/C=C/C=C(C)C|CCCCN|water|298.15,7,True,True,0.6785714285714287
oi_dft,46,*[c-]1c(=O)oc(-c2c([H])c([H])c([H])c([H])c2[H])[n+]1[H].C=C(C)/C=C/C=C(C)C|CCCCN|water|298.15,18,False,True,0.894736842105263
oi_dft,46,*C(=O)C#[N+][N-]C#N.COC1=C(OC)C(=O)C(C)=C(C)C1=O|CCCNN|water|298.15,3,True,True,
oi_dft,46,*[C-](C(=O)N([H])C([H])([H])[H])[N+](=C(C#N)c1c([H])c([H])c([H])c([H])c1[H])C([H])([H])[H].CC(C)=CC=O|CCCCN|water|298.15,4,True,True,1.0
oi_dft,46,*C#[N+][C-](C(=O)OC([H])([H])[H])C(=O)OC([H])([H])[H].C=C(C)/C=C/C=C(C)C|CCCCN|water|298.15,6,True,True,0.942857142857143
oi_dft,46,*C([H])=[O+][C-](C#N)c1c([H])c([H])c([H])c([H])c1[H].CN1C=CCC(C(N)=O)=C1|CCCCO|water|298.15,5,True,True,0.6
oi_dft,46,*C(=O)[C-]([N+]#CC#N)c1c([H])c([H])c([H])c([H])c1[H].C=C(C)/C=C/C=C(C)C|CCCCN|water|298.15,9,True,True,0.8333333333333333
oi_dft,46,*C#[N+][C-](C(=O)C([H])([H])[H])c1c([H])c([H])c([H])c([H])c1[H].C=C(C)/C=C/C=C(C)C|CCCCN|water|298.15,9,False,True,0.8166666666666667
oi_dft,46,*c1oc(=O)[c-](C(=O)OC([H])([H])[H])[n+]1C([H])([H])[H].CN1C=CCC(C(N)=O)=C1|CCCCN|water|298.15,11,True,True,0.9181818181818183
oi_dft,46,*c1oc(=O)[c-](-c2c([H])c([H])c([H])c([H])c2[H])[n+]1[H].CN1C=CCC(C(N)=O)=C1|CCCCN|water|298.15,7,True,True,0.8928571428571429
oi_dft,46,*C(=[N+]([H])[C-](C#N)c1c([H])c([H])c([H])c([H])c1[H])C([H])([H])[H].CN1C=CCC(C(N)=O)=C1|CCCCN|water|298.15,8,True,True,0.8333333333333335
oi_dft,46,*[C-](c1c([H])c([H])c([H])c([H])c1[H])[N+]([H])=C(C([H])([H])[H])C([H])([H])[H].CN1C=CCC(C(N)=O)=C1|CCCCN|water|298.15,8,True,True,0.7380952380952381
oi_dft,46,*[C-]([O+]=C([H])C(=O)C([H])([H])[H])c1c([H])c([H])c([H])c([H])c1[H].C=C(C)/C=C/C=C(C)C|CCCCO|water|298.15,10,False,True,0.7696969696969697
oi_dft,46,*[N-][O+]=C(C(=O)OC([H])([H])[H])C(=O)N([H])C([H])([H])[H].CN1C=CCC(C(N)=O)=C1|CCCNO|water|298.15,4,True,True,1.0
oi_dft,46,*[c-]1c(=O)oc(C#N)[n+]1C([H])([H])[H].CN1C=CCC(C(N)=O)=C1|CCCCN|water|298.15,7,False,True,0.9285714285714288
oi_dft,46,*[N-][O+]=C([H])c1c([H])c([H])c([H])c([H])c1[H].CN1C=CCC(C(N)=O)=C1|CCCNO|water|298.15,5,False,True,0.7
oi_dft,46,*C(C(=O)OC([H])([H])[H])=[N+]([H])[C-](C#N)C#N.C=C(C)/C=C/C=C(C)C|CCCCN|water|298.15,11,False,False,0.8181818181818182
oi_dft,46,*[C-]([O+]=C([H])c1c([H])c([H])c([H])c([H])c1[H])C(=O)OC([H])([H])[H].C=C(C)/C=C/C=C(C)C|CCCCO|water|298.15,10,True,True,0.8060606060606059
oi_dft,46,*[c-]1[o+]c(C(=O)OC([H])([H])[H])oc1=O.CN1C=CCC(C(N)=O)=C1|CCCCO|water|298.15,6,True,True,0.8857142857142858
oi_dft,46,*C(c1c([H])c([H])c([H])c([H])c1[H])=[N+]([C-](C#N)C#N)C([H])([H])[H].CN1C=CCC(C(N)=O)=C1|CCCCN|water|298.15,10,False,True,0.8181818181818182
oi_dft,46,*C([H])=C(C([H])([H])[H])C([H])([H])[H].CNC(=O)C(=[O+][N-]c1ccccc1)C(=O)OC|CCCNO|water|298.15,4,False,True,0.7999999999999999
oi_dft,46,*C([H])=C(C([H])([H])[H])C([H])([H])[H].COC(=O)[CH-][O+]=C(C(=O)OC)c1ccccc1|CCCCO|water|298.15,4,True,True,0.7999999999999999
oi_dft,46,*C#[N+][C-](C(=O)C([H])([H])[H])C(=O)C([H])([H])[H].CN1C=CCC(C(N)=O)=C1|CCCCN|water|298.15,4,True,True,1.0
oi_dft,46,*[C-]([N+]#CC(=O)N([H])C([H])([H])[H])C(=O)OC([H])([H])[H].C=C(C)/C=C/C=C(C)C|CCCCN|water|298.15,10,False,False,0.6242424242424242
oi_dft,46,*C(c1c([H])c([H])c([H])c([H])c1[H])=[N+]([N-]C(=O)C([H])([H])[H])C([H])([H])[H].C=C(C)/C=C/C=C(C)C|CCCNN|water|298.15,7,True,True,0.8571428571428573
oi_dft,46,*[C-]([H])[O+]=C(C(=O)OC([H])([H])[H])c1c([H])c([H])c([H])c([H])c1[H].C=C(C)/C=C/C=C(C)C|CCCCO|water|298.15,10,True,True,0.5878787878787878
oi_dft,46,*[C-]([N+]#Cc1c([H])c([H])c([H])c([H])c1[H])c1c([H])c([H])c([H])c([H])c1[H].CN1C=CCC(C(N)=O)=C1|CCCCN|water|298.15,7,True,True,0.8571428571428573
oi_dft,46,*C#[N+][C-](c1c([H])c([H])c([H])c([H])c1[H])c1c([H])c([H])c([H])c([H])c1[H].CN1C=CCC(C(N)=O)=C1|CCCCN|water|298.15,9,False,False,0.45
oi_dft,46,*C(=[N+]([H])[C-](C(=O)N([H])C([H])([H])[H])C(=O)N([H])C([H])([H])[H])C([H])([H])[H].CN1C=CCC(C(N)=O)=C1|CCCCN|water|298.15,7,True,True,0.42857142857142866
oi_dft,46,*c1oc(=O)[c-](-c2c([H])c([H])c([H])c([H])c2[H])[n+]1C([H])([H])[H].CN1C=CCC(C(N)=O)=C1|CCCCN|water|298.15,8,True,True,0.8571428571428572
oi_dft,46,*[n+]1c(-c2c([H])c([H])c([H])c([H])c2[H])oc(=O)[c-]1C(=O)N([H])C([H])([H])[H].C=C(C)/C=C/C=C(C)C|CCCCN|water|298.15,11,True,True,0.6090909090909091
oi_dft,46,*C(=[O+][C-](C#N)C#N)C(=O)OC([H])([H])[H].CN1C=CCC(C(N)=O)=C1|CCCCO|water|298.15,5,True,True,0.6
oi_dft,46,*[C-]([N+]#Cc1c([H])c([H])c([H])c([H])c1[H])C([H])([H])[H].COC1=C(OC)C(=O)C(C)=C(C)C1=O|CCCCN|water|298.15,3,False,True,
oi_dft,46,*C(=[O+][C-](C(=O)N([H])C([H])([H])[H])C(=O)N([H])C([H])([H])[H])c1c([H])c([H])c([H])c([H])c1[H].CC(C)=CC=O|CCCCO|water|298.15,4,True,True,1.0
oi_dft,46,*C(=O)C#[N+][C-](C(=O)OC([H])([H])[H])C(=O)OC([H])([H])[H].CN1C=CCC(C(N)=O)=C1|CCCCN|water|298.15,6,True,True,1.0
oi_dft,46,*C(C(=O)OC([H])([H])[H])=[N+]([N-]C([H])([H])[H])C([H])([H])[H].COC1=C(OC)C(=O)C(C)=C(C)C1=O|CCCNN|water|298.15,4,True,True,1.0
oi_dft,46,*C(=[O+][C-](C#N)C(=O)OC([H])([H])[H])c1c([H])c([H])c([H])c([H])c1[H].CN1C=CCC(C(N)=O)=C1|CCCCO|water|298.15,7,True,True,0.9285714285714288
oi_dft,46,*C(=O)c1oc(=O)[c-](-c2c([H])c([H])c([H])c([H])c2[H])[o+]1.CN1C=CCC(C(N)=O)=C1|CCCCO|water|298.15,7,True,True,0.8214285714285715
oi_dft,46,*c1oc(=O)[c-](-c2c([H])c([H])c([H])c([H])c2[H])[o+]1.CN1C=CCC(C(N)=O)=C1|CCCCO|water|298.15,11,True,True,0.9181818181818183
oi_dft,46,*[C-](C(=O)C([H])([H])[H])[N+](=C([H])C(=O)OC([H])([H])[H])C([H])([H])[H].CN1C=CCC(C(N)=O)=C1|CCCCN|water|298.15,7,True,True,1.0
oi_dft,46,*C(C(=O)OC([H])([H])[H])=[N+]([C-](C(=O)C([H])([H])[H])C([H])([H])[H])C([H])([H])[H].CN1C=CCC(C(N)=O)=C1|CCCCN|water|298.15,5,True,True,0.8999999999999998
oi_dft,46,*[N+](=C(C(=O)N([H])C([H])([H])[H])c1c([H])c([H])c([H])c([H])c1[H])[C-](C(=O)OC([H])([H])[H])C(=O)C([H])([H])[H].CC(C)=CC=O|CCCCN|water|298.15,4,True,True,0.7999999999999999
oi_dft,46,*[C-](C#N)[O+]=C(C(=O)OC([H])([H])[H])c1c([H])c([H])c([H])c([H])c1[H].CN1C=CCC(C(N)=O)=C1|CCCCO|water|298.15,6,True,True,0.7142857142857143
oi_dft,46,*[N+](=C([H])C(=O)N([H])C([H])([H])[H])[C-](C#N)C(=O)C([H])([H])[H].COC1=C(OC)C(=O)C(C)=C(C)C1=O|CCCCN|water|298.15,4,True,True,1.0
oi_dft,46,*C(=O)[C-]([N+](=C(C#N)C([H])([H])[H])C([H])([H])[H])C([H])([H])[H].COC1=C(OC)C(=O)C(C)=C(C)C1=O|CCCCN|water|298.15,4,True,True,1.0
oi_dft,46,*C(=[O+][C-]([H])C(=O)OC([H])([H])[H])C([H])([H])[H].COC1=C(OC)C(=O)C(C)=C(C)C1=O|CCCCO|water|298.15,3,True,True,
oi_dft,46,*c1oc(=O)[c-](-c2c([H])c([H])c([H])c([H])c2[H])[o+]1.COC1=C(OC)C(=O)C(C)=C(C)C1=O|CCCCO|water|298.15,4,True,True,1.0
oi_dft,46,*c1oc(=O)[c-](C(=O)OC([H])([H])[H])[o+]1.COC1=C(OC)C(=O)C(C)=C(C)C1=O|CCCCO|water|298.15,4,True,True,1.0
oi_dft,46,*[c-]1[o+]c(C(=O)N([H])C([H])([H])[H])oc1=O.COC1=C(OC)C(=O)C(C)=C(C)C1=O|CCCCO|water|298.15,6,True,True,1.0
oi_dft,46,*[C-](C(=O)C([H])([H])[H])[N+](=C(C(=O)N([H])C([H])([H])[H])c1c([H])c([H])c([H])c([H])c1[H])C([H])([H])[H].CC(C)=CC=O|CCCCN|water|298.15,4,True,True,0.7999999999999999
oi_dft,46,*[C-](C(=O)OC([H])([H])[H])[N+]([H])=C(C(=O)N([H])C([H])([H])[H])C([H])([H])[H].COC1=C(OC)C(=O)C(C)=C(C)C1=O|CCCCN|water|298.15,4,True,True,1.0
oi_dft,46,*[c-]1c(=O)oc(-c2c([H])c([H])c([H])c([H])c2[H])[n+]1C([H])([H])[H].COC1=C(OC)C(=O)C(C)=C(C)C1=O|CCCCN|water|298.15,4,True,True,1.0
oi_dft,46,*[C-](C(=O)OC([H])([H])[H])[N+](=C(C(=O)OC([H])([H])[H])c1c([H])c([H])c([H])c([H])c1[H])C([H])([H])[H].C=C(C)/C=C/C=C(C)C|CCCCN|water|298.15,10,False,False,0.709090909090909
oi_dft,46,*[c-]1[o+]c(C(=O)OC([H])([H])[H])oc1=O.COC1=C(OC)C(=O)C(C)=C(C)C1=O|CCCCO|water|298.15,4,True,True,0.7999999999999999
oi_dft,46,*c1oc(=O)[c-](C(=O)N([H])C([H])([H])[H])[o+]1.COC1=C(OC)C(=O)C(C)=C(C)C1=O|CCCCO|water|298.15,4,True,True,1.0
oi_dft,46,*C(c1c([H])c([H])c([H])c([H])c1[H])=[N+]([H])[C-](C#N)C(=O)N([H])C([H])([H])[H].COC1=C(OC)C(=O)C(C)=C(C)C1=O|CCCCN|water|298.15,4,True,True,0.7999999999999999
oi_dft,46,*C(=O)C(C(=O)OC([H])([H])[H])=[N+]([H])[C-](C(=O)OC([H])([H])[H])c1c([H])c([H])c([H])c([H])c1[H].C=C(C)/C=C/C=C(C)C|CCCCN|water|298.15,11,False,False,0.6090909090909091
oi_dft,46,*[C-]([O+]=C(C(=O)N([H])C([H])([H])[H])c1c([H])c([H])c([H])c([H])c1[H])C(=O)N([H])C([H])([H])[H].COC1=C(OC)C(=O)C(C)=C(C)C1=O|CCCCO|water|298.15,3,True,True,
oi_dft,46,*[C-](c1c([H])c([H])c([H])c([H])c1[H])[N+](=C(C#N)c1c([H])c([H])c([H])c([H])c1[H])C([H])([H])[H].COC1=C(OC)C(=O)C(C)=C(C)C1=O|CCCCN|water|298.15,4,False,True,0.7999999999999999
oi_dft,46,*C(=[O+][C-](c1c([H])c([H])c([H])c([H])c1[H])C([H])([H])[H])C(=O)C([H])([H])[H].COC1=C(OC)C(=O)C(C)=C(C)C1=O|CCCCO|water|298.15,4,True,True,1.0
oi_dft,46,*[C-](C#N)[N+](=C(C(=O)N([H])C([H])([H])[H])c1c([H])c([H])c([H])c([H])c1[H])C([H])([H])[H].COC1=C(OC)C(=O)C(C)=C(C)C1=O|CCCCN|water|298.15,4,False,True,0.7999999999999999
disp_dft,42,*C#CC(=O)N([H])C([H])([H])[H].CC(=O)c1[nH+][c-](C)c(=O)o1|CCCCN|water|298.15,4,False,True,0.7999999999999999
disp_dft,42,*C(=O)C#CF.CNC(=O)c1[nH+][c-](C#N)c(=O)o1|CCCCN|water|298.15,3,False,True,
disp_dft,42,*C([H])=C([H])[H].N#Cc1oc(=O)[c-](-c2ccccc2)[o+]1|CCCCO|water|298.15,3,True,True,
disp_dft,42,*C1=C(C([H])([H])[H])C2([H])C([H])([H])C([H])([H])C1([H])C2([H])[H].COC(=O)[N-][N+]#CC(C)=O|CCCNN|water|298.15,3,False,True,
disp_dft,42,*C(=C(C([H])([H])[H])C([H])([H])[H])C([H])([H])[H].COC(=O)[c-]1[nH+]c(C(C)=O)oc1=O|CCCCN|water|298.15,3,True,True,
disp_dft,42,*C#CC(=O)OC([H])([H])[H].CNC(=O)[c-]1c(=O)oc(C#N)[n+]1C|CCCCN|water|298.15,4,False,False,-0.39999999999999997
disp_dft,42,*C(=[O+][N-]C([H])([H])[H])c1c([H])c([H])c([H])c([H])c1[H].CNC(=O)C1=C(C#N)C2CCC1C2|CCCNO|water|298.15,4,True,True,1.0
disp_dft,42,*[C-]([O+]=C(C#N)C(=O)OC([H])([H])[H])C([H])([H])[H].CNC(=O)C1=C(F)C2CCC1C2|CCCCO|water|298.15,4,False,True,0.0
disp_dft,42,*c1oc(=O)[c-](-c2c([H])c([H])c([H])c([H])c2[H])[n+]1C([H])([H])[H].CC(=O)C1=C(Cl)C2CCC1C2|CCCCN|water|298.15,4,True,True,1.0
disp_dft,42,*c1oc(=O)[c-](C(=O)OC([H])([H])[H])[o+]1.CC(=O)C1=C(Br)C2CCC1C2|CCCCO|water|298.15,4,False,True,0.7999999999999999
disp_dft,42,*C([H])=[N+]([C-](C#N)C(=O)C([H])([H])[H])C([H])([H])[H].N#CC1=C(c2ccccc2)C2CCC1C2|CCCCN|water|298.15,4,True,True,1.0
disp_dft,42,*C1=C([H])C2([H])C([H])([H])C([H])([H])C1([H])C2([H])[H].COC(=O)[C-](C)[O+]=C(c1ccccc1)c1ccccc1|CCCCO|water|298.15,3,True,True,
disp_dft,42,*C1=C(Br)C2([H])C([H])([H])C([H])([H])C1([H])C2([H])[H].CC(=O)c1[nH+][c-](-c2ccccc2)c(=O)o1|CCCCN|water|298.15,4,True,True,1.0
disp_dft,42,*C(c1c([H])c([H])c([H])c([H])c1[H])=[N+]([C-](C(=O)N([H])C([H])([H])[H])C([H])([H])[H])C([H])([H])[H].CC1=C(Br)C2C=CC1O2|CCCCN|water|298.15,7,False,True,0.5357142857142858
disp_dft,42,*C1=C(C(F)(F)F)C2([H])OC1([H])C([H])=C2[H].COC(=O)[C-]([N+]#CC(C)=O)c1ccccc1|CCCCN|water|298.15,5,True,True,0.8999999999999998
disp_dft,42,*C(=O)C1=C(Br)C2([H])OC1([H])C([H])=C2[H].CNC(=O)C(=[NH+][C-](C)C#N)C(=O)OC|CCCCN|water|298.15,8,True,True,0.9285714285714287
disp_dft,42,*C1(C([H])([H])[H])C#CC(c2c([H])c([H])c([H])c([H])c2[H])(c2c([H])c([H])c([H])c([H])c2[H])C([H])([H])C([H])([H])C([H])([H])C1([H])[H].CNC(=O)[C-](C#N)[NH+]=C(C)C#N|CCCCN|water|298.15,4,True,True,0.7999999999999999
disp_dft,42,*[C-]([O+]=C(C(=O)N([H])C([H])([H])[H])c1c([H])c([H])c([H])c([H])c1[H])C([H])([H])[H].CNC(=O)C1=C(Br)C2CCC1C2|CCCCO|water|298.15,3,True,True,
disp_dft,42,*C1([H])C#CC(C(=O)OC([H])([H])[H])(C(=O)OC([H])([H])[H])C([H])([H])C([H])([H])C([H])([H])C1([H])[H].CC(=O)[c-]1c(=O)oc(-c2ccccc2)[n+]1C|CCCCN|water|298.15,4,True,True,1.0
disp_dft,42,*C1(c2c([H])c([H])c([H])c([H])c2[H])C#CC(c2c([H])c([H])c([H])c([H])c2[H])(c2c([H])c([H])c([H])c([H])c2[H])C([H])([H])C([H])([H])C([H])([H])C1([H])[H].C[C-]([N+]#N)c1ccccc1|CCCNN|water|298.15,3,True,True,
disp_dft,42,*C#[N+][C-]([H])c1c([H])c([H])c([H])c([H])c1[H].C=C|CCCCN|water|298.15,3,True,True,
disp_dft,42,*[C-]([H])[N+](=C(C#N)C([H])([H])[H])C([H])([H])[H].C/C=C\C|CCCCN|water|298.15,3,False,True,
disp_dft,42,*C([H])=C(C([H])([H])[H])C([H])([H])[H].C[c-]1[o+]noc1=O|CCCNO|water|298.15,4,False,False,-0.39999999999999997
disp_dft,42,*[c-]1[o+]noc1=O.CC(C)=CC=O|CCCNO|water|298.15,4,True,True,0.39999999999999997
disp_dft,42,*[C-]([N+]#CC(=O)OC([H])([H])[H])C([H])([H])[H].CC(C)=CC=O|CCCCN|water|298.15,6,True,True,0.7142857142857143
disp_dft,42,*[C-]([H])[N+]#CC(=O)C([H])([H])[H].CC(C)=CC=O|CCCCN|water|298.15,4,True,True,0.39999999999999997
disp_dft,42,*[C-]([N+]#CC(=O)C([H])([H])[H])C(=O)C([H])([H])[H].CC(C)=CC=O|CCCCN|water|298.15,3,True,True,
disp_dft,42,*C#[N+][C-](c1c([H])c([H])c([H])c([H])c1[H])C([H])([H])[H].C/C=C\C|CCCCN|water|298.15,4,True,True,1.0
disp_dft,42,*C#[N+][C-](C([H])([H])[H])C([H])([H])[H].C=C(C)/C=C/C=C(C)C|CCCCN|water|298.15,9,False,True,0.7999999999999999
disp_dft,42,*C(C(=O)C([H])([H])[H])=[N+]([C-]([H])C([H])([H])[H])C([H])([H])[H].CC(C)=CC=O|CCCCN|water|298.15,4,False,True,0.7999999999999999
disp_dft,42,*C#[N+][C-](C#N)C(=O)C([H])([H])[H].CC(C)=C(C)C|CCCCN|water|298.15,3,False,True,
disp_dft,42,*C(C#N)=[N+]([H])[N-]C(=O)C([H])([H])[H].CC(C)=CC=O|CCCNN|water|298.15,4,True,True,1.0
disp_dft,42,*C(C(=O)OC([H])([H])[H])=[N+]([H])[N-]C#N.CC(C)=CC=O|CCCNN|water|298.15,4,False,True,-0.7999999999999999
disp_dft,42,*C(=O)[c-]1c(=O)oc(C([H])([H])[H])[n+]1[H].CC(C)=CC=O|CCCCN|water|298.15,3,False,True,
disp_dft,42,*[c-]1[o+]noc1=O.C=C(C)/C=C/C=C(C)C|CCCNO|water|298.15,8,True,True,0.9047619047619048
disp_dft,42,*[N-][N+]#CC([H])([H])[H].C=C(C)/C=C/C=C(C)C|CCCNN|water|298.15,7,False,True,0.8214285714285715
disp_dft,42,*[C-]([N+]#CC(=O)C([H])([H])[H])c1c([H])c([H])c([H])c([H])c1[H].C/C=C\C|CCCCN|water|298.15,3,True,True,
disp_dft,42,*C([H])=C(C([H])([H])[H])C([H])([H])[H].CNC(=O)[c-]1[nH+]c(C)oc1=O|CCCCN|water|298.15,4,True,True,0.39999999999999997
disp_dft,42,*c1oc(=O)[c-](C(=O)N([H])C([H])([H])[H])[n+]1[H].CC(C)=CC=O|CCCCN|water|298.15,4,False,True,-0.19999999999999998
disp_dft,42,*[C-]([N+]#CC(=O)C([H])([H])[H])c1c([H])c([H])c([H])c([H])c1[H].CC(C)=CC=O|CCCCN|water|298.15,5,True,True,0.8999999999999998
disp_dft,42,*c1oc(=O)[c-](C([H])([H])[H])[n+]1[H].C=C(C)/C=C/C=C(C)C|CCCCN|water|298.15,18,False,True,0.8596491228070176
disp_dft,42,*[C-]([N+]#N)C(=O)OC([H])([H])[H].C=C(C)/C=C/C=C(C)C|CCCNN|water|298.15,9,True,True,0.9333333333333332
disp_dft,42,*c1oc(=O)[c-](C([H])([H])[H])[n+]1[H].CN1C=CCC(C(N)=O)=C1|CCCCN|water|298.15,6,True,True,0.8857142857142858
disp_dft,42,*[c-]1c(=O)oc(C([H])([H])[H])[n+]1[H].CN1C=CCC(C(N)=O)=C1|CCCCN|water|298.15,12,False,True,0.9160839160839163
disp_dft,42,*[C-]([N+]#CC(=O)OC([H])([H])[H])C([H])([H])[H].C=C(C)/C=C/C=C(C)C|CCCCN|water|298.15,15,False,False,0.7785714285714285
disp_dft,42,*C#[N+][N-]c1c([H])c([H])c([H])c([H])c1[H].C=C(C)/C=C/C=C(C)C|CCCNN|water|298.15,3,False,True,
disp_dft,42,*[C-](C(=O)N([H])C([H])([H])[H])[N+]([H])=C(C(=O)N([H])C([H])([H])[H])C([H])([H])[H].CC(C)=CC=O|CCCCN|water|298.15,4,True,True,1.0
disp_dft,42,*C([H])=C(C([H])([H])[H])C([H])([H])[H].C[c-]1[nH+]c(-c2ccccc2)oc1=O|CCCCN|water|298.15,3,True,True,
disp_dft,42,*[c-]1[o+]c(C#N)oc1=O.CN1C=CCC(C(N)=O)=C1|CCCCO|water|298.15,5,True,True,0.7
disp_dft,42,*[C-]([N+]#CC#N)C(=O)OC([H])([H])[H].C=C(C)/C=C/C=C(C)C|CCCCN|water|298.15,14,True,True,0.7010989010989012
disp_dft,42,*C([H])=C(C([H])([H])[H])C([H])([H])[H].COC(=O)[N-][NH+]=Cc1ccccc1|CCCNN|water|298.15,3,False,True,
disp_dft,42,*[N+]([N-]C(=O)OC([H])([H])[H])=C([H])c1c([H])c([H])c([H])c([H])c1[H].CC(C)=CC=O|CCCNN|water|298.15,3,True,True,
disp_dft,42,*C(=O)C#[N+][C-](C(=O)C([H])([H])[H])C([H])([H])[H].C=C(C)/C=C/C=C(C)C|CCCCN|water|298.15,8,False,False,0.523809523809524
disp_dft,42,*[C-]([N+]#CC(=O)C([H])([H])[H])C(=O)C([H])([H])[H].C=C(C)/C=C/C=C(C)C|CCCCN|water|298.15,8,False,True,0.8333333333333335
disp_dft,42,*C(C(=O)OC([H])([H])[H])=[N+]([H])[C-]([H])C#N.C=C(C)/C=C/C=C(C)C|CCCCN|water|298.15,12,False,True,0.9720279720279721
disp_dft,42,*C(C(=O)N([H])C([H])([H])[H])=[N+]([C-]([H])C#N)C([H])([H])[H].CC(C)=CC=O|CCCCN|water|298.15,4,False,True,0.7999999999999999
disp_dft,42,*[C-]([H])[N+](=C(C(=O)N([H])C([H])([H])[H])C(=O)C([H])([H])[H])C([H])([H])[H].CC(C)=CC=O|CCCCN|water|298.15,4,True,True,1.0
disp_dft,42,*[C-](C#N)[N+]#CC(=O)OC([H])([H])[H].CN1C=CCC(C(N)=O)=C1|CCCCN|water|298.15,5,True,True,0.8999999999999998
disp_dft,42,*[C-]([N+]#CC#N)C([H])([H])[H].COC1=C(OC)C(=O)C(C)=C(C)C1=O|CCCCN|water|298.15,4,True,True,1.0
disp_dft,42,*[C-](C#N)[N+]([H])=C(C(=O)N([H])C([H])([H])[H])C([H])([H])[H].CN1C=CCC(C(N)=O)=C1|CCCCN|water|298.15,7,False,True,0.8571428571428573
disp_dft,42,*C([H])=C(C([H])([H])[H])C([H])([H])[H].C[CH-][N+](C)=C(C(C)=O)c1ccccc1|CCCCN|water|298.15,4,True,True,0.19999999999999998
disp_dft,42,*C([H])=[N+]([C-](c1c([H])c([H])c([H])c([H])c1[H])C([H])([H])[H])C([H])([H])[H].C=C(C)/C=C/C=C(C)C|CCCCN|water|298.15,15,False,False,0.95
disp_dft,42,*C([H])=[O+][N-]C(=O)OC([H])([H])[H].CN1C=CCC(C(N)=O)=C1|CCCNO|water|298.15,4,True,True,1.0
disp_dft,42,*[C-](C#N)[N+](=C(C(=O)N([H])C([H])([H])[H])C(=O)N([H])C([H])([H])[H])C([H])([H])[H].CC(C)=CC=O|CCCCN|water|298.15,4,False,True,0.7999999999999999
disp_dft,42,*c1oc(=O)[c-](C(=O)N([H])C([H])([H])[H])[n+]1[H].C=C(C)/C=C/C=C(C)C|CCCCN|water|298.15,11,False,True,0.8000000000000002
disp_dft,42,*C([H])=C(C([H])([H])[H])C([H])([H])[H].CC(=O)C#[N+][C-](C(C)=O)c1ccccc1|CCCCN|water|298.15,3,True,True,
disp_dft,42,*C(=O)C#[N+][C-](C(=O)C([H])([H])[H])c1c([H])c([H])c([H])c([H])c1[H].CC(C)=CC=O|CCCCN|water|298.15,3,True,True,
disp_dft,42,*C(=O)[C-]([N+]#CC#N)C(=O)C([H])([H])[H].C=C(C)/C=C/C=C(C)C|CCCCN|water|298.15,8,True,True,0.7619047619047621
disp_dft,42,*[C-]([N+]#CC#N)C(=O)C([H])([H])[H].C=C(C)/C=C/C=C(C)C|CCCCN|water|298.15,12,False,False,0.8461538461538463
disp_dft,42,*C#[N+][C-](C(=O)OC([H])([H])[H])C(=O)C([H])([H])[H].C=C(C)/C=C/C=C(C)C|CCCCN|water|298.15,10,False,False,0.7212121212121211
disp_dft,42,*C(C(=O)C([H])([H])[H])=[N+]([H])[N-]c1c([H])c([H])c([H])c([H])c1[H].C=C(C)/C=C/C=C(C)C|CCCNN|water|298.15,10,True,True,0.9030303030303028
disp_dft,42,*[C-]([N+]#CC#N)C(=O)N([H])C([H])([H])[H].C=C(C)/C=C/C=C(C)C|CCCCN|water|298.15,8,False,True,0.8333333333333335
disp_dft,42,*C(c1c([H])c([H])c([H])c([H])c1[H])=[N+]([N-][H])C([H])([H])[H].CN1C=CCC(C(N)=O)=C1|CCCNN|water|298.15,5,True,True,0.8999999999999998
disp_dft,42,*c1oc(=O)[c-](C(=O)N([H])C([H])([H])[H])[o+]1.C=C(C)/C=C/C=C(C)C|CCCCO|water|298.15,12,True,True,0.7062937062937064
disp_dft,42,*[c-]1c(=O)oc(C(=O)C([H])([H])[H])[n+]1C([H])([H])[H].CN1C=CCC(C(N)=O)=C1|CCCCN|water|298.15,10,False,False,0.9030303030303028
disp_dft,42,*[N-][N+]#CC(=O)N([H])C([H])([H])[H].COC1=C(OC)C(=O)C(C)=C(C)C1=O|CCCNN|water|298.15,3,False,True,
disp_dft,42,*C#[N+][C-](C#N)C([H])([H])[H].COC1=C(OC)C(=O)C(C)=C(C)C1=O|CCCCN|water|298.15,6,True,True,0.942857142857143
disp_dft,42,*C(C#N)=[N+]([C-](C(=O)N([H])C([H])([H])[H])C([H])([H])[H])C([H])([H])[H].CC(C)=CC=O|CCCCN|water|298.15,4,True,True,0.7999999999999999
disp_dft,42,*C(=[O+][N-]C(=O)OC([H])([H])[H])C(=O)N([H])C([H])([H])[H].CN1C=CCC(C(N)=O)=C1|CCCNO|water|298.15,3,True,True,
disp_dft,42,*C#[N+][C-](C(=O)N([H])C([H])([H])[H])c1c([H])c([H])c([H])c([H])c1[H].CC(C)=CC=O|CCCCN|water|298.15,4,False,True,0.39999999999999997
disp_dft,42,*[C-](C(=O)N([H])C([H])([H])[H])[N+](=C(C#N)C#N)C([H])([H])[H].CN1C=CCC(C(N)=O)=C1|CCCCN|water|298.15,8,True,True,0.9761904761904763
disp_dft,42,*[C-](C(=O)OC([H])([H])[H])[N+]([H])=C(C(=O)N([H])C([H])([H])[H])C(=O)N([H])C([H])([H])[H].CC(C)=CC=O|CCCCN|water|298.15,4,False,True,0.7999999999999999
disp_dft,42,*[C-]([N+]#CC#N)C(=O)N([H])C([H])([H])[H].CN1C=CCC(C(N)=O)=C1|CCCCN|water|298.15,4,True,True,1.0
disp_dft,42,*C#[N+][C-](C(=O)OC([H])([H])[H])c1c([H])c([H])c([H])c([H])c1[H].C=C(C)/C=C/C=C(C)C|CCCCN|water|298.15,7,False,True,0.7857142857142859
disp_dft,42,*[c-]1c(=O)oc(-c2c([H])c([H])c([H])c([H])c2[H])[n+]1[H].C=C(C)/C=C/C=C(C)C|CCCCN|water|298.15,18,False,True,0.8204334365325078
disp_dft,42,*C(=O)C#[N+][N-]C#N.COC1=C(OC)C(=O)C(C)=C(C)C1=O|CCCNN|water|298.15,3,True,True,
disp_dft,42,*[C-](C(=O)N([H])C([H])([H])[H])[N+](=C(C#N)c1c([H])c([H])c([H])c([H])c1[H])C([H])([H])[H].CC(C)=CC=O|CCCCN|water|298.15,4,True,True,0.7999999999999999
disp_dft,42,*C#[N+][C-](C(=O)OC([H])([H])[H])C(=O)OC([H])([H])[H].C=C(C)/C=C/C=C(C)C|CCCCN|water|298.15,6,True,True,0.7142857142857143
disp_dft,42,*C([H])=[O+][C-](C#N)c1c([H])c([H])c([H])c([H])c1[H].CN1C=CCC(C(N)=O)=C1|CCCCO|water|298.15,5,False,True,0.7999999999999999
disp_dft,42,*C(=O)[C-]([N+]#CC#N)c1c([H])c([H])c([H])c([H])c1[H].C=C(C)/C=C/C=C(C)C|CCCCN|water|298.15,9,False,False,0.5333333333333333
disp_dft,42,*C#[N+][C-](C(=O)C([H])([H])[H])c1c([H])c([H])c([H])c([H])c1[H].C=C(C)/C=C/C=C(C)C|CCCCN|water|298.15,9,False,True,0.8333333333333333
disp_dft,42,*c1oc(=O)[c-](C(=O)OC([H])([H])[H])[n+]1C([H])([H])[H].CN1C=CCC(C(N)=O)=C1|CCCCN|water|298.15,11,False,False,0.881818181818182
disp_dft,42,*c1oc(=O)[c-](-c2c([H])c([H])c([H])c([H])c2[H])[n+]1[H].CN1C=CCC(C(N)=O)=C1|CCCCN|water|298.15,7,True,True,0.9285714285714288
disp_dft,42,*C(=[N+]([H])[C-](C#N)c1c([H])c([H])c([H])c([H])c1[H])C([H])([H])[H].CN1C=CCC(C(N)=O)=C1|CCCCN|water|298.15,8,False,True,0.6190476190476191
disp_dft,42,*[C-](c1c([H])c([H])c([H])c([H])c1[H])[N+]([H])=C(C([H])([H])[H])C([H])([H])[H].CN1C=CCC(C(N)=O)=C1|CCCCN|water|298.15,8,True,True,0.6904761904761906
disp_dft,42,*[C-]([O+]=C([H])C(=O)C([H])([H])[H])c1c([H])c([H])c([H])c([H])c1[H].C=C(C)/C=C/C=C(C)C|CCCCO|water|298.15,10,False,True,0.7818181818181817
disp_dft,42,*[N-][O+]=C(C(=O)OC([H])([H])[H])C(=O)N([H])C([H])([H])[H].CN1C=CCC(C(N)=O)=C1|CCCNO|water|298.15,4,False,True,0.7999999999999999
disp_dft,42,*[c-]1c(=O)oc(C#N)[n+]1C([H])([H])[H].CN1C=CCC(C(N)=O)=C1|CCCCN|water|298.15,7,True,True,0.9642857142857145
disp_dft,42,*[N-][O+]=C([H])c1c([H])c([H])c([H])c([H])c1[H].CN1C=CCC(C(N)=O)=C1|CCCNO|water|298.15,5,True,True,0.8999999999999998
disp_dft,42,*C(C(=O)OC([H])([H])[H])=[N+]([H])[C-](C#N)C#N.C=C(C)/C=C/C=C(C)C|CCCCN|water|298.15,11,False,True,0.9
disp_dft,42,*[C-]([O+]=C([H])c1c([H])c([H])c([H])c([H])c1[H])C(=O)OC([H])([H])[H].C=C(C)/C=C/C=C(C)C|CCCCO|water|298.15,10,True,True,0.8909090909090909
disp_dft,42,*[c-]1[o+]c(C(=O)OC([H])([H])[H])oc1=O.CN1C=CCC(C(N)=O)=C1|CCCCO|water|298.15,6,True,True,1.0
disp_dft,42,*C(c1c([H])c([H])c([H])c([H])c1[H])=[N+]([C-](C#N)C#N)C([H])([H])[H].CN1C=CCC(C(N)=O)=C1|CCCCN|water|298.15,10,True,True,0.9757575757575757
disp_dft,42,*C([H])=C(C([H])([H])[H])C([H])([H])[H].CNC(=O)C(=[O+][N-]c1ccccc1)C(=O)OC|CCCNO|water|298.15,4,True,True,1.0
disp_dft,42,*C([H])=C(C([H])([H])[H])C([H])([H])[H].COC(=O)[CH-][O+]=C(C(=O)OC)c1ccccc1|CCCCO|water|298.15,4,False,True,0.6000000000000001
disp_dft,42,*C#[N+][C-](C(=O)C([H])([H])[H])C(=O)C([H])([H])[H].CN1C=CCC(C(N)=O)=C1|CCCCN|water|298.15,4,True,True,1.0
disp_dft,42,*[C-]([N+]#CC(=O)N([H])C([H])([H])[H])C(=O)OC([H])([H])[H].C=C(C)/C=C/C=C(C)C|CCCCN|water|298.15,10,False,True,0.8545454545454544
disp_dft,42,*C(c1c([H])c([H])c([H])c([H])c1[H])=[N+]([N-]C(=O)C([H])([H])[H])C([H])([H])[H].C=C(C)/C=C/C=C(C)C|CCCNN|water|298.15,7,False,False,0.642857142857143
disp_dft,42,*[C-]([H])[O+]=C(C(=O)OC([H])([H])[H])c1c([H])c([H])c([H])c([H])c1[H].C=C(C)/C=C/C=C(C)C|CCCCO|water|298.15,10,False,True,0.8303030303030302
disp_dft,42,*[C-]([N+]#Cc1c([H])c([H])c([H])c([H])c1[H])c1c([H])c([H])c([H])c([H])c1[H].CN1C=CCC(C(N)=O)=C1|CCCCN|water|298.15,7,True,True,0.9642857142857145
disp_dft,42,*C#[N+][C-](c1c([H])c([H])c([H])c([H])c1[H])c1c([H])c([H])c([H])c([H])c1[H].CN1C=CCC(C(N)=O)=C1|CCCCN|water|298.15,9,False,True,0.8666666666666667
disp_dft,42,*C(=[N+]([H])[C-](C(=O)N([H])C([H])([H])[H])C(=O)N([H])C([H])([H])[H])C([H])([H])[H].CN1C=CCC(C(N)=O)=C1|CCCCN|water|298.15,7,False,True,0.5357142857142858
disp_dft,42,*c1oc(=O)[c-](-c2c([H])c([H])c([H])c([H])c2[H])[n+]1C([H])([H])[H].CN1C=CCC(C(N)=O)=C1|CCCCN|water|298.15,8,True,True,0.9523809523809524
disp_dft,42,*[n+]1c(-c2c([H])c([H])c([H])c([H])c2[H])oc(=O)[c-]1C(=O)N([H])C([H])([H])[H].C=C(C)/C=C/C=C(C)C|CCCCN|water|298.15,11,True,True,0.9090909090909091
disp_dft,42,*C(=[O+][C-](C#N)C#N)C(=O)OC([H])([H])[H].CN1C=CCC(C(N)=O)=C1|CCCCO|water|298.15,5,True,True,0.9999999999999999
disp_dft,42,*[C-]([N+]#Cc1c([H])c([H])c([H])c([H])c1[H])C([H])([H])[H].COC1=C(OC)C(=O)C(C)=C(C)C1=O|CCCCN|water|298.15,3,True,True,
disp_dft,42,*C(=[O+][C-](C(=O)N([H])C([H])([H])[H])C(=O)N([H])C([H])([H])[H])c1c([H])c([H])c([H])c([H])c1[H].CC(C)=CC=O|CCCCO|water|298.15,4,True,True,0.19999999999999998
disp_dft,42,*C(=O)C#[N+][C-](C(=O)OC([H])([H])[H])C(=O)OC([H])([H])[H].CN1C=CCC(C(N)=O)=C1|CCCCN|water|298.15,6,True,True,0.6
disp_dft,42,*C(C(=O)OC([H])([H])[H])=[N+]([N-]C([H])([H])[H])C([H])([H])[H].COC1=C(OC)C(=O)C(C)=C(C)C1=O|CCCNN|water|298.15,4,True,True,0.7999999999999999
disp_dft,42,*C(=[O+][C-](C#N)C(=O)OC([H])([H])[H])c1c([H])c([H])c([H])c([H])c1[H].CN1C=CCC(C(N)=O)=C1|CCCCO|water|298.15,7,True,True,0.9285714285714288
disp_dft,42,*C(=O)c1oc(=O)[c-](-c2c([H])c([H])c([H])c([H])c2[H])[o+]1.CN1C=CCC(C(N)=O)=C1|CCCCO|water|298.15,7,True,True,0.9285714285714288
disp_dft,42,*c1oc(=O)[c-](-c2c([H])c([H])c([H])c([H])c2[H])[o+]1.CN1C=CCC(C(N)=O)=C1|CCCCO|water|298.15,11,True,True,0.9545454545454546
disp_dft,42,*[C-](C(=O)C([H])([H])[H])[N+](=C([H])C(=O)OC([H])([H])[H])C([H])([H])[H].CN1C=CCC(C(N)=O)=C1|CCCCN|water|298.15,7,True,True,0.6785714285714287
disp_dft,42,*C(C(=O)OC([H])([H])[H])=[N+]([C-](C(=O)C([H])([H])[H])C([H])([H])[H])C([H])([H])[H].CN1C=CCC(C(N)=O)=C1|CCCCN|water|298.15,5,True,True,0.8999999999999998
disp_dft,42,*[N+](=C(C(=O)N([H])C([H])([H])[H])c1c([H])c([H])c([H])c([H])c1[H])[C-](C(=O)OC([H])([H])[H])C(=O)C([H])([H])[H].CC(C)=CC=O|CCCCN|water|298.15,4,True,True,1.0
disp_dft,42,*[C-](C#N)[O+]=C(C(=O)OC([H])([H])[H])c1c([H])c([H])c([H])c([H])c1[H].CN1C=CCC(C(N)=O)=C1|CCCCO|water|298.15,6,True,True,0.8285714285714287
disp_dft,42,*[N+](=C([H])C(=O)N([H])C([H])([H])[H])[C-](C#N)C(=O)C([H])([H])[H].COC1=C(OC)C(=O)C(C)=C(C)C1=O|CCCCN|water|298.15,4,True,True,1.0
disp_dft,42,*C(=O)[C-]([N+](=C(C#N)C([H])([H])[H])C([H])([H])[H])C([H])([H])[H].COC1=C(OC)C(=O)C(C)=C(C)C1=O|CCCCN|water|298.15,4,True,True,1.0
disp_dft,42,*C(=[O+][C-]([H])C(=O)OC([H])([H])[H])C([H])([H])[H].COC1=C(OC)C(=O)C(C)=C(C)C1=O|CCCCO|water|298.15,3,True,True,
disp_dft,42,*c1oc(=O)[c-](-c2c([H])c([H])c([H])c([H])c2[H])[o+]1.COC1=C(OC)C(=O)C(C)=C(C)C1=O|CCCCO|water|298.15,4,True,True,1.0
disp_dft,42,*c1oc(=O)[c-](C(=O)OC([H])([H])[H])[o+]1.COC1=C(OC)C(=O)C(C)=C(C)C1=O|CCCCO|water|298.15,4,False,True,0.7999999999999999
disp_dft,42,*[c-]1[o+]c(C(=O)N([H])C([H])([H])[H])oc1=O.COC1=C(OC)C(=O)C(C)=C(C)C1=O|CCCCO|water|298.15,6,True,True,0.8285714285714287
disp_dft,42,*[C-](C(=O)C([H])([H])[H])[N+](=C(C(=O)N([H])C([H])([H])[H])c1c([H])c([H])c([H])c([H])c1[H])C([H])([H])[H].CC(C)=CC=O|CCCCN|water|298.15,4,False,True,0.6000000000000001
disp_dft,42,*[C-](C(=O)OC([H])([H])[H])[N+]([H])=C(C(=O)N([H])C([H])([H])[H])C([H])([H])[H].COC1=C(OC)C(=O)C(C)=C(C)C1=O|CCCCN|water|298.15,4,True,True,1.0
disp_dft,42,*[c-]1c(=O)oc(-c2c([H])c([H])c([H])c([H])c2[H])[n+]1C([H])([H])[H].COC1=C(OC)C(=O)C(C)=C(C)C1=O|CCCCN|water|298.15,4,True,True,0.19999999999999998
disp_dft,42,*[C-](C(=O)OC([H])([H])[H])[N+](=C(C(=O)OC([H])([H])[H])c1c([H])c([H])c([H])c([H])c1[H])C([H])([H])[H].C=C(C)/C=C/C=C(C)C|CCCCN|water|298.15,10,True,True,0.8545454545454544
disp_dft,42,*[c-]1[o+]c(C(=O)OC([H])([H])[H])oc1=O.COC1=C(OC)C(=O)C(C)=C(C)C1=O|CCCCO|water|298.15,4,True,True,1.0
disp_dft,42,*c1oc(=O)[c-](C(=O)N([H])C([H])([H])[H])[o+]1.COC1=C(OC)C(=O)C(C)=C(C)C1=O|CCCCO|water|298.15,4,True,True,1.0
disp_dft,42,*C(c1c([H])c([H])c([H])c([H])c1[H])=[N+]([H])[C-](C#N)C(=O)N([H])C([H])([H])[H].COC1=C(OC)C(=O)C(C)=C(C)C1=O|CCCCN|water|298.15,4,True,True,1.0
disp_dft,42,*C(=O)C(C(=O)OC([H])([H])[H])=[N+]([H])[C-](C(=O)OC([H])([H])[H])c1c([H])c([H])c([H])c([H])c1[H].C=C(C)/C=C/C=C(C)C|CCCCN|water|298.15,11,True,True,0.7181818181818183
disp_dft,42,*[C-]([O+]=C(C(=O)N([H])C([H])([H])[H])c1c([H])c([H])c([H])c([H])c1[H])C(=O)N([H])C([H])([H])[H].COC1=C(OC)C(=O)C(C)=C(C)C1=O|CCCCO|water|298.15,3,True,True,
disp_dft,42,*[C-](c1c([H])c([H])c([H])c([H])c1[H])[N+](=C(C#N)c1c([H])c([H])c([H])c([H])c1[H])C([H])([H])[H].COC1=C(OC)C(=O)C(C)=C(C)C1=O|CCCCN|water|298.15,4,True,True,1.0
disp_dft,42,*C(=[O+][C-](c1c([H])c([H])c([H])c([H])c1[H])C([H])([H])[H])C(=O)C([H])([H])[H].COC1=C(OC)C(=O)C(C)=C(C)C1=O|CCCCO|water|298.15,4,False,True,0.7999999999999999
disp_dft,42,*[C-](C#N)[N+](=C(C(=O)N([H])C([H])([H])[H])c1c([H])c([H])c([H])c([H])c1[H])C([H])([H])[H].COC1=C(OC)C(=O)C(C)=C(C)C1=O|CCCCN|water|298.15,4,True,True,0.7999999999999999
disp_dft,43,*C#CC(=O)N([H])C([H])([H])[H].CC(=O)c1[nH+][c-](C)c(=O)o1|CCCCN|water|298.15,4,False,True,0.7999999999999999
disp_dft,43,*C(=O)C#CF.CNC(=O)c1[nH+][c-](C#N)c(=O)o1|CCCCN|water|298.15,3,False,True,
disp_dft,43,*C([H])=C([H])[H].N#Cc1oc(=O)[c-](-c2ccccc2)[o+]1|CCCCO|water|298.15,3,False,True,
disp_dft,43,*C1=C(C([H])([H])[H])C2([H])C([H])([H])C([H])([H])C1([H])C2([H])[H].COC(=O)[N-][N+]#CC(C)=O|CCCNN|water|298.15,3,True,True,
disp_dft,43,*C(=C(C([H])([H])[H])C([H])([H])[H])C([H])([H])[H].COC(=O)[c-]1[nH+]c(C(C)=O)oc1=O|CCCCN|water|298.15,3,True,True,
disp_dft,43,*C#CC(=O)OC([H])([H])[H].CNC(=O)[c-]1c(=O)oc(C#N)[n+]1C|CCCCN|water|298.15,4,False,True,0.7999999999999999
disp_dft,43,*C(=[O+][N-]C([H])([H])[H])c1c([H])c([H])c([H])c([H])c1[H].CNC(=O)C1=C(C#N)C2CCC1C2|CCCNO|water|298.15,4,True,True,1.0
disp_dft,43,*[C-]([O+]=C(C#N)C(=O)OC([H])([H])[H])C([H])([H])[H].CNC(=O)C1=C(F)C2CCC1C2|CCCCO|water|298.15,4,False,True,0.39999999999999997
disp_dft,43,*c1oc(=O)[c-](-c2c([H])c([H])c([H])c([H])c2[H])[n+]1C([H])([H])[H].CC(=O)C1=C(Cl)C2CCC1C2|CCCCN|water|298.15,4,True,True,1.0
disp_dft,43,*c1oc(=O)[c-](C(=O)OC([H])([H])[H])[o+]1.CC(=O)C1=C(Br)C2CCC1C2|CCCCO|water|298.15,4,False,True,0.7999999999999999
disp_dft,43,*C([H])=[N+]([C-](C#N)C(=O)C([H])([H])[H])C([H])([H])[H].N#CC1=C(c2ccccc2)C2CCC1C2|CCCCN|water|298.15,4,True,True,1.0
disp_dft,43,*C1=C([H])C2([H])C([H])([H])C([H])([H])C1([H])C2([H])[H].COC(=O)[C-](C)[O+]=C(c1ccccc1)c1ccccc1|CCCCO|water|298.15,3,True,True,
disp_dft,43,*C1=C(Br)C2([H])C([H])([H])C([H])([H])C1([H])C2([H])[H].CC(=O)c1[nH+][c-](-c2ccccc2)c(=O)o1|CCCCN|water|298.15,4,True,True,1.0
disp_dft,43,*C(c1c([H])c([H])c([H])c([H])c1[H])=[N+]([C-](C(=O)N([H])C([H])([H])[H])C([H])([H])[H])C([H])([H])[H].CC1=C(Br)C2C=CC1O2|CCCCN|water|298.15,7,False,True,0.642857142857143
disp_dft,43,*C1=C(C(F)(F)F)C2([H])OC1([H])C([H])=C2[H].COC(=O)[C-]([N+]#CC(C)=O)c1ccccc1|CCCCN|water|298.15,5,True,True,0.8999999999999998
disp_dft,43,*C(=O)C1=C(Br)C2([H])OC1([H])C([H])=C2[H].CNC(=O)C(=[NH+][C-](C)C#N)C(=O)OC|CCCCN|water|298.15,8,True,True,0.9047619047619048
disp_dft,43,*C1(C([H])([H])[H])C#CC(c2c([H])c([H])c([H])c([H])c2[H])(c2c([H])c([H])c([H])c([H])c2[H])C([H])([H])C([H])([H])C([H])([H])C1([H])[H].CNC(=O)[C-](C#N)[NH+]=C(C)C#N|CCCCN|water|298.15,4,True,True,0.7999999999999999
disp_dft,43,*[C-]([O+]=C(C(=O)N([H])C([H])([H])[H])c1c([H])c([H])c([H])c([H])c1[H])C([H])([H])[H].CNC(=O)C1=C(Br)C2CCC1C2|CCCCO|water|298.15,3,True,True,
disp_dft,43,*C1([H])C#CC(C(=O)OC([H])([H])[H])(C(=O)OC([H])([H])[H])C([H])([H])C([H])([H])C([H])([H])C1([H])[H].CC(=O)[c-]1c(=O)oc(-c2ccccc2)[n+]1C|CCCCN|water|298.15,4,True,True,0.7999999999999999
disp_dft,43,*C1(c2c([H])c([H])c([H])c([H])c2[H])C#CC(c2c([H])c([H])c([H])c([H])c2[H])(c2c([H])c([H])c([H])c([H])c2[H])C([H])([H])C([H])([H])C([H])([H])C1([H])[H].C[C-]([N+]#N)c1ccccc1|CCCNN|water|298.15,3,True,True,
disp_dft,43,*C#[N+][C-]([H])c1c([H])c([H])c([H])c([H])c1[H].C=C|CCCCN|water|298.15,3,True,True,
disp_dft,43,*[C-]([H])[N+](=C(C#N)C([H])([H])[H])C([H])([H])[H].C/C=C\C|CCCCN|water|298.15,3,True,True,
disp_dft,43,*C([H])=C(C([H])([H])[H])C([H])([H])[H].C[c-]1[o+]noc1=O|CCCNO|water|298.15,4,False,True,0.0
disp_dft,43,*[c-]1[o+]noc1=O.CC(C)=CC=O|CCCNO|water|298.15,4,False,False,-0.7999999999999999
disp_dft,43,*[C-]([N+]#CC(=O)OC([H])([H])[H])C([H])([H])[H].CC(C)=CC=O|CCCCN|water|298.15,6,True,True,0.7714285714285715
disp_dft,43,*[C-]([H])[N+]#CC(=O)C([H])([H])[H].CC(C)=CC=O|CCCCN|water|298.15,4,True,True,0.39999999999999997
disp_dft,43,*[C-]([N+]#CC(=O)C([H])([H])[H])C(=O)C([H])([H])[H].CC(C)=CC=O|CCCCN|water|298.15,3,True,True,
disp_dft,43,*C#[N+][C-](c1c([H])c([H])c([H])c([H])c1[H])C([H])([H])[H].C/C=C\C|CCCCN|water|298.15,4,False,True,0.39999999999999997
disp_dft,43,*C#[N+][C-](C([H])([H])[H])C([H])([H])[H].C=C(C)/C=C/C=C(C)C|CCCCN|water|298.15,9,True,True,0.9500000000000001
disp_dft,43,*C(C(=O)C([H])([H])[H])=[N+]([C-]([H])C([H])([H])[H])C([H])([H])[H].CC(C)=CC=O|CCCCN|water|298.15,4,False,True,0.6000000000000001
disp_dft,43,*C#[N+][C-](C#N)C(=O)C([H])([H])[H].CC(C)=C(C)C|CCCCN|water|298.15,3,True,True,
disp_dft,43,*C(C#N)=[N+]([H])[N-]C(=O)C([H])([H])[H].CC(C)=CC=O|CCCNN|water|298.15,4,True,True,1.0
disp_dft,43,*C(C(=O)OC([H])([H])[H])=[N+]([H])[N-]C#N.CC(C)=CC=O|CCCNN|water|298.15,4,False,False,-0.7999999999999999
disp_dft,43,*C(=O)[c-]1c(=O)oc(C([H])([H])[H])[n+]1[H].CC(C)=CC=O|CCCCN|water|298.15,3,False,True,
disp_dft,43,*[c-]1[o+]noc1=O.C=C(C)/C=C/C=C(C)C|CCCNO|water|298.15,8,True,True,0.880952380952381
disp_dft,43,*[N-][N+]#CC([H])([H])[H].C=C(C)/C=C/C=C(C)C|CCCNN|water|298.15,7,True,True,0.5
disp_dft,43,*[C-]([N+]#CC(=O)C([H])([H])[H])c1c([H])c([H])c([H])c([H])c1[H].C/C=C\C|CCCCN|water|298.15,3,True,True,
disp_dft,43,*C([H])=C(C([H])([H])[H])C([H])([H])[H].CNC(=O)[c-]1[nH+]c(C)oc1=O|CCCCN|water|298.15,4,False,True,0.39999999999999997
disp_dft,43,*c1oc(=O)[c-](C(=O)N([H])C([H])([H])[H])[n+]1[H].CC(C)=CC=O|CCCCN|water|298.15,4,False,True,-0.19999999999999998
disp_dft,43,*[C-]([N+]#CC(=O)C([H])([H])[H])c1c([H])c([H])c([H])c([H])c1[H].CC(C)=CC=O|CCCCN|water|298.15,5,True,True,0.9999999999999999
disp_dft,43,*c1oc(=O)[c-](C([H])([H])[H])[n+]1[H].C=C(C)/C=C/C=C(C)C|CCCCN|water|298.15,18,True,True,0.8968008255933952
disp_dft,43,*[C-]([N+]#N)C(=O)OC([H])([H])[H].C=C(C)/C=C/C=C(C)C|CCCNN|water|298.15,9,False,True,0.9
disp_dft,43,*c1oc(=O)[c-](C([H])([H])[H])[n+]1[H].CN1C=CCC(C(N)=O)=C1|CCCCN|water|298.15,6,True,True,0.7142857142857143
disp_dft,43,*[c-]1c(=O)oc(C([H])([H])[H])[n+]1[H].CN1C=CCC(C(N)=O)=C1|CCCCN|water|298.15,12,True,True,0.9090909090909092
disp_dft,43,*[C-]([N+]#CC(=O)OC([H])([H])[H])C([H])([H])[H].C=C(C)/C=C/C=C(C)C|CCCCN|water|298.15,15,False,True,0.8535714285714284
disp_dft,43,*C#[N+][N-]c1c([H])c([H])c([H])c([H])c1[H].C=C(C)/C=C/C=C(C)C|CCCNN|water|298.15,3,True,True,
disp_dft,43,*[C-](C(=O)N([H])C([H])([H])[H])[N+]([H])=C(C(=O)N([H])C([H])([H])[H])C([H])([H])[H].CC(C)=CC=O|CCCCN|water|298.15,4,True,True,1.0
disp_dft,43,*C([H])=C(C([H])([H])[H])C([H])([H])[H].C[c-]1[nH+]c(-c2ccccc2)oc1=O|CCCCN|water|298.15,3,True,True,
disp_dft,43,*[c-]1[o+]c(C#N)oc1=O.CN1C=CCC(C(N)=O)=C1|CCCCO|water|298.15,5,True,True,0.8999999999999998
disp_dft,43,*[C-]([N+]#CC#N)C(=O)OC([H])([H])[H].C=C(C)/C=C/C=C(C)C|CCCCN|water|298.15,14,True,True,0.8109890109890111
disp_dft,43,*C([H])=C(C([H])([H])[H])C([H])([H])[H].COC(=O)[N-][NH+]=Cc1ccccc1|CCCNN|water|298.15,3,False,True,
disp_dft,43,*[N+]([N-]C(=O)OC([H])([H])[H])=C([H])c1c([H])c([H])c([H])c([H])c1[H].CC(C)=CC=O|CCCNN|water|298.15,3,True,True,
disp_dft,43,*C(=O)C#[N+][C-](C(=O)C([H])([H])[H])C([H])([H])[H].C=C(C)/C=C/C=C(C)C|CCCCN|water|298.15,8,False,True,0.4761904761904762
disp_dft,43,*[C-]([N+]#CC(=O)C([H])([H])[H])C(=O)C([H])([H])[H].C=C(C)/C=C/C=C(C)C|CCCCN|water|298.15,8,False,True,0.9285714285714287
disp_dft,43,*C(C(=O)OC([H])([H])[H])=[N+]([H])[C-]([H])C#N.C=C(C)/C=C/C=C(C)C|CCCCN|water|298.15,12,False,True,0.9440559440559443
disp_dft,43,*C(C(=O)N([H])C([H])([H])[H])=[N+]([C-]([H])C#N)C([H])([H])[H].CC(C)=CC=O|CCCCN|water|298.15,4,True,True,0.7999999999999999
disp_dft,43,*[C-]([H])[N+](=C(C(=O)N([H])C([H])([H])[H])C(=O)C([H])([H])[H])C([H])([H])[H].CC(C)=CC=O|CCCCN|water|298.15,4,True,True,0.7999999999999999
disp_dft,43,*[C-](C#N)[N+]#CC(=O)OC([H])([H])[H].CN1C=CCC(C(N)=O)=C1|CCCCN|water|298.15,5,True,True,0.7
disp_dft,43,*[C-]([N+]#CC#N)C([H])([H])[H].COC1=C(OC)C(=O)C(C)=C(C)C1=O|CCCCN|water|298.15,4,True,True,1.0
disp_dft,43,*[C-](C#N)[N+]([H])=C(C(=O)N([H])C([H])([H])[H])C([H])([H])[H].CN1C=CCC(C(N)=O)=C1|CCCCN|water|298.15,7,False,True,0.9642857142857145
disp_dft,43,*C([H])=C(C([H])([H])[H])C([H])([H])[H].C[CH-][N+](C)=C(C(C)=O)c1ccccc1|CCCCN|water|298.15,4,True,True,0.19999999999999998
disp_dft,43,*C([H])=[N+]([C-](c1c([H])c([H])c([H])c([H])c1[H])C([H])([H])[H])C([H])([H])[H].C=C(C)/C=C/C=C(C)C|CCCCN|water|298.15,15,False,True,0.9392857142857142
disp_dft,43,*C([H])=[O+][N-]C(=O)OC([H])([H])[H].CN1C=CCC(C(N)=O)=C1|CCCNO|water|298.15,4,True,True,0.7999999999999999
disp_dft,43,*[C-](C#N)[N+](=C(C(=O)N([H])C([H])([H])[H])C(=O)N([H])C([H])([H])[H])C([H])([H])[H].CC(C)=CC=O|CCCCN|water|298.15,4,True,True,1.0
disp_dft,43,*c1oc(=O)[c-](C(=O)N([H])C([H])([H])[H])[n+]1[H].C=C(C)/C=C/C=C(C)C|CCCCN|water|298.15,11,True,True,0.8727272727272729
disp_dft,43,*C([H])=C(C([H])([H])[H])C([H])([H])[H].CC(=O)C#[N+][C-](C(C)=O)c1ccccc1|CCCCN|water|298.15,3,True,True,
disp_dft,43,*C(=O)C#[N+][C-](C(=O)C([H])([H])[H])c1c([H])c([H])c([H])c([H])c1[H].CC(C)=CC=O|CCCCN|water|298.15,3,False,True,
disp_dft,43,*C(=O)[C-]([N+]#CC#N)C(=O)C([H])([H])[H].C=C(C)/C=C/C=C(C)C|CCCCN|water|298.15,8,True,True,0.7619047619047621
disp_dft,43,*[C-]([N+]#CC#N)C(=O)C([H])([H])[H].C=C(C)/C=C/C=C(C)C|CCCCN|water|298.15,12,False,True,0.8531468531468532
disp_dft,43,*C#[N+][C-](C(=O)OC([H])([H])[H])C(=O)C([H])([H])[H].C=C(C)/C=C/C=C(C)C|CCCCN|water|298.15,10,False,False,0.8787878787878788
disp_dft,43,*C(C(=O)C([H])([H])[H])=[N+]([H])[N-]c1c([H])c([H])c([H])c([H])c1[H].C=C(C)/C=C/C=C(C)C|CCCNN|water|298.15,10,False,True,0.8666666666666665
disp_dft,43,*[C-]([N+]#CC#N)C(=O)N([H])C([H])([H])[H].C=C(C)/C=C/C=C(C)C|CCCCN|water|298.15,8,False,True,0.6666666666666669
disp_dft,43,*C(c1c([H])c([H])c([H])c([H])c1[H])=[N+]([N-][H])C([H])([H])[H].CN1C=CCC(C(N)=O)=C1|CCCNN|water|298.15,5,True,True,0.8999999999999998
disp_dft,43,*c1oc(=O)[c-](C(=O)N([H])C([H])([H])[H])[o+]1.C=C(C)/C=C/C=C(C)C|CCCCO|water|298.15,12,True,True,0.7762237762237763
disp_dft,43,*[c-]1c(=O)oc(C(=O)C([H])([H])[H])[n+]1C([H])([H])[H].CN1C=CCC(C(N)=O)=C1|CCCCN|water|298.15,10,False,True,0.9030303030303028
disp_dft,43,*[N-][N+]#CC(=O)N([H])C([H])([H])[H].COC1=C(OC)C(=O)C(C)=C(C)C1=O|CCCNN|water|298.15,3,False,True,
disp_dft,43,*C#[N+][C-](C#N)C([H])([H])[H].COC1=C(OC)C(=O)C(C)=C(C)C1=O|CCCCN|water|298.15,6,True,True,0.7714285714285715
disp_dft,43,*C(C#N)=[N+]([C-](C(=O)N([H])C([H])([H])[H])C([H])([H])[H])C([H])([H])[H].CC(C)=CC=O|CCCCN|water|298.15,4,True,True,1.0
disp_dft,43,*C(=[O+][N-]C(=O)OC([H])([H])[H])C(=O)N([H])C([H])([H])[H].CN1C=CCC(C(N)=O)=C1|CCCNO|water|298.15,3,True,True,
disp_dft,43,*C#[N+][C-](C(=O)N([H])C([H])([H])[H])c1c([H])c([H])c([H])c([H])c1[H].CC(C)=CC=O|CCCCN|water|298.15,4,False,True,0.39999999999999997
disp_dft,43,*[C-](C(=O)N([H])C([H])([H])[H])[N+](=C(C#N)C#N)C([H])([H])[H].CN1C=CCC(C(N)=O)=C1|CCCCN|water|298.15,8,True,True,1.0
disp_dft,43,*[C-](C(=O)OC([H])([H])[H])[N+]([H])=C(C(=O)N([H])C([H])([H])[H])C(=O)N([H])C([H])([H])[H].CC(C)=CC=O|CCCCN|water|298.15,4,True,True,1.0
disp_dft,43,*[C-]([N+]#CC#N)C(=O)N([H])C([H])([H])[H].CN1C=CCC(C(N)=O)=C1|CCCCN|water|298.15,4,True,True,1.0
disp_dft,43,*C#[N+][C-](C(=O)OC([H])([H])[H])c1c([H])c([H])c([H])c([H])c1[H].C=C(C)/C=C/C=C(C)C|CCCCN|water|298.15,7,False,True,0.7857142857142859
disp_dft,43,*[c-]1c(=O)oc(-c2c([H])c([H])c([H])c([H])c2[H])[n+]1[H].C=C(C)/C=C/C=C(C)C|CCCCN|water|298.15,18,True,True,0.8802889576883385
disp_dft,43,*C(=O)C#[N+][N-]C#N.COC1=C(OC)C(=O)C(C)=C(C)C1=O|CCCNN|water|298.15,3,False,True,
disp_dft,43,*[C-](C(=O)N([H])C([H])([H])[H])[N+](=C(C#N)c1c([H])c([H])c([H])c([H])c1[H])C([H])([H])[H].CC(C)=CC=O|CCCCN|water|298.15,4,True,True,1.0
disp_dft,43,*C#[N+][C-](C(=O)OC([H])([H])[H])C(=O)OC([H])([H])[H].C=C(C)/C=C/C=C(C)C|CCCCN|water|298.15,6,True,True,0.5428571428571429
disp_dft,43,*C([H])=[O+][C-](C#N)c1c([H])c([H])c([H])c([H])c1[H].CN1C=CCC(C(N)=O)=C1|CCCCO|water|298.15,5,False,True,0.7999999999999999
disp_dft,43,*C(=O)[C-]([N+]#CC#N)c1c([H])c([H])c([H])c([H])c1[H].C=C(C)/C=C/C=C(C)C|CCCCN|water|298.15,9,False,False,0.38333333333333336
disp_dft,43,*C#[N+][C-](C(=O)C([H])([H])[H])c1c([H])c([H])c([H])c([H])c1[H].C=C(C)/C=C/C=C(C)C|CCCCN|water|298.15,9,False,True,0.8333333333333333
disp_dft,43,*c1oc(=O)[c-](C(=O)OC([H])([H])[H])[n+]1C([H])([H])[H].CN1C=CCC(C(N)=O)=C1|CCCCN|water|298.15,11,False,True,0.881818181818182
disp_dft,43,*c1oc(=O)[c-](-c2c([H])c([H])c([H])c([H])c2[H])[n+]1[H].CN1C=CCC(C(N)=O)=C1|CCCCN|water|298.15,7,True,True,0.9285714285714288
disp_dft,43,*C(=[N+]([H])[C-](C#N)c1c([H])c([H])c([H])c([H])c1[H])C([H])([H])[H].CN1C=CCC(C(N)=O)=C1|CCCCN|water|298.15,8,False,True,0.6666666666666669
disp_dft,43,*[C-](c1c([H])c([H])c([H])c([H])c1[H])[N+]([H])=C(C([H])([H])[H])C([H])([H])[H].CN1C=CCC(C(N)=O)=C1|CCCCN|water|298.15,8,True,True,0.6904761904761906
disp_dft,43,*[C-]([O+]=C([H])C(=O)C([H])([H])[H])c1c([H])c([H])c([H])c([H])c1[H].C=C(C)/C=C/C=C(C)C|CCCCO|water|298.15,10,True,True,0.8545454545454544
disp_dft,43,*[N-][O+]=C(C(=O)OC([H])([H])[H])C(=O)N([H])C([H])([H])[H].CN1C=CCC(C(N)=O)=C1|CCCNO|water|298.15,4,True,True,1.0
disp_dft,43,*[c-]1c(=O)oc(C#N)[n+]1C([H])([H])[H].CN1C=CCC(C(N)=O)=C1|CCCCN|water|298.15,7,True,True,0.8214285714285715
disp_dft,43,*[N-][O+]=C([H])c1c([H])c([H])c([H])c([H])c1[H].CN1C=CCC(C(N)=O)=C1|CCCNO|water|298.15,5,True,True,0.8999999999999998
disp_dft,43,*C(C(=O)OC([H])([H])[H])=[N+]([H])[C-](C#N)C#N.C=C(C)/C=C/C=C(C)C|CCCCN|water|298.15,11,False,True,0.8454545454545455
disp_dft,43,*[C-]([O+]=C([H])c1c([H])c([H])c([H])c([H])c1[H])C(=O)OC([H])([H])[H].C=C(C)/C=C/C=C(C)C|CCCCO|water|298.15,10,True,True,0.9030303030303028
disp_dft,43,*[c-]1[o+]c(C(=O)OC([H])([H])[H])oc1=O.CN1C=CCC(C(N)=O)=C1|CCCCO|water|298.15,6,True,True,1.0
disp_dft,43,*C(c1c([H])c([H])c([H])c([H])c1[H])=[N+]([C-](C#N)C#N)C([H])([H])[H].CN1C=CCC(C(N)=O)=C1|CCCCN|water|298.15,10,False,True,0.9636363636363635
disp_dft,43,*C([H])=C(C([H])([H])[H])C([H])([H])[H].CNC(=O)C(=[O+][N-]c1ccccc1)C(=O)OC|CCCNO|water|298.15,4,True,True,1.0
disp_dft,43,*C([H])=C(C([H])([H])[H])C([H])([H])[H].COC(=O)[CH-][O+]=C(C(=O)OC)c1ccccc1|CCCCO|water|298.15,4,False,True,0.6000000000000001
disp_dft,43,*C#[N+][C-](C(=O)C([H])([H])[H])C(=O)C([H])([H])[H].CN1C=CCC(C(N)=O)=C1|CCCCN|water|298.15,4,True,True,1.0
disp_dft,43,*[C-]([N+]#CC(=O)N([H])C([H])([H])[H])C(=O)OC([H])([H])[H].C=C(C)/C=C/C=C(C)C|CCCCN|water|298.15,10,False,True,0.8666666666666665
disp_dft,43,*C(c1c([H])c([H])c([H])c([H])c1[H])=[N+]([N-]C(=O)C([H])([H])[H])C([H])([H])[H].C=C(C)/C=C/C=C(C)C|CCCNN|water|298.15,7,False,False,0.6071428571428572
disp_dft,43,*[C-]([H])[O+]=C(C(=O)OC([H])([H])[H])c1c([H])c([H])c([H])c([H])c1[H].C=C(C)/C=C/C=C(C)C|CCCCO|water|298.15,10,False,True,0.8545454545454544
disp_dft,43,*[C-]([N+]#Cc1c([H])c([H])c([H])c([H])c1[H])c1c([H])c([H])c([H])c([H])c1[H].CN1C=CCC(C(N)=O)=C1|CCCCN|water|298.15,7,True,True,0.8928571428571429
disp_dft,43,*C#[N+][C-](c1c([H])c([H])c([H])c([H])c1[H])c1c([H])c([H])c([H])c([H])c1[H].CN1C=CCC(C(N)=O)=C1|CCCCN|water|298.15,9,False,True,0.9166666666666666
disp_dft,43,*C(=[N+]([H])[C-](C(=O)N([H])C([H])([H])[H])C(=O)N([H])C([H])([H])[H])C([H])([H])[H].CN1C=CCC(C(N)=O)=C1|CCCCN|water|298.15,7,False,True,0.7500000000000002
disp_dft,43,*c1oc(=O)[c-](-c2c([H])c([H])c([H])c([H])c2[H])[n+]1C([H])([H])[H].CN1C=CCC(C(N)=O)=C1|CCCCN|water|298.15,8,True,True,0.9523809523809524
disp_dft,43,*[n+]1c(-c2c([H])c([H])c([H])c([H])c2[H])oc(=O)[c-]1C(=O)N([H])C([H])([H])[H].C=C(C)/C=C/C=C(C)C|CCCCN|water|298.15,11,True,True,0.9363636363636365
disp_dft,43,*C(=[O+][C-](C#N)C#N)C(=O)OC([H])([H])[H].CN1C=CCC(C(N)=O)=C1|CCCCO|water|298.15,5,True,True,0.9999999999999999
disp_dft,43,*[C-]([N+]#Cc1c([H])c([H])c([H])c([H])c1[H])C([H])([H])[H].COC1=C(OC)C(=O)C(C)=C(C)C1=O|CCCCN|water|298.15,3,True,True,
disp_dft,43,*C(=[O+][C-](C(=O)N([H])C([H])([H])[H])C(=O)N([H])C([H])([H])[H])c1c([H])c([H])c([H])c([H])c1[H].CC(C)=CC=O|CCCCO|water|298.15,4,True,True,0.39999999999999997
disp_dft,43,*C(=O)C#[N+][C-](C(=O)OC([H])([H])[H])C(=O)OC([H])([H])[H].CN1C=CCC(C(N)=O)=C1|CCCCN|water|298.15,6,True,True,0.8285714285714287
disp_dft,43,*C(C(=O)OC([H])([H])[H])=[N+]([N-]C([H])([H])[H])C([H])([H])[H].COC1=C(OC)C(=O)C(C)=C(C)C1=O|CCCNN|water|298.15,4,True,True,1.0
disp_dft,43,*C(=[O+][C-](C#N)C(=O)OC([H])([H])[H])c1c([H])c([H])c([H])c([H])c1[H].CN1C=CCC(C(N)=O)=C1|CCCCO|water|298.15,7,True,True,0.8571428571428573
disp_dft,43,*C(=O)c1oc(=O)[c-](-c2c([H])c([H])c([H])c([H])c2[H])[o+]1.CN1C=CCC(C(N)=O)=C1|CCCCO|water|298.15,7,True,True,0.9642857142857145
disp_dft,43,*c1oc(=O)[c-](-c2c([H])c([H])c([H])c([H])c2[H])[o+]1.CN1C=CCC(C(N)=O)=C1|CCCCO|water|298.15,11,True,True,0.9636363636363637
disp_dft,43,*[C-](C(=O)C([H])([H])[H])[N+](=C([H])C(=O)OC([H])([H])[H])C([H])([H])[H].CN1C=CCC(C(N)=O)=C1|CCCCN|water|298.15,7,True,True,0.8571428571428573
disp_dft,43,*C(C(=O)OC([H])([H])[H])=[N+]([C-](C(=O)C([H])([H])[H])C([H])([H])[H])C([H])([H])[H].CN1C=CCC(C(N)=O)=C1|CCCCN|water|298.15,5,True,True,0.8999999999999998
disp_dft,43,*[N+](=C(C(=O)N([H])C([H])([H])[H])c1c([H])c([H])c([H])c([H])c1[H])[C-](C(=O)OC([H])([H])[H])C(=O)C([H])([H])[H].CC(C)=CC=O|CCCCN|water|298.15,4,True,True,1.0
disp_dft,43,*[C-](C#N)[O+]=C(C(=O)OC([H])([H])[H])c1c([H])c([H])c([H])c([H])c1[H].CN1C=CCC(C(N)=O)=C1|CCCCO|water|298.15,6,True,True,0.8285714285714287
disp_dft,43,*[N+](=C([H])C(=O)N([H])C([H])([H])[H])[C-](C#N)C(=O)C([H])([H])[H].COC1=C(OC)C(=O)C(C)=C(C)C1=O|CCCCN|water|298.15,4,True,True,1.0
disp_dft,43,*C(=O)[C-]([N+](=C(C#N)C([H])([H])[H])C([H])([H])[H])C([H])([H])[H].COC1=C(OC)C(=O)C(C)=C(C)C1=O|CCCCN|water|298.15,4,True,True,1.0
disp_dft,43,*C(=[O+][C-]([H])C(=O)OC([H])([H])[H])C([H])([H])[H].COC1=C(OC)C(=O)C(C)=C(C)C1=O|CCCCO|water|298.15,3,True,True,
disp_dft,43,*c1oc(=O)[c-](-c2c([H])c([H])c([H])c([H])c2[H])[o+]1.COC1=C(OC)C(=O)C(C)=C(C)C1=O|CCCCO|water|298.15,4,True,True,0.7999999999999999
disp_dft,43,*c1oc(=O)[c-](C(=O)OC([H])([H])[H])[o+]1.COC1=C(OC)C(=O)C(C)=C(C)C1=O|CCCCO|water|298.15,4,True,True,1.0
disp_dft,43,*[c-]1[o+]c(C(=O)N([H])C([H])([H])[H])oc1=O.COC1=C(OC)C(=O)C(C)=C(C)C1=O|CCCCO|water|298.15,6,True,True,0.8285714285714287
disp_dft,43,*[C-](C(=O)C([H])([H])[H])[N+](=C(C(=O)N([H])C([H])([H])[H])c1c([H])c([H])c([H])c([H])c1[H])C([H])([H])[H].CC(C)=CC=O|CCCCN|water|298.15,4,False,True,-0.39999999999999997
disp_dft,43,*[C-](C(=O)OC([H])([H])[H])[N+]([H])=C(C(=O)N([H])C([H])([H])[H])C([H])([H])[H].COC1=C(OC)C(=O)C(C)=C(C)C1=O|CCCCN|water|298.15,4,True,True,0.7999999999999999
disp_dft,43,*[c-]1c(=O)oc(-c2c([H])c([H])c([H])c([H])c2[H])[n+]1C([H])([H])[H].COC1=C(OC)C(=O)C(C)=C(C)C1=O|CCCCN|water|298.15,4,True,True,1.0
disp_dft,43,*[C-](C(=O)OC([H])([H])[H])[N+](=C(C(=O)OC([H])([H])[H])c1c([H])c([H])c([H])c([H])c1[H])C([H])([H])[H].C=C(C)/C=C/C=C(C)C|CCCCN|water|298.15,10,True,True,0.8181818181818182
disp_dft,43,*[c-]1[o+]c(C(=O)OC([H])([H])[H])oc1=O.COC1=C(OC)C(=O)C(C)=C(C)C1=O|CCCCO|water|298.15,4,True,True,1.0
disp_dft,43,*c1oc(=O)[c-](C(=O)N([H])C([H])([H])[H])[o+]1.COC1=C(OC)C(=O)C(C)=C(C)C1=O|CCCCO|water|298.15,4,True,True,0.7999999999999999
disp_dft,43,*C(c1c([H])c([H])c([H])c([H])c1[H])=[N+]([H])[C-](C#N)C(=O)N([H])C([H])([H])[H].COC1=C(OC)C(=O)C(C)=C(C)C1=O|CCCCN|water|298.15,4,True,True,1.0
disp_dft,43,*C(=O)C(C(=O)OC([H])([H])[H])=[N+]([H])[C-](C(=O)OC([H])([H])[H])c1c([H])c([H])c([H])c([H])c1[H].C=C(C)/C=C/C=C(C)C|CCCCN|water|298.15,11,False,True,0.7363636363636363
disp_dft,43,*[C-]([O+]=C(C(=O)N([H])C([H])([H])[H])c1c([H])c([H])c([H])c([H])c1[H])C(=O)N([H])C([H])([H])[H].COC1=C(OC)C(=O)C(C)=C(C)C1=O|CCCCO|water|298.15,3,True,True,
disp_dft,43,*[C-](c1c([H])c([H])c([H])c([H])c1[H])[N+](=C(C#N)c1c([H])c([H])c([H])c([H])c1[H])C([H])([H])[H].COC1=C(OC)C(=O)C(C)=C(C)C1=O|CCCCN|water|298.15,4,True,True,1.0
disp_dft,43,*C(=[O+][C-](c1c([H])c([H])c([H])c([H])c1[H])C([H])([H])[H])C(=O)C([H])([H])[H].COC1=C(OC)C(=O)C(C)=C(C)C1=O|CCCCO|water|298.15,4,True,True,0.7999999999999999
disp_dft,43,*[C-](C#N)[N+](=C(C(=O)N([H])C([H])([H])[H])c1c([H])c([H])c([H])c([H])c1[H])C([H])([H])[H].COC1=C(OC)C(=O)C(C)=C(C)C1=O|CCCCN|water|298.15,4,True,True,1.0
disp_dft,44,*C#CC(=O)N([H])C([H])([H])[H].CC(=O)c1[nH+][c-](C)c(=O)o1|CCCCN|water|298.15,4,False,True,0.7999999999999999
disp_dft,44,*C(=O)C#CF.CNC(=O)c1[nH+][c-](C#N)c(=O)o1|CCCCN|water|298.15,3,True,True,
disp_dft,44,*C([H])=C([H])[H].N#Cc1oc(=O)[c-](-c2ccccc2)[o+]1|CCCCO|water|298.15,3,True,True,
disp_dft,44,*C1=C(C([H])([H])[H])C2([H])C([H])([H])C([H])([H])C1([H])C2([H])[H].COC(=O)[N-][N+]#CC(C)=O|CCCNN|water|298.15,3,False,True,
disp_dft,44,*C(=C(C([H])([H])[H])C([H])([H])[H])C([H])([H])[H].COC(=O)[c-]1[nH+]c(C(C)=O)oc1=O|CCCCN|water|298.15,3,True,True,
disp_dft,44,*C#CC(=O)OC([H])([H])[H].CNC(=O)[c-]1c(=O)oc(C#N)[n+]1C|CCCCN|water|298.15,4,True,True,0.7999999999999999
disp_dft,44,*C(=[O+][N-]C([H])([H])[H])c1c([H])c([H])c([H])c([H])c1[H].CNC(=O)C1=C(C#N)C2CCC1C2|CCCNO|water|298.15,4,True,True,1.0
disp_dft,44,*[C-]([O+]=C(C#N)C(=O)OC([H])([H])[H])C([H])([H])[H].CNC(=O)C1=C(F)C2CCC1C2|CCCCO|water|298.15,4,True,True,0.7999999999999999
disp_dft,44,*c1oc(=O)[c-](-c2c([H])c([H])c([H])c([H])c2[H])[n+]1C([H])([H])[H].CC(=O)C1=C(Cl)C2CCC1C2|CCCCN|water|298.15,4,True,True,1.0
disp_dft,44,*c1oc(=O)[c-](C(=O)OC([H])([H])[H])[o+]1.CC(=O)C1=C(Br)C2CCC1C2|CCCCO|water|298.15,4,False,True,0.7999999999999999
disp_dft,44,*C([H])=[N+]([C-](C#N)C(=O)C([H])([H])[H])C([H])([H])[H].N#CC1=C(c2ccccc2)C2CCC1C2|CCCCN|water|298.15,4,True,True,1.0
disp_dft,44,*C1=C([H])C2([H])C([H])([H])C([H])([H])C1([H])C2([H])[H].COC(=O)[C-](C)[O+]=C(c1ccccc1)c1ccccc1|CCCCO|water|298.15,3,True,True,
disp_dft,44,*C1=C(Br)C2([H])C([H])([H])C([H])([H])C1([H])C2([H])[H].CC(=O)c1[nH+][c-](-c2ccccc2)c(=O)o1|CCCCN|water|298.15,4,True,True,1.0
disp_dft,44,*C(c1c([H])c([H])c([H])c([H])c1[H])=[N+]([C-](C(=O)N([H])C([H])([H])[H])C([H])([H])[H])C([H])([H])[H].CC1=C(Br)C2C=CC1O2|CCCCN|water|298.15,7,False,True,0.5357142857142858
disp_dft,44,*C1=C(C(F)(F)F)C2([H])OC1([H])C([H])=C2[H].COC(=O)[C-]([N+]#CC(C)=O)c1ccccc1|CCCCN|water|298.15,5,True,True,0.8999999999999998
disp_dft,44,*C(=O)C1=C(Br)C2([H])OC1([H])C([H])=C2[H].CNC(=O)C(=[NH+][C-](C)C#N)C(=O)OC|CCCCN|water|298.15,8,True,True,0.9285714285714287
disp_dft,44,*C1(C([H])([H])[H])C#CC(c2c([H])c([H])c([H])c([H])c2[H])(c2c([H])c([H])c([H])c([H])c2[H])C([H])([H])C([H])([H])C([H])([H])C1([H])[H].CNC(=O)[C-](C#N)[NH+]=C(C)C#N|CCCCN|water|298.15,4,True,True,0.7999999999999999
disp_dft,44,*[C-]([O+]=C(C(=O)N([H])C([H])([H])[H])c1c([H])c([H])c([H])c([H])c1[H])C([H])([H])[H].CNC(=O)C1=C(Br)C2CCC1C2|CCCCO|water|298.15,3,True,True,
disp_dft,44,*C1([H])C#CC(C(=O)OC([H])([H])[H])(C(=O)OC([H])([H])[H])C([H])([H])C([H])([H])C([H])([H])C1([H])[H].CC(=O)[c-]1c(=O)oc(-c2ccccc2)[n+]1C|CCCCN|water|298.15,4,True,True,1.0
disp_dft,44,*C1(c2c([H])c([H])c([H])c([H])c2[H])C#CC(c2c([H])c([H])c([H])c([H])c2[H])(c2c([H])c([H])c([H])c([H])c2[H])C([H])([H])C([H])([H])C([H])([H])C1([H])[H].C[C-]([N+]#N)c1ccccc1|CCCNN|water|298.15,3,False,True,
disp_dft,44,*C#[N+][C-]([H])c1c([H])c([H])c([H])c([H])c1[H].C=C|CCCCN|water|298.15,3,True,True,
disp_dft,44,*[C-]([H])[N+](=C(C#N)C([H])([H])[H])C([H])([H])[H].C/C=C\C|CCCCN|water|298.15,3,False,True,
disp_dft,44,*C([H])=C(C([H])([H])[H])C([H])([H])[H].C[c-]1[o+]noc1=O|CCCNO|water|298.15,4,False,True,-0.6000000000000001
disp_dft,44,*[c-]1[o+]noc1=O.CC(C)=CC=O|CCCNO|water|298.15,4,True,True,0.39999999999999997
disp_dft,44,*[C-]([N+]#CC(=O)OC([H])([H])[H])C([H])([H])[H].CC(C)=CC=O|CCCCN|water|298.15,6,True,True,0.8285714285714287
disp_dft,44,*[C-]([H])[N+]#CC(=O)C([H])([H])[H].CC(C)=CC=O|CCCCN|water|298.15,4,False,True,0.39999999999999997
disp_dft,44,*[C-]([N+]#CC(=O)C([H])([H])[H])C(=O)C([H])([H])[H].CC(C)=CC=O|CCCCN|water|298.15,3,True,True,
disp_dft,44,*C#[N+][C-](c1c([H])c([H])c([H])c([H])c1[H])C([H])([H])[H].C/C=C\C|CCCCN|water|298.15,4,True,True,1.0
disp_dft,44,*C#[N+][C-](C([H])([H])[H])C([H])([H])[H].C=C(C)/C=C/C=C(C)C|CCCCN|water|298.15,9,True,True,0.8666666666666667
disp_dft,44,*C(C(=O)C([H])([H])[H])=[N+]([C-]([H])C([H])([H])[H])C([H])([H])[H].CC(C)=CC=O|CCCCN|water|298.15,4,False,True,0.6000000000000001
disp_dft,44,*C#[N+][C-](C#N)C(=O)C([H])([H])[H].CC(C)=C(C)C|CCCCN|water|298.15,3,True,True,
disp_dft,44,*C(C#N)=[N+]([H])[N-]C(=O)C([H])([H])[H].CC(C)=CC=O|CCCNN|water|298.15,4,False,True,0.39999999999999997
disp_dft,44,*C(C(=O)OC([H])([H])[H])=[N+]([H])[N-]C#N.CC(C)=CC=O|CCCNN|water|298.15,4,False,True,-0.39999999999999997
disp_dft,44,*C(=O)[c-]1c(=O)oc(C([H])([H])[H])[n+]1[H].CC(C)=CC=O|CCCCN|water|298.15,3,False,True,
disp_dft,44,*[c-]1[o+]noc1=O.C=C(C)/C=C/C=C(C)C|CCCNO|water|298.15,8,True,True,0.9285714285714287
disp_dft,44,*[N-][N+]#CC([H])([H])[H].C=C(C)/C=C/C=C(C)C|CCCNN|water|298.15,7,True,True,0.642857142857143
disp_dft,44,*[C-]([N+]#CC(=O)C([H])([H])[H])c1c([H])c([H])c([H])c([H])c1[H].C/C=C\C|CCCCN|water|298.15,3,True,True,
disp_dft,44,*C([H])=C(C([H])([H])[H])C([H])([H])[H].CNC(=O)[c-]1[nH+]c(C)oc1=O|CCCCN|water|298.15,4,True,True,0.7999999999999999
disp_dft,44,*c1oc(=O)[c-](C(=O)N([H])C([H])([H])[H])[n+]1[H].CC(C)=CC=O|CCCCN|water|298.15,4,False,True,-0.19999999999999998
disp_dft,44,*[C-]([N+]#CC(=O)C([H])([H])[H])c1c([H])c([H])c([H])c([H])c1[H].CC(C)=CC=O|CCCCN|water|298.15,5,True,True,0.7999999999999999
disp_dft,44,*c1oc(=O)[c-](C([H])([H])[H])[n+]1[H].C=C(C)/C=C/C=C(C)C|CCCCN|water|298.15,18,True,True,0.9256965944272446
disp_dft,44,*[C-]([N+]#N)C(=O)OC([H])([H])[H].C=C(C)/C=C/C=C(C)C|CCCNN|water|298.15,9,True,True,0.9500000000000001
disp_dft,44,*c1oc(=O)[c-](C([H])([H])[H])[n+]1[H].CN1C=CCC(C(N)=O)=C1|CCCCN|water|298.15,6,True,True,0.7142857142857143
disp_dft,44,*[c-]1c(=O)oc(C([H])([H])[H])[n+]1[H].CN1C=CCC(C(N)=O)=C1|CCCCN|water|298.15,12,False,True,0.9370629370629372
disp_dft,44,*[C-]([N+]#CC(=O)OC([H])([H])[H])C([H])([H])[H].C=C(C)/C=C/C=C(C)C|CCCCN|water|298.15,15,False,True,0.8214285714285712
disp_dft,44,*C#[N+][N-]c1c([H])c([H])c([H])c([H])c1[H].C=C(C)/C=C/C=C(C)C|CCCNN|water|298.15,3,False,True,
disp_dft,44,*[C-](C(=O)N([H])C([H])([H])[H])[N+]([H])=C(C(=O)N([H])C([H])([H])[H])C([H])([H])[H].CC(C)=CC=O|CCCCN|water|298.15,4,True,True,0.7999999999999999
disp_dft,44,*C([H])=C(C([H])([H])[H])C([H])([H])[H].C[c-]1[nH+]c(-c2ccccc2)oc1=O|CCCCN|water|298.15,3,False,True,
disp_dft,44,*[c-]1[o+]c(C#N)oc1=O.CN1C=CCC(C(N)=O)=C1|CCCCO|water|298.15,5,True,True,0.9999999999999999
disp_dft,44,*[C-]([N+]#CC#N)C(=O)OC([H])([H])[H].C=C(C)/C=C/C=C(C)C|CCCCN|water|298.15,14,False,False,0.6923076923076923
disp_dft,44,*C([H])=C(C([H])([H])[H])C([H])([H])[H].COC(=O)[N-][NH+]=Cc1ccccc1|CCCNN|water|298.15,3,False,True,
disp_dft,44,*[N+]([N-]C(=O)OC([H])([H])[H])=C([H])c1c([H])c([H])c([H])c([H])c1[H].CC(C)=CC=O|CCCNN|water|298.15,3,True,True,
disp_dft,44,*C(=O)C#[N+][C-](C(=O)C([H])([H])[H])C([H])([H])[H].C=C(C)/C=C/C=C(C)C|CCCCN|water|298.15,8,False,True,0.6190476190476191
disp_dft,44,*[C-]([N+]#CC(=O)C([H])([H])[H])C(=O)C([H])([H])[H].C=C(C)/C=C/C=C(C)C|CCCCN|water|298.15,8,False,False,0.8095238095238096
disp_dft,44,*C(C(=O)OC([H])([H])[H])=[N+]([H])[C-]([H])C#N.C=C(C)/C=C/C=C(C)C|CCCCN|water|298.15,12,True,True,0.965034965034965
disp_dft,44,*C(C(=O)N([H])C([H])([H])[H])=[N+]([C-]([H])C#N)C([H])([H])[H].CC(C)=CC=O|CCCCN|water|298.15,4,True,True,1.0
disp_dft,44,*[C-]([H])[N+](=C(C(=O)N([H])C([H])([H])[H])C(=O)C([H])([H])[H])C([H])([H])[H].CC(C)=CC=O|CCCCN|water|298.15,4,True,True,1.0
disp_dft,44,*[C-](C#N)[N+]#CC(=O)OC([H])([H])[H].CN1C=CCC(C(N)=O)=C1|CCCCN|water|298.15,5,True,True,0.8999999999999998
disp_dft,44,*[C-]([N+]#CC#N)C([H])([H])[H].COC1=C(OC)C(=O)C(C)=C(C)C1=O|CCCCN|water|298.15,4,True,True,0.39999999999999997
disp_dft,44,*[C-](C#N)[N+]([H])=C(C(=O)N([H])C([H])([H])[H])C([H])([H])[H].CN1C=CCC(C(N)=O)=C1|CCCCN|water|298.15,7,False,True,0.9642857142857145
disp_dft,44,*C([H])=C(C([H])([H])[H])C([H])([H])[H].C[CH-][N+](C)=C(C(C)=O)c1ccccc1|CCCCN|water|298.15,4,True,True,0.7999999999999999
disp_dft,44,*C([H])=[N+]([C-](c1c([H])c([H])c([H])c([H])c1[H])C([H])([H])[H])C([H])([H])[H].C=C(C)/C=C/C=C(C)C|CCCCN|water|298.15,15,False,False,0.9035714285714285
disp_dft,44,*C([H])=[O+][N-]C(=O)OC([H])([H])[H].CN1C=CCC(C(N)=O)=C1|CCCNO|water|298.15,4,True,True,1.0
disp_dft,44,*[C-](C#N)[N+](=C(C(=O)N([H])C([H])([H])[H])C(=O)N([H])C([H])([H])[H])C([H])([H])[H].CC(C)=CC=O|CCCCN|water|298.15,4,True,True,1.0
disp_dft,44,*c1oc(=O)[c-](C(=O)N([H])C([H])([H])[H])[n+]1[H].C=C(C)/C=C/C=C(C)C|CCCCN|water|298.15,11,False,True,0.7727272727272727
disp_dft,44,*C([H])=C(C([H])([H])[H])C([H])([H])[H].CC(=O)C#[N+][C-](C(C)=O)c1ccccc1|CCCCN|water|298.15,3,False,True,
disp_dft,44,*C(=O)C#[N+][C-](C(=O)C([H])([H])[H])c1c([H])c([H])c([H])c([H])c1[H].CC(C)=CC=O|CCCCN|water|298.15,3,False,True,
disp_dft,44,*C(=O)[C-]([N+]#CC#N)C(=O)C([H])([H])[H].C=C(C)/C=C/C=C(C)C|CCCCN|water|298.15,8,True,True,0.8333333333333335
disp_dft,44,*[C-]([N+]#CC#N)C(=O)C([H])([H])[H].C=C(C)/C=C/C=C(C)C|CCCCN|water|298.15,12,False,True,0.8601398601398602
disp_dft,44,*C#[N+][C-](C(=O)OC([H])([H])[H])C(=O)C([H])([H])[H].C=C(C)/C=C/C=C(C)C|CCCCN|water|298.15,10,False,True,0.8666666666666665
disp_dft,44,*C(C(=O)C([H])([H])[H])=[N+]([H])[N-]c1c([H])c([H])c([H])c([H])c1[H].C=C(C)/C=C/C=C(C)C|CCCNN|water|298.15,10,False,True,0.8303030303030302
disp_dft,44,*[C-]([N+]#CC#N)C(=O)N([H])C([H])([H])[H].C=C(C)/C=C/C=C(C)C|CCCCN|water|298.15,8,False,True,0.6666666666666669
disp_dft,44,*C(c1c([H])c([H])c([H])c([H])c1[H])=[N+]([N-][H])C([H])([H])[H].CN1C=CCC(C(N)=O)=C1|CCCNN|water|298.15,5,False,True,0.7999999999999999
disp_dft,44,*c1oc(=O)[c-](C(=O)N([H])C([H])([H])[H])[o+]1.C=C(C)/C=C/C=C(C)C|CCCCO|water|298.15,12,False,True,0.8741258741258742
disp_dft,44,*[c-]1c(=O)oc(C(=O)C([H])([H])[H])[n+]1C([H])([H])[H].CN1C=CCC(C(N)=O)=C1|CCCCN|water|298.15,10,False,True,0.9272727272727272
disp_dft,44,*[N-][N+]#CC(=O)N([H])C([H])([H])[H].COC1=C(OC)C(=O)C(C)=C(C)C1=O|CCCNN|water|298.15,3,False,True,
disp_dft,44,*C#[N+][C-](C#N)C([H])([H])[H].COC1=C(OC)C(=O)C(C)=C(C)C1=O|CCCCN|water|298.15,6,True,True,0.8285714285714287
disp_dft,44,*C(C#N)=[N+]([C-](C(=O)N([H])C([H])([H])[H])C([H])([H])[H])C([H])([H])[H].CC(C)=CC=O|CCCCN|water|298.15,4,True,True,1.0
disp_dft,44,*C(=[O+][N-]C(=O)OC([H])([H])[H])C(=O)N([H])C([H])([H])[H].CN1C=CCC(C(N)=O)=C1|CCCNO|water|298.15,3,True,True,
disp_dft,44,*C#[N+][C-](C(=O)N([H])C([H])([H])[H])c1c([H])c([H])c([H])c([H])c1[H].CC(C)=CC=O|CCCCN|water|298.15,4,False,True,0.39999999999999997
disp_dft,44,*[C-](C(=O)N([H])C([H])([H])[H])[N+](=C(C#N)C#N)C([H])([H])[H].CN1C=CCC(C(N)=O)=C1|CCCCN|water|298.15,8,True,True,0.9761904761904763
disp_dft,44,*[C-](C(=O)OC([H])([H])[H])[N+]([H])=C(C(=O)N([H])C([H])([H])[H])C(=O)N([H])C([H])([H])[H].CC(C)=CC=O|CCCCN|water|298.15,4,False,True,0.7999999999999999
disp_dft,44,*[C-]([N+]#CC#N)C(=O)N([H])C([H])([H])[H].CN1C=CCC(C(N)=O)=C1|CCCCN|water|298.15,4,True,True,1.0
disp_dft,44,*C#[N+][C-](C(=O)OC([H])([H])[H])c1c([H])c([H])c([H])c([H])c1[H].C=C(C)/C=C/C=C(C)C|CCCCN|water|298.15,7,False,True,0.7857142857142859
disp_dft,44,*[c-]1c(=O)oc(-c2c([H])c([H])c([H])c([H])c2[H])[n+]1[H].C=C(C)/C=C/C=C(C)C|CCCCN|water|298.15,18,False,True,0.9195046439628484
disp_dft,44,*C(=O)C#[N+][N-]C#N.COC1=C(OC)C(=O)C(C)=C(C)C1=O|CCCNN|water|298.15,3,False,True,
disp_dft,44,*[C-](C(=O)N([H])C([H])([H])[H])[N+](=C(C#N)c1c([H])c([H])c([H])c([H])c1[H])C([H])([H])[H].CC(C)=CC=O|CCCCN|water|298.15,4,True,True,1.0
disp_dft,44,*C#[N+][C-](C(=O)OC([H])([H])[H])C(=O)OC([H])([H])[H].C=C(C)/C=C/C=C(C)C|CCCCN|water|298.15,6,True,True,0.5428571428571429
disp_dft,44,*C([H])=[O+][C-](C#N)c1c([H])c([H])c([H])c([H])c1[H].CN1C=CCC(C(N)=O)=C1|CCCCO|water|298.15,5,False,True,0.6
disp_dft,44,*C(=O)[C-]([N+]#CC#N)c1c([H])c([H])c([H])c([H])c1[H].C=C(C)/C=C/C=C(C)C|CCCCN|water|298.15,9,False,False,0.3
disp_dft,44,*C#[N+][C-](C(=O)C([H])([H])[H])c1c([H])c([H])c([H])c([H])c1[H].C=C(C)/C=C/C=C(C)C|CCCCN|water|298.15,9,False,False,0.7666666666666667
disp_dft,44,*c1oc(=O)[c-](C(=O)OC([H])([H])[H])[n+]1C([H])([H])[H].CN1C=CCC(C(N)=O)=C1|CCCCN|water|298.15,11,False,True,0.8363636363636365
disp_dft,44,*c1oc(=O)[c-](-c2c([H])c([H])c([H])c([H])c2[H])[n+]1[H].CN1C=CCC(C(N)=O)=C1|CCCCN|water|298.15,7,True,True,0.8928571428571429
disp_dft,44,*C(=[N+]([H])[C-](C#N)c1c([H])c([H])c([H])c([H])c1[H])C([H])([H])[H].CN1C=CCC(C(N)=O)=C1|CCCCN|water|298.15,8,False,True,0.6666666666666669
disp_dft,44,*[C-](c1c([H])c([H])c([H])c([H])c1[H])[N+]([H])=C(C([H])([H])[H])C([H])([H])[H].CN1C=CCC(C(N)=O)=C1|CCCCN|water|298.15,8,True,True,0.523809523809524
disp_dft,44,*[C-]([O+]=C([H])C(=O)C([H])([H])[H])c1c([H])c([H])c([H])c([H])c1[H].C=C(C)/C=C/C=C(C)C|CCCCO|water|298.15,10,True,True,0.8787878787878788
disp_dft,44,*[N-][O+]=C(C(=O)OC([H])([H])[H])C(=O)N([H])C([H])([H])[H].CN1C=CCC(C(N)=O)=C1|CCCNO|water|298.15,4,True,True,1.0
disp_dft,44,*[c-]1c(=O)oc(C#N)[n+]1C([H])([H])[H].CN1C=CCC(C(N)=O)=C1|CCCCN|water|298.15,7,True,True,0.9642857142857145
disp_dft,44,*[N-][O+]=C([H])c1c([H])c([H])c([H])c([H])c1[H].CN1C=CCC(C(N)=O)=C1|CCCNO|water|298.15,5,True,True,0.8999999999999998
disp_dft,44,*C(C(=O)OC([H])([H])[H])=[N+]([H])[C-](C#N)C#N.C=C(C)/C=C/C=C(C)C|CCCCN|water|298.15,11,False,True,0.8181818181818182
disp_dft,44,*[C-]([O+]=C([H])c1c([H])c([H])c([H])c([H])c1[H])C(=O)OC([H])([H])[H].C=C(C)/C=C/C=C(C)C|CCCCO|water|298.15,10,True,True,0.9272727272727272
disp_dft,44,*[c-]1[o+]c(C(=O)OC([H])([H])[H])oc1=O.CN1C=CCC(C(N)=O)=C1|CCCCO|water|298.15,6,True,True,0.942857142857143
disp_dft,44,*C(c1c([H])c([H])c([H])c([H])c1[H])=[N+]([C-](C#N)C#N)C([H])([H])[H].CN1C=CCC(C(N)=O)=C1|CCCCN|water|298.15,10,False,True,0.9151515151515152
disp_dft,44,*C([H])=C(C([H])([H])[H])C([H])([H])[H].CNC(=O)C(=[O+][N-]c1ccccc1)C(=O)OC|CCCNO|water|298.15,4,True,True,1.0
disp_dft,44,*C([H])=C(C([H])([H])[H])C([H])([H])[H].COC(=O)[CH-][O+]=C(C(=O)OC)c1ccccc1|CCCCO|water|298.15,4,True,True,1.0
disp_dft,44,*C#[N+][C-](C(=O)C([H])([H])[H])C(=O)C([H])([H])[H].CN1C=CCC(C(N)=O)=C1|CCCCN|water|298.15,4,True,True,0.7999999999999999
disp_dft,44,*[C-]([N+]#CC(=O)N([H])C([H])([H])[H])C(=O)OC([H])([H])[H].C=C(C)/C=C/C=C(C)C|CCCCN|water|298.15,10,False,True,0.8666666666666665
disp_dft,44,*C(c1c([H])c([H])c([H])c([H])c1[H])=[N+]([N-]C(=O)C([H])([H])[H])C([H])([H])[H].C=C(C)/C=C/C=C(C)C|CCCNN|water|298.15,7,False,True,0.7500000000000002
disp_dft,44,*[C-]([H])[O+]=C(C(=O)OC([H])([H])[H])c1c([H])c([H])c([H])c([H])c1[H].C=C(C)/C=C/C=C(C)C|CCCCO|water|298.15,10,False,True,0.8666666666666665
disp_dft,44,*[C-]([N+]#Cc1c([H])c([H])c([H])c([H])c1[H])c1c([H])c([H])c([H])c([H])c1[H].CN1C=CCC(C(N)=O)=C1|CCCCN|water|298.15,7,True,True,0.9642857142857145
disp_dft,44,*C#[N+][C-](c1c([H])c([H])c([H])c([H])c1[H])c1c([H])c([H])c([H])c([H])c1[H].CN1C=CCC(C(N)=O)=C1|CCCCN|water|298.15,9,False,True,0.8499999999999999
disp_dft,44,*C(=[N+]([H])[C-](C(=O)N([H])C([H])([H])[H])C(=O)N([H])C([H])([H])[H])C([H])([H])[H].CN1C=CCC(C(N)=O)=C1|CCCCN|water|298.15,7,False,True,0.7142857142857144
disp_dft,44,*c1oc(=O)[c-](-c2c([H])c([H])c([H])c([H])c2[H])[n+]1C([H])([H])[H].CN1C=CCC(C(N)=O)=C1|CCCCN|water|298.15,8,True,True,0.9761904761904763
disp_dft,44,*[n+]1c(-c2c([H])c([H])c([H])c([H])c2[H])oc(=O)[c-]1C(=O)N([H])C([H])([H])[H].C=C(C)/C=C/C=C(C)C|CCCCN|water|298.15,11,False,True,0.7727272727272727
disp_dft,44,*C(=[O+][C-](C#N)C#N)C(=O)OC([H])([H])[H].CN1C=CCC(C(N)=O)=C1|CCCCO|water|298.15,5,False,True,0.8999999999999998
disp_dft,44,*[C-]([N+]#Cc1c([H])c([H])c([H])c([H])c1[H])C([H])([H])[H].COC1=C(OC)C(=O)C(C)=C(C)C1=O|CCCCN|water|298.15,3,True,True,
disp_dft,44,*C(=[O+][C-](C(=O)N([H])C([H])([H])[H])C(=O)N([H])C([H])([H])[H])c1c([H])c([H])c([H])c([H])c1[H].CC(C)=CC=O|CCCCO|water|298.15,4,True,True,0.19999999999999998
disp_dft,44,*C(=O)C#[N+][C-](C(=O)OC([H])([H])[H])C(=O)OC([H])([H])[H].CN1C=CCC(C(N)=O)=C1|CCCCN|water|298.15,6,False,True,0.4285714285714286
disp_dft,44,*C(C(=O)OC([H])([H])[H])=[N+]([N-]C([H])([H])[H])C([H])([H])[H].COC1=C(OC)C(=O)C(C)=C(C)C1=O|CCCNN|water|298.15,4,True,True,1.0
disp_dft,44,*C(=[O+][C-](C#N)C(=O)OC([H])([H])[H])c1c([H])c([H])c([H])c([H])c1[H].CN1C=CCC(C(N)=O)=C1|CCCCO|water|298.15,7,True,True,0.8214285714285715
disp_dft,44,*C(=O)c1oc(=O)[c-](-c2c([H])c([H])c([H])c([H])c2[H])[o+]1.CN1C=CCC(C(N)=O)=C1|CCCCO|water|298.15,7,True,True,0.8571428571428573
disp_dft,44,*c1oc(=O)[c-](-c2c([H])c([H])c([H])c([H])c2[H])[o+]1.CN1C=CCC(C(N)=O)=C1|CCCCO|water|298.15,11,False,True,0.8454545454545455
disp_dft,44,*[C-](C(=O)C([H])([H])[H])[N+](=C([H])C(=O)OC([H])([H])[H])C([H])([H])[H].CN1C=CCC(C(N)=O)=C1|CCCCN|water|298.15,7,True,True,0.7857142857142859
disp_dft,44,*C(C(=O)OC([H])([H])[H])=[N+]([C-](C(=O)C([H])([H])[H])C([H])([H])[H])C([H])([H])[H].CN1C=CCC(C(N)=O)=C1|CCCCN|water|298.15,5,True,True,0.8999999999999998
disp_dft,44,*[N+](=C(C(=O)N([H])C([H])([H])[H])c1c([H])c([H])c([H])c([H])c1[H])[C-](C(=O)OC([H])([H])[H])C(=O)C([H])([H])[H].CC(C)=CC=O|CCCCN|water|298.15,4,True,True,0.7999999999999999
disp_dft,44,*[C-](C#N)[O+]=C(C(=O)OC([H])([H])[H])c1c([H])c([H])c([H])c([H])c1[H].CN1C=CCC(C(N)=O)=C1|CCCCO|water|298.15,6,True,True,0.7142857142857143
disp_dft,44,*[N+](=C([H])C(=O)N([H])C([H])([H])[H])[C-](C#N)C(=O)C([H])([H])[H].COC1=C(OC)C(=O)C(C)=C(C)C1=O|CCCCN|water|298.15,4,False,True,0.7999999999999999
disp_dft,44,*C(=O)[C-]([N+](=C(C#N)C([H])([H])[H])C([H])([H])[H])C([H])([H])[H].COC1=C(OC)C(=O)C(C)=C(C)C1=O|CCCCN|water|298.15,4,True,True,1.0
disp_dft,44,*C(=[O+][C-]([H])C(=O)OC([H])([H])[H])C([H])([H])[H].COC1=C(OC)C(=O)C(C)=C(C)C1=O|CCCCO|water|298.15,3,True,True,
disp_dft,44,*c1oc(=O)[c-](-c2c([H])c([H])c([H])c([H])c2[H])[o+]1.COC1=C(OC)C(=O)C(C)=C(C)C1=O|CCCCO|water|298.15,4,True,True,1.0
disp_dft,44,*c1oc(=O)[c-](C(=O)OC([H])([H])[H])[o+]1.COC1=C(OC)C(=O)C(C)=C(C)C1=O|CCCCO|water|298.15,4,True,True,1.0
disp_dft,44,*[c-]1[o+]c(C(=O)N([H])C([H])([H])[H])oc1=O.COC1=C(OC)C(=O)C(C)=C(C)C1=O|CCCCO|water|298.15,6,True,True,0.8285714285714287
disp_dft,44,*[C-](C(=O)C([H])([H])[H])[N+](=C(C(=O)N([H])C([H])([H])[H])c1c([H])c([H])c([H])c([H])c1[H])C([H])([H])[H].CC(C)=CC=O|CCCCN|water|298.15,4,False,True,-0.39999999999999997
disp_dft,44,*[C-](C(=O)OC([H])([H])[H])[N+]([H])=C(C(=O)N([H])C([H])([H])[H])C([H])([H])[H].COC1=C(OC)C(=O)C(C)=C(C)C1=O|CCCCN|water|298.15,4,True,True,0.7999999999999999
disp_dft,44,*[c-]1c(=O)oc(-c2c([H])c([H])c([H])c([H])c2[H])[n+]1C([H])([H])[H].COC1=C(OC)C(=O)C(C)=C(C)C1=O|CCCCN|water|298.15,4,True,True,1.0
disp_dft,44,*[C-](C(=O)OC([H])([H])[H])[N+](=C(C(=O)OC([H])([H])[H])c1c([H])c([H])c([H])c([H])c1[H])C([H])([H])[H].C=C(C)/C=C/C=C(C)C|CCCCN|water|298.15,10,True,True,0.8181818181818182
disp_dft,44,*[c-]1[o+]c(C(=O)OC([H])([H])[H])oc1=O.COC1=C(OC)C(=O)C(C)=C(C)C1=O|CCCCO|water|298.15,4,True,True,1.0
disp_dft,44,*c1oc(=O)[c-](C(=O)N([H])C([H])([H])[H])[o+]1.COC1=C(OC)C(=O)C(C)=C(C)C1=O|CCCCO|water|298.15,4,True,True,1.0
disp_dft,44,*C(c1c([H])c([H])c([H])c([H])c1[H])=[N+]([H])[C-](C#N)C(=O)N([H])C([H])([H])[H].COC1=C(OC)C(=O)C(C)=C(C)C1=O|CCCCN|water|298.15,4,True,True,1.0
disp_dft,44,*C(=O)C(C(=O)OC([H])([H])[H])=[N+]([H])[C-](C(=O)OC([H])([H])[H])c1c([H])c([H])c([H])c([H])c1[H].C=C(C)/C=C/C=C(C)C|CCCCN|water|298.15,11,True,True,0.7363636363636363
disp_dft,44,*[C-]([O+]=C(C(=O)N([H])C([H])([H])[H])c1c([H])c([H])c([H])c([H])c1[H])C(=O)N([H])C([H])([H])[H].COC1=C(OC)C(=O)C(C)=C(C)C1=O|CCCCO|water|298.15,3,True,True,
disp_dft,44,*[C-](c1c([H])c([H])c([H])c([H])c1[H])[N+](=C(C#N)c1c([H])c([H])c([H])c([H])c1[H])C([H])([H])[H].COC1=C(OC)C(=O)C(C)=C(C)C1=O|CCCCN|water|298.15,4,True,True,1.0
disp_dft,44,*C(=[O+][C-](c1c([H])c([H])c([H])c([H])c1[H])C([H])([H])[H])C(=O)C([H])([H])[H].COC1=C(OC)C(=O)C(C)=C(C)C1=O|CCCCO|water|298.15,4,True,True,0.7999999999999999
disp_dft,44,*[C-](C#N)[N+](=C(C(=O)N([H])C([H])([H])[H])c1c([H])c([H])c([H])c([H])c1[H])C([H])([H])[H].COC1=C(OC)C(=O)C(C)=C(C)C1=O|CCCCN|water|298.15,4,True,True,1.0
disp_dft,45,*C#CC(=O)N([H])C([H])([H])[H].CC(=O)c1[nH+][c-](C)c(=O)o1|CCCCN|water|298.15,4,False,True,0.7999999999999999
disp_dft,45,*C(=O)C#CF.CNC(=O)c1[nH+][c-](C#N)c(=O)o1|CCCCN|water|298.15,3,False,True,
disp_dft,45,*C([H])=C([H])[H].N#Cc1oc(=O)[c-](-c2ccccc2)[o+]1|CCCCO|water|298.15,3,True,True,
disp_dft,45,*C1=C(C([H])([H])[H])C2([H])C([H])([H])C([H])([H])C1([H])C2([H])[H].COC(=O)[N-][N+]#CC(C)=O|CCCNN|water|298.15,3,True,True,
disp_dft,45,*C(=C(C([H])([H])[H])C([H])([H])[H])C([H])([H])[H].COC(=O)[c-]1[nH+]c(C(C)=O)oc1=O|CCCCN|water|298.15,3,True,True,
disp_dft,45,*C#CC(=O)OC([H])([H])[H].CNC(=O)[c-]1c(=O)oc(C#N)[n+]1C|CCCCN|water|298.15,4,False,False,-0.39999999999999997
disp_dft,45,*C(=[O+][N-]C([H])([H])[H])c1c([H])c([H])c([H])c([H])c1[H].CNC(=O)C1=C(C#N)C2CCC1C2|CCCNO|water|298.15,4,True,True,0.7999999999999999
disp_dft,45,*[C-]([O+]=C(C#N)C(=O)OC([H])([H])[H])C([H])([H])[H].CNC(=O)C1=C(F)C2CCC1C2|CCCCO|water|298.15,4,True,True,0.7999999999999999
disp_dft,45,*c1oc(=O)[c-](-c2c([H])c([H])c([H])c([H])c2[H])[n+]1C([H])([H])[H].CC(=O)C1=C(Cl)C2CCC1C2|CCCCN|water|298.15,4,True,True,1.0
disp_dft,45,*c1oc(=O)[c-](C(=O)OC([H])([H])[H])[o+]1.CC(=O)C1=C(Br)C2CCC1C2|CCCCO|water|298.15,4,False,True,0.7999999999999999
disp_dft,45,*C([H])=[N+]([C-](C#N)C(=O)C([H])([H])[H])C([H])([H])[H].N#CC1=C(c2ccccc2)C2CCC1C2|CCCCN|water|298.15,4,True,True,1.0
disp_dft,45,*C1=C([H])C2([H])C([H])([H])C([H])([H])C1([H])C2([H])[H].COC(=O)[C-](C)[O+]=C(c1ccccc1)c1ccccc1|CCCCO|water|298.15,3,True,True,
disp_dft,45,*C1=C(Br)C2([H])C([H])([H])C([H])([H])C1([H])C2([H])[H].CC(=O)c1[nH+][c-](-c2ccccc2)c(=O)o1|CCCCN|water|298.15,4,True,True,1.0
disp_dft,45,*C(c1c([H])c([H])c([H])c([H])c1[H])=[N+]([C-](C(=O)N([H])C([H])([H])[H])C([H])([H])[H])C([H])([H])[H].CC1=C(Br)C2C=CC1O2|CCCCN|water|298.15,7,False,True,0.6071428571428572
disp_dft,45,*C1=C(C(F)(F)F)C2([H])OC1([H])C([H])=C2[H].COC(=O)[C-]([N+]#CC(C)=O)c1ccccc1|CCCCN|water|298.15,5,True,True,0.8999999999999998
disp_dft,45,*C(=O)C1=C(Br)C2([H])OC1([H])C([H])=C2[H].CNC(=O)C(=[NH+][C-](C)C#N)C(=O)OC|CCCCN|water|298.15,8,True,True,0.9761904761904763
disp_dft,45,*C1(C([H])([H])[H])C#CC(c2c([H])c([H])c([H])c([H])c2[H])(c2c([H])c([H])c([H])c([H])c2[H])C([H])([H])C([H])([H])C([H])([H])C1([H])[H].CNC(=O)[C-](C#N)[NH+]=C(C)C#N|CCCCN|water|298.15,4,True,True,1.0
disp_dft,45,*[C-]([O+]=C(C(=O)N([H])C([H])([H])[H])c1c([H])c([H])c([H])c([H])c1[H])C([H])([H])[H].CNC(=O)C1=C(Br)C2CCC1C2|CCCCO|water|298.15,3,True,True,
disp_dft,45,*C1([H])C#CC(C(=O)OC([H])([H])[H])(C(=O)OC([H])([H])[H])C([H])([H])C([H])([H])C([H])([H])C1([H])[H].CC(=O)[c-]1c(=O)oc(-c2ccccc2)[n+]1C|CCCCN|water|298.15,4,True,True,1.0
disp_dft,45,*C1(c2c([H])c([H])c([H])c([H])c2[H])C#CC(c2c([H])c([H])c([H])c([H])c2[H])(c2c([H])c([H])c([H])c([H])c2[H])C([H])([H])C([H])([H])C([H])([H])C1([H])[H].C[C-]([N+]#N)c1ccccc1|CCCNN|water|298.15,3,True,True,
disp_dft,45,*C#[N+][C-]([H])c1c([H])c([H])c([H])c([H])c1[H].C=C|CCCCN|water|298.15,3,True,True,
disp_dft,45,*[C-]([H])[N+](=C(C#N)C([H])([H])[H])C([H])([H])[H].C/C=C\C|CCCCN|water|298.15,3,False,True,
disp_dft,45,*C([H])=C(C([H])([H])[H])C([H])([H])[H].C[c-]1[o+]noc1=O|CCCNO|water|298.15,4,False,False,-0.19999999999999998
disp_dft,45,*[c-]1[o+]noc1=O.CC(C)=CC=O|CCCNO|water|298.15,4,True,True,0.39999999999999997
disp_dft,45,*[C-]([N+]#CC(=O)OC([H])([H])[H])C([H])([H])[H].CC(C)=CC=O|CCCCN|water|298.15,6,True,True,0.942857142857143
disp_dft,45,*[C-]([H])[N+]#CC(=O)C([H])([H])[H].CC(C)=CC=O|CCCCN|water|298.15,4,True,True,0.19999999999999998
disp_dft,45,*[C-]([N+]#CC(=O)C([H])([H])[H])C(=O)C([H])([H])[H].CC(C)=CC=O|CCCCN|water|298.15,3,True,True,
disp_dft,45,*C#[N+][C-](c1c([H])c([H])c([H])c([H])c1[H])C([H])([H])[H].C/C=C\C|CCCCN|water|298.15,4,False,True,0.39999999999999997
disp_dft,45,*C#[N+][C-](C([H])([H])[H])C([H])([H])[H].C=C(C)/C=C/C=C(C)C|CCCCN|water|298.15,9,True,True,0.7833333333333333
disp_dft,45,*C(C(=O)C([H])([H])[H])=[N+]([C-]([H])C([H])([H])[H])C([H])([H])[H].CC(C)=CC=O|CCCCN|water|298.15,4,False,True,0.6000000000000001
disp_dft,45,*C#[N+][C-](C#N)C(=O)C([H])([H])[H].CC(C)=C(C)C|CCCCN|water|298.15,3,True,True,
disp_dft,45,*C(C#N)=[N+]([H])[N-]C(=O)C([H])([H])[H].CC(C)=CC=O|CCCNN|water|298.15,4,True,True,1.0
disp_dft,45,*C(C(=O)OC([H])([H])[H])=[N+]([H])[N-]C#N.CC(C)=CC=O|CCCNN|water|298.15,4,True,True,0.39999999999999997
disp_dft,45,*C(=O)[c-]1c(=O)oc(C([H])([H])[H])[n+]1[H].CC(C)=CC=O|CCCCN|water|298.15,3,False,True,
disp_dft,45,*[c-]1[o+]noc1=O.C=C(C)/C=C/C=C(C)C|CCCNO|water|298.15,8,True,True,0.880952380952381
disp_dft,45,*[N-][N+]#CC([H])([H])[H].C=C(C)/C=C/C=C(C)C|CCCNN|water|298.15,7,True,True,0.5714285714285715
disp_dft,45,*[C-]([N+]#CC(=O)C([H])([H])[H])c1c([H])c([H])c([H])c([H])c1[H].C/C=C\C|CCCCN|water|298.15,3,True,True,
disp_dft,45,*C([H])=C(C([H])([H])[H])C([H])([H])[H].CNC(=O)[c-]1[nH+]c(C)oc1=O|CCCCN|water|298.15,4,True,True,0.7999999999999999
disp_dft,45,*c1oc(=O)[c-](C(=O)N([H])C([H])([H])[H])[n+]1[H].CC(C)=CC=O|CCCCN|water|298.15,4,False,True,-0.19999999999999998
disp_dft,45,*[C-]([N+]#CC(=O)C([H])([H])[H])c1c([H])c([H])c([H])c([H])c1[H].CC(C)=CC=O|CCCCN|water|298.15,5,True,True,0.8999999999999998
disp_dft,45,*c1oc(=O)[c-](C([H])([H])[H])[n+]1[H].C=C(C)/C=C/C=C(C)C|CCCCN|water|298.15,18,True,True,0.894736842105263
disp_dft,45,*[C-]([N+]#N)C(=O)OC([H])([H])[H].C=C(C)/C=C/C=C(C)C|CCCNN|water|298.15,9,False,True,0.8666666666666667
disp_dft,45,*c1oc(=O)[c-](C([H])([H])[H])[n+]1[H].CN1C=CCC(C(N)=O)=C1|CCCCN|water|298.15,6,True,True,0.8857142857142858
disp_dft,45,*[c-]1c(=O)oc(C([H])([H])[H])[n+]1[H].CN1C=CCC(C(N)=O)=C1|CCCCN|water|298.15,12,True,True,0.9860139860139862
disp_dft,45,*[C-]([N+]#CC(=O)OC([H])([H])[H])C([H])([H])[H].C=C(C)/C=C/C=C(C)C|CCCCN|water|298.15,15,True,True,0.8499999999999999
disp_dft,45,*C#[N+][N-]c1c([H])c([H])c([H])c([H])c1[H].C=C(C)/C=C/C=C(C)C|CCCNN|water|298.15,3,True,True,
disp_dft,45,*[C-](C(=O)N([H])C([H])([H])[H])[N+]([H])=C(C(=O)N([H])C([H])([H])[H])C([H])([H])[H].CC(C)=CC=O|CCCCN|water|298.15,4,True,True,1.0
disp_dft,45,*C([H])=C(C([H])([H])[H])C([H])([H])[H].C[c-]1[nH+]c(-c2ccccc2)oc1=O|CCCCN|water|298.15,3,True,True,
disp_dft,45,*[c-]1[o+]c(C#N)oc1=O.CN1C=CCC(C(N)=O)=C1|CCCCO|water|298.15,5,True,True,0.9999999999999999
disp_dft,45,*[C-]([N+]#CC#N)C(=O)OC([H])([H])[H].C=C(C)/C=C/C=C(C)C|CCCCN|water|298.15,14,True,True,0.7186813186813187
disp_dft,45,*C([H])=C(C([H])([H])[H])C([H])([H])[H].COC(=O)[N-][NH+]=Cc1ccccc1|CCCNN|water|298.15,3,False,True,
disp_dft,45,*[N+]([N-]C(=O)OC([H])([H])[H])=C([H])c1c([H])c([H])c([H])c([H])c1[H].CC(C)=CC=O|CCCNN|water|298.15,3,True,True,
disp_dft,45,*C(=O)C#[N+][C-](C(=O)C([H])([H])[H])C([H])([H])[H].C=C(C)/C=C/C=C(C)C|CCCCN|water|298.15,8,False,True,0.4761904761904762
disp_dft,45,*[C-]([N+]#CC(=O)C([H])([H])[H])C(=O)C([H])([H])[H].C=C(C)/C=C/C=C(C)C|CCCCN|water|298.15,8,False,True,0.6904761904761906
disp_dft,45,*C(C(=O)OC([H])([H])[H])=[N+]([H])[C-]([H])C#N.C=C(C)/C=C/C=C(C)C|CCCCN|water|298.15,12,False,True,0.9160839160839163
disp_dft,45,*C(C(=O)N([H])C([H])([H])[H])=[N+]([C-]([H])C#N)C([H])([H])[H].CC(C)=CC=O|CCCCN|water|298.15,4,False,True,0.7999999999999999
disp_dft,45,*[C-]([H])[N+](=C(C(=O)N([H])C([H])([H])[H])C(=O)C([H])([H])[H])C([H])([H])[H].CC(C)=CC=O|CCCCN|water|298.15,4,True,True,1.0
disp_dft,45,*[C-](C#N)[N+]#CC(=O)OC([H])([H])[H].CN1C=CCC(C(N)=O)=C1|CCCCN|water|298.15,5,True,True,0.8999999999999998
disp_dft,45,*[C-]([N+]#CC#N)C([H])([H])[H].COC1=C(OC)C(=O)C(C)=C(C)C1=O|CCCCN|water|298.15,4,True,True,1.0
disp_dft,45,*[C-](C#N)[N+]([H])=C(C(=O)N([H])C([H])([H])[H])C([H])([H])[H].CN1C=CCC(C(N)=O)=C1|CCCCN|water|298.15,7,False,True,0.8214285714285715
disp_dft,45,*C([H])=C(C([H])([H])[H])C([H])([H])[H].C[CH-][N+](C)=C(C(C)=O)c1ccccc1|CCCCN|water|298.15,4,True,True,0.7999999999999999
disp_dft,45,*C([H])=[N+]([C-](c1c([H])c([H])c([H])c([H])c1[H])C([H])([H])[H])C([H])([H])[H].C=C(C)/C=C/C=C(C)C|CCCCN|water|298.15,15,False,False,0.907142857142857
disp_dft,45,*C([H])=[O+][N-]C(=O)OC([H])([H])[H].CN1C=CCC(C(N)=O)=C1|CCCNO|water|298.15,4,True,True,0.7999999999999999
disp_dft,45,*[C-](C#N)[N+](=C(C(=O)N([H])C([H])([H])[H])C(=O)N([H])C([H])([H])[H])C([H])([H])[H].CC(C)=CC=O|CCCCN|water|298.15,4,False,True,0.7999999999999999
disp_dft,45,*c1oc(=O)[c-](C(=O)N([H])C([H])([H])[H])[n+]1[H].C=C(C)/C=C/C=C(C)C|CCCCN|water|298.15,11,True,True,0.790909090909091
disp_dft,45,*C([H])=C(C([H])([H])[H])C([H])([H])[H].CC(=O)C#[N+][C-](C(C)=O)c1ccccc1|CCCCN|water|298.15,3,True,True,
disp_dft,45,*C(=O)C#[N+][C-](C(=O)C([H])([H])[H])c1c([H])c([H])c([H])c([H])c1[H].CC(C)=CC=O|CCCCN|water|298.15,3,True,True,
disp_dft,45,*C(=O)[C-]([N+]#CC#N)C(=O)C([H])([H])[H].C=C(C)/C=C/C=C(C)C|CCCCN|water|298.15,8,True,True,0.880952380952381
disp_dft,45,*[C-]([N+]#CC#N)C(=O)C([H])([H])[H].C=C(C)/C=C/C=C(C)C|CCCCN|water|298.15,12,False,True,0.8881118881118882
disp_dft,45,*C#[N+][C-](C(=O)OC([H])([H])[H])C(=O)C([H])([H])[H].C=C(C)/C=C/C=C(C)C|CCCCN|water|298.15,10,False,True,0.9272727272727272
disp_dft,45,*C(C(=O)C([H])([H])[H])=[N+]([H])[N-]c1c([H])c([H])c([H])c([H])c1[H].C=C(C)/C=C/C=C(C)C|CCCNN|water|298.15,10,False,True,0.7212121212121211
disp_dft,45,*[C-]([N+]#CC#N)C(=O)N([H])C([H])([H])[H].C=C(C)/C=C/C=C(C)C|CCCCN|water|298.15,8,False,True,0.8095238095238096
disp_dft,45,*C(c1c([H])c([H])c([H])c([H])c1[H])=[N+]([N-][H])C([H])([H])[H].CN1C=CCC(C(N)=O)=C1|CCCNN|water|298.15,5,True,True,0.9999999999999999
disp_dft,45,*c1oc(=O)[c-](C(=O)N([H])C([H])([H])[H])[o+]1.C=C(C)/C=C/C=C(C)C|CCCCO|water|298.15,12,False,True,0.7902097902097903
disp_dft,45,*[c-]1c(=O)oc(C(=O)C([H])([H])[H])[n+]1C([H])([H])[H].CN1C=CCC(C(N)=O)=C1|CCCCN|water|298.15,10,True,True,0.9636363636363635
disp_dft,45,*[N-][N+]#CC(=O)N([H])C([H])([H])[H].COC1=C(OC)C(=O)C(C)=C(C)C1=O|CCCNN|water|298.15,3,False,True,
disp_dft,45,*C#[N+][C-](C#N)C([H])([H])[H].COC1=C(OC)C(=O)C(C)=C(C)C1=O|CCCCN|water|298.15,6,True,True,0.8285714285714287
disp_dft,45,*C(C#N)=[N+]([C-](C(=O)N([H])C([H])([H])[H])C([H])([H])[H])C([H])([H])[H].CC(C)=CC=O|CCCCN|water|298.15,4,True,True,0.7999999999999999
disp_dft,45,*C(=[O+][N-]C(=O)OC([H])([H])[H])C(=O)N([H])C([H])([H])[H].CN1C=CCC(C(N)=O)=C1|CCCNO|water|298.15,3,True,True,
disp_dft,45,*C#[N+][C-](C(=O)N([H])C([H])([H])[H])c1c([H])c([H])c([H])c([H])c1[H].CC(C)=CC=O|CCCCN|water|298.15,4,False,True,0.39999999999999997
disp_dft,45,*[C-](C(=O)N([H])C([H])([H])[H])[N+](=C(C#N)C#N)C([H])([H])[H].CN1C=CCC(C(N)=O)=C1|CCCCN|water|298.15,8,True,True,1.0
disp_dft,45,*[C-](C(=O)OC([H])([H])[H])[N+]([H])=C(C(=O)N([H])C([H])([H])[H])C(=O)N([H])C([H])([H])[H].CC(C)=CC=O|CCCCN|water|298.15,4,False,True,0.7999999999999999
disp_dft,45,*[C-]([N+]#CC#N)C(=O)N([H])C([H])([H])[H].CN1C=CCC(C(N)=O)=C1|CCCCN|water|298.15,4,True,True,1.0
disp_dft,45,*C#[N+][C-](C(=O)OC([H])([H])[H])c1c([H])c([H])c([H])c([H])c1[H].C=C(C)/C=C/C=C(C)C|CCCCN|water|298.15,7,False,True,0.7857142857142859
disp_dft,45,*[c-]1c(=O)oc(-c2c([H])c([H])c([H])c([H])c2[H])[n+]1[H].C=C(C)/C=C/C=C(C)C|CCCCN|water|298.15,18,True,True,0.8802889576883385
disp_dft,45,*C(=O)C#[N+][N-]C#N.COC1=C(OC)C(=O)C(C)=C(C)C1=O|CCCNN|water|298.15,3,False,True,
disp_dft,45,*[C-](C(=O)N([H])C([H])([H])[H])[N+](=C(C#N)c1c([H])c([H])c([H])c([H])c1[H])C([H])([H])[H].CC(C)=CC=O|CCCCN|water|298.15,4,True,True,1.0
disp_dft,45,*C#[N+][C-](C(=O)OC([H])([H])[H])C(=O)OC([H])([H])[H].C=C(C)/C=C/C=C(C)C|CCCCN|water|298.15,6,True,True,0.5428571428571429
disp_dft,45,*C([H])=[O+][C-](C#N)c1c([H])c([H])c([H])c([H])c1[H].CN1C=CCC(C(N)=O)=C1|CCCCO|water|298.15,5,False,True,0.7999999999999999
disp_dft,45,*C(=O)[C-]([N+]#CC#N)c1c([H])c([H])c([H])c([H])c1[H].C=C(C)/C=C/C=C(C)C|CCCCN|water|298.15,9,False,False,0.5499999999999999
disp_dft,45,*C#[N+][C-](C(=O)C([H])([H])[H])c1c([H])c([H])c([H])c([H])c1[H].C=C(C)/C=C/C=C(C)C|CCCCN|water|298.15,9,False,True,0.7999999999999999
disp_dft,45,*c1oc(=O)[c-](C(=O)OC([H])([H])[H])[n+]1C([H])([H])[H].CN1C=CCC(C(N)=O)=C1|CCCCN|water|298.15,11,True,True,0.9363636363636365
disp_dft,45,*c1oc(=O)[c-](-c2c([H])c([H])c([H])c([H])c2[H])[n+]1[H].CN1C=CCC(C(N)=O)=C1|CCCCN|water|298.15,7,True,True,0.9285714285714288
disp_dft,45,*C(=[N+]([H])[C-](C#N)c1c([H])c([H])c([H])c([H])c1[H])C([H])([H])[H].CN1C=CCC(C(N)=O)=C1|CCCCN|water|298.15,8,False,True,0.6190476190476191
disp_dft,45,*[C-](c1c([H])c([H])c([H])c([H])c1[H])[N+]([H])=C(C([H])([H])[H])C([H])([H])[H].CN1C=CCC(C(N)=O)=C1|CCCCN|water|298.15,8,True,True,0.6428571428571429
disp_dft,45,*[C-]([O+]=C([H])C(=O)C([H])([H])[H])c1c([H])c([H])c([H])c([H])c1[H].C=C(C)/C=C/C=C(C)C|CCCCO|water|298.15,10,False,True,0.8181818181818182
disp_dft,45,*[N-][O+]=C(C(=O)OC([H])([H])[H])C(=O)N([H])C([H])([H])[H].CN1C=CCC(C(N)=O)=C1|CCCNO|water|298.15,4,True,True,1.0
disp_dft,45,*[c-]1c(=O)oc(C#N)[n+]1C([H])([H])[H].CN1C=CCC(C(N)=O)=C1|CCCCN|water|298.15,7,True,True,0.9642857142857145
disp_dft,45,*[N-][O+]=C([H])c1c([H])c([H])c([H])c([H])c1[H].CN1C=CCC(C(N)=O)=C1|CCCNO|water|298.15,5,True,True,0.8999999999999998
disp_dft,45,*C(C(=O)OC([H])([H])[H])=[N+]([H])[C-](C#N)C#N.C=C(C)/C=C/C=C(C)C|CCCCN|water|298.15,11,False,True,0.9
disp_dft,45,*[C-]([O+]=C([H])c1c([H])c([H])c([H])c([H])c1[H])C(=O)OC([H])([H])[H].C=C(C)/C=C/C=C(C)C|CCCCO|water|298.15,10,True,True,0.9030303030303028
disp_dft,45,*[c-]1[o+]c(C(=O)OC([H])([H])[H])oc1=O.CN1C=CCC(C(N)=O)=C1|CCCCO|water|298.15,6,True,True,1.0
disp_dft,45,*C(c1c([H])c([H])c([H])c([H])c1[H])=[N+]([C-](C#N)C#N)C([H])([H])[H].CN1C=CCC(C(N)=O)=C1|CCCCN|water|298.15,10,False,True,0.9393939393939393
disp_dft,45,*C([H])=C(C([H])([H])[H])C([H])([H])[H].CNC(=O)C(=[O+][N-]c1ccccc1)C(=O)OC|CCCNO|water|298.15,4,False,True,0.6000000000000001
disp_dft,45,*C([H])=C(C([H])([H])[H])C([H])([H])[H].COC(=O)[CH-][O+]=C(C(=O)OC)c1ccccc1|CCCCO|water|298.15,4,True,True,0.7999999999999999
disp_dft,45,*C#[N+][C-](C(=O)C([H])([H])[H])C(=O)C([H])([H])[H].CN1C=CCC(C(N)=O)=C1|CCCCN|water|298.15,4,True,True,0.7999999999999999
disp_dft,45,*[C-]([N+]#CC(=O)N([H])C([H])([H])[H])C(=O)OC([H])([H])[H].C=C(C)/C=C/C=C(C)C|CCCCN|water|298.15,10,False,True,0.8787878787878788
disp_dft,45,*C(c1c([H])c([H])c([H])c([H])c1[H])=[N+]([N-]C(=O)C([H])([H])[H])C([H])([H])[H].C=C(C)/C=C/C=C(C)C|CCCNN|water|298.15,7,False,False,0.6785714285714287
disp_dft,45,*[C-]([H])[O+]=C(C(=O)OC([H])([H])[H])c1c([H])c([H])c([H])c([H])c1[H].C=C(C)/C=C/C=C(C)C|CCCCO|water|298.15,10,False,True,0.9151515151515152
disp_dft,45,*[C-]([N+]#Cc1c([H])c([H])c([H])c([H])c1[H])c1c([H])c([H])c([H])c([H])c1[H].CN1C=CCC(C(N)=O)=C1|CCCCN|water|298.15,7,True,True,0.8928571428571429
disp_dft,45,*C#[N+][C-](c1c([H])c([H])c([H])c([H])c1[H])c1c([H])c([H])c([H])c([H])c1[H].CN1C=CCC(C(N)=O)=C1|CCCCN|water|298.15,9,False,True,0.9
disp_dft,45,*C(=[N+]([H])[C-](C(=O)N([H])C([H])([H])[H])C(=O)N([H])C([H])([H])[H])C([H])([H])[H].CN1C=CCC(C(N)=O)=C1|CCCCN|water|298.15,7,False,True,0.6785714285714287
disp_dft,45,*c1oc(=O)[c-](-c2c([H])c([H])c([H])c([H])c2[H])[n+]1C([H])([H])[H].CN1C=CCC(C(N)=O)=C1|CCCCN|water|298.15,8,True,True,0.9761904761904763
disp_dft,45,*[n+]1c(-c2c([H])c([H])c([H])c([H])c2[H])oc(=O)[c-]1C(=O)N([H])C([H])([H])[H].C=C(C)/C=C/C=C(C)C|CCCCN|water|298.15,11,True,True,0.9818181818181818
disp_dft,45,*C(=[O+][C-](C#N)C#N)C(=O)OC([H])([H])[H].CN1C=CCC(C(N)=O)=C1|CCCCO|water|298.15,5,True,True,0.9999999999999999
disp_dft,45,*[C-]([N+]#Cc1c([H])c([H])c([H])c([H])c1[H])C([H])([H])[H].COC1=C(OC)C(=O)C(C)=C(C)C1=O|CCCCN|water|298.15,3,True,True,
disp_dft,45,*C(=[O+][C-](C(=O)N([H])C([H])([H])[H])C(=O)N([H])C([H])([H])[H])c1c([H])c([H])c([H])c([H])c1[H].CC(C)=CC=O|CCCCO|water|298.15,4,True,True,0.19999999999999998
disp_dft,45,*C(=O)C#[N+][C-](C(=O)OC([H])([H])[H])C(=O)OC([H])([H])[H].CN1C=CCC(C(N)=O)=C1|CCCCN|water|298.15,6,True,True,0.6
disp_dft,45,*C(C(=O)OC([H])([H])[H])=[N+]([N-]C([H])([H])[H])C([H])([H])[H].COC1=C(OC)C(=O)C(C)=C(C)C1=O|CCCNN|water|298.15,4,True,True,0.7999999999999999
disp_dft,45,*C(=[O+][C-](C#N)C(=O)OC([H])([H])[H])c1c([H])c([H])c([H])c([H])c1[H].CN1C=CCC(C(N)=O)=C1|CCCCO|water|298.15,7,False,True,0.7857142857142859
disp_dft,45,*C(=O)c1oc(=O)[c-](-c2c([H])c([H])c([H])c([H])c2[H])[o+]1.CN1C=CCC(C(N)=O)=C1|CCCCO|water|298.15,7,True,True,0.9642857142857145
disp_dft,45,*c1oc(=O)[c-](-c2c([H])c([H])c([H])c([H])c2[H])[o+]1.CN1C=CCC(C(N)=O)=C1|CCCCO|water|298.15,11,True,True,0.9818181818181818
disp_dft,45,*[C-](C(=O)C([H])([H])[H])[N+](=C([H])C(=O)OC([H])([H])[H])C([H])([H])[H].CN1C=CCC(C(N)=O)=C1|CCCCN|water|298.15,7,False,True,0.642857142857143
disp_dft,45,*C(C(=O)OC([H])([H])[H])=[N+]([C-](C(=O)C([H])([H])[H])C([H])([H])[H])C([H])([H])[H].CN1C=CCC(C(N)=O)=C1|CCCCN|water|298.15,5,True,True,0.9999999999999999
disp_dft,45,*[N+](=C(C(=O)N([H])C([H])([H])[H])c1c([H])c([H])c([H])c([H])c1[H])[C-](C(=O)OC([H])([H])[H])C(=O)C([H])([H])[H].CC(C)=CC=O|CCCCN|water|298.15,4,True,True,0.7999999999999999
disp_dft,45,*[C-](C#N)[O+]=C(C(=O)OC([H])([H])[H])c1c([H])c([H])c([H])c([H])c1[H].CN1C=CCC(C(N)=O)=C1|CCCCO|water|298.15,6,True,True,0.8285714285714287
disp_dft,45,*[N+](=C([H])C(=O)N([H])C([H])([H])[H])[C-](C#N)C(=O)C([H])([H])[H].COC1=C(OC)C(=O)C(C)=C(C)C1=O|CCCCN|water|298.15,4,True,True,1.0
disp_dft,45,*C(=O)[C-]([N+](=C(C#N)C([H])([H])[H])C([H])([H])[H])C([H])([H])[H].COC1=C(OC)C(=O)C(C)=C(C)C1=O|CCCCN|water|298.15,4,True,True,1.0
disp_dft,45,*C(=[O+][C-]([H])C(=O)OC([H])([H])[H])C([H])([H])[H].COC1=C(OC)C(=O)C(C)=C(C)C1=O|CCCCO|water|298.15,3,True,True,
disp_dft,45,*c1oc(=O)[c-](-c2c([H])c([H])c([H])c([H])c2[H])[o+]1.COC1=C(OC)C(=O)C(C)=C(C)C1=O|CCCCO|water|298.15,4,True,True,1.0
disp_dft,45,*c1oc(=O)[c-](C(=O)OC([H])([H])[H])[o+]1.COC1=C(OC)C(=O)C(C)=C(C)C1=O|CCCCO|water|298.15,4,True,True,1.0
disp_dft,45,*[c-]1[o+]c(C(=O)N([H])C([H])([H])[H])oc1=O.COC1=C(OC)C(=O)C(C)=C(C)C1=O|CCCCO|water|298.15,6,True,True,0.8285714285714287
disp_dft,45,*[C-](C(=O)C([H])([H])[H])[N+](=C(C(=O)N([H])C([H])([H])[H])c1c([H])c([H])c([H])c([H])c1[H])C([H])([H])[H].CC(C)=CC=O|CCCCN|water|298.15,4,False,True,-0.39999999999999997
disp_dft,45,*[C-](C(=O)OC([H])([H])[H])[N+]([H])=C(C(=O)N([H])C([H])([H])[H])C([H])([H])[H].COC1=C(OC)C(=O)C(C)=C(C)C1=O|CCCCN|water|298.15,4,True,True,0.7999999999999999
disp_dft,45,*[c-]1c(=O)oc(-c2c([H])c([H])c([H])c([H])c2[H])[n+]1C([H])([H])[H].COC1=C(OC)C(=O)C(C)=C(C)C1=O|CCCCN|water|298.15,4,True,True,0.39999999999999997
disp_dft,45,*[C-](C(=O)OC([H])([H])[H])[N+](=C(C(=O)OC([H])([H])[H])c1c([H])c([H])c([H])c([H])c1[H])C([H])([H])[H].C=C(C)/C=C/C=C(C)C|CCCCN|water|298.15,10,False,True,0.8303030303030302
disp_dft,45,*[c-]1[o+]c(C(=O)OC([H])([H])[H])oc1=O.COC1=C(OC)C(=O)C(C)=C(C)C1=O|CCCCO|water|298.15,4,True,True,1.0
disp_dft,45,*c1oc(=O)[c-](C(=O)N([H])C([H])([H])[H])[o+]1.COC1=C(OC)C(=O)C(C)=C(C)C1=O|CCCCO|water|298.15,4,True,True,1.0
disp_dft,45,*C(c1c([H])c([H])c([H])c([H])c1[H])=[N+]([H])[C-](C#N)C(=O)N([H])C([H])([H])[H].COC1=C(OC)C(=O)C(C)=C(C)C1=O|CCCCN|water|298.15,4,True,True,1.0
disp_dft,45,*C(=O)C(C(=O)OC([H])([H])[H])=[N+]([H])[C-](C(=O)OC([H])([H])[H])c1c([H])c([H])c([H])c([H])c1[H].C=C(C)/C=C/C=C(C)C|CCCCN|water|298.15,11,True,True,0.7181818181818183
disp_dft,45,*[C-]([O+]=C(C(=O)N([H])C([H])([H])[H])c1c([H])c([H])c([H])c([H])c1[H])C(=O)N([H])C([H])([H])[H].COC1=C(OC)C(=O)C(C)=C(C)C1=O|CCCCO|water|298.15,3,True,True,
disp_dft,45,*[C-](c1c([H])c([H])c([H])c([H])c1[H])[N+](=C(C#N)c1c([H])c([H])c([H])c([H])c1[H])C([H])([H])[H].COC1=C(OC)C(=O)C(C)=C(C)C1=O|CCCCN|water|298.15,4,True,True,1.0
disp_dft,45,*C(=[O+][C-](c1c([H])c([H])c([H])c([H])c1[H])C([H])([H])[H])C(=O)C([H])([H])[H].COC1=C(OC)C(=O)C(C)=C(C)C1=O|CCCCO|water|298.15,4,True,True,1.0
disp_dft,45,*[C-](C#N)[N+](=C(C(=O)N([H])C([H])([H])[H])c1c([H])c([H])c([H])c([H])c1[H])C([H])([H])[H].COC1=C(OC)C(=O)C(C)=C(C)C1=O|CCCCN|water|298.15,4,True,True,1.0
disp_dft,46,*C#CC(=O)N([H])C([H])([H])[H].CC(=O)c1[nH+][c-](C)c(=O)o1|CCCCN|water|298.15,4,False,True,0.7999999999999999
disp_dft,46,*C(=O)C#CF.CNC(=O)c1[nH+][c-](C#N)c(=O)o1|CCCCN|water|298.15,3,True,True,
disp_dft,46,*C([H])=C([H])[H].N#Cc1oc(=O)[c-](-c2ccccc2)[o+]1|CCCCO|water|298.15,3,False,True,
disp_dft,46,*C1=C(C([H])([H])[H])C2([H])C([H])([H])C([H])([H])C1([H])C2([H])[H].COC(=O)[N-][N+]#CC(C)=O|CCCNN|water|298.15,3,True,True,
disp_dft,46,*C(=C(C([H])([H])[H])C([H])([H])[H])C([H])([H])[H].COC(=O)[c-]1[nH+]c(C(C)=O)oc1=O|CCCCN|water|298.15,3,True,True,
disp_dft,46,*C#CC(=O)OC([H])([H])[H].CNC(=O)[c-]1c(=O)oc(C#N)[n+]1C|CCCCN|water|298.15,4,True,True,1.0
disp_dft,46,*C(=[O+][N-]C([H])([H])[H])c1c([H])c([H])c([H])c([H])c1[H].CNC(=O)C1=C(C#N)C2CCC1C2|CCCNO|water|298.15,4,True,True,1.0
disp_dft,46,*[C-]([O+]=C(C#N)C(=O)OC([H])([H])[H])C([H])([H])[H].CNC(=O)C1=C(F)C2CCC1C2|CCCCO|water|298.15,4,False,True,-0.6000000000000001
disp_dft,46,*c1oc(=O)[c-](-c2c([H])c([H])c([H])c([H])c2[H])[n+]1C([H])([H])[H].CC(=O)C1=C(Cl)C2CCC1C2|CCCCN|water|298.15,4,True,True,1.0
disp_dft,46,*c1oc(=O)[c-](C(=O)OC([H])([H])[H])[o+]1.CC(=O)C1=C(Br)C2CCC1C2|CCCCO|water|298.15,4,False,True,0.7999999999999999
disp_dft,46,*C([H])=[N+]([C-](C#N)C(=O)C([H])([H])[H])C([H])([H])[H].N#CC1=C(c2ccccc2)C2CCC1C2|CCCCN|water|298.15,4,True,True,1.0
disp_dft,46,*C1=C([H])C2([H])C([H])([H])C([H])([H])C1([H])C2([H])[H].COC(=O)[C-](C)[O+]=C(c1ccccc1)c1ccccc1|CCCCO|water|298.15,3,True,True,
disp_dft,46,*C1=C(Br)C2([H])C([H])([H])C([H])([H])C1([H])C2([H])[H].CC(=O)c1[nH+][c-](-c2ccccc2)c(=O)o1|CCCCN|water|298.15,4,True,True,0.7999999999999999
disp_dft,46,*C(c1c([H])c([H])c([H])c([H])c1[H])=[N+]([C-](C(=O)N([H])C([H])([H])[H])C([H])([H])[H])C([H])([H])[H].CC1=C(Br)C2C=CC1O2|CCCCN|water|298.15,7,False,True,0.5357142857142858
disp_dft,46,*C1=C(C(F)(F)F)C2([H])OC1([H])C([H])=C2[H].COC(=O)[C-]([N+]#CC(C)=O)c1ccccc1|CCCCN|water|298.15,5,True,True,0.8999999999999998
disp_dft,46,*C(=O)C1=C(Br)C2([H])OC1([H])C([H])=C2[H].CNC(=O)C(=[NH+][C-](C)C#N)C(=O)OC|CCCCN|water|298.15,8,True,True,1.0
disp_dft,46,*C1(C([H])([H])[H])C#CC(c2c([H])c([H])c([H])c([H])c2[H])(c2c([H])c([H])c([H])c([H])c2[H])C([H])([H])C([H])([H])C([H])([H])C1([H])[H].CNC(=O)[C-](C#N)[NH+]=C(C)C#N|CCCCN|water|298.15,4,False,True,0.7999999999999999
disp_dft,46,*[C-]([O+]=C(C(=O)N([H])C([H])([H])[H])c1c([H])c([H])c([H])c([H])c1[H])C([H])([H])[H].CNC(=O)C1=C(Br)C2CCC1C2|CCCCO|water|298.15,3,True,True,
disp_dft,46,*C1([H])C#CC(C(=O)OC([H])([H])[H])(C(=O)OC([H])([H])[H])C([H])([H])C([H])([H])C([H])([H])C1([H])[H].CC(=O)[c-]1c(=O)oc(-c2ccccc2)[n+]1C|CCCCN|water|298.15,4,True,True,1.0
disp_dft,46,*C1(c2c([H])c([H])c([H])c([H])c2[H])C#CC(c2c([H])c([H])c([H])c([H])c2[H])(c2c([H])c([H])c([H])c([H])c2[H])C([H])([H])C([H])([H])C([H])([H])C1([H])[H].C[C-]([N+]#N)c1ccccc1|CCCNN|water|298.15,3,False,True,
disp_dft,46,*C#[N+][C-]([H])c1c([H])c([H])c([H])c([H])c1[H].C=C|CCCCN|water|298.15,3,True,True,
disp_dft,46,*[C-]([H])[N+](=C(C#N)C([H])([H])[H])C([H])([H])[H].C/C=C\C|CCCCN|water|298.15,3,False,True,
disp_dft,46,*C([H])=C(C([H])([H])[H])C([H])([H])[H].C[c-]1[o+]noc1=O|CCCNO|water|298.15,4,False,True,0.39999999999999997
disp_dft,46,*[c-]1[o+]noc1=O.CC(C)=CC=O|CCCNO|water|298.15,4,False,True,0.39999999999999997
disp_dft,46,*[C-]([N+]#CC(=O)OC([H])([H])[H])C([H])([H])[H].CC(C)=CC=O|CCCCN|water|298.15,6,True,True,0.8285714285714287
disp_dft,46,*[C-]([H])[N+]#CC(=O)C([H])([H])[H].CC(C)=CC=O|CCCCN|water|298.15,4,False,True,-0.39999999999999997
disp_dft,46,*[C-]([N+]#CC(=O)C([H])([H])[H])C(=O)C([H])([H])[H].CC(C)=CC=O|CCCCN|water|298.15,3,True,True,
disp_dft,46,*C#[N+][C-](c1c([H])c([H])c([H])c([H])c1[H])C([H])([H])[H].C/C=C\C|CCCCN|water|298.15,4,True,True,1.0
disp_dft,46,*C#[N+][C-](C([H])([H])[H])C([H])([H])[H].C=C(C)/C=C/C=C(C)C|CCCCN|water|298.15,9,False,True,0.8499999999999999
disp_dft,46,*C(C(=O)C([H])([H])[H])=[N+]([C-]([H])C([H])([H])[H])C([H])([H])[H].CC(C)=CC=O|CCCCN|water|298.15,4,True,True,0.7999999999999999
disp_dft,46,*C#[N+][C-](C#N)C(=O)C([H])([H])[H].CC(C)=C(C)C|CCCCN|water|298.15,3,True,True,
disp_dft,46,*C(C#N)=[N+]([H])[N-]C(=O)C([H])([H])[H].CC(C)=CC=O|CCCNN|water|298.15,4,True,True,0.7999999999999999
disp_dft,46,*C(C(=O)OC([H])([H])[H])=[N+]([H])[N-]C#N.CC(C)=CC=O|CCCNN|water|298.15,4,True,True,0.39999999999999997
disp_dft,46,*C(=O)[c-]1c(=O)oc(C([H])([H])[H])[n+]1[H].CC(C)=CC=O|CCCCN|water|298.15,3,False,True,
disp_dft,46,*[c-]1[o+]noc1=O.C=C(C)/C=C/C=C(C)C|CCCNO|water|298.15,8,True,True,0.880952380952381
disp_dft,46,*[N-][N+]#CC([H])([H])[H].C=C(C)/C=C/C=C(C)C|CCCNN|water|298.15,7,True,True,1.0
disp_dft,46,*[C-]([N+]#CC(=O)C([H])([H])[H])c1c([H])c([H])c([H])c([H])c1[H].C/C=C\C|CCCCN|water|298.15,3,True,True,
disp_dft,46,*C([H])=C(C([H])([H])[H])C([H])([H])[H].CNC(=O)[c-]1[nH+]c(C)oc1=O|CCCCN|water|298.15,4,False,True,0.39999999999999997
disp_dft,46,*c1oc(=O)[c-](C(=O)N([H])C([H])([H])[H])[n+]1[H].CC(C)=CC=O|CCCCN|water|298.15,4,False,True,-0.19999999999999998
disp_dft,46,*[C-]([N+]#CC(=O)C([H])([H])[H])c1c([H])c([H])c([H])c([H])c1[H].CC(C)=CC=O|CCCCN|water|298.15,5,True,True,0.9999999999999999
disp_dft,46,*c1oc(=O)[c-](C([H])([H])[H])[n+]1[H].C=C(C)/C=C/C=C(C)C|CCCCN|water|298.15,18,False,True,0.8575851393188855
disp_dft,46,*[C-]([N+]#N)C(=O)OC([H])([H])[H].C=C(C)/C=C/C=C(C)C|CCCNN|water|298.15,9,False,True,0.8833333333333333
disp_dft,46,*c1oc(=O)[c-](C([H])([H])[H])[n+]1[H].CN1C=CCC(C(N)=O)=C1|CCCCN|water|298.15,6,True,True,0.942857142857143
disp_dft,46,*[c-]1c(=O)oc(C([H])([H])[H])[n+]1[H].CN1C=CCC(C(N)=O)=C1|CCCCN|water|298.15,12,False,True,0.9860139860139862
disp_dft,46,*[C-]([N+]#CC(=O)OC([H])([H])[H])C([H])([H])[H].C=C(C)/C=C/C=C(C)C|CCCCN|water|298.15,15,True,True,0.8392857142857142
disp_dft,46,*C#[N+][N-]c1c([H])c([H])c([H])c([H])c1[H].C=C(C)/C=C/C=C(C)C|CCCNN|water|298.15,3,True,True,
disp_dft,46,*[C-](C(=O)N([H])C([H])([H])[H])[N+]([H])=C(C(=O)N([H])C([H])([H])[H])C([H])([H])[H].CC(C)=CC=O|CCCCN|water|298.15,4,True,True,1.0
disp_dft,46,*C([H])=C(C([H])([H])[H])C([H])([H])[H].C[c-]1[nH+]c(-c2ccccc2)oc1=O|CCCCN|water|298.15,3,True,True,
disp_dft,46,*[c-]1[o+]c(C#N)oc1=O.CN1C=CCC(C(N)=O)=C1|CCCCO|water|298.15,5,True,True,0.7
disp_dft,46,*[C-]([N+]#CC#N)C(=O)OC([H])([H])[H].C=C(C)/C=C/C=C(C)C|CCCCN|water|298.15,14,True,True,0.7010989010989012
disp_dft,46,*C([H])=C(C([H])([H])[H])C([H])([H])[H].COC(=O)[N-][NH+]=Cc1ccccc1|CCCNN|water|298.15,3,False,True,
disp_dft,46,*[N+]([N-]C(=O)OC([H])([H])[H])=C([H])c1c([H])c([H])c([H])c([H])c1[H].CC(C)=CC=O|CCCNN|water|298.15,3,True,True,
disp_dft,46,*C(=O)C#[N+][C-](C(=O)C([H])([H])[H])C([H])([H])[H].C=C(C)/C=C/C=C(C)C|CCCCN|water|298.15,8,False,True,0.523809523809524
disp_dft,46,*[C-]([N+]#CC(=O)C([H])([H])[H])C(=O)C([H])([H])[H].C=C(C)/C=C/C=C(C)C|CCCCN|water|298.15,8,False,True,0.880952380952381
disp_dft,46,*C(C(=O)OC([H])([H])[H])=[N+]([H])[C-]([H])C#N.C=C(C)/C=C/C=C(C)C|CCCCN|water|298.15,12,False,True,0.9580419580419581
disp_dft,46,*C(C(=O)N([H])C([H])([H])[H])=[N+]([C-]([H])C#N)C([H])([H])[H].CC(C)=CC=O|CCCCN|water|298.15,4,False,True,0.39999999999999997
disp_dft,46,*[C-]([H])[N+](=C(C(=O)N([H])C([H])([H])[H])C(=O)C([H])([H])[H])C([H])([H])[H].CC(C)=CC=O|CCCCN|water|298.15,4,True,True,1.0
disp_dft,46,*[C-](C#N)[N+]#CC(=O)OC([H])([H])[H].CN1C=CCC(C(N)=O)=C1|CCCCN|water|298.15,5,True,True,0.8999999999999998
disp_dft,46,*[C-]([N+]#CC#N)C([H])([H])[H].COC1=C(OC)C(=O)C(C)=C(C)C1=O|CCCCN|water|298.15,4,True,True,1.0
disp_dft,46,*[C-](C#N)[N+]([H])=C(C(=O)N([H])C([H])([H])[H])C([H])([H])[H].CN1C=CCC(C(N)=O)=C1|CCCCN|water|298.15,7,False,True,0.9285714285714288
disp_dft,46,*C([H])=C(C([H])([H])[H])C([H])([H])[H].C[CH-][N+](C)=C(C(C)=O)c1ccccc1|CCCCN|water|298.15,4,True,True,0.39999999999999997
disp_dft,46,*C([H])=[N+]([C-](c1c([H])c([H])c([H])c([H])c1[H])C([H])([H])[H])C([H])([H])[H].C=C(C)/C=C/C=C(C)C|CCCCN|water|298.15,15,True,True,0.9714285714285713
disp_dft,46,*C([H])=[O+][N-]C(=O)OC([H])([H])[H].CN1C=CCC(C(N)=O)=C1|CCCNO|water|298.15,4,True,True,1.0
disp_dft,46,*[C-](C#N)[N+](=C(C(=O)N([H])C([H])([H])[H])C(=O)N([H])C([H])([H])[H])C([H])([H])[H].CC(C)=CC=O|CCCCN|water|298.15,4,True,True,1.0
disp_dft,46,*c1oc(=O)[c-](C(=O)N([H])C([H])([H])[H])[n+]1[H].C=C(C)/C=C/C=C(C)C|CCCCN|water|298.15,11,False,True,0.7727272727272727
disp_dft,46,*C([H])=C(C([H])([H])[H])C([H])([H])[H].CC(=O)C#[N+][C-](C(C)=O)c1ccccc1|CCCCN|water|298.15,3,True,True,
disp_dft,46,*C(=O)C#[N+][C-](C(=O)C([H])([H])[H])c1c([H])c([H])c([H])c([H])c1[H].CC(C)=CC=O|CCCCN|water|298.15,3,True,True,
disp_dft,46,*C(=O)[C-]([N+]#CC#N)C(=O)C([H])([H])[H].C=C(C)/C=C/C=C(C)C|CCCCN|water|298.15,8,True,True,0.7380952380952381
disp_dft,46,*[C-]([N+]#CC#N)C(=O)C([H])([H])[H].C=C(C)/C=C/C=C(C)C|CCCCN|water|298.15,12,False,False,0.8601398601398602
disp_dft,46,*C#[N+][C-](C(=O)OC([H])([H])[H])C(=O)C([H])([H])[H].C=C(C)/C=C/C=C(C)C|CCCCN|water|298.15,10,False,True,0.9393939393939393
disp_dft,46,*C(C(=O)C([H])([H])[H])=[N+]([H])[N-]c1c([H])c([H])c([H])c([H])c1[H].C=C(C)/C=C/C=C(C)C|CCCNN|water|298.15,10,False,False,0.8424242424242423
disp_dft,46,*[C-]([N+]#CC#N)C(=O)N([H])C([H])([H])[H].C=C(C)/C=C/C=C(C)C|CCCCN|water|298.15,8,False,False,0.7619047619047621
disp_dft,46,*C(c1c([H])c([H])c([H])c([H])c1[H])=[N+]([N-][H])C([H])([H])[H].CN1C=CCC(C(N)=O)=C1|CCCNN|water|298.15,5,True,True,0.8999999999999998
disp_dft,46,*c1oc(=O)[c-](C(=O)N([H])C([H])([H])[H])[o+]1.C=C(C)/C=C/C=C(C)C|CCCCO|water|298.15,12,True,True,0.7342657342657343
disp_dft,46,*[c-]1c(=O)oc(C(=O)C([H])([H])[H])[n+]1C([H])([H])[H].CN1C=CCC(C(N)=O)=C1|CCCCN|water|298.15,10,True,True,0.9515151515151514
disp_dft,46,*[N-][N+]#CC(=O)N([H])C([H])([H])[H].COC1=C(OC)C(=O)C(C)=C(C)C1=O|CCCNN|water|298.15,3,True,True,
disp_dft,46,*C#[N+][C-](C#N)C([H])([H])[H].COC1=C(OC)C(=O)C(C)=C(C)C1=O|CCCCN|water|298.15,6,True,True,0.8285714285714287
disp_dft,46,*C(C#N)=[N+]([C-](C(=O)N([H])C([H])([H])[H])C([H])([H])[H])C([H])([H])[H].CC(C)=CC=O|CCCCN|water|298.15,4,True,True,1.0
disp_dft,46,*C(=[O+][N-]C(=O)OC([H])([H])[H])C(=O)N([H])C([H])([H])[H].CN1C=CCC(C(N)=O)=C1|CCCNO|water|298.15,3,True,True,
disp_dft,46,*C#[N+][C-](C(=O)N([H])C([H])([H])[H])c1c([H])c([H])c([H])c([H])c1[H].CC(C)=CC=O|CCCCN|water|298.15,4,True,True,0.7999999999999999
disp_dft,46,*[C-](C(=O)N([H])C([H])([H])[H])[N+](=C(C#N)C#N)C([H])([H])[H].CN1C=CCC(C(N)=O)=C1|CCCCN|water|298.15,8,True,True,1.0
disp_dft,46,*[C-](C(=O)OC([H])([H])[H])[N+]([H])=C(C(=O)N([H])C([H])([H])[H])C(=O)N([H])C([H])([H])[H].CC(C)=CC=O|CCCCN|water|298.15,4,False,True,0.6000000000000001
disp_dft,46,*[C-]([N+]#CC#N)C(=O)N([H])C([H])([H])[H].CN1C=CCC(C(N)=O)=C1|CCCCN|water|298.15,4,True,True,1.0
disp_dft,46,*C#[N+][C-](C(=O)OC([H])([H])[H])c1c([H])c([H])c([H])c([H])c1[H].C=C(C)/C=C/C=C(C)C|CCCCN|water|298.15,7,False,True,0.7857142857142859
disp_dft,46,*[c-]1c(=O)oc(-c2c([H])c([H])c([H])c([H])c2[H])[n+]1[H].C=C(C)/C=C/C=C(C)C|CCCCN|water|298.15,18,False,True,0.8823529411764706
disp_dft,46,*C(=O)C#[N+][N-]C#N.COC1=C(OC)C(=O)C(C)=C(C)C1=O|CCCNN|water|298.15,3,False,True,
disp_dft,46,*[C-](C(=O)N([H])C([H])([H])[H])[N+](=C(C#N)c1c([H])c([H])c([H])c([H])c1[H])C([H])([H])[H].CC(C)=CC=O|CCCCN|water|298.15,4,True,True,1.0
disp_dft,46,*C#[N+][C-](C(=O)OC([H])([H])[H])C(=O)OC([H])([H])[H].C=C(C)/C=C/C=C(C)C|CCCCN|water|298.15,6,True,True,0.3714285714285715
disp_dft,46,*C([H])=[O+][C-](C#N)c1c([H])c([H])c([H])c([H])c1[H].CN1C=CCC(C(N)=O)=C1|CCCCO|water|298.15,5,False,True,0.7999999999999999
disp_dft,46,*C(=O)[C-]([N+]#CC#N)c1c([H])c([H])c([H])c([H])c1[H].C=C(C)/C=C/C=C(C)C|CCCCN|water|298.15,9,False,False,0.5
disp_dft,46,*C#[N+][C-](C(=O)C([H])([H])[H])c1c([H])c([H])c([H])c([H])c1[H].C=C(C)/C=C/C=C(C)C|CCCCN|water|298.15,9,False,True,0.8166666666666667
disp_dft,46,*c1oc(=O)[c-](C(=O)OC([H])([H])[H])[n+]1C([H])([H])[H].CN1C=CCC(C(N)=O)=C1|CCCCN|water|298.15,11,False,True,0.9
disp_dft,46,*c1oc(=O)[c-](-c2c([H])c([H])c([H])c([H])c2[H])[n+]1[H].CN1C=CCC(C(N)=O)=C1|CCCCN|water|298.15,7,False,True,0.8928571428571429
disp_dft,46,*C(=[N+]([H])[C-](C#N)c1c([H])c([H])c([H])c([H])c1[H])C([H])([H])[H].CN1C=CCC(C(N)=O)=C1|CCCCN|water|298.15,8,False,True,0.6666666666666669
disp_dft,46,*[C-](c1c([H])c([H])c([H])c([H])c1[H])[N+]([H])=C(C([H])([H])[H])C([H])([H])[H].CN1C=CCC(C(N)=O)=C1|CCCCN|water|298.15,8,True,True,0.4285714285714286
disp_dft,46,*[C-]([O+]=C([H])C(=O)C([H])([H])[H])c1c([H])c([H])c([H])c([H])c1[H].C=C(C)/C=C/C=C(C)C|CCCCO|water|298.15,10,False,True,0.8181818181818182
disp_dft,46,*[N-][O+]=C(C(=O)OC([H])([H])[H])C(=O)N([H])C([H])([H])[H].CN1C=CCC(C(N)=O)=C1|CCCNO|water|298.15,4,False,True,0.7999999999999999
disp_dft,46,*[c-]1c(=O)oc(C#N)[n+]1C([H])([H])[H].CN1C=CCC(C(N)=O)=C1|CCCCN|water|298.15,7,True,True,0.8571428571428573
disp_dft,46,*[N-][O+]=C([H])c1c([H])c([H])c([H])c([H])c1[H].CN1C=CCC(C(N)=O)=C1|CCCNO|water|298.15,5,True,True,0.8999999999999998
disp_dft,46,*C(C(=O)OC([H])([H])[H])=[N+]([H])[C-](C#N)C#N.C=C(C)/C=C/C=C(C)C|CCCCN|water|298.15,11,True,True,0.9090909090909091
disp_dft,46,*[C-]([O+]=C([H])c1c([H])c([H])c([H])c([H])c1[H])C(=O)OC([H])([H])[H].C=C(C)/C=C/C=C(C)C|CCCCO|water|298.15,10,True,True,0.9515151515151514
disp_dft,46,*[c-]1[o+]c(C(=O)OC([H])([H])[H])oc1=O.CN1C=CCC(C(N)=O)=C1|CCCCO|water|298.15,6,True,True,0.942857142857143
disp_dft,46,*C(c1c([H])c([H])c([H])c([H])c1[H])=[N+]([C-](C#N)C#N)C([H])([H])[H].CN1C=CCC(C(N)=O)=C1|CCCCN|water|298.15,10,True,True,0.9757575757575757
disp_dft,46,*C([H])=C(C([H])([H])[H])C([H])([H])[H].CNC(=O)C(=[O+][N-]c1ccccc1)C(=O)OC|CCCNO|water|298.15,4,True,True,1.0
disp_dft,46,*C([H])=C(C([H])([H])[H])C([H])([H])[H].COC(=O)[CH-][O+]=C(C(=O)OC)c1ccccc1|CCCCO|water|298.15,4,False,True,0.7999999999999999
disp_dft,46,*C#[N+][C-](C(=O)C([H])([H])[H])C(=O)C([H])([H])[H].CN1C=CCC(C(N)=O)=C1|CCCCN|water|298.15,4,True,True,1.0
disp_dft,46,*[C-]([N+]#CC(=O)N([H])C([H])([H])[H])C(=O)OC([H])([H])[H].C=C(C)/C=C/C=C(C)C|CCCCN|water|298.15,10,False,True,0.9030303030303028
disp_dft,46,*C(c1c([H])c([H])c([H])c([H])c1[H])=[N+]([N-]C(=O)C([H])([H])[H])C([H])([H])[H].C=C(C)/C=C/C=C(C)C|CCCNN|water|298.15,7,False,True,0.7857142857142859
disp_dft,46,*[C-]([H])[O+]=C(C(=O)OC([H])([H])[H])c1c([H])c([H])c([H])c([H])c1[H].C=C(C)/C=C/C=C(C)C|CCCCO|water|298.15,10,False,True,0.7575757575757575
disp_dft,46,*[C-]([N+]#Cc1c([H])c([H])c([H])c([H])c1[H])c1c([H])c([H])c([H])c([H])c1[H].CN1C=CCC(C(N)=O)=C1|CCCCN|water|298.15,7,True,True,0.9285714285714288
disp_dft,46,*C#[N+][C-](c1c([H])c([H])c([H])c([H])c1[H])c1c([H])c([H])c([H])c([H])c1[H].CN1C=CCC(C(N)=O)=C1|CCCCN|water|298.15,9,False,True,0.7833333333333333
disp_dft,46,*C(=[N+]([H])[C-](C(=O)N([H])C([H])([H])[H])C(=O)N([H])C([H])([H])[H])C([H])([H])[H].CN1C=CCC(C(N)=O)=C1|CCCCN|water|298.15,7,False,True,0.642857142857143
disp_dft,46,*c1oc(=O)[c-](-c2c([H])c([H])c([H])c([H])c2[H])[n+]1C([H])([H])[H].CN1C=CCC(C(N)=O)=C1|CCCCN|water|298.15,8,True,True,0.9523809523809524
disp_dft,46,*[n+]1c(-c2c([H])c([H])c([H])c([H])c2[H])oc(=O)[c-]1C(=O)N([H])C([H])([H])[H].C=C(C)/C=C/C=C(C)C|CCCCN|water|298.15,11,False,True,0.790909090909091
disp_dft,46,*C(=[O+][C-](C#N)C#N)C(=O)OC([H])([H])[H].CN1C=CCC(C(N)=O)=C1|CCCCO|water|298.15,5,False,True,0.8999999999999998
disp_dft,46,*[C-]([N+]#Cc1c([H])c([H])c([H])c([H])c1[H])C([H])([H])[H].COC1=C(OC)C(=O)C(C)=C(C)C1=O|CCCCN|water|298.15,3,True,True,
disp_dft,46,*C(=[O+][C-](C(=O)N([H])C([H])([H])[H])C(=O)N([H])C([H])([H])[H])c1c([H])c([H])c([H])c([H])c1[H].CC(C)=CC=O|CCCCO|water|298.15,4,False,True,-0.39999999999999997
disp_dft,46,*C(=O)C#[N+][C-](C(=O)OC([H])([H])[H])C(=O)OC([H])([H])[H].CN1C=CCC(C(N)=O)=C1|CCCCN|water|298.15,6,False,True,0.6
disp_dft,46,*C(C(=O)OC([H])([H])[H])=[N+]([N-]C([H])([H])[H])C([H])([H])[H].COC1=C(OC)C(=O)C(C)=C(C)C1=O|CCCNN|water|298.15,4,True,True,1.0
disp_dft,46,*C(=[O+][C-](C#N)C(=O)OC([H])([H])[H])c1c([H])c([H])c([H])c([H])c1[H].CN1C=CCC(C(N)=O)=C1|CCCCO|water|298.15,7,True,True,0.8214285714285715
disp_dft,46,*C(=O)c1oc(=O)[c-](-c2c([H])c([H])c([H])c([H])c2[H])[o+]1.CN1C=CCC(C(N)=O)=C1|CCCCO|water|298.15,7,True,True,0.8571428571428573
disp_dft,46,*c1oc(=O)[c-](-c2c([H])c([H])c([H])c([H])c2[H])[o+]1.CN1C=CCC(C(N)=O)=C1|CCCCO|water|298.15,11,True,True,0.8727272727272729
disp_dft,46,*[C-](C(=O)C([H])([H])[H])[N+](=C([H])C(=O)OC([H])([H])[H])C([H])([H])[H].CN1C=CCC(C(N)=O)=C1|CCCCN|water|298.15,7,False,True,0.5357142857142858
disp_dft,46,*C(C(=O)OC([H])([H])[H])=[N+]([C-](C(=O)C([H])([H])[H])C([H])([H])[H])C([H])([H])[H].CN1C=CCC(C(N)=O)=C1|CCCCN|water|298.15,5,True,True,0.8999999999999998
disp_dft,46,*[N+](=C(C(=O)N([H])C([H])([H])[H])c1c([H])c([H])c([H])c([H])c1[H])[C-](C(=O)OC([H])([H])[H])C(=O)C([H])([H])[H].CC(C)=CC=O|CCCCN|water|298.15,4,True,True,1.0
disp_dft,46,*[C-](C#N)[O+]=C(C(=O)OC([H])([H])[H])c1c([H])c([H])c([H])c([H])c1[H].CN1C=CCC(C(N)=O)=C1|CCCCO|water|298.15,6,True,True,0.7142857142857143
disp_dft,46,*[N+](=C([H])C(=O)N([H])C([H])([H])[H])[C-](C#N)C(=O)C([H])([H])[H].COC1=C(OC)C(=O)C(C)=C(C)C1=O|CCCCN|water|298.15,4,True,True,0.7999999999999999
disp_dft,46,*C(=O)[C-]([N+](=C(C#N)C([H])([H])[H])C([H])([H])[H])C([H])([H])[H].COC1=C(OC)C(=O)C(C)=C(C)C1=O|CCCCN|water|298.15,4,True,True,1.0
disp_dft,46,*C(=[O+][C-]([H])C(=O)OC([H])([H])[H])C([H])([H])[H].COC1=C(OC)C(=O)C(C)=C(C)C1=O|CCCCO|water|298.15,3,True,True,
disp_dft,46,*c1oc(=O)[c-](-c2c([H])c([H])c([H])c([H])c2[H])[o+]1.COC1=C(OC)C(=O)C(C)=C(C)C1=O|CCCCO|water|298.15,4,True,True,1.0
disp_dft,46,*c1oc(=O)[c-](C(=O)OC([H])([H])[H])[o+]1.COC1=C(OC)C(=O)C(C)=C(C)C1=O|CCCCO|water|298.15,4,True,True,1.0
disp_dft,46,*[c-]1[o+]c(C(=O)N([H])C([H])([H])[H])oc1=O.COC1=C(OC)C(=O)C(C)=C(C)C1=O|CCCCO|water|298.15,6,True,True,0.8857142857142858
disp_dft,46,*[C-](C(=O)C([H])([H])[H])[N+](=C(C(=O)N([H])C([H])([H])[H])c1c([H])c([H])c([H])c([H])c1[H])C([H])([H])[H].CC(C)=CC=O|CCCCN|water|298.15,4,False,True,-0.39999999999999997
disp_dft,46,*[C-](C(=O)OC([H])([H])[H])[N+]([H])=C(C(=O)N([H])C([H])([H])[H])C([H])([H])[H].COC1=C(OC)C(=O)C(C)=C(C)C1=O|CCCCN|water|298.15,4,True,True,0.7999999999999999
disp_dft,46,*[c-]1c(=O)oc(-c2c([H])c([H])c([H])c([H])c2[H])[n+]1C([H])([H])[H].COC1=C(OC)C(=O)C(C)=C(C)C1=O|CCCCN|water|298.15,4,True,True,1.0
disp_dft,46,*[C-](C(=O)OC([H])([H])[H])[N+](=C(C(=O)OC([H])([H])[H])c1c([H])c([H])c([H])c([H])c1[H])C([H])([H])[H].C=C(C)/C=C/C=C(C)C|CCCCN|water|298.15,10,True,True,0.7818181818181817
disp_dft,46,*[c-]1[o+]c(C(=O)OC([H])([H])[H])oc1=O.COC1=C(OC)C(=O)C(C)=C(C)C1=O|CCCCO|water|298.15,4,True,True,1.0
disp_dft,46,*c1oc(=O)[c-](C(=O)N([H])C([H])([H])[H])[o+]1.COC1=C(OC)C(=O)C(C)=C(C)C1=O|CCCCO|water|298.15,4,True,True,1.0
disp_dft,46,*C(c1c([H])c([H])c([H])c([H])c1[H])=[N+]([H])[C-](C#N)C(=O)N([H])C([H])([H])[H].COC1=C(OC)C(=O)C(C)=C(C)C1=O|CCCCN|water|298.15,4,True,True,1.0
disp_dft,46,*C(=O)C(C(=O)OC([H])([H])[H])=[N+]([H])[C-](C(=O)OC([H])([H])[H])c1c([H])c([H])c([H])c([H])c1[H].C=C(C)/C=C/C=C(C)C|CCCCN|water|298.15,11,True,True,0.8545454545454546
disp_dft,46,*[C-]([O+]=C(C(=O)N([H])C([H])([H])[H])c1c([H])c([H])c([H])c([H])c1[H])C(=O)N([H])C([H])([H])[H].COC1=C(OC)C(=O)C(C)=C(C)C1=O|CCCCO|water|298.15,3,True,True,
disp_dft,46,*[C-](c1c([H])c([H])c([H])c([H])c1[H])[N+](=C(C#N)c1c([H])c([H])c([H])c([H])c1[H])C([H])([H])[H].COC1=C(OC)C(=O)C(C)=C(C)C1=O|CCCCN|water|298.15,4,True,True,1.0
disp_dft,46,*C(=[O+][C-](c1c([H])c([H])c([H])c([H])c1[H])C([H])([H])[H])C(=O)C([H])([H])[H].COC1=C(OC)C(=O)C(C)=C(C)C1=O|CCCCO|water|298.15,4,True,True,0.7999999999999999
disp_dft,46,*[C-](C#N)[N+](=C(C(=O)N([H])C([H])([H])[H])c1c([H])c([H])c([H])c([H])c1[H])C([H])([H])[H].COC1=C(OC)C(=O)C(C)=C(C)C1=O|CCCCN|water|298.15,4,True,True,0.7999999999999999
cpcm_dft,42,*C#CC(=O)N([H])C([H])([H])[H].CC(=O)c1[nH+][c-](C)c(=O)o1|CCCCN|water|298.15,4,True,True,0.7999999999999999
cpcm_dft,42,*C(=O)C#CF.CNC(=O)c1[nH+][c-](C#N)c(=O)o1|CCCCN|water|298.15,3,True,True,
cpcm_dft,42,*C([H])=C([H])[H].N#Cc1oc(=O)[c-](-c2ccccc2)[o+]1|CCCCO|water|298.15,3,True,True,
cpcm_dft,42,*C1=C(C([H])([H])[H])C2([H])C([H])([H])C([H])([H])C1([H])C2([H])[H].COC(=O)[N-][N+]#CC(C)=O|CCCNN|water|298.15,3,False,True,
cpcm_dft,42,*C(=C(C([H])([H])[H])C([H])([H])[H])C([H])([H])[H].COC(=O)[c-]1[nH+]c(C(C)=O)oc1=O|CCCCN|water|298.15,3,False,True,
cpcm_dft,42,*C#CC(=O)OC([H])([H])[H].CNC(=O)[c-]1c(=O)oc(C#N)[n+]1C|CCCCN|water|298.15,4,True,True,1.0
cpcm_dft,42,*C(=[O+][N-]C([H])([H])[H])c1c([H])c([H])c([H])c([H])c1[H].CNC(=O)C1=C(C#N)C2CCC1C2|CCCNO|water|298.15,4,False,True,-0.39999999999999997
cpcm_dft,42,*[C-]([O+]=C(C#N)C(=O)OC([H])([H])[H])C([H])([H])[H].CNC(=O)C1=C(F)C2CCC1C2|CCCCO|water|298.15,4,True,True,0.7999999999999999
cpcm_dft,42,*c1oc(=O)[c-](-c2c([H])c([H])c([H])c([H])c2[H])[n+]1C([H])([H])[H].CC(=O)C1=C(Cl)C2CCC1C2|CCCCN|water|298.15,4,False,True,0.6000000000000001
cpcm_dft,42,*c1oc(=O)[c-](C(=O)OC([H])([H])[H])[o+]1.CC(=O)C1=C(Br)C2CCC1C2|CCCCO|water|298.15,4,False,True,0.39999999999999997
cpcm_dft,42,*C([H])=[N+]([C-](C#N)C(=O)C([H])([H])[H])C([H])([H])[H].N#CC1=C(c2ccccc2)C2CCC1C2|CCCCN|water|298.15,4,True,True,0.7999999999999999
cpcm_dft,42,*C1=C([H])C2([H])C([H])([H])C([H])([H])C1([H])C2([H])[H].COC(=O)[C-](C)[O+]=C(c1ccccc1)c1ccccc1|CCCCO|water|298.15,3,True,True,
cpcm_dft,42,*C1=C(Br)C2([H])C([H])([H])C([H])([H])C1([H])C2([H])[H].CC(=O)c1[nH+][c-](-c2ccccc2)c(=O)o1|CCCCN|water|298.15,4,True,True,1.0
cpcm_dft,42,*C(c1c([H])c([H])c([H])c([H])c1[H])=[N+]([C-](C(=O)N([H])C([H])([H])[H])C([H])([H])[H])C([H])([H])[H].CC1=C(Br)C2C=CC1O2|CCCCN|water|298.15,7,True,True,0.4642857142857144
cpcm_dft,42,*C1=C(C(F)(F)F)C2([H])OC1([H])C([H])=C2[H].COC(=O)[C-]([N+]#CC(C)=O)c1ccccc1|CCCCN|water|298.15,5,True,True,0.7999999999999999
cpcm_dft,42,*C(=O)C1=C(Br)C2([H])OC1([H])C([H])=C2[H].CNC(=O)C(=[NH+][C-](C)C#N)C(=O)OC|CCCCN|water|298.15,8,False,True,0.7380952380952381
cpcm_dft,42,*C1(C([H])([H])[H])C#CC(c2c([H])c([H])c([H])c([H])c2[H])(c2c([H])c([H])c([H])c([H])c2[H])C([H])([H])C([H])([H])C([H])([H])C1([H])[H].CNC(=O)[C-](C#N)[NH+]=C(C)C#N|CCCCN|water|298.15,4,True,True,0.7999999999999999
cpcm_dft,42,*[C-]([O+]=C(C(=O)N([H])C([H])([H])[H])c1c([H])c([H])c([H])c([H])c1[H])C([H])([H])[H].CNC(=O)C1=C(Br)C2CCC1C2|CCCCO|water|298.15,3,True,True,
cpcm_dft,42,*C1([H])C#CC(C(=O)OC([H])([H])[H])(C(=O)OC([H])([H])[H])C([H])([H])C([H])([H])C([H])([H])C1([H])[H].CC(=O)[c-]1c(=O)oc(-c2ccccc2)[n+]1C|CCCCN|water|298.15,4,False,False,-0.7999999999999999
cpcm_dft,42,*C1(c2c([H])c([H])c([H])c([H])c2[H])C#CC(c2c([H])c([H])c([H])c([H])c2[H])(c2c([H])c([H])c([H])c([H])c2[H])C([H])([H])C([H])([H])C([H])([H])C1([H])[H].C[C-]([N+]#N)c1ccccc1|CCCNN|water|298.15,3,True,True,
cpcm_dft,42,*C#[N+][C-]([H])c1c([H])c([H])c([H])c([H])c1[H].C=C|CCCCN|water|298.15,3,True,True,
cpcm_dft,42,*[C-]([H])[N+](=C(C#N)C([H])([H])[H])C([H])([H])[H].C/C=C\C|CCCCN|water|298.15,3,False,True,
cpcm_dft,42,*C([H])=C(C([H])([H])[H])C([H])([H])[H].C[c-]1[o+]noc1=O|CCCNO|water|298.15,4,True,True,1.0
cpcm_dft,42,*[c-]1[o+]noc1=O.CC(C)=CC=O|CCCNO|water|298.15,4,True,True,0.7999999999999999
cpcm_dft,42,*[C-]([N+]#CC(=O)OC([H])([H])[H])C([H])([H])[H].CC(C)=CC=O|CCCCN|water|298.15,6,True,True,0.8285714285714287
cpcm_dft,42,*[C-]([H])[N+]#CC(=O)C([H])([H])[H].CC(C)=CC=O|CCCCN|water|298.15,4,True,True,0.7999999999999999
cpcm_dft,42,*[C-]([N+]#CC(=O)C([H])([H])[H])C(=O)C([H])([H])[H].CC(C)=CC=O|CCCCN|water|298.15,3,False,True,
cpcm_dft,42,*C#[N+][C-](c1c([H])c([H])c([H])c([H])c1[H])C([H])([H])[H].C/C=C\C|CCCCN|water|298.15,4,True,True,0.7999999999999999
cpcm_dft,42,*C#[N+][C-](C([H])([H])[H])C([H])([H])[H].C=C(C)/C=C/C=C(C)C|CCCCN|water|298.15,9,False,True,0.7666666666666667
cpcm_dft,42,*C(C(=O)C([H])([H])[H])=[N+]([C-]([H])C([H])([H])[H])C([H])([H])[H].CC(C)=CC=O|CCCCN|water|298.15,4,True,True,1.0
cpcm_dft,42,*C#[N+][C-](C#N)C(=O)C([H])([H])[H].CC(C)=C(C)C|CCCCN|water|298.15,3,True,True,
cpcm_dft,42,*C(C#N)=[N+]([H])[N-]C(=O)C([H])([H])[H].CC(C)=CC=O|CCCNN|water|298.15,4,True,True,0.7999999999999999
cpcm_dft,42,*C(C(=O)OC([H])([H])[H])=[N+]([H])[N-]C#N.CC(C)=CC=O|CCCNN|water|298.15,4,False,True,-0.7999999999999999
cpcm_dft,42,*C(=O)[c-]1c(=O)oc(C([H])([H])[H])[n+]1[H].CC(C)=CC=O|CCCCN|water|298.15,3,False,True,
cpcm_dft,42,*[c-]1[o+]noc1=O.C=C(C)/C=C/C=C(C)C|CCCNO|water|298.15,8,True,True,0.6904761904761906
cpcm_dft,42,*[N-][N+]#CC([H])([H])[H].C=C(C)/C=C/C=C(C)C|CCCNN|water|298.15,7,True,True,0.7500000000000002
cpcm_dft,42,*[C-]([N+]#CC(=O)C([H])([H])[H])c1c([H])c([H])c([H])c([H])c1[H].C/C=C\C|CCCCN|water|298.15,3,True,True,
cpcm_dft,42,*C([H])=C(C([H])([H])[H])C([H])([H])[H].CNC(=O)[c-]1[nH+]c(C)oc1=O|CCCCN|water|298.15,4,True,True,0.39999999999999997
cpcm_dft,42,*c1oc(=O)[c-](C(=O)N([H])C([H])([H])[H])[n+]1[H].CC(C)=CC=O|CCCCN|water|298.15,4,True,True,0.39999999999999997
cpcm_dft,42,*[C-]([N+]#CC(=O)C([H])([H])[H])c1c([H])c([H])c([H])c([H])c1[H].CC(C)=CC=O|CCCCN|water|298.15,5,True,True,0.49999999999999994
cpcm_dft,42,*c1oc(=O)[c-](C([H])([H])[H])[n+]1[H].C=C(C)/C=C/C=C(C)C|CCCCN|water|298.15,18,False,False,0.869969040247678
cpcm_dft,42,*[C-]([N+]#N)C(=O)OC([H])([H])[H].C=C(C)/C=C/C=C(C)C|CCCNN|water|298.15,9,False,False,0.26666666666666666
cpcm_dft,42,*c1oc(=O)[c-](C([H])([H])[H])[n+]1[H].CN1C=CCC(C(N)=O)=C1|CCCCN|water|298.15,6,True,True,0.942857142857143
cpcm_dft,42,*[c-]1c(=O)oc(C([H])([H])[H])[n+]1[H].CN1C=CCC(C(N)=O)=C1|CCCCN|water|298.15,12,True,True,0.9510489510489512
cpcm_dft,42,*[C-]([N+]#CC(=O)OC([H])([H])[H])C([H])([H])[H].C=C(C)/C=C/C=C(C)C|CCCCN|water|298.15,15,True,True,0.8392857142857142
cpcm_dft,42,*C#[N+][N-]c1c([H])c([H])c([H])c([H])c1[H].C=C(C)/C=C/C=C(C)C|CCCNN|water|298.15,3,True,True,
cpcm_dft,42,*[C-](C(=O)N([H])C([H])([H])[H])[N+]([H])=C(C(=O)N([H])C([H])([H])[H])C([H])([H])[H].CC(C)=CC=O|CCCCN|water|298.15,4,True,True,1.0
cpcm_dft,42,*C([H])=C(C([H])([H])[H])C([H])([H])[H].C[c-]1[nH+]c(-c2ccccc2)oc1=O|CCCCN|water|298.15,3,True,True,
cpcm_dft,42,*[c-]1[o+]c(C#N)oc1=O.CN1C=CCC(C(N)=O)=C1|CCCCO|water|298.15,5,True,True,0.7
cpcm_dft,42,*[C-]([N+]#CC#N)C(=O)OC([H])([H])[H].C=C(C)/C=C/C=C(C)C|CCCCN|water|298.15,14,True,True,0.9208791208791209
cpcm_dft,42,*C([H])=C(C([H])([H])[H])C([H])([H])[H].COC(=O)[N-][NH+]=Cc1ccccc1|CCCNN|water|298.15,3,True,True,
cpcm_dft,42,*[N+]([N-]C(=O)OC([H])([H])[H])=C([H])c1c([H])c([H])c([H])c([H])c1[H].CC(C)=CC=O|CCCNN|water|298.15,3,True,True,
cpcm_dft,42,*C(=O)C#[N+][C-](C(=O)C([H])([H])[H])C([H])([H])[H].C=C(C)/C=C/C=C(C)C|CCCCN|water|298.15,8,False,False,0.7857142857142858
cpcm_dft,42,*[C-]([N+]#CC(=O)C([H])([H])[H])C(=O)C([H])([H])[H].C=C(C)/C=C/C=C(C)C|CCCCN|water|298.15,8,False,False,0.28571428571428575
cpcm_dft,42,*C(C(=O)OC([H])([H])[H])=[N+]([H])[C-]([H])C#N.C=C(C)/C=C/C=C(C)C|CCCCN|water|298.15,12,True,True,0.9020979020979022
cpcm_dft,42,*C(C(=O)N([H])C([H])([H])[H])=[N+]([C-]([H])C#N)C([H])([H])[H].CC(C)=CC=O|CCCCN|water|298.15,4,True,True,1.0
cpcm_dft,42,*[C-]([H])[N+](=C(C(=O)N([H])C([H])([H])[H])C(=O)C([H])([H])[H])C([H])([H])[H].CC(C)=CC=O|CCCCN|water|298.15,4,True,True,0.39999999999999997
cpcm_dft,42,*[C-](C#N)[N+]#CC(=O)OC([H])([H])[H].CN1C=CCC(C(N)=O)=C1|CCCCN|water|298.15,5,False,True,0.19999999999999998
cpcm_dft,42,*[C-]([N+]#CC#N)C([H])([H])[H].COC1=C(OC)C(=O)C(C)=C(C)C1=O|CCCCN|water|298.15,4,True,True,0.7999999999999999
cpcm_dft,42,*[C-](C#N)[N+]([H])=C(C(=O)N([H])C([H])([H])[H])C([H])([H])[H].CN1C=CCC(C(N)=O)=C1|CCCCN|water|298.15,7,True,True,0.9642857142857145
cpcm_dft,42,*C([H])=C(C([H])([H])[H])C([H])([H])[H].C[CH-][N+](C)=C(C(C)=O)c1ccccc1|CCCCN|water|298.15,4,True,True,1.0
cpcm_dft,42,*C([H])=[N+]([C-](c1c([H])c([H])c([H])c([H])c1[H])C([H])([H])[H])C([H])([H])[H].C=C(C)/C=C/C=C(C)C|CCCCN|water|298.15,15,True,True,0.8142857142857142
cpcm_dft,42,*C([H])=[O+][N-]C(=O)OC([H])([H])[H].CN1C=CCC(C(N)=O)=C1|CCCNO|water|298.15,4,True,True,1.0
cpcm_dft,42,*[C-](C#N)[N+](=C(C(=O)N([H])C([H])([H])[H])C(=O)N([H])C([H])([H])[H])C([H])([H])[H].CC(C)=CC=O|CCCCN|water|298.15,4,True,True,0.7999999999999999
cpcm_dft,42,*c1oc(=O)[c-](C(=O)N([H])C([H])([H])[H])[n+]1[H].C=C(C)/C=C/C=C(C)C|CCCCN|water|298.15,11,False,True,0.6727272727272727
cpcm_dft,42,*C([H])=C(C([H])([H])[H])C([H])([H])[H].CC(=O)C#[N+][C-](C(C)=O)c1ccccc1|CCCCN|water|298.15,3,True,True,
cpcm_dft,42,*C(=O)C#[N+][C-](C(=O)C([H])([H])[H])c1c([H])c([H])c([H])c([H])c1[H].CC(C)=CC=O|CCCCN|water|298.15,3,True,True,
cpcm_dft,42,*C(=O)[C-]([N+]#CC#N)C(=O)C([H])([H])[H].C=C(C)/C=C/C=C(C)C|CCCCN|water|298.15,8,True,True,0.5952380952380953
cpcm_dft,42,*[C-]([N+]#CC#N)C(=O)C([H])([H])[H].C=C(C)/C=C/C=C(C)C|CCCCN|water|298.15,12,True,True,0.8391608391608393
cpcm_dft,42,*C#[N+][C-](C(=O)OC([H])([H])[H])C(=O)C([H])([H])[H].C=C(C)/C=C/C=C(C)C|CCCCN|water|298.15,10,True,True,0.7696969696969697
cpcm_dft,42,*C(C(=O)C([H])([H])[H])=[N+]([H])[N-]c1c([H])c([H])c([H])c([H])c1[H].C=C(C)/C=C/C=C(C)C|CCCNN|water|298.15,10,False,False,0.17575757575757575
cpcm_dft,42,*[C-]([N+]#CC#N)C(=O)N([H])C([H])([H])[H].C=C(C)/C=C/C=C(C)C|CCCCN|water|298.15,8,True,True,0.6190476190476191
cpcm_dft,42,*C(c1c([H])c([H])c([H])c([H])c1[H])=[N+]([N-][H])C([H])([H])[H].CN1C=CCC(C(N)=O)=C1|CCCNN|water|298.15,5,True,True,0.7
cpcm_dft,42,*c1oc(=O)[c-](C(=O)N([H])C([H])([H])[H])[o+]1.C=C(C)/C=C/C=C(C)C|CCCCO|water|298.15,12,True,True,0.7762237762237763
cpcm_dft,42,*[c-]1c(=O)oc(C(=O)C([H])([H])[H])[n+]1C([H])([H])[H].CN1C=CCC(C(N)=O)=C1|CCCCN|water|298.15,10,True,True,0.8303030303030302
cpcm_dft,42,*[N-][N+]#CC(=O)N([H])C([H])([H])[H].COC1=C(OC)C(=O)C(C)=C(C)C1=O|CCCNN|water|298.15,3,True,True,
cpcm_dft,42,*C#[N+][C-](C#N)C([H])([H])[H].COC1=C(OC)C(=O)C(C)=C(C)C1=O|CCCCN|water|298.15,6,True,True,0.8285714285714287
cpcm_dft,42,*C(C#N)=[N+]([C-](C(=O)N([H])C([H])([H])[H])C([H])([H])[H])C([H])([H])[H].CC(C)=CC=O|CCCCN|water|298.15,4,True,True,1.0
cpcm_dft,42,*C(=[O+][N-]C(=O)OC([H])([H])[H])C(=O)N([H])C([H])([H])[H].CN1C=CCC(C(N)=O)=C1|CCCNO|water|298.15,3,True,True,
cpcm_dft,42,*C#[N+][C-](C(=O)N([H])C([H])([H])[H])c1c([H])c([H])c([H])c([H])c1[H].CC(C)=CC=O|CCCCN|water|298.15,4,True,True,0.7999999999999999
cpcm_dft,42,*[C-](C(=O)N([H])C([H])([H])[H])[N+](=C(C#N)C#N)C([H])([H])[H].CN1C=CCC(C(N)=O)=C1|CCCCN|water|298.15,8,True,True,0.5952380952380953
cpcm_dft,42,*[C-](C(=O)OC([H])([H])[H])[N+]([H])=C(C(=O)N([H])C([H])([H])[H])C(=O)N([H])C([H])([H])[H].CC(C)=CC=O|CCCCN|water|298.15,4,True,True,0.7999999999999999
cpcm_dft,42,*[C-]([N+]#CC#N)C(=O)N([H])C([H])([H])[H].CN1C=CCC(C(N)=O)=C1|CCCCN|water|298.15,4,True,True,1.0
cpcm_dft,42,*C#[N+][C-](C(=O)OC([H])([H])[H])c1c([H])c([H])c([H])c([H])c1[H].C=C(C)/C=C/C=C(C)C|CCCCN|water|298.15,7,False,False,0.25
cpcm_dft,42,*[c-]1c(=O)oc(-c2c([H])c([H])c([H])c([H])c2[H])[n+]1[H].C=C(C)/C=C/C=C(C)C|CCCCN|water|298.15,18,False,True,0.8410732714138286
cpcm_dft,42,*C(=O)C#[N+][N-]C#N.COC1=C(OC)C(=O)C(C)=C(C)C1=O|CCCNN|water|298.15,3,True,True,
cpcm_dft,42,*[C-](C(=O)N([H])C([H])([H])[H])[N+](=C(C#N)c1c([H])c([H])c([H])c([H])c1[H])C([H])([H])[H].CC(C)=CC=O|CCCCN|water|298.15,4,True,True,1.0
cpcm_dft,42,*C#[N+][C-](C(=O)OC([H])([H])[H])C(=O)OC([H])([H])[H].C=C(C)/C=C/C=C(C)C|CCCCN|water|298.15,6,True,True,0.8857142857142858
cpcm_dft,42,*C([H])=[O+][C-](C#N)c1c([H])c([H])c([H])c([H])c1[H].CN1C=CCC(C(N)=O)=C1|CCCCO|water|298.15,5,False,True,-0.09999999999999999
cpcm_dft,42,*C(=O)[C-]([N+]#CC#N)c1c([H])c([H])c([H])c([H])c1[H].C=C(C)/C=C/C=C(C)C|CCCCN|water|298.15,9,False,False,0.25
cpcm_dft,42,*C#[N+][C-](C(=O)C([H])([H])[H])c1c([H])c([H])c([H])c([H])c1[H].C=C(C)/C=C/C=C(C)C|CCCCN|water|298.15,9,False,False,0.5166666666666667
cpcm_dft,42,*c1oc(=O)[c-](C(=O)OC([H])([H])[H])[n+]1C([H])([H])[H].CN1C=CCC(C(N)=O)=C1|CCCCN|water|298.15,11,True,True,0.9818181818181818
cpcm_dft,42,*c1oc(=O)[c-](-c2c([H])c([H])c([H])c([H])c2[H])[n+]1[H].CN1C=CCC(C(N)=O)=C1|CCCCN|water|298.15,7,True,True,0.9642857142857145
cpcm_dft,42,*C(=[N+]([H])[C-](C#N)c1c([H])c([H])c([H])c([H])c1[H])C([H])([H])[H].CN1C=CCC(C(N)=O)=C1|CCCCN|water|298.15,8,True,True,0.8571428571428572
cpcm_dft,42,*[C-](c1c([H])c([H])c([H])c([H])c1[H])[N+]([H])=C(C([H])([H])[H])C([H])([H])[H].CN1C=CCC(C(N)=O)=C1|CCCCN|water|298.15,8,True,True,0.8571428571428572
cpcm_dft,42,*[C-]([O+]=C([H])C(=O)C([H])([H])[H])c1c([H])c([H])c([H])c([H])c1[H].C=C(C)/C=C/C=C(C)C|CCCCO|water|298.15,10,True,True,0.6363636363636362
cpcm_dft,42,*[N-][O+]=C(C(=O)OC([H])([H])[H])C(=O)N([H])C([H])([H])[H].CN1C=CCC(C(N)=O)=C1|CCCNO|water|298.15,4,True,True,1.0
cpcm_dft,42,*[c-]1c(=O)oc(C#N)[n+]1C([H])([H])[H].CN1C=CCC(C(N)=O)=C1|CCCCN|water|298.15,7,False,True,0.7857142857142859
cpcm_dft,42,*[N-][O+]=C([H])c1c([H])c([H])c([H])c([H])c1[H].CN1C=CCC(C(N)=O)=C1|CCCNO|water|298.15,5,True,True,0.7
cpcm_dft,42,*C(C(=O)OC([H])([H])[H])=[N+]([H])[C-](C#N)C#N.C=C(C)/C=C/C=C(C)C|CCCCN|water|298.15,11,True,True,0.881818181818182
cpcm_dft,42,*[C-]([O+]=C([H])c1c([H])c([H])c([H])c([H])c1[H])C(=O)OC([H])([H])[H].C=C(C)/C=C/C=C(C)C|CCCCO|water|298.15,10,False,True,0.709090909090909
cpcm_dft,42,*[c-]1[o+]c(C(=O)OC([H])([H])[H])oc1=O.CN1C=CCC(C(N)=O)=C1|CCCCO|water|298.15,6,False,True,0.7142857142857143
cpcm_dft,42,*C(c1c([H])c([H])c([H])c([H])c1[H])=[N+]([C-](C#N)C#N)C([H])([H])[H].CN1C=CCC(C(N)=O)=C1|CCCCN|water|298.15,10,False,False,0.7454545454545454
cpcm_dft,42,*C([H])=C(C([H])([H])[H])C([H])([H])[H].CNC(=O)C(=[O+][N-]c1ccccc1)C(=O)OC|CCCNO|water|298.15,4,True,True,0.7999999999999999
cpcm_dft,42,*C([H])=C(C([H])([H])[H])C([H])([H])[H].COC(=O)[CH-][O+]=C(C(=O)OC)c1ccccc1|CCCCO|water|298.15,4,True,True,1.0
cpcm_dft,42,*C#[N+][C-](C(=O)C([H])([H])[H])C(=O)C([H])([H])[H].CN1C=CCC(C(N)=O)=C1|CCCCN|water|298.15,4,True,True,1.0
cpcm_dft,42,*[C-]([N+]#CC(=O)N([H])C([H])([H])[H])C(=O)OC([H])([H])[H].C=C(C)/C=C/C=C(C)C|CCCCN|water|298.15,10,True,True,0.6848484848484848
cpcm_dft,42,*C(c1c([H])c([H])c([H])c([H])c1[H])=[N+]([N-]C(=O)C([H])([H])[H])C([H])([H])[H].C=C(C)/C=C/C=C(C)C|CCCNN|water|298.15,7,True,True,0.9642857142857145
cpcm_dft,42,*[C-]([H])[O+]=C(C(=O)OC([H])([H])[H])c1c([H])c([H])c([H])c([H])c1[H].C=C(C)/C=C/C=C(C)C|CCCCO|water|298.15,10,True,True,0.8060606060606059
cpcm_dft,42,*[C-]([N+]#Cc1c([H])c([H])c([H])c([H])c1[H])c1c([H])c([H])c([H])c([H])c1[H].CN1C=CCC(C(N)=O)=C1|CCCCN|water|298.15,7,True,True,0.7857142857142859
cpcm_dft,42,*C#[N+][C-](c1c([H])c([H])c([H])c([H])c1[H])c1c([H])c([H])c([H])c([H])c1[H].CN1C=CCC(C(N)=O)=C1|CCCCN|water|298.15,9,True,True,0.7999999999999999
cpcm_dft,42,*C(=[N+]([H])[C-](C(=O)N([H])C([H])([H])[H])C(=O)N([H])C([H])([H])[H])C([H])([H])[H].CN1C=CCC(C(N)=O)=C1|CCCCN|water|298.15,7,False,True,0.9642857142857145
cpcm_dft,42,*c1oc(=O)[c-](-c2c([H])c([H])c([H])c([H])c2[H])[n+]1C([H])([H])[H].CN1C=CCC(C(N)=O)=C1|CCCCN|water|298.15,8,True,True,0.8333333333333335
cpcm_dft,42,*[n+]1c(-c2c([H])c([H])c([H])c([H])c2[H])oc(=O)[c-]1C(=O)N([H])C([H])([H])[H].C=C(C)/C=C/C=C(C)C|CCCCN|water|298.15,11,False,True,0.6363636363636364
cpcm_dft,42,*C(=[O+][C-](C#N)C#N)C(=O)OC([H])([H])[H].CN1C=CCC(C(N)=O)=C1|CCCCO|water|298.15,5,False,True,0.7
cpcm_dft,42,*[C-]([N+]#Cc1c([H])c([H])c([H])c([H])c1[H])C([H])([H])[H].COC1=C(OC)C(=O)C(C)=C(C)C1=O|CCCCN|water|298.15,3,False,True,
cpcm_dft,42,*C(=[O+][C-](C(=O)N([H])C([H])([H])[H])C(=O)N([H])C([H])([H])[H])c1c([H])c([H])c([H])c([H])c1[H].CC(C)=CC=O|CCCCO|water|298.15,4,True,True,1.0
cpcm_dft,42,*C(=O)C#[N+][C-](C(=O)OC([H])([H])[H])C(=O)OC([H])([H])[H].CN1C=CCC(C(N)=O)=C1|CCCCN|water|298.15,6,True,True,1.0
cpcm_dft,42,*C(C(=O)OC([H])([H])[H])=[N+]([N-]C([H])([H])[H])C([H])([H])[H].COC1=C(OC)C(=O)C(C)=C(C)C1=O|CCCNN|water|298.15,4,True,True,1.0
cpcm_dft,42,*C(=[O+][C-](C#N)C(=O)OC([H])([H])[H])c1c([H])c([H])c([H])c([H])c1[H].CN1C=CCC(C(N)=O)=C1|CCCCO|water|298.15,7,True,True,0.9285714285714288
cpcm_dft,42,*C(=O)c1oc(=O)[c-](-c2c([H])c([H])c([H])c([H])c2[H])[o+]1.CN1C=CCC(C(N)=O)=C1|CCCCO|water|298.15,7,False,True,0.5714285714285715
cpcm_dft,42,*c1oc(=O)[c-](-c2c([H])c([H])c([H])c([H])c2[H])[o+]1.CN1C=CCC(C(N)=O)=C1|CCCCO|water|298.15,11,False,False,0.7727272727272727
cpcm_dft,42,*[C-](C(=O)C([H])([H])[H])[N+](=C([H])C(=O)OC([H])([H])[H])C([H])([H])[H].CN1C=CCC(C(N)=O)=C1|CCCCN|water|298.15,7,True,True,1.0
cpcm_dft,42,*C(C(=O)OC([H])([H])[H])=[N+]([C-](C(=O)C([H])([H])[H])C([H])([H])[H])C([H])([H])[H].CN1C=CCC(C(N)=O)=C1|CCCCN|water|298.15,5,True,True,0.9999999999999999
cpcm_dft,42,*[N+](=C(C(=O)N([H])C([H])([H])[H])c1c([H])c([H])c([H])c([H])c1[H])[C-](C(=O)OC([H])([H])[H])C(=O)C([H])([H])[H].CC(C)=CC=O|CCCCN|water|298.15,4,True,True,0.39999999999999997
cpcm_dft,42,*[C-](C#N)[O+]=C(C(=O)OC([H])([H])[H])c1c([H])c([H])c([H])c([H])c1[H].CN1C=CCC(C(N)=O)=C1|CCCCO|water|298.15,6,True,True,1.0
cpcm_dft,42,*[N+](=C([H])C(=O)N([H])C([H])([H])[H])[C-](C#N)C(=O)C([H])([H])[H].COC1=C(OC)C(=O)C(C)=C(C)C1=O|CCCCN|water|298.15,4,False,True,0.39999999999999997
cpcm_dft,42,*C(=O)[C-]([N+](=C(C#N)C([H])([H])[H])C([H])([H])[H])C([H])([H])[H].COC1=C(OC)C(=O)C(C)=C(C)C1=O|CCCCN|water|298.15,4,True,True,1.0
cpcm_dft,42,*C(=[O+][C-]([H])C(=O)OC([H])([H])[H])C([H])([H])[H].COC1=C(OC)C(=O)C(C)=C(C)C1=O|CCCCO|water|298.15,3,True,True,
cpcm_dft,42,*c1oc(=O)[c-](-c2c([H])c([H])c([H])c([H])c2[H])[o+]1.COC1=C(OC)C(=O)C(C)=C(C)C1=O|CCCCO|water|298.15,4,True,True,1.0
cpcm_dft,42,*c1oc(=O)[c-](C(=O)OC([H])([H])[H])[o+]1.COC1=C(OC)C(=O)C(C)=C(C)C1=O|CCCCO|water|298.15,4,True,True,0.7999999999999999
cpcm_dft,42,*[c-]1[o+]c(C(=O)N([H])C([H])([H])[H])oc1=O.COC1=C(OC)C(=O)C(C)=C(C)C1=O|CCCCO|water|298.15,6,True,True,0.7714285714285715
cpcm_dft,42,*[C-](C(=O)C([H])([H])[H])[N+](=C(C(=O)N([H])C([H])([H])[H])c1c([H])c([H])c([H])c([H])c1[H])C([H])([H])[H].CC(C)=CC=O|CCCCN|water|298.15,4,False,True,0.7999999999999999
cpcm_dft,42,*[C-](C(=O)OC([H])([H])[H])[N+]([H])=C(C(=O)N([H])C([H])([H])[H])C([H])([H])[H].COC1=C(OC)C(=O)C(C)=C(C)C1=O|CCCCN|water|298.15,4,True,True,1.0
cpcm_dft,42,*[c-]1c(=O)oc(-c2c([H])c([H])c([H])c([H])c2[H])[n+]1C([H])([H])[H].COC1=C(OC)C(=O)C(C)=C(C)C1=O|CCCCN|water|298.15,4,False,True,0.7999999999999999
cpcm_dft,42,*[C-](C(=O)OC([H])([H])[H])[N+](=C(C(=O)OC([H])([H])[H])c1c([H])c([H])c([H])c([H])c1[H])C([H])([H])[H].C=C(C)/C=C/C=C(C)C|CCCCN|water|298.15,10,False,False,0.5878787878787878
cpcm_dft,42,*[c-]1[o+]c(C(=O)OC([H])([H])[H])oc1=O.COC1=C(OC)C(=O)C(C)=C(C)C1=O|CCCCO|water|298.15,4,False,True,0.6000000000000001
cpcm_dft,42,*c1oc(=O)[c-](C(=O)N([H])C([H])([H])[H])[o+]1.COC1=C(OC)C(=O)C(C)=C(C)C1=O|CCCCO|water|298.15,4,True,True,1.0
cpcm_dft,42,*C(c1c([H])c([H])c([H])c([H])c1[H])=[N+]([H])[C-](C#N)C(=O)N([H])C([H])([H])[H].COC1=C(OC)C(=O)C(C)=C(C)C1=O|CCCCN|water|298.15,4,True,True,1.0
cpcm_dft,42,*C(=O)C(C(=O)OC([H])([H])[H])=[N+]([H])[C-](C(=O)OC([H])([H])[H])c1c([H])c([H])c([H])c([H])c1[H].C=C(C)/C=C/C=C(C)C|CCCCN|water|298.15,11,True,True,0.8727272727272729
cpcm_dft,42,*[C-]([O+]=C(C(=O)N([H])C([H])([H])[H])c1c([H])c([H])c([H])c([H])c1[H])C(=O)N([H])C([H])([H])[H].COC1=C(OC)C(=O)C(C)=C(C)C1=O|CCCCO|water|298.15,3,True,True,
cpcm_dft,42,*[C-](c1c([H])c([H])c([H])c([H])c1[H])[N+](=C(C#N)c1c([H])c([H])c([H])c([H])c1[H])C([H])([H])[H].COC1=C(OC)C(=O)C(C)=C(C)C1=O|CCCCN|water|298.15,4,False,True,0.39999999999999997
cpcm_dft,42,*C(=[O+][C-](c1c([H])c([H])c([H])c([H])c1[H])C([H])([H])[H])C(=O)C([H])([H])[H].COC1=C(OC)C(=O)C(C)=C(C)C1=O|CCCCO|water|298.15,4,False,True,0.39999999999999997
cpcm_dft,42,*[C-](C#N)[N+](=C(C(=O)N([H])C([H])([H])[H])c1c([H])c([H])c([H])c([H])c1[H])C([H])([H])[H].COC1=C(OC)C(=O)C(C)=C(C)C1=O|CCCCN|water|298.15,4,True,True,0.7999999999999999
cpcm_dft,43,*C#CC(=O)N([H])C([H])([H])[H].CC(=O)c1[nH+][c-](C)c(=O)o1|CCCCN|water|298.15,4,True,True,1.0
cpcm_dft,43,*C(=O)C#CF.CNC(=O)c1[nH+][c-](C#N)c(=O)o1|CCCCN|water|298.15,3,True,True,
cpcm_dft,43,*C([H])=C([H])[H].N#Cc1oc(=O)[c-](-c2ccccc2)[o+]1|CCCCO|water|298.15,3,True,True,
cpcm_dft,43,*C1=C(C([H])([H])[H])C2([H])C([H])([H])C([H])([H])C1([H])C2([H])[H].COC(=O)[N-][N+]#CC(C)=O|CCCNN|water|298.15,3,True,True,
cpcm_dft,43,*C(=C(C([H])([H])[H])C([H])([H])[H])C([H])([H])[H].COC(=O)[c-]1[nH+]c(C(C)=O)oc1=O|CCCCN|water|298.15,3,False,True,
cpcm_dft,43,*C#CC(=O)OC([H])([H])[H].CNC(=O)[c-]1c(=O)oc(C#N)[n+]1C|CCCCN|water|298.15,4,True,True,1.0
cpcm_dft,43,*C(=[O+][N-]C([H])([H])[H])c1c([H])c([H])c([H])c([H])c1[H].CNC(=O)C1=C(C#N)C2CCC1C2|CCCNO|water|298.15,4,True,True,0.19999999999999998
cpcm_dft,43,*[C-]([O+]=C(C#N)C(=O)OC([H])([H])[H])C([H])([H])[H].CNC(=O)C1=C(F)C2CCC1C2|CCCCO|water|298.15,4,True,True,0.7999999999999999
cpcm_dft,43,*c1oc(=O)[c-](-c2c([H])c([H])c([H])c([H])c2[H])[n+]1C([H])([H])[H].CC(=O)C1=C(Cl)C2CCC1C2|CCCCN|water|298.15,4,False,True,0.6000000000000001
cpcm_dft,43,*c1oc(=O)[c-](C(=O)OC([H])([H])[H])[o+]1.CC(=O)C1=C(Br)C2CCC1C2|CCCCO|water|298.15,4,False,True,0.0
cpcm_dft,43,*C([H])=[N+]([C-](C#N)C(=O)C([H])([H])[H])C([H])([H])[H].N#CC1=C(c2ccccc2)C2CCC1C2|CCCCN|water|298.15,4,True,True,0.7999999999999999
cpcm_dft,43,*C1=C([H])C2([H])C([H])([H])C([H])([H])C1([H])C2([H])[H].COC(=O)[C-](C)[O+]=C(c1ccccc1)c1ccccc1|CCCCO|water|298.15,3,True,True,
cpcm_dft,43,*C1=C(Br)C2([H])C([H])([H])C([H])([H])C1([H])C2([H])[H].CC(=O)c1[nH+][c-](-c2ccccc2)c(=O)o1|CCCCN|water|298.15,4,True,True,1.0
cpcm_dft,43,*C(c1c([H])c([H])c([H])c([H])c1[H])=[N+]([C-](C(=O)N([H])C([H])([H])[H])C([H])([H])[H])C([H])([H])[H].CC1=C(Br)C2C=CC1O2|CCCCN|water|298.15,7,True,True,0.6071428571428572
cpcm_dft,43,*C1=C(C(F)(F)F)C2([H])OC1([H])C([H])=C2[H].COC(=O)[C-]([N+]#CC(C)=O)c1ccccc1|CCCCN|water|298.15,5,True,True,0.8999999999999998
cpcm_dft,43,*C(=O)C1=C(Br)C2([H])OC1([H])C([H])=C2[H].CNC(=O)C(=[NH+][C-](C)C#N)C(=O)OC|CCCCN|water|298.15,8,False,True,0.8095238095238096
cpcm_dft,43,*C1(C([H])([H])[H])C#CC(c2c([H])c([H])c([H])c([H])c2[H])(c2c([H])c([H])c([H])c([H])c2[H])C([H])([H])C([H])([H])C([H])([H])C1([H])[H].CNC(=O)[C-](C#N)[NH+]=C(C)C#N|CCCCN|water|298.15,4,True,True,0.7999999999999999
cpcm_dft,43,*[C-]([O+]=C(C(=O)N([H])C([H])([H])[H])c1c([H])c([H])c([H])c([H])c1[H])C([H])([H])[H].CNC(=O)C1=C(Br)C2CCC1C2|CCCCO|water|298.15,3,True,True,
cpcm_dft,43,*C1([H])C#CC(C(=O)OC([H])([H])[H])(C(=O)OC([H])([H])[H])C([H])([H])C([H])([H])C([H])([H])C1([H])[H].CC(=O)[c-]1c(=O)oc(-c2ccccc2)[n+]1C|CCCCN|water|298.15,4,False,True,-0.6000000000000001
cpcm_dft,43,*C1(c2c([H])c([H])c([H])c([H])c2[H])C#CC(c2c([H])c([H])c([H])c([H])c2[H])(c2c([H])c([H])c([H])c([H])c2[H])C([H])([H])C([H])([H])C([H])([H])C1([H])[H].C[C-]([N+]#N)c1ccccc1|CCCNN|water|298.15,3,True,True,
cpcm_dft,43,*C#[N+][C-]([H])c1c([H])c([H])c([H])c([H])c1[H].C=C|CCCCN|water|298.15,3,True,True,
cpcm_dft,43,*[C-]([H])[N+](=C(C#N)C([H])([H])[H])C([H])([H])[H].C/C=C\C|CCCCN|water|298.15,3,False,True,
cpcm_dft,43,*C([H])=C(C([H])([H])[H])C([H])([H])[H].C[c-]1[o+]noc1=O|CCCNO|water|298.15,4,True,True,0.7999999999999999
cpcm_dft,43,*[c-]1[o+]noc1=O.CC(C)=CC=O|CCCNO|water|298.15,4,True,True,1.0
cpcm_dft,43,*[C-]([N+]#CC(=O)OC([H])([H])[H])C([H])([H])[H].CC(C)=CC=O|CCCCN|water|298.15,6,True,True,0.942857142857143
cpcm_dft,43,*[C-]([H])[N+]#CC(=O)C([H])([H])[H].CC(C)=CC=O|CCCCN|water|298.15,4,True,True,0.39999999999999997
cpcm_dft,43,*[C-]([N+]#CC(=O)C([H])([H])[H])C(=O)C([H])([H])[H].CC(C)=CC=O|CCCCN|water|298.15,3,True,True,
cpcm_dft,43,*C#[N+][C-](c1c([H])c([H])c([H])c([H])c1[H])C([H])([H])[H].C/C=C\C|CCCCN|water|298.15,4,False,True,0.7999999999999999
cpcm_dft,43,*C#[N+][C-](C([H])([H])[H])C([H])([H])[H].C=C(C)/C=C/C=C(C)C|CCCCN|water|298.15,9,False,True,0.8166666666666667
cpcm_dft,43,*C(C(=O)C([H])([H])[H])=[N+]([C-]([H])C([H])([H])[H])C([H])([H])[H].CC(C)=CC=O|CCCCN|water|298.15,4,True,True,1.0
cpcm_dft,43,*C#[N+][C-](C#N)C(=O)C([H])([H])[H].CC(C)=C(C)C|CCCCN|water|298.15,3,True,True,
cpcm_dft,43,*C(C#N)=[N+]([H])[N-]C(=O)C([H])([H])[H].CC(C)=CC=O|CCCNN|water|298.15,4,True,True,0.7999999999999999
cpcm_dft,43,*C(C(=O)OC([H])([H])[H])=[N+]([H])[N-]C#N.CC(C)=CC=O|CCCNN|water|298.15,4,False,False,-1.0
cpcm_dft,43,*C(=O)[c-]1c(=O)oc(C([H])([H])[H])[n+]1[H].CC(C)=CC=O|CCCCN|water|298.15,3,True,True,
cpcm_dft,43,*[c-]1[o+]noc1=O.C=C(C)/C=C/C=C(C)C|CCCNO|water|298.15,8,True,True,0.5952380952380953
cpcm_dft,43,*[N-][N+]#CC([H])([H])[H].C=C(C)/C=C/C=C(C)C|CCCNN|water|298.15,7,True,True,0.42857142857142866
cpcm_dft,43,*[C-]([N+]#CC(=O)C([H])([H])[H])c1c([H])c([H])c([H])c([H])c1[H].C/C=C\C|CCCCN|water|298.15,3,True,True,
cpcm_dft,43,*C([H])=C(C([H])([H])[H])C([H])([H])[H].CNC(=O)[c-]1[nH+]c(C)oc1=O|CCCCN|water|298.15,4,True,True,0.39999999999999997
cpcm_dft,43,*c1oc(=O)[c-](C(=O)N([H])C([H])([H])[H])[n+]1[H].CC(C)=CC=O|CCCCN|water|298.15,4,True,True,1.0
cpcm_dft,43,*[C-]([N+]#CC(=O)C([H])([H])[H])c1c([H])c([H])c([H])c([H])c1[H].CC(C)=CC=O|CCCCN|water|298.15,5,True,True,0.8999999999999998
cpcm_dft,43,*c1oc(=O)[c-](C([H])([H])[H])[n+]1[H].C=C(C)/C=C/C=C(C)C|CCCCN|water|298.15,18,False,True,0.8286893704850361
cpcm_dft,43,*[C-]([N+]#N)C(=O)OC([H])([H])[H].C=C(C)/C=C/C=C(C)C|CCCNN|water|298.15,9,False,False,0.31666666666666665
cpcm_dft,43,*c1oc(=O)[c-](C([H])([H])[H])[n+]1[H].CN1C=CCC(C(N)=O)=C1|CCCCN|water|298.15,6,True,True,1.0
cpcm_dft,43,*[c-]1c(=O)oc(C([H])([H])[H])[n+]1[H].CN1C=CCC(C(N)=O)=C1|CCCCN|water|298.15,12,True,True,0.9720279720279721
cpcm_dft,43,*[C-]([N+]#CC(=O)OC([H])([H])[H])C([H])([H])[H].C=C(C)/C=C/C=C(C)C|CCCCN|water|298.15,15,False,True,0.8928571428571428
cpcm_dft,43,*C#[N+][N-]c1c([H])c([H])c([H])c([H])c1[H].C=C(C)/C=C/C=C(C)C|CCCNN|water|298.15,3,True,True,
cpcm_dft,43,*[C-](C(=O)N([H])C([H])([H])[H])[N+]([H])=C(C(=O)N([H])C([H])([H])[H])C([H])([H])[H].CC(C)=CC=O|CCCCN|water|298.15,4,True,True,0.7999999999999999
cpcm_dft,43,*C([H])=C(C([H])([H])[H])C([H])([H])[H].C[c-]1[nH+]c(-c2ccccc2)oc1=O|CCCCN|water|298.15,3,True,True,
cpcm_dft,43,*[c-]1[o+]c(C#N)oc1=O.CN1C=CCC(C(N)=O)=C1|CCCCO|water|298.15,5,True,True,0.8999999999999998
cpcm_dft,43,*[C-]([N+]#CC#N)C(=O)OC([H])([H])[H].C=C(C)/C=C/C=C(C)C|CCCCN|water|298.15,14,True,True,0.9252747252747253
cpcm_dft,43,*C([H])=C(C([H])([H])[H])C([H])([H])[H].COC(=O)[N-][NH+]=Cc1ccccc1|CCCNN|water|298.15,3,True,True,
cpcm_dft,43,*[N+]([N-]C(=O)OC([H])([H])[H])=C([H])c1c([H])c([H])c([H])c([H])c1[H].CC(C)=CC=O|CCCNN|water|298.15,3,True,True,
cpcm_dft,43,*C(=O)C#[N+][C-](C(=O)C([H])([H])[H])C([H])([H])[H].C=C(C)/C=C/C=C(C)C|CCCCN|water|298.15,8,False,False,0.5476190476190477
cpcm_dft,43,*[C-]([N+]#CC(=O)C([H])([H])[H])C(=O)C([H])([H])[H].C=C(C)/C=C/C=C(C)C|CCCCN|water|298.15,8,False,True,0.523809523809524
cpcm_dft,43,*C(C(=O)OC([H])([H])[H])=[N+]([H])[C-]([H])C#N.C=C(C)/C=C/C=C(C)C|CCCCN|water|298.15,12,True,True,0.9020979020979022
cpcm_dft,43,*C(C(=O)N([H])C([H])([H])[H])=[N+]([C-]([H])C#N)C([H])([H])[H].CC(C)=CC=O|CCCCN|water|298.15,4,True,True,1.0
cpcm_dft,43,*[C-]([H])[N+](=C(C(=O)N([H])C([H])([H])[H])C(=O)C([H])([H])[H])C([H])([H])[H].CC(C)=CC=O|CCCCN|water|298.15,4,True,True,0.39999999999999997
cpcm_dft,43,*[C-](C#N)[N+]#CC(=O)OC([H])([H])[H].CN1C=CCC(C(N)=O)=C1|CCCCN|water|298.15,5,False,True,0.49999999999999994
cpcm_dft,43,*[C-]([N+]#CC#N)C([H])([H])[H].COC1=C(OC)C(=O)C(C)=C(C)C1=O|CCCCN|water|298.15,4,True,True,0.7999999999999999
cpcm_dft,43,*[C-](C#N)[N+]([H])=C(C(=O)N([H])C([H])([H])[H])C([H])([H])[H].CN1C=CCC(C(N)=O)=C1|CCCCN|water|298.15,7,True,True,0.9642857142857145
cpcm_dft,43,*C([H])=C(C([H])([H])[H])C([H])([H])[H].C[CH-][N+](C)=C(C(C)=O)c1ccccc1|CCCCN|water|298.15,4,False,True,0.7999999999999999
cpcm_dft,43,*C([H])=[N+]([C-](c1c([H])c([H])c([H])c([H])c1[H])C([H])([H])[H])C([H])([H])[H].C=C(C)/C=C/C=C(C)C|CCCCN|water|298.15,15,True,True,0.6535714285714285
cpcm_dft,43,*C([H])=[O+][N-]C(=O)OC([H])([H])[H].CN1C=CCC(C(N)=O)=C1|CCCNO|water|298.15,4,True,True,1.0
cpcm_dft,43,*[C-](C#N)[N+](=C(C(=O)N([H])C([H])([H])[H])C(=O)N([H])C([H])([H])[H])C([H])([H])[H].CC(C)=CC=O|CCCCN|water|298.15,4,True,True,0.7999999999999999
cpcm_dft,43,*c1oc(=O)[c-](C(=O)N([H])C([H])([H])[H])[n+]1[H].C=C(C)/C=C/C=C(C)C|CCCCN|water|298.15,11,False,True,0.5545454545454546
cpcm_dft,43,*C([H])=C(C([H])([H])[H])C([H])([H])[H].CC(=O)C#[N+][C-](C(C)=O)c1ccccc1|CCCCN|water|298.15,3,True,True,
cpcm_dft,43,*C(=O)C#[N+][C-](C(=O)C([H])([H])[H])c1c([H])c([H])c([H])c([H])c1[H].CC(C)=CC=O|CCCCN|water|298.15,3,True,True,
cpcm_dft,43,*C(=O)[C-]([N+]#CC#N)C(=O)C([H])([H])[H].C=C(C)/C=C/C=C(C)C|CCCCN|water|298.15,8,True,True,0.523809523809524
cpcm_dft,43,*[C-]([N+]#CC#N)C(=O)C([H])([H])[H].C=C(C)/C=C/C=C(C)C|CCCCN|water|298.15,12,True,True,0.7062937062937064
cpcm_dft,43,*C#[N+][C-](C(=O)OC([H])([H])[H])C(=O)C([H])([H])[H].C=C(C)/C=C/C=C(C)C|CCCCN|water|298.15,10,True,True,0.8666666666666665
cpcm_dft,43,*C(C(=O)C([H])([H])[H])=[N+]([H])[N-]c1c([H])c([H])c([H])c([H])c1[H].C=C(C)/C=C/C=C(C)C|CCCNN|water|298.15,10,False,False,0.406060606060606
cpcm_dft,43,*[C-]([N+]#CC#N)C(=O)N([H])C([H])([H])[H].C=C(C)/C=C/C=C(C)C|CCCCN|water|298.15,8,True,True,0.7380952380952381
cpcm_dft,43,*C(c1c([H])c([H])c([H])c([H])c1[H])=[N+]([N-][H])C([H])([H])[H].CN1C=CCC(C(N)=O)=C1|CCCNN|water|298.15,5,True,True,0.6
cpcm_dft,43,*c1oc(=O)[c-](C(=O)N([H])C([H])([H])[H])[o+]1.C=C(C)/C=C/C=C(C)C|CCCCO|water|298.15,12,True,True,0.8251748251748254
cpcm_dft,43,*[c-]1c(=O)oc(C(=O)C([H])([H])[H])[n+]1C([H])([H])[H].CN1C=CCC(C(N)=O)=C1|CCCCN|water|298.15,10,True,True,0.8787878787878788
cpcm_dft,43,*[N-][N+]#CC(=O)N([H])C([H])([H])[H].COC1=C(OC)C(=O)C(C)=C(C)C1=O|CCCNN|water|298.15,3,True,True,
cpcm_dft,43,*C#[N+][C-](C#N)C([H])([H])[H].COC1=C(OC)C(=O)C(C)=C(C)C1=O|CCCCN|water|298.15,6,True,True,0.942857142857143
cpcm_dft,43,*C(C#N)=[N+]([C-](C(=O)N([H])C([H])([H])[H])C([H])([H])[H])C([H])([H])[H].CC(C)=CC=O|CCCCN|water|298.15,4,True,True,1.0
cpcm_dft,43,*C(=[O+][N-]C(=O)OC([H])([H])[H])C(=O)N([H])C([H])([H])[H].CN1C=CCC(C(N)=O)=C1|CCCNO|water|298.15,3,True,True,
cpcm_dft,43,*C#[N+][C-](C(=O)N([H])C([H])([H])[H])c1c([H])c([H])c([H])c([H])c1[H].CC(C)=CC=O|CCCCN|water|298.15,4,True,True,0.7999999999999999
cpcm_dft,43,*[C-](C(=O)N([H])C([H])([H])[H])[N+](=C(C#N)C#N)C([H])([H])[H].CN1C=CCC(C(N)=O)=C1|CCCCN|water|298.15,8,True,True,0.5714285714285715
cpcm_dft,43,*[C-](C(=O)OC([H])([H])[H])[N+]([H])=C(C(=O)N([H])C([H])([H])[H])C(=O)N([H])C([H])([H])[H].CC(C)=CC=O|CCCCN|water|298.15,4,True,True,0.7999999999999999
cpcm_dft,43,*[C-]([N+]#CC#N)C(=O)N([H])C([H])([H])[H].CN1C=CCC(C(N)=O)=C1|CCCCN|water|298.15,4,True,True,1.0
cpcm_dft,43,*C#[N+][C-](C(=O)OC([H])([H])[H])c1c([H])c([H])c([H])c([H])c1[H].C=C(C)/C=C/C=C(C)C|CCCCN|water|298.15,7,False,False,0.28571428571428575
cpcm_dft,43,*[c-]1c(=O)oc(-c2c([H])c([H])c([H])c([H])c2[H])[n+]1[H].C=C(C)/C=C/C=C(C)C|CCCCN|water|298.15,18,False,False,0.7936016511867906
cpcm_dft,43,*C(=O)C#[N+][N-]C#N.COC1=C(OC)C(=O)C(C)=C(C)C1=O|CCCNN|water|298.15,3,True,True,
cpcm_dft,43,*[C-](C(=O)N([H])C([H])([H])[H])[N+](=C(C#N)c1c([H])c([H])c([H])c([H])c1[H])C([H])([H])[H].CC(C)=CC=O|CCCCN|water|298.15,4,True,True,1.0
cpcm_dft,43,*C#[N+][C-](C(=O)OC([H])([H])[H])C(=O)OC([H])([H])[H].C=C(C)/C=C/C=C(C)C|CCCCN|water|298.15,6,True,True,0.8857142857142858
cpcm_dft,43,*C([H])=[O+][C-](C#N)c1c([H])c([H])c([H])c([H])c1[H].CN1C=CCC(C(N)=O)=C1|CCCCO|water|298.15,5,False,False,-0.49999999999999994
cpcm_dft,43,*C(=O)[C-]([N+]#CC#N)c1c([H])c([H])c([H])c([H])c1[H].C=C(C)/C=C/C=C(C)C|CCCCN|water|298.15,9,True,True,0.7166666666666667
cpcm_dft,43,*C#[N+][C-](C(=O)C([H])([H])[H])c1c([H])c([H])c([H])c([H])c1[H].C=C(C)/C=C/C=C(C)C|CCCCN|water|298.15,9,False,True,0.6333333333333333
cpcm_dft,43,*c1oc(=O)[c-](C(=O)OC([H])([H])[H])[n+]1C([H])([H])[H].CN1C=CCC(C(N)=O)=C1|CCCCN|water|298.15,11,True,True,0.8636363636363636
cpcm_dft,43,*c1oc(=O)[c-](-c2c([H])c([H])c([H])c([H])c2[H])[n+]1[H].CN1C=CCC(C(N)=O)=C1|CCCCN|water|298.15,7,True,True,1.0
cpcm_dft,43,*C(=[N+]([H])[C-](C#N)c1c([H])c([H])c([H])c([H])c1[H])C([H])([H])[H].CN1C=CCC(C(N)=O)=C1|CCCCN|water|298.15,8,True,True,0.8571428571428572
cpcm_dft,43,*[C-](c1c([H])c([H])c([H])c([H])c1[H])[N+]([H])=C(C([H])([H])[H])C([H])([H])[H].CN1C=CCC(C(N)=O)=C1|CCCCN|water|298.15,8,True,True,0.8571428571428572
cpcm_dft,43,*[C-]([O+]=C([H])C(=O)C([H])([H])[H])c1c([H])c([H])c([H])c([H])c1[H].C=C(C)/C=C/C=C(C)C|CCCCO|water|298.15,10,True,True,0.6484848484848483
cpcm_dft,43,*[N-][O+]=C(C(=O)OC([H])([H])[H])C(=O)N([H])C([H])([H])[H].CN1C=CCC(C(N)=O)=C1|CCCNO|water|298.15,4,True,True,1.0
cpcm_dft,43,*[c-]1c(=O)oc(C#N)[n+]1C([H])([H])[H].CN1C=CCC(C(N)=O)=C1|CCCCN|water|298.15,7,False,True,0.5357142857142858
cpcm_dft,43,*[N-][O+]=C([H])c1c([H])c([H])c([H])c([H])c1[H].CN1C=CCC(C(N)=O)=C1|CCCNO|water|298.15,5,True,True,0.8999999999999998
cpcm_dft,43,*C(C(=O)OC([H])([H])[H])=[N+]([H])[C-](C#N)C#N.C=C(C)/C=C/C=C(C)C|CCCCN|water|298.15,11,True,True,0.881818181818182
cpcm_dft,43,*[C-]([O+]=C([H])c1c([H])c([H])c([H])c([H])c1[H])C(=O)OC([H])([H])[H].C=C(C)/C=C/C=C(C)C|CCCCO|water|298.15,10,False,True,0.6121212121212121
cpcm_dft,43,*[c-]1[o+]c(C(=O)OC([H])([H])[H])oc1=O.CN1C=CCC(C(N)=O)=C1|CCCCO|water|298.15,6,False,True,0.7142857142857143
cpcm_dft,43,*C(c1c([H])c([H])c([H])c([H])c1[H])=[N+]([C-](C#N)C#N)C([H])([H])[H].CN1C=CCC(C(N)=O)=C1|CCCCN|water|298.15,10,False,True,0.8060606060606059
cpcm_dft,43,*C([H])=C(C([H])([H])[H])C([H])([H])[H].CNC(=O)C(=[O+][N-]c1ccccc1)C(=O)OC|CCCNO|water|298.15,4,True,True,1.0
cpcm_dft,43,*C([H])=C(C([H])([H])[H])C([H])([H])[H].COC(=O)[CH-][O+]=C(C(=O)OC)c1ccccc1|CCCCO|water|298.15,4,True,True,1.0
cpcm_dft,43,*C#[N+][C-](C(=O)C([H])([H])[H])C(=O)C([H])([H])[H].CN1C=CCC(C(N)=O)=C1|CCCCN|water|298.15,4,True,True,1.0
cpcm_dft,43,*[C-]([N+]#CC(=O)N([H])C([H])([H])[H])C(=O)OC([H])([H])[H].C=C(C)/C=C/C=C(C)C|CCCCN|water|298.15,10,True,True,0.6969696969696969
cpcm_dft,43,*C(c1c([H])c([H])c([H])c([H])c1[H])=[N+]([N-]C(=O)C([H])([H])[H])C([H])([H])[H].C=C(C)/C=C/C=C(C)C|CCCNN|water|298.15,7,True,True,0.9642857142857145
cpcm_dft,43,*[C-]([H])[O+]=C(C(=O)OC([H])([H])[H])c1c([H])c([H])c([H])c([H])c1[H].C=C(C)/C=C/C=C(C)C|CCCCO|water|298.15,10,True,True,0.6606060606060605
cpcm_dft,43,*[C-]([N+]#Cc1c([H])c([H])c([H])c([H])c1[H])c1c([H])c([H])c([H])c([H])c1[H].CN1C=CCC(C(N)=O)=C1|CCCCN|water|298.15,7,True,True,1.0
cpcm_dft,43,*C#[N+][C-](c1c([H])c([H])c([H])c([H])c1[H])c1c([H])c([H])c([H])c([H])c1[H].CN1C=CCC(C(N)=O)=C1|CCCCN|water|298.15,9,True,True,0.9500000000000001
cpcm_dft,43,*C(=[N+]([H])[C-](C(=O)N([H])C([H])([H])[H])C(=O)N([H])C([H])([H])[H])C([H])([H])[H].CN1C=CCC(C(N)=O)=C1|CCCCN|water|298.15,7,False,True,0.9285714285714288
cpcm_dft,43,*c1oc(=O)[c-](-c2c([H])c([H])c([H])c([H])c2[H])[n+]1C([H])([H])[H].CN1C=CCC(C(N)=O)=C1|CCCCN|water|298.15,8,True,True,0.8095238095238096
cpcm_dft,43,*[n+]1c(-c2c([H])c([H])c([H])c([H])c2[H])oc(=O)[c-]1C(=O)N([H])C([H])([H])[H].C=C(C)/C=C/C=C(C)C|CCCCN|water|298.15,11,False,True,0.5636363636363637
cpcm_dft,43,*C(=[O+][C-](C#N)C#N)C(=O)OC([H])([H])[H].CN1C=CCC(C(N)=O)=C1|CCCCO|water|298.15,5,False,True,0.7999999999999999
cpcm_dft,43,*[C-]([N+]#Cc1c([H])c([H])c([H])c([H])c1[H])C([H])([H])[H].COC1=C(OC)C(=O)C(C)=C(C)C1=O|CCCCN|water|298.15,3,False,True,
cpcm_dft,43,*C(=[O+][C-](C(=O)N([H])C([H])([H])[H])C(=O)N([H])C([H])([H])[H])c1c([H])c([H])c([H])c([H])c1[H].CC(C)=CC=O|CCCCO|water|298.15,4,True,True,1.0
cpcm_dft,43,*C(=O)C#[N+][C-](C(=O)OC([H])([H])[H])C(=O)OC([H])([H])[H].CN1C=CCC(C(N)=O)=C1|CCCCN|water|298.15,6,True,True,0.942857142857143
cpcm_dft,43,*C(C(=O)OC([H])([H])[H])=[N+]([N-]C([H])([H])[H])C([H])([H])[H].COC1=C(OC)C(=O)C(C)=C(C)C1=O|CCCNN|water|298.15,4,True,True,1.0
cpcm_dft,43,*C(=[O+][C-](C#N)C(=O)OC([H])([H])[H])c1c([H])c([H])c([H])c([H])c1[H].CN1C=CCC(C(N)=O)=C1|CCCCO|water|298.15,7,False,True,0.8571428571428573
cpcm_dft,43,*C(=O)c1oc(=O)[c-](-c2c([H])c([H])c([H])c([H])c2[H])[o+]1.CN1C=CCC(C(N)=O)=C1|CCCCO|water|298.15,7,False,True,0.5714285714285715
cpcm_dft,43,*c1oc(=O)[c-](-c2c([H])c([H])c([H])c([H])c2[H])[o+]1.CN1C=CCC(C(N)=O)=C1|CCCCO|water|298.15,11,False,False,0.7727272727272727
cpcm_dft,43,*[C-](C(=O)C([H])([H])[H])[N+](=C([H])C(=O)OC([H])([H])[H])C([H])([H])[H].CN1C=CCC(C(N)=O)=C1|CCCCN|water|298.15,7,True,True,0.8571428571428573
cpcm_dft,43,*C(C(=O)OC([H])([H])[H])=[N+]([C-](C(=O)C([H])([H])[H])C([H])([H])[H])C([H])([H])[H].CN1C=CCC(C(N)=O)=C1|CCCCN|water|298.15,5,True,True,0.9999999999999999
cpcm_dft,43,*[N+](=C(C(=O)N([H])C([H])([H])[H])c1c([H])c([H])c([H])c([H])c1[H])[C-](C(=O)OC([H])([H])[H])C(=O)C([H])([H])[H].CC(C)=CC=O|CCCCN|water|298.15,4,True,True,0.39999999999999997
cpcm_dft,43,*[C-](C#N)[O+]=C(C(=O)OC([H])([H])[H])c1c([H])c([H])c([H])c([H])c1[H].CN1C=CCC(C(N)=O)=C1|CCCCO|water|298.15,6,True,True,0.8285714285714287
cpcm_dft,43,*[N+](=C([H])C(=O)N([H])C([H])([H])[H])[C-](C#N)C(=O)C([H])([H])[H].COC1=C(OC)C(=O)C(C)=C(C)C1=O|CCCCN|water|298.15,4,False,False,-0.19999999999999998
cpcm_dft,43,*C(=O)[C-]([N+](=C(C#N)C([H])([H])[H])C([H])([H])[H])C([H])([H])[H].COC1=C(OC)C(=O)C(C)=C(C)C1=O|CCCCN|water|298.15,4,False,True,0.7999999999999999
cpcm_dft,43,*C(=[O+][C-]([H])C(=O)OC([H])([H])[H])C([H])([H])[H].COC1=C(OC)C(=O)C(C)=C(C)C1=O|CCCCO|water|298.15,3,True,True,
cpcm_dft,43,*c1oc(=O)[c-](-c2c([H])c([H])c([H])c([H])c2[H])[o+]1.COC1=C(OC)C(=O)C(C)=C(C)C1=O|CCCCO|water|298.15,4,True,True,0.7999999999999999
cpcm_dft,43,*c1oc(=O)[c-](C(=O)OC([H])([H])[H])[o+]1.COC1=C(OC)C(=O)C(C)=C(C)C1=O|CCCCO|water|298.15,4,True,True,0.39999999999999997
cpcm_dft,43,*[c-]1[o+]c(C(=O)N([H])C([H])([H])[H])oc1=O.COC1=C(OC)C(=O)C(C)=C(C)C1=O|CCCCO|water|298.15,6,True,True,0.7714285714285715
cpcm_dft,43,*[C-](C(=O)C([H])([H])[H])[N+](=C(C(=O)N([H])C([H])([H])[H])c1c([H])c([H])c([H])c([H])c1[H])C([H])([H])[H].CC(C)=CC=O|CCCCN|water|298.15,4,True,True,1.0
cpcm_dft,43,*[C-](C(=O)OC([H])([H])[H])[N+]([H])=C(C(=O)N([H])C([H])([H])[H])C([H])([H])[H].COC1=C(OC)C(=O)C(C)=C(C)C1=O|CCCCN|water|298.15,4,True,True,1.0
cpcm_dft,43,*[c-]1c(=O)oc(-c2c([H])c([H])c([H])c([H])c2[H])[n+]1C([H])([H])[H].COC1=C(OC)C(=O)C(C)=C(C)C1=O|CCCCN|water|298.15,4,True,True,1.0
cpcm_dft,43,*[C-](C(=O)OC([H])([H])[H])[N+](=C(C(=O)OC([H])([H])[H])c1c([H])c([H])c([H])c([H])c1[H])C([H])([H])[H].C=C(C)/C=C/C=C(C)C|CCCCN|water|298.15,10,False,False,0.5636363636363636
cpcm_dft,43,*[c-]1[o+]c(C(=O)OC([H])([H])[H])oc1=O.COC1=C(OC)C(=O)C(C)=C(C)C1=O|CCCCO|water|298.15,4,True,True,1.0
cpcm_dft,43,*c1oc(=O)[c-](C(=O)N([H])C([H])([H])[H])[o+]1.COC1=C(OC)C(=O)C(C)=C(C)C1=O|CCCCO|water|298.15,4,True,True,1.0
cpcm_dft,43,*C(c1c([H])c([H])c([H])c([H])c1[H])=[N+]([H])[C-](C#N)C(=O)N([H])C([H])([H])[H].COC1=C(OC)C(=O)C(C)=C(C)C1=O|CCCCN|water|298.15,4,True,True,0.7999999999999999
cpcm_dft,43,*C(=O)C(C(=O)OC([H])([H])[H])=[N+]([H])[C-](C(=O)OC([H])([H])[H])c1c([H])c([H])c([H])c([H])c1[H].C=C(C)/C=C/C=C(C)C|CCCCN|water|298.15,11,True,True,0.8181818181818182
cpcm_dft,43,*[C-]([O+]=C(C(=O)N([H])C([H])([H])[H])c1c([H])c([H])c([H])c([H])c1[H])C(=O)N([H])C([H])([H])[H].COC1=C(OC)C(=O)C(C)=C(C)C1=O|CCCCO|water|298.15,3,True,True,
cpcm_dft,43,*[C-](c1c([H])c([H])c([H])c([H])c1[H])[N+](=C(C#N)c1c([H])c([H])c([H])c([H])c1[H])C([H])([H])[H].COC1=C(OC)C(=O)C(C)=C(C)C1=O|CCCCN|water|298.15,4,False,True,0.39999999999999997
cpcm_dft,43,*C(=[O+][C-](c1c([H])c([H])c([H])c([H])c1[H])C([H])([H])[H])C(=O)C([H])([H])[H].COC1=C(OC)C(=O)C(C)=C(C)C1=O|CCCCO|water|298.15,4,False,True,0.0
cpcm_dft,43,*[C-](C#N)[N+](=C(C(=O)N([H])C([H])([H])[H])c1c([H])c([H])c([H])c([H])c1[H])C([H])([H])[H].COC1=C(OC)C(=O)C(C)=C(C)C1=O|CCCCN|water|298.15,4,True,True,0.7999999999999999
cpcm_dft,44,*C#CC(=O)N([H])C([H])([H])[H].CC(=O)c1[nH+][c-](C)c(=O)o1|CCCCN|water|298.15,4,True,True,0.7999999999999999
cpcm_dft,44,*C(=O)C#CF.CNC(=O)c1[nH+][c-](C#N)c(=O)o1|CCCCN|water|298.15,3,True,True,
cpcm_dft,44,*C([H])=C([H])[H].N#Cc1oc(=O)[c-](-c2ccccc2)[o+]1|CCCCO|water|298.15,3,True,True,
cpcm_dft,44,*C1=C(C([H])([H])[H])C2([H])C([H])([H])C([H])([H])C1([H])C2([H])[H].COC(=O)[N-][N+]#CC(C)=O|CCCNN|water|298.15,3,True,True,
cpcm_dft,44,*C(=C(C([H])([H])[H])C([H])([H])[H])C([H])([H])[H].COC(=O)[c-]1[nH+]c(C(C)=O)oc1=O|CCCCN|water|298.15,3,True,True,
cpcm_dft,44,*C#CC(=O)OC([H])([H])[H].CNC(=O)[c-]1c(=O)oc(C#N)[n+]1C|CCCCN|water|298.15,4,True,True,1.0
cpcm_dft,44,*C(=[O+][N-]C([H])([H])[H])c1c([H])c([H])c([H])c([H])c1[H].CNC(=O)C1=C(C#N)C2CCC1C2|CCCNO|water|298.15,4,True,True,0.19999999999999998
cpcm_dft,44,*[C-]([O+]=C(C#N)C(=O)OC([H])([H])[H])C([H])([H])[H].CNC(=O)C1=C(F)C2CCC1C2|CCCCO|water|298.15,4,True,True,0.7999999999999999
cpcm_dft,44,*c1oc(=O)[c-](-c2c([H])c([H])c([H])c([H])c2[H])[n+]1C([H])([H])[H].CC(=O)C1=C(Cl)C2CCC1C2|CCCCN|water|298.15,4,True,True,0.7999999999999999
cpcm_dft,44,*c1oc(=O)[c-](C(=O)OC([H])([H])[H])[o+]1.CC(=O)C1=C(Br)C2CCC1C2|CCCCO|water|298.15,4,False,True,0.6000000000000001
cpcm_dft,44,*C([H])=[N+]([C-](C#N)C(=O)C([H])([H])[H])C([H])([H])[H].N#CC1=C(c2ccccc2)C2CCC1C2|CCCCN|water|298.15,4,True,True,0.7999999999999999
cpcm_dft,44,*C1=C([H])C2([H])C([H])([H])C([H])([H])C1([H])C2([H])[H].COC(=O)[C-](C)[O+]=C(c1ccccc1)c1ccccc1|CCCCO|water|298.15,3,False,True,
cpcm_dft,44,*C1=C(Br)C2([H])C([H])([H])C([H])([H])C1([H])C2([H])[H].CC(=O)c1[nH+][c-](-c2ccccc2)c(=O)o1|CCCCN|water|298.15,4,True,True,1.0
cpcm_dft,44,*C(c1c([H])c([H])c([H])c([H])c1[H])=[N+]([C-](C(=O)N([H])C([H])([H])[H])C([H])([H])[H])C([H])([H])[H].CC1=C(Br)C2C=CC1O2|CCCCN|water|298.15,7,True,True,0.8928571428571429
cpcm_dft,44,*C1=C(C(F)(F)F)C2([H])OC1([H])C([H])=C2[H].COC(=O)[C-]([N+]#CC(C)=O)c1ccccc1|CCCCN|water|298.15,5,False,True,0.7
cpcm_dft,44,*C(=O)C1=C(Br)C2([H])OC1([H])C([H])=C2[H].CNC(=O)C(=[NH+][C-](C)C#N)C(=O)OC|CCCCN|water|298.15,8,False,False,0.6428571428571429
cpcm_dft,44,*C1(C([H])([H])[H])C#CC(c2c([H])c([H])c([H])c([H])c2[H])(c2c([H])c([H])c([H])c([H])c2[H])C([H])([H])C([H])([H])C([H])([H])C1([H])[H].CNC(=O)[C-](C#N)[NH+]=C(C)C#N|CCCCN|water|298.15,4,True,True,0.7999999999999999
cpcm_dft,44,*[C-]([O+]=C(C(=O)N([H])C([H])([H])[H])c1c([H])c([H])c([H])c([H])c1[H])C([H])([H])[H].CNC(=O)C1=C(Br)C2CCC1C2|CCCCO|water|298.15,3,True,True,
cpcm_dft,44,*C1([H])C#CC(C(=O)OC([H])([H])[H])(C(=O)OC([H])([H])[H])C([H])([H])C([H])([H])C([H])([H])C1([H])[H].CC(=O)[c-]1c(=O)oc(-c2ccccc2)[n+]1C|CCCCN|water|298.15,4,False,False,-0.7999999999999999
cpcm_dft,44,*C1(c2c([H])c([H])c([H])c([H])c2[H])C#CC(c2c([H])c([H])c([H])c([H])c2[H])(c2c([H])c([H])c([H])c([H])c2[H])C([H])([H])C([H])([H])C([H])([H])C1([H])[H].C[C-]([N+]#N)c1ccccc1|CCCNN|water|298.15,3,True,True,
cpcm_dft,44,*C#[N+][C-]([H])c1c([H])c([H])c([H])c([H])c1[H].C=C|CCCCN|water|298.15,3,True,True,
cpcm_dft,44,*[C-]([H])[N+](=C(C#N)C([H])([H])[H])C([H])([H])[H].C/C=C\C|CCCCN|water|298.15,3,False,True,
cpcm_dft,44,*C([H])=C(C([H])([H])[H])C([H])([H])[H].C[c-]1[o+]noc1=O|CCCNO|water|298.15,4,True,True,1.0
cpcm_dft,44,*[c-]1[o+]noc1=O.CC(C)=CC=O|CCCNO|water|298.15,4,True,True,1.0
cpcm_dft,44,*[C-]([N+]#CC(=O)OC([H])([H])[H])C([H])([H])[H].CC(C)=CC=O|CCCCN|water|298.15,6,True,True,0.942857142857143
cpcm_dft,44,*[C-]([H])[N+]#CC(=O)C([H])([H])[H].CC(C)=CC=O|CCCCN|water|298.15,4,True,True,0.39999999999999997
cpcm_dft,44,*[C-]([N+]#CC(=O)C([H])([H])[H])C(=O)C([H])([H])[H].CC(C)=CC=O|CCCCN|water|298.15,3,False,True,
cpcm_dft,44,*C#[N+][C-](c1c([H])c([H])c([H])c([H])c1[H])C([H])([H])[H].C/C=C\C|CCCCN|water|298.15,4,False,True,0.7999999999999999
cpcm_dft,44,*C#[N+][C-](C([H])([H])[H])C([H])([H])[H].C=C(C)/C=C/C=C(C)C|CCCCN|water|298.15,9,False,False,0.6833333333333333
cpcm_dft,44,*C(C(=O)C([H])([H])[H])=[N+]([C-]([H])C([H])([H])[H])C([H])([H])[H].CC(C)=CC=O|CCCCN|water|298.15,4,True,True,1.0
cpcm_dft,44,*C#[N+][C-](C#N)C(=O)C([H])([H])[H].CC(C)=C(C)C|CCCCN|water|298.15,3,True,True,
cpcm_dft,44,*C(C#N)=[N+]([H])[N-]C(=O)C([H])([H])[H].CC(C)=CC=O|CCCNN|water|298.15,4,True,True,0.7999999999999999
cpcm_dft,44,*C(C(=O)OC([H])([H])[H])=[N+]([H])[N-]C#N.CC(C)=CC=O|CCCNN|water|298.15,4,False,True,-0.7999999999999999
cpcm_dft,44,*C(=O)[c-]1c(=O)oc(C([H])([H])[H])[n+]1[H].CC(C)=CC=O|CCCCN|water|298.15,3,False,True,
cpcm_dft,44,*[c-]1[o+]noc1=O.C=C(C)/C=C/C=C(C)C|CCCNO|water|298.15,8,True,True,0.6904761904761906
cpcm_dft,44,*[N-][N+]#CC([H])([H])[H].C=C(C)/C=C/C=C(C)C|CCCNN|water|298.15,7,True,True,0.4642857142857144
cpcm_dft,44,*[C-]([N+]#CC(=O)C([H])([H])[H])c1c([H])c([H])c([H])c([H])c1[H].C/C=C\C|CCCCN|water|298.15,3,True,True,
cpcm_dft,44,*C([H])=C(C([H])([H])[H])C([H])([H])[H].CNC(=O)[c-]1[nH+]c(C)oc1=O|CCCCN|water|298.15,4,True,True,0.39999999999999997
cpcm_dft,44,*c1oc(=O)[c-](C(=O)N([H])C([H])([H])[H])[n+]1[H].CC(C)=CC=O|CCCCN|water|298.15,4,True,True,0.39999999999999997
cpcm_dft,44,*[C-]([N+]#CC(=O)C([H])([H])[H])c1c([H])c([H])c([H])c([H])c1[H].CC(C)=CC=O|CCCCN|water|298.15,5,True,True,0.7999999999999999
cpcm_dft,44,*c1oc(=O)[c-](C([H])([H])[H])[n+]1[H].C=C(C)/C=C/C=C(C)C|CCCCN|water|298.15,18,False,False,0.5211558307533539
cpcm_dft,44,*[C-]([N+]#N)C(=O)OC([H])([H])[H].C=C(C)/C=C/C=C(C)C|CCCNN|water|298.15,9,False,False,0.3666666666666667
cpcm_dft,44,*c1oc(=O)[c-](C([H])([H])[H])[n+]1[H].CN1C=CCC(C(N)=O)=C1|CCCCN|water|298.15,6,True,True,1.0
cpcm_dft,44,*[c-]1c(=O)oc(C([H])([H])[H])[n+]1[H].CN1C=CCC(C(N)=O)=C1|CCCCN|water|298.15,12,False,True,0.9580419580419581
cpcm_dft,44,*[C-]([N+]#CC(=O)OC([H])([H])[H])C([H])([H])[H].C=C(C)/C=C/C=C(C)C|CCCCN|water|298.15,15,False,True,0.7749999999999999
cpcm_dft,44,*C#[N+][N-]c1c([H])c([H])c([H])c([H])c1[H].C=C(C)/C=C/C=C(C)C|CCCNN|water|298.15,3,True,True,
cpcm_dft,44,*[C-](C(=O)N([H])C([H])([H])[H])[N+]([H])=C(C(=O)N([H])C([H])([H])[H])C([H])([H])[H].CC(C)=CC=O|CCCCN|water|298.15,4,True,True,0.7999999999999999
cpcm_dft,44,*C([H])=C(C([H])([H])[H])C([H])([H])[H].C[c-]1[nH+]c(-c2ccccc2)oc1=O|CCCCN|water|298.15,3,True,True,
cpcm_dft,44,*[c-]1[o+]c(C#N)oc1=O.CN1C=CCC(C(N)=O)=C1|CCCCO|water|298.15,5,True,True,0.7
cpcm_dft,44,*[C-]([N+]#CC#N)C(=O)OC([H])([H])[H].C=C(C)/C=C/C=C(C)C|CCCCN|water|298.15,14,True,True,0.9076923076923077
cpcm_dft,44,*C([H])=C(C([H])([H])[H])C([H])([H])[H].COC(=O)[N-][NH+]=Cc1ccccc1|CCCNN|water|298.15,3,True,True,
cpcm_dft,44,*[N+]([N-]C(=O)OC([H])([H])[H])=C([H])c1c([H])c([H])c([H])c([H])c1[H].CC(C)=CC=O|CCCNN|water|298.15,3,True,True,
cpcm_dft,44,*C(=O)C#[N+][C-](C(=O)C([H])([H])[H])C([H])([H])[H].C=C(C)/C=C/C=C(C)C|CCCCN|water|298.15,8,False,True,0.8095238095238096
cpcm_dft,44,*[C-]([N+]#CC(=O)C([H])([H])[H])C(=O)C([H])([H])[H].C=C(C)/C=C/C=C(C)C|CCCCN|water|298.15,8,False,True,0.5952380952380953
cpcm_dft,44,*C(C(=O)OC([H])([H])[H])=[N+]([H])[C-]([H])C#N.C=C(C)/C=C/C=C(C)C|CCCCN|water|298.15,12,True,True,0.8881118881118882
cpcm_dft,44,*C(C(=O)N([H])C([H])([H])[H])=[N+]([C-]([H])C#N)C([H])([H])[H].CC(C)=CC=O|CCCCN|water|298.15,4,True,True,1.0
cpcm_dft,44,*[C-]([H])[N+](=C(C(=O)N([H])C([H])([H])[H])C(=O)C([H])([H])[H])C([H])([H])[H].CC(C)=CC=O|CCCCN|water|298.15,4,True,True,0.39999999999999997
cpcm_dft,44,*[C-](C#N)[N+]#CC(=O)OC([H])([H])[H].CN1C=CCC(C(N)=O)=C1|CCCCN|water|298.15,5,True,True,0.8999999999999998
cpcm_dft,44,*[C-]([N+]#CC#N)C([H])([H])[H].COC1=C(OC)C(=O)C(C)=C(C)C1=O|CCCCN|water|298.15,4,True,True,0.7999999999999999
cpcm_dft,44,*[C-](C#N)[N+]([H])=C(C(=O)N([H])C([H])([H])[H])C([H])([H])[H].CN1C=CCC(C(N)=O)=C1|CCCCN|water|298.15,7,True,True,0.9642857142857145
cpcm_dft,44,*C([H])=C(C([H])([H])[H])C([H])([H])[H].C[CH-][N+](C)=C(C(C)=O)c1ccccc1|CCCCN|water|298.15,4,True,True,1.0
cpcm_dft,44,*C([H])=[N+]([C-](c1c([H])c([H])c([H])c([H])c1[H])C([H])([H])[H])C([H])([H])[H].C=C(C)/C=C/C=C(C)C|CCCCN|water|298.15,15,True,True,0.657142857142857
cpcm_dft,44,*C([H])=[O+][N-]C(=O)OC([H])([H])[H].CN1C=CCC(C(N)=O)=C1|CCCNO|water|298.15,4,True,True,1.0
cpcm_dft,44,*[C-](C#N)[N+](=C(C(=O)N([H])C([H])([H])[H])C(=O)N([H])C([H])([H])[H])C([H])([H])[H].CC(C)=CC=O|CCCCN|water|298.15,4,True,True,0.7999999999999999
cpcm_dft,44,*c1oc(=O)[c-](C(=O)N([H])C([H])([H])[H])[n+]1[H].C=C(C)/C=C/C=C(C)C|CCCCN|water|298.15,11,False,True,0.7545454545454545
cpcm_dft,44,*C([H])=C(C([H])([H])[H])C([H])([H])[H].CC(=O)C#[N+][C-](C(C)=O)c1ccccc1|CCCCN|water|298.15,3,True,True,
cpcm_dft,44,*C(=O)C#[N+][C-](C(=O)C([H])([H])[H])c1c([H])c([H])c([H])c([H])c1[H].CC(C)=CC=O|CCCCN|water|298.15,3,True,True,
cpcm_dft,44,*C(=O)[C-]([N+]#CC#N)C(=O)C([H])([H])[H].C=C(C)/C=C/C=C(C)C|CCCCN|water|298.15,8,True,True,0.523809523809524
cpcm_dft,44,*[C-]([N+]#CC#N)C(=O)C([H])([H])[H].C=C(C)/C=C/C=C(C)C|CCCCN|water|298.15,12,True,True,0.7132867132867133
cpcm_dft,44,*C#[N+][C-](C(=O)OC([H])([H])[H])C(=O)C([H])([H])[H].C=C(C)/C=C/C=C(C)C|CCCCN|water|298.15,10,True,True,0.7939393939393938
cpcm_dft,44,*C(C(=O)C([H])([H])[H])=[N+]([H])[N-]c1c([H])c([H])c([H])c([H])c1[H].C=C(C)/C=C/C=C(C)C|CCCNN|water|298.15,10,False,True,0.406060606060606
cpcm_dft,44,*[C-]([N+]#CC#N)C(=O)N([H])C([H])([H])[H].C=C(C)/C=C/C=C(C)C|CCCCN|water|298.15,8,True,True,0.6428571428571429
cpcm_dft,44,*C(c1c([H])c([H])c([H])c([H])c1[H])=[N+]([N-][H])C([H])([H])[H].CN1C=CCC(C(N)=O)=C1|CCCNN|water|298.15,5,True,True,0.8999999999999998
cpcm_dft,44,*c1oc(=O)[c-](C(=O)N([H])C([H])([H])[H])[o+]1.C=C(C)/C=C/C=C(C)C|CCCCO|water|298.15,12,True,True,0.6363636363636365
cpcm_dft,44,*[c-]1c(=O)oc(C(=O)C([H])([H])[H])[n+]1C([H])([H])[H].CN1C=CCC(C(N)=O)=C1|CCCCN|water|298.15,10,True,True,0.8545454545454544
cpcm_dft,44,*[N-][N+]#CC(=O)N([H])C([H])([H])[H].COC1=C(OC)C(=O)C(C)=C(C)C1=O|CCCNN|water|298.15,3,True,True,
cpcm_dft,44,*C#[N+][C-](C#N)C([H])([H])[H].COC1=C(OC)C(=O)C(C)=C(C)C1=O|CCCCN|water|298.15,6,True,True,0.942857142857143
cpcm_dft,44,*C(C#N)=[N+]([C-](C(=O)N([H])C([H])([H])[H])C([H])([H])[H])C([H])([H])[H].CC(C)=CC=O|CCCCN|water|298.15,4,True,True,1.0
cpcm_dft,44,*C(=[O+][N-]C(=O)OC([H])([H])[H])C(=O)N([H])C([H])([H])[H].CN1C=CCC(C(N)=O)=C1|CCCNO|water|298.15,3,True,True,
cpcm_dft,44,*C#[N+][C-](C(=O)N([H])C([H])([H])[H])c1c([H])c([H])c([H])c([H])c1[H].CC(C)=CC=O|CCCCN|water|298.15,4,True,True,0.7999999999999999
cpcm_dft,44,*[C-](C(=O)N([H])C([H])([H])[H])[N+](=C(C#N)C#N)C([H])([H])[H].CN1C=CCC(C(N)=O)=C1|CCCCN|water|298.15,8,True,True,0.5476190476190477
cpcm_dft,44,*[C-](C(=O)OC([H])([H])[H])[N+]([H])=C(C(=O)N([H])C([H])([H])[H])C(=O)N([H])C([H])([H])[H].CC(C)=CC=O|CCCCN|water|298.15,4,True,True,1.0
cpcm_dft,44,*[C-]([N+]#CC#N)C(=O)N([H])C([H])([H])[H].CN1C=CCC(C(N)=O)=C1|CCCCN|water|298.15,4,True,True,1.0
cpcm_dft,44,*C#[N+][C-](C(=O)OC([H])([H])[H])c1c([H])c([H])c([H])c([H])c1[H].C=C(C)/C=C/C=C(C)C|CCCCN|water|298.15,7,False,False,0.3571428571428572
cpcm_dft,44,*[c-]1c(=O)oc(-c2c([H])c([H])c([H])c([H])c2[H])[n+]1[H].C=C(C)/C=C/C=C(C)C|CCCCN|water|298.15,18,False,True,0.8080495356037152
cpcm_dft,44,*C(=O)C#[N+][N-]C#N.COC1=C(OC)C(=O)C(C)=C(C)C1=O|CCCNN|water|298.15,3,True,True,
cpcm_dft,44,*[C-](C(=O)N([H])C([H])([H])[H])[N+](=C(C#N)c1c([H])c([H])c([H])c([H])c1[H])C([H])([H])[H].CC(C)=CC=O|CCCCN|water|298.15,4,True,True,1.0
cpcm_dft,44,*C#[N+][C-](C(=O)OC([H])([H])[H])C(=O)OC([H])([H])[H].C=C(C)/C=C/C=C(C)C|CCCCN|water|298.15,6,True,True,0.8857142857142858
cpcm_dft,44,*C([H])=[O+][C-](C#N)c1c([H])c([H])c([H])c([H])c1[H].CN1C=CCC(C(N)=O)=C1|CCCCO|water|298.15,5,False,True,-0.3
cpcm_dft,44,*C(=O)[C-]([N+]#CC#N)c1c([H])c([H])c([H])c([H])c1[H].C=C(C)/C=C/C=C(C)C|CCCCN|water|298.15,9,False,True,0.38333333333333336
cpcm_dft,44,*C#[N+][C-](C(=O)C([H])([H])[H])c1c([H])c([H])c([H])c([H])c1[H].C=C(C)/C=C/C=C(C)C|CCCCN|water|298.15,9,False,True,0.5
cpcm_dft,44,*c1oc(=O)[c-](C(=O)OC([H])([H])[H])[n+]1C([H])([H])[H].CN1C=CCC(C(N)=O)=C1|CCCCN|water|298.15,11,True,True,0.9363636363636365
cpcm_dft,44,*c1oc(=O)[c-](-c2c([H])c([H])c([H])c([H])c2[H])[n+]1[H].CN1C=CCC(C(N)=O)=C1|CCCCN|water|298.15,7,True,True,1.0
cpcm_dft,44,*C(=[N+]([H])[C-](C#N)c1c([H])c([H])c([H])c([H])c1[H])C([H])([H])[H].CN1C=CCC(C(N)=O)=C1|CCCCN|water|298.15,8,True,True,0.8095238095238096
cpcm_dft,44,*[C-](c1c([H])c([H])c([H])c([H])c1[H])[N+]([H])=C(C([H])([H])[H])C([H])([H])[H].CN1C=CCC(C(N)=O)=C1|CCCCN|water|298.15,8,True,True,0.9285714285714287
cpcm_dft,44,*[C-]([O+]=C([H])C(=O)C([H])([H])[H])c1c([H])c([H])c([H])c([H])c1[H].C=C(C)/C=C/C=C(C)C|CCCCO|water|298.15,10,True,True,0.5393939393939393
cpcm_dft,44,*[N-][O+]=C(C(=O)OC([H])([H])[H])C(=O)N([H])C([H])([H])[H].CN1C=CCC(C(N)=O)=C1|CCCNO|water|298.15,4,True,True,1.0
cpcm_dft,44,*[c-]1c(=O)oc(C#N)[n+]1C([H])([H])[H].CN1C=CCC(C(N)=O)=C1|CCCCN|water|298.15,7,False,True,0.7857142857142859
cpcm_dft,44,*[N-][O+]=C([H])c1c([H])c([H])c([H])c([H])c1[H].CN1C=CCC(C(N)=O)=C1|CCCNO|water|298.15,5,True,True,0.7
cpcm_dft,44,*C(C(=O)OC([H])([H])[H])=[N+]([H])[C-](C#N)C#N.C=C(C)/C=C/C=C(C)C|CCCCN|water|298.15,11,True,True,0.9727272727272729
cpcm_dft,44,*[C-]([O+]=C([H])c1c([H])c([H])c([H])c([H])c1[H])C(=O)OC([H])([H])[H].C=C(C)/C=C/C=C(C)C|CCCCO|water|298.15,10,True,True,0.6242424242424242
cpcm_dft,44,*[c-]1[o+]c(C(=O)OC([H])([H])[H])oc1=O.CN1C=CCC(C(N)=O)=C1|CCCCO|water|298.15,6,False,True,0.7714285714285715
cpcm_dft,44,*C(c1c([H])c([H])c([H])c([H])c1[H])=[N+]([C-](C#N)C#N)C([H])([H])[H].CN1C=CCC(C(N)=O)=C1|CCCCN|water|298.15,10,False,True,0.7818181818181817
cpcm_dft,44,*C([H])=C(C([H])([H])[H])C([H])([H])[H].CNC(=O)C(=[O+][N-]c1ccccc1)C(=O)OC|CCCNO|water|298.15,4,True,True,0.7999999999999999
cpcm_dft,44,*C([H])=C(C([H])([H])[H])C([H])([H])[H].COC(=O)[CH-][O+]=C(C(=O)OC)c1ccccc1|CCCCO|water|298.15,4,True,True,0.39999999999999997
cpcm_dft,44,*C#[N+][C-](C(=O)C([H])([H])[H])C(=O)C([H])([H])[H].CN1C=CCC(C(N)=O)=C1|CCCCN|water|298.15,4,True,True,1.0
cpcm_dft,44,*[C-]([N+]#CC(=O)N([H])C([H])([H])[H])C(=O)OC([H])([H])[H].C=C(C)/C=C/C=C(C)C|CCCCN|water|298.15,10,True,True,0.6848484848484848
cpcm_dft,44,*C(c1c([H])c([H])c([H])c([H])c1[H])=[N+]([N-]C(=O)C([H])([H])[H])C([H])([H])[H].C=C(C)/C=C/C=C(C)C|CCCNN|water|298.15,7,True,True,0.9642857142857145
cpcm_dft,44,*[C-]([H])[O+]=C(C(=O)OC([H])([H])[H])c1c([H])c([H])c([H])c([H])c1[H].C=C(C)/C=C/C=C(C)C|CCCCO|water|298.15,10,True,True,0.49090909090909085
cpcm_dft,44,*[C-]([N+]#Cc1c([H])c([H])c([H])c([H])c1[H])c1c([H])c([H])c([H])c([H])c1[H].CN1C=CCC(C(N)=O)=C1|CCCCN|water|298.15,7,True,True,0.8571428571428573
cpcm_dft,44,*C#[N+][C-](c1c([H])c([H])c([H])c([H])c1[H])c1c([H])c([H])c([H])c([H])c1[H].CN1C=CCC(C(N)=O)=C1|CCCCN|water|298.15,9,True,True,0.9666666666666667
cpcm_dft,44,*C(=[N+]([H])[C-](C(=O)N([H])C([H])([H])[H])C(=O)N([H])C([H])([H])[H])C([H])([H])[H].CN1C=CCC(C(N)=O)=C1|CCCCN|water|298.15,7,False,True,0.9285714285714288
cpcm_dft,44,*c1oc(=O)[c-](-c2c([H])c([H])c([H])c([H])c2[H])[n+]1C([H])([H])[H].CN1C=CCC(C(N)=O)=C1|CCCCN|water|298.15,8,True,True,0.7857142857142858
cpcm_dft,44,*[n+]1c(-c2c([H])c([H])c([H])c([H])c2[H])oc(=O)[c-]1C(=O)N([H])C([H])([H])[H].C=C(C)/C=C/C=C(C)C|CCCCN|water|298.15,11,False,True,0.6818181818181819
cpcm_dft,44,*C(=[O+][C-](C#N)C#N)C(=O)OC([H])([H])[H].CN1C=CCC(C(N)=O)=C1|CCCCO|water|298.15,5,False,True,0.7
cpcm_dft,44,*[C-]([N+]#Cc1c([H])c([H])c([H])c([H])c1[H])C([H])([H])[H].COC1=C(OC)C(=O)C(C)=C(C)C1=O|CCCCN|water|298.15,3,False,True,
cpcm_dft,44,*C(=[O+][C-](C(=O)N([H])C([H])([H])[H])C(=O)N([H])C([H])([H])[H])c1c([H])c([H])c([H])c([H])c1[H].CC(C)=CC=O|CCCCO|water|298.15,4,True,True,1.0
cpcm_dft,44,*C(=O)C#[N+][C-](C(=O)OC([H])([H])[H])C(=O)OC([H])([H])[H].CN1C=CCC(C(N)=O)=C1|CCCCN|water|298.15,6,True,True,1.0
cpcm_dft,44,*C(C(=O)OC([H])([H])[H])=[N+]([N-]C([H])([H])[H])C([H])([H])[H].COC1=C(OC)C(=O)C(C)=C(C)C1=O|CCCNN|water|298.15,4,True,True,1.0
cpcm_dft,44,*C(=[O+][C-](C#N)C(=O)OC([H])([H])[H])c1c([H])c([H])c([H])c([H])c1[H].CN1C=CCC(C(N)=O)=C1|CCCCO|water|298.15,7,True,True,0.9642857142857145
cpcm_dft,44,*C(=O)c1oc(=O)[c-](-c2c([H])c([H])c([H])c([H])c2[H])[o+]1.CN1C=CCC(C(N)=O)=C1|CCCCO|water|298.15,7,False,True,0.5714285714285715
cpcm_dft,44,*c1oc(=O)[c-](-c2c([H])c([H])c([H])c([H])c2[H])[o+]1.CN1C=CCC(C(N)=O)=C1|CCCCO|water|298.15,11,False,False,0.6818181818181819
cpcm_dft,44,*[C-](C(=O)C([H])([H])[H])[N+](=C([H])C(=O)OC([H])([H])[H])C([H])([H])[H].CN1C=CCC(C(N)=O)=C1|CCCCN|water|298.15,7,True,True,0.8928571428571429
cpcm_dft,44,*C(C(=O)OC([H])([H])[H])=[N+]([C-](C(=O)C([H])([H])[H])C([H])([H])[H])C([H])([H])[H].CN1C=CCC(C(N)=O)=C1|CCCCN|water|298.15,5,True,True,0.9999999999999999
cpcm_dft,44,*[N+](=C(C(=O)N([H])C([H])([H])[H])c1c([H])c([H])c([H])c([H])c1[H])[C-](C(=O)OC([H])([H])[H])C(=O)C([H])([H])[H].CC(C)=CC=O|CCCCN|water|298.15,4,True,True,0.39999999999999997
cpcm_dft,44,*[C-](C#N)[O+]=C(C(=O)OC([H])([H])[H])c1c([H])c([H])c([H])c([H])c1[H].CN1C=CCC(C(N)=O)=C1|CCCCO|water|298.15,6,True,True,0.8285714285714287
cpcm_dft,44,*[N+](=C([H])C(=O)N([H])C([H])([H])[H])[C-](C#N)C(=O)C([H])([H])[H].COC1=C(OC)C(=O)C(C)=C(C)C1=O|CCCCN|water|298.15,4,False,True,0.39999999999999997
cpcm_dft,44,*C(=O)[C-]([N+](=C(C#N)C([H])([H])[H])C([H])([H])[H])C([H])([H])[H].COC1=C(OC)C(=O)C(C)=C(C)C1=O|CCCCN|water|298.15,4,False,True,0.7999999999999999
cpcm_dft,44,*C(=[O+][C-]([H])C(=O)OC([H])([H])[H])C([H])([H])[H].COC1=C(OC)C(=O)C(C)=C(C)C1=O|CCCCO|water|298.15,3,True,True,
cpcm_dft,44,*c1oc(=O)[c-](-c2c([H])c([H])c([H])c([H])c2[H])[o+]1.COC1=C(OC)C(=O)C(C)=C(C)C1=O|CCCCO|water|298.15,4,True,True,0.19999999999999998
cpcm_dft,44,*c1oc(=O)[c-](C(=O)OC([H])([H])[H])[o+]1.COC1=C(OC)C(=O)C(C)=C(C)C1=O|CCCCO|water|298.15,4,True,True,0.7999999999999999
cpcm_dft,44,*[c-]1[o+]c(C(=O)N([H])C([H])([H])[H])oc1=O.COC1=C(OC)C(=O)C(C)=C(C)C1=O|CCCCO|water|298.15,6,True,True,0.7714285714285715
cpcm_dft,44,*[C-](C(=O)C([H])([H])[H])[N+](=C(C(=O)N([H])C([H])([H])[H])c1c([H])c([H])c([H])c([H])c1[H])C([H])([H])[H].CC(C)=CC=O|CCCCN|water|298.15,4,False,True,0.7999999999999999
cpcm_dft,44,*[C-](C(=O)OC([H])([H])[H])[N+]([H])=C(C(=O)N([H])C([H])([H])[H])C([H])([H])[H].COC1=C(OC)C(=O)C(C)=C(C)C1=O|CCCCN|water|298.15,4,True,True,1.0
cpcm_dft,44,*[c-]1c(=O)oc(-c2c([H])c([H])c([H])c([H])c2[H])[n+]1C([H])([H])[H].COC1=C(OC)C(=O)C(C)=C(C)C1=O|CCCCN|water|298.15,4,True,True,0.7999999999999999
cpcm_dft,44,*[C-](C(=O)OC([H])([H])[H])[N+](=C(C(=O)OC([H])([H])[H])c1c([H])c([H])c([H])c([H])c1[H])C([H])([H])[H].C=C(C)/C=C/C=C(C)C|CCCCN|water|298.15,10,False,False,0.49090909090909085
cpcm_dft,44,*[c-]1[o+]c(C(=O)OC([H])([H])[H])oc1=O.COC1=C(OC)C(=O)C(C)=C(C)C1=O|CCCCO|water|298.15,4,True,True,1.0
cpcm_dft,44,*c1oc(=O)[c-](C(=O)N([H])C([H])([H])[H])[o+]1.COC1=C(OC)C(=O)C(C)=C(C)C1=O|CCCCO|water|298.15,4,True,True,1.0
cpcm_dft,44,*C(c1c([H])c([H])c([H])c([H])c1[H])=[N+]([H])[C-](C#N)C(=O)N([H])C([H])([H])[H].COC1=C(OC)C(=O)C(C)=C(C)C1=O|CCCCN|water|298.15,4,True,True,1.0
cpcm_dft,44,*C(=O)C(C(=O)OC([H])([H])[H])=[N+]([H])[C-](C(=O)OC([H])([H])[H])c1c([H])c([H])c([H])c([H])c1[H].C=C(C)/C=C/C=C(C)C|CCCCN|water|298.15,11,True,True,0.7636363636363637
cpcm_dft,44,*[C-]([O+]=C(C(=O)N([H])C([H])([H])[H])c1c([H])c([H])c([H])c([H])c1[H])C(=O)N([H])C([H])([H])[H].COC1=C(OC)C(=O)C(C)=C(C)C1=O|CCCCO|water|298.15,3,True,True,
cpcm_dft,44,*[C-](c1c([H])c([H])c([H])c([H])c1[H])[N+](=C(C#N)c1c([H])c([H])c([H])c([H])c1[H])C([H])([H])[H].COC1=C(OC)C(=O)C(C)=C(C)C1=O|CCCCN|water|298.15,4,False,True,0.39999999999999997
cpcm_dft,44,*C(=[O+][C-](c1c([H])c([H])c([H])c([H])c1[H])C([H])([H])[H])C(=O)C([H])([H])[H].COC1=C(OC)C(=O)C(C)=C(C)C1=O|CCCCO|water|298.15,4,False,True,0.0
cpcm_dft,44,*[C-](C#N)[N+](=C(C(=O)N([H])C([H])([H])[H])c1c([H])c([H])c([H])c([H])c1[H])C([H])([H])[H].COC1=C(OC)C(=O)C(C)=C(C)C1=O|CCCCN|water|298.15,4,True,True,0.7999999999999999
cpcm_dft,45,*C#CC(=O)N([H])C([H])([H])[H].CC(=O)c1[nH+][c-](C)c(=O)o1|CCCCN|water|298.15,4,True,True,0.7999999999999999
cpcm_dft,45,*C(=O)C#CF.CNC(=O)c1[nH+][c-](C#N)c(=O)o1|CCCCN|water|298.15,3,True,True,
cpcm_dft,45,*C([H])=C([H])[H].N#Cc1oc(=O)[c-](-c2ccccc2)[o+]1|CCCCO|water|298.15,3,True,True,
cpcm_dft,45,*C1=C(C([H])([H])[H])C2([H])C([H])([H])C([H])([H])C1([H])C2([H])[H].COC(=O)[N-][N+]#CC(C)=O|CCCNN|water|298.15,3,True,True,
cpcm_dft,45,*C(=C(C([H])([H])[H])C([H])([H])[H])C([H])([H])[H].COC(=O)[c-]1[nH+]c(C(C)=O)oc1=O|CCCCN|water|298.15,3,True,True,
cpcm_dft,45,*C#CC(=O)OC([H])([H])[H].CNC(=O)[c-]1c(=O)oc(C#N)[n+]1C|CCCCN|water|298.15,4,True,True,1.0
cpcm_dft,45,*C(=[O+][N-]C([H])([H])[H])c1c([H])c([H])c([H])c([H])c1[H].CNC(=O)C1=C(C#N)C2CCC1C2|CCCNO|water|298.15,4,True,True,0.19999999999999998
cpcm_dft,45,*[C-]([O+]=C(C#N)C(=O)OC([H])([H])[H])C([H])([H])[H].CNC(=O)C1=C(F)C2CCC1C2|CCCCO|water|298.15,4,True,True,0.7999999999999999
cpcm_dft,45,*c1oc(=O)[c-](-c2c([H])c([H])c([H])c([H])c2[H])[n+]1C([H])([H])[H].CC(=O)C1=C(Cl)C2CCC1C2|CCCCN|water|298.15,4,True,True,0.7999999999999999
cpcm_dft,45,*c1oc(=O)[c-](C(=O)OC([H])([H])[H])[o+]1.CC(=O)C1=C(Br)C2CCC1C2|CCCCO|water|298.15,4,True,True,0.7999999999999999
cpcm_dft,45,*C([H])=[N+]([C-](C#N)C(=O)C([H])([H])[H])C([H])([H])[H].N#CC1=C(c2ccccc2)C2CCC1C2|CCCCN|water|298.15,4,True,True,0.7999999999999999
cpcm_dft,45,*C1=C([H])C2([H])C([H])([H])C([H])([H])C1([H])C2([H])[H].COC(=O)[C-](C)[O+]=C(c1ccccc1)c1ccccc1|CCCCO|water|298.15,3,True,True,
cpcm_dft,45,*C1=C(Br)C2([H])C([H])([H])C([H])([H])C1([H])C2([H])[H].CC(=O)c1[nH+][c-](-c2ccccc2)c(=O)o1|CCCCN|water|298.15,4,True,True,1.0
cpcm_dft,45,*C(c1c([H])c([H])c([H])c([H])c1[H])=[N+]([C-](C(=O)N([H])C([H])([H])[H])C([H])([H])[H])C([H])([H])[H].CC1=C(Br)C2C=CC1O2|CCCCN|water|298.15,7,True,True,0.7500000000000002
cpcm_dft,45,*C1=C(C(F)(F)F)C2([H])OC1([H])C([H])=C2[H].COC(=O)[C-]([N+]#CC(C)=O)c1ccccc1|CCCCN|water|298.15,5,False,True,0.7
cpcm_dft,45,*C(=O)C1=C(Br)C2([H])OC1([H])C([H])=C2[H].CNC(=O)C(=[NH+][C-](C)C#N)C(=O)OC|CCCCN|water|298.15,8,False,False,0.5714285714285715
cpcm_dft,45,*C1(C([H])([H])[H])C#CC(c2c([H])c([H])c([H])c([H])c2[H])(c2c([H])c([H])c([H])c([H])c2[H])C([H])([H])C([H])([H])C([H])([H])C1([H])[H].CNC(=O)[C-](C#N)[NH+]=C(C)C#N|CCCCN|water|298.15,4,True,True,1.0
cpcm_dft,45,*[C-]([O+]=C(C(=O)N([H])C([H])([H])[H])c1c([H])c([H])c([H])c([H])c1[H])C([H])([H])[H].CNC(=O)C1=C(Br)C2CCC1C2|CCCCO|water|298.15,3,True,True,
cpcm_dft,45,*C1([H])C#CC(C(=O)OC([H])([H])[H])(C(=O)OC([H])([H])[H])C([H])([H])C([H])([H])C([H])([H])C1([H])[H].CC(=O)[c-]1c(=O)oc(-c2ccccc2)[n+]1C|CCCCN|water|298.15,4,False,False,-0.7999999999999999
cpcm_dft,45,*C1(c2c([H])c([H])c([H])c([H])c2[H])C#CC(c2c([H])c([H])c([H])c([H])c2[H])(c2c([H])c([H])c([H])c([H])c2[H])C([H])([H])C([H])([H])C([H])([H])C1([H])[H].C[C-]([N+]#N)c1ccccc1|CCCNN|water|298.15,3,True,True,
cpcm_dft,45,*C#[N+][C-]([H])c1c([H])c([H])c([H])c([H])c1[H].C=C|CCCCN|water|298.15,3,True,True,
cpcm_dft,45,*[C-]([H])[N+](=C(C#N)C([H])([H])[H])C([H])([H])[H].C/C=C\C|CCCCN|water|298.15,3,False,True,
cpcm_dft,45,*C([H])=C(C([H])([H])[H])C([H])([H])[H].C[c-]1[o+]noc1=O|CCCNO|water|298.15,4,True,True,0.7999999999999999
cpcm_dft,45,*[c-]1[o+]noc1=O.CC(C)=CC=O|CCCNO|water|298.15,4,True,True,1.0
cpcm_dft,45,*[C-]([N+]#CC(=O)OC([H])([H])[H])C([H])([H])[H].CC(C)=CC=O|CCCCN|water|298.15,6,True,True,0.942857142857143
cpcm_dft,45,*[C-]([H])[N+]#CC(=O)C([H])([H])[H].CC(C)=CC=O|CCCCN|water|298.15,4,True,True,0.39999999999999997
cpcm_dft,45,*[C-]([N+]#CC(=O)C([H])([H])[H])C(=O)C([H])([H])[H].CC(C)=CC=O|CCCCN|water|298.15,3,False,True,
cpcm_dft,45,*C#[N+][C-](c1c([H])c([H])c([H])c([H])c1[H])C([H])([H])[H].C/C=C\C|CCCCN|water|298.15,4,True,True,1.0
cpcm_dft,45,*C#[N+][C-](C([H])([H])[H])C([H])([H])[H].C=C(C)/C=C/C=C(C)C|CCCCN|water|298.15,9,False,True,0.6333333333333333
cpcm_dft,45,*C(C(=O)C([H])([H])[H])=[N+]([C-]([H])C([H])([H])[H])C([H])([H])[H].CC(C)=CC=O|CCCCN|water|298.15,4,True,True,1.0
cpcm_dft,45,*C#[N+][C-](C#N)C(=O)C([H])([H])[H].CC(C)=C(C)C|CCCCN|water|298.15,3,True,True,
cpcm_dft,45,*C(C#N)=[N+]([H])[N-]C(=O)C([H])([H])[H].CC(C)=CC=O|CCCNN|water|298.15,4,True,True,0.7999999999999999
cpcm_dft,45,*C(C(=O)OC([H])([H])[H])=[N+]([H])[N-]C#N.CC(C)=CC=O|CCCNN|water|298.15,4,False,False,-1.0
cpcm_dft,45,*C(=O)[c-]1c(=O)oc(C([H])([H])[H])[n+]1[H].CC(C)=CC=O|CCCCN|water|298.15,3,False,True,
cpcm_dft,45,*[c-]1[o+]noc1=O.C=C(C)/C=C/C=C(C)C|CCCNO|water|298.15,8,True,True,0.6666666666666669
cpcm_dft,45,*[N-][N+]#CC([H])([H])[H].C=C(C)/C=C/C=C(C)C|CCCNN|water|298.15,7,True,True,0.4642857142857144
cpcm_dft,45,*[C-]([N+]#CC(=O)C([H])([H])[H])c1c([H])c([H])c([H])c([H])c1[H].C/C=C\C|CCCCN|water|298.15,3,True,True,
cpcm_dft,45,*C([H])=C(C([H])([H])[H])C([H])([H])[H].CNC(=O)[c-]1[nH+]c(C)oc1=O|CCCCN|water|298.15,4,True,True,0.19999999999999998
cpcm_dft,45,*c1oc(=O)[c-](C(=O)N([H])C([H])([H])[H])[n+]1[H].CC(C)=CC=O|CCCCN|water|298.15,4,True,True,0.39999999999999997
cpcm_dft,45,*[C-]([N+]#CC(=O)C([H])([H])[H])c1c([H])c([H])c([H])c([H])c1[H].CC(C)=CC=O|CCCCN|water|298.15,5,True,True,0.49999999999999994
cpcm_dft,45,*c1oc(=O)[c-](C([H])([H])[H])[n+]1[H].C=C(C)/C=C/C=C(C)C|CCCCN|water|298.15,18,False,False,0.7956656346749225
cpcm_dft,45,*[C-]([N+]#N)C(=O)OC([H])([H])[H].C=C(C)/C=C/C=C(C)C|CCCNN|water|298.15,9,False,True,0.45
cpcm_dft,45,*c1oc(=O)[c-](C([H])([H])[H])[n+]1[H].CN1C=CCC(C(N)=O)=C1|CCCCN|water|298.15,6,True,True,0.942857142857143
cpcm_dft,45,*[c-]1c(=O)oc(C([H])([H])[H])[n+]1[H].CN1C=CCC(C(N)=O)=C1|CCCCN|water|298.15,12,True,True,0.9720279720279721
cpcm_dft,45,*[C-]([N+]#CC(=O)OC([H])([H])[H])C([H])([H])[H].C=C(C)/C=C/C=C(C)C|CCCCN|water|298.15,15,True,True,0.8714285714285712
cpcm_dft,45,*C#[N+][N-]c1c([H])c([H])c([H])c([H])c1[H].C=C(C)/C=C/C=C(C)C|CCCNN|water|298.15,3,False,True,
cpcm_dft,45,*[C-](C(=O)N([H])C([H])([H])[H])[N+]([H])=C(C(=O)N([H])C([H])([H])[H])C([H])([H])[H].CC(C)=CC=O|CCCCN|water|298.15,4,True,True,1.0
cpcm_dft,45,*C([H])=C(C([H])([H])[H])C([H])([H])[H].C[c-]1[nH+]c(-c2ccccc2)oc1=O|CCCCN|water|298.15,3,True,True,
cpcm_dft,45,*[c-]1[o+]c(C#N)oc1=O.CN1C=CCC(C(N)=O)=C1|CCCCO|water|298.15,5,True,True,0.8999999999999998
cpcm_dft,45,*[C-]([N+]#CC#N)C(=O)OC([H])([H])[H].C=C(C)/C=C/C=C(C)C|CCCCN|water|298.15,14,True,True,0.9208791208791209
cpcm_dft,45,*C([H])=C(C([H])([H])[H])C([H])([H])[H].COC(=O)[N-][NH+]=Cc1ccccc1|CCCNN|water|298.15,3,True,True,
cpcm_dft,45,*[N+]([N-]C(=O)OC([H])([H])[H])=C([H])c1c([H])c([H])c([H])c([H])c1[H].CC(C)=CC=O|CCCNN|water|298.15,3,True,True,
cpcm_dft,45,*C(=O)C#[N+][C-](C(=O)C([H])([H])[H])C([H])([H])[H].C=C(C)/C=C/C=C(C)C|CCCCN|water|298.15,8,False,False,0.7142857142857144
cpcm_dft,45,*[C-]([N+]#CC(=O)C([H])([H])[H])C(=O)C([H])([H])[H].C=C(C)/C=C/C=C(C)C|CCCCN|water|298.15,8,False,True,0.7380952380952381
cpcm_dft,45,*C(C(=O)OC([H])([H])[H])=[N+]([H])[C-]([H])C#N.C=C(C)/C=C/C=C(C)C|CCCCN|water|298.15,12,True,True,0.8951048951048951
cpcm_dft,45,*C(C(=O)N([H])C([H])([H])[H])=[N+]([C-]([H])C#N)C([H])([H])[H].CC(C)=CC=O|CCCCN|water|298.15,4,True,True,1.0
cpcm_dft,45,*[C-]([H])[N+](=C(C(=O)N([H])C([H])([H])[H])C(=O)C([H])([H])[H])C([H])([H])[H].CC(C)=CC=O|CCCCN|water|298.15,4,True,True,0.39999999999999997
cpcm_dft,45,*[C-](C#N)[N+]#CC(=O)OC([H])([H])[H].CN1C=CCC(C(N)=O)=C1|CCCCN|water|298.15,5,True,True,0.8999999999999998
cpcm_dft,45,*[C-]([N+]#CC#N)C([H])([H])[H].COC1=C(OC)C(=O)C(C)=C(C)C1=O|CCCCN|water|298.15,4,True,True,0.7999999999999999
cpcm_dft,45,*[C-](C#N)[N+]([H])=C(C(=O)N([H])C([H])([H])[H])C([H])([H])[H].CN1C=CCC(C(N)=O)=C1|CCCCN|water|298.15,7,False,True,0.8571428571428573
cpcm_dft,45,*C([H])=C(C([H])([H])[H])C([H])([H])[H].C[CH-][N+](C)=C(C(C)=O)c1ccccc1|CCCCN|water|298.15,4,True,True,1.0
cpcm_dft,45,*C([H])=[N+]([C-](c1c([H])c([H])c([H])c([H])c1[H])C([H])([H])[H])C([H])([H])[H].C=C(C)/C=C/C=C(C)C|CCCCN|water|298.15,15,True,True,0.8357142857142855
cpcm_dft,45,*C([H])=[O+][N-]C(=O)OC([H])([H])[H].CN1C=CCC(C(N)=O)=C1|CCCNO|water|298.15,4,True,True,1.0
cpcm_dft,45,*[C-](C#N)[N+](=C(C(=O)N([H])C([H])([H])[H])C(=O)N([H])C([H])([H])[H])C([H])([H])[H].CC(C)=CC=O|CCCCN|water|298.15,4,True,True,0.7999999999999999
cpcm_dft,45,*c1oc(=O)[c-](C(=O)N([H])C([H])([H])[H])[n+]1[H].C=C(C)/C=C/C=C(C)C|CCCCN|water|298.15,11,False,True,0.6454545454545455
cpcm_dft,45,*C([H])=C(C([H])([H])[H])C([H])([H])[H].CC(=O)C#[N+][C-](C(C)=O)c1ccccc1|CCCCN|water|298.15,3,True,True,
cpcm_dft,45,*C(=O)C#[N+][C-](C(=O)C([H])([H])[H])c1c([H])c([H])c([H])c([H])c1[H].CC(C)=CC=O|CCCCN|water|298.15,3,True,True,
cpcm_dft,45,*C(=O)[C-]([N+]#CC#N)C(=O)C([H])([H])[H].C=C(C)/C=C/C=C(C)C|CCCCN|water|298.15,8,True,True,0.5714285714285715
cpcm_dft,45,*[C-]([N+]#CC#N)C(=O)C([H])([H])[H].C=C(C)/C=C/C=C(C)C|CCCCN|water|298.15,12,True,True,0.8391608391608393
cpcm_dft,45,*C#[N+][C-](C(=O)OC([H])([H])[H])C(=O)C([H])([H])[H].C=C(C)/C=C/C=C(C)C|CCCCN|water|298.15,10,True,True,0.8303030303030302
cpcm_dft,45,*C(C(=O)C([H])([H])[H])=[N+]([H])[N-]c1c([H])c([H])c([H])c([H])c1[H].C=C(C)/C=C/C=C(C)C|CCCNN|water|298.15,10,False,True,0.41818181818181815
cpcm_dft,45,*[C-]([N+]#CC#N)C(=O)N([H])C([H])([H])[H].C=C(C)/C=C/C=C(C)C|CCCCN|water|298.15,8,True,True,0.6666666666666669
cpcm_dft,45,*C(c1c([H])c([H])c([H])c([H])c1[H])=[N+]([N-][H])C([H])([H])[H].CN1C=CCC(C(N)=O)=C1|CCCNN|water|298.15,5,True,True,0.6
cpcm_dft,45,*c1oc(=O)[c-](C(=O)N([H])C([H])([H])[H])[o+]1.C=C(C)/C=C/C=C(C)C|CCCCO|water|298.15,12,True,True,0.7692307692307694
cpcm_dft,45,*[c-]1c(=O)oc(C(=O)C([H])([H])[H])[n+]1C([H])([H])[H].CN1C=CCC(C(N)=O)=C1|CCCCN|water|298.15,10,True,True,0.8787878787878788
cpcm_dft,45,*[N-][N+]#CC(=O)N([H])C([H])([H])[H].COC1=C(OC)C(=O)C(C)=C(C)C1=O|CCCNN|water|298.15,3,True,True,
cpcm_dft,45,*C#[N+][C-](C#N)C([H])([H])[H].COC1=C(OC)C(=O)C(C)=C(C)C1=O|CCCCN|water|298.15,6,True,True,0.942857142857143
cpcm_dft,45,*C(C#N)=[N+]([C-](C(=O)N([H])C([H])([H])[H])C([H])([H])[H])C([H])([H])[H].CC(C)=CC=O|CCCCN|water|298.15,4,True,True,1.0
cpcm_dft,45,*C(=[O+][N-]C(=O)OC([H])([H])[H])C(=O)N([H])C([H])([H])[H].CN1C=CCC(C(N)=O)=C1|CCCNO|water|298.15,3,True,True,
cpcm_dft,45,*C#[N+][C-](C(=O)N([H])C([H])([H])[H])c1c([H])c([H])c([H])c([H])c1[H].CC(C)=CC=O|CCCCN|water|298.15,4,True,True,0.7999999999999999
cpcm_dft,45,*[C-](C(=O)N([H])C([H])([H])[H])[N+](=C(C#N)C#N)C([H])([H])[H].CN1C=CCC(C(N)=O)=C1|CCCCN|water|298.15,8,True,True,0.5714285714285715
cpcm_dft,45,*[C-](C(=O)OC([H])([H])[H])[N+]([H])=C(C(=O)N([H])C([H])([H])[H])C(=O)N([H])C([H])([H])[H].CC(C)=CC=O|CCCCN|water|298.15,4,True,True,0.7999999999999999
cpcm_dft,45,*[C-]([N+]#CC#N)C(=O)N([H])C([H])([H])[H].CN1C=CCC(C(N)=O)=C1|CCCCN|water|298.15,4,True,True,1.0
cpcm_dft,45,*C#[N+][C-](C(=O)OC([H])([H])[H])c1c([H])c([H])c([H])c([H])c1[H].C=C(C)/C=C/C=C(C)C|CCCCN|water|298.15,7,False,False,0.3214285714285715
cpcm_dft,45,*[c-]1c(=O)oc(-c2c([H])c([H])c([H])c([H])c2[H])[n+]1[H].C=C(C)/C=C/C=C(C)C|CCCCN|water|298.15,18,False,True,0.8018575851393188
cpcm_dft,45,*C(=O)C#[N+][N-]C#N.COC1=C(OC)C(=O)C(C)=C(C)C1=O|CCCNN|water|298.15,3,True,True,
cpcm_dft,45,*[C-](C(=O)N([H])C([H])([H])[H])[N+](=C(C#N)c1c([H])c([H])c([H])c([H])c1[H])C([H])([H])[H].CC(C)=CC=O|CCCCN|water|298.15,4,True,True,1.0
cpcm_dft,45,*C#[N+][C-](C(=O)OC([H])([H])[H])C(=O)OC([H])([H])[H].C=C(C)/C=C/C=C(C)C|CCCCN|water|298.15,6,True,True,0.7714285714285715
cpcm_dft,45,*C([H])=[O+][C-](C#N)c1c([H])c([H])c([H])c([H])c1[H].CN1C=CCC(C(N)=O)=C1|CCCCO|water|298.15,5,False,True,-0.3
cpcm_dft,45,*C(=O)[C-]([N+]#CC#N)c1c([H])c([H])c([H])c([H])c1[H].C=C(C)/C=C/C=C(C)C|CCCCN|water|298.15,9,False,True,0.5166666666666667
cpcm_dft,45,*C#[N+][C-](C(=O)C([H])([H])[H])c1c([H])c([H])c([H])c([H])c1[H].C=C(C)/C=C/C=C(C)C|CCCCN|water|298.15,9,False,True,0.8333333333333333
cpcm_dft,45,*c1oc(=O)[c-](C(=O)OC([H])([H])[H])[n+]1C([H])([H])[H].CN1C=CCC(C(N)=O)=C1|CCCCN|water|298.15,11,True,True,0.9
cpcm_dft,45,*c1oc(=O)[c-](-c2c([H])c([H])c([H])c([H])c2[H])[n+]1[H].CN1C=CCC(C(N)=O)=C1|CCCCN|water|298.15,7,False,True,0.9642857142857145
cpcm_dft,45,*C(=[N+]([H])[C-](C#N)c1c([H])c([H])c([H])c([H])c1[H])C([H])([H])[H].CN1C=CCC(C(N)=O)=C1|CCCCN|water|298.15,8,True,True,0.8571428571428572
cpcm_dft,45,*[C-](c1c([H])c([H])c([H])c([H])c1[H])[N+]([H])=C(C([H])([H])[H])C([H])([H])[H].CN1C=CCC(C(N)=O)=C1|CCCCN|water|298.15,8,True,True,0.9285714285714287
cpcm_dft,45,*[C-]([O+]=C([H])C(=O)C([H])([H])[H])c1c([H])c([H])c([H])c([H])c1[H].C=C(C)/C=C/C=C(C)C|CCCCO|water|298.15,10,True,True,0.5393939393939393
cpcm_dft,45,*[N-][O+]=C(C(=O)OC([H])([H])[H])C(=O)N([H])C([H])([H])[H].CN1C=CCC(C(N)=O)=C1|CCCNO|water|298.15,4,True,True,1.0
cpcm_dft,45,*[c-]1c(=O)oc(C#N)[n+]1C([H])([H])[H].CN1C=CCC(C(N)=O)=C1|CCCCN|water|298.15,7,False,True,0.8928571428571429
cpcm_dft,45,*[N-][O+]=C([H])c1c([H])c([H])c([H])c([H])c1[H].CN1C=CCC(C(N)=O)=C1|CCCNO|water|298.15,5,True,True,0.7
cpcm_dft,45,*C(C(=O)OC([H])([H])[H])=[N+]([H])[C-](C#N)C#N.C=C(C)/C=C/C=C(C)C|CCCCN|water|298.15,11,True,True,0.9
cpcm_dft,45,*[C-]([O+]=C([H])c1c([H])c([H])c([H])c([H])c1[H])C(=O)OC([H])([H])[H].C=C(C)/C=C/C=C(C)C|CCCCO|water|298.15,10,False,True,0.7818181818181817
cpcm_dft,45,*[c-]1[o+]c(C(=O)OC([H])([H])[H])oc1=O.CN1C=CCC(C(N)=O)=C1|CCCCO|water|298.15,6,False,True,0.7714285714285715
cpcm_dft,45,*C(c1c([H])c([H])c([H])c([H])c1[H])=[N+]([C-](C#N)C#N)C([H])([H])[H].CN1C=CCC(C(N)=O)=C1|CCCCN|water|298.15,10,False,False,0.7696969696969697
cpcm_dft,45,*C([H])=C(C([H])([H])[H])C([H])([H])[H].CNC(=O)C(=[O+][N-]c1ccccc1)C(=O)OC|CCCNO|water|298.15,4,True,True,0.7999999999999999
cpcm_dft,45,*C([H])=C(C([H])([H])[H])C([H])([H])[H].COC(=O)[CH-][O+]=C(C(=O)OC)c1ccccc1|CCCCO|water|298.15,4,True,True,1.0
cpcm_dft,45,*C#[N+][C-](C(=O)C([H])([H])[H])C(=O)C([H])([H])[H].CN1C=CCC(C(N)=O)=C1|CCCCN|water|298.15,4,True,True,1.0
cpcm_dft,45,*[C-]([N+]#CC(=O)N([H])C([H])([H])[H])C(=O)OC([H])([H])[H].C=C(C)/C=C/C=C(C)C|CCCCN|water|298.15,10,True,True,0.7454545454545454
cpcm_dft,45,*C(c1c([H])c([H])c([H])c([H])c1[H])=[N+]([N-]C(=O)C([H])([H])[H])C([H])([H])[H].C=C(C)/C=C/C=C(C)C|CCCNN|water|298.15,7,True,True,0.9285714285714288
cpcm_dft,45,*[C-]([H])[O+]=C(C(=O)OC([H])([H])[H])c1c([H])c([H])c([H])c([H])c1[H].C=C(C)/C=C/C=C(C)C|CCCCO|water|298.15,10,True,True,0.8060606060606059
cpcm_dft,45,*[C-]([N+]#Cc1c([H])c([H])c([H])c([H])c1[H])c1c([H])c([H])c([H])c([H])c1[H].CN1C=CCC(C(N)=O)=C1|CCCCN|water|298.15,7,True,True,0.8571428571428573
cpcm_dft,45,*C#[N+][C-](c1c([H])c([H])c([H])c([H])c1[H])c1c([H])c([H])c([H])c([H])c1[H].CN1C=CCC(C(N)=O)=C1|CCCCN|water|298.15,9,False,True,0.9666666666666667
cpcm_dft,45,*C(=[N+]([H])[C-](C(=O)N([H])C([H])([H])[H])C(=O)N([H])C([H])([H])[H])C([H])([H])[H].CN1C=CCC(C(N)=O)=C1|CCCCN|water|298.15,7,False,True,0.9642857142857145
cpcm_dft,45,*c1oc(=O)[c-](-c2c([H])c([H])c([H])c([H])c2[H])[n+]1C([H])([H])[H].CN1C=CCC(C(N)=O)=C1|CCCCN|water|298.15,8,True,True,0.8333333333333335
cpcm_dft,45,*[n+]1c(-c2c([H])c([H])c([H])c([H])c2[H])oc(=O)[c-]1C(=O)N([H])C([H])([H])[H].C=C(C)/C=C/C=C(C)C|CCCCN|water|298.15,11,False,True,0.5272727272727273
cpcm_dft,45,*C(=[O+][C-](C#N)C#N)C(=O)OC([H])([H])[H].CN1C=CCC(C(N)=O)=C1|CCCCO|water|298.15,5,False,True,0.8999999999999998
cpcm_dft,45,*[C-]([N+]#Cc1c([H])c([H])c([H])c([H])c1[H])C([H])([H])[H].COC1=C(OC)C(=O)C(C)=C(C)C1=O|CCCCN|water|298.15,3,False,True,
cpcm_dft,45,*C(=[O+][C-](C(=O)N([H])C([H])([H])[H])C(=O)N([H])C([H])([H])[H])c1c([H])c([H])c([H])c([H])c1[H].CC(C)=CC=O|CCCCO|water|298.15,4,True,True,0.7999999999999999
cpcm_dft,45,*C(=O)C#[N+][C-](C(=O)OC([H])([H])[H])C(=O)OC([H])([H])[H].CN1C=CCC(C(N)=O)=C1|CCCCN|water|298.15,6,True,True,1.0
cpcm_dft,45,*C(C(=O)OC([H])([H])[H])=[N+]([N-]C([H])([H])[H])C([H])([H])[H].COC1=C(OC)C(=O)C(C)=C(C)C1=O|CCCNN|water|298.15,4,True,True,1.0
cpcm_dft,45,*C(=[O+][C-](C#N)C(=O)OC([H])([H])[H])c1c([H])c([H])c([H])c([H])c1[H].CN1C=CCC(C(N)=O)=C1|CCCCO|water|298.15,7,True,True,0.9285714285714288
cpcm_dft,45,*C(=O)c1oc(=O)[c-](-c2c([H])c([H])c([H])c([H])c2[H])[o+]1.CN1C=CCC(C(N)=O)=C1|CCCCO|water|298.15,7,False,True,0.25
cpcm_dft,45,*c1oc(=O)[c-](-c2c([H])c([H])c([H])c([H])c2[H])[o+]1.CN1C=CCC(C(N)=O)=C1|CCCCO|water|298.15,11,False,False,0.6090909090909091
cpcm_dft,45,*[C-](C(=O)C([H])([H])[H])[N+](=C([H])C(=O)OC([H])([H])[H])C([H])([H])[H].CN1C=CCC(C(N)=O)=C1|CCCCN|water|298.15,7,True,True,1.0
cpcm_dft,45,*C(C(=O)OC([H])([H])[H])=[N+]([C-](C(=O)C([H])([H])[H])C([H])([H])[H])C([H])([H])[H].CN1C=CCC(C(N)=O)=C1|CCCCN|water|298.15,5,True,True,0.9999999999999999
cpcm_dft,45,*[N+](=C(C(=O)N([H])C([H])([H])[H])c1c([H])c([H])c([H])c([H])c1[H])[C-](C(=O)OC([H])([H])[H])C(=O)C([H])([H])[H].CC(C)=CC=O|CCCCN|water|298.15,4,True,True,0.7999999999999999
cpcm_dft,45,*[C-](C#N)[O+]=C(C(=O)OC([H])([H])[H])c1c([H])c([H])c([H])c([H])c1[H].CN1C=CCC(C(N)=O)=C1|CCCCO|water|298.15,6,True,True,0.942857142857143
cpcm_dft,45,*[N+](=C([H])C(=O)N([H])C([H])([H])[H])[C-](C#N)C(=O)C([H])([H])[H].COC1=C(OC)C(=O)C(C)=C(C)C1=O|CCCCN|water|298.15,4,False,True,0.19999999999999998
cpcm_dft,45,*C(=O)[C-]([N+](=C(C#N)C([H])([H])[H])C([H])([H])[H])C([H])([H])[H].COC1=C(OC)C(=O)C(C)=C(C)C1=O|CCCCN|water|298.15,4,False,True,0.7999999999999999
cpcm_dft,45,*C(=[O+][C-]([H])C(=O)OC([H])([H])[H])C([H])([H])[H].COC1=C(OC)C(=O)C(C)=C(C)C1=O|CCCCO|water|298.15,3,True,True,
cpcm_dft,45,*c1oc(=O)[c-](-c2c([H])c([H])c([H])c([H])c2[H])[o+]1.COC1=C(OC)C(=O)C(C)=C(C)C1=O|CCCCO|water|298.15,4,True,True,1.0
cpcm_dft,45,*c1oc(=O)[c-](C(=O)OC([H])([H])[H])[o+]1.COC1=C(OC)C(=O)C(C)=C(C)C1=O|CCCCO|water|298.15,4,True,True,0.7999999999999999
cpcm_dft,45,*[c-]1[o+]c(C(=O)N([H])C([H])([H])[H])oc1=O.COC1=C(OC)C(=O)C(C)=C(C)C1=O|CCCCO|water|298.15,6,True,True,0.7714285714285715
cpcm_dft,45,*[C-](C(=O)C([H])([H])[H])[N+](=C(C(=O)N([H])C([H])([H])[H])c1c([H])c([H])c([H])c([H])c1[H])C([H])([H])[H].CC(C)=CC=O|CCCCN|water|298.15,4,True,True,1.0
cpcm_dft,45,*[C-](C(=O)OC([H])([H])[H])[N+]([H])=C(C(=O)N([H])C([H])([H])[H])C([H])([H])[H].COC1=C(OC)C(=O)C(C)=C(C)C1=O|CCCCN|water|298.15,4,True,True,0.7999999999999999
cpcm_dft,45,*[c-]1c(=O)oc(-c2c([H])c([H])c([H])c([H])c2[H])[n+]1C([H])([H])[H].COC1=C(OC)C(=O)C(C)=C(C)C1=O|CCCCN|water|298.15,4,True,True,0.7999999999999999
cpcm_dft,45,*[C-](C(=O)OC([H])([H])[H])[N+](=C(C(=O)OC([H])([H])[H])c1c([H])c([H])c([H])c([H])c1[H])C([H])([H])[H].C=C(C)/C=C/C=C(C)C|CCCCN|water|298.15,10,False,False,0.6969696969696969
cpcm_dft,45,*[c-]1[o+]c(C(=O)OC([H])([H])[H])oc1=O.COC1=C(OC)C(=O)C(C)=C(C)C1=O|CCCCO|water|298.15,4,False,True,0.7999999999999999
cpcm_dft,45,*c1oc(=O)[c-](C(=O)N([H])C([H])([H])[H])[o+]1.COC1=C(OC)C(=O)C(C)=C(C)C1=O|CCCCO|water|298.15,4,True,True,1.0
cpcm_dft,45,*C(c1c([H])c([H])c([H])c([H])c1[H])=[N+]([H])[C-](C#N)C(=O)N([H])C([H])([H])[H].COC1=C(OC)C(=O)C(C)=C(C)C1=O|CCCCN|water|298.15,4,True,True,0.7999999999999999
cpcm_dft,45,*C(=O)C(C(=O)OC([H])([H])[H])=[N+]([H])[C-](C(=O)OC([H])([H])[H])c1c([H])c([H])c([H])c([H])c1[H].C=C(C)/C=C/C=C(C)C|CCCCN|water|298.15,11,True,True,0.7363636363636363
cpcm_dft,45,*[C-]([O+]=C(C(=O)N([H])C([H])([H])[H])c1c([H])c([H])c([H])c([H])c1[H])C(=O)N([H])C([H])([H])[H].COC1=C(OC)C(=O)C(C)=C(C)C1=O|CCCCO|water|298.15,3,True,True,
cpcm_dft,45,*[C-](c1c([H])c([H])c([H])c([H])c1[H])[N+](=C(C#N)c1c([H])c([H])c([H])c([H])c1[H])C([H])([H])[H].COC1=C(OC)C(=O)C(C)=C(C)C1=O|CCCCN|water|298.15,4,False,True,0.39999999999999997
cpcm_dft,45,*C(=[O+][C-](c1c([H])c([H])c([H])c([H])c1[H])C([H])([H])[H])C(=O)C([H])([H])[H].COC1=C(OC)C(=O)C(C)=C(C)C1=O|CCCCO|water|298.15,4,False,True,0.39999999999999997
cpcm_dft,45,*[C-](C#N)[N+](=C(C(=O)N([H])C([H])([H])[H])c1c([H])c([H])c([H])c([H])c1[H])C([H])([H])[H].COC1=C(OC)C(=O)C(C)=C(C)C1=O|CCCCN|water|298.15,4,True,True,0.7999999999999999
cpcm_dft,46,*C#CC(=O)N([H])C([H])([H])[H].CC(=O)c1[nH+][c-](C)c(=O)o1|CCCCN|water|298.15,4,True,True,1.0
cpcm_dft,46,*C(=O)C#CF.CNC(=O)c1[nH+][c-](C#N)c(=O)o1|CCCCN|water|298.15,3,True,True,
cpcm_dft,46,*C([H])=C([H])[H].N#Cc1oc(=O)[c-](-c2ccccc2)[o+]1|CCCCO|water|298.15,3,False,True,
cpcm_dft,46,*C1=C(C([H])([H])[H])C2([H])C([H])([H])C([H])([H])C1([H])C2([H])[H].COC(=O)[N-][N+]#CC(C)=O|CCCNN|water|298.15,3,True,True,
cpcm_dft,46,*C(=C(C([H])([H])[H])C([H])([H])[H])C([H])([H])[H].COC(=O)[c-]1[nH+]c(C(C)=O)oc1=O|CCCCN|water|298.15,3,True,True,
cpcm_dft,46,*C#CC(=O)OC([H])([H])[H].CNC(=O)[c-]1c(=O)oc(C#N)[n+]1C|CCCCN|water|298.15,4,True,True,1.0
cpcm_dft,46,*C(=[O+][N-]C([H])([H])[H])c1c([H])c([H])c([H])c([H])c1[H].CNC(=O)C1=C(C#N)C2CCC1C2|CCCNO|water|298.15,4,True,True,0.19999999999999998
cpcm_dft,46,*[C-]([O+]=C(C#N)C(=O)OC([H])([H])[H])C([H])([H])[H].CNC(=O)C1=C(F)C2CCC1C2|CCCCO|water|298.15,4,True,True,0.7999999999999999
cpcm_dft,46,*c1oc(=O)[c-](-c2c([H])c([H])c([H])c([H])c2[H])[n+]1C([H])([H])[H].CC(=O)C1=C(Cl)C2CCC1C2|CCCCN|water|298.15,4,True,True,0.7999999999999999
cpcm_dft,46,*c1oc(=O)[c-](C(=O)OC([H])([H])[H])[o+]1.CC(=O)C1=C(Br)C2CCC1C2|CCCCO|water|298.15,4,False,True,0.7999999999999999
cpcm_dft,46,*C([H])=[N+]([C-](C#N)C(=O)C([H])([H])[H])C([H])([H])[H].N#CC1=C(c2ccccc2)C2CCC1C2|CCCCN|water|298.15,4,True,True,0.7999999999999999
cpcm_dft,46,*C1=C([H])C2([H])C([H])([H])C([H])([H])C1([H])C2([H])[H].COC(=O)[C-](C)[O+]=C(c1ccccc1)c1ccccc1|CCCCO|water|298.15,3,True,True,
cpcm_dft,46,*C1=C(Br)C2([H])C([H])([H])C([H])([H])C1([H])C2([H])[H].CC(=O)c1[nH+][c-](-c2ccccc2)c(=O)o1|CCCCN|water|298.15,4,True,True,1.0
cpcm_dft,46,*C(c1c([H])c([H])c([H])c([H])c1[H])=[N+]([C-](C(=O)N([H])C([H])([H])[H])C([H])([H])[H])C([H])([H])[H].CC1=C(Br)C2C=CC1O2|CCCCN|water|298.15,7,True,True,0.5
cpcm_dft,46,*C1=C(C(F)(F)F)C2([H])OC1([H])C([H])=C2[H].COC(=O)[C-]([N+]#CC(C)=O)c1ccccc1|CCCCN|water|298.15,5,True,True,0.9999999999999999
cpcm_dft,46,*C(=O)C1=C(Br)C2([H])OC1([H])C([H])=C2[H].CNC(=O)C(=[NH+][C-](C)C#N)C(=O)OC|CCCCN|water|298.15,8,False,True,0.5952380952380953
cpcm_dft,46,*C1(C([H])([H])[H])C#CC(c2c([H])c([H])c([H])c([H])c2[H])(c2c([H])c([H])c([H])c([H])c2[H])C([H])([H])C([H])([H])C([H])([H])C1([H])[H].CNC(=O)[C-](C#N)[NH+]=C(C)C#N|CCCCN|water|298.15,4,True,True,0.7999999999999999
cpcm_dft,46,*[C-]([O+]=C(C(=O)N([H])C([H])([H])[H])c1c([H])c([H])c([H])c([H])c1[H])C([H])([H])[H].CNC(=O)C1=C(Br)C2CCC1C2|CCCCO|water|298.15,3,True,True,
cpcm_dft,46,*C1([H])C#CC(C(=O)OC([H])([H])[H])(C(=O)OC([H])([H])[H])C([H])([H])C([H])([H])C([H])([H])C1([H])[H].CC(=O)[c-]1c(=O)oc(-c2ccccc2)[n+]1C|CCCCN|water|298.15,4,False,True,-0.6000000000000001
cpcm_dft,46,*C1(c2c([H])c([H])c([H])c([H])c2[H])C#CC(c2c([H])c([H])c([H])c([H])c2[H])(c2c([H])c([H])c([H])c([H])c2[H])C([H])([H])C([H])([H])C([H])([H])C1([H])[H].C[C-]([N+]#N)c1ccccc1|CCCNN|water|298.15,3,True,True,
cpcm_dft,46,*C#[N+][C-]([H])c1c([H])c([H])c([H])c([H])c1[H].C=C|CCCCN|water|298.15,3,False,True,
cpcm_dft,46,*[C-]([H])[N+](=C(C#N)C([H])([H])[H])C([H])([H])[H].C/C=C\C|CCCCN|water|298.15,3,False,True,
cpcm_dft,46,*C([H])=C(C([H])([H])[H])C([H])([H])[H].C[c-]1[o+]noc1=O|CCCNO|water|298.15,4,True,True,1.0
cpcm_dft,46,*[c-]1[o+]noc1=O.CC(C)=CC=O|CCCNO|water|298.15,4,True,True,0.7999999999999999
cpcm_dft,46,*[C-]([N+]#CC(=O)OC([H])([H])[H])C([H])([H])[H].CC(C)=CC=O|CCCCN|water|298.15,6,True,True,0.942857142857143
cpcm_dft,46,*[C-]([H])[N+]#CC(=O)C([H])([H])[H].CC(C)=CC=O|CCCCN|water|298.15,4,True,True,0.19999999999999998
cpcm_dft,46,*[C-]([N+]#CC(=O)C([H])([H])[H])C(=O)C([H])([H])[H].CC(C)=CC=O|CCCCN|water|298.15,3,True,True,
cpcm_dft,46,*C#[N+][C-](c1c([H])c([H])c([H])c([H])c1[H])C([H])([H])[H].C/C=C\C|CCCCN|water|298.15,4,False,True,0.6000000000000001
cpcm_dft,46,*C#[N+][C-](C([H])([H])[H])C([H])([H])[H].C=C(C)/C=C/C=C(C)C|CCCCN|water|298.15,9,True,True,0.8666666666666667
cpcm_dft,46,*C(C(=O)C([H])([H])[H])=[N+]([C-]([H])C([H])([H])[H])C([H])([H])[H].CC(C)=CC=O|CCCCN|water|298.15,4,True,True,1.0
cpcm_dft,46,*C#[N+][C-](C#N)C(=O)C([H])([H])[H].CC(C)=C(C)C|CCCCN|water|298.15,3,True,True,
cpcm_dft,46,*C(C#N)=[N+]([H])[N-]C(=O)C([H])([H])[H].CC(C)=CC=O|CCCNN|water|298.15,4,True,True,0.7999999999999999
cpcm_dft,46,*C(C(=O)OC([H])([H])[H])=[N+]([H])[N-]C#N.CC(C)=CC=O|CCCNN|water|298.15,4,False,False,-1.0
cpcm_dft,46,*C(=O)[c-]1c(=O)oc(C([H])([H])[H])[n+]1[H].CC(C)=CC=O|CCCCN|water|298.15,3,False,True,
cpcm_dft,46,*[c-]1[o+]noc1=O.C=C(C)/C=C/C=C(C)C|CCCNO|water|298.15,8,True,True,0.6904761904761906
cpcm_dft,46,*[N-][N+]#CC([H])([H])[H].C=C(C)/C=C/C=C(C)C|CCCNN|water|298.15,7,True,True,0.39285714285714296
cpcm_dft,46,*[C-]([N+]#CC(=O)C([H])([H])[H])c1c([H])c([H])c([H])c([H])c1[H].C/C=C\C|CCCCN|water|298.15,3,True,True,
cpcm_dft,46,*C([H])=C(C([H])([H])[H])C([H])([H])[H].CNC(=O)[c-]1[nH+]c(C)oc1=O|CCCCN|water|298.15,4,True,True,0.19999999999999998
cpcm_dft,46,*c1oc(=O)[c-](C(=O)N([H])C([H])([H])[H])[n+]1[H].CC(C)=CC=O|CCCCN|water|298.15,4,True,True,0.7999999999999999
cpcm_dft,46,*[C-]([N+]#CC(=O)C([H])([H])[H])c1c([H])c([H])c([H])c([H])c1[H].CC(C)=CC=O|CCCCN|water|298.15,5,True,True,0.49999999999999994
cpcm_dft,46,*c1oc(=O)[c-](C([H])([H])[H])[n+]1[H].C=C(C)/C=C/C=C(C)C|CCCCN|water|298.15,18,False,False,0.7647058823529412
cpcm_dft,46,*[C-]([N+]#N)C(=O)OC([H])([H])[H].C=C(C)/C=C/C=C(C)C|CCCNN|water|298.15,9,False,False,0.3666666666666667
cpcm_dft,46,*c1oc(=O)[c-](C([H])([H])[H])[n+]1[H].CN1C=CCC(C(N)=O)=C1|CCCCN|water|298.15,6,True,True,0.942857142857143
cpcm_dft,46,*[c-]1c(=O)oc(C([H])([H])[H])[n+]1[H].CN1C=CCC(C(N)=O)=C1|CCCCN|water|298.15,12,False,True,0.9510489510489512
cpcm_dft,46,*[C-]([N+]#CC(=O)OC([H])([H])[H])C([H])([H])[H].C=C(C)/C=C/C=C(C)C|CCCCN|water|298.15,15,True,True,0.8535714285714284
cpcm_dft,46,*C#[N+][N-]c1c([H])c([H])c([H])c([H])c1[H].C=C(C)/C=C/C=C(C)C|CCCNN|water|298.15,3,True,True,
cpcm_dft,46,*[C-](C(=O)N([H])C([H])([H])[H])[N+]([H])=C(C(=O)N([H])C([H])([H])[H])C([H])([H])[H].CC(C)=CC=O|CCCCN|water|298.15,4,True,True,0.7999999999999999
cpcm_dft,46,*C([H])=C(C([H])([H])[H])C([H])([H])[H].C[c-]1[nH+]c(-c2ccccc2)oc1=O|CCCCN|water|298.15,3,True,True,
cpcm_dft,46,*[c-]1[o+]c(C#N)oc1=O.CN1C=CCC(C(N)=O)=C1|CCCCO|water|298.15,5,True,True,0.7
cpcm_dft,46,*[C-]([N+]#CC#N)C(=O)OC([H])([H])[H].C=C(C)/C=C/C=C(C)C|CCCCN|water|298.15,14,True,True,0.9032967032967033
cpcm_dft,46,*C([H])=C(C([H])([H])[H])C([H])([H])[H].COC(=O)[N-][NH+]=Cc1ccccc1|CCCNN|water|298.15,3,True,True,
cpcm_dft,46,*[N+]([N-]C(=O)OC([H])([H])[H])=C([H])c1c([H])c([H])c([H])c([H])c1[H].CC(C)=CC=O|CCCNN|water|298.15,3,True,True,
cpcm_dft,46,*C(=O)C#[N+][C-](C(=O)C([H])([H])[H])C([H])([H])[H].C=C(C)/C=C/C=C(C)C|CCCCN|water|298.15,8,False,True,0.8571428571428572
cpcm_dft,46,*[C-]([N+]#CC(=O)C([H])([H])[H])C(=O)C([H])([H])[H].C=C(C)/C=C/C=C(C)C|CCCCN|water|298.15,8,False,True,0.7142857142857144
cpcm_dft,46,*C(C(=O)OC([H])([H])[H])=[N+]([H])[C-]([H])C#N.C=C(C)/C=C/C=C(C)C|CCCCN|water|298.15,12,True,True,0.9020979020979022
cpcm_dft,46,*C(C(=O)N([H])C([H])([H])[H])=[N+]([C-]([H])C#N)C([H])([H])[H].CC(C)=CC=O|CCCCN|water|298.15,4,True,True,1.0
cpcm_dft,46,*[C-]([H])[N+](=C(C(=O)N([H])C([H])([H])[H])C(=O)C([H])([H])[H])C([H])([H])[H].CC(C)=CC=O|CCCCN|water|298.15,4,True,True,0.39999999999999997
cpcm_dft,46,*[C-](C#N)[N+]#CC(=O)OC([H])([H])[H].CN1C=CCC(C(N)=O)=C1|CCCCN|water|298.15,5,True,True,0.7
cpcm_dft,46,*[C-]([N+]#CC#N)C([H])([H])[H].COC1=C(OC)C(=O)C(C)=C(C)C1=O|CCCCN|water|298.15,4,False,True,0.39999999999999997
cpcm_dft,46,*[C-](C#N)[N+]([H])=C(C(=O)N([H])C([H])([H])[H])C([H])([H])[H].CN1C=CCC(C(N)=O)=C1|CCCCN|water|298.15,7,True,True,0.9285714285714288
cpcm_dft,46,*C([H])=C(C([H])([H])[H])C([H])([H])[H].C[CH-][N+](C)=C(C(C)=O)c1ccccc1|CCCCN|water|298.15,4,True,True,1.0
cpcm_dft,46,*C([H])=[N+]([C-](c1c([H])c([H])c([H])c([H])c1[H])C([H])([H])[H])C([H])([H])[H].C=C(C)/C=C/C=C(C)C|CCCCN|water|298.15,15,True,True,0.8428571428571429
cpcm_dft,46,*C([H])=[O+][N-]C(=O)OC([H])([H])[H].CN1C=CCC(C(N)=O)=C1|CCCNO|water|298.15,4,True,True,1.0
cpcm_dft,46,*[C-](C#N)[N+](=C(C(=O)N([H])C([H])([H])[H])C(=O)N([H])C([H])([H])[H])C([H])([H])[H].CC(C)=CC=O|CCCCN|water|298.15,4,True,True,0.7999999999999999
cpcm_dft,46,*c1oc(=O)[c-](C(=O)N([H])C([H])([H])[H])[n+]1[H].C=C(C)/C=C/C=C(C)C|CCCCN|water|298.15,11,False,True,0.6181818181818182
cpcm_dft,46,*C([H])=C(C([H])([H])[H])C([H])([H])[H].CC(=O)C#[N+][C-](C(C)=O)c1ccccc1|CCCCN|water|298.15,3,True,True,
cpcm_dft,46,*C(=O)C#[N+][C-](C(=O)C([H])([H])[H])c1c([H])c([H])c([H])c([H])c1[H].CC(C)=CC=O|CCCCN|water|298.15,3,True,True,
cpcm_dft,46,*C(=O)[C-]([N+]#CC#N)C(=O)C([H])([H])[H].C=C(C)/C=C/C=C(C)C|CCCCN|water|298.15,8,True,True,0.6190476190476191
cpcm_dft,46,*[C-]([N+]#CC#N)C(=O)C([H])([H])[H].C=C(C)/C=C/C=C(C)C|CCCCN|water|298.15,12,True,True,0.7272727272727274
cpcm_dft,46,*C#[N+][C-](C(=O)OC([H])([H])[H])C(=O)C([H])([H])[H].C=C(C)/C=C/C=C(C)C|CCCCN|water|298.15,10,True,True,0.8545454545454544
cpcm_dft,46,*C(C(=O)C([H])([H])[H])=[N+]([H])[N-]c1c([H])c([H])c([H])c([H])c1[H].C=C(C)/C=C/C=C(C)C|CCCNN|water|298.15,10,False,False,0.23636363636363633
cpcm_dft,46,*[C-]([N+]#CC#N)C(=O)N([H])C([H])([H])[H].C=C(C)/C=C/C=C(C)C|CCCCN|water|298.15,8,True,True,0.7619047619047621
cpcm_dft,46,*C(c1c([H])c([H])c([H])c([H])c1[H])=[N+]([N-][H])C([H])([H])[H].CN1C=CCC(C(N)=O)=C1|CCCNN|water|298.15,5,True,True,0.6
cpcm_dft,46,*c1oc(=O)[c-](C(=O)N([H])C([H])([H])[H])[o+]1.C=C(C)/C=C/C=C(C)C|CCCCO|water|298.15,12,True,True,0.8881118881118882
cpcm_dft,46,*[c-]1c(=O)oc(C(=O)C([H])([H])[H])[n+]1C([H])([H])[H].CN1C=CCC(C(N)=O)=C1|CCCCN|water|298.15,10,True,True,0.8909090909090909
cpcm_dft,46,*[N-][N+]#CC(=O)N([H])C([H])([H])[H].COC1=C(OC)C(=O)C(C)=C(C)C1=O|CCCNN|water|298.15,3,True,True,
cpcm_dft,46,*C#[N+][C-](C#N)C([H])([H])[H].COC1=C(OC)C(=O)C(C)=C(C)C1=O|CCCCN|water|298.15,6,True,True,0.942857142857143
cpcm_dft,46,*C(C#N)=[N+]([C-](C(=O)N([H])C([H])([H])[H])C([H])([H])[H])C([H])([H])[H].CC(C)=CC=O|CCCCN|water|298.15,4,True,True,1.0
cpcm_dft,46,*C(=[O+][N-]C(=O)OC([H])([H])[H])C(=O)N([H])C([H])([H])[H].CN1C=CCC(C(N)=O)=C1|CCCNO|water|298.15,3,True,True,
cpcm_dft,46,*C#[N+][C-](C(=O)N([H])C([H])([H])[H])c1c([H])c([H])c([H])c([H])c1[H].CC(C)=CC=O|CCCCN|water|298.15,4,True,True,0.7999999999999999
cpcm_dft,46,*[C-](C(=O)N([H])C([H])([H])[H])[N+](=C(C#N)C#N)C([H])([H])[H].CN1C=CCC(C(N)=O)=C1|CCCCN|water|298.15,8,True,True,0.523809523809524
cpcm_dft,46,*[C-](C(=O)OC([H])([H])[H])[N+]([H])=C(C(=O)N([H])C([H])([H])[H])C(=O)N([H])C([H])([H])[H].CC(C)=CC=O|CCCCN|water|298.15,4,True,True,1.0
cpcm_dft,46,*[C-]([N+]#CC#N)C(=O)N([H])C([H])([H])[H].CN1C=CCC(C(N)=O)=C1|CCCCN|water|298.15,4,True,True,1.0
cpcm_dft,46,*C#[N+][C-](C(=O)OC([H])([H])[H])c1c([H])c([H])c([H])c([H])c1[H].C=C(C)/C=C/C=C(C)C|CCCCN|water|298.15,7,False,False,0.28571428571428575
cpcm_dft,46,*[c-]1c(=O)oc(-c2c([H])c([H])c([H])c([H])c2[H])[n+]1[H].C=C(C)/C=C/C=C(C)C|CCCCN|water|298.15,18,False,True,0.8637770897832818
cpcm_dft,46,*C(=O)C#[N+][N-]C#N.COC1=C(OC)C(=O)C(C)=C(C)C1=O|CCCNN|water|298.15,3,True,True,
cpcm_dft,46,*[C-](C(=O)N([H])C([H])([H])[H])[N+](=C(C#N)c1c([H])c([H])c([H])c([H])c1[H])C([H])([H])[H].CC(C)=CC=O|CCCCN|water|298.15,4,True,True,1.0
cpcm_dft,46,*C#[N+][C-](C(=O)OC([H])([H])[H])C(=O)OC([H])([H])[H].C=C(C)/C=C/C=C(C)C|CCCCN|water|298.15,6,True,True,0.8857142857142858
cpcm_dft,46,*C([H])=[O+][C-](C#N)c1c([H])c([H])c([H])c([H])c1[H].CN1C=CCC(C(N)=O)=C1|CCCCO|water|298.15,5,False,True,-0.3
cpcm_dft,46,*C(=O)[C-]([N+]#CC#N)c1c([H])c([H])c([H])c([H])c1[H].C=C(C)/C=C/C=C(C)C|CCCCN|water|298.15,9,False,True,0.4666666666666666
cpcm_dft,46,*C#[N+][C-](C(=O)C([H])([H])[H])c1c([H])c([H])c([H])c([H])c1[H].C=C(C)/C=C/C=C(C)C|CCCCN|water|298.15,9,False,True,0.6666666666666667
cpcm_dft,46,*c1oc(=O)[c-](C(=O)OC([H])([H])[H])[n+]1C([H])([H])[H].CN1C=CCC(C(N)=O)=C1|CCCCN|water|298.15,11,True,True,0.9272727272727275
cpcm_dft,46,*c1oc(=O)[c-](-c2c([H])c([H])c([H])c([H])c2[H])[n+]1[H].CN1C=CCC(C(N)=O)=C1|CCCCN|water|298.15,7,True,True,0.9642857142857145
cpcm_dft,46,*C(=[N+]([H])[C-](C#N)c1c([H])c([H])c([H])c([H])c1[H])C([H])([H])[H].CN1C=CCC(C(N)=O)=C1|CCCCN|water|298.15,8,True,True,0.8333333333333335
cpcm_dft,46,*[C-](c1c([H])c([H])c([H])c([H])c1[H])[N+]([H])=C(C([H])([H])[H])C([H])([H])[H].CN1C=CCC(C(N)=O)=C1|CCCCN|water|298.15,8,True,True,0.8571428571428572
cpcm_dft,46,*[C-]([O+]=C([H])C(=O)C([H])([H])[H])c1c([H])c([H])c([H])c([H])c1[H].C=C(C)/C=C/C=C(C)C|CCCCO|water|298.15,10,True,True,0.9030303030303028
cpcm_dft,46,*[N-][O+]=C(C(=O)OC([H])([H])[H])C(=O)N([H])C([H])([H])[H].CN1C=CCC(C(N)=O)=C1|CCCNO|water|298.15,4,True,True,1.0
cpcm_dft,46,*[c-]1c(=O)oc(C#N)[n+]1C([H])([H])[H].CN1C=CCC(C(N)=O)=C1|CCCCN|water|298.15,7,False,True,0.8928571428571429
cpcm_dft,46,*[N-][O+]=C([H])c1c([H])c([H])c([H])c([H])c1[H].CN1C=CCC(C(N)=O)=C1|CCCNO|water|298.15,5,True,True,0.7
cpcm_dft,46,*C(C(=O)OC([H])([H])[H])=[N+]([H])[C-](C#N)C#N.C=C(C)/C=C/C=C(C)C|CCCCN|water|298.15,11,True,True,0.9363636363636365
cpcm_dft,46,*[C-]([O+]=C([H])c1c([H])c([H])c([H])c([H])c1[H])C(=O)OC([H])([H])[H].C=C(C)/C=C/C=C(C)C|CCCCO|water|298.15,10,False,True,0.6969696969696969
cpcm_dft,46,*[c-]1[o+]c(C(=O)OC([H])([H])[H])oc1=O.CN1C=CCC(C(N)=O)=C1|CCCCO|water|298.15,6,False,True,0.6571428571428573
cpcm_dft,46,*C(c1c([H])c([H])c([H])c([H])c1[H])=[N+]([C-](C#N)C#N)C([H])([H])[H].CN1C=CCC(C(N)=O)=C1|CCCCN|water|298.15,10,False,False,0.7696969696969697
cpcm_dft,46,*C([H])=C(C([H])([H])[H])C([H])([H])[H].CNC(=O)C(=[O+][N-]c1ccccc1)C(=O)OC|CCCNO|water|298.15,4,True,True,1.0
cpcm_dft,46,*C([H])=C(C([H])([H])[H])C([H])([H])[H].COC(=O)[CH-][O+]=C(C(=O)OC)c1ccccc1|CCCCO|water|298.15,4,True,True,0.7999999999999999
cpcm_dft,46,*C#[N+][C-](C(=O)C([H])([H])[H])C(=O)C([H])([H])[H].CN1C=CCC(C(N)=O)=C1|CCCCN|water|298.15,4,True,True,1.0
cpcm_dft,46,*[C-]([N+]#CC(=O)N([H])C([H])([H])[H])C(=O)OC([H])([H])[H].C=C(C)/C=C/C=C(C)C|CCCCN|water|298.15,10,True,True,0.6727272727272726
cpcm_dft,46,*C(c1c([H])c([H])c([H])c([H])c1[H])=[N+]([N-]C(=O)C([H])([H])[H])C([H])([H])[H].C=C(C)/C=C/C=C(C)C|CCCNN|water|298.15,7,True,True,0.7500000000000002
cpcm_dft,46,*[C-]([H])[O+]=C(C(=O)OC([H])([H])[H])c1c([H])c([H])c([H])c([H])c1[H].C=C(C)/C=C/C=C(C)C|CCCCO|water|298.15,10,True,True,0.5393939393939393
cpcm_dft,46,*[C-]([N+]#Cc1c([H])c([H])c([H])c([H])c1[H])c1c([H])c([H])c([H])c([H])c1[H].CN1C=CCC(C(N)=O)=C1|CCCCN|water|298.15,7,True,True,0.9642857142857145
cpcm_dft,46,*C#[N+][C-](c1c([H])c([H])c([H])c([H])c1[H])c1c([H])c([H])c([H])c([H])c1[H].CN1C=CCC(C(N)=O)=C1|CCCCN|water|298.15,9,True,True,0.9666666666666667
cpcm_dft,46,*C(=[N+]([H])[C-](C(=O)N([H])C([H])([H])[H])C(=O)N([H])C([H])([H])[H])C([H])([H])[H].CN1C=CCC(C(N)=O)=C1|CCCCN|water|298.15,7,False,True,0.7857142857142859
cpcm_dft,46,*c1oc(=O)[c-](-c2c([H])c([H])c([H])c([H])c2[H])[n+]1C([H])([H])[H].CN1C=CCC(C(N)=O)=C1|CCCCN|water|298.15,8,True,True,0.9285714285714287
cpcm_dft,46,*[n+]1c(-c2c([H])c([H])c([H])c([H])c2[H])oc(=O)[c-]1C(=O)N([H])C([H])([H])[H].C=C(C)/C=C/C=C(C)C|CCCCN|water|298.15,11,False,True,0.7090909090909092
cpcm_dft,46,*C(=[O+][C-](C#N)C#N)C(=O)OC([H])([H])[H].CN1C=CCC(C(N)=O)=C1|CCCCO|water|298.15,5,False,True,0.8999999999999998
cpcm_dft,46,*[C-]([N+]#Cc1c([H])c([H])c([H])c([H])c1[H])C([H])([H])[H].COC1=C(OC)C(=O)C(C)=C(C)C1=O|CCCCN|water|298.15,3,False,True,
cpcm_dft,46,*C(=[O+][C-](C(=O)N([H])C([H])([H])[H])C(=O)N([H])C([H])([H])[H])c1c([H])c([H])c([H])c([H])c1[H].CC(C)=CC=O|CCCCO|water|298.15,4,True,True,0.7999999999999999
cpcm_dft,46,*C(=O)C#[N+][C-](C(=O)OC([H])([H])[H])C(=O)OC([H])([H])[H].CN1C=CCC(C(N)=O)=C1|CCCCN|water|298.15,6,True,True,1.0
cpcm_dft,46,*C(C(=O)OC([H])([H])[H])=[N+]([N-]C([H])([H])[H])C([H])([H])[H].COC1=C(OC)C(=O)C(C)=C(C)C1=O|CCCNN|water|298.15,4,True,True,1.0
cpcm_dft,46,*C(=[O+][C-](C#N)C(=O)OC([H])([H])[H])c1c([H])c([H])c([H])c([H])c1[H].CN1C=CCC(C(N)=O)=C1|CCCCO|water|298.15,7,True,True,0.9642857142857145
cpcm_dft,46,*C(=O)c1oc(=O)[c-](-c2c([H])c([H])c([H])c([H])c2[H])[o+]1.CN1C=CCC(C(N)=O)=C1|CCCCO|water|298.15,7,False,True,0.14285714285714288
cpcm_dft,46,*c1oc(=O)[c-](-c2c([H])c([H])c([H])c([H])c2[H])[o+]1.CN1C=CCC(C(N)=O)=C1|CCCCO|water|298.15,11,False,False,0.5363636363636364
cpcm_dft,46,*[C-](C(=O)C([H])([H])[H])[N+](=C([H])C(=O)OC([H])([H])[H])C([H])([H])[H].CN1C=CCC(C(N)=O)=C1|CCCCN|water|298.15,7,True,True,0.9642857142857145
cpcm_dft,46,*C(C(=O)OC([H])([H])[H])=[N+]([C-](C(=O)C([H])([H])[H])C([H])([H])[H])C([H])([H])[H].CN1C=CCC(C(N)=O)=C1|CCCCN|water|298.15,5,True,True,0.9999999999999999
cpcm_dft,46,*[N+](=C(C(=O)N([H])C([H])([H])[H])c1c([H])c([H])c([H])c([H])c1[H])[C-](C(=O)OC([H])([H])[H])C(=O)C([H])([H])[H].CC(C)=CC=O|CCCCN|water|298.15,4,True,True,0.39999999999999997
cpcm_dft,46,*[C-](C#N)[O+]=C(C(=O)OC([H])([H])[H])c1c([H])c([H])c([H])c([H])c1[H].CN1C=CCC(C(N)=O)=C1|CCCCO|water|298.15,6,True,True,0.942857142857143
cpcm_dft,46,*[N+](=C([H])C(=O)N([H])C([H])([H])[H])[C-](C#N)C(=O)C([H])([H])[H].COC1=C(OC)C(=O)C(C)=C(C)C1=O|CCCCN|water|298.15,4,False,True,0.19999999999999998
cpcm_dft,46,*C(=O)[C-]([N+](=C(C#N)C([H])([H])[H])C([H])([H])[H])C([H])([H])[H].COC1=C(OC)C(=O)C(C)=C(C)C1=O|CCCCN|water|298.15,4,False,True,0.7999999999999999
cpcm_dft,46,*C(=[O+][C-]([H])C(=O)OC([H])([H])[H])C([H])([H])[H].COC1=C(OC)C(=O)C(C)=C(C)C1=O|CCCCO|water|298.15,3,True,True,
cpcm_dft,46,*c1oc(=O)[c-](-c2c([H])c([H])c([H])c([H])c2[H])[o+]1.COC1=C(OC)C(=O)C(C)=C(C)C1=O|CCCCO|water|298.15,4,True,True,0.39999999999999997
cpcm_dft,46,*c1oc(=O)[c-](C(=O)OC([H])([H])[H])[o+]1.COC1=C(OC)C(=O)C(C)=C(C)C1=O|CCCCO|water|298.15,4,True,True,0.7999999999999999
cpcm_dft,46,*[c-]1[o+]c(C(=O)N([H])C([H])([H])[H])oc1=O.COC1=C(OC)C(=O)C(C)=C(C)C1=O|CCCCO|water|298.15,6,True,True,0.7714285714285715
cpcm_dft,46,*[C-](C(=O)C([H])([H])[H])[N+](=C(C(=O)N([H])C([H])([H])[H])c1c([H])c([H])c([H])c([H])c1[H])C([H])([H])[H].CC(C)=CC=O|CCCCN|water|298.15,4,False,True,0.7999999999999999
cpcm_dft,46,*[C-](C(=O)OC([H])([H])[H])[N+]([H])=C(C(=O)N([H])C([H])([H])[H])C([H])([H])[H].COC1=C(OC)C(=O)C(C)=C(C)C1=O|CCCCN|water|298.15,4,True,True,1.0
cpcm_dft,46,*[c-]1c(=O)oc(-c2c([H])c([H])c([H])c([H])c2[H])[n+]1C([H])([H])[H].COC1=C(OC)C(=O)C(C)=C(C)C1=O|CCCCN|water|298.15,4,False,True,0.7999999999999999
cpcm_dft,46,*[C-](C(=O)OC([H])([H])[H])[N+](=C(C(=O)OC([H])([H])[H])c1c([H])c([H])c([H])c([H])c1[H])C([H])([H])[H].C=C(C)/C=C/C=C(C)C|CCCCN|water|298.15,10,False,False,0.5393939393939393
cpcm_dft,46,*[c-]1[o+]c(C(=O)OC([H])([H])[H])oc1=O.COC1=C(OC)C(=O)C(C)=C(C)C1=O|CCCCO|water|298.15,4,True,True,1.0
cpcm_dft,46,*c1oc(=O)[c-](C(=O)N([H])C([H])([H])[H])[o+]1.COC1=C(OC)C(=O)C(C)=C(C)C1=O|CCCCO|water|298.15,4,True,True,1.0
cpcm_dft,46,*C(c1c([H])c([H])c([H])c([H])c1[H])=[N+]([H])[C-](C#N)C(=O)N([H])C([H])([H])[H].COC1=C(OC)C(=O)C(C)=C(C)C1=O|CCCCN|water|298.15,4,True,True,1.0
cpcm_dft,46,*C(=O)C(C(=O)OC([H])([H])[H])=[N+]([H])[C-](C(=O)OC([H])([H])[H])c1c([H])c([H])c([H])c([H])c1[H].C=C(C)/C=C/C=C(C)C|CCCCN|water|298.15,11,True,True,0.8272727272727273
cpcm_dft,46,*[C-]([O+]=C(C(=O)N([H])C([H])([H])[H])c1c([H])c([H])c([H])c([H])c1[H])C(=O)N([H])C([H])([H])[H].COC1=C(OC)C(=O)C(C)=C(C)C1=O|CCCCO|water|298.15,3,False,True,
cpcm_dft,46,*[C-](c1c([H])c([H])c([H])c([H])c1[H])[N+](=C(C#N)c1c([H])c([H])c([H])c([H])c1[H])C([H])([H])[H].COC1=C(OC)C(=O)C(C)=C(C)C1=O|CCCCN|water|298.15,4,False,True,0.19999999999999998
cpcm_dft,46,*C(=[O+][C-](c1c([H])c([H])c([H])c([H])c1[H])C([H])([H])[H])C(=O)C([H])([H])[H].COC1=C(OC)C(=O)C(C)=C(C)C1=O|CCCCO|water|298.15,4,False,True,0.39999999999999997
cpcm_dft,46,*[C-](C#N)[N+](=C(C(=O)N([H])C([H])([H])[H])c1c([H])c([H])c([H])c([H])c1[H])C([H])([H])[H].COC1=C(OC)C(=O)C(C)=C(C)C1=O|CCCCN|water|298.15,4,True,True,0.7999999999999999
