{"arm": "xgb28_delta_family", "family": "rgd1", "fold": 0, "member": 0, "n_train": 160, "n_test": 40, "reaction_ids": ["rgd1_MR_575804_2", "rgd1_MR_149414_0", "rgd1_MR_408026_1", "rgd1_MR_190697_1", "rgd1_MR_172882_0", "rgd1_MR_112532_1", "rgd1_MR_312540_1", "rgd1_MR_64761_1", "rgd1_MR_564332_1", "rgd1_MR_240945_0", "rgd1_MR_137269_0", "rgd1_MR_664940_0", "rgd1_MR_374694_1", "rgd1_MR_146056_1", "rgd1_MR_540251_1", "rgd1_MR_8792_0", "rgd1_MR_72009_2", "rgd1_MR_171993_0", "rgd1_MR_520623_1", "rgd1_MR_211817_1", "rgd1_MR_433076_0", "rgd1_MR_702684_1", "rgd1_MR_587931_1", "rgd1_MR_475113_0", "rgd1_MR_698301_2", "rgd1_MR_576064_2", "rgd1_MR_14924_0", "rgd1_MR_85496_1", "rgd1_MR_557598_0", "rgd1_MR_63212_0", "rgd1_MR_30485_0", "rgd1_MR_285043_0", "rgd1_MR_369786_1", "rgd1_MR_216629_0", "rgd1_MR_114642_2", "rgd1_MR_339525_1", "rgd1_MR_568559_1", "rgd1_MR_498816_0", "rgd1_MR_664116_1", "rgd1_MR_347855_1"], "y_true_strain": [80.2254867553711, 41.4467658996582, 47.91785430908203, 135.00804138183594, 80.96633911132812, 56.49724578857422, 84.32093811035156, 49.80670928955078, 58.25912094116211, 57.99238204956055, 84.11278533935547, 34.79083251953125, 84.1570816040039, 50.76660919189453, 24.04328155517578, 47.710853576660156, 73.07746887207031, 76.52030181884766, 40.81441116333008, 44.06725311279297, 89.2490463256836, 51.58643341064453, 7.645845413208008, 81.62781524658203, 46.243896484375, 89.44857788085938, 50.046546936035156, 18.22590446472168, 76.6251220703125, 99.69696044921875, 156.7575225830078, 79.00757598876953, 55.1285514831543, 90.80712890625, 89.52873992919922, 38.73564910888672, 25.73469352722168, 33.56953811645508, 38.202392578125, 65.38201141357422], "y_true_Pauli": [109.22000122070312, 18.450000762939453, 106.4800033569336, 437.0299987792969, 199.77000427246094, 107.91999816894531, 120.80999755859375, 147.6699981689453, 278.5799865722656, 7.53000020980835, 382.9599914550781, 548.3599853515625, 146.9499969482422, 232.44000244140625, 344.8500061035156, 85.45999908447266, 226.55999755859375, 467.2900085449219, 345.75, 412.489990234375, 316.7099914550781, 545.72998046875, 56.720001220703125, 338.8299865722656, 166.32000732421875, 329.1700134277344, 183.8000030517578, 144.9199981689453, 557.4500122070312, 164.07000732421875, 291.0, 430.25, 131.57000732421875, 109.12999725341797, 200.60000610351562, 429.8299865722656, 297.260009765625, 171.36000061035156, 309.45001220703125, 335.1400146484375], "y_true_elst": [-38.72999954223633, -16.530000686645508, -40.45000076293945, -202.91000366210938, -92.41999816894531, -49.689998626708984, -60.43000030517578, -57.91999816894531, -108.23999786376953, -3.309999942779541, -150.8000030517578, -231.25999450683594, -72.08000183105469, -103.58999633789062, -141.30999755859375, -44.599998474121094, -84.93000030517578, -220.52000427246094, -157.14999389648438, -186.22000122070312, -127.5, -225.3300018310547, -29.600000381469727, -158.3300018310547, -69.8499984741211, -127.0, -68.55999755859375, -69.75, -222.38999938964844, -67.55000305175781, -134.8000030517578, -184.97000122070312, -51.400001525878906, -43.41999816894531, -61.81999969482422, -182.25999450683594, -133.86000061035156, -90.22000122070312, -126.98999786376953, -129.72999572753906], "y_true_oi": [-91.91999816894531, -8.079999923706055, -95.70999908447266, -283.8299865722656, -107.55999755859375, -76.2300033569336, -78.02999877929688, -105.95999908447266, -177.4199981689453, -1.8899999856948853, -235.82000732421875, -301.4700012207031, -100.56999969482422, -138.5, -177.61000061035156, -41.709999084472656, -123.72000122070312, -274.55999755859375, -170.9600067138672, -225.72000122070312, -191.3300018310547, -313.2200012207031, -27.6200008392334, -214.55999755859375, -119.91999816894531, -220.4499969482422, -145.17999267578125, -96.83000183105469, -344.2200012207031, -113.33000183105469, -255.50999450683594, -244.05999755859375, -90.13999938964844, -77.25, -147.75999450683594, -247.33999633789062, -144.0800018310547, -91.5, -170.35000610351562, -205.86000061035156], "y_true_disp": [-6.789999961853027, -2.430000066757202, -2.4600000381469727, -6.840000152587891, -6.239999771118164, -5.059999942779541, -5.380000114440918, -3.5899999141693115, -4.349999904632568, -5.340000152587891, -6.0, -6.510000228881836, -7.150000095367432, -5.570000171661377, -4.590000152587891, -7.28000020980835, -5.159999847412109, -6.880000114440918, -6.989999771118164, -5.860000133514404, -7.449999809265137, -5.179999828338623, -7.960000038146973, -7.820000171661377, -5.079999923706055, -6.849999904632568, -3.680000066757202, -7.860000133514404, -3.7799999713897705, -7.96999979019165, -4.78000020980835, -4.21999979019165, -4.820000171661377, -5.46999979019165, -7.170000076293945, -4.079999923706055, -6.639999866485596, -6.429999828338623, -4.860000133514404, -4.599999904632568], "y_pred_strain": [78.85946655273438, 34.143341064453125, 54.035972595214844, 122.555419921875, 57.38258743286133, 44.29048156738281, 68.48223876953125, 44.913787841796875, 52.47880554199219, 60.976654052734375, 86.01695251464844, 44.134822845458984, 71.0951156616211, 55.82176208496094, 29.659889221191406, 51.89786148071289, 73.51966094970703, 91.77635955810547, 42.86369705200195, 47.468048095703125, 83.19283294677734, 53.37482833862305, 11.360482215881348, 98.37062072753906, 38.06983947753906, 84.29888153076172, 43.51343536376953, 47.529232025146484, 87.13982391357422, 88.09970092773438, 118.88258361816406, 82.40525817871094, 43.83320617675781, 71.36039733886719, 76.1036148071289, 37.22549057006836, 31.248180389404297, 39.6594123840332, 38.58079528808594, 56.01969528198242], "y_pred_Pauli": [119.03814697265625, 24.42111587524414, 111.91177368164062, 478.03973388671875, 184.48907470703125, 122.60160064697266, 103.5081787109375, 191.19366455078125, 328.1177062988281, 12.142967224121094, 382.6252746582031, 528.6350708007812, 138.17184448242188, 289.3048095703125, 286.7447204589844, 83.06954956054688, 193.8604736328125, 360.9478759765625, 292.4783020019531, 328.2707214355469, 307.63470458984375, 556.1056518554688, 48.370845794677734, 417.5276794433594, 137.9532470703125, 438.77978515625, 194.49322509765625, 175.46751403808594, 433.9103088378906, 167.2171173095703, 331.538818359375, 375.05914306640625, 168.75750732421875, 139.22142028808594, 195.57948303222656, 367.6950378417969, 231.529052734375, 147.7803497314453, 249.64205932617188, 391.4459228515625], "y_pred_elst": [-45.98512649536133, -18.297744750976562, -40.5426139831543, -214.29788208007812, -69.00196838378906, -56.43148422241211, -48.48065948486328, -80.3453369140625, -133.3525390625, -8.214877128601074, -176.75506591796875, -232.78573608398438, -46.48991775512695, -105.54964447021484, -110.86776733398438, -44.6993408203125, -69.25428009033203, -161.34768676757812, -129.9001007080078, -134.29747009277344, -117.11011505126953, -251.16319274902344, -28.36012077331543, -186.98414611816406, -59.85222625732422, -175.05816650390625, -84.5899429321289, -74.53141021728516, -191.63394165039062, -64.64579772949219, -138.63697814941406, -173.14407348632812, -75.52025604248047, -50.692928314208984, -73.36666870117188, -160.38958740234375, -100.73053741455078, -69.9326171875, -102.4451675415039, -150.67202758789062],