{"arm": "xgb28_delta_family", "family": "rgd1", "fold": 0, "member": 3, "n_train": 160, "n_test": 40, "reaction_ids": ["rgd1_MR_575804_2", "rgd1_MR_149414_0", "rgd1_MR_408026_1", "rgd1_MR_190697_1", "rgd1_MR_172882_0", "rgd1_MR_112532_1", "rgd1_MR_312540_1", "rgd1_MR_64761_1", "rgd1_MR_564332_1", "rgd1_MR_240945_0", "rgd1_MR_137269_0", "rgd1_MR_664940_0", "rgd1_MR_374694_1", "rgd1_MR_146056_1", "rgd1_MR_540251_1", "rgd1_MR_8792_0", "rgd1_MR_72009_2", "rgd1_MR_171993_0", "rgd1_MR_520623_1", "rgd1_MR_211817_1", "rgd1_MR_433076_0", "rgd1_MR_702684_1", "rgd1_MR_587931_1", "rgd1_MR_475113_0", "rgd1_MR_698301_2", "rgd1_MR_576064_2", "rgd1_MR_14924_0", "rgd1_MR_85496_1", "rgd1_MR_557598_0", "rgd1_MR_63212_0", "rgd1_MR_30485_0", "rgd1_MR_285043_0", "rgd1_MR_369786_1", "rgd1_MR_216629_0", "rgd1_MR_114642_2", "rgd1_MR_339525_1", "rgd1_MR_568559_1", "rgd1_MR_498816_0", "rgd1_MR_664116_1", "rgd1_MR_347855_1"], "y_true_strain": [80.2254867553711, 41.4467658996582, 47.91785430908203, 135.00804138183594, 80.96633911132812, 56.49724578857422, 84.32093811035156, 49.80670928955078, 58.25912094116211, 57.99238204956055, 84.11278533935547, 34.79083251953125, 84.1570816040039, 50.76660919189453, 24.04328155517578, 47.710853576660156, 73.07746887207031, 76.52030181884766, 40.81441116333008, 44.06725311279297, 89.2490463256836, 51.58643341064453, 7.645845413208008, 81.62781524658203, 46.243896484375, 89.44857788085938, 50.046546936035156, 18.22590446472168, 76.6251220703125, 99.69696044921875, 156.7575225830078, 79.00757598876953, 55.1285514831543, 90.80712890625, 89.52873992919922, 38.73564910888672, 25.73469352722168, 33.56953811645508, 38.202392578125, 65.38201141357422], "y_true_Pauli": [109.22000122070312, 18.450000762939453, 106.4800033569336, 437.0299987792969, 199.77000427246094, 107.91999816894531, 120.80999755859375, 147.6699981689453, 278.5799865722656, 7.53000020980835, 382.9599914550781, 548.3599853515625, 146.9499969482422, 232.44000244140625, 344.8500061035156, 85.45999908447266, 226.55999755859375, 467.2900085449219, 345.75, 412.489990234375, 316.7099914550781, 545.72998046875, 56.720001220703125, 338.8299865722656, 166.32000732421875, 329.1700134277344, 183.8000030517578, 144.9199981689453, 557.4500122070312, 164.07000732421875, 291.0, 430.25, 131.57000732421875, 109.12999725341797, 200.60000610351562, 429.8299865722656, 297.260009765625, 171.36000061035156, 309.45001220703125, 335.1400146484375], "y_true_elst": [-38.72999954223633, -16.530000686645508, -40.45000076293945, -202.91000366210938, -92.41999816894531, -49.689998626708984, -60.43000030517578, -57.91999816894531, -108.23999786376953, -3.309999942779541, -150.8000030517578, -231.25999450683594, -72.08000183105469, -103.58999633789062, -141.30999755859375, -44.599998474121094, -84.93000030517578, -220.52000427246094, -157.14999389648438, -186.22000122070312, -127.5, -225.3300018310547, -29.600000381469727, -158.3300018310547, -69.8499984741211, -127.0, -68.55999755859375, -69.75, -222.38999938964844, -67.55000305175781, -134.8000030517578, -184.97000122070312, -51.400001525878906, -43.41999816894531, -61.81999969482422, -182.25999450683594, -133.86000061035156, -90.22000122070312, -126.98999786376953, -129.72999572753906], "y_true_oi": [-91.91999816894531, -8.079999923706055, -95.70999908447266, -283.8299865722656, -107.55999755859375, -76.2300033569336, -78.02999877929688, -105.95999908447266, -177.4199981689453, -1.8899999856948853, -235.82000732421875, -301.4700012207031, -100.56999969482422, -138.5, -177.61000061035156, -41.709999084472656, -123.72000122070312, -274.55999755859375, -170.9600067138672, -225.72000122070312, -191.3300018310547, -313.2200012207031, -27.6200008392334, -214.55999755859375, -119.91999816894531, -220.4499969482422, -145.17999267578125, -96.83000183105469, -344.2200012207031, -113.33000183105469, -255.50999450683594, -244.05999755859375, -90.13999938964844, -77.25, -147.75999450683594, -247.33999633789062, -144.0800018310547, -91.5, -170.35000610351562, -205.86000061035156], "y_true_disp": [-6.789999961853027, -2.430000066757202, -2.4600000381469727, -6.840000152587891, -6.239999771118164, -5.059999942779541, -5.380000114440918, -3.5899999141693115, -4.349999904632568, -5.340000152587891, -6.0, -6.510000228881836, -7.150000095367432, -5.570000171661377, -4.590000152587891, -7.28000020980835, -5.159999847412109, -6.880000114440918, -6.989999771118164, -5.860000133514404, -7.449999809265137, -5.179999828338623, -7.960000038146973, -7.820000171661377, -5.079999923706055, -6.849999904632568, -3.680000066757202, -7.860000133514404, -3.7799999713897705, -7.96999979019165, -4.78000020980835, -4.21999979019165, -4.820000171661377, -5.46999979019165, -7.170000076293945, -4.079999923706055, -6.639999866485596, -6.429999828338623, -4.860000133514404, -4.599999904632568], "y_pred_strain": [79.57682037353516, 34.624820709228516, 56.739139556884766, 121.79191589355469, 56.592037200927734, 45.167564392089844, 68.5052490234375, 47.385772705078125, 51.874481201171875, 62.782527923583984, 84.5411605834961, 44.938690185546875, 70.03033447265625, 53.97542953491211, 30.23186492919922, 51.122642517089844, 72.4249038696289, 91.39701843261719, 44.90435028076172, 47.4281005859375, 81.9609146118164, 52.366966247558594, 8.49827766418457, 95.89546203613281, 41.2275276184082, 83.59010314941406, 44.75600814819336, 48.6486930847168, 87.49797058105469, 90.33697509765625, 118.37937927246094, 83.75273895263672, 44.80544662475586, 70.94062805175781, 75.94844055175781, 37.25936508178711, 28.59331512451172, 39.32981491088867, 39.46828842163086, 56.217262268066406], "y_pred_Pauli": [119.17732238769531, 25.022489547729492, 111.26541900634766, 479.601318359375, 183.57525634765625, 121.0860824584961, 103.0162582397461, 192.69186401367188, 330.7779846191406, 10.328865051269531, 381.5715026855469, 530.90185546875, 139.50914001464844, 287.16552734375, 287.73193359375, 82.35244750976562, 193.6737518310547, 363.1531066894531, 293.49578857421875, 328.7492980957031, 305.7124938964844, 557.056640625, 49.96261215209961, 417.5502624511719, 141.917236328125, 440.8693542480469, 197.9896240234375, 174.13143920898438, 430.3373107910156, 168.48944091796875, 328.9364318847656, 371.04412841796875, 166.59136962890625, 137.60374450683594, 195.5533447265625, 367.703125, 232.99281311035156, 148.6396942138672, 247.12071228027344, 389.5378723144531], "y_pred_elst": [-46.09410858154297, -18.854856491088867, -40.07278823852539, -215.31216430664062, -68.25021362304688, -55.15436553955078, -47.928382873535156, -81.93687438964844, -135.43734741210938, -6.647320747375488, -175.7960968017578, -234.86343383789062, -47.427330017089844, -104.18400573730469, -111.78085327148438, -44.193885803222656, -69.0472412109375, -163.1331024169922, -130.9627685546875, -134.61102294921875, -115.67635345458984, -251.6233673095703, -28.76425552368164, -186.6162109375, -63.85734939575195, -176.6156463623047, -87.92181396484375, -73.47689056396484, -188.72509765625, -65.96726989746094, -136.6156768798828, -169.53073120117188, -73.68610382080078, -49.404701232910156, -73.2710189819336, -160.39028930664062, -101.14436340332031, -70.5704116821289, -100.28411865234375, -149.17286682128906],