{"arm": "xgb28_delta_family", "family": "rgd1", "fold": 0, "member": 2, "n_train": 160, "n_test": 40, "reaction_ids": ["rgd1_MR_575804_2", "rgd1_MR_149414_0", "rgd1_MR_408026_1", "rgd1_MR_190697_1", "rgd1_MR_172882_0", "rgd1_MR_112532_1", "rgd1_MR_312540_1", "rgd1_MR_64761_1", "rgd1_MR_564332_1", "rgd1_MR_240945_0", "rgd1_MR_137269_0", "rgd1_MR_664940_0", "rgd1_MR_374694_1", "rgd1_MR_146056_1", "rgd1_MR_540251_1", "rgd1_MR_8792_0", "rgd1_MR_72009_2", "rgd1_MR_171993_0", "rgd1_MR_520623_1", "rgd1_MR_211817_1", "rgd1_MR_433076_0", "rgd1_MR_702684_1", "rgd1_MR_587931_1", "rgd1_MR_475113_0", "rgd1_MR_698301_2", "rgd1_MR_576064_2", "rgd1_MR_14924_0", "rgd1_MR_85496_1", "rgd1_MR_557598_0", "rgd1_MR_63212_0", "rgd1_MR_30485_0", "rgd1_MR_285043_0", "rgd1_MR_369786_1", "rgd1_MR_216629_0", "rgd1_MR_114642_2", "rgd1_MR_339525_1", "rgd1_MR_568559_1", "rgd1_MR_498816_0", "rgd1_MR_664116_1", "rgd1_MR_347855_1"], "y_true_strain": [80.2254867553711, 41.4467658996582, 47.91785430908203, 135.00804138183594, 80.96633911132812, 56.49724578857422, 84.32093811035156, 49.80670928955078, 58.25912094116211, 57.99238204956055, 84.11278533935547, 34.79083251953125, 84.1570816040039, 50.76660919189453, 24.04328155517578, 47.710853576660156, 73.07746887207031, 76.52030181884766, 40.81441116333008, 44.06725311279297, 89.2490463256836, 51.58643341064453, 7.645845413208008, 81.62781524658203, 46.243896484375, 89.44857788085938, 50.046546936035156, 18.22590446472168, 76.6251220703125, 99.69696044921875, 156.7575225830078, 79.00757598876953, 55.1285514831543, 90.80712890625, 89.52873992919922, 38.73564910888672, 25.73469352722168, 33.56953811645508, 38.202392578125, 65.38201141357422], "y_true_Pauli": [109.22000122070312, 18.450000762939453, 106.4800033569336, 437.0299987792969, 199.77000427246094, 107.91999816894531, 120.80999755859375, 147.6699981689453, 278.5799865722656, 7.53000020980835, 382.9599914550781, 548.3599853515625, 146.9499969482422, 232.44000244140625, 344.8500061035156, 85.45999908447266, 226.55999755859375, 467.2900085449219, 345.75, 412.489990234375, 316.7099914550781, 545.72998046875, 56.720001220703125, 338.8299865722656, 166.32000732421875, 329.1700134277344, 183.8000030517578, 144.9199981689453, 557.4500122070312, 164.07000732421875, 291.0, 430.25, 131.57000732421875, 109.12999725341797, 200.60000610351562, 429.8299865722656, 297.260009765625, 171.36000061035156, 309.45001220703125, 335.1400146484375], "y_true_elst": [-38.72999954223633, -16.530000686645508, -40.45000076293945, -202.91000366210938, -92.41999816894531, -49.689998626708984, -60.43000030517578, -57.91999816894531, -108.23999786376953, -3.309999942779541, -150.8000030517578, -231.25999450683594, -72.08000183105469, -103.58999633789062, -141.30999755859375, -44.599998474121094, -84.93000030517578, -220.52000427246094, -157.14999389648438, -186.22000122070312, -127.5, -225.3300018310547, -29.600000381469727, -158.3300018310547, -69.8499984741211, -127.0, -68.55999755859375, -69.75, -222.38999938964844, -67.55000305175781, -134.8000030517578, -184.97000122070312, -51.400001525878906, -43.41999816894531, -61.81999969482422, -182.25999450683594, -133.86000061035156, -90.22000122070312, -126.98999786376953, -129.72999572753906], "y_true_oi": [-91.91999816894531, -8.079999923706055, -95.70999908447266, -283.8299865722656, -107.55999755859375, -76.2300033569336, -78.02999877929688, -105.95999908447266, -177.4199981689453, -1.8899999856948853, -235.82000732421875, -301.4700012207031, -100.56999969482422, -138.5, -177.61000061035156, -41.709999084472656, -123.72000122070312, -274.55999755859375, -170.9600067138672, -225.72000122070312, -191.3300018310547, -313.2200012207031, -27.6200008392334, -214.55999755859375, -119.91999816894531, -220.4499969482422, -145.17999267578125, -96.83000183105469, -344.2200012207031, -113.33000183105469, -255.50999450683594, -244.05999755859375, -90.13999938964844, -77.25, -147.75999450683594, -247.33999633789062, -144.0800018310547, -91.5, -170.35000610351562, -205.86000061035156], "y_true_disp": [-6.789999961853027, -2.430000066757202, -2.4600000381469727, -6.840000152587891, -6.239999771118164, -5.059999942779541, -5.380000114440918, -3.5899999141693115, -4.349999904632568, -5.340000152587891, -6.0, -6.510000228881836, -7.150000095367432, -5.570000171661377, -4.590000152587891, -7.28000020980835, -5.159999847412109, -6.880000114440918, -6.989999771118164, -5.860000133514404, -7.449999809265137, -5.179999828338623, -7.960000038146973, -7.820000171661377, -5.079999923706055, -6.849999904632568, -3.680000066757202, -7.860000133514404, -3.7799999713897705, -7.96999979019165, -4.78000020980835, -4.21999979019165, -4.820000171661377, -5.46999979019165, -7.170000076293945, -4.079999923706055, -6.639999866485596, -6.429999828338623, -4.860000133514404, -4.599999904632568], "y_pred_strain": [79.30717468261719, 34.3265266418457, 55.34438705444336, 120.96704864501953, 56.11069107055664, 44.60609436035156, 68.73699188232422, 46.25210189819336, 52.66402053833008, 61.798622131347656, 85.48397064208984, 44.76083755493164, 70.6234130859375, 53.12337112426758, 30.27930450439453, 51.65753173828125, 73.08228302001953, 91.36934661865234, 43.8051872253418, 46.67716979980469, 81.5294418334961, 52.72755813598633, 7.8860697746276855, 97.19355010986328, 39.91828918457031, 84.59896850585938, 44.55852127075195, 48.04463577270508, 85.86519622802734, 89.35550689697266, 118.4367904663086, 82.75112915039062, 43.68840789794922, 70.0632095336914, 76.41246795654297, 37.50247573852539, 29.72278594970703, 39.08143615722656, 38.42574691772461, 55.74585723876953], "y_pred_Pauli": [120.13557434082031, 25.946123123168945, 116.22279357910156, 481.563232421875, 184.86134338378906, 122.66809844970703, 102.3969497680664, 194.69203186035156, 329.147705078125, 12.820762634277344, 379.54278564453125, 531.6787719726562, 138.74595642089844, 288.9081115722656, 286.4427795410156, 80.04859924316406, 192.65374755859375, 363.650146484375, 296.87744140625, 330.69696044921875, 307.1238098144531, 556.9270629882812, 51.69130325317383, 416.052978515625, 145.4701690673828, 437.9811096191406, 198.8352508544922, 176.231689453125, 434.8339538574219, 169.82223510742188, 328.7465515136719, 374.9457092285156, 170.158447265625, 139.8084716796875, 192.75827026367188, 366.87457275390625, 231.90255737304688, 149.49302673339844, 250.76251220703125, 391.1352844238281], "y_pred_elst": [-46.5455436706543, -19.542558670043945, -43.601524353027344, -218.42437744140625, -70.26373291015625, -56.011558532714844, -46.889015197753906, -82.10967254638672, -134.17848205566406, -7.693133354187012, -174.22476196289062, -235.3246307373047, -47.470882415771484, -107.32186126708984, -109.53899383544922, -41.60147476196289, -68.60579681396484, -164.25462341308594, -133.31427001953125, -136.98670959472656, -118.03516387939453, -252.3479766845703, -33.24514389038086, -186.7675018310547, -65.70838928222656, -173.76211547851562, -88.2436752319336, -74.80294799804688, -193.3828125, -65.4776611328125, -136.2642059326172, -172.5809783935547, -76.88922119140625, -52.1248664855957, -69.63544464111328, -159.19528198242188, -102.13680267333984, -71.89192199707031, -103.64744567871094, -150.66798400878906],