{"arm": "xgb28_delta_family", "family": "rgd1", "fold": 0, "member": 4, "n_train": 160, "n_test": 40, "reaction_ids": ["rgd1_MR_575804_2", "rgd1_MR_149414_0", "rgd1_MR_408026_1", "rgd1_MR_190697_1", "rgd1_MR_172882_0", "rgd1_MR_112532_1", "rgd1_MR_312540_1", "rgd1_MR_64761_1", "rgd1_MR_564332_1", "rgd1_MR_240945_0", "rgd1_MR_137269_0", "rgd1_MR_664940_0", "rgd1_MR_374694_1", "rgd1_MR_146056_1", "rgd1_MR_540251_1", "rgd1_MR_8792_0", "rgd1_MR_72009_2", "rgd1_MR_171993_0", "rgd1_MR_520623_1", "rgd1_MR_211817_1", "rgd1_MR_433076_0", "rgd1_MR_702684_1", "rgd1_MR_587931_1", "rgd1_MR_475113_0", "rgd1_MR_698301_2", "rgd1_MR_576064_2", "rgd1_MR_14924_0", "rgd1_MR_85496_1", "rgd1_MR_557598_0", "rgd1_MR_63212_0", "rgd1_MR_30485_0", "rgd1_MR_285043_0", "rgd1_MR_369786_1", "rgd1_MR_216629_0", "rgd1_MR_114642_2", "rgd1_MR_339525_1", "rgd1_MR_568559_1", "rgd1_MR_498816_0", "rgd1_MR_664116_1", "rgd1_MR_347855_1"], "y_true_strain": [80.2254867553711, 41.4467658996582, 47.91785430908203, 135.00804138183594, 80.96633911132812, 56.49724578857422, 84.32093811035156, 49.80670928955078, 58.25912094116211, 57.99238204956055, 84.11278533935547, 34.79083251953125, 84.1570816040039, 50.76660919189453, 24.04328155517578, 47.710853576660156, 73.07746887207031, 76.52030181884766, 40.81441116333008, 44.06725311279297, 89.2490463256836, 51.58643341064453, 7.645845413208008, 81.62781524658203, 46.243896484375, 89.44857788085938, 50.046546936035156, 18.22590446472168, 76.6251220703125, 99.69696044921875, 156.7575225830078, 79.00757598876953, 55.1285514831543, 90.80712890625, 89.52873992919922, 38.73564910888672, 25.73469352722168, 33.56953811645508, 38.202392578125, 65.38201141357422], "y_true_Pauli": [109.22000122070312, 18.450000762939453, 106.4800033569336, 437.0299987792969, 199.77000427246094, 107.91999816894531, 120.80999755859375, 147.6699981689453, 278.5799865722656, 7.53000020980835, 382.9599914550781, 548.3599853515625, 146.9499969482422, 232.44000244140625, 344.8500061035156, 85.45999908447266, 226.55999755859375, 467.2900085449219, 345.75, 412.489990234375, 316.7099914550781, 545.72998046875, 56.720001220703125, 338.8299865722656, 166.32000732421875, 329.1700134277344, 183.8000030517578, 144.9199981689453, 557.4500122070312, 164.07000732421875, 291.0, 430.25, 131.57000732421875, 109.12999725341797, 200.60000610351562, 429.8299865722656, 297.260009765625, 171.36000061035156, 309.45001220703125, 335.1400146484375], "y_true_elst": [-38.72999954223633, -16.530000686645508, -40.45000076293945, -202.91000366210938, -92.41999816894531, -49.689998626708984, -60.43000030517578, -57.91999816894531, -108.23999786376953, -3.309999942779541, -150.8000030517578, -231.25999450683594, -72.08000183105469, -103.58999633789062, -141.30999755859375, -44.599998474121094, -84.93000030517578, -220.52000427246094, -157.14999389648438, -186.22000122070312, -127.5, -225.3300018310547, -29.600000381469727, -158.3300018310547, -69.8499984741211, -127.0, -68.55999755859375, -69.75, -222.38999938964844, -67.55000305175781, -134.8000030517578, -184.97000122070312, -51.400001525878906, -43.41999816894531, -61.81999969482422, -182.25999450683594, -133.86000061035156, -90.22000122070312, -126.98999786376953, -129.72999572753906], "y_true_oi": [-91.91999816894531, -8.079999923706055, -95.70999908447266, -283.8299865722656, -107.55999755859375, -76.2300033569336, -78.02999877929688, -105.95999908447266, -177.4199981689453, -1.8899999856948853, -235.82000732421875, -301.4700012207031, -100.56999969482422, -138.5, -177.61000061035156, -41.709999084472656, -123.72000122070312, -274.55999755859375, -170.9600067138672, -225.72000122070312, -191.3300018310547, -313.2200012207031, -27.6200008392334, -214.55999755859375, -119.91999816894531, -220.4499969482422, -145.17999267578125, -96.83000183105469, -344.2200012207031, -113.33000183105469, -255.50999450683594, -244.05999755859375, -90.13999938964844, -77.25, -147.75999450683594, -247.33999633789062, -144.0800018310547, -91.5, -170.35000610351562, -205.86000061035156], "y_true_disp": [-6.789999961853027, -2.430000066757202, -2.4600000381469727, -6.840000152587891, -6.239999771118164, -5.059999942779541, -5.380000114440918, -3.5899999141693115, -4.349999904632568, -5.340000152587891, -6.0, -6.510000228881836, -7.150000095367432, -5.570000171661377, -4.590000152587891, -7.28000020980835, -5.159999847412109, -6.880000114440918, -6.989999771118164, -5.860000133514404, -7.449999809265137, -5.179999828338623, -7.960000038146973, -7.820000171661377, -5.079999923706055, -6.849999904632568, -3.680000066757202, -7.860000133514404, -3.7799999713897705, -7.96999979019165, -4.78000020980835, -4.21999979019165, -4.820000171661377, -5.46999979019165, -7.170000076293945, -4.079999923706055, -6.639999866485596, -6.429999828338623, -4.860000133514404, -4.599999904632568], "y_pred_strain": [78.97863006591797, 34.38100814819336, 55.13912582397461, 122.57342529296875, 56.15500259399414, 44.5287971496582, 68.25450134277344, 45.94640350341797, 52.71406936645508, 61.61427307128906, 85.47594451904297, 44.7578239440918, 70.3107681274414, 53.87250518798828, 30.056697845458984, 51.56768035888672, 72.44206237792969, 91.32967376708984, 43.73020553588867, 47.65624237060547, 82.0222396850586, 52.61478042602539, 9.002069473266602, 97.0060043334961, 39.723052978515625, 84.2976303100586, 44.44424819946289, 47.83320236206055, 87.0283432006836, 89.11674499511719, 118.5827407836914, 82.26881408691406, 44.09319305419922, 70.8274917602539, 76.00736236572266, 37.34878158569336, 30.635465621948242, 39.40045928955078, 38.73391342163086, 55.74880599975586], "y_pred_Pauli": [121.36963653564453, 25.564075469970703, 116.12312316894531, 478.40716552734375, 185.71853637695312, 122.93522644042969, 104.52151489257812, 197.3787841796875, 328.0521240234375, 14.549188613891602, 378.2811279296875, 531.14599609375, 140.1206512451172, 288.8622741699219, 287.85137939453125, 80.19921875, 194.77166748046875, 364.5439758300781, 298.0419006347656, 328.01361083984375, 306.41748046875, 557.779052734375, 51.84785079956055, 417.0970764160156, 146.13491821289062, 439.4734802246094, 198.49977111816406, 175.14532470703125, 431.8444519042969, 170.1704864501953, 326.74432373046875, 377.1722106933594, 167.86109924316406, 138.25294494628906, 194.9022674560547, 366.9650573730469, 230.60009765625, 149.21652221679688, 249.67703247070312, 391.2801818847656], "y_pred_elst": [-48.24699783325195, -19.540613174438477, -44.83769607543945, -214.8001708984375, -70.309814453125, -56.984954833984375, -49.64982223510742, -86.39679718017578, -133.58636474609375, -10.685680389404297, -173.6432647705078, -235.29061889648438, -48.447933197021484, -106.10315704345703, -112.22859191894531, -42.89410400390625, -70.3463134765625, -164.66705322265625, -135.25787353515625, -134.2701416015625, -116.70930480957031, -252.8067626953125, -31.619338989257812, -187.24436950683594, -68.03186798095703, -175.86483764648438, -88.53234100341797, -74.63653564453125, -190.19749450683594, -67.86700439453125, -135.1290740966797, -175.1379852294922, -74.99849700927734, -50.19370651245117, -73.10223388671875, -160.01055908203125, -100.33842468261719, -71.40165710449219, -102.6614990234375, -150.7284698486328],