{"arm": "xgb28_delta_family", "family": "rgd1", "fold": 0, "member": 1, "n_train": 160, "n_test": 40, "reaction_ids": ["rgd1_MR_575804_2", "rgd1_MR_149414_0", "rgd1_MR_408026_1", "rgd1_MR_190697_1", "rgd1_MR_172882_0", "rgd1_MR_112532_1", "rgd1_MR_312540_1", "rgd1_MR_64761_1", "rgd1_MR_564332_1", "rgd1_MR_240945_0", "rgd1_MR_137269_0", "rgd1_MR_664940_0", "rgd1_MR_374694_1", "rgd1_MR_146056_1", "rgd1_MR_540251_1", "rgd1_MR_8792_0", "rgd1_MR_72009_2", "rgd1_MR_171993_0", "rgd1_MR_520623_1", "rgd1_MR_211817_1", "rgd1_MR_433076_0", "rgd1_MR_702684_1", "rgd1_MR_587931_1", "rgd1_MR_475113_0", "rgd1_MR_698301_2", "rgd1_MR_576064_2", "rgd1_MR_14924_0", "rgd1_MR_85496_1", "rgd1_MR_557598_0", "rgd1_MR_63212_0", "rgd1_MR_30485_0", "rgd1_MR_285043_0", "rgd1_MR_369786_1", "rgd1_MR_216629_0", "rgd1_MR_114642_2", "rgd1_MR_339525_1", "rgd1_MR_568559_1", "rgd1_MR_498816_0", "rgd1_MR_664116_1", "rgd1_MR_347855_1"], "y_true_strain": [80.2254867553711, 41.4467658996582, 47.91785430908203, 135.00804138183594, 80.96633911132812, 56.49724578857422, 84.32093811035156, 49.80670928955078, 58.25912094116211, 57.99238204956055, 84.11278533935547, 34.79083251953125, 84.1570816040039, 50.76660919189453, 24.04328155517578, 47.710853576660156, 73.07746887207031, 76.52030181884766, 40.81441116333008, 44.06725311279297, 89.2490463256836, 51.58643341064453, 7.645845413208008, 81.62781524658203, 46.243896484375, 89.44857788085938, 50.046546936035156, 18.22590446472168, 76.6251220703125, 99.69696044921875, 156.7575225830078, 79.00757598876953, 55.1285514831543, 90.80712890625, 89.52873992919922, 38.73564910888672, 25.73469352722168, 33.56953811645508, 38.202392578125, 65.38201141357422], "y_true_Pauli": [109.22000122070312, 18.450000762939453, 106.4800033569336, 437.0299987792969, 199.77000427246094, 107.91999816894531, 120.80999755859375, 147.6699981689453, 278.5799865722656, 7.53000020980835, 382.9599914550781, 548.3599853515625, 146.9499969482422, 232.44000244140625, 344.8500061035156, 85.45999908447266, 226.55999755859375, 467.2900085449219, 345.75, 412.489990234375, 316.7099914550781, 545.72998046875, 56.720001220703125, 338.8299865722656, 166.32000732421875, 329.1700134277344, 183.8000030517578, 144.9199981689453, 557.4500122070312, 164.07000732421875, 291.0, 430.25, 131.57000732421875, 109.12999725341797, 200.60000610351562, 429.8299865722656, 297.260009765625, 171.36000061035156, 309.45001220703125, 335.1400146484375], "y_true_elst": [-38.72999954223633, -16.530000686645508, -40.45000076293945, -202.91000366210938, -92.41999816894531, -49.689998626708984, -60.43000030517578, -57.91999816894531, -108.23999786376953, -3.309999942779541, -150.8000030517578, -231.25999450683594, -72.08000183105469, -103.58999633789062, -141.30999755859375, -44.599998474121094, -84.93000030517578, -220.52000427246094, -157.14999389648438, -186.22000122070312, -127.5, -225.3300018310547, -29.600000381469727, -158.3300018310547, -69.8499984741211, -127.0, -68.55999755859375, -69.75, -222.38999938964844, -67.55000305175781, -134.8000030517578, -184.97000122070312, -51.400001525878906, -43.41999816894531, -61.81999969482422, -182.25999450683594, -133.86000061035156, -90.22000122070312, -126.98999786376953, -129.72999572753906], "y_true_oi": [-91.91999816894531, -8.079999923706055, -95.70999908447266, -283.8299865722656, -107.55999755859375, -76.2300033569336, -78.02999877929688, -105.95999908447266, -177.4199981689453, -1.8899999856948853, -235.82000732421875, -301.4700012207031, -100.56999969482422, -138.5, -177.61000061035156, -41.709999084472656, -123.72000122070312, -274.55999755859375, -170.9600067138672, -225.72000122070312, -191.3300018310547, -313.2200012207031, -27.6200008392334, -214.55999755859375, -119.91999816894531, -220.4499969482422, -145.17999267578125, -96.83000183105469, -344.2200012207031, -113.33000183105469, -255.50999450683594, -244.05999755859375, -90.13999938964844, -77.25, -147.75999450683594, -247.33999633789062, -144.0800018310547, -91.5, -170.35000610351562, -205.86000061035156], "y_true_disp": [-6.789999961853027, -2.430000066757202, -2.4600000381469727, -6.840000152587891, -6.239999771118164, -5.059999942779541, -5.380000114440918, -3.5899999141693115, -4.349999904632568, -5.340000152587891, -6.0, -6.510000228881836, -7.150000095367432, -5.570000171661377, -4.590000152587891, -7.28000020980835, -5.159999847412109, -6.880000114440918, -6.989999771118164, -5.860000133514404, -7.449999809265137, -5.179999828338623, -7.960000038146973, -7.820000171661377, -5.079999923706055, -6.849999904632568, -3.680000066757202, -7.860000133514404, -3.7799999713897705, -7.96999979019165, -4.78000020980835, -4.21999979019165, -4.820000171661377, -5.46999979019165, -7.170000076293945, -4.079999923706055, -6.639999866485596, -6.429999828338623, -4.860000133514404, -4.599999904632568], "y_pred_strain": [79.35920715332031, 34.83463668823242, 55.547855377197266, 121.93425750732422, 56.42835998535156, 44.447837829589844, 68.6043472290039, 46.42110824584961, 52.48092269897461, 61.4551887512207, 85.264892578125, 44.94652557373047, 71.01338195800781, 54.452701568603516, 30.35210418701172, 51.149009704589844, 72.92749786376953, 91.77743530273438, 43.06797409057617, 46.917442321777344, 81.98216247558594, 52.902015686035156, 8.757589340209961, 97.00530242919922, 40.091644287109375, 84.23741912841797, 44.89105224609375, 47.72312927246094, 86.88250732421875, 89.37377166748047, 118.93717193603516, 82.71894836425781, 44.27310562133789, 70.43840026855469, 75.06190490722656, 37.63147735595703, 29.40994644165039, 39.627601623535156, 39.057918548583984, 56.04241943359375], "y_pred_Pauli": [120.70175170898438, 25.09706687927246, 117.32916259765625, 479.22808837890625, 183.54930114746094, 123.81053924560547, 103.90135955810547, 197.323486328125, 329.6972351074219, 15.663506507873535, 380.44598388671875, 531.484130859375, 137.7393798828125, 286.0595703125, 288.3762512207031, 82.58585357666016, 192.60643005371094, 362.5416259765625, 299.2757263183594, 329.7455139160156, 305.6187744140625, 556.25341796875, 48.60293960571289, 415.6053771972656, 147.60508728027344, 439.6373596191406, 196.81710815429688, 177.51614379882812, 432.55120849609375, 173.13429260253906, 328.2915954589844, 375.6260681152344, 169.01463317871094, 138.41363525390625, 197.18307495117188, 367.32269287109375, 231.19509887695312, 148.2875518798828, 249.16867065429688, 390.27337646484375], "y_pred_elst": [-47.5933837890625, -18.850753784179688, -45.45730972290039, -215.8716278076172, -68.89494323730469, -57.7671012878418, -49.13185119628906, -85.99259185791016, -135.12998962402344, -11.66821575164795, -175.6630096435547, -235.40066528320312, -46.49872589111328, -104.15267944335938, -112.43672180175781, -45.17964172363281, -68.7689437866211, -163.15170288085938, -136.6511688232422, -136.09632873535156, -116.44911193847656, -251.79025268554688, -29.913719177246094, -186.45672607421875, -68.91758728027344, -176.1423797607422, -86.23866271972656, -76.71317291259766, -190.85394287109375, -70.17770385742188, -136.11190795898438, -173.75941467285156, -75.79795837402344, -50.685768127441406, -75.55956268310547, -160.10708618164062, -101.54592895507812, -70.70616149902344, -101.97561645507812, -149.84271240234375],