{
  "rxn_id": "no2",
  "level": "ZORA-BLYP-D3(BJ)/TZ2P all-electron NOSYM Good (ADF)",
  "E_strain": 15.142335400445404,
  "E_Pauli": 144.87,
  "E_elstat": -67.02,
  "E_oi": -112.11,
  "E_disp": -8.53,
  "E_int": -42.78999999999999,
  "E_int_total_kcal": -42.79,
  "dE_frag_barrier_eda": -27.647664599554588,
  "E_A_TS_kcal": -1077.8267685760904,
  "E_B_TS_kcal": -962.0206157464451,
  "E_A_relax_kcal": -1086.1514170526193,
  "E_B_relax_kcal": -968.8383026703616,
  "dEprep_A_kcal": 8.324648476528864,
  "dEprep_B_kcal": 6.81768692391654
}