{
  "rxn_id": "oh",
  "level": "ZORA-BLYP-D3(BJ)/TZ2P all-electron NOSYM Good (ADF)",
  "E_strain": 15.640131887559392,
  "E_Pauli": 148.4,
  "E_elstat": -68.46,
  "E_oi": -104.35,
  "E_disp": -7.43,
  "E_int": -31.839999999999982,
  "E_int_total_kcal": -31.84,
  "dE_frag_barrier_eda": -16.19986811244059,
  "E_A_TS_kcal": -906.7070245389152,
  "E_B_TS_kcal": -960.3119195852934,
  "E_A_relax_kcal": -913.8099387345463,
  "E_B_relax_kcal": -968.8491372772216,
  "dEprep_A_kcal": 7.102914195631115,
  "dEprep_B_kcal": 8.537217691928277
}