{
  "rxn_id": "nh2",
  "level": "ZORA-BLYP-D3(BJ)/TZ2P all-electron NOSYM Good (ADF)",
  "E_strain": 16.71682844399163,
  "E_Pauli": 162.22,
  "E_elstat": -75.25,
  "E_oi": -112.54,
  "E_disp": -7.7,
  "E_int": -33.27000000000001,
  "E_int_total_kcal": -33.27,
  "dE_frag_barrier_eda": -16.55317155600838,
  "E_A_TS_kcal": -1023.46720482326,
  "E_B_TS_kcal": -959.1860615280517,
  "E_A_relax_kcal": -1030.5220805574995,
  "E_B_relax_kcal": -968.8480142378038,
  "dEprep_A_kcal": 7.054875734239545,
  "dEprep_B_kcal": 9.661952709752086
}