{"arm": "xgb28_delta_family", "family": "dipolar", "fold": 0, "member": 2, "n_train": 157, "n_test": 40, "reaction_ids": ["dipolar_004439", "dipolar_000876", "dipolar_004652", "dipolar_000502", "dipolar_005952", "dipolar_000084", "dipolar_000900", "dipolar_001323", "dipolar_002814", "dipolar_000411", "dipolar_005748", "dipolar_005320", "dipolar_005662", "dipolar_004557", "dipolar_001418", "dipolar_003211", "dipolar_003549", "dipolar_000517", "dipolar_002247", "dipolar_003151", "dipolar_001189", "dipolar_001785", "dipolar_002952", "dipolar_004837", "dipolar_002882", "dipolar_000514", "dipolar_002805", "dipolar_002782", "dipolar_004845", "dipolar_004038", "dipolar_003868", "dipolar_001833", "dipolar_001298", "dipolar_000133", "dipolar_003575", "dipolar_004494", "dipolar_003450", "dipolar_001958", "dipolar_002277", "dipolar_004654"], "y_true_strain": [3.9483566284179688, 107.3460922241211, 10.835193634033203, 0.623408854007721, 39.27508544921875, 16.898529052734375, 6.151931285858154, 11.007081985473633, 29.751399993896484, 65.8569107055664, 36.1191291809082, 15.170219421386719, 7.061034679412842, 4.180545806884766, 9.480481147766113, 90.93773651123047, 7.201085090637207, 109.47134399414062, 94.38211822509766, 20.833356857299805, 1.7157347202301025, 7.961719036102295, 42.94517135620117, 3.525880813598633, 51.183929443359375, 46.78465270996094, 87.75745391845703, 91.93025207519531, 10.431319236755371, 37.26410675048828, 13.688922882080078, 67.59387969970703, 10.340230941772461, 5.198826313018799, 66.57282257080078, 64.36212158203125, 93.92389678955078, 12.894988059997559, 39.30647659301758, 8.187299728393555], "y_true_Pauli": [70.93000030517578, 297.0400085449219, 66.58999633789062, 27.579999923706055, 80.77999877929688, 21.75, 31.020000457763672, 44.06999969482422, 203.25999450683594, 229.85000610351562, 65.37000274658203, 61.25, 30.450000762939453, 36.720001220703125, 47.33000183105469, 301.1099853515625, 28.040000915527344, 486.20001220703125, 295.3800048828125, 69.73999786376953, 33.560001373291016, 42.4900016784668, 91.68000030517578, 44.86000061035156, 132.3699951171875, 220.4499969482422, 236.47999572753906, 318.6199951171875, 47.54999923706055, 142.89999389648438, 41.630001068115234, 181.17999267578125, 66.87999725341797, 31.139999389648438, 299.2699890136719, 221.1199951171875, 287.7200012207031, 56.959999084472656, 135.4600067138672, 46.95000076293945], "y_true_elst": [-30.90999984741211, -161.83999633789062, -38.33000183105469, -13.510000228881836, -43.27000045776367, -10.1899995803833, -14.470000267028809, -21.979999542236328, -99.11000061035156, -106.7300033569336, -31.649999618530273, -26.510000228881836, -13.5, -16.889999389648438, -22.34000015258789, -152.0, -12.989999771118164, -232.0, -147.10000610351562, -33.56999969482422, -14.619999885559082, -19.780000686645508, -41.27000045776367, -14.470000267028809, -71.43000030517578, -108.48999786376953, -120.06999969482422, -165.52999877929688, -22.559999465942383, -70.69999694824219, -15.680000305175781, -96.87999725341797, -32.2400016784668, -15.9399995803833, -144.50999450683594, -113.29000091552734, -137.5399932861328, -27.600000381469727, -69.2699966430664, -21.920000076293945], "y_true_oi": [-68.33999633789062, -219.8800048828125, -21.139999389648438, -7.559999942779541, -32.81999969482422, -4.429999828338623, -5.599999904632568, -10.880000114440918, -109.88999938964844, -166.13999938964844, -24.25, -14.5600004196167, -8.420000076293945, -8.109999656677246, -13.680000305175781, -198.5500030517578, -6.400000095367432, -328.75, -220.60000610351562, -19.25, -8.970000267028809, -10.739999771118164, -33.08000183105469, -51.11000061035156, -104.58999633789062, -162.75, -168.77000427246094, -220.22999572753906, -11.279999732971191, -98.05999755859375, -41.970001220703125, -130.16000366210938, -16.81999969482422, -7.210000038146973, -209.3000030517578, -162.88999938964844, -282.04998779296875, -12.880000114440918, -85.38999938964844, -11.170000076293945], "y_true_disp": [-19.0, -18.860000610351562, -21.489999771118164, -10.729999542236328, -27.75, -9.399999618530273, -16.6299991607666, -19.34000015258789, -27.81999969482422, -17.170000076293945, -26.209999084472656, -22.90999984741211, -18.850000381469727, -19.200000762939453, -20.690000534057617, -44.22999954223633, -13.699999809265137, -19.270000457763672, -20.959999084472656, -27.260000228881836, -13.65999984741211, -18.959999084472656, -35.45000076293945, -17.440000534057617, -22.65999984741211, -15.84000015258789, -30.709999084472656, -23.809999465942383, -18.18000030517578, -14.399999618530273, -14.0600004196167, -15.819999694824219, -23.290000915527344, -8.479999542236328, -10.6899995803833, -14.989999771118164, -11.699999809265137, -21.65999984741211, -15.279999732971191, -17.600000381469727], "y_pred_strain": [10.329157829284668, 89.23636627197266, 10.180124282836914, 7.773024559020996, 23.862747192382812, 8.60781192779541, 7.7054290771484375, 10.830415725708008, 58.214019775390625, 65.28478240966797, 27.46379852294922, 16.069894790649414, 13.206549644470215, 7.739150047302246, 14.421560287475586, 93.49372863769531, 9.388593673706055, 101.1092300415039, 92.87129974365234, 17.667573928833008, 5.683730602264404, 17.16100311279297, 30.881120681762695, 5.886585235595703, 60.284278869628906, 49.895450592041016, 81.41374206542969, 83.89195251464844, 8.161127090454102, 43.457427978515625, 6.409972190856934, 63.86943435668945, 11.110772132873535, 4.4028520584106445, 80.70256042480469, 71.32362365722656, 101.39258575439453, 9.766988754272461, 44.434112548828125, 8.992491722106934], "y_pred_Pauli": [105.26002502441406, 280.3638916015625, 59.77919006347656, 28.833744049072266, 102.79093933105469, 29.60873031616211, 32.715518951416016, 48.80030822753906, 156.51304626464844, 207.74664306640625, 59.38508987426758, 46.16954040527344, 38.87275314331055, 33.02265548706055, 41.747772216796875, 339.25860595703125, 30.67587661743164, 493.6039123535156, 264.210205078125, 56.79179000854492, 35.25994110107422, 33.33089065551758, 80.28668212890625, 62.739784240722656, 173.09300231933594, 225.31195068359375, 248.65025329589844, 329.5090637207031, 41.340293884277344, 124.10176086425781, 47.79939651489258, 203.145263671875, 60.30774688720703, 27.49043846130371, 243.76145935058594, 243.15032958984375, 309.82171630859375, 42.14914321899414, 119.75074005126953, 45.16444778442383], "y_pred_elst": [-55.74868392944336, -145.12689208984375, -37.28636932373047, -15.60920524597168, -47.291107177734375, -15.013833999633789, -16.92758560180664, -23.26239013671875, -74.2632827758789, -101.5194320678711, -34.410621643066406, -17.7899169921875, -17.100252151489258, -15.267545700073242, -19.82115936279297, -165.2666473388672, -13.601895332336426, -222.08843994140625, -137.4787139892578, -25.643526077270508, -15.911412239074707, -6.874999523162842, -34.177921295166016, -24.784526824951172, -88.5981674194336, -112.6044692993164, -133.5484619140625, -150.5185089111328, -19.693660736083984, -64.1065673828125, -20.107791900634766, -98.3951644897461, -27.241046905517578, -14.120078086853027, -120.7066421508789, -124.50181579589844, -147.82583618164062, -20.474651336669922, -59.79926681518555, -21.583742141723633],