{"arm": "xgb28_delta_family", "family": "dipolar", "fold": 0, "member": 4, "n_train": 157, "n_test": 40, "reaction_ids": ["dipolar_004439", "dipolar_000876", "dipolar_004652", "dipolar_000502", "dipolar_005952", "dipolar_000084", "dipolar_000900", "dipolar_001323", "dipolar_002814", "dipolar_000411", "dipolar_005748", "dipolar_005320", "dipolar_005662", "dipolar_004557", "dipolar_001418", "dipolar_003211", "dipolar_003549", "dipolar_000517", "dipolar_002247", "dipolar_003151", "dipolar_001189", "dipolar_001785", "dipolar_002952", "dipolar_004837", "dipolar_002882", "dipolar_000514", "dipolar_002805", "dipolar_002782", "dipolar_004845", "dipolar_004038", "dipolar_003868", "dipolar_001833", "dipolar_001298", "dipolar_000133", "dipolar_003575", "dipolar_004494", "dipolar_003450", "dipolar_001958", "dipolar_002277", "dipolar_004654"], "y_true_strain": [3.9483566284179688, 107.3460922241211, 10.835193634033203, 0.623408854007721, 39.27508544921875, 16.898529052734375, 6.151931285858154, 11.007081985473633, 29.751399993896484, 65.8569107055664, 36.1191291809082, 15.170219421386719, 7.061034679412842, 4.180545806884766, 9.480481147766113, 90.93773651123047, 7.201085090637207, 109.47134399414062, 94.38211822509766, 20.833356857299805, 1.7157347202301025, 7.961719036102295, 42.94517135620117, 3.525880813598633, 51.183929443359375, 46.78465270996094, 87.75745391845703, 91.93025207519531, 10.431319236755371, 37.26410675048828, 13.688922882080078, 67.59387969970703, 10.340230941772461, 5.198826313018799, 66.57282257080078, 64.36212158203125, 93.92389678955078, 12.894988059997559, 39.30647659301758, 8.187299728393555], "y_true_Pauli": [70.93000030517578, 297.0400085449219, 66.58999633789062, 27.579999923706055, 80.77999877929688, 21.75, 31.020000457763672, 44.06999969482422, 203.25999450683594, 229.85000610351562, 65.37000274658203, 61.25, 30.450000762939453, 36.720001220703125, 47.33000183105469, 301.1099853515625, 28.040000915527344, 486.20001220703125, 295.3800048828125, 69.73999786376953, 33.560001373291016, 42.4900016784668, 91.68000030517578, 44.86000061035156, 132.3699951171875, 220.4499969482422, 236.47999572753906, 318.6199951171875, 47.54999923706055, 142.89999389648438, 41.630001068115234, 181.17999267578125, 66.87999725341797, 31.139999389648438, 299.2699890136719, 221.1199951171875, 287.7200012207031, 56.959999084472656, 135.4600067138672, 46.95000076293945], "y_true_elst": [-30.90999984741211, -161.83999633789062, -38.33000183105469, -13.510000228881836, -43.27000045776367, -10.1899995803833, -14.470000267028809, -21.979999542236328, -99.11000061035156, -106.7300033569336, -31.649999618530273, -26.510000228881836, -13.5, -16.889999389648438, -22.34000015258789, -152.0, -12.989999771118164, -232.0, -147.10000610351562, -33.56999969482422, -14.619999885559082, -19.780000686645508, -41.27000045776367, -14.470000267028809, -71.43000030517578, -108.48999786376953, -120.06999969482422, -165.52999877929688, -22.559999465942383, -70.69999694824219, -15.680000305175781, -96.87999725341797, -32.2400016784668, -15.9399995803833, -144.50999450683594, -113.29000091552734, -137.5399932861328, -27.600000381469727, -69.2699966430664, -21.920000076293945], "y_true_oi": [-68.33999633789062, -219.8800048828125, -21.139999389648438, -7.559999942779541, -32.81999969482422, -4.429999828338623, -5.599999904632568, -10.880000114440918, -109.88999938964844, -166.13999938964844, -24.25, -14.5600004196167, -8.420000076293945, -8.109999656677246, -13.680000305175781, -198.5500030517578, -6.400000095367432, -328.75, -220.60000610351562, -19.25, -8.970000267028809, -10.739999771118164, -33.08000183105469, -51.11000061035156, -104.58999633789062, -162.75, -168.77000427246094, -220.22999572753906, -11.279999732971191, -98.05999755859375, -41.970001220703125, -130.16000366210938, -16.81999969482422, -7.210000038146973, -209.3000030517578, -162.88999938964844, -282.04998779296875, -12.880000114440918, -85.38999938964844, -11.170000076293945], "y_true_disp": [-19.0, -18.860000610351562, -21.489999771118164, -10.729999542236328, -27.75, -9.399999618530273, -16.6299991607666, -19.34000015258789, -27.81999969482422, -17.170000076293945, -26.209999084472656, -22.90999984741211, -18.850000381469727, -19.200000762939453, -20.690000534057617, -44.22999954223633, -13.699999809265137, -19.270000457763672, -20.959999084472656, -27.260000228881836, -13.65999984741211, -18.959999084472656, -35.45000076293945, -17.440000534057617, -22.65999984741211, -15.84000015258789, -30.709999084472656, -23.809999465942383, -18.18000030517578, -14.399999618530273, -14.0600004196167, -15.819999694824219, -23.290000915527344, -8.479999542236328, -10.6899995803833, -14.989999771118164, -11.699999809265137, -21.65999984741211, -15.279999732971191, -17.600000381469727], "y_pred_strain": [10.098409652709961, 88.26073455810547, 11.951841354370117, 4.4805378913879395, 24.70575523376465, 9.798412322998047, 7.105340003967285, 12.309012413024902, 57.916080474853516, 65.36811828613281, 28.77422332763672, 18.34929847717285, 13.420126914978027, 8.957468032836914, 13.028626441955566, 93.28713989257812, 9.513771057128906, 102.29389953613281, 90.98531341552734, 16.603010177612305, 4.941935062408447, 18.376882553100586, 32.06589889526367, 4.587063789367676, 58.42520523071289, 51.32716369628906, 80.57022094726562, 82.72428131103516, 8.778848648071289, 44.60636520385742, 7.199722766876221, 62.25102615356445, 11.89455509185791, 4.988915920257568, 77.56706237792969, 71.08455657958984, 101.632568359375, 9.603239059448242, 42.88559341430664, 10.202238082885742], "y_pred_Pauli": [105.4384765625, 279.8422546386719, 58.93876266479492, 27.914335250854492, 103.9113540649414, 28.864948272705078, 32.200931549072266, 48.499168395996094, 155.55001831054688, 208.6165313720703, 60.03144836425781, 45.616783142089844, 37.923583984375, 33.11655044555664, 42.191349029541016, 339.05487060546875, 30.125347137451172, 493.5306396484375, 265.7492980957031, 56.03459930419922, 34.46449661254883, 32.50448989868164, 80.73082733154297, 62.50007247924805, 172.3656463623047, 225.53395080566406, 248.57528686523438, 328.7129821777344, 41.084232330322266, 123.65489196777344, 48.731224060058594, 202.34117126464844, 60.34469223022461, 26.92324447631836, 242.83294677734375, 242.65945434570312, 310.068115234375, 41.181217193603516, 118.89459228515625, 44.182708740234375], "y_pred_elst": [-56.03872299194336, -145.4702911376953, -36.81399917602539, -16.416378021240234, -47.989112854003906, -14.711108207702637, -17.06902313232422, -22.920164108276367, -74.45785522460938, -102.17640686035156, -34.670448303222656, -17.18451690673828, -17.148780822753906, -15.231890678405762, -20.521244049072266, -165.41062927246094, -13.661714553833008, -222.0075225830078, -139.04652404785156, -25.91429901123047, -16.086252212524414, -6.578108787536621, -34.29983139038086, -25.103565216064453, -89.05730438232422, -112.51858520507812, -133.86590576171875, -150.86688232421875, -19.66536521911621, -63.84146499633789, -20.646528244018555, -98.80571746826172, -27.233562469482422, -13.928271293640137, -121.49490356445312, -124.5990982055664, -148.01309204101562, -20.621355056762695, -60.237548828125, -21.359006881713867],