{"arm": "xgb28_delta_family", "family": "dipolar", "fold": 0, "member": 0, "n_train": 157, "n_test": 40, "reaction_ids": ["dipolar_004439", "dipolar_000876", "dipolar_004652", "dipolar_000502", "dipolar_005952", "dipolar_000084", "dipolar_000900", "dipolar_001323", "dipolar_002814", "dipolar_000411", "dipolar_005748", "dipolar_005320", "dipolar_005662", "dipolar_004557", "dipolar_001418", "dipolar_003211", "dipolar_003549", "dipolar_000517", "dipolar_002247", "dipolar_003151", "dipolar_001189", "dipolar_001785", "dipolar_002952", "dipolar_004837", "dipolar_002882", "dipolar_000514", "dipolar_002805", "dipolar_002782", "dipolar_004845", "dipolar_004038", "dipolar_003868", "dipolar_001833", "dipolar_001298", "dipolar_000133", "dipolar_003575", "dipolar_004494", "dipolar_003450", "dipolar_001958", "dipolar_002277", "dipolar_004654"], "y_true_strain": [3.9483566284179688, 107.3460922241211, 10.835193634033203, 0.623408854007721, 39.27508544921875, 16.898529052734375, 6.151931285858154, 11.007081985473633, 29.751399993896484, 65.8569107055664, 36.1191291809082, 15.170219421386719, 7.061034679412842, 4.180545806884766, 9.480481147766113, 90.93773651123047, 7.201085090637207, 109.47134399414062, 94.38211822509766, 20.833356857299805, 1.7157347202301025, 7.961719036102295, 42.94517135620117, 3.525880813598633, 51.183929443359375, 46.78465270996094, 87.75745391845703, 91.93025207519531, 10.431319236755371, 37.26410675048828, 13.688922882080078, 67.59387969970703, 10.340230941772461, 5.198826313018799, 66.57282257080078, 64.36212158203125, 93.92389678955078, 12.894988059997559, 39.30647659301758, 8.187299728393555], "y_true_Pauli": [70.93000030517578, 297.0400085449219, 66.58999633789062, 27.579999923706055, 80.77999877929688, 21.75, 31.020000457763672, 44.06999969482422, 203.25999450683594, 229.85000610351562, 65.37000274658203, 61.25, 30.450000762939453, 36.720001220703125, 47.33000183105469, 301.1099853515625, 28.040000915527344, 486.20001220703125, 295.3800048828125, 69.73999786376953, 33.560001373291016, 42.4900016784668, 91.68000030517578, 44.86000061035156, 132.3699951171875, 220.4499969482422, 236.47999572753906, 318.6199951171875, 47.54999923706055, 142.89999389648438, 41.630001068115234, 181.17999267578125, 66.87999725341797, 31.139999389648438, 299.2699890136719, 221.1199951171875, 287.7200012207031, 56.959999084472656, 135.4600067138672, 46.95000076293945], "y_true_elst": [-30.90999984741211, -161.83999633789062, -38.33000183105469, -13.510000228881836, -43.27000045776367, -10.1899995803833, -14.470000267028809, -21.979999542236328, -99.11000061035156, -106.7300033569336, -31.649999618530273, -26.510000228881836, -13.5, -16.889999389648438, -22.34000015258789, -152.0, -12.989999771118164, -232.0, -147.10000610351562, -33.56999969482422, -14.619999885559082, -19.780000686645508, -41.27000045776367, -14.470000267028809, -71.43000030517578, -108.48999786376953, -120.06999969482422, -165.52999877929688, -22.559999465942383, -70.69999694824219, -15.680000305175781, -96.87999725341797, -32.2400016784668, -15.9399995803833, -144.50999450683594, -113.29000091552734, -137.5399932861328, -27.600000381469727, -69.2699966430664, -21.920000076293945], "y_true_oi": [-68.33999633789062, -219.8800048828125, -21.139999389648438, -7.559999942779541, -32.81999969482422, -4.429999828338623, -5.599999904632568, -10.880000114440918, -109.88999938964844, -166.13999938964844, -24.25, -14.5600004196167, -8.420000076293945, -8.109999656677246, -13.680000305175781, -198.5500030517578, -6.400000095367432, -328.75, -220.60000610351562, -19.25, -8.970000267028809, -10.739999771118164, -33.08000183105469, -51.11000061035156, -104.58999633789062, -162.75, -168.77000427246094, -220.22999572753906, -11.279999732971191, -98.05999755859375, -41.970001220703125, -130.16000366210938, -16.81999969482422, -7.210000038146973, -209.3000030517578, -162.88999938964844, -282.04998779296875, -12.880000114440918, -85.38999938964844, -11.170000076293945], "y_true_disp": [-19.0, -18.860000610351562, -21.489999771118164, -10.729999542236328, -27.75, -9.399999618530273, -16.6299991607666, -19.34000015258789, -27.81999969482422, -17.170000076293945, -26.209999084472656, -22.90999984741211, -18.850000381469727, -19.200000762939453, -20.690000534057617, -44.22999954223633, -13.699999809265137, -19.270000457763672, -20.959999084472656, -27.260000228881836, -13.65999984741211, -18.959999084472656, -35.45000076293945, -17.440000534057617, -22.65999984741211, -15.84000015258789, -30.709999084472656, -23.809999465942383, -18.18000030517578, -14.399999618530273, -14.0600004196167, -15.819999694824219, -23.290000915527344, -8.479999542236328, -10.6899995803833, -14.989999771118164, -11.699999809265137, -21.65999984741211, -15.279999732971191, -17.600000381469727], "y_pred_strain": [10.734206199645996, 89.17594146728516, 10.081850051879883, 7.471850872039795, 25.083229064941406, 7.806077003479004, 6.993976593017578, 10.038586616516113, 58.255340576171875, 66.302734375, 27.507068634033203, 16.62810707092285, 13.16705322265625, 8.34852123260498, 14.307641983032227, 94.07884216308594, 9.317571640014648, 101.12008666992188, 94.00223541259766, 17.77110481262207, 5.183391571044922, 17.117082595825195, 31.561315536499023, 6.1718974113464355, 60.21501541137695, 50.65034484863281, 81.82457733154297, 83.78546142578125, 7.833667755126953, 44.62577438354492, 6.760400772094727, 63.675655364990234, 10.90188217163086, 3.78190279006958, 80.60411834716797, 71.20013427734375, 101.54961395263672, 9.798322677612305, 44.45534896850586, 8.900311470031738], "y_pred_Pauli": [105.39950561523438, 280.25006103515625, 59.60214614868164, 28.560380935668945, 103.20796203613281, 29.702917098999023, 32.85514831542969, 49.26094436645508, 156.1185302734375, 208.00941467285156, 60.23370361328125, 45.940452575683594, 38.52705383300781, 33.07188034057617, 42.29899597167969, 339.03125, 30.58294677734375, 493.8518981933594, 264.8254699707031, 56.45315170288086, 35.137569427490234, 33.08945083618164, 80.55944061279297, 62.58515930175781, 172.8243408203125, 225.3870391845703, 248.56260681152344, 329.2300109863281, 41.583438873291016, 123.41356658935547, 48.62073516845703, 202.88914489746094, 60.7264404296875, 27.55400848388672, 243.41127014160156, 243.0750732421875, 310.12481689453125, 41.76201248168945, 119.39004516601562, 44.85590744018555], "y_pred_elst": [-55.716285705566406, -145.30123901367188, -37.44828796386719, -15.855807304382324, -46.89908981323242, -15.244236946105957, -17.170703887939453, -23.644145965576172, -74.4813232421875, -101.13236999511719, -34.88737869262695, -17.5749568939209, -17.309711456298828, -15.073206901550293, -20.168611526489258, -165.03565979003906, -13.732548713684082, -222.256103515625, -137.2515869140625, -25.764667510986328, -16.104713439941406, -7.01287841796875, -34.021907806396484, -24.71451187133789, -88.75885009765625, -112.31051635742188, -133.42059326171875, -150.71517944335938, -19.987119674682617, -63.38401794433594, -20.44525909423828, -98.58619689941406, -27.544822692871094, -14.286181449890137, -120.9476547241211, -124.64865112304688, -147.89981079101562, -20.687124252319336, -59.9915657043457, -21.787620544433594],