{"arm": "xgb28_delta_family", "family": "dipolar", "fold": 0, "member": 3, "n_train": 157, "n_test": 40, "reaction_ids": ["dipolar_004439", "dipolar_000876", "dipolar_004652", "dipolar_000502", "dipolar_005952", "dipolar_000084", "dipolar_000900", "dipolar_001323", "dipolar_002814", "dipolar_000411", "dipolar_005748", "dipolar_005320", "dipolar_005662", "dipolar_004557", "dipolar_001418", "dipolar_003211", "dipolar_003549", "dipolar_000517", "dipolar_002247", "dipolar_003151", "dipolar_001189", "dipolar_001785", "dipolar_002952", "dipolar_004837", "dipolar_002882", "dipolar_000514", "dipolar_002805", "dipolar_002782", "dipolar_004845", "dipolar_004038", "dipolar_003868", "dipolar_001833", "dipolar_001298", "dipolar_000133", "dipolar_003575", "dipolar_004494", "dipolar_003450", "dipolar_001958", "dipolar_002277", "dipolar_004654"], "y_true_strain": [3.9483566284179688, 107.3460922241211, 10.835193634033203, 0.623408854007721, 39.27508544921875, 16.898529052734375, 6.151931285858154, 11.007081985473633, 29.751399993896484, 65.8569107055664, 36.1191291809082, 15.170219421386719, 7.061034679412842, 4.180545806884766, 9.480481147766113, 90.93773651123047, 7.201085090637207, 109.47134399414062, 94.38211822509766, 20.833356857299805, 1.7157347202301025, 7.961719036102295, 42.94517135620117, 3.525880813598633, 51.183929443359375, 46.78465270996094, 87.75745391845703, 91.93025207519531, 10.431319236755371, 37.26410675048828, 13.688922882080078, 67.59387969970703, 10.340230941772461, 5.198826313018799, 66.57282257080078, 64.36212158203125, 93.92389678955078, 12.894988059997559, 39.30647659301758, 8.187299728393555], "y_true_Pauli": [70.93000030517578, 297.0400085449219, 66.58999633789062, 27.579999923706055, 80.77999877929688, 21.75, 31.020000457763672, 44.06999969482422, 203.25999450683594, 229.85000610351562, 65.37000274658203, 61.25, 30.450000762939453, 36.720001220703125, 47.33000183105469, 301.1099853515625, 28.040000915527344, 486.20001220703125, 295.3800048828125, 69.73999786376953, 33.560001373291016, 42.4900016784668, 91.68000030517578, 44.86000061035156, 132.3699951171875, 220.4499969482422, 236.47999572753906, 318.6199951171875, 47.54999923706055, 142.89999389648438, 41.630001068115234, 181.17999267578125, 66.87999725341797, 31.139999389648438, 299.2699890136719, 221.1199951171875, 287.7200012207031, 56.959999084472656, 135.4600067138672, 46.95000076293945], "y_true_elst": [-30.90999984741211, -161.83999633789062, -38.33000183105469, -13.510000228881836, -43.27000045776367, -10.1899995803833, -14.470000267028809, -21.979999542236328, -99.11000061035156, -106.7300033569336, -31.649999618530273, -26.510000228881836, -13.5, -16.889999389648438, -22.34000015258789, -152.0, -12.989999771118164, -232.0, -147.10000610351562, -33.56999969482422, -14.619999885559082, -19.780000686645508, -41.27000045776367, -14.470000267028809, -71.43000030517578, -108.48999786376953, -120.06999969482422, -165.52999877929688, -22.559999465942383, -70.69999694824219, -15.680000305175781, -96.87999725341797, -32.2400016784668, -15.9399995803833, -144.50999450683594, -113.29000091552734, -137.5399932861328, -27.600000381469727, -69.2699966430664, -21.920000076293945], "y_true_oi": [-68.33999633789062, -219.8800048828125, -21.139999389648438, -7.559999942779541, -32.81999969482422, -4.429999828338623, -5.599999904632568, -10.880000114440918, -109.88999938964844, -166.13999938964844, -24.25, -14.5600004196167, -8.420000076293945, -8.109999656677246, -13.680000305175781, -198.5500030517578, -6.400000095367432, -328.75, -220.60000610351562, -19.25, -8.970000267028809, -10.739999771118164, -33.08000183105469, -51.11000061035156, -104.58999633789062, -162.75, -168.77000427246094, -220.22999572753906, -11.279999732971191, -98.05999755859375, -41.970001220703125, -130.16000366210938, -16.81999969482422, -7.210000038146973, -209.3000030517578, -162.88999938964844, -282.04998779296875, -12.880000114440918, -85.38999938964844, -11.170000076293945], "y_true_disp": [-19.0, -18.860000610351562, -21.489999771118164, -10.729999542236328, -27.75, -9.399999618530273, -16.6299991607666, -19.34000015258789, -27.81999969482422, -17.170000076293945, -26.209999084472656, -22.90999984741211, -18.850000381469727, -19.200000762939453, -20.690000534057617, -44.22999954223633, -13.699999809265137, -19.270000457763672, -20.959999084472656, -27.260000228881836, -13.65999984741211, -18.959999084472656, -35.45000076293945, -17.440000534057617, -22.65999984741211, -15.84000015258789, -30.709999084472656, -23.809999465942383, -18.18000030517578, -14.399999618530273, -14.0600004196167, -15.819999694824219, -23.290000915527344, -8.479999542236328, -10.6899995803833, -14.989999771118164, -11.699999809265137, -21.65999984741211, -15.279999732971191, -17.600000381469727], "y_pred_strain": [11.443809509277344, 90.41461944580078, 10.686629295349121, 7.949229717254639, 24.95046043395996, 9.170034408569336, 8.027593612670898, 10.896743774414062, 58.640052795410156, 66.02861022949219, 27.6906681060791, 16.393657684326172, 13.496063232421875, 8.713132858276367, 14.136147499084473, 93.83598327636719, 9.658472061157227, 101.42778015136719, 94.20145416259766, 17.85572052001953, 5.808792591094971, 17.74798583984375, 30.785869598388672, 6.1054487228393555, 60.57779312133789, 50.413692474365234, 81.66898345947266, 84.0650405883789, 8.426163673400879, 43.72754669189453, 6.121567726135254, 64.09416961669922, 11.155485153198242, 4.100888252258301, 81.06492614746094, 71.4593505859375, 101.23333740234375, 10.164702415466309, 44.552391052246094, 9.316522598266602], "y_pred_Pauli": [106.08475494384766, 280.0397033691406, 58.90751266479492, 26.938989639282227, 104.8307113647461, 28.831466674804688, 31.989877700805664, 48.5457763671875, 154.91433715820312, 209.24490356445312, 60.50301742553711, 45.89304733276367, 37.227027893066406, 33.77928924560547, 41.9367790222168, 339.1017150878906, 29.78852653503418, 493.7333984375, 266.5579528808594, 55.425514221191406, 33.812679290771484, 32.44253158569336, 80.96471405029297, 62.376976013183594, 171.80406188964844, 226.11729431152344, 248.5473175048828, 327.95355224609375, 41.05183792114258, 123.62770080566406, 48.909183502197266, 201.65536499023438, 60.4127082824707, 26.229206085205078, 242.0463409423828, 242.282470703125, 310.0751953125, 40.55184555053711, 117.98297882080078, 43.65399169921875], "y_pred_elst": [-55.70553207397461, -144.9750213623047, -37.2407112121582, -15.638076782226562, -47.88658142089844, -14.944121360778809, -16.922163009643555, -23.409496307373047, -74.29920959472656, -102.00587463378906, -35.09148406982422, -17.920644760131836, -17.118080139160156, -15.340933799743652, -20.319711685180664, -165.38235473632812, -13.669358253479004, -222.33872985839844, -138.06478881835938, -25.652816772460938, -15.908623695373535, -6.82834529876709, -34.78839111328125, -24.82503318786621, -88.59892272949219, -112.88459014892578, -133.67495727539062, -150.53909301757812, -19.8248291015625, -64.14240264892578, -21.0579776763916, -98.39921569824219, -27.531118392944336, -14.103785514831543, -120.74939727783203, -124.54249572753906, -148.2258758544922, -20.507719039916992, -59.81539535522461, -21.595842361450195],