{"arm": "xgb28_delta_family", "family": "dipolar", "fold": 0, "member": 1, "n_train": 157, "n_test": 40, "reaction_ids": ["dipolar_004439", "dipolar_000876", "dipolar_004652", "dipolar_000502", "dipolar_005952", "dipolar_000084", "dipolar_000900", "dipolar_001323", "dipolar_002814", "dipolar_000411", "dipolar_005748", "dipolar_005320", "dipolar_005662", "dipolar_004557", "dipolar_001418", "dipolar_003211", "dipolar_003549", "dipolar_000517", "dipolar_002247", "dipolar_003151", "dipolar_001189", "dipolar_001785", "dipolar_002952", "dipolar_004837", "dipolar_002882", "dipolar_000514", "dipolar_002805", "dipolar_002782", "dipolar_004845", "dipolar_004038", "dipolar_003868", "dipolar_001833", "dipolar_001298", "dipolar_000133", "dipolar_003575", "dipolar_004494", "dipolar_003450", "dipolar_001958", "dipolar_002277", "dipolar_004654"], "y_true_strain": [3.9483566284179688, 107.3460922241211, 10.835193634033203, 0.623408854007721, 39.27508544921875, 16.898529052734375, 6.151931285858154, 11.007081985473633, 29.751399993896484, 65.8569107055664, 36.1191291809082, 15.170219421386719, 7.061034679412842, 4.180545806884766, 9.480481147766113, 90.93773651123047, 7.201085090637207, 109.47134399414062, 94.38211822509766, 20.833356857299805, 1.7157347202301025, 7.961719036102295, 42.94517135620117, 3.525880813598633, 51.183929443359375, 46.78465270996094, 87.75745391845703, 91.93025207519531, 10.431319236755371, 37.26410675048828, 13.688922882080078, 67.59387969970703, 10.340230941772461, 5.198826313018799, 66.57282257080078, 64.36212158203125, 93.92389678955078, 12.894988059997559, 39.30647659301758, 8.187299728393555], "y_true_Pauli": [70.93000030517578, 297.0400085449219, 66.58999633789062, 27.579999923706055, 80.77999877929688, 21.75, 31.020000457763672, 44.06999969482422, 203.25999450683594, 229.85000610351562, 65.37000274658203, 61.25, 30.450000762939453, 36.720001220703125, 47.33000183105469, 301.1099853515625, 28.040000915527344, 486.20001220703125, 295.3800048828125, 69.73999786376953, 33.560001373291016, 42.4900016784668, 91.68000030517578, 44.86000061035156, 132.3699951171875, 220.4499969482422, 236.47999572753906, 318.6199951171875, 47.54999923706055, 142.89999389648438, 41.630001068115234, 181.17999267578125, 66.87999725341797, 31.139999389648438, 299.2699890136719, 221.1199951171875, 287.7200012207031, 56.959999084472656, 135.4600067138672, 46.95000076293945], "y_true_elst": [-30.90999984741211, -161.83999633789062, -38.33000183105469, -13.510000228881836, -43.27000045776367, -10.1899995803833, -14.470000267028809, -21.979999542236328, -99.11000061035156, -106.7300033569336, -31.649999618530273, -26.510000228881836, -13.5, -16.889999389648438, -22.34000015258789, -152.0, -12.989999771118164, -232.0, -147.10000610351562, -33.56999969482422, -14.619999885559082, -19.780000686645508, -41.27000045776367, -14.470000267028809, -71.43000030517578, -108.48999786376953, -120.06999969482422, -165.52999877929688, -22.559999465942383, -70.69999694824219, -15.680000305175781, -96.87999725341797, -32.2400016784668, -15.9399995803833, -144.50999450683594, -113.29000091552734, -137.5399932861328, -27.600000381469727, -69.2699966430664, -21.920000076293945], "y_true_oi": [-68.33999633789062, -219.8800048828125, -21.139999389648438, -7.559999942779541, -32.81999969482422, -4.429999828338623, -5.599999904632568, -10.880000114440918, -109.88999938964844, -166.13999938964844, -24.25, -14.5600004196167, -8.420000076293945, -8.109999656677246, -13.680000305175781, -198.5500030517578, -6.400000095367432, -328.75, -220.60000610351562, -19.25, -8.970000267028809, -10.739999771118164, -33.08000183105469, -51.11000061035156, -104.58999633789062, -162.75, -168.77000427246094, -220.22999572753906, -11.279999732971191, -98.05999755859375, -41.970001220703125, -130.16000366210938, -16.81999969482422, -7.210000038146973, -209.3000030517578, -162.88999938964844, -282.04998779296875, -12.880000114440918, -85.38999938964844, -11.170000076293945], "y_true_disp": [-19.0, -18.860000610351562, -21.489999771118164, -10.729999542236328, -27.75, -9.399999618530273, -16.6299991607666, -19.34000015258789, -27.81999969482422, -17.170000076293945, -26.209999084472656, -22.90999984741211, -18.850000381469727, -19.200000762939453, -20.690000534057617, -44.22999954223633, -13.699999809265137, -19.270000457763672, -20.959999084472656, -27.260000228881836, -13.65999984741211, -18.959999084472656, -35.45000076293945, -17.440000534057617, -22.65999984741211, -15.84000015258789, -30.709999084472656, -23.809999465942383, -18.18000030517578, -14.399999618530273, -14.0600004196167, -15.819999694824219, -23.290000915527344, -8.479999542236328, -10.6899995803833, -14.989999771118164, -11.699999809265137, -21.65999984741211, -15.279999732971191, -17.600000381469727], "y_pred_strain": [10.670278549194336, 90.70868682861328, 11.10477066040039, 8.800165176391602, 24.351490020751953, 9.286365509033203, 8.48279857635498, 11.507903099060059, 59.4534797668457, 65.66812896728516, 27.72295379638672, 16.643558502197266, 14.305152893066406, 7.955570220947266, 14.623046875, 93.86394500732422, 10.293909072875977, 101.73992919921875, 92.96929168701172, 18.589088439941406, 6.466320514678955, 17.95784568786621, 31.023639678955078, 6.267657279968262, 61.1650505065918, 49.9149055480957, 81.88343048095703, 85.0845947265625, 8.636838912963867, 43.91985321044922, 6.4745707511901855, 64.83624267578125, 11.704673767089844, 4.799843788146973, 81.85286712646484, 71.75198364257812, 101.62564086914062, 10.732619285583496, 45.55025863647461, 10.082596778869629], "y_pred_Pauli": [105.63601684570312, 279.9268798828125, 59.25992202758789, 27.993440628051758, 104.21504974365234, 29.114633560180664, 32.33483123779297, 48.82313537597656, 155.67425537109375, 208.8240203857422, 60.41413116455078, 46.11464309692383, 38.078086853027344, 33.43938446044922, 42.302940368652344, 339.24383544921875, 30.305986404418945, 493.8136901855469, 265.8293762207031, 56.14425277709961, 34.5986328125, 32.752933502197266, 81.08749389648438, 62.6091423034668, 172.44207763671875, 225.91966247558594, 248.71214294433594, 328.7914733886719, 41.30894088745117, 123.92240142822266, 49.037681579589844, 202.42909240722656, 60.614341735839844, 27.09854507446289, 242.90682983398438, 242.80068969726562, 310.2759704589844, 41.3262939453125, 118.97541809082031, 44.40636444091797], "y_pred_elst": [-55.99379348754883, -144.79759216308594, -37.17923355102539, -15.678776741027832, -48.04238510131836, -15.012443542480469, -16.829927444458008, -23.202116012573242, -74.21115112304688, -102.07572937011719, -35.05726623535156, -17.887248992919922, -17.079233169555664, -15.65413761138916, -20.219886779785156, -165.4302978515625, -13.567181587219238, -222.2091827392578, -138.54977416992188, -25.585834503173828, -15.913704872131348, -6.852044582366943, -34.71452331542969, -24.83781623840332, -88.57147216796875, -113.09566497802734, -133.63856506347656, -150.38002014160156, -19.83185386657715, -64.17316436767578, -20.92300796508789, -98.35530853271484, -27.328968048095703, -14.128281593322754, -120.72412109375, -124.61312103271484, -148.09095764160156, -20.55349349975586, -59.74730682373047, -21.531160354614258],