{
  "rxn_id": "me",
  "level": "ZORA-BLYP-D3(BJ)/TZ2P all-electron NOSYM Good (ADF)",
  "E_strain": 14.078270587050724,
  "E_Pauli": 167.67,
  "E_elstat": -77.76,
  "E_oi": -118.86,
  "E_disp": -8.16,
  "E_int": -37.110000000000014,
  "E_int_total_kcal": -37.11,
  "dE_frag_barrier_eda": -23.03172941294929,
  "E_A_TS_kcal": -1116.533811498601,
  "E_B_TS_kcal": -959.6465522583618,
  "E_A_relax_kcal": -1121.410308296221,
  "E_B_relax_kcal": -968.8483260477924,
  "dEprep_A_kcal": 4.876496797620121,
  "dEprep_B_kcal": 9.201773789430604
}