model,channel,NMAE,RMSE,R2,slope
ridge,barrier_direct,0.3647895831332501,13.819897651672363,0.8426545386537503,0.8552874251205613
lasso,barrier_direct,0.36963003026197205,14.00257682800293,0.8384672939921922,0.8377177598042136
enet,barrier_direct,0.3695934739658629,13.972094535827637,0.8391698096730287,0.8338767094515354
xgb,barrier_direct,0.3054835341674226,12.279008865356445,0.8757858255706764,0.8700433451451715
ridge,barrier_sum,0.36553403363550735,13.922343254089355,0.8403131156383028,0.8493892657603077
lasso,barrier_sum,0.4094234744166879,15.411590576171875,0.8043231281471985,0.8389670711310443
enet,barrier_sum,0.4161659535714868,15.414848327636719,0.8042404018786886,0.8247211868286628
xgb,barrier_sum,0.4735268900036413,19.06618309020996,0.7005170654822475,0.8573755071587157
