channel,best_classical_model,classical_NMAE,neural_NMAE,delta_NMAE (classical - neural)
strain,xgb,0.6042939346767402,0.7688557381873493,-0.16456180351060912
Pauli,xgb,0.4279727399805681,0.7229307780163601,-0.29495803803579196
elst,xgb,0.42012521621569465,0.7112947872001771,-0.2911695709844825
oi,xgb,0.40484326120870845,0.7457312736994841,-0.34088801249077566
disp,xgb,0.18557518526182873,0.23408564607456728,-0.04851046081273855
barrier,ridge,0.5030643856108664,0.5394701325979956,-0.03640574698712917
