{
  "rxn_id": "i",
  "level": "ZORA-BLYP-D3(BJ)/TZ2P all-electron NOSYM Good (ADF)",
  "E_strain": 13.208451182942099,
  "E_Pauli": 148.77,
  "E_elstat": -67.78,
  "E_oi": -108.22,
  "E_disp": -9.05,
  "E_int": -36.27999999999999,
  "E_int_total_kcal": -36.28,
  "dE_frag_barrier_eda": -23.071548817057888,
  "E_A_TS_kcal": -692.356812895229,
  "E_B_TS_kcal": -961.9110876607916,
  "E_A_relax_kcal": -698.6270146728211,
  "E_B_relax_kcal": -968.8493370661416,
  "dEprep_A_kcal": 6.270201777592092,
  "dEprep_B_kcal": 6.938249405350007
}