{"arm": "xgb28_delta_family", "family": "qmrxn20_e2", "fold": 4, "member": 1, "n_train": 160, "n_test": 39, "reaction_ids": ["qmrxn20_e2_D_D_E_E_A_A", "qmrxn20_e2_A_B_E_D_C_B", "qmrxn20_e2_E_A_A_A_B_A", "qmrxn20_e2_A_B_A_E_B_D", "qmrxn20_e2_B_A_D_E_B_B", "qmrxn20_e2_C_C_B_B_B_A", "qmrxn20_e2_D_A_D_A_A_A", "qmrxn20_e2_A_C_C_E_B_A", "qmrxn20_e2_A_B_A_E_C_B", "qmrxn20_e2_A_D_E_B_C_C", "qmrxn20_e2_E_C_C_A_C_C", "qmrxn20_e2_A_C_D_E_B_B", "qmrxn20_e2_A_C_A_E_B_A", "qmrxn20_e2_B_A_A_E_B_B", "qmrxn20_e2_A_C_E_C_B_A", "qmrxn20_e2_B_D_E_A_C_C", "qmrxn20_e2_A_E_D_A_C_B", "qmrxn20_e2_A_A_C_A_A_A", "qmrxn20_e2_C_B_D_E_A_A", "qmrxn20_e2_E_A_E_C_A_A", "qmrxn20_e2_D_A_E_A_B_B", "qmrxn20_e2_E_C_B_E_B_B", "qmrxn20_e2_A_D_D_C_A_A", "qmrxn20_e2_C_C_C_E_B_C", "qmrxn20_e2_A_B_D_E_C_C", "qmrxn20_e2_A_B_C_E_B_B", "qmrxn20_e2_D_E_C_E_B_A", "qmrxn20_e2_B_A_E_E_B_D", "qmrxn20_e2_A_E_A_C_C_B", "qmrxn20_e2_C_C_D_E_C_C", "qmrxn20_e2_D_A_E_B_B_A", "qmrxn20_e2_E_B_E_E_A_A", "qmrxn20_e2_A_B_A_D_B_B", "qmrxn20_e2_D_A_E_C_A_A", "qmrxn20_e2_E_D_C_E_B_A", "qmrxn20_e2_A_C_E_D_A_A", "qmrxn20_e2_C_B_A_A_C_B", "qmrxn20_e2_E_D_C_D_C_A", "qmrxn20_e2_D_A_C_E_C_B"], "y_true_strain": [39.78388595581055, 13.752387046813965, 31.0601863861084, 58.20677947998047, 13.565893173217773, 35.49378204345703, 30.25494956970215, 9.274857521057129, 12.649625778198242, 67.76297760009766, 32.7520751953125, 20.819623947143555, 13.237791061401367, 20.747371673583984, 11.696023941040039, 45.32027816772461, 17.622512817382812, 6.9919915199279785, 14.62353515625, 16.730958938598633, 22.159679412841797, 31.086965560913086, 7.4885711669921875, 39.64485168457031, 32.70005798339844, 17.187576293945312, 6.7836809158325195, 45.925941467285156, 29.157466888427734, 18.240394592285156, 5.396819114685059, 45.14064025878906, 16.099735260009766, 10.19924259185791, 12.800311088562012, 16.928457260131836, 12.194059371948242, 5.834317207336426, 13.625596046447754], "y_true_Pauli": [147.75999450683594, 118.63999938964844, 111.30000305175781, 127.30999755859375, 130.6199951171875, 284.3399963378906, 123.0, 93.05999755859375, 114.2300033569336, 164.86000061035156, 119.36000061035156, 138.5, 96.58000183105469, 137.85000610351562, 111.38999938964844, 132.13999938964844, 147.9499969482422, 75.77999877929688, 107.4800033569336, 99.44000244140625, 147.9600067138672, 167.8300018310547, 91.26000213623047, 131.42999267578125, 114.44999694824219, 129.11000061035156, 107.55000305175781, 120.80000305175781, 155.42999267578125, 83.87000274658203, 91.93000030517578, 151.83999633789062, 121.44000244140625, 95.51000213623047, 99.4800033569336, 109.91000366210938, 121.41000366210938, 105.37000274658203, 136.10000610351562], "y_true_elst": [-76.16999816894531, -82.63999938964844, -76.88999938964844, -83.05999755859375, -87.37999725341797, -196.32000732421875, -65.58000183105469, -96.02999877929688, -83.12999725341797, -97.4800033569336, -78.13999938964844, -95.37000274658203, -77.7699966430664, -89.19999694824219, -103.98999786376953, -81.87000274658203, -97.63999938964844, -66.20999908447266, -87.62000274658203, -87.5, -91.23999786376953, -125.26000213623047, -74.58000183105469, -84.58000183105469, -70.68000030517578, -104.77999877929688, -91.26000213623047, -79.0199966430664, -110.47000122070312, -63.779998779296875, -83.1500015258789, -99.16999816894531, -83.2699966430664, -83.02999877929688, -88.6500015258789, -78.33999633789062, -90.70999908447266, -93.05000305175781, -97.48999786376953], "y_true_oi": [-125.2300033569336, -83.36000061035156, -77.23999786376953, -103.08000183105469, -89.1500015258789, -198.24000549316406, -94.16000366210938, -49.91999816894531, -81.0999984741211, -147.07000732421875, -102.41000366210938, -96.01000213623047, -62.2400016784668, -98.70999908447266, -66.23999786376953, -107.86000061035156, -102.25, -45.790000915527344, -65.48999786376953, -60.4900016784668, -103.13999938964844, -124.69000244140625, -53.41999816894531, -117.0999984741211, -90.87999725341797, -89.8499984741211, -63.630001068115234, -92.83000183105469, -111.83000183105469, -64.23999786376953, -54.58000183105469, -118.30000305175781, -82.68000030517578, -57.119998931884766, -57.88999938964844, -72.9800033569336, -78.76000213623047, -60.22999954223633, -96.80999755859375], "y_true_disp": [-1.4600000381469727, -1.4600000381469727, -1.340000033378601, -3.2799999713897705, -1.5399999618530273, -2.4600000381469727, -1.440000057220459, -1.6200000047683716, -1.2000000476837158, -3.049999952316284, -2.740000009536743, -1.3600000143051147, -1.2599999904632568, -1.0499999523162842, -1.7300000190734863, -3.1600000858306885, -1.3300000429153442, -1.059999942779541, -1.6699999570846558, -1.590000033378601, -1.159999966621399, -1.3300000429153442, -1.5800000429153442, -3.309999942779541, -3.4100000858306885, -1.5499999523162842, -1.899999976158142, -3.9100000858306885, -1.1699999570846558, -3.9600000381469727, -1.5399999618530273, -1.649999976158142, -1.3899999856948853, -1.5399999618530273, -1.8300000429153442, -1.559999942779541, -1.8600000143051147, -1.9600000381469727, -1.5099999904632568], "y_pred_strain": [42.652870178222656, 12.640620231628418, 32.43441390991211, 56.030269622802734, 13.079446792602539, 48.80162048339844, 33.01851272583008, 7.5970025062561035, 13.205718040466309, 57.5753173828125, 35.736488342285156, 20.179262161254883, 13.623588562011719, 20.99839210510254, 12.423867225646973, 36.11567306518555, 19.203075408935547, 13.239906311035156, 14.960979461669922, 15.348230361938477, 22.287145614624023, 25.573514938354492, 9.359504699707031, 37.33679962158203, 30.563129425048828, 15.853638648986816, 9.378101348876953, 49.13115310668945, 25.541698455810547, 20.498374938964844, 8.20488166809082, 37.66648864746094, 16.279617309570312, 10.993605613708496, 12.433372497558594, 11.911951065063477, 9.702479362487793, 6.7862725257873535, 17.400026321411133], "y_pred_Pauli": [165.2359619140625, 121.3218994140625, 115.52872467041016, 115.99706268310547, 138.2733154296875, 227.90838623046875, 118.00952911376953, 96.00499725341797, 112.85115051269531, 187.8207244873047, 120.83867645263672, 144.23056030273438, 103.24687957763672, 141.04144287109375, 112.84434509277344, 106.36859130859375, 145.5665740966797, 80.73900604248047, 110.55613708496094, 113.69877624511719, 149.56063842773438, 191.5585479736328, 88.70699310302734, 144.92803955078125, 114.63563537597656, 138.9696502685547, 108.57881927490234, 125.78257751464844, 157.69606018066406, 98.85305786132812, 94.63086700439453, 146.2009735107422, 121.55343627929688, 100.96392822265625, 103.63967895507812, 110.43634796142578, 102.55184173583984, 93.5391616821289, 137.02264404296875], "y_pred_elst": [-86.25192260742188, -83.474365234375, -79.1307373046875, -74.10237121582031, -87.09405517578125, -152.49014282226562, -72.48017883300781, -97.29084777832031, -79.11602783203125, -119.16677856445312, -80.3987045288086, -93.02412414550781, -75.0681381225586, -90.76445007324219, -97.33096313476562, -62.109214782714844, -97.39364624023438, -64.522705078125, -87.7505111694336, -95.36624908447266, -93.49555969238281, -127.7773208618164, -73.9661636352539, -92.48747253417969, -69.55146789550781, -107.4291763305664, -96.9435806274414, -85.57551574707031, -110.21932220458984, -65.40042114257812, -86.60982513427734, -103.85597229003906, -84.30992889404297, -84.9758071899414, -97.15742492675781, -74.92595672607422, -70.80110168457031, -90.57945251464844, -98.53164672851562],