{"arm": "xgb28_delta_family", "family": "qmrxn20_e2", "fold": 4, "member": 4, "n_train": 160, "n_test": 39, "reaction_ids": ["qmrxn20_e2_D_D_E_E_A_A", "qmrxn20_e2_A_B_E_D_C_B", "qmrxn20_e2_E_A_A_A_B_A", "qmrxn20_e2_A_B_A_E_B_D", "qmrxn20_e2_B_A_D_E_B_B", "qmrxn20_e2_C_C_B_B_B_A", "qmrxn20_e2_D_A_D_A_A_A", "qmrxn20_e2_A_C_C_E_B_A", "qmrxn20_e2_A_B_A_E_C_B", "qmrxn20_e2_A_D_E_B_C_C", "qmrxn20_e2_E_C_C_A_C_C", "qmrxn20_e2_A_C_D_E_B_B", "qmrxn20_e2_A_C_A_E_B_A", "qmrxn20_e2_B_A_A_E_B_B", "qmrxn20_e2_A_C_E_C_B_A", "qmrxn20_e2_B_D_E_A_C_C", "qmrxn20_e2_A_E_D_A_C_B", "qmrxn20_e2_A_A_C_A_A_A", "qmrxn20_e2_C_B_D_E_A_A", "qmrxn20_e2_E_A_E_C_A_A", "qmrxn20_e2_D_A_E_A_B_B", "qmrxn20_e2_E_C_B_E_B_B", "qmrxn20_e2_A_D_D_C_A_A", "qmrxn20_e2_C_C_C_E_B_C", "qmrxn20_e2_A_B_D_E_C_C", "qmrxn20_e2_A_B_C_E_B_B", "qmrxn20_e2_D_E_C_E_B_A", "qmrxn20_e2_B_A_E_E_B_D", "qmrxn20_e2_A_E_A_C_C_B", "qmrxn20_e2_C_C_D_E_C_C", "qmrxn20_e2_D_A_E_B_B_A", "qmrxn20_e2_E_B_E_E_A_A", "qmrxn20_e2_A_B_A_D_B_B", "qmrxn20_e2_D_A_E_C_A_A", "qmrxn20_e2_E_D_C_E_B_A", "qmrxn20_e2_A_C_E_D_A_A", "qmrxn20_e2_C_B_A_A_C_B", "qmrxn20_e2_E_D_C_D_C_A", "qmrxn20_e2_D_A_C_E_C_B"], "y_true_strain": [39.78388595581055, 13.752387046813965, 31.0601863861084, 58.20677947998047, 13.565893173217773, 35.49378204345703, 30.25494956970215, 9.274857521057129, 12.649625778198242, 67.76297760009766, 32.7520751953125, 20.819623947143555, 13.237791061401367, 20.747371673583984, 11.696023941040039, 45.32027816772461, 17.622512817382812, 6.9919915199279785, 14.62353515625, 16.730958938598633, 22.159679412841797, 31.086965560913086, 7.4885711669921875, 39.64485168457031, 32.70005798339844, 17.187576293945312, 6.7836809158325195, 45.925941467285156, 29.157466888427734, 18.240394592285156, 5.396819114685059, 45.14064025878906, 16.099735260009766, 10.19924259185791, 12.800311088562012, 16.928457260131836, 12.194059371948242, 5.834317207336426, 13.625596046447754], "y_true_Pauli": [147.75999450683594, 118.63999938964844, 111.30000305175781, 127.30999755859375, 130.6199951171875, 284.3399963378906, 123.0, 93.05999755859375, 114.2300033569336, 164.86000061035156, 119.36000061035156, 138.5, 96.58000183105469, 137.85000610351562, 111.38999938964844, 132.13999938964844, 147.9499969482422, 75.77999877929688, 107.4800033569336, 99.44000244140625, 147.9600067138672, 167.8300018310547, 91.26000213623047, 131.42999267578125, 114.44999694824219, 129.11000061035156, 107.55000305175781, 120.80000305175781, 155.42999267578125, 83.87000274658203, 91.93000030517578, 151.83999633789062, 121.44000244140625, 95.51000213623047, 99.4800033569336, 109.91000366210938, 121.41000366210938, 105.37000274658203, 136.10000610351562], "y_true_elst": [-76.16999816894531, -82.63999938964844, -76.88999938964844, -83.05999755859375, -87.37999725341797, -196.32000732421875, -65.58000183105469, -96.02999877929688, -83.12999725341797, -97.4800033569336, -78.13999938964844, -95.37000274658203, -77.7699966430664, -89.19999694824219, -103.98999786376953, -81.87000274658203, -97.63999938964844, -66.20999908447266, -87.62000274658203, -87.5, -91.23999786376953, -125.26000213623047, -74.58000183105469, -84.58000183105469, -70.68000030517578, -104.77999877929688, -91.26000213623047, -79.0199966430664, -110.47000122070312, -63.779998779296875, -83.1500015258789, -99.16999816894531, -83.2699966430664, -83.02999877929688, -88.6500015258789, -78.33999633789062, -90.70999908447266, -93.05000305175781, -97.48999786376953], "y_true_oi": [-125.2300033569336, -83.36000061035156, -77.23999786376953, -103.08000183105469, -89.1500015258789, -198.24000549316406, -94.16000366210938, -49.91999816894531, -81.0999984741211, -147.07000732421875, -102.41000366210938, -96.01000213623047, -62.2400016784668, -98.70999908447266, -66.23999786376953, -107.86000061035156, -102.25, -45.790000915527344, -65.48999786376953, -60.4900016784668, -103.13999938964844, -124.69000244140625, -53.41999816894531, -117.0999984741211, -90.87999725341797, -89.8499984741211, -63.630001068115234, -92.83000183105469, -111.83000183105469, -64.23999786376953, -54.58000183105469, -118.30000305175781, -82.68000030517578, -57.119998931884766, -57.88999938964844, -72.9800033569336, -78.76000213623047, -60.22999954223633, -96.80999755859375], "y_true_disp": [-1.4600000381469727, -1.4600000381469727, -1.340000033378601, -3.2799999713897705, -1.5399999618530273, -2.4600000381469727, -1.440000057220459, -1.6200000047683716, -1.2000000476837158, -3.049999952316284, -2.740000009536743, -1.3600000143051147, -1.2599999904632568, -1.0499999523162842, -1.7300000190734863, -3.1600000858306885, -1.3300000429153442, -1.059999942779541, -1.6699999570846558, -1.590000033378601, -1.159999966621399, -1.3300000429153442, -1.5800000429153442, -3.309999942779541, -3.4100000858306885, -1.5499999523162842, -1.899999976158142, -3.9100000858306885, -1.1699999570846558, -3.9600000381469727, -1.5399999618530273, -1.649999976158142, -1.3899999856948853, -1.5399999618530273, -1.8300000429153442, -1.559999942779541, -1.8600000143051147, -1.9600000381469727, -1.5099999904632568], "y_pred_strain": [42.53302764892578, 12.97266960144043, 32.687744140625, 55.837589263916016, 13.141919136047363, 48.221527099609375, 32.88972473144531, 7.1464667320251465, 13.718432426452637, 58.07905197143555, 35.69821548461914, 20.240821838378906, 13.6621732711792, 21.111331939697266, 11.775311470031738, 37.7365608215332, 19.402420043945312, 13.64850902557373, 15.349617004394531, 15.029435157775879, 22.41499137878418, 24.88465690612793, 9.549515724182129, 36.2925910949707, 30.658462524414062, 15.864425659179688, 9.461989402770996, 49.15381622314453, 25.469524383544922, 20.392391204833984, 8.441981315612793, 37.08314514160156, 16.545236587524414, 11.266562461853027, 12.329215049743652, 11.87659740447998, 11.016247749328613, 7.218212127685547, 17.78665542602539], "y_pred_Pauli": [164.32791137695312, 118.20201873779297, 115.36309051513672, 116.28196716308594, 136.8203887939453, 237.8274383544922, 122.08019256591797, 95.51637268066406, 114.81072998046875, 187.93612670898438, 120.44722747802734, 139.46298217773438, 101.38772583007812, 141.0970916748047, 114.82151794433594, 108.53334045410156, 146.7303009033203, 77.7421646118164, 105.56838989257812, 114.15589904785156, 148.21163940429688, 196.93023681640625, 87.689697265625, 148.94313049316406, 109.90449523925781, 134.2659454345703, 105.30858612060547, 119.80467987060547, 156.47445678710938, 103.51990509033203, 96.25760650634766, 149.84605407714844, 116.67132568359375, 95.97772216796875, 103.03296661376953, 109.80339813232422, 114.24465942382812, 96.66192626953125, 128.49888610839844], "y_pred_elst": [-85.22061157226562, -79.7745590209961, -78.3369140625, -74.59217071533203, -85.339599609375, -162.1386260986328, -76.15306091308594, -96.90552520751953, -79.81420135498047, -118.15166473388672, -79.70838928222656, -88.34629821777344, -73.03477478027344, -90.3153076171875, -99.4981460571289, -60.785064697265625, -97.94055938720703, -60.71003723144531, -82.13778686523438, -95.59379577636719, -91.69551849365234, -132.71946716308594, -72.50627136230469, -97.00506591796875, -64.81956481933594, -102.73909759521484, -93.50221252441406, -79.62909698486328, -108.67891693115234, -69.44747924804688, -87.46116638183594, -107.40473175048828, -79.1197509765625, -79.49479675292969, -96.26596069335938, -73.92889404296875, -79.2098159790039, -92.5083999633789, -89.65460205078125],