{"arm": "xgb28_delta_family", "family": "qmrxn20_e2", "fold": 4, "member": 3, "n_train": 160, "n_test": 39, "reaction_ids": ["qmrxn20_e2_D_D_E_E_A_A", "qmrxn20_e2_A_B_E_D_C_B", "qmrxn20_e2_E_A_A_A_B_A", "qmrxn20_e2_A_B_A_E_B_D", "qmrxn20_e2_B_A_D_E_B_B", "qmrxn20_e2_C_C_B_B_B_A", "qmrxn20_e2_D_A_D_A_A_A", "qmrxn20_e2_A_C_C_E_B_A", "qmrxn20_e2_A_B_A_E_C_B", "qmrxn20_e2_A_D_E_B_C_C", "qmrxn20_e2_E_C_C_A_C_C", "qmrxn20_e2_A_C_D_E_B_B", "qmrxn20_e2_A_C_A_E_B_A", "qmrxn20_e2_B_A_A_E_B_B", "qmrxn20_e2_A_C_E_C_B_A", "qmrxn20_e2_B_D_E_A_C_C", "qmrxn20_e2_A_E_D_A_C_B", "qmrxn20_e2_A_A_C_A_A_A", "qmrxn20_e2_C_B_D_E_A_A", "qmrxn20_e2_E_A_E_C_A_A", "qmrxn20_e2_D_A_E_A_B_B", "qmrxn20_e2_E_C_B_E_B_B", "qmrxn20_e2_A_D_D_C_A_A", "qmrxn20_e2_C_C_C_E_B_C", "qmrxn20_e2_A_B_D_E_C_C", "qmrxn20_e2_A_B_C_E_B_B", "qmrxn20_e2_D_E_C_E_B_A", "qmrxn20_e2_B_A_E_E_B_D", "qmrxn20_e2_A_E_A_C_C_B", "qmrxn20_e2_C_C_D_E_C_C", "qmrxn20_e2_D_A_E_B_B_A", "qmrxn20_e2_E_B_E_E_A_A", "qmrxn20_e2_A_B_A_D_B_B", "qmrxn20_e2_D_A_E_C_A_A", "qmrxn20_e2_E_D_C_E_B_A", "qmrxn20_e2_A_C_E_D_A_A", "qmrxn20_e2_C_B_A_A_C_B", "qmrxn20_e2_E_D_C_D_C_A", "qmrxn20_e2_D_A_C_E_C_B"], "y_true_strain": [39.78388595581055, 13.752387046813965, 31.0601863861084, 58.20677947998047, 13.565893173217773, 35.49378204345703, 30.25494956970215, 9.274857521057129, 12.649625778198242, 67.76297760009766, 32.7520751953125, 20.819623947143555, 13.237791061401367, 20.747371673583984, 11.696023941040039, 45.32027816772461, 17.622512817382812, 6.9919915199279785, 14.62353515625, 16.730958938598633, 22.159679412841797, 31.086965560913086, 7.4885711669921875, 39.64485168457031, 32.70005798339844, 17.187576293945312, 6.7836809158325195, 45.925941467285156, 29.157466888427734, 18.240394592285156, 5.396819114685059, 45.14064025878906, 16.099735260009766, 10.19924259185791, 12.800311088562012, 16.928457260131836, 12.194059371948242, 5.834317207336426, 13.625596046447754], "y_true_Pauli": [147.75999450683594, 118.63999938964844, 111.30000305175781, 127.30999755859375, 130.6199951171875, 284.3399963378906, 123.0, 93.05999755859375, 114.2300033569336, 164.86000061035156, 119.36000061035156, 138.5, 96.58000183105469, 137.85000610351562, 111.38999938964844, 132.13999938964844, 147.9499969482422, 75.77999877929688, 107.4800033569336, 99.44000244140625, 147.9600067138672, 167.8300018310547, 91.26000213623047, 131.42999267578125, 114.44999694824219, 129.11000061035156, 107.55000305175781, 120.80000305175781, 155.42999267578125, 83.87000274658203, 91.93000030517578, 151.83999633789062, 121.44000244140625, 95.51000213623047, 99.4800033569336, 109.91000366210938, 121.41000366210938, 105.37000274658203, 136.10000610351562], "y_true_elst": [-76.16999816894531, -82.63999938964844, -76.88999938964844, -83.05999755859375, -87.37999725341797, -196.32000732421875, -65.58000183105469, -96.02999877929688, -83.12999725341797, -97.4800033569336, -78.13999938964844, -95.37000274658203, -77.7699966430664, -89.19999694824219, -103.98999786376953, -81.87000274658203, -97.63999938964844, -66.20999908447266, -87.62000274658203, -87.5, -91.23999786376953, -125.26000213623047, -74.58000183105469, -84.58000183105469, -70.68000030517578, -104.77999877929688, -91.26000213623047, -79.0199966430664, -110.47000122070312, -63.779998779296875, -83.1500015258789, -99.16999816894531, -83.2699966430664, -83.02999877929688, -88.6500015258789, -78.33999633789062, -90.70999908447266, -93.05000305175781, -97.48999786376953], "y_true_oi": [-125.2300033569336, -83.36000061035156, -77.23999786376953, -103.08000183105469, -89.1500015258789, -198.24000549316406, -94.16000366210938, -49.91999816894531, -81.0999984741211, -147.07000732421875, -102.41000366210938, -96.01000213623047, -62.2400016784668, -98.70999908447266, -66.23999786376953, -107.86000061035156, -102.25, -45.790000915527344, -65.48999786376953, -60.4900016784668, -103.13999938964844, -124.69000244140625, -53.41999816894531, -117.0999984741211, -90.87999725341797, -89.8499984741211, -63.630001068115234, -92.83000183105469, -111.83000183105469, -64.23999786376953, -54.58000183105469, -118.30000305175781, -82.68000030517578, -57.119998931884766, -57.88999938964844, -72.9800033569336, -78.76000213623047, -60.22999954223633, -96.80999755859375], "y_true_disp": [-1.4600000381469727, -1.4600000381469727, -1.340000033378601, -3.2799999713897705, -1.5399999618530273, -2.4600000381469727, -1.440000057220459, -1.6200000047683716, -1.2000000476837158, -3.049999952316284, -2.740000009536743, -1.3600000143051147, -1.2599999904632568, -1.0499999523162842, -1.7300000190734863, -3.1600000858306885, -1.3300000429153442, -1.059999942779541, -1.6699999570846558, -1.590000033378601, -1.159999966621399, -1.3300000429153442, -1.5800000429153442, -3.309999942779541, -3.4100000858306885, -1.5499999523162842, -1.899999976158142, -3.9100000858306885, -1.1699999570846558, -3.9600000381469727, -1.5399999618530273, -1.649999976158142, -1.3899999856948853, -1.5399999618530273, -1.8300000429153442, -1.559999942779541, -1.8600000143051147, -1.9600000381469727, -1.5099999904632568], "y_pred_strain": [42.60479736328125, 12.829071044921875, 32.16374969482422, 59.01692199707031, 12.795944213867188, 48.81476593017578, 33.50359344482422, 7.762484550476074, 13.478747367858887, 60.51130676269531, 37.45866394042969, 19.810461044311523, 13.374324798583984, 21.531225204467773, 12.355610847473145, 37.77873992919922, 18.85264778137207, 14.061935424804688, 14.821036338806152, 15.337871551513672, 22.535320281982422, 25.441965103149414, 9.580902099609375, 37.07721710205078, 31.206069946289062, 15.735405921936035, 9.126233100891113, 49.63569259643555, 25.29769515991211, 20.906282424926758, 8.079951286315918, 37.41806411743164, 16.98604965209961, 10.83787727355957, 12.244837760925293, 11.863887786865234, 10.607876777648926, 6.819923400878906, 17.043453216552734], "y_pred_Pauli": [163.03614807128906, 119.9427490234375, 118.37373352050781, 108.31332397460938, 136.98748779296875, 231.05706787109375, 118.96420288085938, 90.87552642822266, 116.06169891357422, 183.59735107421875, 114.84382629394531, 143.7425079345703, 102.0614242553711, 139.0977020263672, 109.0116958618164, 124.0380630493164, 147.55226135253906, 79.92379760742188, 110.0525894165039, 110.14473724365234, 147.7187957763672, 187.8078155517578, 88.45384979248047, 141.00196838378906, 112.01341247558594, 134.63099670410156, 107.86258697509766, 117.13816833496094, 154.89959716796875, 102.34376525878906, 96.52818298339844, 143.7731170654297, 119.51588439941406, 98.25004577636719, 101.79492950439453, 108.8919448852539, 122.04263305664062, 97.52375030517578, 137.74093627929688], "y_pred_elst": [-84.08995819091797, -81.75813293457031, -81.79428100585938, -64.72200012207031, -85.94131469726562, -154.91705322265625, -72.92034912109375, -92.10601806640625, -81.5312728881836, -112.49781036376953, -73.7199935913086, -92.77926635742188, -74.01822662353516, -88.40546417236328, -93.59981536865234, -76.41574096679688, -99.46036529541016, -63.07994842529297, -87.24179077148438, -91.86582946777344, -91.6185302734375, -124.04149627685547, -73.5310287475586, -88.64807891845703, -66.59559631347656, -103.177001953125, -96.24565124511719, -76.61113739013672, -107.70279693603516, -67.4039077758789, -88.54207611083984, -101.49072265625, -81.81133270263672, -82.45855712890625, -95.30020141601562, -73.3525619506836, -87.2288818359375, -93.85845947265625, -99.49415588378906],