{"arm": "xgb28_delta_family", "family": "qmrxn20_e2", "fold": 4, "member": 2, "n_train": 160, "n_test": 39, "reaction_ids": ["qmrxn20_e2_D_D_E_E_A_A", "qmrxn20_e2_A_B_E_D_C_B", "qmrxn20_e2_E_A_A_A_B_A", "qmrxn20_e2_A_B_A_E_B_D", "qmrxn20_e2_B_A_D_E_B_B", "qmrxn20_e2_C_C_B_B_B_A", "qmrxn20_e2_D_A_D_A_A_A", "qmrxn20_e2_A_C_C_E_B_A", "qmrxn20_e2_A_B_A_E_C_B", "qmrxn20_e2_A_D_E_B_C_C", "qmrxn20_e2_E_C_C_A_C_C", "qmrxn20_e2_A_C_D_E_B_B", "qmrxn20_e2_A_C_A_E_B_A", "qmrxn20_e2_B_A_A_E_B_B", "qmrxn20_e2_A_C_E_C_B_A", "qmrxn20_e2_B_D_E_A_C_C", "qmrxn20_e2_A_E_D_A_C_B", "qmrxn20_e2_A_A_C_A_A_A", "qmrxn20_e2_C_B_D_E_A_A", "qmrxn20_e2_E_A_E_C_A_A", "qmrxn20_e2_D_A_E_A_B_B", "qmrxn20_e2_E_C_B_E_B_B", "qmrxn20_e2_A_D_D_C_A_A", "qmrxn20_e2_C_C_C_E_B_C", "qmrxn20_e2_A_B_D_E_C_C", "qmrxn20_e2_A_B_C_E_B_B", "qmrxn20_e2_D_E_C_E_B_A", "qmrxn20_e2_B_A_E_E_B_D", "qmrxn20_e2_A_E_A_C_C_B", "qmrxn20_e2_C_C_D_E_C_C", "qmrxn20_e2_D_A_E_B_B_A", "qmrxn20_e2_E_B_E_E_A_A", "qmrxn20_e2_A_B_A_D_B_B", "qmrxn20_e2_D_A_E_C_A_A", "qmrxn20_e2_E_D_C_E_B_A", "qmrxn20_e2_A_C_E_D_A_A", "qmrxn20_e2_C_B_A_A_C_B", "qmrxn20_e2_E_D_C_D_C_A", "qmrxn20_e2_D_A_C_E_C_B"], "y_true_strain": [39.78388595581055, 13.752387046813965, 31.0601863861084, 58.20677947998047, 13.565893173217773, 35.49378204345703, 30.25494956970215, 9.274857521057129, 12.649625778198242, 67.76297760009766, 32.7520751953125, 20.819623947143555, 13.237791061401367, 20.747371673583984, 11.696023941040039, 45.32027816772461, 17.622512817382812, 6.9919915199279785, 14.62353515625, 16.730958938598633, 22.159679412841797, 31.086965560913086, 7.4885711669921875, 39.64485168457031, 32.70005798339844, 17.187576293945312, 6.7836809158325195, 45.925941467285156, 29.157466888427734, 18.240394592285156, 5.396819114685059, 45.14064025878906, 16.099735260009766, 10.19924259185791, 12.800311088562012, 16.928457260131836, 12.194059371948242, 5.834317207336426, 13.625596046447754], "y_true_Pauli": [147.75999450683594, 118.63999938964844, 111.30000305175781, 127.30999755859375, 130.6199951171875, 284.3399963378906, 123.0, 93.05999755859375, 114.2300033569336, 164.86000061035156, 119.36000061035156, 138.5, 96.58000183105469, 137.85000610351562, 111.38999938964844, 132.13999938964844, 147.9499969482422, 75.77999877929688, 107.4800033569336, 99.44000244140625, 147.9600067138672, 167.8300018310547, 91.26000213623047, 131.42999267578125, 114.44999694824219, 129.11000061035156, 107.55000305175781, 120.80000305175781, 155.42999267578125, 83.87000274658203, 91.93000030517578, 151.83999633789062, 121.44000244140625, 95.51000213623047, 99.4800033569336, 109.91000366210938, 121.41000366210938, 105.37000274658203, 136.10000610351562], "y_true_elst": [-76.16999816894531, -82.63999938964844, -76.88999938964844, -83.05999755859375, -87.37999725341797, -196.32000732421875, -65.58000183105469, -96.02999877929688, -83.12999725341797, -97.4800033569336, -78.13999938964844, -95.37000274658203, -77.7699966430664, -89.19999694824219, -103.98999786376953, -81.87000274658203, -97.63999938964844, -66.20999908447266, -87.62000274658203, -87.5, -91.23999786376953, -125.26000213623047, -74.58000183105469, -84.58000183105469, -70.68000030517578, -104.77999877929688, -91.26000213623047, -79.0199966430664, -110.47000122070312, -63.779998779296875, -83.1500015258789, -99.16999816894531, -83.2699966430664, -83.02999877929688, -88.6500015258789, -78.33999633789062, -90.70999908447266, -93.05000305175781, -97.48999786376953], "y_true_oi": [-125.2300033569336, -83.36000061035156, -77.23999786376953, -103.08000183105469, -89.1500015258789, -198.24000549316406, -94.16000366210938, -49.91999816894531, -81.0999984741211, -147.07000732421875, -102.41000366210938, -96.01000213623047, -62.2400016784668, -98.70999908447266, -66.23999786376953, -107.86000061035156, -102.25, -45.790000915527344, -65.48999786376953, -60.4900016784668, -103.13999938964844, -124.69000244140625, -53.41999816894531, -117.0999984741211, -90.87999725341797, -89.8499984741211, -63.630001068115234, -92.83000183105469, -111.83000183105469, -64.23999786376953, -54.58000183105469, -118.30000305175781, -82.68000030517578, -57.119998931884766, -57.88999938964844, -72.9800033569336, -78.76000213623047, -60.22999954223633, -96.80999755859375], "y_true_disp": [-1.4600000381469727, -1.4600000381469727, -1.340000033378601, -3.2799999713897705, -1.5399999618530273, -2.4600000381469727, -1.440000057220459, -1.6200000047683716, -1.2000000476837158, -3.049999952316284, -2.740000009536743, -1.3600000143051147, -1.2599999904632568, -1.0499999523162842, -1.7300000190734863, -3.1600000858306885, -1.3300000429153442, -1.059999942779541, -1.6699999570846558, -1.590000033378601, -1.159999966621399, -1.3300000429153442, -1.5800000429153442, -3.309999942779541, -3.4100000858306885, -1.5499999523162842, -1.899999976158142, -3.9100000858306885, -1.1699999570846558, -3.9600000381469727, -1.5399999618530273, -1.649999976158142, -1.3899999856948853, -1.5399999618530273, -1.8300000429153442, -1.559999942779541, -1.8600000143051147, -1.9600000381469727, -1.5099999904632568], "y_pred_strain": [42.522674560546875, 13.045493125915527, 32.455963134765625, 56.42922592163086, 13.391812324523926, 49.125953674316406, 34.378055572509766, 7.674111366271973, 13.398213386535645, 59.21219253540039, 37.66986846923828, 20.09056282043457, 13.724738121032715, 21.6532039642334, 12.37955093383789, 37.67318344116211, 19.289793014526367, 14.124046325683594, 15.165228843688965, 15.334602355957031, 22.577211380004883, 25.579631805419922, 10.326658248901367, 37.19921875, 29.926753997802734, 15.967106819152832, 9.173713684082031, 49.27668380737305, 25.419082641601562, 20.572715759277344, 8.275338172912598, 37.88994598388672, 16.8497314453125, 11.582751274108887, 12.492258071899414, 12.20030689239502, 10.843571662902832, 6.9615864753723145, 17.25438690185547], "y_pred_Pauli": [162.50198364257812, 120.04695129394531, 117.383056640625, 117.19248962402344, 135.79067993164062, 232.0749053955078, 119.05829620361328, 90.69644927978516, 115.6500244140625, 189.6472625732422, 118.92750549316406, 142.6813201904297, 100.94501495361328, 139.4662628173828, 108.47686004638672, 127.00912475585938, 146.763427734375, 80.78974151611328, 109.1470718383789, 109.45111083984375, 147.73997497558594, 187.8037567138672, 88.51853942871094, 140.1083526611328, 113.84801483154297, 133.9132843017578, 106.83650970458984, 120.89918518066406, 153.81642150878906, 102.34244537353516, 96.46498107910156, 143.2205810546875, 121.12633514404297, 97.1700668334961, 100.78169250488281, 108.00277709960938, 121.71919250488281, 97.5272445678711, 136.96168518066406], "y_pred_elst": [-83.60479736328125, -81.91472625732422, -80.55413055419922, -75.26766204833984, -84.58119201660156, -155.187744140625, -73.0518569946289, -92.11028289794922, -81.14555358886719, -119.75778198242188, -78.64022064208984, -91.53224182128906, -72.79684448242188, -89.23200988769531, -93.0759506225586, -79.27903747558594, -98.39566040039062, -64.23820495605469, -86.20726013183594, -91.39015197753906, -92.06172943115234, -123.798583984375, -73.4979476928711, -87.36203002929688, -68.6767578125, -102.4215087890625, -95.1082534790039, -79.95558166503906, -106.61804962158203, -66.63449096679688, -88.42870330810547, -100.6868667602539, -83.76055145263672, -81.3119888305664, -94.2335433959961, -72.48822784423828, -86.61104583740234, -93.47380828857422, -98.51176452636719],