{"arm": "xgb28_delta_family", "family": "qmrxn20_e2", "fold": 4, "member": 0, "n_train": 160, "n_test": 39, "reaction_ids": ["qmrxn20_e2_D_D_E_E_A_A", "qmrxn20_e2_A_B_E_D_C_B", "qmrxn20_e2_E_A_A_A_B_A", "qmrxn20_e2_A_B_A_E_B_D", "qmrxn20_e2_B_A_D_E_B_B", "qmrxn20_e2_C_C_B_B_B_A", "qmrxn20_e2_D_A_D_A_A_A", "qmrxn20_e2_A_C_C_E_B_A", "qmrxn20_e2_A_B_A_E_C_B", "qmrxn20_e2_A_D_E_B_C_C", "qmrxn20_e2_E_C_C_A_C_C", "qmrxn20_e2_A_C_D_E_B_B", "qmrxn20_e2_A_C_A_E_B_A", "qmrxn20_e2_B_A_A_E_B_B", "qmrxn20_e2_A_C_E_C_B_A", "qmrxn20_e2_B_D_E_A_C_C", "qmrxn20_e2_A_E_D_A_C_B", "qmrxn20_e2_A_A_C_A_A_A", "qmrxn20_e2_C_B_D_E_A_A", "qmrxn20_e2_E_A_E_C_A_A", "qmrxn20_e2_D_A_E_A_B_B", "qmrxn20_e2_E_C_B_E_B_B", "qmrxn20_e2_A_D_D_C_A_A", "qmrxn20_e2_C_C_C_E_B_C", "qmrxn20_e2_A_B_D_E_C_C", "qmrxn20_e2_A_B_C_E_B_B", "qmrxn20_e2_D_E_C_E_B_A", "qmrxn20_e2_B_A_E_E_B_D", "qmrxn20_e2_A_E_A_C_C_B", "qmrxn20_e2_C_C_D_E_C_C", "qmrxn20_e2_D_A_E_B_B_A", "qmrxn20_e2_E_B_E_E_A_A", "qmrxn20_e2_A_B_A_D_B_B", "qmrxn20_e2_D_A_E_C_A_A", "qmrxn20_e2_E_D_C_E_B_A", "qmrxn20_e2_A_C_E_D_A_A", "qmrxn20_e2_C_B_A_A_C_B", "qmrxn20_e2_E_D_C_D_C_A", "qmrxn20_e2_D_A_C_E_C_B"], "y_true_strain": [39.78388595581055, 13.752387046813965, 31.0601863861084, 58.20677947998047, 13.565893173217773, 35.49378204345703, 30.25494956970215, 9.274857521057129, 12.649625778198242, 67.76297760009766, 32.7520751953125, 20.819623947143555, 13.237791061401367, 20.747371673583984, 11.696023941040039, 45.32027816772461, 17.622512817382812, 6.9919915199279785, 14.62353515625, 16.730958938598633, 22.159679412841797, 31.086965560913086, 7.4885711669921875, 39.64485168457031, 32.70005798339844, 17.187576293945312, 6.7836809158325195, 45.925941467285156, 29.157466888427734, 18.240394592285156, 5.396819114685059, 45.14064025878906, 16.099735260009766, 10.19924259185791, 12.800311088562012, 16.928457260131836, 12.194059371948242, 5.834317207336426, 13.625596046447754], "y_true_Pauli": [147.75999450683594, 118.63999938964844, 111.30000305175781, 127.30999755859375, 130.6199951171875, 284.3399963378906, 123.0, 93.05999755859375, 114.2300033569336, 164.86000061035156, 119.36000061035156, 138.5, 96.58000183105469, 137.85000610351562, 111.38999938964844, 132.13999938964844, 147.9499969482422, 75.77999877929688, 107.4800033569336, 99.44000244140625, 147.9600067138672, 167.8300018310547, 91.26000213623047, 131.42999267578125, 114.44999694824219, 129.11000061035156, 107.55000305175781, 120.80000305175781, 155.42999267578125, 83.87000274658203, 91.93000030517578, 151.83999633789062, 121.44000244140625, 95.51000213623047, 99.4800033569336, 109.91000366210938, 121.41000366210938, 105.37000274658203, 136.10000610351562], "y_true_elst": [-76.16999816894531, -82.63999938964844, -76.88999938964844, -83.05999755859375, -87.37999725341797, -196.32000732421875, -65.58000183105469, -96.02999877929688, -83.12999725341797, -97.4800033569336, -78.13999938964844, -95.37000274658203, -77.7699966430664, -89.19999694824219, -103.98999786376953, -81.87000274658203, -97.63999938964844, -66.20999908447266, -87.62000274658203, -87.5, -91.23999786376953, -125.26000213623047, -74.58000183105469, -84.58000183105469, -70.68000030517578, -104.77999877929688, -91.26000213623047, -79.0199966430664, -110.47000122070312, -63.779998779296875, -83.1500015258789, -99.16999816894531, -83.2699966430664, -83.02999877929688, -88.6500015258789, -78.33999633789062, -90.70999908447266, -93.05000305175781, -97.48999786376953], "y_true_oi": [-125.2300033569336, -83.36000061035156, -77.23999786376953, -103.08000183105469, -89.1500015258789, -198.24000549316406, -94.16000366210938, -49.91999816894531, -81.0999984741211, -147.07000732421875, -102.41000366210938, -96.01000213623047, -62.2400016784668, -98.70999908447266, -66.23999786376953, -107.86000061035156, -102.25, -45.790000915527344, -65.48999786376953, -60.4900016784668, -103.13999938964844, -124.69000244140625, -53.41999816894531, -117.0999984741211, -90.87999725341797, -89.8499984741211, -63.630001068115234, -92.83000183105469, -111.83000183105469, -64.23999786376953, -54.58000183105469, -118.30000305175781, -82.68000030517578, -57.119998931884766, -57.88999938964844, -72.9800033569336, -78.76000213623047, -60.22999954223633, -96.80999755859375], "y_true_disp": [-1.4600000381469727, -1.4600000381469727, -1.340000033378601, -3.2799999713897705, -1.5399999618530273, -2.4600000381469727, -1.440000057220459, -1.6200000047683716, -1.2000000476837158, -3.049999952316284, -2.740000009536743, -1.3600000143051147, -1.2599999904632568, -1.0499999523162842, -1.7300000190734863, -3.1600000858306885, -1.3300000429153442, -1.059999942779541, -1.6699999570846558, -1.590000033378601, -1.159999966621399, -1.3300000429153442, -1.5800000429153442, -3.309999942779541, -3.4100000858306885, -1.5499999523162842, -1.899999976158142, -3.9100000858306885, -1.1699999570846558, -3.9600000381469727, -1.5399999618530273, -1.649999976158142, -1.3899999856948853, -1.5399999618530273, -1.8300000429153442, -1.559999942779541, -1.8600000143051147, -1.9600000381469727, -1.5099999904632568], "y_pred_strain": [42.73106002807617, 12.966805458068848, 32.74424362182617, 55.19095230102539, 12.616305351257324, 49.04724884033203, 32.79682540893555, 7.927468299865723, 13.001335144042969, 56.835121154785156, 36.55401611328125, 19.974729537963867, 13.54771614074707, 21.465187072753906, 12.689002990722656, 36.73080062866211, 19.295555114746094, 12.717339515686035, 14.961051940917969, 15.360603332519531, 23.00431251525879, 25.796581268310547, 9.215347290039062, 37.15149688720703, 30.278501510620117, 15.861910820007324, 9.511439323425293, 48.18232727050781, 25.23285675048828, 20.834041595458984, 8.335395812988281, 37.72971725463867, 15.659165382385254, 11.29723834991455, 12.538202285766602, 11.658500671386719, 10.251058578491211, 6.726810932159424, 17.255516052246094], "y_pred_Pauli": [163.03884887695312, 119.56394958496094, 117.52710723876953, 116.21782684326172, 135.51304626464844, 232.03880310058594, 118.70803833007812, 90.990966796875, 113.12789916992188, 188.39710998535156, 117.94871520996094, 143.35665893554688, 101.25692749023438, 139.30831909179688, 108.61463165283203, 126.80818176269531, 146.90676879882812, 79.65877532958984, 109.33070373535156, 110.45543670654297, 146.72523498535156, 188.52285766601562, 87.77347564697266, 140.4593963623047, 112.92320251464844, 134.14715576171875, 107.47724914550781, 119.57073211669922, 153.55374145507812, 102.70711517333984, 96.54438781738281, 143.98776245117188, 118.45428466796875, 97.9445571899414, 101.65548706054688, 108.64833068847656, 120.8595962524414, 97.1362075805664, 136.6832733154297], "y_pred_elst": [-83.91698455810547, -80.41802215576172, -80.1534194946289, -74.0550765991211, -84.32256317138672, -155.15956115722656, -72.11894226074219, -91.72408294677734, -77.31709289550781, -118.4599380493164, -74.7464599609375, -92.41458892822266, -72.94056701660156, -87.76554107666016, -92.53810119628906, -78.85081481933594, -98.09386444091797, -62.456085205078125, -86.07146453857422, -92.45361328125, -88.7756118774414, -124.46235656738281, -71.88168334960938, -88.04451751708984, -67.15797424316406, -102.4192123413086, -95.65618896484375, -79.34614562988281, -106.07591247558594, -67.6169662475586, -87.8034896850586, -101.55612182617188, -79.73077392578125, -81.52719116210938, -95.15997314453125, -73.37480926513672, -85.41224670410156, -93.06356048583984, -97.76074981689453],