r1,r2,kind,sub_from,sub_to
1494,1495,dipole_change,*C(=O)NC,*C(=O)NC
1494,1578,dipole_change,*[C-](C#N)C(=O)NC,*[C-](C(C)=O)C(C)=O
1494,1579,dipole_change,*[C-](C#N)C(=O)NC,*[C-](C(C)=O)C(C)=O
1495,1578,dipole_change,*[C-](C#N)C(=O)NC,*[C-](C(C)=O)C(C)=O
1495,1579,dipole_change,*[C-](C#N)C(=O)NC,*[C-](C(C)=O)C(C)=O
1578,1579,dipole_change,*c1ccccc1,*c1ccccc1
1770,1771,dipole_change,*OC,*OC
3102,3103,dipole_change,*C,*C
3196,3197,dipole_change,*C(=O)NC,*C(=O)NC
2544,2545,dipole_change,*[NH+]=CC(=O)OC,*[NH+]=CC(=O)OC
2290,2291,dipole_change,*[N-]C(C)=O,*[N-]C(C)=O
1976,2134,dipole_change,*[O+]=C(C#N)C(C)=O,*[NH+]=C(C#N)C(=O)NC
1977,2133,dipole_change,*[O+]=C(C#N)C(C)=O,*[NH+]=C(C#N)C(=O)NC
1293,1295,dipole_change,*C(=O)OC,*C(=O)OC
2599,2602,dipole_change,*C(=O)NC,*C(=O)NC
1292,1294,dipole_change,*C(=O)OC,*C(=O)OC
2600,2601,dipole_change,*C(=O)NC,*C(=O)NC
1171,1172,dipole_change,*C(=O)OC,*C(=O)OC
2739,2740,dipole_change,*[N-]c1ccccc1,*[N-]c1ccccc1
1198,1201,dipole_change,*[C-](C#N)[NH+]=CC(C)=O,*[C-](C#N)[NH+]=CC(C)=O
2111,2112,dipole_change,*c1ccccc1,*c1ccccc1
1878,1879,dipole_change,*C(C)=O,*C(C)=O
61,62,dipole_change,*C(=O)OC,*C(=O)OC
136,137,dipole_change,*C,*C
82,83,dipole_change,*[O+]=CC#N,*[O+]=CC#N
265,266,dipole_change,*C,*C
1153,1154,dipole_change,*C,*C
24,25,dipole_change,*[N-][O+]=NC#N,*[N-][O+]=NC#N
105,106,dipole_change,*C(C)=O,*C(C)=O
319,320,dipole_change,*C(=O)NC,*C(=O)NC
259,260,dipole_change,*[N+]#Cc1ccccc1,*[N+]#Cc1ccccc1
914,915,dipole_change,*[N+](C)=C(C)C,*[N+](C)=C(C)C
3321,3336,dipole_change,*[C-](C#N)C(=O)NC,*[C-](C(C)=O)C(C)=O
3321,3383,dipole_change,*[C-](C#N)C(=O)NC,*[C-](C)c1ccccc1
3336,3383,dipole_change,*[C-](C(C)=O)C(C)=O,*[C-](C)c1ccccc1
3225,3234,dipole_change,*C#[N+][CH-]C,*C#[N+][CH-]C#N
3225,3300,dipole_change,*C#[N+][CH-]C,*OC(=O)[CH-][N+]#CC
3225,3319,dipole_change,*C#[N+][CH-]C,*NC(=O)C#[N+][CH-]C#N
3225,3333,dipole_change,*C#[N+][CH-]C,*NC(=O)C=[O+][CH-]C#N
3234,3300,dipole_change,*C#[N+][CH-]C#N,*OC(=O)[CH-][N+]#CC
3234,3319,dipole_change,*[CH-][N+]#CC,*[CH-][N+]#CC(=O)NC
3234,3333,dipole_change,*[CH-][N+]#CC,*[CH-][O+]=CC(=O)NC
3300,3319,dipole_change,*OC(=O)[CH-][N+]#CC,*NC(=O)C#[N+][CH-]C#N
3300,3333,dipole_change,*OC(=O)[CH-][N+]#CC,*NC(=O)C=[O+][CH-]C#N
3300,3418,dipole_change,*C(=O)[CH-][N+]#CC,*C(=O)[CH-][N+]#CC(C)=O
3319,3333,dipole_change,*C(=O)C#[N+][CH-]C#N,*C(=O)C=[O+][CH-]C#N
3418,3543,dipole_change,*C(=O)OC,*c1ccccc1
3543,3787,dipole_change,*[N+]#CC(C)=O,*[NH+]=CC(=O)NC
3259,3264,dipole_change,*[C-](C#N)[NH+]=CC,*[CH-][NH+]=C(C)C#N
3259,3266,dipole_change,*[NH+]=CC,*[N+]#CC#N
3259,3308,dipole_change,*[C-](C#N)[NH+]=CC,*[C-](C)[NH+]=CC(C)=O
3259,3379,dipole_change,*[C-](C#N)[NH+]=CC,*[CH-][NH+]=C(C)C(=O)NC
3259,3381,dipole_change,*[C-](C#N)[NH+]=CC,*[C-]([O+]=CC)C(=O)OC
3259,3410,dipole_change,*[C-](C)[NH+]=CC,*[C-](C(C)=O)[N+](C)=CC
3259,3420,dipole_change,*[C-](C)[NH+]=CC,*C(C)=[N+](C)[CH-]C(C)=O
3264,3266,dipole_change,*[CH-][NH+]=C(C)C#N,*[C-](C#N)[N+]#CC#N
3264,3308,dipole_change,*[CH-][NH+]=C(C)C#N,*[C-](C)[NH+]=CC(C)=O
3264,3379,dipole_change,*[CH-][NH+]=C(C)C#N,*[CH-][NH+]=C(C)C(=O)NC
3264,3381,dipole_change,*[CH-][NH+]=C(C)C#N,*[C-]([O+]=CC)C(=O)OC
3264,3410,dipole_change,*C(C)=[NH+][CH-]C,*[C-](C(C)=O)[N+](C)=CC
3264,3420,dipole_change,*C(C)=[NH+][CH-]C,*C(C)=[N+](C)[CH-]C(C)=O
3266,3308,dipole_change,*[C-](C#N)[N+]#CC#N,*[C-](C)[NH+]=CC(C)=O
3266,3379,dipole_change,*[C-](C#N)[N+]#CC#N,*[CH-][NH+]=C(C)C(=O)NC
3266,3381,dipole_change,*[C-](C#N)[N+]#CC#N,*[C-]([O+]=CC)C(=O)OC
3266,3410,dipole_change,*[C-](C)[N+]#CC#N,*[C-](C(C)=O)[N+](C)=CC
3266,3420,dipole_change,*[C-](C)[N+]#CC#N,*C(C)=[N+](C)[CH-]C(C)=O
3308,3379,dipole_change,*[C-](C)[NH+]=CC(C)=O,*[CH-][NH+]=C(C)C(=O)NC
3308,3381,dipole_change,*[C-](C)[NH+]=CC(C)=O,*[C-]([O+]=CC)C(=O)OC
3308,3410,dipole_change,*C=[NH+][C-](C)C,*[C-](C#N)[N+](C)=CC
3308,3420,dipole_change,*C=[NH+][C-](C)C,*[CH-][N+](C)=C(C)C#N
3308,3499,dipole_change,*C=[NH+][C-](C)C,*[C-]([N+]#CC)C(=O)NC
3308,3532,dipole_change,*C=[NH+][C-](C)C,*C(C(C)=O)=[N+](C)[CH-]C
3308,3544,dipole_change,*C=[NH+][C-](C)C,*[CH-][O+]=C(C)C(=O)NC
3308,3549,dipole_change,*C=[NH+][C-](C)C,*[CH-][O+]=C(C)C(=O)OC
3308,3604,dipole_change,*[C-](C)C,*[C-](C#N)C(=O)NC
3379,3381,dipole_change,*[CH-][NH+]=C(C)C(=O)NC,*[C-]([O+]=CC)C(=O)OC
3379,3459,dipole_change,*C(C)=[NH+][CH-]C,*C=[O+][C-](C#N)C#N
3379,3499,dipole_change,*C(C)=[NH+][CH-]C,*[C-]([N+]#CC)C(C)=O
3379,3544,dipole_change,*C(C)=[NH+][CH-]C,*C(C)=[O+][CH-]C(C)=O
3379,3604,dipole_change,*C(C)=[NH+][CH-]C,*[C-](C#N)[NH+]=CC(C)=O
3379,3714,dipole_change,*C(C)=[NH+][CH-]C,*C=[NH+][C-](C)C(=O)NC
3379,3719,dipole_change,*C(C)=[NH+][CH-]C,*[CH-][N+](C)=C(C)C(C)=O
3381,3549,dipole_change,*[C-](C)[O+]=CC,*C(C)=[O+][CH-]C(C)=O
3381,3733,dipole_change,*[C-](C)[O+]=CC,*C=[N+](C)[C-](C)C(C)=O
3410,3420,dipole_change,*[C-](C#N)[N+](C)=CC,*[CH-][N+](C)=C(C)C#N
3410,3499,dipole_change,*[C-](C#N)[N+](C)=CC,*[C-]([N+]#CC)C(=O)NC
3410,3532,dipole_change,*[C-](C#N)[N+](C)=CC,*C(C(C)=O)=[N+](C)[CH-]C
3410,3544,dipole_change,*[C-](C#N)[N+](C)=CC,*[CH-][O+]=C(C)C(=O)NC
3410,3549,dipole_change,*[C-](C#N)[N+](C)=CC,*[CH-][O+]=C(C)C(=O)OC
3420,3499,dipole_change,*[CH-][N+](C)=C(C)C#N,*[C-]([N+]#CC)C(=O)NC
3420,3532,dipole_change,*[CH-][N+](C)=C(C)C#N,*C(C(C)=O)=[N+](C)[CH-]C
3420,3544,dipole_change,*[CH-][N+](C)=C(C)C#N,*[CH-][O+]=C(C)C(=O)NC
3420,3549,dipole_change,*[CH-][N+](C)=C(C)C#N,*[CH-][O+]=C(C)C(=O)OC
3459,3499,dipole_change,*C=[O+][C-](C#N)C#N,*[C-]([N+]#CC)C(C)=O
3459,3544,dipole_change,*C=[O+][C-](C#N)C#N,*C(C)=[O+][CH-]C(C)=O
3459,3604,dipole_change,*C=[O+][C-](C#N)C#N,*[C-](C#N)[NH+]=CC(C)=O
3459,3714,dipole_change,*C=[O+][C-](C#N)C#N,*C=[NH+][C-](C)C(=O)NC
3459,3719,dipole_change,*C=[O+][C-](C#N)C#N,*[CH-][N+](C)=C(C)C(C)=O
3459,4064,dipole_change,*[C-](C#N)C#N,*[C-](C(C)=O)C(=O)OC
3499,3532,dipole_change,*[C-]([N+]#CC)C(=O)NC,*C(C(C)=O)=[N+](C)[CH-]C
3499,3544,dipole_change,*[C-]([N+]#CC)C(=O)NC,*[CH-][O+]=C(C)C(=O)NC
3499,3549,dipole_change,*[C-]([N+]#CC)C(=O)NC,*[CH-][O+]=C(C)C(=O)OC
3499,3604,dipole_change,*[C-]([N+]#CC)C(C)=O,*[C-](C#N)[NH+]=CC(C)=O
3499,3714,dipole_change,*[C-]([N+]#CC)C(C)=O,*C=[NH+][C-](C)C(=O)NC
3499,3719,dipole_change,*[C-]([N+]#CC)C(C)=O,*[CH-][N+](C)=C(C)C(C)=O
3532,3544,dipole_change,*C(C(C)=O)=[N+](C)[CH-]C,*[CH-][O+]=C(C)C(=O)NC
3532,3549,dipole_change,*C(C(C)=O)=[N+](C)[CH-]C,*[CH-][O+]=C(C)C(=O)OC
3544,3549,dipole_change,*[O+]=C(C)C(=O)NC,*[O+]=C(C)C(=O)OC
3544,3604,dipole_change,*C(C)=[O+][CH-]C(C)=O,*[C-](C#N)[NH+]=CC(C)=O
3544,3714,dipole_change,*C(C)=[O+][CH-]C(C)=O,*C=[NH+][C-](C)C(=O)NC
3544,3719,dipole_change,*C(C)=[O+][CH-]C(C)=O,*[CH-][N+](C)=C(C)C(C)=O
3549,3733,dipole_change,*C(C)=[O+][CH-]C(C)=O,*C=[N+](C)[C-](C)C(C)=O
3549,4360,dipole_change,*C,*c1ccccc1
3604,3714,dipole_change,*[C-](C#N)[NH+]=CC(C)=O,*C=[NH+][C-](C)C(=O)NC
3604,3719,dipole_change,*[C-](C#N)[NH+]=CC(C)=O,*[CH-][N+](C)=C(C)C(C)=O
3714,3719,dipole_change,*C=[NH+][C-](C)C(=O)NC,*[CH-][N+](C)=C(C)C(C)=O
3719,4273,dipole_change,*C,*C(=O)NC
3739,4465,dipole_change,*C#N,*c1ccccc1
3989,4573,dipole_change,*C#N,*C(=O)OC
4194,4617,dipole_change,*[C-](C)C(=O)OC,*[C-](C(C)=O)C(=O)NC
3411,3530,dipole_change,*[N-][N+]#CC(=O)OC,*C=[N+](C)[N-]C(=O)NC
3411,3548,dipole_change,*[N+]#CC(=O)OC,*[N+](C)=CC(=O)OC
3530,3548,dipole_change,*C=[N+](C)[N-]C(=O)NC,*[N-][N+](C)=CC(=O)OC
3316,3421,dipole_change,*[C-](C#N)C#N,*[C-](C#N)C(C)=O
3316,3683,dipole_change,*[O+]=C(C)C,*[N+](C)=C(C#N)C(C)=O
3405,3421,dipole_change,*c1oc(=O)[c-](C)[o+]1,*[C-](C#N)[O+]=C(C)C
3405,3737,dipole_change,*C(C)=O,*c1ccccc1
3421,3902,dipole_change,*[O+]=C(C)C,*[NH+]=C(C#N)C(=O)OC
3495,3496,dipole_change,*[C-](C)[NH+]=C(C)C#N,*[c-]1[nH+]c(C)oc1=O
3495,3513,dipole_change,*[C-](C)[NH+]=C(C)C#N,*C(C#N)=[O+][C-](C)C
3495,3569,dipole_change,*[C-](C)[NH+]=C(C)C#N,*C(C#N)=[O+][C-](C)C#N
3496,3513,dipole_change,*[c-]1[nH+]c(C)oc1=O,*C(C#N)=[O+][C-](C)C
3496,3520,dipole_change,*NC,*OC
3496,3569,dipole_change,*[c-]1[nH+]c(C)oc1=O,*C(C#N)=[O+][C-](C)C#N
3496,3716,dipole_change,*C(=O)NC,*c1ccccc1
3512,3520,dipole_change,*C(C)=[O+][C-](C)C#N,*[c-]1[nH+]c(C)oc1=O
3512,3569,dipole_change,*[O+]=C(C)C(=O)OC,*[O+]=C(C#N)C(=O)NC
3513,3569,dipole_change,*C,*C#N
3520,3716,dipole_change,*C(=O)OC,*c1ccccc1
3716,3736,dipole_change,*[c-]1[nH+]c(C)oc1=O,*[C-](C)[O+]=C(C)C#N
3716,3737,dipole_change,*[c-]1[nH+]c(C)oc1=O,*c1oc(=O)[c-](C)[o+]1
3716,3876,dipole_change,*[c-]1[nH+]c(C)oc1=O,*[C-](C#N)[N+](C)=C(C)C
3716,3913,dipole_change,*[c-]1[nH+]c(C)oc1=O,*C(C)=[N+](C)[C-](C)C#N
3736,3737,dipole_change,*[C-](C)[O+]=C(C)C#N,*c1oc(=O)[c-](C)[o+]1
3736,3876,dipole_change,*[C-](C)[O+]=C(C)C#N,*[C-](C#N)[N+](C)=C(C)C
3736,3913,dipole_change,*[C-](C)[O+]=C(C)C#N,*C(C)=[N+](C)[C-](C)C#N
3736,4454,dipole_change,*[O+]=C(C)C#N,*[N+](C)=C(C)C(=O)NC
3737,3876,dipole_change,*c1oc(=O)[c-](C)[o+]1,*[C-](C#N)[N+](C)=C(C)C
3737,3913,dipole_change,*c1oc(=O)[c-](C)[o+]1,*C(C)=[N+](C)[C-](C)C#N
3737,4274,dipole_change,*C,*C(=O)OC
3780,4008,dipole_change,*C#N,*C(C)=O
3866,4266,dipole_change,*C,*C(C)=O
3876,3913,dipole_change,*[C-](C#N)[N+](C)=C(C)C,*C(C)=[N+](C)[C-](C)C#N
3899,4630,dipole_change,*[NH+]=C(C)C,*[NH+]=C(C#N)C(=O)OC
3901,4384,dipole_change,*C#N,*C(=O)OC
3911,4454,dipole_change,*[C-](C)C(C)=O,*[C-](C)c1ccccc1
3911,4581,dipole_change,*C,*C(=O)OC
3990,3996,dipole_change,*C(=O)OC,*C(=O)NC
3990,4274,dipole_change,*C(=O)OC,*c1ccccc1
4008,4287,dipole_change,*C(=O)OC,*c1ccccc1
4089,4384,dipole_change,*C(=O)NC,*c1ccccc1
4266,4581,dipole_change,*[NH+]=C(C)C(=O)OC,*[N+](C)=C(C)C(=O)NC
4287,4561,dipole_change,*C(C)=O,*C(=O)NC
4384,4924,dipole_change,*[C-](C#N)C#N,*[C-](C#N)C(=O)NC
4454,4581,dipole_change,*[C-](C)c1ccccc1,*[C-](C(C)=O)C(=O)OC
4650,4958,dipole_change,*[C-](C#N)C(=O)OC,*[C-](C(C)=O)C(=O)NC
4677,4920,dipole_change,*[C-](C#N)C(C)=O,*[C-](C(C)=O)C(C)=O
4920,4925,dipole_change,*C(=O)OC,*C(=O)NC
4991,5215,dipole_change,*C,*NC
3284,3402,dipole_change,*C#N,*C(=O)OC
3402,3731,dipole_change,*C(C)=O,*c1ccccc1
3568,3731,dipole_change,*C(=[NH+][NH-])C(C)=O,*[C-]([N+]#N)C(=O)OC
3282,3331,dipole_change,*[N-][O+]=C(C#N)C#N,*C(C#N)=[NH+][N-]C(C)=O
3282,3408,dipole_change,*C(C#N)=[O+][N-]C,*C(=[NH+][N-]C)C(=O)OC
3331,3408,dipole_change,*C(C)=[NH+][N-]C(C)=O,*C(=[NH+][N-]C)C(=O)OC
3408,3458,dipole_change,*C(C#N)=[NH+][N-]C,*C(C#N)=[O+][N-]C#N
3821,3963,dipole_change,*C(=[NH+][N-]C#N)C(C)=O,*C(=[NH+][N-]C)C(=O)NC
3821,4343,dipole_change,*C(C)=O,*c1ccccc1
3223,3238,dipole_change,*[N-][N+]#N,*C(=O)N=[NH+][NH-]
3223,3257,dipole_change,*[N-]C,*[N-]C(=O)NC
3223,3260,dipole_change,*[N-]C,*[N-]C(=O)OC
3238,3257,dipole_change,*C(=O)N=[NH+][NH-],*NC(=O)[N-][N+]#N
3238,3260,dipole_change,*C(=O)N=[NH+][NH-],*OC(=O)[N-][N+]#N
3238,3317,dipole_change,*[NH+]=NC(C)=O,*[NH+]=Nc1ccccc1
3257,3260,dipole_change,*NC,*OC
3571,3954,dipole_change,*N=[NH+][N-]C(C)=O,*[N-][N+](C)=NC(=O)OC
3233,3297,dipole_change,*C#[N+][CH-]C#N,*NC(=O)C#[N+][CH-]C
3233,3343,dipole_change,*[CH-][N+]#CC,*[CH-][NH+]=CC(=O)NC
3233,3437,dipole_change,*[N+]#CC,*[O+]=Cc1ccccc1
3297,3343,dipole_change,*C#[N+][CH-]C,*C=[NH+][CH-]C#N
3297,3433,dipole_change,*C#[N+][CH-]C,*[CH-][NH+]=CC(C)=O
3343,3433,dipole_change,*C=[NH+][CH-]C#N,*[CH-][NH+]=CC(C)=O
3343,3437,dipole_change,*[NH+]=CC(=O)NC,*[O+]=Cc1ccccc1
3437,3554,dipole_change,*C=[O+][CH-]C#N,*C#[N+][CH-]C(C)=O
3437,3573,dipole_change,*C=[O+][CH-]C#N,*C=[O+][CH-]C(C)=O
3437,3745,dipole_change,*C=[O+][CH-]C#N,*[CH-][N+]#CC(=O)OC
3437,3770,dipole_change,*C=[O+][CH-]C#N,*C=[NH+][CH-]C(=O)OC
3554,3573,dipole_change,*[N+]#Cc1ccccc1,*[O+]=Cc1ccccc1
3554,3745,dipole_change,*C#[N+][CH-]C(C)=O,*[CH-][N+]#CC(=O)OC
3554,3770,dipole_change,*C#[N+][CH-]C(C)=O,*C=[NH+][CH-]C(=O)OC
3573,3745,dipole_change,*C=[O+][CH-]C(C)=O,*[CH-][N+]#CC(=O)OC
3573,3770,dipole_change,*C=[O+][CH-]C(C)=O,*C=[NH+][CH-]C(=O)OC
3745,3770,dipole_change,*[CH-][N+]#CC(=O)OC,*C=[NH+][CH-]C(=O)OC
3296,3320,dipole_change,*[CH-][N+](C)=C(C)C#N,*[N+](=CC)[C-](C#N)C#N
3296,3324,dipole_change,*[CH-][N+](C)=C(C)C#N,*[C-]([N+]#CC#N)C(C)=O
3296,3363,dipole_change,*C(C)=[N+](C)[CH-]C,*[C-]([N+]#CC#N)C(C)=O
3296,3500,dipole_change,*[CH-]C,*[CH-]C(=O)OC
3296,3516,dipole_change,*[CH-]C,*[CH-]C(=O)NC
3320,3324,dipole_change,*[N+](=CC)[C-](C#N)C#N,*[C-]([N+]#CC#N)C(C)=O
3320,3363,dipole_change,*[C-](C#N)[N+](C)=CC,*[C-]([N+]#CC#N)C(C)=O
3320,3439,dipole_change,*[N+](C)=CC,*[N+]#CC(=O)NC
3324,3363,dipole_change,*[C-](C)C(C)=O,*[C-](C#N)C(C)=O
3324,3494,dipole_change,*[C-](C)C(C)=O,*[C-](C)c1ccccc1
3324,3574,dipole_change,*[C-](C)C(C)=O,*[C-](C(C)=O)C(=O)NC
3324,3585,dipole_change,*[C-](C)C(C)=O,*[C-](C(C)=O)C(=O)OC
3363,3494,dipole_change,*[C-](C#N)C(C)=O,*[C-](C)c1ccccc1
3363,3574,dipole_change,*C#N,*C(=O)NC
3363,3580,dipole_change,*C(C)=O,*c1ccccc1
3363,3585,dipole_change,*C#N,*C(=O)OC
3439,3516,dipole_change,*C#[N+][C-](C#N)C#N,*[CH-][N+](C)=C(C)C#N
3439,3574,dipole_change,*C#[N+][C-](C#N)C#N,*[C-]([N+]#CC#N)C(C)=O
3439,3579,dipole_change,*C#[N+][C-](C#N)C#N,*[C-](C#N)[N+]#CC(C)=O
3439,3589,dipole_change,*C#[N+][C-](C#N)C#N,*[CH-][N+](C)=C(C#N)C#N
3439,3654,dipole_change,*C#[N+][C-](C#N)C#N,*C(=[O+][CH-]C#N)C(C)=O
3439,3715,dipole_change,*C#[N+][C-](C#N)C#N,*C=[O+][C-](C)C(=O)OC
3439,3880,dipole_change,*[C-](C#N)C#N,*[C-](C)c1ccccc1
3482,3494,dipole_change,*[CH-][O+]=C(C)C,*[C-](C)[N+]#CC#N
3482,3580,dipole_change,*[CH-][O+]=C(C)C,*[C-](C#N)[N+]#CC#N
3482,3741,dipole_change,*[CH-][O+]=C(C)C,*[C-](C)[N+]#CC(C)=O
3482,3874,dipole_change,*[CH-][O+]=C(C)C,*[C-](C)[N+]#CC(=O)OC
3482,3880,dipole_change,*[CH-][O+]=C(C)C,*[C-](C)[N+]#CC(=O)NC
3482,3947,dipole_change,*[CH-][O+]=C(C)C,*[CH-][NH+]=C(C)C(=O)OC
3482,3949,dipole_change,*[CH-][O+]=C(C)C,*C=[O+][C-](C)C(=O)NC
3494,3574,dipole_change,*[C-](C)c1ccccc1,*[C-](C(C)=O)C(=O)NC
3494,3580,dipole_change,*[C-](C)[N+]#CC#N,*[C-](C#N)[N+]#CC#N
3494,3585,dipole_change,*[C-](C)c1ccccc1,*[C-](C(C)=O)C(=O)OC
3494,3741,dipole_change,*[C-](C)[N+]#CC#N,*[C-](C)[N+]#CC(C)=O
3494,3874,dipole_change,*[C-](C)[N+]#CC#N,*[C-](C)[N+]#CC(=O)OC
3494,3880,dipole_change,*[C-](C)[N+]#CC#N,*[C-](C)[N+]#CC(=O)NC
3494,3947,dipole_change,*[C-](C)[N+]#CC#N,*[CH-][NH+]=C(C)C(=O)OC
3494,3949,dipole_change,*[C-](C)[N+]#CC#N,*C=[O+][C-](C)C(=O)NC
3500,3516,dipole_change,*OC,*NC
3500,3585,dipole_change,*[CH-][N+](C)=C(C)C#N,*[C-]([N+]#CC#N)C(C)=O
3500,3617,dipole_change,*[CH-][N+](C)=C(C)C#N,*[C-](C#N)[NH+]=CC(C)=O
3500,3658,dipole_change,*[CH-][N+](C)=C(C)C#N,*[C-]([NH+]=CC#N)C(C)=O
3500,3676,dipole_change,*[CH-][N+](C)=C(C)C#N,*[C-]([N+]#CC)C(=O)OC
3500,3715,dipole_change,*[CH-][N+](C)=C(C)C#N,*[C-](C)[O+]=CC(=O)NC
3500,3755,dipole_change,*[CH-][N+](C)=C(C)C#N,*C(C)=[N+](C)[CH-]C(C)=O
3516,3574,dipole_change,*[CH-][N+](C)=C(C)C#N,*[C-]([N+]#CC#N)C(C)=O
3516,3579,dipole_change,*[CH-][N+](C)=C(C)C#N,*[C-](C#N)[N+]#CC(C)=O
3516,3589,dipole_change,*C,*C#N
3516,3654,dipole_change,*[CH-][N+](C)=C(C)C#N,*C(=[O+][CH-]C#N)C(C)=O
3516,3715,dipole_change,*[CH-][N+](C)=C(C)C#N,*C=[O+][C-](C)C(=O)OC
3574,3579,dipole_change,*[C-]([N+]#CC#N)C(C)=O,*[C-](C#N)[N+]#CC(C)=O
3574,3585,dipole_change,*[C-](C(C)=O)C(=O)NC,*[C-](C(C)=O)C(=O)OC
3574,3589,dipole_change,*[C-]([N+]#CC#N)C(C)=O,*[CH-][N+](C)=C(C#N)C#N
3574,3654,dipole_change,*[C-]([N+]#CC#N)C(C)=O,*C(=[O+][CH-]C#N)C(C)=O
3574,3715,dipole_change,*[C-]([N+]#CC#N)C(C)=O,*C=[O+][C-](C)C(=O)OC
3574,3854,dipole_change,*[N+]#CC#N,*[NH+]=CC(C)=O
3579,3589,dipole_change,*[C-](C#N)[N+]#CC(C)=O,*[CH-][N+](C)=C(C#N)C#N
3579,3654,dipole_change,*[C-](C#N)[N+]#CC(C)=O,*C(=[O+][CH-]C#N)C(C)=O
3579,3715,dipole_change,*[C-](C#N)[N+]#CC(C)=O,*C=[O+][C-](C)C(=O)OC
3579,3741,dipole_change,*[C-](C#N)C(=O)NC,*[C-](C)c1ccccc1
3579,3800,dipole_change,*[N+]#CC(C)=O,*[O+]=CC(=O)OC
3579,4275,dipole_change,*C#N,*c1ccccc1
3580,3741,dipole_change,*[C-](C#N)[N+]#CC#N,*[C-](C)[N+]#CC(C)=O
3580,3874,dipole_change,*[C-](C#N)[N+]#CC#N,*[C-](C)[N+]#CC(=O)OC
3580,3880,dipole_change,*[C-](C#N)[N+]#CC#N,*[C-](C)[N+]#CC(=O)NC
3580,3947,dipole_change,*[C-](C#N)[N+]#CC#N,*[CH-][NH+]=C(C)C(=O)OC
3580,3949,dipole_change,*[C-](C#N)[N+]#CC#N,*C=[O+][C-](C)C(=O)NC
3585,3617,dipole_change,*[C-]([N+]#CC#N)C(C)=O,*[C-](C#N)[NH+]=CC(C)=O
3585,3658,dipole_change,*[N+]#CC#N,*[NH+]=CC#N
3585,3676,dipole_change,*[C-]([N+]#CC#N)C(C)=O,*[C-]([N+]#CC)C(=O)OC
3585,3715,dipole_change,*[C-]([N+]#CC#N)C(C)=O,*[C-](C)[O+]=CC(=O)NC
3585,3755,dipole_change,*[C-]([N+]#CC#N)C(C)=O,*C(C)=[N+](C)[CH-]C(C)=O
3585,3765,dipole_change,*C,*OC
3589,3654,dipole_change,*[CH-][N+](C)=C(C#N)C#N,*C(=[O+][CH-]C#N)C(C)=O
3589,3715,dipole_change,*[CH-][N+](C)=C(C#N)C#N,*C=[O+][C-](C)C(=O)OC
3617,3658,dipole_change,*[C-](C#N)[NH+]=CC(C)=O,*[C-]([NH+]=CC#N)C(C)=O
3617,3676,dipole_change,*[C-](C#N)[NH+]=CC(C)=O,*[C-]([N+]#CC)C(=O)OC
3617,3715,dipole_change,*[C-](C#N)[NH+]=CC(C)=O,*[C-](C)[O+]=CC(=O)NC
3617,3755,dipole_change,*[C-](C#N)[NH+]=CC(C)=O,*C(C)=[N+](C)[CH-]C(C)=O
3617,3791,dipole_change,*[NH+]=CC(C)=O,*[N+]#CC(=O)OC
3617,3854,dipole_change,*[C-](C#N)C(=O)OC,*[C-](C(C)=O)C(=O)NC
3617,4055,dipole_change,*C#N,*C(=O)OC
3654,3715,dipole_change,*C(=[O+][CH-]C#N)C(C)=O,*C=[O+][C-](C)C(=O)OC
3658,3676,dipole_change,*[C-]([NH+]=CC#N)C(C)=O,*[C-]([N+]#CC)C(=O)OC
3658,3715,dipole_change,*[C-]([NH+]=CC#N)C(C)=O,*[C-](C)[O+]=CC(=O)NC
3658,3755,dipole_change,*[C-]([NH+]=CC#N)C(C)=O,*C(C)=[N+](C)[CH-]C(C)=O
3676,3715,dipole_change,*[C-]([N+]#CC)C(=O)OC,*[C-](C)[O+]=CC(=O)NC
3676,3755,dipole_change,*[C-]([N+]#CC)C(=O)OC,*C(C)=[N+](C)[CH-]C(C)=O
3676,3765,dipole_change,*[N+]#CC,*[N+]#CC#N
3676,3808,dipole_change,*[N+]#CC,*[O+]=CC#N
3676,4055,dipole_change,*[N+]#CC,*[NH+]=CC(C)=O
3715,3755,dipole_change,*[C-](C)[O+]=CC(=O)NC,*C(C)=[N+](C)[CH-]C(C)=O
3741,3874,dipole_change,*[C-](C)[N+]#CC(C)=O,*[C-](C)[N+]#CC(=O)OC
3741,3880,dipole_change,*[C-](C)[N+]#CC(C)=O,*[C-](C)[N+]#CC(=O)NC
3741,3947,dipole_change,*[C-](C)[N+]#CC(C)=O,*[CH-][NH+]=C(C)C(=O)OC
3741,3949,dipole_change,*[C-](C)[N+]#CC(C)=O,*C=[O+][C-](C)C(=O)NC
3741,4275,dipole_change,*C,*C(=O)NC
3741,4596,dipole_change,*C,*c1ccccc1
3765,3808,dipole_change,*[N+]#CC#N,*[O+]=CC#N
3765,4055,dipole_change,*[N+]#CC#N,*[NH+]=CC(C)=O
3791,3874,dipole_change,*[C-](C#N)C(=O)OC,*[C-](C)c1ccccc1
3808,4055,dipole_change,*[O+]=CC#N,*[NH+]=CC(C)=O
3874,3880,dipole_change,*C(=O)OC,*C(=O)NC
3874,3947,dipole_change,*[C-](C)[N+]#CC(=O)OC,*[CH-][NH+]=C(C)C(=O)OC
3874,3949,dipole_change,*[C-](C)[N+]#CC(=O)OC,*C=[O+][C-](C)C(=O)NC
3880,3947,dipole_change,*[C-](C)[N+]#CC(=O)NC,*[CH-][NH+]=C(C)C(=O)OC
3880,3949,dipole_change,*[C-](C)[N+]#CC(=O)NC,*C=[O+][C-](C)C(=O)NC
3880,4582,dipole_change,*C,*C(=O)OC
3947,3949,dipole_change,*[CH-][NH+]=C(C)C(=O)OC,*C=[O+][C-](C)C(=O)NC
3949,4114,dipole_change,*[C-](C)C(=O)NC,*[C-](C(C)=O)C(C)=O
4056,4275,dipole_change,*[O+]=CC#N,*[N+]#CC(C)=O
4056,4812,dipole_change,*[O+]=CC#N,*[N+]#Cc1ccccc1
4275,4596,dipole_change,*C(=O)NC,*c1ccccc1
4275,4812,dipole_change,*[N+]#CC(C)=O,*[N+]#Cc1ccccc1
3235,3253,dipole_change,*C=[O+][N-]C#N,*C(=O)C#[N+][N-]C
3235,3262,dipole_change,*C=[O+][N-]C#N,*[N+](=CC#N)[N-]C
3235,3295,dipole_change,*C=[O+][N-]C#N,*C#[N+][N-]C(=O)NC
3235,3314,dipole_change,*C=[O+][N-]C#N,*OC(=O)C#[N+][N-]C#N
3253,3262,dipole_change,*[N+]#CC(C)=O,*[N+](C)=CC#N
3253,3295,dipole_change,*C(=O)C#[N+][N-]C,*C#[N+][N-]C(=O)NC
3253,3314,dipole_change,*C(=O)C#[N+][N-]C,*OC(=O)C#[N+][N-]C#N
3253,3413,dipole_change,*C#[N+][N-]C,*[N-][N+]#CC(=O)NC
3262,3295,dipole_change,*[N+](=CC#N)[N-]C,*C#[N+][N-]C(=O)NC
3262,3314,dipole_change,*[N+](=CC#N)[N-]C,*OC(=O)C#[N+][N-]C#N
3295,3314,dipole_change,*C#[N+][N-]C(=O)NC,*OC(=O)C#[N+][N-]C#N
3295,3413,dipole_change,*[N-][N+]#CC,*C#[N+][N-]C(C)=O
3258,3269,dipole_change,*[N+]#CC(=O)NC,*[NH+]=CC(=O)OC
3315,3388,dipole_change,*[C-](C#N)[O+]=C(C)C,*[c-]1c(=O)oc(C)[n+]1C
3315,3722,dipole_change,*[C-](C#N)C#N,*[C-](C(C)=O)C(=O)OC
3501,3502,dipole_change,*[c-]1[nH+]c(C)oc1=O,*C(C)=[O+][C-](C)C#N
3501,3518,dipole_change,*[c-]1[nH+]c(C)oc1=O,*C(C)=[NH+][C-](C)C#N
3501,3722,dipole_change,*[c-]1[nH+]c(C)oc1=O,*[C-]([O+]=C(C)C)C(C)=O
3502,3518,dipole_change,*[O+]=C(C)C(=O)OC,*[NH+]=C(C)C(=O)OC
3502,3722,dipole_change,*C(C)=[O+][C-](C)C#N,*[C-]([O+]=C(C)C)C(C)=O
3518,3722,dipole_change,*C(C)=[NH+][C-](C)C#N,*[C-]([O+]=C(C)C)C(C)=O
3587,3769,dipole_change,*C(C)=O,*C(=O)OC
3769,4225,dipole_change,*C#N,*C(=O)OC
4395,4944,dipole_change,*C(C)=O,*c1ccccc1
4580,5176,dipole_change,*C,*C(=O)NC
4811,5214,dipole_change,*C,*C(C)=O
5372,5654,dipole_change,*C,*C(C)=O
3279,3328,dipole_change,*[N-][N+](C)=C(C)C,*C(=[NH+][N-]C#N)C(C)=O
3328,3460,dipole_change,*[NH+]=C(C)C(C)=O,*[O+]=C(C#N)C(=O)OC
3545,3559,dipole_change,*[c-]1[o+]noc1=O,*[c-]1[nH+]noc1=O
3545,3813,dipole_change,*[c-]1[o+]noc1=O,*C(C#N)=[N+](C)[N-]C#N
3545,3964,dipole_change,*[c-]1[o+]noc1=O,*C(C)=[O+][N-]C(=O)OC
3559,3813,dipole_change,*[c-]1[nH+]noc1=O,*C(C#N)=[N+](C)[N-]C#N
3559,3964,dipole_change,*[c-]1[nH+]noc1=O,*C(C)=[O+][N-]C(=O)OC
3813,3964,dipole_change,*C(C#N)=[N+](C)[N-]C#N,*C(C)=[O+][N-]C(=O)OC
3964,4038,dipole_change,*C,*C#N
3229,3237,dipole_change,*[N+]([NH-])=NC,*C(=O)[N-][NH+]=N
3229,3261,dipole_change,*[N+]([NH-])=NC,*NC(=O)[N-][N+]#N
3237,3261,dipole_change,*C(=O)[N-][NH+]=N,*NC(=O)[N-][N+]#N
3261,3306,dipole_change,*C(=O)NC,*c1ccccc1
3265,3304,dipole_change,*[O+]=NC(C)=O,*[O+]=NC(=O)NC
3304,3407,dipole_change,*C(=O)N=[O+][N-]C,*C(=O)[N-][N+](C)=NC#N
2772,2773,dipole_change,*NC,*NC
2468,2469,dipole_change,*OC,*OC
1302,1305,dipole_change,*[C-]([O+]=CC)C(C)=O,*[C-]([O+]=CC)C(C)=O
1337,1339,dipole_change,*C,*C
652,655,dipole_change,*[NH+]=NC,*[NH+]=NC
653,654,dipole_change,*[NH+]=NC,*[NH+]=NC
3263,3274,dipole_change,*C(=O)[C-]([NH+]=C)C(C)=O,*[C-](C(=O)NC)[N+](=C)C
3274,3340,dipole_change,*[C-](C)[N+](=C)C,*[C-]([N+]#C)C(=O)OC
3288,3370,dipole_change,*C#N,*C(C)=O
3288,3441,dipole_change,*C#N,*C(=O)NC
3370,3441,dipole_change,*[N+]#CC(C)=O,*[N+]#CC(=O)NC
3226,3250,dipole_change,*C#[N+][C-](C#N)C#N,*[C-](C#N)[NH+]=CC(C)=O
3226,3283,dipole_change,*[C-](C#N)[N+]#CC,*C#[N+][C-](C)C(=O)OC
3226,3289,dipole_change,*[C-](C#N)[N+]#CC,*C(C)=[NH+][CH-]C(=O)OC
3226,3380,dipole_change,*[N+]#CC,*[N+](C)=CC(=O)NC
3250,3283,dipole_change,*[C-](C)[NH+]=CC(C)=O,*C#[N+][C-](C)C(=O)OC
3250,3289,dipole_change,*[C-](C)[NH+]=CC(C)=O,*C(C)=[NH+][CH-]C(=O)OC
3250,3344,dipole_change,*C=[NH+][C-](C)C#N,*[C-](C)[N+]#CC(=O)NC
3250,3356,dipole_change,*[C-](C)C#N,*[C-](C)C(=O)NC
3283,3289,dipole_change,*C(=O)[C-](C)[N+]#CC#N,*C(=O)[CH-][NH+]=C(C)C#N
3309,3344,dipole_change,*C(C#N)=[NH+][CH-]C#N,*C#[N+][C-](C)C(C)=O
3309,3356,dipole_change,*C(C#N)=[NH+][CH-]C#N,*[C-](C)[NH+]=CC(C)=O
3309,3380,dipole_change,*C(C#N)=[NH+][CH-]C#N,*C=[N+](C)[C-](C#N)C#N
3344,3356,dipole_change,*C#[N+][C-](C)C(C)=O,*[C-](C)[NH+]=CC(C)=O
3344,3380,dipole_change,*C#[N+][C-](C)C(C)=O,*C=[N+](C)[C-](C#N)C#N
3344,3461,dipole_change,*[C-](C)C(C)=O,*[C-](C#N)C(=O)NC
3344,3624,dipole_change,*[C-](C)C(C)=O,*[C-](C(C)=O)C(=O)OC
3356,3380,dipole_change,*[C-](C)[NH+]=CC(C)=O,*C=[N+](C)[C-](C#N)C#N
3386,3475,dipole_change,*[O+]=CC#N,*[N+]#CC(C)=O
3386,3476,dipole_change,*[C-](C#N)[O+]=CC#N,*C#[N+][C-](C#N)C(C)=O
3386,3517,dipole_change,*[C-](C#N)[O+]=CC#N,*C(=[O+][CH-]C#N)C(C)=O
3386,3686,dipole_change,*[O+]=CC#N,*[N+](C)=CC(C)=O
3386,3841,dipole_change,*[O+]=CC#N,*[N+]#Cc1ccccc1
3461,3606,dipole_change,*[N+]#CC(=O)NC,*[N+](C)=CC(=O)OC
3461,3624,dipole_change,*[C-](C#N)C(=O)NC,*[C-](C(C)=O)C(=O)OC
3475,3476,dipole_change,*[C-](C#N)[N+]#CC(C)=O,*C#[N+][C-](C#N)C(C)=O
3475,3517,dipole_change,*[C-](C#N)[N+]#CC(C)=O,*C(=[O+][CH-]C#N)C(C)=O
3475,3686,dipole_change,*[N+]#CC(C)=O,*[N+](C)=CC(C)=O
3475,3841,dipole_change,*[N+]#CC(C)=O,*[N+]#Cc1ccccc1
3476,3517,dipole_change,*C#[N+][C-](C#N)C(C)=O,*C(=[O+][CH-]C#N)C(C)=O
3476,3841,dipole_change,*C(C)=O,*c1ccccc1
3476,3850,dipole_change,*[C-](C#N)C(C)=O,*[C-](C(C)=O)C(=O)NC
3624,4065,dipole_change,*C(C)=O,*c1ccccc1
3686,3841,dipole_change,*[N+](C)=CC(C)=O,*[N+]#Cc1ccccc1
3772,4673,dipole_change,*C,*c1ccccc1
3841,4326,dipole_change,*C#N,*C(=O)OC
4065,4326,dipole_change,*C(=O)NC,*c1ccccc1
4065,4337,dipole_change,*[N+]#CC(=O)NC,*[N+](C)=CC(=O)NC
4117,4337,dipole_change,*C(C)=O,*C(=O)OC
4326,4337,dipole_change,*[N+]#Cc1ccccc1,*[N+](C)=CC(=O)NC
3228,3294,dipole_change,*[N+]#CC#N,*[NH+]=CC(=O)NC
3273,3281,dipole_change,*C#[N+][N-]C,*[N-][NH+]=CC
3273,3318,dipole_change,*C#[N+][N-]C,*[N-][N+](C)=CC
3273,3357,dipole_change,*C#[N+][N-]C,*[N-][N+]#CC(C)=O
3273,3467,dipole_change,*C#[N+][N-]C,*[N-][NH+]=CC(=O)OC
3281,3318,dipole_change,*[N-][NH+]=CC,*[N-][N+](C)=CC
3281,3357,dipole_change,*[N-][NH+]=CC,*[N-][N+]#CC(C)=O
3281,3467,dipole_change,*[N-][NH+]=CC,*[N-][NH+]=CC(=O)OC
3318,3357,dipole_change,*[N+](C)=CC,*[N+]#CC(C)=O
3318,3467,dipole_change,*[N+](C)=CC,*[NH+]=CC(=O)OC
3357,3467,dipole_change,*[N-][N+]#CC(C)=O,*[N-][NH+]=CC(=O)OC
3242,3243,dipole_change,*[c-]1[o+]c(C#N)oc1=O,*[C-](C)[N+](C)=C(C)C
3242,3280,dipole_change,*c1oc(=O)[c-](C)[o+]1,*C(C#N)=[N+](C)[C-](C)C
3242,3491,dipole_change,*C,*c1ccccc1
3243,3280,dipole_change,*[N+](C)=C(C)C,*[N+](C)=C(C#N)C#N
3382,3435,dipole_change,*[C-](C)[O+]=C(C#N)C#N,*[C-]([O+]=C(C)C)C(C)=O
3384,3401,dipole_change,*c1oc(=O)[c-](C#N)[o+]1,*[c-]1c(=O)oc(C)[n+]1C
3384,3486,dipole_change,*C(=O)OC,*c1ccccc1
3394,3490,dipole_change,*[NH+]=C(C#N)C(C)=O,*[NH+]=C(C#N)C(=O)OC
3394,3997,dipole_change,*C,*c1ccccc1
3401,4037,dipole_change,*C,*c1ccccc1
3435,4034,dipole_change,*[O+]=C(C)C,*[N+](C)=C(C)C(=O)OC
3486,3491,dipole_change,*c1oc(=O)[c-](C#N)[o+]1,*[c-]1[o+]c(C#N)oc1=O
3547,4044,dipole_change,*C,*C(=O)OC
3689,3785,dipole_change,*[O+]=C(C)C#N,*[O+]=C(C#N)C#N
3689,3879,dipole_change,*[O+]=C(C)C#N,*[O+]=C(C)C(C)=O
3689,3997,dipole_change,*[O+]=C(C)C#N,*[NH+]=C(C#N)C(C)=O
3785,3879,dipole_change,*[O+]=C(C#N)C#N,*[O+]=C(C)C(C)=O
3785,3997,dipole_change,*[O+]=C(C#N)C#N,*[NH+]=C(C#N)C(C)=O
3879,3997,dipole_change,*[O+]=C(C)C(C)=O,*[NH+]=C(C#N)C(C)=O
4371,4762,dipole_change,*[C-](C)C(=O)NC,*[C-](C(C)=O)C(=O)OC
4371,5047,dipole_change,*C,*C(=O)OC
4471,4783,dipole_change,*[N+](C)=C(C#N)C#N,*[O+]=C(C#N)C(=O)NC
4524,4762,dipole_change,*C(=O)OC,*c1ccccc1
4762,5047,dipole_change,*C,*NC
4783,5272,dipole_change,*C#N,*C(=O)NC
3519,3684,dipole_change,*[N-]C(C)=O,*[N-]C(=O)OC
3218,3221,dipole_change,*N=[NH+][NH-],*C(=O)[N-][N+]#N
3218,3224,dipole_change,*N=[NH+][NH-],*NC(=O)N=[O+][NH-]
3221,3224,dipole_change,*C(=O)[N-][N+]#N,*NC(=O)N=[O+][NH-]
3248,3358,dipole_change,*[N-][O+]=NC#N,*N=[O+][N-]C(=O)NC
4212,4350,dipole_change,*[C-](C#N)[N+]#C,*[C-](C)[N+](=C)C
4212,4710,dipole_change,*C#N,*C(=O)OC
4350,4710,dipole_change,*[C-](C)[N+](=C)C,*[C-]([N+]#C)C(=O)OC
3665,3667,dipole_change,*[NH+]=C,*[NH+]=C
3665,3957,dipole_change,*C(=O)[C-](C)[NH+]=C,*NC(=O)[C-](C#N)[O+]=C
3665,4236,dipole_change,*[C-](C)[NH+]=C,*C(=[O+][CH2-])C(=O)NC
3665,4240,dipole_change,*[C-](C)[NH+]=C,*C(=[O+][CH2-])C(=O)NC
3667,3957,dipole_change,*C(=O)[C-](C)[NH+]=C,*NC(=O)[C-](C#N)[O+]=C
3667,4236,dipole_change,*[C-](C)[NH+]=C,*C(=[O+][CH2-])C(=O)NC
3667,4240,dipole_change,*[C-](C)[NH+]=C,*C(=[O+][CH2-])C(=O)NC
3957,4236,dipole_change,*[C-](C#N)[O+]=C,*C(=[O+][CH2-])C(C)=O
3957,4240,dipole_change,*[C-](C#N)[O+]=C,*C(=[O+][CH2-])C(C)=O
4236,4240,dipole_change,*C(C)=O,*C(C)=O
4351,4353,dipole_change,*[N+](=C)C,*[N+](=C)C
3668,3958,dipole_change,*C(=O)[C-](C)[NH+]=C,*NC(=O)[C-](C#N)[O+]=C
3668,4239,dipole_change,*[C-](C)[NH+]=C,*C(=[O+][CH2-])C(=O)NC
3958,4239,dipole_change,*[C-](C#N)[O+]=C,*C(=[O+][CH2-])C(C)=O
3663,3959,dipole_change,*C(=O)[C-](C)[NH+]=C,*NC(=O)[C-](C#N)[O+]=C
3663,4238,dipole_change,*[C-](C)[NH+]=C,*C(=[O+][CH2-])C(=O)NC
3959,4238,dipole_change,*[C-](C#N)[O+]=C,*C(=[O+][CH2-])C(C)=O
4211,4349,dipole_change,*[C-](C#N)[N+]#C,*[C-](C)[N+](=C)C
4211,4711,dipole_change,*C#N,*C(=O)OC
4349,4711,dipole_change,*[C-](C)[N+](=C)C,*[C-]([N+]#C)C(=O)OC
3956,4237,dipole_change,*[C-](C#N)[O+]=C,*C(=[O+][CH2-])C(C)=O
3886,3972,dipole_change,*[N+]#CC(=O)NC,*[N+](C)=CC(C)=O
3886,3975,dipole_change,*[N+]#CC(=O)NC,*[N+](C)=CC(C)=O
3972,3975,dipole_change,*[CH-][N+](C)=CC(C)=O,*[CH-][N+](C)=CC(C)=O
4209,4214,dipole_change,*c1ccccc1,*c1ccccc1
4209,4712,dipole_change,*C#N,*C(=O)OC
4209,4713,dipole_change,*C#N,*C(=O)OC
4214,4712,dipole_change,*C#N,*C(=O)OC
4214,4713,dipole_change,*C#N,*C(=O)OC
4712,4713,dipole_change,*c1ccccc1,*c1ccccc1
3608,3612,dipole_change,*OC(=O)[N-][N+]#C,*OC(=O)[N-][N+]#C
3503,3751,dipole_change,*C#[N+][C-](C)C,*[CH-][NH+]=C(C#N)C#N
3503,4012,dipole_change,*C#[N+][C-](C)C,*[C-](C)[N+]#CC(=O)OC
3503,4314,dipole_change,*[N+]#CC,*[NH+]=Cc1ccccc1
3751,4012,dipole_change,*[CH-][NH+]=C(C#N)C#N,*[C-](C)[N+]#CC(=O)OC
3751,4081,dipole_change,*C(C#N)=[NH+][CH-]C,*C#[N+][C-](C)C(=O)OC
3751,4173,dipole_change,*C(C#N)=[NH+][CH-]C,*[CH-][NH+]=C(C)C(=O)OC
4012,4081,dipole_change,*C#[N+][C-](C)C,*[C-](C)[N+]#CC#N
4012,4173,dipole_change,*C#[N+][C-](C)C,*C(C)=[NH+][CH-]C#N
4012,4314,dipole_change,*[N+]#CC(=O)OC,*[NH+]=Cc1ccccc1
4012,4436,dipole_change,*C#[N+][C-](C)C,*C#[N+][C-](C)C(C)=O
4012,4537,dipole_change,*C#[N+][C-](C)C,*[C-]([N+]#CC#N)C(C)=O
4012,4597,dipole_change,*C#[N+][C-](C)C,*[CH-][NH+]=C(C#N)C(C)=O
4081,4173,dipole_change,*C(=O)[C-](C)[N+]#CC#N,*C(=O)C(C)=[NH+][CH-]C#N
4081,4436,dipole_change,*[C-](C)[N+]#CC#N,*C#[N+][C-](C)C(C)=O
4081,4537,dipole_change,*[C-](C)[N+]#CC#N,*[C-]([N+]#CC#N)C(C)=O
4081,4597,dipole_change,*[C-](C)[N+]#CC#N,*[CH-][NH+]=C(C#N)C(C)=O
4081,4763,dipole_change,*C,*C(=O)OC
4081,4977,dipole_change,*[N+]#CC#N,*[O+]=Cc1ccccc1
4137,4436,dipole_change,*C(C)=O,*C(=O)OC
4137,4492,dipole_change,*C#[N+][C-](C)C(C)=O,*C=[NH+][C-](C)C(=O)NC
4137,5151,dipole_change,*C,*c1ccccc1
4173,4436,dipole_change,*C(C)=[NH+][CH-]C#N,*C#[N+][C-](C)C(C)=O
4173,4537,dipole_change,*C(C)=[NH+][CH-]C#N,*[C-]([N+]#CC#N)C(C)=O
4173,4597,dipole_change,*C(C)=[NH+][CH-]C#N,*[CH-][NH+]=C(C#N)C(C)=O
4173,4841,dipole_change,*C,*C(=O)NC
4213,4314,dipole_change,*[C-](C#N)[N+]#C,*C=[NH+][C-](C)C
4213,4709,dipole_change,*C#N,*C(=O)OC
4213,4805,dipole_change,*[C-](C#N)[N+]#C,*[C-]([N+]#CC#N)C(C)=O
4213,4902,dipole_change,*[C-](C#N)[N+]#C,*[C-](C#N)[O+]=CC(C)=O
4213,4938,dipole_change,*[C-](C#N)[N+]#C,*C#[N+][C-](C)C(=O)NC
4213,4977,dipole_change,*[C-](C#N)[N+]#C,*C=[O+][C-](C)C(=O)OC
4213,4997,dipole_change,*[C-](C#N)[N+]#C,*C(C(C)=O)=[N+](C)[CH-]C
4314,4709,dipole_change,*C=[NH+][C-](C)C,*[C-]([N+]#C)C(=O)OC
4314,4805,dipole_change,*C=[NH+][C-](C)C,*[C-]([N+]#CC#N)C(C)=O
4314,4902,dipole_change,*C=[NH+][C-](C)C,*[C-](C#N)[O+]=CC(C)=O
4314,4938,dipole_change,*C=[NH+][C-](C)C,*C#[N+][C-](C)C(=O)NC
4314,4977,dipole_change,*C=[NH+][C-](C)C,*C=[O+][C-](C)C(=O)OC
4314,4997,dipole_change,*C=[NH+][C-](C)C,*C(C(C)=O)=[N+](C)[CH-]C
4436,4492,dipole_change,*[C-](C)[N+]#CC(=O)OC,*C=[NH+][C-](C)C(=O)NC
4436,4537,dipole_change,*C#[N+][C-](C)C(C)=O,*[C-]([N+]#CC#N)C(C)=O
4436,4597,dipole_change,*C#[N+][C-](C)C(C)=O,*[CH-][NH+]=C(C#N)C(C)=O
4492,4938,dipole_change,*[NH+]=CC(C)=O,*[N+]#Cc1ccccc1
4537,4597,dipole_change,*[C-]([N+]#CC#N)C(C)=O,*[CH-][NH+]=C(C#N)C(C)=O
4537,4763,dipole_change,*C,*OC
4537,4805,dipole_change,*C(=O)OC,*c1ccccc1
4537,5068,dipole_change,*[N+]#CC#N,*[N+]#CC(=O)NC
4709,4805,dipole_change,*[C-]([N+]#C)C(=O)OC,*[C-]([N+]#CC#N)C(C)=O
4709,4902,dipole_change,*[C-]([N+]#C)C(=O)OC,*[C-](C#N)[O+]=CC(C)=O
4709,4938,dipole_change,*[C-]([N+]#C)C(=O)OC,*C#[N+][C-](C)C(=O)NC
4709,4977,dipole_change,*[C-]([N+]#C)C(=O)OC,*C=[O+][C-](C)C(=O)OC
4709,4997,dipole_change,*[C-]([N+]#C)C(=O)OC,*C(C(C)=O)=[N+](C)[CH-]C
4709,5508,dipole_change,*[N+]#C,*[N+]#CC(=O)NC
4763,4856,dipole_change,*[N+]#CC#N,*[O+]=CC#N
4763,5529,dipole_change,*C#N,*c1ccccc1
4805,4902,dipole_change,*[C-]([N+]#CC#N)C(C)=O,*[C-](C#N)[O+]=CC(C)=O
4805,4938,dipole_change,*[C-]([N+]#CC#N)C(C)=O,*C#[N+][C-](C)C(=O)NC
4805,4977,dipole_change,*[C-]([N+]#CC#N)C(C)=O,*C=[O+][C-](C)C(=O)OC
4805,4997,dipole_change,*[C-]([N+]#CC#N)C(C)=O,*C(C(C)=O)=[N+](C)[CH-]C
4805,5082,dipole_change,*C(C)=O,*C(=O)NC
4805,5151,dipole_change,*[N+]#CC#N,*[N+]#CC(C)=O
4805,5186,dipole_change,*[N+]#CC#N,*[O+]=CC(C)=O
4856,5529,dipole_change,*[O+]=CC#N,*[N+]#Cc1ccccc1
4892,5107,dipole_change,*[N+](C)=CC(C)=O,*[N+]#Cc1ccccc1
4902,4938,dipole_change,*[C-](C#N)[O+]=CC(C)=O,*C#[N+][C-](C)C(=O)NC
4902,4977,dipole_change,*[C-](C#N)[O+]=CC(C)=O,*C=[O+][C-](C)C(=O)OC
4902,4997,dipole_change,*[C-](C#N)[O+]=CC(C)=O,*C(C(C)=O)=[N+](C)[CH-]C
4902,5186,dipole_change,*C#N,*C(C)=O
4938,4977,dipole_change,*C#[N+][C-](C)C(=O)NC,*C=[O+][C-](C)C(=O)OC
4938,4997,dipole_change,*C#[N+][C-](C)C(=O)NC,*C(C(C)=O)=[N+](C)[CH-]C
4938,5107,dipole_change,*[C-](C)C(=O)NC,*[C-](C(C)=O)C(C)=O
4977,4997,dipole_change,*C=[O+][C-](C)C(=O)OC,*C(C(C)=O)=[N+](C)[CH-]C
4977,5119,dipole_change,*[C-](C)C(=O)OC,*[C-](C#N)C(=O)OC
5068,5508,dipole_change,*C(C)=O,*c1ccccc1
5074,5119,dipole_change,*[N+](C)=CC(=O)OC,*[O+]=Cc1ccccc1
5074,5249,dipole_change,*[C-](C#N)C(=O)OC,*[C-](C)c1ccccc1
5126,5584,dipole_change,*[CH-]C#N,*[CH-]C(=O)OC
5151,5186,dipole_change,*[N+]#CC(C)=O,*[O+]=CC(C)=O
5249,5468,dipole_change,*C(=O)OC,*c1ccccc1
3641,3650,dipole_change,*C#[N+][N-]C,*[N-][N+]#CC
3641,3726,dipole_change,*C#[N+][N-]C,*C#[N+][N-]C#N
3650,3726,dipole_change,*C#[N+][N-]C(C)=O,*C(=O)C#[N+][N-]C#N
3650,4029,dipole_change,*[N-]C(C)=O,*[N-]c1ccccc1
4029,4541,dipole_change,*[N-][N+]#CC,*[N-][NH+]=CC(C)=O
4029,4755,dipole_change,*[N-][N+]#CC,*C=[NH+][N-]C(=O)OC
4029,4781,dipole_change,*[N-][N+]#CC,*C=[O+][N-]C(=O)NC
4448,4755,dipole_change,*[N+]#CC(=O)OC,*[NH+]=Cc1ccccc1
4541,4755,dipole_change,*[N-][NH+]=CC(C)=O,*C=[NH+][N-]C(=O)OC
4541,4781,dipole_change,*[N-][NH+]=CC(C)=O,*C=[O+][N-]C(=O)NC
4755,4781,dipole_change,*C=[NH+][N-]C(=O)OC,*C=[O+][N-]C(=O)NC
3882,3885,dipole_change,*C(=O)C#[N+][CH-]C#N,*C(=O)C#[N+][CH-]C#N
3882,3971,dipole_change,*[N+]#CC(=O)NC,*[N+](C)=CC(C)=O
3882,3974,dipole_change,*[N+]#CC(=O)NC,*[N+](C)=CC(C)=O
3885,3971,dipole_change,*[N+]#CC(=O)NC,*[N+](C)=CC(C)=O
3885,3974,dipole_change,*[N+]#CC(=O)NC,*[N+](C)=CC(C)=O
3971,3974,dipole_change,*[CH-][N+](C)=CC(C)=O,*[CH-][N+](C)=CC(C)=O
3883,3884,dipole_change,*C(=O)C#[N+][CH-]C#N,*C(=O)C#[N+][CH-]C#N
3883,3970,dipole_change,*[N+]#CC(=O)NC,*[N+](C)=CC(C)=O
3883,3973,dipole_change,*[N+]#CC(=O)NC,*[N+](C)=CC(C)=O
3884,3970,dipole_change,*[N+]#CC(=O)NC,*[N+](C)=CC(C)=O
3884,3973,dipole_change,*[N+]#CC(=O)NC,*[N+](C)=CC(C)=O
3970,3973,dipole_change,*[CH-][N+](C)=CC(C)=O,*[CH-][N+](C)=CC(C)=O
5344,5347,dipole_change,*c1ccccc1,*c1ccccc1
4183,4188,dipole_change,*C#N,*C#N
3505,3506,dipole_change,*C#[N+][C-](C)C,*C#[N+][C-](C)C
3505,3537,dipole_change,*C#[N+][C-](C)C,*[C-](C)[O+]=CC
3505,3749,dipole_change,*C#[N+][C-](C)C,*[CH-][NH+]=C(C#N)C#N
3505,3752,dipole_change,*C#[N+][C-](C)C,*[CH-][NH+]=C(C#N)C#N
3505,4011,dipole_change,*C#[N+][C-](C)C,*[C-](C)[N+]#CC(=O)OC
3505,4013,dipole_change,*C#[N+][C-](C)C,*[C-](C)[N+]#CC(=O)OC
3505,4312,dipole_change,*[N+]#CC,*[NH+]=Cc1ccccc1
3505,4316,dipole_change,*[N+]#CC,*[NH+]=Cc1ccccc1
3506,3537,dipole_change,*C#[N+][C-](C)C,*[C-](C)[O+]=CC
3506,3749,dipole_change,*C#[N+][C-](C)C,*[CH-][NH+]=C(C#N)C#N
3506,3752,dipole_change,*C#[N+][C-](C)C,*[CH-][NH+]=C(C#N)C#N
3506,4011,dipole_change,*C#[N+][C-](C)C,*[C-](C)[N+]#CC(=O)OC
3506,4013,dipole_change,*C#[N+][C-](C)C,*[C-](C)[N+]#CC(=O)OC
3506,4312,dipole_change,*[N+]#CC,*[NH+]=Cc1ccccc1
3506,4316,dipole_change,*[N+]#CC,*[NH+]=Cc1ccccc1
3537,3749,dipole_change,*[C-](C)[O+]=CC,*[CH-][NH+]=C(C#N)C#N
3537,3752,dipole_change,*[C-](C)[O+]=CC,*[CH-][NH+]=C(C#N)C#N
3537,4011,dipole_change,*[C-](C)[O+]=CC,*[C-](C)[N+]#CC(=O)OC
3537,4013,dipole_change,*[C-](C)[O+]=CC,*[C-](C)[N+]#CC(=O)OC
3537,4312,dipole_change,*[O+]=CC,*[NH+]=Cc1ccccc1
3537,4316,dipole_change,*[O+]=CC,*[NH+]=Cc1ccccc1
3749,3752,dipole_change,*C(C#N)=[NH+][CH-]C,*C(C#N)=[NH+][CH-]C
3749,4011,dipole_change,*[CH-][NH+]=C(C#N)C#N,*[C-](C)[N+]#CC(=O)OC
3749,4013,dipole_change,*[CH-][NH+]=C(C#N)C#N,*[C-](C)[N+]#CC(=O)OC
3749,4080,dipole_change,*C(C#N)=[NH+][CH-]C,*C#[N+][C-](C)C(=O)OC
3749,4084,dipole_change,*C(C#N)=[NH+][CH-]C,*C#[N+][C-](C)C(=O)OC
3749,4097,dipole_change,*C(C#N)=[NH+][CH-]C,*[C-](C)[N+]#CC(=O)OC
3749,4099,dipole_change,*C(C#N)=[NH+][CH-]C,*[C-](C)[N+]#CC(=O)OC
3749,4176,dipole_change,*C(C#N)=[NH+][CH-]C,*[CH-][NH+]=C(C)C(=O)OC
3749,4178,dipole_change,*C(C#N)=[NH+][CH-]C,*[CH-][NH+]=C(C)C(=O)OC
3752,4011,dipole_change,*[CH-][NH+]=C(C#N)C#N,*[C-](C)[N+]#CC(=O)OC
3752,4013,dipole_change,*[CH-][NH+]=C(C#N)C#N,*[C-](C)[N+]#CC(=O)OC
3752,4080,dipole_change,*C(C#N)=[NH+][CH-]C,*C#[N+][C-](C)C(=O)OC
3752,4084,dipole_change,*C(C#N)=[NH+][CH-]C,*C#[N+][C-](C)C(=O)OC
3752,4097,dipole_change,*C(C#N)=[NH+][CH-]C,*[C-](C)[N+]#CC(=O)OC
3752,4099,dipole_change,*C(C#N)=[NH+][CH-]C,*[C-](C)[N+]#CC(=O)OC
3752,4176,dipole_change,*C(C#N)=[NH+][CH-]C,*[CH-][NH+]=C(C)C(=O)OC
3752,4178,dipole_change,*C(C#N)=[NH+][CH-]C,*[CH-][NH+]=C(C)C(=O)OC
4011,4013,dipole_change,*[C-](C)[N+]#CC(=O)OC,*[C-](C)[N+]#CC(=O)OC
4011,4080,dipole_change,*C#[N+][C-](C)C,*[C-](C)[N+]#CC#N
4011,4084,dipole_change,*C#[N+][C-](C)C,*[C-](C)[N+]#CC#N
4011,4097,dipole_change,*C#[N+][C-](C)C,*C#[N+][C-](C)C#N
4011,4099,dipole_change,*C#[N+][C-](C)C,*C#[N+][C-](C)C#N
4011,4176,dipole_change,*C#[N+][C-](C)C,*C(C)=[NH+][CH-]C#N
4011,4178,dipole_change,*C#[N+][C-](C)C,*C(C)=[NH+][CH-]C#N
4011,4312,dipole_change,*[N+]#CC(=O)OC,*[NH+]=Cc1ccccc1
4011,4316,dipole_change,*[N+]#CC(=O)OC,*[NH+]=Cc1ccccc1
4011,4432,dipole_change,*C#[N+][C-](C)C,*C#[N+][C-](C)C(C)=O
4011,4434,dipole_change,*C#[N+][C-](C)C,*C#[N+][C-](C)C(C)=O
4011,4536,dipole_change,*C#[N+][C-](C)C,*[C-]([N+]#CC#N)C(C)=O
4011,4540,dipole_change,*C#[N+][C-](C)C,*[C-]([N+]#CC#N)C(C)=O
4011,4598,dipole_change,*C#[N+][C-](C)C,*[CH-][NH+]=C(C#N)C(C)=O
4011,4601,dipole_change,*C#[N+][C-](C)C,*[CH-][NH+]=C(C#N)C(C)=O
4013,4080,dipole_change,*C#[N+][C-](C)C,*[C-](C)[N+]#CC#N
4013,4084,dipole_change,*C#[N+][C-](C)C,*[C-](C)[N+]#CC#N
4013,4097,dipole_change,*C#[N+][C-](C)C,*C#[N+][C-](C)C#N
4013,4099,dipole_change,*C#[N+][C-](C)C,*C#[N+][C-](C)C#N
4013,4176,dipole_change,*C#[N+][C-](C)C,*C(C)=[NH+][CH-]C#N
4013,4178,dipole_change,*C#[N+][C-](C)C,*C(C)=[NH+][CH-]C#N
4013,4312,dipole_change,*[N+]#CC(=O)OC,*[NH+]=Cc1ccccc1
4013,4316,dipole_change,*[N+]#CC(=O)OC,*[NH+]=Cc1ccccc1
4013,4432,dipole_change,*C#[N+][C-](C)C,*C#[N+][C-](C)C(C)=O
4013,4434,dipole_change,*C#[N+][C-](C)C,*C#[N+][C-](C)C(C)=O
4013,4536,dipole_change,*C#[N+][C-](C)C,*[C-]([N+]#CC#N)C(C)=O
4013,4540,dipole_change,*C#[N+][C-](C)C,*[C-]([N+]#CC#N)C(C)=O
4013,4598,dipole_change,*C#[N+][C-](C)C,*[CH-][NH+]=C(C#N)C(C)=O
4013,4601,dipole_change,*C#[N+][C-](C)C,*[CH-][NH+]=C(C#N)C(C)=O
4080,4084,dipole_change,*C#N,*C#N
4080,4097,dipole_change,*C(=O)[C-](C)[N+]#CC#N,*C(=O)C#[N+][C-](C)C#N
4080,4099,dipole_change,*C(=O)[C-](C)[N+]#CC#N,*C(=O)C#[N+][C-](C)C#N
4080,4176,dipole_change,*C(=O)[C-](C)[N+]#CC#N,*C(=O)C(C)=[NH+][CH-]C#N
4080,4178,dipole_change,*C(=O)[C-](C)[N+]#CC#N,*C(=O)C(C)=[NH+][CH-]C#N
4080,4432,dipole_change,*[C-](C)[N+]#CC#N,*C#[N+][C-](C)C(C)=O
4080,4434,dipole_change,*[C-](C)[N+]#CC#N,*C#[N+][C-](C)C(C)=O
4080,4536,dipole_change,*[C-](C)[N+]#CC#N,*[C-]([N+]#CC#N)C(C)=O
4080,4540,dipole_change,*[C-](C)[N+]#CC#N,*[C-]([N+]#CC#N)C(C)=O
4080,4557,dipole_change,*[C-](C)C(=O)OC,*[C-](C(C)=O)C(=O)NC
4080,4598,dipole_change,*[C-](C)[N+]#CC#N,*[CH-][NH+]=C(C#N)C(C)=O
4080,4601,dipole_change,*[C-](C)[N+]#CC#N,*[CH-][NH+]=C(C#N)C(C)=O
4080,4767,dipole_change,*C,*C(=O)OC
4080,4768,dipole_change,*C,*C(=O)OC
4080,4976,dipole_change,*[N+]#CC#N,*[O+]=Cc1ccccc1
4080,4980,dipole_change,*[N+]#CC#N,*[O+]=Cc1ccccc1
4084,4097,dipole_change,*C(=O)[C-](C)[N+]#CC#N,*C(=O)C#[N+][C-](C)C#N
4084,4099,dipole_change,*C(=O)[C-](C)[N+]#CC#N,*C(=O)C#[N+][C-](C)C#N
4084,4176,dipole_change,*C(=O)[C-](C)[N+]#CC#N,*C(=O)C(C)=[NH+][CH-]C#N
4084,4178,dipole_change,*C(=O)[C-](C)[N+]#CC#N,*C(=O)C(C)=[NH+][CH-]C#N
4084,4432,dipole_change,*[C-](C)[N+]#CC#N,*C#[N+][C-](C)C(C)=O
4084,4434,dipole_change,*[C-](C)[N+]#CC#N,*C#[N+][C-](C)C(C)=O
4084,4536,dipole_change,*[C-](C)[N+]#CC#N,*[C-]([N+]#CC#N)C(C)=O
4084,4540,dipole_change,*[C-](C)[N+]#CC#N,*[C-]([N+]#CC#N)C(C)=O
4084,4557,dipole_change,*[C-](C)C(=O)OC,*[C-](C(C)=O)C(=O)NC
4084,4598,dipole_change,*[C-](C)[N+]#CC#N,*[CH-][NH+]=C(C#N)C(C)=O
4084,4601,dipole_change,*[C-](C)[N+]#CC#N,*[CH-][NH+]=C(C#N)C(C)=O
4084,4767,dipole_change,*C,*C(=O)OC
4084,4768,dipole_change,*C,*C(=O)OC
4084,4976,dipole_change,*[N+]#CC#N,*[O+]=Cc1ccccc1
4084,4980,dipole_change,*[N+]#CC#N,*[O+]=Cc1ccccc1
4097,4099,dipole_change,*C#[N+][C-](C)C#N,*C#[N+][C-](C)C#N
4097,4176,dipole_change,*C#[N+][C-](C)C#N,*C(C)=[NH+][CH-]C#N
4097,4178,dipole_change,*C#[N+][C-](C)C#N,*C(C)=[NH+][CH-]C#N
4097,4432,dipole_change,*C#[N+][C-](C)C#N,*C#[N+][C-](C)C(C)=O
4097,4434,dipole_change,*C#[N+][C-](C)C#N,*C#[N+][C-](C)C(C)=O
4097,4536,dipole_change,*C#[N+][C-](C)C#N,*[C-]([N+]#CC#N)C(C)=O
4097,4540,dipole_change,*C#[N+][C-](C)C#N,*[C-]([N+]#CC#N)C(C)=O
4097,4598,dipole_change,*C#[N+][C-](C)C#N,*[CH-][NH+]=C(C#N)C(C)=O
4097,4601,dipole_change,*C#[N+][C-](C)C#N,*[CH-][NH+]=C(C#N)C(C)=O
4099,4176,dipole_change,*C#[N+][C-](C)C#N,*C(C)=[NH+][CH-]C#N
4099,4178,dipole_change,*C#[N+][C-](C)C#N,*C(C)=[NH+][CH-]C#N
4099,4432,dipole_change,*C#[N+][C-](C)C#N,*C#[N+][C-](C)C(C)=O
4099,4434,dipole_change,*C#[N+][C-](C)C#N,*C#[N+][C-](C)C(C)=O
4099,4536,dipole_change,*C#[N+][C-](C)C#N,*[C-]([N+]#CC#N)C(C)=O
4099,4540,dipole_change,*C#[N+][C-](C)C#N,*[C-]([N+]#CC#N)C(C)=O
4099,4598,dipole_change,*C#[N+][C-](C)C#N,*[CH-][NH+]=C(C#N)C(C)=O
4099,4601,dipole_change,*C#[N+][C-](C)C#N,*[CH-][NH+]=C(C#N)C(C)=O
4136,4139,dipole_change,*C(C)=O,*C(C)=O
4136,4432,dipole_change,*C(C)=O,*C(=O)OC
4136,4434,dipole_change,*C(C)=O,*C(=O)OC
4136,4489,dipole_change,*C#[N+][C-](C)C(C)=O,*C=[NH+][C-](C)C(=O)NC
4136,4491,dipole_change,*C#[N+][C-](C)C(C)=O,*C=[NH+][C-](C)C(=O)NC
4136,5154,dipole_change,*C,*c1ccccc1
4136,5156,dipole_change,*C,*c1ccccc1
4139,4432,dipole_change,*C(C)=O,*C(=O)OC
4139,4434,dipole_change,*C(C)=O,*C(=O)OC
4139,4489,dipole_change,*C#[N+][C-](C)C(C)=O,*C=[NH+][C-](C)C(=O)NC
4139,4491,dipole_change,*C#[N+][C-](C)C(C)=O,*C=[NH+][C-](C)C(=O)NC
4139,5154,dipole_change,*C,*c1ccccc1
4139,5156,dipole_change,*C,*c1ccccc1
4176,4178,dipole_change,*[CH-]C#N,*[CH-]C#N
4176,4432,dipole_change,*C(C)=[NH+][CH-]C#N,*C#[N+][C-](C)C(C)=O
4176,4434,dipole_change,*C(C)=[NH+][CH-]C#N,*C#[N+][C-](C)C(C)=O
4176,4536,dipole_change,*C(C)=[NH+][CH-]C#N,*[C-]([N+]#CC#N)C(C)=O
4176,4540,dipole_change,*C(C)=[NH+][CH-]C#N,*[C-]([N+]#CC#N)C(C)=O
4176,4598,dipole_change,*C(C)=[NH+][CH-]C#N,*[CH-][NH+]=C(C#N)C(C)=O
4176,4601,dipole_change,*C(C)=[NH+][CH-]C#N,*[CH-][NH+]=C(C#N)C(C)=O
4176,4842,dipole_change,*C,*C(=O)NC
4176,4844,dipole_change,*C,*C(=O)NC
4178,4432,dipole_change,*C(C)=[NH+][CH-]C#N,*C#[N+][C-](C)C(C)=O
4178,4434,dipole_change,*C(C)=[NH+][CH-]C#N,*C#[N+][C-](C)C(C)=O
4178,4536,dipole_change,*C(C)=[NH+][CH-]C#N,*[C-]([N+]#CC#N)C(C)=O
4178,4540,dipole_change,*C(C)=[NH+][CH-]C#N,*[C-]([N+]#CC#N)C(C)=O
4178,4598,dipole_change,*C(C)=[NH+][CH-]C#N,*[CH-][NH+]=C(C#N)C(C)=O
4178,4601,dipole_change,*C(C)=[NH+][CH-]C#N,*[CH-][NH+]=C(C#N)C(C)=O
4178,4842,dipole_change,*C,*C(=O)NC
4178,4844,dipole_change,*C,*C(=O)NC
4312,4316,dipole_change,*C=[NH+][C-](C)C,*C=[NH+][C-](C)C
4312,4808,dipole_change,*C=[NH+][C-](C)C,*[C-]([N+]#CC#N)C(C)=O
4312,4810,dipole_change,*C=[NH+][C-](C)C,*[C-]([N+]#CC#N)C(C)=O
4312,4899,dipole_change,*C=[NH+][C-](C)C,*[C-](C#N)[O+]=CC(C)=O
4312,4939,dipole_change,*C=[NH+][C-](C)C,*C#[N+][C-](C)C(=O)NC
4312,4941,dipole_change,*C=[NH+][C-](C)C,*C#[N+][C-](C)C(=O)NC
4312,4976,dipole_change,*C=[NH+][C-](C)C,*C=[O+][C-](C)C(=O)OC
4312,4980,dipole_change,*C=[NH+][C-](C)C,*C=[O+][C-](C)C(=O)OC
4312,4996,dipole_change,*C=[NH+][C-](C)C,*C(C(C)=O)=[N+](C)[CH-]C
4312,4999,dipole_change,*C=[NH+][C-](C)C,*C(C(C)=O)=[N+](C)[CH-]C
4316,4808,dipole_change,*C=[NH+][C-](C)C,*[C-]([N+]#CC#N)C(C)=O
4316,4810,dipole_change,*C=[NH+][C-](C)C,*[C-]([N+]#CC#N)C(C)=O
4316,4899,dipole_change,*C=[NH+][C-](C)C,*[C-](C#N)[O+]=CC(C)=O
4316,4939,dipole_change,*C=[NH+][C-](C)C,*C#[N+][C-](C)C(=O)NC
4316,4941,dipole_change,*C=[NH+][C-](C)C,*C#[N+][C-](C)C(=O)NC
4316,4976,dipole_change,*C=[NH+][C-](C)C,*C=[O+][C-](C)C(=O)OC
4316,4980,dipole_change,*C=[NH+][C-](C)C,*C=[O+][C-](C)C(=O)OC
4316,4996,dipole_change,*C=[NH+][C-](C)C,*C(C(C)=O)=[N+](C)[CH-]C
4316,4999,dipole_change,*C=[NH+][C-](C)C,*C(C(C)=O)=[N+](C)[CH-]C
4432,4434,dipole_change,*[C-](C)C(C)=O,*[C-](C)C(C)=O
4432,4489,dipole_change,*[C-](C)[N+]#CC(=O)OC,*C=[NH+][C-](C)C(=O)NC
4432,4491,dipole_change,*[C-](C)[N+]#CC(=O)OC,*C=[NH+][C-](C)C(=O)NC
4432,4536,dipole_change,*C#[N+][C-](C)C(C)=O,*[C-]([N+]#CC#N)C(C)=O
4432,4540,dipole_change,*C#[N+][C-](C)C(C)=O,*[C-]([N+]#CC#N)C(C)=O
4432,4598,dipole_change,*C#[N+][C-](C)C(C)=O,*[CH-][NH+]=C(C#N)C(C)=O
4432,4601,dipole_change,*C#[N+][C-](C)C(C)=O,*[CH-][NH+]=C(C#N)C(C)=O
4434,4489,dipole_change,*[C-](C)[N+]#CC(=O)OC,*C=[NH+][C-](C)C(=O)NC
4434,4491,dipole_change,*[C-](C)[N+]#CC(=O)OC,*C=[NH+][C-](C)C(=O)NC
4434,4536,dipole_change,*C#[N+][C-](C)C(C)=O,*[C-]([N+]#CC#N)C(C)=O
4434,4540,dipole_change,*C#[N+][C-](C)C(C)=O,*[C-]([N+]#CC#N)C(C)=O
4434,4598,dipole_change,*C#[N+][C-](C)C(C)=O,*[CH-][NH+]=C(C#N)C(C)=O
4434,4601,dipole_change,*C#[N+][C-](C)C(C)=O,*[CH-][NH+]=C(C#N)C(C)=O
4489,4491,dipole_change,*C,*C
4489,4557,dipole_change,*[C-](C)[NH+]=CC(C)=O,*[C-]([N+]#CC#N)C(C)=O
4489,4939,dipole_change,*[NH+]=CC(C)=O,*[N+]#Cc1ccccc1
4489,4941,dipole_change,*[NH+]=CC(C)=O,*[N+]#Cc1ccccc1
4491,4557,dipole_change,*[C-](C)[NH+]=CC(C)=O,*[C-]([N+]#CC#N)C(C)=O
4491,4939,dipole_change,*[NH+]=CC(C)=O,*[N+]#Cc1ccccc1
4491,4941,dipole_change,*[NH+]=CC(C)=O,*[N+]#Cc1ccccc1
4536,4540,dipole_change,*[N+]#CC#N,*[N+]#CC#N
4536,4557,dipole_change,*OC,*NC
4536,4598,dipole_change,*[C-]([N+]#CC#N)C(C)=O,*[CH-][NH+]=C(C#N)C(C)=O
4536,4601,dipole_change,*[C-]([N+]#CC#N)C(C)=O,*[CH-][NH+]=C(C#N)C(C)=O
4536,4767,dipole_change,*C,*OC
4536,4768,dipole_change,*C,*OC
4536,4808,dipole_change,*C(=O)OC,*c1ccccc1
4536,4810,dipole_change,*C(=O)OC,*c1ccccc1
4536,5064,dipole_change,*[N+]#CC#N,*[N+]#CC(=O)NC
4536,5067,dipole_change,*[N+]#CC#N,*[N+]#CC(=O)NC
4540,4557,dipole_change,*OC,*NC
4540,4598,dipole_change,*[C-]([N+]#CC#N)C(C)=O,*[CH-][NH+]=C(C#N)C(C)=O
4540,4601,dipole_change,*[C-]([N+]#CC#N)C(C)=O,*[CH-][NH+]=C(C#N)C(C)=O
4540,4767,dipole_change,*C,*OC
4540,4768,dipole_change,*C,*OC
4540,4808,dipole_change,*C(=O)OC,*c1ccccc1
4540,4810,dipole_change,*C(=O)OC,*c1ccccc1
4540,5064,dipole_change,*[N+]#CC#N,*[N+]#CC(=O)NC
4540,5067,dipole_change,*[N+]#CC#N,*[N+]#CC(=O)NC
4557,4808,dipole_change,*C(=O)NC,*c1ccccc1
4557,4810,dipole_change,*C(=O)NC,*c1ccccc1
4557,5079,dipole_change,*C(C)=O,*c1ccccc1
4557,5084,dipole_change,*C(C)=O,*c1ccccc1
4598,4601,dipole_change,*[CH-][NH+]=C(C#N)C(C)=O,*[CH-][NH+]=C(C#N)C(C)=O
4767,4768,dipole_change,*C#N,*C#N
4767,4854,dipole_change,*[N+]#CC#N,*[O+]=CC#N
4767,5524,dipole_change,*C#N,*c1ccccc1
4767,5525,dipole_change,*C#N,*c1ccccc1
4768,4854,dipole_change,*[N+]#CC#N,*[O+]=CC#N
4768,5524,dipole_change,*C#N,*c1ccccc1
4768,5525,dipole_change,*C#N,*c1ccccc1
4808,4810,dipole_change,*C(C)=O,*C(C)=O
4808,4899,dipole_change,*[C-]([N+]#CC#N)C(C)=O,*[C-](C#N)[O+]=CC(C)=O
4808,4939,dipole_change,*[C-]([N+]#CC#N)C(C)=O,*C#[N+][C-](C)C(=O)NC
4808,4941,dipole_change,*[C-]([N+]#CC#N)C(C)=O,*C#[N+][C-](C)C(=O)NC
4808,4976,dipole_change,*[C-]([N+]#CC#N)C(C)=O,*C=[O+][C-](C)C(=O)OC
4808,4980,dipole_change,*[C-]([N+]#CC#N)C(C)=O,*C=[O+][C-](C)C(=O)OC
4808,4996,dipole_change,*[C-]([N+]#CC#N)C(C)=O,*C(C(C)=O)=[N+](C)[CH-]C
4808,4999,dipole_change,*[C-]([N+]#CC#N)C(C)=O,*C(C(C)=O)=[N+](C)[CH-]C
4808,5079,dipole_change,*C(C)=O,*C(=O)NC
4808,5084,dipole_change,*C(C)=O,*C(=O)NC
4808,5154,dipole_change,*[N+]#CC#N,*[N+]#CC(C)=O
4808,5156,dipole_change,*[N+]#CC#N,*[N+]#CC(C)=O
4808,5187,dipole_change,*[N+]#CC#N,*[O+]=CC(C)=O
4808,5190,dipole_change,*[N+]#CC#N,*[O+]=CC(C)=O
4810,4899,dipole_change,*[C-]([N+]#CC#N)C(C)=O,*[C-](C#N)[O+]=CC(C)=O
4810,4939,dipole_change,*[C-]([N+]#CC#N)C(C)=O,*C#[N+][C-](C)C(=O)NC
4810,4941,dipole_change,*[C-]([N+]#CC#N)C(C)=O,*C#[N+][C-](C)C(=O)NC
4810,4976,dipole_change,*[C-]([N+]#CC#N)C(C)=O,*C=[O+][C-](C)C(=O)OC
4810,4980,dipole_change,*[C-]([N+]#CC#N)C(C)=O,*C=[O+][C-](C)C(=O)OC
4810,4996,dipole_change,*[C-]([N+]#CC#N)C(C)=O,*C(C(C)=O)=[N+](C)[CH-]C
4810,4999,dipole_change,*[C-]([N+]#CC#N)C(C)=O,*C(C(C)=O)=[N+](C)[CH-]C
4810,5079,dipole_change,*C(C)=O,*C(=O)NC
4810,5084,dipole_change,*C(C)=O,*C(=O)NC
4810,5154,dipole_change,*[N+]#CC#N,*[N+]#CC(C)=O
4810,5156,dipole_change,*[N+]#CC#N,*[N+]#CC(C)=O
4810,5187,dipole_change,*[N+]#CC#N,*[O+]=CC(C)=O
4810,5190,dipole_change,*[N+]#CC#N,*[O+]=CC(C)=O
4842,4844,dipole_change,*C(=O)NC,*C(=O)NC
4854,5524,dipole_change,*[O+]=CC#N,*[N+]#Cc1ccccc1
4854,5525,dipole_change,*[O+]=CC#N,*[N+]#Cc1ccccc1
4888,4891,dipole_change,*[N+](C)=CC(C)=O,*[N+](C)=CC(C)=O
4888,5109,dipole_change,*[N+](C)=CC(C)=O,*[N+]#Cc1ccccc1
4888,5110,dipole_change,*[N+](C)=CC(C)=O,*[N+]#Cc1ccccc1
4891,5109,dipole_change,*[N+](C)=CC(C)=O,*[N+]#Cc1ccccc1
4891,5110,dipole_change,*[N+](C)=CC(C)=O,*[N+]#Cc1ccccc1
4899,4939,dipole_change,*[C-](C#N)[O+]=CC(C)=O,*C#[N+][C-](C)C(=O)NC
4899,4941,dipole_change,*[C-](C#N)[O+]=CC(C)=O,*C#[N+][C-](C)C(=O)NC
4899,4976,dipole_change,*[C-](C#N)[O+]=CC(C)=O,*C=[O+][C-](C)C(=O)OC
4899,4980,dipole_change,*[C-](C#N)[O+]=CC(C)=O,*C=[O+][C-](C)C(=O)OC
4899,4996,dipole_change,*[C-](C#N)[O+]=CC(C)=O,*C(C(C)=O)=[N+](C)[CH-]C
4899,4999,dipole_change,*[C-](C#N)[O+]=CC(C)=O,*C(C(C)=O)=[N+](C)[CH-]C
4899,5187,dipole_change,*C#N,*C(C)=O
4899,5190,dipole_change,*C#N,*C(C)=O
4939,4941,dipole_change,*C,*C
4939,4976,dipole_change,*C#[N+][C-](C)C(=O)NC,*C=[O+][C-](C)C(=O)OC
4939,4980,dipole_change,*C#[N+][C-](C)C(=O)NC,*C=[O+][C-](C)C(=O)OC
4939,4996,dipole_change,*C#[N+][C-](C)C(=O)NC,*C(C(C)=O)=[N+](C)[CH-]C
4939,4999,dipole_change,*C#[N+][C-](C)C(=O)NC,*C(C(C)=O)=[N+](C)[CH-]C
4939,5109,dipole_change,*[C-](C)C(=O)NC,*[C-](C(C)=O)C(C)=O
4939,5110,dipole_change,*[C-](C)C(=O)NC,*[C-](C(C)=O)C(C)=O
4941,4976,dipole_change,*C#[N+][C-](C)C(=O)NC,*C=[O+][C-](C)C(=O)OC
4941,4980,dipole_change,*C#[N+][C-](C)C(=O)NC,*C=[O+][C-](C)C(=O)OC
4941,4996,dipole_change,*C#[N+][C-](C)C(=O)NC,*C(C(C)=O)=[N+](C)[CH-]C
4941,4999,dipole_change,*C#[N+][C-](C)C(=O)NC,*C(C(C)=O)=[N+](C)[CH-]C
4941,5109,dipole_change,*[C-](C)C(=O)NC,*[C-](C(C)=O)C(C)=O
4941,5110,dipole_change,*[C-](C)C(=O)NC,*[C-](C(C)=O)C(C)=O
4976,4980,dipole_change,*C(=O)OC,*C(=O)OC
4976,4996,dipole_change,*C=[O+][C-](C)C(=O)OC,*C(C(C)=O)=[N+](C)[CH-]C
4976,4999,dipole_change,*C=[O+][C-](C)C(=O)OC,*C(C(C)=O)=[N+](C)[CH-]C
4976,5121,dipole_change,*[C-](C)C(=O)OC,*[C-](C#N)C(=O)OC
4976,5122,dipole_change,*[C-](C)C(=O)OC,*[C-](C#N)C(=O)OC
4980,4996,dipole_change,*C=[O+][C-](C)C(=O)OC,*C(C(C)=O)=[N+](C)[CH-]C
4980,4999,dipole_change,*C=[O+][C-](C)C(=O)OC,*C(C(C)=O)=[N+](C)[CH-]C
4980,5121,dipole_change,*[C-](C)C(=O)OC,*[C-](C#N)C(=O)OC
4980,5122,dipole_change,*[C-](C)C(=O)OC,*[C-](C#N)C(=O)OC
4996,4999,dipole_change,*[CH-]C,*[CH-]C
5064,5067,dipole_change,*C,*C
5064,5509,dipole_change,*C(C)=O,*c1ccccc1
5064,5510,dipole_change,*C(C)=O,*c1ccccc1
5067,5509,dipole_change,*C(C)=O,*c1ccccc1
5067,5510,dipole_change,*C(C)=O,*c1ccccc1
5072,5076,dipole_change,*[C-](C#N)C(=O)OC,*[C-](C#N)C(=O)OC
5072,5121,dipole_change,*[N+](C)=CC(=O)OC,*[O+]=Cc1ccccc1
5072,5122,dipole_change,*[N+](C)=CC(=O)OC,*[O+]=Cc1ccccc1
5072,5248,dipole_change,*[C-](C#N)C(=O)OC,*[C-](C)c1ccccc1
5072,5252,dipole_change,*[C-](C#N)C(=O)OC,*[C-](C)c1ccccc1
5076,5121,dipole_change,*[N+](C)=CC(=O)OC,*[O+]=Cc1ccccc1
5076,5122,dipole_change,*[N+](C)=CC(=O)OC,*[O+]=Cc1ccccc1
5076,5248,dipole_change,*[C-](C#N)C(=O)OC,*[C-](C)c1ccccc1
5076,5252,dipole_change,*[C-](C#N)C(=O)OC,*[C-](C)c1ccccc1
5079,5084,dipole_change,*c1ccccc1,*c1ccccc1
5109,5110,dipole_change,*c1ccccc1,*c1ccccc1
5121,5122,dipole_change,*OC,*OC
5123,5124,dipole_change,*[CH-]C#N,*[CH-]C#N
5123,5587,dipole_change,*[CH-]C#N,*[CH-]C(=O)OC
5123,5588,dipole_change,*[CH-]C#N,*[CH-]C(=O)OC
5124,5587,dipole_change,*[CH-]C#N,*[CH-]C(=O)OC
5124,5588,dipole_change,*[CH-]C#N,*[CH-]C(=O)OC
5154,5156,dipole_change,*C(C)=O,*C(C)=O
5154,5187,dipole_change,*[N+]#CC(C)=O,*[O+]=CC(C)=O
5154,5190,dipole_change,*[N+]#CC(C)=O,*[O+]=CC(C)=O
5156,5187,dipole_change,*[N+]#CC(C)=O,*[O+]=CC(C)=O
5156,5190,dipole_change,*[N+]#CC(C)=O,*[O+]=CC(C)=O
5187,5190,dipole_change,*C,*C
5248,5252,dipole_change,*C,*C
5248,5463,dipole_change,*C(=O)OC,*c1ccccc1
5248,5464,dipole_change,*C(=O)OC,*c1ccccc1
5252,5463,dipole_change,*C(=O)OC,*c1ccccc1
5252,5464,dipole_change,*C(=O)OC,*c1ccccc1
5329,5332,dipole_change,*C,*C
5360,5362,dipole_change,*OC,*OC
5463,5464,dipole_change,*[C-](C)c1ccccc1,*[C-](C)c1ccccc1
5509,5510,dipole_change,*C(=O)NC,*C(=O)NC
5524,5525,dipole_change,*OC,*OC
5587,5588,dipole_change,*C,*C
3504,3538,dipole_change,*C#[N+][C-](C)C,*[C-](C)[O+]=CC
3504,3754,dipole_change,*C#[N+][C-](C)C,*[CH-][NH+]=C(C#N)C#N
3504,4010,dipole_change,*C#[N+][C-](C)C,*[C-](C)[N+]#CC(=O)OC
3504,4315,dipole_change,*[N+]#CC,*[NH+]=Cc1ccccc1
3538,3754,dipole_change,*[C-](C)[O+]=CC,*[CH-][NH+]=C(C#N)C#N
3538,4010,dipole_change,*[C-](C)[O+]=CC,*[C-](C)[N+]#CC(=O)OC
3538,4315,dipole_change,*[O+]=CC,*[NH+]=Cc1ccccc1
3754,4010,dipole_change,*[CH-][NH+]=C(C#N)C#N,*[C-](C)[N+]#CC(=O)OC
3754,4082,dipole_change,*C(C#N)=[NH+][CH-]C,*C#[N+][C-](C)C(=O)OC
3754,4094,dipole_change,*C(C#N)=[NH+][CH-]C,*[C-](C)[N+]#CC(=O)OC
3754,4175,dipole_change,*C(C#N)=[NH+][CH-]C,*[CH-][NH+]=C(C)C(=O)OC
4010,4082,dipole_change,*C#[N+][C-](C)C,*[C-](C)[N+]#CC#N
4010,4094,dipole_change,*C#[N+][C-](C)C,*C#[N+][C-](C)C#N
4010,4175,dipole_change,*C#[N+][C-](C)C,*C(C)=[NH+][CH-]C#N
4010,4315,dipole_change,*[N+]#CC(=O)OC,*[NH+]=Cc1ccccc1
4010,4435,dipole_change,*C#[N+][C-](C)C,*C#[N+][C-](C)C(C)=O
4010,4535,dipole_change,*C#[N+][C-](C)C,*[C-]([N+]#CC#N)C(C)=O
4010,4599,dipole_change,*C#[N+][C-](C)C,*[CH-][NH+]=C(C#N)C(C)=O
4082,4094,dipole_change,*C(=O)[C-](C)[N+]#CC#N,*C(=O)C#[N+][C-](C)C#N
4082,4175,dipole_change,*C(=O)[C-](C)[N+]#CC#N,*C(=O)C(C)=[NH+][CH-]C#N
4082,4435,dipole_change,*[C-](C)[N+]#CC#N,*C#[N+][C-](C)C(C)=O
4082,4535,dipole_change,*[C-](C)[N+]#CC#N,*[C-]([N+]#CC#N)C(C)=O
4082,4556,dipole_change,*[C-](C)C(=O)OC,*[C-](C(C)=O)C(=O)NC
4082,4599,dipole_change,*[C-](C)[N+]#CC#N,*[CH-][NH+]=C(C#N)C(C)=O
4082,4766,dipole_change,*C,*C(=O)OC
4082,4978,dipole_change,*[N+]#CC#N,*[O+]=Cc1ccccc1
4094,4175,dipole_change,*C#[N+][C-](C)C#N,*C(C)=[NH+][CH-]C#N
4094,4435,dipole_change,*C#[N+][C-](C)C#N,*C#[N+][C-](C)C(C)=O
4094,4535,dipole_change,*C#[N+][C-](C)C#N,*[C-]([N+]#CC#N)C(C)=O
4094,4599,dipole_change,*C#[N+][C-](C)C#N,*[CH-][NH+]=C(C#N)C(C)=O
4138,4435,dipole_change,*C(C)=O,*C(=O)OC
4138,5153,dipole_change,*C,*c1ccccc1
4175,4435,dipole_change,*C(C)=[NH+][CH-]C#N,*C#[N+][C-](C)C(C)=O
4175,4535,dipole_change,*C(C)=[NH+][CH-]C#N,*[C-]([N+]#CC#N)C(C)=O
4175,4599,dipole_change,*C(C)=[NH+][CH-]C#N,*[CH-][NH+]=C(C#N)C(C)=O
4175,4840,dipole_change,*C,*C(=O)NC
4315,4807,dipole_change,*C=[NH+][C-](C)C,*[C-]([N+]#CC#N)C(C)=O
4315,4903,dipole_change,*C=[NH+][C-](C)C,*[C-](C#N)[O+]=CC(C)=O
4315,4943,dipole_change,*C=[NH+][C-](C)C,*C#[N+][C-](C)C(=O)NC
4315,4978,dipole_change,*C=[NH+][C-](C)C,*C=[O+][C-](C)C(=O)OC
4315,4995,dipole_change,*C=[NH+][C-](C)C,*C(C(C)=O)=[N+](C)[CH-]C
4435,4535,dipole_change,*C#[N+][C-](C)C(C)=O,*[C-]([N+]#CC#N)C(C)=O
4435,4599,dipole_change,*C#[N+][C-](C)C(C)=O,*[CH-][NH+]=C(C#N)C(C)=O
4535,4556,dipole_change,*OC,*NC
4535,4599,dipole_change,*[C-]([N+]#CC#N)C(C)=O,*[CH-][NH+]=C(C#N)C(C)=O
4535,4766,dipole_change,*C,*OC
4535,4807,dipole_change,*C(=O)OC,*c1ccccc1
4535,5066,dipole_change,*[N+]#CC#N,*[N+]#CC(=O)NC
4556,4807,dipole_change,*C(=O)NC,*c1ccccc1
4556,5080,dipole_change,*C(C)=O,*c1ccccc1
4766,4858,dipole_change,*[N+]#CC#N,*[O+]=CC#N
4766,5526,dipole_change,*C#N,*c1ccccc1
4807,4903,dipole_change,*[C-]([N+]#CC#N)C(C)=O,*[C-](C#N)[O+]=CC(C)=O
4807,4943,dipole_change,*[C-]([N+]#CC#N)C(C)=O,*C#[N+][C-](C)C(=O)NC
4807,4978,dipole_change,*[C-]([N+]#CC#N)C(C)=O,*C=[O+][C-](C)C(=O)OC
4807,4995,dipole_change,*[C-]([N+]#CC#N)C(C)=O,*C(C(C)=O)=[N+](C)[CH-]C
4807,5080,dipole_change,*C(C)=O,*C(=O)NC
4807,5153,dipole_change,*[N+]#CC#N,*[N+]#CC(C)=O
4807,5188,dipole_change,*[N+]#CC#N,*[O+]=CC(C)=O
4858,5526,dipole_change,*[O+]=CC#N,*[N+]#Cc1ccccc1
4903,4943,dipole_change,*[C-](C#N)[O+]=CC(C)=O,*C#[N+][C-](C)C(=O)NC
4903,4978,dipole_change,*[C-](C#N)[O+]=CC(C)=O,*C=[O+][C-](C)C(=O)OC
4903,4995,dipole_change,*[C-](C#N)[O+]=CC(C)=O,*C(C(C)=O)=[N+](C)[CH-]C
4903,5188,dipole_change,*C#N,*C(C)=O
4903,5345,dipole_change,*[O+]=CC(C)=O,*[N+]#Cc1ccccc1
4943,4978,dipole_change,*C#[N+][C-](C)C(=O)NC,*C=[O+][C-](C)C(=O)OC
4943,4995,dipole_change,*C#[N+][C-](C)C(=O)NC,*C(C(C)=O)=[N+](C)[CH-]C
4943,5108,dipole_change,*[C-](C)C(=O)NC,*[C-](C(C)=O)C(C)=O
4978,4995,dipole_change,*C=[O+][C-](C)C(=O)OC,*C(C(C)=O)=[N+](C)[CH-]C
4978,5120,dipole_change,*[C-](C)C(=O)OC,*[C-](C#N)C(=O)OC
5066,5507,dipole_change,*C(C)=O,*c1ccccc1
5073,5120,dipole_change,*[N+](C)=CC(=O)OC,*[O+]=Cc1ccccc1
5073,5251,dipole_change,*[C-](C#N)C(=O)OC,*[C-](C)c1ccccc1
5127,5585,dipole_change,*[CH-]C#N,*[CH-]C(=O)OC
5153,5188,dipole_change,*[N+]#CC(C)=O,*[O+]=CC(C)=O
5251,5466,dipole_change,*C(=O)OC,*c1ccccc1
3643,3644,dipole_change,*C#[N+][N-]C,*C#[N+][N-]C
3643,3649,dipole_change,*C#[N+][N-]C,*[N-][N+]#CC
3643,3651,dipole_change,*C#[N+][N-]C,*[N-][N+]#CC
3643,3727,dipole_change,*C#[N+][N-]C,*C#[N+][N-]C#N
3643,3728,dipole_change,*C#[N+][N-]C,*C#[N+][N-]C#N
3644,3649,dipole_change,*C#[N+][N-]C,*[N-][N+]#CC
3644,3651,dipole_change,*C#[N+][N-]C,*[N-][N+]#CC
3644,3727,dipole_change,*C#[N+][N-]C,*C#[N+][N-]C#N
3644,3728,dipole_change,*C#[N+][N-]C,*C#[N+][N-]C#N
3649,3651,dipole_change,*C#[N+][N-]C(C)=O,*C#[N+][N-]C(C)=O
3649,3727,dipole_change,*C#[N+][N-]C(C)=O,*C(=O)C#[N+][N-]C#N
3649,3728,dipole_change,*C#[N+][N-]C(C)=O,*C(=O)C#[N+][N-]C#N
3649,4026,dipole_change,*[N-]C(C)=O,*[N-]c1ccccc1
3649,4031,dipole_change,*[N-]C(C)=O,*[N-]c1ccccc1
3651,3727,dipole_change,*C#[N+][N-]C(C)=O,*C(=O)C#[N+][N-]C#N
3651,3728,dipole_change,*C#[N+][N-]C(C)=O,*C(=O)C#[N+][N-]C#N
3651,4026,dipole_change,*[N-]C(C)=O,*[N-]c1ccccc1
3651,4031,dipole_change,*[N-]C(C)=O,*[N-]c1ccccc1
3727,3728,dipole_change,*C,*C
4026,4031,dipole_change,*[N-]c1ccccc1,*[N-]c1ccccc1
4026,4543,dipole_change,*[N-][N+]#CC,*[N-][NH+]=CC(C)=O
4026,4544,dipole_change,*[N-][N+]#CC,*[N-][NH+]=CC(C)=O
4026,4753,dipole_change,*[N-][N+]#CC,*C=[NH+][N-]C(=O)OC
4026,4756,dipole_change,*[N-][N+]#CC,*C=[NH+][N-]C(=O)OC
4026,4780,dipole_change,*[N-][N+]#CC,*C=[O+][N-]C(=O)NC
4026,4782,dipole_change,*[N-][N+]#CC,*C=[O+][N-]C(=O)NC
4031,4543,dipole_change,*[N-][N+]#CC,*[N-][NH+]=CC(C)=O
4031,4544,dipole_change,*[N-][N+]#CC,*[N-][NH+]=CC(C)=O
4031,4753,dipole_change,*[N-][N+]#CC,*C=[NH+][N-]C(=O)OC
4031,4756,dipole_change,*[N-][N+]#CC,*C=[NH+][N-]C(=O)OC
4031,4780,dipole_change,*[N-][N+]#CC,*C=[O+][N-]C(=O)NC
4031,4782,dipole_change,*[N-][N+]#CC,*C=[O+][N-]C(=O)NC
4449,4451,dipole_change,*OC,*OC
4449,4753,dipole_change,*[N+]#CC(=O)OC,*[NH+]=Cc1ccccc1
4449,4756,dipole_change,*[N+]#CC(=O)OC,*[NH+]=Cc1ccccc1
4451,4753,dipole_change,*[N+]#CC(=O)OC,*[NH+]=Cc1ccccc1
4451,4756,dipole_change,*[N+]#CC(=O)OC,*[NH+]=Cc1ccccc1
4543,4544,dipole_change,*[N-]c1ccccc1,*[N-]c1ccccc1
4543,4753,dipole_change,*[N-][NH+]=CC(C)=O,*C=[NH+][N-]C(=O)OC
4543,4756,dipole_change,*[N-][NH+]=CC(C)=O,*C=[NH+][N-]C(=O)OC
4543,4780,dipole_change,*[N-][NH+]=CC(C)=O,*C=[O+][N-]C(=O)NC
4543,4782,dipole_change,*[N-][NH+]=CC(C)=O,*C=[O+][N-]C(=O)NC
4544,4753,dipole_change,*[N-][NH+]=CC(C)=O,*C=[NH+][N-]C(=O)OC
4544,4756,dipole_change,*[N-][NH+]=CC(C)=O,*C=[NH+][N-]C(=O)OC
4544,4780,dipole_change,*[N-][NH+]=CC(C)=O,*C=[O+][N-]C(=O)NC
4544,4782,dipole_change,*[N-][NH+]=CC(C)=O,*C=[O+][N-]C(=O)NC
4753,4756,dipole_change,*[NH+]=Cc1ccccc1,*[NH+]=Cc1ccccc1
4753,4780,dipole_change,*C=[NH+][N-]C(=O)OC,*C=[O+][N-]C(=O)NC
4753,4782,dipole_change,*C=[NH+][N-]C(=O)OC,*C=[O+][N-]C(=O)NC
4756,4780,dipole_change,*C=[NH+][N-]C(=O)OC,*C=[O+][N-]C(=O)NC
4756,4782,dipole_change,*C=[NH+][N-]C(=O)OC,*C=[O+][N-]C(=O)NC
4780,4782,dipole_change,*c1ccccc1,*c1ccccc1
3642,3652,dipole_change,*C#[N+][N-]C,*[N-][N+]#CC
3642,3724,dipole_change,*C#[N+][N-]C,*C#[N+][N-]C#N
3652,3724,dipole_change,*C#[N+][N-]C(C)=O,*C(=O)C#[N+][N-]C#N
3652,4030,dipole_change,*[N-]C(C)=O,*[N-]c1ccccc1
4030,4542,dipole_change,*[N-][N+]#CC,*[N-][NH+]=CC(C)=O
4030,4757,dipole_change,*[N-][N+]#CC,*C=[NH+][N-]C(=O)OC
4030,4779,dipole_change,*[N-][N+]#CC,*C=[O+][N-]C(=O)NC
4450,4757,dipole_change,*[N+]#CC(=O)OC,*[NH+]=Cc1ccccc1
4542,4757,dipole_change,*[N-][NH+]=CC(C)=O,*C=[NH+][N-]C(=O)OC
4542,4779,dipole_change,*[N-][NH+]=CC(C)=O,*C=[O+][N-]C(=O)NC
4757,4779,dipole_change,*C=[NH+][N-]C(=O)OC,*C=[O+][N-]C(=O)NC
3598,3599,dipole_change,*NC,*NC
3507,3750,dipole_change,*C#[N+][C-](C)C,*[CH-][NH+]=C(C#N)C#N
3507,4014,dipole_change,*C#[N+][C-](C)C,*[C-](C)[N+]#CC(=O)OC
3507,4311,dipole_change,*[N+]#CC,*[NH+]=Cc1ccccc1
3750,4014,dipole_change,*[CH-][NH+]=C(C#N)C#N,*[C-](C)[N+]#CC(=O)OC
3750,4079,dipole_change,*C(C#N)=[NH+][CH-]C,*C#[N+][C-](C)C(=O)OC
3750,4096,dipole_change,*C(C#N)=[NH+][CH-]C,*[C-](C)[N+]#CC(=O)OC
3750,4177,dipole_change,*C(C#N)=[NH+][CH-]C,*[CH-][NH+]=C(C)C(=O)OC
4014,4079,dipole_change,*C#[N+][C-](C)C,*[C-](C)[N+]#CC#N
4014,4096,dipole_change,*C#[N+][C-](C)C,*C#[N+][C-](C)C#N
4014,4177,dipole_change,*C#[N+][C-](C)C,*C(C)=[NH+][CH-]C#N
4014,4311,dipole_change,*[N+]#CC(=O)OC,*[NH+]=Cc1ccccc1
4014,4433,dipole_change,*C#[N+][C-](C)C,*C#[N+][C-](C)C(C)=O
4014,4538,dipole_change,*C#[N+][C-](C)C,*[C-]([N+]#CC#N)C(C)=O
4014,4600,dipole_change,*C#[N+][C-](C)C,*[CH-][NH+]=C(C#N)C(C)=O
4079,4096,dipole_change,*C(=O)[C-](C)[N+]#CC#N,*C(=O)C#[N+][C-](C)C#N
4079,4177,dipole_change,*C(=O)[C-](C)[N+]#CC#N,*C(=O)C(C)=[NH+][CH-]C#N
4079,4433,dipole_change,*[C-](C)[N+]#CC#N,*C#[N+][C-](C)C(C)=O
4079,4538,dipole_change,*[C-](C)[N+]#CC#N,*[C-]([N+]#CC#N)C(C)=O
4079,4558,dipole_change,*[C-](C)C(=O)OC,*[C-](C(C)=O)C(=O)NC
4079,4600,dipole_change,*[C-](C)[N+]#CC#N,*[CH-][NH+]=C(C#N)C(C)=O
4079,4765,dipole_change,*C,*C(=O)OC
4079,4979,dipole_change,*[N+]#CC#N,*[O+]=Cc1ccccc1
4096,4177,dipole_change,*C#[N+][C-](C)C#N,*C(C)=[NH+][CH-]C#N
4096,4433,dipole_change,*C#[N+][C-](C)C#N,*C#[N+][C-](C)C(C)=O
4096,4538,dipole_change,*C#[N+][C-](C)C#N,*[C-]([N+]#CC#N)C(C)=O
4096,4600,dipole_change,*C#[N+][C-](C)C#N,*[CH-][NH+]=C(C#N)C(C)=O
4177,4433,dipole_change,*C(C)=[NH+][CH-]C#N,*C#[N+][C-](C)C(C)=O
4177,4538,dipole_change,*C(C)=[NH+][CH-]C#N,*[C-]([N+]#CC#N)C(C)=O
4177,4600,dipole_change,*C(C)=[NH+][CH-]C#N,*[CH-][NH+]=C(C#N)C(C)=O
4177,4845,dipole_change,*C,*C(=O)NC
4210,4311,dipole_change,*[C-](C#N)[N+]#C,*C=[NH+][C-](C)C
4210,4708,dipole_change,*C#N,*C(=O)OC
4210,4809,dipole_change,*[C-](C#N)[N+]#C,*[C-]([N+]#CC#N)C(C)=O
4210,4898,dipole_change,*[C-](C#N)[N+]#C,*[C-](C#N)[O+]=CC(C)=O
4210,4940,dipole_change,*[C-](C#N)[N+]#C,*C#[N+][C-](C)C(=O)NC
4210,4979,dipole_change,*[C-](C#N)[N+]#C,*C=[O+][C-](C)C(=O)OC
4210,4994,dipole_change,*[C-](C#N)[N+]#C,*C(C(C)=O)=[N+](C)[CH-]C
4311,4708,dipole_change,*C=[NH+][C-](C)C,*[C-]([N+]#C)C(=O)OC
4311,4809,dipole_change,*C=[NH+][C-](C)C,*[C-]([N+]#CC#N)C(C)=O
4311,4898,dipole_change,*C=[NH+][C-](C)C,*[C-](C#N)[O+]=CC(C)=O
4311,4940,dipole_change,*C=[NH+][C-](C)C,*C#[N+][C-](C)C(=O)NC
4311,4979,dipole_change,*C=[NH+][C-](C)C,*C=[O+][C-](C)C(=O)OC
4311,4994,dipole_change,*C=[NH+][C-](C)C,*C(C(C)=O)=[N+](C)[CH-]C
4433,4487,dipole_change,*[C-](C)[N+]#CC(=O)OC,*C=[NH+][C-](C)C(=O)NC
4433,4538,dipole_change,*C#[N+][C-](C)C(C)=O,*[C-]([N+]#CC#N)C(C)=O
4433,4600,dipole_change,*C#[N+][C-](C)C(C)=O,*[CH-][NH+]=C(C#N)C(C)=O
4487,4558,dipole_change,*[C-](C)[NH+]=CC(C)=O,*[C-]([N+]#CC#N)C(C)=O
4487,4940,dipole_change,*[NH+]=CC(C)=O,*[N+]#Cc1ccccc1
4538,4558,dipole_change,*OC,*NC
4538,4600,dipole_change,*[C-]([N+]#CC#N)C(C)=O,*[CH-][NH+]=C(C#N)C(C)=O
4538,4765,dipole_change,*C,*OC
4538,4809,dipole_change,*C(=O)OC,*c1ccccc1
4538,5065,dipole_change,*[N+]#CC#N,*[N+]#CC(=O)NC
4558,4809,dipole_change,*C(=O)NC,*c1ccccc1
4558,5081,dipole_change,*C(C)=O,*c1ccccc1
4708,4809,dipole_change,*[C-]([N+]#C)C(=O)OC,*[C-]([N+]#CC#N)C(C)=O
4708,4898,dipole_change,*[C-]([N+]#C)C(=O)OC,*[C-](C#N)[O+]=CC(C)=O
4708,4940,dipole_change,*[C-]([N+]#C)C(=O)OC,*C#[N+][C-](C)C(=O)NC
4708,4979,dipole_change,*[C-]([N+]#C)C(=O)OC,*C=[O+][C-](C)C(=O)OC
4708,4994,dipole_change,*[C-]([N+]#C)C(=O)OC,*C(C(C)=O)=[N+](C)[CH-]C
4708,5512,dipole_change,*[N+]#C,*[N+]#CC(=O)NC
4765,4857,dipole_change,*[N+]#CC#N,*[O+]=CC#N
4765,5527,dipole_change,*C#N,*c1ccccc1
4809,4898,dipole_change,*[C-]([N+]#CC#N)C(C)=O,*[C-](C#N)[O+]=CC(C)=O
4809,4940,dipole_change,*[C-]([N+]#CC#N)C(C)=O,*C#[N+][C-](C)C(=O)NC
4809,4979,dipole_change,*[C-]([N+]#CC#N)C(C)=O,*C=[O+][C-](C)C(=O)OC
4809,4994,dipole_change,*[C-]([N+]#CC#N)C(C)=O,*C(C(C)=O)=[N+](C)[CH-]C
4809,5081,dipole_change,*C(C)=O,*C(=O)NC
4809,5152,dipole_change,*[N+]#CC#N,*[N+]#CC(C)=O
4809,5191,dipole_change,*[N+]#CC#N,*[O+]=CC(C)=O
4857,5527,dipole_change,*[O+]=CC#N,*[N+]#Cc1ccccc1
4898,4940,dipole_change,*[C-](C#N)[O+]=CC(C)=O,*C#[N+][C-](C)C(=O)NC
4898,4979,dipole_change,*[C-](C#N)[O+]=CC(C)=O,*C=[O+][C-](C)C(=O)OC
4898,4994,dipole_change,*[C-](C#N)[O+]=CC(C)=O,*C(C(C)=O)=[N+](C)[CH-]C
4898,5191,dipole_change,*C#N,*C(C)=O
4940,4979,dipole_change,*C#[N+][C-](C)C(=O)NC,*C=[O+][C-](C)C(=O)OC
4940,4994,dipole_change,*C#[N+][C-](C)C(=O)NC,*C(C(C)=O)=[N+](C)[CH-]C
4979,4994,dipole_change,*C=[O+][C-](C)C(=O)OC,*C(C(C)=O)=[N+](C)[CH-]C
4979,5117,dipole_change,*[C-](C)C(=O)OC,*[C-](C#N)C(=O)OC
5065,5512,dipole_change,*C(C)=O,*c1ccccc1
5077,5117,dipole_change,*[N+](C)=CC(=O)OC,*[O+]=Cc1ccccc1
5077,5247,dipole_change,*[C-](C#N)C(=O)OC,*[C-](C)c1ccccc1
5125,5583,dipole_change,*[CH-]C#N,*[CH-]C(=O)OC
5152,5191,dipole_change,*[N+]#CC(C)=O,*[O+]=CC(C)=O
5247,5465,dipole_change,*C(=O)OC,*c1ccccc1
3508,3753,dipole_change,*C#[N+][C-](C)C,*[CH-][NH+]=C(C#N)C#N
3508,4015,dipole_change,*C#[N+][C-](C)C,*[C-](C)[N+]#CC(=O)OC
3508,4313,dipole_change,*[N+]#CC,*[NH+]=Cc1ccccc1
3753,4015,dipole_change,*[CH-][NH+]=C(C#N)C#N,*[C-](C)[N+]#CC(=O)OC
3753,4083,dipole_change,*C(C#N)=[NH+][CH-]C,*C#[N+][C-](C)C(=O)OC
3753,4095,dipole_change,*C(C#N)=[NH+][CH-]C,*[C-](C)[N+]#CC(=O)OC
3753,4174,dipole_change,*C(C#N)=[NH+][CH-]C,*[CH-][NH+]=C(C)C(=O)OC
4015,4083,dipole_change,*C#[N+][C-](C)C,*[C-](C)[N+]#CC#N
4015,4095,dipole_change,*C#[N+][C-](C)C,*C#[N+][C-](C)C#N
4015,4174,dipole_change,*C#[N+][C-](C)C,*C(C)=[NH+][CH-]C#N
4015,4313,dipole_change,*[N+]#CC(=O)OC,*[NH+]=Cc1ccccc1
4015,4437,dipole_change,*C#[N+][C-](C)C,*C#[N+][C-](C)C(C)=O
4015,4539,dipole_change,*C#[N+][C-](C)C,*[C-]([N+]#CC#N)C(C)=O
4015,4602,dipole_change,*C#[N+][C-](C)C,*[CH-][NH+]=C(C#N)C(C)=O
4083,4095,dipole_change,*C(=O)[C-](C)[N+]#CC#N,*C(=O)C#[N+][C-](C)C#N
4083,4174,dipole_change,*C(=O)[C-](C)[N+]#CC#N,*C(=O)C(C)=[NH+][CH-]C#N
4083,4437,dipole_change,*[C-](C)[N+]#CC#N,*C#[N+][C-](C)C(C)=O
4083,4539,dipole_change,*[C-](C)[N+]#CC#N,*[C-]([N+]#CC#N)C(C)=O
4083,4554,dipole_change,*[C-](C)C(=O)OC,*[C-](C(C)=O)C(=O)NC
4083,4602,dipole_change,*[C-](C)[N+]#CC#N,*[CH-][NH+]=C(C#N)C(C)=O
4083,4764,dipole_change,*C,*C(=O)OC
4083,4975,dipole_change,*[N+]#CC#N,*[O+]=Cc1ccccc1
4095,4174,dipole_change,*C#[N+][C-](C)C#N,*C(C)=[NH+][CH-]C#N
4095,4437,dipole_change,*C#[N+][C-](C)C#N,*C#[N+][C-](C)C(C)=O
4095,4539,dipole_change,*C#[N+][C-](C)C#N,*[C-]([N+]#CC#N)C(C)=O
4095,4602,dipole_change,*C#[N+][C-](C)C#N,*[CH-][NH+]=C(C#N)C(C)=O
4174,4437,dipole_change,*C(C)=[NH+][CH-]C#N,*C#[N+][C-](C)C(C)=O
4174,4539,dipole_change,*C(C)=[NH+][CH-]C#N,*[C-]([N+]#CC#N)C(C)=O
4174,4602,dipole_change,*C(C)=[NH+][CH-]C#N,*[CH-][NH+]=C(C#N)C(C)=O
4174,4843,dipole_change,*C,*C(=O)NC
4313,4806,dipole_change,*C=[NH+][C-](C)C,*[C-]([N+]#CC#N)C(C)=O
4313,4901,dipole_change,*C=[NH+][C-](C)C,*[C-](C#N)[O+]=CC(C)=O
4313,4942,dipole_change,*C=[NH+][C-](C)C,*C#[N+][C-](C)C(=O)NC
4313,4975,dipole_change,*C=[NH+][C-](C)C,*C=[O+][C-](C)C(=O)OC
4313,4998,dipole_change,*C=[NH+][C-](C)C,*C(C(C)=O)=[N+](C)[CH-]C
4437,4488,dipole_change,*[C-](C)[N+]#CC(=O)OC,*C=[NH+][C-](C)C(=O)NC
4437,4539,dipole_change,*C#[N+][C-](C)C(C)=O,*[C-]([N+]#CC#N)C(C)=O
4437,4602,dipole_change,*C#[N+][C-](C)C(C)=O,*[CH-][NH+]=C(C#N)C(C)=O
4488,4554,dipole_change,*[C-](C)[NH+]=CC(C)=O,*[C-]([N+]#CC#N)C(C)=O
4488,4942,dipole_change,*[NH+]=CC(C)=O,*[N+]#Cc1ccccc1
4539,4554,dipole_change,*OC,*NC
4539,4602,dipole_change,*[C-]([N+]#CC#N)C(C)=O,*[CH-][NH+]=C(C#N)C(C)=O
4539,4764,dipole_change,*C,*OC
4539,4806,dipole_change,*C(=O)OC,*c1ccccc1
4539,5063,dipole_change,*[N+]#CC#N,*[N+]#CC(=O)NC
4554,4806,dipole_change,*C(=O)NC,*c1ccccc1
4554,5083,dipole_change,*C(C)=O,*c1ccccc1
4764,4859,dipole_change,*[N+]#CC#N,*[O+]=CC#N
4764,5528,dipole_change,*C#N,*c1ccccc1
4806,4901,dipole_change,*[C-]([N+]#CC#N)C(C)=O,*[C-](C#N)[O+]=CC(C)=O
4806,4942,dipole_change,*[C-]([N+]#CC#N)C(C)=O,*C#[N+][C-](C)C(=O)NC
4806,4975,dipole_change,*[C-]([N+]#CC#N)C(C)=O,*C=[O+][C-](C)C(=O)OC
4806,4998,dipole_change,*[C-]([N+]#CC#N)C(C)=O,*C(C(C)=O)=[N+](C)[CH-]C
4806,5083,dipole_change,*C(C)=O,*C(=O)NC
4806,5155,dipole_change,*[N+]#CC#N,*[N+]#CC(C)=O
4806,5189,dipole_change,*[N+]#CC#N,*[O+]=CC(C)=O
4859,5528,dipole_change,*[O+]=CC#N,*[N+]#Cc1ccccc1
4890,5111,dipole_change,*[N+](C)=CC(C)=O,*[N+]#Cc1ccccc1
4901,4942,dipole_change,*[C-](C#N)[O+]=CC(C)=O,*C#[N+][C-](C)C(=O)NC
4901,4975,dipole_change,*[C-](C#N)[O+]=CC(C)=O,*C=[O+][C-](C)C(=O)OC
4901,4998,dipole_change,*[C-](C#N)[O+]=CC(C)=O,*C(C(C)=O)=[N+](C)[CH-]C
4901,5189,dipole_change,*C#N,*C(C)=O
4901,5342,dipole_change,*[O+]=CC(C)=O,*[N+]#Cc1ccccc1
4942,4975,dipole_change,*C#[N+][C-](C)C(=O)NC,*C=[O+][C-](C)C(=O)OC
4942,4998,dipole_change,*C#[N+][C-](C)C(=O)NC,*C(C(C)=O)=[N+](C)[CH-]C
4942,5111,dipole_change,*[C-](C)C(=O)NC,*[C-](C(C)=O)C(C)=O
4975,4998,dipole_change,*C=[O+][C-](C)C(=O)OC,*C(C(C)=O)=[N+](C)[CH-]C
4975,5118,dipole_change,*[C-](C)C(=O)OC,*[C-](C#N)C(=O)OC
5063,5511,dipole_change,*C(C)=O,*c1ccccc1
5075,5118,dipole_change,*[N+](C)=CC(=O)OC,*[O+]=Cc1ccccc1
5075,5250,dipole_change,*[C-](C#N)C(=O)OC,*[C-](C)c1ccccc1
5128,5586,dipole_change,*[CH-]C#N,*[CH-]C(=O)OC
5155,5189,dipole_change,*[N+]#CC(C)=O,*[O+]=CC(C)=O
5250,5467,dipole_change,*C(=O)OC,*c1ccccc1
3645,3648,dipole_change,*C#[N+][N-]C,*[N-][N+]#CC
3648,4027,dipole_change,*[N-]C(C)=O,*[N-]c1ccccc1
4027,4546,dipole_change,*[N-][N+]#CC,*[N-][NH+]=CC(C)=O
4027,4754,dipole_change,*[N-][N+]#CC,*C=[NH+][N-]C(=O)OC
4027,4777,dipole_change,*[N-][N+]#CC,*C=[O+][N-]C(=O)NC
4447,4754,dipole_change,*[N+]#CC(=O)OC,*[NH+]=Cc1ccccc1
4546,4754,dipole_change,*[N-][NH+]=CC(C)=O,*C=[NH+][N-]C(=O)OC
4546,4777,dipole_change,*[N-][NH+]=CC(C)=O,*C=[O+][N-]C(=O)NC
4754,4777,dipole_change,*C=[NH+][N-]C(=O)OC,*C=[O+][N-]C(=O)NC
3646,3653,dipole_change,*C#[N+][N-]C,*[N-][N+]#CC
3653,4028,dipole_change,*[N-]C(C)=O,*[N-]c1ccccc1
4028,4545,dipole_change,*[N-][N+]#CC,*[N-][NH+]=CC(C)=O
4028,4758,dipole_change,*[N-][N+]#CC,*C=[NH+][N-]C(=O)OC
4028,4778,dipole_change,*[N-][N+]#CC,*C=[O+][N-]C(=O)NC
4446,4758,dipole_change,*[N+]#CC(=O)OC,*[NH+]=Cc1ccccc1
4545,4758,dipole_change,*[N-][NH+]=CC(C)=O,*C=[NH+][N-]C(=O)OC
4545,4778,dipole_change,*[N-][NH+]=CC(C)=O,*C=[O+][N-]C(=O)NC
4758,4778,dipole_change,*C=[NH+][N-]C(=O)OC,*C=[O+][N-]C(=O)NC
3893,3894,dipole_change,*C,*C
3893,4410,dipole_change,*C#N,*C(=O)NC
3893,4412,dipole_change,*C#N,*C(=O)NC
3893,4736,dipole_change,*C#N,*c1ccccc1
3893,4737,dipole_change,*C#N,*c1ccccc1
3894,4410,dipole_change,*C#N,*C(=O)NC
3894,4412,dipole_change,*C#N,*C(=O)NC
3894,4736,dipole_change,*C#N,*c1ccccc1
3894,4737,dipole_change,*C#N,*c1ccccc1
4285,4286,dipole_change,*C(=O)C(C)=[O+][C-](C)C,*C(=O)C(C)=[O+][C-](C)C
4285,4387,dipole_change,*C(C)=[O+][C-](C)C,*C(C#N)=[NH+][C-](C)C
4285,4388,dipole_change,*C(C)=[O+][C-](C)C,*C(C#N)=[NH+][C-](C)C
4285,4410,dipole_change,*C(C)=[O+][C-](C)C,*c1[nH+][c-](C)c(=O)o1
4285,4412,dipole_change,*C(C)=[O+][C-](C)C,*c1[nH+][c-](C)c(=O)o1
4285,4442,dipole_change,*C(C)=[O+][C-](C)C,*[c-]1[nH+]c(C)oc1=O
4285,4574,dipole_change,*C(C)=[O+][C-](C)C,*[c-]1[o+]c(C#N)oc1=O
4285,4578,dipole_change,*C(C)=[O+][C-](C)C,*[c-]1[o+]c(C#N)oc1=O
4286,4387,dipole_change,*C(C)=[O+][C-](C)C,*C(C#N)=[NH+][C-](C)C
4286,4388,dipole_change,*C(C)=[O+][C-](C)C,*C(C#N)=[NH+][C-](C)C
4286,4410,dipole_change,*C(C)=[O+][C-](C)C,*c1[nH+][c-](C)c(=O)o1
4286,4412,dipole_change,*C(C)=[O+][C-](C)C,*c1[nH+][c-](C)c(=O)o1
4286,4442,dipole_change,*C(C)=[O+][C-](C)C,*[c-]1[nH+]c(C)oc1=O
4286,4574,dipole_change,*C(C)=[O+][C-](C)C,*[c-]1[o+]c(C#N)oc1=O
4286,4578,dipole_change,*C(C)=[O+][C-](C)C,*[c-]1[o+]c(C#N)oc1=O
4387,4388,dipole_change,*C(C#N)=[NH+][C-](C)C,*C(C#N)=[NH+][C-](C)C
4387,4410,dipole_change,*C(C#N)=[NH+][C-](C)C,*c1[nH+][c-](C)c(=O)o1
4387,4412,dipole_change,*C(C#N)=[NH+][C-](C)C,*c1[nH+][c-](C)c(=O)o1
4387,4442,dipole_change,*C(C#N)=[NH+][C-](C)C,*[c-]1[nH+]c(C)oc1=O
4387,4574,dipole_change,*C(C#N)=[NH+][C-](C)C,*[c-]1[o+]c(C#N)oc1=O
4387,4578,dipole_change,*C(C#N)=[NH+][C-](C)C,*[c-]1[o+]c(C#N)oc1=O
4388,4410,dipole_change,*C(C#N)=[NH+][C-](C)C,*c1[nH+][c-](C)c(=O)o1
4388,4412,dipole_change,*C(C#N)=[NH+][C-](C)C,*c1[nH+][c-](C)c(=O)o1
4388,4442,dipole_change,*C(C#N)=[NH+][C-](C)C,*[c-]1[nH+]c(C)oc1=O
4388,4574,dipole_change,*C(C#N)=[NH+][C-](C)C,*[c-]1[o+]c(C#N)oc1=O
4388,4578,dipole_change,*C(C#N)=[NH+][C-](C)C,*[c-]1[o+]c(C#N)oc1=O
4410,4412,dipole_change,*NC,*NC
4410,4442,dipole_change,*c1[nH+][c-](C)c(=O)o1,*[c-]1[nH+]c(C)oc1=O
4410,4574,dipole_change,*c1[nH+][c-](C)c(=O)o1,*[c-]1[o+]c(C#N)oc1=O
4410,4578,dipole_change,*c1[nH+][c-](C)c(=O)o1,*[c-]1[o+]c(C#N)oc1=O
4410,4736,dipole_change,*C(=O)NC,*c1ccccc1
4410,4737,dipole_change,*C(=O)NC,*c1ccccc1
4412,4442,dipole_change,*c1[nH+][c-](C)c(=O)o1,*[c-]1[nH+]c(C)oc1=O
4412,4574,dipole_change,*c1[nH+][c-](C)c(=O)o1,*[c-]1[o+]c(C#N)oc1=O
4412,4578,dipole_change,*c1[nH+][c-](C)c(=O)o1,*[c-]1[o+]c(C#N)oc1=O
4412,4736,dipole_change,*C(=O)NC,*c1ccccc1
4412,4737,dipole_change,*C(=O)NC,*c1ccccc1
4427,4428,dipole_change,*C(C)=O,*C(C)=O
4442,4574,dipole_change,*[c-]1[nH+]c(C)oc1=O,*[c-]1[o+]c(C#N)oc1=O
4442,4578,dipole_change,*[c-]1[nH+]c(C)oc1=O,*[c-]1[o+]c(C#N)oc1=O
4442,5297,dipole_change,*C,*c1ccccc1
4442,5301,dipole_change,*C,*c1ccccc1
4574,4578,dipole_change,*NC,*NC
4574,4819,dipole_change,*C#N,*C(C)=O
4574,5088,dipole_change,*C#N,*C(=O)NC
4574,5092,dipole_change,*C#N,*C(=O)NC
4578,4819,dipole_change,*C#N,*C(C)=O
4578,5088,dipole_change,*C#N,*C(=O)NC
4578,5092,dipole_change,*C#N,*C(=O)NC
4636,4637,dipole_change,*C,*C
4636,4660,dipole_change,*c1oc(=O)[c-](C)[n+]1C,*C(C#N)=[N+](C)[C-](C)C
4636,4662,dipole_change,*c1oc(=O)[c-](C)[n+]1C,*C(C#N)=[N+](C)[C-](C)C
4637,4660,dipole_change,*c1oc(=O)[c-](C)[n+]1C,*C(C#N)=[N+](C)[C-](C)C
4637,4662,dipole_change,*c1oc(=O)[c-](C)[n+]1C,*C(C#N)=[N+](C)[C-](C)C
4660,4662,dipole_change,*C#N,*C#N
4736,4737,dipole_change,*c1[nH+][c-](C)c(=O)o1,*c1[nH+][c-](C)c(=O)o1
4736,5297,dipole_change,*C,*C(=O)NC
4736,5301,dipole_change,*C,*C(=O)NC
4736,5314,dipole_change,*C,*C(=O)OC
4736,5317,dipole_change,*C,*C(=O)OC
4737,5297,dipole_change,*C,*C(=O)NC
4737,5301,dipole_change,*C,*C(=O)NC
4737,5314,dipole_change,*C,*C(=O)OC
4737,5317,dipole_change,*C,*C(=O)OC
4819,5088,dipole_change,*C(C)=O,*C(=O)NC
4819,5092,dipole_change,*C(C)=O,*C(=O)NC
4884,4887,dipole_change,*C,*C
4884,5395,dipole_change,*[C-](C#N)C#N,*[C-](C(C)=O)C(C)=O
4884,5522,dipole_change,*[C-](C#N)C#N,*[C-](C)c1ccccc1
4884,5523,dipole_change,*[C-](C#N)C#N,*[C-](C)c1ccccc1
4887,5395,dipole_change,*[C-](C#N)C#N,*[C-](C(C)=O)C(C)=O
4887,5522,dipole_change,*[C-](C#N)C#N,*[C-](C)c1ccccc1
4887,5523,dipole_change,*[C-](C#N)C#N,*[C-](C)c1ccccc1
4960,4963,dipole_change,*C,*C
4960,5423,dipole_change,*C(C)=O,*c1ccccc1
4960,5425,dipole_change,*C(C)=O,*c1ccccc1
4963,5423,dipole_change,*C(C)=O,*c1ccccc1
4963,5425,dipole_change,*C(C)=O,*c1ccccc1
5088,5092,dipole_change,*C(=O)NC,*C(=O)NC
5129,5131,dipole_change,*C(C)=O,*C(C)=O
5226,5227,dipole_change,*[C-](C)C(=O)NC,*[C-](C)C(=O)NC
5297,5301,dipole_change,*C(=O)NC,*C(=O)NC
5297,5314,dipole_change,*C(=O)NC,*C(=O)OC
5297,5317,dipole_change,*C(=O)NC,*C(=O)OC
5301,5314,dipole_change,*C(=O)NC,*C(=O)OC
5301,5317,dipole_change,*C(=O)NC,*C(=O)OC
5314,5317,dipole_change,*C(=O)OC,*C(=O)OC
5322,5324,dipole_change,*[C-](C)C(C)=O,*[C-](C)C(C)=O
5395,5522,dipole_change,*[C-](C(C)=O)C(C)=O,*[C-](C)c1ccccc1
5395,5523,dipole_change,*[C-](C(C)=O)C(C)=O,*[C-](C)c1ccccc1
5418,5419,dipole_change,*C(C)=O,*C(C)=O
5418,5531,dipole_change,*[NH+]=C(C#N)C(C)=O,*[O+]=C(C)C(=O)NC
5418,5535,dipole_change,*[NH+]=C(C#N)C(C)=O,*[O+]=C(C)C(=O)NC
5419,5531,dipole_change,*[NH+]=C(C#N)C(C)=O,*[O+]=C(C)C(=O)NC
5419,5535,dipole_change,*[NH+]=C(C#N)C(C)=O,*[O+]=C(C)C(=O)NC
5423,5425,dipole_change,*C(=O)OC,*C(=O)OC
5503,5504,dipole_change,*C,*C
5522,5523,dipole_change,*C,*C
5531,5535,dipole_change,*C,*C
5564,5565,dipole_change,*C,*C
5632,5637,dipole_change,*C,*C
5695,5697,dipole_change,*c1ccccc1,*c1ccccc1
5760,5761,dipole_change,*C(=O)OC,*C(=O)OC
5760,5916,dipole_change,*C,*C(=O)NC
5761,5916,dipole_change,*C,*C(=O)NC
5841,5842,dipole_change,*[O+]=C(C(C)=O)C(C)=O,*[O+]=C(C(C)=O)C(C)=O
5872,5875,dipole_change,*C(=O)OC,*C(=O)OC
5872,5880,dipole_change,*C(=O)NC,*C(=O)OC
5872,5882,dipole_change,*C(=O)NC,*C(=O)OC
5875,5880,dipole_change,*C(=O)NC,*C(=O)OC
5875,5882,dipole_change,*C(=O)NC,*C(=O)OC
5880,5882,dipole_change,*c1ccccc1,*c1ccccc1
5923,5925,dipole_change,*C,*C
5931,5932,dipole_change,*c1ccccc1,*c1ccccc1
3905,4147,dipole_change,*[C-](C#N)C(=O)OC,*[C-](C(C)=O)C(=O)NC
3905,4200,dipole_change,*[C-]([N+]#N)C(=O)OC,*C(C(=O)NC)=[N+](C)[NH-]
3905,4699,dipole_change,*C#N,*c1ccccc1
4147,4200,dipole_change,*[C-]([N+]#N)C(C)=O,*C(C#N)=[N+](C)[NH-]
4699,4793,dipole_change,*[C-]([N+]#N)C(=O)OC,*C(=[O+][NH-])C(=O)OC
3618,3635,dipole_change,*[c-]1[o+]noc1=O,*C(C)=[O+][N-]C#N
3618,4060,dipole_change,*[c-]1[o+]noc1=O,*C(C(C)=O)=[N+](C)[N-]C
3618,4169,dipole_change,*C,*C(=O)NC
3635,4060,dipole_change,*C(C)=[O+][N-]C#N,*C(C(C)=O)=[N+](C)[N-]C
5101,5708,dipole_change,*C#N,*c1ccccc1
3987,4472,dipole_change,*C(=[O+][O-])C(C)=O,*C(C(=O)NC)=[N+](C)[O-]
3891,3896,dipole_change,*C,*C
3891,4409,dipole_change,*C#N,*C(=O)NC
3891,4414,dipole_change,*C#N,*C(=O)NC
3891,4734,dipole_change,*C#N,*c1ccccc1
3891,4739,dipole_change,*C#N,*c1ccccc1
3896,4409,dipole_change,*C#N,*C(=O)NC
3896,4414,dipole_change,*C#N,*C(=O)NC
3896,4734,dipole_change,*C#N,*c1ccccc1
3896,4739,dipole_change,*C#N,*c1ccccc1
4283,4284,dipole_change,*C(=O)C(C)=[O+][C-](C)C,*C(=O)C(C)=[O+][C-](C)C
4283,4391,dipole_change,*C(C)=[O+][C-](C)C,*C(C#N)=[NH+][C-](C)C
4283,4392,dipole_change,*C(C)=[O+][C-](C)C,*C(C#N)=[NH+][C-](C)C
4283,4409,dipole_change,*C(C)=[O+][C-](C)C,*c1[nH+][c-](C)c(=O)o1
4283,4414,dipole_change,*C(C)=[O+][C-](C)C,*c1[nH+][c-](C)c(=O)o1
4283,4443,dipole_change,*C(C)=[O+][C-](C)C,*[c-]1[nH+]c(C)oc1=O
4283,4445,dipole_change,*C(C)=[O+][C-](C)C,*[c-]1[nH+]c(C)oc1=O
4283,4576,dipole_change,*C(C)=[O+][C-](C)C,*[c-]1[o+]c(C#N)oc1=O
4283,4577,dipole_change,*C(C)=[O+][C-](C)C,*[c-]1[o+]c(C#N)oc1=O
4284,4391,dipole_change,*C(C)=[O+][C-](C)C,*C(C#N)=[NH+][C-](C)C
4284,4392,dipole_change,*C(C)=[O+][C-](C)C,*C(C#N)=[NH+][C-](C)C
4284,4409,dipole_change,*C(C)=[O+][C-](C)C,*c1[nH+][c-](C)c(=O)o1
4284,4414,dipole_change,*C(C)=[O+][C-](C)C,*c1[nH+][c-](C)c(=O)o1
4284,4443,dipole_change,*C(C)=[O+][C-](C)C,*[c-]1[nH+]c(C)oc1=O
4284,4445,dipole_change,*C(C)=[O+][C-](C)C,*[c-]1[nH+]c(C)oc1=O
4284,4576,dipole_change,*C(C)=[O+][C-](C)C,*[c-]1[o+]c(C#N)oc1=O
4284,4577,dipole_change,*C(C)=[O+][C-](C)C,*[c-]1[o+]c(C#N)oc1=O
4391,4392,dipole_change,*C(C#N)=[NH+][C-](C)C,*C(C#N)=[NH+][C-](C)C
4391,4409,dipole_change,*C(C#N)=[NH+][C-](C)C,*c1[nH+][c-](C)c(=O)o1
4391,4414,dipole_change,*C(C#N)=[NH+][C-](C)C,*c1[nH+][c-](C)c(=O)o1
4391,4443,dipole_change,*C(C#N)=[NH+][C-](C)C,*[c-]1[nH+]c(C)oc1=O
4391,4445,dipole_change,*C(C#N)=[NH+][C-](C)C,*[c-]1[nH+]c(C)oc1=O
4391,4576,dipole_change,*C(C#N)=[NH+][C-](C)C,*[c-]1[o+]c(C#N)oc1=O
4391,4577,dipole_change,*C(C#N)=[NH+][C-](C)C,*[c-]1[o+]c(C#N)oc1=O
4392,4409,dipole_change,*C(C#N)=[NH+][C-](C)C,*c1[nH+][c-](C)c(=O)o1
4392,4414,dipole_change,*C(C#N)=[NH+][C-](C)C,*c1[nH+][c-](C)c(=O)o1
4392,4443,dipole_change,*C(C#N)=[NH+][C-](C)C,*[c-]1[nH+]c(C)oc1=O
4392,4445,dipole_change,*C(C#N)=[NH+][C-](C)C,*[c-]1[nH+]c(C)oc1=O
4392,4576,dipole_change,*C(C#N)=[NH+][C-](C)C,*[c-]1[o+]c(C#N)oc1=O
4392,4577,dipole_change,*C(C#N)=[NH+][C-](C)C,*[c-]1[o+]c(C#N)oc1=O
4409,4414,dipole_change,*NC,*NC
4409,4443,dipole_change,*c1[nH+][c-](C)c(=O)o1,*[c-]1[nH+]c(C)oc1=O
4409,4445,dipole_change,*c1[nH+][c-](C)c(=O)o1,*[c-]1[nH+]c(C)oc1=O
4409,4576,dipole_change,*c1[nH+][c-](C)c(=O)o1,*[c-]1[o+]c(C#N)oc1=O
4409,4577,dipole_change,*c1[nH+][c-](C)c(=O)o1,*[c-]1[o+]c(C#N)oc1=O
4409,4734,dipole_change,*C(=O)NC,*c1ccccc1
4409,4739,dipole_change,*C(=O)NC,*c1ccccc1
4414,4443,dipole_change,*c1[nH+][c-](C)c(=O)o1,*[c-]1[nH+]c(C)oc1=O
4414,4445,dipole_change,*c1[nH+][c-](C)c(=O)o1,*[c-]1[nH+]c(C)oc1=O
4414,4576,dipole_change,*c1[nH+][c-](C)c(=O)o1,*[c-]1[o+]c(C#N)oc1=O
4414,4577,dipole_change,*c1[nH+][c-](C)c(=O)o1,*[c-]1[o+]c(C#N)oc1=O
4414,4734,dipole_change,*C(=O)NC,*c1ccccc1
4414,4739,dipole_change,*C(=O)NC,*c1ccccc1
4430,4431,dipole_change,*C(C)=O,*C(C)=O
4443,4445,dipole_change,*NC,*NC
4443,4576,dipole_change,*[c-]1[nH+]c(C)oc1=O,*[c-]1[o+]c(C#N)oc1=O
4443,4577,dipole_change,*[c-]1[nH+]c(C)oc1=O,*[c-]1[o+]c(C#N)oc1=O
4443,5298,dipole_change,*C,*c1ccccc1
4443,5300,dipole_change,*C,*c1ccccc1
4445,4576,dipole_change,*[c-]1[nH+]c(C)oc1=O,*[c-]1[o+]c(C#N)oc1=O
4445,4577,dipole_change,*[c-]1[nH+]c(C)oc1=O,*[c-]1[o+]c(C#N)oc1=O
4445,5298,dipole_change,*C,*c1ccccc1
4445,5300,dipole_change,*C,*c1ccccc1
4576,4577,dipole_change,*NC,*NC
4576,4817,dipole_change,*C#N,*C(C)=O
4576,4818,dipole_change,*C#N,*C(C)=O
4576,5089,dipole_change,*C#N,*C(=O)NC
4576,5091,dipole_change,*C#N,*C(=O)NC
4577,4817,dipole_change,*C#N,*C(C)=O
4577,4818,dipole_change,*C#N,*C(C)=O
4577,5089,dipole_change,*C#N,*C(=O)NC
4577,5091,dipole_change,*C#N,*C(=O)NC
4634,4638,dipole_change,*C,*C
4634,4658,dipole_change,*c1oc(=O)[c-](C)[n+]1C,*C(C#N)=[N+](C)[C-](C)C
4634,4661,dipole_change,*c1oc(=O)[c-](C)[n+]1C,*C(C#N)=[N+](C)[C-](C)C
4638,4658,dipole_change,*c1oc(=O)[c-](C)[n+]1C,*C(C#N)=[N+](C)[C-](C)C
4638,4661,dipole_change,*c1oc(=O)[c-](C)[n+]1C,*C(C#N)=[N+](C)[C-](C)C
4658,4661,dipole_change,*C#N,*C#N
4734,4739,dipole_change,*c1[nH+][c-](C)c(=O)o1,*c1[nH+][c-](C)c(=O)o1
4734,5298,dipole_change,*C,*C(=O)NC
4734,5300,dipole_change,*C,*C(=O)NC
4734,5315,dipole_change,*C,*C(=O)OC
4734,5318,dipole_change,*C,*C(=O)OC
4739,5298,dipole_change,*C,*C(=O)NC
4739,5300,dipole_change,*C,*C(=O)NC
4739,5315,dipole_change,*C,*C(=O)OC
4739,5318,dipole_change,*C,*C(=O)OC
4817,4818,dipole_change,*NC,*NC
4817,5089,dipole_change,*C(C)=O,*C(=O)NC
4817,5091,dipole_change,*C(C)=O,*C(=O)NC
4818,5089,dipole_change,*C(C)=O,*C(=O)NC
4818,5091,dipole_change,*C(C)=O,*C(=O)NC
4883,4885,dipole_change,*C,*C
4883,5397,dipole_change,*[C-](C#N)C#N,*[C-](C(C)=O)C(C)=O
4883,5398,dipole_change,*[C-](C#N)C#N,*[C-](C(C)=O)C(C)=O
4883,5518,dipole_change,*[C-](C#N)C#N,*[C-](C)c1ccccc1
4883,5519,dipole_change,*[C-](C#N)C#N,*[C-](C)c1ccccc1
4885,5397,dipole_change,*[C-](C#N)C#N,*[C-](C(C)=O)C(C)=O
4885,5398,dipole_change,*[C-](C#N)C#N,*[C-](C(C)=O)C(C)=O
4885,5518,dipole_change,*[C-](C#N)C#N,*[C-](C)c1ccccc1
4885,5519,dipole_change,*[C-](C#N)C#N,*[C-](C)c1ccccc1
4961,4962,dipole_change,*C,*C
4961,5424,dipole_change,*C(C)=O,*c1ccccc1
4961,5426,dipole_change,*C(C)=O,*c1ccccc1
4962,5424,dipole_change,*C(C)=O,*c1ccccc1
4962,5426,dipole_change,*C(C)=O,*c1ccccc1
5009,5011,dipole_change,*C#N,*C#N
5089,5091,dipole_change,*C(=O)NC,*C(=O)NC
5132,5133,dipole_change,*C(C)=O,*C(C)=O
5222,5225,dipole_change,*[C-](C)C(=O)NC,*[C-](C)C(=O)NC
5298,5300,dipole_change,*C(=O)NC,*C(=O)NC
5298,5315,dipole_change,*C(=O)NC,*C(=O)OC
5298,5318,dipole_change,*C(=O)NC,*C(=O)OC
5300,5315,dipole_change,*C(=O)NC,*C(=O)OC
5300,5318,dipole_change,*C(=O)NC,*C(=O)OC
5315,5318,dipole_change,*C(=O)OC,*C(=O)OC
5325,5326,dipole_change,*[C-](C)C(C)=O,*[C-](C)C(C)=O
5397,5398,dipole_change,*C,*C
5397,5518,dipole_change,*[C-](C(C)=O)C(C)=O,*[C-](C)c1ccccc1
5397,5519,dipole_change,*[C-](C(C)=O)C(C)=O,*[C-](C)c1ccccc1
5398,5518,dipole_change,*[C-](C(C)=O)C(C)=O,*[C-](C)c1ccccc1
5398,5519,dipole_change,*[C-](C(C)=O)C(C)=O,*[C-](C)c1ccccc1
5420,5422,dipole_change,*C(C)=O,*C(C)=O
5420,5533,dipole_change,*[NH+]=C(C#N)C(C)=O,*[O+]=C(C)C(=O)NC
5422,5533,dipole_change,*[NH+]=C(C#N)C(C)=O,*[O+]=C(C)C(=O)NC
5424,5426,dipole_change,*C(=O)OC,*C(=O)OC
5445,5446,dipole_change,*C(C)=O,*C(C)=O
5505,5506,dipole_change,*C,*C
5518,5519,dipole_change,*C,*C
5566,5567,dipole_change,*C,*C
5634,5635,dipole_change,*C,*C
5692,5696,dipole_change,*c1ccccc1,*c1ccccc1
5759,5762,dipole_change,*C(=O)OC,*C(=O)OC
5759,5915,dipole_change,*C,*C(=O)NC
5762,5915,dipole_change,*C,*C(=O)NC
5839,5840,dipole_change,*[O+]=C(C(C)=O)C(C)=O,*[O+]=C(C(C)=O)C(C)=O
5871,5873,dipole_change,*C(=O)OC,*C(=O)OC
5871,5878,dipole_change,*C(=O)NC,*C(=O)OC
5873,5878,dipole_change,*C(=O)NC,*C(=O)OC
5922,5924,dipole_change,*C,*C
3892,3895,dipole_change,*C,*C
3892,4411,dipole_change,*C#N,*C(=O)NC
3892,4413,dipole_change,*C#N,*C(=O)NC
3892,4735,dipole_change,*C#N,*c1ccccc1
3892,4738,dipole_change,*C#N,*c1ccccc1
3895,4411,dipole_change,*C#N,*C(=O)NC
3895,4413,dipole_change,*C#N,*C(=O)NC
3895,4735,dipole_change,*C#N,*c1ccccc1
3895,4738,dipole_change,*C#N,*c1ccccc1
4281,4282,dipole_change,*C(=O)C(C)=[O+][C-](C)C,*C(=O)C(C)=[O+][C-](C)C
4281,4389,dipole_change,*C(C)=[O+][C-](C)C,*C(C#N)=[NH+][C-](C)C
4281,4390,dipole_change,*C(C)=[O+][C-](C)C,*C(C#N)=[NH+][C-](C)C
4281,4411,dipole_change,*C(C)=[O+][C-](C)C,*c1[nH+][c-](C)c(=O)o1
4281,4413,dipole_change,*C(C)=[O+][C-](C)C,*c1[nH+][c-](C)c(=O)o1
4281,4441,dipole_change,*C(C)=[O+][C-](C)C,*[c-]1[nH+]c(C)oc1=O
4281,4444,dipole_change,*C(C)=[O+][C-](C)C,*[c-]1[nH+]c(C)oc1=O
4281,4575,dipole_change,*C(C)=[O+][C-](C)C,*[c-]1[o+]c(C#N)oc1=O
4281,4579,dipole_change,*C(C)=[O+][C-](C)C,*[c-]1[o+]c(C#N)oc1=O
4282,4389,dipole_change,*C(C)=[O+][C-](C)C,*C(C#N)=[NH+][C-](C)C
4282,4390,dipole_change,*C(C)=[O+][C-](C)C,*C(C#N)=[NH+][C-](C)C
4282,4411,dipole_change,*C(C)=[O+][C-](C)C,*c1[nH+][c-](C)c(=O)o1
4282,4413,dipole_change,*C(C)=[O+][C-](C)C,*c1[nH+][c-](C)c(=O)o1
4282,4441,dipole_change,*C(C)=[O+][C-](C)C,*[c-]1[nH+]c(C)oc1=O
4282,4444,dipole_change,*C(C)=[O+][C-](C)C,*[c-]1[nH+]c(C)oc1=O
4282,4575,dipole_change,*C(C)=[O+][C-](C)C,*[c-]1[o+]c(C#N)oc1=O
4282,4579,dipole_change,*C(C)=[O+][C-](C)C,*[c-]1[o+]c(C#N)oc1=O
4389,4390,dipole_change,*C(C#N)=[NH+][C-](C)C,*C(C#N)=[NH+][C-](C)C
4389,4411,dipole_change,*C(C#N)=[NH+][C-](C)C,*c1[nH+][c-](C)c(=O)o1
4389,4413,dipole_change,*C(C#N)=[NH+][C-](C)C,*c1[nH+][c-](C)c(=O)o1
4389,4441,dipole_change,*C(C#N)=[NH+][C-](C)C,*[c-]1[nH+]c(C)oc1=O
4389,4444,dipole_change,*C(C#N)=[NH+][C-](C)C,*[c-]1[nH+]c(C)oc1=O
4389,4575,dipole_change,*C(C#N)=[NH+][C-](C)C,*[c-]1[o+]c(C#N)oc1=O
4389,4579,dipole_change,*C(C#N)=[NH+][C-](C)C,*[c-]1[o+]c(C#N)oc1=O
4390,4411,dipole_change,*C(C#N)=[NH+][C-](C)C,*c1[nH+][c-](C)c(=O)o1
4390,4413,dipole_change,*C(C#N)=[NH+][C-](C)C,*c1[nH+][c-](C)c(=O)o1
4390,4441,dipole_change,*C(C#N)=[NH+][C-](C)C,*[c-]1[nH+]c(C)oc1=O
4390,4444,dipole_change,*C(C#N)=[NH+][C-](C)C,*[c-]1[nH+]c(C)oc1=O
4390,4575,dipole_change,*C(C#N)=[NH+][C-](C)C,*[c-]1[o+]c(C#N)oc1=O
4390,4579,dipole_change,*C(C#N)=[NH+][C-](C)C,*[c-]1[o+]c(C#N)oc1=O
4411,4413,dipole_change,*NC,*NC
4411,4441,dipole_change,*c1[nH+][c-](C)c(=O)o1,*[c-]1[nH+]c(C)oc1=O
4411,4444,dipole_change,*c1[nH+][c-](C)c(=O)o1,*[c-]1[nH+]c(C)oc1=O
4411,4575,dipole_change,*c1[nH+][c-](C)c(=O)o1,*[c-]1[o+]c(C#N)oc1=O
4411,4579,dipole_change,*c1[nH+][c-](C)c(=O)o1,*[c-]1[o+]c(C#N)oc1=O
4411,4735,dipole_change,*C(=O)NC,*c1ccccc1
4411,4738,dipole_change,*C(=O)NC,*c1ccccc1
4413,4441,dipole_change,*c1[nH+][c-](C)c(=O)o1,*[c-]1[nH+]c(C)oc1=O
4413,4444,dipole_change,*c1[nH+][c-](C)c(=O)o1,*[c-]1[nH+]c(C)oc1=O
4413,4575,dipole_change,*c1[nH+][c-](C)c(=O)o1,*[c-]1[o+]c(C#N)oc1=O
4413,4579,dipole_change,*c1[nH+][c-](C)c(=O)o1,*[c-]1[o+]c(C#N)oc1=O
4413,4735,dipole_change,*C(=O)NC,*c1ccccc1
4413,4738,dipole_change,*C(=O)NC,*c1ccccc1
4441,4444,dipole_change,*NC,*NC
4441,4575,dipole_change,*[c-]1[nH+]c(C)oc1=O,*[c-]1[o+]c(C#N)oc1=O
4441,4579,dipole_change,*[c-]1[nH+]c(C)oc1=O,*[c-]1[o+]c(C#N)oc1=O
4441,5299,dipole_change,*C,*c1ccccc1
4441,5302,dipole_change,*C,*c1ccccc1
4444,4575,dipole_change,*[c-]1[nH+]c(C)oc1=O,*[c-]1[o+]c(C#N)oc1=O
4444,4579,dipole_change,*[c-]1[nH+]c(C)oc1=O,*[c-]1[o+]c(C#N)oc1=O
4444,5299,dipole_change,*C,*c1ccccc1
4444,5302,dipole_change,*C,*c1ccccc1
4575,4579,dipole_change,*NC,*NC
4575,4814,dipole_change,*C#N,*C(C)=O
4575,4815,dipole_change,*C#N,*C(C)=O
4575,5090,dipole_change,*C#N,*C(=O)NC
4575,5093,dipole_change,*C#N,*C(=O)NC
4579,4814,dipole_change,*C#N,*C(C)=O
4579,4815,dipole_change,*C#N,*C(C)=O
4579,5090,dipole_change,*C#N,*C(=O)NC
4579,5093,dipole_change,*C#N,*C(=O)NC
4635,4639,dipole_change,*C,*C
4635,4657,dipole_change,*c1oc(=O)[c-](C)[n+]1C,*C(C#N)=[N+](C)[C-](C)C
4635,4659,dipole_change,*c1oc(=O)[c-](C)[n+]1C,*C(C#N)=[N+](C)[C-](C)C
4639,4657,dipole_change,*c1oc(=O)[c-](C)[n+]1C,*C(C#N)=[N+](C)[C-](C)C
4639,4659,dipole_change,*c1oc(=O)[c-](C)[n+]1C,*C(C#N)=[N+](C)[C-](C)C
4657,4659,dipole_change,*C#N,*C#N
4735,4738,dipole_change,*c1[nH+][c-](C)c(=O)o1,*c1[nH+][c-](C)c(=O)o1
4735,5299,dipole_change,*C,*C(=O)NC
4735,5302,dipole_change,*C,*C(=O)NC
4735,5316,dipole_change,*C,*C(=O)OC
4735,5319,dipole_change,*C,*C(=O)OC
4738,5299,dipole_change,*C,*C(=O)NC
4738,5302,dipole_change,*C,*C(=O)NC
4738,5316,dipole_change,*C,*C(=O)OC
4738,5319,dipole_change,*C,*C(=O)OC
4814,4815,dipole_change,*NC,*NC
4814,5090,dipole_change,*C(C)=O,*C(=O)NC
4814,5093,dipole_change,*C(C)=O,*C(=O)NC
4815,5090,dipole_change,*C(C)=O,*C(=O)NC
4815,5093,dipole_change,*C(C)=O,*C(=O)NC
4882,4886,dipole_change,*C,*C
4882,5394,dipole_change,*[C-](C#N)C#N,*[C-](C(C)=O)C(C)=O
4882,5520,dipole_change,*[C-](C#N)C#N,*[C-](C)c1ccccc1
4882,5521,dipole_change,*[C-](C#N)C#N,*[C-](C)c1ccccc1
4886,5394,dipole_change,*[C-](C#N)C#N,*[C-](C(C)=O)C(C)=O
4886,5520,dipole_change,*[C-](C#N)C#N,*[C-](C)c1ccccc1
4886,5521,dipole_change,*[C-](C#N)C#N,*[C-](C)c1ccccc1
4964,4965,dipole_change,*C,*C
4964,5427,dipole_change,*C(C)=O,*c1ccccc1
4964,5428,dipole_change,*C(C)=O,*c1ccccc1
4965,5427,dipole_change,*C(C)=O,*c1ccccc1
4965,5428,dipole_change,*C(C)=O,*c1ccccc1
5012,5014,dipole_change,*C#N,*C#N
5090,5093,dipole_change,*C(=O)NC,*C(=O)NC
5130,5134,dipole_change,*C(C)=O,*C(C)=O
5223,5224,dipole_change,*[C-](C)C(=O)NC,*[C-](C)C(=O)NC
5299,5302,dipole_change,*C(=O)NC,*C(=O)NC
5299,5316,dipole_change,*C(=O)NC,*C(=O)OC
5299,5319,dipole_change,*C(=O)NC,*C(=O)OC
5302,5316,dipole_change,*C(=O)NC,*C(=O)OC
5302,5319,dipole_change,*C(=O)NC,*C(=O)OC
5316,5319,dipole_change,*C(=O)OC,*C(=O)OC
5321,5323,dipole_change,*[C-](C)C(C)=O,*[C-](C)C(C)=O
5394,5520,dipole_change,*[C-](C(C)=O)C(C)=O,*[C-](C)c1ccccc1
5394,5521,dipole_change,*[C-](C(C)=O)C(C)=O,*[C-](C)c1ccccc1
5417,5421,dipole_change,*C(C)=O,*C(C)=O
5417,5532,dipole_change,*[NH+]=C(C#N)C(C)=O,*[O+]=C(C)C(=O)NC
5417,5534,dipole_change,*[NH+]=C(C#N)C(C)=O,*[O+]=C(C)C(=O)NC
5421,5532,dipole_change,*[NH+]=C(C#N)C(C)=O,*[O+]=C(C)C(=O)NC
5421,5534,dipole_change,*[NH+]=C(C#N)C(C)=O,*[O+]=C(C)C(=O)NC
5427,5428,dipole_change,*C(=O)OC,*C(=O)OC
5441,5444,dipole_change,*C(C)=O,*C(C)=O
5501,5502,dipole_change,*C,*C
5520,5521,dipole_change,*C,*C
5532,5534,dipole_change,*C,*C
5568,5569,dipole_change,*C,*C
5633,5636,dipole_change,*C,*C
5693,5694,dipole_change,*c1ccccc1,*c1ccccc1
5757,5758,dipole_change,*C(=O)OC,*C(=O)OC
5757,5912,dipole_change,*C,*C(=O)NC
5757,5913,dipole_change,*C,*C(=O)NC
5758,5912,dipole_change,*C,*C(=O)NC
5758,5913,dipole_change,*C,*C(=O)NC
5838,5843,dipole_change,*[O+]=C(C(C)=O)C(C)=O,*[O+]=C(C(C)=O)C(C)=O
5870,5874,dipole_change,*C(=O)OC,*C(=O)OC
5870,5879,dipole_change,*C(=O)NC,*C(=O)OC
5870,5881,dipole_change,*C(=O)NC,*C(=O)OC
5874,5879,dipole_change,*C(=O)NC,*C(=O)OC
5874,5881,dipole_change,*C(=O)NC,*C(=O)OC
5879,5881,dipole_change,*c1ccccc1,*c1ccccc1
5912,5913,dipole_change,*OC,*OC
5920,5921,dipole_change,*C,*C
3906,3907,dipole_change,*C,*C
3906,4148,dipole_change,*[C-](C#N)C(=O)OC,*[C-](C(C)=O)C(=O)NC
3906,4151,dipole_change,*[C-](C#N)C(=O)OC,*[C-](C(C)=O)C(=O)NC
3906,4196,dipole_change,*[C-]([N+]#N)C(=O)OC,*C(C(=O)NC)=[N+](C)[NH-]
3906,4197,dipole_change,*[C-]([N+]#N)C(=O)OC,*C(C(=O)NC)=[N+](C)[NH-]
3906,4701,dipole_change,*C#N,*c1ccccc1
3906,4703,dipole_change,*C#N,*c1ccccc1
3907,4148,dipole_change,*[C-](C#N)C(=O)OC,*[C-](C(C)=O)C(=O)NC
3907,4151,dipole_change,*[C-](C#N)C(=O)OC,*[C-](C(C)=O)C(=O)NC
3907,4196,dipole_change,*[C-]([N+]#N)C(=O)OC,*C(C(=O)NC)=[N+](C)[NH-]
3907,4197,dipole_change,*[C-]([N+]#N)C(=O)OC,*C(C(=O)NC)=[N+](C)[NH-]
3907,4701,dipole_change,*C#N,*c1ccccc1
3907,4703,dipole_change,*C#N,*c1ccccc1
4148,4151,dipole_change,*[C-](C(C)=O)C(=O)NC,*[C-](C(C)=O)C(=O)NC
4148,4196,dipole_change,*[C-]([N+]#N)C(C)=O,*C(C#N)=[N+](C)[NH-]
4148,4197,dipole_change,*[C-]([N+]#N)C(C)=O,*C(C#N)=[N+](C)[NH-]
4151,4196,dipole_change,*[C-]([N+]#N)C(C)=O,*C(C#N)=[N+](C)[NH-]
4151,4197,dipole_change,*[C-]([N+]#N)C(C)=O,*C(C#N)=[N+](C)[NH-]
4196,4197,dipole_change,*C#N,*C#N
4701,4703,dipole_change,*OC,*OC
4701,4792,dipole_change,*[C-]([N+]#N)C(=O)OC,*C(=[O+][NH-])C(=O)OC
4701,4796,dipole_change,*[C-]([N+]#N)C(=O)OC,*C(=[O+][NH-])C(=O)OC
4703,4792,dipole_change,*[C-]([N+]#N)C(=O)OC,*C(=[O+][NH-])C(=O)OC
4703,4796,dipole_change,*[C-]([N+]#N)C(=O)OC,*C(=[O+][NH-])C(=O)OC
4792,4796,dipole_change,*OC,*OC
3903,4150,dipole_change,*[C-](C#N)C(=O)OC,*[C-](C(C)=O)C(=O)NC
3903,4195,dipole_change,*[C-]([N+]#N)C(=O)OC,*C(C(=O)NC)=[N+](C)[NH-]
3903,4698,dipole_change,*C#N,*c1ccccc1
4150,4195,dipole_change,*[C-]([N+]#N)C(C)=O,*C(C#N)=[N+](C)[NH-]
4698,4791,dipole_change,*[C-]([N+]#N)C(=O)OC,*C(=[O+][NH-])C(=O)OC
3619,3623,dipole_change,*C,*C
3619,3637,dipole_change,*[c-]1[o+]noc1=O,*C(C)=[O+][N-]C#N
3619,3638,dipole_change,*[c-]1[o+]noc1=O,*C(C)=[O+][N-]C#N
3619,4057,dipole_change,*[c-]1[o+]noc1=O,*C(C(C)=O)=[N+](C)[N-]C
3619,4058,dipole_change,*[c-]1[o+]noc1=O,*C(C(C)=O)=[N+](C)[N-]C
3619,4165,dipole_change,*C,*C(=O)NC
3619,4166,dipole_change,*C,*C(=O)NC
3623,3637,dipole_change,*[c-]1[o+]noc1=O,*C(C)=[O+][N-]C#N
3623,3638,dipole_change,*[c-]1[o+]noc1=O,*C(C)=[O+][N-]C#N
3623,4057,dipole_change,*[c-]1[o+]noc1=O,*C(C(C)=O)=[N+](C)[N-]C
3623,4058,dipole_change,*[c-]1[o+]noc1=O,*C(C(C)=O)=[N+](C)[N-]C
3623,4165,dipole_change,*C,*C(=O)NC
3623,4166,dipole_change,*C,*C(=O)NC
3637,3638,dipole_change,*[N-][O+]=C(C)C,*[N-][O+]=C(C)C
3637,4057,dipole_change,*C(C)=[O+][N-]C#N,*C(C(C)=O)=[N+](C)[N-]C
3637,4058,dipole_change,*C(C)=[O+][N-]C#N,*C(C(C)=O)=[N+](C)[N-]C
3638,4057,dipole_change,*C(C)=[O+][N-]C#N,*C(C(C)=O)=[N+](C)[N-]C
3638,4058,dipole_change,*C(C)=[O+][N-]C#N,*C(C(C)=O)=[N+](C)[N-]C
4057,4058,dipole_change,*C,*C
4165,4166,dipole_change,*C,*C
4495,4496,dipole_change,*[N-]C,*[N-]C
5099,5100,dipole_change,*C#N,*C#N
5099,5705,dipole_change,*C#N,*c1ccccc1
5099,5706,dipole_change,*C#N,*c1ccccc1
5100,5705,dipole_change,*C#N,*c1ccccc1
5100,5706,dipole_change,*C#N,*c1ccccc1
5544,5545,dipole_change,*C,*C
5552,5557,dipole_change,*NC,*NC
5591,5592,dipole_change,*[N-]c1ccccc1,*[N-]c1ccccc1
5705,5706,dipole_change,*C,*C
3621,3634,dipole_change,*[c-]1[o+]noc1=O,*C(C)=[O+][N-]C#N
3621,4062,dipole_change,*[c-]1[o+]noc1=O,*C(C(C)=O)=[N+](C)[N-]C
3621,4167,dipole_change,*C,*C(=O)NC
3634,4062,dipole_change,*C(C)=[O+][N-]C#N,*C(C(C)=O)=[N+](C)[N-]C
5104,5703,dipole_change,*C#N,*c1ccccc1
3986,3988,dipole_change,*C,*C
3986,4475,dipole_change,*C(=[O+][O-])C(C)=O,*C(C(=O)NC)=[N+](C)[O-]
3986,4477,dipole_change,*C(=[O+][O-])C(C)=O,*C(C(=O)NC)=[N+](C)[O-]
3988,4475,dipole_change,*C(=[O+][O-])C(C)=O,*C(C(=O)NC)=[N+](C)[O-]
3988,4477,dipole_change,*C(=[O+][O-])C(C)=O,*C(C(=O)NC)=[N+](C)[O-]
4461,4463,dipole_change,*OC,*OC
4475,4477,dipole_change,*C(C(C)=O)=[N+](C)[O-],*C(C(C)=O)=[N+](C)[O-]
3904,4149,dipole_change,*[C-](C#N)C(=O)OC,*[C-](C(C)=O)C(=O)NC
3904,4199,dipole_change,*[C-]([N+]#N)C(=O)OC,*C(C(=O)NC)=[N+](C)[NH-]
3904,4700,dipole_change,*C#N,*c1ccccc1
4149,4199,dipole_change,*[C-]([N+]#N)C(C)=O,*C(C#N)=[N+](C)[NH-]
4700,4795,dipole_change,*[C-]([N+]#N)C(=O)OC,*C(=[O+][NH-])C(=O)OC
3908,4146,dipole_change,*[C-](C#N)C(=O)OC,*[C-](C(C)=O)C(=O)NC
3908,4702,dipole_change,*C#N,*c1ccccc1
3620,3636,dipole_change,*[c-]1[o+]noc1=O,*C(C)=[O+][N-]C#N
3620,4059,dipole_change,*[c-]1[o+]noc1=O,*C(C(C)=O)=[N+](C)[N-]C
3620,4168,dipole_change,*C,*C(=O)NC
3636,4059,dipole_change,*C(C)=[O+][N-]C#N,*C(C(C)=O)=[N+](C)[N-]C
5102,5704,dipole_change,*C#N,*c1ccccc1
3622,3633,dipole_change,*[c-]1[o+]noc1=O,*C(C)=[O+][N-]C#N
3622,4061,dipole_change,*[c-]1[o+]noc1=O,*C(C(C)=O)=[N+](C)[N-]C
3633,4061,dipole_change,*C(C)=[O+][N-]C#N,*C(C(C)=O)=[N+](C)[N-]C
5103,5707,dipole_change,*C#N,*c1ccccc1
3984,4476,dipole_change,*C(=[O+][O-])C(C)=O,*C(C(=O)NC)=[N+](C)[O-]
3983,4474,dipole_change,*C(=[O+][O-])C(C)=O,*C(C(=O)NC)=[N+](C)[O-]
3349,3627,dipole_change,*[N-]C,*[N-]C(=O)OC
3349,3843,dipole_change,*[N-][N+]#N,*OC(=O)N=[N+](C)[NH-]
3627,3843,dipole_change,*C(=O)[N-][N+]#N,*C(=O)N=[N+](C)[NH-]
3346,3347,dipole_change,*[N-]C,*[N-]C
3346,3625,dipole_change,*[N-]C,*[N-]C(=O)OC
3346,3629,dipole_change,*[N-]C,*[N-]C(=O)OC
3346,3844,dipole_change,*[N-][N+]#N,*OC(=O)N=[N+](C)[NH-]
3346,3845,dipole_change,*[N-][N+]#N,*OC(=O)N=[N+](C)[NH-]
3347,3625,dipole_change,*[N-]C,*[N-]C(=O)OC
3347,3629,dipole_change,*[N-]C,*[N-]C(=O)OC
3347,3844,dipole_change,*[N-][N+]#N,*OC(=O)N=[N+](C)[NH-]
3347,3845,dipole_change,*[N-][N+]#N,*OC(=O)N=[N+](C)[NH-]
3625,3629,dipole_change,*C(=O)[N-][N+]#N,*C(=O)[N-][N+]#N
3625,3844,dipole_change,*C(=O)[N-][N+]#N,*C(=O)N=[N+](C)[NH-]
3625,3845,dipole_change,*C(=O)[N-][N+]#N,*C(=O)N=[N+](C)[NH-]
3629,3844,dipole_change,*C(=O)[N-][N+]#N,*C(=O)N=[N+](C)[NH-]
3629,3845,dipole_change,*C(=O)[N-][N+]#N,*C(=O)N=[N+](C)[NH-]
3844,3845,dipole_change,*[NH-],*[NH-]
3350,3626,dipole_change,*[N-]C,*[N-]C(=O)OC
3350,3847,dipole_change,*[N-][N+]#N,*OC(=O)N=[N+](C)[NH-]
3626,3847,dipole_change,*C(=O)[N-][N+]#N,*C(=O)N=[N+](C)[NH-]
3348,3630,dipole_change,*[N-]C,*[N-]C(=O)OC
3348,3846,dipole_change,*[N-][N+]#N,*OC(=O)N=[N+](C)[NH-]
3630,3846,dipole_change,*C(=O)[N-][N+]#N,*C(=O)N=[N+](C)[NH-]
3345,3628,dipole_change,*[N-]C,*[N-]C(=O)OC
3345,3842,dipole_change,*[N-][N+]#N,*OC(=O)N=[N+](C)[NH-]
3628,3842,dipole_change,*C(=O)[N-][N+]#N,*C(=O)N=[N+](C)[NH-]
3774,3778,dipole_change,*C(=O)N=[NH+][N-]C#N,*C(=O)N=[NH+][N-]C#N
3774,3827,dipole_change,*C(=O)N=[NH+][N-]C#N,*NC(=O)[N-][NH+]=NC
3774,3828,dipole_change,*C(=O)N=[NH+][N-]C#N,*NC(=O)[N-][NH+]=NC
3774,3927,dipole_change,*C(=O)N=[NH+][N-]C#N,*C(=O)N=[N+](C)[N-]C#N
3774,4516,dipole_change,*N=[NH+][N-]C#N,*N=[N+](C)[N-]C(=O)NC
3774,4518,dipole_change,*N=[NH+][N-]C#N,*N=[N+](C)[N-]C(=O)NC
3778,3827,dipole_change,*C(=O)N=[NH+][N-]C#N,*NC(=O)[N-][NH+]=NC
3778,3828,dipole_change,*C(=O)N=[NH+][N-]C#N,*NC(=O)[N-][NH+]=NC
3778,3927,dipole_change,*C(=O)N=[NH+][N-]C#N,*C(=O)N=[N+](C)[N-]C#N
3778,4516,dipole_change,*N=[NH+][N-]C#N,*N=[N+](C)[N-]C(=O)NC
3778,4518,dipole_change,*N=[NH+][N-]C#N,*N=[N+](C)[N-]C(=O)NC
3827,3828,dipole_change,*C,*C
3827,3927,dipole_change,*NC(=O)[N-][NH+]=NC,*C(=O)N=[N+](C)[N-]C#N
3827,4516,dipole_change,*[NH+]=NC,*[N+](C)=NC(C)=O
3827,4518,dipole_change,*[NH+]=NC,*[N+](C)=NC(C)=O
3828,3927,dipole_change,*NC(=O)[N-][NH+]=NC,*C(=O)N=[N+](C)[N-]C#N
3828,4516,dipole_change,*[NH+]=NC,*[N+](C)=NC(C)=O
3828,4518,dipole_change,*[NH+]=NC,*[N+](C)=NC(C)=O
3927,4516,dipole_change,*N=[N+](C)[N-]C#N,*N=[N+](C)[N-]C(=O)NC
3927,4518,dipole_change,*N=[N+](C)[N-]C#N,*N=[N+](C)[N-]C(=O)NC
4516,4518,dipole_change,*N=[N+](C)[N-]C(=O)NC,*N=[N+](C)[N-]C(=O)NC
3775,3777,dipole_change,*C(=O)N=[NH+][N-]C#N,*C(=O)N=[NH+][N-]C#N
3775,3824,dipole_change,*C(=O)N=[NH+][N-]C#N,*NC(=O)[N-][NH+]=NC
3775,3826,dipole_change,*C(=O)N=[NH+][N-]C#N,*NC(=O)[N-][NH+]=NC
3775,3928,dipole_change,*C(=O)N=[NH+][N-]C#N,*C(=O)N=[N+](C)[N-]C#N
3775,3932,dipole_change,*C(=O)N=[NH+][N-]C#N,*C(=O)N=[N+](C)[N-]C#N
3775,4514,dipole_change,*N=[NH+][N-]C#N,*N=[N+](C)[N-]C(=O)NC
3777,3824,dipole_change,*C(=O)N=[NH+][N-]C#N,*NC(=O)[N-][NH+]=NC
3777,3826,dipole_change,*C(=O)N=[NH+][N-]C#N,*NC(=O)[N-][NH+]=NC
3777,3928,dipole_change,*C(=O)N=[NH+][N-]C#N,*C(=O)N=[N+](C)[N-]C#N
3777,3932,dipole_change,*C(=O)N=[NH+][N-]C#N,*C(=O)N=[N+](C)[N-]C#N
3777,4514,dipole_change,*N=[NH+][N-]C#N,*N=[N+](C)[N-]C(=O)NC
3824,3826,dipole_change,*C,*C
3824,3928,dipole_change,*NC(=O)[N-][NH+]=NC,*C(=O)N=[N+](C)[N-]C#N
3824,3932,dipole_change,*NC(=O)[N-][NH+]=NC,*C(=O)N=[N+](C)[N-]C#N
3824,4514,dipole_change,*[NH+]=NC,*[N+](C)=NC(C)=O
3826,3928,dipole_change,*NC(=O)[N-][NH+]=NC,*C(=O)N=[N+](C)[N-]C#N
3826,3932,dipole_change,*NC(=O)[N-][NH+]=NC,*C(=O)N=[N+](C)[N-]C#N
3826,4514,dipole_change,*[NH+]=NC,*[N+](C)=NC(C)=O
3928,3932,dipole_change,*[N+](C)=NC(C)=O,*[N+](C)=NC(C)=O
3928,4514,dipole_change,*N=[N+](C)[N-]C#N,*N=[N+](C)[N-]C(=O)NC
3932,4514,dipole_change,*N=[N+](C)[N-]C#N,*N=[N+](C)[N-]C(=O)NC
3776,3779,dipole_change,*C(=O)N=[NH+][N-]C#N,*C(=O)N=[NH+][N-]C#N
3776,3825,dipole_change,*C(=O)N=[NH+][N-]C#N,*NC(=O)[N-][NH+]=NC
3776,3829,dipole_change,*C(=O)N=[NH+][N-]C#N,*NC(=O)[N-][NH+]=NC
3776,3930,dipole_change,*C(=O)N=[NH+][N-]C#N,*C(=O)N=[N+](C)[N-]C#N
3776,3931,dipole_change,*C(=O)N=[NH+][N-]C#N,*C(=O)N=[N+](C)[N-]C#N
3776,4513,dipole_change,*N=[NH+][N-]C#N,*N=[N+](C)[N-]C(=O)NC
3776,4517,dipole_change,*N=[NH+][N-]C#N,*N=[N+](C)[N-]C(=O)NC
3779,3825,dipole_change,*C(=O)N=[NH+][N-]C#N,*NC(=O)[N-][NH+]=NC
3779,3829,dipole_change,*C(=O)N=[NH+][N-]C#N,*NC(=O)[N-][NH+]=NC
3779,3930,dipole_change,*C(=O)N=[NH+][N-]C#N,*C(=O)N=[N+](C)[N-]C#N
3779,3931,dipole_change,*C(=O)N=[NH+][N-]C#N,*C(=O)N=[N+](C)[N-]C#N
3779,4513,dipole_change,*N=[NH+][N-]C#N,*N=[N+](C)[N-]C(=O)NC
3779,4517,dipole_change,*N=[NH+][N-]C#N,*N=[N+](C)[N-]C(=O)NC
3825,3829,dipole_change,*C,*C
3825,3930,dipole_change,*NC(=O)[N-][NH+]=NC,*C(=O)N=[N+](C)[N-]C#N
3825,3931,dipole_change,*NC(=O)[N-][NH+]=NC,*C(=O)N=[N+](C)[N-]C#N
3825,4513,dipole_change,*[NH+]=NC,*[N+](C)=NC(C)=O
3825,4517,dipole_change,*[NH+]=NC,*[N+](C)=NC(C)=O
3829,3930,dipole_change,*NC(=O)[N-][NH+]=NC,*C(=O)N=[N+](C)[N-]C#N
3829,3931,dipole_change,*NC(=O)[N-][NH+]=NC,*C(=O)N=[N+](C)[N-]C#N
3829,4513,dipole_change,*[NH+]=NC,*[N+](C)=NC(C)=O
3829,4517,dipole_change,*[NH+]=NC,*[N+](C)=NC(C)=O
3930,3931,dipole_change,*[N+](C)=NC(C)=O,*[N+](C)=NC(C)=O
3930,4513,dipole_change,*N=[N+](C)[N-]C#N,*N=[N+](C)[N-]C(=O)NC
3930,4517,dipole_change,*N=[N+](C)[N-]C#N,*N=[N+](C)[N-]C(=O)NC
3931,4513,dipole_change,*N=[N+](C)[N-]C#N,*N=[N+](C)[N-]C(=O)NC
3931,4517,dipole_change,*N=[N+](C)[N-]C#N,*N=[N+](C)[N-]C(=O)NC
4513,4517,dipole_change,*N=[N+](C)[N-]C(=O)NC,*N=[N+](C)[N-]C(=O)NC
1778,1779,dipole_change,*C(=O)OC,*C(=O)OC
203,204,dipole_change,*C(C)=O,*C(C)=O
218,219,dipole_change,*[c-]1[o+]c(C#N)oc1=O,*[c-]1[o+]c(C#N)oc1=O
138,139,dipole_change,*[O+]=C(C)C(=O)OC,*[O+]=C(C)C(=O)OC
246,247,dipole_change,*c1ccccc1,*c1ccccc1
227,228,dipole_change,*[C-](C#N)C(=O)NC,*[C-](C#N)C(=O)NC
7,8,dipole_change,*[O+]=CC,*[O+]=CC
89,90,dipole_change,*C(=O)[C-]([O+]=C)C(C)=O,*C(=O)[C-]([O+]=C)C(C)=O
656,657,dipole_change,*[C-](C)c1ccccc1,*[C-](C)c1ccccc1
916,917,dipole_change,*C,*C
340,341,dipole_change,*C,*C
971,972,dipole_change,*C,*C
1129,1130,dipole_change,*NC,*NC
41,42,dipole_change,*C,*C
388,389,dipole_change,*C,*C
583,584,dipole_change,*C(C)=O,*C(C)=O
107,108,dipole_change,*[N+]#CC(C)=O,*[N+]#CC(C)=O
325,326,dipole_change,*C,*C
302,303,dipole_change,*NC,*NC
419,420,dipole_change,*C,*C
740,741,dipole_change,*C,*C
267,268,dipole_change,*C(=O)NC,*C(=O)NC
78,79,dipole_change,*C#N,*C#N
57,58,dipole_change,*OC,*OC
348,349,dipole_change,*C(=O)NC,*C(=O)NC
469,470,dipole_change,*C(C)=O,*C(C)=O
908,909,dipole_change,*C(C)=O,*C(C)=O
573,574,dipole_change,*[NH+]=CC(=O)NC,*[NH+]=CC(=O)NC
1290,1291,dipole_change,*C,*C
980,981,dipole_change,*C(C)=O,*C(C)=O
2194,2195,dipole_change,*C,*C
2915,2916,dipole_change,*[O+]=C(C)C(=O)NC,*[O+]=C(C)C(=O)NC
1474,1475,dipole_change,*[C-](C(C)=O)C(C)=O,*[C-](C(C)=O)C(C)=O
1538,1539,dipole_change,*C,*C
281,282,dipole_change,*C(C(=O)OC)=[N+](C)[NH-],*C(C(=O)OC)=[N+](C)[NH-]
180,181,dipole_change,*[C-](C#N)C(=O)NC,*[C-](C#N)C(=O)NC
1228,1229,dipole_change,*[N+]#CC(=O)NC,*[N+]#CC(=O)NC
2018,2019,dipole_change,*C(=O)NC,*C(=O)NC
244,245,dipole_change,*C,*C
238,239,dipole_change,*C,*C
80,81,dipole_change,*C,*C
157,158,dipole_change,*C,*C
152,153,dipole_change,*[N+](C)=CC#N,*[N+](C)=CC#N
172,173,dipole_change,*C(=O)NC,*C(=O)NC
174,175,dipole_change,*[CH-][N+](=C)C,*[CH-][N+](=C)C
1815,1816,dipole_change,*C#N,*C#N
606,607,dipole_change,*c1ccccc1,*c1ccccc1
1973,1974,dipole_change,*C#N,*C#N
2298,2299,dipole_change,*C#N,*C#N
1936,1937,dipole_change,*C(=O)OC,*C(=O)OC
2685,2686,dipole_change,*C(=O)OC,*C(=O)OC
2296,2297,dipole_change,*c1ccccc1,*c1ccccc1
2254,2255,dipole_change,*C,*C
109,110,dipole_change,*[NH-],*[NH-]
2319,2320,dipole_change,*OC,*OC
1219,1220,dipole_change,*C(=O)NC,*C(=O)NC
331,332,dipole_change,*NC,*NC
1821,1822,dipole_change,*C,*C
379,380,dipole_change,*C,*C
3037,3038,dipole_change,*NC,*NC
3000,3001,dipole_change,*C(=O)OC,*C(=O)OC
2542,2543,dipole_change,*C(=O)N=[NH+][N-]C#N,*C(=O)N=[NH+][N-]C#N
2331,2332,dipole_change,*C,*C
2105,2106,dipole_change,*NC,*NC
2511,2512,dipole_change,*C,*C
1736,1737,dipole_change,*C,*C
1768,1769,dipole_change,*C,*C
2743,2744,dipole_change,*OC,*OC
3046,3047,dipole_change,*OC,*OC
1427,1428,dipole_change,*C,*C
949,950,dipole_change,*C,*C
1774,1775,dipole_change,*OC,*OC
2636,2637,dipole_change,*C(C#N)=[O+][CH-]C,*C(C#N)=[O+][CH-]C
2981,2982,dipole_change,*OC,*OC
1776,1777,dipole_change,*C,*C
3200,3201,dipole_change,*c1ccccc1,*c1ccccc1
2854,2855,dipole_change,*c1ccccc1,*c1ccccc1
2852,2853,dipole_change,*c1ccccc1,*c1ccccc1
2026,2027,dipole_change,*c1ccccc1,*c1ccccc1
2778,2779,dipole_change,*C#N,*C#N
1893,1894,dipole_change,*C(=O)OC,*C(=O)OC
1432,1433,dipole_change,*c1ccccc1,*c1ccccc1
2515,2516,dipole_change,*[C-](C)C(C)=O,*[C-](C)C(C)=O
3139,3140,dipole_change,*[O+]=C(C#N)C(=O)OC,*[O+]=C(C#N)C(=O)OC
2534,2535,dipole_change,*C(=O)OC,*C(=O)OC
2992,2993,dipole_change,*C(=O)OC,*C(=O)OC
2763,2764,dipole_change,*[N+]#CC(=O)OC,*[N+]#CC(=O)OC
1887,1888,dipole_change,*OC,*OC
1470,1471,dipole_change,*[N+](C)=NC(C)=O,*[N+](C)=NC(C)=O
2609,2610,dipole_change,*C,*C
1341,1342,dipole_change,*OC(=O)C(C#N)=[NH+][O-],*OC(=O)C(C#N)=[NH+][O-]
2587,2588,dipole_change,*C,*C
2713,2714,dipole_change,*[NH+]=C(C#N)C(C)=O,*[NH+]=C(C#N)C(C)=O
2923,2924,dipole_change,*[NH+]=Cc1ccccc1,*[NH+]=Cc1ccccc1
3040,3041,dipole_change,*[C-](C)C(=O)NC,*[C-](C)C(=O)NC
3004,3005,dipole_change,*C(C)=O,*C(C)=O
2072,2073,dipole_change,*C,*C
1580,1581,dipole_change,*C(=O)[N-][N+]#CC#N,*C(=O)[N-][N+]#CC#N
3125,3126,dipole_change,*C(C)=O,*C(C)=O
2150,2151,dipole_change,*[N+]#CC(=O)OC,*[N+]#CC(=O)OC
2076,2077,dipole_change,*C(=O)OC,*C(=O)OC
2699,2700,dipole_change,*C#[N+][C-](C)C(=O)NC,*C#[N+][C-](C)C(=O)NC
2826,2827,dipole_change,*C#N,*C#N
1528,1529,dipole_change,*C(=O)[C-](C)[NH+]=CC,*C(=O)[C-](C)[NH+]=CC
1217,1218,dipole_change,*[C-](C)C,*[C-](C)C
2321,2322,dipole_change,*[NH+]=C(C#N)C(=O)OC,*[NH+]=C(C#N)C(=O)OC
2735,2736,dipole_change,*C,*C
2646,2647,dipole_change,*C(=O)NC,*C(=O)NC
2123,2124,dipole_change,*C,*C
2660,2661,dipole_change,*C,*C
1534,1535,dipole_change,*C#N,*C#N
1799,1800,dipole_change,*[C-](C)C#N,*[C-](C)C#N
1963,1964,dipole_change,*C=[NH+][CH-]C(C)=O,*C=[NH+][CH-]C(C)=O
3081,3082,dipole_change,*C(=O)NC,*C(=O)NC
2654,2655,dipole_change,*C,*C
2654,2705,dipole_change,*C(=O)C#[N+][N-]C#N,*[N-][N+]#CC(=O)NC
2654,2706,dipole_change,*C(=O)C#[N+][N-]C#N,*[N-][N+]#CC(=O)NC
2655,2705,dipole_change,*C(=O)C#[N+][N-]C#N,*[N-][N+]#CC(=O)NC
2655,2706,dipole_change,*C(=O)C#[N+][N-]C#N,*[N-][N+]#CC(=O)NC
2705,2706,dipole_change,*C,*C
3058,3059,dipole_change,*C,*C
3180,3181,dipole_change,*NC,*NC
2963,2964,dipole_change,*[C-](C)c1ccccc1,*[C-](C)c1ccccc1
1352,1353,dipole_change,*C,*C
1939,1942,dipole_change,*C,*C
1634,1636,dipole_change,*C(=O)NC,*C(=O)NC
1940,1941,dipole_change,*C,*C
2206,2208,dipole_change,*C(=O)NC,*C(=O)NC
2552,2554,dipole_change,*C(C)=O,*C(C)=O
2088,2089,dipole_change,*C,*C
2551,2553,dipole_change,*C(C)=O,*C(C)=O
608,609,dipole_change,*C(=O)[C-](C)[N+]#C,*C(=O)[C-](C)[N+]#C
1582,1583,dipole_change,*C,*C
1582,2242,dipole_change,*C#N,*c1ccccc1
1582,2243,dipole_change,*C#N,*c1ccccc1
1583,2242,dipole_change,*C#N,*c1ccccc1
1583,2243,dipole_change,*C#N,*c1ccccc1
2148,2149,dipole_change,*C(C)=O,*C(C)=O
2242,2243,dipole_change,*c1ccccc1,*c1ccccc1
2572,2573,dipole_change,*c1ccccc1,*c1ccccc1
744,746,dipole_change,*C#N,*C#N
745,747,dipole_change,*C#N,*C#N
2574,2575,dipole_change,*c1ccccc1,*c1ccccc1
1462,1463,dipole_change,*c1ccccc1,*c1ccccc1
279,280,dipole_change,*[NH+]=CC(=O)NC,*[NH+]=CC(=O)NC
375,376,dipole_change,*[C-](C)C(=O)NC,*[C-](C)C(=O)NC
1998,1999,dipole_change,*C(C)=O,*C(C)=O
2431,2432,dipole_change,*C,*C
845,846,dipole_change,*C,*C
1521,1523,dipole_change,*[C-](C)c1ccccc1,*[C-](C)c1ccccc1
1521,1766,dipole_change,*[C-](C)[N+](C)=CC,*C(C#N)=[NH+][CH-]C(C)=O
1521,1767,dipole_change,*[C-](C)[N+](C)=CC,*C(C#N)=[NH+][CH-]C(C)=O
1523,1766,dipole_change,*[C-](C)[N+](C)=CC,*C(C#N)=[NH+][CH-]C(C)=O
1523,1767,dipole_change,*[C-](C)[N+](C)=CC,*C(C#N)=[NH+][CH-]C(C)=O
1766,1767,dipole_change,*C(C#N)=[NH+][CH-]C(C)=O,*C(C#N)=[NH+][CH-]C(C)=O
867,869,dipole_change,*C,*C
1520,1764,dipole_change,*[C-](C)[N+](C)=CC,*C(C#N)=[NH+][CH-]C(C)=O
1520,1765,dipole_change,*[C-](C)[N+](C)=CC,*C(C#N)=[NH+][CH-]C(C)=O
1764,1765,dipole_change,*C(C#N)=[NH+][CH-]C(C)=O,*C(C#N)=[NH+][CH-]C(C)=O
868,870,dipole_change,*C,*C
1643,1645,dipole_change,*C,*C
2128,2130,dipole_change,*OC,*OC
1642,1644,dipole_change,*C,*C
2127,2129,dipole_change,*OC,*OC
571,572,dipole_change,*C(=O)[CH-][N+]#CC,*C(=O)[CH-][N+]#CC
1891,1892,dipole_change,*c1ccccc1,*c1ccccc1
1214,1216,dipole_change,*c1ccccc1,*c1ccccc1
1213,1215,dipole_change,*c1ccccc1,*c1ccccc1
196,197,dipole_change,*C(=O)[CH-][N+]#CC,*C(=O)[CH-][N+]#CC
1005,1006,dipole_change,*C,*C
1034,1035,dipole_change,*C#N,*C#N
194,195,dipole_change,*C(=O)[CH-][N+]#CC,*C(=O)[CH-][N+]#CC
1004,1007,dipole_change,*C,*C
1032,1033,dipole_change,*C#N,*C#N
1065,1068,dipole_change,*C#N,*C#N
699,701,dipole_change,*C(C)=O,*C(C)=O
1840,1842,dipole_change,*C,*C
698,700,dipole_change,*C(C)=O,*C(C)=O
1839,1841,dipole_change,*C,*C
417,418,dipole_change,*C#[N+][C-](C)C,*C#[N+][C-](C)C
2074,2075,dipole_change,*NC,*NC
240,241,dipole_change,*C,*C
2526,2527,dipole_change,*C#N,*C#N
2363,2364,dipole_change,*NC,*NC
2365,2366,dipole_change,*NC,*NC
148,149,dipole_change,*C#[N+][CH-]C,*C#[N+][CH-]C
1562,1563,dipole_change,*C#N,*C#N
963,964,dipole_change,*[N-][N+]#CC(=O)NC,*[N-][N+]#CC(=O)NC
462,463,dipole_change,*[N+]#N,*[N+]#N
1568,1569,dipole_change,*c1ccccc1,*c1ccccc1
1568,1827,dipole_change,*C#N,*C(C)=O
1568,1828,dipole_change,*C#N,*C(C)=O
1569,1827,dipole_change,*C#N,*C(C)=O
1569,1828,dipole_change,*C#N,*C(C)=O
1827,1828,dipole_change,*C(C)=O,*C(C)=O
1585,1587,dipole_change,*[N-]C(=O)NC,*[N-]C(=O)NC
1586,1588,dipole_change,*[N-]C(=O)NC,*[N-]C(=O)NC
2507,2508,dipole_change,*C(=O)NC,*C(=O)NC
2125,2126,dipole_change,*C(=O)OC,*C(=O)OC
1660,1661,dipole_change,*[CH2-],*[CH2-]
1658,1659,dipole_change,*[CH2-],*[CH2-]
1693,1694,dipole_change,*C,*C
2666,2667,dipole_change,*C,*C
2376,2377,dipole_change,*[N-]C#N,*[N-]C#N
2668,2669,dipole_change,*C,*C
734,737,dipole_change,*C,*C
2375,2378,dipole_change,*[N-]C#N,*[N-]C#N
735,736,dipole_change,*C,*C
2345,2346,dipole_change,*[N+]#CC(C)=O,*[N+]#CC(C)=O
2429,2430,dipole_change,*C(=O)OC,*C(=O)OC
2707,2708,dipole_change,*OC,*OC
807,808,dipole_change,*C(=O)NC,*C(=O)NC
1275,1276,dipole_change,*C,*C
809,810,dipole_change,*C(=O)NC,*C(=O)NC
1277,1278,dipole_change,*C,*C
1121,1862,dipole_change,*[N+]#CC#N,*[N+](C)=CC(=O)OC
1122,1863,dipole_change,*[N+]#CC#N,*[N+](C)=CC(=O)OC
597,598,dipole_change,*C#N,*C#N
1111,1112,dipole_change,*C,*C
2078,2079,dipole_change,*C(=O)NC,*C(=O)NC
2354,2355,dipole_change,*C,*C
1695,1696,dipole_change,*C(C)=O,*C(C)=O
1961,1962,dipole_change,*NC,*NC
3799,4152,dipole_change,*[C-](C)[N+](=C)C,*C(=[NH+][CH2-])C(=O)NC
3361,3463,dipole_change,*C(=O)[CH-][N+]#CC,*OC(=O)[CH-][NH+]=CC
3863,3935,dipole_change,*[N+]#CC(C)=O,*[NH+]=CC(C)=O
3863,4093,dipole_change,*[N+]#CC(C)=O,*[N+]#CC(=O)OC
3935,4093,dipole_change,*[NH+]=CC(C)=O,*[N+]#CC(=O)OC
3355,3385,dipole_change,*[CH-][O+]=C(C)C#N,*C#[N+][C-](C#N)C#N
3355,3451,dipole_change,*[CH-][O+]=C(C)C#N,*C(=O)[C-](C)[O+]=CC
3355,3492,dipole_change,*[CH-][O+]=C(C)C#N,*[N+](=CC#N)[C-](C)C#N
3355,3510,dipole_change,*[CH-][O+]=C(C)C#N,*C(=[O+][CH-]C#N)C(C)=O
3355,3546,dipole_change,*C(C)=[O+][CH-]C,*[C-]([N+]#CC#N)C(C)=O
3355,3562,dipole_change,*[CH-][O+]=C(C)C#N,*[C-]([N+]#CC)C(=O)NC
3355,3582,dipole_change,*C(C)=[O+][CH-]C,*[C-]([O+]=CC#N)C(C)=O
3355,3691,dipole_change,*[CH-]C,*[CH-]C(=O)NC
3355,3768,dipole_change,*[O+]=C(C)C#N,*[N+](C)=C(C)C(=O)OC
3385,3451,dipole_change,*C#[N+][C-](C#N)C#N,*C(=O)[C-](C)[O+]=CC
3385,3492,dipole_change,*C#[N+][C-](C#N)C#N,*[N+](=CC#N)[C-](C)C#N
3385,3510,dipole_change,*C#[N+][C-](C#N)C#N,*C(=[O+][CH-]C#N)C(C)=O
3385,3546,dipole_change,*[C-](C#N)[N+]#CC,*[C-]([N+]#CC#N)C(C)=O
3385,3562,dipole_change,*C#[N+][C-](C#N)C#N,*[C-]([N+]#CC)C(=O)NC
3385,3582,dipole_change,*[C-](C#N)[N+]#CC,*[C-]([O+]=CC#N)C(C)=O
3385,3691,dipole_change,*[C-](C#N)[N+]#CC,*C(C)=[O+][CH-]C(=O)NC
3451,3492,dipole_change,*C(=O)[C-](C)[O+]=CC,*[N+](=CC#N)[C-](C)C#N
3451,3510,dipole_change,*C(=O)[C-](C)[O+]=CC,*C(=[O+][CH-]C#N)C(C)=O
3451,3546,dipole_change,*[C-](C)[O+]=CC,*[C-](C#N)[N+]#CC#N
3451,3562,dipole_change,*C(=O)[C-](C)[O+]=CC,*[C-]([N+]#CC)C(=O)NC
3451,3582,dipole_change,*[C-](C)[O+]=CC,*[C-](C#N)[O+]=CC#N
3451,3742,dipole_change,*C,*C(C)=O
3492,3510,dipole_change,*C=[N+](C)[C-](C)C#N,*[CH-][O+]=C(C)C(C)=O
3492,3546,dipole_change,*C=[N+](C)[C-](C)C#N,*[C-]([N+]#CC#N)C(C)=O
3492,3562,dipole_change,*[N+](=CC#N)[C-](C)C#N,*[C-]([N+]#CC)C(=O)NC
3492,3582,dipole_change,*C=[N+](C)[C-](C)C#N,*[C-]([O+]=CC#N)C(C)=O
3492,3691,dipole_change,*C=[N+](C)[C-](C)C#N,*C(C)=[O+][CH-]C(=O)NC
3510,3546,dipole_change,*C(C)=[O+][CH-]C#N,*[C-](C#N)[N+]#CC#N
3510,3562,dipole_change,*C(=[O+][CH-]C#N)C(C)=O,*[C-]([N+]#CC)C(=O)NC
3510,3582,dipole_change,*C(C)=[O+][CH-]C#N,*[C-](C#N)[O+]=CC#N
3510,3691,dipole_change,*[CH-][O+]=C(C)C(C)=O,*C(C)=[O+][CH-]C(=O)NC
3510,3742,dipole_change,*C(C)=[O+][CH-]C#N,*[C-](C)[O+]=CC(C)=O
3546,3582,dipole_change,*[C-](C#N)[N+]#CC#N,*[C-](C#N)[O+]=CC#N
3546,3691,dipole_change,*[C-]([N+]#CC#N)C(C)=O,*C(C)=[O+][CH-]C(=O)NC
3546,3742,dipole_change,*[C-](C#N)[N+]#CC#N,*[C-](C)[O+]=CC(C)=O
3546,3948,dipole_change,*C#N,*C(=O)NC
3546,3962,dipole_change,*C(C)=O,*c1ccccc1
3546,4234,dipole_change,*C#N,*c1ccccc1
3562,3691,dipole_change,*C(=O)[C-](C)[N+]#CC,*C(=O)[CH-][O+]=C(C)C#N
3562,3948,dipole_change,*[C-](C)[N+]#CC,*C#[N+][C-](C#N)C(C)=O
3582,3691,dipole_change,*[C-]([O+]=CC#N)C(C)=O,*C(C)=[O+][CH-]C(=O)NC
3582,3742,dipole_change,*[C-](C#N)[O+]=CC#N,*[C-](C)[O+]=CC(C)=O
3582,3948,dipole_change,*[O+]=CC#N,*[N+]#CC(=O)NC
3582,4234,dipole_change,*[O+]=CC#N,*[N+]#Cc1ccccc1
3691,3948,dipole_change,*[CH-][O+]=C(C)C#N,*C#[N+][C-](C#N)C(C)=O
3742,4202,dipole_change,*C(C)=O,*c1ccccc1
3768,3790,dipole_change,*C(C)=[N+](C)[CH-]C,*[CH-][NH+]=C(C#N)C#N
3948,4234,dipole_change,*[N+]#CC(=O)NC,*[N+]#Cc1ccccc1
3962,4202,dipole_change,*[C-](C#N)[N+]#CC#N,*[C-](C)[O+]=CC(C)=O
3962,4234,dipole_change,*[C-](C#N)[N+]#CC#N,*C#[N+][C-](C#N)C(C)=O
3962,4422,dipole_change,*[C-](C#N)[N+]#CC#N,*C(C)=[NH+][CH-]C(=O)OC
3962,4784,dipole_change,*C#N,*c1ccccc1
4182,4254,dipole_change,*[N+]#CC(=O)OC,*[NH+]=CC(=O)OC
4202,4234,dipole_change,*[C-](C)[O+]=CC(C)=O,*C#[N+][C-](C#N)C(C)=O
4202,4422,dipole_change,*[C-](C)[O+]=CC(C)=O,*C(C)=[NH+][CH-]C(=O)OC
4234,4422,dipole_change,*C#[N+][C-](C#N)C(C)=O,*C(C)=[NH+][CH-]C(=O)OC
4234,4569,dipole_change,*[C-](C#N)C(C)=O,*[C-](C(C)=O)C(C)=O
4234,4784,dipole_change,*C(C)=O,*c1ccccc1
5071,5513,dipole_change,*[N+]#CC(C)=O,*[N+](C)=CC(=O)NC
3367,3669,dipole_change,*[N-][N+]#CC,*[N-][N+]#CC(=O)NC
3367,3898,dipole_change,*C,*c1ccccc1
3669,3833,dipole_change,*C#[N+][N-]C(C)=O,*[N-][N+]#CC(=O)NC
3669,3856,dipole_change,*C#[N+][N-]C(C)=O,*[N-][N+]#CC(=O)OC
3669,3898,dipole_change,*[N+]#CC(=O)NC,*[N+]#Cc1ccccc1
3833,3856,dipole_change,*[N-][N+]#CC(=O)NC,*[N-][N+]#CC(=O)OC
3898,4193,dipole_change,*C#[N+][N-]C(C)=O,*[N-][NH+]=CC(=O)OC
3440,3557,dipole_change,*C(C)=[O+][C-](C)C#N,*[N+](=C(C)C#N)[C-](C)C
3440,3558,dipole_change,*C(C)=[O+][C-](C)C#N,*[c-]1c(=O)oc(C)[n+]1C
3557,3558,dipole_change,*[N+](=C(C)C#N)[C-](C)C,*[c-]1c(=O)oc(C)[n+]1C
3557,3717,dipole_change,*[C-](C)C,*[C-](C#N)C#N
3557,3953,dipole_change,*[N+](C)=C(C)C#N,*[N+](C)=C(C)C(=O)NC
3557,4248,dipole_change,*[C-](C)C,*[C-](C(C)=O)C(C)=O
3717,4248,dipole_change,*[C-](C#N)C#N,*[C-](C(C)=O)C(C)=O
3953,4774,dipole_change,*[C-](C)C,*[C-](C(C)=O)C(C)=O
4223,4255,dipole_change,*c1oc(=O)[c-](C#N)[o+]1,*C(C)=[O+][C-](C#N)C#N
4223,4359,dipole_change,*c1oc(=O)[c-](C#N)[o+]1,*[C-](C#N)[N+](C)=C(C)C
4248,4774,dipole_change,*C#N,*C(=O)NC
4255,4359,dipole_change,*C(C)=[O+][C-](C#N)C#N,*[C-](C#N)[N+](C)=C(C)C
4255,4647,dipole_change,*[C-](C#N)C#N,*[C-](C)C(=O)NC
4255,4676,dipole_change,*[C-](C#N)C#N,*[C-](C)C(=O)OC
4505,4992,dipole_change,*C(C)=O,*c1ccccc1
4647,4676,dipole_change,*NC,*OC
4774,5385,dipole_change,*C,*C(=O)OC
4786,5350,dipole_change,*C,*C(=O)OC
5034,5240,dipole_change,*[O+]=C(C)C(=O)OC,*[N+](C)=C(C)C(=O)NC
5595,5613,dipole_change,*C(=O)NC,*C(=O)OC
5595,5712,dipole_change,*C(C)=O,*C(=O)NC
5596,5888,dipole_change,*C#N,*c1ccccc1
5603,5710,dipole_change,*C,*OC
5613,5702,dipole_change,*C,*NC
5702,5712,dipole_change,*C(=O)OC,*C(=O)NC
3417,3478,dipole_change,*C(=[NH+][NH-])C(C)=O,*[C-]([N+]#N)C(=O)NC
3417,3700,dipole_change,*C(C#N)=[NH+][NH-],*[C-]([N+]#N)C(=O)OC
3478,3700,dipole_change,*[C-](C#N)C(=O)NC,*[C-](C(C)=O)C(=O)OC
3452,3514,dipole_change,*C(=O)[N-][O+]=C(C)C,*C(=O)c1[nH+][n-]c(=O)o1
3452,3588,dipole_change,*C(=O)[N-][O+]=C(C)C,*NC(=O)C(C)=[NH+][N-]C
3514,3588,dipole_change,*C(=O)c1[nH+][n-]c(=O)o1,*NC(=O)C(C)=[NH+][N-]C
4245,4759,dipole_change,*C(C)=O,*c1ccccc1
4507,5003,dipole_change,*[N-]C#N,*[N-]C(=O)OC
3521,3583,dipole_change,*C(=O)N=[N+](C)[N-]C#N,*[N+](=NC)[N-]C(=O)NC
3521,3897,dipole_change,*N=[N+](C)[N-]C#N,*[N-][N+](C)=NC(=O)OC
3897,3934,dipole_change,*[N+](C)=NC(=O)OC,*[NH+]=Nc1ccccc1
3934,4163,dipole_change,*N=[NH+][N-]C(C)=O,*[N-][NH+]=NC(=O)NC
140,141,dipole_change,*C(C)=O,*C(C)=O
516,517,dipole_change,*C(=O)C(C#N)=[N+](C)[O-],*C(=O)C(C#N)=[N+](C)[O-]
450,451,dipole_change,*C(=O)OC,*C(=O)OC
2294,2295,dipole_change,*C,*C
986,987,dipole_change,*[NH-],*[NH-]
1629,1630,dipole_change,*N=[N+](C)[N-]C(=O)NC,*N=[N+](C)[N-]C(=O)NC
3255,3351,dipole_change,*C#[N+][CH-]C,*C=[N+](C)[CH-]C#N
3255,3352,dipole_change,*C#[N+][CH-]C,*C=[N+](C)[CH-]C#N
3255,3415,dipole_change,*C#[N+][CH-]C,*[CH-][N+]#CC(=O)OC
3255,3416,dipole_change,*C#[N+][CH-]C,*[CH-][N+]#CC(=O)OC
3255,3453,dipole_change,*C#[N+][CH-]C,*OC(=O)[CH-][N+]#CC#N
3255,3454,dipole_change,*C#[N+][CH-]C,*OC(=O)[CH-][N+]#CC#N
3255,3484,dipole_change,*C#[N+][CH-]C,*C(=O)[CH-][N+]#CC(C)=O
3255,3485,dipole_change,*C#[N+][CH-]C,*C(=O)[CH-][N+]#CC(C)=O
3255,3511,dipole_change,*C#[N+][CH-]C,*C(=O)[CH-][NH+]=CC(C)=O
3351,3352,dipole_change,*[N+](C)=CC,*[N+](C)=CC
3351,3415,dipole_change,*C=[N+](C)[CH-]C#N,*[CH-][N+]#CC(=O)OC
3351,3416,dipole_change,*C=[N+](C)[CH-]C#N,*[CH-][N+]#CC(=O)OC
3351,3453,dipole_change,*C=[N+](C)[CH-]C#N,*OC(=O)[CH-][N+]#CC#N
3351,3454,dipole_change,*C=[N+](C)[CH-]C#N,*OC(=O)[CH-][N+]#CC#N
3351,3484,dipole_change,*C=[N+](C)[CH-]C#N,*C(=O)[CH-][N+]#CC(C)=O
3351,3485,dipole_change,*C=[N+](C)[CH-]C#N,*C(=O)[CH-][N+]#CC(C)=O
3351,3511,dipole_change,*C=[N+](C)[CH-]C#N,*C(=O)[CH-][NH+]=CC(C)=O
3352,3415,dipole_change,*C=[N+](C)[CH-]C#N,*[CH-][N+]#CC(=O)OC
3352,3416,dipole_change,*C=[N+](C)[CH-]C#N,*[CH-][N+]#CC(=O)OC
3352,3453,dipole_change,*C=[N+](C)[CH-]C#N,*OC(=O)[CH-][N+]#CC#N
3352,3454,dipole_change,*C=[N+](C)[CH-]C#N,*OC(=O)[CH-][N+]#CC#N
3352,3484,dipole_change,*C=[N+](C)[CH-]C#N,*C(=O)[CH-][N+]#CC(C)=O
3352,3485,dipole_change,*C=[N+](C)[CH-]C#N,*C(=O)[CH-][N+]#CC(C)=O
3352,3511,dipole_change,*C=[N+](C)[CH-]C#N,*C(=O)[CH-][NH+]=CC(C)=O
3415,3416,dipole_change,*[N+]#CC(=O)OC,*[N+]#CC(=O)OC
3415,3453,dipole_change,*C#[N+][CH-]C,*[CH-][N+]#CC#N
3415,3454,dipole_change,*C#[N+][CH-]C,*[CH-][N+]#CC#N
3415,3484,dipole_change,*[CH-][N+]#CC(=O)OC,*C(=O)[CH-][N+]#CC(C)=O
3415,3485,dipole_change,*[CH-][N+]#CC(=O)OC,*C(=O)[CH-][N+]#CC(C)=O
3415,3511,dipole_change,*[CH-][N+]#CC(=O)OC,*C(=O)[CH-][NH+]=CC(C)=O
3415,3851,dipole_change,*C#[N+][CH-]C,*C=[NH+][CH-]C(=O)NC
3415,3852,dipole_change,*C#[N+][CH-]C,*C=[NH+][CH-]C(=O)NC
3416,3453,dipole_change,*C#[N+][CH-]C,*[CH-][N+]#CC#N
3416,3454,dipole_change,*C#[N+][CH-]C,*[CH-][N+]#CC#N
3416,3484,dipole_change,*[CH-][N+]#CC(=O)OC,*C(=O)[CH-][N+]#CC(C)=O
3416,3485,dipole_change,*[CH-][N+]#CC(=O)OC,*C(=O)[CH-][N+]#CC(C)=O
3416,3511,dipole_change,*[CH-][N+]#CC(=O)OC,*C(=O)[CH-][NH+]=CC(C)=O
3416,3851,dipole_change,*C#[N+][CH-]C,*C=[NH+][CH-]C(=O)NC
3416,3852,dipole_change,*C#[N+][CH-]C,*C=[NH+][CH-]C(=O)NC
3453,3454,dipole_change,*[N+]#CC#N,*[N+]#CC#N
3453,3484,dipole_change,*OC(=O)[CH-][N+]#CC#N,*C(=O)[CH-][N+]#CC(C)=O
3453,3485,dipole_change,*OC(=O)[CH-][N+]#CC#N,*C(=O)[CH-][N+]#CC(C)=O
3453,3511,dipole_change,*OC(=O)[CH-][N+]#CC#N,*C(=O)[CH-][NH+]=CC(C)=O
3453,3851,dipole_change,*[CH-][N+]#CC#N,*C=[NH+][CH-]C(=O)NC
3453,3852,dipole_change,*[CH-][N+]#CC#N,*C=[NH+][CH-]C(=O)NC
3454,3484,dipole_change,*OC(=O)[CH-][N+]#CC#N,*C(=O)[CH-][N+]#CC(C)=O
3454,3485,dipole_change,*OC(=O)[CH-][N+]#CC#N,*C(=O)[CH-][N+]#CC(C)=O
3454,3511,dipole_change,*OC(=O)[CH-][N+]#CC#N,*C(=O)[CH-][NH+]=CC(C)=O
3454,3851,dipole_change,*[CH-][N+]#CC#N,*C=[NH+][CH-]C(=O)NC
3454,3852,dipole_change,*[CH-][N+]#CC#N,*C=[NH+][CH-]C(=O)NC
3484,3485,dipole_change,*[CH-]C(C)=O,*[CH-]C(C)=O
3484,3511,dipole_change,*C(=O)[CH-][N+]#CC(C)=O,*C(=O)[CH-][NH+]=CC(C)=O
3484,3830,dipole_change,*[CH-]C(C)=O,*[CH-]c1ccccc1
3484,3831,dipole_change,*[CH-]C(C)=O,*[CH-]c1ccccc1
3485,3511,dipole_change,*C(=O)[CH-][N+]#CC(C)=O,*C(=O)[CH-][NH+]=CC(C)=O
3485,3830,dipole_change,*[CH-]C(C)=O,*[CH-]c1ccccc1
3485,3831,dipole_change,*[CH-]C(C)=O,*[CH-]c1ccccc1
3830,3831,dipole_change,*c1ccccc1,*c1ccccc1
3851,3852,dipole_change,*NC,*NC
3533,3556,dipole_change,*[CH-][N+](C)=C(C)C(C)=O,*[C-](C)[NH+]=CC(=O)NC
3533,4332,dipole_change,*C,*c1ccccc1
3556,4040,dipole_change,*C=[NH+][C-](C)C,*[CH-][NH+]=C(C)C(=O)NC
3556,4140,dipole_change,*[C-](C)C,*[C-](C#N)C(=O)NC
3747,4000,dipole_change,*[C-](C)[N+](C)=CC,*[C-](C)[N+]#CC(=O)OC
3838,4023,dipole_change,*[CH-][O+]=C(C)C#N,*C#[N+][C-](C)C(C)=O
3838,4088,dipole_change,*[CH-][O+]=C(C)C#N,*[C-](C)[O+]=CC(C)=O
3838,4289,dipole_change,*[CH-][O+]=C(C)C#N,*[C-](C)[N+]#CC(=O)OC
3838,4309,dipole_change,*[CH-][O+]=C(C)C#N,*C(C)=[NH+][CH-]C(=O)OC
3838,4332,dipole_change,*[CH-][O+]=C(C)C#N,*C(C(C)=O)=[N+](C)[CH-]C
4000,4289,dipole_change,*C(=O)OC,*c1ccccc1
4023,4088,dipole_change,*C#[N+][C-](C)C(C)=O,*[C-](C)[O+]=CC(C)=O
4023,4289,dipole_change,*C#[N+][C-](C)C(C)=O,*[C-](C)[N+]#CC(=O)OC
4023,4309,dipole_change,*C#[N+][C-](C)C(C)=O,*C(C)=[NH+][CH-]C(=O)OC
4023,4332,dipole_change,*C#[N+][C-](C)C(C)=O,*C(C(C)=O)=[N+](C)[CH-]C
4023,4740,dipole_change,*C,*C(=O)OC
4088,4289,dipole_change,*[C-](C)[O+]=CC(C)=O,*[C-](C)[N+]#CC(=O)OC
4088,4309,dipole_change,*[C-](C)[O+]=CC(C)=O,*C(C)=[NH+][CH-]C(=O)OC
4088,4332,dipole_change,*[C-](C)[O+]=CC(C)=O,*C(C(C)=O)=[N+](C)[CH-]C
4106,4485,dipole_change,*[N+]#CC#N,*[NH+]=CC(C)=O
4191,4421,dipole_change,*C,*NC
4191,5016,dipole_change,*[CH-]C#N,*[CH-]c1ccccc1
4289,4309,dipole_change,*[C-](C)[N+]#CC(=O)OC,*C(C)=[NH+][CH-]C(=O)OC
4289,4332,dipole_change,*[C-](C)[N+]#CC(=O)OC,*C(C(C)=O)=[N+](C)[CH-]C
4309,4332,dipole_change,*C(C)=[NH+][CH-]C(=O)OC,*C(C(C)=O)=[N+](C)[CH-]C
4522,4682,dipole_change,*C(C)=O,*C(=O)NC
4522,4696,dipole_change,*C(C)=O,*C(=O)NC
4682,5220,dipole_change,*[N+]#CC(C)=O,*[N+]#Cc1ccccc1
3341,3551,dipole_change,*[N+]#CC(C)=O,*[N+](C)=CC(=O)OC
3535,3578,dipole_change,*[N-][N+]#CC,*[N-][NH+]=CC
3535,3680,dipole_change,*[N-][N+]#CC,*[N-][O+]=CC#N
3535,4090,dipole_change,*[N-][N+]#CC,*[N-][N+](C)=CC(C)=O
3535,4322,dipole_change,*[N-][N+]#CC,*C=[N+](C)[N-]C(=O)OC
3578,3680,dipole_change,*[N-][NH+]=CC,*[N-][O+]=CC#N
3578,4090,dipole_change,*[N-][NH+]=CC,*[N-][N+](C)=CC(C)=O
3578,4322,dipole_change,*[N-][NH+]=CC,*C=[N+](C)[N-]C(=O)OC
3680,4090,dipole_change,*[O+]=CC#N,*[N+](C)=CC(C)=O
3680,4322,dipole_change,*[N-][O+]=CC#N,*C=[N+](C)[N-]C(=O)OC
4090,4322,dipole_change,*[N-][N+](C)=CC(C)=O,*C=[N+](C)[N-]C(=O)OC
3534,3555,dipole_change,*[CH-][N+](C)=C(C)C(C)=O,*[C-](C)[NH+]=CC(=O)NC
3534,4331,dipole_change,*C,*c1ccccc1
3555,4039,dipole_change,*C=[NH+][C-](C)C,*[CH-][NH+]=C(C)C(=O)NC
3555,4141,dipole_change,*[C-](C)C,*[C-](C#N)C(=O)NC
3746,4001,dipole_change,*[C-](C)[N+](C)=CC,*[C-](C)[N+]#CC(=O)OC
3839,4022,dipole_change,*[CH-][O+]=C(C)C#N,*C#[N+][C-](C)C(C)=O
3839,4087,dipole_change,*[CH-][O+]=C(C)C#N,*[C-](C)[O+]=CC(C)=O
3839,4288,dipole_change,*[CH-][O+]=C(C)C#N,*[C-](C)[N+]#CC(=O)OC
3839,4310,dipole_change,*[CH-][O+]=C(C)C#N,*C(C)=[NH+][CH-]C(=O)OC
3839,4331,dipole_change,*[CH-][O+]=C(C)C#N,*C(C(C)=O)=[N+](C)[CH-]C
4001,4288,dipole_change,*C(=O)OC,*c1ccccc1
4022,4087,dipole_change,*C#[N+][C-](C)C(C)=O,*[C-](C)[O+]=CC(C)=O
4022,4288,dipole_change,*C#[N+][C-](C)C(C)=O,*[C-](C)[N+]#CC(=O)OC
4022,4310,dipole_change,*C#[N+][C-](C)C(C)=O,*C(C)=[NH+][CH-]C(=O)OC
4022,4331,dipole_change,*C#[N+][C-](C)C(C)=O,*C(C(C)=O)=[N+](C)[CH-]C
4022,4741,dipole_change,*C,*C(=O)OC
4087,4288,dipole_change,*[C-](C)[O+]=CC(C)=O,*[C-](C)[N+]#CC(=O)OC
4087,4310,dipole_change,*[C-](C)[O+]=CC(C)=O,*C(C)=[NH+][CH-]C(=O)OC
4087,4331,dipole_change,*[C-](C)[O+]=CC(C)=O,*C(C(C)=O)=[N+](C)[CH-]C
4105,4486,dipole_change,*[N+]#CC#N,*[NH+]=CC(C)=O
4190,4420,dipole_change,*C,*NC
4190,5015,dipole_change,*[CH-]C#N,*[CH-]c1ccccc1
4288,4310,dipole_change,*[C-](C)[N+]#CC(=O)OC,*C(C)=[NH+][CH-]C(=O)OC
4288,4331,dipole_change,*[C-](C)[N+]#CC(=O)OC,*C(C(C)=O)=[N+](C)[CH-]C
4310,4331,dipole_change,*C(C)=[NH+][CH-]C(=O)OC,*C(C(C)=O)=[N+](C)[CH-]C
4521,4681,dipole_change,*C(C)=O,*C(=O)NC
4521,4697,dipole_change,*C(C)=O,*C(=O)NC
4681,5221,dipole_change,*[N+]#CC(C)=O,*[N+]#Cc1ccccc1
3455,3456,dipole_change,*[C-](C#N)C#N,*[C-](C#N)C#N
3455,3814,dipole_change,*[O+]=C(C)C,*[NH+]=C(C#N)C(C)=O
3455,3815,dipole_change,*[O+]=C(C)C,*[NH+]=C(C#N)C(C)=O
3456,3814,dipole_change,*[O+]=C(C)C,*[NH+]=C(C#N)C(C)=O
3456,3815,dipole_change,*[O+]=C(C)C,*[NH+]=C(C#N)C(C)=O
3616,3796,dipole_change,*C(C)=O,*C(=O)OC
3616,3797,dipole_change,*C(C)=O,*C(=O)OC
3616,3802,dipole_change,*C(C)=O,*C(=O)NC
3616,3803,dipole_change,*C(C)=O,*C(=O)NC
3796,3797,dipole_change,*OC,*OC
3796,3802,dipole_change,*OC,*NC
3796,3803,dipole_change,*OC,*NC
3796,3869,dipole_change,*[c-]1[nH+]c(C)oc1=O,*C(C)=[N+](C)[C-](C)C
3796,3870,dipole_change,*[c-]1[nH+]c(C)oc1=O,*C(C)=[N+](C)[C-](C)C
3797,3802,dipole_change,*OC,*NC
3797,3803,dipole_change,*OC,*NC
3797,3869,dipole_change,*[c-]1[nH+]c(C)oc1=O,*C(C)=[N+](C)[C-](C)C
3797,3870,dipole_change,*[c-]1[nH+]c(C)oc1=O,*C(C)=[N+](C)[C-](C)C
3802,3803,dipole_change,*NC,*NC
3802,4045,dipole_change,*[c-]1[nH+]c(C)oc1=O,*C(C)=[NH+][C-](C)C(C)=O
3802,4046,dipole_change,*[c-]1[nH+]c(C)oc1=O,*C(C)=[NH+][C-](C)C(C)=O
3802,4207,dipole_change,*C,*C(C)=O
3802,4208,dipole_change,*C,*C(C)=O
3803,4045,dipole_change,*[c-]1[nH+]c(C)oc1=O,*C(C)=[NH+][C-](C)C(C)=O
3803,4046,dipole_change,*[c-]1[nH+]c(C)oc1=O,*C(C)=[NH+][C-](C)C(C)=O
3803,4207,dipole_change,*C,*C(C)=O
3803,4208,dipole_change,*C,*C(C)=O
3814,3815,dipole_change,*C#N,*C#N
3869,3870,dipole_change,*C(=O)OC,*C(=O)OC
4041,4042,dipole_change,*c1[nH+][c-](C)c(=O)o1,*c1[nH+][c-](C)c(=O)o1
4041,4144,dipole_change,*c1[nH+][c-](C)c(=O)o1,*c1oc(=O)[c-](C#N)[o+]1
4041,4145,dipole_change,*c1[nH+][c-](C)c(=O)o1,*c1oc(=O)[c-](C#N)[o+]1
4041,4203,dipole_change,*c1[nH+][c-](C)c(=O)o1,*[c-]1[nH+]c(C#N)oc1=O
4041,4204,dipole_change,*c1[nH+][c-](C)c(=O)o1,*[c-]1[nH+]c(C#N)oc1=O
4042,4144,dipole_change,*c1[nH+][c-](C)c(=O)o1,*c1oc(=O)[c-](C#N)[o+]1
4042,4145,dipole_change,*c1[nH+][c-](C)c(=O)o1,*c1oc(=O)[c-](C#N)[o+]1
4042,4203,dipole_change,*c1[nH+][c-](C)c(=O)o1,*[c-]1[nH+]c(C#N)oc1=O
4042,4204,dipole_change,*c1[nH+][c-](C)c(=O)o1,*[c-]1[nH+]c(C#N)oc1=O
4045,4046,dipole_change,*C,*C
4144,4145,dipole_change,*c1ccccc1,*c1ccccc1
4144,4203,dipole_change,*c1oc(=O)[c-](C#N)[o+]1,*[c-]1[nH+]c(C#N)oc1=O
4144,4204,dipole_change,*c1oc(=O)[c-](C#N)[o+]1,*[c-]1[nH+]c(C#N)oc1=O
4145,4203,dipole_change,*c1oc(=O)[c-](C#N)[o+]1,*[c-]1[nH+]c(C#N)oc1=O
4145,4204,dipole_change,*c1oc(=O)[c-](C#N)[o+]1,*[c-]1[nH+]c(C#N)oc1=O
4153,4154,dipole_change,*C#N,*C#N
4170,4171,dipole_change,*C,*C
4203,4204,dipole_change,*[c-]1[nH+]c(C#N)oc1=O,*[c-]1[nH+]c(C#N)oc1=O
4207,4208,dipole_change,*C(C)=O,*C(C)=O
4533,4534,dipole_change,*C#N,*C#N
4533,4640,dipole_change,*[C-](C#N)C(C)=O,*[C-](C)C(=O)NC
4533,4641,dipole_change,*[C-](C#N)C(C)=O,*[C-](C)C(=O)NC
4534,4640,dipole_change,*[C-](C#N)C(C)=O,*[C-](C)C(=O)NC
4534,4641,dipole_change,*[C-](C#N)C(C)=O,*[C-](C)C(=O)NC
4604,4605,dipole_change,*NC,*NC
4612,4613,dipole_change,*C,*C
4640,4641,dipole_change,*C,*C
4640,4971,dipole_change,*C(=O)OC,*c1ccccc1
4640,4972,dipole_change,*C(=O)OC,*c1ccccc1
4641,4971,dipole_change,*C(=O)OC,*c1ccccc1
4641,4972,dipole_change,*C(=O)OC,*c1ccccc1
4663,4664,dipole_change,*C,*C
4689,4690,dipole_change,*C,*C
4689,5058,dipole_change,*[C-](C)C(C)=O,*[C-](C#N)C(=O)OC
4689,5059,dipole_change,*[C-](C)C(C)=O,*[C-](C#N)C(=O)OC
4690,5058,dipole_change,*[C-](C)C(C)=O,*[C-](C#N)C(=O)OC
4690,5059,dipole_change,*[C-](C)C(C)=O,*[C-](C#N)C(=O)OC
4822,4823,dipole_change,*C,*C
4833,4834,dipole_change,*NC,*NC
4852,4853,dipole_change,*C(=O)NC,*C(=O)NC
4852,5561,dipole_change,*[C-](C#N)C#N,*[C-](C(C)=O)C(=O)OC
4852,5562,dipole_change,*[C-](C#N)C#N,*[C-](C(C)=O)C(=O)OC
4853,5561,dipole_change,*[C-](C#N)C#N,*[C-](C(C)=O)C(=O)OC
4853,5562,dipole_change,*[C-](C#N)C#N,*[C-](C(C)=O)C(=O)OC
4971,4972,dipole_change,*C,*C
5058,5059,dipole_change,*C,*C
5206,5207,dipole_change,*C(=O)NC,*C(=O)NC
5335,5336,dipole_change,*c1ccccc1,*c1ccccc1
5335,5675,dipole_change,*C#N,*C(=O)NC
5335,5676,dipole_change,*C#N,*C(=O)NC
5336,5675,dipole_change,*C#N,*C(=O)NC
5336,5676,dipole_change,*C#N,*C(=O)NC
5355,5356,dipole_change,*C,*C
5537,5538,dipole_change,*C(=O)NC,*C(=O)NC
5561,5562,dipole_change,*C,*C
5578,5579,dipole_change,*C,*C
5656,5657,dipole_change,*C,*C
5675,5676,dipole_change,*C,*C
5698,5699,dipole_change,*C(=O)OC,*C(=O)OC
5698,5786,dipole_change,*C(=O)OC,*c1ccccc1
5698,5787,dipole_change,*C(=O)OC,*c1ccccc1
5699,5786,dipole_change,*C(=O)OC,*c1ccccc1
5699,5787,dipole_change,*C(=O)OC,*c1ccccc1
5716,5717,dipole_change,*C,*C
5779,5780,dipole_change,*OC,*OC
5786,5787,dipole_change,*c1ccccc1,*c1ccccc1
3334,3338,dipole_change,*[c-]1[o+]noc1=O,*[N-][O+]=C(C)C#N
3334,3849,dipole_change,*C,*c1ccccc1
3338,3561,dipole_change,*C(C)=[O+][N-]C,*C(C#N)=[NH+][N-]C(C)=O
3338,3593,dipole_change,*C(C)=[O+][N-]C,*[N-][NH+]=C(C)C(=O)OC
3561,3593,dipole_change,*C(C#N)=[NH+][N-]C(C)=O,*[N-][NH+]=C(C)C(=O)OC
3561,3952,dipole_change,*[NH+]=C(C#N)C#N,*[NH+]=C(C#N)C(=O)NC
3593,3734,dipole_change,*[NH+]=C(C)C(=O)OC,*[O+]=C(C#N)C(=O)NC
3593,3743,dipole_change,*C(C)=[NH+][N-]C#N,*C(C#N)=[NH+][N-]C#N
3734,3743,dipole_change,*[O+]=C(C#N)C(=O)NC,*[NH+]=C(C#N)C(=O)OC
3734,3952,dipole_change,*C(C#N)=[O+][N-]C#N,*C(C#N)=[NH+][N-]C(C)=O
3835,3849,dipole_change,*c1oc(=O)[n-][o+]1,*[c-]1[o+]noc1=O
3835,4230,dipole_change,*c1oc(=O)[n-][o+]1,*[N-][NH+]=C(C#N)C(C)=O
3849,4230,dipole_change,*[c-]1[o+]noc1=O,*[N-][NH+]=C(C#N)C(C)=O
3342,3550,dipole_change,*[N+]#CC(C)=O,*[N+](C)=CC(=O)OC
3536,3681,dipole_change,*[N-][N+]#CC,*[N-][O+]=CC#N
3536,4091,dipole_change,*[N-][N+]#CC,*[N-][N+](C)=CC(C)=O
3536,4116,dipole_change,*[N-][N+]#CC,*C=[NH+][N-]C(=O)OC
3536,4323,dipole_change,*[N-][N+]#CC,*C=[N+](C)[N-]C(=O)OC
3681,4091,dipole_change,*[O+]=CC#N,*[N+](C)=CC(C)=O
3681,4116,dipole_change,*[N-][O+]=CC#N,*C=[NH+][N-]C(=O)OC
3681,4323,dipole_change,*[N-][O+]=CC#N,*C=[N+](C)[N-]C(=O)OC
4091,4116,dipole_change,*[N-][N+](C)=CC(C)=O,*C=[NH+][N-]C(=O)OC
4091,4323,dipole_change,*[N-][N+](C)=CC(C)=O,*C=[N+](C)[N-]C(=O)OC
4116,4323,dipole_change,*C=[NH+][N-]C(=O)OC,*C=[N+](C)[N-]C(=O)OC
3335,3337,dipole_change,*[c-]1[o+]noc1=O,*[N-][O+]=C(C)C#N
3335,3403,dipole_change,*[c-]1[o+]noc1=O,*[n+]1noc(=O)[c-]1C
3335,3848,dipole_change,*C,*c1ccccc1
3337,3403,dipole_change,*[N-][O+]=C(C)C#N,*[n+]1noc(=O)[c-]1C
3337,3560,dipole_change,*C(C)=[O+][N-]C,*C(C#N)=[NH+][N-]C(C)=O
3337,3592,dipole_change,*C(C)=[O+][N-]C,*[N-][NH+]=C(C)C(=O)OC
3560,3592,dipole_change,*C(C#N)=[NH+][N-]C(C)=O,*[N-][NH+]=C(C)C(=O)OC
3560,3951,dipole_change,*[NH+]=C(C#N)C#N,*[NH+]=C(C#N)C(=O)NC
3592,3735,dipole_change,*[NH+]=C(C)C(=O)OC,*[O+]=C(C#N)C(=O)NC
3592,3744,dipole_change,*C(C)=[NH+][N-]C#N,*C(C#N)=[NH+][N-]C#N
3735,3744,dipole_change,*[O+]=C(C#N)C(=O)NC,*[NH+]=C(C#N)C(=O)OC
3735,3951,dipole_change,*C(C#N)=[O+][N-]C#N,*C(C#N)=[NH+][N-]C(C)=O
3836,3848,dipole_change,*c1oc(=O)[n-][o+]1,*[c-]1[o+]noc1=O
3836,4231,dipole_change,*c1oc(=O)[n-][o+]1,*[N-][NH+]=C(C#N)C(C)=O
3848,4231,dipole_change,*[c-]1[o+]noc1=O,*[N-][NH+]=C(C#N)C(C)=O
3353,3354,dipole_change,*C,*C
1743,1744,dipole_change,*C(=O)[C-]([N+]#N)C(C)=O,*C(=O)[C-]([N+]#N)C(C)=O
2731,2732,dipole_change,*C(=O)NC,*C(=O)NC
1687,1688,dipole_change,*c1ccccc1,*c1ccccc1
3006,3007,dipole_change,*[CH-]c1ccccc1,*[CH-]c1ccccc1
2656,2657,dipole_change,*C#N,*C#N
2687,2688,dipole_change,*[O+]=C(C#N)C#N,*[O+]=C(C#N)C#N
1654,1655,dipole_change,*NC,*NC
2929,2930,dipole_change,*[N-]c1ccccc1,*[N-]c1ccccc1
2983,2984,dipole_change,*[NH+]=C(C#N)C(=O)OC,*[NH+]=C(C#N)C(=O)OC
3019,3020,dipole_change,*C,*C
1245,1246,dipole_change,*OC,*OC
1619,1620,dipole_change,*[C-](C)C(=O)OC,*[C-](C)C(=O)OC
1797,1798,dipole_change,*C,*C
2094,2095,dipole_change,*C(=O)NC,*C(=O)NC
1137,1138,dipole_change,*[N+](C)=CC#N,*[N+](C)=CC#N
2621,2622,dipole_change,*C,*C
2737,2738,dipole_change,*c1ccccc1,*c1ccccc1
2060,2061,dipole_change,*[NH+]=C(C#N)C#N,*[NH+]=C(C#N)C#N
2068,2069,dipole_change,*C(C)=O,*C(C)=O
2584,2585,dipole_change,*NC,*NC
3033,3034,dipole_change,*OC,*OC
2838,2839,dipole_change,*C(C)=O,*C(C)=O
2229,2230,dipole_change,*C,*C
1785,1786,dipole_change,*[C-](C)C(=O)NC,*[C-](C)C(=O)NC
1404,1405,dipole_change,*C,*C
801,802,dipole_change,*c1ccccc1,*c1ccccc1
2563,2564,dipole_change,*NC,*NC
1627,1628,dipole_change,*C=[NH+][C-](C)C,*C=[NH+][C-](C)C
2941,2942,dipole_change,*[N+](C)=C(C)C,*[N+](C)=C(C)C
2391,2392,dipole_change,*C,*C
1223,1224,dipole_change,*[N+](C)=CC,*[N+](C)=CC
2240,2241,dipole_change,*[N+]#CC(=O)NC,*[N+]#CC(=O)NC
452,453,dipole_change,*c1[nH+][c-](C)c(=O)o1,*c1[nH+][c-](C)c(=O)o1
1905,1906,dipole_change,*C#N,*C#N
2870,2871,dipole_change,*C,*C
2215,2216,dipole_change,*C,*C
2858,2859,dipole_change,*C(=O)NC,*C(=O)NC
551,552,dipole_change,*C=[NH+][NH-],*C=[NH+][NH-]
1990,1993,dipole_change,*C,*C
1990,2268,dipole_change,*C,*C(C)=O
1990,2269,dipole_change,*C,*C(C)=O
1993,2268,dipole_change,*C,*C(C)=O
1993,2269,dipole_change,*C,*C(C)=O
2268,2269,dipole_change,*NC,*NC
549,550,dipole_change,*C=[NH+][NH-],*C=[NH+][NH-]
1991,1992,dipole_change,*C,*C
1991,2266,dipole_change,*C,*C(C)=O
1991,2267,dipole_change,*C,*C(C)=O
1992,2266,dipole_change,*C,*C(C)=O
1992,2267,dipole_change,*C,*C(C)=O
2266,2267,dipole_change,*NC,*NC
789,790,dipole_change,*C#[N+][C-](C)C(=O)NC,*C#[N+][C-](C)C(=O)NC
1508,1509,dipole_change,*[NH+]=C(C(C)=O)C(C)=O,*[NH+]=C(C(C)=O)C(C)=O
1508,1576,dipole_change,*[NH+]=C(C(C)=O)C(C)=O,*[N+](C)=C(C)C(=O)NC
1508,1577,dipole_change,*[NH+]=C(C(C)=O)C(C)=O,*[N+](C)=C(C)C(=O)NC
1509,1576,dipole_change,*[NH+]=C(C(C)=O)C(C)=O,*[N+](C)=C(C)C(=O)NC
1509,1577,dipole_change,*[NH+]=C(C(C)=O)C(C)=O,*[N+](C)=C(C)C(=O)NC
1576,1577,dipole_change,*C(=O)NC,*C(=O)NC
815,816,dipole_change,*C(C)=O,*C(C)=O
718,720,dipole_change,*C,*C
719,721,dipole_change,*C,*C
1605,1607,dipole_change,*NC,*NC
1870,1871,dipole_change,*C(C)=O,*C(C)=O
2115,2117,dipole_change,*C,*C
101,102,dipole_change,*[C-]([N+]#N)C(C)=O,*[C-]([N+]#N)C(C)=O
101,271,dipole_change,*[C-]([N+]#N)C(C)=O,*C(=O)C(=[NH+][NH-])C(C)=O
101,273,dipole_change,*[C-]([N+]#N)C(C)=O,*C(=O)C(=[NH+][NH-])C(C)=O
102,271,dipole_change,*[C-]([N+]#N)C(C)=O,*C(=O)C(=[NH+][NH-])C(C)=O
102,273,dipole_change,*[C-]([N+]#N)C(C)=O,*C(=O)C(=[NH+][NH-])C(C)=O
271,273,dipole_change,*C,*C
1606,1608,dipole_change,*NC,*NC
1872,1873,dipole_change,*C(C)=O,*C(C)=O
2116,2118,dipole_change,*C,*C
99,100,dipole_change,*[C-]([N+]#N)C(C)=O,*[C-]([N+]#N)C(C)=O
99,272,dipole_change,*[C-]([N+]#N)C(C)=O,*C(=O)C(=[NH+][NH-])C(C)=O
99,274,dipole_change,*[C-]([N+]#N)C(C)=O,*C(=O)C(=[NH+][NH-])C(C)=O
100,272,dipole_change,*[C-]([N+]#N)C(C)=O,*C(=O)C(=[NH+][NH-])C(C)=O
100,274,dipole_change,*[C-]([N+]#N)C(C)=O,*C(=O)C(=[NH+][NH-])C(C)=O
272,274,dipole_change,*C,*C
1057,1058,dipole_change,*c1ccccc1,*c1ccccc1
384,385,dipole_change,*C(C)=O,*C(C)=O
905,906,dipole_change,*[NH+]=C(C)C(=O)NC,*[NH+]=C(C)C(=O)NC
221,222,dipole_change,*C(=[NH+][NH-])C(=O)NC,*C(=[NH+][NH-])C(=O)NC
539,542,dipole_change,*[C-]([NH+]=CC#N)C(C)=O,*[C-]([NH+]=CC#N)C(C)=O
877,879,dipole_change,*C=[NH+][C-](C)C,*C=[NH+][C-](C)C
540,541,dipole_change,*[C-]([NH+]=CC#N)C(C)=O,*[C-]([NH+]=CC#N)C(C)=O
878,880,dipole_change,*C=[NH+][C-](C)C,*C=[NH+][C-](C)C
1093,1095,dipole_change,*NC,*NC
1093,1099,dipole_change,*c1oc(=O)[c-](C#N)[o+]1,*[C-](C)[N+](C)=C(C)C
1093,1101,dipole_change,*c1oc(=O)[c-](C#N)[o+]1,*[C-](C)[N+](C)=C(C)C
1095,1099,dipole_change,*c1oc(=O)[c-](C#N)[o+]1,*[C-](C)[N+](C)=C(C)C
1095,1101,dipole_change,*c1oc(=O)[c-](C#N)[o+]1,*[C-](C)[N+](C)=C(C)C
1099,1101,dipole_change,*C,*C
1092,1094,dipole_change,*NC,*NC
1092,1098,dipole_change,*c1oc(=O)[c-](C#N)[o+]1,*[C-](C)[N+](C)=C(C)C
1092,1100,dipole_change,*c1oc(=O)[c-](C#N)[o+]1,*[C-](C)[N+](C)=C(C)C
1094,1098,dipole_change,*c1oc(=O)[c-](C#N)[o+]1,*[C-](C)[N+](C)=C(C)C
1094,1100,dipole_change,*c1oc(=O)[c-](C#N)[o+]1,*[C-](C)[N+](C)=C(C)C
1098,1100,dipole_change,*C,*C
350,351,dipole_change,*[CH-][NH+]=C(C)C#N,*[CH-][NH+]=C(C)C#N
1010,1011,dipole_change,*[C-](C(C)=O)C(=O)OC,*[C-](C(C)=O)C(=O)OC
1010,1114,dipole_change,*[C-]([N+]#CC)C(C)=O,*C#[N+][C-](C#N)C(C)=O
1010,1115,dipole_change,*[C-]([N+]#CC)C(C)=O,*C#[N+][C-](C#N)C(C)=O
1011,1114,dipole_change,*[C-]([N+]#CC)C(C)=O,*C#[N+][C-](C#N)C(C)=O
1011,1115,dipole_change,*[C-]([N+]#CC)C(C)=O,*C#[N+][C-](C#N)C(C)=O
1114,1115,dipole_change,*OC,*OC
1084,1085,dipole_change,*C(C(C)=O)=[N+](C)[O-],*C(C(C)=O)=[N+](C)[O-]
1982,1985,dipole_change,*C(C)=O,*C(C)=O
1983,1984,dipole_change,*C(C)=O,*C(C)=O
624,625,dipole_change,*[N+](C)=CC#N,*[N+](C)=CC#N
377,378,dipole_change,*C(=O)NC,*C(=O)NC
437,438,dipole_change,*C,*C
1082,1083,dipole_change,*NC,*NC
1234,1235,dipole_change,*[O+]=C(C)C#N,*[O+]=C(C)C#N
901,902,dipole_change,*C,*C
1382,1385,dipole_change,*C(=O)OC,*C(=O)OC
899,900,dipole_change,*C,*C
1383,1384,dipole_change,*C(=O)OC,*C(=O)OC
36,37,dipole_change,*C(C)=[O+][NH-],*C(C)=[O+][NH-]
35,38,dipole_change,*C(C)=[O+][NH-],*C(C)=[O+][NH-]
1185,1186,dipole_change,*C,*C
2008,2009,dipole_change,*C(=O)NC,*C(=O)NC
1206,1207,dipole_change,*[NH+]=Cc1ccccc1,*[NH+]=Cc1ccccc1
2028,2030,dipole_change,*C,*C
1205,1208,dipole_change,*[NH+]=Cc1ccccc1,*[NH+]=Cc1ccccc1
2029,2031,dipole_change,*C,*C
2285,2287,dipole_change,*[C-](C#N)C(=O)OC,*[C-](C#N)C(=O)OC
2350,2352,dipole_change,*C(=O)OC,*C(=O)OC
2286,2288,dipole_change,*[C-](C#N)C(=O)OC,*[C-](C#N)C(=O)OC
2351,2353,dipole_change,*C(=O)OC,*C(=O)OC
722,723,dipole_change,*[CH-][N+]#CC#N,*[CH-][N+]#CC#N
1847,1848,dipole_change,*C#N,*C#N
2638,2639,dipole_change,*C#N,*C#N
482,484,dipole_change,*C(C)=O,*C(C)=O
694,696,dipole_change,*C,*C
695,697,dipole_change,*C,*C
328,329,dipole_change,*C,*C
327,330,dipole_change,*C,*C
1787,1788,dipole_change,*C,*C
1177,1178,dipole_change,*[NH+]=C(C)C,*[NH+]=C(C)C
2407,2408,dipole_change,*[C-](C#N)C(=O)OC,*[C-](C#N)C(=O)OC
1851,1852,dipole_change,*C,*C
1247,1248,dipole_change,*C,*C
1332,1333,dipole_change,*c1ccccc1,*c1ccccc1
2943,2944,dipole_change,*NC,*NC
3993,4101,dipole_change,*OC(=O)[C-](C)[NH+]=C,*C(=O)C(C#N)=[N+]([CH2-])C
3993,4102,dipole_change,*OC(=O)[C-](C)[NH+]=C,*C(=O)C(C#N)=[N+]([CH2-])C
4101,4102,dipole_change,*C(=O)C(C#N)=[N+]([CH2-])C,*C(=O)C(C#N)=[N+]([CH2-])C
4101,4399,dipole_change,*C(C#N)=[N+]([CH2-])C,*[C-](C(C)=O)[N+](=C)C
4102,4399,dipole_change,*C(C#N)=[N+]([CH2-])C,*[C-](C(C)=O)[N+](=C)C
3991,4100,dipole_change,*OC(=O)[C-](C)[NH+]=C,*C(=O)C(C#N)=[N+]([CH2-])C
4100,4401,dipole_change,*C(C#N)=[N+]([CH2-])C,*[C-](C(C)=O)[N+](=C)C
3992,4103,dipole_change,*OC(=O)[C-](C)[NH+]=C,*C(=O)C(C#N)=[N+]([CH2-])C
4103,4400,dipole_change,*C(C#N)=[N+]([CH2-])C,*[C-](C(C)=O)[N+](=C)C
4335,4336,dipole_change,*c1ccccc1,*c1ccccc1
4335,5195,dipole_change,*C#N,*c1ccccc1
4335,5196,dipole_change,*C#N,*c1ccccc1
4336,5195,dipole_change,*C#N,*c1ccccc1
4336,5196,dipole_change,*C#N,*c1ccccc1
5195,5196,dipole_change,*[N+]#C,*[N+]#C
4333,5194,dipole_change,*C#N,*c1ccccc1
4355,4404,dipole_change,*C#[N+][CH-]C(=O)NC,*C=[O+][CH-]C(=O)OC
4355,4405,dipole_change,*C#[N+][CH-]C(=O)NC,*C=[O+][CH-]C(=O)OC
4355,4653,dipole_change,*[N+]#CC(C)=O,*[NH+]=CC(=O)OC
4355,4654,dipole_change,*[N+]#CC(C)=O,*[NH+]=CC(=O)OC
4355,4952,dipole_change,*[N+]#CC(C)=O,*[O+]=Cc1ccccc1
4355,4953,dipole_change,*[N+]#CC(C)=O,*[O+]=Cc1ccccc1
4404,4405,dipole_change,*[CH-][O+]=CC(C)=O,*[CH-][O+]=CC(C)=O
4404,4653,dipole_change,*[CH-][O+]=CC(C)=O,*C=[NH+][CH-]C(=O)NC
4404,4654,dipole_change,*[CH-][O+]=CC(C)=O,*C=[NH+][CH-]C(=O)NC
4405,4653,dipole_change,*[CH-][O+]=CC(C)=O,*C=[NH+][CH-]C(=O)NC
4405,4654,dipole_change,*[CH-][O+]=CC(C)=O,*C=[NH+][CH-]C(=O)NC
4653,4654,dipole_change,*NC,*NC
4653,4952,dipole_change,*[NH+]=CC(=O)OC,*[O+]=Cc1ccccc1
4653,4953,dipole_change,*[NH+]=CC(=O)OC,*[O+]=Cc1ccccc1
4654,4952,dipole_change,*[NH+]=CC(=O)OC,*[O+]=Cc1ccccc1
4654,4953,dipole_change,*[NH+]=CC(=O)OC,*[O+]=Cc1ccccc1
4952,4953,dipole_change,*C=[O+][CH-]C(=O)NC,*C=[O+][CH-]C(=O)NC
5169,5171,dipole_change,*[CH-]c1ccccc1,*[CH-]c1ccccc1
4267,4269,dipole_change,*C#[N+][C-](C)C#N,*C#[N+][C-](C)C#N
4267,4307,dipole_change,*[C-](C)[N+]#CC(=O)OC,*C=[NH+][C-](C)C(=O)NC
4267,4308,dipole_change,*[C-](C)[N+]#CC(=O)OC,*C=[NH+][C-](C)C(=O)NC
4267,4321,dipole_change,*[C-](C)[N+]#CC(=O)OC,*[CH-][NH+]=C(C)C(=O)NC
4267,4721,dipole_change,*C#[N+][C-](C)C#N,*C(C#N)=[N+](C)[CH-]C#N
4267,4722,dipole_change,*C#[N+][C-](C)C#N,*C(C#N)=[N+](C)[CH-]C#N
4267,4930,dipole_change,*[C-](C)C#N,*[C-](C#N)C(=O)NC
4267,4931,dipole_change,*[C-](C)C#N,*[C-](C#N)C(=O)NC
4267,5049,dipole_change,*[C-](C)C#N,*[C-](C(C)=O)C(C)=O
4267,5050,dipole_change,*[C-](C)C#N,*[C-](C(C)=O)C(C)=O
4269,4307,dipole_change,*[C-](C)[N+]#CC(=O)OC,*C=[NH+][C-](C)C(=O)NC
4269,4308,dipole_change,*[C-](C)[N+]#CC(=O)OC,*C=[NH+][C-](C)C(=O)NC
4269,4321,dipole_change,*[C-](C)[N+]#CC(=O)OC,*[CH-][NH+]=C(C)C(=O)NC
4269,4721,dipole_change,*C#[N+][C-](C)C#N,*C(C#N)=[N+](C)[CH-]C#N
4269,4722,dipole_change,*C#[N+][C-](C)C#N,*C(C#N)=[N+](C)[CH-]C#N
4269,4930,dipole_change,*[C-](C)C#N,*[C-](C#N)C(=O)NC
4269,4931,dipole_change,*[C-](C)C#N,*[C-](C#N)C(=O)NC
4269,5049,dipole_change,*[C-](C)C#N,*[C-](C(C)=O)C(C)=O
4269,5050,dipole_change,*[C-](C)C#N,*[C-](C(C)=O)C(C)=O
4307,4308,dipole_change,*C=[NH+][C-](C)C(=O)NC,*C=[NH+][C-](C)C(=O)NC
4307,4321,dipole_change,*C=[NH+][C-](C)C(=O)NC,*[CH-][NH+]=C(C)C(=O)NC
4307,4684,dipole_change,*[C-](C)[NH+]=CC#N,*[CH-][N+](C)=C(C#N)C#N
4307,4685,dipole_change,*[C-](C)[NH+]=CC#N,*[CH-][N+](C)=C(C#N)C#N
4307,4707,dipole_change,*[C-](C)[NH+]=CC#N,*[C-]([N+]#CC#N)C(C)=O
4307,4799,dipole_change,*[C-](C)[NH+]=CC#N,*[C-]([O+]=CC#N)C(C)=O
4307,4800,dipole_change,*[C-](C)[NH+]=CC#N,*[C-]([O+]=CC#N)C(C)=O
4308,4321,dipole_change,*C=[NH+][C-](C)C(=O)NC,*[CH-][NH+]=C(C)C(=O)NC
4308,4684,dipole_change,*[C-](C)[NH+]=CC#N,*[CH-][N+](C)=C(C#N)C#N
4308,4685,dipole_change,*[C-](C)[NH+]=CC#N,*[CH-][N+](C)=C(C#N)C#N
4308,4707,dipole_change,*[C-](C)[NH+]=CC#N,*[C-]([N+]#CC#N)C(C)=O
4308,4799,dipole_change,*[C-](C)[NH+]=CC#N,*[C-]([O+]=CC#N)C(C)=O
4308,4800,dipole_change,*[C-](C)[NH+]=CC#N,*[C-]([O+]=CC#N)C(C)=O
4321,4684,dipole_change,*C(C)=[NH+][CH-]C#N,*[CH-][N+](C)=C(C#N)C#N
4321,4685,dipole_change,*C(C)=[NH+][CH-]C#N,*[CH-][N+](C)=C(C#N)C#N
4321,4707,dipole_change,*C(C)=[NH+][CH-]C#N,*[C-]([N+]#CC#N)C(C)=O
4321,4799,dipole_change,*C(C)=[NH+][CH-]C#N,*[C-]([O+]=CC#N)C(C)=O
4321,4800,dipole_change,*C(C)=[NH+][CH-]C#N,*[C-]([O+]=CC#N)C(C)=O
4684,4685,dipole_change,*C,*C
4684,4707,dipole_change,*[CH-][N+](C)=C(C#N)C#N,*[C-]([N+]#CC#N)C(C)=O
4684,4799,dipole_change,*[CH-][N+](C)=C(C#N)C#N,*[C-]([O+]=CC#N)C(C)=O
4684,4800,dipole_change,*[CH-][N+](C)=C(C#N)C#N,*[C-]([O+]=CC#N)C(C)=O
4685,4707,dipole_change,*[CH-][N+](C)=C(C#N)C#N,*[C-]([N+]#CC#N)C(C)=O
4685,4799,dipole_change,*[CH-][N+](C)=C(C#N)C#N,*[C-]([O+]=CC#N)C(C)=O
4685,4800,dipole_change,*[CH-][N+](C)=C(C#N)C#N,*[C-]([O+]=CC#N)C(C)=O
4707,4799,dipole_change,*[C-]([N+]#CC#N)C(C)=O,*[C-]([O+]=CC#N)C(C)=O
4707,4800,dipole_change,*[C-]([N+]#CC#N)C(C)=O,*[C-]([O+]=CC#N)C(C)=O
4707,4966,dipole_change,*C(C)=O,*C(=O)OC
4707,4967,dipole_change,*C(C)=O,*C(=O)OC
4721,4722,dipole_change,*C,*C
4770,4771,dipole_change,*C#N,*C#N
4770,4947,dipole_change,*[C-](C#N)[O+]=CC#N,*[CH-][O+]=C(C)C(C)=O
4770,4949,dipole_change,*[C-](C#N)[O+]=CC#N,*[CH-][O+]=C(C)C(C)=O
4770,5037,dipole_change,*[C-](C#N)[O+]=CC#N,*C=[N+](C)[C-](C#N)C#N
4770,5040,dipole_change,*[C-](C#N)[O+]=CC#N,*C=[N+](C)[C-](C#N)C#N
4770,5547,dipole_change,*[O+]=CC#N,*[O+]=Cc1ccccc1
4770,5549,dipole_change,*[O+]=CC#N,*[O+]=Cc1ccccc1
4771,4947,dipole_change,*[C-](C#N)[O+]=CC#N,*[CH-][O+]=C(C)C(C)=O
4771,4949,dipole_change,*[C-](C#N)[O+]=CC#N,*[CH-][O+]=C(C)C(C)=O
4771,5037,dipole_change,*[C-](C#N)[O+]=CC#N,*C=[N+](C)[C-](C#N)C#N
4771,5040,dipole_change,*[C-](C#N)[O+]=CC#N,*C=[N+](C)[C-](C#N)C#N
4771,5547,dipole_change,*[O+]=CC#N,*[O+]=Cc1ccccc1
4771,5549,dipole_change,*[O+]=CC#N,*[O+]=Cc1ccccc1
4799,4800,dipole_change,*[C-]([O+]=CC#N)C(C)=O,*[C-]([O+]=CC#N)C(C)=O
4930,4931,dipole_change,*[N+]#CC(=O)OC,*[N+]#CC(=O)OC
4930,5049,dipole_change,*[C-](C#N)C(=O)NC,*[C-](C(C)=O)C(C)=O
4930,5050,dipole_change,*[C-](C#N)C(=O)NC,*[C-](C(C)=O)C(C)=O
4931,5049,dipole_change,*[C-](C#N)C(=O)NC,*[C-](C(C)=O)C(C)=O
4931,5050,dipole_change,*[C-](C#N)C(=O)NC,*[C-](C(C)=O)C(C)=O
4947,4949,dipole_change,*C,*C
4947,5037,dipole_change,*[CH-][O+]=C(C)C(C)=O,*C=[N+](C)[C-](C#N)C#N
4947,5040,dipole_change,*[CH-][O+]=C(C)C(C)=O,*C=[N+](C)[C-](C#N)C#N
4947,5168,dipole_change,*[O+]=C(C)C(C)=O,*[N+]#Cc1ccccc1
4947,5170,dipole_change,*[O+]=C(C)C(C)=O,*[N+]#Cc1ccccc1
4949,5037,dipole_change,*[CH-][O+]=C(C)C(C)=O,*C=[N+](C)[C-](C#N)C#N
4949,5040,dipole_change,*[CH-][O+]=C(C)C(C)=O,*C=[N+](C)[C-](C#N)C#N
4949,5168,dipole_change,*[O+]=C(C)C(C)=O,*[N+]#Cc1ccccc1
4949,5170,dipole_change,*[O+]=C(C)C(C)=O,*[N+]#Cc1ccccc1
4966,4967,dipole_change,*C(=O)NC,*C(=O)NC
5037,5040,dipole_change,*C,*C
5037,5377,dipole_change,*[C-](C#N)C#N,*[C-](C)C(=O)NC
5037,5380,dipole_change,*[C-](C#N)C#N,*[C-](C)C(=O)NC
5040,5377,dipole_change,*[C-](C#N)C#N,*[C-](C)C(=O)NC
5040,5380,dipole_change,*[C-](C#N)C#N,*[C-](C)C(=O)NC
5049,5050,dipole_change,*C,*C
5049,5284,dipole_change,*[N+]#CC(=O)OC,*[N+]#Cc1ccccc1
5049,5285,dipole_change,*[N+]#CC(=O)OC,*[N+]#Cc1ccccc1
5050,5284,dipole_change,*[N+]#CC(=O)OC,*[N+]#Cc1ccccc1
5050,5285,dipole_change,*[N+]#CC(=O)OC,*[N+]#Cc1ccccc1
5168,5170,dipole_change,*[CH-]c1ccccc1,*[CH-]c1ccccc1
5168,5284,dipole_change,*[CH-]c1ccccc1,*[C-](C(C)=O)C(C)=O
5168,5285,dipole_change,*[CH-]c1ccccc1,*[C-](C(C)=O)C(C)=O
5168,5381,dipole_change,*[CH-]c1ccccc1,*[C-](C)c1ccccc1
5168,5384,dipole_change,*[CH-]c1ccccc1,*[C-](C)c1ccccc1
5170,5284,dipole_change,*[CH-]c1ccccc1,*[C-](C(C)=O)C(C)=O
5170,5285,dipole_change,*[CH-]c1ccccc1,*[C-](C(C)=O)C(C)=O
5170,5381,dipole_change,*[CH-]c1ccccc1,*[C-](C)c1ccccc1
5170,5384,dipole_change,*[CH-]c1ccccc1,*[C-](C)c1ccccc1
5284,5285,dipole_change,*c1ccccc1,*c1ccccc1
5284,5381,dipole_change,*[C-](C(C)=O)C(C)=O,*[C-](C)c1ccccc1
5284,5384,dipole_change,*[C-](C(C)=O)C(C)=O,*[C-](C)c1ccccc1
5285,5381,dipole_change,*[C-](C(C)=O)C(C)=O,*[C-](C)c1ccccc1
5285,5384,dipole_change,*[C-](C(C)=O)C(C)=O,*[C-](C)c1ccccc1
5351,5352,dipole_change,*c1ccccc1,*c1ccccc1
5351,5751,dipole_change,*C,*C(=O)OC
5351,5753,dipole_change,*C,*C(=O)OC
5352,5751,dipole_change,*C,*C(=O)OC
5352,5753,dipole_change,*C,*C(=O)OC
5377,5380,dipole_change,*c1ccccc1,*c1ccccc1
5381,5384,dipole_change,*[C-](C)c1ccccc1,*[C-](C)c1ccccc1
5402,5403,dipole_change,*C(=O)NC,*C(=O)NC
5402,5459,dipole_change,*[N+]#CC(=O)NC,*[NH+]=CC(=O)NC
5402,5460,dipole_change,*[N+]#CC(=O)NC,*[NH+]=CC(=O)NC
5403,5459,dipole_change,*[N+]#CC(=O)NC,*[NH+]=CC(=O)NC
5403,5460,dipole_change,*[N+]#CC(=O)NC,*[NH+]=CC(=O)NC
5411,5412,dipole_change,*C,*C
5411,5432,dipole_change,*C(=O)NC,*C(=O)OC
5411,5433,dipole_change,*C(=O)NC,*C(=O)OC
5412,5432,dipole_change,*C(=O)NC,*C(=O)OC
5412,5433,dipole_change,*C(=O)NC,*C(=O)OC
5432,5433,dipole_change,*C,*C
5459,5460,dipole_change,*C(=O)NC,*C(=O)NC
5478,5481,dipole_change,*[N+](C)=CC(=O)OC,*[N+](C)=CC(=O)OC
5478,5670,dipole_change,*C(=O)OC,*c1ccccc1
5478,5672,dipole_change,*C(=O)OC,*c1ccccc1
5481,5670,dipole_change,*C(=O)OC,*c1ccccc1
5481,5672,dipole_change,*C(=O)OC,*c1ccccc1
5547,5549,dipole_change,*[O+]=Cc1ccccc1,*[O+]=Cc1ccccc1
5662,5663,dipole_change,*c1ccccc1,*c1ccccc1
5670,5672,dipole_change,*C,*C
5751,5753,dipole_change,*C(=O)OC,*C(=O)OC
5771,5774,dipole_change,*[CH-]c1ccccc1,*[CH-]c1ccccc1
5831,5833,dipole_change,*c1ccccc1,*c1ccccc1
3782,3783,dipole_change,*C,*C
3673,3674,dipole_change,*[N-]C,*[N-]C
4344,4347,dipole_change,*C(C)=O,*C(C)=O
4344,4361,dipole_change,*C(=O)[N-][N+]#CC(C)=O,*C(=O)C#[N+][N-]C(C)=O
4344,4364,dipole_change,*C(=O)[N-][N+]#CC(C)=O,*C(=O)C#[N+][N-]C(C)=O
4344,4374,dipole_change,*C#[N+][N-]C(=O)NC,*C=[O+][N-]C(=O)OC
4344,4644,dipole_change,*[N-][N+]#CC(C)=O,*C=[O+][N-]C(=O)OC
4344,4934,dipole_change,*[N+]#CC(C)=O,*[O+]=Cc1ccccc1
4344,4935,dipole_change,*[N+]#CC(C)=O,*[O+]=Cc1ccccc1
4347,4361,dipole_change,*C(=O)[N-][N+]#CC(C)=O,*C(=O)C#[N+][N-]C(C)=O
4347,4364,dipole_change,*C(=O)[N-][N+]#CC(C)=O,*C(=O)C#[N+][N-]C(C)=O
4347,4374,dipole_change,*C#[N+][N-]C(=O)NC,*C=[O+][N-]C(=O)OC
4347,4644,dipole_change,*[N-][N+]#CC(C)=O,*C=[O+][N-]C(=O)OC
4347,4934,dipole_change,*[N+]#CC(C)=O,*[O+]=Cc1ccccc1
4347,4935,dipole_change,*[N+]#CC(C)=O,*[O+]=Cc1ccccc1
4361,4364,dipole_change,*C#[N+][N-]C(C)=O,*C#[N+][N-]C(C)=O
4361,4374,dipole_change,*[N-][N+]#CC(=O)NC,*C=[O+][N-]C(=O)OC
4361,4644,dipole_change,*C#[N+][N-]C(C)=O,*C=[O+][N-]C(=O)OC
4364,4374,dipole_change,*[N-][N+]#CC(=O)NC,*C=[O+][N-]C(=O)OC
4364,4644,dipole_change,*C#[N+][N-]C(C)=O,*C=[O+][N-]C(=O)OC
4374,4644,dipole_change,*[O+]=CC(C)=O,*[O+]=CC(=O)NC
4934,4935,dipole_change,*c1ccccc1,*c1ccccc1
4934,5234,dipole_change,*[N-]C(=O)NC,*[N-]c1ccccc1
4934,5236,dipole_change,*[N-]C(=O)NC,*[N-]c1ccccc1
4935,5234,dipole_change,*[N-]C(=O)NC,*[N-]c1ccccc1
4935,5236,dipole_change,*[N-]C(=O)NC,*[N-]c1ccccc1
5234,5236,dipole_change,*c1ccccc1,*c1ccccc1
4357,4402,dipole_change,*C#[N+][CH-]C(=O)NC,*C=[O+][CH-]C(=O)OC
4357,4403,dipole_change,*C#[N+][CH-]C(=O)NC,*C=[O+][CH-]C(=O)OC
4357,4652,dipole_change,*[N+]#CC(C)=O,*[NH+]=CC(=O)OC
4357,4655,dipole_change,*[N+]#CC(C)=O,*[NH+]=CC(=O)OC
4357,4954,dipole_change,*[N+]#CC(C)=O,*[O+]=Cc1ccccc1
4357,4955,dipole_change,*[N+]#CC(C)=O,*[O+]=Cc1ccccc1
4402,4403,dipole_change,*[CH-][O+]=CC(C)=O,*[CH-][O+]=CC(C)=O
4402,4652,dipole_change,*[CH-][O+]=CC(C)=O,*C=[NH+][CH-]C(=O)NC
4402,4655,dipole_change,*[CH-][O+]=CC(C)=O,*C=[NH+][CH-]C(=O)NC
4403,4652,dipole_change,*[CH-][O+]=CC(C)=O,*C=[NH+][CH-]C(=O)NC
4403,4655,dipole_change,*[CH-][O+]=CC(C)=O,*C=[NH+][CH-]C(=O)NC
4652,4655,dipole_change,*NC,*NC
4652,4954,dipole_change,*[NH+]=CC(=O)OC,*[O+]=Cc1ccccc1
4652,4955,dipole_change,*[NH+]=CC(=O)OC,*[O+]=Cc1ccccc1
4655,4954,dipole_change,*[NH+]=CC(=O)OC,*[O+]=Cc1ccccc1
4655,4955,dipole_change,*[NH+]=CC(=O)OC,*[O+]=Cc1ccccc1
4954,4955,dipole_change,*C=[O+][CH-]C(=O)NC,*C=[O+][CH-]C(=O)NC
4270,4306,dipole_change,*[C-](C)[N+]#CC(=O)OC,*C=[NH+][C-](C)C(=O)NC
4270,4319,dipole_change,*[C-](C)[N+]#CC(=O)OC,*[CH-][NH+]=C(C)C(=O)NC
4270,4723,dipole_change,*C#[N+][C-](C)C#N,*C(C#N)=[N+](C)[CH-]C#N
4270,4929,dipole_change,*[C-](C)C#N,*[C-](C#N)C(=O)NC
4270,5052,dipole_change,*[C-](C)C#N,*[C-](C(C)=O)C(C)=O
4306,4319,dipole_change,*C=[NH+][C-](C)C(=O)NC,*[CH-][NH+]=C(C)C(=O)NC
4306,4686,dipole_change,*[C-](C)[NH+]=CC#N,*[CH-][N+](C)=C(C#N)C#N
4306,4797,dipole_change,*[C-](C)[NH+]=CC#N,*[C-]([O+]=CC#N)C(C)=O
4319,4686,dipole_change,*C(C)=[NH+][CH-]C#N,*[CH-][N+](C)=C(C#N)C#N
4319,4797,dipole_change,*C(C)=[NH+][CH-]C#N,*[C-]([O+]=CC#N)C(C)=O
4686,4797,dipole_change,*[CH-][N+](C)=C(C#N)C#N,*[C-]([O+]=CC#N)C(C)=O
4769,4946,dipole_change,*[C-](C#N)[O+]=CC#N,*[CH-][O+]=C(C)C(C)=O
4769,5038,dipole_change,*[C-](C#N)[O+]=CC#N,*C=[N+](C)[C-](C#N)C#N
4769,5546,dipole_change,*[O+]=CC#N,*[O+]=Cc1ccccc1
4929,5052,dipole_change,*[C-](C#N)C(=O)NC,*[C-](C(C)=O)C(C)=O
4946,5038,dipole_change,*[CH-][O+]=C(C)C(C)=O,*C=[N+](C)[C-](C#N)C#N
5038,5379,dipole_change,*[C-](C#N)C#N,*[C-](C)C(=O)NC
5052,5286,dipole_change,*[N+]#CC(=O)OC,*[N+]#Cc1ccccc1
5286,5383,dipole_change,*[C-](C(C)=O)C(C)=O,*[C-](C)c1ccccc1
5353,5750,dipole_change,*C,*C(=O)OC
5401,5461,dipole_change,*[N+]#CC(=O)NC,*[NH+]=CC(=O)NC
5409,5431,dipole_change,*C(=O)NC,*C(=O)OC
5479,5673,dipole_change,*C(=O)OC,*c1ccccc1
4346,4363,dipole_change,*C(=O)[N-][N+]#CC(C)=O,*C(=O)C#[N+][N-]C(C)=O
4346,4375,dipole_change,*C#[N+][N-]C(=O)NC,*C=[O+][N-]C(=O)OC
4346,4418,dipole_change,*C#[N+][N-]C(=O)NC,*[N-][O+]=CC(=O)OC
4346,4645,dipole_change,*[N-][N+]#CC(C)=O,*C=[O+][N-]C(=O)OC
4346,4936,dipole_change,*[N+]#CC(C)=O,*[O+]=Cc1ccccc1
4363,4375,dipole_change,*[N-][N+]#CC(=O)NC,*C=[O+][N-]C(=O)OC
4363,4418,dipole_change,*[N-][N+]#CC(=O)NC,*[N-][O+]=CC(=O)OC
4363,4645,dipole_change,*C#[N+][N-]C(C)=O,*C=[O+][N-]C(=O)OC
4375,4418,dipole_change,*C(=O)[N-][O+]=CC(C)=O,*C(=O)C=[O+][N-]C(C)=O
4375,4645,dipole_change,*[O+]=CC(C)=O,*[O+]=CC(=O)NC
4418,4645,dipole_change,*C=[O+][N-]C(C)=O,*[N-][O+]=CC(=O)NC
4936,5233,dipole_change,*[N-]C(=O)NC,*[N-]c1ccccc1
3939,3942,dipole_change,*c1[nH+][c-](C)c(=O)o1,*c1[nH+][c-](C)c(=O)o1
3939,3966,dipole_change,*c1[nH+][c-](C)c(=O)o1,*C(C)=[O+][C-](C)C#N
3939,3968,dipole_change,*c1[nH+][c-](C)c(=O)o1,*C(C)=[O+][C-](C)C#N
3939,4047,dipole_change,*c1[nH+][c-](C)c(=O)o1,*[c-]1[o+]c(C#N)oc1=O
3939,4050,dipole_change,*c1[nH+][c-](C)c(=O)o1,*[c-]1[o+]c(C#N)oc1=O
3939,4052,dipole_change,*c1[nH+][c-](C)c(=O)o1,*c1[nH+][c-](C#N)c(=O)o1
3939,4054,dipole_change,*c1[nH+][c-](C)c(=O)o1,*c1[nH+][c-](C#N)c(=O)o1
3939,4251,dipole_change,*c1[nH+][c-](C)c(=O)o1,*C(=[NH+][C-](C)C)C(C)=O
3939,4620,dipole_change,*C,*C(=O)OC
3939,4621,dipole_change,*C,*C(=O)OC
3939,4872,dipole_change,*C,*c1ccccc1
3939,4873,dipole_change,*C,*c1ccccc1
3942,3966,dipole_change,*c1[nH+][c-](C)c(=O)o1,*C(C)=[O+][C-](C)C#N
3942,3968,dipole_change,*c1[nH+][c-](C)c(=O)o1,*C(C)=[O+][C-](C)C#N
3942,4047,dipole_change,*c1[nH+][c-](C)c(=O)o1,*[c-]1[o+]c(C#N)oc1=O
3942,4050,dipole_change,*c1[nH+][c-](C)c(=O)o1,*[c-]1[o+]c(C#N)oc1=O
3942,4052,dipole_change,*c1[nH+][c-](C)c(=O)o1,*c1[nH+][c-](C#N)c(=O)o1
3942,4054,dipole_change,*c1[nH+][c-](C)c(=O)o1,*c1[nH+][c-](C#N)c(=O)o1
3942,4251,dipole_change,*c1[nH+][c-](C)c(=O)o1,*C(=[NH+][C-](C)C)C(C)=O
3942,4620,dipole_change,*C,*C(=O)OC
3942,4621,dipole_change,*C,*C(=O)OC
3942,4872,dipole_change,*C,*c1ccccc1
3942,4873,dipole_change,*C,*c1ccccc1
3966,3968,dipole_change,*C(C)=[O+][C-](C)C#N,*C(C)=[O+][C-](C)C#N
3966,4047,dipole_change,*C(C)=[O+][C-](C)C#N,*[c-]1[o+]c(C#N)oc1=O
3966,4050,dipole_change,*C(C)=[O+][C-](C)C#N,*[c-]1[o+]c(C#N)oc1=O
3966,4052,dipole_change,*C(C)=[O+][C-](C)C#N,*c1[nH+][c-](C#N)c(=O)o1
3966,4054,dipole_change,*C(C)=[O+][C-](C)C#N,*c1[nH+][c-](C#N)c(=O)o1
3966,4155,dipole_change,*[C-](C)[O+]=C(C)C,*[C-](C)[NH+]=C(C#N)C#N
3966,4157,dipole_change,*[C-](C)[O+]=C(C)C,*[C-](C)[NH+]=C(C#N)C#N
3966,4251,dipole_change,*C(C)=[O+][C-](C)C#N,*C(=[NH+][C-](C)C)C(C)=O
3966,4327,dipole_change,*[C-](C)[O+]=C(C)C,*[C-]([NH+]=C(C)C)C(C)=O
3966,4328,dipole_change,*[C-](C)[O+]=C(C)C,*[C-]([NH+]=C(C)C)C(C)=O
3966,4788,dipole_change,*[O+]=C(C)C,*[O+]=C(C(C)=O)C(C)=O
3966,4790,dipole_change,*[O+]=C(C)C,*[O+]=C(C(C)=O)C(C)=O
3968,4047,dipole_change,*C(C)=[O+][C-](C)C#N,*[c-]1[o+]c(C#N)oc1=O
3968,4050,dipole_change,*C(C)=[O+][C-](C)C#N,*[c-]1[o+]c(C#N)oc1=O
3968,4052,dipole_change,*C(C)=[O+][C-](C)C#N,*c1[nH+][c-](C#N)c(=O)o1
3968,4054,dipole_change,*C(C)=[O+][C-](C)C#N,*c1[nH+][c-](C#N)c(=O)o1
3968,4155,dipole_change,*[C-](C)[O+]=C(C)C,*[C-](C)[NH+]=C(C#N)C#N
3968,4157,dipole_change,*[C-](C)[O+]=C(C)C,*[C-](C)[NH+]=C(C#N)C#N
3968,4251,dipole_change,*C(C)=[O+][C-](C)C#N,*C(=[NH+][C-](C)C)C(C)=O
3968,4327,dipole_change,*[C-](C)[O+]=C(C)C,*[C-]([NH+]=C(C)C)C(C)=O
3968,4328,dipole_change,*[C-](C)[O+]=C(C)C,*[C-]([NH+]=C(C)C)C(C)=O
3968,4788,dipole_change,*[O+]=C(C)C,*[O+]=C(C(C)=O)C(C)=O
3968,4790,dipole_change,*[O+]=C(C)C,*[O+]=C(C(C)=O)C(C)=O
4047,4050,dipole_change,*[c-]1[o+]c(C#N)oc1=O,*[c-]1[o+]c(C#N)oc1=O
4047,4052,dipole_change,*[c-]1[o+]c(C#N)oc1=O,*c1[nH+][c-](C#N)c(=O)o1
4047,4054,dipole_change,*[c-]1[o+]c(C#N)oc1=O,*c1[nH+][c-](C#N)c(=O)o1
4047,4155,dipole_change,*c1oc(=O)[c-](C)[o+]1,*[C-](C)[NH+]=C(C#N)C#N
4047,4157,dipole_change,*c1oc(=O)[c-](C)[o+]1,*[C-](C)[NH+]=C(C#N)C#N
4047,4251,dipole_change,*[c-]1[o+]c(C#N)oc1=O,*C(=[NH+][C-](C)C)C(C)=O
4047,4327,dipole_change,*c1oc(=O)[c-](C)[o+]1,*[C-]([NH+]=C(C)C)C(C)=O
4047,4328,dipole_change,*c1oc(=O)[c-](C)[o+]1,*[C-]([NH+]=C(C)C)C(C)=O
4047,4717,dipole_change,*C,*C(=O)NC
4047,4720,dipole_change,*C,*C(=O)NC
4050,4052,dipole_change,*[c-]1[o+]c(C#N)oc1=O,*c1[nH+][c-](C#N)c(=O)o1
4050,4054,dipole_change,*[c-]1[o+]c(C#N)oc1=O,*c1[nH+][c-](C#N)c(=O)o1
4050,4155,dipole_change,*c1oc(=O)[c-](C)[o+]1,*[C-](C)[NH+]=C(C#N)C#N
4050,4157,dipole_change,*c1oc(=O)[c-](C)[o+]1,*[C-](C)[NH+]=C(C#N)C#N
4050,4251,dipole_change,*[c-]1[o+]c(C#N)oc1=O,*C(=[NH+][C-](C)C)C(C)=O
4050,4327,dipole_change,*c1oc(=O)[c-](C)[o+]1,*[C-]([NH+]=C(C)C)C(C)=O
4050,4328,dipole_change,*c1oc(=O)[c-](C)[o+]1,*[C-]([NH+]=C(C)C)C(C)=O
4050,4717,dipole_change,*C,*C(=O)NC
4050,4720,dipole_change,*C,*C(=O)NC
4052,4054,dipole_change,*C,*C
4052,4155,dipole_change,*[c-]1[nH+]c(C)oc1=O,*[C-](C)[NH+]=C(C#N)C#N
4052,4157,dipole_change,*[c-]1[nH+]c(C)oc1=O,*[C-](C)[NH+]=C(C#N)C#N
4052,4251,dipole_change,*c1[nH+][c-](C#N)c(=O)o1,*C(=[NH+][C-](C)C)C(C)=O
4052,4327,dipole_change,*[c-]1[nH+]c(C)oc1=O,*[C-]([NH+]=C(C)C)C(C)=O
4052,4328,dipole_change,*[c-]1[nH+]c(C)oc1=O,*[C-]([NH+]=C(C)C)C(C)=O
4052,4872,dipole_change,*C#N,*c1ccccc1
4052,4873,dipole_change,*C#N,*c1ccccc1
4054,4155,dipole_change,*[c-]1[nH+]c(C)oc1=O,*[C-](C)[NH+]=C(C#N)C#N
4054,4157,dipole_change,*[c-]1[nH+]c(C)oc1=O,*[C-](C)[NH+]=C(C#N)C#N
4054,4251,dipole_change,*c1[nH+][c-](C#N)c(=O)o1,*C(=[NH+][C-](C)C)C(C)=O
4054,4327,dipole_change,*[c-]1[nH+]c(C)oc1=O,*[C-]([NH+]=C(C)C)C(C)=O
4054,4328,dipole_change,*[c-]1[nH+]c(C)oc1=O,*[C-]([NH+]=C(C)C)C(C)=O
4054,4872,dipole_change,*C#N,*c1ccccc1
4054,4873,dipole_change,*C#N,*c1ccccc1
4155,4157,dipole_change,*[NH+]=C(C#N)C#N,*[NH+]=C(C#N)C#N
4155,4327,dipole_change,*[C-](C)[NH+]=C(C#N)C#N,*[C-]([NH+]=C(C)C)C(C)=O
4155,4328,dipole_change,*[C-](C)[NH+]=C(C#N)C#N,*[C-]([NH+]=C(C)C)C(C)=O
4155,4788,dipole_change,*[NH+]=C(C#N)C#N,*[O+]=C(C(C)=O)C(C)=O
4155,4790,dipole_change,*[NH+]=C(C#N)C#N,*[O+]=C(C(C)=O)C(C)=O
4155,5141,dipole_change,*[C-](C)C#N,*[C-](C(C)=O)C(=O)OC
4155,5142,dipole_change,*[C-](C)C#N,*[C-](C(C)=O)C(=O)OC
4157,4327,dipole_change,*[C-](C)[NH+]=C(C#N)C#N,*[C-]([NH+]=C(C)C)C(C)=O
4157,4328,dipole_change,*[C-](C)[NH+]=C(C#N)C#N,*[C-]([NH+]=C(C)C)C(C)=O
4157,4788,dipole_change,*[NH+]=C(C#N)C#N,*[O+]=C(C(C)=O)C(C)=O
4157,4790,dipole_change,*[NH+]=C(C#N)C#N,*[O+]=C(C(C)=O)C(C)=O
4157,5141,dipole_change,*[C-](C)C#N,*[C-](C(C)=O)C(=O)OC
4157,5142,dipole_change,*[C-](C)C#N,*[C-](C(C)=O)C(=O)OC
4251,4327,dipole_change,*C(C)=[NH+][C-](C)C,*[C-](C#N)[NH+]=C(C)C
4251,4328,dipole_change,*C(C)=[NH+][C-](C)C,*[C-](C#N)[NH+]=C(C)C
4251,4607,dipole_change,*C(C)=[NH+][C-](C)C,*c1oc(=O)[c-](C)[n+]1C
4251,4609,dipole_change,*C(C)=[NH+][C-](C)C,*c1oc(=O)[c-](C)[n+]1C
4327,4328,dipole_change,*[C-](C#N)[NH+]=C(C)C,*[C-](C#N)[NH+]=C(C)C
4327,4607,dipole_change,*[C-](C#N)[NH+]=C(C)C,*c1oc(=O)[c-](C)[n+]1C
4327,4609,dipole_change,*[C-](C#N)[NH+]=C(C)C,*c1oc(=O)[c-](C)[n+]1C
4327,4876,dipole_change,*C(C)=O,*c1ccccc1
4327,4877,dipole_change,*C(C)=O,*c1ccccc1
4327,5216,dipole_change,*[NH+]=C(C)C,*[N+](C)=C(C)C(=O)NC
4327,5217,dipole_change,*[NH+]=C(C)C,*[N+](C)=C(C)C(=O)NC
4328,4607,dipole_change,*[C-](C#N)[NH+]=C(C)C,*c1oc(=O)[c-](C)[n+]1C
4328,4609,dipole_change,*[C-](C#N)[NH+]=C(C)C,*c1oc(=O)[c-](C)[n+]1C
4328,4876,dipole_change,*C(C)=O,*c1ccccc1
4328,4877,dipole_change,*C(C)=O,*c1ccccc1
4328,5216,dipole_change,*[NH+]=C(C)C,*[N+](C)=C(C)C(=O)NC
4328,5217,dipole_change,*[NH+]=C(C)C,*[N+](C)=C(C)C(=O)NC
4607,4609,dipole_change,*C(C)=O,*C(C)=O
4607,5212,dipole_change,*C,*C(=O)OC
4607,5213,dipole_change,*C,*C(=O)OC
4607,5228,dipole_change,*C,*C(=O)NC
4607,5229,dipole_change,*C,*C(=O)NC
4609,5212,dipole_change,*C,*C(=O)OC
4609,5213,dipole_change,*C,*C(=O)OC
4609,5228,dipole_change,*C,*C(=O)NC
4609,5229,dipole_change,*C,*C(=O)NC
4620,4621,dipole_change,*OC,*OC
4620,4824,dipole_change,*c1[nH+][c-](C)c(=O)o1,*[c-]1c(=O)oc(C)[n+]1C
4620,4826,dipole_change,*c1[nH+][c-](C)c(=O)o1,*[c-]1c(=O)oc(C)[n+]1C
4620,4847,dipole_change,*c1[nH+][c-](C)c(=O)o1,*C(C#N)=[N+](C)[C-](C)C
4620,4849,dipole_change,*c1[nH+][c-](C)c(=O)o1,*C(C#N)=[N+](C)[C-](C)C
4621,4824,dipole_change,*c1[nH+][c-](C)c(=O)o1,*[c-]1c(=O)oc(C)[n+]1C
4621,4826,dipole_change,*c1[nH+][c-](C)c(=O)o1,*[c-]1c(=O)oc(C)[n+]1C
4621,4847,dipole_change,*c1[nH+][c-](C)c(=O)o1,*C(C#N)=[N+](C)[C-](C)C
4621,4849,dipole_change,*c1[nH+][c-](C)c(=O)o1,*C(C#N)=[N+](C)[C-](C)C
4717,4720,dipole_change,*NC,*NC
4717,4988,dipole_change,*C#N,*C(C)=O
4717,4989,dipole_change,*C#N,*C(C)=O
4720,4988,dipole_change,*C#N,*C(C)=O
4720,4989,dipole_change,*C#N,*C(C)=O
4788,4790,dipole_change,*C,*C
4824,4826,dipole_change,*C,*C
4824,4847,dipole_change,*[c-]1c(=O)oc(C)[n+]1C,*C(C#N)=[N+](C)[C-](C)C
4824,4849,dipole_change,*[c-]1c(=O)oc(C)[n+]1C,*C(C#N)=[N+](C)[C-](C)C
4824,4916,dipole_change,*C,*C#N
4824,4917,dipole_change,*C,*C#N
4824,5212,dipole_change,*C,*C(C)=O
4824,5213,dipole_change,*C,*C(C)=O
4824,5406,dipole_change,*C,*C(=O)NC
4824,5407,dipole_change,*C,*C(=O)NC
4826,4847,dipole_change,*[c-]1c(=O)oc(C)[n+]1C,*C(C#N)=[N+](C)[C-](C)C
4826,4849,dipole_change,*[c-]1c(=O)oc(C)[n+]1C,*C(C#N)=[N+](C)[C-](C)C
4826,4916,dipole_change,*C,*C#N
4826,4917,dipole_change,*C,*C#N
4826,5212,dipole_change,*C,*C(C)=O
4826,5213,dipole_change,*C,*C(C)=O
4826,5406,dipole_change,*C,*C(=O)NC
4826,5407,dipole_change,*C,*C(=O)NC
4847,4849,dipole_change,*C#N,*C#N
4872,4873,dipole_change,*c1ccccc1,*c1ccccc1
4872,4876,dipole_change,*[c-]1[nH+]c(C)oc1=O,*[C-](C#N)[NH+]=C(C)C
4872,4877,dipole_change,*[c-]1[nH+]c(C)oc1=O,*[C-](C#N)[NH+]=C(C)C
4872,5136,dipole_change,*[c-]1[nH+]c(C)oc1=O,*[C-](C)[N+](C)=C(C)C#N
4872,5138,dipole_change,*[c-]1[nH+]c(C)oc1=O,*[C-](C)[N+](C)=C(C)C#N
4872,5293,dipole_change,*C,*C(C)=O
4872,5295,dipole_change,*C,*C(C)=O
4873,4876,dipole_change,*[c-]1[nH+]c(C)oc1=O,*[C-](C#N)[NH+]=C(C)C
4873,4877,dipole_change,*[c-]1[nH+]c(C)oc1=O,*[C-](C#N)[NH+]=C(C)C
4873,5136,dipole_change,*[c-]1[nH+]c(C)oc1=O,*[C-](C)[N+](C)=C(C)C#N
4873,5138,dipole_change,*[c-]1[nH+]c(C)oc1=O,*[C-](C)[N+](C)=C(C)C#N
4873,5293,dipole_change,*C,*C(C)=O
4873,5295,dipole_change,*C,*C(C)=O
4876,4877,dipole_change,*[NH+]=C(C)C,*[NH+]=C(C)C
4876,5136,dipole_change,*[C-](C#N)[NH+]=C(C)C,*[C-](C)[N+](C)=C(C)C#N
4876,5138,dipole_change,*[C-](C#N)[NH+]=C(C)C,*[C-](C)[N+](C)=C(C)C#N
4876,5386,dipole_change,*C#N,*C(=O)NC
4876,5387,dipole_change,*C#N,*C(=O)NC
4876,5483,dipole_change,*[NH+]=C(C)C,*[NH+]=C(C)C(=O)NC
4876,5486,dipole_change,*[NH+]=C(C)C,*[NH+]=C(C)C(=O)NC
4877,5136,dipole_change,*[C-](C#N)[NH+]=C(C)C,*[C-](C)[N+](C)=C(C)C#N
4877,5138,dipole_change,*[C-](C#N)[NH+]=C(C)C,*[C-](C)[N+](C)=C(C)C#N
4877,5386,dipole_change,*C#N,*C(=O)NC
4877,5387,dipole_change,*C#N,*C(=O)NC
4877,5483,dipole_change,*[NH+]=C(C)C,*[NH+]=C(C)C(=O)NC
4877,5486,dipole_change,*[NH+]=C(C)C,*[NH+]=C(C)C(=O)NC
4911,4914,dipole_change,*C,*C
4916,4917,dipole_change,*C,*C
4916,5212,dipole_change,*C#N,*C(C)=O
4916,5213,dipole_change,*C#N,*C(C)=O
4916,5253,dipole_change,*C(=O)OC,*c1ccccc1
4916,5256,dipole_change,*C(=O)OC,*c1ccccc1
4916,5406,dipole_change,*C#N,*C(=O)NC
4916,5407,dipole_change,*C#N,*C(=O)NC
4917,5212,dipole_change,*C#N,*C(C)=O
4917,5213,dipole_change,*C#N,*C(C)=O
4917,5253,dipole_change,*C(=O)OC,*c1ccccc1
4917,5256,dipole_change,*C(=O)OC,*c1ccccc1
4917,5406,dipole_change,*C#N,*C(=O)NC
4917,5407,dipole_change,*C#N,*C(=O)NC
4988,4989,dipole_change,*NC,*NC
5004,5007,dipole_change,*C,*C
5004,5456,dipole_change,*C(C)=O,*c1ccccc1
5004,5457,dipole_change,*C(C)=O,*c1ccccc1
5007,5456,dipole_change,*C(C)=O,*c1ccccc1
5007,5457,dipole_change,*C(C)=O,*c1ccccc1
5115,5116,dipole_change,*NC,*NC
5136,5138,dipole_change,*[C-](C)[N+](C)=C(C)C#N,*[C-](C)[N+](C)=C(C)C#N
5141,5142,dipole_change,*C(C)=O,*C(C)=O
5212,5213,dipole_change,*C(=O)OC,*C(=O)OC
5212,5228,dipole_change,*C(=O)OC,*C(=O)NC
5212,5229,dipole_change,*C(=O)OC,*C(=O)NC
5212,5406,dipole_change,*C(C)=O,*C(=O)NC
5212,5407,dipole_change,*C(C)=O,*C(=O)NC
5213,5228,dipole_change,*C(=O)OC,*C(=O)NC
5213,5229,dipole_change,*C(=O)OC,*C(=O)NC
5213,5406,dipole_change,*C(C)=O,*C(=O)NC
5213,5407,dipole_change,*C(C)=O,*C(=O)NC
5216,5217,dipole_change,*C,*C
5228,5229,dipole_change,*C,*C
5244,5571,dipole_change,*[NH+]=C(C)C#N,*[O+]=C(C#N)C(C)=O
5244,5573,dipole_change,*[NH+]=C(C)C#N,*[O+]=C(C#N)C(C)=O
5244,5616,dipole_change,*[NH+]=C(C)C#N,*[NH+]=C(C)C(=O)OC
5244,5617,dipole_change,*[NH+]=C(C)C#N,*[NH+]=C(C)C(=O)OC
5253,5256,dipole_change,*c1ccccc1,*c1ccccc1
5253,5734,dipole_change,*C#N,*c1ccccc1
5253,5736,dipole_change,*C#N,*c1ccccc1
5256,5734,dipole_change,*C#N,*c1ccccc1
5256,5736,dipole_change,*C#N,*c1ccccc1
5258,5259,dipole_change,*C,*C
5293,5295,dipole_change,*C(C)=O,*C(C)=O
5338,5340,dipole_change,*C#N,*C#N
5338,5796,dipole_change,*C#N,*c1ccccc1
5338,5798,dipole_change,*C#N,*c1ccccc1
5340,5796,dipole_change,*C#N,*c1ccccc1
5340,5798,dipole_change,*C#N,*c1ccccc1
5386,5387,dipole_change,*NC,*NC
5386,5805,dipole_change,*[NH+]=C(C)C,*[O+]=C(C(C)=O)C(C)=O
5386,5827,dipole_change,*[NH+]=C(C)C,*[N+](C)=C(C)C(=O)NC
5386,5829,dipole_change,*[NH+]=C(C)C,*[N+](C)=C(C)C(=O)NC
5387,5805,dipole_change,*[NH+]=C(C)C,*[O+]=C(C(C)=O)C(C)=O
5387,5827,dipole_change,*[NH+]=C(C)C,*[N+](C)=C(C)C(=O)NC
5387,5829,dipole_change,*[NH+]=C(C)C,*[N+](C)=C(C)C(=O)NC
5406,5407,dipole_change,*C,*C
5447,5448,dipole_change,*OC,*OC
5447,5794,dipole_change,*C,*C(=O)OC
5448,5794,dipole_change,*C,*C(=O)OC
5452,5454,dipole_change,*c1ccccc1,*c1ccccc1
5452,5456,dipole_change,*NC,*OC
5452,5457,dipole_change,*NC,*OC
5452,5646,dipole_change,*C(=O)NC,*c1ccccc1
5452,5649,dipole_change,*C(=O)NC,*c1ccccc1
5454,5456,dipole_change,*NC,*OC
5454,5457,dipole_change,*NC,*OC
5454,5646,dipole_change,*C(=O)NC,*c1ccccc1
5454,5649,dipole_change,*C(=O)NC,*c1ccccc1
5456,5457,dipole_change,*C,*C
5456,5646,dipole_change,*C(=O)OC,*c1ccccc1
5456,5649,dipole_change,*C(=O)OC,*c1ccccc1
5457,5646,dipole_change,*C(=O)OC,*c1ccccc1
5457,5649,dipole_change,*C(=O)OC,*c1ccccc1
5472,5474,dipole_change,*C,*C
5483,5486,dipole_change,*C,*C
5493,5495,dipole_change,*[C-](C)C(C)=O,*[C-](C)C(C)=O
5493,5629,dipole_change,*C,*OC
5493,5631,dipole_change,*C,*OC
5495,5629,dipole_change,*C,*OC
5495,5631,dipole_change,*C,*OC
5571,5573,dipole_change,*NC,*NC
5571,5616,dipole_change,*[O+]=C(C#N)C(C)=O,*[NH+]=C(C)C(=O)OC
5571,5617,dipole_change,*[O+]=C(C#N)C(C)=O,*[NH+]=C(C)C(=O)OC
5573,5616,dipole_change,*[O+]=C(C#N)C(C)=O,*[NH+]=C(C)C(=O)OC
5573,5617,dipole_change,*[O+]=C(C#N)C(C)=O,*[NH+]=C(C)C(=O)OC
5574,5576,dipole_change,*C,*C
5574,5794,dipole_change,*[C-](C#N)C#N,*[C-](C#N)C(=O)OC
5576,5794,dipole_change,*[C-](C#N)C#N,*[C-](C#N)C(=O)OC
5616,5617,dipole_change,*[NH+]=C(C)C(=O)OC,*[NH+]=C(C)C(=O)OC
5629,5631,dipole_change,*C,*C
5646,5649,dipole_change,*c1ccccc1,*c1ccccc1
5734,5736,dipole_change,*c1ccccc1,*c1ccccc1
5738,5741,dipole_change,*c1ccccc1,*c1ccccc1
5746,5747,dipole_change,*C(C)=O,*C(C)=O
5767,5769,dipole_change,*C(C)=O,*C(C)=O
5796,5798,dipole_change,*[C-](C#N)C#N,*[C-](C#N)C#N
5805,5827,dipole_change,*[O+]=C(C(C)=O)C(C)=O,*[N+](C)=C(C)C(=O)NC
5805,5829,dipole_change,*[O+]=C(C(C)=O)C(C)=O,*[N+](C)=C(C)C(=O)NC
5810,5813,dipole_change,*C(C)=O,*C(C)=O
5827,5829,dipole_change,*C,*C
5857,5858,dipole_change,*C#N,*C#N
5864,5867,dipole_change,*C,*C
5894,5895,dipole_change,*C(=O)OC,*C(=O)OC
5956,5957,dipole_change,*OC,*OC
4564,4565,dipole_change,*C,*C
4564,5182,dipole_change,*C,*C(=O)OC
4564,5184,dipole_change,*C,*C(=O)OC
4565,5182,dipole_change,*C,*C(=O)OC
4565,5184,dipole_change,*C,*C(=O)OC
5177,5180,dipole_change,*c1ccccc1,*c1ccccc1
5182,5184,dipole_change,*C,*C
3697,3698,dipole_change,*[NH+]=C(C)C,*[NH+]=C(C)C
4870,4871,dipole_change,*C(=O)NC,*C(=O)NC
4870,4906,dipole_change,*C(=[NH+][N-]C)C(=O)NC,*C(=[O+][N-]C)C(=O)OC
4870,4907,dipole_change,*C(=[NH+][N-]C)C(=O)NC,*C(=[O+][N-]C)C(=O)OC
4871,4906,dipole_change,*C(=[NH+][N-]C)C(=O)NC,*C(=[O+][N-]C)C(=O)OC
4871,4907,dipole_change,*C(=[NH+][N-]C)C(=O)NC,*C(=[O+][N-]C)C(=O)OC
4906,4907,dipole_change,*C(=O)OC,*C(=O)OC
4906,5488,dipole_change,*C,*C(=O)OC
4907,5488,dipole_change,*C,*C(=O)OC
5666,5667,dipole_change,*OC,*OC
4006,4007,dipole_change,*[O-],*[O-]
4334,5193,dipole_change,*C#N,*c1ccccc1
4305,4318,dipole_change,*C=[NH+][C-](C)C(=O)NC,*[CH-][NH+]=C(C)C(=O)NC
4305,4683,dipole_change,*[C-](C)[NH+]=CC#N,*[CH-][N+](C)=C(C#N)C#N
4305,4705,dipole_change,*[C-](C)[NH+]=CC#N,*[C-]([N+]#CC#N)C(C)=O
4305,4798,dipole_change,*[C-](C)[NH+]=CC#N,*[C-]([O+]=CC#N)C(C)=O
4318,4683,dipole_change,*C(C)=[NH+][CH-]C#N,*[CH-][N+](C)=C(C#N)C#N
4318,4705,dipole_change,*C(C)=[NH+][CH-]C#N,*[C-]([N+]#CC#N)C(C)=O
4318,4798,dipole_change,*C(C)=[NH+][CH-]C#N,*[C-]([O+]=CC#N)C(C)=O
4683,4705,dipole_change,*[CH-][N+](C)=C(C#N)C#N,*[C-]([N+]#CC#N)C(C)=O
4683,4798,dipole_change,*[CH-][N+](C)=C(C#N)C#N,*[C-]([O+]=CC#N)C(C)=O
4705,4798,dipole_change,*[C-]([N+]#CC#N)C(C)=O,*[C-]([O+]=CC#N)C(C)=O
4705,4968,dipole_change,*C(C)=O,*C(=O)OC
4772,4948,dipole_change,*[C-](C#N)[O+]=CC#N,*[CH-][O+]=C(C)C(C)=O
4772,5039,dipole_change,*[C-](C#N)[O+]=CC#N,*C=[N+](C)[C-](C#N)C#N
4772,5548,dipole_change,*[O+]=CC#N,*[O+]=Cc1ccccc1
4948,5039,dipole_change,*[CH-][O+]=C(C)C(C)=O,*C=[N+](C)[C-](C#N)C#N
5039,5378,dipole_change,*[C-](C#N)C#N,*[C-](C)C(=O)NC
5051,5283,dipole_change,*[N+]#CC(=O)OC,*[N+]#Cc1ccccc1
5283,5382,dipole_change,*[C-](C(C)=O)C(C)=O,*[C-](C)c1ccccc1
5354,5752,dipole_change,*C,*C(=O)OC
5410,5434,dipole_change,*C(=O)NC,*C(=O)OC
5480,5671,dipole_change,*C(=O)OC,*c1ccccc1
3940,3941,dipole_change,*c1[nH+][c-](C)c(=O)o1,*c1[nH+][c-](C)c(=O)o1
3940,3965,dipole_change,*c1[nH+][c-](C)c(=O)o1,*C(C)=[O+][C-](C)C#N
3940,3967,dipole_change,*c1[nH+][c-](C)c(=O)o1,*C(C)=[O+][C-](C)C#N
3940,4048,dipole_change,*c1[nH+][c-](C)c(=O)o1,*[c-]1[o+]c(C#N)oc1=O
3940,4049,dipole_change,*c1[nH+][c-](C)c(=O)o1,*[c-]1[o+]c(C#N)oc1=O
3940,4051,dipole_change,*c1[nH+][c-](C)c(=O)o1,*c1[nH+][c-](C#N)c(=O)o1
3940,4053,dipole_change,*c1[nH+][c-](C)c(=O)o1,*c1[nH+][c-](C#N)c(=O)o1
3940,4250,dipole_change,*c1[nH+][c-](C)c(=O)o1,*C(=[NH+][C-](C)C)C(C)=O
3940,4253,dipole_change,*c1[nH+][c-](C)c(=O)o1,*C(=[NH+][C-](C)C)C(C)=O
3940,4618,dipole_change,*C,*C(=O)OC
3940,4619,dipole_change,*C,*C(=O)OC
3940,4874,dipole_change,*C,*c1ccccc1
3940,4875,dipole_change,*C,*c1ccccc1
3941,3965,dipole_change,*c1[nH+][c-](C)c(=O)o1,*C(C)=[O+][C-](C)C#N
3941,3967,dipole_change,*c1[nH+][c-](C)c(=O)o1,*C(C)=[O+][C-](C)C#N
3941,4048,dipole_change,*c1[nH+][c-](C)c(=O)o1,*[c-]1[o+]c(C#N)oc1=O
3941,4049,dipole_change,*c1[nH+][c-](C)c(=O)o1,*[c-]1[o+]c(C#N)oc1=O
3941,4051,dipole_change,*c1[nH+][c-](C)c(=O)o1,*c1[nH+][c-](C#N)c(=O)o1
3941,4053,dipole_change,*c1[nH+][c-](C)c(=O)o1,*c1[nH+][c-](C#N)c(=O)o1
3941,4250,dipole_change,*c1[nH+][c-](C)c(=O)o1,*C(=[NH+][C-](C)C)C(C)=O
3941,4253,dipole_change,*c1[nH+][c-](C)c(=O)o1,*C(=[NH+][C-](C)C)C(C)=O
3941,4618,dipole_change,*C,*C(=O)OC
3941,4619,dipole_change,*C,*C(=O)OC
3941,4874,dipole_change,*C,*c1ccccc1
3941,4875,dipole_change,*C,*c1ccccc1
3965,3967,dipole_change,*C(C)=[O+][C-](C)C#N,*C(C)=[O+][C-](C)C#N
3965,4048,dipole_change,*C(C)=[O+][C-](C)C#N,*[c-]1[o+]c(C#N)oc1=O
3965,4049,dipole_change,*C(C)=[O+][C-](C)C#N,*[c-]1[o+]c(C#N)oc1=O
3965,4051,dipole_change,*C(C)=[O+][C-](C)C#N,*c1[nH+][c-](C#N)c(=O)o1
3965,4053,dipole_change,*C(C)=[O+][C-](C)C#N,*c1[nH+][c-](C#N)c(=O)o1
3965,4156,dipole_change,*[C-](C)[O+]=C(C)C,*[C-](C)[NH+]=C(C#N)C#N
3965,4158,dipole_change,*[C-](C)[O+]=C(C)C,*[C-](C)[NH+]=C(C#N)C#N
3965,4250,dipole_change,*C(C)=[O+][C-](C)C#N,*C(=[NH+][C-](C)C)C(C)=O
3965,4253,dipole_change,*C(C)=[O+][C-](C)C#N,*C(=[NH+][C-](C)C)C(C)=O
3965,4329,dipole_change,*[C-](C)[O+]=C(C)C,*[C-]([NH+]=C(C)C)C(C)=O
3965,4330,dipole_change,*[C-](C)[O+]=C(C)C,*[C-]([NH+]=C(C)C)C(C)=O
3965,4787,dipole_change,*[O+]=C(C)C,*[O+]=C(C(C)=O)C(C)=O
3965,4789,dipole_change,*[O+]=C(C)C,*[O+]=C(C(C)=O)C(C)=O
3967,4048,dipole_change,*C(C)=[O+][C-](C)C#N,*[c-]1[o+]c(C#N)oc1=O
3967,4049,dipole_change,*C(C)=[O+][C-](C)C#N,*[c-]1[o+]c(C#N)oc1=O
3967,4051,dipole_change,*C(C)=[O+][C-](C)C#N,*c1[nH+][c-](C#N)c(=O)o1
3967,4053,dipole_change,*C(C)=[O+][C-](C)C#N,*c1[nH+][c-](C#N)c(=O)o1
3967,4156,dipole_change,*[C-](C)[O+]=C(C)C,*[C-](C)[NH+]=C(C#N)C#N
3967,4158,dipole_change,*[C-](C)[O+]=C(C)C,*[C-](C)[NH+]=C(C#N)C#N
3967,4250,dipole_change,*C(C)=[O+][C-](C)C#N,*C(=[NH+][C-](C)C)C(C)=O
3967,4253,dipole_change,*C(C)=[O+][C-](C)C#N,*C(=[NH+][C-](C)C)C(C)=O
3967,4329,dipole_change,*[C-](C)[O+]=C(C)C,*[C-]([NH+]=C(C)C)C(C)=O
3967,4330,dipole_change,*[C-](C)[O+]=C(C)C,*[C-]([NH+]=C(C)C)C(C)=O
3967,4787,dipole_change,*[O+]=C(C)C,*[O+]=C(C(C)=O)C(C)=O
3967,4789,dipole_change,*[O+]=C(C)C,*[O+]=C(C(C)=O)C(C)=O
4048,4049,dipole_change,*[c-]1[o+]c(C#N)oc1=O,*[c-]1[o+]c(C#N)oc1=O
4048,4051,dipole_change,*[c-]1[o+]c(C#N)oc1=O,*c1[nH+][c-](C#N)c(=O)o1
4048,4053,dipole_change,*[c-]1[o+]c(C#N)oc1=O,*c1[nH+][c-](C#N)c(=O)o1
4048,4156,dipole_change,*c1oc(=O)[c-](C)[o+]1,*[C-](C)[NH+]=C(C#N)C#N
4048,4158,dipole_change,*c1oc(=O)[c-](C)[o+]1,*[C-](C)[NH+]=C(C#N)C#N
4048,4250,dipole_change,*[c-]1[o+]c(C#N)oc1=O,*C(=[NH+][C-](C)C)C(C)=O
4048,4253,dipole_change,*[c-]1[o+]c(C#N)oc1=O,*C(=[NH+][C-](C)C)C(C)=O
4048,4329,dipole_change,*c1oc(=O)[c-](C)[o+]1,*[C-]([NH+]=C(C)C)C(C)=O
4048,4330,dipole_change,*c1oc(=O)[c-](C)[o+]1,*[C-]([NH+]=C(C)C)C(C)=O
4048,4718,dipole_change,*C,*C(=O)NC
4048,4719,dipole_change,*C,*C(=O)NC
4049,4051,dipole_change,*[c-]1[o+]c(C#N)oc1=O,*c1[nH+][c-](C#N)c(=O)o1
4049,4053,dipole_change,*[c-]1[o+]c(C#N)oc1=O,*c1[nH+][c-](C#N)c(=O)o1
4049,4156,dipole_change,*c1oc(=O)[c-](C)[o+]1,*[C-](C)[NH+]=C(C#N)C#N
4049,4158,dipole_change,*c1oc(=O)[c-](C)[o+]1,*[C-](C)[NH+]=C(C#N)C#N
4049,4250,dipole_change,*[c-]1[o+]c(C#N)oc1=O,*C(=[NH+][C-](C)C)C(C)=O
4049,4253,dipole_change,*[c-]1[o+]c(C#N)oc1=O,*C(=[NH+][C-](C)C)C(C)=O
4049,4329,dipole_change,*c1oc(=O)[c-](C)[o+]1,*[C-]([NH+]=C(C)C)C(C)=O
4049,4330,dipole_change,*c1oc(=O)[c-](C)[o+]1,*[C-]([NH+]=C(C)C)C(C)=O
4049,4718,dipole_change,*C,*C(=O)NC
4049,4719,dipole_change,*C,*C(=O)NC
4051,4053,dipole_change,*C,*C
4051,4156,dipole_change,*[c-]1[nH+]c(C)oc1=O,*[C-](C)[NH+]=C(C#N)C#N
4051,4158,dipole_change,*[c-]1[nH+]c(C)oc1=O,*[C-](C)[NH+]=C(C#N)C#N
4051,4250,dipole_change,*c1[nH+][c-](C#N)c(=O)o1,*C(=[NH+][C-](C)C)C(C)=O
4051,4253,dipole_change,*c1[nH+][c-](C#N)c(=O)o1,*C(=[NH+][C-](C)C)C(C)=O
4051,4329,dipole_change,*[c-]1[nH+]c(C)oc1=O,*[C-]([NH+]=C(C)C)C(C)=O
4051,4330,dipole_change,*[c-]1[nH+]c(C)oc1=O,*[C-]([NH+]=C(C)C)C(C)=O
4051,4874,dipole_change,*C#N,*c1ccccc1
4051,4875,dipole_change,*C#N,*c1ccccc1
4053,4156,dipole_change,*[c-]1[nH+]c(C)oc1=O,*[C-](C)[NH+]=C(C#N)C#N
4053,4158,dipole_change,*[c-]1[nH+]c(C)oc1=O,*[C-](C)[NH+]=C(C#N)C#N
4053,4250,dipole_change,*c1[nH+][c-](C#N)c(=O)o1,*C(=[NH+][C-](C)C)C(C)=O
4053,4253,dipole_change,*c1[nH+][c-](C#N)c(=O)o1,*C(=[NH+][C-](C)C)C(C)=O
4053,4329,dipole_change,*[c-]1[nH+]c(C)oc1=O,*[C-]([NH+]=C(C)C)C(C)=O
4053,4330,dipole_change,*[c-]1[nH+]c(C)oc1=O,*[C-]([NH+]=C(C)C)C(C)=O
4053,4874,dipole_change,*C#N,*c1ccccc1
4053,4875,dipole_change,*C#N,*c1ccccc1
4156,4158,dipole_change,*[NH+]=C(C#N)C#N,*[NH+]=C(C#N)C#N
4156,4329,dipole_change,*[C-](C)[NH+]=C(C#N)C#N,*[C-]([NH+]=C(C)C)C(C)=O
4156,4330,dipole_change,*[C-](C)[NH+]=C(C#N)C#N,*[C-]([NH+]=C(C)C)C(C)=O
4156,4787,dipole_change,*[NH+]=C(C#N)C#N,*[O+]=C(C(C)=O)C(C)=O
4156,4789,dipole_change,*[NH+]=C(C#N)C#N,*[O+]=C(C(C)=O)C(C)=O
4156,5140,dipole_change,*[C-](C)C#N,*[C-](C(C)=O)C(=O)OC
4158,4329,dipole_change,*[C-](C)[NH+]=C(C#N)C#N,*[C-]([NH+]=C(C)C)C(C)=O
4158,4330,dipole_change,*[C-](C)[NH+]=C(C#N)C#N,*[C-]([NH+]=C(C)C)C(C)=O
4158,4787,dipole_change,*[NH+]=C(C#N)C#N,*[O+]=C(C(C)=O)C(C)=O
4158,4789,dipole_change,*[NH+]=C(C#N)C#N,*[O+]=C(C(C)=O)C(C)=O
4158,5140,dipole_change,*[C-](C)C#N,*[C-](C(C)=O)C(=O)OC
4250,4253,dipole_change,*C,*C
4250,4329,dipole_change,*C(C)=[NH+][C-](C)C,*[C-](C#N)[NH+]=C(C)C
4250,4330,dipole_change,*C(C)=[NH+][C-](C)C,*[C-](C#N)[NH+]=C(C)C
4250,4606,dipole_change,*C(C)=[NH+][C-](C)C,*c1oc(=O)[c-](C)[n+]1C
4250,4608,dipole_change,*C(C)=[NH+][C-](C)C,*c1oc(=O)[c-](C)[n+]1C
4253,4329,dipole_change,*C(C)=[NH+][C-](C)C,*[C-](C#N)[NH+]=C(C)C
4253,4330,dipole_change,*C(C)=[NH+][C-](C)C,*[C-](C#N)[NH+]=C(C)C
4253,4606,dipole_change,*C(C)=[NH+][C-](C)C,*c1oc(=O)[c-](C)[n+]1C
4253,4608,dipole_change,*C(C)=[NH+][C-](C)C,*c1oc(=O)[c-](C)[n+]1C
4329,4330,dipole_change,*[C-](C#N)[NH+]=C(C)C,*[C-](C#N)[NH+]=C(C)C
4329,4606,dipole_change,*[C-](C#N)[NH+]=C(C)C,*c1oc(=O)[c-](C)[n+]1C
4329,4608,dipole_change,*[C-](C#N)[NH+]=C(C)C,*c1oc(=O)[c-](C)[n+]1C
4329,4878,dipole_change,*C(C)=O,*c1ccccc1
4329,4879,dipole_change,*C(C)=O,*c1ccccc1
4329,5218,dipole_change,*[NH+]=C(C)C,*[N+](C)=C(C)C(=O)NC
4329,5219,dipole_change,*[NH+]=C(C)C,*[N+](C)=C(C)C(=O)NC
4330,4606,dipole_change,*[C-](C#N)[NH+]=C(C)C,*c1oc(=O)[c-](C)[n+]1C
4330,4608,dipole_change,*[C-](C#N)[NH+]=C(C)C,*c1oc(=O)[c-](C)[n+]1C
4330,4878,dipole_change,*C(C)=O,*c1ccccc1
4330,4879,dipole_change,*C(C)=O,*c1ccccc1
4330,5218,dipole_change,*[NH+]=C(C)C,*[N+](C)=C(C)C(=O)NC
4330,5219,dipole_change,*[NH+]=C(C)C,*[N+](C)=C(C)C(=O)NC
4606,4608,dipole_change,*C(C)=O,*C(C)=O
4606,5210,dipole_change,*C,*C(=O)OC
4606,5211,dipole_change,*C,*C(=O)OC
4606,5230,dipole_change,*C,*C(=O)NC
4606,5231,dipole_change,*C,*C(=O)NC
4608,5210,dipole_change,*C,*C(=O)OC
4608,5211,dipole_change,*C,*C(=O)OC
4608,5230,dipole_change,*C,*C(=O)NC
4608,5231,dipole_change,*C,*C(=O)NC
4618,4619,dipole_change,*OC,*OC
4618,4825,dipole_change,*c1[nH+][c-](C)c(=O)o1,*[c-]1c(=O)oc(C)[n+]1C
4618,4827,dipole_change,*c1[nH+][c-](C)c(=O)o1,*[c-]1c(=O)oc(C)[n+]1C
4618,4846,dipole_change,*c1[nH+][c-](C)c(=O)o1,*C(C#N)=[N+](C)[C-](C)C
4618,4848,dipole_change,*c1[nH+][c-](C)c(=O)o1,*C(C#N)=[N+](C)[C-](C)C
4619,4825,dipole_change,*c1[nH+][c-](C)c(=O)o1,*[c-]1c(=O)oc(C)[n+]1C
4619,4827,dipole_change,*c1[nH+][c-](C)c(=O)o1,*[c-]1c(=O)oc(C)[n+]1C
4619,4846,dipole_change,*c1[nH+][c-](C)c(=O)o1,*C(C#N)=[N+](C)[C-](C)C
4619,4848,dipole_change,*c1[nH+][c-](C)c(=O)o1,*C(C#N)=[N+](C)[C-](C)C
4718,4719,dipole_change,*NC,*NC
4718,4987,dipole_change,*C#N,*C(C)=O
4718,4990,dipole_change,*C#N,*C(C)=O
4719,4987,dipole_change,*C#N,*C(C)=O
4719,4990,dipole_change,*C#N,*C(C)=O
4787,4789,dipole_change,*C,*C
4825,4827,dipole_change,*C,*C
4825,4846,dipole_change,*[c-]1c(=O)oc(C)[n+]1C,*C(C#N)=[N+](C)[C-](C)C
4825,4848,dipole_change,*[c-]1c(=O)oc(C)[n+]1C,*C(C#N)=[N+](C)[C-](C)C
4825,4915,dipole_change,*C,*C#N
4825,4918,dipole_change,*C,*C#N
4825,5210,dipole_change,*C,*C(C)=O
4825,5211,dipole_change,*C,*C(C)=O
4825,5405,dipole_change,*C,*C(=O)NC
4825,5408,dipole_change,*C,*C(=O)NC
4827,4846,dipole_change,*[c-]1c(=O)oc(C)[n+]1C,*C(C#N)=[N+](C)[C-](C)C
4827,4848,dipole_change,*[c-]1c(=O)oc(C)[n+]1C,*C(C#N)=[N+](C)[C-](C)C
4827,4915,dipole_change,*C,*C#N
4827,4918,dipole_change,*C,*C#N
4827,5210,dipole_change,*C,*C(C)=O
4827,5211,dipole_change,*C,*C(C)=O
4827,5405,dipole_change,*C,*C(=O)NC
4827,5408,dipole_change,*C,*C(=O)NC
4846,4848,dipole_change,*C#N,*C#N
4874,4875,dipole_change,*c1ccccc1,*c1ccccc1
4874,4878,dipole_change,*[c-]1[nH+]c(C)oc1=O,*[C-](C#N)[NH+]=C(C)C
4874,4879,dipole_change,*[c-]1[nH+]c(C)oc1=O,*[C-](C#N)[NH+]=C(C)C
4874,5137,dipole_change,*[c-]1[nH+]c(C)oc1=O,*[C-](C)[N+](C)=C(C)C#N
4874,5139,dipole_change,*[c-]1[nH+]c(C)oc1=O,*[C-](C)[N+](C)=C(C)C#N
4874,5292,dipole_change,*C,*C(C)=O
4874,5294,dipole_change,*C,*C(C)=O
4875,4878,dipole_change,*[c-]1[nH+]c(C)oc1=O,*[C-](C#N)[NH+]=C(C)C
4875,4879,dipole_change,*[c-]1[nH+]c(C)oc1=O,*[C-](C#N)[NH+]=C(C)C
4875,5137,dipole_change,*[c-]1[nH+]c(C)oc1=O,*[C-](C)[N+](C)=C(C)C#N
4875,5139,dipole_change,*[c-]1[nH+]c(C)oc1=O,*[C-](C)[N+](C)=C(C)C#N
4875,5292,dipole_change,*C,*C(C)=O
4875,5294,dipole_change,*C,*C(C)=O
4878,4879,dipole_change,*[NH+]=C(C)C,*[NH+]=C(C)C
4878,5137,dipole_change,*[C-](C#N)[NH+]=C(C)C,*[C-](C)[N+](C)=C(C)C#N
4878,5139,dipole_change,*[C-](C#N)[NH+]=C(C)C,*[C-](C)[N+](C)=C(C)C#N
4878,5388,dipole_change,*C#N,*C(=O)NC
4878,5389,dipole_change,*C#N,*C(=O)NC
4878,5484,dipole_change,*[NH+]=C(C)C,*[NH+]=C(C)C(=O)NC
4878,5485,dipole_change,*[NH+]=C(C)C,*[NH+]=C(C)C(=O)NC
4879,5137,dipole_change,*[C-](C#N)[NH+]=C(C)C,*[C-](C)[N+](C)=C(C)C#N
4879,5139,dipole_change,*[C-](C#N)[NH+]=C(C)C,*[C-](C)[N+](C)=C(C)C#N
4879,5388,dipole_change,*C#N,*C(=O)NC
4879,5389,dipole_change,*C#N,*C(=O)NC
4879,5484,dipole_change,*[NH+]=C(C)C,*[NH+]=C(C)C(=O)NC
4879,5485,dipole_change,*[NH+]=C(C)C,*[NH+]=C(C)C(=O)NC
4912,4913,dipole_change,*C,*C
4915,4918,dipole_change,*C,*C
4915,5210,dipole_change,*C#N,*C(C)=O
4915,5211,dipole_change,*C#N,*C(C)=O
4915,5254,dipole_change,*C(=O)OC,*c1ccccc1
4915,5255,dipole_change,*C(=O)OC,*c1ccccc1
4915,5405,dipole_change,*C#N,*C(=O)NC
4915,5408,dipole_change,*C#N,*C(=O)NC
4918,5210,dipole_change,*C#N,*C(C)=O
4918,5211,dipole_change,*C#N,*C(C)=O
4918,5254,dipole_change,*C(=O)OC,*c1ccccc1
4918,5255,dipole_change,*C(=O)OC,*c1ccccc1
4918,5405,dipole_change,*C#N,*C(=O)NC
4918,5408,dipole_change,*C#N,*C(=O)NC
4987,4990,dipole_change,*NC,*NC
5005,5006,dipole_change,*C,*C
5005,5455,dipole_change,*C(C)=O,*c1ccccc1
5005,5458,dipole_change,*C(C)=O,*c1ccccc1
5006,5455,dipole_change,*C(C)=O,*c1ccccc1
5006,5458,dipole_change,*C(C)=O,*c1ccccc1
5113,5114,dipole_change,*NC,*NC
5137,5139,dipole_change,*[C-](C)[N+](C)=C(C)C#N,*[C-](C)[N+](C)=C(C)C#N
5210,5211,dipole_change,*C(=O)OC,*C(=O)OC
5210,5230,dipole_change,*C(=O)OC,*C(=O)NC
5210,5231,dipole_change,*C(=O)OC,*C(=O)NC
5210,5405,dipole_change,*C(C)=O,*C(=O)NC
5210,5408,dipole_change,*C(C)=O,*C(=O)NC
5211,5230,dipole_change,*C(=O)OC,*C(=O)NC
5211,5231,dipole_change,*C(=O)OC,*C(=O)NC
5211,5405,dipole_change,*C(C)=O,*C(=O)NC
5211,5408,dipole_change,*C(C)=O,*C(=O)NC
5218,5219,dipole_change,*C,*C
5230,5231,dipole_change,*C,*C
5242,5243,dipole_change,*C,*C
5242,5570,dipole_change,*[NH+]=C(C)C#N,*[O+]=C(C#N)C(C)=O
5242,5572,dipole_change,*[NH+]=C(C)C#N,*[O+]=C(C#N)C(C)=O
5242,5618,dipole_change,*[NH+]=C(C)C#N,*[NH+]=C(C)C(=O)OC
5242,5619,dipole_change,*[NH+]=C(C)C#N,*[NH+]=C(C)C(=O)OC
5243,5570,dipole_change,*[NH+]=C(C)C#N,*[O+]=C(C#N)C(C)=O
5243,5572,dipole_change,*[NH+]=C(C)C#N,*[O+]=C(C#N)C(C)=O
5243,5618,dipole_change,*[NH+]=C(C)C#N,*[NH+]=C(C)C(=O)OC
5243,5619,dipole_change,*[NH+]=C(C)C#N,*[NH+]=C(C)C(=O)OC
5254,5255,dipole_change,*c1ccccc1,*c1ccccc1
5254,5735,dipole_change,*C#N,*c1ccccc1
5254,5737,dipole_change,*C#N,*c1ccccc1
5255,5735,dipole_change,*C#N,*c1ccccc1
5255,5737,dipole_change,*C#N,*c1ccccc1
5257,5260,dipole_change,*C,*C
5279,5281,dipole_change,*[N+](C)=C(C)C(C)=O,*[N+](C)=C(C)C(C)=O
5279,5289,dipole_change,*[N+](C)=C(C)C(C)=O,*[O+]=C(C)C(=O)NC
5279,5373,dipole_change,*[N+](C)=C(C)C(C)=O,*[O+]=C(C#N)C(=O)NC
5281,5289,dipole_change,*[N+](C)=C(C)C(C)=O,*[O+]=C(C)C(=O)NC
5281,5373,dipole_change,*[N+](C)=C(C)C(C)=O,*[O+]=C(C#N)C(=O)NC
5289,5373,dipole_change,*[O+]=C(C)C(=O)NC,*[O+]=C(C#N)C(=O)NC
5292,5294,dipole_change,*C(C)=O,*C(C)=O
5312,5313,dipole_change,*C(=O)NC,*C(=O)NC
5312,5575,dipole_change,*C(=O)NC,*c1ccccc1
5312,5577,dipole_change,*C(=O)NC,*c1ccccc1
5313,5575,dipole_change,*C(=O)NC,*c1ccccc1
5313,5577,dipole_change,*C(=O)NC,*c1ccccc1
5339,5341,dipole_change,*C#N,*C#N
5339,5795,dipole_change,*C#N,*c1ccccc1
5339,5797,dipole_change,*C#N,*c1ccccc1
5341,5795,dipole_change,*C#N,*c1ccccc1
5341,5797,dipole_change,*C#N,*c1ccccc1
5388,5389,dipole_change,*NC,*NC
5388,5806,dipole_change,*[NH+]=C(C)C,*[O+]=C(C(C)=O)C(C)=O
5388,5828,dipole_change,*[NH+]=C(C)C,*[N+](C)=C(C)C(=O)NC
5388,5830,dipole_change,*[NH+]=C(C)C,*[N+](C)=C(C)C(=O)NC
5389,5806,dipole_change,*[NH+]=C(C)C,*[O+]=C(C(C)=O)C(C)=O
5389,5828,dipole_change,*[NH+]=C(C)C,*[N+](C)=C(C)C(=O)NC
5389,5830,dipole_change,*[NH+]=C(C)C,*[N+](C)=C(C)C(=O)NC
5405,5408,dipole_change,*C,*C
5449,5450,dipole_change,*OC,*OC
5449,5792,dipole_change,*C,*C(=O)OC
5449,5793,dipole_change,*C,*C(=O)OC
5450,5792,dipole_change,*C,*C(=O)OC
5450,5793,dipole_change,*C,*C(=O)OC
5451,5453,dipole_change,*c1ccccc1,*c1ccccc1
5451,5455,dipole_change,*NC,*OC
5451,5458,dipole_change,*NC,*OC
5451,5647,dipole_change,*C(=O)NC,*c1ccccc1
5451,5648,dipole_change,*C(=O)NC,*c1ccccc1
5453,5455,dipole_change,*NC,*OC
5453,5458,dipole_change,*NC,*OC
5453,5647,dipole_change,*C(=O)NC,*c1ccccc1
5453,5648,dipole_change,*C(=O)NC,*c1ccccc1
5455,5458,dipole_change,*C,*C
5455,5647,dipole_change,*C(=O)OC,*c1ccccc1
5455,5648,dipole_change,*C(=O)OC,*c1ccccc1
5458,5647,dipole_change,*C(=O)OC,*c1ccccc1
5458,5648,dipole_change,*C(=O)OC,*c1ccccc1
5471,5473,dipole_change,*C,*C
5484,5485,dipole_change,*C,*C
5492,5494,dipole_change,*[C-](C)C(C)=O,*[C-](C)C(C)=O
5492,5628,dipole_change,*C,*OC
5492,5630,dipole_change,*C,*OC
5494,5628,dipole_change,*C,*OC
5494,5630,dipole_change,*C,*OC
5570,5572,dipole_change,*NC,*NC
5570,5618,dipole_change,*[O+]=C(C#N)C(C)=O,*[NH+]=C(C)C(=O)OC
5570,5619,dipole_change,*[O+]=C(C#N)C(C)=O,*[NH+]=C(C)C(=O)OC
5572,5618,dipole_change,*[O+]=C(C#N)C(C)=O,*[NH+]=C(C)C(=O)OC
5572,5619,dipole_change,*[O+]=C(C#N)C(C)=O,*[NH+]=C(C)C(=O)OC
5575,5577,dipole_change,*C,*C
5575,5792,dipole_change,*[C-](C#N)C#N,*[C-](C#N)C(=O)OC
5575,5793,dipole_change,*[C-](C#N)C#N,*[C-](C#N)C(=O)OC
5577,5792,dipole_change,*[C-](C#N)C#N,*[C-](C#N)C(=O)OC
5577,5793,dipole_change,*[C-](C#N)C#N,*[C-](C#N)C(=O)OC
5618,5619,dipole_change,*[NH+]=C(C)C(=O)OC,*[NH+]=C(C)C(=O)OC
5628,5630,dipole_change,*C,*C
5647,5648,dipole_change,*c1ccccc1,*c1ccccc1
5735,5737,dipole_change,*c1ccccc1,*c1ccccc1
5739,5740,dipole_change,*c1ccccc1,*c1ccccc1
5748,5749,dipole_change,*C(C)=O,*C(C)=O
5768,5770,dipole_change,*C(C)=O,*C(C)=O
5781,5782,dipole_change,*OC,*OC
5792,5793,dipole_change,*C#N,*C#N
5795,5797,dipole_change,*[C-](C#N)C#N,*[C-](C#N)C#N
5806,5828,dipole_change,*[O+]=C(C(C)=O)C(C)=O,*[N+](C)=C(C)C(=O)NC
5806,5830,dipole_change,*[O+]=C(C(C)=O)C(C)=O,*[N+](C)=C(C)C(=O)NC
5811,5812,dipole_change,*C(C)=O,*C(C)=O
5828,5830,dipole_change,*C,*C
5856,5859,dipole_change,*C#N,*C#N
5865,5866,dipole_change,*C,*C
5958,5959,dipole_change,*OC,*OC
4567,5185,dipole_change,*C,*C(=O)OC
4868,4904,dipole_change,*C(=[NH+][N-]C)C(=O)NC,*C(=[O+][N-]C)C(=O)OC
4904,5489,dipole_change,*C,*C(=O)OC
4566,5183,dipole_change,*C,*C(=O)OC
4345,4362,dipole_change,*C(=O)[N-][N+]#CC(C)=O,*C(=O)C#[N+][N-]C(C)=O
4345,4417,dipole_change,*C#[N+][N-]C(=O)NC,*[N-][O+]=CC(=O)OC
4362,4417,dipole_change,*[N-][N+]#CC(=O)NC,*[N-][O+]=CC(=O)OC
4869,4905,dipole_change,*C(=[NH+][N-]C)C(=O)NC,*C(=[O+][N-]C)C(=O)OC
257,258,dipole_change,*C,*C
514,515,dipole_change,*C,*C
261,262,dipole_change,*OC(=O)[C-](C)[N+]#N,*OC(=O)[C-](C)[N+]#N
190,191,dipole_change,*C,*C
837,838,dipole_change,*C(=O)NC,*C(=O)NC
169,170,dipole_change,*C(C)=O,*C(C)=O
1131,1132,dipole_change,*NC,*NC
813,814,dipole_change,*C,*C
1552,1553,dipole_change,*C,*C
344,345,dipole_change,*C#N,*C#N
2387,2388,dipole_change,*NC,*NC
336,337,dipole_change,*[O+]=C(C#N)C(=O)OC,*[O+]=C(C#N)C(=O)OC
903,904,dipole_change,*C(=O)NC,*C(=O)NC
47,48,dipole_change,*[O-],*[O-]
635,636,dipole_change,*C#N,*C#N
1429,1430,dipole_change,*C,*C
1959,1960,dipole_change,*NC,*NC
398,399,dipole_change,*[CH-]C(C)=O,*[CH-]C(C)=O
783,784,dipole_change,*[N+]#CC(C)=O,*[N+]#CC(C)=O
5,6,dipole_change,*[O-],*[O-]
134,135,dipole_change,*C(C)=O,*C(C)=O
51,52,dipole_change,*[CH-]C,*[CH-]C
207,208,dipole_change,*C,*C
811,812,dipole_change,*C(=O)OC,*C(=O)OC
941,942,dipole_change,*C,*C
1262,1263,dipole_change,*[NH+]=C(C)C(=O)NC,*[NH+]=C(C)C(=O)NC
1926,1927,dipole_change,*NC(=O)C=[NH+][CH-]C#N,*NC(=O)C=[NH+][CH-]C#N
2080,2081,dipole_change,*OC,*OC
2868,2869,dipole_change,*C,*C
2373,2374,dipole_change,*C,*C
2593,2594,dipole_change,*C(=O)NC,*C(=O)NC
943,944,dipole_change,*C,*C
2496,2497,dipole_change,*C(=O)OC,*C(=O)OC
2052,2053,dipole_change,*[N+](C)=C(C#N)C(C)=O,*[N+](C)=C(C#N)C(C)=O
545,546,dipole_change,*NC(=O)C#[N+][N-]C#N,*NC(=O)C#[N+][N-]C#N
1458,1459,dipole_change,*[N+](C)=CC,*[N+](C)=CC
2131,2132,dipole_change,*[NH+]=C(C#N)C(=O)OC,*[NH+]=C(C#N)C(=O)OC
2822,2823,dipole_change,*C,*C
2137,2138,dipole_change,*C(=O)N=[N+](C)[O-],*C(=O)N=[N+](C)[O-]
2042,2043,dipole_change,*[NH+]=C,*[NH+]=C
773,774,dipole_change,*[NH+]=CC(=O)OC,*[NH+]=CC(=O)OC
1260,1261,dipole_change,*C#N,*C#N
1943,1944,dipole_change,*C#N,*C#N
2460,2461,dipole_change,*C,*C
1860,1861,dipole_change,*C,*C
2164,2165,dipole_change,*[C-](C#N)C#N,*[C-](C#N)C#N
2178,2179,dipole_change,*C,*C
3010,3011,dipole_change,*C(C(=O)OC)=[N+]([CH2-])C,*C(C(=O)OC)=[N+]([CH2-])C
3127,3128,dipole_change,*C,*C
3176,3177,dipole_change,*C(=O)OC,*C(=O)OC
2757,2758,dipole_change,*C(=O)OC,*C(=O)OC
2650,2651,dipole_change,*NC,*NC
2500,2501,dipole_change,*C(C)=O,*C(C)=O
3214,3215,dipole_change,*c1ccccc1,*c1ccccc1
650,651,dipole_change,*C,*C
3012,3013,dipole_change,*C(C)=O,*C(C)=O
2401,2402,dipole_change,*[N+](C)=C(C#N)C(C)=O,*[N+](C)=C(C#N)C(C)=O
2672,2673,dipole_change,*C,*C
2482,2483,dipole_change,*C(=O)OC,*C(=O)OC
3194,3195,dipole_change,*C(=O)OC,*C(=O)OC
2532,2533,dipole_change,*C#N,*C#N
2276,2277,dipole_change,*C#N,*C#N
2681,2682,dipole_change,*[CH-][N+](C)=CC#N,*[CH-][N+](C)=CC#N
2530,2531,dipole_change,*C(C)=O,*C(C)=O
3021,3022,dipole_change,*C,*C
2413,2414,dipole_change,*C(=O)OC,*C(=O)OC
1230,1231,dipole_change,*C,*C
2798,2799,dipole_change,*C#N,*C#N
2703,2704,dipole_change,*OC,*OC
3027,3028,dipole_change,*C#N,*C#N
2812,2813,dipole_change,*C,*C
3042,3043,dipole_change,*C(=O)OC,*C(=O)OC
2252,2253,dipole_change,*NC,*NC
2715,2716,dipole_change,*C,*C
2484,2485,dipole_change,*[N-]C(C)=O,*[N-]C(C)=O
2168,2169,dipole_change,*C,*C
2423,2424,dipole_change,*c1ccccc1,*c1ccccc1
1689,1690,dipole_change,*[N+](C)=N,*[N+](C)=N
2494,2495,dipole_change,*C,*C
2874,2875,dipole_change,*C,*C
2379,2380,dipole_change,*[O+]=C(C)C,*[O+]=C(C)C
2741,2742,dipole_change,*OC,*OC
2733,2734,dipole_change,*[NH+]=C(C)C(=O)OC,*[NH+]=C(C)C(=O)OC
2725,2726,dipole_change,*C(C)=O,*C(C)=O
2895,2896,dipole_change,*C,*C
2836,2837,dipole_change,*C(C)=O,*C(C)=O
2882,2883,dipole_change,*C(=O)[N-][N+]#CC#N,*C(=O)[N-][N+]#CC#N
1646,1647,dipole_change,*C(=O)N=[N+](C)[O-],*C(=O)N=[N+](C)[O-]
2504,2505,dipole_change,*C,*C
3110,3111,dipole_change,*C(=O)OC,*C(=O)OC
2172,2173,dipole_change,*C(=O)NC,*C(=O)NC
2840,2841,dipole_change,*c1[nH+][n-]c(=O)o1,*c1[nH+][n-]c(=O)o1
3050,3051,dipole_change,*C#N,*C#N
2848,2849,dipole_change,*C,*C
1631,1632,dipole_change,*C#N,*C#N
2664,2665,dipole_change,*C(C)=O,*C(C)=O
1236,1237,dipole_change,*NC,*NC
2513,2514,dipole_change,*C,*C
2186,2187,dipole_change,*C,*C
3094,3095,dipole_change,*C,*C
2317,2318,dipole_change,*C(=O)OC,*C(=O)OC
2729,2730,dipole_change,*[CH-]C(=O)OC,*[CH-]C(=O)OC
1845,1846,dipole_change,*C=[NH+][C-](C)C(C)=O,*C=[NH+][C-](C)C(C)=O
1546,1547,dipole_change,*c1[nH+][n-]c(=O)o1,*c1[nH+][n-]c(=O)o1
2751,2752,dipole_change,*C,*C
2166,2167,dipole_change,*C#[N+][N-]C(C)=O,*C#[N+][N-]C(C)=O
2931,2932,dipole_change,*c1ccccc1,*c1ccccc1
1880,1881,dipole_change,*[N+]#Cc1ccccc1,*[N+]#Cc1ccccc1
2976,2977,dipole_change,*[C-](C#N)C(=O)OC,*[C-](C#N)C(=O)OC
3135,3136,dipole_change,*OC,*OC
2727,2728,dipole_change,*[C-](C(C)=O)C(=O)NC,*[C-](C(C)=O)C(=O)NC
2832,2833,dipole_change,*[CH-][N+]#CC#N,*[CH-][N+]#CC#N
2774,2775,dipole_change,*[C-](C)[N+](C)=CC(C)=O,*[C-](C)[N+](C)=CC(C)=O
2421,2422,dipole_change,*C(C)=O,*C(C)=O
2419,2420,dipole_change,*C(C)=O,*C(C)=O
2156,2158,dipole_change,*C,*C
2157,2159,dipole_change,*C,*C
565,566,dipole_change,*C#N,*C#N
1648,1649,dipole_change,*OC,*OC
1648,1866,dipole_change,*[C-](C#N)[O+]=C(C)C,*c1oc(=O)[c-](C)[n+]1C
1648,1867,dipole_change,*[C-](C#N)[O+]=C(C)C,*c1oc(=O)[c-](C)[n+]1C
1649,1866,dipole_change,*[C-](C#N)[O+]=C(C)C,*c1oc(=O)[c-](C)[n+]1C
1649,1867,dipole_change,*[C-](C#N)[O+]=C(C)C,*c1oc(=O)[c-](C)[n+]1C
1866,1867,dipole_change,*C,*C
2313,2314,dipole_change,*C#N,*C#N
2528,2529,dipole_change,*C(=O)NC,*C(=O)NC
2697,2698,dipole_change,*C(=O)NC,*C(=O)NC
2697,2834,dipole_change,*C(=O)OC,*c1ccccc1
2697,2835,dipole_change,*C(=O)OC,*c1ccccc1
2698,2834,dipole_change,*C(=O)OC,*c1ccccc1
2698,2835,dipole_change,*C(=O)OC,*c1ccccc1
2834,2835,dipole_change,*C(=O)NC,*C(=O)NC
776,777,dipole_change,*c1ccccc1,*c1ccccc1
485,487,dipole_change,*[N-]C(=O)OC,*[N-]C(=O)OC
486,488,dipole_change,*[N-]C(=O)OC,*[N-]C(=O)OC
775,778,dipole_change,*c1ccccc1,*c1ccccc1
804,805,dipole_change,*C(C)=O,*C(C)=O
803,806,dipole_change,*C(C)=O,*C(C)=O
752,753,dipole_change,*C,*C
1378,1379,dipole_change,*c1ccccc1,*c1ccccc1
1423,1424,dipole_change,*C,*C
781,782,dipole_change,*C=[NH+][C-](C#N)C#N,*C=[NH+][C-](C#N)C#N
1662,1663,dipole_change,*C(C)=O,*C(C)=O
1835,1838,dipole_change,*c1ccccc1,*c1ccccc1
779,780,dipole_change,*C=[NH+][C-](C#N)C#N,*C=[NH+][C-](C#N)C#N
1664,1665,dipole_change,*C(C)=O,*C(C)=O
1836,1837,dipole_change,*c1ccccc1,*c1ccccc1
1554,1555,dipole_change,*C,*C
670,671,dipole_change,*[C-](C)C(=O)NC,*[C-](C)C(=O)NC
1856,1858,dipole_change,*C#N,*C#N
1857,1859,dipole_change,*C#N,*C#N
669,672,dipole_change,*[C-](C)C(=O)NC,*[C-](C)C(=O)NC
1021,1023,dipole_change,*C#N,*C#N
1504,1507,dipole_change,*C,*C
1020,1022,dipole_change,*C#N,*C#N
1505,1506,dipole_change,*C,*C
742,743,dipole_change,*C(=O)OC,*C(=O)OC
2427,2428,dipole_change,*C(=O)NC,*C(=O)NC
2951,2952,dipole_change,*C(C)=O,*C(C)=O
1438,1440,dipole_change,*C,*C
1438,1573,dipole_change,*[NH+]=C(C#N)C(=O)NC,*[N+](C)=C(C)C(=O)OC
1438,1574,dipole_change,*[NH+]=C(C#N)C(=O)NC,*[N+](C)=C(C)C(=O)OC
1440,1573,dipole_change,*[NH+]=C(C#N)C(=O)NC,*[N+](C)=C(C)C(=O)OC
1440,1574,dipole_change,*[NH+]=C(C#N)C(=O)NC,*[N+](C)=C(C)C(=O)OC
1573,1574,dipole_change,*C,*C
2101,2102,dipole_change,*[C-](C#N)C(=O)OC,*[C-](C#N)C(=O)OC
1439,1441,dipole_change,*C,*C
1439,1572,dipole_change,*[NH+]=C(C#N)C(=O)NC,*[N+](C)=C(C)C(=O)OC
1439,1575,dipole_change,*[NH+]=C(C#N)C(=O)NC,*[N+](C)=C(C)C(=O)OC
1441,1572,dipole_change,*[NH+]=C(C#N)C(=O)NC,*[N+](C)=C(C)C(=O)OC
1441,1575,dipole_change,*[NH+]=C(C#N)C(=O)NC,*[N+](C)=C(C)C(=O)OC
1572,1575,dipole_change,*C,*C
2103,2104,dipole_change,*[C-](C#N)C(=O)OC,*[C-](C#N)C(=O)OC
1930,1931,dipole_change,*C,*C
771,772,dipole_change,*[CH-]C(=O)OC,*[CH-]C(=O)OC
1753,1755,dipole_change,*c1ccccc1,*c1ccccc1
591,594,dipole_change,*C(C)=[NH+][O-],*C(C)=[NH+][O-]
1752,1754,dipole_change,*c1ccccc1,*c1ccccc1
592,593,dipole_change,*C(C)=[NH+][O-],*C(C)=[NH+][O-]
275,276,dipole_change,*[C-](C)C,*[C-](C)C
275,831,dipole_change,*[N+]#CC#N,*[N+](C)=CC(=O)NC
275,832,dipole_change,*[N+]#CC#N,*[N+](C)=CC(=O)NC
276,831,dipole_change,*[N+]#CC#N,*[N+](C)=CC(=O)NC
276,832,dipole_change,*[N+]#CC#N,*[N+](C)=CC(=O)NC
831,832,dipole_change,*C,*C
1801,1802,dipole_change,*C,*C
1183,1184,dipole_change,*C,*C
1080,1081,dipole_change,*[C-](C#N)C#N,*[C-](C#N)C#N
768,770,dipole_change,*C,*C
1396,1397,dipole_change,*[c-]1c(=O)on[n+]1C,*[c-]1c(=O)on[n+]1C
1708,1711,dipole_change,*C#N,*C#N
767,769,dipole_change,*C,*C
1030,1031,dipole_change,*C(=O)[C-]([NH+]=C)C(C)=O,*C(=O)[C-]([NH+]=C)C(C)=O
1169,1170,dipole_change,*[C-](C)C(C)=O,*[C-](C)C(C)=O
1036,1037,dipole_change,*C#N,*C#N
2001,2003,dipole_change,*C(=O)NC,*C(=O)NC
2032,2035,dipole_change,*C(C)=O,*C(C)=O
1516,1518,dipole_change,*C(=O)OC,*C(=O)OC
1308,1309,dipole_change,*[C-](C)c1ccccc1,*[C-](C)c1ccccc1
1517,1519,dipole_change,*C(=O)OC,*C(=O)OC
1492,1493,dipole_change,*C(=O)NC,*C(=O)NC
922,923,dipole_change,*C,*C
922,1050,dipole_change,*C,*C#N
922,1051,dipole_change,*C,*C#N
923,1050,dipole_change,*C,*C#N
923,1051,dipole_change,*C,*C#N
1050,1051,dipole_change,*C(C#N)=[O+][C-](C)C#N,*C(C#N)=[O+][C-](C)C#N
1323,1324,dipole_change,*NC,*NC
976,977,dipole_change,*C(=O)NC,*C(=O)NC
579,580,dipole_change,*C(C)=O,*C(C)=O
1106,1107,dipole_change,*C,*C
1902,1903,dipole_change,*C,*C
1044,1046,dipole_change,*C(C)=O,*C(C)=O
1901,1904,dipole_change,*C,*C
1514,1515,dipole_change,*C,*C
2415,2418,dipole_change,*C,*C
1512,1513,dipole_change,*C,*C
2416,2417,dipole_change,*C,*C
1163,1164,dipole_change,*[CH-]C(=O)NC,*[CH-]C(=O)NC
1603,1604,dipole_change,*[NH+]=C(C)C(C)=O,*[NH+]=C(C)C(C)=O
1772,1773,dipole_change,*c1ccccc1,*c1ccccc1
2329,2330,dipole_change,*C(C)=O,*C(C)=O
1334,1335,dipole_change,*C(=[O+][N-]C#N)C(C)=O,*C(=[O+][N-]C#N)C(C)=O
1969,1971,dipole_change,*C(=O)OC,*C(=O)OC
1490,1491,dipole_change,*[CH-]C(C)=O,*[CH-]C(C)=O
1970,1972,dipole_change,*C(=O)OC,*C(=O)OC
1398,1401,dipole_change,*[N+](=C(C)C#N)[C-](C)C,*[N+](=C(C)C#N)[C-](C)C
2691,2692,dipole_change,*C(C)=O,*C(C)=O
685,686,dipole_change,*[N+]#N,*[N+]#N
2039,2041,dipole_change,*C,*C
1399,1400,dipole_change,*[N+](=C(C)C#N)[C-](C)C,*[N+](=C(C)C#N)[C-](C)C
2689,2690,dipole_change,*C(C)=O,*C(C)=O
687,688,dipole_change,*[N+]#N,*[N+]#N
2038,2040,dipole_change,*C,*C
2492,2493,dipole_change,*C#N,*C#N
2478,2481,dipole_change,*C(=O)NC,*C(=O)NC
2652,2653,dipole_change,*C,*C
3054,3055,dipole_change,*[N+]#Cc1ccccc1,*[N+]#Cc1ccccc1
2979,2980,dipole_change,*C,*C
2880,2881,dipole_change,*C,*C
1249,1250,dipole_change,*C(C)=O,*C(C)=O
1899,1900,dipole_change,*C(=O)OC,*C(=O)OC
2570,2571,dipole_change,*[CH-]c1ccccc1,*[CH-]c1ccccc1
1589,1590,dipole_change,*C,*C
1320,1321,dipole_change,*[NH+]=N,*[NH+]=N
1932,1933,dipole_change,*C,*C
3312,3313,dipole_change,*C,*C
3660,4217,dipole_change,*C(C)=[O+][CH-]C,*C=[O+][C-](C)C(=O)OC
3710,3914,dipole_change,*C(C#N)=[N+](C)[CH-]C,*[C-]([NH+]=CC)C(=O)NC
3659,3759,dipole_change,*C(C)=[O+][CH-]C,*[C-](C)[NH+]=CC#N
3659,4073,dipole_change,*C(C)=[O+][CH-]C,*C(C#N)=[NH+][CH-]C(C)=O
3659,4218,dipole_change,*C(C)=[O+][CH-]C,*C=[O+][C-](C)C(=O)OC
3759,4073,dipole_change,*[C-](C)[NH+]=CC#N,*C(C#N)=[NH+][CH-]C(C)=O
3759,4218,dipole_change,*[C-](C)[NH+]=CC#N,*C=[O+][C-](C)C(=O)OC
4073,4218,dipole_change,*C(C#N)=[NH+][CH-]C(C)=O,*C=[O+][C-](C)C(=O)OC
3376,3377,dipole_change,*[C-](C)C,*[C-](C)C
3701,4123,dipole_change,*C#N,*C(=O)NC
4125,4678,dipole_change,*C(C)=O,*c1ccccc1
4125,4679,dipole_change,*C(C)=O,*c1ccccc1
4126,4127,dipole_change,*C(=O)NC,*C(=O)NC
4295,4296,dipole_change,*C#N,*C#N
4678,4679,dipole_change,*C(C)=O,*C(C)=O
4803,4804,dipole_change,*C,*C
4860,4861,dipole_change,*c1ccccc1,*c1ccccc1
4866,4867,dipole_change,*C,*C
5095,5096,dipole_change,*C(=O)NC,*C(=O)NC
5095,5614,dipole_change,*C,*C(=O)OC
5096,5614,dipole_change,*C,*C(=O)OC
5097,5098,dipole_change,*c1ccccc1,*c1ccccc1
5201,5202,dipole_change,*C(=O)OC,*C(=O)OC
5435,5436,dipole_change,*c1ccccc1,*c1ccccc1
3524,3526,dipole_change,*C(C(=O)OC)=[N+](C)[NH-],*C(C(=O)NC)=[N+](C)[NH-]
3923,3925,dipole_change,*C(=[NH+][N-]C)C(=O)NC,*C(C)=[N+](C)[N-]C(C)=O
494,495,dipole_change,*C,*C
728,729,dipole_change,*C(=O)OC,*C(=O)OC
427,428,dipole_change,*[N-]c1ccccc1,*[N-]c1ccccc1
421,422,dipole_change,*C(=O)NC,*C(=O)NC
1371,1372,dipole_change,*NC,*NC
66,67,dipole_change,*C#N,*C#N
726,727,dipole_change,*C,*C
537,538,dipole_change,*C,*C
364,365,dipole_change,*[N-]C#N,*[N-]C#N
209,210,dipole_change,*c1ccccc1,*c1ccccc1
360,361,dipole_change,*[C-](C#N)C#N,*[C-](C#N)C#N
362,363,dipole_change,*C(=O)NC,*C(=O)NC
91,92,dipole_change,*[C-](C)[N+]#CC(=O)OC,*[C-](C)[N+]#CC(=O)OC
346,347,dipole_change,*C(=O)NC,*C(=O)NC
381,382,dipole_change,*C#N,*C#N
524,525,dipole_change,*c1ccccc1,*c1ccccc1
795,796,dipole_change,*[N-]C(=O)NC,*[N-]C(=O)NC
130,131,dipole_change,*C(=O)OC,*C(=O)OC
1026,1027,dipole_change,*C(=O)NC,*C(=O)NC
84,85,dipole_change,*C,*C
72,73,dipole_change,*C(=O)NC,*C(=O)NC
205,206,dipole_change,*[N+]#CC(C)=O,*[N+]#CC(C)=O
205,306,dipole_change,*[C-](C(C)=O)C(C)=O,*[C-](C(C)=O)C(=O)NC
205,307,dipole_change,*[C-](C(C)=O)C(C)=O,*[C-](C(C)=O)C(=O)NC
206,306,dipole_change,*[C-](C(C)=O)C(C)=O,*[C-](C(C)=O)C(=O)NC
206,307,dipole_change,*[C-](C(C)=O)C(C)=O,*[C-](C(C)=O)C(=O)NC
306,307,dipole_change,*C(=O)NC,*C(=O)NC
440,441,dipole_change,*c1ccccc1,*c1ccccc1
990,991,dipole_change,*C(=O)NC,*C(=O)NC
1238,1239,dipole_change,*[NH+]=C(C#N)C(=O)OC,*[NH+]=C(C#N)C(=O)OC
947,948,dipole_change,*C,*C
95,96,dipole_change,*[N-]c1ccccc1,*[N-]c1ccccc1
95,216,dipole_change,*[NH+]=C(C)C#N,*[N+](C)=C(C#N)C#N
95,217,dipole_change,*[NH+]=C(C)C#N,*[N+](C)=C(C#N)C#N
96,216,dipole_change,*[NH+]=C(C)C#N,*[N+](C)=C(C#N)C#N
96,217,dipole_change,*[NH+]=C(C)C#N,*[N+](C)=C(C#N)C#N
216,217,dipole_change,*[N-]c1ccccc1,*[N-]c1ccccc1
446,447,dipole_change,*OC,*OC
122,123,dipole_change,*[C-](C#N)[O+]=CC#N,*[C-](C#N)[O+]=CC#N
791,792,dipole_change,*[C-](C(C)=O)C(C)=O,*[C-](C(C)=O)C(C)=O
1817,1818,dipole_change,*C(C(C)=O)=[N+](C)[O-],*C(C(C)=O)=[N+](C)[O-]
263,264,dipole_change,*C#[N+][C-](C)C,*C#[N+][C-](C)C
637,638,dipole_change,*C(=O)NC,*C(=O)NC
299,300,dipole_change,*C(C)=[NH+][O-],*C(C)=[NH+][O-]
165,166,dipole_change,*C(=O)NC,*C(=O)NC
557,558,dipole_change,*C,*C
896,897,dipole_change,*C,*C
569,570,dipole_change,*c1ccccc1,*c1ccccc1
155,156,dipole_change,*C,*C
415,416,dipole_change,*[CH-]C,*[CH-]C
1668,1669,dipole_change,*NC,*NC
97,98,dipole_change,*C,*C
618,619,dipole_change,*C,*C
927,928,dipole_change,*C,*C
708,709,dipole_change,*C#N,*C#N
1924,1925,dipole_change,*C(=O)OC,*C(=O)OC
665,666,dipole_change,*[O-],*[O-]
526,527,dipole_change,*C#N,*C#N
855,856,dipole_change,*[O+]=C(C)C(=O)OC,*[O+]=C(C)C(=O)OC
33,34,dipole_change,*C#[N+][C-](C#N)C#N,*C#[N+][C-](C#N)C#N
581,582,dipole_change,*C#N,*C#N
2054,2055,dipole_change,*C(=O)NC,*C(=O)NC
2866,2867,dipole_change,*C(=O)NC,*C(=O)NC
1326,1327,dipole_change,*[C-]([NH+]=CC#N)C(C)=O,*[C-]([NH+]=CC#N)C(C)=O
2759,2760,dipole_change,*C(=O)NC,*C(=O)NC
681,682,dipole_change,*[NH+]=CC(=O)OC,*[NH+]=CC(=O)OC
2146,2147,dipole_change,*OC,*OC
1373,1374,dipole_change,*C(C)=O,*C(C)=O
2524,2525,dipole_change,*C,*C
585,586,dipole_change,*[N-]C,*[N-]C
112,113,dipole_change,*[NH+]=CC(=O)NC,*[NH+]=CC(=O)NC
1916,1917,dipole_change,*C(=O)OC,*C(=O)OC
875,876,dipole_change,*[CH-]C(=O)NC,*[CH-]C(=O)NC
1312,1313,dipole_change,*C(=O)OC,*C(=O)OC
2466,2467,dipole_change,*C,*C
2679,2680,dipole_change,*c1ccccc1,*c1ccccc1
2749,2750,dipole_change,*C#[N+][C-](C#N)C(C)=O,*C#[N+][C-](C#N)C(C)=O
3167,3168,dipole_change,*OC,*OC
1994,1995,dipole_change,*c1ccccc1,*c1ccccc1
2719,2720,dipole_change,*c1ccccc1,*c1ccccc1
2876,2877,dipole_change,*[N+]#C,*[N+]#C
2888,2889,dipole_change,*[CH-]C(=O)NC,*[CH-]C(=O)NC
3153,3154,dipole_change,*C(=O)OC,*C(=O)OC
969,970,dipole_change,*C,*C
3157,3158,dipole_change,*C,*C
2953,2954,dipole_change,*C,*C
2919,2920,dipole_change,*c1ccccc1,*c1ccccc1
3159,3160,dipole_change,*C,*C
3178,3179,dipole_change,*C,*C
2921,2922,dipole_change,*[O+]=C(C)C(=O)NC,*[O+]=C(C)C(=O)NC
2816,2817,dipole_change,*C(=O)NC,*C(=O)NC
2648,2649,dipole_change,*C,*C
3092,3093,dipole_change,*C,*C
3088,3089,dipole_change,*C,*C
2630,2631,dipole_change,*[N+]#N,*[N+]#N
2899,2900,dipole_change,*NC,*NC
1146,1147,dipole_change,*C,*C
3052,3053,dipole_change,*OC,*OC
1369,1370,dipole_change,*C,*C
2248,2249,dipole_change,*C(=O)OC,*C(=O)OC
2717,2718,dipole_change,*C,*C
3204,3205,dipole_change,*c1ccccc1,*c1ccccc1
2509,2510,dipole_change,*C(=O)OC,*C(=O)OC
3174,3175,dipole_change,*[C-](C(C)=O)C(=O)OC,*[C-](C(C)=O)C(=O)OC
2782,2783,dipole_change,*C(=O)NC,*C(=O)NC
2974,2975,dipole_change,*c1ccccc1,*c1ccccc1
3202,3203,dipole_change,*C,*C
3083,3084,dipole_change,*OC,*OC
2808,2809,dipole_change,*[N-]c1ccccc1,*[N-]c1ccccc1
2555,2556,dipole_change,*C,*C
3131,3132,dipole_change,*NC,*NC
3017,3018,dipole_change,*[C-](C#N)C#N,*[C-](C#N)C#N
1167,1168,dipole_change,*NC,*NC
2425,2426,dipole_change,*C(=O)OC,*C(=O)OC
3071,3072,dipole_change,*C,*C
1700,1701,dipole_change,*C(=O)OC,*C(=O)OC
3100,3101,dipole_change,*C,*C
3186,3187,dipole_change,*NC,*NC
2846,2847,dipole_change,*C=[N+](C)[CH-]C(C)=O,*C=[N+](C)[CH-]C(C)=O
2567,2568,dipole_change,*C(C)=O,*C(C)=O
1074,1075,dipole_change,*C(=O)[N-][O+]=NC,*C(=O)[N-][O+]=NC
1780,1781,dipole_change,*[C-](C#N)[N+]#CC,*[C-](C#N)[N+]#CC
1048,1049,dipole_change,*[N-]C,*[N-]C
2886,2887,dipole_change,*C#N,*C#N
2613,2614,dipole_change,*[N-][N+](C)=C(C)C#N,*[N-][N+](C)=C(C)C#N
2864,2865,dipole_change,*OC,*OC
3207,3208,dipole_change,*C(=O)OC,*C(=O)OC
1762,1763,dipole_change,*C(=O)OC,*C(=O)OC
2818,2819,dipole_change,*C,*C
2860,2861,dipole_change,*C,*C
2794,2795,dipole_change,*c1ccccc1,*c1ccccc1
2099,2100,dipole_change,*C,*C
2683,2684,dipole_change,*C(=O)NC,*C(=O)NC
2597,2598,dipole_change,*C(=O)NC,*C(=O)NC
2046,2047,dipole_change,*[N-]C(=O)NC,*[N-]C(=O)NC
2056,2057,dipole_change,*[N+](=C)[N-]C,*[N+](=C)[N-]C
2901,2902,dipole_change,*C,*C
2961,2962,dipole_change,*C(C)=O,*C(C)=O
2462,2463,dipole_change,*NC,*NC
2933,2934,dipole_change,*C,*C
2341,2342,dipole_change,*C,*C
2814,2815,dipole_change,*OC,*OC
3133,3134,dipole_change,*C(C)=O,*C(C)=O
1446,1449,dipole_change,*C,*C
1447,1448,dipole_change,*C,*C
2143,2144,dipole_change,*C,*C
2141,2142,dipole_change,*C,*C
833,834,dipole_change,*C(C)=O,*C(C)=O
2258,2259,dipole_change,*C(C)=O,*C(C)=O
764,765,dipole_change,*C(=O)C(C)=[NH+][CH-]C#N,*C(=O)C(C)=[NH+][CH-]C#N
763,766,dipole_change,*C(=O)C(C)=[NH+][CH-]C#N,*C(=O)C(C)=[NH+][CH-]C#N
1283,1285,dipole_change,*[C-](C)[O+]=C(C)C(C)=O,*[C-](C)[O+]=C(C)C(C)=O
2302,2304,dipole_change,*C(=O)OC,*C(=O)OC
2303,2305,dipole_change,*C(=O)OC,*C(=O)OC
1258,1259,dipole_change,*C,*C
616,617,dipole_change,*[N+]([NH-])=C(C#N)C(C)=O,*[N+]([NH-])=C(C#N)C(C)=O
1913,1914,dipole_change,*C#N,*C#N
269,270,dipole_change,*[O+]=NC,*[O+]=NC
269,559,dipole_change,*N=[O+][N-]C#N,*[N-][NH+]=NC(=O)OC
269,560,dipole_change,*N=[O+][N-]C#N,*[N-][NH+]=NC(=O)OC
270,559,dipole_change,*N=[O+][N-]C#N,*[N-][NH+]=NC(=O)OC
270,560,dipole_change,*N=[O+][N-]C#N,*[N-][NH+]=NC(=O)OC
559,560,dipole_change,*C,*C
449,1118,dipole_change,*C(C)=[NH+][O-],*OC(=O)C(C#N)=[NH+][O-]
2082,2085,dipole_change,*C(=O)NC,*C(=O)NC
2641,2643,dipole_change,*C,*C
478,479,dipole_change,*[CH-]C(=O)OC,*[CH-]C(=O)OC
2083,2084,dipole_change,*C(=O)NC,*C(=O)NC
477,480,dipole_change,*[CH-]C(=O)OC,*[CH-]C(=O)OC
2272,2275,dipole_change,*C,*C
1086,1088,dipole_change,*C(=[O+][N-]C)C(=O)OC,*C(=[O+][N-]C)C(=O)OC
2273,2274,dipole_change,*C,*C
1087,1089,dipole_change,*C(=[O+][N-]C)C(=O)OC,*C(=[O+][N-]C)C(=O)OC
988,989,dipole_change,*C,*C
1967,1968,dipole_change,*OC,*OC
1623,1624,dipole_change,*c1ccccc1,*c1ccccc1
2356,2357,dipole_change,*C,*C
2711,2712,dipole_change,*C(C)=O,*C(C)=O
754,755,dipole_change,*NC,*NC
1061,1064,dipole_change,*C,*C
1468,1469,dipole_change,*C#[N+][C-](C)C,*C#[N+][C-](C)C
1062,1063,dipole_change,*C,*C
1758,1759,dipole_change,*C,*C
1831,1833,dipole_change,*c1ccccc1,*c1ccccc1
473,474,dipole_change,*[CH-][N+](C)=CC(C)=O,*[CH-][N+](C)=CC(C)=O
1832,1834,dipole_change,*c1ccccc1,*c1ccccc1
1298,1300,dipole_change,*C,*C
1173,1174,dipole_change,*[N-]C,*[N-]C
1299,1301,dipole_change,*C,*C
1175,1176,dipole_change,*[N-]C,*[N-]C
1591,1592,dipole_change,*C(=O)OC,*C(=O)OC
706,707,dipole_change,*OC,*OC
1530,1531,dipole_change,*[N+]#C,*[N+]#C
1472,1473,dipole_change,*C,*C
1040,1042,dipole_change,*C#N,*C#N
1732,1735,dipole_change,*OC,*OC
124,126,dipole_change,*[N+]#N,*[N+]#N
678,679,dipole_change,*[N-]C#N,*[N-]C#N
1499,1500,dipole_change,*[c-]1[nH+]c(C#N)oc1=O,*[c-]1[nH+]c(C#N)oc1=O
1041,1043,dipole_change,*C#N,*C#N
1733,1734,dipole_change,*OC,*OC
125,127,dipole_change,*[N+]#N,*[N+]#N
677,680,dipole_change,*[N-]C#N,*[N-]C#N
1450,1453,dipole_change,*C,*C
1451,1452,dipole_change,*C,*C
1498,1501,dipole_change,*[c-]1[nH+]c(C#N)oc1=O,*[c-]1[nH+]c(C#N)oc1=O
1476,1478,dipole_change,*N=[O+][N-]C(=O)OC,*N=[O+][N-]C(=O)OC
1477,1479,dipole_change,*N=[O+][N-]C(=O)OC,*N=[O+][N-]C(=O)OC
1240,1241,dipole_change,*[CH2-],*[CH2-]
724,725,dipole_change,*C,*C
159,160,dipole_change,*C#[N+][O-],*C#[N+][O-]
912,913,dipole_change,*[C-](C(C)=O)C(=O)NC,*[C-](C(C)=O)C(=O)NC
200,202,dipole_change,*[CH-][N+]#C,*[CH-][N+]#C
433,434,dipole_change,*C=[O+][CH-]C,*C=[O+][CH-]C
1673,1675,dipole_change,*[C-](C)c1ccccc1,*[C-](C)c1ccccc1
199,201,dipole_change,*[CH-][N+]#C,*[CH-][N+]#C
851,852,dipole_change,*C(C)=O,*C(C)=O
886,887,dipole_change,*OC,*OC
853,854,dipole_change,*C(C)=O,*C(C)=O
885,888,dipole_change,*OC,*OC
956,958,dipole_change,*NC,*NC
957,959,dipole_change,*NC,*NC
1054,1055,dipole_change,*C(C)=O,*C(C)=O
862,1221,dipole_change,*[NH+]=C(C)C,*[N+](C)=C(C)C#N
862,1222,dipole_change,*[NH+]=C(C)C,*[N+](C)=C(C)C#N
862,1273,dipole_change,*[CH-][NH+]=C(C)C,*C(=[O+][CH-]C)C(C)=O
862,1274,dipole_change,*[CH-][NH+]=C(C)C,*C(=[O+][CH-]C)C(C)=O
1221,1222,dipole_change,*[N+](C)=C(C)C#N,*[N+](C)=C(C)C#N
1221,1273,dipole_change,*[CH-][N+](C)=C(C)C#N,*C(=[O+][CH-]C)C(C)=O
1221,1274,dipole_change,*[CH-][N+](C)=C(C)C#N,*C(=[O+][CH-]C)C(C)=O
1222,1273,dipole_change,*[CH-][N+](C)=C(C)C#N,*C(=[O+][CH-]C)C(C)=O
1222,1274,dipole_change,*[CH-][N+](C)=C(C)C#N,*C(=[O+][CH-]C)C(C)=O
1273,1274,dipole_change,*C,*C
1059,1060,dipole_change,*C#N,*C#N
2107,2108,dipole_change,*[N-]C(C)=O,*[N-]C(C)=O
1408,1409,dipole_change,*c1ccccc1,*c1ccccc1
1406,1407,dipole_change,*c1ccccc1,*c1ccccc1
287,290,dipole_change,*C#N,*C#N
1682,1684,dipole_change,*C(C)=O,*C(C)=O
288,289,dipole_change,*C#N,*C#N
1601,1602,dipole_change,*C(C)=O,*C(C)=O
1151,1152,dipole_change,*[N-]C(=O)NC,*[N-]C(=O)NC
1811,1812,dipole_change,*NC,*NC
931,932,dipole_change,*NC,*NC
1564,1565,dipole_change,*C=[NH+][C-](C)C#N,*C=[NH+][C-](C)C#N
675,676,dipole_change,*[N-][N+]#CC#N,*[N-][N+]#CC#N
1566,1567,dipole_change,*C=[NH+][C-](C)C#N,*C=[NH+][C-](C)C#N
673,674,dipole_change,*[N-][N+]#CC#N,*[N-][N+]#CC#N
2802,2804,dipole_change,*NC,*NC
3064,3066,dipole_change,*c1ccccc1,*c1ccccc1
2458,2459,dipole_change,*C(=O)NC,*C(=O)NC
1895,1898,dipole_change,*NC,*NC
2803,2805,dipole_change,*NC,*NC
3065,3067,dipole_change,*c1ccccc1,*c1ccccc1
2456,2457,dipole_change,*C(=O)NC,*C(=O)NC
1069,1070,dipole_change,*C(=O)OC,*C(=O)OC
1071,1072,dipole_change,*C(=O)OC,*C(=O)OC
1703,1706,dipole_change,*C,*C
799,800,dipole_change,*C(=O)NC,*C(=O)NC
889,890,dipole_change,*C,*C
984,985,dipole_change,*C#N,*C#N
1345,1346,dipole_change,*[C-](C#N)C(=O)NC,*[C-](C#N)C(=O)NC
1434,1435,dipole_change,*[NH+]=C(C)C(C)=O,*[NH+]=C(C)C(C)=O
2917,2918,dipole_change,*c1ccccc1,*c1ccccc1
2927,2928,dipole_change,*C,*C
1756,1757,dipole_change,*[c-]1[nH+]c(C#N)oc1=O,*[c-]1[nH+]c(C#N)oc1=O
1116,1117,dipole_change,*[CH-]C#N,*[CH-]C#N
3098,3099,dipole_change,*c1ccccc1,*c1ccccc1
3137,3138,dipole_change,*C#N,*C#N
2361,2362,dipole_change,*C,*C
460,461,dipole_change,*C=[O+][N-]C#N,*C=[O+][N-]C#N
1760,1761,dipole_change,*NC,*NC
454,455,dipole_change,*C,*C
1728,1729,dipole_change,*C(=O)OC,*C(=O)OC
1012,1013,dipole_change,*C(C)=O,*C(C)=O
518,519,dipole_change,*C,*C
2367,2368,dipole_change,*C(=O)OC,*C(=O)OC
1953,1954,dipole_change,*c1ccccc1,*c1ccccc1
2246,2247,dipole_change,*OC,*OC
2490,2491,dipole_change,*C(=O)OC,*C(=O)OC
2343,2344,dipole_change,*C,*C
2824,2825,dipole_change,*[O+]=C(C#N)C(=O)OC,*[O+]=C(C#N)C(=O)OC
144,145,dipole_change,*C(=O)[N-][NH+]=CC,*C(=O)[N-][NH+]=CC
22,23,dipole_change,*C,*C
2300,2301,dipole_change,*OC,*OC
1570,1571,dipole_change,*[CH-]C(C)=O,*[CH-]C(C)=O
2135,2136,dipole_change,*C,*C
2925,2926,dipole_change,*c1ccccc1,*c1ccccc1
3192,3193,dipole_change,*C,*C
2090,2091,dipole_change,*C#N,*C#N
2399,2400,dipole_change,*[NH+]=CC(=O)OC,*[NH+]=CC(=O)OC
2842,2843,dipole_change,*c1ccccc1,*c1ccccc1
1417,1418,dipole_change,*C=[N+](C)[N-]C#N,*C=[N+](C)[N-]C#N
2830,2831,dipole_change,*C,*C
3161,3162,dipole_change,*C,*C
2236,2237,dipole_change,*C(=O)NC,*C(=O)NC
1843,1844,dipole_change,*NC,*NC
2474,2475,dipole_change,*C,*C
2309,2310,dipole_change,*C(C)=O,*C(C)=O
3209,3210,dipole_change,*[C-](C(C)=O)C(=O)OC,*[C-](C(C)=O)C(=O)OC
2792,2793,dipole_change,*[CH-]C,*[CH-]C
2264,2265,dipole_change,*C,*C
2578,2579,dipole_change,*C,*C
2062,2063,dipole_change,*C,*C
1803,1804,dipole_change,*C,*C
490,491,dipole_change,*C,*C
225,226,dipole_change,*C#N,*C#N
3008,3009,dipole_change,*[N+]#Cc1ccccc1,*[N+]#Cc1ccccc1
2605,2606,dipole_change,*C(=O)OC,*C(=O)OC
2996,2997,dipole_change,*c1ccccc1,*c1ccccc1
2004,2005,dipole_change,*NC,*NC
2439,2440,dipole_change,*C,*C
1996,1997,dipole_change,*c1ccccc1,*c1ccccc1
444,445,dipole_change,*C(=O)[N-][N+]#N,*C(=O)[N-][N+]#N
2628,2629,dipole_change,*C,*C
2972,2973,dipole_change,*C,*C
3079,3080,dipole_change,*C(=O)NC,*C(=O)NC
2955,2956,dipole_change,*C,*C
2947,2948,dipole_change,*C(C)=O,*C(C)=O
1464,1465,dipole_change,*[c-]1[o+]c(C)oc1=O,*[c-]1[o+]c(C)oc1=O
1928,1929,dipole_change,*NC(=O)C#[N+][N-]C#N,*NC(=O)C#[N+][N-]C#N
2152,2153,dipole_change,*[N+]#CC#N,*[N+]#CC#N
2202,2203,dipole_change,*OC,*OC
730,731,dipole_change,*C(=O)[C-](C)[N+]#C,*C(=O)[C-](C)[N+]#C
3014,3015,dipole_change,*NC,*NC
2658,2659,dipole_change,*[C-](C)C(C)=O,*[C-](C)C(C)=O
3002,3003,dipole_change,*NC,*NC
1829,1830,dipole_change,*C(C)=O,*C(C)=O
2323,2324,dipole_change,*C,*C
1980,1981,dipole_change,*C#N,*C#N
2611,2612,dipole_change,*C(=O)NC,*C(=O)NC
2192,2193,dipole_change,*C,*C
2325,2326,dipole_change,*C(=O)NC,*C(=O)NC
1680,1681,dipole_change,*[C-](C#N)[NH+]=CC(C)=O,*[C-](C#N)[NH+]=CC(C)=O
1359,1360,dipole_change,*C(=O)NC,*C(=O)NC
2565,2566,dipole_change,*NC,*NC
2204,2205,dipole_change,*C#N,*C#N
2913,2914,dipole_change,*OC,*OC
2884,2885,dipole_change,*c1ccccc1,*c1ccccc1
500,502,dipole_change,*C,*C
1549,1550,dipole_change,*NC,*NC
501,503,dipole_change,*C,*C
995,997,dipole_change,*c1ccccc1,*c1ccccc1
828,830,dipole_change,*[C-]([N+]#CC)C(=O)NC,*[C-]([N+]#CC)C(=O)NC
827,829,dipole_change,*[C-]([N+]#CC)C(=O)NC,*[C-]([N+]#CC)C(=O)NC
994,996,dipole_change,*c1ccccc1,*c1ccccc1
710,711,dipole_change,*C#N,*C#N
712,713,dipole_change,*C#N,*C#N
1271,1272,dipole_change,*C(=O)OC,*C(=O)OC
1316,1317,dipole_change,*[C-](C)C(C)=O,*[C-](C)C(C)=O
761,762,dipole_change,*[c-]1[o+]c(C#N)oc1=O,*[c-]1[o+]c(C#N)oc1=O
1181,1182,dipole_change,*C,*C
285,286,dipole_change,*c1ccccc1,*c1ccccc1
283,284,dipole_change,*c1ccccc1,*c1ccccc1
187,188,dipole_change,*C,*C
186,189,dipole_change,*C,*C
966,968,dipole_change,*C,*C
2444,2445,dipole_change,*C,*C
2590,2591,dipole_change,*C,*C
965,967,dipole_change,*C,*C
2442,2443,dipole_change,*C,*C
2589,2592,dipole_change,*C,*C
192,193,dipole_change,*C=[O+][C-](C)C#N,*C=[O+][C-](C)C#N
192,475,dipole_change,*[C-](C)[O+]=CC,*[CH-][O+]=C(C)C(=O)OC
192,476,dipole_change,*[C-](C)[O+]=CC,*[CH-][O+]=C(C)C(=O)OC
193,475,dipole_change,*[C-](C)[O+]=CC,*[CH-][O+]=C(C)C(=O)OC
193,476,dipole_change,*[C-](C)[O+]=CC,*[CH-][O+]=C(C)C(=O)OC
475,476,dipole_change,*C(=O)C(C)=[O+][CH-]C#N,*C(=O)C(C)=[O+][CH-]C#N
475,910,dipole_change,*C(C)=[O+][CH-]C#N,*C(C)=[NH+][CH-]C(=O)NC
475,911,dipole_change,*C(C)=[O+][CH-]C#N,*C(C)=[NH+][CH-]C(=O)NC
476,910,dipole_change,*C(C)=[O+][CH-]C#N,*C(C)=[NH+][CH-]C(=O)NC
476,911,dipole_change,*C(C)=[O+][CH-]C#N,*C(C)=[NH+][CH-]C(=O)NC
910,911,dipole_change,*OC,*OC
641,643,dipole_change,*C#N,*C#N
2452,2454,dipole_change,*C,*C
642,644,dipole_change,*C#N,*C#N
2453,2455,dipole_change,*C,*C
1868,1869,dipole_change,*C,*C
939,940,dipole_change,*OC,*OC
1096,1097,dipole_change,*NC,*NC
2217,2218,dipole_change,*C(=O)NC,*C(=O)NC
2219,2220,dipole_change,*C(=O)NC,*C(=O)NC
1885,1886,dipole_change,*[CH-]C(C)=O,*[CH-]C(C)=O
1243,1244,dipole_change,*C(C)=O,*C(C)=O
2790,2791,dipole_change,*C(=O)NC,*C(=O)NC
2985,2986,dipole_change,*OC,*OC
293,294,dipole_change,*C,*C
1612,1614,dipole_change,*C(=O)OC,*C(=O)OC
406,408,dipole_change,*C(C)=O,*C(C)=O
295,296,dipole_change,*C,*C
1611,1613,dipole_change,*C(=O)OC,*C(=O)OC
407,409,dipole_change,*C(C)=O,*C(C)=O
212,215,dipole_change,*C(C)=[O+][C-](C)C#N,*C(C)=[O+][C-](C)C#N
213,214,dipole_change,*C(C)=[O+][C-](C)C#N,*C(C)=[O+][C-](C)C#N
86,87,dipole_change,*C#[N+][O-],*C#[N+][O-]
431,432,dipole_change,*[C-](C)[O+]=C(C)C(C)=O,*[C-](C)[O+]=C(C)C(C)=O
1002,1003,dipole_change,*OC,*OC
1000,1001,dipole_change,*OC,*OC
496,498,dipole_change,*[N-][NH+]=CC,*[N-][NH+]=CC
497,499,dipole_change,*[N-][NH+]=CC,*[N-][NH+]=CC
1808,1810,dipole_change,*C(=O)NC,*C(=O)NC
2064,2066,dipole_change,*c1ccccc1,*c1ccccc1
2890,2891,dipole_change,*C,*C
520,521,dipole_change,*C(C)=[O+][NH-],*C(C)=[O+][NH-]
1807,1809,dipole_change,*C(=O)NC,*C(=O)NC
2065,2067,dipole_change,*c1ccccc1,*c1ccccc1
2892,2893,dipole_change,*C,*C
522,523,dipole_change,*C(C)=[O+][NH-],*C(C)=[O+][NH-]
457,459,dipole_change,*C(=O)[N-][N+](C)=NC,*C(=O)[N-][N+](C)=NC
456,458,dipole_change,*C(=O)[N-][N+](C)=NC,*C(=O)[N-][N+](C)=NC
825,826,dipole_change,*C(C)=O,*C(C)=O
1918,1919,dipole_change,*NC,*NC
1279,1280,dipole_change,*C,*C
758,759,dipole_change,*[N-]C(=O)NC,*[N-]C(=O)NC
756,757,dipole_change,*[N-]C(=O)NC,*[N-]C(=O)NC
750,751,dipole_change,*C(=O)OC,*C(=O)OC
961,962,dipole_change,*[C-](C(C)=O)C(=O)NC,*[C-](C(C)=O)C(=O)NC
2221,2222,dipole_change,*OC,*OC
231,232,dipole_change,*OC(=O)[C-](C)[N+]#N,*OC(=O)[C-](C)[N+]#N
120,121,dipole_change,*[N+](C)=C(C)C,*[N+](C)=C(C)C
4665,4666,dipole_change,*C(=O)C=[O+][CH2-],*C(=O)C=[O+][CH2-]
4985,4986,dipole_change,*C(=O)OC,*C(=O)OC
4985,5245,dipole_change,*C(=O)C(C#N)=[NH+][CH2-],*C(=O)[C-](C#N)[N+](=C)C
4985,5246,dipole_change,*C(=O)C(C#N)=[NH+][CH2-],*C(=O)[C-](C#N)[N+](=C)C
4985,5261,dipole_change,*C(=O)C(C#N)=[NH+][CH2-],*C(=O)[C-]([N+]#C)C(C)=O
4985,5262,dipole_change,*C(=O)C(C#N)=[NH+][CH2-],*C(=O)[C-]([N+]#C)C(C)=O
4985,5439,dipole_change,*C(C#N)=[NH+][CH2-],*C(=[O+][CH2-])C(=O)NC
4985,5440,dipole_change,*C(C#N)=[NH+][CH2-],*C(=[O+][CH2-])C(=O)NC
4986,5245,dipole_change,*C(=O)C(C#N)=[NH+][CH2-],*C(=O)[C-](C#N)[N+](=C)C
4986,5246,dipole_change,*C(=O)C(C#N)=[NH+][CH2-],*C(=O)[C-](C#N)[N+](=C)C
4986,5261,dipole_change,*C(=O)C(C#N)=[NH+][CH2-],*C(=O)[C-]([N+]#C)C(C)=O
4986,5262,dipole_change,*C(=O)C(C#N)=[NH+][CH2-],*C(=O)[C-]([N+]#C)C(C)=O
4986,5439,dipole_change,*C(C#N)=[NH+][CH2-],*C(=[O+][CH2-])C(=O)NC
4986,5440,dipole_change,*C(C#N)=[NH+][CH2-],*C(=[O+][CH2-])C(=O)NC
5245,5246,dipole_change,*C#N,*C#N
5245,5261,dipole_change,*C(=O)[C-](C#N)[N+](=C)C,*C(=O)[C-]([N+]#C)C(C)=O
5245,5262,dipole_change,*C(=O)[C-](C#N)[N+](=C)C,*C(=O)[C-]([N+]#C)C(C)=O
5245,5439,dipole_change,*[C-](C#N)[N+](=C)C,*C(=[O+][CH2-])C(=O)NC
5245,5440,dipole_change,*[C-](C#N)[N+](=C)C,*C(=[O+][CH2-])C(=O)NC
5246,5261,dipole_change,*C(=O)[C-](C#N)[N+](=C)C,*C(=O)[C-]([N+]#C)C(C)=O
5246,5262,dipole_change,*C(=O)[C-](C#N)[N+](=C)C,*C(=O)[C-]([N+]#C)C(C)=O
5246,5439,dipole_change,*[C-](C#N)[N+](=C)C,*C(=[O+][CH2-])C(=O)NC
5246,5440,dipole_change,*[C-](C#N)[N+](=C)C,*C(=[O+][CH2-])C(=O)NC
5261,5262,dipole_change,*OC,*OC
5261,5439,dipole_change,*[C-]([N+]#C)C(C)=O,*C(=[O+][CH2-])C(=O)NC
5261,5440,dipole_change,*[C-]([N+]#C)C(C)=O,*C(=[O+][CH2-])C(=O)NC
5262,5439,dipole_change,*[C-]([N+]#C)C(C)=O,*C(=[O+][CH2-])C(=O)NC
5262,5440,dipole_change,*[C-]([N+]#C)C(C)=O,*C(=[O+][CH2-])C(=O)NC
5439,5440,dipole_change,*C,*C
5439,5470,dipole_change,*C(=[O+][CH2-])C(=O)OC,*[C-]([O+]=C)C(=O)NC
5440,5470,dipole_change,*C(=[O+][CH2-])C(=O)OC,*[C-]([O+]=C)C(=O)NC
4407,4408,dipole_change,*C,*C
4894,4895,dipole_change,*[N-][N+]#C,*[N-][N+]#C
4290,4291,dipole_change,*C,*C
5238,5239,dipole_change,*[N+]#CC(C)=O,*[N+]#CC(C)=O
5238,5277,dipole_change,*C#[N+][CH-]C(=O)OC,*[CH-][O+]=CC(=O)NC
5238,5278,dipole_change,*C#[N+][CH-]C(=O)OC,*[CH-][O+]=CC(=O)NC
5239,5277,dipole_change,*C#[N+][CH-]C(=O)OC,*[CH-][O+]=CC(=O)NC
5239,5278,dipole_change,*C#[N+][CH-]C(=O)OC,*[CH-][O+]=CC(=O)NC
5277,5278,dipole_change,*C(C)=O,*C(C)=O
5620,5621,dipole_change,*c1ccccc1,*c1ccccc1
4631,4632,dipole_change,*C#N,*C#N
4631,5146,dipole_change,*[C-](C#N)[N+]#CC#N,*[C-]([O+]=CC)C(=O)NC
4631,5147,dipole_change,*[C-](C#N)[N+]#CC#N,*[C-]([O+]=CC)C(=O)NC
4631,5173,dipole_change,*C#N,*C(=O)NC
4631,5174,dipole_change,*C#N,*C(=O)NC
4631,5413,dipole_change,*C#N,*c1ccccc1
4631,5414,dipole_change,*C#N,*c1ccccc1
4632,5146,dipole_change,*[C-](C#N)[N+]#CC#N,*[C-]([O+]=CC)C(=O)NC
4632,5147,dipole_change,*[C-](C#N)[N+]#CC#N,*[C-]([O+]=CC)C(=O)NC
4632,5173,dipole_change,*C#N,*C(=O)NC
4632,5174,dipole_change,*C#N,*C(=O)NC
4632,5413,dipole_change,*C#N,*c1ccccc1
4632,5414,dipole_change,*C#N,*c1ccccc1
5146,5147,dipole_change,*[O+]=CC,*[O+]=CC
5146,5173,dipole_change,*C(=O)[C-](C)[O+]=CC,*C(=O)C#[N+][C-](C)C#N
5146,5174,dipole_change,*C(=O)[C-](C)[O+]=CC,*C(=O)C#[N+][C-](C)C#N
5146,5580,dipole_change,*[C-](C)[O+]=CC,*C=[NH+][C-](C#N)C(C)=O
5146,5581,dipole_change,*[C-](C)[O+]=CC,*C=[NH+][C-](C#N)C(C)=O
5146,5609,dipole_change,*[C-](C)[O+]=CC,*[C-]([N+]#CC)C(=O)NC
5146,5610,dipole_change,*[C-](C)[O+]=CC,*[C-]([N+]#CC)C(=O)NC
5146,5622,dipole_change,*[C-](C)[O+]=CC,*C(=[NH+][CH-]C)C(=O)OC
5146,5623,dipole_change,*[C-](C)[O+]=CC,*C(=[NH+][CH-]C)C(=O)OC
5147,5173,dipole_change,*C(=O)[C-](C)[O+]=CC,*C(=O)C#[N+][C-](C)C#N
5147,5174,dipole_change,*C(=O)[C-](C)[O+]=CC,*C(=O)C#[N+][C-](C)C#N
5147,5580,dipole_change,*[C-](C)[O+]=CC,*C=[NH+][C-](C#N)C(C)=O
5147,5581,dipole_change,*[C-](C)[O+]=CC,*C=[NH+][C-](C#N)C(C)=O
5147,5609,dipole_change,*[C-](C)[O+]=CC,*[C-]([N+]#CC)C(=O)NC
5147,5610,dipole_change,*[C-](C)[O+]=CC,*[C-]([N+]#CC)C(=O)NC
5147,5622,dipole_change,*[C-](C)[O+]=CC,*C(=[NH+][CH-]C)C(=O)OC
5147,5623,dipole_change,*[C-](C)[O+]=CC,*C(=[NH+][CH-]C)C(=O)OC
5173,5174,dipole_change,*C(=O)NC,*C(=O)NC
5173,5413,dipole_change,*C(=O)NC,*c1ccccc1
5173,5414,dipole_change,*C(=O)NC,*c1ccccc1
5173,5580,dipole_change,*C#[N+][C-](C)C#N,*C=[NH+][C-](C#N)C(C)=O
5173,5581,dipole_change,*C#[N+][C-](C)C#N,*C=[NH+][C-](C#N)C(C)=O
5173,5609,dipole_change,*C#[N+][C-](C)C#N,*[C-]([N+]#CC)C(=O)NC
5173,5610,dipole_change,*C#[N+][C-](C)C#N,*[C-]([N+]#CC)C(=O)NC
5173,5622,dipole_change,*C#[N+][C-](C)C#N,*C(=[NH+][CH-]C)C(=O)OC
5173,5623,dipole_change,*C#[N+][C-](C)C#N,*C(=[NH+][CH-]C)C(=O)OC
5174,5413,dipole_change,*C(=O)NC,*c1ccccc1
5174,5414,dipole_change,*C(=O)NC,*c1ccccc1
5174,5580,dipole_change,*C#[N+][C-](C)C#N,*C=[NH+][C-](C#N)C(C)=O
5174,5581,dipole_change,*C#[N+][C-](C)C#N,*C=[NH+][C-](C#N)C(C)=O
5174,5609,dipole_change,*C#[N+][C-](C)C#N,*[C-]([N+]#CC)C(=O)NC
5174,5610,dipole_change,*C#[N+][C-](C)C#N,*[C-]([N+]#CC)C(=O)NC
5174,5622,dipole_change,*C#[N+][C-](C)C#N,*C(=[NH+][CH-]C)C(=O)OC
5174,5623,dipole_change,*C#[N+][C-](C)C#N,*C(=[NH+][CH-]C)C(=O)OC
5334,5413,dipole_change,*C#[N+][C-](C)C,*C#[N+][C-](C)C#N
5334,5414,dipole_change,*C#[N+][C-](C)C,*C#[N+][C-](C)C#N
5334,5660,dipole_change,*C#[N+][C-](C)C,*[C-](C)[NH+]=CC(C)=O
5334,5661,dipole_change,*C#[N+][C-](C)C,*[C-](C)[NH+]=CC(C)=O
5334,5727,dipole_change,*C#[N+][C-](C)C,*[C-]([N+]#CC)C(=O)OC
5334,5728,dipole_change,*C#[N+][C-](C)C,*[C-]([N+]#CC)C(=O)OC
5334,5744,dipole_change,*C#[N+][C-](C)C,*C(C)=[O+][CH-]C(=O)OC
5334,5745,dipole_change,*C#[N+][C-](C)C,*C(C)=[O+][CH-]C(=O)OC
5334,5755,dipole_change,*C#[N+][C-](C)C,*[C-](C(C)=O)[N+](C)=CC
5334,5756,dipole_change,*C#[N+][C-](C)C,*[C-](C(C)=O)[N+](C)=CC
5413,5414,dipole_change,*C#N,*C#N
5413,5660,dipole_change,*C#[N+][C-](C)C#N,*[C-](C)[NH+]=CC(C)=O
5413,5661,dipole_change,*C#[N+][C-](C)C#N,*[C-](C)[NH+]=CC(C)=O
5413,5727,dipole_change,*C#[N+][C-](C)C#N,*[C-]([N+]#CC)C(=O)OC
5413,5728,dipole_change,*C#[N+][C-](C)C#N,*[C-]([N+]#CC)C(=O)OC
5413,5744,dipole_change,*C#[N+][C-](C)C#N,*C(C)=[O+][CH-]C(=O)OC
5413,5745,dipole_change,*C#[N+][C-](C)C#N,*C(C)=[O+][CH-]C(=O)OC
5413,5755,dipole_change,*C#[N+][C-](C)C#N,*[C-](C(C)=O)[N+](C)=CC
5413,5756,dipole_change,*C#[N+][C-](C)C#N,*[C-](C(C)=O)[N+](C)=CC
5413,5854,dipole_change,*C,*c1ccccc1
5413,5855,dipole_change,*C,*c1ccccc1
5414,5660,dipole_change,*C#[N+][C-](C)C#N,*[C-](C)[NH+]=CC(C)=O
5414,5661,dipole_change,*C#[N+][C-](C)C#N,*[C-](C)[NH+]=CC(C)=O
5414,5727,dipole_change,*C#[N+][C-](C)C#N,*[C-]([N+]#CC)C(=O)OC
5414,5728,dipole_change,*C#[N+][C-](C)C#N,*[C-]([N+]#CC)C(=O)OC
5414,5744,dipole_change,*C#[N+][C-](C)C#N,*C(C)=[O+][CH-]C(=O)OC
5414,5745,dipole_change,*C#[N+][C-](C)C#N,*C(C)=[O+][CH-]C(=O)OC
5414,5755,dipole_change,*C#[N+][C-](C)C#N,*[C-](C(C)=O)[N+](C)=CC
5414,5756,dipole_change,*C#[N+][C-](C)C#N,*[C-](C(C)=O)[N+](C)=CC
5414,5854,dipole_change,*C,*c1ccccc1
5414,5855,dipole_change,*C,*c1ccccc1
5476,5477,dipole_change,*C,*C
5476,5644,dipole_change,*C,*OC
5477,5644,dipole_change,*C,*OC
5550,5551,dipole_change,*[C-](C#N)C#N,*[C-](C#N)C#N
5550,5622,dipole_change,*C=[N+](C)[C-](C#N)C#N,*C(=[NH+][CH-]C)C(=O)NC
5550,5623,dipole_change,*C=[N+](C)[C-](C#N)C#N,*C(=[NH+][CH-]C)C(=O)NC
5550,5626,dipole_change,*C=[N+](C)[C-](C#N)C#N,*C(C)=[O+][CH-]C(=O)OC
5550,5627,dipole_change,*C=[N+](C)[C-](C#N)C#N,*C(C)=[O+][CH-]C(=O)OC
5550,5644,dipole_change,*C=[N+](C)[C-](C#N)C#N,*C(C(C)=O)=[N+](C)[CH-]C
5551,5622,dipole_change,*C=[N+](C)[C-](C#N)C#N,*C(=[NH+][CH-]C)C(=O)NC
5551,5623,dipole_change,*C=[N+](C)[C-](C#N)C#N,*C(=[NH+][CH-]C)C(=O)NC
5551,5626,dipole_change,*C=[N+](C)[C-](C#N)C#N,*C(C)=[O+][CH-]C(=O)OC
5551,5627,dipole_change,*C=[N+](C)[C-](C#N)C#N,*C(C)=[O+][CH-]C(=O)OC
5551,5644,dipole_change,*C=[N+](C)[C-](C#N)C#N,*C(C(C)=O)=[N+](C)[CH-]C
5580,5581,dipole_change,*[C-](C#N)C(C)=O,*[C-](C#N)C(C)=O
5580,5609,dipole_change,*C=[NH+][C-](C#N)C(C)=O,*[C-]([N+]#CC)C(=O)NC
5580,5610,dipole_change,*C=[NH+][C-](C#N)C(C)=O,*[C-]([N+]#CC)C(=O)NC
5580,5622,dipole_change,*C=[NH+][C-](C#N)C(C)=O,*C(=[NH+][CH-]C)C(=O)OC
5580,5623,dipole_change,*C=[NH+][C-](C#N)C(C)=O,*C(=[NH+][CH-]C)C(=O)OC
5580,5700,dipole_change,*[NH+]=CC(=O)NC,*[N+](C)=CC(=O)NC
5580,5701,dipole_change,*[NH+]=CC(=O)NC,*[N+](C)=CC(=O)NC
5581,5609,dipole_change,*C=[NH+][C-](C#N)C(C)=O,*[C-]([N+]#CC)C(=O)NC
5581,5610,dipole_change,*C=[NH+][C-](C#N)C(C)=O,*[C-]([N+]#CC)C(=O)NC
5581,5622,dipole_change,*C=[NH+][C-](C#N)C(C)=O,*C(=[NH+][CH-]C)C(=O)OC
5581,5623,dipole_change,*C=[NH+][C-](C#N)C(C)=O,*C(=[NH+][CH-]C)C(=O)OC
5581,5700,dipole_change,*[NH+]=CC(=O)NC,*[N+](C)=CC(=O)NC
5581,5701,dipole_change,*[NH+]=CC(=O)NC,*[N+](C)=CC(=O)NC
5609,5610,dipole_change,*C,*C
5609,5622,dipole_change,*[C-]([N+]#CC)C(=O)NC,*C(=[NH+][CH-]C)C(=O)OC
5609,5623,dipole_change,*[C-]([N+]#CC)C(=O)NC,*C(=[NH+][CH-]C)C(=O)OC
5610,5622,dipole_change,*[C-]([N+]#CC)C(=O)NC,*C(=[NH+][CH-]C)C(=O)OC
5610,5623,dipole_change,*[C-]([N+]#CC)C(=O)NC,*C(=[NH+][CH-]C)C(=O)OC
5622,5623,dipole_change,*[CH-]C,*[CH-]C
5622,5626,dipole_change,*C(=[NH+][CH-]C)C(=O)NC,*C(C)=[O+][CH-]C(=O)OC
5622,5627,dipole_change,*C(=[NH+][CH-]C)C(=O)NC,*C(C)=[O+][CH-]C(=O)OC
5622,5644,dipole_change,*C(=[NH+][CH-]C)C(=O)NC,*C(C(C)=O)=[N+](C)[CH-]C
5623,5626,dipole_change,*C(=[NH+][CH-]C)C(=O)NC,*C(C)=[O+][CH-]C(=O)OC
5623,5627,dipole_change,*C(=[NH+][CH-]C)C(=O)NC,*C(C)=[O+][CH-]C(=O)OC
5623,5644,dipole_change,*C(=[NH+][CH-]C)C(=O)NC,*C(C(C)=O)=[N+](C)[CH-]C
5626,5627,dipole_change,*C,*C
5626,5644,dipole_change,*C(C)=[O+][CH-]C(=O)OC,*C(C(C)=O)=[N+](C)[CH-]C
5626,5744,dipole_change,*C(=O)OC,*c1ccccc1
5626,5745,dipole_change,*C(=O)OC,*c1ccccc1
5627,5644,dipole_change,*C(C)=[O+][CH-]C(=O)OC,*C(C(C)=O)=[N+](C)[CH-]C
5627,5744,dipole_change,*C(=O)OC,*c1ccccc1
5627,5745,dipole_change,*C(=O)OC,*c1ccccc1
5660,5661,dipole_change,*[C-](C)[NH+]=CC(C)=O,*[C-](C)[NH+]=CC(C)=O
5660,5727,dipole_change,*[C-](C)[NH+]=CC(C)=O,*[C-]([N+]#CC)C(=O)OC
5660,5728,dipole_change,*[C-](C)[NH+]=CC(C)=O,*[C-]([N+]#CC)C(=O)OC
5660,5744,dipole_change,*[C-](C)[NH+]=CC(C)=O,*C(C)=[O+][CH-]C(=O)OC
5660,5745,dipole_change,*[C-](C)[NH+]=CC(C)=O,*C(C)=[O+][CH-]C(=O)OC
5660,5755,dipole_change,*[C-](C)[NH+]=CC(C)=O,*[C-](C(C)=O)[N+](C)=CC
5660,5756,dipole_change,*[C-](C)[NH+]=CC(C)=O,*[C-](C(C)=O)[N+](C)=CC
5661,5727,dipole_change,*[C-](C)[NH+]=CC(C)=O,*[C-]([N+]#CC)C(=O)OC
5661,5728,dipole_change,*[C-](C)[NH+]=CC(C)=O,*[C-]([N+]#CC)C(=O)OC
5661,5744,dipole_change,*[C-](C)[NH+]=CC(C)=O,*C(C)=[O+][CH-]C(=O)OC
5661,5745,dipole_change,*[C-](C)[NH+]=CC(C)=O,*C(C)=[O+][CH-]C(=O)OC
5661,5755,dipole_change,*[C-](C)[NH+]=CC(C)=O,*[C-](C(C)=O)[N+](C)=CC
5661,5756,dipole_change,*[C-](C)[NH+]=CC(C)=O,*[C-](C(C)=O)[N+](C)=CC
5700,5701,dipole_change,*C#N,*C#N
5714,5715,dipole_change,*C(=O)NC,*C(=O)NC
5727,5728,dipole_change,*c1ccccc1,*c1ccccc1
5727,5744,dipole_change,*[C-]([N+]#CC)C(=O)OC,*C(C)=[O+][CH-]C(=O)OC
5727,5745,dipole_change,*[C-]([N+]#CC)C(=O)OC,*C(C)=[O+][CH-]C(=O)OC
5727,5755,dipole_change,*[C-]([N+]#CC)C(=O)OC,*[C-](C(C)=O)[N+](C)=CC
5727,5756,dipole_change,*[C-]([N+]#CC)C(=O)OC,*[C-](C(C)=O)[N+](C)=CC
5728,5744,dipole_change,*[C-]([N+]#CC)C(=O)OC,*C(C)=[O+][CH-]C(=O)OC
5728,5745,dipole_change,*[C-]([N+]#CC)C(=O)OC,*C(C)=[O+][CH-]C(=O)OC
5728,5755,dipole_change,*[C-]([N+]#CC)C(=O)OC,*[C-](C(C)=O)[N+](C)=CC
5728,5756,dipole_change,*[C-]([N+]#CC)C(=O)OC,*[C-](C(C)=O)[N+](C)=CC
5744,5745,dipole_change,*C(=O)OC,*C(=O)OC
5744,5755,dipole_change,*C(C)=[O+][CH-]C(=O)OC,*[C-](C(C)=O)[N+](C)=CC
5744,5756,dipole_change,*C(C)=[O+][CH-]C(=O)OC,*[C-](C(C)=O)[N+](C)=CC
5745,5755,dipole_change,*C(C)=[O+][CH-]C(=O)OC,*[C-](C(C)=O)[N+](C)=CC
5745,5756,dipole_change,*C(C)=[O+][CH-]C(=O)OC,*[C-](C(C)=O)[N+](C)=CC
5755,5756,dipole_change,*[C-](C(C)=O)[N+](C)=CC,*[C-](C(C)=O)[N+](C)=CC
5755,5860,dipole_change,*[N+](C)=CC,*[NH+]=CC(=O)OC
5755,5861,dipole_change,*[N+](C)=CC,*[NH+]=CC(=O)OC
5755,5908,dipole_change,*[N+](C)=CC,*[N+]#Cc1ccccc1
5755,5909,dipole_change,*[N+](C)=CC,*[N+]#Cc1ccccc1
5756,5860,dipole_change,*[N+](C)=CC,*[NH+]=CC(=O)OC
5756,5861,dipole_change,*[N+](C)=CC,*[NH+]=CC(=O)OC
5756,5908,dipole_change,*[N+](C)=CC,*[N+]#Cc1ccccc1
5756,5909,dipole_change,*[N+](C)=CC,*[N+]#Cc1ccccc1
5854,5855,dipole_change,*c1ccccc1,*c1ccccc1
5854,5908,dipole_change,*C#N,*C(C)=O
5854,5909,dipole_change,*C#N,*C(C)=O
5855,5908,dipole_change,*C#N,*C(C)=O
5855,5909,dipole_change,*C#N,*C(C)=O
5860,5861,dipole_change,*C,*C
5860,5908,dipole_change,*[NH+]=CC(=O)OC,*[N+]#Cc1ccccc1
5860,5909,dipole_change,*[NH+]=CC(=O)OC,*[N+]#Cc1ccccc1
5861,5908,dipole_change,*[NH+]=CC(=O)OC,*[N+]#Cc1ccccc1
5861,5909,dipole_change,*[NH+]=CC(=O)OC,*[N+]#Cc1ccccc1
5868,5869,dipole_change,*c1ccccc1,*c1ccccc1
5868,5910,dipole_change,*[CH-]C#N,*[CH-]C(C)=O
5868,5911,dipole_change,*[CH-]C#N,*[CH-]C(C)=O
5869,5910,dipole_change,*[CH-]C#N,*[CH-]C(C)=O
5869,5911,dipole_change,*[CH-]C#N,*[CH-]C(C)=O
5900,5901,dipole_change,*C,*C
5902,5903,dipole_change,*C(=O)NC,*C(=O)NC
5904,5905,dipole_change,*[CH-]c1ccccc1,*[CH-]c1ccccc1
5908,5909,dipole_change,*[N+]#Cc1ccccc1,*[N+]#Cc1ccccc1
5910,5911,dipole_change,*c1ccccc1,*c1ccccc1
5942,5943,dipole_change,*C,*C
4624,4625,dipole_change,*[NH-],*[NH-]
4742,4743,dipole_change,*C,*C
4742,4926,dipole_change,*[N-][N+]#CC(C)=O,*C#[N+][N-]C(=O)NC
4742,4927,dipole_change,*[N-][N+]#CC(C)=O,*C#[N+][N-]C(=O)NC
4742,4956,dipole_change,*C,*NC
4742,4957,dipole_change,*C,*NC
4742,5045,dipole_change,*[N-][N+]#CC(C)=O,*C=[O+][N-]C(=O)OC
4742,5046,dipole_change,*[N-][N+]#CC(C)=O,*C=[O+][N-]C(=O)OC
4743,4926,dipole_change,*[N-][N+]#CC(C)=O,*C#[N+][N-]C(=O)NC
4743,4927,dipole_change,*[N-][N+]#CC(C)=O,*C#[N+][N-]C(=O)NC
4743,4956,dipole_change,*C,*NC
4743,4957,dipole_change,*C,*NC
4743,5045,dipole_change,*[N-][N+]#CC(C)=O,*C=[O+][N-]C(=O)OC
4743,5046,dipole_change,*[N-][N+]#CC(C)=O,*C=[O+][N-]C(=O)OC
4926,4927,dipole_change,*[N-]C(=O)NC,*[N-]C(=O)NC
4926,4956,dipole_change,*NC(=O)[N-][N+]#CC#N,*NC(=O)C#[N+][N-]C#N
4926,4957,dipole_change,*NC(=O)[N-][N+]#CC#N,*NC(=O)C#[N+][N-]C#N
4926,5045,dipole_change,*NC(=O)[N-][N+]#CC#N,*OC(=O)[N-][O+]=CC#N
4926,5046,dipole_change,*NC(=O)[N-][N+]#CC#N,*OC(=O)[N-][O+]=CC#N
4926,5650,dipole_change,*[N+]#CC#N,*[O+]=Cc1ccccc1
4926,5651,dipole_change,*[N+]#CC#N,*[O+]=Cc1ccccc1
4927,4956,dipole_change,*NC(=O)[N-][N+]#CC#N,*NC(=O)C#[N+][N-]C#N
4927,4957,dipole_change,*NC(=O)[N-][N+]#CC#N,*NC(=O)C#[N+][N-]C#N
4927,5045,dipole_change,*NC(=O)[N-][N+]#CC#N,*OC(=O)[N-][O+]=CC#N
4927,5046,dipole_change,*NC(=O)[N-][N+]#CC#N,*OC(=O)[N-][O+]=CC#N
4927,5650,dipole_change,*[N+]#CC#N,*[O+]=Cc1ccccc1
4927,5651,dipole_change,*[N+]#CC#N,*[O+]=Cc1ccccc1
4956,4957,dipole_change,*NC(=O)C#[N+][N-]C#N,*NC(=O)C#[N+][N-]C#N
4956,5045,dipole_change,*NC(=O)C#[N+][N-]C#N,*OC(=O)[N-][O+]=CC#N
4956,5046,dipole_change,*NC(=O)C#[N+][N-]C#N,*OC(=O)[N-][O+]=CC#N
4957,5045,dipole_change,*NC(=O)C#[N+][N-]C#N,*OC(=O)[N-][O+]=CC#N
4957,5046,dipole_change,*NC(=O)C#[N+][N-]C#N,*OC(=O)[N-][O+]=CC#N
5045,5046,dipole_change,*C(=O)[N-][O+]=CC#N,*C(=O)[N-][O+]=CC#N
5650,5651,dipole_change,*c1ccccc1,*c1ccccc1
5650,5652,dipole_change,*C=[O+][N-]C(=O)NC,*[N-][N+](C)=CC(C)=O
5650,5653,dipole_change,*C=[O+][N-]C(=O)NC,*[N-][N+](C)=CC(C)=O
5651,5652,dipole_change,*C=[O+][N-]C(=O)NC,*[N-][N+](C)=CC(C)=O
5651,5653,dipole_change,*C=[O+][N-]C(=O)NC,*[N-][N+](C)=CC(C)=O
5652,5653,dipole_change,*[N-][N+](C)=CC(C)=O,*[N-][N+](C)=CC(C)=O
4366,4367,dipole_change,*C#[N+][O-],*C#[N+][O-]
5497,5498,dipole_change,*OC,*OC
5497,5516,dipole_change,*[C-](C)[NH+]=C(C#N)C#N,*c1[nH+][c-](C#N)c(=O)o1
5497,5517,dipole_change,*[C-](C)[NH+]=C(C#N)C#N,*c1[nH+][c-](C#N)c(=O)o1
5497,5605,dipole_change,*[C-](C)[NH+]=C(C#N)C#N,*[C-](C)[N+](C)=C(C)C#N
5497,5606,dipole_change,*[C-](C)[NH+]=C(C#N)C#N,*[C-](C)[N+](C)=C(C)C#N
5497,5721,dipole_change,*[NH+]=C(C#N)C#N,*[NH+]=C(C)C(=O)NC
5497,5722,dipole_change,*[NH+]=C(C#N)C#N,*[NH+]=C(C)C(=O)NC
5498,5516,dipole_change,*[C-](C)[NH+]=C(C#N)C#N,*c1[nH+][c-](C#N)c(=O)o1
5498,5517,dipole_change,*[C-](C)[NH+]=C(C#N)C#N,*c1[nH+][c-](C#N)c(=O)o1
5498,5605,dipole_change,*[C-](C)[NH+]=C(C#N)C#N,*[C-](C)[N+](C)=C(C)C#N
5498,5606,dipole_change,*[C-](C)[NH+]=C(C#N)C#N,*[C-](C)[N+](C)=C(C)C#N
5498,5721,dipole_change,*[NH+]=C(C#N)C#N,*[NH+]=C(C)C(=O)NC
5498,5722,dipole_change,*[NH+]=C(C#N)C#N,*[NH+]=C(C)C(=O)NC
5516,5517,dipole_change,*C(=O)OC,*C(=O)OC
5516,5605,dipole_change,*c1[nH+][c-](C#N)c(=O)o1,*[C-](C)[N+](C)=C(C)C#N
5516,5606,dipole_change,*c1[nH+][c-](C#N)c(=O)o1,*[C-](C)[N+](C)=C(C)C#N
5517,5605,dipole_change,*c1[nH+][c-](C#N)c(=O)o1,*[C-](C)[N+](C)=C(C)C#N
5517,5606,dipole_change,*c1[nH+][c-](C#N)c(=O)o1,*[C-](C)[N+](C)=C(C)C#N
5597,5598,dipole_change,*C#N,*C#N
5597,5605,dipole_change,*C(=O)NC,*C(=O)OC
5597,5606,dipole_change,*C(=O)NC,*C(=O)OC
5597,5800,dipole_change,*[N+](C)=C(C)C#N,*[O+]=C(C(C)=O)C(C)=O
5598,5605,dipole_change,*C(=O)NC,*C(=O)OC
5598,5606,dipole_change,*C(=O)NC,*C(=O)OC
5598,5800,dipole_change,*[N+](C)=C(C)C#N,*[O+]=C(C(C)=O)C(C)=O
5605,5606,dipole_change,*C#N,*C#N
5605,5721,dipole_change,*[N+](C)=C(C)C#N,*[NH+]=C(C)C(=O)NC
5605,5722,dipole_change,*[N+](C)=C(C)C#N,*[NH+]=C(C)C(=O)NC
5606,5721,dipole_change,*[N+](C)=C(C)C#N,*[NH+]=C(C)C(=O)NC
5606,5722,dipole_change,*[N+](C)=C(C)C#N,*[NH+]=C(C)C(=O)NC
5611,5612,dipole_change,*C#N,*C#N
5638,5639,dipole_change,*c1ccccc1,*c1ccccc1
5638,5640,dipole_change,*[c-]1[o+]c(C)oc1=O,*c1oc(=O)[c-](C)[o+]1
5638,5641,dipole_change,*[c-]1[o+]c(C)oc1=O,*c1oc(=O)[c-](C)[o+]1
5638,5642,dipole_change,*[c-]1[o+]c(C)oc1=O,*[C-](C#N)[NH+]=C(C)C
5638,5643,dipole_change,*[c-]1[o+]c(C)oc1=O,*[C-](C#N)[NH+]=C(C)C
5638,5729,dipole_change,*[c-]1[o+]c(C)oc1=O,*c1oc(=O)[c-](C)[n+]1C
5638,5730,dipole_change,*[c-]1[o+]c(C)oc1=O,*c1oc(=O)[c-](C)[n+]1C
5638,5852,dipole_change,*C,*C(=O)OC
5638,5853,dipole_change,*C,*C(=O)OC
5639,5640,dipole_change,*[c-]1[o+]c(C)oc1=O,*c1oc(=O)[c-](C)[o+]1
5639,5641,dipole_change,*[c-]1[o+]c(C)oc1=O,*c1oc(=O)[c-](C)[o+]1
5639,5642,dipole_change,*[c-]1[o+]c(C)oc1=O,*[C-](C#N)[NH+]=C(C)C
5639,5643,dipole_change,*[c-]1[o+]c(C)oc1=O,*[C-](C#N)[NH+]=C(C)C
5639,5729,dipole_change,*[c-]1[o+]c(C)oc1=O,*c1oc(=O)[c-](C)[n+]1C
5639,5730,dipole_change,*[c-]1[o+]c(C)oc1=O,*c1oc(=O)[c-](C)[n+]1C
5639,5852,dipole_change,*C,*C(=O)OC
5639,5853,dipole_change,*C,*C(=O)OC
5640,5641,dipole_change,*c1ccccc1,*c1ccccc1
5640,5642,dipole_change,*c1oc(=O)[c-](C)[o+]1,*[C-](C#N)[NH+]=C(C)C
5640,5643,dipole_change,*c1oc(=O)[c-](C)[o+]1,*[C-](C#N)[NH+]=C(C)C
5640,5729,dipole_change,*c1oc(=O)[c-](C)[o+]1,*c1oc(=O)[c-](C)[n+]1C
5640,5730,dipole_change,*c1oc(=O)[c-](C)[o+]1,*c1oc(=O)[c-](C)[n+]1C
5641,5642,dipole_change,*c1oc(=O)[c-](C)[o+]1,*[C-](C#N)[NH+]=C(C)C
5641,5643,dipole_change,*c1oc(=O)[c-](C)[o+]1,*[C-](C#N)[NH+]=C(C)C
5641,5729,dipole_change,*c1oc(=O)[c-](C)[o+]1,*c1oc(=O)[c-](C)[n+]1C
5641,5730,dipole_change,*c1oc(=O)[c-](C)[o+]1,*c1oc(=O)[c-](C)[n+]1C
5642,5643,dipole_change,*[NH+]=C(C)C,*[NH+]=C(C)C
5642,5729,dipole_change,*[C-](C#N)[NH+]=C(C)C,*c1oc(=O)[c-](C)[n+]1C
5642,5730,dipole_change,*[C-](C#N)[NH+]=C(C)C,*c1oc(=O)[c-](C)[n+]1C
5642,5808,dipole_change,*[NH+]=C(C)C,*[N+](C)=C(C#N)C#N
5642,5809,dipole_change,*[NH+]=C(C)C,*[N+](C)=C(C#N)C#N
5642,5821,dipole_change,*C#N,*C(=O)NC
5642,5822,dipole_change,*C#N,*C(=O)NC
5643,5729,dipole_change,*[C-](C#N)[NH+]=C(C)C,*c1oc(=O)[c-](C)[n+]1C
5643,5730,dipole_change,*[C-](C#N)[NH+]=C(C)C,*c1oc(=O)[c-](C)[n+]1C
5643,5808,dipole_change,*[NH+]=C(C)C,*[N+](C)=C(C#N)C#N
5643,5809,dipole_change,*[NH+]=C(C)C,*[N+](C)=C(C#N)C#N
5643,5821,dipole_change,*C#N,*C(=O)NC
5643,5822,dipole_change,*C#N,*C(=O)NC
5679,5680,dipole_change,*OC,*OC
5679,5777,dipole_change,*C,*NC
5679,5778,dipole_change,*C,*NC
5680,5777,dipole_change,*C,*NC
5680,5778,dipole_change,*C,*NC
5681,5682,dipole_change,*C(=O)NC,*C(=O)NC
5681,5775,dipole_change,*C,*NC
5681,5776,dipole_change,*C,*NC
5681,5777,dipole_change,*C,*OC
5681,5778,dipole_change,*C,*OC
5682,5775,dipole_change,*C,*NC
5682,5776,dipole_change,*C,*NC
5682,5777,dipole_change,*C,*OC
5682,5778,dipole_change,*C,*OC
5683,5684,dipole_change,*C(=O)NC,*C(=O)NC
5683,5814,dipole_change,*[C-](C)C(C)=O,*[C-](C#N)C(=O)NC
5683,5815,dipole_change,*[C-](C)C(C)=O,*[C-](C#N)C(=O)NC
5684,5814,dipole_change,*[C-](C)C(C)=O,*[C-](C#N)C(=O)NC
5684,5815,dipole_change,*[C-](C)C(C)=O,*[C-](C#N)C(=O)NC
5686,5687,dipole_change,*C,*C
5688,5689,dipole_change,*C,*C
5721,5722,dipole_change,*[NH+]=C(C)C(=O)NC,*[NH+]=C(C)C(=O)NC
5721,5940,dipole_change,*C,*c1ccccc1
5721,5941,dipole_change,*C,*c1ccccc1
5722,5940,dipole_change,*C,*c1ccccc1
5722,5941,dipole_change,*C,*c1ccccc1
5729,5730,dipole_change,*c1oc(=O)[c-](C)[n+]1C,*c1oc(=O)[c-](C)[n+]1C
5729,5765,dipole_change,*C,*C#N
5729,5766,dipole_change,*C,*C#N
5730,5765,dipole_change,*C,*C#N
5730,5766,dipole_change,*C,*C#N
5763,5764,dipole_change,*C(=O)NC,*C(=O)NC
5763,5775,dipole_change,*C(=O)OC,*C(=O)NC
5763,5776,dipole_change,*C(=O)OC,*C(=O)NC
5763,5852,dipole_change,*C(=O)NC,*c1ccccc1
5763,5853,dipole_change,*C(=O)NC,*c1ccccc1
5764,5775,dipole_change,*C(=O)OC,*C(=O)NC
5764,5776,dipole_change,*C(=O)OC,*C(=O)NC
5764,5852,dipole_change,*C(=O)NC,*c1ccccc1
5764,5853,dipole_change,*C(=O)NC,*c1ccccc1
5765,5766,dipole_change,*C,*C
5775,5776,dipole_change,*C(=O)NC,*C(=O)NC
5775,5777,dipole_change,*C(=O)NC,*C(=O)OC
5775,5778,dipole_change,*C(=O)NC,*C(=O)OC
5776,5777,dipole_change,*C(=O)NC,*C(=O)OC
5776,5778,dipole_change,*C(=O)NC,*C(=O)OC
5777,5778,dipole_change,*C,*C
5808,5809,dipole_change,*C,*C
5814,5815,dipole_change,*C#N,*C#N
5814,5948,dipole_change,*C#N,*c1ccccc1
5814,5949,dipole_change,*C#N,*c1ccccc1
5815,5948,dipole_change,*C#N,*c1ccccc1
5815,5949,dipole_change,*C#N,*c1ccccc1
5821,5822,dipole_change,*NC,*NC
5821,5850,dipole_change,*[NH+]=C(C)C,*[O+]=C(C)C#N
5821,5851,dipole_change,*[NH+]=C(C)C,*[O+]=C(C)C#N
5822,5850,dipole_change,*[NH+]=C(C)C,*[O+]=C(C)C#N
5822,5851,dipole_change,*[NH+]=C(C)C,*[O+]=C(C)C#N
5823,5824,dipole_change,*C(C)=O,*C(C)=O
5825,5826,dipole_change,*c1ccccc1,*c1ccccc1
5844,5845,dipole_change,*C,*C
5846,5847,dipole_change,*C(C)=O,*C(C)=O
5848,5849,dipole_change,*C,*C
5848,5948,dipole_change,*C,*C(=O)NC
5848,5949,dipole_change,*C,*C(=O)NC
5849,5948,dipole_change,*C,*C(=O)NC
5849,5949,dipole_change,*C,*C(=O)NC
5850,5851,dipole_change,*NC,*NC
5852,5853,dipole_change,*C,*C
5876,5877,dipole_change,*C(C)=O,*C(C)=O
5876,5936,dipole_change,*[NH+]=C(C#N)C(C)=O,*[N+](C)=C(C)C(=O)NC
5876,5937,dipole_change,*[NH+]=C(C#N)C(C)=O,*[N+](C)=C(C)C(=O)NC
5877,5936,dipole_change,*[NH+]=C(C#N)C(C)=O,*[N+](C)=C(C)C(=O)NC
5877,5937,dipole_change,*[NH+]=C(C#N)C(C)=O,*[N+](C)=C(C)C(=O)NC
5884,5885,dipole_change,*C#N,*C#N
5886,5887,dipole_change,*C(C)=O,*C(C)=O
5890,5891,dipole_change,*[C-](C(C)=O)C(C)=O,*[C-](C(C)=O)C(C)=O
5892,5893,dipole_change,*C,*C
5906,5907,dipole_change,*NC,*NC
5906,5946,dipole_change,*C(=O)NC,*c1ccccc1
5906,5947,dipole_change,*C(=O)NC,*c1ccccc1
5907,5946,dipole_change,*C(=O)NC,*c1ccccc1
5907,5947,dipole_change,*C(=O)NC,*c1ccccc1
5918,5919,dipole_change,*[C-](C#N)C(=O)NC,*[C-](C#N)C(=O)NC
5926,5927,dipole_change,*OC,*OC
5928,5929,dipole_change,*C#N,*C#N
5928,5945,dipole_change,*[NH+]=C(C#N)C#N,*[NH+]=C(C)C(C)=O
5929,5945,dipole_change,*[NH+]=C(C#N)C#N,*[NH+]=C(C)C(C)=O
5936,5937,dipole_change,*C,*C
5938,5939,dipole_change,*C(=O)NC,*C(=O)NC
5940,5941,dipole_change,*[NH+]=C(C)C(=O)NC,*[NH+]=C(C)C(=O)NC
5946,5947,dipole_change,*[C-](C)c1ccccc1,*[C-](C)c1ccccc1
5948,5949,dipole_change,*C(=O)NC,*C(=O)NC
5950,5951,dipole_change,*c1ccccc1,*c1ccccc1
5952,5953,dipole_change,*NC,*NC
5954,5955,dipole_change,*C#N,*C#N
5954,5964,dipole_change,*C(=O)OC,*c1ccccc1
5954,5965,dipole_change,*C(=O)OC,*c1ccccc1
5955,5964,dipole_change,*C(=O)OC,*c1ccccc1
5955,5965,dipole_change,*C(=O)OC,*c1ccccc1
5960,5961,dipole_change,*C(=O)OC,*C(=O)OC
5962,5963,dipole_change,*C(=O)OC,*C(=O)OC
5964,5965,dipole_change,*c1ccccc1,*c1ccccc1
5966,5967,dipole_change,*OC,*OC
5968,5969,dipole_change,*C,*C
5970,5971,dipole_change,*c1ccccc1,*c1ccccc1
5972,5973,dipole_change,*C,*C
4850,4851,dipole_change,*[C-]([N+]#N)C(=O)NC,*[C-]([N+]#N)C(=O)NC
4850,5000,dipole_change,*[C-]([N+]#N)C(=O)NC,*NC(=O)C(C#N)=[O+][NH-]
4850,5001,dipole_change,*[C-]([N+]#N)C(=O)NC,*NC(=O)C(C#N)=[O+][NH-]
4851,5000,dipole_change,*[C-]([N+]#N)C(=O)NC,*NC(=O)C(C#N)=[O+][NH-]
4851,5001,dipole_change,*[C-]([N+]#N)C(=O)NC,*NC(=O)C(C#N)=[O+][NH-]
5000,5001,dipole_change,*[NH-],*[NH-]
4466,4467,dipole_change,*C(C)=[O+][N-]C,*C(C)=[O+][N-]C
5303,5304,dipole_change,*[N+](C)=C(C#N)C#N,*[N+](C)=C(C#N)C#N
5429,5430,dipole_change,*C,*C
5429,5558,dipole_change,*C(C#N)=[N+](C)[N-]C,*[N-][O+]=C(C#N)C(C)=O
5429,5725,dipole_change,*C#N,*C(=O)NC
5429,5726,dipole_change,*C#N,*C(=O)NC
5430,5558,dipole_change,*C(C#N)=[N+](C)[N-]C,*[N-][O+]=C(C#N)C(C)=O
5430,5725,dipole_change,*C#N,*C(=O)NC
5430,5726,dipole_change,*C#N,*C(=O)NC
5558,5677,dipole_change,*[O+]=C(C#N)C(C)=O,*[NH+]=C(C#N)C(=O)OC
5558,5678,dipole_change,*[O+]=C(C#N)C(C)=O,*[NH+]=C(C#N)C(=O)OC
5558,5789,dipole_change,*C#N,*C(=O)OC
5558,5790,dipole_change,*C#N,*C(=O)OC
5658,5659,dipole_change,*c1ccccc1,*c1ccccc1
5658,5718,dipole_change,*C(=[O+][N-]C)C(C)=O,*C(=[NH+][N-]C#N)C(C)=O
5658,5719,dipole_change,*C(=[O+][N-]C)C(C)=O,*C(=[NH+][N-]C#N)C(C)=O
5658,5742,dipole_change,*C(=[O+][N-]C)C(C)=O,*[N-][O+]=C(C)C(=O)OC
5658,5743,dipole_change,*C(=[O+][N-]C)C(C)=O,*[N-][O+]=C(C)C(=O)OC
5659,5718,dipole_change,*C(=[O+][N-]C)C(C)=O,*C(=[NH+][N-]C#N)C(C)=O
5659,5719,dipole_change,*C(=[O+][N-]C)C(C)=O,*C(=[NH+][N-]C#N)C(C)=O
5659,5742,dipole_change,*C(=[O+][N-]C)C(C)=O,*[N-][O+]=C(C)C(=O)OC
5659,5743,dipole_change,*C(=[O+][N-]C)C(C)=O,*[N-][O+]=C(C)C(=O)OC
5677,5678,dipole_change,*C(=O)OC,*C(=O)OC
5690,5691,dipole_change,*C(=O)NC,*C(=O)NC
5718,5719,dipole_change,*C(=[NH+][N-]C#N)C(C)=O,*C(=[NH+][N-]C#N)C(C)=O
5718,5742,dipole_change,*C(=[NH+][N-]C#N)C(C)=O,*[N-][O+]=C(C)C(=O)OC
5718,5743,dipole_change,*C(=[NH+][N-]C#N)C(C)=O,*[N-][O+]=C(C)C(=O)OC
5718,5862,dipole_change,*[N-]C#N,*[N-]C(=O)OC
5718,5863,dipole_change,*[N-]C#N,*[N-]C(=O)OC
5719,5742,dipole_change,*C(=[NH+][N-]C#N)C(C)=O,*[N-][O+]=C(C)C(=O)OC
5719,5743,dipole_change,*C(=[NH+][N-]C#N)C(C)=O,*[N-][O+]=C(C)C(=O)OC
5719,5862,dipole_change,*[N-]C#N,*[N-]C(=O)OC
5719,5863,dipole_change,*[N-]C#N,*[N-]C(=O)OC
5725,5726,dipole_change,*C,*C
5742,5743,dipole_change,*C,*C
5789,5790,dipole_change,*C(=O)OC,*C(=O)OC
5862,5863,dipole_change,*C,*C
4671,4674,dipole_change,*[N+](=N)[N-]C(C)=O,*OC(=O)[N-][NH+]=N
4671,4675,dipole_change,*[N+](=N)[N-]C(C)=O,*OC(=O)[N-][NH+]=N
4674,4675,dipole_change,*C(=O)[N-][NH+]=N,*C(=O)[N-][NH+]=N
2020,2021,dipole_change,*C,*C
1986,1987,dipole_change,*C,*C
2022,2023,dipole_change,*C,*C
1123,1124,dipole_change,*C#N,*C#N
2244,2245,dipole_change,*C#N,*C#N
1165,1166,dipole_change,*C#N,*C#N
2761,2762,dipole_change,*NC,*NC
973,974,dipole_change,*C,*C
355,356,dipole_change,*[CH-]C#N,*[CH-]C#N
621,622,dipole_change,*[C-](C)[NH+]=CC(C)=O,*[C-](C)[NH+]=CC(C)=O
858,860,dipole_change,*C#N,*C#N
2385,2386,dipole_change,*OC,*OC
2383,2384,dipole_change,*OC,*OC
1454,1455,dipole_change,*C(=O)NC,*C(=O)NC
297,298,dipole_change,*[N-]C,*[N-]C
2437,2438,dipole_change,*[N+](C)=C(C)C#N,*[N+](C)=C(C)C#N
2695,2696,dipole_change,*C#N,*C#N
1955,1956,dipole_change,*C(C)=O,*C(C)=O
738,739,dipole_change,*OC,*OC
2709,2710,dipole_change,*OC,*OC
3171,3172,dipole_change,*c1ccccc1,*c1ccccc1
2994,2995,dipole_change,*C,*C
2701,2702,dipole_change,*C,*C
3086,3087,dipole_change,*c1ccccc1,*c1ccccc1
2796,2797,dipole_change,*C(=O)NC,*C(=O)NC
1119,1120,dipole_change,*NC,*NC
1615,1617,dipole_change,*C#N,*C#N
367,368,dipole_change,*C,*C
1526,1527,dipole_change,*[C-](C#N)C(=O)OC,*[C-](C#N)C(=O)OC
1637,1638,dipole_change,*C,*C
1676,1677,dipole_change,*C#N,*C#N
1188,1189,dipole_change,*C(C)=O,*C(C)=O
1187,1190,dipole_change,*C(C)=O,*C(C)=O
2786,2787,dipole_change,*[O+]=C(C(C)=O)C(C)=O,*[O+]=C(C(C)=O)C(C)=O
2788,2789,dipole_change,*[O+]=C(C(C)=O)C(C)=O,*[O+]=C(C(C)=O)C(C)=O
1481,1482,dipole_change,*C,*C
1823,1824,dipole_change,*C#N,*C#N
1738,1739,dipole_change,*C(C)=O,*C(C)=O
1140,1142,dipole_change,*C#N,*C#N
425,426,dipole_change,*C(C)=O,*C(C)=O
872,874,dipole_change,*C(=O)NC,*C(=O)NC
839,840,dipole_change,*c1ccccc1,*c1ccccc1
841,842,dipole_change,*c1ccccc1,*c1ccccc1
633,634,dipole_change,*C#N,*C#N
2634,2635,dipole_change,*OC,*OC
2160,2161,dipole_change,*C,*C
1052,1053,dipole_change,*C,*C
2582,2583,dipole_change,*[N+]#CC(C)=O,*[N+]#CC(C)=O
3190,3191,dipole_change,*OC,*OC
2674,2675,dipole_change,*C=[NH+][C-](C)C(=O)OC,*C=[NH+][C-](C)C(=O)OC
3151,3152,dipole_change,*C,*C
2989,2990,dipole_change,*C,*C
3145,3146,dipole_change,*C,*C
894,895,dipole_change,*[CH-][N+]#CC,*[CH-][N+]#CC
3184,3185,dipole_change,*C,*C
3114,3115,dipole_change,*C(C)=O,*C(C)=O
3108,3109,dipole_change,*[O+]=C(C)C(C)=O,*[O+]=C(C)C(C)=O
1791,1792,dipole_change,*C(C)=O,*C(C)=O
2411,2412,dipole_change,*c1ccccc1,*c1ccccc1
2409,2410,dipole_change,*c1ccccc1,*c1ccccc1
1415,1416,dipole_change,*[NH+]=CC(=O)OC,*[NH+]=CC(=O)OC
2389,2390,dipole_change,*C(=O)NC,*C(=O)NC
2595,2596,dipole_change,*C,*C
952,954,dipole_change,*C(C)=[O+][CH-]C#N,*C(C)=[O+][CH-]C#N
2049,2050,dipole_change,*c1ccccc1,*c1ccccc1
611,613,dipole_change,*[N-]C,*[N-]C
953,955,dipole_change,*C(C)=[O+][CH-]C#N,*C(C)=[O+][CH-]C#N
2048,2051,dipole_change,*c1ccccc1,*c1ccccc1
1366,1367,dipole_change,*C(C)=O,*C(C)=O
1365,1368,dipole_change,*C(C)=O,*C(C)=O
982,983,dipole_change,*C,*C
631,632,dipole_change,*C,*C
2154,2155,dipole_change,*C,*C
2250,2251,dipole_change,*C,*C
702,703,dipole_change,*[N+]#N,*[N+]#N
1719,1721,dipole_change,*C#N,*C#N
1718,1720,dipole_change,*C#N,*C#N
1456,1457,dipole_change,*C(=O)OC,*C(=O)OC
1265,1266,dipole_change,*C#N,*C#N
2097,2098,dipole_change,*C(=O)NC,*C(=O)NC
555,556,dipole_change,*C=[NH+][C-](C)C(=O)NC,*C=[NH+][C-](C)C(=O)NC
715,717,dipole_change,*[C-](C(C)=O)C(=O)OC,*[C-](C(C)=O)C(=O)OC
1362,1364,dipole_change,*NC,*NC
1724,1725,dipole_change,*C(C)=O,*C(C)=O
2174,2176,dipole_change,*[C-](C#N)C#N,*[C-](C#N)C#N
1722,1723,dipole_change,*C(C)=O,*C(C)=O
2175,2177,dipole_change,*[C-](C#N)C#N,*[C-](C#N)C#N
793,794,dipole_change,*C#N,*C#N
2010,2011,dipole_change,*C#N,*C#N
3048,3049,dipole_change,*C(C)=O,*C(C)=O
924,925,dipole_change,*c1ccccc1,*c1ccccc1
3147,3148,dipole_change,*c1ccccc1,*c1ccccc1
3169,3170,dipole_change,*c1ccccc1,*c1ccccc1
3096,3097,dipole_change,*C(=O)NC,*C(=O)NC
2957,2958,dipole_change,*[NH+]=C(C#N)C(=O)OC,*[NH+]=C(C#N)C(=O)OC
2828,2829,dipole_change,*C,*C
1670,1671,dipole_change,*NC,*NC
2776,2777,dipole_change,*C,*C
1402,1403,dipole_change,*C#N,*C#N
2498,2499,dipole_change,*C,*C
2292,2293,dipole_change,*C,*C
1957,1958,dipole_change,*C(=O)OC,*C(=O)OC
3143,3144,dipole_change,*C,*C
863,864,dipole_change,*[CH-][N+](C)=C(C#N)C#N,*[CH-][N+](C)=C(C#N)C#N
818,820,dipole_change,*C,*C
865,866,dipole_change,*[CH-][N+](C)=C(C#N)C#N,*[CH-][N+](C)=C(C#N)C#N
817,819,dipole_change,*C,*C
1412,1413,dipole_change,*[C-](C)C(=O)NC,*[C-](C)C(=O)NC
1357,1358,dipole_change,*C(C(=O)OC)=[N+]([CH2-])C,*C(C(=O)OC)=[N+]([CH2-])C
2211,2212,dipole_change,*C(=O)OC,*C(=O)OC
2820,2821,dipole_change,*C,*C
1329,1330,dipole_change,*C,*C
2225,2228,dipole_change,*NC,*NC
2624,2625,dipole_change,*C,*C
504,507,dipole_change,*NC(=O)C#[N+][N-]C#N,*NC(=O)C#[N+][N-]C#N
1328,1331,dipole_change,*C,*C
2226,2227,dipole_change,*NC,*NC
2623,2626,dipole_change,*C,*C
505,506,dipole_change,*NC(=O)C#[N+][N-]C#N,*NC(=O)C#[N+][N-]C#N
492,493,dipole_change,*[O-],*[O-]
1155,1156,dipole_change,*[O+]=C(C#N)C(=O)NC,*[O+]=C(C#N)C(=O)NC
400,403,dipole_change,*C,*C
401,402,dipole_change,*C,*C
1018,1019,dipole_change,*[NH+]=C(C(C)=O)C(C)=O,*[NH+]=C(C(C)=O)C(C)=O
242,243,dipole_change,*C,*C
683,684,dipole_change,*[C-](C)C#N,*[C-](C)C#N
1148,1149,dipole_change,*C(=O)NC,*C(=O)NC
1640,1641,dipole_change,*C#N,*C#N
2549,2550,dipole_change,*C,*C
822,823,dipole_change,*[O+]=C(C)C(C)=O,*[O+]=C(C)C(C)=O
821,824,dipole_change,*[O+]=C(C)C(C)=O,*[O+]=C(C)C(C)=O
1560,1561,dipole_change,*c1ccccc1,*c1ccccc1
2369,2370,dipole_change,*C#N,*C#N
2502,2503,dipole_change,*C,*C
45,46,dipole_change,*C(C)=O,*C(C)=O
310,313,dipole_change,*c1ccccc1,*c1ccccc1
311,312,dipole_change,*c1ccccc1,*c1ccccc1
371,372,dipole_change,*C(C)=O,*C(C)=O
920,921,dipole_change,*C(=O)OC,*C(=O)OC
234,235,dipole_change,*[C-](C)C,*[C-](C)C
600,602,dipole_change,*[C-](C)[O+]=C(C)C(C)=O,*[C-](C)[O+]=C(C)C(C)=O
2396,2398,dipole_change,*C,*C
236,237,dipole_change,*[C-](C)C,*[C-](C)C
599,601,dipole_change,*[C-](C)[O+]=C(C)C(C)=O,*[C-](C)[O+]=C(C)C(C)=O
2395,2397,dipole_change,*C,*C
1730,1731,dipole_change,*c1ccccc1,*c1ccccc1
1793,1794,dipole_change,*OC,*OC
561,562,dipole_change,*C,*C
2939,2940,dipole_change,*C(=O)OC,*C(=O)OC
663,664,dipole_change,*C(C)=O,*C(C)=O
892,893,dipole_change,*C(=O)NC,*C(=O)NC
648,649,dipole_change,*C(C)=[NH+][C-](C#N)C#N,*C(C)=[NH+][C-](C#N)C#N
1267,1268,dipole_change,*C(=O)OC,*C(=O)OC
2184,2185,dipole_change,*C,*C
3031,3032,dipole_change,*C(=O)OC,*C(=O)OC
3104,3105,dipole_change,*C,*C
2872,2873,dipole_change,*C,*C
3117,3118,dipole_change,*C,*C
2315,2316,dipole_change,*C=[O+][N-]C#N,*C=[O+][N-]C#N
3056,3057,dipole_change,*C,*C
2092,2093,dipole_change,*c1ccccc1,*c1ccccc1
2024,2025,dipole_change,*OC,*OC
2603,2604,dipole_change,*[CH-]C(=O)OC,*[CH-]C(=O)OC
2327,2328,dipole_change,*[O+]=CC(C)=O,*[O+]=CC(C)=O
2311,2312,dipole_change,*[C-](C(C)=O)C(=O)OC,*[C-](C(C)=O)C(=O)OC
1795,1796,dipole_change,*C,*C
3149,3150,dipole_change,*C,*C
2693,2694,dipole_change,*C(=O)NC,*C(=O)NC
2213,2214,dipole_change,*C(C)=O,*C(C)=O
2810,2811,dipole_change,*C(=O)OC,*C(=O)OC
2450,2451,dipole_change,*[O+]=CC(=O)NC,*[O+]=CC(=O)NC
3141,3142,dipole_change,*OC,*OC
2721,2722,dipole_change,*OC,*OC
2517,2518,dipole_change,*C,*C
1287,1288,dipole_change,*C,*C
2723,2724,dipole_change,*C(C)=O,*C(C)=O
1510,1511,dipole_change,*[O-],*[O-]
1825,1826,dipole_change,*c1ccccc1,*c1ccccc1
3062,3063,dipole_change,*C,*C
3119,3120,dipole_change,*C,*C
3060,3061,dipole_change,*C,*C
3188,3189,dipole_change,*[O+]=C(C#N)C(=O)NC,*[O+]=C(C#N)C(=O)NC
2862,2863,dipole_change,*[C-](C)c1ccccc1,*[C-](C)c1ccccc1
1949,1950,dipole_change,*C,*C
390,392,dipole_change,*[NH-],*[NH-]
391,393,dipole_change,*[NH-],*[NH-]
2188,2190,dipole_change,*C,*C
321,322,dipole_change,*C(C)=O,*C(C)=O
2260,2261,dipole_change,*[O+]=CC(=O)NC,*[O+]=CC(=O)NC
1819,1820,dipole_change,*C(C)=O,*C(C)=O
1108,1109,dipole_change,*C(=O)NC,*C(=O)NC
1651,1652,dipole_change,*OC,*OC
1726,1727,dipole_change,*C#N,*C#N
508,509,dipole_change,*C,*C
1192,1193,dipole_change,*C,*C
1191,1194,dipole_change,*C,*C
1209,1210,dipole_change,*[C-](C)C#N,*[C-](C)C#N
2486,2488,dipole_change,*C,*C
1211,1212,dipole_change,*[C-](C)C#N,*[C-](C)C#N
2487,2489,dipole_change,*C,*C
465,466,dipole_change,*C,*C
291,292,dipole_change,*[N+](C)=C(C)C#N,*[N+](C)=C(C)C#N
785,786,dipole_change,*[O+]=C(C)C(=O)NC,*[O+]=C(C)C(=O)NC
1388,1389,dipole_change,*C#N,*C#N
1556,1557,dipole_change,*C(=O)OC,*C(=O)OC
176,177,dipole_change,*NC,*NC
178,179,dipole_change,*NC,*NC
2281,2283,dipole_change,*C(=O)NC,*C(=O)NC
2282,2284,dipole_change,*C(=O)NC,*C(=O)NC
358,359,dipole_change,*C,*C
589,590,dipole_change,*[C-](C#N)C#N,*[C-](C#N)C#N
1390,1391,dipole_change,*c1ccccc1,*c1ccccc1
532,533,dipole_change,*[O+]=CC#N,*[O+]=CC#N
532,1281,dipole_change,*[C-](C)C,*[C-](C(C)=O)C(C)=O
532,1282,dipole_change,*[C-](C)C,*[C-](C(C)=O)C(C)=O
533,1281,dipole_change,*[C-](C)C,*[C-](C(C)=O)C(C)=O
533,1282,dipole_change,*[C-](C)C,*[C-](C(C)=O)C(C)=O
1281,1282,dipole_change,*C#N,*C#N
1745,1746,dipole_change,*C#N,*C#N
1745,1978,dipole_change,*C(=O)NC,*c1ccccc1
1745,1979,dipole_change,*C(=O)NC,*c1ccccc1
1746,1978,dipole_change,*C(=O)NC,*c1ccccc1
1746,1979,dipole_change,*C(=O)NC,*c1ccccc1
1750,1751,dipole_change,*C(=O)NC,*C(=O)NC
1978,1979,dipole_change,*c1ccccc1,*c1ccccc1
1965,1966,dipole_change,*c1ccccc1,*c1ccccc1
1542,1545,dipole_change,*C,*C
2120,2122,dipole_change,*C(=O)OC,*C(=O)OC
1543,1544,dipole_change,*C,*C
2119,2121,dipole_change,*C(=O)OC,*C(=O)OC
74,77,dipole_change,*[N-]C,*[N-]C
2765,2766,dipole_change,*C,*C
2784,2785,dipole_change,*OC,*OC
929,930,dipole_change,*C#N,*C#N
2850,2851,dipole_change,*[C-](C#N)C(=O)OC,*[C-](C#N)C(=O)OC
3470,3515,dipole_change,*C(=O)[C-](C)[N+]#C,*C(=O)[C-](C#N)[N+]#C
3470,3976,dipole_change,*[C-](C)[N+]#C,*C(C(C)=O)=[N+]([CH2-])C
3515,3912,dipole_change,*[C-]([N+]#C)C(C)=O,*C(C(=O)OC)=[N+]([CH2-])C
3515,3976,dipole_change,*[C-](C#N)[N+]#C,*C(C(C)=O)=[N+]([CH2-])C
3912,4189,dipole_change,*C(C#N)=[N+]([CH2-])C,*[C-]([O+]=C)C(=O)OC
3323,3602,dipole_change,*C#[N+][CH-]C,*OC(=O)[CH-][NH+]=CC
4425,4680,dipole_change,*C(=O)NC,*c1ccccc1
3877,4419,dipole_change,*C(C#N)=[NH+][CH-]C,*C(=[O+][CH-]C)C(=O)OC
4109,4249,dipole_change,*[C-](C#N)[N+]#CC,*C#[N+][C-](C#N)C#N
4109,4292,dipole_change,*[C-](C#N)[N+]#CC,*[CH-][N+](C)=C(C)C
4109,4385,dipole_change,*[C-](C#N)[N+]#CC,*C=[N+](C)[C-](C)C#N
4109,4508,dipole_change,*[C-](C#N)[N+]#CC,*C(=[O+][CH-]C)C(C)=O
4109,4550,dipole_change,*[C-](C#N)[N+]#CC,*C#[N+][C-](C#N)C(C)=O
4120,4229,dipole_change,*[N+]#CC,*[N+]#CC#N
4120,4256,dipole_change,*[C-]([N+]#CC)C(C)=O,*[C-](C#N)[N+]#CC(C)=O
4120,4439,dipole_change,*[C-]([N+]#CC)C(C)=O,*C=[NH+][C-](C)C(=O)NC
4229,4256,dipole_change,*[C-]([N+]#CC#N)C(C)=O,*[C-](C#N)[N+]#CC(C)=O
4229,4439,dipole_change,*[C-]([N+]#CC#N)C(C)=O,*C=[NH+][C-](C)C(=O)NC
4249,4292,dipole_change,*C#[N+][C-](C#N)C#N,*[CH-][N+](C)=C(C)C
4249,4385,dipole_change,*C#[N+][C-](C#N)C#N,*C=[N+](C)[C-](C)C#N
4249,4508,dipole_change,*C#[N+][C-](C#N)C#N,*C(=[O+][CH-]C)C(C)=O
4249,4550,dipole_change,*C#N,*C(C)=O
4256,4439,dipole_change,*[C-](C#N)[N+]#CC(C)=O,*C=[NH+][C-](C)C(=O)NC
4292,4385,dipole_change,*[CH-][N+](C)=C(C)C,*C=[N+](C)[C-](C)C#N
4292,4508,dipole_change,*[CH-][N+](C)=C(C)C,*C(=[O+][CH-]C)C(C)=O
4292,4550,dipole_change,*[CH-][N+](C)=C(C)C,*C#[N+][C-](C#N)C(C)=O
4385,4508,dipole_change,*C=[N+](C)[C-](C)C#N,*C(=[O+][CH-]C)C(C)=O
4385,4550,dipole_change,*C=[N+](C)[C-](C)C#N,*C#[N+][C-](C#N)C(C)=O
4385,4951,dipole_change,*C#N,*C(=O)NC
4508,4550,dipole_change,*C(=[O+][CH-]C)C(C)=O,*C#[N+][C-](C#N)C(C)=O
4508,5112,dipole_change,*C,*C(=O)NC
4981,5164,dipole_change,*C,*C#N
3679,3718,dipole_change,*OC(=O)C#[N+][N-]C#N,*C(=O)C#[N+][N-]C(C)=O
3679,3945,dipole_change,*C#[N+][N-]C#N,*C=[NH+][N-]C(C)=O
3718,3945,dipole_change,*C#[N+][N-]C(C)=O,*[N-][NH+]=CC(=O)OC
3718,4205,dipole_change,*[N-]C(C)=O,*[N-]c1ccccc1
4205,4373,dipole_change,*[N-][N+]#CC(C)=O,*C#[N+][N-]C(=O)OC
4205,4493,dipole_change,*[N-][N+]#CC(C)=O,*[N-][N+](C)=CC(C)=O
4205,4695,dipole_change,*[N-][N+]#CC(C)=O,*[N-][N+](C)=CC(=O)OC
4373,4493,dipole_change,*C#[N+][N-]C(=O)OC,*[N-][N+](C)=CC(C)=O
4373,4695,dipole_change,*C#[N+][N-]C(=O)OC,*[N-][N+](C)=CC(=O)OC
4493,4695,dipole_change,*[N-][N+](C)=CC(C)=O,*[N-][N+](C)=CC(=O)OC
3692,3795,dipole_change,*[c-]1[o+]c(C#N)oc1=O,*C(C)=[NH+][C-](C)C(C)=O
3692,3798,dipole_change,*[c-]1[o+]c(C#N)oc1=O,*C(=[O+][C-](C)C)C(C)=O
3795,3798,dipole_change,*C(C)=[NH+][C-](C)C(C)=O,*C(=[O+][C-](C)C)C(C)=O
3795,4560,dipole_change,*[NH+]=C(C)C,*[O+]=C(C#N)C(=O)NC
3795,4691,dipole_change,*C,*c1ccccc1
3798,4393,dipole_change,*C,*C(=O)OC
4222,4945,dipole_change,*[C-](C#N)C#N,*[C-](C)c1ccccc1
4241,4393,dipole_change,*[C-](C#N)[O+]=C(C)C#N,*[C-](C)[O+]=C(C)C(C)=O
4393,4667,dipole_change,*[O+]=C(C)C(C)=O,*[NH+]=C(C)C(=O)OC
4560,5175,dipole_change,*C,*C(=O)NC
4562,4656,dipole_change,*c1[nH+][c-](C#N)c(=O)o1,*[C-](C#N)[N+](C)=C(C)C
4562,4691,dipole_change,*c1[nH+][c-](C#N)c(=O)o1,*C(C)=[NH+][C-](C)C(C)=O
4656,4691,dipole_change,*[C-](C#N)[N+](C)=C(C)C,*C(C)=[NH+][C-](C)C(C)=O
4667,4776,dipole_change,*[C-](C)C(=O)OC,*[C-](C#N)C(=O)NC
4667,5263,dipole_change,*C,*C(=O)NC
4691,4832,dipole_change,*[C-](C)C(C)=O,*[C-](C#N)C(C)=O
4776,5263,dipole_change,*C#N,*C(=O)OC
5069,5263,dipole_change,*[NH+]=C(C)C(C)=O,*[NH+]=C(C)C(=O)OC
5085,5269,dipole_change,*[C-](C)C(C)=O,*[C-](C)C(=O)NC
5167,5175,dipole_change,*[NH+]=C(C#N)C(=O)NC,*[O+]=C(C#N)C(=O)NC
5209,5625,dipole_change,*[NH+]=C(C)C,*[O+]=C(C#N)C(C)=O
3450,3713,dipole_change,*[C-]([N+]#N)C(C)=O,*C(=O)[C-]([N+]#N)C(C)=O
3450,3732,dipole_change,*[C-]([N+]#N)C(C)=O,*[N+]([NH-])=C(C#N)C(C)=O
3450,3868,dipole_change,*C,*C(=O)OC
3713,3732,dipole_change,*C(=O)[C-]([N+]#N)C(C)=O,*[N+]([NH-])=C(C#N)C(C)=O
3713,3868,dipole_change,*[C-]([N+]#N)C(C)=O,*[C-]([N+]#N)C(=O)OC
3732,3868,dipole_change,*C(C#N)=[N+](C)[NH-],*[C-]([N+]#N)C(=O)OC
3732,4520,dipole_change,*C#N,*c1ccccc1
3868,4159,dipole_change,*[C-]([N+]#N)C(C)=O,*C(=[NH+][NH-])C(=O)NC
3868,4394,dipole_change,*C(C)=O,*c1ccccc1
4394,4520,dipole_change,*[C-]([N+]#N)C(=O)OC,*C(C(C)=O)=[N+](C)[NH-]
4143,4481,dipole_change,*C(C)=[NH+][N-]C#N,*[N-][O+]=C(C)C(C)=O
4481,4820,dipole_change,*[O+]=C(C)C(C)=O,*[N+](C)=C(C#N)C(C)=O
5500,5685,dipole_change,*[N-]C(=O)NC,*[N-]c1ccccc1
3462,3483,dipole_change,*OC(=O)[N-][N+]#N,*NC(=O)N=[NH+][NH-]
4228,4519,dipole_change,*[N-][O+]=NC(C)=O,*N=[NH+][N-]C(=O)NC
3937,4172,dipole_change,*C(=[O+][CH2-])C(C)=O,*[C-]([O+]=C)C(=O)NC
3531,3567,dipole_change,*C(=O)C=[NH+][CH-]C#N,*C#[N+][CH-]C(=O)NC
3531,3576,dipole_change,*C(=O)C=[NH+][CH-]C#N,*OC(=O)[CH-][N+]#CC
3531,3946,dipole_change,*C=[NH+][CH-]C#N,*[CH-][N+](C)=CC(C)=O
3567,3576,dipole_change,*NC,*OC
3576,4201,dipole_change,*[N+]#CC,*[O+]=CC(=O)OC
3801,4206,dipole_change,*C#[N+][CH-]C,*[CH-][N+]#CC(C)=O
3938,4108,dipole_change,*[C-]([NH+]=CC)C(C)=O,*[C-](C)[N+]#CC(=O)NC
3938,4142,dipole_change,*[C-]([NH+]=CC)C(C)=O,*C=[O+][C-](C)C(=O)NC
3938,4484,dipole_change,*C(C)=O,*c1ccccc1
3950,4341,dipole_change,*[C-](C#N)[N+]#CC#N,*C#[N+][C-](C)C(=O)NC
3950,4396,dipole_change,*[C-](C#N)[N+]#CC#N,*[C-]([NH+]=CC)C(=O)NC
3950,4453,dipole_change,*[C-](C#N)[N+]#CC#N,*[C-](C)[NH+]=CC(=O)NC
4108,4142,dipole_change,*C#[N+][C-](C)C(C)=O,*[C-](C)[O+]=CC(C)=O
4108,4341,dipole_change,*C#[N+][C-](C)C(C)=O,*[C-](C)[N+]#CC(=O)OC
4108,4396,dipole_change,*C#[N+][C-](C)C(C)=O,*[C-]([NH+]=CC)C(=O)OC
4108,4453,dipole_change,*C#[N+][C-](C)C(C)=O,*C=[NH+][C-](C)C(=O)OC
4142,4341,dipole_change,*[C-](C)[O+]=CC(C)=O,*[C-](C)[N+]#CC(=O)OC
4142,4396,dipole_change,*[C-](C)[O+]=CC(C)=O,*[C-]([NH+]=CC)C(=O)OC
4142,4453,dipole_change,*[C-](C)[O+]=CC(C)=O,*C=[NH+][C-](C)C(=O)OC
4142,4649,dipole_change,*[O+]=CC(C)=O,*[N+](C)=CC(=O)NC
4280,4348,dipole_change,*[N+](C)=C(C#N)C(C)=O,*[O+]=C(C(C)=O)C(C)=O
4341,4396,dipole_change,*C#[N+][C-](C)C(=O)NC,*[C-]([NH+]=CC)C(=O)NC
4341,4453,dipole_change,*C#[N+][C-](C)C(=O)NC,*[C-](C)[NH+]=CC(=O)NC
4341,4649,dipole_change,*[N+]#CC(=O)OC,*[N+](C)=CC(=O)NC
4341,4993,dipole_change,*C,*C(=O)OC
4396,4453,dipole_change,*[C-]([NH+]=CC)C(=O)NC,*[C-](C)[NH+]=CC(=O)NC
4396,4993,dipole_change,*[NH+]=CC,*[N+]#CC(=O)OC
3677,3871,dipole_change,*C(=O)NC,*c1ccccc1
3677,3872,dipole_change,*C(=O)C#[N+][N-]C#N,*C(=O)[N-][N+]#CC(C)=O
3677,4386,dipole_change,*C#[N+][N-]C#N,*C=[N+](C)[N-]C(=O)OC
3871,4181,dipole_change,*C#[N+][N-]C#N,*[N-][N+](C)=CC#N
3871,4714,dipole_change,*C#[N+][N-]C#N,*[N-][N+](C)=CC(=O)NC
3872,4386,dipole_change,*[N-][N+]#CC(C)=O,*C=[N+](C)[N-]C(=O)OC
4181,4714,dipole_change,*[N-][N+](C)=CC#N,*[N-][N+](C)=CC(=O)NC
4386,4714,dipole_change,*[N-]C(=O)OC,*[N-]c1ccccc1
3820,4551,dipole_change,*[C-](C#N)C#N,*[C-](C)c1ccccc1
3998,4406,dipole_change,*C,*C(C)=O
4085,4119,dipole_change,*[C-](C)[N+](C)=C(C)C#N,*c1oc(=O)[c-](C)[n+]1C
4455,4551,dipole_change,*[C-](C#N)[O+]=C(C)C,*[C-](C)[N+](C)=C(C)C
4455,4559,dipole_change,*[C-](C#N)[O+]=C(C)C,*[C-](C)[O+]=C(C#N)C#N
4455,4932,dipole_change,*C#N,*C(=O)OC
4482,4509,dipole_change,*NC,*OC
4482,5268,dipole_change,*C#N,*c1ccccc1
4509,4984,dipole_change,*C#N,*C(=O)NC
4512,5157,dipole_change,*C,*C(=O)OC
4551,4559,dipole_change,*[C-](C)[N+](C)=C(C)C,*[C-](C)[O+]=C(C#N)C#N
4572,5056,dipole_change,*C(C)=O,*c1ccccc1
4775,5268,dipole_change,*C#N,*C(=O)NC
5181,5724,dipole_change,*C#N,*c1ccccc1
5711,5713,dipole_change,*OC,*NC
3468,3720,dipole_change,*[c-]1[o+]noc1=O,*C(=O)C(C#N)=[O+][N-]C
3720,3867,dipole_change,*[O+]=C(C#N)C(C)=O,*[O+]=C(C#N)C(=O)NC
3867,4002,dipole_change,*C(=O)C(C#N)=[O+][N-]C,*C(=O)[N-][N+](C)=C(C)C
3867,4379,dipole_change,*C(C#N)=[O+][N-]C,*[N-][O+]=C(C)C(=O)NC
3867,4452,dipole_change,*C(C#N)=[O+][N-]C,*C(C(C)=O)=[N+](C)[N-]C
4002,4379,dipole_change,*[N-][N+](C)=C(C)C,*[N-][O+]=C(C)C(=O)NC
4002,4452,dipole_change,*[N-][N+](C)=C(C)C,*C(C(C)=O)=[N+](C)[N-]C
4379,4452,dipole_change,*[N-][O+]=C(C)C(=O)NC,*C(C(C)=O)=[N+](C)[N-]C
3721,3738,dipole_change,*[N-][NH+]=NC(=O)OC,*N=[NH+][N-]C(=O)OC
3721,4180,dipole_change,*N=[NH+][N-]C#N,*N=[O+][N-]C(=O)NC
3738,4180,dipole_change,*[N-][NH+]=NC#N,*N=[O+][N-]C(=O)NC
4180,4506,dipole_change,*[O+]=NC(=O)OC,*[NH+]=Nc1ccccc1
3366,3575,dipole_change,*C(=O)[N-][N+]#C,*[N+](=C)[N-]C(=O)OC
3332,3773,dipole_change,*C#[N+][CH-]C#N,*C=[N+](C)[CH-]C(=O)NC
3773,4368,dipole_change,*[N+](C)=CC,*[N+]#Cc1ccccc1
3773,4369,dipole_change,*[N+](C)=CC,*[N+](C)=CC(=O)OC
4113,4369,dipole_change,*C=[O+][CH-]C(=O)OC,*C=[N+](C)[CH-]C(=O)NC
4368,4369,dipole_change,*[N+]#Cc1ccccc1,*[N+](C)=CC(=O)OC
3412,3414,dipole_change,*[C-](C)[N+]#CC#N,*[C-](C#N)[N+]#CC
3412,3489,dipole_change,*[C-](C)[N+]#CC#N,*[CH-][NH+]=C(C#N)C#N
3412,3675,dipole_change,*[C-](C)[N+]#CC#N,*[C-](C#N)[O+]=CC(C)=O
3412,3678,dipole_change,*[C-](C)[N+]#CC#N,*[C-]([NH+]=CC#N)C(C)=O
3412,3688,dipole_change,*[C-](C)[N+]#CC#N,*[C-](C#N)[NH+]=CC(C)=O
3412,3748,dipole_change,*[C-](C)C,*[C-](C#N)C(C)=O
3412,3840,dipole_change,*C#[N+][C-](C)C,*C=[NH+][C-](C)C(=O)OC
3412,3853,dipole_change,*C#[N+][C-](C)C,*C=[O+][C-](C)C(=O)OC
3414,3489,dipole_change,*[C-](C)[N+]#CC,*C(C#N)=[NH+][CH-]C
3414,3675,dipole_change,*[N+]#CC,*[O+]=CC(C)=O
3414,3678,dipole_change,*[C-](C)[N+]#CC,*C=[NH+][C-](C)C(C)=O
3414,3688,dipole_change,*[N+]#CC,*[NH+]=CC(C)=O
3414,3748,dipole_change,*[C-](C)[N+]#CC,*[C-]([N+]#CC#N)C(C)=O
3414,3840,dipole_change,*[C-](C)[N+]#CC,*C=[NH+][C-](C)C(=O)OC
3414,3853,dipole_change,*[C-](C)[N+]#CC,*C=[O+][C-](C)C(=O)OC
3489,3675,dipole_change,*C(C#N)=[NH+][CH-]C,*[C-](C)[O+]=CC(C)=O
3489,3678,dipole_change,*C(C#N)=[NH+][CH-]C,*C=[NH+][C-](C)C(C)=O
3489,3688,dipole_change,*C(C#N)=[NH+][CH-]C,*[C-](C)[NH+]=CC(C)=O
3489,3748,dipole_change,*C(C#N)=[NH+][CH-]C,*[C-]([N+]#CC#N)C(C)=O
3489,3840,dipole_change,*C(C#N)=[NH+][CH-]C,*C=[NH+][C-](C)C(=O)OC
3489,3853,dipole_change,*C(C#N)=[NH+][CH-]C,*C=[O+][C-](C)C(=O)OC
3675,3678,dipole_change,*C=[O+][C-](C)C#N,*[C-](C)[NH+]=CC#N
3675,3688,dipole_change,*C=[O+][C-](C)C#N,*C=[NH+][C-](C)C#N
3675,3748,dipole_change,*C=[O+][C-](C)C#N,*[C-](C#N)[N+]#CC#N
3675,3840,dipole_change,*[C-](C)[O+]=CC(C)=O,*C=[NH+][C-](C)C(=O)OC
3675,3853,dipole_change,*[C-](C)[O+]=CC(C)=O,*C=[O+][C-](C)C(=O)OC
3675,4570,dipole_change,*[C-](C)C#N,*[C-](C(C)=O)C(=O)OC
3678,3688,dipole_change,*[C-]([NH+]=CC#N)C(C)=O,*[C-](C#N)[NH+]=CC(C)=O
3678,3748,dipole_change,*C=[NH+][C-](C)C(C)=O,*[C-]([N+]#CC#N)C(C)=O
3678,3840,dipole_change,*C,*OC
3678,3853,dipole_change,*C=[NH+][C-](C)C(C)=O,*C=[O+][C-](C)C(=O)OC
3678,4365,dipole_change,*[NH+]=CC#N,*[N+](C)=CC(=O)OC
3688,3748,dipole_change,*[C-](C)[NH+]=CC(C)=O,*[C-]([N+]#CC#N)C(C)=O
3688,3840,dipole_change,*[C-](C)[NH+]=CC(C)=O,*C=[NH+][C-](C)C(=O)OC
3688,3853,dipole_change,*[C-](C)[NH+]=CC(C)=O,*C=[O+][C-](C)C(=O)OC
3748,3840,dipole_change,*[C-]([N+]#CC#N)C(C)=O,*C=[NH+][C-](C)C(=O)OC
3748,3853,dipole_change,*[C-]([N+]#CC#N)C(C)=O,*C=[O+][C-](C)C(=O)OC
3840,3853,dipole_change,*C=[NH+][C-](C)C(=O)OC,*C=[O+][C-](C)C(=O)OC
3840,4024,dipole_change,*[C-](C)[NH+]=CC#N,*C(C#N)=[N+](C)[CH-]C
3840,4365,dipole_change,*[C-](C)[NH+]=CC#N,*C=[N+](C)[C-](C)C(C)=O
3853,4024,dipole_change,*[C-](C)[O+]=CC#N,*C(C#N)=[N+](C)[CH-]C
3853,4365,dipole_change,*[C-](C)[O+]=CC#N,*C=[N+](C)[C-](C)C(C)=O
4024,4342,dipole_change,*C(=O)OC,*c1ccccc1
4024,4365,dipole_change,*C(C#N)=[N+](C)[CH-]C,*C=[N+](C)[C-](C)C(C)=O
4570,4752,dipole_change,*[O+]=CC(C)=O,*[NH+]=CC(=O)OC
4732,4950,dipole_change,*C,*OC
4732,5053,dipole_change,*[N+]#CC(C)=O,*[N+](C)=CC(C)=O
4923,5271,dipole_change,*[N+]#CC(=O)NC,*[O+]=Cc1ccccc1
4950,5053,dipole_change,*[N+]#CC(=O)OC,*[N+](C)=CC(C)=O
3362,3436,dipole_change,*C(=O)C#[N+][NH-],*NC(=O)[CH-][N+]#N
3330,3371,dipole_change,*[N-][N+]#CC#N,*C=[O+][N-]C#N
3330,3438,dipole_change,*[N-][N+]#CC#N,*C(=O)C#[N+][N-]C
3330,3771,dipole_change,*[N-][N+]#CC#N,*NC(=O)[N-][N+](C)=CC
3371,3438,dipole_change,*C=[O+][N-]C#N,*C(=O)C#[N+][N-]C
3371,3771,dipole_change,*C=[O+][N-]C#N,*NC(=O)[N-][N+](C)=CC
3438,3771,dipole_change,*C(=O)C#[N+][N-]C,*NC(=O)[N-][N+](C)=CC
3438,3873,dipole_change,*C#[N+][N-]C,*C=[NH+][N-]C(=O)NC
3771,3873,dipole_change,*[N-][N+](C)=CC,*[N-][NH+]=CC(C)=O
3834,3933,dipole_change,*[c-]1[nH+]c(C)oc1=O,*c1oc(=O)[c-](C#N)[o+]1
3834,4243,dipole_change,*C,*C(C)=O
4043,4192,dipole_change,*[NH+]=C(C)C(=O)NC,*[O+]=C(C#N)C(=O)NC
4043,4340,dipole_change,*C(C)=[NH+][C-](C)C#N,*C(=[O+][C-](C)C)C(C)=O
4192,4277,dipole_change,*[C-](C)C#N,*[C-](C#N)C#N
4192,4340,dipole_change,*C(C#N)=[O+][C-](C)C#N,*C(=[O+][C-](C)C)C(C)=O
4243,4761,dipole_change,*C(C)=O,*c1ccccc1
4370,4511,dipole_change,*[C-](C#N)C(C)=O,*[C-](C)C(=O)NC
4500,4672,dipole_change,*C(C)=[N+](C)[C-](C)C,*[C-]([O+]=C(C)C)C(C)=O
4500,4694,dipole_change,*[C-](C)C,*[C-](C#N)C#N
4672,5392,dipole_change,*[O+]=C(C)C,*[O+]=C(C(C)=O)C(C)=O
4731,5036,dipole_change,*C(=O)NC,*c1ccccc1
4761,5023,dipole_change,*C(C)=O,*C(=O)NC
5232,5475,dipole_change,*C(=O)OC,*c1ccccc1
5475,5785,dipole_change,*C,*C(=O)NC
3359,3603,dipole_change,*C(C)=[O+][NH-],*[C-]([N+]#N)C(=O)OC
3359,3694,dipole_change,*C(C#N)=[O+][NH-],*C(=O)[C-]([N+]#N)C(C)=O
3603,3694,dipole_change,*[C-](C#N)C(=O)OC,*[C-](C(C)=O)C(C)=O
4035,4247,dipole_change,*[N-][N+](C)=C(C)C#N,*C(=[NH+][N-]C#N)C(C)=O
4035,4716,dipole_change,*C,*C(=O)NC
5021,5491,dipole_change,*C(C)=O,*c1ccccc1
3389,3690,dipole_change,*[N+](C)=C(C)C,*[O+]=C(C#N)C(=O)OC
3449,3581,dipole_change,*NC(=O)N=[O+][NH-],*OC(=O)N=[N+](C)[NH-]
3449,3584,dipole_change,*NC(=O)N=[O+][NH-],*OC(=O)[N-][N+](C)=N
3581,3584,dipole_change,*C(=O)N=[N+](C)[NH-],*C(=O)[N-][N+](C)=N
180,3321,dph_change,*C(=O)C#CC(F)(F)F,*/C=C/C
181,3321,dph_change,*C(=O)C#CC(F)(F)F,*/C=C/C
3419,4209,dph_change,*/C=C\C,*C(=C)/C=C/C=C(C)C
3419,4214,dph_change,*/C=C\C,*C(=C)/C=C/C=C(C)C
3390,3391,dph_change,*/C=C/C,*/C=C\C
3275,3665,dph_change,*/C=C\C,*C(=C)/C=C/C=C(C)C
3275,3667,dph_change,*/C=C\C,*C(=C)/C=C/C=C(C)C
3233,3234,dph_change,*/C=C\C,*/C=C/C
4522,5153,dph_change,*C=O,*/C=C/C(=C)C
4521,5155,dph_change,*C=O,*/C=C/C(=C)C
97,3727,dph_change,*OC(=O)C#CC(C)=O,*C(=C)/C=C/C=C(C)C
97,3728,dph_change,*OC(=O)C#CC(C)=O,*C(=C)/C=C/C=C(C)C
98,3727,dph_change,*OC(=O)C#CC(C)=O,*C(=C)/C=C/C=C(C)C
98,3728,dph_change,*OC(=O)C#CC(C)=O,*C(=C)/C=C/C=C(C)C
1150,1976,dph_change,*C#Cc1ccccc1,*C1=C(Br)C2C=CC1O2
1819,2258,dph_change,*C#N,*C(=O)OC
1819,2259,dph_change,*C#N,*C(=O)OC
1820,2258,dph_change,*C#N,*C(=O)OC
1820,2259,dph_change,*C#N,*C(=O)OC
134,169,dph_change,*F,*C#N
134,170,dph_change,*F,*C#N
135,169,dph_change,*F,*C#N
135,170,dph_change,*F,*C#N
207,3405,dph_change,*NC(=O)C#COC,*/C=C/C
208,3405,dph_change,*NC(=O)C#COC,*/C=C/C
3315,3316,dph_change,*/C=C\C,*/C=C/C
3319,3882,dph_change,*/C=C/C,*C(=C)/C=C/C=C(C)C
3319,3885,dph_change,*/C=C/C,*C(=C)/C=C/C=C(C)C
2143,2156,dph_change,*OC,*NC
2143,2158,dph_change,*OC,*NC
2144,2156,dph_change,*OC,*NC
2144,2158,dph_change,*OC,*NC
2141,2157,dph_change,*OC,*NC
2141,2159,dph_change,*OC,*NC
2142,2157,dph_change,*OC,*NC
2142,2159,dph_change,*OC,*NC
1606,1760,dph_change,*C1=C(C)C2C=CC1O2,*C(OC)=C(OC)OC
1606,1761,dph_change,*C1=C(C)C2C=CC1O2,*C(OC)=C(OC)OC
1608,1760,dph_change,*C1=C(C)C2C=CC1O2,*C(OC)=C(OC)OC
1608,1761,dph_change,*C1=C(C)C2C=CC1O2,*C(OC)=C(OC)OC
4920,4922,dph_change,*/C=C/C,*/C=C\C
2656,2886,dph_change,*C#N,*C(=O)OC
2656,2887,dph_change,*C#N,*C(=O)OC
2657,2886,dph_change,*C#N,*C(=O)OC
2657,2887,dph_change,*C#N,*C(=O)OC
4924,4933,dph_change,*/C=C/C,*/C=C\C
1057,1462,dph_change,*C,*C(C)=O
1057,1463,dph_change,*C,*C(C)=O
1058,1462,dph_change,*C,*C(C)=O
1058,1463,dph_change,*C,*C(C)=O
783,4275,dph_change,*NC(=O)C#CF,*/C=C\C
784,4275,dph_change,*NC(=O)C#CF,*/C=C\C
3257,3261,dph_change,*/C=C/C,*/C=C\C
4506,4519,dph_change,*C(=O)/C=C\C(=O)[O-],*C(=O)/C=C/C(=O)[O-]
618,813,dph_change,*C(C)=O,*C(=O)NC
618,814,dph_change,*C(C)=O,*C(=O)NC
619,813,dph_change,*C(C)=O,*C(=O)NC
619,814,dph_change,*C(C)=O,*C(=O)NC
172,251,dph_change,*C(=O)C#CF,*OC(=O)C#CF
172,421,dph_change,*C(=O)C#CF,*OC#CBr
172,422,dph_change,*C(=O)C#CF,*OC#CBr
173,251,dph_change,*C(=O)C#CF,*OC(=O)C#CF
173,421,dph_change,*C(=O)C#CF,*OC#CBr
173,422,dph_change,*C(=O)C#CF,*OC#CBr
251,421,dph_change,*OC(=O)C#CF,*OC#CBr
251,422,dph_change,*OC(=O)C#CF,*OC#CBr
728,3874,dph_change,*OC#CBr,*/C=C\C
729,3874,dph_change,*OC#CBr,*/C=C\C
1936,2125,dph_change,*C(C#N)=C(C#N)C#N,*C1=C(F)C2CCC1C2
1936,2126,dph_change,*C(C#N)=C(C#N)C#N,*C1=C(F)C2CCC1C2
1937,2125,dph_change,*C(C#N)=C(C#N)C#N,*C1=C(F)C2CCC1C2
1937,2126,dph_change,*C(C#N)=C(C#N)C#N,*C1=C(F)C2CCC1C2
3458,3460,dph_change,*/C=C/C,*/C=C\C
3502,3512,dph_change,*/C=C\C,*/C=C/C
1793,2468,dph_change,*F,*c1ccccc1
1793,2469,dph_change,*F,*c1ccccc1
1794,2468,dph_change,*F,*c1ccccc1
1794,2469,dph_change,*F,*c1ccccc1
2049,2411,dph_change,*Cl,*Br
2049,2412,dph_change,*Cl,*Br
2050,2411,dph_change,*Cl,*Br
2050,2412,dph_change,*Cl,*Br
2048,2409,dph_change,*Cl,*Br
2048,2410,dph_change,*Cl,*Br
2051,2409,dph_change,*Cl,*Br
2051,2410,dph_change,*Cl,*Br
5043,5585,dph_change,*C=O,*/C=C/C(=C)C
5044,5586,dph_change,*C=O,*/C=C/C(=C)C
384,815,dph_change,*C#N,*Br
384,816,dph_change,*C#N,*Br
385,815,dph_change,*C#N,*Br
385,816,dph_change,*C#N,*Br
454,4233,dph_change,*OC,*C
455,4233,dph_change,*OC,*C
3501,3520,dph_change,*/C=C\C,*/C=C/C
3769,3780,dph_change,*/C=C\C,*/C=C/C
4332,4995,dph_change,*C=O,*/C=C/C(=C)C
4331,4998,dph_change,*C=O,*/C=C/C(=C)C
4,3253,dph_change,*C#CC,*/C=C\C
3901,3909,dph_change,*/C=C/C,*/C=C\C
1202,4784,dph_change,*C1=C(C)C2CCC1C2,*C(C)=C(C)C
569,3943,dph_change,*OC(=O)C#CC#N,*/C=C\C
570,3943,dph_change,*OC(=O)C#CC#N,*/C=C\C
