{"arm": "xgb28_delta_family", "family": "dipolar", "fold": 1, "member": 4, "n_train": 157, "n_test": 40, "reaction_ids": ["dipolar_000759", "dipolar_000041", "dipolar_000561", "dipolar_005135", "dipolar_001399", "dipolar_002299", "dipolar_000097", "dipolar_005954", "dipolar_004537", "dipolar_002495", "dipolar_004417", "dipolar_005220", "dipolar_000541", "dipolar_002456", "dipolar_003390", "dipolar_005155", "dipolar_002757", "dipolar_000036", "dipolar_003141", "dipolar_000732", "dipolar_000049", "dipolar_005885", "dipolar_005609", "dipolar_001769", "dipolar_002549", "dipolar_001415", "dipolar_001736", "dipolar_001353", "dipolar_000551", "dipolar_004594", "dipolar_000172", "dipolar_005125", "dipolar_004042", "dipolar_000017", "dipolar_004064", "dipolar_002345", "dipolar_001528", "dipolar_002856", "dipolar_002209", "dipolar_000975"], "y_true_strain": [51.49818420410156, 42.72087860107422, 10.530013084411621, 97.24906921386719, 13.645108222961426, 80.30390930175781, 47.68178176879883, 32.45071792602539, 59.39132308959961, 16.304346084594727, 33.325828552246094, 67.10087585449219, 6.089942932128906, 62.85579299926758, 7.158380031585693, 65.21476745605469, 24.708608627319336, 9.677379608154297, 57.655059814453125, 74.7772445678711, 58.575439453125, 69.91380310058594, 65.13887786865234, 32.52365493774414, 75.61227416992188, 10.839128494262695, 17.839759826660156, 27.060840606689453, 54.75320053100586, 8.112447738647461, 73.5103988647461, 51.130287170410156, 95.20073699951172, 40.1265869140625, 19.372533798217773, 74.18616485595703, 20.371360778808594, 94.76337432861328, 9.959095001220703, 96.35360717773438], "y_true_Pauli": [210.11000061035156, 242.5, 25.290000915527344, 250.60000610351562, 45.93000030517578, 271.92999267578125, 177.86000061035156, 67.80000305175781, 244.97999572753906, 34.040000915527344, 127.94999694824219, 226.89999389648438, 45.83000183105469, 259.9599914550781, 37.29999923706055, 304.510009765625, 50.11000061035156, 25.489999771118164, 248.22999572753906, 302.9800109863281, 138.44000244140625, 227.08999633789062, 468.2699890136719, 143.47000122070312, 183.6999969482422, 51.33000183105469, 39.4900016784668, 118.44000244140625, 214.6300048828125, 291.05999755859375, 447.4100036621094, 149.25999450683594, 450.94000244140625, 127.5999984741211, 23.440000534057617, 323.1300048828125, 26.950000762939453, 315.45001220703125, 38.04999923706055, 208.0800018310547], "y_true_elst": [-107.69999694824219, -116.73999786376953, -10.8100004196167, -116.0, -22.18000030517578, -130.30999755859375, -88.87000274658203, -28.799999237060547, -117.87999725341797, -17.540000915527344, -65.81999969482422, -117.66000366210938, -20.969999313354492, -130.57000732421875, -16.739999771118164, -150.6300048828125, -22.8799991607666, -14.079999923706055, -119.94999694824219, -148.07000732421875, -78.66999816894531, -111.11000061035156, -226.00999450683594, -74.93000030517578, -91.47000122070312, -22.84000015258789, -20.969999313354492, -63.279998779296875, -112.47000122070312, -190.6300048828125, -210.64999389648438, -77.81999969482422, -223.80999755859375, -69.80000305175781, -11.5600004196167, -161.91000366210938, -11.289999961853027, -160.72000122070312, -18.760000228881836, -100.36000061035156], "y_true_oi": [-134.83999633789062, -173.80999755859375, -7.820000171661377, -229.6300048828125, -17.5, -188.1199951171875, -139.24000549316406, -21.1299991607666, -171.22000122070312, -9.489999771118164, -74.66000366210938, -166.0500030517578, -12.369999885559082, -158.85000610351562, -8.4399995803833, -197.63999938964844, -11.979999542236328, -7.739999771118164, -165.27999877929688, -204.16000366210938, -114.52999877929688, -162.4499969482422, -288.42999267578125, -78.76000213623047, -124.75, -14.899999618530273, -11.359999656677246, -71.62000274658203, -160.17999267578125, -128.10000610351562, -292.4599914550781, -105.80999755859375, -286.2099914550781, -101.9000015258789, -6.900000095367432, -208.8699951171875, -8.829999923706055, -205.64999389648438, -9.65999984741211, -155.4600067138672], "y_true_disp": [-12.279999732971191, -12.819999694824219, -14.5, -21.079999923706055, -23.18000030517578, -25.670000076293945, -11.8100004196167, -29.920000076293945, -18.389999389648438, -19.229999542236328, -17.84000015258789, -21.25, -18.3799991607666, -24.809999465942383, -11.9399995803833, -24.25, -23.899999618530273, -8.760000228881836, -24.209999084472656, -17.559999465942383, -9.979999542236328, -31.350000381469727, -27.18000030517578, -20.850000381469727, -24.799999237060547, -18.6200008392334, -17.34000015258789, -14.300000190734863, -9.34000015258789, -17.510000228881836, -12.520000457763672, -20.489999771118164, -18.979999542236328, -9.199999809265137, -13.430000305175781, -32.709999084472656, -15.770000457763672, -29.520000457763672, -15.829999923706055, -24.020000457763672], "y_pred_strain": [59.98414993286133, 54.27125930786133, 5.851765155792236, 83.65436553955078, 18.285669326782227, 94.10611724853516, 51.85258483886719, 29.343605041503906, 60.46227264404297, 14.79676628112793, 43.0052490234375, 80.1194839477539, 6.561675071716309, 80.01504516601562, 1.0175690650939941, 80.0200424194336, 12.14311695098877, 5.8646135330200195, 67.09445190429688, 91.70047760009766, 52.70633316040039, 83.75051879882812, 82.87149810791016, 32.102622985839844, 74.0662612915039, 14.07275390625, 8.367053031921387, 28.982202529907227, 74.74168395996094, 27.274396896362305, 74.09142303466797, 54.15605926513672, 89.64612579345703, 41.245567321777344, 9.702322006225586, 95.6329574584961, 11.974930763244629, 93.56079864501953, 9.177596092224121, 75.92561340332031], "y_pred_Pauli": [161.16871643066406, 248.53594970703125, 27.859294891357422, 300.2158508300781, 75.53190612792969, 279.7658996582031, 190.95245361328125, 73.86328887939453, 233.154541015625, 34.35228729248047, 115.7940902709961, 228.3907012939453, 46.55978012084961, 203.67369079589844, 27.253170013427734, 301.0698547363281, 43.924137115478516, 20.180618286132812, 227.93560791015625, 241.2147674560547, 155.4991455078125, 229.11866760253906, 439.15399169921875, 124.94269561767578, 166.9862518310547, 47.53941345214844, 33.896060943603516, 132.366943359375, 179.84762573242188, 338.52679443359375, 430.4174499511719, 161.25894165039062, 446.0980224609375, 121.79548645019531, 30.092823028564453, 276.5086669921875, 30.892513275146484, 273.0734558105469, 42.151485443115234, 216.5551300048828], "y_pred_elst": [-86.50465393066406, -116.10279083251953, -13.702371597290039, -146.762451171875, -31.846860885620117, -139.2179412841797, -95.31024169921875, -36.37176513671875, -113.9825439453125, -19.75666046142578, -50.27838134765625, -118.33267211914062, -21.774364471435547, -104.71537780761719, -12.152795791625977, -139.71078491210938, -16.73248863220215, -7.696244239807129, -110.19831085205078, -128.98562622070312, -82.12921905517578, -114.90998077392578, -208.83770751953125, -63.31631088256836, -89.59396362304688, -19.422216415405273, -16.022554397583008, -66.54657745361328, -98.81686401367188, -220.3453826904297, -201.30860900878906, -81.22137451171875, -210.607666015625, -62.16132736206055, -15.687616348266602, -140.0409698486328, -11.675009727478027, -147.25518798828125, -20.2238826751709, -103.69821166992188],