{"arm": "xgb28_delta_family", "family": "dipolar", "fold": 1, "member": 3, "n_train": 157, "n_test": 40, "reaction_ids": ["dipolar_000759", "dipolar_000041", "dipolar_000561", "dipolar_005135", "dipolar_001399", "dipolar_002299", "dipolar_000097", "dipolar_005954", "dipolar_004537", "dipolar_002495", "dipolar_004417", "dipolar_005220", "dipolar_000541", "dipolar_002456", "dipolar_003390", "dipolar_005155", "dipolar_002757", "dipolar_000036", "dipolar_003141", "dipolar_000732", "dipolar_000049", "dipolar_005885", "dipolar_005609", "dipolar_001769", "dipolar_002549", "dipolar_001415", "dipolar_001736", "dipolar_001353", "dipolar_000551", "dipolar_004594", "dipolar_000172", "dipolar_005125", "dipolar_004042", "dipolar_000017", "dipolar_004064", "dipolar_002345", "dipolar_001528", "dipolar_002856", "dipolar_002209", "dipolar_000975"], "y_true_strain": [51.49818420410156, 42.72087860107422, 10.530013084411621, 97.24906921386719, 13.645108222961426, 80.30390930175781, 47.68178176879883, 32.45071792602539, 59.39132308959961, 16.304346084594727, 33.325828552246094, 67.10087585449219, 6.089942932128906, 62.85579299926758, 7.158380031585693, 65.21476745605469, 24.708608627319336, 9.677379608154297, 57.655059814453125, 74.7772445678711, 58.575439453125, 69.91380310058594, 65.13887786865234, 32.52365493774414, 75.61227416992188, 10.839128494262695, 17.839759826660156, 27.060840606689453, 54.75320053100586, 8.112447738647461, 73.5103988647461, 51.130287170410156, 95.20073699951172, 40.1265869140625, 19.372533798217773, 74.18616485595703, 20.371360778808594, 94.76337432861328, 9.959095001220703, 96.35360717773438], "y_true_Pauli": [210.11000061035156, 242.5, 25.290000915527344, 250.60000610351562, 45.93000030517578, 271.92999267578125, 177.86000061035156, 67.80000305175781, 244.97999572753906, 34.040000915527344, 127.94999694824219, 226.89999389648438, 45.83000183105469, 259.9599914550781, 37.29999923706055, 304.510009765625, 50.11000061035156, 25.489999771118164, 248.22999572753906, 302.9800109863281, 138.44000244140625, 227.08999633789062, 468.2699890136719, 143.47000122070312, 183.6999969482422, 51.33000183105469, 39.4900016784668, 118.44000244140625, 214.6300048828125, 291.05999755859375, 447.4100036621094, 149.25999450683594, 450.94000244140625, 127.5999984741211, 23.440000534057617, 323.1300048828125, 26.950000762939453, 315.45001220703125, 38.04999923706055, 208.0800018310547], "y_true_elst": [-107.69999694824219, -116.73999786376953, -10.8100004196167, -116.0, -22.18000030517578, -130.30999755859375, -88.87000274658203, -28.799999237060547, -117.87999725341797, -17.540000915527344, -65.81999969482422, -117.66000366210938, -20.969999313354492, -130.57000732421875, -16.739999771118164, -150.6300048828125, -22.8799991607666, -14.079999923706055, -119.94999694824219, -148.07000732421875, -78.66999816894531, -111.11000061035156, -226.00999450683594, -74.93000030517578, -91.47000122070312, -22.84000015258789, -20.969999313354492, -63.279998779296875, -112.47000122070312, -190.6300048828125, -210.64999389648438, -77.81999969482422, -223.80999755859375, -69.80000305175781, -11.5600004196167, -161.91000366210938, -11.289999961853027, -160.72000122070312, -18.760000228881836, -100.36000061035156], "y_true_oi": [-134.83999633789062, -173.80999755859375, -7.820000171661377, -229.6300048828125, -17.5, -188.1199951171875, -139.24000549316406, -21.1299991607666, -171.22000122070312, -9.489999771118164, -74.66000366210938, -166.0500030517578, -12.369999885559082, -158.85000610351562, -8.4399995803833, -197.63999938964844, -11.979999542236328, -7.739999771118164, -165.27999877929688, -204.16000366210938, -114.52999877929688, -162.4499969482422, -288.42999267578125, -78.76000213623047, -124.75, -14.899999618530273, -11.359999656677246, -71.62000274658203, -160.17999267578125, -128.10000610351562, -292.4599914550781, -105.80999755859375, -286.2099914550781, -101.9000015258789, -6.900000095367432, -208.8699951171875, -8.829999923706055, -205.64999389648438, -9.65999984741211, -155.4600067138672], "y_true_disp": [-12.279999732971191, -12.819999694824219, -14.5, -21.079999923706055, -23.18000030517578, -25.670000076293945, -11.8100004196167, -29.920000076293945, -18.389999389648438, -19.229999542236328, -17.84000015258789, -21.25, -18.3799991607666, -24.809999465942383, -11.9399995803833, -24.25, -23.899999618530273, -8.760000228881836, -24.209999084472656, -17.559999465942383, -9.979999542236328, -31.350000381469727, -27.18000030517578, -20.850000381469727, -24.799999237060547, -18.6200008392334, -17.34000015258789, -14.300000190734863, -9.34000015258789, -17.510000228881836, -12.520000457763672, -20.489999771118164, -18.979999542236328, -9.199999809265137, -13.430000305175781, -32.709999084472656, -15.770000457763672, -29.520000457763672, -15.829999923706055, -24.020000457763672], "y_pred_strain": [62.260711669921875, 54.7475471496582, 7.191817283630371, 83.38694763183594, 17.98870277404785, 93.72254943847656, 52.971961975097656, 29.138120651245117, 61.79753112792969, 15.279006004333496, 42.46324157714844, 81.2911376953125, 7.0948991775512695, 80.48794555664062, 2.444524049758911, 80.8988037109375, 11.84848403930664, 7.344429016113281, 68.70211029052734, 92.17640686035156, 54.5743408203125, 82.90068054199219, 82.51217651367188, 32.85520553588867, 73.51809692382812, 13.441705703735352, 8.435298919677734, 29.50183868408203, 76.5010757446289, 28.005985260009766, 74.90189361572266, 54.6054573059082, 89.39391326904297, 42.57398986816406, 10.166964530944824, 94.73200225830078, 11.765060424804688, 94.5763931274414, 9.430108070373535, 75.38400268554688], "y_pred_Pauli": [161.91505432128906, 248.7614288330078, 28.20108985900879, 300.8269348144531, 76.18730163574219, 280.448486328125, 191.21356201171875, 74.52743530273438, 233.4204864501953, 34.6456413269043, 116.48856353759766, 228.732421875, 46.78055191040039, 203.99658203125, 27.665542602539062, 301.35906982421875, 44.78291320800781, 20.590229034423828, 228.3940887451172, 241.58335876464844, 156.072021484375, 230.35247802734375, 440.0067138671875, 125.18421936035156, 167.76258850097656, 48.34661865234375, 34.422550201416016, 132.61801147460938, 180.3550567626953, 338.7583923339844, 430.5989074707031, 161.58401489257812, 446.7281799316406, 122.13377380371094, 30.44500732421875, 277.5748596191406, 31.619604110717773, 273.4069519042969, 42.48472595214844, 217.7670440673828], "y_pred_elst": [-87.7025146484375, -116.39241027832031, -14.237639427185059, -147.5675506591797, -32.80724334716797, -140.24595642089844, -95.72262573242188, -37.271244049072266, -114.29959106445312, -20.149578094482422, -51.37181091308594, -118.85523986816406, -22.07452964782715, -105.12960815429688, -12.84936809539795, -140.1161651611328, -17.847734451293945, -8.377252578735352, -110.9540786743164, -129.53421020507812, -83.07008361816406, -116.7204818725586, -209.98414611816406, -63.58056640625, -90.78865814208984, -20.653522491455078, -16.66437339782715, -66.86576843261719, -99.63468933105469, -220.52381896972656, -201.57443237304688, -81.72805786132812, -211.52171325683594, -62.71062088012695, -16.16357421875, -141.7024688720703, -12.596719741821289, -147.79754638671875, -20.640411376953125, -105.3102798461914],