{"arm": "xgb28_delta_family", "family": "dipolar", "fold": 1, "member": 2, "n_train": 157, "n_test": 40, "reaction_ids": ["dipolar_000759", "dipolar_000041", "dipolar_000561", "dipolar_005135", "dipolar_001399", "dipolar_002299", "dipolar_000097", "dipolar_005954", "dipolar_004537", "dipolar_002495", "dipolar_004417", "dipolar_005220", "dipolar_000541", "dipolar_002456", "dipolar_003390", "dipolar_005155", "dipolar_002757", "dipolar_000036", "dipolar_003141", "dipolar_000732", "dipolar_000049", "dipolar_005885", "dipolar_005609", "dipolar_001769", "dipolar_002549", "dipolar_001415", "dipolar_001736", "dipolar_001353", "dipolar_000551", "dipolar_004594", "dipolar_000172", "dipolar_005125", "dipolar_004042", "dipolar_000017", "dipolar_004064", "dipolar_002345", "dipolar_001528", "dipolar_002856", "dipolar_002209", "dipolar_000975"], "y_true_strain": [51.49818420410156, 42.72087860107422, 10.530013084411621, 97.24906921386719, 13.645108222961426, 80.30390930175781, 47.68178176879883, 32.45071792602539, 59.39132308959961, 16.304346084594727, 33.325828552246094, 67.10087585449219, 6.089942932128906, 62.85579299926758, 7.158380031585693, 65.21476745605469, 24.708608627319336, 9.677379608154297, 57.655059814453125, 74.7772445678711, 58.575439453125, 69.91380310058594, 65.13887786865234, 32.52365493774414, 75.61227416992188, 10.839128494262695, 17.839759826660156, 27.060840606689453, 54.75320053100586, 8.112447738647461, 73.5103988647461, 51.130287170410156, 95.20073699951172, 40.1265869140625, 19.372533798217773, 74.18616485595703, 20.371360778808594, 94.76337432861328, 9.959095001220703, 96.35360717773438], "y_true_Pauli": [210.11000061035156, 242.5, 25.290000915527344, 250.60000610351562, 45.93000030517578, 271.92999267578125, 177.86000061035156, 67.80000305175781, 244.97999572753906, 34.040000915527344, 127.94999694824219, 226.89999389648438, 45.83000183105469, 259.9599914550781, 37.29999923706055, 304.510009765625, 50.11000061035156, 25.489999771118164, 248.22999572753906, 302.9800109863281, 138.44000244140625, 227.08999633789062, 468.2699890136719, 143.47000122070312, 183.6999969482422, 51.33000183105469, 39.4900016784668, 118.44000244140625, 214.6300048828125, 291.05999755859375, 447.4100036621094, 149.25999450683594, 450.94000244140625, 127.5999984741211, 23.440000534057617, 323.1300048828125, 26.950000762939453, 315.45001220703125, 38.04999923706055, 208.0800018310547], "y_true_elst": [-107.69999694824219, -116.73999786376953, -10.8100004196167, -116.0, -22.18000030517578, -130.30999755859375, -88.87000274658203, -28.799999237060547, -117.87999725341797, -17.540000915527344, -65.81999969482422, -117.66000366210938, -20.969999313354492, -130.57000732421875, -16.739999771118164, -150.6300048828125, -22.8799991607666, -14.079999923706055, -119.94999694824219, -148.07000732421875, -78.66999816894531, -111.11000061035156, -226.00999450683594, -74.93000030517578, -91.47000122070312, -22.84000015258789, -20.969999313354492, -63.279998779296875, -112.47000122070312, -190.6300048828125, -210.64999389648438, -77.81999969482422, -223.80999755859375, -69.80000305175781, -11.5600004196167, -161.91000366210938, -11.289999961853027, -160.72000122070312, -18.760000228881836, -100.36000061035156], "y_true_oi": [-134.83999633789062, -173.80999755859375, -7.820000171661377, -229.6300048828125, -17.5, -188.1199951171875, -139.24000549316406, -21.1299991607666, -171.22000122070312, -9.489999771118164, -74.66000366210938, -166.0500030517578, -12.369999885559082, -158.85000610351562, -8.4399995803833, -197.63999938964844, -11.979999542236328, -7.739999771118164, -165.27999877929688, -204.16000366210938, -114.52999877929688, -162.4499969482422, -288.42999267578125, -78.76000213623047, -124.75, -14.899999618530273, -11.359999656677246, -71.62000274658203, -160.17999267578125, -128.10000610351562, -292.4599914550781, -105.80999755859375, -286.2099914550781, -101.9000015258789, -6.900000095367432, -208.8699951171875, -8.829999923706055, -205.64999389648438, -9.65999984741211, -155.4600067138672], "y_true_disp": [-12.279999732971191, -12.819999694824219, -14.5, -21.079999923706055, -23.18000030517578, -25.670000076293945, -11.8100004196167, -29.920000076293945, -18.389999389648438, -19.229999542236328, -17.84000015258789, -21.25, -18.3799991607666, -24.809999465942383, -11.9399995803833, -24.25, -23.899999618530273, -8.760000228881836, -24.209999084472656, -17.559999465942383, -9.979999542236328, -31.350000381469727, -27.18000030517578, -20.850000381469727, -24.799999237060547, -18.6200008392334, -17.34000015258789, -14.300000190734863, -9.34000015258789, -17.510000228881836, -12.520000457763672, -20.489999771118164, -18.979999542236328, -9.199999809265137, -13.430000305175781, -32.709999084472656, -15.770000457763672, -29.520000457763672, -15.829999923706055, -24.020000457763672], "y_pred_strain": [60.221893310546875, 53.627540588378906, 5.870100975036621, 83.15045928955078, 17.7922420501709, 93.74378967285156, 51.41649627685547, 28.788307189941406, 60.62255859375, 14.351101875305176, 42.04598617553711, 80.59666442871094, 6.844833850860596, 79.9025650024414, 1.1832228899002075, 80.51217651367188, 11.43655776977539, 5.716003894805908, 67.30571746826172, 90.96015167236328, 53.339107513427734, 82.67047882080078, 82.20431518554688, 31.225929260253906, 73.48857116699219, 13.482372283935547, 7.73684549331665, 28.947895050048828, 74.68730926513672, 27.43602180480957, 73.45706176757812, 53.982967376708984, 88.87484741210938, 41.034400939941406, 9.037165641784668, 95.0155029296875, 11.113181114196777, 93.80511474609375, 8.915169715881348, 74.9708023071289], "y_pred_Pauli": [163.99636840820312, 249.64437866210938, 29.46230697631836, 300.09796142578125, 75.51234436035156, 279.46234130859375, 192.76376342773438, 73.8872299194336, 234.2871551513672, 35.190345764160156, 116.39038848876953, 229.0822296142578, 46.512752532958984, 204.0323486328125, 28.946720123291016, 301.1962585449219, 43.86524963378906, 22.279987335205078, 229.82586669921875, 242.54855346679688, 157.32534790039062, 229.3273162841797, 439.0148010253906, 126.5417251586914, 166.9245147705078, 47.35033416748047, 34.24099349975586, 132.69464111328125, 182.20960998535156, 338.6301574707031, 431.99749755859375, 161.8406219482422, 446.49951171875, 123.69734954833984, 31.20210838317871, 275.9964599609375, 31.217140197753906, 273.9835510253906, 42.39130783081055, 216.5115966796875], "y_pred_elst": [-89.40618896484375, -117.15094757080078, -15.245721817016602, -146.6060791015625, -31.732297897338867, -138.72962951660156, -97.00956726074219, -36.34048843383789, -115.01119232177734, -20.49052619934082, -50.98076629638672, -118.84534454345703, -21.467498779296875, -104.9451675415039, -13.816925048828125, -139.56564331054688, -16.667261123657227, -9.742865562438965, -112.08792114257812, -130.28118896484375, -84.0237808227539, -115.31407928466797, -208.63587951660156, -64.8455581665039, -89.48233795166016, -19.163040161132812, -16.33183479309082, -66.71099853515625, -101.15972137451172, -220.29281616210938, -202.76976013183594, -81.64669799804688, -210.98202514648438, -63.99237823486328, -16.75356674194336, -139.35008239746094, -12.075774192810059, -148.0543212890625, -20.346601486206055, -103.77935028076172],