{"arm": "xgb28_delta_family", "family": "dipolar", "fold": 1, "member": 0, "n_train": 157, "n_test": 40, "reaction_ids": ["dipolar_000759", "dipolar_000041", "dipolar_000561", "dipolar_005135", "dipolar_001399", "dipolar_002299", "dipolar_000097", "dipolar_005954", "dipolar_004537", "dipolar_002495", "dipolar_004417", "dipolar_005220", "dipolar_000541", "dipolar_002456", "dipolar_003390", "dipolar_005155", "dipolar_002757", "dipolar_000036", "dipolar_003141", "dipolar_000732", "dipolar_000049", "dipolar_005885", "dipolar_005609", "dipolar_001769", "dipolar_002549", "dipolar_001415", "dipolar_001736", "dipolar_001353", "dipolar_000551", "dipolar_004594", "dipolar_000172", "dipolar_005125", "dipolar_004042", "dipolar_000017", "dipolar_004064", "dipolar_002345", "dipolar_001528", "dipolar_002856", "dipolar_002209", "dipolar_000975"], "y_true_strain": [51.49818420410156, 42.72087860107422, 10.530013084411621, 97.24906921386719, 13.645108222961426, 80.30390930175781, 47.68178176879883, 32.45071792602539, 59.39132308959961, 16.304346084594727, 33.325828552246094, 67.10087585449219, 6.089942932128906, 62.85579299926758, 7.158380031585693, 65.21476745605469, 24.708608627319336, 9.677379608154297, 57.655059814453125, 74.7772445678711, 58.575439453125, 69.91380310058594, 65.13887786865234, 32.52365493774414, 75.61227416992188, 10.839128494262695, 17.839759826660156, 27.060840606689453, 54.75320053100586, 8.112447738647461, 73.5103988647461, 51.130287170410156, 95.20073699951172, 40.1265869140625, 19.372533798217773, 74.18616485595703, 20.371360778808594, 94.76337432861328, 9.959095001220703, 96.35360717773438], "y_true_Pauli": [210.11000061035156, 242.5, 25.290000915527344, 250.60000610351562, 45.93000030517578, 271.92999267578125, 177.86000061035156, 67.80000305175781, 244.97999572753906, 34.040000915527344, 127.94999694824219, 226.89999389648438, 45.83000183105469, 259.9599914550781, 37.29999923706055, 304.510009765625, 50.11000061035156, 25.489999771118164, 248.22999572753906, 302.9800109863281, 138.44000244140625, 227.08999633789062, 468.2699890136719, 143.47000122070312, 183.6999969482422, 51.33000183105469, 39.4900016784668, 118.44000244140625, 214.6300048828125, 291.05999755859375, 447.4100036621094, 149.25999450683594, 450.94000244140625, 127.5999984741211, 23.440000534057617, 323.1300048828125, 26.950000762939453, 315.45001220703125, 38.04999923706055, 208.0800018310547], "y_true_elst": [-107.69999694824219, -116.73999786376953, -10.8100004196167, -116.0, -22.18000030517578, -130.30999755859375, -88.87000274658203, -28.799999237060547, -117.87999725341797, -17.540000915527344, -65.81999969482422, -117.66000366210938, -20.969999313354492, -130.57000732421875, -16.739999771118164, -150.6300048828125, -22.8799991607666, -14.079999923706055, -119.94999694824219, -148.07000732421875, -78.66999816894531, -111.11000061035156, -226.00999450683594, -74.93000030517578, -91.47000122070312, -22.84000015258789, -20.969999313354492, -63.279998779296875, -112.47000122070312, -190.6300048828125, -210.64999389648438, -77.81999969482422, -223.80999755859375, -69.80000305175781, -11.5600004196167, -161.91000366210938, -11.289999961853027, -160.72000122070312, -18.760000228881836, -100.36000061035156], "y_true_oi": [-134.83999633789062, -173.80999755859375, -7.820000171661377, -229.6300048828125, -17.5, -188.1199951171875, -139.24000549316406, -21.1299991607666, -171.22000122070312, -9.489999771118164, -74.66000366210938, -166.0500030517578, -12.369999885559082, -158.85000610351562, -8.4399995803833, -197.63999938964844, -11.979999542236328, -7.739999771118164, -165.27999877929688, -204.16000366210938, -114.52999877929688, -162.4499969482422, -288.42999267578125, -78.76000213623047, -124.75, -14.899999618530273, -11.359999656677246, -71.62000274658203, -160.17999267578125, -128.10000610351562, -292.4599914550781, -105.80999755859375, -286.2099914550781, -101.9000015258789, -6.900000095367432, -208.8699951171875, -8.829999923706055, -205.64999389648438, -9.65999984741211, -155.4600067138672], "y_true_disp": [-12.279999732971191, -12.819999694824219, -14.5, -21.079999923706055, -23.18000030517578, -25.670000076293945, -11.8100004196167, -29.920000076293945, -18.389999389648438, -19.229999542236328, -17.84000015258789, -21.25, -18.3799991607666, -24.809999465942383, -11.9399995803833, -24.25, -23.899999618530273, -8.760000228881836, -24.209999084472656, -17.559999465942383, -9.979999542236328, -31.350000381469727, -27.18000030517578, -20.850000381469727, -24.799999237060547, -18.6200008392334, -17.34000015258789, -14.300000190734863, -9.34000015258789, -17.510000228881836, -12.520000457763672, -20.489999771118164, -18.979999542236328, -9.199999809265137, -13.430000305175781, -32.709999084472656, -15.770000457763672, -29.520000457763672, -15.829999923706055, -24.020000457763672], "y_pred_strain": [62.47463607788086, 54.636619567871094, 7.3458991050720215, 82.65983581542969, 17.361431121826172, 93.08601379394531, 53.12559127807617, 28.263431549072266, 61.672630310058594, 15.137378692626953, 42.35137939453125, 81.12761688232422, 7.083950996398926, 79.97499084472656, 2.706632137298584, 80.72381591796875, 10.795494079589844, 7.599956035614014, 68.90765380859375, 92.06159973144531, 54.836891174316406, 81.8986587524414, 81.45223999023438, 32.6319465637207, 73.010986328125, 13.232443809509277, 7.852687358856201, 29.25235939025879, 76.70240020751953, 27.54718589782715, 74.95736694335938, 54.536746978759766, 88.92974853515625, 42.79393768310547, 9.9647216796875, 94.04411315917969, 11.04430866241455, 94.62749481201172, 9.091525077819824, 74.03582763671875], "y_pred_Pauli": [162.06614685058594, 248.876953125, 28.35700225830078, 300.51129150390625, 75.71109008789062, 279.8656921386719, 191.36257934570312, 73.90904235839844, 233.5546417236328, 34.756431579589844, 116.60465240478516, 228.57318115234375, 46.936363220214844, 203.6268768310547, 27.817272186279297, 301.31951904296875, 44.32516860961914, 20.744041442871094, 228.530029296875, 241.63885498046875, 156.2264404296875, 229.6967315673828, 439.34783935546875, 125.30059051513672, 167.38465881347656, 48.486839294433594, 34.42326736450195, 132.593505859375, 180.504150390625, 338.7886657714844, 430.73065185546875, 161.60523986816406, 446.5556640625, 122.29300689697266, 30.520946502685547, 276.9452209472656, 31.627025604248047, 273.4777526855469, 42.48836135864258, 217.1753692626953], "y_pred_elst": [-88.25196075439453, -116.82819366455078, -14.811890602111816, -146.86727905273438, -31.62836456298828, -138.76812744140625, -96.25981903076172, -35.765464782714844, -114.8093490600586, -20.57215118408203, -51.806129455566406, -118.4571533203125, -22.647680282592773, -104.2165756225586, -13.395254135131836, -140.0868377685547, -16.84060287475586, -8.940469741821289, -111.41754913330078, -129.774658203125, -83.63575744628906, -115.14730072021484, -208.4188995361328, -64.03797912597656, -89.85355377197266, -21.19753074645996, -16.85597038269043, -66.88563537597656, -100.16983795166016, -220.76779174804688, -202.03164672851562, -81.8503646850586, -211.17274475097656, -63.30488586425781, -16.503950119018555, -140.1103057861328, -12.842118263244629, -148.03152465820312, -20.771947860717773, -104.0087661743164],