{"arm": "xgb28_delta_family", "family": "dipolar", "fold": 1, "member": 1, "n_train": 157, "n_test": 40, "reaction_ids": ["dipolar_000759", "dipolar_000041", "dipolar_000561", "dipolar_005135", "dipolar_001399", "dipolar_002299", "dipolar_000097", "dipolar_005954", "dipolar_004537", "dipolar_002495", "dipolar_004417", "dipolar_005220", "dipolar_000541", "dipolar_002456", "dipolar_003390", "dipolar_005155", "dipolar_002757", "dipolar_000036", "dipolar_003141", "dipolar_000732", "dipolar_000049", "dipolar_005885", "dipolar_005609", "dipolar_001769", "dipolar_002549", "dipolar_001415", "dipolar_001736", "dipolar_001353", "dipolar_000551", "dipolar_004594", "dipolar_000172", "dipolar_005125", "dipolar_004042", "dipolar_000017", "dipolar_004064", "dipolar_002345", "dipolar_001528", "dipolar_002856", "dipolar_002209", "dipolar_000975"], "y_true_strain": [51.49818420410156, 42.72087860107422, 10.530013084411621, 97.24906921386719, 13.645108222961426, 80.30390930175781, 47.68178176879883, 32.45071792602539, 59.39132308959961, 16.304346084594727, 33.325828552246094, 67.10087585449219, 6.089942932128906, 62.85579299926758, 7.158380031585693, 65.21476745605469, 24.708608627319336, 9.677379608154297, 57.655059814453125, 74.7772445678711, 58.575439453125, 69.91380310058594, 65.13887786865234, 32.52365493774414, 75.61227416992188, 10.839128494262695, 17.839759826660156, 27.060840606689453, 54.75320053100586, 8.112447738647461, 73.5103988647461, 51.130287170410156, 95.20073699951172, 40.1265869140625, 19.372533798217773, 74.18616485595703, 20.371360778808594, 94.76337432861328, 9.959095001220703, 96.35360717773438], "y_true_Pauli": [210.11000061035156, 242.5, 25.290000915527344, 250.60000610351562, 45.93000030517578, 271.92999267578125, 177.86000061035156, 67.80000305175781, 244.97999572753906, 34.040000915527344, 127.94999694824219, 226.89999389648438, 45.83000183105469, 259.9599914550781, 37.29999923706055, 304.510009765625, 50.11000061035156, 25.489999771118164, 248.22999572753906, 302.9800109863281, 138.44000244140625, 227.08999633789062, 468.2699890136719, 143.47000122070312, 183.6999969482422, 51.33000183105469, 39.4900016784668, 118.44000244140625, 214.6300048828125, 291.05999755859375, 447.4100036621094, 149.25999450683594, 450.94000244140625, 127.5999984741211, 23.440000534057617, 323.1300048828125, 26.950000762939453, 315.45001220703125, 38.04999923706055, 208.0800018310547], "y_true_elst": [-107.69999694824219, -116.73999786376953, -10.8100004196167, -116.0, -22.18000030517578, -130.30999755859375, -88.87000274658203, -28.799999237060547, -117.87999725341797, -17.540000915527344, -65.81999969482422, -117.66000366210938, -20.969999313354492, -130.57000732421875, -16.739999771118164, -150.6300048828125, -22.8799991607666, -14.079999923706055, -119.94999694824219, -148.07000732421875, -78.66999816894531, -111.11000061035156, -226.00999450683594, -74.93000030517578, -91.47000122070312, -22.84000015258789, -20.969999313354492, -63.279998779296875, -112.47000122070312, -190.6300048828125, -210.64999389648438, -77.81999969482422, -223.80999755859375, -69.80000305175781, -11.5600004196167, -161.91000366210938, -11.289999961853027, -160.72000122070312, -18.760000228881836, -100.36000061035156], "y_true_oi": [-134.83999633789062, -173.80999755859375, -7.820000171661377, -229.6300048828125, -17.5, -188.1199951171875, -139.24000549316406, -21.1299991607666, -171.22000122070312, -9.489999771118164, -74.66000366210938, -166.0500030517578, -12.369999885559082, -158.85000610351562, -8.4399995803833, -197.63999938964844, -11.979999542236328, -7.739999771118164, -165.27999877929688, -204.16000366210938, -114.52999877929688, -162.4499969482422, -288.42999267578125, -78.76000213623047, -124.75, -14.899999618530273, -11.359999656677246, -71.62000274658203, -160.17999267578125, -128.10000610351562, -292.4599914550781, -105.80999755859375, -286.2099914550781, -101.9000015258789, -6.900000095367432, -208.8699951171875, -8.829999923706055, -205.64999389648438, -9.65999984741211, -155.4600067138672], "y_true_disp": [-12.279999732971191, -12.819999694824219, -14.5, -21.079999923706055, -23.18000030517578, -25.670000076293945, -11.8100004196167, -29.920000076293945, -18.389999389648438, -19.229999542236328, -17.84000015258789, -21.25, -18.3799991607666, -24.809999465942383, -11.9399995803833, -24.25, -23.899999618530273, -8.760000228881836, -24.209999084472656, -17.559999465942383, -9.979999542236328, -31.350000381469727, -27.18000030517578, -20.850000381469727, -24.799999237060547, -18.6200008392334, -17.34000015258789, -14.300000190734863, -9.34000015258789, -17.510000228881836, -12.520000457763672, -20.489999771118164, -18.979999542236328, -9.199999809265137, -13.430000305175781, -32.709999084472656, -15.770000457763672, -29.520000457763672, -15.829999923706055, -24.020000457763672], "y_pred_strain": [58.64220428466797, 53.404510498046875, 4.66486930847168, 83.93302917480469, 18.096092224121094, 93.96309661865234, 50.83757781982422, 29.424793243408203, 60.752342224121094, 13.825288772583008, 42.30363464355469, 81.33757781982422, 7.028257846832275, 79.81822967529297, -0.35471343994140625, 81.5689697265625, 11.918985366821289, 4.706872940063477, 65.29533386230469, 90.76802825927734, 52.4843864440918, 83.76644897460938, 83.12976837158203, 31.15872573852539, 74.09134674072266, 14.162084579467773, 8.290440559387207, 29.438232421875, 73.08903503417969, 28.118093490600586, 72.87252044677734, 53.87033462524414, 89.31524658203125, 40.026031494140625, 9.303407669067383, 95.72776794433594, 12.163894653320312, 92.06534576416016, 9.35359001159668, 76.15406799316406], "y_pred_Pauli": [161.2328338623047, 248.4669952392578, 27.73011589050293, 300.6211242675781, 75.98342895507812, 280.2310791015625, 190.8000030517578, 74.32765197753906, 233.14474487304688, 34.342864990234375, 116.26423645019531, 228.43899536132812, 46.581912994384766, 203.77203369140625, 27.108898162841797, 301.05426025390625, 44.613014221191406, 20.088563919067383, 227.7452392578125, 241.2566680908203, 155.6297607421875, 230.02188110351562, 439.7381896972656, 124.88135528564453, 167.51124572753906, 48.09392547607422, 34.245361328125, 132.39474487304688, 179.71768188476562, 338.5994873046875, 430.2286071777344, 161.2685089111328, 446.4917907714844, 121.6442642211914, 30.175373077392578, 277.2430419921875, 31.41609764099121, 272.9274597167969, 42.28961944580078, 217.3919677734375], "y_pred_elst": [-86.89020538330078, -116.16543579101562, -13.699624061584473, -147.6633758544922, -32.79000473022461, -140.19091796875, -95.2447738647461, -37.35982131958008, -114.11705780029297, -19.92482566833496, -51.24296188354492, -118.58309173583984, -21.948347091674805, -105.0406723022461, -12.158740997314453, -139.8982391357422, -18.107452392578125, -7.7545270919799805, -110.165771484375, -129.24771118164062, -82.51715850830078, -116.75086212158203, -210.1026611328125, -63.3966064453125, -90.69586944580078, -20.5831356048584, -16.796859741210938, -66.75701904296875, -98.87540435791016, -220.6229248046875, -201.1745147705078, -81.42830657958984, -211.47113037109375, -62.126190185546875, -16.007991790771484, -141.56483459472656, -12.793805122375488, -147.24073791503906, -20.62120246887207, -105.50238037109375],