{"arm": "xgb28_delta_family", "family": "rgd1", "fold": 2, "member": 2, "n_train": 160, "n_test": 40, "reaction_ids": ["rgd1_MR_174098_0", "rgd1_MR_493792_1", "rgd1_MR_632160_2", "rgd1_MR_697737_1", "rgd1_MR_126074_0", "rgd1_MR_615676_2", "rgd1_MR_472624_2", "rgd1_MR_100969_2", "rgd1_MR_323706_0", "rgd1_MR_446866_1", "rgd1_MR_193945_1", "rgd1_MR_663353_2", "rgd1_MR_502348_0", "rgd1_MR_440337_1", "rgd1_MR_454965_1", "rgd1_MR_73697_1", "rgd1_MR_544373_0", "rgd1_MR_497752_0", "rgd1_MR_375048_1", "rgd1_MR_642370_1", "rgd1_MR_82425_1", "rgd1_MR_321309_1", "rgd1_MR_190577_1", "rgd1_MR_332861_0", "rgd1_MR_473437_1", "rgd1_MR_135889_1", "rgd1_MR_75006_0", "rgd1_MR_310803_0", "rgd1_MR_587024_1", "rgd1_MR_432172_2", "rgd1_MR_671910_1", "rgd1_MR_290030_1", "rgd1_MR_92891_2", "rgd1_MR_392421_2", "rgd1_MR_333610_0", "rgd1_MR_364161_0", "rgd1_MR_294027_0", "rgd1_MR_424052_1", "rgd1_MR_140928_2", "rgd1_MR_575599_2"], "y_true_strain": [51.68381881713867, 48.21900177001953, 62.19214630126953, 33.65010070800781, 98.47840118408203, 92.24820709228516, 18.705810546875, 70.36454010009766, 43.90757369995117, 41.0919189453125, 98.25072479248047, 89.49921417236328, 90.80193328857422, 87.4840087890625, 49.570838928222656, 10.491908073425293, 57.65934371948242, 86.796630859375, 21.515405654907227, 37.39836883544922, 56.72911834716797, 84.25137329101562, 51.659812927246094, 73.33674621582031, 33.374305725097656, 56.46190643310547, 23.545251846313477, 65.06285095214844, 35.09942626953125, 62.277061462402344, 77.74581146240234, 57.53298568725586, 84.37801361083984, 84.59550476074219, 11.12060832977295, 100.51873016357422, 51.594757080078125, 59.52156066894531, 37.864341735839844, 56.587921142578125], "y_true_Pauli": [206.7100067138672, 10.600000381469727, 191.92999267578125, 470.7799987792969, 426.7699890136719, 534.25, 9.979999542236328, 315.25, 368.9700012207031, 572.3699951171875, 132.1300048828125, 611.030029296875, 171.57000732421875, 283.5400085449219, 303.9599914550781, 7.860000133514404, 190.2899932861328, 364.6499938964844, 195.50999450683594, 396.1600036621094, 185.11000061035156, 324.760009765625, 104.19000244140625, 123.37999725341797, 366.45001220703125, 425.5199890136719, 172.60000610351562, 343.0, 9.9399995803833, 274.5899963378906, 229.05999755859375, 120.36000061035156, 8.119999885559082, 147.00999450683594, 72.52999877929688, 447.3500061035156, 490.0799865722656, 117.51000213623047, 4.769999980926514, 368.6000061035156], "y_true_elst": [-81.41000366210938, -7.230000019073486, -85.55000305175781, -193.5800018310547, -202.9499969482422, -238.1199951171875, -9.6899995803833, -118.7300033569336, -152.44000244140625, -223.50999450683594, -38.25, -283.5299987792969, -74.05999755859375, -109.91000366210938, -117.16000366210938, -4.800000190734863, -66.27999877929688, -166.4199981689453, -83.95999908447266, -163.9199981689453, -83.13999938964844, -125.13999938964844, -49.4900016784668, -37.83000183105469, -167.77999877929688, -189.0800018310547, -75.0999984741211, -159.08999633789062, -8.010000228881836, -100.16999816894531, -101.30000305175781, -49.77000045776367, -6.769999980926514, -30.860000610351562, -37.630001068115234, -200.08999633789062, -209.5399932861328, -46.2599983215332, -1.7100000381469727, -175.24000549316406], "y_true_oi": [-117.45999908447266, -4.369999885559082, -146.52999877929688, -256.42999267578125, -269.95001220703125, -323.6600036621094, -3.7200000286102295, -171.97999572753906, -199.27999877929688, -337.3699951171875, -111.20999908447266, -364.4700012207031, -106.19000244140625, -187.47999572753906, -155.0500030517578, -1.9299999475479126, -144.52000427246094, -208.8000030517578, -114.86000061035156, -229.7100067138672, -109.83000183105469, -203.25999450683594, -56.060001373291016, -107.5199966430664, -200.52999877929688, -248.1999969482422, -89.94000244140625, -191.19000244140625, -3.630000114440918, -177.00999450683594, -165.27999877929688, -93.4800033569336, -3.7200000286102295, -133.32000732421875, -38.150001525878906, -261.95001220703125, -289.7900085449219, -86.43000030517578, -0.9200000166893005, -218.75999450683594], "y_true_disp": [-8.720000267028809, -5.230000019073486, -6.78000020980835, -4.5, -6.269999980926514, -6.170000076293945, -2.940000057220459, -7.820000171661377, -4.659999847412109, -5.21999979019165, -5.28000020980835, -7.78000020980835, -5.360000133514404, -4.710000038146973, -5.940000057220459, -5.190000057220459, -5.28000020980835, -7.929999828338623, -3.390000104904175, -4.760000228881836, -5.699999809265137, -5.460000038146973, -6.159999847412109, -4.639999866485596, -6.619999885559082, -4.389999866485596, -5.630000114440918, -7.789999961853027, -4.360000133514404, -4.769999980926514, -6.039999961853027, -4.659999847412109, -2.2799999713897705, -2.6600000858306885, -5.539999961853027, -9.979999542236328, -5.480000019073486, -8.260000228881836, -4.010000228881836, -6.980000019073486], "y_pred_strain": [57.379364013671875, 31.974376678466797, 58.99643325805664, 36.326499938964844, 87.50022888183594, 85.90648651123047, 44.295867919921875, 87.96856689453125, 38.072723388671875, 51.57127380371094, 98.43930053710938, 85.40240478515625, 79.3671646118164, 89.83577728271484, 44.33525085449219, 18.719938278198242, 55.05311584472656, 89.5683364868164, 23.45332145690918, 42.64613723754883, 55.9263916015625, 86.81092834472656, 48.69491958618164, 71.99359893798828, 54.12273025512695, 53.78833770751953, 28.454620361328125, 63.6435432434082, 53.5294189453125, 52.22053527832031, 78.1751708984375, 43.63893508911133, 60.93007278442383, 76.75215911865234, 17.60393714904785, 86.28443145751953, 56.18891525268555, 55.57990646362305, 56.298561096191406, 69.62550354003906], "y_pred_Pauli": [262.8834533691406, 19.32413673400879, 198.80987548828125, 294.39312744140625, 447.84637451171875, 444.5820007324219, 35.03985595703125, 290.3445739746094, 290.9736328125, 437.2995300292969, 169.86553955078125, 518.3346557617188, 143.40882873535156, 341.10137939453125, 274.86468505859375, 20.55179214477539, 169.4436492919922, 332.2322082519531, 205.66876220703125, 440.4973449707031, 184.3375244140625, 311.35162353515625, 130.22262573242188, 196.6635284423828, 278.9613952636719, 325.5059814453125, 165.3336639404297, 258.5511779785156, 19.29237937927246, 268.22332763671875, 229.40573120117188, 127.42374420166016, 9.136139869689941, 180.96539306640625, 71.71600341796875, 533.5383911132812, 528.0872802734375, 118.79295349121094, 8.549524307250977, 264.59033203125], "y_pred_elst": [-109.58370208740234, -10.88388442993164, -83.69562530517578, -127.72496795654297, -199.25718688964844, -197.5363311767578, -26.185562133789062, -109.1860122680664, -130.73556518554688, -150.46859741210938, -68.58438873291016, -215.8612823486328, -50.24293518066406, -140.18817138671875, -108.15437316894531, -14.606804847717285, -68.90680694580078, -159.25962829589844, -84.20858001708984, -155.6253204345703, -74.86852264404297, -136.2841339111328, -60.74278259277344, -78.46505737304688, -120.8865966796875, -145.81866455078125, -72.4608154296875, -115.57721710205078, -13.848284721374512, -105.21077728271484, -89.46366119384766, -59.33214569091797, -3.0432915687561035, -64.60749053955078, -39.9162483215332, -216.684814453125, -228.14971923828125, -48.73264694213867, -2.699583053588867, -112.47520446777344],