{"arm": "xgb28_delta_family", "family": "rgd1", "fold": 2, "member": 0, "n_train": 160, "n_test": 40, "reaction_ids": ["rgd1_MR_174098_0", "rgd1_MR_493792_1", "rgd1_MR_632160_2", "rgd1_MR_697737_1", "rgd1_MR_126074_0", "rgd1_MR_615676_2", "rgd1_MR_472624_2", "rgd1_MR_100969_2", "rgd1_MR_323706_0", "rgd1_MR_446866_1", "rgd1_MR_193945_1", "rgd1_MR_663353_2", "rgd1_MR_502348_0", "rgd1_MR_440337_1", "rgd1_MR_454965_1", "rgd1_MR_73697_1", "rgd1_MR_544373_0", "rgd1_MR_497752_0", "rgd1_MR_375048_1", "rgd1_MR_642370_1", "rgd1_MR_82425_1", "rgd1_MR_321309_1", "rgd1_MR_190577_1", "rgd1_MR_332861_0", "rgd1_MR_473437_1", "rgd1_MR_135889_1", "rgd1_MR_75006_0", "rgd1_MR_310803_0", "rgd1_MR_587024_1", "rgd1_MR_432172_2", "rgd1_MR_671910_1", "rgd1_MR_290030_1", "rgd1_MR_92891_2", "rgd1_MR_392421_2", "rgd1_MR_333610_0", "rgd1_MR_364161_0", "rgd1_MR_294027_0", "rgd1_MR_424052_1", "rgd1_MR_140928_2", "rgd1_MR_575599_2"], "y_true_strain": [51.68381881713867, 48.21900177001953, 62.19214630126953, 33.65010070800781, 98.47840118408203, 92.24820709228516, 18.705810546875, 70.36454010009766, 43.90757369995117, 41.0919189453125, 98.25072479248047, 89.49921417236328, 90.80193328857422, 87.4840087890625, 49.570838928222656, 10.491908073425293, 57.65934371948242, 86.796630859375, 21.515405654907227, 37.39836883544922, 56.72911834716797, 84.25137329101562, 51.659812927246094, 73.33674621582031, 33.374305725097656, 56.46190643310547, 23.545251846313477, 65.06285095214844, 35.09942626953125, 62.277061462402344, 77.74581146240234, 57.53298568725586, 84.37801361083984, 84.59550476074219, 11.12060832977295, 100.51873016357422, 51.594757080078125, 59.52156066894531, 37.864341735839844, 56.587921142578125], "y_true_Pauli": [206.7100067138672, 10.600000381469727, 191.92999267578125, 470.7799987792969, 426.7699890136719, 534.25, 9.979999542236328, 315.25, 368.9700012207031, 572.3699951171875, 132.1300048828125, 611.030029296875, 171.57000732421875, 283.5400085449219, 303.9599914550781, 7.860000133514404, 190.2899932861328, 364.6499938964844, 195.50999450683594, 396.1600036621094, 185.11000061035156, 324.760009765625, 104.19000244140625, 123.37999725341797, 366.45001220703125, 425.5199890136719, 172.60000610351562, 343.0, 9.9399995803833, 274.5899963378906, 229.05999755859375, 120.36000061035156, 8.119999885559082, 147.00999450683594, 72.52999877929688, 447.3500061035156, 490.0799865722656, 117.51000213623047, 4.769999980926514, 368.6000061035156], "y_true_elst": [-81.41000366210938, -7.230000019073486, -85.55000305175781, -193.5800018310547, -202.9499969482422, -238.1199951171875, -9.6899995803833, -118.7300033569336, -152.44000244140625, -223.50999450683594, -38.25, -283.5299987792969, -74.05999755859375, -109.91000366210938, -117.16000366210938, -4.800000190734863, -66.27999877929688, -166.4199981689453, -83.95999908447266, -163.9199981689453, -83.13999938964844, -125.13999938964844, -49.4900016784668, -37.83000183105469, -167.77999877929688, -189.0800018310547, -75.0999984741211, -159.08999633789062, -8.010000228881836, -100.16999816894531, -101.30000305175781, -49.77000045776367, -6.769999980926514, -30.860000610351562, -37.630001068115234, -200.08999633789062, -209.5399932861328, -46.2599983215332, -1.7100000381469727, -175.24000549316406], "y_true_oi": [-117.45999908447266, -4.369999885559082, -146.52999877929688, -256.42999267578125, -269.95001220703125, -323.6600036621094, -3.7200000286102295, -171.97999572753906, -199.27999877929688, -337.3699951171875, -111.20999908447266, -364.4700012207031, -106.19000244140625, -187.47999572753906, -155.0500030517578, -1.9299999475479126, -144.52000427246094, -208.8000030517578, -114.86000061035156, -229.7100067138672, -109.83000183105469, -203.25999450683594, -56.060001373291016, -107.5199966430664, -200.52999877929688, -248.1999969482422, -89.94000244140625, -191.19000244140625, -3.630000114440918, -177.00999450683594, -165.27999877929688, -93.4800033569336, -3.7200000286102295, -133.32000732421875, -38.150001525878906, -261.95001220703125, -289.7900085449219, -86.43000030517578, -0.9200000166893005, -218.75999450683594], "y_true_disp": [-8.720000267028809, -5.230000019073486, -6.78000020980835, -4.5, -6.269999980926514, -6.170000076293945, -2.940000057220459, -7.820000171661377, -4.659999847412109, -5.21999979019165, -5.28000020980835, -7.78000020980835, -5.360000133514404, -4.710000038146973, -5.940000057220459, -5.190000057220459, -5.28000020980835, -7.929999828338623, -3.390000104904175, -4.760000228881836, -5.699999809265137, -5.460000038146973, -6.159999847412109, -4.639999866485596, -6.619999885559082, -4.389999866485596, -5.630000114440918, -7.789999961853027, -4.360000133514404, -4.769999980926514, -6.039999961853027, -4.659999847412109, -2.2799999713897705, -2.6600000858306885, -5.539999961853027, -9.979999542236328, -5.480000019073486, -8.260000228881836, -4.010000228881836, -6.980000019073486], "y_pred_strain": [56.81589889526367, 31.34043312072754, 59.14542007446289, 36.23509979248047, 87.87010192871094, 86.0454330444336, 44.7785530090332, 87.14432525634766, 37.58905029296875, 51.2749137878418, 98.13970184326172, 85.31805419921875, 79.39094543457031, 89.78800201416016, 44.174991607666016, 18.313989639282227, 55.357540130615234, 89.40676879882812, 23.72496795654297, 42.27178955078125, 56.588714599609375, 86.35432434082031, 49.007118225097656, 72.63512420654297, 54.46996307373047, 53.82410430908203, 28.085067749023438, 64.16425323486328, 53.12720489501953, 52.696041107177734, 78.85556030273438, 43.58861541748047, 61.999855041503906, 77.18792724609375, 17.67936897277832, 86.80856323242188, 56.22556686401367, 55.9647331237793, 55.97991180419922, 70.34424591064453], "y_pred_Pauli": [264.9811706542969, 23.351133346557617, 199.0286407470703, 294.3515930175781, 446.7333068847656, 444.9367980957031, 33.43259048461914, 295.4310607910156, 292.21038818359375, 437.9836730957031, 171.62600708007812, 519.0971069335938, 143.8052978515625, 341.3091735839844, 276.24853515625, 23.183761596679688, 168.60838317871094, 333.4786376953125, 204.69146728515625, 442.6849365234375, 182.4114227294922, 313.688232421875, 129.14498901367188, 195.0830841064453, 277.8751525878906, 325.42987060546875, 165.98085021972656, 257.17572021484375, 21.18213653564453, 266.7060546875, 227.6009979248047, 127.95695495605469, 6.371025085449219, 179.84725952148438, 71.29595947265625, 532.3529052734375, 528.017333984375, 117.75434112548828, 11.105796813964844, 262.4012756347656], "y_pred_elst": [-112.16221618652344, -14.51729679107666, -84.4920425415039, -128.20579528808594, -199.58526611328125, -197.76589965820312, -25.01398277282715, -113.85862731933594, -132.32925415039062, -151.85513305664062, -70.28170776367188, -216.49844360351562, -50.65106964111328, -140.48280334472656, -109.30838775634766, -16.964921951293945, -68.77302551269531, -160.4430694580078, -83.35548400878906, -157.527587890625, -73.40646362304688, -138.57083129882812, -60.366947174072266, -76.94723510742188, -120.7822036743164, -145.74229431152344, -73.79360961914062, -116.23189544677734, -15.585681915283203, -104.1890869140625, -88.89508056640625, -59.84904861450195, -1.3531017303466797, -63.35824966430664, -40.98351287841797, -216.536865234375, -228.581298828125, -48.405059814453125, -4.89968204498291, -110.65397644042969],