{"arm": "xgb28_delta_family", "family": "rgd1", "fold": 2, "member": 4, "n_train": 160, "n_test": 40, "reaction_ids": ["rgd1_MR_174098_0", "rgd1_MR_493792_1", "rgd1_MR_632160_2", "rgd1_MR_697737_1", "rgd1_MR_126074_0", "rgd1_MR_615676_2", "rgd1_MR_472624_2", "rgd1_MR_100969_2", "rgd1_MR_323706_0", "rgd1_MR_446866_1", "rgd1_MR_193945_1", "rgd1_MR_663353_2", "rgd1_MR_502348_0", "rgd1_MR_440337_1", "rgd1_MR_454965_1", "rgd1_MR_73697_1", "rgd1_MR_544373_0", "rgd1_MR_497752_0", "rgd1_MR_375048_1", "rgd1_MR_642370_1", "rgd1_MR_82425_1", "rgd1_MR_321309_1", "rgd1_MR_190577_1", "rgd1_MR_332861_0", "rgd1_MR_473437_1", "rgd1_MR_135889_1", "rgd1_MR_75006_0", "rgd1_MR_310803_0", "rgd1_MR_587024_1", "rgd1_MR_432172_2", "rgd1_MR_671910_1", "rgd1_MR_290030_1", "rgd1_MR_92891_2", "rgd1_MR_392421_2", "rgd1_MR_333610_0", "rgd1_MR_364161_0", "rgd1_MR_294027_0", "rgd1_MR_424052_1", "rgd1_MR_140928_2", "rgd1_MR_575599_2"], "y_true_strain": [51.68381881713867, 48.21900177001953, 62.19214630126953, 33.65010070800781, 98.47840118408203, 92.24820709228516, 18.705810546875, 70.36454010009766, 43.90757369995117, 41.0919189453125, 98.25072479248047, 89.49921417236328, 90.80193328857422, 87.4840087890625, 49.570838928222656, 10.491908073425293, 57.65934371948242, 86.796630859375, 21.515405654907227, 37.39836883544922, 56.72911834716797, 84.25137329101562, 51.659812927246094, 73.33674621582031, 33.374305725097656, 56.46190643310547, 23.545251846313477, 65.06285095214844, 35.09942626953125, 62.277061462402344, 77.74581146240234, 57.53298568725586, 84.37801361083984, 84.59550476074219, 11.12060832977295, 100.51873016357422, 51.594757080078125, 59.52156066894531, 37.864341735839844, 56.587921142578125], "y_true_Pauli": [206.7100067138672, 10.600000381469727, 191.92999267578125, 470.7799987792969, 426.7699890136719, 534.25, 9.979999542236328, 315.25, 368.9700012207031, 572.3699951171875, 132.1300048828125, 611.030029296875, 171.57000732421875, 283.5400085449219, 303.9599914550781, 7.860000133514404, 190.2899932861328, 364.6499938964844, 195.50999450683594, 396.1600036621094, 185.11000061035156, 324.760009765625, 104.19000244140625, 123.37999725341797, 366.45001220703125, 425.5199890136719, 172.60000610351562, 343.0, 9.9399995803833, 274.5899963378906, 229.05999755859375, 120.36000061035156, 8.119999885559082, 147.00999450683594, 72.52999877929688, 447.3500061035156, 490.0799865722656, 117.51000213623047, 4.769999980926514, 368.6000061035156], "y_true_elst": [-81.41000366210938, -7.230000019073486, -85.55000305175781, -193.5800018310547, -202.9499969482422, -238.1199951171875, -9.6899995803833, -118.7300033569336, -152.44000244140625, -223.50999450683594, -38.25, -283.5299987792969, -74.05999755859375, -109.91000366210938, -117.16000366210938, -4.800000190734863, -66.27999877929688, -166.4199981689453, -83.95999908447266, -163.9199981689453, -83.13999938964844, -125.13999938964844, -49.4900016784668, -37.83000183105469, -167.77999877929688, -189.0800018310547, -75.0999984741211, -159.08999633789062, -8.010000228881836, -100.16999816894531, -101.30000305175781, -49.77000045776367, -6.769999980926514, -30.860000610351562, -37.630001068115234, -200.08999633789062, -209.5399932861328, -46.2599983215332, -1.7100000381469727, -175.24000549316406], "y_true_oi": [-117.45999908447266, -4.369999885559082, -146.52999877929688, -256.42999267578125, -269.95001220703125, -323.6600036621094, -3.7200000286102295, -171.97999572753906, -199.27999877929688, -337.3699951171875, -111.20999908447266, -364.4700012207031, -106.19000244140625, -187.47999572753906, -155.0500030517578, -1.9299999475479126, -144.52000427246094, -208.8000030517578, -114.86000061035156, -229.7100067138672, -109.83000183105469, -203.25999450683594, -56.060001373291016, -107.5199966430664, -200.52999877929688, -248.1999969482422, -89.94000244140625, -191.19000244140625, -3.630000114440918, -177.00999450683594, -165.27999877929688, -93.4800033569336, -3.7200000286102295, -133.32000732421875, -38.150001525878906, -261.95001220703125, -289.7900085449219, -86.43000030517578, -0.9200000166893005, -218.75999450683594], "y_true_disp": [-8.720000267028809, -5.230000019073486, -6.78000020980835, -4.5, -6.269999980926514, -6.170000076293945, -2.940000057220459, -7.820000171661377, -4.659999847412109, -5.21999979019165, -5.28000020980835, -7.78000020980835, -5.360000133514404, -4.710000038146973, -5.940000057220459, -5.190000057220459, -5.28000020980835, -7.929999828338623, -3.390000104904175, -4.760000228881836, -5.699999809265137, -5.460000038146973, -6.159999847412109, -4.639999866485596, -6.619999885559082, -4.389999866485596, -5.630000114440918, -7.789999961853027, -4.360000133514404, -4.769999980926514, -6.039999961853027, -4.659999847412109, -2.2799999713897705, -2.6600000858306885, -5.539999961853027, -9.979999542236328, -5.480000019073486, -8.260000228881836, -4.010000228881836, -6.980000019073486], "y_pred_strain": [57.53007125854492, 31.855812072753906, 59.855567932128906, 36.6142692565918, 88.74830627441406, 86.21820068359375, 44.874794006347656, 87.92990112304688, 38.02576446533203, 51.85927963256836, 98.06594848632812, 85.33433532714844, 79.31330108642578, 89.79853820800781, 44.34830093383789, 18.614675521850586, 55.71142578125, 89.24153137207031, 23.58873176574707, 42.310935974121094, 56.70395278930664, 86.8860092163086, 49.25271224975586, 72.5379867553711, 54.896263122558594, 53.786827087402344, 28.667865753173828, 65.28614807128906, 53.92741012573242, 52.85344314575195, 79.2966537475586, 43.66474533081055, 62.163814544677734, 76.81541442871094, 18.662324905395508, 87.14735412597656, 56.49345779418945, 56.20269012451172, 56.564579010009766, 70.66682434082031], "y_pred_Pauli": [263.7160339355469, 21.028972625732422, 196.5529327392578, 295.1012268066406, 448.1446228027344, 444.0372314453125, 33.12114715576172, 292.1641540527344, 292.1898193359375, 438.4617004394531, 173.12176513671875, 518.9476928710938, 144.70758056640625, 341.7155456542969, 275.1880187988281, 21.70923614501953, 168.01861572265625, 334.74603271484375, 206.35794067382812, 442.2470703125, 181.93177795410156, 311.71844482421875, 130.44931030273438, 194.9576873779297, 277.30035400390625, 325.98046875, 166.03671264648438, 258.1711730957031, 18.04053497314453, 266.504638671875, 228.3901824951172, 127.7701416015625, 6.885952949523926, 180.67686462402344, 72.10568237304688, 533.0330810546875, 528.604736328125, 118.52816009521484, 8.494224548339844, 260.8584899902344], "y_pred_elst": [-110.462890625, -12.381447792053223, -81.91985321044922, -128.533935546875, -200.19769287109375, -196.98678588867188, -24.653078079223633, -110.80416870117188, -131.8749237060547, -151.73802185058594, -71.63455200195312, -216.3979034423828, -51.51002883911133, -140.81930541992188, -108.37258911132812, -15.606603622436523, -67.94366455078125, -161.64266967773438, -84.94331359863281, -157.1658172607422, -72.95899963378906, -136.57763671875, -61.27355194091797, -76.9424057006836, -119.82620239257812, -146.2461700439453, -73.23265075683594, -116.1686782836914, -12.5309476852417, -103.89270782470703, -89.2417984008789, -59.653656005859375, -1.7308738231658936, -64.2764892578125, -40.84667205810547, -216.85447692871094, -228.86676025390625, -48.87346649169922, -2.5087103843688965, -109.23162841796875],