{"arm": "xgb28_delta_family", "family": "rgd1", "fold": 2, "member": 1, "n_train": 160, "n_test": 40, "reaction_ids": ["rgd1_MR_174098_0", "rgd1_MR_493792_1", "rgd1_MR_632160_2", "rgd1_MR_697737_1", "rgd1_MR_126074_0", "rgd1_MR_615676_2", "rgd1_MR_472624_2", "rgd1_MR_100969_2", "rgd1_MR_323706_0", "rgd1_MR_446866_1", "rgd1_MR_193945_1", "rgd1_MR_663353_2", "rgd1_MR_502348_0", "rgd1_MR_440337_1", "rgd1_MR_454965_1", "rgd1_MR_73697_1", "rgd1_MR_544373_0", "rgd1_MR_497752_0", "rgd1_MR_375048_1", "rgd1_MR_642370_1", "rgd1_MR_82425_1", "rgd1_MR_321309_1", "rgd1_MR_190577_1", "rgd1_MR_332861_0", "rgd1_MR_473437_1", "rgd1_MR_135889_1", "rgd1_MR_75006_0", "rgd1_MR_310803_0", "rgd1_MR_587024_1", "rgd1_MR_432172_2", "rgd1_MR_671910_1", "rgd1_MR_290030_1", "rgd1_MR_92891_2", "rgd1_MR_392421_2", "rgd1_MR_333610_0", "rgd1_MR_364161_0", "rgd1_MR_294027_0", "rgd1_MR_424052_1", "rgd1_MR_140928_2", "rgd1_MR_575599_2"], "y_true_strain": [51.68381881713867, 48.21900177001953, 62.19214630126953, 33.65010070800781, 98.47840118408203, 92.24820709228516, 18.705810546875, 70.36454010009766, 43.90757369995117, 41.0919189453125, 98.25072479248047, 89.49921417236328, 90.80193328857422, 87.4840087890625, 49.570838928222656, 10.491908073425293, 57.65934371948242, 86.796630859375, 21.515405654907227, 37.39836883544922, 56.72911834716797, 84.25137329101562, 51.659812927246094, 73.33674621582031, 33.374305725097656, 56.46190643310547, 23.545251846313477, 65.06285095214844, 35.09942626953125, 62.277061462402344, 77.74581146240234, 57.53298568725586, 84.37801361083984, 84.59550476074219, 11.12060832977295, 100.51873016357422, 51.594757080078125, 59.52156066894531, 37.864341735839844, 56.587921142578125], "y_true_Pauli": [206.7100067138672, 10.600000381469727, 191.92999267578125, 470.7799987792969, 426.7699890136719, 534.25, 9.979999542236328, 315.25, 368.9700012207031, 572.3699951171875, 132.1300048828125, 611.030029296875, 171.57000732421875, 283.5400085449219, 303.9599914550781, 7.860000133514404, 190.2899932861328, 364.6499938964844, 195.50999450683594, 396.1600036621094, 185.11000061035156, 324.760009765625, 104.19000244140625, 123.37999725341797, 366.45001220703125, 425.5199890136719, 172.60000610351562, 343.0, 9.9399995803833, 274.5899963378906, 229.05999755859375, 120.36000061035156, 8.119999885559082, 147.00999450683594, 72.52999877929688, 447.3500061035156, 490.0799865722656, 117.51000213623047, 4.769999980926514, 368.6000061035156], "y_true_elst": [-81.41000366210938, -7.230000019073486, -85.55000305175781, -193.5800018310547, -202.9499969482422, -238.1199951171875, -9.6899995803833, -118.7300033569336, -152.44000244140625, -223.50999450683594, -38.25, -283.5299987792969, -74.05999755859375, -109.91000366210938, -117.16000366210938, -4.800000190734863, -66.27999877929688, -166.4199981689453, -83.95999908447266, -163.9199981689453, -83.13999938964844, -125.13999938964844, -49.4900016784668, -37.83000183105469, -167.77999877929688, -189.0800018310547, -75.0999984741211, -159.08999633789062, -8.010000228881836, -100.16999816894531, -101.30000305175781, -49.77000045776367, -6.769999980926514, -30.860000610351562, -37.630001068115234, -200.08999633789062, -209.5399932861328, -46.2599983215332, -1.7100000381469727, -175.24000549316406], "y_true_oi": [-117.45999908447266, -4.369999885559082, -146.52999877929688, -256.42999267578125, -269.95001220703125, -323.6600036621094, -3.7200000286102295, -171.97999572753906, -199.27999877929688, -337.3699951171875, -111.20999908447266, -364.4700012207031, -106.19000244140625, -187.47999572753906, -155.0500030517578, -1.9299999475479126, -144.52000427246094, -208.8000030517578, -114.86000061035156, -229.7100067138672, -109.83000183105469, -203.25999450683594, -56.060001373291016, -107.5199966430664, -200.52999877929688, -248.1999969482422, -89.94000244140625, -191.19000244140625, -3.630000114440918, -177.00999450683594, -165.27999877929688, -93.4800033569336, -3.7200000286102295, -133.32000732421875, -38.150001525878906, -261.95001220703125, -289.7900085449219, -86.43000030517578, -0.9200000166893005, -218.75999450683594], "y_true_disp": [-8.720000267028809, -5.230000019073486, -6.78000020980835, -4.5, -6.269999980926514, -6.170000076293945, -2.940000057220459, -7.820000171661377, -4.659999847412109, -5.21999979019165, -5.28000020980835, -7.78000020980835, -5.360000133514404, -4.710000038146973, -5.940000057220459, -5.190000057220459, -5.28000020980835, -7.929999828338623, -3.390000104904175, -4.760000228881836, -5.699999809265137, -5.460000038146973, -6.159999847412109, -4.639999866485596, -6.619999885559082, -4.389999866485596, -5.630000114440918, -7.789999961853027, -4.360000133514404, -4.769999980926514, -6.039999961853027, -4.659999847412109, -2.2799999713897705, -2.6600000858306885, -5.539999961853027, -9.979999542236328, -5.480000019073486, -8.260000228881836, -4.010000228881836, -6.980000019073486], "y_pred_strain": [57.18013381958008, 31.711544036865234, 59.40867614746094, 36.359710693359375, 88.2530517578125, 86.34347534179688, 44.83088684082031, 87.419677734375, 37.72642135620117, 51.641563415527344, 99.01220703125, 85.68215942382812, 79.83641052246094, 89.60486602783203, 44.384437561035156, 18.505897521972656, 56.814292907714844, 89.46395111083984, 23.53392791748047, 42.538490295410156, 56.571311950683594, 87.39938354492188, 49.227516174316406, 72.30277252197266, 54.83724594116211, 53.73442840576172, 28.4744930267334, 64.7795639038086, 53.71749496459961, 53.007240295410156, 78.98062896728516, 43.92466354370117, 61.81196212768555, 77.5191421508789, 18.160402297973633, 86.80944061279297, 56.489776611328125, 56.50897216796875, 56.85552978515625, 71.06101989746094], "y_pred_Pauli": [264.2126159667969, 21.81905174255371, 198.2991943359375, 294.30780029296875, 446.2944641113281, 443.6501770019531, 33.2126350402832, 294.25537109375, 292.3190612792969, 437.27099609375, 168.5134735107422, 517.6677856445312, 142.1265411376953, 342.0562438964844, 275.2937316894531, 22.3206787109375, 163.6993865966797, 333.1922302246094, 205.31246948242188, 441.5440979003906, 182.44668579101562, 310.0285339355469, 128.62396240234375, 195.96983337402344, 276.9526062011719, 325.6395568847656, 165.22360229492188, 256.0558776855469, 19.035690307617188, 265.63299560546875, 227.7879180908203, 126.65727233886719, 7.501073837280273, 178.39126586914062, 70.79082489013672, 532.9827270507812, 527.3255615234375, 116.0280532836914, 7.808207035064697, 259.7408447265625], "y_pred_elst": [-111.12997436523438, -13.082664489746094, -83.70075988769531, -127.96936798095703, -198.87725830078125, -196.5958251953125, -24.72380828857422, -112.77557373046875, -132.33004760742188, -150.79083251953125, -67.2165298461914, -215.14950561523438, -49.0385856628418, -141.33004760742188, -108.42781066894531, -16.167415618896484, -63.762393951416016, -160.20941162109375, -84.04467010498047, -156.41595458984375, -73.54617309570312, -134.9198455810547, -59.62964630126953, -77.9224624633789, -119.55895233154297, -145.9332733154297, -72.61978912353516, -114.45482635498047, -13.421075820922852, -103.06733703613281, -89.08600616455078, -58.546722412109375, -2.857415199279785, -62.006935119628906, -40.139408111572266, -217.31065368652344, -227.7454376220703, -46.53825759887695, -1.7924833297729492, -108.10042572021484],