{"arm": "xgb28_delta_family", "family": "rgd1", "fold": 2, "member": 3, "n_train": 160, "n_test": 40, "reaction_ids": ["rgd1_MR_174098_0", "rgd1_MR_493792_1", "rgd1_MR_632160_2", "rgd1_MR_697737_1", "rgd1_MR_126074_0", "rgd1_MR_615676_2", "rgd1_MR_472624_2", "rgd1_MR_100969_2", "rgd1_MR_323706_0", "rgd1_MR_446866_1", "rgd1_MR_193945_1", "rgd1_MR_663353_2", "rgd1_MR_502348_0", "rgd1_MR_440337_1", "rgd1_MR_454965_1", "rgd1_MR_73697_1", "rgd1_MR_544373_0", "rgd1_MR_497752_0", "rgd1_MR_375048_1", "rgd1_MR_642370_1", "rgd1_MR_82425_1", "rgd1_MR_321309_1", "rgd1_MR_190577_1", "rgd1_MR_332861_0", "rgd1_MR_473437_1", "rgd1_MR_135889_1", "rgd1_MR_75006_0", "rgd1_MR_310803_0", "rgd1_MR_587024_1", "rgd1_MR_432172_2", "rgd1_MR_671910_1", "rgd1_MR_290030_1", "rgd1_MR_92891_2", "rgd1_MR_392421_2", "rgd1_MR_333610_0", "rgd1_MR_364161_0", "rgd1_MR_294027_0", "rgd1_MR_424052_1", "rgd1_MR_140928_2", "rgd1_MR_575599_2"], "y_true_strain": [51.68381881713867, 48.21900177001953, 62.19214630126953, 33.65010070800781, 98.47840118408203, 92.24820709228516, 18.705810546875, 70.36454010009766, 43.90757369995117, 41.0919189453125, 98.25072479248047, 89.49921417236328, 90.80193328857422, 87.4840087890625, 49.570838928222656, 10.491908073425293, 57.65934371948242, 86.796630859375, 21.515405654907227, 37.39836883544922, 56.72911834716797, 84.25137329101562, 51.659812927246094, 73.33674621582031, 33.374305725097656, 56.46190643310547, 23.545251846313477, 65.06285095214844, 35.09942626953125, 62.277061462402344, 77.74581146240234, 57.53298568725586, 84.37801361083984, 84.59550476074219, 11.12060832977295, 100.51873016357422, 51.594757080078125, 59.52156066894531, 37.864341735839844, 56.587921142578125], "y_true_Pauli": [206.7100067138672, 10.600000381469727, 191.92999267578125, 470.7799987792969, 426.7699890136719, 534.25, 9.979999542236328, 315.25, 368.9700012207031, 572.3699951171875, 132.1300048828125, 611.030029296875, 171.57000732421875, 283.5400085449219, 303.9599914550781, 7.860000133514404, 190.2899932861328, 364.6499938964844, 195.50999450683594, 396.1600036621094, 185.11000061035156, 324.760009765625, 104.19000244140625, 123.37999725341797, 366.45001220703125, 425.5199890136719, 172.60000610351562, 343.0, 9.9399995803833, 274.5899963378906, 229.05999755859375, 120.36000061035156, 8.119999885559082, 147.00999450683594, 72.52999877929688, 447.3500061035156, 490.0799865722656, 117.51000213623047, 4.769999980926514, 368.6000061035156], "y_true_elst": [-81.41000366210938, -7.230000019073486, -85.55000305175781, -193.5800018310547, -202.9499969482422, -238.1199951171875, -9.6899995803833, -118.7300033569336, -152.44000244140625, -223.50999450683594, -38.25, -283.5299987792969, -74.05999755859375, -109.91000366210938, -117.16000366210938, -4.800000190734863, -66.27999877929688, -166.4199981689453, -83.95999908447266, -163.9199981689453, -83.13999938964844, -125.13999938964844, -49.4900016784668, -37.83000183105469, -167.77999877929688, -189.0800018310547, -75.0999984741211, -159.08999633789062, -8.010000228881836, -100.16999816894531, -101.30000305175781, -49.77000045776367, -6.769999980926514, -30.860000610351562, -37.630001068115234, -200.08999633789062, -209.5399932861328, -46.2599983215332, -1.7100000381469727, -175.24000549316406], "y_true_oi": [-117.45999908447266, -4.369999885559082, -146.52999877929688, -256.42999267578125, -269.95001220703125, -323.6600036621094, -3.7200000286102295, -171.97999572753906, -199.27999877929688, -337.3699951171875, -111.20999908447266, -364.4700012207031, -106.19000244140625, -187.47999572753906, -155.0500030517578, -1.9299999475479126, -144.52000427246094, -208.8000030517578, -114.86000061035156, -229.7100067138672, -109.83000183105469, -203.25999450683594, -56.060001373291016, -107.5199966430664, -200.52999877929688, -248.1999969482422, -89.94000244140625, -191.19000244140625, -3.630000114440918, -177.00999450683594, -165.27999877929688, -93.4800033569336, -3.7200000286102295, -133.32000732421875, -38.150001525878906, -261.95001220703125, -289.7900085449219, -86.43000030517578, -0.9200000166893005, -218.75999450683594], "y_true_disp": [-8.720000267028809, -5.230000019073486, -6.78000020980835, -4.5, -6.269999980926514, -6.170000076293945, -2.940000057220459, -7.820000171661377, -4.659999847412109, -5.21999979019165, -5.28000020980835, -7.78000020980835, -5.360000133514404, -4.710000038146973, -5.940000057220459, -5.190000057220459, -5.28000020980835, -7.929999828338623, -3.390000104904175, -4.760000228881836, -5.699999809265137, -5.460000038146973, -6.159999847412109, -4.639999866485596, -6.619999885559082, -4.389999866485596, -5.630000114440918, -7.789999961853027, -4.360000133514404, -4.769999980926514, -6.039999961853027, -4.659999847412109, -2.2799999713897705, -2.6600000858306885, -5.539999961853027, -9.979999542236328, -5.480000019073486, -8.260000228881836, -4.010000228881836, -6.980000019073486], "y_pred_strain": [57.090476989746094, 30.696704864501953, 58.719722747802734, 35.46354675292969, 87.27627563476562, 85.22443389892578, 44.800846099853516, 86.5396728515625, 37.063907623291016, 50.89165115356445, 97.93404388427734, 84.99028015136719, 79.1274642944336, 89.88387298583984, 43.75046157836914, 17.76933479309082, 55.32783889770508, 89.14273834228516, 23.5939884185791, 41.91622543334961, 56.438480377197266, 86.10387420654297, 48.63731002807617, 71.77720642089844, 54.68098831176758, 53.51552963256836, 28.184429168701172, 63.990970611572266, 52.89036560058594, 52.544029235839844, 78.32391357421875, 43.31296920776367, 61.396488189697266, 76.50897216796875, 17.611108779907227, 85.54645538330078, 55.83455276489258, 55.94046401977539, 55.216732025146484, 70.11375427246094], "y_pred_Pauli": [258.6343994140625, 16.875988006591797, 198.2610626220703, 296.233154296875, 448.0911865234375, 437.1340026855469, 32.82573318481445, 290.13848876953125, 293.4090576171875, 438.9905700683594, 168.22120666503906, 516.0436401367188, 141.465576171875, 338.7558898925781, 273.83160400390625, 16.773487091064453, 167.1493377685547, 332.63623046875, 204.72393798828125, 439.30621337890625, 180.1114044189453, 306.8194885253906, 130.4373779296875, 197.45053100585938, 277.2740478515625, 326.68511962890625, 166.14247131347656, 257.7620849609375, 14.916332244873047, 266.49493408203125, 229.01348876953125, 125.04899597167969, 8.170198440551758, 178.38919067382812, 71.71096801757812, 534.8338623046875, 528.8781127929688, 115.64871978759766, 5.285905361175537, 258.924560546875], "y_pred_elst": [-106.2275390625, -9.247923851013184, -83.74887084960938, -129.55706787109375, -200.1201171875, -191.39320373535156, -24.492422103881836, -109.59481811523438, -133.00514221191406, -152.21685791015625, -67.43274688720703, -214.07333374023438, -48.79469299316406, -138.2869415283203, -107.49906158447266, -11.693714141845703, -67.31117248535156, -159.8670654296875, -83.50297546386719, -154.84378051757812, -71.5444107055664, -132.67433166503906, -61.26317596435547, -79.4059066772461, -119.85157775878906, -146.946044921875, -73.32125091552734, -115.76139831542969, -10.25908088684082, -103.99683380126953, -89.79692077636719, -57.47698974609375, -2.9194016456604004, -62.499298095703125, -40.46028137207031, -218.50845336914062, -229.14712524414062, -46.41411590576172, -0.25605249404907227, -107.84463500976562],