{"arm": "xgb28_delta_family", "family": "qmrxn20_sn2", "fold": 3, "member": 0, "n_train": 150, "n_test": 37, "reaction_ids": ["qmrxn20_sn2_C_E_E_A_B_A", "qmrxn20_sn2_C_C_A_E_A_C", "qmrxn20_sn2_B_C_D_A_B_D", "qmrxn20_sn2_D_E_B_D_B_A", "qmrxn20_sn2_E_C_D_A_A_D", "qmrxn20_sn2_A_C_C_B_B_D", "qmrxn20_sn2_C_E_E_A_B_B", "qmrxn20_sn2_E_C_B_D_B_B", "qmrxn20_sn2_C_B_A_C_B_C", "qmrxn20_sn2_E_C_E_C_A_A", "qmrxn20_sn2_C_E_D_B_B_B", "qmrxn20_sn2_B_E_A_B_C_B", "qmrxn20_sn2_D_A_B_A_B_B", "qmrxn20_sn2_A_A_D_D_A_C", "qmrxn20_sn2_C_E_D_A_C_B", "qmrxn20_sn2_D_A_E_E_B_B", "qmrxn20_sn2_B_A_B_A_A_C", "qmrxn20_sn2_A_A_A_E_A_A", "qmrxn20_sn2_A_D_B_E_A_C", "qmrxn20_sn2_C_E_E_E_A_B", "qmrxn20_sn2_A_B_B_D_B_B", "qmrxn20_sn2_E_C_D_A_C_B", "qmrxn20_sn2_A_E_C_C_A_C", "qmrxn20_sn2_B_E_A_D_B_A", "qmrxn20_sn2_D_E_A_A_B_A", "qmrxn20_sn2_A_D_B_D_A_C", "qmrxn20_sn2_B_A_E_D_C_C", "qmrxn20_sn2_E_B_A_E_C_B", "qmrxn20_sn2_D_A_B_E_A_B", "qmrxn20_sn2_D_D_A_D_B_B", "qmrxn20_sn2_C_D_C_D_A_C", "qmrxn20_sn2_D_D_C_E_A_A", "qmrxn20_sn2_A_A_D_D_A_D", "qmrxn20_sn2_D_C_C_E_A_B", "qmrxn20_sn2_A_D_C_A_B_A", "qmrxn20_sn2_E_B_C_C_B_B", "qmrxn20_sn2_A_E_E_E_B_A"], "y_true_strain": [6.084001064300537, 38.204681396484375, 31.593900680541992, 20.155393600463867, 44.607276916503906, 30.41575050354004, 25.005416870117188, 15.055294036865234, 30.959814071655273, 22.606908798217773, 14.46180248260498, 14.87687873840332, 8.682013511657715, 46.643253326416016, 10.556012153625488, 21.289562225341797, 51.341064453125, 14.993273735046387, 39.05866622924805, 34.95588302612305, 15.872283935546875, 9.047524452209473, 48.72747039794922, 13.673270225524902, 24.359010696411133, 50.818214416503906, 27.35062599182129, 8.727616310119629, 37.04191589355469, 18.201501846313477, 50.62822341918945, 20.42597198486328, 38.058650970458984, 25.057010650634766, 8.893136024475098, 22.154714584350586, 6.690329074859619], "y_true_Pauli": [174.75, 134.25, 108.88999938964844, 134.00999450683594, 110.27999877929688, 108.88999938964844, 136.19000244140625, 150.11000061035156, 120.77999877929688, 179.57000732421875, 145.0800018310547, 144.22999572753906, 106.76000213623047, 120.97000122070312, 118.91000366210938, 108.72000122070312, 153.8800048828125, 101.88999938964844, 118.83999633789062, 182.39999389648438, 155.3000030517578, 121.0, 132.58999633789062, 185.97999572753906, 108.37000274658203, 137.05999755859375, 113.33999633789062, 128.24000549316406, 167.16000366210938, 100.2699966430664, 140.2899932861328, 133.0500030517578, 116.16999816894531, 160.85000610351562, 100.5, 163.97999572753906, 100.05000305175781], "y_true_elst": [-135.2100067138672, -93.41999816894531, -80.94999694824219, -111.7699966430664, -76.58999633789062, -86.22000122070312, -115.80000305175781, -123.33000183105469, -97.69000244140625, -154.2100067138672, -120.4800033569336, -124.33000183105469, -86.6500015258789, -76.47000122070312, -98.11000061035156, -84.7300033569336, -112.95999908447266, -73.44000244140625, -82.69000244140625, -144.38999938964844, -123.9800033569336, -99.41999816894531, -102.45999908447266, -147.27000427246094, -91.41999816894531, -95.01000213623047, -85.02999877929688, -110.86000061035156, -128.0399932861328, -75.83999633789062, -102.5199966430664, -104.97000122070312, -72.87999725341797, -122.2300033569336, -87.13999938964844, -146.4499969482422, -84.66999816894531], "y_true_oi": [-82.01000213623047, -84.12999725341797, -66.66000366210938, -49.52000045776367, -63.02000045776367, -71.18000030517578, -73.33999633789062, -80.6500015258789, -74.69000244140625, -77.12000274658203, -80.72000122070312, -75.91999816894531, -59.529998779296875, -76.8499984741211, -66.11000061035156, -61.220001220703125, -100.55999755859375, -51.40999984741211, -71.31999969482422, -100.62999725341797, -87.91999816894531, -67.0, -80.27999877929688, -80.27999877929688, -40.689998626708984, -81.69999694824219, -67.54000091552734, -67.69999694824219, -91.72000122070312, -53.0, -83.44000244140625, -50.310001373291016, -74.31999969482422, -90.30000305175781, -44.45000076293945, -88.7300033569336, -43.47999954223633], "y_true_disp": [-2.2899999618530273, -4.739999771118164, -6.739999771118164, -2.359999895095825, -5.800000190734863, -5.420000076293945, -2.4100000858306885, -2.559999942779541, -5.96999979019165, -2.5799999237060547, -2.4000000953674316, -2.619999885559082, -2.0199999809265137, -3.180000066757202, -2.380000114440918, -2.109999895095825, -4.380000114440918, -1.2699999809265137, -4.150000095367432, -2.2300000190734863, -2.299999952316284, -2.430000066757202, -4.150000095367432, -2.640000104904175, -1.9700000286102295, -4.480000019073486, -5.159999847412109, -2.450000047683716, -2.0199999809265137, -2.3499999046325684, -5.349999904632568, -2.3299999237060547, -3.8499999046325684, -2.1600000858306885, -1.7200000286102295, -2.4200000762939453, -1.690000057220459], "y_pred_strain": [6.2249226570129395, 39.65727615356445, 32.18601608276367, 18.4780216217041, 41.619361877441406, 28.88922691345215, 20.119285583496094, 20.428531646728516, 27.962242126464844, 19.4508056640625, 17.361539840698242, 13.311482429504395, 11.992789268493652, 49.6534423828125, 8.411203384399414, 21.086137771606445, 47.787818908691406, 16.406545639038086, 43.87321853637695, 33.9100341796875, 15.217105865478516, 6.54093599319458, 47.7998161315918, 9.243444442749023, 21.684551239013672, 49.90492248535156, 23.795900344848633, 5.921166896820068, 37.49897766113281, 16.259798049926758, 49.78289031982422, 20.52775764465332, 42.69858932495117, 19.782434463500977, 8.675483703613281, 22.768705368041992, 9.166619300842285], "y_pred_Pauli": [163.2128143310547, 127.0777587890625, 112.87718963623047, 117.9755630493164, 112.43744659423828, 110.72208404541016, 133.2992401123047, 147.64498901367188, 131.15118408203125, 170.439453125, 146.382080078125, 149.26136779785156, 111.480712890625, 131.6792449951172, 119.6374740600586, 111.93698120117188, 157.59039306640625, 117.13494873046875, 117.2562484741211, 178.14308166503906, 163.48947143554688, 118.11969757080078, 130.20396423339844, 174.6913604736328, 105.2142562866211, 128.74118041992188, 113.63876342773438, 129.42367553710938, 167.1934356689453, 104.86409759521484, 140.7916259765625, 123.06184387207031, 115.43427276611328, 149.1081085205078, 99.2917709350586, 165.90980529785156, 104.06693267822266], "y_pred_elst": [-122.18219757080078, -91.35673522949219, -86.44615936279297, -92.40763854980469, -78.11593627929688, -91.71034240722656, -108.41588592529297, -128.8270263671875, -101.5653076171875, -145.02456665039062, -125.67665100097656, -128.81675720214844, -90.32648468017578, -94.88768005371094, -94.82200622558594, -86.20569610595703, -118.44544219970703, -91.7563705444336, -80.14044189453125, -134.71241760253906, -137.2887725830078, -96.82758331298828, -97.68004608154297, -136.94064331054688, -79.5923080444336, -89.29476165771484, -84.9283218383789, -113.96941375732422, -131.74026489257812, -78.1728515625, -104.53914642333984, -93.55742645263672, -81.07695007324219, -116.0079116821289, -85.38223266601562, -136.25369262695312, -84.11133575439453], "y_pred_oi": [-77.02227020263672, -78.15209197998047, -63.81007385253906, -48.515655517578125, -65.80170440673828, -72.44927215576172, -73.67190551757812, -77.9041976928711, -77.22315216064453, -75.88272857666016, -79.39263916015625, -78.09548950195312, -62.53135299682617, -72.67391967773438, -67.80128479003906, -64.27181243896484, -97.24552917480469, -45.26536178588867, -69.15126037597656, -97.76155090332031, -88.12100219726562, -67.92166900634766, -77.37605285644531, -78.69261932373047, -43.11695098876953, -79.32376861572266, -67.90106964111328, -72.41967010498047, -91.02734375, -54.6262321472168, -81.27825164794922, -51.997066497802734, -67.76537322998047, -81.9266586303711, -45.1248893737793, -90.07247924804688, -44.738868713378906],