{"arm": "xgb28_delta_family", "family": "qmrxn20_sn2", "fold": 3, "member": 4, "n_train": 150, "n_test": 37, "reaction_ids": ["qmrxn20_sn2_C_E_E_A_B_A", "qmrxn20_sn2_C_C_A_E_A_C", "qmrxn20_sn2_B_C_D_A_B_D", "qmrxn20_sn2_D_E_B_D_B_A", "qmrxn20_sn2_E_C_D_A_A_D", "qmrxn20_sn2_A_C_C_B_B_D", "qmrxn20_sn2_C_E_E_A_B_B", "qmrxn20_sn2_E_C_B_D_B_B", "qmrxn20_sn2_C_B_A_C_B_C", "qmrxn20_sn2_E_C_E_C_A_A", "qmrxn20_sn2_C_E_D_B_B_B", "qmrxn20_sn2_B_E_A_B_C_B", "qmrxn20_sn2_D_A_B_A_B_B", "qmrxn20_sn2_A_A_D_D_A_C", "qmrxn20_sn2_C_E_D_A_C_B", "qmrxn20_sn2_D_A_E_E_B_B", "qmrxn20_sn2_B_A_B_A_A_C", "qmrxn20_sn2_A_A_A_E_A_A", "qmrxn20_sn2_A_D_B_E_A_C", "qmrxn20_sn2_C_E_E_E_A_B", "qmrxn20_sn2_A_B_B_D_B_B", "qmrxn20_sn2_E_C_D_A_C_B", "qmrxn20_sn2_A_E_C_C_A_C", "qmrxn20_sn2_B_E_A_D_B_A", "qmrxn20_sn2_D_E_A_A_B_A", "qmrxn20_sn2_A_D_B_D_A_C", "qmrxn20_sn2_B_A_E_D_C_C", "qmrxn20_sn2_E_B_A_E_C_B", "qmrxn20_sn2_D_A_B_E_A_B", "qmrxn20_sn2_D_D_A_D_B_B", "qmrxn20_sn2_C_D_C_D_A_C", "qmrxn20_sn2_D_D_C_E_A_A", "qmrxn20_sn2_A_A_D_D_A_D", "qmrxn20_sn2_D_C_C_E_A_B", "qmrxn20_sn2_A_D_C_A_B_A", "qmrxn20_sn2_E_B_C_C_B_B", "qmrxn20_sn2_A_E_E_E_B_A"], "y_true_strain": [6.084001064300537, 38.204681396484375, 31.593900680541992, 20.155393600463867, 44.607276916503906, 30.41575050354004, 25.005416870117188, 15.055294036865234, 30.959814071655273, 22.606908798217773, 14.46180248260498, 14.87687873840332, 8.682013511657715, 46.643253326416016, 10.556012153625488, 21.289562225341797, 51.341064453125, 14.993273735046387, 39.05866622924805, 34.95588302612305, 15.872283935546875, 9.047524452209473, 48.72747039794922, 13.673270225524902, 24.359010696411133, 50.818214416503906, 27.35062599182129, 8.727616310119629, 37.04191589355469, 18.201501846313477, 50.62822341918945, 20.42597198486328, 38.058650970458984, 25.057010650634766, 8.893136024475098, 22.154714584350586, 6.690329074859619], "y_true_Pauli": [174.75, 134.25, 108.88999938964844, 134.00999450683594, 110.27999877929688, 108.88999938964844, 136.19000244140625, 150.11000061035156, 120.77999877929688, 179.57000732421875, 145.0800018310547, 144.22999572753906, 106.76000213623047, 120.97000122070312, 118.91000366210938, 108.72000122070312, 153.8800048828125, 101.88999938964844, 118.83999633789062, 182.39999389648438, 155.3000030517578, 121.0, 132.58999633789062, 185.97999572753906, 108.37000274658203, 137.05999755859375, 113.33999633789062, 128.24000549316406, 167.16000366210938, 100.2699966430664, 140.2899932861328, 133.0500030517578, 116.16999816894531, 160.85000610351562, 100.5, 163.97999572753906, 100.05000305175781], "y_true_elst": [-135.2100067138672, -93.41999816894531, -80.94999694824219, -111.7699966430664, -76.58999633789062, -86.22000122070312, -115.80000305175781, -123.33000183105469, -97.69000244140625, -154.2100067138672, -120.4800033569336, -124.33000183105469, -86.6500015258789, -76.47000122070312, -98.11000061035156, -84.7300033569336, -112.95999908447266, -73.44000244140625, -82.69000244140625, -144.38999938964844, -123.9800033569336, -99.41999816894531, -102.45999908447266, -147.27000427246094, -91.41999816894531, -95.01000213623047, -85.02999877929688, -110.86000061035156, -128.0399932861328, -75.83999633789062, -102.5199966430664, -104.97000122070312, -72.87999725341797, -122.2300033569336, -87.13999938964844, -146.4499969482422, -84.66999816894531], "y_true_oi": [-82.01000213623047, -84.12999725341797, -66.66000366210938, -49.52000045776367, -63.02000045776367, -71.18000030517578, -73.33999633789062, -80.6500015258789, -74.69000244140625, -77.12000274658203, -80.72000122070312, -75.91999816894531, -59.529998779296875, -76.8499984741211, -66.11000061035156, -61.220001220703125, -100.55999755859375, -51.40999984741211, -71.31999969482422, -100.62999725341797, -87.91999816894531, -67.0, -80.27999877929688, -80.27999877929688, -40.689998626708984, -81.69999694824219, -67.54000091552734, -67.69999694824219, -91.72000122070312, -53.0, -83.44000244140625, -50.310001373291016, -74.31999969482422, -90.30000305175781, -44.45000076293945, -88.7300033569336, -43.47999954223633], "y_true_disp": [-2.2899999618530273, -4.739999771118164, -6.739999771118164, -2.359999895095825, -5.800000190734863, -5.420000076293945, -2.4100000858306885, -2.559999942779541, -5.96999979019165, -2.5799999237060547, -2.4000000953674316, -2.619999885559082, -2.0199999809265137, -3.180000066757202, -2.380000114440918, -2.109999895095825, -4.380000114440918, -1.2699999809265137, -4.150000095367432, -2.2300000190734863, -2.299999952316284, -2.430000066757202, -4.150000095367432, -2.640000104904175, -1.9700000286102295, -4.480000019073486, -5.159999847412109, -2.450000047683716, -2.0199999809265137, -2.3499999046325684, -5.349999904632568, -2.3299999237060547, -3.8499999046325684, -2.1600000858306885, -1.7200000286102295, -2.4200000762939453, -1.690000057220459], "y_pred_strain": [5.917778968811035, 39.50764083862305, 30.13047218322754, 18.824779510498047, 41.07345962524414, 27.04606056213379, 20.6105899810791, 19.94466209411621, 27.646726608276367, 18.718029022216797, 16.372146606445312, 13.119946479797363, 11.315993309020996, 49.422401428222656, 8.008912086486816, 20.271472930908203, 47.33811569213867, 16.67736053466797, 43.15419387817383, 34.07810592651367, 14.458784103393555, 6.463901042938232, 48.281944274902344, 9.107328414916992, 20.951509475708008, 48.75764083862305, 22.980924606323242, 6.064140796661377, 37.48250198364258, 16.756103515625, 49.10528564453125, 20.547924041748047, 42.41412353515625, 19.791349411010742, 8.787174224853516, 22.687904357910156, 8.778644561767578], "y_pred_Pauli": [162.43560791015625, 127.51419830322266, 108.0832290649414, 117.54228210449219, 111.33509063720703, 107.2567138671875, 133.73963928222656, 146.7220458984375, 128.9160614013672, 169.98419189453125, 145.8522186279297, 149.2290802001953, 111.13910675048828, 131.83924865722656, 119.1148452758789, 111.45577239990234, 157.32762145996094, 117.56866455078125, 117.9509048461914, 178.71435546875, 162.46823120117188, 117.98724365234375, 130.6968231201172, 174.92735290527344, 104.7425765991211, 128.52517700195312, 113.15644836425781, 129.0177764892578, 167.37393188476562, 104.92696380615234, 140.4680633544922, 123.66619873046875, 113.80863189697266, 149.3981475830078, 99.54033660888672, 165.88436889648438, 103.16864013671875], "y_pred_elst": [-121.61739349365234, -91.4742202758789, -82.2367935180664, -92.30213928222656, -77.39887237548828, -84.93391418457031, -109.12657165527344, -128.0783233642578, -100.00167846679688, -144.97349548339844, -124.70580291748047, -128.8064727783203, -88.99005889892578, -93.3783187866211, -94.29293060302734, -83.86348724365234, -117.18683624267578, -90.95118713378906, -77.74482727050781, -135.42494201660156, -133.75978088378906, -96.38308715820312, -98.49405670166016, -136.63882446289062, -79.041259765625, -85.52140808105469, -83.26195526123047, -114.03157043457031, -130.95399475097656, -78.70887756347656, -104.50325012207031, -93.97114562988281, -78.435791015625, -116.64045715332031, -85.47168731689453, -136.4737548828125, -82.6578140258789], "y_pred_oi": [-76.87334442138672, -78.38701629638672, -63.28231430053711, -48.0635986328125, -65.66633605957031, -72.8216552734375, -73.43377685546875, -77.82171630859375, -76.52822875976562, -76.07967376708984, -79.82117462158203, -78.15345001220703, -62.92182540893555, -73.06989288330078, -67.82561492919922, -64.831787109375, -97.5254135131836, -45.37479019165039, -70.26651000976562, -97.78290557861328, -88.55431365966797, -67.92255401611328, -77.15420532226562, -78.88613891601562, -43.362979888916016, -80.45020294189453, -68.3570327758789, -72.09542846679688, -91.19297790527344, -54.22858428955078, -81.49017333984375, -52.1672248840332, -67.47702026367188, -81.92744445800781, -45.11545181274414, -90.03801727294922, -44.699005126953125],