{"arm": "xgb28_delta_family", "family": "qmrxn20_sn2", "fold": 3, "member": 3, "n_train": 150, "n_test": 37, "reaction_ids": ["qmrxn20_sn2_C_E_E_A_B_A", "qmrxn20_sn2_C_C_A_E_A_C", "qmrxn20_sn2_B_C_D_A_B_D", "qmrxn20_sn2_D_E_B_D_B_A", "qmrxn20_sn2_E_C_D_A_A_D", "qmrxn20_sn2_A_C_C_B_B_D", "qmrxn20_sn2_C_E_E_A_B_B", "qmrxn20_sn2_E_C_B_D_B_B", "qmrxn20_sn2_C_B_A_C_B_C", "qmrxn20_sn2_E_C_E_C_A_A", "qmrxn20_sn2_C_E_D_B_B_B", "qmrxn20_sn2_B_E_A_B_C_B", "qmrxn20_sn2_D_A_B_A_B_B", "qmrxn20_sn2_A_A_D_D_A_C", "qmrxn20_sn2_C_E_D_A_C_B", "qmrxn20_sn2_D_A_E_E_B_B", "qmrxn20_sn2_B_A_B_A_A_C", "qmrxn20_sn2_A_A_A_E_A_A", "qmrxn20_sn2_A_D_B_E_A_C", "qmrxn20_sn2_C_E_E_E_A_B", "qmrxn20_sn2_A_B_B_D_B_B", "qmrxn20_sn2_E_C_D_A_C_B", "qmrxn20_sn2_A_E_C_C_A_C", "qmrxn20_sn2_B_E_A_D_B_A", "qmrxn20_sn2_D_E_A_A_B_A", "qmrxn20_sn2_A_D_B_D_A_C", "qmrxn20_sn2_B_A_E_D_C_C", "qmrxn20_sn2_E_B_A_E_C_B", "qmrxn20_sn2_D_A_B_E_A_B", "qmrxn20_sn2_D_D_A_D_B_B", "qmrxn20_sn2_C_D_C_D_A_C", "qmrxn20_sn2_D_D_C_E_A_A", "qmrxn20_sn2_A_A_D_D_A_D", "qmrxn20_sn2_D_C_C_E_A_B", "qmrxn20_sn2_A_D_C_A_B_A", "qmrxn20_sn2_E_B_C_C_B_B", "qmrxn20_sn2_A_E_E_E_B_A"], "y_true_strain": [6.084001064300537, 38.204681396484375, 31.593900680541992, 20.155393600463867, 44.607276916503906, 30.41575050354004, 25.005416870117188, 15.055294036865234, 30.959814071655273, 22.606908798217773, 14.46180248260498, 14.87687873840332, 8.682013511657715, 46.643253326416016, 10.556012153625488, 21.289562225341797, 51.341064453125, 14.993273735046387, 39.05866622924805, 34.95588302612305, 15.872283935546875, 9.047524452209473, 48.72747039794922, 13.673270225524902, 24.359010696411133, 50.818214416503906, 27.35062599182129, 8.727616310119629, 37.04191589355469, 18.201501846313477, 50.62822341918945, 20.42597198486328, 38.058650970458984, 25.057010650634766, 8.893136024475098, 22.154714584350586, 6.690329074859619], "y_true_Pauli": [174.75, 134.25, 108.88999938964844, 134.00999450683594, 110.27999877929688, 108.88999938964844, 136.19000244140625, 150.11000061035156, 120.77999877929688, 179.57000732421875, 145.0800018310547, 144.22999572753906, 106.76000213623047, 120.97000122070312, 118.91000366210938, 108.72000122070312, 153.8800048828125, 101.88999938964844, 118.83999633789062, 182.39999389648438, 155.3000030517578, 121.0, 132.58999633789062, 185.97999572753906, 108.37000274658203, 137.05999755859375, 113.33999633789062, 128.24000549316406, 167.16000366210938, 100.2699966430664, 140.2899932861328, 133.0500030517578, 116.16999816894531, 160.85000610351562, 100.5, 163.97999572753906, 100.05000305175781], "y_true_elst": [-135.2100067138672, -93.41999816894531, -80.94999694824219, -111.7699966430664, -76.58999633789062, -86.22000122070312, -115.80000305175781, -123.33000183105469, -97.69000244140625, -154.2100067138672, -120.4800033569336, -124.33000183105469, -86.6500015258789, -76.47000122070312, -98.11000061035156, -84.7300033569336, -112.95999908447266, -73.44000244140625, -82.69000244140625, -144.38999938964844, -123.9800033569336, -99.41999816894531, -102.45999908447266, -147.27000427246094, -91.41999816894531, -95.01000213623047, -85.02999877929688, -110.86000061035156, -128.0399932861328, -75.83999633789062, -102.5199966430664, -104.97000122070312, -72.87999725341797, -122.2300033569336, -87.13999938964844, -146.4499969482422, -84.66999816894531], "y_true_oi": [-82.01000213623047, -84.12999725341797, -66.66000366210938, -49.52000045776367, -63.02000045776367, -71.18000030517578, -73.33999633789062, -80.6500015258789, -74.69000244140625, -77.12000274658203, -80.72000122070312, -75.91999816894531, -59.529998779296875, -76.8499984741211, -66.11000061035156, -61.220001220703125, -100.55999755859375, -51.40999984741211, -71.31999969482422, -100.62999725341797, -87.91999816894531, -67.0, -80.27999877929688, -80.27999877929688, -40.689998626708984, -81.69999694824219, -67.54000091552734, -67.69999694824219, -91.72000122070312, -53.0, -83.44000244140625, -50.310001373291016, -74.31999969482422, -90.30000305175781, -44.45000076293945, -88.7300033569336, -43.47999954223633], "y_true_disp": [-2.2899999618530273, -4.739999771118164, -6.739999771118164, -2.359999895095825, -5.800000190734863, -5.420000076293945, -2.4100000858306885, -2.559999942779541, -5.96999979019165, -2.5799999237060547, -2.4000000953674316, -2.619999885559082, -2.0199999809265137, -3.180000066757202, -2.380000114440918, -2.109999895095825, -4.380000114440918, -1.2699999809265137, -4.150000095367432, -2.2300000190734863, -2.299999952316284, -2.430000066757202, -4.150000095367432, -2.640000104904175, -1.9700000286102295, -4.480000019073486, -5.159999847412109, -2.450000047683716, -2.0199999809265137, -2.3499999046325684, -5.349999904632568, -2.3299999237060547, -3.8499999046325684, -2.1600000858306885, -1.7200000286102295, -2.4200000762939453, -1.690000057220459], "y_pred_strain": [7.029339790344238, 39.19186019897461, 32.19993209838867, 19.819677352905273, 43.025577545166016, 27.44758415222168, 19.630020141601562, 20.28898048400879, 27.761564254760742, 23.527957916259766, 17.797426223754883, 13.906102180480957, 11.37009334564209, 49.50557327270508, 9.19364070892334, 19.686952590942383, 47.310882568359375, 17.838241577148438, 43.27104568481445, 33.579322814941406, 16.302627563476562, 7.1865949630737305, 48.02775955200195, 10.798354148864746, 22.113447189331055, 50.863346099853516, 23.608068466186523, 6.986664772033691, 36.966270446777344, 15.942564964294434, 51.127071380615234, 21.362045288085938, 42.27861022949219, 20.288436889648438, 9.552618980407715, 22.4267520904541, 9.290509223937988], "y_pred_Pauli": [164.0572052001953, 127.1568832397461, 113.97737121582031, 118.90936279296875, 114.13711547851562, 109.79169464111328, 132.91140747070312, 147.87159729003906, 131.2990264892578, 174.37425231933594, 147.1480255126953, 149.86366271972656, 111.16500091552734, 131.6622314453125, 120.54244995117188, 111.01807403564453, 157.46202087402344, 118.07135772705078, 116.84170532226562, 178.29776000976562, 163.99209594726562, 118.6531982421875, 130.6014404296875, 175.89434814453125, 105.88728332519531, 129.4303741455078, 113.6576919555664, 130.31063842773438, 166.87643432617188, 104.56632995605469, 142.60145568847656, 124.13978576660156, 115.2273178100586, 149.97592163085938, 99.90834045410156, 165.8111572265625, 104.2730941772461], "y_pred_elst": [-123.15119171142578, -90.91317749023438, -87.35719299316406, -93.87366485595703, -79.97779846191406, -90.03372955322266, -107.76507568359375, -128.882568359375, -101.5170669555664, -149.76138305664062, -126.44957733154297, -129.53717041015625, -89.6663589477539, -94.67892456054688, -95.82373809814453, -84.5591049194336, -117.95650482177734, -93.34146881103516, -79.39739990234375, -134.3900909423828, -138.4337615966797, -97.52245330810547, -97.93017578125, -138.64488220214844, -80.25433349609375, -90.36627960205078, -84.76165771484375, -115.132568359375, -131.11053466796875, -77.73966979980469, -106.45242309570312, -94.56900024414062, -80.60035705566406, -116.74388885498047, -86.25220489501953, -135.9448699951172, -84.23902893066406], "y_pred_oi": [-77.21241760253906, -78.17030334472656, -65.08732604980469, -48.23834228515625, -66.40290832519531, -71.96441650390625, -73.11631774902344, -78.21710968017578, -77.43512725830078, -76.91407775878906, -79.89884185791016, -78.23676300048828, -62.405670166015625, -71.95789337158203, -68.05603790283203, -63.7137565612793, -97.08536529541016, -44.556640625, -68.1751937866211, -97.81795501708984, -87.51148223876953, -67.7146224975586, -77.19702911376953, -78.59339141845703, -43.37810134887695, -78.7059097290039, -67.74092864990234, -72.41563415527344, -90.4817886352539, -54.00564193725586, -82.12996673583984, -52.110145568847656, -67.18147277832031, -82.32235717773438, -44.7926139831543, -90.13317108154297, -44.60269546508789],