{"arm": "xgb28_delta_family", "family": "qmrxn20_sn2", "fold": 3, "member": 1, "n_train": 150, "n_test": 37, "reaction_ids": ["qmrxn20_sn2_C_E_E_A_B_A", "qmrxn20_sn2_C_C_A_E_A_C", "qmrxn20_sn2_B_C_D_A_B_D", "qmrxn20_sn2_D_E_B_D_B_A", "qmrxn20_sn2_E_C_D_A_A_D", "qmrxn20_sn2_A_C_C_B_B_D", "qmrxn20_sn2_C_E_E_A_B_B", "qmrxn20_sn2_E_C_B_D_B_B", "qmrxn20_sn2_C_B_A_C_B_C", "qmrxn20_sn2_E_C_E_C_A_A", "qmrxn20_sn2_C_E_D_B_B_B", "qmrxn20_sn2_B_E_A_B_C_B", "qmrxn20_sn2_D_A_B_A_B_B", "qmrxn20_sn2_A_A_D_D_A_C", "qmrxn20_sn2_C_E_D_A_C_B", "qmrxn20_sn2_D_A_E_E_B_B", "qmrxn20_sn2_B_A_B_A_A_C", "qmrxn20_sn2_A_A_A_E_A_A", "qmrxn20_sn2_A_D_B_E_A_C", "qmrxn20_sn2_C_E_E_E_A_B", "qmrxn20_sn2_A_B_B_D_B_B", "qmrxn20_sn2_E_C_D_A_C_B", "qmrxn20_sn2_A_E_C_C_A_C", "qmrxn20_sn2_B_E_A_D_B_A", "qmrxn20_sn2_D_E_A_A_B_A", "qmrxn20_sn2_A_D_B_D_A_C", "qmrxn20_sn2_B_A_E_D_C_C", "qmrxn20_sn2_E_B_A_E_C_B", "qmrxn20_sn2_D_A_B_E_A_B", "qmrxn20_sn2_D_D_A_D_B_B", "qmrxn20_sn2_C_D_C_D_A_C", "qmrxn20_sn2_D_D_C_E_A_A", "qmrxn20_sn2_A_A_D_D_A_D", "qmrxn20_sn2_D_C_C_E_A_B", "qmrxn20_sn2_A_D_C_A_B_A", "qmrxn20_sn2_E_B_C_C_B_B", "qmrxn20_sn2_A_E_E_E_B_A"], "y_true_strain": [6.084001064300537, 38.204681396484375, 31.593900680541992, 20.155393600463867, 44.607276916503906, 30.41575050354004, 25.005416870117188, 15.055294036865234, 30.959814071655273, 22.606908798217773, 14.46180248260498, 14.87687873840332, 8.682013511657715, 46.643253326416016, 10.556012153625488, 21.289562225341797, 51.341064453125, 14.993273735046387, 39.05866622924805, 34.95588302612305, 15.872283935546875, 9.047524452209473, 48.72747039794922, 13.673270225524902, 24.359010696411133, 50.818214416503906, 27.35062599182129, 8.727616310119629, 37.04191589355469, 18.201501846313477, 50.62822341918945, 20.42597198486328, 38.058650970458984, 25.057010650634766, 8.893136024475098, 22.154714584350586, 6.690329074859619], "y_true_Pauli": [174.75, 134.25, 108.88999938964844, 134.00999450683594, 110.27999877929688, 108.88999938964844, 136.19000244140625, 150.11000061035156, 120.77999877929688, 179.57000732421875, 145.0800018310547, 144.22999572753906, 106.76000213623047, 120.97000122070312, 118.91000366210938, 108.72000122070312, 153.8800048828125, 101.88999938964844, 118.83999633789062, 182.39999389648438, 155.3000030517578, 121.0, 132.58999633789062, 185.97999572753906, 108.37000274658203, 137.05999755859375, 113.33999633789062, 128.24000549316406, 167.16000366210938, 100.2699966430664, 140.2899932861328, 133.0500030517578, 116.16999816894531, 160.85000610351562, 100.5, 163.97999572753906, 100.05000305175781], "y_true_elst": [-135.2100067138672, -93.41999816894531, -80.94999694824219, -111.7699966430664, -76.58999633789062, -86.22000122070312, -115.80000305175781, -123.33000183105469, -97.69000244140625, -154.2100067138672, -120.4800033569336, -124.33000183105469, -86.6500015258789, -76.47000122070312, -98.11000061035156, -84.7300033569336, -112.95999908447266, -73.44000244140625, -82.69000244140625, -144.38999938964844, -123.9800033569336, -99.41999816894531, -102.45999908447266, -147.27000427246094, -91.41999816894531, -95.01000213623047, -85.02999877929688, -110.86000061035156, -128.0399932861328, -75.83999633789062, -102.5199966430664, -104.97000122070312, -72.87999725341797, -122.2300033569336, -87.13999938964844, -146.4499969482422, -84.66999816894531], "y_true_oi": [-82.01000213623047, -84.12999725341797, -66.66000366210938, -49.52000045776367, -63.02000045776367, -71.18000030517578, -73.33999633789062, -80.6500015258789, -74.69000244140625, -77.12000274658203, -80.72000122070312, -75.91999816894531, -59.529998779296875, -76.8499984741211, -66.11000061035156, -61.220001220703125, -100.55999755859375, -51.40999984741211, -71.31999969482422, -100.62999725341797, -87.91999816894531, -67.0, -80.27999877929688, -80.27999877929688, -40.689998626708984, -81.69999694824219, -67.54000091552734, -67.69999694824219, -91.72000122070312, -53.0, -83.44000244140625, -50.310001373291016, -74.31999969482422, -90.30000305175781, -44.45000076293945, -88.7300033569336, -43.47999954223633], "y_true_disp": [-2.2899999618530273, -4.739999771118164, -6.739999771118164, -2.359999895095825, -5.800000190734863, -5.420000076293945, -2.4100000858306885, -2.559999942779541, -5.96999979019165, -2.5799999237060547, -2.4000000953674316, -2.619999885559082, -2.0199999809265137, -3.180000066757202, -2.380000114440918, -2.109999895095825, -4.380000114440918, -1.2699999809265137, -4.150000095367432, -2.2300000190734863, -2.299999952316284, -2.430000066757202, -4.150000095367432, -2.640000104904175, -1.9700000286102295, -4.480000019073486, -5.159999847412109, -2.450000047683716, -2.0199999809265137, -2.3499999046325684, -5.349999904632568, -2.3299999237060547, -3.8499999046325684, -2.1600000858306885, -1.7200000286102295, -2.4200000762939453, -1.690000057220459], "y_pred_strain": [7.37316370010376, 39.23617935180664, 31.248661041259766, 19.26524543762207, 41.59705352783203, 29.403188705444336, 20.597827911376953, 19.9060001373291, 28.189815521240234, 20.07966423034668, 16.528278350830078, 12.915166854858398, 11.164507865905762, 50.152252197265625, 8.3283109664917, 21.008142471313477, 47.71018981933594, 17.249828338623047, 44.487281799316406, 34.66957092285156, 15.991101264953613, 6.548130512237549, 48.889923095703125, 9.965043067932129, 21.463478088378906, 51.12888717651367, 23.753896713256836, 6.192191123962402, 38.253517150878906, 16.583654403686523, 50.833213806152344, 20.666114807128906, 43.16661834716797, 20.63753890991211, 8.59103012084961, 21.97699737548828, 9.075992584228516], "y_pred_Pauli": [163.02825927734375, 129.270751953125, 111.54667663574219, 118.07032775878906, 112.74098205566406, 110.3284683227539, 133.0209503173828, 147.30758666992188, 130.808837890625, 173.08311462402344, 145.90426635742188, 148.8132781982422, 111.2602767944336, 135.2703857421875, 119.0059585571289, 111.94776153564453, 161.60794067382812, 120.93036651611328, 121.22030639648438, 181.50511169433594, 163.72116088867188, 117.826171875, 132.2630615234375, 175.28187561035156, 104.24842834472656, 130.46243286132812, 114.14507293701172, 128.88644409179688, 170.29742431640625, 104.65821075439453, 141.66123962402344, 125.1470947265625, 117.88119506835938, 150.2179412841797, 98.99122619628906, 165.7200164794922, 105.8448486328125], "y_pred_elst": [-122.82737731933594, -91.14918518066406, -85.69445037841797, -93.16249084472656, -78.11427307128906, -92.15028381347656, -108.9748764038086, -128.46685791015625, -101.66202545166016, -145.22926330566406, -125.11107635498047, -128.6021270751953, -89.86090850830078, -95.60186767578125, -94.80254364013672, -86.33264923095703, -118.44656372070312, -92.85359954833984, -81.02203369140625, -135.20956420898438, -138.21800231933594, -97.02484130859375, -98.56044006347656, -137.56210327148438, -79.41891479492188, -90.60708618164062, -84.97538757324219, -114.21308898925781, -132.49795532226562, -78.68794250488281, -105.13227081298828, -93.80048370361328, -81.69428253173828, -116.56108856201172, -85.52486419677734, -135.76222229003906, -84.09073638916016], "y_pred_oi": [-76.40569305419922, -81.09339904785156, -63.68352127075195, -47.928680419921875, -66.49967193603516, -71.52713775634766, -72.67611694335938, -77.9488754272461, -76.91181182861328, -79.51864624023438, -79.52765655517578, -77.71868896484375, -62.60883712768555, -76.46173095703125, -67.13780975341797, -64.06642150878906, -102.3404541015625, -48.90502166748047, -73.22976684570312, -101.61328125, -87.42021942138672, -67.30210876464844, -79.16529083251953, -78.87808227539062, -42.2884635925293, -80.25103759765625, -68.56737518310547, -71.5230712890625, -94.19462585449219, -53.81361770629883, -82.2972183227539, -54.42109298706055, -70.26467895507812, -82.96529388427734, -44.47813415527344, -90.23403930664062, -47.0102653503418],