{"arm": "xgb28_delta_family", "family": "qmrxn20_sn2", "fold": 3, "member": 2, "n_train": 150, "n_test": 37, "reaction_ids": ["qmrxn20_sn2_C_E_E_A_B_A", "qmrxn20_sn2_C_C_A_E_A_C", "qmrxn20_sn2_B_C_D_A_B_D", "qmrxn20_sn2_D_E_B_D_B_A", "qmrxn20_sn2_E_C_D_A_A_D", "qmrxn20_sn2_A_C_C_B_B_D", "qmrxn20_sn2_C_E_E_A_B_B", "qmrxn20_sn2_E_C_B_D_B_B", "qmrxn20_sn2_C_B_A_C_B_C", "qmrxn20_sn2_E_C_E_C_A_A", "qmrxn20_sn2_C_E_D_B_B_B", "qmrxn20_sn2_B_E_A_B_C_B", "qmrxn20_sn2_D_A_B_A_B_B", "qmrxn20_sn2_A_A_D_D_A_C", "qmrxn20_sn2_C_E_D_A_C_B", "qmrxn20_sn2_D_A_E_E_B_B", "qmrxn20_sn2_B_A_B_A_A_C", "qmrxn20_sn2_A_A_A_E_A_A", "qmrxn20_sn2_A_D_B_E_A_C", "qmrxn20_sn2_C_E_E_E_A_B", "qmrxn20_sn2_A_B_B_D_B_B", "qmrxn20_sn2_E_C_D_A_C_B", "qmrxn20_sn2_A_E_C_C_A_C", "qmrxn20_sn2_B_E_A_D_B_A", "qmrxn20_sn2_D_E_A_A_B_A", "qmrxn20_sn2_A_D_B_D_A_C", "qmrxn20_sn2_B_A_E_D_C_C", "qmrxn20_sn2_E_B_A_E_C_B", "qmrxn20_sn2_D_A_B_E_A_B", "qmrxn20_sn2_D_D_A_D_B_B", "qmrxn20_sn2_C_D_C_D_A_C", "qmrxn20_sn2_D_D_C_E_A_A", "qmrxn20_sn2_A_A_D_D_A_D", "qmrxn20_sn2_D_C_C_E_A_B", "qmrxn20_sn2_A_D_C_A_B_A", "qmrxn20_sn2_E_B_C_C_B_B", "qmrxn20_sn2_A_E_E_E_B_A"], "y_true_strain": [6.084001064300537, 38.204681396484375, 31.593900680541992, 20.155393600463867, 44.607276916503906, 30.41575050354004, 25.005416870117188, 15.055294036865234, 30.959814071655273, 22.606908798217773, 14.46180248260498, 14.87687873840332, 8.682013511657715, 46.643253326416016, 10.556012153625488, 21.289562225341797, 51.341064453125, 14.993273735046387, 39.05866622924805, 34.95588302612305, 15.872283935546875, 9.047524452209473, 48.72747039794922, 13.673270225524902, 24.359010696411133, 50.818214416503906, 27.35062599182129, 8.727616310119629, 37.04191589355469, 18.201501846313477, 50.62822341918945, 20.42597198486328, 38.058650970458984, 25.057010650634766, 8.893136024475098, 22.154714584350586, 6.690329074859619], "y_true_Pauli": [174.75, 134.25, 108.88999938964844, 134.00999450683594, 110.27999877929688, 108.88999938964844, 136.19000244140625, 150.11000061035156, 120.77999877929688, 179.57000732421875, 145.0800018310547, 144.22999572753906, 106.76000213623047, 120.97000122070312, 118.91000366210938, 108.72000122070312, 153.8800048828125, 101.88999938964844, 118.83999633789062, 182.39999389648438, 155.3000030517578, 121.0, 132.58999633789062, 185.97999572753906, 108.37000274658203, 137.05999755859375, 113.33999633789062, 128.24000549316406, 167.16000366210938, 100.2699966430664, 140.2899932861328, 133.0500030517578, 116.16999816894531, 160.85000610351562, 100.5, 163.97999572753906, 100.05000305175781], "y_true_elst": [-135.2100067138672, -93.41999816894531, -80.94999694824219, -111.7699966430664, -76.58999633789062, -86.22000122070312, -115.80000305175781, -123.33000183105469, -97.69000244140625, -154.2100067138672, -120.4800033569336, -124.33000183105469, -86.6500015258789, -76.47000122070312, -98.11000061035156, -84.7300033569336, -112.95999908447266, -73.44000244140625, -82.69000244140625, -144.38999938964844, -123.9800033569336, -99.41999816894531, -102.45999908447266, -147.27000427246094, -91.41999816894531, -95.01000213623047, -85.02999877929688, -110.86000061035156, -128.0399932861328, -75.83999633789062, -102.5199966430664, -104.97000122070312, -72.87999725341797, -122.2300033569336, -87.13999938964844, -146.4499969482422, -84.66999816894531], "y_true_oi": [-82.01000213623047, -84.12999725341797, -66.66000366210938, -49.52000045776367, -63.02000045776367, -71.18000030517578, -73.33999633789062, -80.6500015258789, -74.69000244140625, -77.12000274658203, -80.72000122070312, -75.91999816894531, -59.529998779296875, -76.8499984741211, -66.11000061035156, -61.220001220703125, -100.55999755859375, -51.40999984741211, -71.31999969482422, -100.62999725341797, -87.91999816894531, -67.0, -80.27999877929688, -80.27999877929688, -40.689998626708984, -81.69999694824219, -67.54000091552734, -67.69999694824219, -91.72000122070312, -53.0, -83.44000244140625, -50.310001373291016, -74.31999969482422, -90.30000305175781, -44.45000076293945, -88.7300033569336, -43.47999954223633], "y_true_disp": [-2.2899999618530273, -4.739999771118164, -6.739999771118164, -2.359999895095825, -5.800000190734863, -5.420000076293945, -2.4100000858306885, -2.559999942779541, -5.96999979019165, -2.5799999237060547, -2.4000000953674316, -2.619999885559082, -2.0199999809265137, -3.180000066757202, -2.380000114440918, -2.109999895095825, -4.380000114440918, -1.2699999809265137, -4.150000095367432, -2.2300000190734863, -2.299999952316284, -2.430000066757202, -4.150000095367432, -2.640000104904175, -1.9700000286102295, -4.480000019073486, -5.159999847412109, -2.450000047683716, -2.0199999809265137, -2.3499999046325684, -5.349999904632568, -2.3299999237060547, -3.8499999046325684, -2.1600000858306885, -1.7200000286102295, -2.4200000762939453, -1.690000057220459], "y_pred_strain": [6.367210865020752, 39.87763977050781, 30.498199462890625, 19.253664016723633, 41.32990646362305, 29.02805519104004, 20.750225067138672, 19.86705207824707, 27.59610366821289, 18.826858520507812, 16.659713745117188, 13.331931114196777, 11.750758171081543, 50.28550720214844, 8.055840492248535, 21.19214630126953, 47.836219787597656, 17.723407745361328, 44.274322509765625, 33.933895111083984, 16.03950309753418, 6.835710525512695, 48.22358322143555, 9.740939140319824, 21.469989776611328, 50.428993225097656, 23.212726593017578, 5.975559234619141, 38.061737060546875, 16.805599212646484, 49.45930480957031, 21.261960983276367, 43.33192825317383, 19.962846755981445, 9.270971298217773, 22.769161224365234, 9.158658027648926], "y_pred_Pauli": [163.58023071289062, 127.19435119628906, 112.78157043457031, 118.4312973022461, 112.58739471435547, 110.73917388916016, 133.54486083984375, 147.4684600830078, 131.15818786621094, 170.5262451171875, 146.24249267578125, 149.39418029785156, 111.30025482177734, 131.55662536621094, 119.52240753173828, 111.8224105834961, 157.44845581054688, 117.48428344726562, 116.72738647460938, 178.02767944335938, 163.68028259277344, 118.23698425292969, 130.2482147216797, 174.9801025390625, 105.46817779541016, 128.4736785888672, 113.09143829345703, 129.46835327148438, 167.2069091796875, 105.05847930908203, 141.02052307128906, 123.5782470703125, 115.58273315429688, 149.35755920410156, 99.64024353027344, 166.03956604003906, 104.01919555664062], "y_pred_elst": [-122.8013687133789, -91.4072494506836, -86.03666687011719, -93.37044525146484, -78.13788604736328, -91.72918701171875, -108.97775268554688, -128.3045654296875, -101.44025421142578, -145.01451110839844, -125.24034118652344, -128.99591064453125, -89.82604217529297, -94.46044921875, -94.45062255859375, -85.9124984741211, -117.93769836425781, -92.68929290771484, -78.92749786376953, -134.3508758544922, -137.834228515625, -97.03099060058594, -97.6926040649414, -137.53134155273438, -79.9374771118164, -88.644775390625, -83.53399658203125, -113.95875549316406, -131.74404907226562, -78.58055114746094, -104.76136779785156, -94.51933288574219, -81.29629516601562, -116.41014099121094, -86.13699340820312, -136.44415283203125, -83.90853881835938], "y_pred_oi": [-77.1128158569336, -78.47736358642578, -64.94397735595703, -48.31709289550781, -66.44465637207031, -72.56754302978516, -73.5035629272461, -78.46092987060547, -77.62110137939453, -76.41217803955078, -79.9805679321289, -78.24296569824219, -62.97174072265625, -73.26680755615234, -68.27389526367188, -64.55241394042969, -97.80326080322266, -44.97407531738281, -70.0162124633789, -98.112548828125, -87.93301391601562, -68.0276107788086, -77.57696533203125, -78.62564086914062, -43.457054138183594, -79.96319580078125, -68.8885269165039, -72.640625, -91.20952606201172, -54.6376838684082, -81.84455108642578, -51.9456901550293, -68.0128173828125, -82.05426788330078, -44.9194221496582, -90.1800308227539, -45.03761291503906],