{"arm": "xgb28_delta_family", "family": "rgd1", "fold": 3, "member": 0, "n_train": 160, "n_test": 40, "reaction_ids": ["rgd1_MR_340403_1", "rgd1_MR_342302_1", "rgd1_MR_323987_2", "rgd1_MR_634365_1", "rgd1_MR_25397_0", "rgd1_MR_263209_1", "rgd1_MR_664613_0", "rgd1_MR_357322_1", "rgd1_MR_287606_2", "rgd1_MR_620093_1", "rgd1_MR_567898_0", "rgd1_MR_4533_0", "rgd1_MR_693565_1", "rgd1_MR_414741_2", "rgd1_MR_302131_1", "rgd1_MR_637058_2", "rgd1_MR_116527_1", "rgd1_MR_412577_0", "rgd1_MR_543166_1", "rgd1_MR_260764_1", "rgd1_MR_100076_1", "rgd1_MR_181610_0", "rgd1_MR_433076_1", "rgd1_MR_135396_0", "rgd1_MR_677599_2", "rgd1_MR_217826_1", "rgd1_MR_306526_1", "rgd1_MR_618091_1", "rgd1_MR_175745_0", "rgd1_MR_284610_0", "rgd1_MR_639058_1", "rgd1_MR_473710_2", "rgd1_MR_58284_0", "rgd1_MR_370443_0", "rgd1_MR_611813_2", "rgd1_MR_117267_1", "rgd1_MR_528671_1", "rgd1_MR_181615_0", "rgd1_MR_652250_1", "rgd1_MR_258534_0"], "y_true_strain": [79.55781555175781, 27.280845642089844, 59.86125183105469, 66.18562316894531, 75.39417266845703, 81.1668701171875, 73.30348205566406, 38.13279724121094, 54.15131759643555, 135.09466552734375, 62.98793029785156, 57.84976577758789, 73.06443786621094, 90.20582580566406, 66.43036651611328, 51.58182907104492, 45.335418701171875, 4.941102981567383, 54.536678314208984, 7.363070011138916, 19.40850830078125, 73.09984588623047, 96.31598663330078, 82.33711242675781, 86.80519104003906, 19.196063995361328, 41.61880874633789, 36.52742004394531, 72.58240509033203, 30.183734893798828, 60.214412689208984, 52.67290496826172, 83.35206604003906, 65.48442840576172, 32.597381591796875, 61.704933166503906, 39.36819839477539, 128.3406219482422, 97.52674102783203, 45.6370735168457], "y_true_Pauli": [138.94000244140625, 37.0099983215332, 118.72000122070312, 307.44000244140625, 253.0, 319.20001220703125, 551.3599853515625, 232.5, 349.9800109863281, 483.6400146484375, 31.350000381469727, 171.42999267578125, 413.92999267578125, 268.3800048828125, 97.48999786376953, 419.1199951171875, 171.9199981689453, 40.77000045776367, 366.4200134277344, 38.150001525878906, 178.61000061035156, 358.9700012207031, 320.94000244140625, 292.6099853515625, 194.8300018310547, 18.540000915527344, 141.77999877929688, 210.77999877929688, 256.7300109863281, 141.1300048828125, 288.6199951171875, 214.1199951171875, 373.7900085449219, 262.0799865722656, 6.199999809265137, 271.260009765625, 252.61000061035156, 213.02999877929688, 482.92999267578125, 103.01000213623047], "y_true_elst": [-55.720001220703125, -31.639999389648438, -51.7400016784668, -124.2699966430664, -73.26000213623047, -137.6199951171875, -249.42999267578125, -97.63999938964844, -140.75, -219.55999755859375, -15.239999771118164, -66.66999816894531, -185.13999938964844, -115.76000213623047, -36.66999816894531, -196.47000122070312, -73.20999908447266, -21.6200008392334, -154.30999755859375, -20.489999771118164, -70.69999694824219, -160.7100067138672, -122.66999816894531, -114.29000091552734, -71.69999694824219, -15.399999618530273, -68.27999877929688, -101.05999755859375, -101.23999786376953, -70.02999877929688, -129.24000549316406, -80.08999633789062, -168.5500030517578, -112.37000274658203, -2.7300000190734863, -107.20999908447266, -99.4000015258789, -85.08999633789062, -226.60000610351562, -52.689998626708984], "y_true_oi": [-93.04000091552734, -16.239999771118164, -80.0, -183.8699951171875, -150.4199981689453, -192.0, -331.6499938964844, -120.87999725341797, -200.89999389648438, -311.6000061035156, -16.68000030517578, -120.0, -228.92999267578125, -168.5399932861328, -59.849998474121094, -264.8699951171875, -99.94000244140625, -18.18000030517578, -201.2899932861328, -17.81999969482422, -126.4000015258789, -199.36000061035156, -197.77000427246094, -179.63999938964844, -138.0500030517578, -8.279999732971191, -85.16999816894531, -116.61000061035156, -170.19000244140625, -73.26000213623047, -161.0500030517578, -125.2300033569336, -198.19000244140625, -139.64999389648438, -1.809999942779541, -143.9199981689453, -127.18000030517578, -198.49000549316406, -304.8800048828125, -50.13999938964844], "y_true_disp": [-4.139999866485596, -4.440000057220459, -5.940000057220459, -6.460000038146973, -3.2799999713897705, -6.070000171661377, -6.739999771118164, -6.480000019073486, -8.510000228881836, -9.739999771118164, -2.700000047683716, -6.849999904632568, -4.5, -6.460000038146973, -1.7599999904632568, -4.329999923706055, -4.710000038146973, -10.5, -3.390000104904175, -7.849999904632568, -4.590000152587891, -6.400000095367432, -7.489999771118164, -7.329999923706055, -4.059999942779541, -3.859999895095825, -4.71999979019165, -6.079999923706055, -6.730000019073486, -8.210000038146973, -9.119999885559082, -5.679999828338623, -9.90999984741211, -7.53000020980835, -3.950000047683716, -4.429999828338623, -6.75, -5.619999885559082, -7.449999809265137, -3.4800000190734863], "y_pred_strain": [75.24633026123047, 33.814918518066406, 86.25261688232422, 57.776607513427734, 66.27169036865234, 90.2740249633789, 71.82646942138672, 37.83363342285156, 43.48345184326172, 126.99055480957031, 40.94702911376953, 60.325130462646484, 80.70206451416016, 79.71149444580078, 69.54924011230469, 55.673057556152344, 46.364200592041016, 18.299741744995117, 58.428810119628906, 17.398181915283203, 22.007160186767578, 67.96123504638672, 79.59769439697266, 74.82703399658203, 88.39095306396484, 17.47270393371582, 34.95137023925781, 41.292396545410156, 81.47444915771484, 26.67550277709961, 57.401893615722656, 40.50386428833008, 82.59113311767578, 58.19620895385742, 26.619314193725586, 60.97703170776367, 46.73788070678711, 127.01406860351562, 106.2884292602539, 49.758575439453125], "y_pred_Pauli": [157.79721069335938, 18.407350540161133, 124.36392974853516, 371.1457824707031, 360.1930236816406, 377.25457763671875, 449.86309814453125, 224.9010467529297, 408.6909484863281, 407.4413757324219, 25.680397033691406, 208.681396484375, 405.2369384765625, 290.94342041015625, 112.99552917480469, 318.6057434082031, 146.82217407226562, 24.240957260131836, 279.4737243652344, 26.499954223632812, 219.09849548339844, 330.0871887207031, 331.9708251953125, 314.0816650390625, 252.8797607421875, 23.37215232849121, 151.794921875, 182.11541748046875, 339.791015625, 123.49774169921875, 314.19586181640625, 195.79971313476562, 380.8561706542969, 255.47413635253906, 18.025920867919922, 324.9124450683594, 240.18365478515625, 356.1859436035156, 452.51513671875, 114.7204818725586], "y_pred_elst": [-74.12195587158203, -19.161401748657227, -53.31719970703125, -163.66915893554688, -143.2460479736328, -162.294677734375, -194.56039428710938, -94.07853698730469, -188.375732421875, -188.48846435546875, -23.361547470092773, -82.39561462402344, -162.12167358398438, -115.9068832397461, -54.048828125, -134.2099609375, -64.8402099609375, -18.59161376953125, -125.91474151611328, -17.377246856689453, -84.59862518310547, -136.8435821533203, -131.0175323486328, -129.54168701171875, -102.01710510253906, -14.7724609375, -68.6509017944336, -72.60062408447266, -148.28103637695312, -61.45452880859375, -127.1742935180664, -77.18158721923828, -148.07049560546875, -107.76345825195312, -7.460413932800293, -128.51861572265625, -96.24087524414062, -172.7412567138672, -197.23609924316406, -57.20104217529297],