{"arm": "xgb28_delta_family", "family": "rgd1", "fold": 3, "member": 4, "n_train": 160, "n_test": 40, "reaction_ids": ["rgd1_MR_340403_1", "rgd1_MR_342302_1", "rgd1_MR_323987_2", "rgd1_MR_634365_1", "rgd1_MR_25397_0", "rgd1_MR_263209_1", "rgd1_MR_664613_0", "rgd1_MR_357322_1", "rgd1_MR_287606_2", "rgd1_MR_620093_1", "rgd1_MR_567898_0", "rgd1_MR_4533_0", "rgd1_MR_693565_1", "rgd1_MR_414741_2", "rgd1_MR_302131_1", "rgd1_MR_637058_2", "rgd1_MR_116527_1", "rgd1_MR_412577_0", "rgd1_MR_543166_1", "rgd1_MR_260764_1", "rgd1_MR_100076_1", "rgd1_MR_181610_0", "rgd1_MR_433076_1", "rgd1_MR_135396_0", "rgd1_MR_677599_2", "rgd1_MR_217826_1", "rgd1_MR_306526_1", "rgd1_MR_618091_1", "rgd1_MR_175745_0", "rgd1_MR_284610_0", "rgd1_MR_639058_1", "rgd1_MR_473710_2", "rgd1_MR_58284_0", "rgd1_MR_370443_0", "rgd1_MR_611813_2", "rgd1_MR_117267_1", "rgd1_MR_528671_1", "rgd1_MR_181615_0", "rgd1_MR_652250_1", "rgd1_MR_258534_0"], "y_true_strain": [79.55781555175781, 27.280845642089844, 59.86125183105469, 66.18562316894531, 75.39417266845703, 81.1668701171875, 73.30348205566406, 38.13279724121094, 54.15131759643555, 135.09466552734375, 62.98793029785156, 57.84976577758789, 73.06443786621094, 90.20582580566406, 66.43036651611328, 51.58182907104492, 45.335418701171875, 4.941102981567383, 54.536678314208984, 7.363070011138916, 19.40850830078125, 73.09984588623047, 96.31598663330078, 82.33711242675781, 86.80519104003906, 19.196063995361328, 41.61880874633789, 36.52742004394531, 72.58240509033203, 30.183734893798828, 60.214412689208984, 52.67290496826172, 83.35206604003906, 65.48442840576172, 32.597381591796875, 61.704933166503906, 39.36819839477539, 128.3406219482422, 97.52674102783203, 45.6370735168457], "y_true_Pauli": [138.94000244140625, 37.0099983215332, 118.72000122070312, 307.44000244140625, 253.0, 319.20001220703125, 551.3599853515625, 232.5, 349.9800109863281, 483.6400146484375, 31.350000381469727, 171.42999267578125, 413.92999267578125, 268.3800048828125, 97.48999786376953, 419.1199951171875, 171.9199981689453, 40.77000045776367, 366.4200134277344, 38.150001525878906, 178.61000061035156, 358.9700012207031, 320.94000244140625, 292.6099853515625, 194.8300018310547, 18.540000915527344, 141.77999877929688, 210.77999877929688, 256.7300109863281, 141.1300048828125, 288.6199951171875, 214.1199951171875, 373.7900085449219, 262.0799865722656, 6.199999809265137, 271.260009765625, 252.61000061035156, 213.02999877929688, 482.92999267578125, 103.01000213623047], "y_true_elst": [-55.720001220703125, -31.639999389648438, -51.7400016784668, -124.2699966430664, -73.26000213623047, -137.6199951171875, -249.42999267578125, -97.63999938964844, -140.75, -219.55999755859375, -15.239999771118164, -66.66999816894531, -185.13999938964844, -115.76000213623047, -36.66999816894531, -196.47000122070312, -73.20999908447266, -21.6200008392334, -154.30999755859375, -20.489999771118164, -70.69999694824219, -160.7100067138672, -122.66999816894531, -114.29000091552734, -71.69999694824219, -15.399999618530273, -68.27999877929688, -101.05999755859375, -101.23999786376953, -70.02999877929688, -129.24000549316406, -80.08999633789062, -168.5500030517578, -112.37000274658203, -2.7300000190734863, -107.20999908447266, -99.4000015258789, -85.08999633789062, -226.60000610351562, -52.689998626708984], "y_true_oi": [-93.04000091552734, -16.239999771118164, -80.0, -183.8699951171875, -150.4199981689453, -192.0, -331.6499938964844, -120.87999725341797, -200.89999389648438, -311.6000061035156, -16.68000030517578, -120.0, -228.92999267578125, -168.5399932861328, -59.849998474121094, -264.8699951171875, -99.94000244140625, -18.18000030517578, -201.2899932861328, -17.81999969482422, -126.4000015258789, -199.36000061035156, -197.77000427246094, -179.63999938964844, -138.0500030517578, -8.279999732971191, -85.16999816894531, -116.61000061035156, -170.19000244140625, -73.26000213623047, -161.0500030517578, -125.2300033569336, -198.19000244140625, -139.64999389648438, -1.809999942779541, -143.9199981689453, -127.18000030517578, -198.49000549316406, -304.8800048828125, -50.13999938964844], "y_true_disp": [-4.139999866485596, -4.440000057220459, -5.940000057220459, -6.460000038146973, -3.2799999713897705, -6.070000171661377, -6.739999771118164, -6.480000019073486, -8.510000228881836, -9.739999771118164, -2.700000047683716, -6.849999904632568, -4.5, -6.460000038146973, -1.7599999904632568, -4.329999923706055, -4.710000038146973, -10.5, -3.390000104904175, -7.849999904632568, -4.590000152587891, -6.400000095367432, -7.489999771118164, -7.329999923706055, -4.059999942779541, -3.859999895095825, -4.71999979019165, -6.079999923706055, -6.730000019073486, -8.210000038146973, -9.119999885559082, -5.679999828338623, -9.90999984741211, -7.53000020980835, -3.950000047683716, -4.429999828338623, -6.75, -5.619999885559082, -7.449999809265137, -3.4800000190734863], "y_pred_strain": [75.40081024169922, 34.2391242980957, 86.35912322998047, 57.743438720703125, 66.81416320800781, 90.48641204833984, 70.82869720458984, 37.55160903930664, 43.202945709228516, 126.94751739501953, 40.95378494262695, 61.03023910522461, 81.13170623779297, 80.19637298583984, 70.14496612548828, 56.06953048706055, 47.02861785888672, 18.03565788269043, 58.407676696777344, 16.251604080200195, 22.543092727661133, 68.14678192138672, 79.69135284423828, 74.54084777832031, 88.86070251464844, 18.216934204101562, 35.474403381347656, 40.92598342895508, 81.95393371582031, 24.964244842529297, 57.0870246887207, 40.80080795288086, 81.5294418334961, 57.58100891113281, 27.283113479614258, 61.84067916870117, 46.0977783203125, 127.02091979980469, 106.82787322998047, 50.32781982421875], "y_pred_Pauli": [157.7000732421875, 18.115840911865234, 124.09645080566406, 371.19708251953125, 360.0639953613281, 377.05487060546875, 450.06903076171875, 225.37734985351562, 409.1319580078125, 407.5042724609375, 25.7132568359375, 208.17555236816406, 404.3833312988281, 290.4936218261719, 112.57344818115234, 317.8998107910156, 146.44664001464844, 24.551822662353516, 279.31793212890625, 27.404098510742188, 218.69107055664062, 330.1098327636719, 331.91314697265625, 314.525390625, 252.41482543945312, 22.624967575073242, 150.99696350097656, 182.12081909179688, 339.7161865234375, 124.55694580078125, 314.3870849609375, 195.42994689941406, 381.8892822265625, 256.0679016113281, 17.693782806396484, 324.38018798828125, 240.63442993164062, 356.5743713378906, 452.0009765625, 114.55967712402344], "y_pred_elst": [-73.94928741455078, -18.78451156616211, -52.93040084838867, -163.6499786376953, -143.01596069335938, -161.9943084716797, -194.63568115234375, -94.51227569580078, -188.77938842773438, -188.48223876953125, -23.298213958740234, -81.73004150390625, -161.05474853515625, -115.32657623291016, -53.48563766479492, -133.35894775390625, -64.32215118408203, -18.832666397094727, -125.71451568603516, -18.170238494873047, -84.0635757446289, -136.79270935058594, -130.900390625, -129.92091369628906, -101.40532684326172, -13.840789794921875, -67.67559051513672, -72.51983642578125, -148.12522888183594, -62.31242370605469, -127.28069305419922, -76.70657348632812, -149.01571655273438, -108.29631805419922, -7.002951622009277, -127.80474853515625, -96.61542510986328, -173.0966796875, -196.5696258544922, -56.94080352783203],