{"arm": "xgb28_delta_family", "family": "rgd1", "fold": 3, "member": 1, "n_train": 160, "n_test": 40, "reaction_ids": ["rgd1_MR_340403_1", "rgd1_MR_342302_1", "rgd1_MR_323987_2", "rgd1_MR_634365_1", "rgd1_MR_25397_0", "rgd1_MR_263209_1", "rgd1_MR_664613_0", "rgd1_MR_357322_1", "rgd1_MR_287606_2", "rgd1_MR_620093_1", "rgd1_MR_567898_0", "rgd1_MR_4533_0", "rgd1_MR_693565_1", "rgd1_MR_414741_2", "rgd1_MR_302131_1", "rgd1_MR_637058_2", "rgd1_MR_116527_1", "rgd1_MR_412577_0", "rgd1_MR_543166_1", "rgd1_MR_260764_1", "rgd1_MR_100076_1", "rgd1_MR_181610_0", "rgd1_MR_433076_1", "rgd1_MR_135396_0", "rgd1_MR_677599_2", "rgd1_MR_217826_1", "rgd1_MR_306526_1", "rgd1_MR_618091_1", "rgd1_MR_175745_0", "rgd1_MR_284610_0", "rgd1_MR_639058_1", "rgd1_MR_473710_2", "rgd1_MR_58284_0", "rgd1_MR_370443_0", "rgd1_MR_611813_2", "rgd1_MR_117267_1", "rgd1_MR_528671_1", "rgd1_MR_181615_0", "rgd1_MR_652250_1", "rgd1_MR_258534_0"], "y_true_strain": [79.55781555175781, 27.280845642089844, 59.86125183105469, 66.18562316894531, 75.39417266845703, 81.1668701171875, 73.30348205566406, 38.13279724121094, 54.15131759643555, 135.09466552734375, 62.98793029785156, 57.84976577758789, 73.06443786621094, 90.20582580566406, 66.43036651611328, 51.58182907104492, 45.335418701171875, 4.941102981567383, 54.536678314208984, 7.363070011138916, 19.40850830078125, 73.09984588623047, 96.31598663330078, 82.33711242675781, 86.80519104003906, 19.196063995361328, 41.61880874633789, 36.52742004394531, 72.58240509033203, 30.183734893798828, 60.214412689208984, 52.67290496826172, 83.35206604003906, 65.48442840576172, 32.597381591796875, 61.704933166503906, 39.36819839477539, 128.3406219482422, 97.52674102783203, 45.6370735168457], "y_true_Pauli": [138.94000244140625, 37.0099983215332, 118.72000122070312, 307.44000244140625, 253.0, 319.20001220703125, 551.3599853515625, 232.5, 349.9800109863281, 483.6400146484375, 31.350000381469727, 171.42999267578125, 413.92999267578125, 268.3800048828125, 97.48999786376953, 419.1199951171875, 171.9199981689453, 40.77000045776367, 366.4200134277344, 38.150001525878906, 178.61000061035156, 358.9700012207031, 320.94000244140625, 292.6099853515625, 194.8300018310547, 18.540000915527344, 141.77999877929688, 210.77999877929688, 256.7300109863281, 141.1300048828125, 288.6199951171875, 214.1199951171875, 373.7900085449219, 262.0799865722656, 6.199999809265137, 271.260009765625, 252.61000061035156, 213.02999877929688, 482.92999267578125, 103.01000213623047], "y_true_elst": [-55.720001220703125, -31.639999389648438, -51.7400016784668, -124.2699966430664, -73.26000213623047, -137.6199951171875, -249.42999267578125, -97.63999938964844, -140.75, -219.55999755859375, -15.239999771118164, -66.66999816894531, -185.13999938964844, -115.76000213623047, -36.66999816894531, -196.47000122070312, -73.20999908447266, -21.6200008392334, -154.30999755859375, -20.489999771118164, -70.69999694824219, -160.7100067138672, -122.66999816894531, -114.29000091552734, -71.69999694824219, -15.399999618530273, -68.27999877929688, -101.05999755859375, -101.23999786376953, -70.02999877929688, -129.24000549316406, -80.08999633789062, -168.5500030517578, -112.37000274658203, -2.7300000190734863, -107.20999908447266, -99.4000015258789, -85.08999633789062, -226.60000610351562, -52.689998626708984], "y_true_oi": [-93.04000091552734, -16.239999771118164, -80.0, -183.8699951171875, -150.4199981689453, -192.0, -331.6499938964844, -120.87999725341797, -200.89999389648438, -311.6000061035156, -16.68000030517578, -120.0, -228.92999267578125, -168.5399932861328, -59.849998474121094, -264.8699951171875, -99.94000244140625, -18.18000030517578, -201.2899932861328, -17.81999969482422, -126.4000015258789, -199.36000061035156, -197.77000427246094, -179.63999938964844, -138.0500030517578, -8.279999732971191, -85.16999816894531, -116.61000061035156, -170.19000244140625, -73.26000213623047, -161.0500030517578, -125.2300033569336, -198.19000244140625, -139.64999389648438, -1.809999942779541, -143.9199981689453, -127.18000030517578, -198.49000549316406, -304.8800048828125, -50.13999938964844], "y_true_disp": [-4.139999866485596, -4.440000057220459, -5.940000057220459, -6.460000038146973, -3.2799999713897705, -6.070000171661377, -6.739999771118164, -6.480000019073486, -8.510000228881836, -9.739999771118164, -2.700000047683716, -6.849999904632568, -4.5, -6.460000038146973, -1.7599999904632568, -4.329999923706055, -4.710000038146973, -10.5, -3.390000104904175, -7.849999904632568, -4.590000152587891, -6.400000095367432, -7.489999771118164, -7.329999923706055, -4.059999942779541, -3.859999895095825, -4.71999979019165, -6.079999923706055, -6.730000019073486, -8.210000038146973, -9.119999885559082, -5.679999828338623, -9.90999984741211, -7.53000020980835, -3.950000047683716, -4.429999828338623, -6.75, -5.619999885559082, -7.449999809265137, -3.4800000190734863], "y_pred_strain": [76.6309814453125, 34.3017692565918, 85.64783477783203, 56.88568878173828, 67.79710388183594, 90.56819152832031, 70.71340942382812, 37.69448471069336, 42.93001174926758, 126.56766510009766, 41.637229919433594, 60.73579025268555, 81.25614929199219, 80.74361419677734, 71.61959075927734, 56.353206634521484, 46.6218147277832, 17.11586570739746, 58.804744720458984, 15.38634967803955, 23.43644142150879, 68.52787017822266, 78.95413970947266, 75.22786712646484, 88.76810455322266, 18.653648376464844, 35.351097106933594, 41.16189193725586, 81.36172485351562, 24.83091163635254, 56.91940689086914, 41.240936279296875, 81.68670654296875, 57.832786560058594, 26.444116592407227, 62.413455963134766, 46.41341781616211, 128.64492797851562, 106.45551300048828, 50.15774917602539], "y_pred_Pauli": [156.8513641357422, 18.340261459350586, 124.9071273803711, 372.0972900390625, 359.65887451171875, 377.134765625, 449.8517761230469, 225.15611267089844, 409.3122863769531, 407.8977355957031, 25.203380584716797, 208.8908233642578, 404.5664367675781, 290.36529541015625, 111.79496002197266, 317.92999267578125, 147.19190979003906, 25.462066650390625, 279.0400695800781, 27.920482635498047, 218.33216857910156, 329.9421691894531, 332.7278747558594, 313.8219299316406, 252.79672241210938, 22.721525192260742, 151.4380340576172, 181.80224609375, 340.55364990234375, 124.02256774902344, 314.4593505859375, 195.2879180908203, 381.2646484375, 255.60122680664062, 18.808401107788086, 324.4573669433594, 240.10214233398438, 355.3297119140625, 452.6600341796875, 115.06342315673828], "y_pred_elst": [-71.99332427978516, -18.703643798828125, -54.126583099365234, -165.07691955566406, -141.4288330078125, -161.91140747070312, -194.89137268066406, -94.35600280761719, -189.28163146972656, -189.1477813720703, -22.2597713470459, -82.22091674804688, -160.89527893066406, -114.46200561523438, -51.083251953125, -132.926025390625, -64.9983901977539, -20.37109375, -125.11746978759766, -19.617008209228516, -82.62416076660156, -136.22811889648438, -132.12417602539062, -128.89234924316406, -101.5921859741211, -13.131654739379883, -67.89913177490234, -72.21187591552734, -149.1017303466797, -62.60240936279297, -127.61956787109375, -76.03028106689453, -148.8452911376953, -107.97149658203125, -8.362274169921875, -126.86224365234375, -96.19306182861328, -170.50711059570312, -197.2002410888672, -57.2334098815918],