{"arm": "xgb28_delta_family", "family": "rgd1", "fold": 3, "member": 2, "n_train": 160, "n_test": 40, "reaction_ids": ["rgd1_MR_340403_1", "rgd1_MR_342302_1", "rgd1_MR_323987_2", "rgd1_MR_634365_1", "rgd1_MR_25397_0", "rgd1_MR_263209_1", "rgd1_MR_664613_0", "rgd1_MR_357322_1", "rgd1_MR_287606_2", "rgd1_MR_620093_1", "rgd1_MR_567898_0", "rgd1_MR_4533_0", "rgd1_MR_693565_1", "rgd1_MR_414741_2", "rgd1_MR_302131_1", "rgd1_MR_637058_2", "rgd1_MR_116527_1", "rgd1_MR_412577_0", "rgd1_MR_543166_1", "rgd1_MR_260764_1", "rgd1_MR_100076_1", "rgd1_MR_181610_0", "rgd1_MR_433076_1", "rgd1_MR_135396_0", "rgd1_MR_677599_2", "rgd1_MR_217826_1", "rgd1_MR_306526_1", "rgd1_MR_618091_1", "rgd1_MR_175745_0", "rgd1_MR_284610_0", "rgd1_MR_639058_1", "rgd1_MR_473710_2", "rgd1_MR_58284_0", "rgd1_MR_370443_0", "rgd1_MR_611813_2", "rgd1_MR_117267_1", "rgd1_MR_528671_1", "rgd1_MR_181615_0", "rgd1_MR_652250_1", "rgd1_MR_258534_0"], "y_true_strain": [79.55781555175781, 27.280845642089844, 59.86125183105469, 66.18562316894531, 75.39417266845703, 81.1668701171875, 73.30348205566406, 38.13279724121094, 54.15131759643555, 135.09466552734375, 62.98793029785156, 57.84976577758789, 73.06443786621094, 90.20582580566406, 66.43036651611328, 51.58182907104492, 45.335418701171875, 4.941102981567383, 54.536678314208984, 7.363070011138916, 19.40850830078125, 73.09984588623047, 96.31598663330078, 82.33711242675781, 86.80519104003906, 19.196063995361328, 41.61880874633789, 36.52742004394531, 72.58240509033203, 30.183734893798828, 60.214412689208984, 52.67290496826172, 83.35206604003906, 65.48442840576172, 32.597381591796875, 61.704933166503906, 39.36819839477539, 128.3406219482422, 97.52674102783203, 45.6370735168457], "y_true_Pauli": [138.94000244140625, 37.0099983215332, 118.72000122070312, 307.44000244140625, 253.0, 319.20001220703125, 551.3599853515625, 232.5, 349.9800109863281, 483.6400146484375, 31.350000381469727, 171.42999267578125, 413.92999267578125, 268.3800048828125, 97.48999786376953, 419.1199951171875, 171.9199981689453, 40.77000045776367, 366.4200134277344, 38.150001525878906, 178.61000061035156, 358.9700012207031, 320.94000244140625, 292.6099853515625, 194.8300018310547, 18.540000915527344, 141.77999877929688, 210.77999877929688, 256.7300109863281, 141.1300048828125, 288.6199951171875, 214.1199951171875, 373.7900085449219, 262.0799865722656, 6.199999809265137, 271.260009765625, 252.61000061035156, 213.02999877929688, 482.92999267578125, 103.01000213623047], "y_true_elst": [-55.720001220703125, -31.639999389648438, -51.7400016784668, -124.2699966430664, -73.26000213623047, -137.6199951171875, -249.42999267578125, -97.63999938964844, -140.75, -219.55999755859375, -15.239999771118164, -66.66999816894531, -185.13999938964844, -115.76000213623047, -36.66999816894531, -196.47000122070312, -73.20999908447266, -21.6200008392334, -154.30999755859375, -20.489999771118164, -70.69999694824219, -160.7100067138672, -122.66999816894531, -114.29000091552734, -71.69999694824219, -15.399999618530273, -68.27999877929688, -101.05999755859375, -101.23999786376953, -70.02999877929688, -129.24000549316406, -80.08999633789062, -168.5500030517578, -112.37000274658203, -2.7300000190734863, -107.20999908447266, -99.4000015258789, -85.08999633789062, -226.60000610351562, -52.689998626708984], "y_true_oi": [-93.04000091552734, -16.239999771118164, -80.0, -183.8699951171875, -150.4199981689453, -192.0, -331.6499938964844, -120.87999725341797, -200.89999389648438, -311.6000061035156, -16.68000030517578, -120.0, -228.92999267578125, -168.5399932861328, -59.849998474121094, -264.8699951171875, -99.94000244140625, -18.18000030517578, -201.2899932861328, -17.81999969482422, -126.4000015258789, -199.36000061035156, -197.77000427246094, -179.63999938964844, -138.0500030517578, -8.279999732971191, -85.16999816894531, -116.61000061035156, -170.19000244140625, -73.26000213623047, -161.0500030517578, -125.2300033569336, -198.19000244140625, -139.64999389648438, -1.809999942779541, -143.9199981689453, -127.18000030517578, -198.49000549316406, -304.8800048828125, -50.13999938964844], "y_true_disp": [-4.139999866485596, -4.440000057220459, -5.940000057220459, -6.460000038146973, -3.2799999713897705, -6.070000171661377, -6.739999771118164, -6.480000019073486, -8.510000228881836, -9.739999771118164, -2.700000047683716, -6.849999904632568, -4.5, -6.460000038146973, -1.7599999904632568, -4.329999923706055, -4.710000038146973, -10.5, -3.390000104904175, -7.849999904632568, -4.590000152587891, -6.400000095367432, -7.489999771118164, -7.329999923706055, -4.059999942779541, -3.859999895095825, -4.71999979019165, -6.079999923706055, -6.730000019073486, -8.210000038146973, -9.119999885559082, -5.679999828338623, -9.90999984741211, -7.53000020980835, -3.950000047683716, -4.429999828338623, -6.75, -5.619999885559082, -7.449999809265137, -3.4800000190734863], "y_pred_strain": [75.62085723876953, 34.827091217041016, 86.55270385742188, 57.86174774169922, 67.72417449951172, 90.37239837646484, 71.60444641113281, 38.31174087524414, 43.492698669433594, 127.00526428222656, 41.59071350097656, 61.42583084106445, 81.74288940429688, 80.48542785644531, 71.19938659667969, 56.06336212158203, 46.723819732666016, 18.388917922973633, 58.47029113769531, 17.37500762939453, 22.677473068237305, 68.37899017333984, 79.64102172851562, 75.13916778564453, 89.0487060546875, 18.247272491455078, 35.44786834716797, 41.26443862915039, 82.40936279296875, 26.535804748535156, 57.41820526123047, 40.98483657836914, 82.5850601196289, 58.19233703613281, 26.93367576599121, 62.62958908081055, 47.21914291381836, 127.43242645263672, 106.67485046386719, 50.40851593017578], "y_pred_Pauli": [157.5501251220703, 17.06357192993164, 124.29554748535156, 371.7510681152344, 358.5025939941406, 377.9721374511719, 450.03680419921875, 224.51918029785156, 409.65521240234375, 408.4525451660156, 24.879302978515625, 207.46630859375, 403.34619140625, 289.9974060058594, 110.80384826660156, 317.8533020019531, 146.89645385742188, 25.306922912597656, 279.3010559082031, 27.54759407043457, 218.46768188476562, 329.94915771484375, 332.9346618652344, 314.0934143066406, 252.2335968017578, 22.41332244873047, 150.9154052734375, 182.0110626220703, 338.9026794433594, 124.17832946777344, 315.21722412109375, 195.215576171875, 382.0092468261719, 256.3590087890625, 18.205257415771484, 322.93072509765625, 239.32449340820312, 356.42877197265625, 452.4567565917969, 114.2772216796875], "y_pred_elst": [-73.7373046875, -17.689237594604492, -53.002197265625, -164.0319061279297, -141.38490295410156, -162.76922607421875, -194.30433654785156, -93.50663757324219, -189.07028198242188, -189.201416015625, -22.37340545654297, -81.00859832763672, -159.99374389648438, -114.82003784179688, -51.62282180786133, -133.34329223632812, -64.85521697998047, -19.26078224182129, -125.67610931396484, -17.823814392089844, -83.84317016601562, -136.5718994140625, -131.70872497558594, -129.3331298828125, -101.19159698486328, -13.693939208984375, -67.6556167602539, -72.3066635131836, -147.2880859375, -61.41289520263672, -127.78721618652344, -76.45986938476562, -148.6876220703125, -108.2711181640625, -7.596850872039795, -126.33727264404297, -95.09510803222656, -172.78822326660156, -197.01609802246094, -56.712501525878906],