{"arm": "xgb28_delta_family", "family": "rgd1", "fold": 3, "member": 3, "n_train": 160, "n_test": 40, "reaction_ids": ["rgd1_MR_340403_1", "rgd1_MR_342302_1", "rgd1_MR_323987_2", "rgd1_MR_634365_1", "rgd1_MR_25397_0", "rgd1_MR_263209_1", "rgd1_MR_664613_0", "rgd1_MR_357322_1", "rgd1_MR_287606_2", "rgd1_MR_620093_1", "rgd1_MR_567898_0", "rgd1_MR_4533_0", "rgd1_MR_693565_1", "rgd1_MR_414741_2", "rgd1_MR_302131_1", "rgd1_MR_637058_2", "rgd1_MR_116527_1", "rgd1_MR_412577_0", "rgd1_MR_543166_1", "rgd1_MR_260764_1", "rgd1_MR_100076_1", "rgd1_MR_181610_0", "rgd1_MR_433076_1", "rgd1_MR_135396_0", "rgd1_MR_677599_2", "rgd1_MR_217826_1", "rgd1_MR_306526_1", "rgd1_MR_618091_1", "rgd1_MR_175745_0", "rgd1_MR_284610_0", "rgd1_MR_639058_1", "rgd1_MR_473710_2", "rgd1_MR_58284_0", "rgd1_MR_370443_0", "rgd1_MR_611813_2", "rgd1_MR_117267_1", "rgd1_MR_528671_1", "rgd1_MR_181615_0", "rgd1_MR_652250_1", "rgd1_MR_258534_0"], "y_true_strain": [79.55781555175781, 27.280845642089844, 59.86125183105469, 66.18562316894531, 75.39417266845703, 81.1668701171875, 73.30348205566406, 38.13279724121094, 54.15131759643555, 135.09466552734375, 62.98793029785156, 57.84976577758789, 73.06443786621094, 90.20582580566406, 66.43036651611328, 51.58182907104492, 45.335418701171875, 4.941102981567383, 54.536678314208984, 7.363070011138916, 19.40850830078125, 73.09984588623047, 96.31598663330078, 82.33711242675781, 86.80519104003906, 19.196063995361328, 41.61880874633789, 36.52742004394531, 72.58240509033203, 30.183734893798828, 60.214412689208984, 52.67290496826172, 83.35206604003906, 65.48442840576172, 32.597381591796875, 61.704933166503906, 39.36819839477539, 128.3406219482422, 97.52674102783203, 45.6370735168457], "y_true_Pauli": [138.94000244140625, 37.0099983215332, 118.72000122070312, 307.44000244140625, 253.0, 319.20001220703125, 551.3599853515625, 232.5, 349.9800109863281, 483.6400146484375, 31.350000381469727, 171.42999267578125, 413.92999267578125, 268.3800048828125, 97.48999786376953, 419.1199951171875, 171.9199981689453, 40.77000045776367, 366.4200134277344, 38.150001525878906, 178.61000061035156, 358.9700012207031, 320.94000244140625, 292.6099853515625, 194.8300018310547, 18.540000915527344, 141.77999877929688, 210.77999877929688, 256.7300109863281, 141.1300048828125, 288.6199951171875, 214.1199951171875, 373.7900085449219, 262.0799865722656, 6.199999809265137, 271.260009765625, 252.61000061035156, 213.02999877929688, 482.92999267578125, 103.01000213623047], "y_true_elst": [-55.720001220703125, -31.639999389648438, -51.7400016784668, -124.2699966430664, -73.26000213623047, -137.6199951171875, -249.42999267578125, -97.63999938964844, -140.75, -219.55999755859375, -15.239999771118164, -66.66999816894531, -185.13999938964844, -115.76000213623047, -36.66999816894531, -196.47000122070312, -73.20999908447266, -21.6200008392334, -154.30999755859375, -20.489999771118164, -70.69999694824219, -160.7100067138672, -122.66999816894531, -114.29000091552734, -71.69999694824219, -15.399999618530273, -68.27999877929688, -101.05999755859375, -101.23999786376953, -70.02999877929688, -129.24000549316406, -80.08999633789062, -168.5500030517578, -112.37000274658203, -2.7300000190734863, -107.20999908447266, -99.4000015258789, -85.08999633789062, -226.60000610351562, -52.689998626708984], "y_true_oi": [-93.04000091552734, -16.239999771118164, -80.0, -183.8699951171875, -150.4199981689453, -192.0, -331.6499938964844, -120.87999725341797, -200.89999389648438, -311.6000061035156, -16.68000030517578, -120.0, -228.92999267578125, -168.5399932861328, -59.849998474121094, -264.8699951171875, -99.94000244140625, -18.18000030517578, -201.2899932861328, -17.81999969482422, -126.4000015258789, -199.36000061035156, -197.77000427246094, -179.63999938964844, -138.0500030517578, -8.279999732971191, -85.16999816894531, -116.61000061035156, -170.19000244140625, -73.26000213623047, -161.0500030517578, -125.2300033569336, -198.19000244140625, -139.64999389648438, -1.809999942779541, -143.9199981689453, -127.18000030517578, -198.49000549316406, -304.8800048828125, -50.13999938964844], "y_true_disp": [-4.139999866485596, -4.440000057220459, -5.940000057220459, -6.460000038146973, -3.2799999713897705, -6.070000171661377, -6.739999771118164, -6.480000019073486, -8.510000228881836, -9.739999771118164, -2.700000047683716, -6.849999904632568, -4.5, -6.460000038146973, -1.7599999904632568, -4.329999923706055, -4.710000038146973, -10.5, -3.390000104904175, -7.849999904632568, -4.590000152587891, -6.400000095367432, -7.489999771118164, -7.329999923706055, -4.059999942779541, -3.859999895095825, -4.71999979019165, -6.079999923706055, -6.730000019073486, -8.210000038146973, -9.119999885559082, -5.679999828338623, -9.90999984741211, -7.53000020980835, -3.950000047683716, -4.429999828338623, -6.75, -5.619999885559082, -7.449999809265137, -3.4800000190734863], "y_pred_strain": [76.86949157714844, 35.00129318237305, 85.24008178710938, 56.9095344543457, 69.01107025146484, 90.10226440429688, 70.60716247558594, 36.60943603515625, 42.76767349243164, 126.18124389648438, 42.01136016845703, 61.776729583740234, 81.72013092041016, 80.8676528930664, 72.1186294555664, 56.537593841552734, 46.59882354736328, 17.473102569580078, 58.046348571777344, 15.53246784210205, 22.694561004638672, 68.41736602783203, 79.04595947265625, 75.58605194091797, 88.74761962890625, 18.838043212890625, 35.84267807006836, 40.48505401611328, 82.37213134765625, 24.832509994506836, 56.544193267822266, 42.163970947265625, 81.39331817626953, 57.41841506958008, 26.741464614868164, 63.026649475097656, 45.614601135253906, 127.16255950927734, 106.26019287109375, 51.208805084228516], "y_pred_Pauli": [156.49075317382812, 17.661418914794922, 125.04367065429688, 371.8319396972656, 358.4427490234375, 377.4512939453125, 449.6803283691406, 225.92745971679688, 409.2788391113281, 408.0754699707031, 24.767847061157227, 207.86749267578125, 404.0783386230469, 290.1373291015625, 111.15046691894531, 317.6888732910156, 147.1231231689453, 24.815959930419922, 279.60406494140625, 27.223834991455078, 218.8014373779297, 329.9443359375, 332.46807861328125, 313.4223327636719, 252.71739196777344, 22.437650680541992, 150.92367553710938, 182.2645721435547, 339.5990905761719, 123.54936218261719, 314.61395263671875, 194.39010620117188, 381.27349853515625, 255.7846221923828, 18.48072052001953, 323.7717590332031, 240.6143035888672, 356.4169006347656, 452.71588134765625, 114.0875473022461], "y_pred_elst": [-72.76758575439453, -18.414005279541016, -53.892906188964844, -164.2895965576172, -141.47821044921875, -162.45925903320312, -194.17410278320312, -94.9993667602539, -188.90240478515625, -189.0528106689453, -22.40872573852539, -81.59556579589844, -160.89523315429688, -115.08557891845703, -52.16020202636719, -133.2429656982422, -65.17922973632812, -19.084074020385742, -125.99946594238281, -17.85467529296875, -84.30049133300781, -136.7039031982422, -131.46302795410156, -128.8538055419922, -101.8449935913086, -13.828841209411621, -67.73342895507812, -72.62711334228516, -148.13877868652344, -61.20851135253906, -127.49365997314453, -75.71862030029297, -148.3338165283203, -107.97123718261719, -7.9814066886901855, -127.39177703857422, -96.51962280273438, -172.98362731933594, -197.4166259765625, -56.60524368286133],