{
  "rxn_id": "nme2",
  "level": "ZORA-BLYP-D3(BJ)/TZ2P all-electron NOSYM Good (ADF)",
  "E_strain": 18.14563576891203,
  "E_Pauli": 168.4,
  "E_elstat": -78.67,
  "E_oi": -114.64,
  "E_disp": -9.19,
  "E_int": -34.099999999999994,
  "E_int_total_kcal": -34.1,
  "dE_frag_barrier_eda": -15.954364231087965,
  "E_A_TS_kcal": -1743.9461163548285,
  "E_B_TS_kcal": -958.9174508620616,
  "E_A_relax_kcal": -1752.1607931746976,
  "E_B_relax_kcal": -968.8484098111046,
  "dEprep_A_kcal": 8.214676819869055,
  "dEprep_B_kcal": 9.930958949042974
}