{"arm": "xgb28_delta_family", "family": "rgd1", "fold": 1, "member": 2, "n_train": 160, "n_test": 40, "reaction_ids": ["rgd1_MR_699_1", "rgd1_MR_164881_2", "rgd1_MR_100247_0", "rgd1_MR_154863_0", "rgd1_MR_658882_1", "rgd1_MR_274518_1", "rgd1_MR_364836_0", "rgd1_MR_112807_1", "rgd1_MR_220977_1", "rgd1_MR_321708_1", "rgd1_MR_319178_0", "rgd1_MR_350420_1", "rgd1_MR_332582_0", "rgd1_MR_15169_2", "rgd1_MR_385333_1", "rgd1_MR_50031_2", "rgd1_MR_672112_2", "rgd1_MR_341583_1", "rgd1_MR_100083_0", "rgd1_MR_323789_0", "rgd1_MR_16359_2", "rgd1_MR_100373_0", "rgd1_MR_539462_1", "rgd1_MR_317434_1", "rgd1_MR_283283_0", "rgd1_MR_36734_1", "rgd1_MR_223841_0", "rgd1_MR_271549_2", "rgd1_MR_217473_1", "rgd1_MR_152657_2", "rgd1_MR_586356_0", "rgd1_MR_121116_0", "rgd1_MR_393023_0", "rgd1_MR_420833_2", "rgd1_MR_100001_2", "rgd1_MR_93283_1", "rgd1_MR_331596_2", "rgd1_MR_260528_1", "rgd1_MR_395149_0", "rgd1_MR_315073_0"], "y_true_strain": [81.84388732910156, 44.702545166015625, 59.82162094116211, 62.85068893432617, 40.443119049072266, 92.1262435913086, 50.20167922973633, 59.72745132446289, 56.118324279785156, 89.51325225830078, 60.437076568603516, 40.91188430786133, 65.9224853515625, 50.082820892333984, 17.43613624572754, 70.5895004272461, 25.94510269165039, 33.63140869140625, 37.72708511352539, 54.92869186401367, 42.898563385009766, 30.82093048095703, 74.4487075805664, 58.872772216796875, 97.23573303222656, 58.03870391845703, 76.81008911132812, 36.497352600097656, 45.228023529052734, 84.05487823486328, 27.35968780517578, 47.93500518798828, 76.39718627929688, 21.710365295410156, 41.49821090698242, 43.59516143798828, 37.39316177368164, 70.30962371826172, 29.557361602783203, 44.164268493652344], "y_true_Pauli": [324.7300109863281, 89.97000122070312, 235.0399932861328, 7.239999771118164, 228.38999938964844, 465.17999267578125, 285.17999267578125, 18.3799991607666, 236.86000061035156, 541.97998046875, 163.97000122070312, 14.029999732971191, 77.0, 189.1199951171875, 131.75, 103.97000122070312, 145.22000122070312, 255.63999938964844, 235.5399932861328, 486.7900085449219, 73.94999694824219, 287.69000244140625, 6.5, 312.739990234375, 50.27000045776367, 505.4800109863281, 251.86000061035156, 135.75999450683594, 164.05999755859375, 232.4199981689453, 132.77999877929688, 206.47000122070312, 157.5399932861328, 185.67999267578125, 151.3699951171875, 100.06999969482422, 149.6300048828125, 628.02001953125, 363.45001220703125, 303.489990234375], "y_true_elst": [-130.0800018310547, -41.689998626708984, -87.9800033569336, -4.840000152587891, -97.9000015258789, -197.42999267578125, -111.44999694824219, -10.800000190734863, -87.63999938964844, -258.0199890136719, -77.51000213623047, -12.279999732971191, -46.47999954223633, -73.91999816894531, -61.529998779296875, -50.22999954223633, -58.029998779296875, -115.93000030517578, -103.25, -215.5500030517578, -37.029998779296875, -133.02999877929688, -2.7899999618530273, -113.0, -24.1200008392334, -220.1999969482422, -96.55000305175781, -62.86000061035156, -79.23999786376953, -92.94000244140625, -66.87000274658203, -80.5199966430664, -65.69000244140625, -100.76000213623047, -65.55000305175781, -47.310001373291016, -83.27999877929688, -256.8399963378906, -143.9199981689453, -129.6300048828125], "y_true_oi": [-207.00999450683594, -55.459999084472656, -138.4600067138672, -2.309999942779541, -137.08999633789062, -295.4100036621094, -143.08999633789062, -9.890000343322754, -155.13999938964844, -300.94000244140625, -88.43000030517578, -6.670000076293945, -48.45000076293945, -102.62999725341797, -94.11000061035156, -52.4900016784668, -107.58000183105469, -129.08999633789062, -133.32000732421875, -261.0799865722656, -35.220001220703125, -134.8300018310547, -1.5299999713897705, -220.14999389648438, -30.559999465942383, -273.1300048828125, -168.47000122070312, -91.11000061035156, -97.52999877929688, -140.27000427246094, -68.19000244140625, -95.83999633789062, -89.2300033569336, -95.0999984741211, -83.37000274658203, -59.650001525878906, -106.06999969482422, -375.4200134277344, -192.16000366210938, -161.82000732421875], "y_true_disp": [-6.289999961853027, -6.210000038146973, -7.789999961853027, -4.090000152587891, -3.7200000286102295, -4.159999847412109, -5.539999961853027, -2.640000104904175, -6.380000114440918, -10.039999961853027, -8.489999771118164, -2.9200000762939453, -6.420000076293945, -5.409999847412109, -4.25, -8.619999885559082, -3.430000066757202, -7.039999961853027, -4.53000020980835, -6.449999809265137, -9.979999542236328, -8.460000038146973, -5.849999904632568, -3.430000066757202, -1.75, -6.440000057220459, -5.599999904632568, -8.449999809265137, -8.010000228881836, -5.960000038146973, -8.479999542236328, -4.760000228881836, -5.860000133514404, -7.789999961853027, -8.25, -6.619999885559082, -3.109999895095825, -5.630000114440918, -3.8399999141693115, -4.570000171661377], "y_pred_strain": [87.07024383544922, 56.65326690673828, 63.64702224731445, 58.159027099609375, 41.62651443481445, 82.39736938476562, 51.37748718261719, 67.98664855957031, 57.33151626586914, 79.40792083740234, 55.483985900878906, 44.15420913696289, 75.55625915527344, 55.54305648803711, 24.333614349365234, 65.81399536132812, 28.170743942260742, 50.038055419921875, 40.79524612426758, 57.15983963012695, 41.460906982421875, 31.20100975036621, 68.6974105834961, 43.32407760620117, 112.457275390625, 72.3864517211914, 80.88954162597656, 48.856197357177734, 42.12645721435547, 83.74327850341797, 22.213050842285156, 56.45468521118164, 75.45845031738281, 22.005096435546875, 50.17393493652344, 45.250247955322266, 46.97034454345703, 71.19036865234375, 35.61238098144531, 44.28591537475586], "y_pred_Pauli": [349.82061767578125, 87.80055236816406, 199.16563415527344, 10.742181777954102, 202.2454071044922, 368.5113525390625, 271.2547607421875, 21.505647659301758, 309.4855651855469, 392.5285949707031, 147.5729217529297, 44.37488555908203, 99.27146911621094, 177.5164337158203, 155.8375701904297, 106.13805389404297, 140.65762329101562, 261.5143127441406, 222.7845001220703, 425.7873229980469, 74.10661315917969, 239.7367706298828, 11.272909164428711, 382.2975769042969, 53.830047607421875, 459.2702331542969, 317.65008544921875, 132.72024536132812, 126.37763214111328, 309.0556640625, 117.77436828613281, 218.47254943847656, 109.36434936523438, 173.2110137939453, 129.58213806152344, 128.0698699951172, 159.15565490722656, 485.6555480957031, 340.8274841308594, 248.57679748535156], "y_pred_elst": [-144.87413024902344, -44.40447998046875, -79.42628479003906, -4.637763977050781, -77.06346893310547, -152.1561737060547, -104.34443664550781, -13.612190246582031, -123.4790267944336, -178.36195373535156, -63.485008239746094, -34.927337646484375, -52.542457580566406, -66.94941711425781, -63.760498046875, -44.626407623291016, -61.56968688964844, -106.2991943359375, -84.8878173828125, -191.05999755859375, -38.403564453125, -103.89956665039062, -6.5401458740234375, -154.4463348388672, -25.270654678344727, -193.6456298828125, -123.57144927978516, -63.653621673583984, -59.845726013183594, -133.14215087890625, -55.2552375793457, -84.35816192626953, -46.184295654296875, -89.90090942382812, -48.29255294799805, -52.20208740234375, -83.75752258300781, -220.17697143554688, -143.0437774658203, -101.091796875],