{"arm": "xgb28_delta_family", "family": "rgd1", "fold": 1, "member": 4, "n_train": 160, "n_test": 40, "reaction_ids": ["rgd1_MR_699_1", "rgd1_MR_164881_2", "rgd1_MR_100247_0", "rgd1_MR_154863_0", "rgd1_MR_658882_1", "rgd1_MR_274518_1", "rgd1_MR_364836_0", "rgd1_MR_112807_1", "rgd1_MR_220977_1", "rgd1_MR_321708_1", "rgd1_MR_319178_0", "rgd1_MR_350420_1", "rgd1_MR_332582_0", "rgd1_MR_15169_2", "rgd1_MR_385333_1", "rgd1_MR_50031_2", "rgd1_MR_672112_2", "rgd1_MR_341583_1", "rgd1_MR_100083_0", "rgd1_MR_323789_0", "rgd1_MR_16359_2", "rgd1_MR_100373_0", "rgd1_MR_539462_1", "rgd1_MR_317434_1", "rgd1_MR_283283_0", "rgd1_MR_36734_1", "rgd1_MR_223841_0", "rgd1_MR_271549_2", "rgd1_MR_217473_1", "rgd1_MR_152657_2", "rgd1_MR_586356_0", "rgd1_MR_121116_0", "rgd1_MR_393023_0", "rgd1_MR_420833_2", "rgd1_MR_100001_2", "rgd1_MR_93283_1", "rgd1_MR_331596_2", "rgd1_MR_260528_1", "rgd1_MR_395149_0", "rgd1_MR_315073_0"], "y_true_strain": [81.84388732910156, 44.702545166015625, 59.82162094116211, 62.85068893432617, 40.443119049072266, 92.1262435913086, 50.20167922973633, 59.72745132446289, 56.118324279785156, 89.51325225830078, 60.437076568603516, 40.91188430786133, 65.9224853515625, 50.082820892333984, 17.43613624572754, 70.5895004272461, 25.94510269165039, 33.63140869140625, 37.72708511352539, 54.92869186401367, 42.898563385009766, 30.82093048095703, 74.4487075805664, 58.872772216796875, 97.23573303222656, 58.03870391845703, 76.81008911132812, 36.497352600097656, 45.228023529052734, 84.05487823486328, 27.35968780517578, 47.93500518798828, 76.39718627929688, 21.710365295410156, 41.49821090698242, 43.59516143798828, 37.39316177368164, 70.30962371826172, 29.557361602783203, 44.164268493652344], "y_true_Pauli": [324.7300109863281, 89.97000122070312, 235.0399932861328, 7.239999771118164, 228.38999938964844, 465.17999267578125, 285.17999267578125, 18.3799991607666, 236.86000061035156, 541.97998046875, 163.97000122070312, 14.029999732971191, 77.0, 189.1199951171875, 131.75, 103.97000122070312, 145.22000122070312, 255.63999938964844, 235.5399932861328, 486.7900085449219, 73.94999694824219, 287.69000244140625, 6.5, 312.739990234375, 50.27000045776367, 505.4800109863281, 251.86000061035156, 135.75999450683594, 164.05999755859375, 232.4199981689453, 132.77999877929688, 206.47000122070312, 157.5399932861328, 185.67999267578125, 151.3699951171875, 100.06999969482422, 149.6300048828125, 628.02001953125, 363.45001220703125, 303.489990234375], "y_true_elst": [-130.0800018310547, -41.689998626708984, -87.9800033569336, -4.840000152587891, -97.9000015258789, -197.42999267578125, -111.44999694824219, -10.800000190734863, -87.63999938964844, -258.0199890136719, -77.51000213623047, -12.279999732971191, -46.47999954223633, -73.91999816894531, -61.529998779296875, -50.22999954223633, -58.029998779296875, -115.93000030517578, -103.25, -215.5500030517578, -37.029998779296875, -133.02999877929688, -2.7899999618530273, -113.0, -24.1200008392334, -220.1999969482422, -96.55000305175781, -62.86000061035156, -79.23999786376953, -92.94000244140625, -66.87000274658203, -80.5199966430664, -65.69000244140625, -100.76000213623047, -65.55000305175781, -47.310001373291016, -83.27999877929688, -256.8399963378906, -143.9199981689453, -129.6300048828125], "y_true_oi": [-207.00999450683594, -55.459999084472656, -138.4600067138672, -2.309999942779541, -137.08999633789062, -295.4100036621094, -143.08999633789062, -9.890000343322754, -155.13999938964844, -300.94000244140625, -88.43000030517578, -6.670000076293945, -48.45000076293945, -102.62999725341797, -94.11000061035156, -52.4900016784668, -107.58000183105469, -129.08999633789062, -133.32000732421875, -261.0799865722656, -35.220001220703125, -134.8300018310547, -1.5299999713897705, -220.14999389648438, -30.559999465942383, -273.1300048828125, -168.47000122070312, -91.11000061035156, -97.52999877929688, -140.27000427246094, -68.19000244140625, -95.83999633789062, -89.2300033569336, -95.0999984741211, -83.37000274658203, -59.650001525878906, -106.06999969482422, -375.4200134277344, -192.16000366210938, -161.82000732421875], "y_true_disp": [-6.289999961853027, -6.210000038146973, -7.789999961853027, -4.090000152587891, -3.7200000286102295, -4.159999847412109, -5.539999961853027, -2.640000104904175, -6.380000114440918, -10.039999961853027, -8.489999771118164, -2.9200000762939453, -6.420000076293945, -5.409999847412109, -4.25, -8.619999885559082, -3.430000066757202, -7.039999961853027, -4.53000020980835, -6.449999809265137, -9.979999542236328, -8.460000038146973, -5.849999904632568, -3.430000066757202, -1.75, -6.440000057220459, -5.599999904632568, -8.449999809265137, -8.010000228881836, -5.960000038146973, -8.479999542236328, -4.760000228881836, -5.860000133514404, -7.789999961853027, -8.25, -6.619999885559082, -3.109999895095825, -5.630000114440918, -3.8399999141693115, -4.570000171661377], "y_pred_strain": [86.9919662475586, 55.95800018310547, 62.623958587646484, 57.863643646240234, 39.6885871887207, 82.2010269165039, 50.971900939941406, 68.04287719726562, 56.61359786987305, 80.02867889404297, 56.445308685302734, 44.7332649230957, 76.46078491210938, 54.57574462890625, 23.050077438354492, 66.75553131103516, 28.087980270385742, 49.332435607910156, 39.828922271728516, 58.06512451171875, 42.10926818847656, 30.76243782043457, 68.33465576171875, 42.35240173339844, 111.7197036743164, 73.41687774658203, 80.97779846191406, 49.88360595703125, 43.61941146850586, 83.62811279296875, 22.55784034729004, 55.705894470214844, 75.23988342285156, 22.804393768310547, 49.744266510009766, 45.70767593383789, 46.889320373535156, 71.20861053466797, 34.90634536743164, 44.222137451171875], "y_pred_Pauli": [349.5022888183594, 88.49803924560547, 200.48777770996094, 10.548437118530273, 204.82598876953125, 368.7257995605469, 271.5594787597656, 20.806995391845703, 310.3916931152344, 391.4401550292969, 145.77171325683594, 43.2685661315918, 97.70405578613281, 178.80535888671875, 157.58399963378906, 104.40925598144531, 140.63673400878906, 262.4367370605469, 223.59986877441406, 424.1166076660156, 72.75225067138672, 240.10958862304688, 11.162039756774902, 383.642578125, 54.45840072631836, 457.46575927734375, 317.3231201171875, 130.98095703125, 123.74398803710938, 309.1448059082031, 116.88194274902344, 219.513916015625, 109.53849029541016, 171.35464477539062, 130.02403259277344, 127.18804168701172, 159.17453002929688, 485.43927001953125, 341.599365234375, 248.38287353515625], "y_pred_elst": [-144.64097595214844, -45.087867736816406, -81.0076675415039, -4.524299621582031, -79.44279479980469, -152.49368286132812, -104.62248229980469, -13.047521591186523, -124.53192138671875, -178.22396850585938, -63.75252914428711, -34.10674285888672, -51.977699279785156, -68.16195678710938, -65.33293151855469, -44.86174011230469, -61.62327194213867, -107.20301055908203, -85.70465850830078, -191.29058837890625, -38.9235954284668, -105.04212951660156, -6.49843692779541, -155.7416534423828, -25.85927391052246, -193.0253448486328, -124.09010314941406, -63.332191467285156, -58.28050231933594, -133.37294006347656, -55.93309020996094, -85.3331069946289, -46.49639892578125, -90.85193634033203, -48.746063232421875, -51.77834701538086, -83.95793914794922, -220.3468780517578, -143.76161193847656, -100.93282318115234],