{"arm": "xgb28_delta_family", "family": "rgd1", "fold": 1, "member": 0, "n_train": 160, "n_test": 40, "reaction_ids": ["rgd1_MR_699_1", "rgd1_MR_164881_2", "rgd1_MR_100247_0", "rgd1_MR_154863_0", "rgd1_MR_658882_1", "rgd1_MR_274518_1", "rgd1_MR_364836_0", "rgd1_MR_112807_1", "rgd1_MR_220977_1", "rgd1_MR_321708_1", "rgd1_MR_319178_0", "rgd1_MR_350420_1", "rgd1_MR_332582_0", "rgd1_MR_15169_2", "rgd1_MR_385333_1", "rgd1_MR_50031_2", "rgd1_MR_672112_2", "rgd1_MR_341583_1", "rgd1_MR_100083_0", "rgd1_MR_323789_0", "rgd1_MR_16359_2", "rgd1_MR_100373_0", "rgd1_MR_539462_1", "rgd1_MR_317434_1", "rgd1_MR_283283_0", "rgd1_MR_36734_1", "rgd1_MR_223841_0", "rgd1_MR_271549_2", "rgd1_MR_217473_1", "rgd1_MR_152657_2", "rgd1_MR_586356_0", "rgd1_MR_121116_0", "rgd1_MR_393023_0", "rgd1_MR_420833_2", "rgd1_MR_100001_2", "rgd1_MR_93283_1", "rgd1_MR_331596_2", "rgd1_MR_260528_1", "rgd1_MR_395149_0", "rgd1_MR_315073_0"], "y_true_strain": [81.84388732910156, 44.702545166015625, 59.82162094116211, 62.85068893432617, 40.443119049072266, 92.1262435913086, 50.20167922973633, 59.72745132446289, 56.118324279785156, 89.51325225830078, 60.437076568603516, 40.91188430786133, 65.9224853515625, 50.082820892333984, 17.43613624572754, 70.5895004272461, 25.94510269165039, 33.63140869140625, 37.72708511352539, 54.92869186401367, 42.898563385009766, 30.82093048095703, 74.4487075805664, 58.872772216796875, 97.23573303222656, 58.03870391845703, 76.81008911132812, 36.497352600097656, 45.228023529052734, 84.05487823486328, 27.35968780517578, 47.93500518798828, 76.39718627929688, 21.710365295410156, 41.49821090698242, 43.59516143798828, 37.39316177368164, 70.30962371826172, 29.557361602783203, 44.164268493652344], "y_true_Pauli": [324.7300109863281, 89.97000122070312, 235.0399932861328, 7.239999771118164, 228.38999938964844, 465.17999267578125, 285.17999267578125, 18.3799991607666, 236.86000061035156, 541.97998046875, 163.97000122070312, 14.029999732971191, 77.0, 189.1199951171875, 131.75, 103.97000122070312, 145.22000122070312, 255.63999938964844, 235.5399932861328, 486.7900085449219, 73.94999694824219, 287.69000244140625, 6.5, 312.739990234375, 50.27000045776367, 505.4800109863281, 251.86000061035156, 135.75999450683594, 164.05999755859375, 232.4199981689453, 132.77999877929688, 206.47000122070312, 157.5399932861328, 185.67999267578125, 151.3699951171875, 100.06999969482422, 149.6300048828125, 628.02001953125, 363.45001220703125, 303.489990234375], "y_true_elst": [-130.0800018310547, -41.689998626708984, -87.9800033569336, -4.840000152587891, -97.9000015258789, -197.42999267578125, -111.44999694824219, -10.800000190734863, -87.63999938964844, -258.0199890136719, -77.51000213623047, -12.279999732971191, -46.47999954223633, -73.91999816894531, -61.529998779296875, -50.22999954223633, -58.029998779296875, -115.93000030517578, -103.25, -215.5500030517578, -37.029998779296875, -133.02999877929688, -2.7899999618530273, -113.0, -24.1200008392334, -220.1999969482422, -96.55000305175781, -62.86000061035156, -79.23999786376953, -92.94000244140625, -66.87000274658203, -80.5199966430664, -65.69000244140625, -100.76000213623047, -65.55000305175781, -47.310001373291016, -83.27999877929688, -256.8399963378906, -143.9199981689453, -129.6300048828125], "y_true_oi": [-207.00999450683594, -55.459999084472656, -138.4600067138672, -2.309999942779541, -137.08999633789062, -295.4100036621094, -143.08999633789062, -9.890000343322754, -155.13999938964844, -300.94000244140625, -88.43000030517578, -6.670000076293945, -48.45000076293945, -102.62999725341797, -94.11000061035156, -52.4900016784668, -107.58000183105469, -129.08999633789062, -133.32000732421875, -261.0799865722656, -35.220001220703125, -134.8300018310547, -1.5299999713897705, -220.14999389648438, -30.559999465942383, -273.1300048828125, -168.47000122070312, -91.11000061035156, -97.52999877929688, -140.27000427246094, -68.19000244140625, -95.83999633789062, -89.2300033569336, -95.0999984741211, -83.37000274658203, -59.650001525878906, -106.06999969482422, -375.4200134277344, -192.16000366210938, -161.82000732421875], "y_true_disp": [-6.289999961853027, -6.210000038146973, -7.789999961853027, -4.090000152587891, -3.7200000286102295, -4.159999847412109, -5.539999961853027, -2.640000104904175, -6.380000114440918, -10.039999961853027, -8.489999771118164, -2.9200000762939453, -6.420000076293945, -5.409999847412109, -4.25, -8.619999885559082, -3.430000066757202, -7.039999961853027, -4.53000020980835, -6.449999809265137, -9.979999542236328, -8.460000038146973, -5.849999904632568, -3.430000066757202, -1.75, -6.440000057220459, -5.599999904632568, -8.449999809265137, -8.010000228881836, -5.960000038146973, -8.479999542236328, -4.760000228881836, -5.860000133514404, -7.789999961853027, -8.25, -6.619999885559082, -3.109999895095825, -5.630000114440918, -3.8399999141693115, -4.570000171661377], "y_pred_strain": [90.62531280517578, 56.99966049194336, 63.77707290649414, 59.01245880126953, 40.55171585083008, 84.46723937988281, 52.12028503417969, 66.95722961425781, 60.34199523925781, 79.55558776855469, 57.119606018066406, 45.6335334777832, 76.77084350585938, 55.73757553100586, 23.638206481933594, 67.82330322265625, 28.379941940307617, 50.22355270385742, 41.864891052246094, 59.065059661865234, 42.783416748046875, 32.38893127441406, 71.52816009521484, 43.73358154296875, 111.84442138671875, 73.07412719726562, 81.51729583740234, 50.599185943603516, 43.895198822021484, 85.55194854736328, 23.147037506103516, 56.0350227355957, 76.11255645751953, 24.095510482788086, 50.11468505859375, 46.94302749633789, 47.447811126708984, 72.32996368408203, 34.84011459350586, 44.84307098388672], "y_pred_Pauli": [337.0917663574219, 84.1109619140625, 197.7662811279297, 5.17824649810791, 201.43017578125, 362.51409912109375, 267.0204772949219, 22.08556365966797, 299.505859375, 392.6107177734375, 145.11367797851562, 39.58659362792969, 96.52589416503906, 175.6781768798828, 155.6022491455078, 102.64625549316406, 139.2863006591797, 259.244873046875, 215.61798095703125, 422.1861267089844, 72.12847900390625, 236.63392639160156, -0.4830312728881836, 379.4428405761719, 52.60350799560547, 458.1440124511719, 316.7049865722656, 128.94009399414062, 121.82435607910156, 303.1217346191406, 116.44905090332031, 218.7836456298828, 106.67878723144531, 170.02081298828125, 128.39613342285156, 123.02560424804688, 157.176025390625, 482.3626708984375, 340.8663635253906, 245.47857666015625], "y_pred_elst": [-134.28729248046875, -41.48624038696289, -78.68081665039062, -0.1018524169921875, -76.62029266357422, -147.21487426757812, -100.88456726074219, -14.232101440429688, -115.3591079711914, -179.22903442382812, -63.086952209472656, -31.08582878112793, -51.002201080322266, -65.51103210449219, -63.66278839111328, -43.26182174682617, -60.51783752441406, -104.57730102539062, -79.07814025878906, -189.5907440185547, -38.28849411010742, -102.01839447021484, 3.194760322570801, -152.21652221679688, -24.376176834106445, -193.6132354736328, -123.49783325195312, -61.6202507019043, -56.724063873291016, -128.35418701171875, -55.463645935058594, -84.69761657714844, -44.12006378173828, -89.53398895263672, -47.41355895996094, -48.31511306762695, -82.31128692626953, -217.71678161621094, -143.19796752929688, -98.55364227294922],