{"arm": "xgb28_delta_family", "family": "rgd1", "fold": 1, "member": 3, "n_train": 160, "n_test": 40, "reaction_ids": ["rgd1_MR_699_1", "rgd1_MR_164881_2", "rgd1_MR_100247_0", "rgd1_MR_154863_0", "rgd1_MR_658882_1", "rgd1_MR_274518_1", "rgd1_MR_364836_0", "rgd1_MR_112807_1", "rgd1_MR_220977_1", "rgd1_MR_321708_1", "rgd1_MR_319178_0", "rgd1_MR_350420_1", "rgd1_MR_332582_0", "rgd1_MR_15169_2", "rgd1_MR_385333_1", "rgd1_MR_50031_2", "rgd1_MR_672112_2", "rgd1_MR_341583_1", "rgd1_MR_100083_0", "rgd1_MR_323789_0", "rgd1_MR_16359_2", "rgd1_MR_100373_0", "rgd1_MR_539462_1", "rgd1_MR_317434_1", "rgd1_MR_283283_0", "rgd1_MR_36734_1", "rgd1_MR_223841_0", "rgd1_MR_271549_2", "rgd1_MR_217473_1", "rgd1_MR_152657_2", "rgd1_MR_586356_0", "rgd1_MR_121116_0", "rgd1_MR_393023_0", "rgd1_MR_420833_2", "rgd1_MR_100001_2", "rgd1_MR_93283_1", "rgd1_MR_331596_2", "rgd1_MR_260528_1", "rgd1_MR_395149_0", "rgd1_MR_315073_0"], "y_true_strain": [81.84388732910156, 44.702545166015625, 59.82162094116211, 62.85068893432617, 40.443119049072266, 92.1262435913086, 50.20167922973633, 59.72745132446289, 56.118324279785156, 89.51325225830078, 60.437076568603516, 40.91188430786133, 65.9224853515625, 50.082820892333984, 17.43613624572754, 70.5895004272461, 25.94510269165039, 33.63140869140625, 37.72708511352539, 54.92869186401367, 42.898563385009766, 30.82093048095703, 74.4487075805664, 58.872772216796875, 97.23573303222656, 58.03870391845703, 76.81008911132812, 36.497352600097656, 45.228023529052734, 84.05487823486328, 27.35968780517578, 47.93500518798828, 76.39718627929688, 21.710365295410156, 41.49821090698242, 43.59516143798828, 37.39316177368164, 70.30962371826172, 29.557361602783203, 44.164268493652344], "y_true_Pauli": [324.7300109863281, 89.97000122070312, 235.0399932861328, 7.239999771118164, 228.38999938964844, 465.17999267578125, 285.17999267578125, 18.3799991607666, 236.86000061035156, 541.97998046875, 163.97000122070312, 14.029999732971191, 77.0, 189.1199951171875, 131.75, 103.97000122070312, 145.22000122070312, 255.63999938964844, 235.5399932861328, 486.7900085449219, 73.94999694824219, 287.69000244140625, 6.5, 312.739990234375, 50.27000045776367, 505.4800109863281, 251.86000061035156, 135.75999450683594, 164.05999755859375, 232.4199981689453, 132.77999877929688, 206.47000122070312, 157.5399932861328, 185.67999267578125, 151.3699951171875, 100.06999969482422, 149.6300048828125, 628.02001953125, 363.45001220703125, 303.489990234375], "y_true_elst": [-130.0800018310547, -41.689998626708984, -87.9800033569336, -4.840000152587891, -97.9000015258789, -197.42999267578125, -111.44999694824219, -10.800000190734863, -87.63999938964844, -258.0199890136719, -77.51000213623047, -12.279999732971191, -46.47999954223633, -73.91999816894531, -61.529998779296875, -50.22999954223633, -58.029998779296875, -115.93000030517578, -103.25, -215.5500030517578, -37.029998779296875, -133.02999877929688, -2.7899999618530273, -113.0, -24.1200008392334, -220.1999969482422, -96.55000305175781, -62.86000061035156, -79.23999786376953, -92.94000244140625, -66.87000274658203, -80.5199966430664, -65.69000244140625, -100.76000213623047, -65.55000305175781, -47.310001373291016, -83.27999877929688, -256.8399963378906, -143.9199981689453, -129.6300048828125], "y_true_oi": [-207.00999450683594, -55.459999084472656, -138.4600067138672, -2.309999942779541, -137.08999633789062, -295.4100036621094, -143.08999633789062, -9.890000343322754, -155.13999938964844, -300.94000244140625, -88.43000030517578, -6.670000076293945, -48.45000076293945, -102.62999725341797, -94.11000061035156, -52.4900016784668, -107.58000183105469, -129.08999633789062, -133.32000732421875, -261.0799865722656, -35.220001220703125, -134.8300018310547, -1.5299999713897705, -220.14999389648438, -30.559999465942383, -273.1300048828125, -168.47000122070312, -91.11000061035156, -97.52999877929688, -140.27000427246094, -68.19000244140625, -95.83999633789062, -89.2300033569336, -95.0999984741211, -83.37000274658203, -59.650001525878906, -106.06999969482422, -375.4200134277344, -192.16000366210938, -161.82000732421875], "y_true_disp": [-6.289999961853027, -6.210000038146973, -7.789999961853027, -4.090000152587891, -3.7200000286102295, -4.159999847412109, -5.539999961853027, -2.640000104904175, -6.380000114440918, -10.039999961853027, -8.489999771118164, -2.9200000762939453, -6.420000076293945, -5.409999847412109, -4.25, -8.619999885559082, -3.430000066757202, -7.039999961853027, -4.53000020980835, -6.449999809265137, -9.979999542236328, -8.460000038146973, -5.849999904632568, -3.430000066757202, -1.75, -6.440000057220459, -5.599999904632568, -8.449999809265137, -8.010000228881836, -5.960000038146973, -8.479999542236328, -4.760000228881836, -5.860000133514404, -7.789999961853027, -8.25, -6.619999885559082, -3.109999895095825, -5.630000114440918, -3.8399999141693115, -4.570000171661377], "y_pred_strain": [86.5946044921875, 54.83211135864258, 62.64764404296875, 57.07337951660156, 39.27093505859375, 82.32540893554688, 50.84084701538086, 67.1324691772461, 57.270179748535156, 78.83776092529297, 55.24032211303711, 44.07686233520508, 76.42649841308594, 54.84859848022461, 23.042049407958984, 66.61299896240234, 27.599506378173828, 49.89469909667969, 39.040008544921875, 58.082305908203125, 42.235355377197266, 31.538732528686523, 67.22383880615234, 42.55765151977539, 111.4777603149414, 72.88154602050781, 80.74431610107422, 49.1572151184082, 42.61318588256836, 83.74036407470703, 22.00240135192871, 55.36843490600586, 74.57904815673828, 21.732921600341797, 49.67633056640625, 45.18974685668945, 46.28989791870117, 71.69444274902344, 34.46299362182617, 43.60683822631836], "y_pred_Pauli": [349.8180847167969, 89.84716796875, 199.65931701660156, 11.686295509338379, 205.1558837890625, 368.3443298339844, 271.3848876953125, 22.138782501220703, 309.2310791015625, 391.7758483886719, 145.2759552001953, 44.23801803588867, 97.41058349609375, 178.0892333984375, 157.34234619140625, 103.64958953857422, 141.15916442871094, 261.1311340332031, 224.6016845703125, 423.3304748535156, 71.6861343383789, 238.33389282226562, 12.917719841003418, 383.0785217285156, 54.510074615478516, 457.7744445800781, 316.6930847167969, 130.87721252441406, 124.82646942138672, 308.80426025390625, 115.9936752319336, 219.5189971923828, 109.82630157470703, 170.1089630126953, 129.78785705566406, 127.56893157958984, 159.40806579589844, 484.4745788574219, 342.1409912109375, 249.19647216796875], "y_pred_elst": [-145.0399169921875, -46.20560836791992, -80.02600860595703, -5.678696155548096, -79.76490783691406, -152.0556640625, -104.56326293945312, -14.338397026062012, -123.51078796386719, -178.23440551757812, -62.79848861694336, -34.92242431640625, -51.693214416503906, -67.43321990966797, -65.13335418701172, -43.89112091064453, -62.02170944213867, -106.17213439941406, -86.73107147216797, -190.33346557617188, -37.66554260253906, -103.31724548339844, -8.130707740783691, -155.25296020507812, -26.100515365600586, -193.15528869628906, -123.25556945800781, -62.992305755615234, -59.17575454711914, -133.0347900390625, -54.690608978271484, -85.18487548828125, -46.56565475463867, -89.05866241455078, -48.542301177978516, -52.01367950439453, -84.03565216064453, -219.51744079589844, -144.26974487304688, -101.6637191772461],