{"arm": "xgb28_delta_family", "family": "rgd1", "fold": 1, "member": 1, "n_train": 160, "n_test": 40, "reaction_ids": ["rgd1_MR_699_1", "rgd1_MR_164881_2", "rgd1_MR_100247_0", "rgd1_MR_154863_0", "rgd1_MR_658882_1", "rgd1_MR_274518_1", "rgd1_MR_364836_0", "rgd1_MR_112807_1", "rgd1_MR_220977_1", "rgd1_MR_321708_1", "rgd1_MR_319178_0", "rgd1_MR_350420_1", "rgd1_MR_332582_0", "rgd1_MR_15169_2", "rgd1_MR_385333_1", "rgd1_MR_50031_2", "rgd1_MR_672112_2", "rgd1_MR_341583_1", "rgd1_MR_100083_0", "rgd1_MR_323789_0", "rgd1_MR_16359_2", "rgd1_MR_100373_0", "rgd1_MR_539462_1", "rgd1_MR_317434_1", "rgd1_MR_283283_0", "rgd1_MR_36734_1", "rgd1_MR_223841_0", "rgd1_MR_271549_2", "rgd1_MR_217473_1", "rgd1_MR_152657_2", "rgd1_MR_586356_0", "rgd1_MR_121116_0", "rgd1_MR_393023_0", "rgd1_MR_420833_2", "rgd1_MR_100001_2", "rgd1_MR_93283_1", "rgd1_MR_331596_2", "rgd1_MR_260528_1", "rgd1_MR_395149_0", "rgd1_MR_315073_0"], "y_true_strain": [81.84388732910156, 44.702545166015625, 59.82162094116211, 62.85068893432617, 40.443119049072266, 92.1262435913086, 50.20167922973633, 59.72745132446289, 56.118324279785156, 89.51325225830078, 60.437076568603516, 40.91188430786133, 65.9224853515625, 50.082820892333984, 17.43613624572754, 70.5895004272461, 25.94510269165039, 33.63140869140625, 37.72708511352539, 54.92869186401367, 42.898563385009766, 30.82093048095703, 74.4487075805664, 58.872772216796875, 97.23573303222656, 58.03870391845703, 76.81008911132812, 36.497352600097656, 45.228023529052734, 84.05487823486328, 27.35968780517578, 47.93500518798828, 76.39718627929688, 21.710365295410156, 41.49821090698242, 43.59516143798828, 37.39316177368164, 70.30962371826172, 29.557361602783203, 44.164268493652344], "y_true_Pauli": [324.7300109863281, 89.97000122070312, 235.0399932861328, 7.239999771118164, 228.38999938964844, 465.17999267578125, 285.17999267578125, 18.3799991607666, 236.86000061035156, 541.97998046875, 163.97000122070312, 14.029999732971191, 77.0, 189.1199951171875, 131.75, 103.97000122070312, 145.22000122070312, 255.63999938964844, 235.5399932861328, 486.7900085449219, 73.94999694824219, 287.69000244140625, 6.5, 312.739990234375, 50.27000045776367, 505.4800109863281, 251.86000061035156, 135.75999450683594, 164.05999755859375, 232.4199981689453, 132.77999877929688, 206.47000122070312, 157.5399932861328, 185.67999267578125, 151.3699951171875, 100.06999969482422, 149.6300048828125, 628.02001953125, 363.45001220703125, 303.489990234375], "y_true_elst": [-130.0800018310547, -41.689998626708984, -87.9800033569336, -4.840000152587891, -97.9000015258789, -197.42999267578125, -111.44999694824219, -10.800000190734863, -87.63999938964844, -258.0199890136719, -77.51000213623047, -12.279999732971191, -46.47999954223633, -73.91999816894531, -61.529998779296875, -50.22999954223633, -58.029998779296875, -115.93000030517578, -103.25, -215.5500030517578, -37.029998779296875, -133.02999877929688, -2.7899999618530273, -113.0, -24.1200008392334, -220.1999969482422, -96.55000305175781, -62.86000061035156, -79.23999786376953, -92.94000244140625, -66.87000274658203, -80.5199966430664, -65.69000244140625, -100.76000213623047, -65.55000305175781, -47.310001373291016, -83.27999877929688, -256.8399963378906, -143.9199981689453, -129.6300048828125], "y_true_oi": [-207.00999450683594, -55.459999084472656, -138.4600067138672, -2.309999942779541, -137.08999633789062, -295.4100036621094, -143.08999633789062, -9.890000343322754, -155.13999938964844, -300.94000244140625, -88.43000030517578, -6.670000076293945, -48.45000076293945, -102.62999725341797, -94.11000061035156, -52.4900016784668, -107.58000183105469, -129.08999633789062, -133.32000732421875, -261.0799865722656, -35.220001220703125, -134.8300018310547, -1.5299999713897705, -220.14999389648438, -30.559999465942383, -273.1300048828125, -168.47000122070312, -91.11000061035156, -97.52999877929688, -140.27000427246094, -68.19000244140625, -95.83999633789062, -89.2300033569336, -95.0999984741211, -83.37000274658203, -59.650001525878906, -106.06999969482422, -375.4200134277344, -192.16000366210938, -161.82000732421875], "y_true_disp": [-6.289999961853027, -6.210000038146973, -7.789999961853027, -4.090000152587891, -3.7200000286102295, -4.159999847412109, -5.539999961853027, -2.640000104904175, -6.380000114440918, -10.039999961853027, -8.489999771118164, -2.9200000762939453, -6.420000076293945, -5.409999847412109, -4.25, -8.619999885559082, -3.430000066757202, -7.039999961853027, -4.53000020980835, -6.449999809265137, -9.979999542236328, -8.460000038146973, -5.849999904632568, -3.430000066757202, -1.75, -6.440000057220459, -5.599999904632568, -8.449999809265137, -8.010000228881836, -5.960000038146973, -8.479999542236328, -4.760000228881836, -5.860000133514404, -7.789999961853027, -8.25, -6.619999885559082, -3.109999895095825, -5.630000114440918, -3.8399999141693115, -4.570000171661377], "y_pred_strain": [86.88324737548828, 54.574668884277344, 63.895240783691406, 56.725074768066406, 39.574684143066406, 82.17560577392578, 50.58920669555664, 66.83633422851562, 57.68474578857422, 79.32540893554688, 56.687564849853516, 43.74123764038086, 75.70608520507812, 55.0069694519043, 23.379446029663086, 66.91349029541016, 27.751039505004883, 49.779273986816406, 38.80575942993164, 58.992034912109375, 42.605342864990234, 31.404428482055664, 67.31718444824219, 42.99116516113281, 110.89246368408203, 72.87713623046875, 81.40480041503906, 49.786495208740234, 42.97964096069336, 84.16931915283203, 22.885652542114258, 56.36454391479492, 74.89830017089844, 23.801950454711914, 49.96343994140625, 45.754695892333984, 46.98421859741211, 71.91044616699219, 34.640193939208984, 43.461212158203125], "y_pred_Pauli": [350.618896484375, 90.70857238769531, 199.00405883789062, 13.129976272583008, 205.5756378173828, 368.6896057128906, 272.5985412597656, 23.426969528198242, 309.3238220214844, 392.2881164550781, 145.35081481933594, 44.83622360229492, 98.73324584960938, 178.36227416992188, 157.5372772216797, 104.06511688232422, 141.2840576171875, 262.1842346191406, 226.02525329589844, 422.96527099609375, 72.0183334350586, 239.2230682373047, 13.666051864624023, 383.10260009765625, 56.36027145385742, 458.2914733886719, 316.6784973144531, 131.085693359375, 125.1778335571289, 308.6391906738281, 116.33393096923828, 218.8396759033203, 110.05510711669922, 170.0336151123047, 130.14820861816406, 127.45162200927734, 159.21884155273438, 484.8683166503906, 342.4990234375, 249.8447723388672], "y_pred_elst": [-145.370361328125, -47.22850036621094, -79.51454162597656, -6.645820617675781, -79.9444580078125, -152.58447265625, -105.44017028808594, -15.231369018554688, -123.36238861083984, -179.2790069580078, -63.588321685791016, -35.62485885620117, -53.1263427734375, -67.736572265625, -65.13475799560547, -44.793304443359375, -62.20658874511719, -106.82584381103516, -87.67405700683594, -190.20870971679688, -38.435245513916016, -104.33016967773438, -8.513497352600098, -155.09149169921875, -27.409215927124023, -193.9058380126953, -123.60416412353516, -63.54694366455078, -59.47932434082031, -132.80096435546875, -55.70476531982422, -84.60704803466797, -47.07137680053711, -89.82836151123047, -48.71035385131836, -51.93279266357422, -83.94339752197266, -219.6619110107422, -144.42845153808594, -102.22103118896484],