{
  "rxn_id": "cl",
  "level": "ZORA-BLYP-D3(BJ)/TZ2P all-electron NOSYM Good (ADF)",
  "E_strain": 13.93932697642731,
  "E_Pauli": 150.89,
  "E_elstat": -69.38,
  "E_oi": -110.4,
  "E_disp": -8.29,
  "E_int": -37.180000000000014,
  "E_int_total_kcal": -37.17,
  "dE_frag_barrier_eda": -23.240673023572704,
  "E_A_TS_kcal": -716.5911206507029,
  "E_B_TS_kcal": -961.5217790478415,
  "E_A_relax_kcal": -723.2123992449264,
  "E_B_relax_kcal": -968.8398274300454,
  "dEprep_A_kcal": 6.6212785942234405,
  "dEprep_B_kcal": 7.3180483822038696
}