delta,channel,point,ci_low,ci_high
NMAE(xgb28_delta) - NMAE(xgb_28d),strain,9.50800060070256e-05,-0.00011332653815679383,0.00029602389980931676
NMAE(xgb28_delta) - NMAE(xgb_28d),Pauli,-0.00044037655243173157,-0.0011578413948778732,0.00017231284641461286
NMAE(xgb28_delta) - NMAE(xgb_28d),elst,-0.0015722523478493566,-0.0026503885973773733,-0.0005802459344977917
NMAE(xgb28_delta) - NMAE(xgb_28d),oi,-0.0004474395947332843,-0.0009629734809521728,1.1036578674156194e-05
NMAE(xgb28_delta) - NMAE(xgb_28d),disp,-0.00875903795072075,-0.012872827519910257,-0.004366794337615998
NMAE(xgb28_delta) - NMAE(xgb_28d),barrier,-9.629154813400875e-05,-0.0011543542042421473,0.0008406424494252218
