{
  "rxn_id": "ome",
  "level": "ZORA-BLYP-D3(BJ)/TZ2P all-electron NOSYM Good (ADF)",
  "E_strain": 15.555748518872406,
  "E_Pauli": 145.71,
  "E_elstat": -67.75,
  "E_oi": -104.82,
  "E_disp": -8.1,
  "E_int": -34.95999999999999,
  "E_int_total_kcal": -34.96,
  "dE_frag_barrier_eda": -19.40425148112758,
  "E_A_TS_kcal": -1258.2378850261314,
  "E_B_TS_kcal": -960.1863669759167,
  "E_A_relax_kcal": -1265.1291475731293,
  "E_B_relax_kcal": -968.8508529477912,
  "dEprep_A_kcal": 6.89126254699795,
  "dEprep_B_kcal": 8.664485971874456
}