target,a,b,n_a,n_b,ks_stat,p_value
G_act,ours_400,full_5269,400,5269,0.09514661226039096,0.0022107118531073224
G_act,locked_192,spec16_208,192,208,0.036057692307692304,0.998743476249318
G_r,ours_400,full_5269,400,5269,0.05404820649079522,0.21898389062712845
G_r,locked_192,spec16_208,192,208,0.08974358974358974,0.3699934631766827
