target,group,n,mean,sd,min,q05,q25,median,q75,q95,max
G_act,full_5269,5269,21.039692354370988,9.762576266048864,0.5075577346449912,7.515383081688867,13.960076062966746,19.80748057953701,26.84217719606324,38.276458633657384,75.79808751556827
G_act,ours_400,400,19.811722119462146,9.250233474949344,1.0207031900153565,7.616252132250272,12.90472927310818,17.573400932783393,25.664187140783618,36.9329579940187,48.09356206062128
G_act,locked_192,192,19.886574481263825,9.492010332372333,1.0207031900153565,7.317478948462782,12.879207340766687,17.406898124742966,25.664187140783618,37.904141529308845,48.09356206062128
G_act,spec16_208,208,19.742627631645217,9.043727501525911,2.538911268025944,7.866655770336593,12.90472927310818,17.846900487847847,25.595738243047983,36.498263160707154,45.341368266895934
G_r,full_5269,5269,-26.829276446199255,21.65376555452913,-98.36847746593948,-63.33108434074334,-41.29515376726334,-27.33397550961573,-11.200863725619463,6.523996387804665,67.53281696419715
G_r,ours_400,400,-28.390335785449317,21.20260210219477,-82.70971055858202,-62.67048912626406,-43.59935075587008,-29.414674870518375,-13.354237587262407,6.026724249244108,32.40837200986802
G_r,locked_192,192,-29.05484787946645,22.8231537048268,-80.32342035757739,-65.69344050899392,-44.83620320388915,-30.303255679190805,-11.734056111191835,5.682538630535196,32.40837200986802
G_r,spec16_208,208,-27.776940006356575,19.62404353910624,-82.70971055858202,-58.81175954579359,-41.3002515220946,-28.9772436855245,-14.747727182709136,5.6259808181478554,23.975673509204093
