{
  "spec_version": "1.1",
  "target_total": 250,
  "family_targets": {
    "dipolar": 94,
    "e2": 78,
    "sn2": 78
  },
  "overfill_policy": "trim",
  "criteria_source": "ADF_800 v1.1",
  "quartile_bin_edges": {
    "dipolar": [
      0.5075577346449912,
      13.960076062966746,
      19.80748057953701,
      26.84217719606324,
      75.79808751556827
    ],
    "e2": [
      -20.673766273053197,
      -2.5408010477359095,
      0.6813463514728606,
      6.378917245817169,
      60.08722095520008
    ],
    "sn2": [
      -42.8952145188053,
      11.125024426533134,
      19.228076327262073,
      32.807425017104556,
      62.39648708198323
    ]
  },
  "morgan_params": {
    "radius": 2,
    "nbits": 2048,
    "tanimoto_min": 0.3
  },
  "random_seed": 42,
  "n_reused": 250,
  "n_new_to_finish": 0,
  "n_new_fresh": 0,
  "final_total": 250,
  "new_compute_epsilon": 10,
  "input_hashes": {
    "pool": "44f9b550491a8cad",
    "fingerprints": "2ecda9f56c9f9f85",
    "labels": "660577a7c986eb8c"
  },
  "generated_utc": "2026-06-04T03:10:06.137438+00:00"
}