{
  "rxn_id": "br",
  "level": "ZORA-BLYP-D3(BJ)/TZ2P all-electron NOSYM Good (ADF)",
  "E_strain": 13.805015971914486,
  "E_Pauli": 148.91,
  "E_elstat": -68.16,
  "E_oi": -109.03,
  "E_disp": -8.63,
  "E_int": -36.910000000000004,
  "E_int_total_kcal": -36.91,
  "dE_frag_barrier_eda": -23.104984028085518,
  "E_A_TS_kcal": -704.540604145084,
  "E_B_TS_kcal": -961.754801554284,
  "E_A_relax_kcal": -711.2565461201924,
  "E_B_relax_kcal": -968.84387555109,
  "dEprep_A_kcal": 6.7159419751084215,
  "dEprep_B_kcal": 7.089073996806064
}