{
  "rxn_id": "ph",
  "level": "ZORA-BLYP-D3(BJ)/TZ2P all-electron NOSYM Good (ADF)",
  "E_strain": 15.309471192552564,
  "E_Pauli": 176.03,
  "E_elstat": -82.0,
  "E_oi": -123.44,
  "E_disp": -9.49,
  "E_int": -38.9,
  "E_int_total_kcal": -38.9,
  "dE_frag_barrier_eda": -23.590528807447434,
  "E_A_TS_kcal": -2265.7882962177355,
  "E_B_TS_kcal": -959.7259964238461,
  "E_A_relax_kcal": -2271.9789263134758,
  "E_B_relax_kcal": -968.8448375206584,
  "dEprep_A_kcal": 6.190630095740289,
  "dEprep_B_kcal": 9.118841096812275
}