row_type,target,series,abs_err,cum_frac,n_errors
ecdf,dipole_distortion_role,Espley,0,0,1665
ecdf,dipole_distortion_role,Espley,0.0525,0.0144144,1665
ecdf,dipole_distortion_role,Espley,0.105,0.0258258,1665
ecdf,dipole_distortion_role,Espley,0.1575,0.0372372,1665
ecdf,dipole_distortion_role,Espley,0.21,0.0510511,1665
ecdf,dipole_distortion_role,Espley,0.2625,0.0660661,1665
ecdf,dipole_distortion_role,Espley,0.315,0.0792793,1665
ecdf,dipole_distortion_role,Espley,0.3675,0.0960961,1665
ecdf,dipole_distortion_role,Espley,0.42,0.110511,1665
ecdf,dipole_distortion_role,Espley,0.4725,0.127327,1665
ecdf,dipole_distortion_role,Espley,0.525,0.144745,1665
ecdf,dipole_distortion_role,Espley,0.5775,0.156156,1665
ecdf,dipole_distortion_role,Espley,0.63,0.168769,1665
ecdf,dipole_distortion_role,Espley,0.6825,0.181982,1665
ecdf,dipole_distortion_role,Espley,0.735,0.203003,1665
ecdf,dipole_distortion_role,Espley,0.7875,0.217417,1665
ecdf,dipole_distortion_role,Espley,0.84,0.234234,1665
ecdf,dipole_distortion_role,Espley,0.8925,0.249249,1665
ecdf,dipole_distortion_role,Espley,0.945,0.264264,1665
ecdf,dipole_distortion_role,Espley,0.9975,0.276877,1665
ecdf,dipole_distortion_role,Espley,1.05,0.290691,1665
ecdf,dipole_distortion_role,Espley,1.1025,0.3003,1665
ecdf,dipole_distortion_role,Espley,1.155,0.312913,1665
ecdf,dipole_distortion_role,Espley,1.2075,0.326126,1665
ecdf,dipole_distortion_role,Espley,1.26,0.336937,1665
ecdf,dipole_distortion_role,Espley,1.3125,0.354354,1665
ecdf,dipole_distortion_role,Espley,1.365,0.366967,1665
ecdf,dipole_distortion_role,Espley,1.4175,0.381982,1665
ecdf,dipole_distortion_role,Espley,1.47,0.394595,1665
ecdf,dipole_distortion_role,Espley,1.5225,0.41021,1665
ecdf,dipole_distortion_role,Espley,1.575,0.416817,1665
ecdf,dipole_distortion_role,Espley,1.6275,0.432432,1665
ecdf,dipole_distortion_role,Espley,1.68,0.448649,1665
ecdf,dipole_distortion_role,Espley,1.7325,0.464264,1665
ecdf,dipole_distortion_role,Espley,1.785,0.478679,1665
ecdf,dipole_distortion_role,Espley,1.8375,0.487688,1665
ecdf,dipole_distortion_role,Espley,1.89,0.5003,1665
ecdf,dipole_distortion_role,Espley,1.9425,0.506306,1665
ecdf,dipole_distortion_role,Espley,1.995,0.517718,1665
ecdf,dipole_distortion_role,Espley,2.0475,0.527928,1665
ecdf,dipole_distortion_role,Espley,2.1,0.536937,1665
ecdf,dipole_distortion_role,Espley,2.1525,0.54955,1665
ecdf,dipole_distortion_role,Espley,2.205,0.557357,1665
ecdf,dipole_distortion_role,Espley,2.2575,0.567568,1665
ecdf,dipole_distortion_role,Espley,2.31,0.572973,1665
ecdf,dipole_distortion_role,Espley,2.3625,0.581381,1665
ecdf,dipole_distortion_role,Espley,2.415,0.591592,1665
ecdf,dipole_distortion_role,Espley,2.4675,0.604204,1665
ecdf,dipole_distortion_role,Espley,2.52,0.612613,1665
ecdf,dipole_distortion_role,Espley,2.5725,0.62042,1665
ecdf,dipole_distortion_role,Espley,2.625,0.631231,1665
ecdf,dipole_distortion_role,Espley,2.6775,0.641441,1665
ecdf,dipole_distortion_role,Espley,2.73,0.648649,1665
ecdf,dipole_distortion_role,Espley,2.7825,0.657057,1665
ecdf,dipole_distortion_role,Espley,2.835,0.661862,1665
ecdf,dipole_distortion_role,Espley,2.8875,0.667868,1665
ecdf,dipole_distortion_role,Espley,2.94,0.673273,1665
ecdf,dipole_distortion_role,Espley,2.9925,0.682282,1665
ecdf,dipole_distortion_role,Espley,3.045,0.685886,1665
ecdf,dipole_distortion_role,Espley,3.0975,0.695495,1665
ecdf,dipole_distortion_role,Espley,3.15,0.701502,1665
ecdf,dipole_distortion_role,Espley,3.2025,0.708108,1665
ecdf,dipole_distortion_role,Espley,3.255,0.714715,1665
ecdf,dipole_distortion_role,Espley,3.3075,0.722523,1665
ecdf,dipole_distortion_role,Espley,3.36,0.727928,1665
ecdf,dipole_distortion_role,Espley,3.4125,0.736937,1665
ecdf,dipole_distortion_role,Espley,3.465,0.741742,1665
ecdf,dipole_distortion_role,Espley,3.5175,0.746547,1665
ecdf,dipole_distortion_role,Espley,3.57,0.750751,1665
ecdf,dipole_distortion_role,Espley,3.6225,0.754955,1665
ecdf,dipole_distortion_role,Espley,3.675,0.762162,1665
ecdf,dipole_distortion_role,Espley,3.7275,0.766366,1665
ecdf,dipole_distortion_role,Espley,3.78,0.771772,1665
ecdf,dipole_distortion_role,Espley,3.8325,0.776577,1665
ecdf,dipole_distortion_role,Espley,3.885,0.781381,1665
ecdf,dipole_distortion_role,Espley,3.9375,0.787387,1665
ecdf,dipole_distortion_role,Espley,3.99,0.791592,1665
ecdf,dipole_distortion_role,Espley,4.0425,0.797598,1665
ecdf,dipole_distortion_role,Espley,4.095,0.803604,1665
ecdf,dipole_distortion_role,Espley,4.1475,0.808408,1665
ecdf,dipole_distortion_role,Espley,4.2,0.814414,1665
ecdf,dipole_distortion_role,Espley,4.2525,0.819219,1665
ecdf,dipole_distortion_role,Espley,4.305,0.824024,1665
ecdf,dipole_distortion_role,Espley,4.3575,0.828228,1665
ecdf,dipole_distortion_role,Espley,4.41,0.833033,1665
ecdf,dipole_distortion_role,Espley,4.4625,0.836036,1665
ecdf,dipole_distortion_role,Espley,4.515,0.838438,1665
ecdf,dipole_distortion_role,Espley,4.5675,0.840841,1665
ecdf,dipole_distortion_role,Espley,4.62,0.845646,1665
ecdf,dipole_distortion_role,Espley,4.6725,0.851652,1665
ecdf,dipole_distortion_role,Espley,4.725,0.855255,1665
ecdf,dipole_distortion_role,Espley,4.7775,0.858859,1665
ecdf,dipole_distortion_role,Espley,4.83,0.86006,1665
ecdf,dipole_distortion_role,Espley,4.8825,0.863063,1665
ecdf,dipole_distortion_role,Espley,4.935,0.865465,1665
ecdf,dipole_distortion_role,Espley,4.9875,0.871471,1665
ecdf,dipole_distortion_role,Espley,5.04,0.873273,1665
ecdf,dipole_distortion_role,Espley,5.0925,0.876877,1665
ecdf,dipole_distortion_role,Espley,5.145,0.879279,1665
ecdf,dipole_distortion_role,Espley,5.1975,0.881081,1665
ecdf,dipole_distortion_role,Espley,5.25,0.883483,1665
ecdf,dipole_distortion_role,Espley,5.3025,0.889489,1665
ecdf,dipole_distortion_role,Espley,5.355,0.893694,1665
ecdf,dipole_distortion_role,Espley,5.4075,0.894294,1665
ecdf,dipole_distortion_role,Espley,5.46,0.897297,1665
ecdf,dipole_distortion_role,Espley,5.5125,0.9003,1665
ecdf,dipole_distortion_role,Espley,5.565,0.901502,1665
ecdf,dipole_distortion_role,Espley,5.6175,0.903303,1665
ecdf,dipole_distortion_role,Espley,5.67,0.908108,1665
ecdf,dipole_distortion_role,Espley,5.7225,0.909309,1665
ecdf,dipole_distortion_role,Espley,5.775,0.911111,1665
ecdf,dipole_distortion_role,Espley,5.8275,0.913514,1665
ecdf,dipole_distortion_role,Espley,5.88,0.917117,1665
ecdf,dipole_distortion_role,Espley,5.9325,0.918919,1665
ecdf,dipole_distortion_role,Espley,5.985,0.921922,1665
ecdf,dipole_distortion_role,Espley,6.0375,0.923724,1665
ecdf,dipole_distortion_role,Espley,6.09,0.926727,1665
ecdf,dipole_distortion_role,Espley,6.1425,0.926727,1665
ecdf,dipole_distortion_role,Espley,6.195,0.927327,1665
ecdf,dipole_distortion_role,Espley,6.2475,0.927928,1665
ecdf,dipole_distortion_role,Espley,6.3,0.930931,1665
ecdf,dipole_distortion_role,Espley,6.3525,0.930931,1665
ecdf,dipole_distortion_role,Espley,6.405,0.932733,1665
ecdf,dipole_distortion_role,Espley,6.4575,0.935135,1665
ecdf,dipole_distortion_role,Espley,6.51,0.935135,1665
ecdf,dipole_distortion_role,Espley,6.5625,0.939339,1665
ecdf,dipole_distortion_role,Espley,6.615,0.93994,1665
ecdf,dipole_distortion_role,Espley,6.6675,0.940541,1665
ecdf,dipole_distortion_role,Espley,6.72,0.941742,1665
ecdf,dipole_distortion_role,Espley,6.7725,0.943544,1665
ecdf,dipole_distortion_role,Espley,6.825,0.944745,1665
ecdf,dipole_distortion_role,Espley,6.8775,0.946547,1665
ecdf,dipole_distortion_role,Espley,6.93,0.948949,1665
ecdf,dipole_distortion_role,Espley,6.9825,0.94955,1665
ecdf,dipole_distortion_role,Espley,7.035,0.950751,1665
ecdf,dipole_distortion_role,Espley,7.0875,0.951351,1665
ecdf,dipole_distortion_role,Espley,7.14,0.951952,1665
ecdf,dipole_distortion_role,Espley,7.1925,0.952553,1665
ecdf,dipole_distortion_role,Espley,7.245,0.954354,1665
ecdf,dipole_distortion_role,Espley,7.2975,0.955556,1665
ecdf,dipole_distortion_role,Espley,7.35,0.956757,1665
ecdf,dipole_distortion_role,Espley,7.4025,0.957357,1665
ecdf,dipole_distortion_role,Espley,7.455,0.957958,1665
ecdf,dipole_distortion_role,Espley,7.5075,0.957958,1665
ecdf,dipole_distortion_role,Espley,7.56,0.957958,1665
ecdf,dipole_distortion_role,Espley,7.6125,0.959159,1665
ecdf,dipole_distortion_role,Espley,7.665,0.95976,1665
ecdf,dipole_distortion_role,Espley,7.7175,0.960961,1665
ecdf,dipole_distortion_role,Espley,7.77,0.962162,1665
ecdf,dipole_distortion_role,Espley,7.8225,0.963363,1665
ecdf,dipole_distortion_role,Espley,7.875,0.964565,1665
ecdf,dipole_distortion_role,Espley,7.9275,0.965165,1665
ecdf,dipole_distortion_role,Espley,7.98,0.966366,1665
ecdf,dipole_distortion_role,Espley,8.0325,0.967568,1665
ecdf,dipole_distortion_role,Espley,8.085,0.968168,1665
ecdf,dipole_distortion_role,Espley,8.1375,0.969369,1665
ecdf,dipole_distortion_role,Espley,8.19,0.970571,1665
ecdf,dipole_distortion_role,Espley,8.2425,0.972973,1665
ecdf,dipole_distortion_role,Espley,8.295,0.973574,1665
ecdf,dipole_distortion_role,Espley,8.3475,0.974174,1665
ecdf,dipole_distortion_role,Espley,8.4,0.974775,1665
ecdf,dipole_distortion_role,Espley,8.4525,0.975375,1665
ecdf,dipole_distortion_role,Espley,8.505,0.975976,1665
ecdf,dipole_distortion_role,Espley,8.5575,0.976577,1665
ecdf,dipole_distortion_role,Espley,8.61,0.976577,1665
ecdf,dipole_distortion_role,Espley,8.6625,0.977177,1665
ecdf,dipole_distortion_role,Espley,8.715,0.977778,1665
ecdf,dipole_distortion_role,Espley,8.7675,0.977778,1665
ecdf,dipole_distortion_role,Espley,8.82,0.977778,1665
ecdf,dipole_distortion_role,Espley,8.8725,0.977778,1665
ecdf,dipole_distortion_role,Espley,8.925,0.977778,1665
ecdf,dipole_distortion_role,Espley,8.9775,0.978979,1665
ecdf,dipole_distortion_role,Espley,9.03,0.978979,1665
ecdf,dipole_distortion_role,Espley,9.0825,0.978979,1665
ecdf,dipole_distortion_role,Espley,9.135,0.98018,1665
ecdf,dipole_distortion_role,Espley,9.1875,0.98018,1665
ecdf,dipole_distortion_role,Espley,9.24,0.980781,1665
ecdf,dipole_distortion_role,Espley,9.2925,0.980781,1665
ecdf,dipole_distortion_role,Espley,9.345,0.981381,1665
ecdf,dipole_distortion_role,Espley,9.3975,0.981982,1665
ecdf,dipole_distortion_role,Espley,9.45,0.982583,1665
ecdf,dipole_distortion_role,Espley,9.5025,0.983183,1665
ecdf,dipole_distortion_role,Espley,9.555,0.983183,1665
ecdf,dipole_distortion_role,Espley,9.6075,0.983183,1665
ecdf,dipole_distortion_role,Espley,9.66,0.983784,1665
ecdf,dipole_distortion_role,Espley,9.7125,0.983784,1665
ecdf,dipole_distortion_role,Espley,9.765,0.985586,1665
ecdf,dipole_distortion_role,Espley,9.8175,0.986186,1665
ecdf,dipole_distortion_role,Espley,9.87,0.986787,1665
ecdf,dipole_distortion_role,Espley,9.9225,0.986787,1665
ecdf,dipole_distortion_role,Espley,9.975,0.986787,1665
ecdf,dipole_distortion_role,Espley,10.0275,0.986787,1665
ecdf,dipole_distortion_role,Espley,10.08,0.987387,1665
ecdf,dipole_distortion_role,Espley,10.1325,0.987988,1665
ecdf,dipole_distortion_role,Espley,10.185,0.989189,1665
ecdf,dipole_distortion_role,Espley,10.2375,0.98979,1665
ecdf,dipole_distortion_role,Espley,10.29,0.99039,1665
ecdf,dipole_distortion_role,Espley,10.3425,0.99039,1665
ecdf,dipole_distortion_role,Espley,10.395,0.990991,1665
ecdf,dipole_distortion_role,Espley,10.4475,0.990991,1665
ecdf,dipole_distortion_role,Espley,10.5,0.992192,1665
within_1,dipole_distortion_role,Espley,1,0.276877,1665
within_2,dipole_distortion_role,Espley,2,0.518318,1665
ecdf,dipole_distortion_role,ESPLEY46,0,0,1665
ecdf,dipole_distortion_role,ESPLEY46,0.0525,0.0222222,1665
ecdf,dipole_distortion_role,ESPLEY46,0.105,0.0456456,1665
ecdf,dipole_distortion_role,ESPLEY46,0.1575,0.0684685,1665
ecdf,dipole_distortion_role,ESPLEY46,0.21,0.0912913,1665
ecdf,dipole_distortion_role,ESPLEY46,0.2625,0.115315,1665
ecdf,dipole_distortion_role,ESPLEY46,0.315,0.135135,1665
ecdf,dipole_distortion_role,ESPLEY46,0.3675,0.156156,1665
ecdf,dipole_distortion_role,ESPLEY46,0.42,0.181982,1665
ecdf,dipole_distortion_role,ESPLEY46,0.4725,0.2,1665
ecdf,dipole_distortion_role,ESPLEY46,0.525,0.226426,1665
ecdf,dipole_distortion_role,ESPLEY46,0.5775,0.251051,1665
ecdf,dipole_distortion_role,ESPLEY46,0.63,0.271471,1665
ecdf,dipole_distortion_role,ESPLEY46,0.6825,0.287087,1665
ecdf,dipole_distortion_role,ESPLEY46,0.735,0.306306,1665
ecdf,dipole_distortion_role,ESPLEY46,0.7875,0.326126,1665
ecdf,dipole_distortion_role,ESPLEY46,0.84,0.346547,1665
ecdf,dipole_distortion_role,ESPLEY46,0.8925,0.364565,1665
ecdf,dipole_distortion_role,ESPLEY46,0.945,0.381381,1665
ecdf,dipole_distortion_role,ESPLEY46,0.9975,0.399399,1665
ecdf,dipole_distortion_role,ESPLEY46,1.05,0.413213,1665
ecdf,dipole_distortion_role,ESPLEY46,1.1025,0.432432,1665
ecdf,dipole_distortion_role,ESPLEY46,1.155,0.451652,1665
ecdf,dipole_distortion_role,ESPLEY46,1.2075,0.471471,1665
ecdf,dipole_distortion_role,ESPLEY46,1.26,0.487087,1665
ecdf,dipole_distortion_role,ESPLEY46,1.3125,0.504505,1665
ecdf,dipole_distortion_role,ESPLEY46,1.365,0.51952,1665
ecdf,dipole_distortion_role,ESPLEY46,1.4175,0.533333,1665
ecdf,dipole_distortion_role,ESPLEY46,1.47,0.547748,1665
ecdf,dipole_distortion_role,ESPLEY46,1.5225,0.561562,1665
ecdf,dipole_distortion_role,ESPLEY46,1.575,0.575375,1665
ecdf,dipole_distortion_role,ESPLEY46,1.6275,0.592793,1665
ecdf,dipole_distortion_role,ESPLEY46,1.68,0.608408,1665
ecdf,dipole_distortion_role,ESPLEY46,1.7325,0.621021,1665
ecdf,dipole_distortion_role,ESPLEY46,1.785,0.637237,1665
ecdf,dipole_distortion_role,ESPLEY46,1.8375,0.649249,1665
ecdf,dipole_distortion_role,ESPLEY46,1.89,0.659459,1665
ecdf,dipole_distortion_role,ESPLEY46,1.9425,0.672673,1665
ecdf,dipole_distortion_role,ESPLEY46,1.995,0.686486,1665
ecdf,dipole_distortion_role,ESPLEY46,2.0475,0.697297,1665
ecdf,dipole_distortion_role,ESPLEY46,2.1,0.706306,1665
ecdf,dipole_distortion_role,ESPLEY46,2.1525,0.716517,1665
ecdf,dipole_distortion_role,ESPLEY46,2.205,0.727327,1665
ecdf,dipole_distortion_role,ESPLEY46,2.2575,0.736937,1665
ecdf,dipole_distortion_role,ESPLEY46,2.31,0.748949,1665
ecdf,dipole_distortion_role,ESPLEY46,2.3625,0.757958,1665
ecdf,dipole_distortion_role,ESPLEY46,2.415,0.76997,1665
ecdf,dipole_distortion_role,ESPLEY46,2.4675,0.778378,1665
ecdf,dipole_distortion_role,ESPLEY46,2.52,0.784985,1665
ecdf,dipole_distortion_role,ESPLEY46,2.5725,0.79039,1665
ecdf,dipole_distortion_role,ESPLEY46,2.625,0.795796,1665
ecdf,dipole_distortion_role,ESPLEY46,2.6775,0.803604,1665
ecdf,dipole_distortion_role,ESPLEY46,2.73,0.812613,1665
ecdf,dipole_distortion_role,ESPLEY46,2.7825,0.826426,1665
ecdf,dipole_distortion_role,ESPLEY46,2.835,0.83003,1665
ecdf,dipole_distortion_role,ESPLEY46,2.8875,0.836637,1665
ecdf,dipole_distortion_role,ESPLEY46,2.94,0.840841,1665
ecdf,dipole_distortion_role,ESPLEY46,2.9925,0.847447,1665
ecdf,dipole_distortion_role,ESPLEY46,3.045,0.854054,1665
ecdf,dipole_distortion_role,ESPLEY46,3.0975,0.858859,1665
ecdf,dipole_distortion_role,ESPLEY46,3.15,0.863063,1665
ecdf,dipole_distortion_role,ESPLEY46,3.2025,0.867267,1665
ecdf,dipole_distortion_role,ESPLEY46,3.255,0.873273,1665
ecdf,dipole_distortion_role,ESPLEY46,3.3075,0.874474,1665
ecdf,dipole_distortion_role,ESPLEY46,3.36,0.87988,1665
ecdf,dipole_distortion_role,ESPLEY46,3.4125,0.882282,1665
ecdf,dipole_distortion_role,ESPLEY46,3.465,0.887688,1665
ecdf,dipole_distortion_role,ESPLEY46,3.5175,0.89009,1665
ecdf,dipole_distortion_role,ESPLEY46,3.57,0.892492,1665
ecdf,dipole_distortion_role,ESPLEY46,3.6225,0.896096,1665
ecdf,dipole_distortion_role,ESPLEY46,3.675,0.903303,1665
ecdf,dipole_distortion_role,ESPLEY46,3.7275,0.906907,1665
ecdf,dipole_distortion_role,ESPLEY46,3.78,0.910511,1665
ecdf,dipole_distortion_role,ESPLEY46,3.8325,0.912312,1665
ecdf,dipole_distortion_role,ESPLEY46,3.885,0.917117,1665
ecdf,dipole_distortion_role,ESPLEY46,3.9375,0.921922,1665
ecdf,dipole_distortion_role,ESPLEY46,3.99,0.923724,1665
ecdf,dipole_distortion_role,ESPLEY46,4.0425,0.928529,1665
ecdf,dipole_distortion_role,ESPLEY46,4.095,0.932132,1665
ecdf,dipole_distortion_role,ESPLEY46,4.1475,0.935736,1665
ecdf,dipole_distortion_role,ESPLEY46,4.2,0.936336,1665
ecdf,dipole_distortion_role,ESPLEY46,4.2525,0.938739,1665
ecdf,dipole_distortion_role,ESPLEY46,4.305,0.93994,1665
ecdf,dipole_distortion_role,ESPLEY46,4.3575,0.941141,1665
ecdf,dipole_distortion_role,ESPLEY46,4.41,0.942342,1665
ecdf,dipole_distortion_role,ESPLEY46,4.4625,0.942943,1665
ecdf,dipole_distortion_role,ESPLEY46,4.515,0.947147,1665
ecdf,dipole_distortion_role,ESPLEY46,4.5675,0.94955,1665
ecdf,dipole_distortion_role,ESPLEY46,4.62,0.951952,1665
ecdf,dipole_distortion_role,ESPLEY46,4.6725,0.952553,1665
ecdf,dipole_distortion_role,ESPLEY46,4.725,0.954955,1665
ecdf,dipole_distortion_role,ESPLEY46,4.7775,0.956757,1665
ecdf,dipole_distortion_role,ESPLEY46,4.83,0.95976,1665
ecdf,dipole_distortion_role,ESPLEY46,4.8825,0.962763,1665
ecdf,dipole_distortion_role,ESPLEY46,4.935,0.963363,1665
ecdf,dipole_distortion_role,ESPLEY46,4.9875,0.964565,1665
ecdf,dipole_distortion_role,ESPLEY46,5.04,0.964565,1665
ecdf,dipole_distortion_role,ESPLEY46,5.0925,0.965766,1665
ecdf,dipole_distortion_role,ESPLEY46,5.145,0.966967,1665
ecdf,dipole_distortion_role,ESPLEY46,5.1975,0.969369,1665
ecdf,dipole_distortion_role,ESPLEY46,5.25,0.970571,1665
ecdf,dipole_distortion_role,ESPLEY46,5.3025,0.971772,1665
ecdf,dipole_distortion_role,ESPLEY46,5.355,0.972372,1665
ecdf,dipole_distortion_role,ESPLEY46,5.4075,0.974174,1665
ecdf,dipole_distortion_role,ESPLEY46,5.46,0.974775,1665
ecdf,dipole_distortion_role,ESPLEY46,5.5125,0.976577,1665
ecdf,dipole_distortion_role,ESPLEY46,5.565,0.977778,1665
ecdf,dipole_distortion_role,ESPLEY46,5.6175,0.98018,1665
ecdf,dipole_distortion_role,ESPLEY46,5.67,0.98018,1665
ecdf,dipole_distortion_role,ESPLEY46,5.7225,0.98018,1665
ecdf,dipole_distortion_role,ESPLEY46,5.775,0.981381,1665
ecdf,dipole_distortion_role,ESPLEY46,5.8275,0.982583,1665
ecdf,dipole_distortion_role,ESPLEY46,5.88,0.984384,1665
ecdf,dipole_distortion_role,ESPLEY46,5.9325,0.985586,1665
ecdf,dipole_distortion_role,ESPLEY46,5.985,0.986186,1665
ecdf,dipole_distortion_role,ESPLEY46,6.0375,0.986787,1665
ecdf,dipole_distortion_role,ESPLEY46,6.09,0.986787,1665
ecdf,dipole_distortion_role,ESPLEY46,6.1425,0.986787,1665
ecdf,dipole_distortion_role,ESPLEY46,6.195,0.987387,1665
ecdf,dipole_distortion_role,ESPLEY46,6.2475,0.987988,1665
ecdf,dipole_distortion_role,ESPLEY46,6.3,0.989189,1665
ecdf,dipole_distortion_role,ESPLEY46,6.3525,0.98979,1665
ecdf,dipole_distortion_role,ESPLEY46,6.405,0.99039,1665
ecdf,dipole_distortion_role,ESPLEY46,6.4575,0.991592,1665
ecdf,dipole_distortion_role,ESPLEY46,6.51,0.992793,1665
ecdf,dipole_distortion_role,ESPLEY46,6.5625,0.992793,1665
ecdf,dipole_distortion_role,ESPLEY46,6.615,0.993393,1665
ecdf,dipole_distortion_role,ESPLEY46,6.6675,0.993393,1665
ecdf,dipole_distortion_role,ESPLEY46,6.72,0.993393,1665
ecdf,dipole_distortion_role,ESPLEY46,6.7725,0.993393,1665
ecdf,dipole_distortion_role,ESPLEY46,6.825,0.993393,1665
ecdf,dipole_distortion_role,ESPLEY46,6.8775,0.993393,1665
ecdf,dipole_distortion_role,ESPLEY46,6.93,0.993393,1665
ecdf,dipole_distortion_role,ESPLEY46,6.9825,0.993393,1665
ecdf,dipole_distortion_role,ESPLEY46,7.035,0.993994,1665
ecdf,dipole_distortion_role,ESPLEY46,7.0875,0.993994,1665
ecdf,dipole_distortion_role,ESPLEY46,7.14,0.994595,1665
ecdf,dipole_distortion_role,ESPLEY46,7.1925,0.994595,1665
ecdf,dipole_distortion_role,ESPLEY46,7.245,0.994595,1665
ecdf,dipole_distortion_role,ESPLEY46,7.2975,0.994595,1665
ecdf,dipole_distortion_role,ESPLEY46,7.35,0.995195,1665
ecdf,dipole_distortion_role,ESPLEY46,7.4025,0.995195,1665
ecdf,dipole_distortion_role,ESPLEY46,7.455,0.995195,1665
ecdf,dipole_distortion_role,ESPLEY46,7.5075,0.995796,1665
ecdf,dipole_distortion_role,ESPLEY46,7.56,0.995796,1665
ecdf,dipole_distortion_role,ESPLEY46,7.6125,0.995796,1665
ecdf,dipole_distortion_role,ESPLEY46,7.665,0.995796,1665
ecdf,dipole_distortion_role,ESPLEY46,7.7175,0.995796,1665
ecdf,dipole_distortion_role,ESPLEY46,7.77,0.995796,1665
ecdf,dipole_distortion_role,ESPLEY46,7.8225,0.995796,1665
ecdf,dipole_distortion_role,ESPLEY46,7.875,0.996396,1665
ecdf,dipole_distortion_role,ESPLEY46,7.9275,0.996997,1665
ecdf,dipole_distortion_role,ESPLEY46,7.98,0.996997,1665
ecdf,dipole_distortion_role,ESPLEY46,8.0325,0.997598,1665
ecdf,dipole_distortion_role,ESPLEY46,8.085,0.997598,1665
ecdf,dipole_distortion_role,ESPLEY46,8.1375,0.997598,1665
ecdf,dipole_distortion_role,ESPLEY46,8.19,0.997598,1665
ecdf,dipole_distortion_role,ESPLEY46,8.2425,0.997598,1665
ecdf,dipole_distortion_role,ESPLEY46,8.295,0.997598,1665
ecdf,dipole_distortion_role,ESPLEY46,8.3475,0.998198,1665
ecdf,dipole_distortion_role,ESPLEY46,8.4,0.998198,1665
ecdf,dipole_distortion_role,ESPLEY46,8.4525,0.998198,1665
ecdf,dipole_distortion_role,ESPLEY46,8.505,0.998799,1665
ecdf,dipole_distortion_role,ESPLEY46,8.5575,0.998799,1665
ecdf,dipole_distortion_role,ESPLEY46,8.61,0.998799,1665
ecdf,dipole_distortion_role,ESPLEY46,8.6625,0.998799,1665
ecdf,dipole_distortion_role,ESPLEY46,8.715,0.998799,1665
ecdf,dipole_distortion_role,ESPLEY46,8.7675,0.998799,1665
ecdf,dipole_distortion_role,ESPLEY46,8.82,0.998799,1665
ecdf,dipole_distortion_role,ESPLEY46,8.8725,0.998799,1665
ecdf,dipole_distortion_role,ESPLEY46,8.925,0.998799,1665
ecdf,dipole_distortion_role,ESPLEY46,8.9775,0.998799,1665
ecdf,dipole_distortion_role,ESPLEY46,9.03,0.998799,1665
ecdf,dipole_distortion_role,ESPLEY46,9.0825,0.998799,1665
ecdf,dipole_distortion_role,ESPLEY46,9.135,0.998799,1665
ecdf,dipole_distortion_role,ESPLEY46,9.1875,0.998799,1665
ecdf,dipole_distortion_role,ESPLEY46,9.24,0.998799,1665
ecdf,dipole_distortion_role,ESPLEY46,9.2925,0.998799,1665
ecdf,dipole_distortion_role,ESPLEY46,9.345,0.998799,1665
ecdf,dipole_distortion_role,ESPLEY46,9.3975,0.998799,1665
ecdf,dipole_distortion_role,ESPLEY46,9.45,0.998799,1665
ecdf,dipole_distortion_role,ESPLEY46,9.5025,0.998799,1665
ecdf,dipole_distortion_role,ESPLEY46,9.555,0.998799,1665
ecdf,dipole_distortion_role,ESPLEY46,9.6075,0.998799,1665
ecdf,dipole_distortion_role,ESPLEY46,9.66,0.998799,1665
ecdf,dipole_distortion_role,ESPLEY46,9.7125,0.998799,1665
ecdf,dipole_distortion_role,ESPLEY46,9.765,0.998799,1665
ecdf,dipole_distortion_role,ESPLEY46,9.8175,0.998799,1665
ecdf,dipole_distortion_role,ESPLEY46,9.87,0.998799,1665
ecdf,dipole_distortion_role,ESPLEY46,9.9225,0.998799,1665
ecdf,dipole_distortion_role,ESPLEY46,9.975,0.998799,1665
ecdf,dipole_distortion_role,ESPLEY46,10.0275,0.998799,1665
ecdf,dipole_distortion_role,ESPLEY46,10.08,0.998799,1665
ecdf,dipole_distortion_role,ESPLEY46,10.1325,0.998799,1665
ecdf,dipole_distortion_role,ESPLEY46,10.185,0.998799,1665
ecdf,dipole_distortion_role,ESPLEY46,10.2375,0.998799,1665
ecdf,dipole_distortion_role,ESPLEY46,10.29,0.998799,1665
ecdf,dipole_distortion_role,ESPLEY46,10.3425,0.998799,1665
ecdf,dipole_distortion_role,ESPLEY46,10.395,0.998799,1665
ecdf,dipole_distortion_role,ESPLEY46,10.4475,0.998799,1665
ecdf,dipole_distortion_role,ESPLEY46,10.5,0.998799,1665
within_1,dipole_distortion_role,ESPLEY46,1,0.401201,1665
within_2,dipole_distortion_role,ESPLEY46,2,0.686486,1665
ecdf,dipole_distortion_role,ESPLEY73,0,0,1665
ecdf,dipole_distortion_role,ESPLEY73,0.0525,0.0174174,1665
ecdf,dipole_distortion_role,ESPLEY73,0.105,0.0354354,1665
ecdf,dipole_distortion_role,ESPLEY73,0.1575,0.0576577,1665
ecdf,dipole_distortion_role,ESPLEY73,0.21,0.0822823,1665
ecdf,dipole_distortion_role,ESPLEY73,0.2625,0.104505,1665
ecdf,dipole_distortion_role,ESPLEY73,0.315,0.128529,1665
ecdf,dipole_distortion_role,ESPLEY73,0.3675,0.146547,1665
ecdf,dipole_distortion_role,ESPLEY73,0.42,0.166366,1665
ecdf,dipole_distortion_role,ESPLEY73,0.4725,0.187387,1665
ecdf,dipole_distortion_role,ESPLEY73,0.525,0.208408,1665
ecdf,dipole_distortion_role,ESPLEY73,0.5775,0.229429,1665
ecdf,dipole_distortion_role,ESPLEY73,0.63,0.257658,1665
ecdf,dipole_distortion_role,ESPLEY73,0.6825,0.277477,1665
ecdf,dipole_distortion_role,ESPLEY73,0.735,0.293694,1665
ecdf,dipole_distortion_role,ESPLEY73,0.7875,0.318318,1665
ecdf,dipole_distortion_role,ESPLEY73,0.84,0.339339,1665
ecdf,dipole_distortion_role,ESPLEY73,0.8925,0.356156,1665
ecdf,dipole_distortion_role,ESPLEY73,0.945,0.377778,1665
ecdf,dipole_distortion_role,ESPLEY73,0.9975,0.4,1665
ecdf,dipole_distortion_role,ESPLEY73,1.05,0.424024,1665
ecdf,dipole_distortion_role,ESPLEY73,1.1025,0.449249,1665
ecdf,dipole_distortion_role,ESPLEY73,1.155,0.469069,1665
ecdf,dipole_distortion_role,ESPLEY73,1.2075,0.49009,1665
ecdf,dipole_distortion_role,ESPLEY73,1.26,0.506907,1665
ecdf,dipole_distortion_role,ESPLEY73,1.3125,0.52012,1665
ecdf,dipole_distortion_role,ESPLEY73,1.365,0.538138,1665
ecdf,dipole_distortion_role,ESPLEY73,1.4175,0.557958,1665
ecdf,dipole_distortion_role,ESPLEY73,1.47,0.572973,1665
ecdf,dipole_distortion_role,ESPLEY73,1.5225,0.592793,1665
ecdf,dipole_distortion_role,ESPLEY73,1.575,0.606006,1665
ecdf,dipole_distortion_role,ESPLEY73,1.6275,0.622823,1665
ecdf,dipole_distortion_role,ESPLEY73,1.68,0.636637,1665
ecdf,dipole_distortion_role,ESPLEY73,1.7325,0.646246,1665
ecdf,dipole_distortion_role,ESPLEY73,1.785,0.657057,1665
ecdf,dipole_distortion_role,ESPLEY73,1.8375,0.671471,1665
ecdf,dipole_distortion_role,ESPLEY73,1.89,0.679279,1665
ecdf,dipole_distortion_role,ESPLEY73,1.9425,0.694895,1665
ecdf,dipole_distortion_role,ESPLEY73,1.995,0.706306,1665
ecdf,dipole_distortion_role,ESPLEY73,2.0475,0.714715,1665
ecdf,dipole_distortion_role,ESPLEY73,2.1,0.725526,1665
ecdf,dipole_distortion_role,ESPLEY73,2.1525,0.736336,1665
ecdf,dipole_distortion_role,ESPLEY73,2.205,0.745345,1665
ecdf,dipole_distortion_role,ESPLEY73,2.2575,0.753754,1665
ecdf,dipole_distortion_role,ESPLEY73,2.31,0.763363,1665
ecdf,dipole_distortion_role,ESPLEY73,2.3625,0.773574,1665
ecdf,dipole_distortion_role,ESPLEY73,2.415,0.783183,1665
ecdf,dipole_distortion_role,ESPLEY73,2.4675,0.79039,1665
ecdf,dipole_distortion_role,ESPLEY73,2.52,0.797598,1665
ecdf,dipole_distortion_role,ESPLEY73,2.5725,0.806006,1665
ecdf,dipole_distortion_role,ESPLEY73,2.625,0.812613,1665
ecdf,dipole_distortion_role,ESPLEY73,2.6775,0.822222,1665
ecdf,dipole_distortion_role,ESPLEY73,2.73,0.827628,1665
ecdf,dipole_distortion_role,ESPLEY73,2.7825,0.835435,1665
ecdf,dipole_distortion_role,ESPLEY73,2.835,0.843844,1665
ecdf,dipole_distortion_role,ESPLEY73,2.8875,0.849249,1665
ecdf,dipole_distortion_role,ESPLEY73,2.94,0.855255,1665
ecdf,dipole_distortion_role,ESPLEY73,2.9925,0.857658,1665
ecdf,dipole_distortion_role,ESPLEY73,3.045,0.863063,1665
ecdf,dipole_distortion_role,ESPLEY73,3.0975,0.867868,1665
ecdf,dipole_distortion_role,ESPLEY73,3.15,0.872673,1665
ecdf,dipole_distortion_role,ESPLEY73,3.2025,0.874474,1665
ecdf,dipole_distortion_role,ESPLEY73,3.255,0.877477,1665
ecdf,dipole_distortion_role,ESPLEY73,3.3075,0.882282,1665
ecdf,dipole_distortion_role,ESPLEY73,3.36,0.886486,1665
ecdf,dipole_distortion_role,ESPLEY73,3.4125,0.891291,1665
ecdf,dipole_distortion_role,ESPLEY73,3.465,0.897898,1665
ecdf,dipole_distortion_role,ESPLEY73,3.5175,0.902102,1665
ecdf,dipole_distortion_role,ESPLEY73,3.57,0.903303,1665
ecdf,dipole_distortion_role,ESPLEY73,3.6225,0.908108,1665
ecdf,dipole_distortion_role,ESPLEY73,3.675,0.908709,1665
ecdf,dipole_distortion_role,ESPLEY73,3.7275,0.912913,1665
ecdf,dipole_distortion_role,ESPLEY73,3.78,0.916517,1665
ecdf,dipole_distortion_role,ESPLEY73,3.8325,0.917718,1665
ecdf,dipole_distortion_role,ESPLEY73,3.885,0.921321,1665
ecdf,dipole_distortion_role,ESPLEY73,3.9375,0.923123,1665
ecdf,dipole_distortion_role,ESPLEY73,3.99,0.926126,1665
ecdf,dipole_distortion_role,ESPLEY73,4.0425,0.927327,1665
ecdf,dipole_distortion_role,ESPLEY73,4.095,0.931532,1665
ecdf,dipole_distortion_role,ESPLEY73,4.1475,0.936336,1665
ecdf,dipole_distortion_role,ESPLEY73,4.2,0.938739,1665
ecdf,dipole_distortion_role,ESPLEY73,4.2525,0.940541,1665
ecdf,dipole_distortion_role,ESPLEY73,4.305,0.942943,1665
ecdf,dipole_distortion_role,ESPLEY73,4.3575,0.948348,1665
ecdf,dipole_distortion_role,ESPLEY73,4.41,0.951952,1665
ecdf,dipole_distortion_role,ESPLEY73,4.4625,0.952553,1665
ecdf,dipole_distortion_role,ESPLEY73,4.515,0.953754,1665
ecdf,dipole_distortion_role,ESPLEY73,4.5675,0.955556,1665
ecdf,dipole_distortion_role,ESPLEY73,4.62,0.959159,1665
ecdf,dipole_distortion_role,ESPLEY73,4.6725,0.961562,1665
ecdf,dipole_distortion_role,ESPLEY73,4.725,0.962162,1665
ecdf,dipole_distortion_role,ESPLEY73,4.7775,0.963964,1665
ecdf,dipole_distortion_role,ESPLEY73,4.83,0.963964,1665
ecdf,dipole_distortion_role,ESPLEY73,4.8825,0.963964,1665
ecdf,dipole_distortion_role,ESPLEY73,4.935,0.966366,1665
ecdf,dipole_distortion_role,ESPLEY73,4.9875,0.966967,1665
ecdf,dipole_distortion_role,ESPLEY73,5.04,0.966967,1665
ecdf,dipole_distortion_role,ESPLEY73,5.0925,0.968769,1665
ecdf,dipole_distortion_role,ESPLEY73,5.145,0.969369,1665
ecdf,dipole_distortion_role,ESPLEY73,5.1975,0.96997,1665
ecdf,dipole_distortion_role,ESPLEY73,5.25,0.972372,1665
ecdf,dipole_distortion_role,ESPLEY73,5.3025,0.972372,1665
ecdf,dipole_distortion_role,ESPLEY73,5.355,0.974174,1665
ecdf,dipole_distortion_role,ESPLEY73,5.4075,0.975976,1665
ecdf,dipole_distortion_role,ESPLEY73,5.46,0.977778,1665
ecdf,dipole_distortion_role,ESPLEY73,5.5125,0.978979,1665
ecdf,dipole_distortion_role,ESPLEY73,5.565,0.981381,1665
ecdf,dipole_distortion_role,ESPLEY73,5.6175,0.983183,1665
ecdf,dipole_distortion_role,ESPLEY73,5.67,0.985586,1665
ecdf,dipole_distortion_role,ESPLEY73,5.7225,0.986186,1665
ecdf,dipole_distortion_role,ESPLEY73,5.775,0.986787,1665
ecdf,dipole_distortion_role,ESPLEY73,5.8275,0.987387,1665
ecdf,dipole_distortion_role,ESPLEY73,5.88,0.988589,1665
ecdf,dipole_distortion_role,ESPLEY73,5.9325,0.98979,1665
ecdf,dipole_distortion_role,ESPLEY73,5.985,0.99039,1665
ecdf,dipole_distortion_role,ESPLEY73,6.0375,0.990991,1665
ecdf,dipole_distortion_role,ESPLEY73,6.09,0.991592,1665
ecdf,dipole_distortion_role,ESPLEY73,6.1425,0.992793,1665
ecdf,dipole_distortion_role,ESPLEY73,6.195,0.992793,1665
ecdf,dipole_distortion_role,ESPLEY73,6.2475,0.993393,1665
ecdf,dipole_distortion_role,ESPLEY73,6.3,0.993393,1665
ecdf,dipole_distortion_role,ESPLEY73,6.3525,0.993393,1665
ecdf,dipole_distortion_role,ESPLEY73,6.405,0.994595,1665
ecdf,dipole_distortion_role,ESPLEY73,6.4575,0.994595,1665
ecdf,dipole_distortion_role,ESPLEY73,6.51,0.994595,1665
ecdf,dipole_distortion_role,ESPLEY73,6.5625,0.994595,1665
ecdf,dipole_distortion_role,ESPLEY73,6.615,0.994595,1665
ecdf,dipole_distortion_role,ESPLEY73,6.6675,0.994595,1665
ecdf,dipole_distortion_role,ESPLEY73,6.72,0.995195,1665
ecdf,dipole_distortion_role,ESPLEY73,6.7725,0.995195,1665
ecdf,dipole_distortion_role,ESPLEY73,6.825,0.995195,1665
ecdf,dipole_distortion_role,ESPLEY73,6.8775,0.995195,1665
ecdf,dipole_distortion_role,ESPLEY73,6.93,0.995796,1665
ecdf,dipole_distortion_role,ESPLEY73,6.9825,0.996396,1665
ecdf,dipole_distortion_role,ESPLEY73,7.035,0.996396,1665
ecdf,dipole_distortion_role,ESPLEY73,7.0875,0.996396,1665
ecdf,dipole_distortion_role,ESPLEY73,7.14,0.996396,1665
ecdf,dipole_distortion_role,ESPLEY73,7.1925,0.996396,1665
ecdf,dipole_distortion_role,ESPLEY73,7.245,0.996396,1665
ecdf,dipole_distortion_role,ESPLEY73,7.2975,0.996396,1665
ecdf,dipole_distortion_role,ESPLEY73,7.35,0.996396,1665
ecdf,dipole_distortion_role,ESPLEY73,7.4025,0.996396,1665
ecdf,dipole_distortion_role,ESPLEY73,7.455,0.996997,1665
ecdf,dipole_distortion_role,ESPLEY73,7.5075,0.996997,1665
ecdf,dipole_distortion_role,ESPLEY73,7.56,0.996997,1665
ecdf,dipole_distortion_role,ESPLEY73,7.6125,0.996997,1665
ecdf,dipole_distortion_role,ESPLEY73,7.665,0.997598,1665
ecdf,dipole_distortion_role,ESPLEY73,7.7175,0.997598,1665
ecdf,dipole_distortion_role,ESPLEY73,7.77,0.997598,1665
ecdf,dipole_distortion_role,ESPLEY73,7.8225,0.998198,1665
ecdf,dipole_distortion_role,ESPLEY73,7.875,0.998198,1665
ecdf,dipole_distortion_role,ESPLEY73,7.9275,0.998198,1665
ecdf,dipole_distortion_role,ESPLEY73,7.98,0.998198,1665
ecdf,dipole_distortion_role,ESPLEY73,8.0325,0.998198,1665
ecdf,dipole_distortion_role,ESPLEY73,8.085,0.998198,1665
ecdf,dipole_distortion_role,ESPLEY73,8.1375,0.998198,1665
ecdf,dipole_distortion_role,ESPLEY73,8.19,0.998198,1665
ecdf,dipole_distortion_role,ESPLEY73,8.2425,0.998198,1665
ecdf,dipole_distortion_role,ESPLEY73,8.295,0.998198,1665
ecdf,dipole_distortion_role,ESPLEY73,8.3475,0.998198,1665
ecdf,dipole_distortion_role,ESPLEY73,8.4,0.998198,1665
ecdf,dipole_distortion_role,ESPLEY73,8.4525,0.998198,1665
ecdf,dipole_distortion_role,ESPLEY73,8.505,0.998198,1665
ecdf,dipole_distortion_role,ESPLEY73,8.5575,0.998198,1665
ecdf,dipole_distortion_role,ESPLEY73,8.61,0.998198,1665
ecdf,dipole_distortion_role,ESPLEY73,8.6625,0.998198,1665
ecdf,dipole_distortion_role,ESPLEY73,8.715,0.998198,1665
ecdf,dipole_distortion_role,ESPLEY73,8.7675,0.998198,1665
ecdf,dipole_distortion_role,ESPLEY73,8.82,0.998198,1665
ecdf,dipole_distortion_role,ESPLEY73,8.8725,0.998198,1665
ecdf,dipole_distortion_role,ESPLEY73,8.925,0.998198,1665
ecdf,dipole_distortion_role,ESPLEY73,8.9775,0.998198,1665
ecdf,dipole_distortion_role,ESPLEY73,9.03,0.998198,1665
ecdf,dipole_distortion_role,ESPLEY73,9.0825,0.998198,1665
ecdf,dipole_distortion_role,ESPLEY73,9.135,0.998799,1665
ecdf,dipole_distortion_role,ESPLEY73,9.1875,0.998799,1665
ecdf,dipole_distortion_role,ESPLEY73,9.24,0.998799,1665
ecdf,dipole_distortion_role,ESPLEY73,9.2925,0.998799,1665
ecdf,dipole_distortion_role,ESPLEY73,9.345,0.998799,1665
ecdf,dipole_distortion_role,ESPLEY73,9.3975,0.998799,1665
ecdf,dipole_distortion_role,ESPLEY73,9.45,0.998799,1665
ecdf,dipole_distortion_role,ESPLEY73,9.5025,0.998799,1665
ecdf,dipole_distortion_role,ESPLEY73,9.555,0.998799,1665
ecdf,dipole_distortion_role,ESPLEY73,9.6075,0.998799,1665
ecdf,dipole_distortion_role,ESPLEY73,9.66,0.998799,1665
ecdf,dipole_distortion_role,ESPLEY73,9.7125,0.998799,1665
ecdf,dipole_distortion_role,ESPLEY73,9.765,0.998799,1665
ecdf,dipole_distortion_role,ESPLEY73,9.8175,0.998799,1665
ecdf,dipole_distortion_role,ESPLEY73,9.87,0.998799,1665
ecdf,dipole_distortion_role,ESPLEY73,9.9225,0.998799,1665
ecdf,dipole_distortion_role,ESPLEY73,9.975,0.998799,1665
ecdf,dipole_distortion_role,ESPLEY73,10.0275,0.998799,1665
ecdf,dipole_distortion_role,ESPLEY73,10.08,0.998799,1665
ecdf,dipole_distortion_role,ESPLEY73,10.1325,0.998799,1665
ecdf,dipole_distortion_role,ESPLEY73,10.185,0.998799,1665
ecdf,dipole_distortion_role,ESPLEY73,10.2375,0.998799,1665
ecdf,dipole_distortion_role,ESPLEY73,10.29,0.998799,1665
ecdf,dipole_distortion_role,ESPLEY73,10.3425,0.998799,1665
ecdf,dipole_distortion_role,ESPLEY73,10.395,0.998799,1665
ecdf,dipole_distortion_role,ESPLEY73,10.4475,0.998799,1665
ecdf,dipole_distortion_role,ESPLEY73,10.5,0.998799,1665
within_1,dipole_distortion_role,ESPLEY73,1,0.401802,1665
within_2,dipole_distortion_role,ESPLEY73,2,0.706306,1665
ecdf,dipole_distortion_role,EXT_SEL,0,0,1665
ecdf,dipole_distortion_role,EXT_SEL,0.0525,0.0348348,1665
ecdf,dipole_distortion_role,EXT_SEL,0.105,0.0498498,1665
ecdf,dipole_distortion_role,EXT_SEL,0.1575,0.0726727,1665
ecdf,dipole_distortion_role,EXT_SEL,0.21,0.0918919,1665
ecdf,dipole_distortion_role,EXT_SEL,0.2625,0.117117,1665
ecdf,dipole_distortion_role,EXT_SEL,0.315,0.145345,1665
ecdf,dipole_distortion_role,EXT_SEL,0.3675,0.165165,1665
ecdf,dipole_distortion_role,EXT_SEL,0.42,0.190991,1665
ecdf,dipole_distortion_role,EXT_SEL,0.4725,0.217417,1665
ecdf,dipole_distortion_role,EXT_SEL,0.525,0.236637,1665
ecdf,dipole_distortion_role,EXT_SEL,0.5775,0.257658,1665
ecdf,dipole_distortion_role,EXT_SEL,0.63,0.282883,1665
ecdf,dipole_distortion_role,EXT_SEL,0.6825,0.303303,1665
ecdf,dipole_distortion_role,EXT_SEL,0.735,0.324925,1665
ecdf,dipole_distortion_role,EXT_SEL,0.7875,0.348348,1665
ecdf,dipole_distortion_role,EXT_SEL,0.84,0.368769,1665
ecdf,dipole_distortion_role,EXT_SEL,0.8925,0.389189,1665
ecdf,dipole_distortion_role,EXT_SEL,0.945,0.411411,1665
ecdf,dipole_distortion_role,EXT_SEL,0.9975,0.431832,1665
ecdf,dipole_distortion_role,EXT_SEL,1.05,0.45045,1665
ecdf,dipole_distortion_role,EXT_SEL,1.1025,0.473273,1665
ecdf,dipole_distortion_role,EXT_SEL,1.155,0.495495,1665
ecdf,dipole_distortion_role,EXT_SEL,1.2075,0.512312,1665
ecdf,dipole_distortion_role,EXT_SEL,1.26,0.526727,1665
ecdf,dipole_distortion_role,EXT_SEL,1.3125,0.538739,1665
ecdf,dipole_distortion_role,EXT_SEL,1.365,0.55015,1665
ecdf,dipole_distortion_role,EXT_SEL,1.4175,0.562763,1665
ecdf,dipole_distortion_role,EXT_SEL,1.47,0.573574,1665
ecdf,dipole_distortion_role,EXT_SEL,1.5225,0.586787,1665
ecdf,dipole_distortion_role,EXT_SEL,1.575,0.606607,1665
ecdf,dipole_distortion_role,EXT_SEL,1.6275,0.621021,1665
ecdf,dipole_distortion_role,EXT_SEL,1.68,0.636036,1665
ecdf,dipole_distortion_role,EXT_SEL,1.7325,0.646847,1665
ecdf,dipole_distortion_role,EXT_SEL,1.785,0.660661,1665
ecdf,dipole_distortion_role,EXT_SEL,1.8375,0.673273,1665
ecdf,dipole_distortion_role,EXT_SEL,1.89,0.688288,1665
ecdf,dipole_distortion_role,EXT_SEL,1.9425,0.705105,1665
ecdf,dipole_distortion_role,EXT_SEL,1.995,0.717117,1665
ecdf,dipole_distortion_role,EXT_SEL,2.0475,0.729129,1665
ecdf,dipole_distortion_role,EXT_SEL,2.1,0.738739,1665
ecdf,dipole_distortion_role,EXT_SEL,2.1525,0.750751,1665
ecdf,dipole_distortion_role,EXT_SEL,2.205,0.757958,1665
ecdf,dipole_distortion_role,EXT_SEL,2.2575,0.766967,1665
ecdf,dipole_distortion_role,EXT_SEL,2.31,0.781381,1665
ecdf,dipole_distortion_role,EXT_SEL,2.3625,0.791592,1665
ecdf,dipole_distortion_role,EXT_SEL,2.415,0.798799,1665
ecdf,dipole_distortion_role,EXT_SEL,2.4675,0.80961,1665
ecdf,dipole_distortion_role,EXT_SEL,2.52,0.813814,1665
ecdf,dipole_distortion_role,EXT_SEL,2.5725,0.821021,1665
ecdf,dipole_distortion_role,EXT_SEL,2.625,0.827027,1665
ecdf,dipole_distortion_role,EXT_SEL,2.6775,0.834234,1665
ecdf,dipole_distortion_role,EXT_SEL,2.73,0.84024,1665
ecdf,dipole_distortion_role,EXT_SEL,2.7825,0.85045,1665
ecdf,dipole_distortion_role,EXT_SEL,2.835,0.856456,1665
ecdf,dipole_distortion_role,EXT_SEL,2.8875,0.861862,1665
ecdf,dipole_distortion_role,EXT_SEL,2.94,0.867868,1665
ecdf,dipole_distortion_role,EXT_SEL,2.9925,0.874474,1665
ecdf,dipole_distortion_role,EXT_SEL,3.045,0.877477,1665
ecdf,dipole_distortion_role,EXT_SEL,3.0975,0.884084,1665
ecdf,dipole_distortion_role,EXT_SEL,3.15,0.886486,1665
ecdf,dipole_distortion_role,EXT_SEL,3.2025,0.890691,1665
ecdf,dipole_distortion_role,EXT_SEL,3.255,0.896096,1665
ecdf,dipole_distortion_role,EXT_SEL,3.3075,0.8997,1665
ecdf,dipole_distortion_role,EXT_SEL,3.36,0.905105,1665
ecdf,dipole_distortion_role,EXT_SEL,3.4125,0.908709,1665
ecdf,dipole_distortion_role,EXT_SEL,3.465,0.911712,1665
ecdf,dipole_distortion_role,EXT_SEL,3.5175,0.912913,1665
ecdf,dipole_distortion_role,EXT_SEL,3.57,0.917117,1665
ecdf,dipole_distortion_role,EXT_SEL,3.6225,0.920721,1665
ecdf,dipole_distortion_role,EXT_SEL,3.675,0.923724,1665
ecdf,dipole_distortion_role,EXT_SEL,3.7275,0.924925,1665
ecdf,dipole_distortion_role,EXT_SEL,3.78,0.927928,1665
ecdf,dipole_distortion_role,EXT_SEL,3.8325,0.932132,1665
ecdf,dipole_distortion_role,EXT_SEL,3.885,0.936937,1665
ecdf,dipole_distortion_role,EXT_SEL,3.9375,0.93994,1665
ecdf,dipole_distortion_role,EXT_SEL,3.99,0.942943,1665
ecdf,dipole_distortion_role,EXT_SEL,4.0425,0.944144,1665
ecdf,dipole_distortion_role,EXT_SEL,4.095,0.944745,1665
ecdf,dipole_distortion_role,EXT_SEL,4.1475,0.947147,1665
ecdf,dipole_distortion_role,EXT_SEL,4.2,0.94955,1665
ecdf,dipole_distortion_role,EXT_SEL,4.2525,0.95015,1665
ecdf,dipole_distortion_role,EXT_SEL,4.305,0.95015,1665
ecdf,dipole_distortion_role,EXT_SEL,4.3575,0.953153,1665
ecdf,dipole_distortion_role,EXT_SEL,4.41,0.955556,1665
ecdf,dipole_distortion_role,EXT_SEL,4.4625,0.957958,1665
ecdf,dipole_distortion_role,EXT_SEL,4.515,0.961562,1665
ecdf,dipole_distortion_role,EXT_SEL,4.5675,0.963964,1665
ecdf,dipole_distortion_role,EXT_SEL,4.62,0.965766,1665
ecdf,dipole_distortion_role,EXT_SEL,4.6725,0.966967,1665
ecdf,dipole_distortion_role,EXT_SEL,4.725,0.967568,1665
ecdf,dipole_distortion_role,EXT_SEL,4.7775,0.970571,1665
ecdf,dipole_distortion_role,EXT_SEL,4.83,0.971171,1665
ecdf,dipole_distortion_role,EXT_SEL,4.8825,0.971772,1665
ecdf,dipole_distortion_role,EXT_SEL,4.935,0.972973,1665
ecdf,dipole_distortion_role,EXT_SEL,4.9875,0.975375,1665
ecdf,dipole_distortion_role,EXT_SEL,5.04,0.976577,1665
ecdf,dipole_distortion_role,EXT_SEL,5.0925,0.977177,1665
ecdf,dipole_distortion_role,EXT_SEL,5.145,0.977177,1665
ecdf,dipole_distortion_role,EXT_SEL,5.1975,0.977177,1665
ecdf,dipole_distortion_role,EXT_SEL,5.25,0.978979,1665
ecdf,dipole_distortion_role,EXT_SEL,5.3025,0.97958,1665
ecdf,dipole_distortion_role,EXT_SEL,5.355,0.97958,1665
ecdf,dipole_distortion_role,EXT_SEL,5.4075,0.97958,1665
ecdf,dipole_distortion_role,EXT_SEL,5.46,0.981381,1665
ecdf,dipole_distortion_role,EXT_SEL,5.5125,0.982583,1665
ecdf,dipole_distortion_role,EXT_SEL,5.565,0.983183,1665
ecdf,dipole_distortion_role,EXT_SEL,5.6175,0.983784,1665
ecdf,dipole_distortion_role,EXT_SEL,5.67,0.984985,1665
ecdf,dipole_distortion_role,EXT_SEL,5.7225,0.984985,1665
ecdf,dipole_distortion_role,EXT_SEL,5.775,0.985586,1665
ecdf,dipole_distortion_role,EXT_SEL,5.8275,0.986787,1665
ecdf,dipole_distortion_role,EXT_SEL,5.88,0.987988,1665
ecdf,dipole_distortion_role,EXT_SEL,5.9325,0.988589,1665
ecdf,dipole_distortion_role,EXT_SEL,5.985,0.988589,1665
ecdf,dipole_distortion_role,EXT_SEL,6.0375,0.988589,1665
ecdf,dipole_distortion_role,EXT_SEL,6.09,0.989189,1665
ecdf,dipole_distortion_role,EXT_SEL,6.1425,0.990991,1665
ecdf,dipole_distortion_role,EXT_SEL,6.195,0.990991,1665
ecdf,dipole_distortion_role,EXT_SEL,6.2475,0.990991,1665
ecdf,dipole_distortion_role,EXT_SEL,6.3,0.991592,1665
ecdf,dipole_distortion_role,EXT_SEL,6.3525,0.991592,1665
ecdf,dipole_distortion_role,EXT_SEL,6.405,0.991592,1665
ecdf,dipole_distortion_role,EXT_SEL,6.4575,0.992192,1665
ecdf,dipole_distortion_role,EXT_SEL,6.51,0.992192,1665
ecdf,dipole_distortion_role,EXT_SEL,6.5625,0.992793,1665
ecdf,dipole_distortion_role,EXT_SEL,6.615,0.992793,1665
ecdf,dipole_distortion_role,EXT_SEL,6.6675,0.992793,1665
ecdf,dipole_distortion_role,EXT_SEL,6.72,0.993393,1665
ecdf,dipole_distortion_role,EXT_SEL,6.7725,0.993393,1665
ecdf,dipole_distortion_role,EXT_SEL,6.825,0.993393,1665
ecdf,dipole_distortion_role,EXT_SEL,6.8775,0.993994,1665
ecdf,dipole_distortion_role,EXT_SEL,6.93,0.993994,1665
ecdf,dipole_distortion_role,EXT_SEL,6.9825,0.993994,1665
ecdf,dipole_distortion_role,EXT_SEL,7.035,0.993994,1665
ecdf,dipole_distortion_role,EXT_SEL,7.0875,0.993994,1665
ecdf,dipole_distortion_role,EXT_SEL,7.14,0.994595,1665
ecdf,dipole_distortion_role,EXT_SEL,7.1925,0.994595,1665
ecdf,dipole_distortion_role,EXT_SEL,7.245,0.994595,1665
ecdf,dipole_distortion_role,EXT_SEL,7.2975,0.995195,1665
ecdf,dipole_distortion_role,EXT_SEL,7.35,0.995796,1665
ecdf,dipole_distortion_role,EXT_SEL,7.4025,0.995796,1665
ecdf,dipole_distortion_role,EXT_SEL,7.455,0.995796,1665
ecdf,dipole_distortion_role,EXT_SEL,7.5075,0.995796,1665
ecdf,dipole_distortion_role,EXT_SEL,7.56,0.996396,1665
ecdf,dipole_distortion_role,EXT_SEL,7.6125,0.996396,1665
ecdf,dipole_distortion_role,EXT_SEL,7.665,0.996396,1665
ecdf,dipole_distortion_role,EXT_SEL,7.7175,0.996396,1665
ecdf,dipole_distortion_role,EXT_SEL,7.77,0.996396,1665
ecdf,dipole_distortion_role,EXT_SEL,7.8225,0.996396,1665
ecdf,dipole_distortion_role,EXT_SEL,7.875,0.996396,1665
ecdf,dipole_distortion_role,EXT_SEL,7.9275,0.996396,1665
ecdf,dipole_distortion_role,EXT_SEL,7.98,0.996396,1665
ecdf,dipole_distortion_role,EXT_SEL,8.0325,0.996396,1665
ecdf,dipole_distortion_role,EXT_SEL,8.085,0.996396,1665
ecdf,dipole_distortion_role,EXT_SEL,8.1375,0.996396,1665
ecdf,dipole_distortion_role,EXT_SEL,8.19,0.996396,1665
ecdf,dipole_distortion_role,EXT_SEL,8.2425,0.996396,1665
ecdf,dipole_distortion_role,EXT_SEL,8.295,0.996396,1665
ecdf,dipole_distortion_role,EXT_SEL,8.3475,0.996396,1665
ecdf,dipole_distortion_role,EXT_SEL,8.4,0.996396,1665
ecdf,dipole_distortion_role,EXT_SEL,8.4525,0.996396,1665
ecdf,dipole_distortion_role,EXT_SEL,8.505,0.996396,1665
ecdf,dipole_distortion_role,EXT_SEL,8.5575,0.997598,1665
ecdf,dipole_distortion_role,EXT_SEL,8.61,0.997598,1665
ecdf,dipole_distortion_role,EXT_SEL,8.6625,0.997598,1665
ecdf,dipole_distortion_role,EXT_SEL,8.715,0.997598,1665
ecdf,dipole_distortion_role,EXT_SEL,8.7675,0.997598,1665
ecdf,dipole_distortion_role,EXT_SEL,8.82,0.997598,1665
ecdf,dipole_distortion_role,EXT_SEL,8.8725,0.997598,1665
ecdf,dipole_distortion_role,EXT_SEL,8.925,0.997598,1665
ecdf,dipole_distortion_role,EXT_SEL,8.9775,0.997598,1665
ecdf,dipole_distortion_role,EXT_SEL,9.03,0.997598,1665
ecdf,dipole_distortion_role,EXT_SEL,9.0825,0.997598,1665
ecdf,dipole_distortion_role,EXT_SEL,9.135,0.997598,1665
ecdf,dipole_distortion_role,EXT_SEL,9.1875,0.997598,1665
ecdf,dipole_distortion_role,EXT_SEL,9.24,0.997598,1665
ecdf,dipole_distortion_role,EXT_SEL,9.2925,0.997598,1665
ecdf,dipole_distortion_role,EXT_SEL,9.345,0.997598,1665
ecdf,dipole_distortion_role,EXT_SEL,9.3975,0.997598,1665
ecdf,dipole_distortion_role,EXT_SEL,9.45,0.997598,1665
ecdf,dipole_distortion_role,EXT_SEL,9.5025,0.997598,1665
ecdf,dipole_distortion_role,EXT_SEL,9.555,0.997598,1665
ecdf,dipole_distortion_role,EXT_SEL,9.6075,0.997598,1665
ecdf,dipole_distortion_role,EXT_SEL,9.66,0.997598,1665
ecdf,dipole_distortion_role,EXT_SEL,9.7125,0.997598,1665
ecdf,dipole_distortion_role,EXT_SEL,9.765,0.997598,1665
ecdf,dipole_distortion_role,EXT_SEL,9.8175,0.997598,1665
ecdf,dipole_distortion_role,EXT_SEL,9.87,0.997598,1665
ecdf,dipole_distortion_role,EXT_SEL,9.9225,0.997598,1665
ecdf,dipole_distortion_role,EXT_SEL,9.975,0.997598,1665
ecdf,dipole_distortion_role,EXT_SEL,10.0275,0.997598,1665
ecdf,dipole_distortion_role,EXT_SEL,10.08,0.997598,1665
ecdf,dipole_distortion_role,EXT_SEL,10.1325,0.997598,1665
ecdf,dipole_distortion_role,EXT_SEL,10.185,0.997598,1665
ecdf,dipole_distortion_role,EXT_SEL,10.2375,0.997598,1665
ecdf,dipole_distortion_role,EXT_SEL,10.29,0.997598,1665
ecdf,dipole_distortion_role,EXT_SEL,10.3425,0.997598,1665
ecdf,dipole_distortion_role,EXT_SEL,10.395,0.997598,1665
ecdf,dipole_distortion_role,EXT_SEL,10.4475,0.997598,1665
ecdf,dipole_distortion_role,EXT_SEL,10.5,0.997598,1665
within_1,dipole_distortion_role,EXT_SEL,1,0.432432,1665
within_2,dipole_distortion_role,EXT_SEL,2,0.718318,1665
ecdf,dipolarophile_distortion_role,Espley,0,0,1665
ecdf,dipolarophile_distortion_role,Espley,0.04,0.0216216,1665
ecdf,dipolarophile_distortion_role,Espley,0.08,0.0378378,1665
ecdf,dipolarophile_distortion_role,Espley,0.12,0.0504505,1665
ecdf,dipolarophile_distortion_role,Espley,0.16,0.0654655,1665
ecdf,dipolarophile_distortion_role,Espley,0.2,0.0840841,1665
ecdf,dipolarophile_distortion_role,Espley,0.24,0.102102,1665
ecdf,dipolarophile_distortion_role,Espley,0.28,0.115315,1665
ecdf,dipolarophile_distortion_role,Espley,0.32,0.127928,1665
ecdf,dipolarophile_distortion_role,Espley,0.36,0.141141,1665
ecdf,dipolarophile_distortion_role,Espley,0.4,0.159159,1665
ecdf,dipolarophile_distortion_role,Espley,0.44,0.17958,1665
ecdf,dipolarophile_distortion_role,Espley,0.48,0.198799,1665
ecdf,dipolarophile_distortion_role,Espley,0.52,0.212012,1665
ecdf,dipolarophile_distortion_role,Espley,0.56,0.223423,1665
ecdf,dipolarophile_distortion_role,Espley,0.6,0.237838,1665
ecdf,dipolarophile_distortion_role,Espley,0.64,0.254655,1665
ecdf,dipolarophile_distortion_role,Espley,0.68,0.265465,1665
ecdf,dipolarophile_distortion_role,Espley,0.72,0.279279,1665
ecdf,dipolarophile_distortion_role,Espley,0.76,0.289489,1665
ecdf,dipolarophile_distortion_role,Espley,0.8,0.304505,1665
ecdf,dipolarophile_distortion_role,Espley,0.84,0.320721,1665
ecdf,dipolarophile_distortion_role,Espley,0.88,0.333934,1665
ecdf,dipolarophile_distortion_role,Espley,0.92,0.353153,1665
ecdf,dipolarophile_distortion_role,Espley,0.96,0.362763,1665
ecdf,dipolarophile_distortion_role,Espley,1,0.370571,1665
ecdf,dipolarophile_distortion_role,Espley,1.04,0.386787,1665
ecdf,dipolarophile_distortion_role,Espley,1.08,0.399399,1665
ecdf,dipolarophile_distortion_role,Espley,1.12,0.412613,1665
ecdf,dipolarophile_distortion_role,Espley,1.16,0.427628,1665
ecdf,dipolarophile_distortion_role,Espley,1.2,0.44024,1665
ecdf,dipolarophile_distortion_role,Espley,1.24,0.452853,1665
ecdf,dipolarophile_distortion_role,Espley,1.28,0.461862,1665
ecdf,dipolarophile_distortion_role,Espley,1.32,0.472673,1665
ecdf,dipolarophile_distortion_role,Espley,1.36,0.482282,1665
ecdf,dipolarophile_distortion_role,Espley,1.4,0.494895,1665
ecdf,dipolarophile_distortion_role,Espley,1.44,0.508108,1665
ecdf,dipolarophile_distortion_role,Espley,1.48,0.52012,1665
ecdf,dipolarophile_distortion_role,Espley,1.52,0.52973,1665
ecdf,dipolarophile_distortion_role,Espley,1.56,0.536336,1665
ecdf,dipolarophile_distortion_role,Espley,1.6,0.544745,1665
ecdf,dipolarophile_distortion_role,Espley,1.64,0.551952,1665
ecdf,dipolarophile_distortion_role,Espley,1.68,0.559159,1665
ecdf,dipolarophile_distortion_role,Espley,1.72,0.569369,1665
ecdf,dipolarophile_distortion_role,Espley,1.76,0.578378,1665
ecdf,dipolarophile_distortion_role,Espley,1.8,0.589189,1665
ecdf,dipolarophile_distortion_role,Espley,1.84,0.595796,1665
ecdf,dipolarophile_distortion_role,Espley,1.88,0.603003,1665
ecdf,dipolarophile_distortion_role,Espley,1.92,0.610811,1665
ecdf,dipolarophile_distortion_role,Espley,1.96,0.621021,1665
ecdf,dipolarophile_distortion_role,Espley,2,0.629429,1665
ecdf,dipolarophile_distortion_role,Espley,2.04,0.637838,1665
ecdf,dipolarophile_distortion_role,Espley,2.08,0.645045,1665
ecdf,dipolarophile_distortion_role,Espley,2.12,0.654655,1665
ecdf,dipolarophile_distortion_role,Espley,2.16,0.661261,1665
ecdf,dipolarophile_distortion_role,Espley,2.2,0.67027,1665
ecdf,dipolarophile_distortion_role,Espley,2.24,0.676276,1665
ecdf,dipolarophile_distortion_role,Espley,2.28,0.682282,1665
ecdf,dipolarophile_distortion_role,Espley,2.32,0.69009,1665
ecdf,dipolarophile_distortion_role,Espley,2.36,0.694895,1665
ecdf,dipolarophile_distortion_role,Espley,2.4,0.704505,1665
ecdf,dipolarophile_distortion_role,Espley,2.44,0.708709,1665
ecdf,dipolarophile_distortion_role,Espley,2.48,0.714715,1665
ecdf,dipolarophile_distortion_role,Espley,2.52,0.721922,1665
ecdf,dipolarophile_distortion_role,Espley,2.56,0.727327,1665
ecdf,dipolarophile_distortion_role,Espley,2.6,0.732132,1665
ecdf,dipolarophile_distortion_role,Espley,2.64,0.736336,1665
ecdf,dipolarophile_distortion_role,Espley,2.68,0.742943,1665
ecdf,dipolarophile_distortion_role,Espley,2.72,0.747147,1665
ecdf,dipolarophile_distortion_role,Espley,2.76,0.751351,1665
ecdf,dipolarophile_distortion_role,Espley,2.8,0.761562,1665
ecdf,dipolarophile_distortion_role,Espley,2.84,0.766366,1665
ecdf,dipolarophile_distortion_role,Espley,2.88,0.772372,1665
ecdf,dipolarophile_distortion_role,Espley,2.92,0.776577,1665
ecdf,dipolarophile_distortion_role,Espley,2.96,0.782583,1665
ecdf,dipolarophile_distortion_role,Espley,3,0.788589,1665
ecdf,dipolarophile_distortion_role,Espley,3.04,0.793994,1665
ecdf,dipolarophile_distortion_role,Espley,3.08,0.801201,1665
ecdf,dipolarophile_distortion_role,Espley,3.12,0.805405,1665
ecdf,dipolarophile_distortion_role,Espley,3.16,0.807808,1665
ecdf,dipolarophile_distortion_role,Espley,3.2,0.812613,1665
ecdf,dipolarophile_distortion_role,Espley,3.24,0.817417,1665
ecdf,dipolarophile_distortion_role,Espley,3.28,0.822222,1665
ecdf,dipolarophile_distortion_role,Espley,3.32,0.825826,1665
ecdf,dipolarophile_distortion_role,Espley,3.36,0.836036,1665
ecdf,dipolarophile_distortion_role,Espley,3.4,0.841441,1665
ecdf,dipolarophile_distortion_role,Espley,3.44,0.845045,1665
ecdf,dipolarophile_distortion_role,Espley,3.48,0.849249,1665
ecdf,dipolarophile_distortion_role,Espley,3.52,0.853453,1665
ecdf,dipolarophile_distortion_role,Espley,3.56,0.861261,1665
ecdf,dipolarophile_distortion_role,Espley,3.6,0.863063,1665
ecdf,dipolarophile_distortion_role,Espley,3.64,0.865465,1665
ecdf,dipolarophile_distortion_role,Espley,3.68,0.86967,1665
ecdf,dipolarophile_distortion_role,Espley,3.72,0.872072,1665
ecdf,dipolarophile_distortion_role,Espley,3.76,0.876276,1665
ecdf,dipolarophile_distortion_role,Espley,3.8,0.879279,1665
ecdf,dipolarophile_distortion_role,Espley,3.84,0.881081,1665
ecdf,dipolarophile_distortion_role,Espley,3.88,0.883483,1665
ecdf,dipolarophile_distortion_role,Espley,3.92,0.884685,1665
ecdf,dipolarophile_distortion_role,Espley,3.96,0.887688,1665
ecdf,dipolarophile_distortion_role,Espley,4,0.891291,1665
ecdf,dipolarophile_distortion_role,Espley,4.04,0.893093,1665
ecdf,dipolarophile_distortion_role,Espley,4.08,0.895495,1665
ecdf,dipolarophile_distortion_role,Espley,4.12,0.897898,1665
ecdf,dipolarophile_distortion_role,Espley,4.16,0.9003,1665
ecdf,dipolarophile_distortion_role,Espley,4.2,0.902102,1665
ecdf,dipolarophile_distortion_role,Espley,4.24,0.903904,1665
ecdf,dipolarophile_distortion_role,Espley,4.28,0.907508,1665
ecdf,dipolarophile_distortion_role,Espley,4.32,0.908709,1665
ecdf,dipolarophile_distortion_role,Espley,4.36,0.90991,1665
ecdf,dipolarophile_distortion_role,Espley,4.4,0.914114,1665
ecdf,dipolarophile_distortion_role,Espley,4.44,0.915916,1665
ecdf,dipolarophile_distortion_role,Espley,4.48,0.917117,1665
ecdf,dipolarophile_distortion_role,Espley,4.52,0.918919,1665
ecdf,dipolarophile_distortion_role,Espley,4.56,0.92012,1665
ecdf,dipolarophile_distortion_role,Espley,4.6,0.922523,1665
ecdf,dipolarophile_distortion_role,Espley,4.64,0.923724,1665
ecdf,dipolarophile_distortion_role,Espley,4.68,0.924324,1665
ecdf,dipolarophile_distortion_role,Espley,4.72,0.927928,1665
ecdf,dipolarophile_distortion_role,Espley,4.76,0.929129,1665
ecdf,dipolarophile_distortion_role,Espley,4.8,0.930931,1665
ecdf,dipolarophile_distortion_role,Espley,4.84,0.932132,1665
ecdf,dipolarophile_distortion_role,Espley,4.88,0.934535,1665
ecdf,dipolarophile_distortion_role,Espley,4.92,0.935736,1665
ecdf,dipolarophile_distortion_role,Espley,4.96,0.936336,1665
ecdf,dipolarophile_distortion_role,Espley,5,0.937538,1665
ecdf,dipolarophile_distortion_role,Espley,5.04,0.939339,1665
ecdf,dipolarophile_distortion_role,Espley,5.08,0.941141,1665
ecdf,dipolarophile_distortion_role,Espley,5.12,0.942342,1665
ecdf,dipolarophile_distortion_role,Espley,5.16,0.944144,1665
ecdf,dipolarophile_distortion_role,Espley,5.2,0.945946,1665
ecdf,dipolarophile_distortion_role,Espley,5.24,0.946547,1665
ecdf,dipolarophile_distortion_role,Espley,5.28,0.947147,1665
ecdf,dipolarophile_distortion_role,Espley,5.32,0.947748,1665
ecdf,dipolarophile_distortion_role,Espley,5.36,0.94955,1665
ecdf,dipolarophile_distortion_role,Espley,5.4,0.951351,1665
ecdf,dipolarophile_distortion_role,Espley,5.44,0.951952,1665
ecdf,dipolarophile_distortion_role,Espley,5.48,0.952553,1665
ecdf,dipolarophile_distortion_role,Espley,5.52,0.953754,1665
ecdf,dipolarophile_distortion_role,Espley,5.56,0.955556,1665
ecdf,dipolarophile_distortion_role,Espley,5.6,0.957357,1665
ecdf,dipolarophile_distortion_role,Espley,5.64,0.959159,1665
ecdf,dipolarophile_distortion_role,Espley,5.68,0.959159,1665
ecdf,dipolarophile_distortion_role,Espley,5.72,0.960961,1665
ecdf,dipolarophile_distortion_role,Espley,5.76,0.960961,1665
ecdf,dipolarophile_distortion_role,Espley,5.8,0.961562,1665
ecdf,dipolarophile_distortion_role,Espley,5.84,0.962162,1665
ecdf,dipolarophile_distortion_role,Espley,5.88,0.963363,1665
ecdf,dipolarophile_distortion_role,Espley,5.92,0.963964,1665
ecdf,dipolarophile_distortion_role,Espley,5.96,0.964565,1665
ecdf,dipolarophile_distortion_role,Espley,6,0.966366,1665
ecdf,dipolarophile_distortion_role,Espley,6.04,0.966366,1665
ecdf,dipolarophile_distortion_role,Espley,6.08,0.966967,1665
ecdf,dipolarophile_distortion_role,Espley,6.12,0.967568,1665
ecdf,dipolarophile_distortion_role,Espley,6.16,0.967568,1665
ecdf,dipolarophile_distortion_role,Espley,6.2,0.968168,1665
ecdf,dipolarophile_distortion_role,Espley,6.24,0.968168,1665
ecdf,dipolarophile_distortion_role,Espley,6.28,0.96997,1665
ecdf,dipolarophile_distortion_role,Espley,6.32,0.96997,1665
ecdf,dipolarophile_distortion_role,Espley,6.36,0.971171,1665
ecdf,dipolarophile_distortion_role,Espley,6.4,0.971772,1665
ecdf,dipolarophile_distortion_role,Espley,6.44,0.971772,1665
ecdf,dipolarophile_distortion_role,Espley,6.48,0.972372,1665
ecdf,dipolarophile_distortion_role,Espley,6.52,0.974775,1665
ecdf,dipolarophile_distortion_role,Espley,6.56,0.974775,1665
ecdf,dipolarophile_distortion_role,Espley,6.6,0.975976,1665
ecdf,dipolarophile_distortion_role,Espley,6.64,0.977177,1665
ecdf,dipolarophile_distortion_role,Espley,6.68,0.977177,1665
ecdf,dipolarophile_distortion_role,Espley,6.72,0.977177,1665
ecdf,dipolarophile_distortion_role,Espley,6.76,0.977177,1665
ecdf,dipolarophile_distortion_role,Espley,6.8,0.978378,1665
ecdf,dipolarophile_distortion_role,Espley,6.84,0.978979,1665
ecdf,dipolarophile_distortion_role,Espley,6.88,0.97958,1665
ecdf,dipolarophile_distortion_role,Espley,6.92,0.98018,1665
ecdf,dipolarophile_distortion_role,Espley,6.96,0.981381,1665
ecdf,dipolarophile_distortion_role,Espley,7,0.981381,1665
ecdf,dipolarophile_distortion_role,Espley,7.04,0.981982,1665
ecdf,dipolarophile_distortion_role,Espley,7.08,0.983183,1665
ecdf,dipolarophile_distortion_role,Espley,7.12,0.983183,1665
ecdf,dipolarophile_distortion_role,Espley,7.16,0.983784,1665
ecdf,dipolarophile_distortion_role,Espley,7.2,0.984384,1665
ecdf,dipolarophile_distortion_role,Espley,7.24,0.984384,1665
ecdf,dipolarophile_distortion_role,Espley,7.28,0.984985,1665
ecdf,dipolarophile_distortion_role,Espley,7.32,0.985586,1665
ecdf,dipolarophile_distortion_role,Espley,7.36,0.986186,1665
ecdf,dipolarophile_distortion_role,Espley,7.4,0.986186,1665
ecdf,dipolarophile_distortion_role,Espley,7.44,0.986186,1665
ecdf,dipolarophile_distortion_role,Espley,7.48,0.986186,1665
ecdf,dipolarophile_distortion_role,Espley,7.52,0.986787,1665
ecdf,dipolarophile_distortion_role,Espley,7.56,0.986787,1665
ecdf,dipolarophile_distortion_role,Espley,7.6,0.987988,1665
ecdf,dipolarophile_distortion_role,Espley,7.64,0.988589,1665
ecdf,dipolarophile_distortion_role,Espley,7.68,0.98979,1665
ecdf,dipolarophile_distortion_role,Espley,7.72,0.990991,1665
ecdf,dipolarophile_distortion_role,Espley,7.76,0.990991,1665
ecdf,dipolarophile_distortion_role,Espley,7.8,0.990991,1665
ecdf,dipolarophile_distortion_role,Espley,7.84,0.990991,1665
ecdf,dipolarophile_distortion_role,Espley,7.88,0.990991,1665
ecdf,dipolarophile_distortion_role,Espley,7.92,0.990991,1665
ecdf,dipolarophile_distortion_role,Espley,7.96,0.991592,1665
ecdf,dipolarophile_distortion_role,Espley,8,0.991592,1665
within_1,dipolarophile_distortion_role,Espley,1,0.370571,1665
within_2,dipolarophile_distortion_role,Espley,2,0.629429,1665
ecdf,dipolarophile_distortion_role,ESPLEY46,0,0,1665
ecdf,dipolarophile_distortion_role,ESPLEY46,0.04,0.0252252,1665
ecdf,dipolarophile_distortion_role,ESPLEY46,0.08,0.0516517,1665
ecdf,dipolarophile_distortion_role,ESPLEY46,0.12,0.0720721,1665
ecdf,dipolarophile_distortion_role,ESPLEY46,0.16,0.0948949,1665
ecdf,dipolarophile_distortion_role,ESPLEY46,0.2,0.115315,1665
ecdf,dipolarophile_distortion_role,ESPLEY46,0.24,0.133934,1665
ecdf,dipolarophile_distortion_role,ESPLEY46,0.28,0.150751,1665
ecdf,dipolarophile_distortion_role,ESPLEY46,0.32,0.175976,1665
ecdf,dipolarophile_distortion_role,ESPLEY46,0.36,0.203604,1665
ecdf,dipolarophile_distortion_role,ESPLEY46,0.4,0.224625,1665
ecdf,dipolarophile_distortion_role,ESPLEY46,0.44,0.24024,1665
ecdf,dipolarophile_distortion_role,ESPLEY46,0.48,0.259459,1665
ecdf,dipolarophile_distortion_role,ESPLEY46,0.52,0.277477,1665
ecdf,dipolarophile_distortion_role,ESPLEY46,0.56,0.297297,1665
ecdf,dipolarophile_distortion_role,ESPLEY46,0.6,0.315916,1665
ecdf,dipolarophile_distortion_role,ESPLEY46,0.64,0.336336,1665
ecdf,dipolarophile_distortion_role,ESPLEY46,0.68,0.357357,1665
ecdf,dipolarophile_distortion_role,ESPLEY46,0.72,0.373574,1665
ecdf,dipolarophile_distortion_role,ESPLEY46,0.76,0.391592,1665
ecdf,dipolarophile_distortion_role,ESPLEY46,0.8,0.40961,1665
ecdf,dipolarophile_distortion_role,ESPLEY46,0.84,0.431832,1665
ecdf,dipolarophile_distortion_role,ESPLEY46,0.88,0.446847,1665
ecdf,dipolarophile_distortion_role,ESPLEY46,0.92,0.462462,1665
ecdf,dipolarophile_distortion_role,ESPLEY46,0.96,0.473874,1665
ecdf,dipolarophile_distortion_role,ESPLEY46,1,0.490691,1665
ecdf,dipolarophile_distortion_role,ESPLEY46,1.04,0.502102,1665
ecdf,dipolarophile_distortion_role,ESPLEY46,1.08,0.517718,1665
ecdf,dipolarophile_distortion_role,ESPLEY46,1.12,0.52973,1665
ecdf,dipolarophile_distortion_role,ESPLEY46,1.16,0.539339,1665
ecdf,dipolarophile_distortion_role,ESPLEY46,1.2,0.552553,1665
ecdf,dipolarophile_distortion_role,ESPLEY46,1.24,0.55976,1665
ecdf,dipolarophile_distortion_role,ESPLEY46,1.28,0.571772,1665
ecdf,dipolarophile_distortion_role,ESPLEY46,1.32,0.587387,1665
ecdf,dipolarophile_distortion_role,ESPLEY46,1.36,0.598198,1665
ecdf,dipolarophile_distortion_role,ESPLEY46,1.4,0.609009,1665
ecdf,dipolarophile_distortion_role,ESPLEY46,1.44,0.621622,1665
ecdf,dipolarophile_distortion_role,ESPLEY46,1.48,0.631231,1665
ecdf,dipolarophile_distortion_role,ESPLEY46,1.52,0.644444,1665
ecdf,dipolarophile_distortion_role,ESPLEY46,1.56,0.655856,1665
ecdf,dipolarophile_distortion_role,ESPLEY46,1.6,0.669069,1665
ecdf,dipolarophile_distortion_role,ESPLEY46,1.64,0.676276,1665
ecdf,dipolarophile_distortion_role,ESPLEY46,1.68,0.685285,1665
ecdf,dipolarophile_distortion_role,ESPLEY46,1.72,0.693694,1665
ecdf,dipolarophile_distortion_role,ESPLEY46,1.76,0.702102,1665
ecdf,dipolarophile_distortion_role,ESPLEY46,1.8,0.711111,1665
ecdf,dipolarophile_distortion_role,ESPLEY46,1.84,0.718919,1665
ecdf,dipolarophile_distortion_role,ESPLEY46,1.88,0.725526,1665
ecdf,dipolarophile_distortion_role,ESPLEY46,1.92,0.735135,1665
ecdf,dipolarophile_distortion_role,ESPLEY46,1.96,0.743544,1665
ecdf,dipolarophile_distortion_role,ESPLEY46,2,0.748949,1665
ecdf,dipolarophile_distortion_role,ESPLEY46,2.04,0.757357,1665
ecdf,dipolarophile_distortion_role,ESPLEY46,2.08,0.766366,1665
ecdf,dipolarophile_distortion_role,ESPLEY46,2.12,0.772973,1665
ecdf,dipolarophile_distortion_role,ESPLEY46,2.16,0.781982,1665
ecdf,dipolarophile_distortion_role,ESPLEY46,2.2,0.788589,1665
ecdf,dipolarophile_distortion_role,ESPLEY46,2.24,0.798198,1665
ecdf,dipolarophile_distortion_role,ESPLEY46,2.28,0.806607,1665
ecdf,dipolarophile_distortion_role,ESPLEY46,2.32,0.812012,1665
ecdf,dipolarophile_distortion_role,ESPLEY46,2.36,0.816216,1665
ecdf,dipolarophile_distortion_role,ESPLEY46,2.4,0.819219,1665
ecdf,dipolarophile_distortion_role,ESPLEY46,2.44,0.825826,1665
ecdf,dipolarophile_distortion_role,ESPLEY46,2.48,0.831231,1665
ecdf,dipolarophile_distortion_role,ESPLEY46,2.52,0.834234,1665
ecdf,dipolarophile_distortion_role,ESPLEY46,2.56,0.83964,1665
ecdf,dipolarophile_distortion_role,ESPLEY46,2.6,0.843844,1665
ecdf,dipolarophile_distortion_role,ESPLEY46,2.64,0.846847,1665
ecdf,dipolarophile_distortion_role,ESPLEY46,2.68,0.852853,1665
ecdf,dipolarophile_distortion_role,ESPLEY46,2.72,0.857658,1665
ecdf,dipolarophile_distortion_role,ESPLEY46,2.76,0.861261,1665
ecdf,dipolarophile_distortion_role,ESPLEY46,2.8,0.865465,1665
ecdf,dipolarophile_distortion_role,ESPLEY46,2.84,0.87027,1665
ecdf,dipolarophile_distortion_role,ESPLEY46,2.88,0.878078,1665
ecdf,dipolarophile_distortion_role,ESPLEY46,2.92,0.881682,1665
ecdf,dipolarophile_distortion_role,ESPLEY46,2.96,0.886486,1665
ecdf,dipolarophile_distortion_role,ESPLEY46,3,0.89009,1665
ecdf,dipolarophile_distortion_role,ESPLEY46,3.04,0.892492,1665
ecdf,dipolarophile_distortion_role,ESPLEY46,3.08,0.897297,1665
ecdf,dipolarophile_distortion_role,ESPLEY46,3.12,0.900901,1665
ecdf,dipolarophile_distortion_role,ESPLEY46,3.16,0.905105,1665
ecdf,dipolarophile_distortion_role,ESPLEY46,3.2,0.908108,1665
ecdf,dipolarophile_distortion_role,ESPLEY46,3.24,0.914114,1665
ecdf,dipolarophile_distortion_role,ESPLEY46,3.28,0.917718,1665
ecdf,dipolarophile_distortion_role,ESPLEY46,3.32,0.918919,1665
ecdf,dipolarophile_distortion_role,ESPLEY46,3.36,0.922523,1665
ecdf,dipolarophile_distortion_role,ESPLEY46,3.4,0.923724,1665
ecdf,dipolarophile_distortion_role,ESPLEY46,3.44,0.926727,1665
ecdf,dipolarophile_distortion_role,ESPLEY46,3.48,0.927928,1665
ecdf,dipolarophile_distortion_role,ESPLEY46,3.52,0.930931,1665
ecdf,dipolarophile_distortion_role,ESPLEY46,3.56,0.932132,1665
ecdf,dipolarophile_distortion_role,ESPLEY46,3.6,0.933333,1665
ecdf,dipolarophile_distortion_role,ESPLEY46,3.64,0.935135,1665
ecdf,dipolarophile_distortion_role,ESPLEY46,3.68,0.936336,1665
ecdf,dipolarophile_distortion_role,ESPLEY46,3.72,0.937538,1665
ecdf,dipolarophile_distortion_role,ESPLEY46,3.76,0.939339,1665
ecdf,dipolarophile_distortion_role,ESPLEY46,3.8,0.940541,1665
ecdf,dipolarophile_distortion_role,ESPLEY46,3.84,0.942342,1665
ecdf,dipolarophile_distortion_role,ESPLEY46,3.88,0.942943,1665
ecdf,dipolarophile_distortion_role,ESPLEY46,3.92,0.944745,1665
ecdf,dipolarophile_distortion_role,ESPLEY46,3.96,0.945946,1665
ecdf,dipolarophile_distortion_role,ESPLEY46,4,0.946547,1665
ecdf,dipolarophile_distortion_role,ESPLEY46,4.04,0.947748,1665
ecdf,dipolarophile_distortion_role,ESPLEY46,4.08,0.94955,1665
ecdf,dipolarophile_distortion_role,ESPLEY46,4.12,0.951351,1665
ecdf,dipolarophile_distortion_role,ESPLEY46,4.16,0.951351,1665
ecdf,dipolarophile_distortion_role,ESPLEY46,4.2,0.952553,1665
ecdf,dipolarophile_distortion_role,ESPLEY46,4.24,0.953754,1665
ecdf,dipolarophile_distortion_role,ESPLEY46,4.28,0.954354,1665
ecdf,dipolarophile_distortion_role,ESPLEY46,4.32,0.954955,1665
ecdf,dipolarophile_distortion_role,ESPLEY46,4.36,0.957357,1665
ecdf,dipolarophile_distortion_role,ESPLEY46,4.4,0.95976,1665
ecdf,dipolarophile_distortion_role,ESPLEY46,4.44,0.96036,1665
ecdf,dipolarophile_distortion_role,ESPLEY46,4.48,0.96036,1665
ecdf,dipolarophile_distortion_role,ESPLEY46,4.52,0.961562,1665
ecdf,dipolarophile_distortion_role,ESPLEY46,4.56,0.961562,1665
ecdf,dipolarophile_distortion_role,ESPLEY46,4.6,0.962162,1665
ecdf,dipolarophile_distortion_role,ESPLEY46,4.64,0.964565,1665
ecdf,dipolarophile_distortion_role,ESPLEY46,4.68,0.965165,1665
ecdf,dipolarophile_distortion_role,ESPLEY46,4.72,0.965766,1665
ecdf,dipolarophile_distortion_role,ESPLEY46,4.76,0.966366,1665
ecdf,dipolarophile_distortion_role,ESPLEY46,4.8,0.967568,1665
ecdf,dipolarophile_distortion_role,ESPLEY46,4.84,0.968168,1665
ecdf,dipolarophile_distortion_role,ESPLEY46,4.88,0.968168,1665
ecdf,dipolarophile_distortion_role,ESPLEY46,4.92,0.968769,1665
ecdf,dipolarophile_distortion_role,ESPLEY46,4.96,0.968769,1665
ecdf,dipolarophile_distortion_role,ESPLEY46,5,0.970571,1665
ecdf,dipolarophile_distortion_role,ESPLEY46,5.04,0.971171,1665
ecdf,dipolarophile_distortion_role,ESPLEY46,5.08,0.971171,1665
ecdf,dipolarophile_distortion_role,ESPLEY46,5.12,0.971171,1665
ecdf,dipolarophile_distortion_role,ESPLEY46,5.16,0.971171,1665
ecdf,dipolarophile_distortion_role,ESPLEY46,5.2,0.971772,1665
ecdf,dipolarophile_distortion_role,ESPLEY46,5.24,0.972973,1665
ecdf,dipolarophile_distortion_role,ESPLEY46,5.28,0.974775,1665
ecdf,dipolarophile_distortion_role,ESPLEY46,5.32,0.974775,1665
ecdf,dipolarophile_distortion_role,ESPLEY46,5.36,0.975976,1665
ecdf,dipolarophile_distortion_role,ESPLEY46,5.4,0.976577,1665
ecdf,dipolarophile_distortion_role,ESPLEY46,5.44,0.976577,1665
ecdf,dipolarophile_distortion_role,ESPLEY46,5.48,0.977177,1665
ecdf,dipolarophile_distortion_role,ESPLEY46,5.52,0.977778,1665
ecdf,dipolarophile_distortion_role,ESPLEY46,5.56,0.978979,1665
ecdf,dipolarophile_distortion_role,ESPLEY46,5.6,0.978979,1665
ecdf,dipolarophile_distortion_role,ESPLEY46,5.64,0.97958,1665
ecdf,dipolarophile_distortion_role,ESPLEY46,5.68,0.98018,1665
ecdf,dipolarophile_distortion_role,ESPLEY46,5.72,0.981381,1665
ecdf,dipolarophile_distortion_role,ESPLEY46,5.76,0.982583,1665
ecdf,dipolarophile_distortion_role,ESPLEY46,5.8,0.982583,1665
ecdf,dipolarophile_distortion_role,ESPLEY46,5.84,0.983183,1665
ecdf,dipolarophile_distortion_role,ESPLEY46,5.88,0.983183,1665
ecdf,dipolarophile_distortion_role,ESPLEY46,5.92,0.983183,1665
ecdf,dipolarophile_distortion_role,ESPLEY46,5.96,0.983183,1665
ecdf,dipolarophile_distortion_role,ESPLEY46,6,0.983784,1665
ecdf,dipolarophile_distortion_role,ESPLEY46,6.04,0.984384,1665
ecdf,dipolarophile_distortion_role,ESPLEY46,6.08,0.986186,1665
ecdf,dipolarophile_distortion_role,ESPLEY46,6.12,0.986186,1665
ecdf,dipolarophile_distortion_role,ESPLEY46,6.16,0.986186,1665
ecdf,dipolarophile_distortion_role,ESPLEY46,6.2,0.986787,1665
ecdf,dipolarophile_distortion_role,ESPLEY46,6.24,0.986787,1665
ecdf,dipolarophile_distortion_role,ESPLEY46,6.28,0.987387,1665
ecdf,dipolarophile_distortion_role,ESPLEY46,6.32,0.987387,1665
ecdf,dipolarophile_distortion_role,ESPLEY46,6.36,0.987387,1665
ecdf,dipolarophile_distortion_role,ESPLEY46,6.4,0.987988,1665
ecdf,dipolarophile_distortion_role,ESPLEY46,6.44,0.987988,1665
ecdf,dipolarophile_distortion_role,ESPLEY46,6.48,0.987988,1665
ecdf,dipolarophile_distortion_role,ESPLEY46,6.52,0.987988,1665
ecdf,dipolarophile_distortion_role,ESPLEY46,6.56,0.987988,1665
ecdf,dipolarophile_distortion_role,ESPLEY46,6.6,0.987988,1665
ecdf,dipolarophile_distortion_role,ESPLEY46,6.64,0.987988,1665
ecdf,dipolarophile_distortion_role,ESPLEY46,6.68,0.987988,1665
ecdf,dipolarophile_distortion_role,ESPLEY46,6.72,0.988589,1665
ecdf,dipolarophile_distortion_role,ESPLEY46,6.76,0.988589,1665
ecdf,dipolarophile_distortion_role,ESPLEY46,6.8,0.989189,1665
ecdf,dipolarophile_distortion_role,ESPLEY46,6.84,0.989189,1665
ecdf,dipolarophile_distortion_role,ESPLEY46,6.88,0.98979,1665
ecdf,dipolarophile_distortion_role,ESPLEY46,6.92,0.99039,1665
ecdf,dipolarophile_distortion_role,ESPLEY46,6.96,0.99039,1665
ecdf,dipolarophile_distortion_role,ESPLEY46,7,0.990991,1665
ecdf,dipolarophile_distortion_role,ESPLEY46,7.04,0.990991,1665
ecdf,dipolarophile_distortion_role,ESPLEY46,7.08,0.991592,1665
ecdf,dipolarophile_distortion_role,ESPLEY46,7.12,0.991592,1665
ecdf,dipolarophile_distortion_role,ESPLEY46,7.16,0.992192,1665
ecdf,dipolarophile_distortion_role,ESPLEY46,7.2,0.992192,1665
ecdf,dipolarophile_distortion_role,ESPLEY46,7.24,0.992192,1665
ecdf,dipolarophile_distortion_role,ESPLEY46,7.28,0.992192,1665
ecdf,dipolarophile_distortion_role,ESPLEY46,7.32,0.992192,1665
ecdf,dipolarophile_distortion_role,ESPLEY46,7.36,0.992192,1665
ecdf,dipolarophile_distortion_role,ESPLEY46,7.4,0.992793,1665
ecdf,dipolarophile_distortion_role,ESPLEY46,7.44,0.993393,1665
ecdf,dipolarophile_distortion_role,ESPLEY46,7.48,0.993393,1665
ecdf,dipolarophile_distortion_role,ESPLEY46,7.52,0.993994,1665
ecdf,dipolarophile_distortion_role,ESPLEY46,7.56,0.993994,1665
ecdf,dipolarophile_distortion_role,ESPLEY46,7.6,0.993994,1665
ecdf,dipolarophile_distortion_role,ESPLEY46,7.64,0.993994,1665
ecdf,dipolarophile_distortion_role,ESPLEY46,7.68,0.993994,1665
ecdf,dipolarophile_distortion_role,ESPLEY46,7.72,0.993994,1665
ecdf,dipolarophile_distortion_role,ESPLEY46,7.76,0.993994,1665
ecdf,dipolarophile_distortion_role,ESPLEY46,7.8,0.993994,1665
ecdf,dipolarophile_distortion_role,ESPLEY46,7.84,0.993994,1665
ecdf,dipolarophile_distortion_role,ESPLEY46,7.88,0.994595,1665
ecdf,dipolarophile_distortion_role,ESPLEY46,7.92,0.994595,1665
ecdf,dipolarophile_distortion_role,ESPLEY46,7.96,0.994595,1665
ecdf,dipolarophile_distortion_role,ESPLEY46,8,0.994595,1665
within_1,dipolarophile_distortion_role,ESPLEY46,1,0.490691,1665
within_2,dipolarophile_distortion_role,ESPLEY46,2,0.748949,1665
ecdf,dipolarophile_distortion_role,ESPLEY73,0,0,1665
ecdf,dipolarophile_distortion_role,ESPLEY73,0.04,0.0318318,1665
ecdf,dipolarophile_distortion_role,ESPLEY73,0.08,0.0558559,1665
ecdf,dipolarophile_distortion_role,ESPLEY73,0.12,0.0822823,1665
ecdf,dipolarophile_distortion_role,ESPLEY73,0.16,0.106306,1665
ecdf,dipolarophile_distortion_role,ESPLEY73,0.2,0.132733,1665
ecdf,dipolarophile_distortion_role,ESPLEY73,0.24,0.15976,1665
ecdf,dipolarophile_distortion_role,ESPLEY73,0.28,0.17958,1665
ecdf,dipolarophile_distortion_role,ESPLEY73,0.32,0.201201,1665
ecdf,dipolarophile_distortion_role,ESPLEY73,0.36,0.225826,1665
ecdf,dipolarophile_distortion_role,ESPLEY73,0.4,0.247447,1665
ecdf,dipolarophile_distortion_role,ESPLEY73,0.44,0.272673,1665
ecdf,dipolarophile_distortion_role,ESPLEY73,0.48,0.29009,1665
ecdf,dipolarophile_distortion_role,ESPLEY73,0.52,0.311111,1665
ecdf,dipolarophile_distortion_role,ESPLEY73,0.56,0.329129,1665
ecdf,dipolarophile_distortion_role,ESPLEY73,0.6,0.346547,1665
ecdf,dipolarophile_distortion_role,ESPLEY73,0.64,0.363363,1665
ecdf,dipolarophile_distortion_role,ESPLEY73,0.68,0.382583,1665
ecdf,dipolarophile_distortion_role,ESPLEY73,0.72,0.398198,1665
ecdf,dipolarophile_distortion_role,ESPLEY73,0.76,0.421021,1665
ecdf,dipolarophile_distortion_role,ESPLEY73,0.8,0.429429,1665
ecdf,dipolarophile_distortion_role,ESPLEY73,0.84,0.44985,1665
ecdf,dipolarophile_distortion_role,ESPLEY73,0.88,0.466066,1665
ecdf,dipolarophile_distortion_role,ESPLEY73,0.92,0.478078,1665
ecdf,dipolarophile_distortion_role,ESPLEY73,0.96,0.493694,1665
ecdf,dipolarophile_distortion_role,ESPLEY73,1,0.508709,1665
ecdf,dipolarophile_distortion_role,ESPLEY73,1.04,0.527327,1665
ecdf,dipolarophile_distortion_role,ESPLEY73,1.08,0.542342,1665
ecdf,dipolarophile_distortion_role,ESPLEY73,1.12,0.553153,1665
ecdf,dipolarophile_distortion_role,ESPLEY73,1.16,0.573574,1665
ecdf,dipolarophile_distortion_role,ESPLEY73,1.2,0.591592,1665
ecdf,dipolarophile_distortion_role,ESPLEY73,1.24,0.606006,1665
ecdf,dipolarophile_distortion_role,ESPLEY73,1.28,0.621622,1665
ecdf,dipolarophile_distortion_role,ESPLEY73,1.32,0.633033,1665
ecdf,dipolarophile_distortion_role,ESPLEY73,1.36,0.642643,1665
ecdf,dipolarophile_distortion_role,ESPLEY73,1.4,0.653453,1665
ecdf,dipolarophile_distortion_role,ESPLEY73,1.44,0.668468,1665
ecdf,dipolarophile_distortion_role,ESPLEY73,1.48,0.682282,1665
ecdf,dipolarophile_distortion_role,ESPLEY73,1.52,0.690691,1665
ecdf,dipolarophile_distortion_role,ESPLEY73,1.56,0.702703,1665
ecdf,dipolarophile_distortion_role,ESPLEY73,1.6,0.713514,1665
ecdf,dipolarophile_distortion_role,ESPLEY73,1.64,0.718919,1665
ecdf,dipolarophile_distortion_role,ESPLEY73,1.68,0.727327,1665
ecdf,dipolarophile_distortion_role,ESPLEY73,1.72,0.732733,1665
ecdf,dipolarophile_distortion_role,ESPLEY73,1.76,0.742342,1665
ecdf,dipolarophile_distortion_role,ESPLEY73,1.8,0.753754,1665
ecdf,dipolarophile_distortion_role,ESPLEY73,1.84,0.763363,1665
ecdf,dipolarophile_distortion_role,ESPLEY73,1.88,0.769369,1665
ecdf,dipolarophile_distortion_role,ESPLEY73,1.92,0.775375,1665
ecdf,dipolarophile_distortion_role,ESPLEY73,1.96,0.783183,1665
ecdf,dipolarophile_distortion_role,ESPLEY73,2,0.788589,1665
ecdf,dipolarophile_distortion_role,ESPLEY73,2.04,0.798198,1665
ecdf,dipolarophile_distortion_role,ESPLEY73,2.08,0.806006,1665
ecdf,dipolarophile_distortion_role,ESPLEY73,2.12,0.812613,1665
ecdf,dipolarophile_distortion_role,ESPLEY73,2.16,0.818619,1665
ecdf,dipolarophile_distortion_role,ESPLEY73,2.2,0.824024,1665
ecdf,dipolarophile_distortion_role,ESPLEY73,2.24,0.828829,1665
ecdf,dipolarophile_distortion_role,ESPLEY73,2.28,0.833634,1665
ecdf,dipolarophile_distortion_role,ESPLEY73,2.32,0.838438,1665
ecdf,dipolarophile_distortion_role,ESPLEY73,2.36,0.842643,1665
ecdf,dipolarophile_distortion_role,ESPLEY73,2.4,0.848649,1665
ecdf,dipolarophile_distortion_role,ESPLEY73,2.44,0.852252,1665
ecdf,dipolarophile_distortion_role,ESPLEY73,2.48,0.858258,1665
ecdf,dipolarophile_distortion_role,ESPLEY73,2.52,0.862462,1665
ecdf,dipolarophile_distortion_role,ESPLEY73,2.56,0.866066,1665
ecdf,dipolarophile_distortion_role,ESPLEY73,2.6,0.868468,1665
ecdf,dipolarophile_distortion_role,ESPLEY73,2.64,0.872072,1665
ecdf,dipolarophile_distortion_role,ESPLEY73,2.68,0.876276,1665
ecdf,dipolarophile_distortion_role,ESPLEY73,2.72,0.882282,1665
ecdf,dipolarophile_distortion_role,ESPLEY73,2.76,0.885285,1665
ecdf,dipolarophile_distortion_role,ESPLEY73,2.8,0.888288,1665
ecdf,dipolarophile_distortion_role,ESPLEY73,2.84,0.893093,1665
ecdf,dipolarophile_distortion_role,ESPLEY73,2.88,0.896697,1665
ecdf,dipolarophile_distortion_role,ESPLEY73,2.92,0.9003,1665
ecdf,dipolarophile_distortion_role,ESPLEY73,2.96,0.903904,1665
ecdf,dipolarophile_distortion_role,ESPLEY73,3,0.907508,1665
ecdf,dipolarophile_distortion_role,ESPLEY73,3.04,0.911111,1665
ecdf,dipolarophile_distortion_role,ESPLEY73,3.08,0.914715,1665
ecdf,dipolarophile_distortion_role,ESPLEY73,3.12,0.917718,1665
ecdf,dipolarophile_distortion_role,ESPLEY73,3.16,0.920721,1665
ecdf,dipolarophile_distortion_role,ESPLEY73,3.2,0.922523,1665
ecdf,dipolarophile_distortion_role,ESPLEY73,3.24,0.923123,1665
ecdf,dipolarophile_distortion_role,ESPLEY73,3.28,0.927327,1665
ecdf,dipolarophile_distortion_role,ESPLEY73,3.32,0.930931,1665
ecdf,dipolarophile_distortion_role,ESPLEY73,3.36,0.932132,1665
ecdf,dipolarophile_distortion_role,ESPLEY73,3.4,0.932733,1665
ecdf,dipolarophile_distortion_role,ESPLEY73,3.44,0.936937,1665
ecdf,dipolarophile_distortion_role,ESPLEY73,3.48,0.939339,1665
ecdf,dipolarophile_distortion_role,ESPLEY73,3.52,0.93994,1665
ecdf,dipolarophile_distortion_role,ESPLEY73,3.56,0.942342,1665
ecdf,dipolarophile_distortion_role,ESPLEY73,3.6,0.943544,1665
ecdf,dipolarophile_distortion_role,ESPLEY73,3.64,0.945345,1665
ecdf,dipolarophile_distortion_role,ESPLEY73,3.68,0.945345,1665
ecdf,dipolarophile_distortion_role,ESPLEY73,3.72,0.945946,1665
ecdf,dipolarophile_distortion_role,ESPLEY73,3.76,0.948949,1665
ecdf,dipolarophile_distortion_role,ESPLEY73,3.8,0.952553,1665
ecdf,dipolarophile_distortion_role,ESPLEY73,3.84,0.953754,1665
ecdf,dipolarophile_distortion_role,ESPLEY73,3.88,0.954955,1665
ecdf,dipolarophile_distortion_role,ESPLEY73,3.92,0.954955,1665
ecdf,dipolarophile_distortion_role,ESPLEY73,3.96,0.957357,1665
ecdf,dipolarophile_distortion_role,ESPLEY73,4,0.957958,1665
ecdf,dipolarophile_distortion_role,ESPLEY73,4.04,0.959159,1665
ecdf,dipolarophile_distortion_role,ESPLEY73,4.08,0.96036,1665
ecdf,dipolarophile_distortion_role,ESPLEY73,4.12,0.960961,1665
ecdf,dipolarophile_distortion_role,ESPLEY73,4.16,0.963363,1665
ecdf,dipolarophile_distortion_role,ESPLEY73,4.2,0.966366,1665
ecdf,dipolarophile_distortion_role,ESPLEY73,4.24,0.967568,1665
ecdf,dipolarophile_distortion_role,ESPLEY73,4.28,0.968769,1665
ecdf,dipolarophile_distortion_role,ESPLEY73,4.32,0.96997,1665
ecdf,dipolarophile_distortion_role,ESPLEY73,4.36,0.96997,1665
ecdf,dipolarophile_distortion_role,ESPLEY73,4.4,0.970571,1665
ecdf,dipolarophile_distortion_role,ESPLEY73,4.44,0.970571,1665
ecdf,dipolarophile_distortion_role,ESPLEY73,4.48,0.971171,1665
ecdf,dipolarophile_distortion_role,ESPLEY73,4.52,0.972372,1665
ecdf,dipolarophile_distortion_role,ESPLEY73,4.56,0.974174,1665
ecdf,dipolarophile_distortion_role,ESPLEY73,4.6,0.974775,1665
ecdf,dipolarophile_distortion_role,ESPLEY73,4.64,0.975976,1665
ecdf,dipolarophile_distortion_role,ESPLEY73,4.68,0.975976,1665
ecdf,dipolarophile_distortion_role,ESPLEY73,4.72,0.976577,1665
ecdf,dipolarophile_distortion_role,ESPLEY73,4.76,0.977177,1665
ecdf,dipolarophile_distortion_role,ESPLEY73,4.8,0.977778,1665
ecdf,dipolarophile_distortion_role,ESPLEY73,4.84,0.978378,1665
ecdf,dipolarophile_distortion_role,ESPLEY73,4.88,0.97958,1665
ecdf,dipolarophile_distortion_role,ESPLEY73,4.92,0.98018,1665
ecdf,dipolarophile_distortion_role,ESPLEY73,4.96,0.980781,1665
ecdf,dipolarophile_distortion_role,ESPLEY73,5,0.981381,1665
ecdf,dipolarophile_distortion_role,ESPLEY73,5.04,0.981982,1665
ecdf,dipolarophile_distortion_role,ESPLEY73,5.08,0.982583,1665
ecdf,dipolarophile_distortion_role,ESPLEY73,5.12,0.982583,1665
ecdf,dipolarophile_distortion_role,ESPLEY73,5.16,0.983183,1665
ecdf,dipolarophile_distortion_role,ESPLEY73,5.2,0.983784,1665
ecdf,dipolarophile_distortion_role,ESPLEY73,5.24,0.984384,1665
ecdf,dipolarophile_distortion_role,ESPLEY73,5.28,0.984384,1665
ecdf,dipolarophile_distortion_role,ESPLEY73,5.32,0.984384,1665
ecdf,dipolarophile_distortion_role,ESPLEY73,5.36,0.984985,1665
ecdf,dipolarophile_distortion_role,ESPLEY73,5.4,0.984985,1665
ecdf,dipolarophile_distortion_role,ESPLEY73,5.44,0.985586,1665
ecdf,dipolarophile_distortion_role,ESPLEY73,5.48,0.986787,1665
ecdf,dipolarophile_distortion_role,ESPLEY73,5.52,0.986787,1665
ecdf,dipolarophile_distortion_role,ESPLEY73,5.56,0.986787,1665
ecdf,dipolarophile_distortion_role,ESPLEY73,5.6,0.987387,1665
ecdf,dipolarophile_distortion_role,ESPLEY73,5.64,0.987988,1665
ecdf,dipolarophile_distortion_role,ESPLEY73,5.68,0.987988,1665
ecdf,dipolarophile_distortion_role,ESPLEY73,5.72,0.988589,1665
ecdf,dipolarophile_distortion_role,ESPLEY73,5.76,0.989189,1665
ecdf,dipolarophile_distortion_role,ESPLEY73,5.8,0.98979,1665
ecdf,dipolarophile_distortion_role,ESPLEY73,5.84,0.98979,1665
ecdf,dipolarophile_distortion_role,ESPLEY73,5.88,0.99039,1665
ecdf,dipolarophile_distortion_role,ESPLEY73,5.92,0.99039,1665
ecdf,dipolarophile_distortion_role,ESPLEY73,5.96,0.990991,1665
ecdf,dipolarophile_distortion_role,ESPLEY73,6,0.990991,1665
ecdf,dipolarophile_distortion_role,ESPLEY73,6.04,0.991592,1665
ecdf,dipolarophile_distortion_role,ESPLEY73,6.08,0.991592,1665
ecdf,dipolarophile_distortion_role,ESPLEY73,6.12,0.992192,1665
ecdf,dipolarophile_distortion_role,ESPLEY73,6.16,0.992793,1665
ecdf,dipolarophile_distortion_role,ESPLEY73,6.2,0.993393,1665
ecdf,dipolarophile_distortion_role,ESPLEY73,6.24,0.993393,1665
ecdf,dipolarophile_distortion_role,ESPLEY73,6.28,0.993994,1665
ecdf,dipolarophile_distortion_role,ESPLEY73,6.32,0.993994,1665
ecdf,dipolarophile_distortion_role,ESPLEY73,6.36,0.993994,1665
ecdf,dipolarophile_distortion_role,ESPLEY73,6.4,0.993994,1665
ecdf,dipolarophile_distortion_role,ESPLEY73,6.44,0.993994,1665
ecdf,dipolarophile_distortion_role,ESPLEY73,6.48,0.993994,1665
ecdf,dipolarophile_distortion_role,ESPLEY73,6.52,0.994595,1665
ecdf,dipolarophile_distortion_role,ESPLEY73,6.56,0.994595,1665
ecdf,dipolarophile_distortion_role,ESPLEY73,6.6,0.994595,1665
ecdf,dipolarophile_distortion_role,ESPLEY73,6.64,0.994595,1665
ecdf,dipolarophile_distortion_role,ESPLEY73,6.68,0.994595,1665
ecdf,dipolarophile_distortion_role,ESPLEY73,6.72,0.994595,1665
ecdf,dipolarophile_distortion_role,ESPLEY73,6.76,0.994595,1665
ecdf,dipolarophile_distortion_role,ESPLEY73,6.8,0.994595,1665
ecdf,dipolarophile_distortion_role,ESPLEY73,6.84,0.994595,1665
ecdf,dipolarophile_distortion_role,ESPLEY73,6.88,0.994595,1665
ecdf,dipolarophile_distortion_role,ESPLEY73,6.92,0.994595,1665
ecdf,dipolarophile_distortion_role,ESPLEY73,6.96,0.994595,1665
ecdf,dipolarophile_distortion_role,ESPLEY73,7,0.994595,1665
ecdf,dipolarophile_distortion_role,ESPLEY73,7.04,0.995195,1665
ecdf,dipolarophile_distortion_role,ESPLEY73,7.08,0.995796,1665
ecdf,dipolarophile_distortion_role,ESPLEY73,7.12,0.995796,1665
ecdf,dipolarophile_distortion_role,ESPLEY73,7.16,0.995796,1665
ecdf,dipolarophile_distortion_role,ESPLEY73,7.2,0.996396,1665
ecdf,dipolarophile_distortion_role,ESPLEY73,7.24,0.996396,1665
ecdf,dipolarophile_distortion_role,ESPLEY73,7.28,0.996396,1665
ecdf,dipolarophile_distortion_role,ESPLEY73,7.32,0.996396,1665
ecdf,dipolarophile_distortion_role,ESPLEY73,7.36,0.996396,1665
ecdf,dipolarophile_distortion_role,ESPLEY73,7.4,0.996396,1665
ecdf,dipolarophile_distortion_role,ESPLEY73,7.44,0.996396,1665
ecdf,dipolarophile_distortion_role,ESPLEY73,7.48,0.996396,1665
ecdf,dipolarophile_distortion_role,ESPLEY73,7.52,0.996396,1665
ecdf,dipolarophile_distortion_role,ESPLEY73,7.56,0.996396,1665
ecdf,dipolarophile_distortion_role,ESPLEY73,7.6,0.996396,1665
ecdf,dipolarophile_distortion_role,ESPLEY73,7.64,0.996396,1665
ecdf,dipolarophile_distortion_role,ESPLEY73,7.68,0.996396,1665
ecdf,dipolarophile_distortion_role,ESPLEY73,7.72,0.996396,1665
ecdf,dipolarophile_distortion_role,ESPLEY73,7.76,0.996396,1665
ecdf,dipolarophile_distortion_role,ESPLEY73,7.8,0.996396,1665
ecdf,dipolarophile_distortion_role,ESPLEY73,7.84,0.996396,1665
ecdf,dipolarophile_distortion_role,ESPLEY73,7.88,0.996997,1665
ecdf,dipolarophile_distortion_role,ESPLEY73,7.92,0.996997,1665
ecdf,dipolarophile_distortion_role,ESPLEY73,7.96,0.996997,1665
ecdf,dipolarophile_distortion_role,ESPLEY73,8,0.996997,1665
within_1,dipolarophile_distortion_role,ESPLEY73,1,0.508709,1665
within_2,dipolarophile_distortion_role,ESPLEY73,2,0.788589,1665
ecdf,dipolarophile_distortion_role,EXT_SEL,0,0,1665
ecdf,dipolarophile_distortion_role,EXT_SEL,0.04,0.0192192,1665
ecdf,dipolarophile_distortion_role,EXT_SEL,0.08,0.0486486,1665
ecdf,dipolarophile_distortion_role,EXT_SEL,0.12,0.0642643,1665
ecdf,dipolarophile_distortion_role,EXT_SEL,0.16,0.0906907,1665
ecdf,dipolarophile_distortion_role,EXT_SEL,0.2,0.116517,1665
ecdf,dipolarophile_distortion_role,EXT_SEL,0.24,0.146547,1665
ecdf,dipolarophile_distortion_role,EXT_SEL,0.28,0.168769,1665
ecdf,dipolarophile_distortion_role,EXT_SEL,0.32,0.194595,1665
ecdf,dipolarophile_distortion_role,EXT_SEL,0.36,0.212012,1665
ecdf,dipolarophile_distortion_role,EXT_SEL,0.4,0.237237,1665
ecdf,dipolarophile_distortion_role,EXT_SEL,0.44,0.266667,1665
ecdf,dipolarophile_distortion_role,EXT_SEL,0.48,0.286486,1665
ecdf,dipolarophile_distortion_role,EXT_SEL,0.52,0.303303,1665
ecdf,dipolarophile_distortion_role,EXT_SEL,0.56,0.324925,1665
ecdf,dipolarophile_distortion_role,EXT_SEL,0.6,0.344745,1665
ecdf,dipolarophile_distortion_role,EXT_SEL,0.64,0.366366,1665
ecdf,dipolarophile_distortion_role,EXT_SEL,0.68,0.38979,1665
ecdf,dipolarophile_distortion_role,EXT_SEL,0.72,0.408408,1665
ecdf,dipolarophile_distortion_role,EXT_SEL,0.76,0.427027,1665
ecdf,dipolarophile_distortion_role,EXT_SEL,0.8,0.446246,1665
ecdf,dipolarophile_distortion_role,EXT_SEL,0.84,0.460661,1665
ecdf,dipolarophile_distortion_role,EXT_SEL,0.88,0.476276,1665
ecdf,dipolarophile_distortion_role,EXT_SEL,0.92,0.495495,1665
ecdf,dipolarophile_distortion_role,EXT_SEL,0.96,0.513514,1665
ecdf,dipolarophile_distortion_role,EXT_SEL,1,0.531532,1665
ecdf,dipolarophile_distortion_role,EXT_SEL,1.04,0.551952,1665
ecdf,dipolarophile_distortion_role,EXT_SEL,1.08,0.561562,1665
ecdf,dipolarophile_distortion_role,EXT_SEL,1.12,0.578378,1665
ecdf,dipolarophile_distortion_role,EXT_SEL,1.16,0.595796,1665
ecdf,dipolarophile_distortion_role,EXT_SEL,1.2,0.61021,1665
ecdf,dipolarophile_distortion_role,EXT_SEL,1.24,0.623423,1665
ecdf,dipolarophile_distortion_role,EXT_SEL,1.28,0.642042,1665
ecdf,dipolarophile_distortion_role,EXT_SEL,1.32,0.654054,1665
ecdf,dipolarophile_distortion_role,EXT_SEL,1.36,0.669069,1665
ecdf,dipolarophile_distortion_role,EXT_SEL,1.4,0.682282,1665
ecdf,dipolarophile_distortion_role,EXT_SEL,1.44,0.694294,1665
ecdf,dipolarophile_distortion_role,EXT_SEL,1.48,0.706306,1665
ecdf,dipolarophile_distortion_role,EXT_SEL,1.52,0.715916,1665
ecdf,dipolarophile_distortion_role,EXT_SEL,1.56,0.732733,1665
ecdf,dipolarophile_distortion_role,EXT_SEL,1.6,0.741141,1665
ecdf,dipolarophile_distortion_role,EXT_SEL,1.64,0.74955,1665
ecdf,dipolarophile_distortion_role,EXT_SEL,1.68,0.76036,1665
ecdf,dipolarophile_distortion_role,EXT_SEL,1.72,0.772372,1665
ecdf,dipolarophile_distortion_role,EXT_SEL,1.76,0.77958,1665
ecdf,dipolarophile_distortion_role,EXT_SEL,1.8,0.787387,1665
ecdf,dipolarophile_distortion_role,EXT_SEL,1.84,0.793994,1665
ecdf,dipolarophile_distortion_role,EXT_SEL,1.88,0.802402,1665
ecdf,dipolarophile_distortion_role,EXT_SEL,1.92,0.807207,1665
ecdf,dipolarophile_distortion_role,EXT_SEL,1.96,0.811411,1665
ecdf,dipolarophile_distortion_role,EXT_SEL,2,0.818018,1665
ecdf,dipolarophile_distortion_role,EXT_SEL,2.04,0.824024,1665
ecdf,dipolarophile_distortion_role,EXT_SEL,2.08,0.825826,1665
ecdf,dipolarophile_distortion_role,EXT_SEL,2.12,0.831231,1665
ecdf,dipolarophile_distortion_role,EXT_SEL,2.16,0.83964,1665
ecdf,dipolarophile_distortion_role,EXT_SEL,2.2,0.845045,1665
ecdf,dipolarophile_distortion_role,EXT_SEL,2.24,0.853453,1665
ecdf,dipolarophile_distortion_role,EXT_SEL,2.28,0.86006,1665
ecdf,dipolarophile_distortion_role,EXT_SEL,2.32,0.866066,1665
ecdf,dipolarophile_distortion_role,EXT_SEL,2.36,0.871471,1665
ecdf,dipolarophile_distortion_role,EXT_SEL,2.4,0.876276,1665
ecdf,dipolarophile_distortion_role,EXT_SEL,2.44,0.882282,1665
ecdf,dipolarophile_distortion_role,EXT_SEL,2.48,0.884084,1665
ecdf,dipolarophile_distortion_role,EXT_SEL,2.52,0.888288,1665
ecdf,dipolarophile_distortion_role,EXT_SEL,2.56,0.889489,1665
ecdf,dipolarophile_distortion_role,EXT_SEL,2.6,0.894895,1665
ecdf,dipolarophile_distortion_role,EXT_SEL,2.64,0.899099,1665
ecdf,dipolarophile_distortion_role,EXT_SEL,2.68,0.902703,1665
ecdf,dipolarophile_distortion_role,EXT_SEL,2.72,0.905105,1665
ecdf,dipolarophile_distortion_role,EXT_SEL,2.76,0.908108,1665
ecdf,dipolarophile_distortion_role,EXT_SEL,2.8,0.912913,1665
ecdf,dipolarophile_distortion_role,EXT_SEL,2.84,0.917117,1665
ecdf,dipolarophile_distortion_role,EXT_SEL,2.88,0.918919,1665
ecdf,dipolarophile_distortion_role,EXT_SEL,2.92,0.921922,1665
ecdf,dipolarophile_distortion_role,EXT_SEL,2.96,0.926126,1665
ecdf,dipolarophile_distortion_role,EXT_SEL,3,0.927928,1665
ecdf,dipolarophile_distortion_role,EXT_SEL,3.04,0.928529,1665
ecdf,dipolarophile_distortion_role,EXT_SEL,3.08,0.930931,1665
ecdf,dipolarophile_distortion_role,EXT_SEL,3.12,0.933333,1665
ecdf,dipolarophile_distortion_role,EXT_SEL,3.16,0.934535,1665
ecdf,dipolarophile_distortion_role,EXT_SEL,3.2,0.936937,1665
ecdf,dipolarophile_distortion_role,EXT_SEL,3.24,0.940541,1665
ecdf,dipolarophile_distortion_role,EXT_SEL,3.28,0.942943,1665
ecdf,dipolarophile_distortion_role,EXT_SEL,3.32,0.946547,1665
ecdf,dipolarophile_distortion_role,EXT_SEL,3.36,0.947147,1665
ecdf,dipolarophile_distortion_role,EXT_SEL,3.4,0.948949,1665
ecdf,dipolarophile_distortion_role,EXT_SEL,3.44,0.95015,1665
ecdf,dipolarophile_distortion_role,EXT_SEL,3.48,0.950751,1665
ecdf,dipolarophile_distortion_role,EXT_SEL,3.52,0.950751,1665
ecdf,dipolarophile_distortion_role,EXT_SEL,3.56,0.952553,1665
ecdf,dipolarophile_distortion_role,EXT_SEL,3.6,0.953153,1665
ecdf,dipolarophile_distortion_role,EXT_SEL,3.64,0.954955,1665
ecdf,dipolarophile_distortion_role,EXT_SEL,3.68,0.956156,1665
ecdf,dipolarophile_distortion_role,EXT_SEL,3.72,0.957958,1665
ecdf,dipolarophile_distortion_role,EXT_SEL,3.76,0.959159,1665
ecdf,dipolarophile_distortion_role,EXT_SEL,3.8,0.96036,1665
ecdf,dipolarophile_distortion_role,EXT_SEL,3.84,0.961562,1665
ecdf,dipolarophile_distortion_role,EXT_SEL,3.88,0.962763,1665
ecdf,dipolarophile_distortion_role,EXT_SEL,3.92,0.962763,1665
ecdf,dipolarophile_distortion_role,EXT_SEL,3.96,0.963964,1665
ecdf,dipolarophile_distortion_role,EXT_SEL,4,0.965165,1665
ecdf,dipolarophile_distortion_role,EXT_SEL,4.04,0.966366,1665
ecdf,dipolarophile_distortion_role,EXT_SEL,4.08,0.967568,1665
ecdf,dipolarophile_distortion_role,EXT_SEL,4.12,0.968769,1665
ecdf,dipolarophile_distortion_role,EXT_SEL,4.16,0.971772,1665
ecdf,dipolarophile_distortion_role,EXT_SEL,4.2,0.972973,1665
ecdf,dipolarophile_distortion_role,EXT_SEL,4.24,0.972973,1665
ecdf,dipolarophile_distortion_role,EXT_SEL,4.28,0.974174,1665
ecdf,dipolarophile_distortion_role,EXT_SEL,4.32,0.975375,1665
ecdf,dipolarophile_distortion_role,EXT_SEL,4.36,0.976577,1665
ecdf,dipolarophile_distortion_role,EXT_SEL,4.4,0.978378,1665
ecdf,dipolarophile_distortion_role,EXT_SEL,4.44,0.978979,1665
ecdf,dipolarophile_distortion_role,EXT_SEL,4.48,0.97958,1665
ecdf,dipolarophile_distortion_role,EXT_SEL,4.52,0.98018,1665
ecdf,dipolarophile_distortion_role,EXT_SEL,4.56,0.983784,1665
ecdf,dipolarophile_distortion_role,EXT_SEL,4.6,0.983784,1665
ecdf,dipolarophile_distortion_role,EXT_SEL,4.64,0.983784,1665
ecdf,dipolarophile_distortion_role,EXT_SEL,4.68,0.984384,1665
ecdf,dipolarophile_distortion_role,EXT_SEL,4.72,0.984985,1665
ecdf,dipolarophile_distortion_role,EXT_SEL,4.76,0.984985,1665
ecdf,dipolarophile_distortion_role,EXT_SEL,4.8,0.984985,1665
ecdf,dipolarophile_distortion_role,EXT_SEL,4.84,0.986186,1665
ecdf,dipolarophile_distortion_role,EXT_SEL,4.88,0.986186,1665
ecdf,dipolarophile_distortion_role,EXT_SEL,4.92,0.986787,1665
ecdf,dipolarophile_distortion_role,EXT_SEL,4.96,0.987387,1665
ecdf,dipolarophile_distortion_role,EXT_SEL,5,0.987387,1665
ecdf,dipolarophile_distortion_role,EXT_SEL,5.04,0.987988,1665
ecdf,dipolarophile_distortion_role,EXT_SEL,5.08,0.987988,1665
ecdf,dipolarophile_distortion_role,EXT_SEL,5.12,0.987988,1665
ecdf,dipolarophile_distortion_role,EXT_SEL,5.16,0.987988,1665
ecdf,dipolarophile_distortion_role,EXT_SEL,5.2,0.988589,1665
ecdf,dipolarophile_distortion_role,EXT_SEL,5.24,0.988589,1665
ecdf,dipolarophile_distortion_role,EXT_SEL,5.28,0.988589,1665
ecdf,dipolarophile_distortion_role,EXT_SEL,5.32,0.989189,1665
ecdf,dipolarophile_distortion_role,EXT_SEL,5.36,0.989189,1665
ecdf,dipolarophile_distortion_role,EXT_SEL,5.4,0.98979,1665
ecdf,dipolarophile_distortion_role,EXT_SEL,5.44,0.98979,1665
ecdf,dipolarophile_distortion_role,EXT_SEL,5.48,0.98979,1665
ecdf,dipolarophile_distortion_role,EXT_SEL,5.52,0.98979,1665
ecdf,dipolarophile_distortion_role,EXT_SEL,5.56,0.98979,1665
ecdf,dipolarophile_distortion_role,EXT_SEL,5.6,0.98979,1665
ecdf,dipolarophile_distortion_role,EXT_SEL,5.64,0.98979,1665
ecdf,dipolarophile_distortion_role,EXT_SEL,5.68,0.99039,1665
ecdf,dipolarophile_distortion_role,EXT_SEL,5.72,0.991592,1665
ecdf,dipolarophile_distortion_role,EXT_SEL,5.76,0.991592,1665
ecdf,dipolarophile_distortion_role,EXT_SEL,5.8,0.992192,1665
ecdf,dipolarophile_distortion_role,EXT_SEL,5.84,0.992793,1665
ecdf,dipolarophile_distortion_role,EXT_SEL,5.88,0.992793,1665
ecdf,dipolarophile_distortion_role,EXT_SEL,5.92,0.993393,1665
ecdf,dipolarophile_distortion_role,EXT_SEL,5.96,0.993393,1665
ecdf,dipolarophile_distortion_role,EXT_SEL,6,0.993393,1665
ecdf,dipolarophile_distortion_role,EXT_SEL,6.04,0.993393,1665
ecdf,dipolarophile_distortion_role,EXT_SEL,6.08,0.993393,1665
ecdf,dipolarophile_distortion_role,EXT_SEL,6.12,0.993393,1665
ecdf,dipolarophile_distortion_role,EXT_SEL,6.16,0.993994,1665
ecdf,dipolarophile_distortion_role,EXT_SEL,6.2,0.993994,1665
ecdf,dipolarophile_distortion_role,EXT_SEL,6.24,0.993994,1665
ecdf,dipolarophile_distortion_role,EXT_SEL,6.28,0.994595,1665
ecdf,dipolarophile_distortion_role,EXT_SEL,6.32,0.995195,1665
ecdf,dipolarophile_distortion_role,EXT_SEL,6.36,0.995195,1665
ecdf,dipolarophile_distortion_role,EXT_SEL,6.4,0.995796,1665
ecdf,dipolarophile_distortion_role,EXT_SEL,6.44,0.995796,1665
ecdf,dipolarophile_distortion_role,EXT_SEL,6.48,0.996396,1665
ecdf,dipolarophile_distortion_role,EXT_SEL,6.52,0.996396,1665
ecdf,dipolarophile_distortion_role,EXT_SEL,6.56,0.996396,1665
ecdf,dipolarophile_distortion_role,EXT_SEL,6.6,0.996396,1665
ecdf,dipolarophile_distortion_role,EXT_SEL,6.64,0.996396,1665
ecdf,dipolarophile_distortion_role,EXT_SEL,6.68,0.996396,1665
ecdf,dipolarophile_distortion_role,EXT_SEL,6.72,0.996997,1665
ecdf,dipolarophile_distortion_role,EXT_SEL,6.76,0.996997,1665
ecdf,dipolarophile_distortion_role,EXT_SEL,6.8,0.996997,1665
ecdf,dipolarophile_distortion_role,EXT_SEL,6.84,0.996997,1665
ecdf,dipolarophile_distortion_role,EXT_SEL,6.88,0.996997,1665
ecdf,dipolarophile_distortion_role,EXT_SEL,6.92,0.996997,1665
ecdf,dipolarophile_distortion_role,EXT_SEL,6.96,0.996997,1665
ecdf,dipolarophile_distortion_role,EXT_SEL,7,0.996997,1665
ecdf,dipolarophile_distortion_role,EXT_SEL,7.04,0.996997,1665
ecdf,dipolarophile_distortion_role,EXT_SEL,7.08,0.996997,1665
ecdf,dipolarophile_distortion_role,EXT_SEL,7.12,0.996997,1665
ecdf,dipolarophile_distortion_role,EXT_SEL,7.16,0.996997,1665
ecdf,dipolarophile_distortion_role,EXT_SEL,7.2,0.996997,1665
ecdf,dipolarophile_distortion_role,EXT_SEL,7.24,0.996997,1665
ecdf,dipolarophile_distortion_role,EXT_SEL,7.28,0.996997,1665
ecdf,dipolarophile_distortion_role,EXT_SEL,7.32,0.996997,1665
ecdf,dipolarophile_distortion_role,EXT_SEL,7.36,0.996997,1665
ecdf,dipolarophile_distortion_role,EXT_SEL,7.4,0.996997,1665
ecdf,dipolarophile_distortion_role,EXT_SEL,7.44,0.996997,1665
ecdf,dipolarophile_distortion_role,EXT_SEL,7.48,0.996997,1665
ecdf,dipolarophile_distortion_role,EXT_SEL,7.52,0.996997,1665
ecdf,dipolarophile_distortion_role,EXT_SEL,7.56,0.996997,1665
ecdf,dipolarophile_distortion_role,EXT_SEL,7.6,0.996997,1665
ecdf,dipolarophile_distortion_role,EXT_SEL,7.64,0.997598,1665
ecdf,dipolarophile_distortion_role,EXT_SEL,7.68,0.997598,1665
ecdf,dipolarophile_distortion_role,EXT_SEL,7.72,0.997598,1665
ecdf,dipolarophile_distortion_role,EXT_SEL,7.76,0.997598,1665
ecdf,dipolarophile_distortion_role,EXT_SEL,7.8,0.997598,1665
ecdf,dipolarophile_distortion_role,EXT_SEL,7.84,0.997598,1665
ecdf,dipolarophile_distortion_role,EXT_SEL,7.88,0.997598,1665
ecdf,dipolarophile_distortion_role,EXT_SEL,7.92,0.997598,1665
ecdf,dipolarophile_distortion_role,EXT_SEL,7.96,0.997598,1665
ecdf,dipolarophile_distortion_role,EXT_SEL,8,0.997598,1665
within_1,dipolarophile_distortion_role,EXT_SEL,1,0.531532,1665
within_2,dipolarophile_distortion_role,EXT_SEL,2,0.818018,1665
ecdf,interaction_energies_dft,Espley,0,0,1665
ecdf,interaction_energies_dft,Espley,0.05,0.0114114,1665
ecdf,interaction_energies_dft,Espley,0.1,0.0288288,1665
ecdf,interaction_energies_dft,Espley,0.15,0.0474474,1665
ecdf,interaction_energies_dft,Espley,0.2,0.0630631,1665
ecdf,interaction_energies_dft,Espley,0.25,0.0774775,1665
ecdf,interaction_energies_dft,Espley,0.3,0.0948949,1665
ecdf,interaction_energies_dft,Espley,0.35,0.108108,1665
ecdf,interaction_energies_dft,Espley,0.4,0.118318,1665
ecdf,interaction_energies_dft,Espley,0.45,0.136336,1665
ecdf,interaction_energies_dft,Espley,0.5,0.153153,1665
ecdf,interaction_energies_dft,Espley,0.55,0.168168,1665
ecdf,interaction_energies_dft,Espley,0.6,0.183784,1665
ecdf,interaction_energies_dft,Espley,0.65,0.199399,1665
ecdf,interaction_energies_dft,Espley,0.7,0.215616,1665
ecdf,interaction_energies_dft,Espley,0.75,0.226426,1665
ecdf,interaction_energies_dft,Espley,0.8,0.23964,1665
ecdf,interaction_energies_dft,Espley,0.85,0.249249,1665
ecdf,interaction_energies_dft,Espley,0.9,0.263063,1665
ecdf,interaction_energies_dft,Espley,0.95,0.275676,1665
ecdf,interaction_energies_dft,Espley,1,0.289489,1665
ecdf,interaction_energies_dft,Espley,1.05,0.299099,1665
ecdf,interaction_energies_dft,Espley,1.1,0.314114,1665
ecdf,interaction_energies_dft,Espley,1.15,0.33033,1665
ecdf,interaction_energies_dft,Espley,1.2,0.342943,1665
ecdf,interaction_energies_dft,Espley,1.25,0.361562,1665
ecdf,interaction_energies_dft,Espley,1.3,0.372973,1665
ecdf,interaction_energies_dft,Espley,1.35,0.378378,1665
ecdf,interaction_energies_dft,Espley,1.4,0.395796,1665
ecdf,interaction_energies_dft,Espley,1.45,0.403604,1665
ecdf,interaction_energies_dft,Espley,1.5,0.421021,1665
ecdf,interaction_energies_dft,Espley,1.55,0.434234,1665
ecdf,interaction_energies_dft,Espley,1.6,0.446246,1665
ecdf,interaction_energies_dft,Espley,1.65,0.454655,1665
ecdf,interaction_energies_dft,Espley,1.7,0.467267,1665
ecdf,interaction_energies_dft,Espley,1.75,0.48048,1665
ecdf,interaction_energies_dft,Espley,1.8,0.490691,1665
ecdf,interaction_energies_dft,Espley,1.85,0.4997,1665
ecdf,interaction_energies_dft,Espley,1.9,0.508709,1665
ecdf,interaction_energies_dft,Espley,1.95,0.518318,1665
ecdf,interaction_energies_dft,Espley,2,0.532733,1665
ecdf,interaction_energies_dft,Espley,2.05,0.548348,1665
ecdf,interaction_energies_dft,Espley,2.1,0.554354,1665
ecdf,interaction_energies_dft,Espley,2.15,0.566366,1665
ecdf,interaction_energies_dft,Espley,2.2,0.575375,1665
ecdf,interaction_energies_dft,Espley,2.25,0.582583,1665
ecdf,interaction_energies_dft,Espley,2.3,0.594595,1665
ecdf,interaction_energies_dft,Espley,2.35,0.601201,1665
ecdf,interaction_energies_dft,Espley,2.4,0.612613,1665
ecdf,interaction_energies_dft,Espley,2.45,0.618619,1665
ecdf,interaction_energies_dft,Espley,2.5,0.627628,1665
ecdf,interaction_energies_dft,Espley,2.55,0.633634,1665
ecdf,interaction_energies_dft,Espley,2.6,0.642042,1665
ecdf,interaction_energies_dft,Espley,2.65,0.649249,1665
ecdf,interaction_energies_dft,Espley,2.7,0.661261,1665
ecdf,interaction_energies_dft,Espley,2.75,0.668468,1665
ecdf,interaction_energies_dft,Espley,2.8,0.676276,1665
ecdf,interaction_energies_dft,Espley,2.85,0.682282,1665
ecdf,interaction_energies_dft,Espley,2.9,0.688889,1665
ecdf,interaction_energies_dft,Espley,2.95,0.693093,1665
ecdf,interaction_energies_dft,Espley,3,0.697898,1665
ecdf,interaction_energies_dft,Espley,3.05,0.707508,1665
ecdf,interaction_energies_dft,Espley,3.1,0.717117,1665
ecdf,interaction_energies_dft,Espley,3.15,0.721922,1665
ecdf,interaction_energies_dft,Espley,3.2,0.72973,1665
ecdf,interaction_energies_dft,Espley,3.25,0.734535,1665
ecdf,interaction_energies_dft,Espley,3.3,0.740541,1665
ecdf,interaction_energies_dft,Espley,3.35,0.744144,1665
ecdf,interaction_energies_dft,Espley,3.4,0.746547,1665
ecdf,interaction_energies_dft,Espley,3.45,0.751952,1665
ecdf,interaction_energies_dft,Espley,3.5,0.756757,1665
ecdf,interaction_energies_dft,Espley,3.55,0.762763,1665
ecdf,interaction_energies_dft,Espley,3.6,0.771772,1665
ecdf,interaction_energies_dft,Espley,3.65,0.775375,1665
ecdf,interaction_energies_dft,Espley,3.7,0.78018,1665
ecdf,interaction_energies_dft,Espley,3.75,0.784985,1665
ecdf,interaction_energies_dft,Espley,3.8,0.78979,1665
ecdf,interaction_energies_dft,Espley,3.85,0.794595,1665
ecdf,interaction_energies_dft,Espley,3.9,0.801201,1665
ecdf,interaction_energies_dft,Espley,3.95,0.806607,1665
ecdf,interaction_energies_dft,Espley,4,0.809009,1665
ecdf,interaction_energies_dft,Espley,4.05,0.812613,1665
ecdf,interaction_energies_dft,Espley,4.1,0.815616,1665
ecdf,interaction_energies_dft,Espley,4.15,0.818018,1665
ecdf,interaction_energies_dft,Espley,4.2,0.822823,1665
ecdf,interaction_energies_dft,Espley,4.25,0.828228,1665
ecdf,interaction_energies_dft,Espley,4.3,0.831832,1665
ecdf,interaction_energies_dft,Espley,4.35,0.835435,1665
ecdf,interaction_energies_dft,Espley,4.4,0.841441,1665
ecdf,interaction_energies_dft,Espley,4.45,0.845646,1665
ecdf,interaction_energies_dft,Espley,4.5,0.849249,1665
ecdf,interaction_energies_dft,Espley,4.55,0.85045,1665
ecdf,interaction_energies_dft,Espley,4.6,0.853453,1665
ecdf,interaction_energies_dft,Espley,4.65,0.855255,1665
ecdf,interaction_energies_dft,Espley,4.7,0.857658,1665
ecdf,interaction_energies_dft,Espley,4.75,0.860661,1665
ecdf,interaction_energies_dft,Espley,4.8,0.863063,1665
ecdf,interaction_energies_dft,Espley,4.85,0.867868,1665
ecdf,interaction_energies_dft,Espley,4.9,0.86967,1665
ecdf,interaction_energies_dft,Espley,4.95,0.873874,1665
ecdf,interaction_energies_dft,Espley,5,0.877477,1665
ecdf,interaction_energies_dft,Espley,5.05,0.87988,1665
ecdf,interaction_energies_dft,Espley,5.1,0.881682,1665
ecdf,interaction_energies_dft,Espley,5.15,0.884685,1665
ecdf,interaction_energies_dft,Espley,5.2,0.888288,1665
ecdf,interaction_energies_dft,Espley,5.25,0.891291,1665
ecdf,interaction_energies_dft,Espley,5.3,0.893093,1665
ecdf,interaction_energies_dft,Espley,5.35,0.896096,1665
ecdf,interaction_energies_dft,Espley,5.4,0.897297,1665
ecdf,interaction_energies_dft,Espley,5.45,0.8997,1665
ecdf,interaction_energies_dft,Espley,5.5,0.9003,1665
ecdf,interaction_energies_dft,Espley,5.55,0.901502,1665
ecdf,interaction_energies_dft,Espley,5.6,0.903303,1665
ecdf,interaction_energies_dft,Espley,5.65,0.906306,1665
ecdf,interaction_energies_dft,Espley,5.7,0.909309,1665
ecdf,interaction_energies_dft,Espley,5.75,0.912312,1665
ecdf,interaction_energies_dft,Espley,5.8,0.913514,1665
ecdf,interaction_energies_dft,Espley,5.85,0.916517,1665
ecdf,interaction_energies_dft,Espley,5.9,0.918919,1665
ecdf,interaction_energies_dft,Espley,5.95,0.921321,1665
ecdf,interaction_energies_dft,Espley,6,0.923123,1665
ecdf,interaction_energies_dft,Espley,6.05,0.924925,1665
ecdf,interaction_energies_dft,Espley,6.1,0.926727,1665
ecdf,interaction_energies_dft,Espley,6.15,0.927928,1665
ecdf,interaction_energies_dft,Espley,6.2,0.93033,1665
ecdf,interaction_energies_dft,Espley,6.25,0.930931,1665
ecdf,interaction_energies_dft,Espley,6.3,0.932132,1665
ecdf,interaction_energies_dft,Espley,6.35,0.935135,1665
ecdf,interaction_energies_dft,Espley,6.4,0.936336,1665
ecdf,interaction_energies_dft,Espley,6.45,0.939339,1665
ecdf,interaction_energies_dft,Espley,6.5,0.941141,1665
ecdf,interaction_energies_dft,Espley,6.55,0.941742,1665
ecdf,interaction_energies_dft,Espley,6.6,0.944144,1665
ecdf,interaction_energies_dft,Espley,6.65,0.944745,1665
ecdf,interaction_energies_dft,Espley,6.7,0.945946,1665
ecdf,interaction_energies_dft,Espley,6.75,0.948949,1665
ecdf,interaction_energies_dft,Espley,6.8,0.94955,1665
ecdf,interaction_energies_dft,Espley,6.85,0.95015,1665
ecdf,interaction_energies_dft,Espley,6.9,0.951351,1665
ecdf,interaction_energies_dft,Espley,6.95,0.951952,1665
ecdf,interaction_energies_dft,Espley,7,0.952553,1665
ecdf,interaction_energies_dft,Espley,7.05,0.953754,1665
ecdf,interaction_energies_dft,Espley,7.1,0.954955,1665
ecdf,interaction_energies_dft,Espley,7.15,0.956757,1665
ecdf,interaction_energies_dft,Espley,7.2,0.956757,1665
ecdf,interaction_energies_dft,Espley,7.25,0.958559,1665
ecdf,interaction_energies_dft,Espley,7.3,0.959159,1665
ecdf,interaction_energies_dft,Espley,7.35,0.961562,1665
ecdf,interaction_energies_dft,Espley,7.4,0.963964,1665
ecdf,interaction_energies_dft,Espley,7.45,0.964565,1665
ecdf,interaction_energies_dft,Espley,7.5,0.965165,1665
ecdf,interaction_energies_dft,Espley,7.55,0.965766,1665
ecdf,interaction_energies_dft,Espley,7.6,0.965766,1665
ecdf,interaction_energies_dft,Espley,7.65,0.968769,1665
ecdf,interaction_energies_dft,Espley,7.7,0.969369,1665
ecdf,interaction_energies_dft,Espley,7.75,0.970571,1665
ecdf,interaction_energies_dft,Espley,7.8,0.971772,1665
ecdf,interaction_energies_dft,Espley,7.85,0.972372,1665
ecdf,interaction_energies_dft,Espley,7.9,0.972973,1665
ecdf,interaction_energies_dft,Espley,7.95,0.974174,1665
ecdf,interaction_energies_dft,Espley,8,0.975375,1665
ecdf,interaction_energies_dft,Espley,8.05,0.975375,1665
ecdf,interaction_energies_dft,Espley,8.1,0.975375,1665
ecdf,interaction_energies_dft,Espley,8.15,0.976577,1665
ecdf,interaction_energies_dft,Espley,8.2,0.978378,1665
ecdf,interaction_energies_dft,Espley,8.25,0.97958,1665
ecdf,interaction_energies_dft,Espley,8.3,0.98018,1665
ecdf,interaction_energies_dft,Espley,8.35,0.98018,1665
ecdf,interaction_energies_dft,Espley,8.4,0.981982,1665
ecdf,interaction_energies_dft,Espley,8.45,0.983183,1665
ecdf,interaction_energies_dft,Espley,8.5,0.983183,1665
ecdf,interaction_energies_dft,Espley,8.55,0.983183,1665
ecdf,interaction_energies_dft,Espley,8.6,0.983183,1665
ecdf,interaction_energies_dft,Espley,8.65,0.984384,1665
ecdf,interaction_energies_dft,Espley,8.7,0.984384,1665
ecdf,interaction_energies_dft,Espley,8.75,0.984384,1665
ecdf,interaction_energies_dft,Espley,8.8,0.984985,1665
ecdf,interaction_energies_dft,Espley,8.85,0.984985,1665
ecdf,interaction_energies_dft,Espley,8.9,0.984985,1665
ecdf,interaction_energies_dft,Espley,8.95,0.985586,1665
ecdf,interaction_energies_dft,Espley,9,0.986186,1665
ecdf,interaction_energies_dft,Espley,9.05,0.987387,1665
ecdf,interaction_energies_dft,Espley,9.1,0.987387,1665
ecdf,interaction_energies_dft,Espley,9.15,0.987387,1665
ecdf,interaction_energies_dft,Espley,9.2,0.987988,1665
ecdf,interaction_energies_dft,Espley,9.25,0.987988,1665
ecdf,interaction_energies_dft,Espley,9.3,0.987988,1665
ecdf,interaction_energies_dft,Espley,9.35,0.987988,1665
ecdf,interaction_energies_dft,Espley,9.4,0.987988,1665
ecdf,interaction_energies_dft,Espley,9.45,0.987988,1665
ecdf,interaction_energies_dft,Espley,9.5,0.987988,1665
ecdf,interaction_energies_dft,Espley,9.55,0.988589,1665
ecdf,interaction_energies_dft,Espley,9.6,0.989189,1665
ecdf,interaction_energies_dft,Espley,9.65,0.98979,1665
ecdf,interaction_energies_dft,Espley,9.7,0.98979,1665
ecdf,interaction_energies_dft,Espley,9.75,0.98979,1665
ecdf,interaction_energies_dft,Espley,9.8,0.990991,1665
ecdf,interaction_energies_dft,Espley,9.85,0.990991,1665
ecdf,interaction_energies_dft,Espley,9.9,0.990991,1665
ecdf,interaction_energies_dft,Espley,9.95,0.990991,1665
ecdf,interaction_energies_dft,Espley,10,0.992192,1665
within_1,interaction_energies_dft,Espley,1,0.289489,1665
within_2,interaction_energies_dft,Espley,2,0.532733,1665
ecdf,interaction_energies_dft,ESPLEY46,0,0,1665
ecdf,interaction_energies_dft,ESPLEY46,0.05,0.018018,1665
ecdf,interaction_energies_dft,ESPLEY46,0.1,0.036036,1665
ecdf,interaction_energies_dft,ESPLEY46,0.15,0.0552553,1665
ecdf,interaction_energies_dft,ESPLEY46,0.2,0.0690691,1665
ecdf,interaction_energies_dft,ESPLEY46,0.25,0.0948949,1665
ecdf,interaction_energies_dft,ESPLEY46,0.3,0.121321,1665
ecdf,interaction_energies_dft,ESPLEY46,0.35,0.144745,1665
ecdf,interaction_energies_dft,ESPLEY46,0.4,0.16036,1665
ecdf,interaction_energies_dft,ESPLEY46,0.45,0.180781,1665
ecdf,interaction_energies_dft,ESPLEY46,0.5,0.2,1665
ecdf,interaction_energies_dft,ESPLEY46,0.55,0.221622,1665
ecdf,interaction_energies_dft,ESPLEY46,0.6,0.24024,1665
ecdf,interaction_energies_dft,ESPLEY46,0.65,0.263063,1665
ecdf,interaction_energies_dft,ESPLEY46,0.7,0.282282,1665
ecdf,interaction_energies_dft,ESPLEY46,0.75,0.306907,1665
ecdf,interaction_energies_dft,ESPLEY46,0.8,0.322523,1665
ecdf,interaction_energies_dft,ESPLEY46,0.85,0.344745,1665
ecdf,interaction_energies_dft,ESPLEY46,0.9,0.368168,1665
ecdf,interaction_energies_dft,ESPLEY46,0.95,0.385586,1665
ecdf,interaction_energies_dft,ESPLEY46,1,0.406607,1665
ecdf,interaction_energies_dft,ESPLEY46,1.05,0.424625,1665
ecdf,interaction_energies_dft,ESPLEY46,1.1,0.445045,1665
ecdf,interaction_energies_dft,ESPLEY46,1.15,0.457658,1665
ecdf,interaction_energies_dft,ESPLEY46,1.2,0.473874,1665
ecdf,interaction_energies_dft,ESPLEY46,1.25,0.494895,1665
ecdf,interaction_energies_dft,ESPLEY46,1.3,0.522523,1665
ecdf,interaction_energies_dft,ESPLEY46,1.35,0.535135,1665
ecdf,interaction_energies_dft,ESPLEY46,1.4,0.556757,1665
ecdf,interaction_energies_dft,ESPLEY46,1.45,0.570571,1665
ecdf,interaction_energies_dft,ESPLEY46,1.5,0.588589,1665
ecdf,interaction_energies_dft,ESPLEY46,1.55,0.605405,1665
ecdf,interaction_energies_dft,ESPLEY46,1.6,0.619219,1665
ecdf,interaction_energies_dft,ESPLEY46,1.65,0.631231,1665
ecdf,interaction_energies_dft,ESPLEY46,1.7,0.645646,1665
ecdf,interaction_energies_dft,ESPLEY46,1.75,0.663063,1665
ecdf,interaction_energies_dft,ESPLEY46,1.8,0.679279,1665
ecdf,interaction_energies_dft,ESPLEY46,1.85,0.688288,1665
ecdf,interaction_energies_dft,ESPLEY46,1.9,0.697297,1665
ecdf,interaction_energies_dft,ESPLEY46,1.95,0.711111,1665
ecdf,interaction_energies_dft,ESPLEY46,2,0.71952,1665
ecdf,interaction_energies_dft,ESPLEY46,2.05,0.726727,1665
ecdf,interaction_energies_dft,ESPLEY46,2.1,0.733934,1665
ecdf,interaction_energies_dft,ESPLEY46,2.15,0.73994,1665
ecdf,interaction_energies_dft,ESPLEY46,2.2,0.747748,1665
ecdf,interaction_energies_dft,ESPLEY46,2.25,0.755556,1665
ecdf,interaction_energies_dft,ESPLEY46,2.3,0.760961,1665
ecdf,interaction_energies_dft,ESPLEY46,2.35,0.768769,1665
ecdf,interaction_energies_dft,ESPLEY46,2.4,0.777177,1665
ecdf,interaction_energies_dft,ESPLEY46,2.45,0.786186,1665
ecdf,interaction_energies_dft,ESPLEY46,2.5,0.792793,1665
ecdf,interaction_energies_dft,ESPLEY46,2.55,0.804204,1665
ecdf,interaction_energies_dft,ESPLEY46,2.6,0.81021,1665
ecdf,interaction_energies_dft,ESPLEY46,2.65,0.818619,1665
ecdf,interaction_energies_dft,ESPLEY46,2.7,0.826426,1665
ecdf,interaction_energies_dft,ESPLEY46,2.75,0.831231,1665
ecdf,interaction_energies_dft,ESPLEY46,2.8,0.839039,1665
ecdf,interaction_energies_dft,ESPLEY46,2.85,0.843243,1665
ecdf,interaction_energies_dft,ESPLEY46,2.9,0.847447,1665
ecdf,interaction_energies_dft,ESPLEY46,2.95,0.852252,1665
ecdf,interaction_energies_dft,ESPLEY46,3,0.856456,1665
ecdf,interaction_energies_dft,ESPLEY46,3.05,0.861261,1665
ecdf,interaction_energies_dft,ESPLEY46,3.1,0.864264,1665
ecdf,interaction_energies_dft,ESPLEY46,3.15,0.867868,1665
ecdf,interaction_energies_dft,ESPLEY46,3.2,0.875676,1665
ecdf,interaction_energies_dft,ESPLEY46,3.25,0.88048,1665
ecdf,interaction_energies_dft,ESPLEY46,3.3,0.883483,1665
ecdf,interaction_energies_dft,ESPLEY46,3.35,0.884685,1665
ecdf,interaction_energies_dft,ESPLEY46,3.4,0.885285,1665
ecdf,interaction_energies_dft,ESPLEY46,3.45,0.891291,1665
ecdf,interaction_energies_dft,ESPLEY46,3.5,0.893694,1665
ecdf,interaction_energies_dft,ESPLEY46,3.55,0.896096,1665
ecdf,interaction_energies_dft,ESPLEY46,3.6,0.8997,1665
ecdf,interaction_energies_dft,ESPLEY46,3.65,0.903904,1665
ecdf,interaction_energies_dft,ESPLEY46,3.7,0.908709,1665
ecdf,interaction_energies_dft,ESPLEY46,3.75,0.910511,1665
ecdf,interaction_energies_dft,ESPLEY46,3.8,0.912913,1665
ecdf,interaction_energies_dft,ESPLEY46,3.85,0.918919,1665
ecdf,interaction_energies_dft,ESPLEY46,3.9,0.921922,1665
ecdf,interaction_energies_dft,ESPLEY46,3.95,0.927928,1665
ecdf,interaction_energies_dft,ESPLEY46,4,0.93033,1665
ecdf,interaction_energies_dft,ESPLEY46,4.05,0.932733,1665
ecdf,interaction_energies_dft,ESPLEY46,4.1,0.935736,1665
ecdf,interaction_energies_dft,ESPLEY46,4.15,0.938739,1665
ecdf,interaction_energies_dft,ESPLEY46,4.2,0.940541,1665
ecdf,interaction_energies_dft,ESPLEY46,4.25,0.941141,1665
ecdf,interaction_energies_dft,ESPLEY46,4.3,0.942342,1665
ecdf,interaction_energies_dft,ESPLEY46,4.35,0.943544,1665
ecdf,interaction_energies_dft,ESPLEY46,4.4,0.945946,1665
ecdf,interaction_energies_dft,ESPLEY46,4.45,0.945946,1665
ecdf,interaction_energies_dft,ESPLEY46,4.5,0.948348,1665
ecdf,interaction_energies_dft,ESPLEY46,4.55,0.95015,1665
ecdf,interaction_energies_dft,ESPLEY46,4.6,0.951952,1665
ecdf,interaction_energies_dft,ESPLEY46,4.65,0.953153,1665
ecdf,interaction_energies_dft,ESPLEY46,4.7,0.953153,1665
ecdf,interaction_energies_dft,ESPLEY46,4.75,0.954955,1665
ecdf,interaction_energies_dft,ESPLEY46,4.8,0.956757,1665
ecdf,interaction_energies_dft,ESPLEY46,4.85,0.959159,1665
ecdf,interaction_energies_dft,ESPLEY46,4.9,0.960961,1665
ecdf,interaction_energies_dft,ESPLEY46,4.95,0.961562,1665
ecdf,interaction_energies_dft,ESPLEY46,5,0.962763,1665
ecdf,interaction_energies_dft,ESPLEY46,5.05,0.963964,1665
ecdf,interaction_energies_dft,ESPLEY46,5.1,0.964565,1665
ecdf,interaction_energies_dft,ESPLEY46,5.15,0.965766,1665
ecdf,interaction_energies_dft,ESPLEY46,5.2,0.966967,1665
ecdf,interaction_energies_dft,ESPLEY46,5.25,0.96997,1665
ecdf,interaction_energies_dft,ESPLEY46,5.3,0.96997,1665
ecdf,interaction_energies_dft,ESPLEY46,5.35,0.972973,1665
ecdf,interaction_energies_dft,ESPLEY46,5.4,0.973574,1665
ecdf,interaction_energies_dft,ESPLEY46,5.45,0.975976,1665
ecdf,interaction_energies_dft,ESPLEY46,5.5,0.975976,1665
ecdf,interaction_energies_dft,ESPLEY46,5.55,0.977177,1665
ecdf,interaction_energies_dft,ESPLEY46,5.6,0.978378,1665
ecdf,interaction_energies_dft,ESPLEY46,5.65,0.978378,1665
ecdf,interaction_energies_dft,ESPLEY46,5.7,0.97958,1665
ecdf,interaction_energies_dft,ESPLEY46,5.75,0.97958,1665
ecdf,interaction_energies_dft,ESPLEY46,5.8,0.98018,1665
ecdf,interaction_energies_dft,ESPLEY46,5.85,0.980781,1665
ecdf,interaction_energies_dft,ESPLEY46,5.9,0.981381,1665
ecdf,interaction_energies_dft,ESPLEY46,5.95,0.981381,1665
ecdf,interaction_energies_dft,ESPLEY46,6,0.981982,1665
ecdf,interaction_energies_dft,ESPLEY46,6.05,0.981982,1665
ecdf,interaction_energies_dft,ESPLEY46,6.1,0.983183,1665
ecdf,interaction_energies_dft,ESPLEY46,6.15,0.983183,1665
ecdf,interaction_energies_dft,ESPLEY46,6.2,0.983183,1665
ecdf,interaction_energies_dft,ESPLEY46,6.25,0.983784,1665
ecdf,interaction_energies_dft,ESPLEY46,6.3,0.984985,1665
ecdf,interaction_energies_dft,ESPLEY46,6.35,0.986787,1665
ecdf,interaction_energies_dft,ESPLEY46,6.4,0.986787,1665
ecdf,interaction_energies_dft,ESPLEY46,6.45,0.986787,1665
ecdf,interaction_energies_dft,ESPLEY46,6.5,0.986787,1665
ecdf,interaction_energies_dft,ESPLEY46,6.55,0.986787,1665
ecdf,interaction_energies_dft,ESPLEY46,6.6,0.987988,1665
ecdf,interaction_energies_dft,ESPLEY46,6.65,0.987988,1665
ecdf,interaction_energies_dft,ESPLEY46,6.7,0.987988,1665
ecdf,interaction_energies_dft,ESPLEY46,6.75,0.987988,1665
ecdf,interaction_energies_dft,ESPLEY46,6.8,0.988589,1665
ecdf,interaction_energies_dft,ESPLEY46,6.85,0.988589,1665
ecdf,interaction_energies_dft,ESPLEY46,6.9,0.988589,1665
ecdf,interaction_energies_dft,ESPLEY46,6.95,0.989189,1665
ecdf,interaction_energies_dft,ESPLEY46,7,0.99039,1665
ecdf,interaction_energies_dft,ESPLEY46,7.05,0.99039,1665
ecdf,interaction_energies_dft,ESPLEY46,7.1,0.991592,1665
ecdf,interaction_energies_dft,ESPLEY46,7.15,0.991592,1665
ecdf,interaction_energies_dft,ESPLEY46,7.2,0.991592,1665
ecdf,interaction_energies_dft,ESPLEY46,7.25,0.992192,1665
ecdf,interaction_energies_dft,ESPLEY46,7.3,0.992793,1665
ecdf,interaction_energies_dft,ESPLEY46,7.35,0.993393,1665
ecdf,interaction_energies_dft,ESPLEY46,7.4,0.993393,1665
ecdf,interaction_energies_dft,ESPLEY46,7.45,0.993393,1665
ecdf,interaction_energies_dft,ESPLEY46,7.5,0.993393,1665
ecdf,interaction_energies_dft,ESPLEY46,7.55,0.993393,1665
ecdf,interaction_energies_dft,ESPLEY46,7.6,0.995195,1665
ecdf,interaction_energies_dft,ESPLEY46,7.65,0.995195,1665
ecdf,interaction_energies_dft,ESPLEY46,7.7,0.995195,1665
ecdf,interaction_energies_dft,ESPLEY46,7.75,0.995195,1665
ecdf,interaction_energies_dft,ESPLEY46,7.8,0.995195,1665
ecdf,interaction_energies_dft,ESPLEY46,7.85,0.995796,1665
ecdf,interaction_energies_dft,ESPLEY46,7.9,0.995796,1665
ecdf,interaction_energies_dft,ESPLEY46,7.95,0.995796,1665
ecdf,interaction_energies_dft,ESPLEY46,8,0.995796,1665
ecdf,interaction_energies_dft,ESPLEY46,8.05,0.995796,1665
ecdf,interaction_energies_dft,ESPLEY46,8.1,0.995796,1665
ecdf,interaction_energies_dft,ESPLEY46,8.15,0.996396,1665
ecdf,interaction_energies_dft,ESPLEY46,8.2,0.996396,1665
ecdf,interaction_energies_dft,ESPLEY46,8.25,0.996396,1665
ecdf,interaction_energies_dft,ESPLEY46,8.3,0.996396,1665
ecdf,interaction_energies_dft,ESPLEY46,8.35,0.996997,1665
ecdf,interaction_energies_dft,ESPLEY46,8.4,0.996997,1665
ecdf,interaction_energies_dft,ESPLEY46,8.45,0.996997,1665
ecdf,interaction_energies_dft,ESPLEY46,8.5,0.996997,1665
ecdf,interaction_energies_dft,ESPLEY46,8.55,0.996997,1665
ecdf,interaction_energies_dft,ESPLEY46,8.6,0.997598,1665
ecdf,interaction_energies_dft,ESPLEY46,8.65,0.997598,1665
ecdf,interaction_energies_dft,ESPLEY46,8.7,0.997598,1665
ecdf,interaction_energies_dft,ESPLEY46,8.75,0.997598,1665
ecdf,interaction_energies_dft,ESPLEY46,8.8,0.998198,1665
ecdf,interaction_energies_dft,ESPLEY46,8.85,0.998198,1665
ecdf,interaction_energies_dft,ESPLEY46,8.9,0.998198,1665
ecdf,interaction_energies_dft,ESPLEY46,8.95,0.998198,1665
ecdf,interaction_energies_dft,ESPLEY46,9,0.998198,1665
ecdf,interaction_energies_dft,ESPLEY46,9.05,0.998799,1665
ecdf,interaction_energies_dft,ESPLEY46,9.1,0.998799,1665
ecdf,interaction_energies_dft,ESPLEY46,9.15,0.998799,1665
ecdf,interaction_energies_dft,ESPLEY46,9.2,0.998799,1665
ecdf,interaction_energies_dft,ESPLEY46,9.25,0.998799,1665
ecdf,interaction_energies_dft,ESPLEY46,9.3,0.998799,1665
ecdf,interaction_energies_dft,ESPLEY46,9.35,0.999399,1665
ecdf,interaction_energies_dft,ESPLEY46,9.4,0.999399,1665
ecdf,interaction_energies_dft,ESPLEY46,9.45,0.999399,1665
ecdf,interaction_energies_dft,ESPLEY46,9.5,1,1665
ecdf,interaction_energies_dft,ESPLEY46,9.55,1,1665
ecdf,interaction_energies_dft,ESPLEY46,9.6,1,1665
ecdf,interaction_energies_dft,ESPLEY46,9.65,1,1665
ecdf,interaction_energies_dft,ESPLEY46,9.7,1,1665
ecdf,interaction_energies_dft,ESPLEY46,9.75,1,1665
ecdf,interaction_energies_dft,ESPLEY46,9.8,1,1665
ecdf,interaction_energies_dft,ESPLEY46,9.85,1,1665
ecdf,interaction_energies_dft,ESPLEY46,9.9,1,1665
ecdf,interaction_energies_dft,ESPLEY46,9.95,1,1665
ecdf,interaction_energies_dft,ESPLEY46,10,1,1665
within_1,interaction_energies_dft,ESPLEY46,1,0.406607,1665
within_2,interaction_energies_dft,ESPLEY46,2,0.71952,1665
ecdf,interaction_energies_dft,ESPLEY73,0,0,1665
ecdf,interaction_energies_dft,ESPLEY73,0.05,0.0378378,1665
ecdf,interaction_energies_dft,ESPLEY73,0.1,0.0606607,1665
ecdf,interaction_energies_dft,ESPLEY73,0.15,0.0942943,1665
ecdf,interaction_energies_dft,ESPLEY73,0.2,0.11952,1665
ecdf,interaction_energies_dft,ESPLEY73,0.25,0.144745,1665
ecdf,interaction_energies_dft,ESPLEY73,0.3,0.17958,1665
ecdf,interaction_energies_dft,ESPLEY73,0.35,0.20961,1665
ecdf,interaction_energies_dft,ESPLEY73,0.4,0.23003,1665
ecdf,interaction_energies_dft,ESPLEY73,0.45,0.258859,1665
ecdf,interaction_energies_dft,ESPLEY73,0.5,0.282883,1665
ecdf,interaction_energies_dft,ESPLEY73,0.55,0.309309,1665
ecdf,interaction_energies_dft,ESPLEY73,0.6,0.329129,1665
ecdf,interaction_energies_dft,ESPLEY73,0.65,0.350751,1665
ecdf,interaction_energies_dft,ESPLEY73,0.7,0.375375,1665
ecdf,interaction_energies_dft,ESPLEY73,0.75,0.398799,1665
ecdf,interaction_energies_dft,ESPLEY73,0.8,0.42042,1665
ecdf,interaction_energies_dft,ESPLEY73,0.85,0.434835,1665
ecdf,interaction_energies_dft,ESPLEY73,0.9,0.453453,1665
ecdf,interaction_energies_dft,ESPLEY73,0.95,0.477477,1665
ecdf,interaction_energies_dft,ESPLEY73,1,0.5003,1665
ecdf,interaction_energies_dft,ESPLEY73,1.05,0.514114,1665
ecdf,interaction_energies_dft,ESPLEY73,1.1,0.530931,1665
ecdf,interaction_energies_dft,ESPLEY73,1.15,0.547748,1665
ecdf,interaction_energies_dft,ESPLEY73,1.2,0.567568,1665
ecdf,interaction_energies_dft,ESPLEY73,1.25,0.585586,1665
ecdf,interaction_energies_dft,ESPLEY73,1.3,0.594595,1665
ecdf,interaction_energies_dft,ESPLEY73,1.35,0.61021,1665
ecdf,interaction_energies_dft,ESPLEY73,1.4,0.63003,1665
ecdf,interaction_energies_dft,ESPLEY73,1.45,0.645045,1665
ecdf,interaction_energies_dft,ESPLEY73,1.5,0.657057,1665
ecdf,interaction_energies_dft,ESPLEY73,1.55,0.673273,1665
ecdf,interaction_energies_dft,ESPLEY73,1.6,0.692492,1665
ecdf,interaction_energies_dft,ESPLEY73,1.65,0.703303,1665
ecdf,interaction_energies_dft,ESPLEY73,1.7,0.711712,1665
ecdf,interaction_energies_dft,ESPLEY73,1.75,0.721922,1665
ecdf,interaction_energies_dft,ESPLEY73,1.8,0.733934,1665
ecdf,interaction_energies_dft,ESPLEY73,1.85,0.742342,1665
ecdf,interaction_energies_dft,ESPLEY73,1.9,0.751351,1665
ecdf,interaction_energies_dft,ESPLEY73,1.95,0.762162,1665
ecdf,interaction_energies_dft,ESPLEY73,2,0.768168,1665
ecdf,interaction_energies_dft,ESPLEY73,2.05,0.777778,1665
ecdf,interaction_energies_dft,ESPLEY73,2.1,0.788589,1665
ecdf,interaction_energies_dft,ESPLEY73,2.15,0.8,1665
ecdf,interaction_energies_dft,ESPLEY73,2.2,0.81021,1665
ecdf,interaction_energies_dft,ESPLEY73,2.25,0.819219,1665
ecdf,interaction_energies_dft,ESPLEY73,2.3,0.826426,1665
ecdf,interaction_energies_dft,ESPLEY73,2.35,0.835435,1665
ecdf,interaction_energies_dft,ESPLEY73,2.4,0.845045,1665
ecdf,interaction_energies_dft,ESPLEY73,2.45,0.853453,1665
ecdf,interaction_energies_dft,ESPLEY73,2.5,0.858258,1665
ecdf,interaction_energies_dft,ESPLEY73,2.55,0.862462,1665
ecdf,interaction_energies_dft,ESPLEY73,2.6,0.866667,1665
ecdf,interaction_energies_dft,ESPLEY73,2.65,0.871471,1665
ecdf,interaction_energies_dft,ESPLEY73,2.7,0.879279,1665
ecdf,interaction_energies_dft,ESPLEY73,2.75,0.882883,1665
ecdf,interaction_energies_dft,ESPLEY73,2.8,0.889489,1665
ecdf,interaction_energies_dft,ESPLEY73,2.85,0.894895,1665
ecdf,interaction_energies_dft,ESPLEY73,2.9,0.897898,1665
ecdf,interaction_energies_dft,ESPLEY73,2.95,0.900901,1665
ecdf,interaction_energies_dft,ESPLEY73,3,0.902703,1665
ecdf,interaction_energies_dft,ESPLEY73,3.05,0.906306,1665
ecdf,interaction_energies_dft,ESPLEY73,3.1,0.912312,1665
ecdf,interaction_energies_dft,ESPLEY73,3.15,0.914715,1665
ecdf,interaction_energies_dft,ESPLEY73,3.2,0.917117,1665
ecdf,interaction_energies_dft,ESPLEY73,3.25,0.92012,1665
ecdf,interaction_energies_dft,ESPLEY73,3.3,0.924324,1665
ecdf,interaction_energies_dft,ESPLEY73,3.35,0.927928,1665
ecdf,interaction_energies_dft,ESPLEY73,3.4,0.928529,1665
ecdf,interaction_energies_dft,ESPLEY73,3.45,0.931532,1665
ecdf,interaction_energies_dft,ESPLEY73,3.5,0.933934,1665
ecdf,interaction_energies_dft,ESPLEY73,3.55,0.935736,1665
ecdf,interaction_energies_dft,ESPLEY73,3.6,0.938739,1665
ecdf,interaction_energies_dft,ESPLEY73,3.65,0.941141,1665
ecdf,interaction_energies_dft,ESPLEY73,3.7,0.942342,1665
ecdf,interaction_energies_dft,ESPLEY73,3.75,0.946547,1665
ecdf,interaction_energies_dft,ESPLEY73,3.8,0.948348,1665
ecdf,interaction_energies_dft,ESPLEY73,3.85,0.951351,1665
ecdf,interaction_energies_dft,ESPLEY73,3.9,0.951952,1665
ecdf,interaction_energies_dft,ESPLEY73,3.95,0.953153,1665
ecdf,interaction_energies_dft,ESPLEY73,4,0.954955,1665
ecdf,interaction_energies_dft,ESPLEY73,4.05,0.955556,1665
ecdf,interaction_energies_dft,ESPLEY73,4.1,0.956156,1665
ecdf,interaction_energies_dft,ESPLEY73,4.15,0.957357,1665
ecdf,interaction_energies_dft,ESPLEY73,4.2,0.958559,1665
ecdf,interaction_energies_dft,ESPLEY73,4.25,0.961562,1665
ecdf,interaction_energies_dft,ESPLEY73,4.3,0.963964,1665
ecdf,interaction_energies_dft,ESPLEY73,4.35,0.964565,1665
ecdf,interaction_energies_dft,ESPLEY73,4.4,0.966366,1665
ecdf,interaction_energies_dft,ESPLEY73,4.45,0.966366,1665
ecdf,interaction_energies_dft,ESPLEY73,4.5,0.968168,1665
ecdf,interaction_energies_dft,ESPLEY73,4.55,0.968769,1665
ecdf,interaction_energies_dft,ESPLEY73,4.6,0.970571,1665
ecdf,interaction_energies_dft,ESPLEY73,4.65,0.971171,1665
ecdf,interaction_energies_dft,ESPLEY73,4.7,0.972973,1665
ecdf,interaction_energies_dft,ESPLEY73,4.75,0.974775,1665
ecdf,interaction_energies_dft,ESPLEY73,4.8,0.977177,1665
ecdf,interaction_energies_dft,ESPLEY73,4.85,0.978378,1665
ecdf,interaction_energies_dft,ESPLEY73,4.9,0.978979,1665
ecdf,interaction_energies_dft,ESPLEY73,4.95,0.97958,1665
ecdf,interaction_energies_dft,ESPLEY73,5,0.97958,1665
ecdf,interaction_energies_dft,ESPLEY73,5.05,0.98018,1665
ecdf,interaction_energies_dft,ESPLEY73,5.1,0.981381,1665
ecdf,interaction_energies_dft,ESPLEY73,5.15,0.981982,1665
ecdf,interaction_energies_dft,ESPLEY73,5.2,0.982583,1665
ecdf,interaction_energies_dft,ESPLEY73,5.25,0.982583,1665
ecdf,interaction_energies_dft,ESPLEY73,5.3,0.984384,1665
ecdf,interaction_energies_dft,ESPLEY73,5.35,0.986186,1665
ecdf,interaction_energies_dft,ESPLEY73,5.4,0.987387,1665
ecdf,interaction_energies_dft,ESPLEY73,5.45,0.987988,1665
ecdf,interaction_energies_dft,ESPLEY73,5.5,0.988589,1665
ecdf,interaction_energies_dft,ESPLEY73,5.55,0.989189,1665
ecdf,interaction_energies_dft,ESPLEY73,5.6,0.990991,1665
ecdf,interaction_energies_dft,ESPLEY73,5.65,0.990991,1665
ecdf,interaction_energies_dft,ESPLEY73,5.7,0.990991,1665
ecdf,interaction_energies_dft,ESPLEY73,5.75,0.991592,1665
ecdf,interaction_energies_dft,ESPLEY73,5.8,0.992793,1665
ecdf,interaction_energies_dft,ESPLEY73,5.85,0.993393,1665
ecdf,interaction_energies_dft,ESPLEY73,5.9,0.993393,1665
ecdf,interaction_energies_dft,ESPLEY73,5.95,0.993393,1665
ecdf,interaction_energies_dft,ESPLEY73,6,0.993994,1665
ecdf,interaction_energies_dft,ESPLEY73,6.05,0.993994,1665
ecdf,interaction_energies_dft,ESPLEY73,6.1,0.994595,1665
ecdf,interaction_energies_dft,ESPLEY73,6.15,0.995195,1665
ecdf,interaction_energies_dft,ESPLEY73,6.2,0.995195,1665
ecdf,interaction_energies_dft,ESPLEY73,6.25,0.995796,1665
ecdf,interaction_energies_dft,ESPLEY73,6.3,0.995796,1665
ecdf,interaction_energies_dft,ESPLEY73,6.35,0.995796,1665
ecdf,interaction_energies_dft,ESPLEY73,6.4,0.995796,1665
ecdf,interaction_energies_dft,ESPLEY73,6.45,0.995796,1665
ecdf,interaction_energies_dft,ESPLEY73,6.5,0.995796,1665
ecdf,interaction_energies_dft,ESPLEY73,6.55,0.995796,1665
ecdf,interaction_energies_dft,ESPLEY73,6.6,0.995796,1665
ecdf,interaction_energies_dft,ESPLEY73,6.65,0.996396,1665
ecdf,interaction_energies_dft,ESPLEY73,6.7,0.996396,1665
ecdf,interaction_energies_dft,ESPLEY73,6.75,0.996396,1665
ecdf,interaction_energies_dft,ESPLEY73,6.8,0.996396,1665
ecdf,interaction_energies_dft,ESPLEY73,6.85,0.996396,1665
ecdf,interaction_energies_dft,ESPLEY73,6.9,0.996396,1665
ecdf,interaction_energies_dft,ESPLEY73,6.95,0.996396,1665
ecdf,interaction_energies_dft,ESPLEY73,7,0.996396,1665
ecdf,interaction_energies_dft,ESPLEY73,7.05,0.996396,1665
ecdf,interaction_energies_dft,ESPLEY73,7.1,0.996396,1665
ecdf,interaction_energies_dft,ESPLEY73,7.15,0.996997,1665
ecdf,interaction_energies_dft,ESPLEY73,7.2,0.996997,1665
ecdf,interaction_energies_dft,ESPLEY73,7.25,0.996997,1665
ecdf,interaction_energies_dft,ESPLEY73,7.3,0.996997,1665
ecdf,interaction_energies_dft,ESPLEY73,7.35,0.996997,1665
ecdf,interaction_energies_dft,ESPLEY73,7.4,0.996997,1665
ecdf,interaction_energies_dft,ESPLEY73,7.45,0.996997,1665
ecdf,interaction_energies_dft,ESPLEY73,7.5,0.996997,1665
ecdf,interaction_energies_dft,ESPLEY73,7.55,0.996997,1665
ecdf,interaction_energies_dft,ESPLEY73,7.6,0.996997,1665
ecdf,interaction_energies_dft,ESPLEY73,7.65,0.997598,1665
ecdf,interaction_energies_dft,ESPLEY73,7.7,0.997598,1665
ecdf,interaction_energies_dft,ESPLEY73,7.75,0.997598,1665
ecdf,interaction_energies_dft,ESPLEY73,7.8,0.997598,1665
ecdf,interaction_energies_dft,ESPLEY73,7.85,0.997598,1665
ecdf,interaction_energies_dft,ESPLEY73,7.9,0.998198,1665
ecdf,interaction_energies_dft,ESPLEY73,7.95,0.998198,1665
ecdf,interaction_energies_dft,ESPLEY73,8,0.998198,1665
ecdf,interaction_energies_dft,ESPLEY73,8.05,0.998198,1665
ecdf,interaction_energies_dft,ESPLEY73,8.1,0.998198,1665
ecdf,interaction_energies_dft,ESPLEY73,8.15,0.998198,1665
ecdf,interaction_energies_dft,ESPLEY73,8.2,0.998198,1665
ecdf,interaction_energies_dft,ESPLEY73,8.25,0.998198,1665
ecdf,interaction_energies_dft,ESPLEY73,8.3,0.998198,1665
ecdf,interaction_energies_dft,ESPLEY73,8.35,0.998198,1665
ecdf,interaction_energies_dft,ESPLEY73,8.4,0.998198,1665
ecdf,interaction_energies_dft,ESPLEY73,8.45,0.998198,1665
ecdf,interaction_energies_dft,ESPLEY73,8.5,0.998799,1665
ecdf,interaction_energies_dft,ESPLEY73,8.55,0.998799,1665
ecdf,interaction_energies_dft,ESPLEY73,8.6,0.998799,1665
ecdf,interaction_energies_dft,ESPLEY73,8.65,0.998799,1665
ecdf,interaction_energies_dft,ESPLEY73,8.7,0.998799,1665
ecdf,interaction_energies_dft,ESPLEY73,8.75,0.998799,1665
ecdf,interaction_energies_dft,ESPLEY73,8.8,0.998799,1665
ecdf,interaction_energies_dft,ESPLEY73,8.85,0.998799,1665
ecdf,interaction_energies_dft,ESPLEY73,8.9,0.998799,1665
ecdf,interaction_energies_dft,ESPLEY73,8.95,0.998799,1665
ecdf,interaction_energies_dft,ESPLEY73,9,0.998799,1665
ecdf,interaction_energies_dft,ESPLEY73,9.05,0.998799,1665
ecdf,interaction_energies_dft,ESPLEY73,9.1,0.998799,1665
ecdf,interaction_energies_dft,ESPLEY73,9.15,0.998799,1665
ecdf,interaction_energies_dft,ESPLEY73,9.2,0.998799,1665
ecdf,interaction_energies_dft,ESPLEY73,9.25,0.998799,1665
ecdf,interaction_energies_dft,ESPLEY73,9.3,0.998799,1665
ecdf,interaction_energies_dft,ESPLEY73,9.35,0.998799,1665
ecdf,interaction_energies_dft,ESPLEY73,9.4,0.998799,1665
ecdf,interaction_energies_dft,ESPLEY73,9.45,0.998799,1665
ecdf,interaction_energies_dft,ESPLEY73,9.5,0.999399,1665
ecdf,interaction_energies_dft,ESPLEY73,9.55,0.999399,1665
ecdf,interaction_energies_dft,ESPLEY73,9.6,0.999399,1665
ecdf,interaction_energies_dft,ESPLEY73,9.65,0.999399,1665
ecdf,interaction_energies_dft,ESPLEY73,9.7,0.999399,1665
ecdf,interaction_energies_dft,ESPLEY73,9.75,0.999399,1665
ecdf,interaction_energies_dft,ESPLEY73,9.8,0.999399,1665
ecdf,interaction_energies_dft,ESPLEY73,9.85,0.999399,1665
ecdf,interaction_energies_dft,ESPLEY73,9.9,0.999399,1665
ecdf,interaction_energies_dft,ESPLEY73,9.95,0.999399,1665
ecdf,interaction_energies_dft,ESPLEY73,10,0.999399,1665
within_1,interaction_energies_dft,ESPLEY73,1,0.5003,1665
within_2,interaction_energies_dft,ESPLEY73,2,0.768168,1665
ecdf,interaction_energies_dft,EXT_SEL,0,0,1665
ecdf,interaction_energies_dft,EXT_SEL,0.05,0.0348348,1665
ecdf,interaction_energies_dft,EXT_SEL,0.1,0.0672673,1665
ecdf,interaction_energies_dft,EXT_SEL,0.15,0.0996997,1665
ecdf,interaction_energies_dft,EXT_SEL,0.2,0.131532,1665
ecdf,interaction_energies_dft,EXT_SEL,0.25,0.154955,1665
ecdf,interaction_energies_dft,EXT_SEL,0.3,0.187387,1665
ecdf,interaction_energies_dft,EXT_SEL,0.35,0.216216,1665
ecdf,interaction_energies_dft,EXT_SEL,0.4,0.23964,1665
ecdf,interaction_energies_dft,EXT_SEL,0.45,0.264865,1665
ecdf,interaction_energies_dft,EXT_SEL,0.5,0.294294,1665
ecdf,interaction_energies_dft,EXT_SEL,0.55,0.320721,1665
ecdf,interaction_energies_dft,EXT_SEL,0.6,0.340541,1665
ecdf,interaction_energies_dft,EXT_SEL,0.65,0.366366,1665
ecdf,interaction_energies_dft,EXT_SEL,0.7,0.397598,1665
ecdf,interaction_energies_dft,EXT_SEL,0.75,0.416216,1665
ecdf,interaction_energies_dft,EXT_SEL,0.8,0.442643,1665
ecdf,interaction_energies_dft,EXT_SEL,0.85,0.461862,1665
ecdf,interaction_energies_dft,EXT_SEL,0.9,0.487688,1665
ecdf,interaction_energies_dft,EXT_SEL,0.95,0.509309,1665
ecdf,interaction_energies_dft,EXT_SEL,1,0.527327,1665
ecdf,interaction_energies_dft,EXT_SEL,1.05,0.555556,1665
ecdf,interaction_energies_dft,EXT_SEL,1.1,0.573574,1665
ecdf,interaction_energies_dft,EXT_SEL,1.15,0.58979,1665
ecdf,interaction_energies_dft,EXT_SEL,1.2,0.607207,1665
ecdf,interaction_energies_dft,EXT_SEL,1.25,0.630631,1665
ecdf,interaction_energies_dft,EXT_SEL,1.3,0.644444,1665
ecdf,interaction_energies_dft,EXT_SEL,1.35,0.654655,1665
ecdf,interaction_energies_dft,EXT_SEL,1.4,0.669069,1665
ecdf,interaction_energies_dft,EXT_SEL,1.45,0.685285,1665
ecdf,interaction_energies_dft,EXT_SEL,1.5,0.702102,1665
ecdf,interaction_energies_dft,EXT_SEL,1.55,0.711712,1665
ecdf,interaction_energies_dft,EXT_SEL,1.6,0.724324,1665
ecdf,interaction_energies_dft,EXT_SEL,1.65,0.736937,1665
ecdf,interaction_energies_dft,EXT_SEL,1.7,0.748348,1665
ecdf,interaction_energies_dft,EXT_SEL,1.75,0.760961,1665
ecdf,interaction_energies_dft,EXT_SEL,1.8,0.76997,1665
ecdf,interaction_energies_dft,EXT_SEL,1.85,0.78018,1665
ecdf,interaction_energies_dft,EXT_SEL,1.9,0.786186,1665
ecdf,interaction_energies_dft,EXT_SEL,1.95,0.792192,1665
ecdf,interaction_energies_dft,EXT_SEL,2,0.803003,1665
ecdf,interaction_energies_dft,EXT_SEL,2.05,0.810811,1665
ecdf,interaction_energies_dft,EXT_SEL,2.1,0.817417,1665
ecdf,interaction_energies_dft,EXT_SEL,2.15,0.824625,1665
ecdf,interaction_energies_dft,EXT_SEL,2.2,0.83003,1665
ecdf,interaction_energies_dft,EXT_SEL,2.25,0.837237,1665
ecdf,interaction_energies_dft,EXT_SEL,2.3,0.845646,1665
ecdf,interaction_energies_dft,EXT_SEL,2.35,0.849249,1665
ecdf,interaction_energies_dft,EXT_SEL,2.4,0.859459,1665
ecdf,interaction_energies_dft,EXT_SEL,2.45,0.868468,1665
ecdf,interaction_energies_dft,EXT_SEL,2.5,0.873273,1665
ecdf,interaction_energies_dft,EXT_SEL,2.55,0.877477,1665
ecdf,interaction_energies_dft,EXT_SEL,2.6,0.884084,1665
ecdf,interaction_energies_dft,EXT_SEL,2.65,0.887688,1665
ecdf,interaction_energies_dft,EXT_SEL,2.7,0.891291,1665
ecdf,interaction_energies_dft,EXT_SEL,2.75,0.899099,1665
ecdf,interaction_energies_dft,EXT_SEL,2.8,0.904505,1665
ecdf,interaction_energies_dft,EXT_SEL,2.85,0.908709,1665
ecdf,interaction_energies_dft,EXT_SEL,2.9,0.913514,1665
ecdf,interaction_energies_dft,EXT_SEL,2.95,0.917117,1665
ecdf,interaction_energies_dft,EXT_SEL,3,0.92012,1665
ecdf,interaction_energies_dft,EXT_SEL,3.05,0.921922,1665
ecdf,interaction_energies_dft,EXT_SEL,3.1,0.923123,1665
ecdf,interaction_energies_dft,EXT_SEL,3.15,0.925526,1665
ecdf,interaction_energies_dft,EXT_SEL,3.2,0.928529,1665
ecdf,interaction_energies_dft,EXT_SEL,3.25,0.932733,1665
ecdf,interaction_energies_dft,EXT_SEL,3.3,0.936937,1665
ecdf,interaction_energies_dft,EXT_SEL,3.35,0.938739,1665
ecdf,interaction_energies_dft,EXT_SEL,3.4,0.93994,1665
ecdf,interaction_energies_dft,EXT_SEL,3.45,0.944745,1665
ecdf,interaction_energies_dft,EXT_SEL,3.5,0.946547,1665
ecdf,interaction_energies_dft,EXT_SEL,3.55,0.948348,1665
ecdf,interaction_energies_dft,EXT_SEL,3.6,0.950751,1665
ecdf,interaction_energies_dft,EXT_SEL,3.65,0.951952,1665
ecdf,interaction_energies_dft,EXT_SEL,3.7,0.953754,1665
ecdf,interaction_energies_dft,EXT_SEL,3.75,0.955556,1665
ecdf,interaction_energies_dft,EXT_SEL,3.8,0.955556,1665
ecdf,interaction_energies_dft,EXT_SEL,3.85,0.958559,1665
ecdf,interaction_energies_dft,EXT_SEL,3.9,0.95976,1665
ecdf,interaction_energies_dft,EXT_SEL,3.95,0.960961,1665
ecdf,interaction_energies_dft,EXT_SEL,4,0.960961,1665
ecdf,interaction_energies_dft,EXT_SEL,4.05,0.961562,1665
ecdf,interaction_energies_dft,EXT_SEL,4.1,0.961562,1665
ecdf,interaction_energies_dft,EXT_SEL,4.15,0.962162,1665
ecdf,interaction_energies_dft,EXT_SEL,4.2,0.963964,1665
ecdf,interaction_energies_dft,EXT_SEL,4.25,0.964565,1665
ecdf,interaction_energies_dft,EXT_SEL,4.3,0.964565,1665
ecdf,interaction_energies_dft,EXT_SEL,4.35,0.965165,1665
ecdf,interaction_energies_dft,EXT_SEL,4.4,0.966366,1665
ecdf,interaction_energies_dft,EXT_SEL,4.45,0.968168,1665
ecdf,interaction_energies_dft,EXT_SEL,4.5,0.96997,1665
ecdf,interaction_energies_dft,EXT_SEL,4.55,0.971171,1665
ecdf,interaction_energies_dft,EXT_SEL,4.6,0.971772,1665
ecdf,interaction_energies_dft,EXT_SEL,4.65,0.973574,1665
ecdf,interaction_energies_dft,EXT_SEL,4.7,0.974775,1665
ecdf,interaction_energies_dft,EXT_SEL,4.75,0.976577,1665
ecdf,interaction_energies_dft,EXT_SEL,4.8,0.977778,1665
ecdf,interaction_energies_dft,EXT_SEL,4.85,0.978378,1665
ecdf,interaction_energies_dft,EXT_SEL,4.9,0.978378,1665
ecdf,interaction_energies_dft,EXT_SEL,4.95,0.978979,1665
ecdf,interaction_energies_dft,EXT_SEL,5,0.978979,1665
ecdf,interaction_energies_dft,EXT_SEL,5.05,0.97958,1665
ecdf,interaction_energies_dft,EXT_SEL,5.1,0.98018,1665
ecdf,interaction_energies_dft,EXT_SEL,5.15,0.981982,1665
ecdf,interaction_energies_dft,EXT_SEL,5.2,0.983183,1665
ecdf,interaction_energies_dft,EXT_SEL,5.25,0.984985,1665
ecdf,interaction_energies_dft,EXT_SEL,5.3,0.984985,1665
ecdf,interaction_energies_dft,EXT_SEL,5.35,0.984985,1665
ecdf,interaction_energies_dft,EXT_SEL,5.4,0.986186,1665
ecdf,interaction_energies_dft,EXT_SEL,5.45,0.989189,1665
ecdf,interaction_energies_dft,EXT_SEL,5.5,0.989189,1665
ecdf,interaction_energies_dft,EXT_SEL,5.55,0.99039,1665
ecdf,interaction_energies_dft,EXT_SEL,5.6,0.990991,1665
ecdf,interaction_energies_dft,EXT_SEL,5.65,0.990991,1665
ecdf,interaction_energies_dft,EXT_SEL,5.7,0.991592,1665
ecdf,interaction_energies_dft,EXT_SEL,5.75,0.991592,1665
ecdf,interaction_energies_dft,EXT_SEL,5.8,0.991592,1665
ecdf,interaction_energies_dft,EXT_SEL,5.85,0.991592,1665
ecdf,interaction_energies_dft,EXT_SEL,5.9,0.992192,1665
ecdf,interaction_energies_dft,EXT_SEL,5.95,0.992192,1665
ecdf,interaction_energies_dft,EXT_SEL,6,0.992793,1665
ecdf,interaction_energies_dft,EXT_SEL,6.05,0.993393,1665
ecdf,interaction_energies_dft,EXT_SEL,6.1,0.993393,1665
ecdf,interaction_energies_dft,EXT_SEL,6.15,0.993393,1665
ecdf,interaction_energies_dft,EXT_SEL,6.2,0.993393,1665
ecdf,interaction_energies_dft,EXT_SEL,6.25,0.993393,1665
ecdf,interaction_energies_dft,EXT_SEL,6.3,0.993994,1665
ecdf,interaction_energies_dft,EXT_SEL,6.35,0.993994,1665
ecdf,interaction_energies_dft,EXT_SEL,6.4,0.993994,1665
ecdf,interaction_energies_dft,EXT_SEL,6.45,0.993994,1665
ecdf,interaction_energies_dft,EXT_SEL,6.5,0.993994,1665
ecdf,interaction_energies_dft,EXT_SEL,6.55,0.994595,1665
ecdf,interaction_energies_dft,EXT_SEL,6.6,0.994595,1665
ecdf,interaction_energies_dft,EXT_SEL,6.65,0.995195,1665
ecdf,interaction_energies_dft,EXT_SEL,6.7,0.995195,1665
ecdf,interaction_energies_dft,EXT_SEL,6.75,0.995195,1665
ecdf,interaction_energies_dft,EXT_SEL,6.8,0.996396,1665
ecdf,interaction_energies_dft,EXT_SEL,6.85,0.996396,1665
ecdf,interaction_energies_dft,EXT_SEL,6.9,0.996997,1665
ecdf,interaction_energies_dft,EXT_SEL,6.95,0.996997,1665
ecdf,interaction_energies_dft,EXT_SEL,7,0.996997,1665
ecdf,interaction_energies_dft,EXT_SEL,7.05,0.996997,1665
ecdf,interaction_energies_dft,EXT_SEL,7.1,0.996997,1665
ecdf,interaction_energies_dft,EXT_SEL,7.15,0.997598,1665
ecdf,interaction_energies_dft,EXT_SEL,7.2,0.997598,1665
ecdf,interaction_energies_dft,EXT_SEL,7.25,0.997598,1665
ecdf,interaction_energies_dft,EXT_SEL,7.3,0.997598,1665
ecdf,interaction_energies_dft,EXT_SEL,7.35,0.998198,1665
ecdf,interaction_energies_dft,EXT_SEL,7.4,0.998198,1665
ecdf,interaction_energies_dft,EXT_SEL,7.45,0.998198,1665
ecdf,interaction_energies_dft,EXT_SEL,7.5,0.998198,1665
ecdf,interaction_energies_dft,EXT_SEL,7.55,0.998198,1665
ecdf,interaction_energies_dft,EXT_SEL,7.6,0.998198,1665
ecdf,interaction_energies_dft,EXT_SEL,7.65,0.998198,1665
ecdf,interaction_energies_dft,EXT_SEL,7.7,0.998799,1665
ecdf,interaction_energies_dft,EXT_SEL,7.75,0.998799,1665
ecdf,interaction_energies_dft,EXT_SEL,7.8,0.998799,1665
ecdf,interaction_energies_dft,EXT_SEL,7.85,0.998799,1665
ecdf,interaction_energies_dft,EXT_SEL,7.9,0.998799,1665
ecdf,interaction_energies_dft,EXT_SEL,7.95,0.998799,1665
ecdf,interaction_energies_dft,EXT_SEL,8,0.998799,1665
ecdf,interaction_energies_dft,EXT_SEL,8.05,0.998799,1665
ecdf,interaction_energies_dft,EXT_SEL,8.1,0.998799,1665
ecdf,interaction_energies_dft,EXT_SEL,8.15,0.998799,1665
ecdf,interaction_energies_dft,EXT_SEL,8.2,0.998799,1665
ecdf,interaction_energies_dft,EXT_SEL,8.25,0.998799,1665
ecdf,interaction_energies_dft,EXT_SEL,8.3,0.998799,1665
ecdf,interaction_energies_dft,EXT_SEL,8.35,0.999399,1665
ecdf,interaction_energies_dft,EXT_SEL,8.4,0.999399,1665
ecdf,interaction_energies_dft,EXT_SEL,8.45,0.999399,1665
ecdf,interaction_energies_dft,EXT_SEL,8.5,0.999399,1665
ecdf,interaction_energies_dft,EXT_SEL,8.55,0.999399,1665
ecdf,interaction_energies_dft,EXT_SEL,8.6,0.999399,1665
ecdf,interaction_energies_dft,EXT_SEL,8.65,0.999399,1665
ecdf,interaction_energies_dft,EXT_SEL,8.7,0.999399,1665
ecdf,interaction_energies_dft,EXT_SEL,8.75,0.999399,1665
ecdf,interaction_energies_dft,EXT_SEL,8.8,0.999399,1665
ecdf,interaction_energies_dft,EXT_SEL,8.85,0.999399,1665
ecdf,interaction_energies_dft,EXT_SEL,8.9,0.999399,1665
ecdf,interaction_energies_dft,EXT_SEL,8.95,0.999399,1665
ecdf,interaction_energies_dft,EXT_SEL,9,0.999399,1665
ecdf,interaction_energies_dft,EXT_SEL,9.05,0.999399,1665
ecdf,interaction_energies_dft,EXT_SEL,9.1,0.999399,1665
ecdf,interaction_energies_dft,EXT_SEL,9.15,0.999399,1665
ecdf,interaction_energies_dft,EXT_SEL,9.2,0.999399,1665
ecdf,interaction_energies_dft,EXT_SEL,9.25,0.999399,1665
ecdf,interaction_energies_dft,EXT_SEL,9.3,0.999399,1665
ecdf,interaction_energies_dft,EXT_SEL,9.35,0.999399,1665
ecdf,interaction_energies_dft,EXT_SEL,9.4,0.999399,1665
ecdf,interaction_energies_dft,EXT_SEL,9.45,0.999399,1665
ecdf,interaction_energies_dft,EXT_SEL,9.5,0.999399,1665
ecdf,interaction_energies_dft,EXT_SEL,9.55,0.999399,1665
ecdf,interaction_energies_dft,EXT_SEL,9.6,0.999399,1665
ecdf,interaction_energies_dft,EXT_SEL,9.65,0.999399,1665
ecdf,interaction_energies_dft,EXT_SEL,9.7,0.999399,1665
ecdf,interaction_energies_dft,EXT_SEL,9.75,0.999399,1665
ecdf,interaction_energies_dft,EXT_SEL,9.8,0.999399,1665
ecdf,interaction_energies_dft,EXT_SEL,9.85,0.999399,1665
ecdf,interaction_energies_dft,EXT_SEL,9.9,0.999399,1665
ecdf,interaction_energies_dft,EXT_SEL,9.95,0.999399,1665
ecdf,interaction_energies_dft,EXT_SEL,10,0.999399,1665
within_1,interaction_energies_dft,EXT_SEL,1,0.527327,1665
within_2,interaction_energies_dft,EXT_SEL,2,0.803003,1665
ecdf,e_barrier_dft,Espley,0,0,1665
ecdf,e_barrier_dft,Espley,0.06,0.015015,1665
ecdf,e_barrier_dft,Espley,0.12,0.0312312,1665
ecdf,e_barrier_dft,Espley,0.18,0.0504505,1665
ecdf,e_barrier_dft,Espley,0.24,0.0666667,1665
ecdf,e_barrier_dft,Espley,0.3,0.0804805,1665
ecdf,e_barrier_dft,Espley,0.36,0.0966967,1665
ecdf,e_barrier_dft,Espley,0.42,0.106306,1665
ecdf,e_barrier_dft,Espley,0.48,0.118919,1665
ecdf,e_barrier_dft,Espley,0.54,0.134535,1665
ecdf,e_barrier_dft,Espley,0.6,0.14955,1665
ecdf,e_barrier_dft,Espley,0.66,0.164565,1665
ecdf,e_barrier_dft,Espley,0.72,0.17958,1665
ecdf,e_barrier_dft,Espley,0.78,0.194595,1665
ecdf,e_barrier_dft,Espley,0.84,0.203604,1665
ecdf,e_barrier_dft,Espley,0.9,0.214414,1665
ecdf,e_barrier_dft,Espley,0.96,0.230631,1665
ecdf,e_barrier_dft,Espley,1.02,0.249249,1665
ecdf,e_barrier_dft,Espley,1.08,0.257658,1665
ecdf,e_barrier_dft,Espley,1.14,0.269069,1665
ecdf,e_barrier_dft,Espley,1.2,0.282883,1665
ecdf,e_barrier_dft,Espley,1.26,0.296096,1665
ecdf,e_barrier_dft,Espley,1.32,0.306306,1665
ecdf,e_barrier_dft,Espley,1.38,0.313514,1665
ecdf,e_barrier_dft,Espley,1.44,0.324324,1665
ecdf,e_barrier_dft,Espley,1.5,0.341742,1665
ecdf,e_barrier_dft,Espley,1.56,0.354354,1665
ecdf,e_barrier_dft,Espley,1.62,0.363363,1665
ecdf,e_barrier_dft,Espley,1.68,0.375976,1665
ecdf,e_barrier_dft,Espley,1.74,0.39039,1665
ecdf,e_barrier_dft,Espley,1.8,0.395796,1665
ecdf,e_barrier_dft,Espley,1.86,0.412613,1665
ecdf,e_barrier_dft,Espley,1.92,0.41982,1665
ecdf,e_barrier_dft,Espley,1.98,0.428228,1665
ecdf,e_barrier_dft,Espley,2.04,0.434234,1665
ecdf,e_barrier_dft,Espley,2.1,0.444444,1665
ecdf,e_barrier_dft,Espley,2.16,0.455856,1665
ecdf,e_barrier_dft,Espley,2.22,0.466066,1665
ecdf,e_barrier_dft,Espley,2.28,0.474474,1665
ecdf,e_barrier_dft,Espley,2.34,0.488889,1665
ecdf,e_barrier_dft,Espley,2.4,0.497297,1665
ecdf,e_barrier_dft,Espley,2.46,0.507508,1665
ecdf,e_barrier_dft,Espley,2.52,0.517117,1665
ecdf,e_barrier_dft,Espley,2.58,0.526727,1665
ecdf,e_barrier_dft,Espley,2.64,0.535736,1665
ecdf,e_barrier_dft,Espley,2.7,0.548348,1665
ecdf,e_barrier_dft,Espley,2.76,0.555556,1665
ecdf,e_barrier_dft,Espley,2.82,0.565766,1665
ecdf,e_barrier_dft,Espley,2.88,0.575976,1665
ecdf,e_barrier_dft,Espley,2.94,0.590991,1665
ecdf,e_barrier_dft,Espley,3,0.598198,1665
ecdf,e_barrier_dft,Espley,3.06,0.609009,1665
ecdf,e_barrier_dft,Espley,3.12,0.613814,1665
ecdf,e_barrier_dft,Espley,3.18,0.618018,1665
ecdf,e_barrier_dft,Espley,3.24,0.627628,1665
ecdf,e_barrier_dft,Espley,3.3,0.635435,1665
ecdf,e_barrier_dft,Espley,3.36,0.641441,1665
ecdf,e_barrier_dft,Espley,3.42,0.648649,1665
ecdf,e_barrier_dft,Espley,3.48,0.658859,1665
ecdf,e_barrier_dft,Espley,3.54,0.667868,1665
ecdf,e_barrier_dft,Espley,3.6,0.678679,1665
ecdf,e_barrier_dft,Espley,3.66,0.685886,1665
ecdf,e_barrier_dft,Espley,3.72,0.691291,1665
ecdf,e_barrier_dft,Espley,3.78,0.698498,1665
ecdf,e_barrier_dft,Espley,3.84,0.707508,1665
ecdf,e_barrier_dft,Espley,3.9,0.711712,1665
ecdf,e_barrier_dft,Espley,3.96,0.718919,1665
ecdf,e_barrier_dft,Espley,4.02,0.723724,1665
ecdf,e_barrier_dft,Espley,4.08,0.729129,1665
ecdf,e_barrier_dft,Espley,4.14,0.733333,1665
ecdf,e_barrier_dft,Espley,4.2,0.739339,1665
ecdf,e_barrier_dft,Espley,4.26,0.747748,1665
ecdf,e_barrier_dft,Espley,4.32,0.755556,1665
ecdf,e_barrier_dft,Espley,4.38,0.75976,1665
ecdf,e_barrier_dft,Espley,4.44,0.768168,1665
ecdf,e_barrier_dft,Espley,4.5,0.774174,1665
ecdf,e_barrier_dft,Espley,4.56,0.77958,1665
ecdf,e_barrier_dft,Espley,4.62,0.783784,1665
ecdf,e_barrier_dft,Espley,4.68,0.786186,1665
ecdf,e_barrier_dft,Espley,4.74,0.790991,1665
ecdf,e_barrier_dft,Espley,4.8,0.798799,1665
ecdf,e_barrier_dft,Espley,4.86,0.804204,1665
ecdf,e_barrier_dft,Espley,4.92,0.808408,1665
ecdf,e_barrier_dft,Espley,4.98,0.81021,1665
ecdf,e_barrier_dft,Espley,5.04,0.812613,1665
ecdf,e_barrier_dft,Espley,5.1,0.818018,1665
ecdf,e_barrier_dft,Espley,5.16,0.823423,1665
ecdf,e_barrier_dft,Espley,5.22,0.829429,1665
ecdf,e_barrier_dft,Espley,5.28,0.830631,1665
ecdf,e_barrier_dft,Espley,5.34,0.834835,1665
ecdf,e_barrier_dft,Espley,5.4,0.84024,1665
ecdf,e_barrier_dft,Espley,5.46,0.845646,1665
ecdf,e_barrier_dft,Espley,5.52,0.85045,1665
ecdf,e_barrier_dft,Espley,5.58,0.855255,1665
ecdf,e_barrier_dft,Espley,5.64,0.860661,1665
ecdf,e_barrier_dft,Espley,5.7,0.863063,1665
ecdf,e_barrier_dft,Espley,5.76,0.864264,1665
ecdf,e_barrier_dft,Espley,5.82,0.867868,1665
ecdf,e_barrier_dft,Espley,5.88,0.86967,1665
ecdf,e_barrier_dft,Espley,5.94,0.871471,1665
ecdf,e_barrier_dft,Espley,6,0.875075,1665
ecdf,e_barrier_dft,Espley,6.06,0.87988,1665
ecdf,e_barrier_dft,Espley,6.12,0.883483,1665
ecdf,e_barrier_dft,Espley,6.18,0.887087,1665
ecdf,e_barrier_dft,Espley,6.24,0.890691,1665
ecdf,e_barrier_dft,Espley,6.3,0.891892,1665
ecdf,e_barrier_dft,Espley,6.36,0.893694,1665
ecdf,e_barrier_dft,Espley,6.42,0.897898,1665
ecdf,e_barrier_dft,Espley,6.48,0.901502,1665
ecdf,e_barrier_dft,Espley,6.54,0.903303,1665
ecdf,e_barrier_dft,Espley,6.6,0.905706,1665
ecdf,e_barrier_dft,Espley,6.66,0.908709,1665
ecdf,e_barrier_dft,Espley,6.72,0.911111,1665
ecdf,e_barrier_dft,Espley,6.78,0.912312,1665
ecdf,e_barrier_dft,Espley,6.84,0.913514,1665
ecdf,e_barrier_dft,Espley,6.9,0.915315,1665
ecdf,e_barrier_dft,Espley,6.96,0.917117,1665
ecdf,e_barrier_dft,Espley,7.02,0.92012,1665
ecdf,e_barrier_dft,Espley,7.08,0.923724,1665
ecdf,e_barrier_dft,Espley,7.14,0.924925,1665
ecdf,e_barrier_dft,Espley,7.2,0.925526,1665
ecdf,e_barrier_dft,Espley,7.26,0.92973,1665
ecdf,e_barrier_dft,Espley,7.32,0.931532,1665
ecdf,e_barrier_dft,Espley,7.38,0.933333,1665
ecdf,e_barrier_dft,Espley,7.44,0.936937,1665
ecdf,e_barrier_dft,Espley,7.5,0.939339,1665
ecdf,e_barrier_dft,Espley,7.56,0.940541,1665
ecdf,e_barrier_dft,Espley,7.62,0.943544,1665
ecdf,e_barrier_dft,Espley,7.68,0.945946,1665
ecdf,e_barrier_dft,Espley,7.74,0.948949,1665
ecdf,e_barrier_dft,Espley,7.8,0.94955,1665
ecdf,e_barrier_dft,Espley,7.86,0.951351,1665
ecdf,e_barrier_dft,Espley,7.92,0.952553,1665
ecdf,e_barrier_dft,Espley,7.98,0.953153,1665
ecdf,e_barrier_dft,Espley,8.04,0.953754,1665
ecdf,e_barrier_dft,Espley,8.1,0.954955,1665
ecdf,e_barrier_dft,Espley,8.16,0.956156,1665
ecdf,e_barrier_dft,Espley,8.22,0.957958,1665
ecdf,e_barrier_dft,Espley,8.28,0.95976,1665
ecdf,e_barrier_dft,Espley,8.34,0.96036,1665
ecdf,e_barrier_dft,Espley,8.4,0.96036,1665
ecdf,e_barrier_dft,Espley,8.46,0.960961,1665
ecdf,e_barrier_dft,Espley,8.52,0.961562,1665
ecdf,e_barrier_dft,Espley,8.58,0.962162,1665
ecdf,e_barrier_dft,Espley,8.64,0.963363,1665
ecdf,e_barrier_dft,Espley,8.7,0.964565,1665
ecdf,e_barrier_dft,Espley,8.76,0.965165,1665
ecdf,e_barrier_dft,Espley,8.82,0.965165,1665
ecdf,e_barrier_dft,Espley,8.88,0.965165,1665
ecdf,e_barrier_dft,Espley,8.94,0.965165,1665
ecdf,e_barrier_dft,Espley,9,0.966366,1665
ecdf,e_barrier_dft,Espley,9.06,0.966967,1665
ecdf,e_barrier_dft,Espley,9.12,0.966967,1665
ecdf,e_barrier_dft,Espley,9.18,0.966967,1665
ecdf,e_barrier_dft,Espley,9.24,0.967568,1665
ecdf,e_barrier_dft,Espley,9.3,0.968168,1665
ecdf,e_barrier_dft,Espley,9.36,0.969369,1665
ecdf,e_barrier_dft,Espley,9.42,0.969369,1665
ecdf,e_barrier_dft,Espley,9.48,0.96997,1665
ecdf,e_barrier_dft,Espley,9.54,0.96997,1665
ecdf,e_barrier_dft,Espley,9.6,0.96997,1665
ecdf,e_barrier_dft,Espley,9.66,0.971171,1665
ecdf,e_barrier_dft,Espley,9.72,0.971772,1665
ecdf,e_barrier_dft,Espley,9.78,0.971772,1665
ecdf,e_barrier_dft,Espley,9.84,0.972372,1665
ecdf,e_barrier_dft,Espley,9.9,0.972372,1665
ecdf,e_barrier_dft,Espley,9.96,0.972973,1665
ecdf,e_barrier_dft,Espley,10.02,0.974174,1665
ecdf,e_barrier_dft,Espley,10.08,0.974775,1665
ecdf,e_barrier_dft,Espley,10.14,0.974775,1665
ecdf,e_barrier_dft,Espley,10.2,0.975375,1665
ecdf,e_barrier_dft,Espley,10.26,0.975976,1665
ecdf,e_barrier_dft,Espley,10.32,0.977177,1665
ecdf,e_barrier_dft,Espley,10.38,0.977177,1665
ecdf,e_barrier_dft,Espley,10.44,0.977177,1665
ecdf,e_barrier_dft,Espley,10.5,0.977778,1665
ecdf,e_barrier_dft,Espley,10.56,0.977778,1665
ecdf,e_barrier_dft,Espley,10.62,0.978979,1665
ecdf,e_barrier_dft,Espley,10.68,0.978979,1665
ecdf,e_barrier_dft,Espley,10.74,0.98018,1665
ecdf,e_barrier_dft,Espley,10.8,0.98018,1665
ecdf,e_barrier_dft,Espley,10.86,0.981381,1665
ecdf,e_barrier_dft,Espley,10.92,0.981982,1665
ecdf,e_barrier_dft,Espley,10.98,0.983183,1665
ecdf,e_barrier_dft,Espley,11.04,0.983784,1665
ecdf,e_barrier_dft,Espley,11.1,0.983784,1665
ecdf,e_barrier_dft,Espley,11.16,0.983784,1665
ecdf,e_barrier_dft,Espley,11.22,0.983784,1665
ecdf,e_barrier_dft,Espley,11.28,0.983784,1665
ecdf,e_barrier_dft,Espley,11.34,0.983784,1665
ecdf,e_barrier_dft,Espley,11.4,0.984384,1665
ecdf,e_barrier_dft,Espley,11.46,0.984384,1665
ecdf,e_barrier_dft,Espley,11.52,0.985586,1665
ecdf,e_barrier_dft,Espley,11.58,0.986186,1665
ecdf,e_barrier_dft,Espley,11.64,0.987387,1665
ecdf,e_barrier_dft,Espley,11.7,0.987988,1665
ecdf,e_barrier_dft,Espley,11.76,0.988589,1665
ecdf,e_barrier_dft,Espley,11.82,0.98979,1665
ecdf,e_barrier_dft,Espley,11.88,0.98979,1665
ecdf,e_barrier_dft,Espley,11.94,0.98979,1665
ecdf,e_barrier_dft,Espley,12,0.98979,1665
within_1,e_barrier_dft,Espley,1,0.244444,1665
within_2,e_barrier_dft,Espley,2,0.429429,1665
ecdf,e_barrier_dft,ESPLEY46,0,0,1665
ecdf,e_barrier_dft,ESPLEY46,0.06,0.0156156,1665
ecdf,e_barrier_dft,ESPLEY46,0.12,0.0384384,1665
ecdf,e_barrier_dft,ESPLEY46,0.18,0.0672673,1665
ecdf,e_barrier_dft,ESPLEY46,0.24,0.0882883,1665
ecdf,e_barrier_dft,ESPLEY46,0.3,0.108709,1665
ecdf,e_barrier_dft,ESPLEY46,0.36,0.127327,1665
ecdf,e_barrier_dft,ESPLEY46,0.42,0.144745,1665
ecdf,e_barrier_dft,ESPLEY46,0.48,0.163964,1665
ecdf,e_barrier_dft,ESPLEY46,0.54,0.185586,1665
ecdf,e_barrier_dft,ESPLEY46,0.6,0.199399,1665
ecdf,e_barrier_dft,ESPLEY46,0.66,0.222222,1665
ecdf,e_barrier_dft,ESPLEY46,0.72,0.242643,1665
ecdf,e_barrier_dft,ESPLEY46,0.78,0.260661,1665
ecdf,e_barrier_dft,ESPLEY46,0.84,0.279279,1665
ecdf,e_barrier_dft,ESPLEY46,0.9,0.3003,1665
ecdf,e_barrier_dft,ESPLEY46,0.96,0.31952,1665
ecdf,e_barrier_dft,ESPLEY46,1.02,0.33994,1665
ecdf,e_barrier_dft,ESPLEY46,1.08,0.35976,1665
ecdf,e_barrier_dft,ESPLEY46,1.14,0.377177,1665
ecdf,e_barrier_dft,ESPLEY46,1.2,0.38979,1665
ecdf,e_barrier_dft,ESPLEY46,1.26,0.41021,1665
ecdf,e_barrier_dft,ESPLEY46,1.32,0.428829,1665
ecdf,e_barrier_dft,ESPLEY46,1.38,0.447447,1665
ecdf,e_barrier_dft,ESPLEY46,1.44,0.460661,1665
ecdf,e_barrier_dft,ESPLEY46,1.5,0.481081,1665
ecdf,e_barrier_dft,ESPLEY46,1.56,0.495495,1665
ecdf,e_barrier_dft,ESPLEY46,1.62,0.505706,1665
ecdf,e_barrier_dft,ESPLEY46,1.68,0.524324,1665
ecdf,e_barrier_dft,ESPLEY46,1.74,0.538138,1665
ecdf,e_barrier_dft,ESPLEY46,1.8,0.556156,1665
ecdf,e_barrier_dft,ESPLEY46,1.86,0.568168,1665
ecdf,e_barrier_dft,ESPLEY46,1.92,0.583183,1665
ecdf,e_barrier_dft,ESPLEY46,1.98,0.595796,1665
ecdf,e_barrier_dft,ESPLEY46,2.04,0.607207,1665
ecdf,e_barrier_dft,ESPLEY46,2.1,0.621021,1665
ecdf,e_barrier_dft,ESPLEY46,2.16,0.633634,1665
ecdf,e_barrier_dft,ESPLEY46,2.22,0.645646,1665
ecdf,e_barrier_dft,ESPLEY46,2.28,0.659459,1665
ecdf,e_barrier_dft,ESPLEY46,2.34,0.671471,1665
ecdf,e_barrier_dft,ESPLEY46,2.4,0.682282,1665
ecdf,e_barrier_dft,ESPLEY46,2.46,0.693694,1665
ecdf,e_barrier_dft,ESPLEY46,2.52,0.699099,1665
ecdf,e_barrier_dft,ESPLEY46,2.58,0.708709,1665
ecdf,e_barrier_dft,ESPLEY46,2.64,0.720721,1665
ecdf,e_barrier_dft,ESPLEY46,2.7,0.73033,1665
ecdf,e_barrier_dft,ESPLEY46,2.76,0.73994,1665
ecdf,e_barrier_dft,ESPLEY46,2.82,0.748348,1665
ecdf,e_barrier_dft,ESPLEY46,2.88,0.756757,1665
ecdf,e_barrier_dft,ESPLEY46,2.94,0.768168,1665
ecdf,e_barrier_dft,ESPLEY46,3,0.777778,1665
ecdf,e_barrier_dft,ESPLEY46,3.06,0.788589,1665
ecdf,e_barrier_dft,ESPLEY46,3.12,0.798799,1665
ecdf,e_barrier_dft,ESPLEY46,3.18,0.804805,1665
ecdf,e_barrier_dft,ESPLEY46,3.24,0.812613,1665
ecdf,e_barrier_dft,ESPLEY46,3.3,0.818018,1665
ecdf,e_barrier_dft,ESPLEY46,3.36,0.824625,1665
ecdf,e_barrier_dft,ESPLEY46,3.42,0.830631,1665
ecdf,e_barrier_dft,ESPLEY46,3.48,0.838438,1665
ecdf,e_barrier_dft,ESPLEY46,3.54,0.846246,1665
ecdf,e_barrier_dft,ESPLEY46,3.6,0.852853,1665
ecdf,e_barrier_dft,ESPLEY46,3.66,0.857057,1665
ecdf,e_barrier_dft,ESPLEY46,3.72,0.863664,1665
ecdf,e_barrier_dft,ESPLEY46,3.78,0.867868,1665
ecdf,e_barrier_dft,ESPLEY46,3.84,0.872072,1665
ecdf,e_barrier_dft,ESPLEY46,3.9,0.875075,1665
ecdf,e_barrier_dft,ESPLEY46,3.96,0.88048,1665
ecdf,e_barrier_dft,ESPLEY46,4.02,0.884084,1665
ecdf,e_barrier_dft,ESPLEY46,4.08,0.889489,1665
ecdf,e_barrier_dft,ESPLEY46,4.14,0.892492,1665
ecdf,e_barrier_dft,ESPLEY46,4.2,0.898498,1665
ecdf,e_barrier_dft,ESPLEY46,4.26,0.904505,1665
ecdf,e_barrier_dft,ESPLEY46,4.32,0.911712,1665
ecdf,e_barrier_dft,ESPLEY46,4.38,0.915916,1665
ecdf,e_barrier_dft,ESPLEY46,4.44,0.921321,1665
ecdf,e_barrier_dft,ESPLEY46,4.5,0.922523,1665
ecdf,e_barrier_dft,ESPLEY46,4.56,0.925526,1665
ecdf,e_barrier_dft,ESPLEY46,4.62,0.927928,1665
ecdf,e_barrier_dft,ESPLEY46,4.68,0.92973,1665
ecdf,e_barrier_dft,ESPLEY46,4.74,0.932132,1665
ecdf,e_barrier_dft,ESPLEY46,4.8,0.934535,1665
ecdf,e_barrier_dft,ESPLEY46,4.86,0.935135,1665
ecdf,e_barrier_dft,ESPLEY46,4.92,0.938138,1665
ecdf,e_barrier_dft,ESPLEY46,4.98,0.93994,1665
ecdf,e_barrier_dft,ESPLEY46,5.04,0.942342,1665
ecdf,e_barrier_dft,ESPLEY46,5.1,0.944144,1665
ecdf,e_barrier_dft,ESPLEY46,5.16,0.946547,1665
ecdf,e_barrier_dft,ESPLEY46,5.22,0.948348,1665
ecdf,e_barrier_dft,ESPLEY46,5.28,0.948949,1665
ecdf,e_barrier_dft,ESPLEY46,5.34,0.94955,1665
ecdf,e_barrier_dft,ESPLEY46,5.4,0.951952,1665
ecdf,e_barrier_dft,ESPLEY46,5.46,0.953754,1665
ecdf,e_barrier_dft,ESPLEY46,5.52,0.955556,1665
ecdf,e_barrier_dft,ESPLEY46,5.58,0.956757,1665
ecdf,e_barrier_dft,ESPLEY46,5.64,0.957958,1665
ecdf,e_barrier_dft,ESPLEY46,5.7,0.96036,1665
ecdf,e_barrier_dft,ESPLEY46,5.76,0.960961,1665
ecdf,e_barrier_dft,ESPLEY46,5.82,0.962763,1665
ecdf,e_barrier_dft,ESPLEY46,5.88,0.965165,1665
ecdf,e_barrier_dft,ESPLEY46,5.94,0.965766,1665
ecdf,e_barrier_dft,ESPLEY46,6,0.968168,1665
ecdf,e_barrier_dft,ESPLEY46,6.06,0.968769,1665
ecdf,e_barrier_dft,ESPLEY46,6.12,0.970571,1665
ecdf,e_barrier_dft,ESPLEY46,6.18,0.971171,1665
ecdf,e_barrier_dft,ESPLEY46,6.24,0.972973,1665
ecdf,e_barrier_dft,ESPLEY46,6.3,0.973574,1665
ecdf,e_barrier_dft,ESPLEY46,6.36,0.975976,1665
ecdf,e_barrier_dft,ESPLEY46,6.42,0.977177,1665
ecdf,e_barrier_dft,ESPLEY46,6.48,0.978378,1665
ecdf,e_barrier_dft,ESPLEY46,6.54,0.978979,1665
ecdf,e_barrier_dft,ESPLEY46,6.6,0.97958,1665
ecdf,e_barrier_dft,ESPLEY46,6.66,0.98018,1665
ecdf,e_barrier_dft,ESPLEY46,6.72,0.98018,1665
ecdf,e_barrier_dft,ESPLEY46,6.78,0.981982,1665
ecdf,e_barrier_dft,ESPLEY46,6.84,0.981982,1665
ecdf,e_barrier_dft,ESPLEY46,6.9,0.983183,1665
ecdf,e_barrier_dft,ESPLEY46,6.96,0.983183,1665
ecdf,e_barrier_dft,ESPLEY46,7.02,0.983784,1665
ecdf,e_barrier_dft,ESPLEY46,7.08,0.984985,1665
ecdf,e_barrier_dft,ESPLEY46,7.14,0.984985,1665
ecdf,e_barrier_dft,ESPLEY46,7.2,0.984985,1665
ecdf,e_barrier_dft,ESPLEY46,7.26,0.984985,1665
ecdf,e_barrier_dft,ESPLEY46,7.32,0.985586,1665
ecdf,e_barrier_dft,ESPLEY46,7.38,0.985586,1665
ecdf,e_barrier_dft,ESPLEY46,7.44,0.986186,1665
ecdf,e_barrier_dft,ESPLEY46,7.5,0.987387,1665
ecdf,e_barrier_dft,ESPLEY46,7.56,0.987988,1665
ecdf,e_barrier_dft,ESPLEY46,7.62,0.988589,1665
ecdf,e_barrier_dft,ESPLEY46,7.68,0.989189,1665
ecdf,e_barrier_dft,ESPLEY46,7.74,0.989189,1665
ecdf,e_barrier_dft,ESPLEY46,7.8,0.98979,1665
ecdf,e_barrier_dft,ESPLEY46,7.86,0.990991,1665
ecdf,e_barrier_dft,ESPLEY46,7.92,0.991592,1665
ecdf,e_barrier_dft,ESPLEY46,7.98,0.992192,1665
ecdf,e_barrier_dft,ESPLEY46,8.04,0.992192,1665
ecdf,e_barrier_dft,ESPLEY46,8.1,0.992793,1665
ecdf,e_barrier_dft,ESPLEY46,8.16,0.993393,1665
ecdf,e_barrier_dft,ESPLEY46,8.22,0.993393,1665
ecdf,e_barrier_dft,ESPLEY46,8.28,0.993393,1665
ecdf,e_barrier_dft,ESPLEY46,8.34,0.993393,1665
ecdf,e_barrier_dft,ESPLEY46,8.4,0.993393,1665
ecdf,e_barrier_dft,ESPLEY46,8.46,0.993393,1665
ecdf,e_barrier_dft,ESPLEY46,8.52,0.993393,1665
ecdf,e_barrier_dft,ESPLEY46,8.58,0.993393,1665
ecdf,e_barrier_dft,ESPLEY46,8.64,0.993393,1665
ecdf,e_barrier_dft,ESPLEY46,8.7,0.993393,1665
ecdf,e_barrier_dft,ESPLEY46,8.76,0.993393,1665
ecdf,e_barrier_dft,ESPLEY46,8.82,0.993393,1665
ecdf,e_barrier_dft,ESPLEY46,8.88,0.993393,1665
ecdf,e_barrier_dft,ESPLEY46,8.94,0.993393,1665
ecdf,e_barrier_dft,ESPLEY46,9,0.993393,1665
ecdf,e_barrier_dft,ESPLEY46,9.06,0.993994,1665
ecdf,e_barrier_dft,ESPLEY46,9.12,0.993994,1665
ecdf,e_barrier_dft,ESPLEY46,9.18,0.993994,1665
ecdf,e_barrier_dft,ESPLEY46,9.24,0.993994,1665
ecdf,e_barrier_dft,ESPLEY46,9.3,0.993994,1665
ecdf,e_barrier_dft,ESPLEY46,9.36,0.993994,1665
ecdf,e_barrier_dft,ESPLEY46,9.42,0.993994,1665
ecdf,e_barrier_dft,ESPLEY46,9.48,0.993994,1665
ecdf,e_barrier_dft,ESPLEY46,9.54,0.994595,1665
ecdf,e_barrier_dft,ESPLEY46,9.6,0.994595,1665
ecdf,e_barrier_dft,ESPLEY46,9.66,0.994595,1665
ecdf,e_barrier_dft,ESPLEY46,9.72,0.994595,1665
ecdf,e_barrier_dft,ESPLEY46,9.78,0.995195,1665
ecdf,e_barrier_dft,ESPLEY46,9.84,0.995195,1665
ecdf,e_barrier_dft,ESPLEY46,9.9,0.995195,1665
ecdf,e_barrier_dft,ESPLEY46,9.96,0.995796,1665
ecdf,e_barrier_dft,ESPLEY46,10.02,0.995796,1665
ecdf,e_barrier_dft,ESPLEY46,10.08,0.996396,1665
ecdf,e_barrier_dft,ESPLEY46,10.14,0.996396,1665
ecdf,e_barrier_dft,ESPLEY46,10.2,0.996396,1665
ecdf,e_barrier_dft,ESPLEY46,10.26,0.996396,1665
ecdf,e_barrier_dft,ESPLEY46,10.32,0.996396,1665
ecdf,e_barrier_dft,ESPLEY46,10.38,0.996396,1665
ecdf,e_barrier_dft,ESPLEY46,10.44,0.996396,1665
ecdf,e_barrier_dft,ESPLEY46,10.5,0.996396,1665
ecdf,e_barrier_dft,ESPLEY46,10.56,0.996396,1665
ecdf,e_barrier_dft,ESPLEY46,10.62,0.996396,1665
ecdf,e_barrier_dft,ESPLEY46,10.68,0.996396,1665
ecdf,e_barrier_dft,ESPLEY46,10.74,0.996997,1665
ecdf,e_barrier_dft,ESPLEY46,10.8,0.996997,1665
ecdf,e_barrier_dft,ESPLEY46,10.86,0.996997,1665
ecdf,e_barrier_dft,ESPLEY46,10.92,0.996997,1665
ecdf,e_barrier_dft,ESPLEY46,10.98,0.996997,1665
ecdf,e_barrier_dft,ESPLEY46,11.04,0.996997,1665
ecdf,e_barrier_dft,ESPLEY46,11.1,0.996997,1665
ecdf,e_barrier_dft,ESPLEY46,11.16,0.997598,1665
ecdf,e_barrier_dft,ESPLEY46,11.22,0.997598,1665
ecdf,e_barrier_dft,ESPLEY46,11.28,0.997598,1665
ecdf,e_barrier_dft,ESPLEY46,11.34,0.997598,1665
ecdf,e_barrier_dft,ESPLEY46,11.4,0.997598,1665
ecdf,e_barrier_dft,ESPLEY46,11.46,0.997598,1665
ecdf,e_barrier_dft,ESPLEY46,11.52,0.997598,1665
ecdf,e_barrier_dft,ESPLEY46,11.58,0.997598,1665
ecdf,e_barrier_dft,ESPLEY46,11.64,0.997598,1665
ecdf,e_barrier_dft,ESPLEY46,11.7,0.997598,1665
ecdf,e_barrier_dft,ESPLEY46,11.76,0.997598,1665
ecdf,e_barrier_dft,ESPLEY46,11.82,0.997598,1665
ecdf,e_barrier_dft,ESPLEY46,11.88,0.997598,1665
ecdf,e_barrier_dft,ESPLEY46,11.94,0.997598,1665
ecdf,e_barrier_dft,ESPLEY46,12,0.997598,1665
within_1,e_barrier_dft,ESPLEY46,1,0.332733,1665
within_2,e_barrier_dft,ESPLEY46,2,0.600601,1665
ecdf,e_barrier_dft,ESPLEY73,0,0,1665
ecdf,e_barrier_dft,ESPLEY73,0.06,0.0222222,1665
ecdf,e_barrier_dft,ESPLEY73,0.12,0.048048,1665
ecdf,e_barrier_dft,ESPLEY73,0.18,0.0696697,1665
ecdf,e_barrier_dft,ESPLEY73,0.24,0.0906907,1665
ecdf,e_barrier_dft,ESPLEY73,0.3,0.10991,1665
ecdf,e_barrier_dft,ESPLEY73,0.36,0.133934,1665
ecdf,e_barrier_dft,ESPLEY73,0.42,0.151351,1665
ecdf,e_barrier_dft,ESPLEY73,0.48,0.174775,1665
ecdf,e_barrier_dft,ESPLEY73,0.54,0.204805,1665
ecdf,e_barrier_dft,ESPLEY73,0.6,0.223423,1665
ecdf,e_barrier_dft,ESPLEY73,0.66,0.244444,1665
ecdf,e_barrier_dft,ESPLEY73,0.72,0.266667,1665
ecdf,e_barrier_dft,ESPLEY73,0.78,0.288889,1665
ecdf,e_barrier_dft,ESPLEY73,0.84,0.311111,1665
ecdf,e_barrier_dft,ESPLEY73,0.9,0.335135,1665
ecdf,e_barrier_dft,ESPLEY73,0.96,0.353754,1665
ecdf,e_barrier_dft,ESPLEY73,1.02,0.370571,1665
ecdf,e_barrier_dft,ESPLEY73,1.08,0.393994,1665
ecdf,e_barrier_dft,ESPLEY73,1.14,0.411411,1665
ecdf,e_barrier_dft,ESPLEY73,1.2,0.433033,1665
ecdf,e_barrier_dft,ESPLEY73,1.26,0.452853,1665
ecdf,e_barrier_dft,ESPLEY73,1.32,0.464865,1665
ecdf,e_barrier_dft,ESPLEY73,1.38,0.482883,1665
ecdf,e_barrier_dft,ESPLEY73,1.44,0.4997,1665
ecdf,e_barrier_dft,ESPLEY73,1.5,0.517718,1665
ecdf,e_barrier_dft,ESPLEY73,1.56,0.534535,1665
ecdf,e_barrier_dft,ESPLEY73,1.62,0.546547,1665
ecdf,e_barrier_dft,ESPLEY73,1.68,0.564565,1665
ecdf,e_barrier_dft,ESPLEY73,1.74,0.583784,1665
ecdf,e_barrier_dft,ESPLEY73,1.8,0.600601,1665
ecdf,e_barrier_dft,ESPLEY73,1.86,0.612012,1665
ecdf,e_barrier_dft,ESPLEY73,1.92,0.623423,1665
ecdf,e_barrier_dft,ESPLEY73,1.98,0.64024,1665
ecdf,e_barrier_dft,ESPLEY73,2.04,0.64985,1665
ecdf,e_barrier_dft,ESPLEY73,2.1,0.664264,1665
ecdf,e_barrier_dft,ESPLEY73,2.16,0.673273,1665
ecdf,e_barrier_dft,ESPLEY73,2.22,0.689489,1665
ecdf,e_barrier_dft,ESPLEY73,2.28,0.701502,1665
ecdf,e_barrier_dft,ESPLEY73,2.34,0.712312,1665
ecdf,e_barrier_dft,ESPLEY73,2.4,0.721321,1665
ecdf,e_barrier_dft,ESPLEY73,2.46,0.733934,1665
ecdf,e_barrier_dft,ESPLEY73,2.52,0.747748,1665
ecdf,e_barrier_dft,ESPLEY73,2.58,0.750751,1665
ecdf,e_barrier_dft,ESPLEY73,2.64,0.762763,1665
ecdf,e_barrier_dft,ESPLEY73,2.7,0.774174,1665
ecdf,e_barrier_dft,ESPLEY73,2.76,0.778378,1665
ecdf,e_barrier_dft,ESPLEY73,2.82,0.786787,1665
ecdf,e_barrier_dft,ESPLEY73,2.88,0.797598,1665
ecdf,e_barrier_dft,ESPLEY73,2.94,0.807207,1665
ecdf,e_barrier_dft,ESPLEY73,3,0.813814,1665
ecdf,e_barrier_dft,ESPLEY73,3.06,0.825826,1665
ecdf,e_barrier_dft,ESPLEY73,3.12,0.833033,1665
ecdf,e_barrier_dft,ESPLEY73,3.18,0.836637,1665
ecdf,e_barrier_dft,ESPLEY73,3.24,0.845646,1665
ecdf,e_barrier_dft,ESPLEY73,3.3,0.854054,1665
ecdf,e_barrier_dft,ESPLEY73,3.36,0.862462,1665
ecdf,e_barrier_dft,ESPLEY73,3.42,0.869069,1665
ecdf,e_barrier_dft,ESPLEY73,3.48,0.873874,1665
ecdf,e_barrier_dft,ESPLEY73,3.54,0.876877,1665
ecdf,e_barrier_dft,ESPLEY73,3.6,0.881081,1665
ecdf,e_barrier_dft,ESPLEY73,3.66,0.888288,1665
ecdf,e_barrier_dft,ESPLEY73,3.72,0.894294,1665
ecdf,e_barrier_dft,ESPLEY73,3.78,0.8997,1665
ecdf,e_barrier_dft,ESPLEY73,3.84,0.904505,1665
ecdf,e_barrier_dft,ESPLEY73,3.9,0.906907,1665
ecdf,e_barrier_dft,ESPLEY73,3.96,0.910511,1665
ecdf,e_barrier_dft,ESPLEY73,4.02,0.914114,1665
ecdf,e_barrier_dft,ESPLEY73,4.08,0.917718,1665
ecdf,e_barrier_dft,ESPLEY73,4.14,0.923123,1665
ecdf,e_barrier_dft,ESPLEY73,4.2,0.926126,1665
ecdf,e_barrier_dft,ESPLEY73,4.26,0.927928,1665
ecdf,e_barrier_dft,ESPLEY73,4.32,0.931532,1665
ecdf,e_barrier_dft,ESPLEY73,4.38,0.934535,1665
ecdf,e_barrier_dft,ESPLEY73,4.44,0.939339,1665
ecdf,e_barrier_dft,ESPLEY73,4.5,0.943544,1665
ecdf,e_barrier_dft,ESPLEY73,4.56,0.944745,1665
ecdf,e_barrier_dft,ESPLEY73,4.62,0.95015,1665
ecdf,e_barrier_dft,ESPLEY73,4.68,0.951952,1665
ecdf,e_barrier_dft,ESPLEY73,4.74,0.952553,1665
ecdf,e_barrier_dft,ESPLEY73,4.8,0.954955,1665
ecdf,e_barrier_dft,ESPLEY73,4.86,0.956757,1665
ecdf,e_barrier_dft,ESPLEY73,4.92,0.957357,1665
ecdf,e_barrier_dft,ESPLEY73,4.98,0.957958,1665
ecdf,e_barrier_dft,ESPLEY73,5.04,0.959159,1665
ecdf,e_barrier_dft,ESPLEY73,5.1,0.960961,1665
ecdf,e_barrier_dft,ESPLEY73,5.16,0.963363,1665
ecdf,e_barrier_dft,ESPLEY73,5.22,0.965165,1665
ecdf,e_barrier_dft,ESPLEY73,5.28,0.968168,1665
ecdf,e_barrier_dft,ESPLEY73,5.34,0.968168,1665
ecdf,e_barrier_dft,ESPLEY73,5.4,0.968168,1665
ecdf,e_barrier_dft,ESPLEY73,5.46,0.970571,1665
ecdf,e_barrier_dft,ESPLEY73,5.52,0.971772,1665
ecdf,e_barrier_dft,ESPLEY73,5.58,0.972372,1665
ecdf,e_barrier_dft,ESPLEY73,5.64,0.973574,1665
ecdf,e_barrier_dft,ESPLEY73,5.7,0.975375,1665
ecdf,e_barrier_dft,ESPLEY73,5.76,0.976577,1665
ecdf,e_barrier_dft,ESPLEY73,5.82,0.977778,1665
ecdf,e_barrier_dft,ESPLEY73,5.88,0.978979,1665
ecdf,e_barrier_dft,ESPLEY73,5.94,0.978979,1665
ecdf,e_barrier_dft,ESPLEY73,6,0.97958,1665
ecdf,e_barrier_dft,ESPLEY73,6.06,0.980781,1665
ecdf,e_barrier_dft,ESPLEY73,6.12,0.981982,1665
ecdf,e_barrier_dft,ESPLEY73,6.18,0.983183,1665
ecdf,e_barrier_dft,ESPLEY73,6.24,0.984384,1665
ecdf,e_barrier_dft,ESPLEY73,6.3,0.985586,1665
ecdf,e_barrier_dft,ESPLEY73,6.36,0.986186,1665
ecdf,e_barrier_dft,ESPLEY73,6.42,0.986787,1665
ecdf,e_barrier_dft,ESPLEY73,6.48,0.987387,1665
ecdf,e_barrier_dft,ESPLEY73,6.54,0.987988,1665
ecdf,e_barrier_dft,ESPLEY73,6.6,0.987988,1665
ecdf,e_barrier_dft,ESPLEY73,6.66,0.989189,1665
ecdf,e_barrier_dft,ESPLEY73,6.72,0.989189,1665
ecdf,e_barrier_dft,ESPLEY73,6.78,0.98979,1665
ecdf,e_barrier_dft,ESPLEY73,6.84,0.98979,1665
ecdf,e_barrier_dft,ESPLEY73,6.9,0.98979,1665
ecdf,e_barrier_dft,ESPLEY73,6.96,0.99039,1665
ecdf,e_barrier_dft,ESPLEY73,7.02,0.99039,1665
ecdf,e_barrier_dft,ESPLEY73,7.08,0.99039,1665
ecdf,e_barrier_dft,ESPLEY73,7.14,0.990991,1665
ecdf,e_barrier_dft,ESPLEY73,7.2,0.990991,1665
ecdf,e_barrier_dft,ESPLEY73,7.26,0.990991,1665
ecdf,e_barrier_dft,ESPLEY73,7.32,0.990991,1665
ecdf,e_barrier_dft,ESPLEY73,7.38,0.990991,1665
ecdf,e_barrier_dft,ESPLEY73,7.44,0.990991,1665
ecdf,e_barrier_dft,ESPLEY73,7.5,0.990991,1665
ecdf,e_barrier_dft,ESPLEY73,7.56,0.992192,1665
ecdf,e_barrier_dft,ESPLEY73,7.62,0.992793,1665
ecdf,e_barrier_dft,ESPLEY73,7.68,0.992793,1665
ecdf,e_barrier_dft,ESPLEY73,7.74,0.992793,1665
ecdf,e_barrier_dft,ESPLEY73,7.8,0.992793,1665
ecdf,e_barrier_dft,ESPLEY73,7.86,0.992793,1665
ecdf,e_barrier_dft,ESPLEY73,7.92,0.993393,1665
ecdf,e_barrier_dft,ESPLEY73,7.98,0.994595,1665
ecdf,e_barrier_dft,ESPLEY73,8.04,0.995195,1665
ecdf,e_barrier_dft,ESPLEY73,8.1,0.995195,1665
ecdf,e_barrier_dft,ESPLEY73,8.16,0.995796,1665
ecdf,e_barrier_dft,ESPLEY73,8.22,0.996396,1665
ecdf,e_barrier_dft,ESPLEY73,8.28,0.996396,1665
ecdf,e_barrier_dft,ESPLEY73,8.34,0.996396,1665
ecdf,e_barrier_dft,ESPLEY73,8.4,0.996396,1665
ecdf,e_barrier_dft,ESPLEY73,8.46,0.996396,1665
ecdf,e_barrier_dft,ESPLEY73,8.52,0.996396,1665
ecdf,e_barrier_dft,ESPLEY73,8.58,0.996396,1665
ecdf,e_barrier_dft,ESPLEY73,8.64,0.996396,1665
ecdf,e_barrier_dft,ESPLEY73,8.7,0.996396,1665
ecdf,e_barrier_dft,ESPLEY73,8.76,0.996396,1665
ecdf,e_barrier_dft,ESPLEY73,8.82,0.996396,1665
ecdf,e_barrier_dft,ESPLEY73,8.88,0.996396,1665
ecdf,e_barrier_dft,ESPLEY73,8.94,0.996396,1665
ecdf,e_barrier_dft,ESPLEY73,9,0.996997,1665
ecdf,e_barrier_dft,ESPLEY73,9.06,0.996997,1665
ecdf,e_barrier_dft,ESPLEY73,9.12,0.996997,1665
ecdf,e_barrier_dft,ESPLEY73,9.18,0.996997,1665
ecdf,e_barrier_dft,ESPLEY73,9.24,0.997598,1665
ecdf,e_barrier_dft,ESPLEY73,9.3,0.998198,1665
ecdf,e_barrier_dft,ESPLEY73,9.36,0.998198,1665
ecdf,e_barrier_dft,ESPLEY73,9.42,0.998198,1665
ecdf,e_barrier_dft,ESPLEY73,9.48,0.998198,1665
ecdf,e_barrier_dft,ESPLEY73,9.54,0.998198,1665
ecdf,e_barrier_dft,ESPLEY73,9.6,0.998198,1665
ecdf,e_barrier_dft,ESPLEY73,9.66,0.998198,1665
ecdf,e_barrier_dft,ESPLEY73,9.72,0.998198,1665
ecdf,e_barrier_dft,ESPLEY73,9.78,0.998198,1665
ecdf,e_barrier_dft,ESPLEY73,9.84,0.998198,1665
ecdf,e_barrier_dft,ESPLEY73,9.9,0.998198,1665
ecdf,e_barrier_dft,ESPLEY73,9.96,0.998198,1665
ecdf,e_barrier_dft,ESPLEY73,10.02,0.998198,1665
ecdf,e_barrier_dft,ESPLEY73,10.08,0.998198,1665
ecdf,e_barrier_dft,ESPLEY73,10.14,0.998198,1665
ecdf,e_barrier_dft,ESPLEY73,10.2,0.998198,1665
ecdf,e_barrier_dft,ESPLEY73,10.26,0.998198,1665
ecdf,e_barrier_dft,ESPLEY73,10.32,0.998198,1665
ecdf,e_barrier_dft,ESPLEY73,10.38,0.998198,1665
ecdf,e_barrier_dft,ESPLEY73,10.44,0.998198,1665
ecdf,e_barrier_dft,ESPLEY73,10.5,0.998198,1665
ecdf,e_barrier_dft,ESPLEY73,10.56,0.998198,1665
ecdf,e_barrier_dft,ESPLEY73,10.62,0.998198,1665
ecdf,e_barrier_dft,ESPLEY73,10.68,0.998198,1665
ecdf,e_barrier_dft,ESPLEY73,10.74,0.998799,1665
ecdf,e_barrier_dft,ESPLEY73,10.8,0.998799,1665
ecdf,e_barrier_dft,ESPLEY73,10.86,0.998799,1665
ecdf,e_barrier_dft,ESPLEY73,10.92,0.998799,1665
ecdf,e_barrier_dft,ESPLEY73,10.98,0.998799,1665
ecdf,e_barrier_dft,ESPLEY73,11.04,0.998799,1665
ecdf,e_barrier_dft,ESPLEY73,11.1,0.998799,1665
ecdf,e_barrier_dft,ESPLEY73,11.16,0.998799,1665
ecdf,e_barrier_dft,ESPLEY73,11.22,0.998799,1665
ecdf,e_barrier_dft,ESPLEY73,11.28,0.998799,1665
ecdf,e_barrier_dft,ESPLEY73,11.34,0.998799,1665
ecdf,e_barrier_dft,ESPLEY73,11.4,0.998799,1665
ecdf,e_barrier_dft,ESPLEY73,11.46,0.998799,1665
ecdf,e_barrier_dft,ESPLEY73,11.52,0.998799,1665
ecdf,e_barrier_dft,ESPLEY73,11.58,0.998799,1665
ecdf,e_barrier_dft,ESPLEY73,11.64,0.998799,1665
ecdf,e_barrier_dft,ESPLEY73,11.7,0.998799,1665
ecdf,e_barrier_dft,ESPLEY73,11.76,0.998799,1665
ecdf,e_barrier_dft,ESPLEY73,11.82,0.998799,1665
ecdf,e_barrier_dft,ESPLEY73,11.88,0.998799,1665
ecdf,e_barrier_dft,ESPLEY73,11.94,0.998799,1665
ecdf,e_barrier_dft,ESPLEY73,12,0.998799,1665
within_1,e_barrier_dft,ESPLEY73,1,0.364565,1665
within_2,e_barrier_dft,ESPLEY73,2,0.645045,1665
ecdf,e_barrier_dft,EXT_SEL,0,0,1665
ecdf,e_barrier_dft,EXT_SEL,0.06,0.0234234,1665
ecdf,e_barrier_dft,EXT_SEL,0.12,0.0474474,1665
ecdf,e_barrier_dft,EXT_SEL,0.18,0.0774775,1665
ecdf,e_barrier_dft,EXT_SEL,0.24,0.0996997,1665
ecdf,e_barrier_dft,EXT_SEL,0.3,0.124925,1665
ecdf,e_barrier_dft,EXT_SEL,0.36,0.148348,1665
ecdf,e_barrier_dft,EXT_SEL,0.42,0.170571,1665
ecdf,e_barrier_dft,EXT_SEL,0.48,0.18979,1665
ecdf,e_barrier_dft,EXT_SEL,0.54,0.219219,1665
ecdf,e_barrier_dft,EXT_SEL,0.6,0.246246,1665
ecdf,e_barrier_dft,EXT_SEL,0.66,0.27027,1665
ecdf,e_barrier_dft,EXT_SEL,0.72,0.297297,1665
ecdf,e_barrier_dft,EXT_SEL,0.78,0.321321,1665
ecdf,e_barrier_dft,EXT_SEL,0.84,0.341141,1665
ecdf,e_barrier_dft,EXT_SEL,0.9,0.365766,1665
ecdf,e_barrier_dft,EXT_SEL,0.96,0.388589,1665
ecdf,e_barrier_dft,EXT_SEL,1.02,0.409009,1665
ecdf,e_barrier_dft,EXT_SEL,1.08,0.431231,1665
ecdf,e_barrier_dft,EXT_SEL,1.14,0.455255,1665
ecdf,e_barrier_dft,EXT_SEL,1.2,0.471471,1665
ecdf,e_barrier_dft,EXT_SEL,1.26,0.492492,1665
ecdf,e_barrier_dft,EXT_SEL,1.32,0.505706,1665
ecdf,e_barrier_dft,EXT_SEL,1.38,0.521922,1665
ecdf,e_barrier_dft,EXT_SEL,1.44,0.540541,1665
ecdf,e_barrier_dft,EXT_SEL,1.5,0.555556,1665
ecdf,e_barrier_dft,EXT_SEL,1.56,0.575976,1665
ecdf,e_barrier_dft,EXT_SEL,1.62,0.592793,1665
ecdf,e_barrier_dft,EXT_SEL,1.68,0.607207,1665
ecdf,e_barrier_dft,EXT_SEL,1.74,0.625826,1665
ecdf,e_barrier_dft,EXT_SEL,1.8,0.638438,1665
ecdf,e_barrier_dft,EXT_SEL,1.86,0.649249,1665
ecdf,e_barrier_dft,EXT_SEL,1.92,0.664865,1665
ecdf,e_barrier_dft,EXT_SEL,1.98,0.677477,1665
ecdf,e_barrier_dft,EXT_SEL,2.04,0.694294,1665
ecdf,e_barrier_dft,EXT_SEL,2.1,0.708108,1665
ecdf,e_barrier_dft,EXT_SEL,2.16,0.717718,1665
ecdf,e_barrier_dft,EXT_SEL,2.22,0.733333,1665
ecdf,e_barrier_dft,EXT_SEL,2.28,0.744745,1665
ecdf,e_barrier_dft,EXT_SEL,2.34,0.754354,1665
ecdf,e_barrier_dft,EXT_SEL,2.4,0.767568,1665
ecdf,e_barrier_dft,EXT_SEL,2.46,0.78018,1665
ecdf,e_barrier_dft,EXT_SEL,2.52,0.789189,1665
ecdf,e_barrier_dft,EXT_SEL,2.58,0.796396,1665
ecdf,e_barrier_dft,EXT_SEL,2.64,0.810811,1665
ecdf,e_barrier_dft,EXT_SEL,2.7,0.818619,1665
ecdf,e_barrier_dft,EXT_SEL,2.76,0.824024,1665
ecdf,e_barrier_dft,EXT_SEL,2.82,0.832432,1665
ecdf,e_barrier_dft,EXT_SEL,2.88,0.841441,1665
ecdf,e_barrier_dft,EXT_SEL,2.94,0.847447,1665
ecdf,e_barrier_dft,EXT_SEL,3,0.855856,1665
ecdf,e_barrier_dft,EXT_SEL,3.06,0.864865,1665
ecdf,e_barrier_dft,EXT_SEL,3.12,0.86967,1665
ecdf,e_barrier_dft,EXT_SEL,3.18,0.875676,1665
ecdf,e_barrier_dft,EXT_SEL,3.24,0.87988,1665
ecdf,e_barrier_dft,EXT_SEL,3.3,0.885285,1665
ecdf,e_barrier_dft,EXT_SEL,3.36,0.890691,1665
ecdf,e_barrier_dft,EXT_SEL,3.42,0.893694,1665
ecdf,e_barrier_dft,EXT_SEL,3.48,0.8997,1665
ecdf,e_barrier_dft,EXT_SEL,3.54,0.903904,1665
ecdf,e_barrier_dft,EXT_SEL,3.6,0.907508,1665
ecdf,e_barrier_dft,EXT_SEL,3.66,0.912913,1665
ecdf,e_barrier_dft,EXT_SEL,3.72,0.918318,1665
ecdf,e_barrier_dft,EXT_SEL,3.78,0.923724,1665
ecdf,e_barrier_dft,EXT_SEL,3.84,0.926727,1665
ecdf,e_barrier_dft,EXT_SEL,3.9,0.93033,1665
ecdf,e_barrier_dft,EXT_SEL,3.96,0.936336,1665
ecdf,e_barrier_dft,EXT_SEL,4.02,0.93994,1665
ecdf,e_barrier_dft,EXT_SEL,4.08,0.942342,1665
ecdf,e_barrier_dft,EXT_SEL,4.14,0.944745,1665
ecdf,e_barrier_dft,EXT_SEL,4.2,0.948348,1665
ecdf,e_barrier_dft,EXT_SEL,4.26,0.950751,1665
ecdf,e_barrier_dft,EXT_SEL,4.32,0.953754,1665
ecdf,e_barrier_dft,EXT_SEL,4.38,0.953754,1665
ecdf,e_barrier_dft,EXT_SEL,4.44,0.956156,1665
ecdf,e_barrier_dft,EXT_SEL,4.5,0.956757,1665
ecdf,e_barrier_dft,EXT_SEL,4.56,0.959159,1665
ecdf,e_barrier_dft,EXT_SEL,4.62,0.960961,1665
ecdf,e_barrier_dft,EXT_SEL,4.68,0.962763,1665
ecdf,e_barrier_dft,EXT_SEL,4.74,0.963964,1665
ecdf,e_barrier_dft,EXT_SEL,4.8,0.965766,1665
ecdf,e_barrier_dft,EXT_SEL,4.86,0.967568,1665
ecdf,e_barrier_dft,EXT_SEL,4.92,0.968769,1665
ecdf,e_barrier_dft,EXT_SEL,4.98,0.96997,1665
ecdf,e_barrier_dft,EXT_SEL,5.04,0.971772,1665
ecdf,e_barrier_dft,EXT_SEL,5.1,0.972372,1665
ecdf,e_barrier_dft,EXT_SEL,5.16,0.972372,1665
ecdf,e_barrier_dft,EXT_SEL,5.22,0.972973,1665
ecdf,e_barrier_dft,EXT_SEL,5.28,0.975375,1665
ecdf,e_barrier_dft,EXT_SEL,5.34,0.975976,1665
ecdf,e_barrier_dft,EXT_SEL,5.4,0.977177,1665
ecdf,e_barrier_dft,EXT_SEL,5.46,0.977177,1665
ecdf,e_barrier_dft,EXT_SEL,5.52,0.978378,1665
ecdf,e_barrier_dft,EXT_SEL,5.58,0.98018,1665
ecdf,e_barrier_dft,EXT_SEL,5.64,0.981381,1665
ecdf,e_barrier_dft,EXT_SEL,5.7,0.981381,1665
ecdf,e_barrier_dft,EXT_SEL,5.76,0.981381,1665
ecdf,e_barrier_dft,EXT_SEL,5.82,0.981982,1665
ecdf,e_barrier_dft,EXT_SEL,5.88,0.983784,1665
ecdf,e_barrier_dft,EXT_SEL,5.94,0.984384,1665
ecdf,e_barrier_dft,EXT_SEL,6,0.984384,1665
ecdf,e_barrier_dft,EXT_SEL,6.06,0.985586,1665
ecdf,e_barrier_dft,EXT_SEL,6.12,0.986787,1665
ecdf,e_barrier_dft,EXT_SEL,6.18,0.986787,1665
ecdf,e_barrier_dft,EXT_SEL,6.24,0.987387,1665
ecdf,e_barrier_dft,EXT_SEL,6.3,0.987387,1665
ecdf,e_barrier_dft,EXT_SEL,6.36,0.987988,1665
ecdf,e_barrier_dft,EXT_SEL,6.42,0.987988,1665
ecdf,e_barrier_dft,EXT_SEL,6.48,0.987988,1665
ecdf,e_barrier_dft,EXT_SEL,6.54,0.989189,1665
ecdf,e_barrier_dft,EXT_SEL,6.6,0.98979,1665
ecdf,e_barrier_dft,EXT_SEL,6.66,0.98979,1665
ecdf,e_barrier_dft,EXT_SEL,6.72,0.99039,1665
ecdf,e_barrier_dft,EXT_SEL,6.78,0.99039,1665
ecdf,e_barrier_dft,EXT_SEL,6.84,0.99039,1665
ecdf,e_barrier_dft,EXT_SEL,6.9,0.99039,1665
ecdf,e_barrier_dft,EXT_SEL,6.96,0.990991,1665
ecdf,e_barrier_dft,EXT_SEL,7.02,0.990991,1665
ecdf,e_barrier_dft,EXT_SEL,7.08,0.990991,1665
ecdf,e_barrier_dft,EXT_SEL,7.14,0.990991,1665
ecdf,e_barrier_dft,EXT_SEL,7.2,0.991592,1665
ecdf,e_barrier_dft,EXT_SEL,7.26,0.991592,1665
ecdf,e_barrier_dft,EXT_SEL,7.32,0.992192,1665
ecdf,e_barrier_dft,EXT_SEL,7.38,0.992793,1665
ecdf,e_barrier_dft,EXT_SEL,7.44,0.993393,1665
ecdf,e_barrier_dft,EXT_SEL,7.5,0.993994,1665
ecdf,e_barrier_dft,EXT_SEL,7.56,0.993994,1665
ecdf,e_barrier_dft,EXT_SEL,7.62,0.993994,1665
ecdf,e_barrier_dft,EXT_SEL,7.68,0.993994,1665
ecdf,e_barrier_dft,EXT_SEL,7.74,0.993994,1665
ecdf,e_barrier_dft,EXT_SEL,7.8,0.994595,1665
ecdf,e_barrier_dft,EXT_SEL,7.86,0.994595,1665
ecdf,e_barrier_dft,EXT_SEL,7.92,0.994595,1665
ecdf,e_barrier_dft,EXT_SEL,7.98,0.995195,1665
ecdf,e_barrier_dft,EXT_SEL,8.04,0.995796,1665
ecdf,e_barrier_dft,EXT_SEL,8.1,0.995796,1665
ecdf,e_barrier_dft,EXT_SEL,8.16,0.995796,1665
ecdf,e_barrier_dft,EXT_SEL,8.22,0.995796,1665
ecdf,e_barrier_dft,EXT_SEL,8.28,0.996396,1665
ecdf,e_barrier_dft,EXT_SEL,8.34,0.996396,1665
ecdf,e_barrier_dft,EXT_SEL,8.4,0.996396,1665
ecdf,e_barrier_dft,EXT_SEL,8.46,0.996396,1665
ecdf,e_barrier_dft,EXT_SEL,8.52,0.996396,1665
ecdf,e_barrier_dft,EXT_SEL,8.58,0.996396,1665
ecdf,e_barrier_dft,EXT_SEL,8.64,0.996997,1665
ecdf,e_barrier_dft,EXT_SEL,8.7,0.997598,1665
ecdf,e_barrier_dft,EXT_SEL,8.76,0.997598,1665
ecdf,e_barrier_dft,EXT_SEL,8.82,0.997598,1665
ecdf,e_barrier_dft,EXT_SEL,8.88,0.997598,1665
ecdf,e_barrier_dft,EXT_SEL,8.94,0.997598,1665
ecdf,e_barrier_dft,EXT_SEL,9,0.997598,1665
ecdf,e_barrier_dft,EXT_SEL,9.06,0.997598,1665
ecdf,e_barrier_dft,EXT_SEL,9.12,0.997598,1665
ecdf,e_barrier_dft,EXT_SEL,9.18,0.997598,1665
ecdf,e_barrier_dft,EXT_SEL,9.24,0.997598,1665
ecdf,e_barrier_dft,EXT_SEL,9.3,0.997598,1665
ecdf,e_barrier_dft,EXT_SEL,9.36,0.997598,1665
ecdf,e_barrier_dft,EXT_SEL,9.42,0.997598,1665
ecdf,e_barrier_dft,EXT_SEL,9.48,0.997598,1665
ecdf,e_barrier_dft,EXT_SEL,9.54,0.997598,1665
ecdf,e_barrier_dft,EXT_SEL,9.6,0.998198,1665
ecdf,e_barrier_dft,EXT_SEL,9.66,0.998198,1665
ecdf,e_barrier_dft,EXT_SEL,9.72,0.998198,1665
ecdf,e_barrier_dft,EXT_SEL,9.78,0.998198,1665
ecdf,e_barrier_dft,EXT_SEL,9.84,0.998198,1665
ecdf,e_barrier_dft,EXT_SEL,9.9,0.998198,1665
ecdf,e_barrier_dft,EXT_SEL,9.96,0.998198,1665
ecdf,e_barrier_dft,EXT_SEL,10.02,0.998198,1665
ecdf,e_barrier_dft,EXT_SEL,10.08,0.998198,1665
ecdf,e_barrier_dft,EXT_SEL,10.14,0.998198,1665
ecdf,e_barrier_dft,EXT_SEL,10.2,0.998198,1665
ecdf,e_barrier_dft,EXT_SEL,10.26,0.998198,1665
ecdf,e_barrier_dft,EXT_SEL,10.32,0.998198,1665
ecdf,e_barrier_dft,EXT_SEL,10.38,0.998198,1665
ecdf,e_barrier_dft,EXT_SEL,10.44,0.998198,1665
ecdf,e_barrier_dft,EXT_SEL,10.5,0.998198,1665
ecdf,e_barrier_dft,EXT_SEL,10.56,0.998198,1665
ecdf,e_barrier_dft,EXT_SEL,10.62,0.998198,1665
ecdf,e_barrier_dft,EXT_SEL,10.68,0.998198,1665
ecdf,e_barrier_dft,EXT_SEL,10.74,0.998198,1665
ecdf,e_barrier_dft,EXT_SEL,10.8,0.998198,1665
ecdf,e_barrier_dft,EXT_SEL,10.86,0.998198,1665
ecdf,e_barrier_dft,EXT_SEL,10.92,0.998198,1665
ecdf,e_barrier_dft,EXT_SEL,10.98,0.998799,1665
ecdf,e_barrier_dft,EXT_SEL,11.04,0.998799,1665
ecdf,e_barrier_dft,EXT_SEL,11.1,0.998799,1665
ecdf,e_barrier_dft,EXT_SEL,11.16,0.998799,1665
ecdf,e_barrier_dft,EXT_SEL,11.22,0.998799,1665
ecdf,e_barrier_dft,EXT_SEL,11.28,0.998799,1665
ecdf,e_barrier_dft,EXT_SEL,11.34,0.998799,1665
ecdf,e_barrier_dft,EXT_SEL,11.4,0.998799,1665
ecdf,e_barrier_dft,EXT_SEL,11.46,0.998799,1665
ecdf,e_barrier_dft,EXT_SEL,11.52,0.998799,1665
ecdf,e_barrier_dft,EXT_SEL,11.58,0.998799,1665
ecdf,e_barrier_dft,EXT_SEL,11.64,0.998799,1665
ecdf,e_barrier_dft,EXT_SEL,11.7,0.998799,1665
ecdf,e_barrier_dft,EXT_SEL,11.76,0.998799,1665
ecdf,e_barrier_dft,EXT_SEL,11.82,0.998799,1665
ecdf,e_barrier_dft,EXT_SEL,11.88,0.998799,1665
ecdf,e_barrier_dft,EXT_SEL,11.94,0.998799,1665
ecdf,e_barrier_dft,EXT_SEL,12,0.998799,1665
within_1,e_barrier_dft,EXT_SEL,1,0.403604,1665
within_2,e_barrier_dft,EXT_SEL,2,0.684685,1665
ecdf,q_barrier_dft,Espley,0,0,1665
ecdf,q_barrier_dft,Espley,0.06,0.015015,1665
ecdf,q_barrier_dft,Espley,0.12,0.0276276,1665
ecdf,q_barrier_dft,Espley,0.18,0.0378378,1665
ecdf,q_barrier_dft,Espley,0.24,0.0546547,1665
ecdf,q_barrier_dft,Espley,0.3,0.0654655,1665
ecdf,q_barrier_dft,Espley,0.36,0.0750751,1665
ecdf,q_barrier_dft,Espley,0.42,0.0954955,1665
ecdf,q_barrier_dft,Espley,0.48,0.114114,1665
ecdf,q_barrier_dft,Espley,0.54,0.133333,1665
ecdf,q_barrier_dft,Espley,0.6,0.148949,1665
ecdf,q_barrier_dft,Espley,0.66,0.163964,1665
ecdf,q_barrier_dft,Espley,0.72,0.17958,1665
ecdf,q_barrier_dft,Espley,0.78,0.189189,1665
ecdf,q_barrier_dft,Espley,0.84,0.201201,1665
ecdf,q_barrier_dft,Espley,0.9,0.215015,1665
ecdf,q_barrier_dft,Espley,0.96,0.23003,1665
ecdf,q_barrier_dft,Espley,1.02,0.249249,1665
ecdf,q_barrier_dft,Espley,1.08,0.266667,1665
ecdf,q_barrier_dft,Espley,1.14,0.279279,1665
ecdf,q_barrier_dft,Espley,1.2,0.293694,1665
ecdf,q_barrier_dft,Espley,1.26,0.306907,1665
ecdf,q_barrier_dft,Espley,1.32,0.321321,1665
ecdf,q_barrier_dft,Espley,1.38,0.327928,1665
ecdf,q_barrier_dft,Espley,1.44,0.342342,1665
ecdf,q_barrier_dft,Espley,1.5,0.354354,1665
ecdf,q_barrier_dft,Espley,1.56,0.363964,1665
ecdf,q_barrier_dft,Espley,1.62,0.380781,1665
ecdf,q_barrier_dft,Espley,1.68,0.39039,1665
ecdf,q_barrier_dft,Espley,1.74,0.397598,1665
ecdf,q_barrier_dft,Espley,1.8,0.407808,1665
ecdf,q_barrier_dft,Espley,1.86,0.41982,1665
ecdf,q_barrier_dft,Espley,1.92,0.430631,1665
ecdf,q_barrier_dft,Espley,1.98,0.443243,1665
ecdf,q_barrier_dft,Espley,2.04,0.452853,1665
ecdf,q_barrier_dft,Espley,2.1,0.466667,1665
ecdf,q_barrier_dft,Espley,2.16,0.479279,1665
ecdf,q_barrier_dft,Espley,2.22,0.484084,1665
ecdf,q_barrier_dft,Espley,2.28,0.492492,1665
ecdf,q_barrier_dft,Espley,2.34,0.502703,1665
ecdf,q_barrier_dft,Espley,2.4,0.511111,1665
ecdf,q_barrier_dft,Espley,2.46,0.524925,1665
ecdf,q_barrier_dft,Espley,2.52,0.535135,1665
ecdf,q_barrier_dft,Espley,2.58,0.542342,1665
ecdf,q_barrier_dft,Espley,2.64,0.55015,1665
ecdf,q_barrier_dft,Espley,2.7,0.561562,1665
ecdf,q_barrier_dft,Espley,2.76,0.573574,1665
ecdf,q_barrier_dft,Espley,2.82,0.580781,1665
ecdf,q_barrier_dft,Espley,2.88,0.588589,1665
ecdf,q_barrier_dft,Espley,2.94,0.594595,1665
ecdf,q_barrier_dft,Espley,3,0.603604,1665
ecdf,q_barrier_dft,Espley,3.06,0.611411,1665
ecdf,q_barrier_dft,Espley,3.12,0.622222,1665
ecdf,q_barrier_dft,Espley,3.18,0.630631,1665
ecdf,q_barrier_dft,Espley,3.24,0.637838,1665
ecdf,q_barrier_dft,Espley,3.3,0.645646,1665
ecdf,q_barrier_dft,Espley,3.36,0.654655,1665
ecdf,q_barrier_dft,Espley,3.42,0.661862,1665
ecdf,q_barrier_dft,Espley,3.48,0.667868,1665
ecdf,q_barrier_dft,Espley,3.54,0.677477,1665
ecdf,q_barrier_dft,Espley,3.6,0.684685,1665
ecdf,q_barrier_dft,Espley,3.66,0.690691,1665
ecdf,q_barrier_dft,Espley,3.72,0.697297,1665
ecdf,q_barrier_dft,Espley,3.78,0.708108,1665
ecdf,q_barrier_dft,Espley,3.84,0.715315,1665
ecdf,q_barrier_dft,Espley,3.9,0.71952,1665
ecdf,q_barrier_dft,Espley,3.96,0.723724,1665
ecdf,q_barrier_dft,Espley,4.02,0.731532,1665
ecdf,q_barrier_dft,Espley,4.08,0.739339,1665
ecdf,q_barrier_dft,Espley,4.14,0.747748,1665
ecdf,q_barrier_dft,Espley,4.2,0.753754,1665
ecdf,q_barrier_dft,Espley,4.26,0.759159,1665
ecdf,q_barrier_dft,Espley,4.32,0.763964,1665
ecdf,q_barrier_dft,Espley,4.38,0.771772,1665
ecdf,q_barrier_dft,Espley,4.44,0.777177,1665
ecdf,q_barrier_dft,Espley,4.5,0.778979,1665
ecdf,q_barrier_dft,Espley,4.56,0.784384,1665
ecdf,q_barrier_dft,Espley,4.62,0.78979,1665
ecdf,q_barrier_dft,Espley,4.68,0.793994,1665
ecdf,q_barrier_dft,Espley,4.74,0.802402,1665
ecdf,q_barrier_dft,Espley,4.8,0.808408,1665
ecdf,q_barrier_dft,Espley,4.86,0.814414,1665
ecdf,q_barrier_dft,Espley,4.92,0.816817,1665
ecdf,q_barrier_dft,Espley,4.98,0.81982,1665
ecdf,q_barrier_dft,Espley,5.04,0.825225,1665
ecdf,q_barrier_dft,Espley,5.1,0.83003,1665
ecdf,q_barrier_dft,Espley,5.16,0.835435,1665
ecdf,q_barrier_dft,Espley,5.22,0.84024,1665
ecdf,q_barrier_dft,Espley,5.28,0.845646,1665
ecdf,q_barrier_dft,Espley,5.34,0.85045,1665
ecdf,q_barrier_dft,Espley,5.4,0.852853,1665
ecdf,q_barrier_dft,Espley,5.46,0.857057,1665
ecdf,q_barrier_dft,Espley,5.52,0.860661,1665
ecdf,q_barrier_dft,Espley,5.58,0.863664,1665
ecdf,q_barrier_dft,Espley,5.64,0.868468,1665
ecdf,q_barrier_dft,Espley,5.7,0.871471,1665
ecdf,q_barrier_dft,Espley,5.76,0.876877,1665
ecdf,q_barrier_dft,Espley,5.82,0.878078,1665
ecdf,q_barrier_dft,Espley,5.88,0.883483,1665
ecdf,q_barrier_dft,Espley,5.94,0.887087,1665
ecdf,q_barrier_dft,Espley,6,0.888889,1665
ecdf,q_barrier_dft,Espley,6.06,0.891892,1665
ecdf,q_barrier_dft,Espley,6.12,0.892492,1665
ecdf,q_barrier_dft,Espley,6.18,0.896096,1665
ecdf,q_barrier_dft,Espley,6.24,0.8997,1665
ecdf,q_barrier_dft,Espley,6.3,0.902703,1665
ecdf,q_barrier_dft,Espley,6.36,0.903904,1665
ecdf,q_barrier_dft,Espley,6.42,0.906907,1665
ecdf,q_barrier_dft,Espley,6.48,0.908709,1665
ecdf,q_barrier_dft,Espley,6.54,0.90991,1665
ecdf,q_barrier_dft,Espley,6.6,0.911712,1665
ecdf,q_barrier_dft,Espley,6.66,0.914114,1665
ecdf,q_barrier_dft,Espley,6.72,0.917117,1665
ecdf,q_barrier_dft,Espley,6.78,0.921321,1665
ecdf,q_barrier_dft,Espley,6.84,0.924925,1665
ecdf,q_barrier_dft,Espley,6.9,0.927327,1665
ecdf,q_barrier_dft,Espley,6.96,0.928529,1665
ecdf,q_barrier_dft,Espley,7.02,0.92973,1665
ecdf,q_barrier_dft,Espley,7.08,0.932132,1665
ecdf,q_barrier_dft,Espley,7.14,0.933934,1665
ecdf,q_barrier_dft,Espley,7.2,0.936937,1665
ecdf,q_barrier_dft,Espley,7.26,0.938138,1665
ecdf,q_barrier_dft,Espley,7.32,0.938739,1665
ecdf,q_barrier_dft,Espley,7.38,0.939339,1665
ecdf,q_barrier_dft,Espley,7.44,0.941742,1665
ecdf,q_barrier_dft,Espley,7.5,0.944745,1665
ecdf,q_barrier_dft,Espley,7.56,0.948348,1665
ecdf,q_barrier_dft,Espley,7.62,0.95015,1665
ecdf,q_barrier_dft,Espley,7.68,0.951351,1665
ecdf,q_barrier_dft,Espley,7.74,0.951351,1665
ecdf,q_barrier_dft,Espley,7.8,0.953153,1665
ecdf,q_barrier_dft,Espley,7.86,0.953153,1665
ecdf,q_barrier_dft,Espley,7.92,0.955556,1665
ecdf,q_barrier_dft,Espley,7.98,0.957357,1665
ecdf,q_barrier_dft,Espley,8.04,0.957958,1665
ecdf,q_barrier_dft,Espley,8.1,0.958559,1665
ecdf,q_barrier_dft,Espley,8.16,0.95976,1665
ecdf,q_barrier_dft,Espley,8.22,0.96036,1665
ecdf,q_barrier_dft,Espley,8.28,0.960961,1665
ecdf,q_barrier_dft,Espley,8.34,0.962162,1665
ecdf,q_barrier_dft,Espley,8.4,0.962763,1665
ecdf,q_barrier_dft,Espley,8.46,0.964565,1665
ecdf,q_barrier_dft,Espley,8.52,0.965165,1665
ecdf,q_barrier_dft,Espley,8.58,0.965766,1665
ecdf,q_barrier_dft,Espley,8.64,0.967568,1665
ecdf,q_barrier_dft,Espley,8.7,0.967568,1665
ecdf,q_barrier_dft,Espley,8.76,0.967568,1665
ecdf,q_barrier_dft,Espley,8.82,0.968168,1665
ecdf,q_barrier_dft,Espley,8.88,0.969369,1665
ecdf,q_barrier_dft,Espley,8.94,0.96997,1665
ecdf,q_barrier_dft,Espley,9,0.96997,1665
ecdf,q_barrier_dft,Espley,9.06,0.970571,1665
ecdf,q_barrier_dft,Espley,9.12,0.971171,1665
ecdf,q_barrier_dft,Espley,9.18,0.971772,1665
ecdf,q_barrier_dft,Espley,9.24,0.972973,1665
ecdf,q_barrier_dft,Espley,9.3,0.972973,1665
ecdf,q_barrier_dft,Espley,9.36,0.973574,1665
ecdf,q_barrier_dft,Espley,9.42,0.973574,1665
ecdf,q_barrier_dft,Espley,9.48,0.974775,1665
ecdf,q_barrier_dft,Espley,9.54,0.975375,1665
ecdf,q_barrier_dft,Espley,9.6,0.975976,1665
ecdf,q_barrier_dft,Espley,9.66,0.975976,1665
ecdf,q_barrier_dft,Espley,9.72,0.976577,1665
ecdf,q_barrier_dft,Espley,9.78,0.977177,1665
ecdf,q_barrier_dft,Espley,9.84,0.977177,1665
ecdf,q_barrier_dft,Espley,9.9,0.977177,1665
ecdf,q_barrier_dft,Espley,9.96,0.978979,1665
ecdf,q_barrier_dft,Espley,10.02,0.978979,1665
ecdf,q_barrier_dft,Espley,10.08,0.978979,1665
ecdf,q_barrier_dft,Espley,10.14,0.978979,1665
ecdf,q_barrier_dft,Espley,10.2,0.97958,1665
ecdf,q_barrier_dft,Espley,10.26,0.98018,1665
ecdf,q_barrier_dft,Espley,10.32,0.98018,1665
ecdf,q_barrier_dft,Espley,10.38,0.98018,1665
ecdf,q_barrier_dft,Espley,10.44,0.980781,1665
ecdf,q_barrier_dft,Espley,10.5,0.981381,1665
ecdf,q_barrier_dft,Espley,10.56,0.981982,1665
ecdf,q_barrier_dft,Espley,10.62,0.982583,1665
ecdf,q_barrier_dft,Espley,10.68,0.982583,1665
ecdf,q_barrier_dft,Espley,10.74,0.983784,1665
ecdf,q_barrier_dft,Espley,10.8,0.983784,1665
ecdf,q_barrier_dft,Espley,10.86,0.983784,1665
ecdf,q_barrier_dft,Espley,10.92,0.983784,1665
ecdf,q_barrier_dft,Espley,10.98,0.983784,1665
ecdf,q_barrier_dft,Espley,11.04,0.983784,1665
ecdf,q_barrier_dft,Espley,11.1,0.983784,1665
ecdf,q_barrier_dft,Espley,11.16,0.983784,1665
ecdf,q_barrier_dft,Espley,11.22,0.984384,1665
ecdf,q_barrier_dft,Espley,11.28,0.984985,1665
ecdf,q_barrier_dft,Espley,11.34,0.985586,1665
ecdf,q_barrier_dft,Espley,11.4,0.986186,1665
ecdf,q_barrier_dft,Espley,11.46,0.986186,1665
ecdf,q_barrier_dft,Espley,11.52,0.986186,1665
ecdf,q_barrier_dft,Espley,11.58,0.986186,1665
ecdf,q_barrier_dft,Espley,11.64,0.986186,1665
ecdf,q_barrier_dft,Espley,11.7,0.987387,1665
ecdf,q_barrier_dft,Espley,11.76,0.987387,1665
ecdf,q_barrier_dft,Espley,11.82,0.988589,1665
ecdf,q_barrier_dft,Espley,11.88,0.988589,1665
ecdf,q_barrier_dft,Espley,11.94,0.989189,1665
ecdf,q_barrier_dft,Espley,12,0.98979,1665
within_1,q_barrier_dft,Espley,1,0.240841,1665
within_2,q_barrier_dft,Espley,2,0.443243,1665
ecdf,q_barrier_dft,ESPLEY46,0,0,1665
ecdf,q_barrier_dft,ESPLEY46,0.06,0.0252252,1665
ecdf,q_barrier_dft,ESPLEY46,0.12,0.0468468,1665
ecdf,q_barrier_dft,ESPLEY46,0.18,0.0750751,1665
ecdf,q_barrier_dft,ESPLEY46,0.24,0.0936937,1665
ecdf,q_barrier_dft,ESPLEY46,0.3,0.104505,1665
ecdf,q_barrier_dft,ESPLEY46,0.36,0.133333,1665
ecdf,q_barrier_dft,ESPLEY46,0.42,0.150751,1665
ecdf,q_barrier_dft,ESPLEY46,0.48,0.180781,1665
ecdf,q_barrier_dft,ESPLEY46,0.54,0.198799,1665
ecdf,q_barrier_dft,ESPLEY46,0.6,0.219219,1665
ecdf,q_barrier_dft,ESPLEY46,0.66,0.24024,1665
ecdf,q_barrier_dft,ESPLEY46,0.72,0.258258,1665
ecdf,q_barrier_dft,ESPLEY46,0.78,0.278679,1665
ecdf,q_barrier_dft,ESPLEY46,0.84,0.295495,1665
ecdf,q_barrier_dft,ESPLEY46,0.9,0.312312,1665
ecdf,q_barrier_dft,ESPLEY46,0.96,0.332733,1665
ecdf,q_barrier_dft,ESPLEY46,1.02,0.348949,1665
ecdf,q_barrier_dft,ESPLEY46,1.08,0.367568,1665
ecdf,q_barrier_dft,ESPLEY46,1.14,0.38979,1665
ecdf,q_barrier_dft,ESPLEY46,1.2,0.406006,1665
ecdf,q_barrier_dft,ESPLEY46,1.26,0.427628,1665
ecdf,q_barrier_dft,ESPLEY46,1.32,0.44024,1665
ecdf,q_barrier_dft,ESPLEY46,1.38,0.456456,1665
ecdf,q_barrier_dft,ESPLEY46,1.44,0.462462,1665
ecdf,q_barrier_dft,ESPLEY46,1.5,0.478679,1665
ecdf,q_barrier_dft,ESPLEY46,1.56,0.501502,1665
ecdf,q_barrier_dft,ESPLEY46,1.62,0.513514,1665
ecdf,q_barrier_dft,ESPLEY46,1.68,0.525526,1665
ecdf,q_barrier_dft,ESPLEY46,1.74,0.541141,1665
ecdf,q_barrier_dft,ESPLEY46,1.8,0.55976,1665
ecdf,q_barrier_dft,ESPLEY46,1.86,0.573574,1665
ecdf,q_barrier_dft,ESPLEY46,1.92,0.588589,1665
ecdf,q_barrier_dft,ESPLEY46,1.98,0.6,1665
ecdf,q_barrier_dft,ESPLEY46,2.04,0.613814,1665
ecdf,q_barrier_dft,ESPLEY46,2.1,0.622823,1665
ecdf,q_barrier_dft,ESPLEY46,2.16,0.637838,1665
ecdf,q_barrier_dft,ESPLEY46,2.22,0.648048,1665
ecdf,q_barrier_dft,ESPLEY46,2.28,0.657658,1665
ecdf,q_barrier_dft,ESPLEY46,2.34,0.667868,1665
ecdf,q_barrier_dft,ESPLEY46,2.4,0.676877,1665
ecdf,q_barrier_dft,ESPLEY46,2.46,0.688288,1665
ecdf,q_barrier_dft,ESPLEY46,2.52,0.696096,1665
ecdf,q_barrier_dft,ESPLEY46,2.58,0.707508,1665
ecdf,q_barrier_dft,ESPLEY46,2.64,0.723123,1665
ecdf,q_barrier_dft,ESPLEY46,2.7,0.733934,1665
ecdf,q_barrier_dft,ESPLEY46,2.76,0.741141,1665
ecdf,q_barrier_dft,ESPLEY46,2.82,0.746547,1665
ecdf,q_barrier_dft,ESPLEY46,2.88,0.753153,1665
ecdf,q_barrier_dft,ESPLEY46,2.94,0.759159,1665
ecdf,q_barrier_dft,ESPLEY46,3,0.768168,1665
ecdf,q_barrier_dft,ESPLEY46,3.06,0.777778,1665
ecdf,q_barrier_dft,ESPLEY46,3.12,0.791592,1665
ecdf,q_barrier_dft,ESPLEY46,3.18,0.799399,1665
ecdf,q_barrier_dft,ESPLEY46,3.24,0.805405,1665
ecdf,q_barrier_dft,ESPLEY46,3.3,0.812613,1665
ecdf,q_barrier_dft,ESPLEY46,3.36,0.817417,1665
ecdf,q_barrier_dft,ESPLEY46,3.42,0.824625,1665
ecdf,q_barrier_dft,ESPLEY46,3.48,0.830631,1665
ecdf,q_barrier_dft,ESPLEY46,3.54,0.835435,1665
ecdf,q_barrier_dft,ESPLEY46,3.6,0.841441,1665
ecdf,q_barrier_dft,ESPLEY46,3.66,0.847447,1665
ecdf,q_barrier_dft,ESPLEY46,3.72,0.853453,1665
ecdf,q_barrier_dft,ESPLEY46,3.78,0.858859,1665
ecdf,q_barrier_dft,ESPLEY46,3.84,0.863664,1665
ecdf,q_barrier_dft,ESPLEY46,3.9,0.867868,1665
ecdf,q_barrier_dft,ESPLEY46,3.96,0.873273,1665
ecdf,q_barrier_dft,ESPLEY46,4.02,0.877477,1665
ecdf,q_barrier_dft,ESPLEY46,4.08,0.87988,1665
ecdf,q_barrier_dft,ESPLEY46,4.14,0.884685,1665
ecdf,q_barrier_dft,ESPLEY46,4.2,0.89009,1665
ecdf,q_barrier_dft,ESPLEY46,4.26,0.893093,1665
ecdf,q_barrier_dft,ESPLEY46,4.32,0.897898,1665
ecdf,q_barrier_dft,ESPLEY46,4.38,0.900901,1665
ecdf,q_barrier_dft,ESPLEY46,4.44,0.906306,1665
ecdf,q_barrier_dft,ESPLEY46,4.5,0.90991,1665
ecdf,q_barrier_dft,ESPLEY46,4.56,0.911712,1665
ecdf,q_barrier_dft,ESPLEY46,4.62,0.915315,1665
ecdf,q_barrier_dft,ESPLEY46,4.68,0.920721,1665
ecdf,q_barrier_dft,ESPLEY46,4.74,0.925526,1665
ecdf,q_barrier_dft,ESPLEY46,4.8,0.927928,1665
ecdf,q_barrier_dft,ESPLEY46,4.86,0.932132,1665
ecdf,q_barrier_dft,ESPLEY46,4.92,0.934535,1665
ecdf,q_barrier_dft,ESPLEY46,4.98,0.937538,1665
ecdf,q_barrier_dft,ESPLEY46,5.04,0.93994,1665
ecdf,q_barrier_dft,ESPLEY46,5.1,0.943544,1665
ecdf,q_barrier_dft,ESPLEY46,5.16,0.945946,1665
ecdf,q_barrier_dft,ESPLEY46,5.22,0.946547,1665
ecdf,q_barrier_dft,ESPLEY46,5.28,0.948348,1665
ecdf,q_barrier_dft,ESPLEY46,5.34,0.950751,1665
ecdf,q_barrier_dft,ESPLEY46,5.4,0.953153,1665
ecdf,q_barrier_dft,ESPLEY46,5.46,0.954955,1665
ecdf,q_barrier_dft,ESPLEY46,5.52,0.956156,1665
ecdf,q_barrier_dft,ESPLEY46,5.58,0.958559,1665
ecdf,q_barrier_dft,ESPLEY46,5.64,0.958559,1665
ecdf,q_barrier_dft,ESPLEY46,5.7,0.95976,1665
ecdf,q_barrier_dft,ESPLEY46,5.76,0.962162,1665
ecdf,q_barrier_dft,ESPLEY46,5.82,0.963964,1665
ecdf,q_barrier_dft,ESPLEY46,5.88,0.964565,1665
ecdf,q_barrier_dft,ESPLEY46,5.94,0.968168,1665
ecdf,q_barrier_dft,ESPLEY46,6,0.968168,1665
ecdf,q_barrier_dft,ESPLEY46,6.06,0.970571,1665
ecdf,q_barrier_dft,ESPLEY46,6.12,0.970571,1665
ecdf,q_barrier_dft,ESPLEY46,6.18,0.971171,1665
ecdf,q_barrier_dft,ESPLEY46,6.24,0.972372,1665
ecdf,q_barrier_dft,ESPLEY46,6.3,0.973574,1665
ecdf,q_barrier_dft,ESPLEY46,6.36,0.974775,1665
ecdf,q_barrier_dft,ESPLEY46,6.42,0.975375,1665
ecdf,q_barrier_dft,ESPLEY46,6.48,0.975976,1665
ecdf,q_barrier_dft,ESPLEY46,6.54,0.977778,1665
ecdf,q_barrier_dft,ESPLEY46,6.6,0.978378,1665
ecdf,q_barrier_dft,ESPLEY46,6.66,0.978979,1665
ecdf,q_barrier_dft,ESPLEY46,6.72,0.98018,1665
ecdf,q_barrier_dft,ESPLEY46,6.78,0.98018,1665
ecdf,q_barrier_dft,ESPLEY46,6.84,0.981381,1665
ecdf,q_barrier_dft,ESPLEY46,6.9,0.981381,1665
ecdf,q_barrier_dft,ESPLEY46,6.96,0.981381,1665
ecdf,q_barrier_dft,ESPLEY46,7.02,0.982583,1665
ecdf,q_barrier_dft,ESPLEY46,7.08,0.983183,1665
ecdf,q_barrier_dft,ESPLEY46,7.14,0.983183,1665
ecdf,q_barrier_dft,ESPLEY46,7.2,0.983183,1665
ecdf,q_barrier_dft,ESPLEY46,7.26,0.983183,1665
ecdf,q_barrier_dft,ESPLEY46,7.32,0.983183,1665
ecdf,q_barrier_dft,ESPLEY46,7.38,0.983784,1665
ecdf,q_barrier_dft,ESPLEY46,7.44,0.984384,1665
ecdf,q_barrier_dft,ESPLEY46,7.5,0.985586,1665
ecdf,q_barrier_dft,ESPLEY46,7.56,0.986787,1665
ecdf,q_barrier_dft,ESPLEY46,7.62,0.986787,1665
ecdf,q_barrier_dft,ESPLEY46,7.68,0.986787,1665
ecdf,q_barrier_dft,ESPLEY46,7.74,0.987387,1665
ecdf,q_barrier_dft,ESPLEY46,7.8,0.987988,1665
ecdf,q_barrier_dft,ESPLEY46,7.86,0.989189,1665
ecdf,q_barrier_dft,ESPLEY46,7.92,0.989189,1665
ecdf,q_barrier_dft,ESPLEY46,7.98,0.99039,1665
ecdf,q_barrier_dft,ESPLEY46,8.04,0.990991,1665
ecdf,q_barrier_dft,ESPLEY46,8.1,0.990991,1665
ecdf,q_barrier_dft,ESPLEY46,8.16,0.990991,1665
ecdf,q_barrier_dft,ESPLEY46,8.22,0.990991,1665
ecdf,q_barrier_dft,ESPLEY46,8.28,0.990991,1665
ecdf,q_barrier_dft,ESPLEY46,8.34,0.991592,1665
ecdf,q_barrier_dft,ESPLEY46,8.4,0.991592,1665
ecdf,q_barrier_dft,ESPLEY46,8.46,0.992192,1665
ecdf,q_barrier_dft,ESPLEY46,8.52,0.992192,1665
ecdf,q_barrier_dft,ESPLEY46,8.58,0.992192,1665
ecdf,q_barrier_dft,ESPLEY46,8.64,0.992192,1665
ecdf,q_barrier_dft,ESPLEY46,8.7,0.992192,1665
ecdf,q_barrier_dft,ESPLEY46,8.76,0.992192,1665
ecdf,q_barrier_dft,ESPLEY46,8.82,0.992793,1665
ecdf,q_barrier_dft,ESPLEY46,8.88,0.992793,1665
ecdf,q_barrier_dft,ESPLEY46,8.94,0.992793,1665
ecdf,q_barrier_dft,ESPLEY46,9,0.992793,1665
ecdf,q_barrier_dft,ESPLEY46,9.06,0.993393,1665
ecdf,q_barrier_dft,ESPLEY46,9.12,0.993393,1665
ecdf,q_barrier_dft,ESPLEY46,9.18,0.993393,1665
ecdf,q_barrier_dft,ESPLEY46,9.24,0.993393,1665
ecdf,q_barrier_dft,ESPLEY46,9.3,0.993994,1665
ecdf,q_barrier_dft,ESPLEY46,9.36,0.993994,1665
ecdf,q_barrier_dft,ESPLEY46,9.42,0.995195,1665
ecdf,q_barrier_dft,ESPLEY46,9.48,0.995195,1665
ecdf,q_barrier_dft,ESPLEY46,9.54,0.995195,1665
ecdf,q_barrier_dft,ESPLEY46,9.6,0.995195,1665
ecdf,q_barrier_dft,ESPLEY46,9.66,0.995195,1665
ecdf,q_barrier_dft,ESPLEY46,9.72,0.995195,1665
ecdf,q_barrier_dft,ESPLEY46,9.78,0.995195,1665
ecdf,q_barrier_dft,ESPLEY46,9.84,0.995195,1665
ecdf,q_barrier_dft,ESPLEY46,9.9,0.995796,1665
ecdf,q_barrier_dft,ESPLEY46,9.96,0.995796,1665
ecdf,q_barrier_dft,ESPLEY46,10.02,0.995796,1665
ecdf,q_barrier_dft,ESPLEY46,10.08,0.996396,1665
ecdf,q_barrier_dft,ESPLEY46,10.14,0.996396,1665
ecdf,q_barrier_dft,ESPLEY46,10.2,0.996396,1665
ecdf,q_barrier_dft,ESPLEY46,10.26,0.996396,1665
ecdf,q_barrier_dft,ESPLEY46,10.32,0.996396,1665
ecdf,q_barrier_dft,ESPLEY46,10.38,0.996396,1665
ecdf,q_barrier_dft,ESPLEY46,10.44,0.996997,1665
ecdf,q_barrier_dft,ESPLEY46,10.5,0.996997,1665
ecdf,q_barrier_dft,ESPLEY46,10.56,0.996997,1665
ecdf,q_barrier_dft,ESPLEY46,10.62,0.996997,1665
ecdf,q_barrier_dft,ESPLEY46,10.68,0.996997,1665
ecdf,q_barrier_dft,ESPLEY46,10.74,0.996997,1665
ecdf,q_barrier_dft,ESPLEY46,10.8,0.996997,1665
ecdf,q_barrier_dft,ESPLEY46,10.86,0.996997,1665
ecdf,q_barrier_dft,ESPLEY46,10.92,0.996997,1665
ecdf,q_barrier_dft,ESPLEY46,10.98,0.996997,1665
ecdf,q_barrier_dft,ESPLEY46,11.04,0.997598,1665
ecdf,q_barrier_dft,ESPLEY46,11.1,0.997598,1665
ecdf,q_barrier_dft,ESPLEY46,11.16,0.997598,1665
ecdf,q_barrier_dft,ESPLEY46,11.22,0.997598,1665
ecdf,q_barrier_dft,ESPLEY46,11.28,0.997598,1665
ecdf,q_barrier_dft,ESPLEY46,11.34,0.997598,1665
ecdf,q_barrier_dft,ESPLEY46,11.4,0.997598,1665
ecdf,q_barrier_dft,ESPLEY46,11.46,0.997598,1665
ecdf,q_barrier_dft,ESPLEY46,11.52,0.997598,1665
ecdf,q_barrier_dft,ESPLEY46,11.58,0.997598,1665
ecdf,q_barrier_dft,ESPLEY46,11.64,0.997598,1665
ecdf,q_barrier_dft,ESPLEY46,11.7,0.997598,1665
ecdf,q_barrier_dft,ESPLEY46,11.76,0.997598,1665
ecdf,q_barrier_dft,ESPLEY46,11.82,0.997598,1665
ecdf,q_barrier_dft,ESPLEY46,11.88,0.997598,1665
ecdf,q_barrier_dft,ESPLEY46,11.94,0.997598,1665
ecdf,q_barrier_dft,ESPLEY46,12,0.997598,1665
within_1,q_barrier_dft,ESPLEY46,1,0.342342,1665
within_2,q_barrier_dft,ESPLEY46,2,0.602402,1665
ecdf,q_barrier_dft,ESPLEY73,0,0,1665
ecdf,q_barrier_dft,ESPLEY73,0.06,0.0204204,1665
ecdf,q_barrier_dft,ESPLEY73,0.12,0.0408408,1665
ecdf,q_barrier_dft,ESPLEY73,0.18,0.0612613,1665
ecdf,q_barrier_dft,ESPLEY73,0.24,0.0900901,1665
ecdf,q_barrier_dft,ESPLEY73,0.3,0.112312,1665
ecdf,q_barrier_dft,ESPLEY73,0.36,0.135135,1665
ecdf,q_barrier_dft,ESPLEY73,0.42,0.157357,1665
ecdf,q_barrier_dft,ESPLEY73,0.48,0.175375,1665
ecdf,q_barrier_dft,ESPLEY73,0.54,0.19039,1665
ecdf,q_barrier_dft,ESPLEY73,0.6,0.216216,1665
ecdf,q_barrier_dft,ESPLEY73,0.66,0.236637,1665
ecdf,q_barrier_dft,ESPLEY73,0.72,0.258859,1665
ecdf,q_barrier_dft,ESPLEY73,0.78,0.286486,1665
ecdf,q_barrier_dft,ESPLEY73,0.84,0.305706,1665
ecdf,q_barrier_dft,ESPLEY73,0.9,0.327928,1665
ecdf,q_barrier_dft,ESPLEY73,0.96,0.342943,1665
ecdf,q_barrier_dft,ESPLEY73,1.02,0.365766,1665
ecdf,q_barrier_dft,ESPLEY73,1.08,0.385586,1665
ecdf,q_barrier_dft,ESPLEY73,1.14,0.401802,1665
ecdf,q_barrier_dft,ESPLEY73,1.2,0.419219,1665
ecdf,q_barrier_dft,ESPLEY73,1.26,0.438438,1665
ecdf,q_barrier_dft,ESPLEY73,1.32,0.457057,1665
ecdf,q_barrier_dft,ESPLEY73,1.38,0.473273,1665
ecdf,q_barrier_dft,ESPLEY73,1.44,0.485886,1665
ecdf,q_barrier_dft,ESPLEY73,1.5,0.5003,1665
ecdf,q_barrier_dft,ESPLEY73,1.56,0.516517,1665
ecdf,q_barrier_dft,ESPLEY73,1.62,0.53994,1665
ecdf,q_barrier_dft,ESPLEY73,1.68,0.560961,1665
ecdf,q_barrier_dft,ESPLEY73,1.74,0.577177,1665
ecdf,q_barrier_dft,ESPLEY73,1.8,0.593393,1665
ecdf,q_barrier_dft,ESPLEY73,1.86,0.61021,1665
ecdf,q_barrier_dft,ESPLEY73,1.92,0.622222,1665
ecdf,q_barrier_dft,ESPLEY73,1.98,0.636036,1665
ecdf,q_barrier_dft,ESPLEY73,2.04,0.649249,1665
ecdf,q_barrier_dft,ESPLEY73,2.1,0.659459,1665
ecdf,q_barrier_dft,ESPLEY73,2.16,0.675075,1665
ecdf,q_barrier_dft,ESPLEY73,2.22,0.684685,1665
ecdf,q_barrier_dft,ESPLEY73,2.28,0.697297,1665
ecdf,q_barrier_dft,ESPLEY73,2.34,0.705706,1665
ecdf,q_barrier_dft,ESPLEY73,2.4,0.714715,1665
ecdf,q_barrier_dft,ESPLEY73,2.46,0.727327,1665
ecdf,q_barrier_dft,ESPLEY73,2.52,0.741742,1665
ecdf,q_barrier_dft,ESPLEY73,2.58,0.753754,1665
ecdf,q_barrier_dft,ESPLEY73,2.64,0.759159,1665
ecdf,q_barrier_dft,ESPLEY73,2.7,0.769369,1665
ecdf,q_barrier_dft,ESPLEY73,2.76,0.777177,1665
ecdf,q_barrier_dft,ESPLEY73,2.82,0.787988,1665
ecdf,q_barrier_dft,ESPLEY73,2.88,0.796997,1665
ecdf,q_barrier_dft,ESPLEY73,2.94,0.802402,1665
ecdf,q_barrier_dft,ESPLEY73,3,0.809009,1665
ecdf,q_barrier_dft,ESPLEY73,3.06,0.82042,1665
ecdf,q_barrier_dft,ESPLEY73,3.12,0.831231,1665
ecdf,q_barrier_dft,ESPLEY73,3.18,0.838438,1665
ecdf,q_barrier_dft,ESPLEY73,3.24,0.843844,1665
ecdf,q_barrier_dft,ESPLEY73,3.3,0.849249,1665
ecdf,q_barrier_dft,ESPLEY73,3.36,0.855856,1665
ecdf,q_barrier_dft,ESPLEY73,3.42,0.863664,1665
ecdf,q_barrier_dft,ESPLEY73,3.48,0.87027,1665
ecdf,q_barrier_dft,ESPLEY73,3.54,0.875676,1665
ecdf,q_barrier_dft,ESPLEY73,3.6,0.881081,1665
ecdf,q_barrier_dft,ESPLEY73,3.66,0.885285,1665
ecdf,q_barrier_dft,ESPLEY73,3.72,0.891892,1665
ecdf,q_barrier_dft,ESPLEY73,3.78,0.894895,1665
ecdf,q_barrier_dft,ESPLEY73,3.84,0.897898,1665
ecdf,q_barrier_dft,ESPLEY73,3.9,0.8997,1665
ecdf,q_barrier_dft,ESPLEY73,3.96,0.902102,1665
ecdf,q_barrier_dft,ESPLEY73,4.02,0.908709,1665
ecdf,q_barrier_dft,ESPLEY73,4.08,0.913514,1665
ecdf,q_barrier_dft,ESPLEY73,4.14,0.916517,1665
ecdf,q_barrier_dft,ESPLEY73,4.2,0.91952,1665
ecdf,q_barrier_dft,ESPLEY73,4.26,0.922523,1665
ecdf,q_barrier_dft,ESPLEY73,4.32,0.924324,1665
ecdf,q_barrier_dft,ESPLEY73,4.38,0.927928,1665
ecdf,q_barrier_dft,ESPLEY73,4.44,0.932132,1665
ecdf,q_barrier_dft,ESPLEY73,4.5,0.935135,1665
ecdf,q_barrier_dft,ESPLEY73,4.56,0.936937,1665
ecdf,q_barrier_dft,ESPLEY73,4.62,0.940541,1665
ecdf,q_barrier_dft,ESPLEY73,4.68,0.942342,1665
ecdf,q_barrier_dft,ESPLEY73,4.74,0.944144,1665
ecdf,q_barrier_dft,ESPLEY73,4.8,0.945946,1665
ecdf,q_barrier_dft,ESPLEY73,4.86,0.94955,1665
ecdf,q_barrier_dft,ESPLEY73,4.92,0.951351,1665
ecdf,q_barrier_dft,ESPLEY73,4.98,0.951952,1665
ecdf,q_barrier_dft,ESPLEY73,5.04,0.954354,1665
ecdf,q_barrier_dft,ESPLEY73,5.1,0.956757,1665
ecdf,q_barrier_dft,ESPLEY73,5.16,0.957958,1665
ecdf,q_barrier_dft,ESPLEY73,5.22,0.958559,1665
ecdf,q_barrier_dft,ESPLEY73,5.28,0.959159,1665
ecdf,q_barrier_dft,ESPLEY73,5.34,0.96036,1665
ecdf,q_barrier_dft,ESPLEY73,5.4,0.964565,1665
ecdf,q_barrier_dft,ESPLEY73,5.46,0.965165,1665
ecdf,q_barrier_dft,ESPLEY73,5.52,0.968168,1665
ecdf,q_barrier_dft,ESPLEY73,5.58,0.968168,1665
ecdf,q_barrier_dft,ESPLEY73,5.64,0.968769,1665
ecdf,q_barrier_dft,ESPLEY73,5.7,0.96997,1665
ecdf,q_barrier_dft,ESPLEY73,5.76,0.971772,1665
ecdf,q_barrier_dft,ESPLEY73,5.82,0.973574,1665
ecdf,q_barrier_dft,ESPLEY73,5.88,0.974775,1665
ecdf,q_barrier_dft,ESPLEY73,5.94,0.977177,1665
ecdf,q_barrier_dft,ESPLEY73,6,0.977778,1665
ecdf,q_barrier_dft,ESPLEY73,6.06,0.97958,1665
ecdf,q_barrier_dft,ESPLEY73,6.12,0.97958,1665
ecdf,q_barrier_dft,ESPLEY73,6.18,0.98018,1665
ecdf,q_barrier_dft,ESPLEY73,6.24,0.981381,1665
ecdf,q_barrier_dft,ESPLEY73,6.3,0.981982,1665
ecdf,q_barrier_dft,ESPLEY73,6.36,0.982583,1665
ecdf,q_barrier_dft,ESPLEY73,6.42,0.983183,1665
ecdf,q_barrier_dft,ESPLEY73,6.48,0.983183,1665
ecdf,q_barrier_dft,ESPLEY73,6.54,0.984384,1665
ecdf,q_barrier_dft,ESPLEY73,6.6,0.984985,1665
ecdf,q_barrier_dft,ESPLEY73,6.66,0.986787,1665
ecdf,q_barrier_dft,ESPLEY73,6.72,0.987387,1665
ecdf,q_barrier_dft,ESPLEY73,6.78,0.987988,1665
ecdf,q_barrier_dft,ESPLEY73,6.84,0.987988,1665
ecdf,q_barrier_dft,ESPLEY73,6.9,0.987988,1665
ecdf,q_barrier_dft,ESPLEY73,6.96,0.988589,1665
ecdf,q_barrier_dft,ESPLEY73,7.02,0.98979,1665
ecdf,q_barrier_dft,ESPLEY73,7.08,0.98979,1665
ecdf,q_barrier_dft,ESPLEY73,7.14,0.98979,1665
ecdf,q_barrier_dft,ESPLEY73,7.2,0.991592,1665
ecdf,q_barrier_dft,ESPLEY73,7.26,0.991592,1665
ecdf,q_barrier_dft,ESPLEY73,7.32,0.991592,1665
ecdf,q_barrier_dft,ESPLEY73,7.38,0.991592,1665
ecdf,q_barrier_dft,ESPLEY73,7.44,0.991592,1665
ecdf,q_barrier_dft,ESPLEY73,7.5,0.991592,1665
ecdf,q_barrier_dft,ESPLEY73,7.56,0.991592,1665
ecdf,q_barrier_dft,ESPLEY73,7.62,0.992192,1665
ecdf,q_barrier_dft,ESPLEY73,7.68,0.992793,1665
ecdf,q_barrier_dft,ESPLEY73,7.74,0.992793,1665
ecdf,q_barrier_dft,ESPLEY73,7.8,0.993393,1665
ecdf,q_barrier_dft,ESPLEY73,7.86,0.993393,1665
ecdf,q_barrier_dft,ESPLEY73,7.92,0.993393,1665
ecdf,q_barrier_dft,ESPLEY73,7.98,0.993994,1665
ecdf,q_barrier_dft,ESPLEY73,8.04,0.993994,1665
ecdf,q_barrier_dft,ESPLEY73,8.1,0.993994,1665
ecdf,q_barrier_dft,ESPLEY73,8.16,0.993994,1665
ecdf,q_barrier_dft,ESPLEY73,8.22,0.994595,1665
ecdf,q_barrier_dft,ESPLEY73,8.28,0.994595,1665
ecdf,q_barrier_dft,ESPLEY73,8.34,0.994595,1665
ecdf,q_barrier_dft,ESPLEY73,8.4,0.994595,1665
ecdf,q_barrier_dft,ESPLEY73,8.46,0.995195,1665
ecdf,q_barrier_dft,ESPLEY73,8.52,0.995195,1665
ecdf,q_barrier_dft,ESPLEY73,8.58,0.995195,1665
ecdf,q_barrier_dft,ESPLEY73,8.64,0.995195,1665
ecdf,q_barrier_dft,ESPLEY73,8.7,0.995195,1665
ecdf,q_barrier_dft,ESPLEY73,8.76,0.995195,1665
ecdf,q_barrier_dft,ESPLEY73,8.82,0.995195,1665
ecdf,q_barrier_dft,ESPLEY73,8.88,0.996396,1665
ecdf,q_barrier_dft,ESPLEY73,8.94,0.996396,1665
ecdf,q_barrier_dft,ESPLEY73,9,0.996396,1665
ecdf,q_barrier_dft,ESPLEY73,9.06,0.996997,1665
ecdf,q_barrier_dft,ESPLEY73,9.12,0.997598,1665
ecdf,q_barrier_dft,ESPLEY73,9.18,0.997598,1665
ecdf,q_barrier_dft,ESPLEY73,9.24,0.997598,1665
ecdf,q_barrier_dft,ESPLEY73,9.3,0.997598,1665
ecdf,q_barrier_dft,ESPLEY73,9.36,0.997598,1665
ecdf,q_barrier_dft,ESPLEY73,9.42,0.997598,1665
ecdf,q_barrier_dft,ESPLEY73,9.48,0.998198,1665
ecdf,q_barrier_dft,ESPLEY73,9.54,0.998198,1665
ecdf,q_barrier_dft,ESPLEY73,9.6,0.998198,1665
ecdf,q_barrier_dft,ESPLEY73,9.66,0.998198,1665
ecdf,q_barrier_dft,ESPLEY73,9.72,0.998198,1665
ecdf,q_barrier_dft,ESPLEY73,9.78,0.998198,1665
ecdf,q_barrier_dft,ESPLEY73,9.84,0.998198,1665
ecdf,q_barrier_dft,ESPLEY73,9.9,0.998198,1665
ecdf,q_barrier_dft,ESPLEY73,9.96,0.998198,1665
ecdf,q_barrier_dft,ESPLEY73,10.02,0.998198,1665
ecdf,q_barrier_dft,ESPLEY73,10.08,0.998198,1665
ecdf,q_barrier_dft,ESPLEY73,10.14,0.998198,1665
ecdf,q_barrier_dft,ESPLEY73,10.2,0.998198,1665
ecdf,q_barrier_dft,ESPLEY73,10.26,0.998198,1665
ecdf,q_barrier_dft,ESPLEY73,10.32,0.998799,1665
ecdf,q_barrier_dft,ESPLEY73,10.38,0.998799,1665
ecdf,q_barrier_dft,ESPLEY73,10.44,0.998799,1665
ecdf,q_barrier_dft,ESPLEY73,10.5,0.998799,1665
ecdf,q_barrier_dft,ESPLEY73,10.56,0.998799,1665
ecdf,q_barrier_dft,ESPLEY73,10.62,0.998799,1665
ecdf,q_barrier_dft,ESPLEY73,10.68,0.998799,1665
ecdf,q_barrier_dft,ESPLEY73,10.74,0.998799,1665
ecdf,q_barrier_dft,ESPLEY73,10.8,0.998799,1665
ecdf,q_barrier_dft,ESPLEY73,10.86,0.998799,1665
ecdf,q_barrier_dft,ESPLEY73,10.92,0.998799,1665
ecdf,q_barrier_dft,ESPLEY73,10.98,0.998799,1665
ecdf,q_barrier_dft,ESPLEY73,11.04,0.998799,1665
ecdf,q_barrier_dft,ESPLEY73,11.1,0.998799,1665
ecdf,q_barrier_dft,ESPLEY73,11.16,0.998799,1665
ecdf,q_barrier_dft,ESPLEY73,11.22,0.998799,1665
ecdf,q_barrier_dft,ESPLEY73,11.28,0.998799,1665
ecdf,q_barrier_dft,ESPLEY73,11.34,0.998799,1665
ecdf,q_barrier_dft,ESPLEY73,11.4,0.998799,1665
ecdf,q_barrier_dft,ESPLEY73,11.46,0.998799,1665
ecdf,q_barrier_dft,ESPLEY73,11.52,0.998799,1665
ecdf,q_barrier_dft,ESPLEY73,11.58,0.998799,1665
ecdf,q_barrier_dft,ESPLEY73,11.64,0.998799,1665
ecdf,q_barrier_dft,ESPLEY73,11.7,0.998799,1665
ecdf,q_barrier_dft,ESPLEY73,11.76,0.998799,1665
ecdf,q_barrier_dft,ESPLEY73,11.82,0.998799,1665
ecdf,q_barrier_dft,ESPLEY73,11.88,0.998799,1665
ecdf,q_barrier_dft,ESPLEY73,11.94,0.998799,1665
ecdf,q_barrier_dft,ESPLEY73,12,0.998799,1665
within_1,q_barrier_dft,ESPLEY73,1,0.355556,1665
within_2,q_barrier_dft,ESPLEY73,2,0.642643,1665
ecdf,q_barrier_dft,EXT_SEL,0,0,1665
ecdf,q_barrier_dft,EXT_SEL,0.06,0.0198198,1665
ecdf,q_barrier_dft,EXT_SEL,0.12,0.0462462,1665
ecdf,q_barrier_dft,EXT_SEL,0.18,0.0738739,1665
ecdf,q_barrier_dft,EXT_SEL,0.24,0.0954955,1665
ecdf,q_barrier_dft,EXT_SEL,0.3,0.115315,1665
ecdf,q_barrier_dft,EXT_SEL,0.36,0.147748,1665
ecdf,q_barrier_dft,EXT_SEL,0.42,0.170571,1665
ecdf,q_barrier_dft,EXT_SEL,0.48,0.190991,1665
ecdf,q_barrier_dft,EXT_SEL,0.54,0.213814,1665
ecdf,q_barrier_dft,EXT_SEL,0.6,0.23964,1665
ecdf,q_barrier_dft,EXT_SEL,0.66,0.263063,1665
ecdf,q_barrier_dft,EXT_SEL,0.72,0.285886,1665
ecdf,q_barrier_dft,EXT_SEL,0.78,0.3003,1665
ecdf,q_barrier_dft,EXT_SEL,0.84,0.328529,1665
ecdf,q_barrier_dft,EXT_SEL,0.9,0.350751,1665
ecdf,q_barrier_dft,EXT_SEL,0.96,0.371772,1665
ecdf,q_barrier_dft,EXT_SEL,1.02,0.391592,1665
ecdf,q_barrier_dft,EXT_SEL,1.08,0.415015,1665
ecdf,q_barrier_dft,EXT_SEL,1.14,0.433634,1665
ecdf,q_barrier_dft,EXT_SEL,1.2,0.457658,1665
ecdf,q_barrier_dft,EXT_SEL,1.26,0.478078,1665
ecdf,q_barrier_dft,EXT_SEL,1.32,0.488889,1665
ecdf,q_barrier_dft,EXT_SEL,1.38,0.503904,1665
ecdf,q_barrier_dft,EXT_SEL,1.44,0.527327,1665
ecdf,q_barrier_dft,EXT_SEL,1.5,0.542342,1665
ecdf,q_barrier_dft,EXT_SEL,1.56,0.561562,1665
ecdf,q_barrier_dft,EXT_SEL,1.62,0.574775,1665
ecdf,q_barrier_dft,EXT_SEL,1.68,0.587387,1665
ecdf,q_barrier_dft,EXT_SEL,1.74,0.600601,1665
ecdf,q_barrier_dft,EXT_SEL,1.8,0.618619,1665
ecdf,q_barrier_dft,EXT_SEL,1.86,0.637838,1665
ecdf,q_barrier_dft,EXT_SEL,1.92,0.649249,1665
ecdf,q_barrier_dft,EXT_SEL,1.98,0.661862,1665
ecdf,q_barrier_dft,EXT_SEL,2.04,0.673874,1665
ecdf,q_barrier_dft,EXT_SEL,2.1,0.693093,1665
ecdf,q_barrier_dft,EXT_SEL,2.16,0.706907,1665
ecdf,q_barrier_dft,EXT_SEL,2.22,0.71952,1665
ecdf,q_barrier_dft,EXT_SEL,2.28,0.726727,1665
ecdf,q_barrier_dft,EXT_SEL,2.34,0.737538,1665
ecdf,q_barrier_dft,EXT_SEL,2.4,0.747748,1665
ecdf,q_barrier_dft,EXT_SEL,2.46,0.75976,1665
ecdf,q_barrier_dft,EXT_SEL,2.52,0.767568,1665
ecdf,q_barrier_dft,EXT_SEL,2.58,0.776577,1665
ecdf,q_barrier_dft,EXT_SEL,2.64,0.783784,1665
ecdf,q_barrier_dft,EXT_SEL,2.7,0.795796,1665
ecdf,q_barrier_dft,EXT_SEL,2.76,0.803604,1665
ecdf,q_barrier_dft,EXT_SEL,2.82,0.810811,1665
ecdf,q_barrier_dft,EXT_SEL,2.88,0.822222,1665
ecdf,q_barrier_dft,EXT_SEL,2.94,0.83003,1665
ecdf,q_barrier_dft,EXT_SEL,3,0.837237,1665
ecdf,q_barrier_dft,EXT_SEL,3.06,0.842042,1665
ecdf,q_barrier_dft,EXT_SEL,3.12,0.846246,1665
ecdf,q_barrier_dft,EXT_SEL,3.18,0.852853,1665
ecdf,q_barrier_dft,EXT_SEL,3.24,0.863063,1665
ecdf,q_barrier_dft,EXT_SEL,3.3,0.868468,1665
ecdf,q_barrier_dft,EXT_SEL,3.36,0.874474,1665
ecdf,q_barrier_dft,EXT_SEL,3.42,0.881682,1665
ecdf,q_barrier_dft,EXT_SEL,3.48,0.887087,1665
ecdf,q_barrier_dft,EXT_SEL,3.54,0.892492,1665
ecdf,q_barrier_dft,EXT_SEL,3.6,0.897297,1665
ecdf,q_barrier_dft,EXT_SEL,3.66,0.902703,1665
ecdf,q_barrier_dft,EXT_SEL,3.72,0.908108,1665
ecdf,q_barrier_dft,EXT_SEL,3.78,0.912913,1665
ecdf,q_barrier_dft,EXT_SEL,3.84,0.918919,1665
ecdf,q_barrier_dft,EXT_SEL,3.9,0.923724,1665
ecdf,q_barrier_dft,EXT_SEL,3.96,0.927928,1665
ecdf,q_barrier_dft,EXT_SEL,4.02,0.93033,1665
ecdf,q_barrier_dft,EXT_SEL,4.08,0.934535,1665
ecdf,q_barrier_dft,EXT_SEL,4.14,0.93994,1665
ecdf,q_barrier_dft,EXT_SEL,4.2,0.941742,1665
ecdf,q_barrier_dft,EXT_SEL,4.26,0.945345,1665
ecdf,q_barrier_dft,EXT_SEL,4.32,0.946547,1665
ecdf,q_barrier_dft,EXT_SEL,4.38,0.95015,1665
ecdf,q_barrier_dft,EXT_SEL,4.44,0.953754,1665
ecdf,q_barrier_dft,EXT_SEL,4.5,0.954955,1665
ecdf,q_barrier_dft,EXT_SEL,4.56,0.957357,1665
ecdf,q_barrier_dft,EXT_SEL,4.62,0.957958,1665
ecdf,q_barrier_dft,EXT_SEL,4.68,0.95976,1665
ecdf,q_barrier_dft,EXT_SEL,4.74,0.96036,1665
ecdf,q_barrier_dft,EXT_SEL,4.8,0.962763,1665
ecdf,q_barrier_dft,EXT_SEL,4.86,0.964565,1665
ecdf,q_barrier_dft,EXT_SEL,4.92,0.964565,1665
ecdf,q_barrier_dft,EXT_SEL,4.98,0.966366,1665
ecdf,q_barrier_dft,EXT_SEL,5.04,0.966366,1665
ecdf,q_barrier_dft,EXT_SEL,5.1,0.967568,1665
ecdf,q_barrier_dft,EXT_SEL,5.16,0.969369,1665
ecdf,q_barrier_dft,EXT_SEL,5.22,0.971171,1665
ecdf,q_barrier_dft,EXT_SEL,5.28,0.972973,1665
ecdf,q_barrier_dft,EXT_SEL,5.34,0.974174,1665
ecdf,q_barrier_dft,EXT_SEL,5.4,0.974775,1665
ecdf,q_barrier_dft,EXT_SEL,5.46,0.975375,1665
ecdf,q_barrier_dft,EXT_SEL,5.52,0.975375,1665
ecdf,q_barrier_dft,EXT_SEL,5.58,0.977177,1665
ecdf,q_barrier_dft,EXT_SEL,5.64,0.977177,1665
ecdf,q_barrier_dft,EXT_SEL,5.7,0.978378,1665
ecdf,q_barrier_dft,EXT_SEL,5.76,0.978979,1665
ecdf,q_barrier_dft,EXT_SEL,5.82,0.97958,1665
ecdf,q_barrier_dft,EXT_SEL,5.88,0.98018,1665
ecdf,q_barrier_dft,EXT_SEL,5.94,0.980781,1665
ecdf,q_barrier_dft,EXT_SEL,6,0.981982,1665
ecdf,q_barrier_dft,EXT_SEL,6.06,0.982583,1665
ecdf,q_barrier_dft,EXT_SEL,6.12,0.984384,1665
ecdf,q_barrier_dft,EXT_SEL,6.18,0.986787,1665
ecdf,q_barrier_dft,EXT_SEL,6.24,0.986787,1665
ecdf,q_barrier_dft,EXT_SEL,6.3,0.987988,1665
ecdf,q_barrier_dft,EXT_SEL,6.36,0.987988,1665
ecdf,q_barrier_dft,EXT_SEL,6.42,0.987988,1665
ecdf,q_barrier_dft,EXT_SEL,6.48,0.987988,1665
ecdf,q_barrier_dft,EXT_SEL,6.54,0.987988,1665
ecdf,q_barrier_dft,EXT_SEL,6.6,0.987988,1665
ecdf,q_barrier_dft,EXT_SEL,6.66,0.987988,1665
ecdf,q_barrier_dft,EXT_SEL,6.72,0.987988,1665
ecdf,q_barrier_dft,EXT_SEL,6.78,0.988589,1665
ecdf,q_barrier_dft,EXT_SEL,6.84,0.989189,1665
ecdf,q_barrier_dft,EXT_SEL,6.9,0.98979,1665
ecdf,q_barrier_dft,EXT_SEL,6.96,0.99039,1665
ecdf,q_barrier_dft,EXT_SEL,7.02,0.99039,1665
ecdf,q_barrier_dft,EXT_SEL,7.08,0.99039,1665
ecdf,q_barrier_dft,EXT_SEL,7.14,0.991592,1665
ecdf,q_barrier_dft,EXT_SEL,7.2,0.991592,1665
ecdf,q_barrier_dft,EXT_SEL,7.26,0.992793,1665
ecdf,q_barrier_dft,EXT_SEL,7.32,0.993393,1665
ecdf,q_barrier_dft,EXT_SEL,7.38,0.993994,1665
ecdf,q_barrier_dft,EXT_SEL,7.44,0.993994,1665
ecdf,q_barrier_dft,EXT_SEL,7.5,0.993994,1665
ecdf,q_barrier_dft,EXT_SEL,7.56,0.994595,1665
ecdf,q_barrier_dft,EXT_SEL,7.62,0.995195,1665
ecdf,q_barrier_dft,EXT_SEL,7.68,0.995195,1665
ecdf,q_barrier_dft,EXT_SEL,7.74,0.995195,1665
ecdf,q_barrier_dft,EXT_SEL,7.8,0.995195,1665
ecdf,q_barrier_dft,EXT_SEL,7.86,0.995195,1665
ecdf,q_barrier_dft,EXT_SEL,7.92,0.995195,1665
ecdf,q_barrier_dft,EXT_SEL,7.98,0.995195,1665
ecdf,q_barrier_dft,EXT_SEL,8.04,0.995195,1665
ecdf,q_barrier_dft,EXT_SEL,8.1,0.995195,1665
ecdf,q_barrier_dft,EXT_SEL,8.16,0.995195,1665
ecdf,q_barrier_dft,EXT_SEL,8.22,0.995195,1665
ecdf,q_barrier_dft,EXT_SEL,8.28,0.996396,1665
ecdf,q_barrier_dft,EXT_SEL,8.34,0.996396,1665
ecdf,q_barrier_dft,EXT_SEL,8.4,0.996396,1665
ecdf,q_barrier_dft,EXT_SEL,8.46,0.996396,1665
ecdf,q_barrier_dft,EXT_SEL,8.52,0.996396,1665
ecdf,q_barrier_dft,EXT_SEL,8.58,0.996396,1665
ecdf,q_barrier_dft,EXT_SEL,8.64,0.996997,1665
ecdf,q_barrier_dft,EXT_SEL,8.7,0.996997,1665
ecdf,q_barrier_dft,EXT_SEL,8.76,0.996997,1665
ecdf,q_barrier_dft,EXT_SEL,8.82,0.997598,1665
ecdf,q_barrier_dft,EXT_SEL,8.88,0.997598,1665
ecdf,q_barrier_dft,EXT_SEL,8.94,0.997598,1665
ecdf,q_barrier_dft,EXT_SEL,9,0.997598,1665
ecdf,q_barrier_dft,EXT_SEL,9.06,0.997598,1665
ecdf,q_barrier_dft,EXT_SEL,9.12,0.997598,1665
ecdf,q_barrier_dft,EXT_SEL,9.18,0.997598,1665
ecdf,q_barrier_dft,EXT_SEL,9.24,0.997598,1665
ecdf,q_barrier_dft,EXT_SEL,9.3,0.997598,1665
ecdf,q_barrier_dft,EXT_SEL,9.36,0.997598,1665
ecdf,q_barrier_dft,EXT_SEL,9.42,0.997598,1665
ecdf,q_barrier_dft,EXT_SEL,9.48,0.997598,1665
ecdf,q_barrier_dft,EXT_SEL,9.54,0.997598,1665
ecdf,q_barrier_dft,EXT_SEL,9.6,0.997598,1665
ecdf,q_barrier_dft,EXT_SEL,9.66,0.997598,1665
ecdf,q_barrier_dft,EXT_SEL,9.72,0.997598,1665
ecdf,q_barrier_dft,EXT_SEL,9.78,0.997598,1665
ecdf,q_barrier_dft,EXT_SEL,9.84,0.997598,1665
ecdf,q_barrier_dft,EXT_SEL,9.9,0.997598,1665
ecdf,q_barrier_dft,EXT_SEL,9.96,0.997598,1665
ecdf,q_barrier_dft,EXT_SEL,10.02,0.997598,1665
ecdf,q_barrier_dft,EXT_SEL,10.08,0.998198,1665
ecdf,q_barrier_dft,EXT_SEL,10.14,0.998198,1665
ecdf,q_barrier_dft,EXT_SEL,10.2,0.998198,1665
ecdf,q_barrier_dft,EXT_SEL,10.26,0.998198,1665
ecdf,q_barrier_dft,EXT_SEL,10.32,0.998198,1665
ecdf,q_barrier_dft,EXT_SEL,10.38,0.998198,1665
ecdf,q_barrier_dft,EXT_SEL,10.44,0.998198,1665
ecdf,q_barrier_dft,EXT_SEL,10.5,0.998198,1665
ecdf,q_barrier_dft,EXT_SEL,10.56,0.998198,1665
ecdf,q_barrier_dft,EXT_SEL,10.62,0.998198,1665
ecdf,q_barrier_dft,EXT_SEL,10.68,0.998198,1665
ecdf,q_barrier_dft,EXT_SEL,10.74,0.998799,1665
ecdf,q_barrier_dft,EXT_SEL,10.8,0.998799,1665
ecdf,q_barrier_dft,EXT_SEL,10.86,0.998799,1665
ecdf,q_barrier_dft,EXT_SEL,10.92,0.998799,1665
ecdf,q_barrier_dft,EXT_SEL,10.98,0.998799,1665
ecdf,q_barrier_dft,EXT_SEL,11.04,0.998799,1665
ecdf,q_barrier_dft,EXT_SEL,11.1,0.998799,1665
ecdf,q_barrier_dft,EXT_SEL,11.16,0.998799,1665
ecdf,q_barrier_dft,EXT_SEL,11.22,0.998799,1665
ecdf,q_barrier_dft,EXT_SEL,11.28,0.998799,1665
ecdf,q_barrier_dft,EXT_SEL,11.34,0.998799,1665
ecdf,q_barrier_dft,EXT_SEL,11.4,0.998799,1665
ecdf,q_barrier_dft,EXT_SEL,11.46,0.998799,1665
ecdf,q_barrier_dft,EXT_SEL,11.52,0.998799,1665
ecdf,q_barrier_dft,EXT_SEL,11.58,0.998799,1665
ecdf,q_barrier_dft,EXT_SEL,11.64,0.998799,1665
ecdf,q_barrier_dft,EXT_SEL,11.7,0.998799,1665
ecdf,q_barrier_dft,EXT_SEL,11.76,0.998799,1665
ecdf,q_barrier_dft,EXT_SEL,11.82,0.998799,1665
ecdf,q_barrier_dft,EXT_SEL,11.88,0.998799,1665
ecdf,q_barrier_dft,EXT_SEL,11.94,0.998799,1665
ecdf,q_barrier_dft,EXT_SEL,12,0.998799,1665
within_1,q_barrier_dft,EXT_SEL,1,0.384985,1665
within_2,q_barrier_dft,EXT_SEL,2,0.665465,1665
