{
  "dipolar": [
    0.5075577346449912,
    13.960076062966746,
    19.80748057953701,
    26.84217719606324,
    75.79808751556827
  ],
  "e2": [
    -20.673766273053197,
    -2.5408010477359095,
    0.6813463514728606,
    6.378917245817169,
    60.08722095520008
  ],
  "sn2": [
    -42.8952145188053,
    11.125024426533134,
    19.228076327262073,
    32.807425017104556,
    62.39648708198323
  ]
}