{
  "rxn_id": "ac",
  "level": "ZORA-BLYP-D3(BJ)/TZ2P all-electron NOSYM Good (ADF)",
  "E_strain": 13.853682270251738,
  "E_Pauli": 137.29,
  "E_elstat": -63.19,
  "E_oi": -101.64,
  "E_disp": -8.72,
  "E_int": -36.260000000000005,
  "E_int_total_kcal": -36.26,
  "dE_frag_barrier_eda": -22.406317729748267,
  "E_A_TS_kcal": -1455.451807956595,
  "E_B_TS_kcal": -960.6272182017668,
  "E_A_relax_kcal": -1461.0856182419236,
  "E_B_relax_kcal": -968.84709018669,
  "dEprep_A_kcal": 5.633810285328536,
  "dEprep_B_kcal": 8.219871984923202
}