{"arm": "xgb28_delta_family", "family": "qmrxn20_e2", "fold": 2, "member": 3, "n_train": 159, "n_test": 40, "reaction_ids": ["qmrxn20_e2_A_D_A_E_C_A", "qmrxn20_e2_C_E_A_D_B_A", "qmrxn20_e2_D_E_E_A_C_A", "qmrxn20_e2_E_C_C_E_C_C", "qmrxn20_e2_A_B_A_D_B_A", "qmrxn20_e2_D_D_D_A_C_A", "qmrxn20_e2_C_B_A_E_C_C", "qmrxn20_e2_A_A_B_E_C_D", "qmrxn20_e2_B_E_E_D_B_B", "qmrxn20_e2_C_E_A_B_C_C", "qmrxn20_e2_A_E_B_C_B_B", "qmrxn20_e2_E_A_D_A_B_A", "qmrxn20_e2_C_D_A_D_B_C", "qmrxn20_e2_C_E_D_E_B_B", "qmrxn20_e2_E_B_D_C_A_A", "qmrxn20_e2_D_B_E_A_B_C", "qmrxn20_e2_C_E_E_A_C_B", "qmrxn20_e2_C_C_A_D_A_B", "qmrxn20_e2_E_A_A_D_C_B", "qmrxn20_e2_E_D_B_D_B_A", "qmrxn20_e2_B_E_E_C_B_B", "qmrxn20_e2_A_D_E_E_C_A", "qmrxn20_e2_C_A_A_D_B_A", "qmrxn20_e2_C_E_C_D_B_A", "qmrxn20_e2_A_B_C_A_C_A", "qmrxn20_e2_D_A_D_D_B_C", "qmrxn20_e2_B_D_E_B_A_A", "qmrxn20_e2_C_D_E_D_C_C", "qmrxn20_e2_C_D_E_D_B_A", "qmrxn20_e2_E_B_C_D_B_A", "qmrxn20_e2_B_D_D_A_C_B", "qmrxn20_e2_E_D_C_A_B_A", "qmrxn20_e2_C_C_D_A_C_B", "qmrxn20_e2_C_A_A_E_A_A", "qmrxn20_e2_C_B_C_E_A_A", "qmrxn20_e2_B_D_D_D_B_A", "qmrxn20_e2_C_D_D_E_A_A", "qmrxn20_e2_A_B_D_E_B_B", "qmrxn20_e2_C_E_C_E_C_A", "qmrxn20_e2_C_A_D_A_C_A"], "y_true_strain": [11.590209007263184, 21.943492889404297, 17.301664352416992, 29.260852813720703, 6.34369421005249, 9.348048210144043, 24.084716796875, 70.49932098388672, 33.400272369384766, 35.791072845458984, 61.459293365478516, 19.6270694732666, 42.82820129394531, 30.847837448120117, 11.98961353302002, 43.047183990478516, 16.581920623779297, 17.38027572631836, 24.196863174438477, 17.57054901123047, 27.40752601623535, 3.909322738647461, 6.670325756072998, 7.5466532707214355, 7.018983364105225, 45.49599838256836, 7.065951824188232, 26.02767562866211, 10.535735130310059, 15.98751449584961, 9.325078964233398, 17.873546600341797, 9.770543098449707, 22.87519645690918, 32.559879302978516, 6.767421245574951, 19.867631912231445, 19.393054962158203, 4.105362892150879, 5.8139777183532715], "y_true_Pauli": [90.72000122070312, 111.12999725341797, 113.1500015258789, 117.91000366210938, 81.41000366210938, 91.7699966430664, 98.12999725341797, 151.57000732421875, 183.24000549316406, 132.97999572753906, 219.27999877929688, 113.0, 128.38999938964844, 159.33999633789062, 106.25, 124.19999694824219, 146.24000549316406, 136.9499969482422, 148.30999755859375, 104.80999755859375, 158.50999450683594, 95.7300033569336, 79.19000244140625, 100.81999969482422, 83.33999633789062, 122.72000122070312, 100.23999786376953, 106.12999725341797, 99.5999984741211, 108.77999877929688, 113.80000305175781, 111.26000213623047, 112.36000061035156, 110.26000213623047, 209.19000244140625, 94.16999816894531, 115.6500015258789, 140.75999450683594, 101.41999816894531, 75.68000030517578], "y_true_elst": [-67.86000061035156, -89.87000274658203, -94.72000122070312, -83.83000183105469, -64.80999755859375, -68.30000305175781, -65.5199966430664, -93.93000030517578, -110.9000015258789, -81.55999755859375, -137.2100067138672, -77.55999755859375, -76.66999816894531, -108.19999694824219, -94.91000366210938, -73.31999969482422, -109.19000244140625, -90.69999694824219, -97.7699966430664, -91.8499984741211, -115.31999969482422, -74.38999938964844, -60.95000076293945, -94.5999984741211, -85.05999755859375, -75.33999633789062, -97.44999694824219, -66.83999633789062, -79.83000183105469, -100.9800033569336, -80.44000244140625, -91.68000030517578, -81.86000061035156, -78.20999908447266, -154.24000549316406, -72.02999877929688, -76.95999908447266, -92.72000122070312, -99.19000244140625, -64.13999938964844], "y_true_oi": [-56.68000030517578, -69.91999816894531, -69.02999877929688, -95.56999969482422, -51.11000061035156, -55.189998626708984, -81.12000274658203, -131.72999572753906, -133.8000030517578, -122.73999786376953, -213.75999450683594, -75.66999816894531, -102.47000122070312, -110.75, -59.880001068115234, -99.43000030517578, -101.62000274658203, -94.55000305175781, -102.47000122070312, -61.779998779296875, -114.48999786376953, -58.220001220703125, -49.2400016784668, -54.52000045776367, -42.22999954223633, -90.69000244140625, -56.56999969482422, -80.5199966430664, -60.02000045776367, -60.13999938964844, -78.5999984741211, -69.5999984741211, -74.63999938964844, -78.56999969482422, -140.52000427246094, -55.130001068115234, -78.30000305175781, -100.22000122070312, -54.849998474121094, -43.77000045776367], "y_true_disp": [-1.3799999952316284, -1.649999976158142, -1.899999976158142, -3.6700000762939453, -1.2100000381469727, -1.6699999570846558, -3.140000104904175, -3.359999895095825, -0.9900000095367432, -2.509999990463257, -0.6499999761581421, -1.4900000095367432, -3.009999990463257, -1.4600000381469727, -1.7899999618530273, -3.069999933242798, -1.5099999904632568, -1.4700000286102295, -1.3300000429153442, -1.9199999570846558, -1.4900000095367432, -1.6100000143051147, -1.1399999856948853, -1.8600000143051147, -1.3799999952316284, -3.509999990463257, -1.7599999904632568, -3.890000104904175, -1.659999966621399, -1.940000057220459, -1.7200000286102295, -1.7400000095367432, -1.9500000476837158, -1.2699999809265137, -2.390000104904175, -1.7300000190734863, -1.7000000476837158, -1.2799999713897705, -1.8899999856948853, -1.2799999713897705], "y_pred_strain": [9.213324546813965, 22.664146423339844, 18.497037887573242, 33.709049224853516, 10.90751838684082, 9.682439804077148, 26.479185104370117, 61.691131591796875, 34.259056091308594, 48.17092514038086, 65.6396484375, 18.665325164794922, 41.13810348510742, 27.190481185913086, 10.060222625732422, 32.57045364379883, 17.35394859313965, 14.739523887634277, 23.896724700927734, 13.149704933166504, 25.2468204498291, 9.133907318115234, 7.786002159118652, 8.375295639038086, 5.153323650360107, 44.915340423583984, 6.810624122619629, 30.045690536499023, 10.598095893859863, 14.334092140197754, 10.175166130065918, 17.4490909576416, 8.941883087158203, 25.202146530151367, 46.14601135253906, 5.183235168457031, 20.09604263305664, 17.788206100463867, 6.39150333404541, 5.667567253112793], "y_pred_Pauli": [87.75516510009766, 109.77786254882812, 112.14859008789062, 117.90926361083984, 83.1158218383789, 90.542724609375, 103.328857421875, 151.79818725585938, 188.06040954589844, 128.604248046875, 214.8678436279297, 104.6998291015625, 122.26190948486328, 159.77406311035156, 103.77738189697266, 119.2839584350586, 140.43203735351562, 140.05979919433594, 148.51620483398438, 100.92293548583984, 157.3483123779297, 94.35238647460938, 81.10651397705078, 102.49552917480469, 90.82762145996094, 121.15646362304688, 95.35958862304688, 107.37411499023438, 97.05177307128906, 101.72608947753906, 114.64136505126953, 112.59408569335938, 113.5621337890625, 113.90007019042969, 219.3256072998047, 88.01998138427734, 118.45877075195312, 141.34715270996094, 93.59671783447266, 79.19987487792969], "y_pred_elst": [-65.12958526611328, -93.2620620727539, -95.18303680419922, -80.64608764648438, -68.00936889648438, -76.29911804199219, -73.65768432617188, -97.74100494384766, -108.54658508300781, -84.9512939453125, -139.4335479736328, -73.54192352294922, -75.6554183959961, -106.96723175048828, -96.90205383300781, -75.32750701904297, -102.51358795166016, -93.6879653930664, -100.34187316894531, -93.6090087890625, -110.18915557861328, -77.83087158203125, -64.21704864501953, -98.8818359375, -88.6465835571289, -74.9722900390625, -98.16952514648438, -68.42935943603516, -78.86561584472656, -99.13827514648438, -86.5838623046875, -94.56465148925781, -78.95329284667969, -70.28323364257812, -168.95091247558594, -75.13951873779297, -75.59300994873047, -92.16908264160156, -93.22467803955078, -65.67070770263672],