{"arm": "xgb28_delta_family", "family": "qmrxn20_e2", "fold": 2, "member": 4, "n_train": 159, "n_test": 40, "reaction_ids": ["qmrxn20_e2_A_D_A_E_C_A", "qmrxn20_e2_C_E_A_D_B_A", "qmrxn20_e2_D_E_E_A_C_A", "qmrxn20_e2_E_C_C_E_C_C", "qmrxn20_e2_A_B_A_D_B_A", "qmrxn20_e2_D_D_D_A_C_A", "qmrxn20_e2_C_B_A_E_C_C", "qmrxn20_e2_A_A_B_E_C_D", "qmrxn20_e2_B_E_E_D_B_B", "qmrxn20_e2_C_E_A_B_C_C", "qmrxn20_e2_A_E_B_C_B_B", "qmrxn20_e2_E_A_D_A_B_A", "qmrxn20_e2_C_D_A_D_B_C", "qmrxn20_e2_C_E_D_E_B_B", "qmrxn20_e2_E_B_D_C_A_A", "qmrxn20_e2_D_B_E_A_B_C", "qmrxn20_e2_C_E_E_A_C_B", "qmrxn20_e2_C_C_A_D_A_B", "qmrxn20_e2_E_A_A_D_C_B", "qmrxn20_e2_E_D_B_D_B_A", "qmrxn20_e2_B_E_E_C_B_B", "qmrxn20_e2_A_D_E_E_C_A", "qmrxn20_e2_C_A_A_D_B_A", "qmrxn20_e2_C_E_C_D_B_A", "qmrxn20_e2_A_B_C_A_C_A", "qmrxn20_e2_D_A_D_D_B_C", "qmrxn20_e2_B_D_E_B_A_A", "qmrxn20_e2_C_D_E_D_C_C", "qmrxn20_e2_C_D_E_D_B_A", "qmrxn20_e2_E_B_C_D_B_A", "qmrxn20_e2_B_D_D_A_C_B", "qmrxn20_e2_E_D_C_A_B_A", "qmrxn20_e2_C_C_D_A_C_B", "qmrxn20_e2_C_A_A_E_A_A", "qmrxn20_e2_C_B_C_E_A_A", "qmrxn20_e2_B_D_D_D_B_A", "qmrxn20_e2_C_D_D_E_A_A", "qmrxn20_e2_A_B_D_E_B_B", "qmrxn20_e2_C_E_C_E_C_A", "qmrxn20_e2_C_A_D_A_C_A"], "y_true_strain": [11.590209007263184, 21.943492889404297, 17.301664352416992, 29.260852813720703, 6.34369421005249, 9.348048210144043, 24.084716796875, 70.49932098388672, 33.400272369384766, 35.791072845458984, 61.459293365478516, 19.6270694732666, 42.82820129394531, 30.847837448120117, 11.98961353302002, 43.047183990478516, 16.581920623779297, 17.38027572631836, 24.196863174438477, 17.57054901123047, 27.40752601623535, 3.909322738647461, 6.670325756072998, 7.5466532707214355, 7.018983364105225, 45.49599838256836, 7.065951824188232, 26.02767562866211, 10.535735130310059, 15.98751449584961, 9.325078964233398, 17.873546600341797, 9.770543098449707, 22.87519645690918, 32.559879302978516, 6.767421245574951, 19.867631912231445, 19.393054962158203, 4.105362892150879, 5.8139777183532715], "y_true_Pauli": [90.72000122070312, 111.12999725341797, 113.1500015258789, 117.91000366210938, 81.41000366210938, 91.7699966430664, 98.12999725341797, 151.57000732421875, 183.24000549316406, 132.97999572753906, 219.27999877929688, 113.0, 128.38999938964844, 159.33999633789062, 106.25, 124.19999694824219, 146.24000549316406, 136.9499969482422, 148.30999755859375, 104.80999755859375, 158.50999450683594, 95.7300033569336, 79.19000244140625, 100.81999969482422, 83.33999633789062, 122.72000122070312, 100.23999786376953, 106.12999725341797, 99.5999984741211, 108.77999877929688, 113.80000305175781, 111.26000213623047, 112.36000061035156, 110.26000213623047, 209.19000244140625, 94.16999816894531, 115.6500015258789, 140.75999450683594, 101.41999816894531, 75.68000030517578], "y_true_elst": [-67.86000061035156, -89.87000274658203, -94.72000122070312, -83.83000183105469, -64.80999755859375, -68.30000305175781, -65.5199966430664, -93.93000030517578, -110.9000015258789, -81.55999755859375, -137.2100067138672, -77.55999755859375, -76.66999816894531, -108.19999694824219, -94.91000366210938, -73.31999969482422, -109.19000244140625, -90.69999694824219, -97.7699966430664, -91.8499984741211, -115.31999969482422, -74.38999938964844, -60.95000076293945, -94.5999984741211, -85.05999755859375, -75.33999633789062, -97.44999694824219, -66.83999633789062, -79.83000183105469, -100.9800033569336, -80.44000244140625, -91.68000030517578, -81.86000061035156, -78.20999908447266, -154.24000549316406, -72.02999877929688, -76.95999908447266, -92.72000122070312, -99.19000244140625, -64.13999938964844], "y_true_oi": [-56.68000030517578, -69.91999816894531, -69.02999877929688, -95.56999969482422, -51.11000061035156, -55.189998626708984, -81.12000274658203, -131.72999572753906, -133.8000030517578, -122.73999786376953, -213.75999450683594, -75.66999816894531, -102.47000122070312, -110.75, -59.880001068115234, -99.43000030517578, -101.62000274658203, -94.55000305175781, -102.47000122070312, -61.779998779296875, -114.48999786376953, -58.220001220703125, -49.2400016784668, -54.52000045776367, -42.22999954223633, -90.69000244140625, -56.56999969482422, -80.5199966430664, -60.02000045776367, -60.13999938964844, -78.5999984741211, -69.5999984741211, -74.63999938964844, -78.56999969482422, -140.52000427246094, -55.130001068115234, -78.30000305175781, -100.22000122070312, -54.849998474121094, -43.77000045776367], "y_true_disp": [-1.3799999952316284, -1.649999976158142, -1.899999976158142, -3.6700000762939453, -1.2100000381469727, -1.6699999570846558, -3.140000104904175, -3.359999895095825, -0.9900000095367432, -2.509999990463257, -0.6499999761581421, -1.4900000095367432, -3.009999990463257, -1.4600000381469727, -1.7899999618530273, -3.069999933242798, -1.5099999904632568, -1.4700000286102295, -1.3300000429153442, -1.9199999570846558, -1.4900000095367432, -1.6100000143051147, -1.1399999856948853, -1.8600000143051147, -1.3799999952316284, -3.509999990463257, -1.7599999904632568, -3.890000104904175, -1.659999966621399, -1.940000057220459, -1.7200000286102295, -1.7400000095367432, -1.9500000476837158, -1.2699999809265137, -2.390000104904175, -1.7300000190734863, -1.7000000476837158, -1.2799999713897705, -1.8899999856948853, -1.2799999713897705], "y_pred_strain": [8.793729782104492, 22.319664001464844, 17.549814224243164, 33.678524017333984, 11.168426513671875, 9.341924667358398, 28.517187118530273, 61.053768157958984, 34.60491943359375, 51.20001220703125, 68.29753875732422, 18.730356216430664, 41.76301956176758, 27.140338897705078, 10.510042190551758, 34.688358306884766, 16.888145446777344, 14.229177474975586, 23.836448669433594, 13.226970672607422, 25.522563934326172, 8.600685119628906, 7.912930011749268, 8.133647918701172, 5.4635539054870605, 44.8622932434082, 6.681138038635254, 30.6967716217041, 10.555302619934082, 13.767801284790039, 10.006701469421387, 18.68973159790039, 8.13144588470459, 24.961576461791992, 47.590843200683594, 5.201228141784668, 19.53931427001953, 18.468631744384766, 6.03620719909668, 5.478316307067871], "y_pred_Pauli": [87.00648498535156, 110.71965789794922, 115.25728607177734, 123.251220703125, 78.54964447021484, 88.49578857421875, 104.95209503173828, 144.92567443847656, 189.6776885986328, 130.37728881835938, 214.07315063476562, 106.08562469482422, 125.1069107055664, 163.78677368164062, 105.69535827636719, 123.05178833007812, 142.8453826904297, 148.4751434326172, 150.24810791015625, 99.32196807861328, 161.41844177246094, 97.27386474609375, 80.64254760742188, 111.80502319335938, 86.5281982421875, 120.93585205078125, 94.85161590576172, 109.61692810058594, 100.400146484375, 108.04994201660156, 110.13741302490234, 115.0239486694336, 114.62120056152344, 121.34228515625, 216.56280517578125, 84.66071319580078, 122.71320343017578, 141.1351776123047, 91.731201171875, 77.75106811523438], "y_pred_elst": [-64.65069580078125, -94.22663116455078, -98.9333724975586, -85.22048950195312, -62.36693572998047, -74.32059478759766, -72.57743835449219, -90.38021850585938, -109.36695861816406, -83.18586730957031, -135.21087646484375, -74.57328796386719, -77.41075897216797, -110.54218292236328, -97.95674133300781, -76.27377319335938, -105.0669174194336, -101.77863311767578, -101.77437591552734, -91.39360046386719, -113.38892364501953, -81.03062438964844, -63.26598358154297, -107.54507446289062, -83.1561508178711, -74.55184173583984, -97.4397964477539, -69.53889465332031, -81.86923217773438, -105.3945083618164, -81.4316177368164, -95.264404296875, -80.5082015991211, -77.2066421508789, -164.05545043945312, -71.18816375732422, -79.87974548339844, -90.98506164550781, -91.32766723632812, -64.15470886230469],