{"arm": "xgb28_delta_family", "family": "qmrxn20_e2", "fold": 2, "member": 1, "n_train": 159, "n_test": 40, "reaction_ids": ["qmrxn20_e2_A_D_A_E_C_A", "qmrxn20_e2_C_E_A_D_B_A", "qmrxn20_e2_D_E_E_A_C_A", "qmrxn20_e2_E_C_C_E_C_C", "qmrxn20_e2_A_B_A_D_B_A", "qmrxn20_e2_D_D_D_A_C_A", "qmrxn20_e2_C_B_A_E_C_C", "qmrxn20_e2_A_A_B_E_C_D", "qmrxn20_e2_B_E_E_D_B_B", "qmrxn20_e2_C_E_A_B_C_C", "qmrxn20_e2_A_E_B_C_B_B", "qmrxn20_e2_E_A_D_A_B_A", "qmrxn20_e2_C_D_A_D_B_C", "qmrxn20_e2_C_E_D_E_B_B", "qmrxn20_e2_E_B_D_C_A_A", "qmrxn20_e2_D_B_E_A_B_C", "qmrxn20_e2_C_E_E_A_C_B", "qmrxn20_e2_C_C_A_D_A_B", "qmrxn20_e2_E_A_A_D_C_B", "qmrxn20_e2_E_D_B_D_B_A", "qmrxn20_e2_B_E_E_C_B_B", "qmrxn20_e2_A_D_E_E_C_A", "qmrxn20_e2_C_A_A_D_B_A", "qmrxn20_e2_C_E_C_D_B_A", "qmrxn20_e2_A_B_C_A_C_A", "qmrxn20_e2_D_A_D_D_B_C", "qmrxn20_e2_B_D_E_B_A_A", "qmrxn20_e2_C_D_E_D_C_C", "qmrxn20_e2_C_D_E_D_B_A", "qmrxn20_e2_E_B_C_D_B_A", "qmrxn20_e2_B_D_D_A_C_B", "qmrxn20_e2_E_D_C_A_B_A", "qmrxn20_e2_C_C_D_A_C_B", "qmrxn20_e2_C_A_A_E_A_A", "qmrxn20_e2_C_B_C_E_A_A", "qmrxn20_e2_B_D_D_D_B_A", "qmrxn20_e2_C_D_D_E_A_A", "qmrxn20_e2_A_B_D_E_B_B", "qmrxn20_e2_C_E_C_E_C_A", "qmrxn20_e2_C_A_D_A_C_A"], "y_true_strain": [11.590209007263184, 21.943492889404297, 17.301664352416992, 29.260852813720703, 6.34369421005249, 9.348048210144043, 24.084716796875, 70.49932098388672, 33.400272369384766, 35.791072845458984, 61.459293365478516, 19.6270694732666, 42.82820129394531, 30.847837448120117, 11.98961353302002, 43.047183990478516, 16.581920623779297, 17.38027572631836, 24.196863174438477, 17.57054901123047, 27.40752601623535, 3.909322738647461, 6.670325756072998, 7.5466532707214355, 7.018983364105225, 45.49599838256836, 7.065951824188232, 26.02767562866211, 10.535735130310059, 15.98751449584961, 9.325078964233398, 17.873546600341797, 9.770543098449707, 22.87519645690918, 32.559879302978516, 6.767421245574951, 19.867631912231445, 19.393054962158203, 4.105362892150879, 5.8139777183532715], "y_true_Pauli": [90.72000122070312, 111.12999725341797, 113.1500015258789, 117.91000366210938, 81.41000366210938, 91.7699966430664, 98.12999725341797, 151.57000732421875, 183.24000549316406, 132.97999572753906, 219.27999877929688, 113.0, 128.38999938964844, 159.33999633789062, 106.25, 124.19999694824219, 146.24000549316406, 136.9499969482422, 148.30999755859375, 104.80999755859375, 158.50999450683594, 95.7300033569336, 79.19000244140625, 100.81999969482422, 83.33999633789062, 122.72000122070312, 100.23999786376953, 106.12999725341797, 99.5999984741211, 108.77999877929688, 113.80000305175781, 111.26000213623047, 112.36000061035156, 110.26000213623047, 209.19000244140625, 94.16999816894531, 115.6500015258789, 140.75999450683594, 101.41999816894531, 75.68000030517578], "y_true_elst": [-67.86000061035156, -89.87000274658203, -94.72000122070312, -83.83000183105469, -64.80999755859375, -68.30000305175781, -65.5199966430664, -93.93000030517578, -110.9000015258789, -81.55999755859375, -137.2100067138672, -77.55999755859375, -76.66999816894531, -108.19999694824219, -94.91000366210938, -73.31999969482422, -109.19000244140625, -90.69999694824219, -97.7699966430664, -91.8499984741211, -115.31999969482422, -74.38999938964844, -60.95000076293945, -94.5999984741211, -85.05999755859375, -75.33999633789062, -97.44999694824219, -66.83999633789062, -79.83000183105469, -100.9800033569336, -80.44000244140625, -91.68000030517578, -81.86000061035156, -78.20999908447266, -154.24000549316406, -72.02999877929688, -76.95999908447266, -92.72000122070312, -99.19000244140625, -64.13999938964844], "y_true_oi": [-56.68000030517578, -69.91999816894531, -69.02999877929688, -95.56999969482422, -51.11000061035156, -55.189998626708984, -81.12000274658203, -131.72999572753906, -133.8000030517578, -122.73999786376953, -213.75999450683594, -75.66999816894531, -102.47000122070312, -110.75, -59.880001068115234, -99.43000030517578, -101.62000274658203, -94.55000305175781, -102.47000122070312, -61.779998779296875, -114.48999786376953, -58.220001220703125, -49.2400016784668, -54.52000045776367, -42.22999954223633, -90.69000244140625, -56.56999969482422, -80.5199966430664, -60.02000045776367, -60.13999938964844, -78.5999984741211, -69.5999984741211, -74.63999938964844, -78.56999969482422, -140.52000427246094, -55.130001068115234, -78.30000305175781, -100.22000122070312, -54.849998474121094, -43.77000045776367], "y_true_disp": [-1.3799999952316284, -1.649999976158142, -1.899999976158142, -3.6700000762939453, -1.2100000381469727, -1.6699999570846558, -3.140000104904175, -3.359999895095825, -0.9900000095367432, -2.509999990463257, -0.6499999761581421, -1.4900000095367432, -3.009999990463257, -1.4600000381469727, -1.7899999618530273, -3.069999933242798, -1.5099999904632568, -1.4700000286102295, -1.3300000429153442, -1.9199999570846558, -1.4900000095367432, -1.6100000143051147, -1.1399999856948853, -1.8600000143051147, -1.3799999952316284, -3.509999990463257, -1.7599999904632568, -3.890000104904175, -1.659999966621399, -1.940000057220459, -1.7200000286102295, -1.7400000095367432, -1.9500000476837158, -1.2699999809265137, -2.390000104904175, -1.7300000190734863, -1.7000000476837158, -1.2799999713897705, -1.8899999856948853, -1.2799999713897705], "y_pred_strain": [9.098910331726074, 22.579113006591797, 18.357667922973633, 33.63258361816406, 10.945991516113281, 9.616047859191895, 26.460281372070312, 61.67235565185547, 34.27495193481445, 48.168174743652344, 65.71905517578125, 18.593008041381836, 41.132469177246094, 27.12533187866211, 10.045022964477539, 32.58064270019531, 17.28101348876953, 14.745828628540039, 23.865537643432617, 13.100703239440918, 25.244762420654297, 8.996899604797363, 7.765736103057861, 8.300786018371582, 5.1739983558654785, 44.893943786621094, 6.823907852172852, 29.95383644104004, 10.514148712158203, 14.305636405944824, 10.177680969238281, 17.406240463256836, 8.913450241088867, 25.167436599731445, 46.10190963745117, 5.162145614624023, 20.023807525634766, 17.81409454345703, 6.268194675445557, 5.627187252044678], "y_pred_Pauli": [87.75627136230469, 109.79682159423828, 112.19845581054688, 117.90727996826172, 82.9615707397461, 90.50740814208984, 103.2357177734375, 151.76283264160156, 188.02029418945312, 128.5025634765625, 214.57533264160156, 104.63934326171875, 122.20464324951172, 159.90997314453125, 103.84973907470703, 119.18657684326172, 140.49668884277344, 140.08651733398438, 148.53924560546875, 100.98651885986328, 157.30892944335938, 94.40790557861328, 81.11053466796875, 102.53382873535156, 90.71805572509766, 121.16545104980469, 95.31927490234375, 107.48371887207031, 97.146484375, 101.71821594238281, 114.60430908203125, 112.55162811279297, 113.55658721923828, 113.97161865234375, 219.36489868164062, 88.03742980957031, 118.63591766357422, 141.2666473388672, 93.68017578125, 79.17996978759766], "y_pred_elst": [-65.16474914550781, -93.2887954711914, -95.26579284667969, -80.66261291503906, -67.84233856201172, -76.27554321289062, -73.57521057128906, -97.68514251708984, -108.48323822021484, -84.86175537109375, -139.15615844726562, -73.52430725097656, -75.58326721191406, -107.04967498779297, -96.92354583740234, -75.21610260009766, -102.56584930419922, -93.6748275756836, -100.33428955078125, -93.63180541992188, -110.13733673095703, -77.91837310791016, -64.18997192382812, -98.91864776611328, -88.52745056152344, -74.93885040283203, -98.09922790527344, -68.50230407714844, -78.9310302734375, -99.1175537109375, -86.51062774658203, -94.53617095947266, -78.93589782714844, -70.30558776855469, -168.96475219726562, -75.11143493652344, -75.69812774658203, -92.06356048583984, -93.30731201171875, -65.64351654052734],