{"arm": "xgb28_delta_family", "family": "qmrxn20_e2", "fold": 2, "member": 2, "n_train": 159, "n_test": 40, "reaction_ids": ["qmrxn20_e2_A_D_A_E_C_A", "qmrxn20_e2_C_E_A_D_B_A", "qmrxn20_e2_D_E_E_A_C_A", "qmrxn20_e2_E_C_C_E_C_C", "qmrxn20_e2_A_B_A_D_B_A", "qmrxn20_e2_D_D_D_A_C_A", "qmrxn20_e2_C_B_A_E_C_C", "qmrxn20_e2_A_A_B_E_C_D", "qmrxn20_e2_B_E_E_D_B_B", "qmrxn20_e2_C_E_A_B_C_C", "qmrxn20_e2_A_E_B_C_B_B", "qmrxn20_e2_E_A_D_A_B_A", "qmrxn20_e2_C_D_A_D_B_C", "qmrxn20_e2_C_E_D_E_B_B", "qmrxn20_e2_E_B_D_C_A_A", "qmrxn20_e2_D_B_E_A_B_C", "qmrxn20_e2_C_E_E_A_C_B", "qmrxn20_e2_C_C_A_D_A_B", "qmrxn20_e2_E_A_A_D_C_B", "qmrxn20_e2_E_D_B_D_B_A", "qmrxn20_e2_B_E_E_C_B_B", "qmrxn20_e2_A_D_E_E_C_A", "qmrxn20_e2_C_A_A_D_B_A", "qmrxn20_e2_C_E_C_D_B_A", "qmrxn20_e2_A_B_C_A_C_A", "qmrxn20_e2_D_A_D_D_B_C", "qmrxn20_e2_B_D_E_B_A_A", "qmrxn20_e2_C_D_E_D_C_C", "qmrxn20_e2_C_D_E_D_B_A", "qmrxn20_e2_E_B_C_D_B_A", "qmrxn20_e2_B_D_D_A_C_B", "qmrxn20_e2_E_D_C_A_B_A", "qmrxn20_e2_C_C_D_A_C_B", "qmrxn20_e2_C_A_A_E_A_A", "qmrxn20_e2_C_B_C_E_A_A", "qmrxn20_e2_B_D_D_D_B_A", "qmrxn20_e2_C_D_D_E_A_A", "qmrxn20_e2_A_B_D_E_B_B", "qmrxn20_e2_C_E_C_E_C_A", "qmrxn20_e2_C_A_D_A_C_A"], "y_true_strain": [11.590209007263184, 21.943492889404297, 17.301664352416992, 29.260852813720703, 6.34369421005249, 9.348048210144043, 24.084716796875, 70.49932098388672, 33.400272369384766, 35.791072845458984, 61.459293365478516, 19.6270694732666, 42.82820129394531, 30.847837448120117, 11.98961353302002, 43.047183990478516, 16.581920623779297, 17.38027572631836, 24.196863174438477, 17.57054901123047, 27.40752601623535, 3.909322738647461, 6.670325756072998, 7.5466532707214355, 7.018983364105225, 45.49599838256836, 7.065951824188232, 26.02767562866211, 10.535735130310059, 15.98751449584961, 9.325078964233398, 17.873546600341797, 9.770543098449707, 22.87519645690918, 32.559879302978516, 6.767421245574951, 19.867631912231445, 19.393054962158203, 4.105362892150879, 5.8139777183532715], "y_true_Pauli": [90.72000122070312, 111.12999725341797, 113.1500015258789, 117.91000366210938, 81.41000366210938, 91.7699966430664, 98.12999725341797, 151.57000732421875, 183.24000549316406, 132.97999572753906, 219.27999877929688, 113.0, 128.38999938964844, 159.33999633789062, 106.25, 124.19999694824219, 146.24000549316406, 136.9499969482422, 148.30999755859375, 104.80999755859375, 158.50999450683594, 95.7300033569336, 79.19000244140625, 100.81999969482422, 83.33999633789062, 122.72000122070312, 100.23999786376953, 106.12999725341797, 99.5999984741211, 108.77999877929688, 113.80000305175781, 111.26000213623047, 112.36000061035156, 110.26000213623047, 209.19000244140625, 94.16999816894531, 115.6500015258789, 140.75999450683594, 101.41999816894531, 75.68000030517578], "y_true_elst": [-67.86000061035156, -89.87000274658203, -94.72000122070312, -83.83000183105469, -64.80999755859375, -68.30000305175781, -65.5199966430664, -93.93000030517578, -110.9000015258789, -81.55999755859375, -137.2100067138672, -77.55999755859375, -76.66999816894531, -108.19999694824219, -94.91000366210938, -73.31999969482422, -109.19000244140625, -90.69999694824219, -97.7699966430664, -91.8499984741211, -115.31999969482422, -74.38999938964844, -60.95000076293945, -94.5999984741211, -85.05999755859375, -75.33999633789062, -97.44999694824219, -66.83999633789062, -79.83000183105469, -100.9800033569336, -80.44000244140625, -91.68000030517578, -81.86000061035156, -78.20999908447266, -154.24000549316406, -72.02999877929688, -76.95999908447266, -92.72000122070312, -99.19000244140625, -64.13999938964844], "y_true_oi": [-56.68000030517578, -69.91999816894531, -69.02999877929688, -95.56999969482422, -51.11000061035156, -55.189998626708984, -81.12000274658203, -131.72999572753906, -133.8000030517578, -122.73999786376953, -213.75999450683594, -75.66999816894531, -102.47000122070312, -110.75, -59.880001068115234, -99.43000030517578, -101.62000274658203, -94.55000305175781, -102.47000122070312, -61.779998779296875, -114.48999786376953, -58.220001220703125, -49.2400016784668, -54.52000045776367, -42.22999954223633, -90.69000244140625, -56.56999969482422, -80.5199966430664, -60.02000045776367, -60.13999938964844, -78.5999984741211, -69.5999984741211, -74.63999938964844, -78.56999969482422, -140.52000427246094, -55.130001068115234, -78.30000305175781, -100.22000122070312, -54.849998474121094, -43.77000045776367], "y_true_disp": [-1.3799999952316284, -1.649999976158142, -1.899999976158142, -3.6700000762939453, -1.2100000381469727, -1.6699999570846558, -3.140000104904175, -3.359999895095825, -0.9900000095367432, -2.509999990463257, -0.6499999761581421, -1.4900000095367432, -3.009999990463257, -1.4600000381469727, -1.7899999618530273, -3.069999933242798, -1.5099999904632568, -1.4700000286102295, -1.3300000429153442, -1.9199999570846558, -1.4900000095367432, -1.6100000143051147, -1.1399999856948853, -1.8600000143051147, -1.3799999952316284, -3.509999990463257, -1.7599999904632568, -3.890000104904175, -1.659999966621399, -1.940000057220459, -1.7200000286102295, -1.7400000095367432, -1.9500000476837158, -1.2699999809265137, -2.390000104904175, -1.7300000190734863, -1.7000000476837158, -1.2799999713897705, -1.8899999856948853, -1.2799999713897705], "y_pred_strain": [9.216751098632812, 22.6646785736084, 18.488872528076172, 33.70751190185547, 10.94731330871582, 9.680874824523926, 26.496410369873047, 61.717323303222656, 34.28078079223633, 48.190101623535156, 65.66778564453125, 18.673465728759766, 41.148921966552734, 27.196901321411133, 10.079943656921387, 32.59394073486328, 17.360349655151367, 14.765010833740234, 23.918394088745117, 13.160589218139648, 25.265522003173828, 9.128189086914062, 7.809080600738525, 8.372589111328125, 5.189798831939697, 44.92671585083008, 6.837900638580322, 30.043188095092773, 10.596060752868652, 14.34546184539795, 10.203701972961426, 17.45119857788086, 8.954168319702148, 25.227785110473633, 46.160091400146484, 5.199870586395264, 20.102529525756836, 17.818851470947266, 6.386471748352051, 5.683758735656738], "y_pred_Pauli": [87.56232452392578, 109.69121551513672, 111.95682525634766, 117.81795501708984, 83.15653991699219, 90.48699951171875, 103.28048706054688, 151.78782653808594, 188.14260864257812, 128.58084106445312, 214.93695068359375, 104.55170440673828, 122.32626342773438, 159.8170166015625, 103.86909484863281, 119.32030487060547, 140.3775634765625, 140.15306091308594, 148.52976989746094, 100.95035552978516, 157.37754821777344, 94.15751647949219, 81.13887786865234, 102.45561981201172, 90.83902740478516, 121.24325561523438, 95.42610168457031, 107.3663101196289, 97.0467300415039, 101.73727416992188, 114.69235229492188, 112.56715393066406, 113.5659408569336, 113.93006896972656, 219.31390380859375, 88.0895767211914, 118.53025817871094, 141.41586303710938, 93.46890258789062, 79.16763305664062], "y_pred_elst": [-65.08683776855469, -93.27674865722656, -95.1701889038086, -80.65948486328125, -68.00481414794922, -76.33460998535156, -73.6498031616211, -97.73773193359375, -108.60569763183594, -84.95217895507812, -139.46951293945312, -73.50904846191406, -75.72785186767578, -107.03288269042969, -96.97087097167969, -75.35913848876953, -102.52417755126953, -93.73900604248047, -100.36103820800781, -93.65975189208984, -110.21935272216797, -77.80944061279297, -64.24227142333984, -98.9234619140625, -88.62774658203125, -75.05806732177734, -98.20601654052734, -68.49087524414062, -78.92707824707031, -99.17704010009766, -86.60749816894531, -94.60588836669922, -78.9787826538086, -70.30126190185547, -168.96588134765625, -75.20279693603516, -75.67695617675781, -92.20024871826172, -93.22945404052734, -65.67413330078125],