{"arm": "xgb28_delta_family", "family": "qmrxn20_e2", "fold": 2, "member": 0, "n_train": 159, "n_test": 40, "reaction_ids": ["qmrxn20_e2_A_D_A_E_C_A", "qmrxn20_e2_C_E_A_D_B_A", "qmrxn20_e2_D_E_E_A_C_A", "qmrxn20_e2_E_C_C_E_C_C", "qmrxn20_e2_A_B_A_D_B_A", "qmrxn20_e2_D_D_D_A_C_A", "qmrxn20_e2_C_B_A_E_C_C", "qmrxn20_e2_A_A_B_E_C_D", "qmrxn20_e2_B_E_E_D_B_B", "qmrxn20_e2_C_E_A_B_C_C", "qmrxn20_e2_A_E_B_C_B_B", "qmrxn20_e2_E_A_D_A_B_A", "qmrxn20_e2_C_D_A_D_B_C", "qmrxn20_e2_C_E_D_E_B_B", "qmrxn20_e2_E_B_D_C_A_A", "qmrxn20_e2_D_B_E_A_B_C", "qmrxn20_e2_C_E_E_A_C_B", "qmrxn20_e2_C_C_A_D_A_B", "qmrxn20_e2_E_A_A_D_C_B", "qmrxn20_e2_E_D_B_D_B_A", "qmrxn20_e2_B_E_E_C_B_B", "qmrxn20_e2_A_D_E_E_C_A", "qmrxn20_e2_C_A_A_D_B_A", "qmrxn20_e2_C_E_C_D_B_A", "qmrxn20_e2_A_B_C_A_C_A", "qmrxn20_e2_D_A_D_D_B_C", "qmrxn20_e2_B_D_E_B_A_A", "qmrxn20_e2_C_D_E_D_C_C", "qmrxn20_e2_C_D_E_D_B_A", "qmrxn20_e2_E_B_C_D_B_A", "qmrxn20_e2_B_D_D_A_C_B", "qmrxn20_e2_E_D_C_A_B_A", "qmrxn20_e2_C_C_D_A_C_B", "qmrxn20_e2_C_A_A_E_A_A", "qmrxn20_e2_C_B_C_E_A_A", "qmrxn20_e2_B_D_D_D_B_A", "qmrxn20_e2_C_D_D_E_A_A", "qmrxn20_e2_A_B_D_E_B_B", "qmrxn20_e2_C_E_C_E_C_A", "qmrxn20_e2_C_A_D_A_C_A"], "y_true_strain": [11.590209007263184, 21.943492889404297, 17.301664352416992, 29.260852813720703, 6.34369421005249, 9.348048210144043, 24.084716796875, 70.49932098388672, 33.400272369384766, 35.791072845458984, 61.459293365478516, 19.6270694732666, 42.82820129394531, 30.847837448120117, 11.98961353302002, 43.047183990478516, 16.581920623779297, 17.38027572631836, 24.196863174438477, 17.57054901123047, 27.40752601623535, 3.909322738647461, 6.670325756072998, 7.5466532707214355, 7.018983364105225, 45.49599838256836, 7.065951824188232, 26.02767562866211, 10.535735130310059, 15.98751449584961, 9.325078964233398, 17.873546600341797, 9.770543098449707, 22.87519645690918, 32.559879302978516, 6.767421245574951, 19.867631912231445, 19.393054962158203, 4.105362892150879, 5.8139777183532715], "y_true_Pauli": [90.72000122070312, 111.12999725341797, 113.1500015258789, 117.91000366210938, 81.41000366210938, 91.7699966430664, 98.12999725341797, 151.57000732421875, 183.24000549316406, 132.97999572753906, 219.27999877929688, 113.0, 128.38999938964844, 159.33999633789062, 106.25, 124.19999694824219, 146.24000549316406, 136.9499969482422, 148.30999755859375, 104.80999755859375, 158.50999450683594, 95.7300033569336, 79.19000244140625, 100.81999969482422, 83.33999633789062, 122.72000122070312, 100.23999786376953, 106.12999725341797, 99.5999984741211, 108.77999877929688, 113.80000305175781, 111.26000213623047, 112.36000061035156, 110.26000213623047, 209.19000244140625, 94.16999816894531, 115.6500015258789, 140.75999450683594, 101.41999816894531, 75.68000030517578], "y_true_elst": [-67.86000061035156, -89.87000274658203, -94.72000122070312, -83.83000183105469, -64.80999755859375, -68.30000305175781, -65.5199966430664, -93.93000030517578, -110.9000015258789, -81.55999755859375, -137.2100067138672, -77.55999755859375, -76.66999816894531, -108.19999694824219, -94.91000366210938, -73.31999969482422, -109.19000244140625, -90.69999694824219, -97.7699966430664, -91.8499984741211, -115.31999969482422, -74.38999938964844, -60.95000076293945, -94.5999984741211, -85.05999755859375, -75.33999633789062, -97.44999694824219, -66.83999633789062, -79.83000183105469, -100.9800033569336, -80.44000244140625, -91.68000030517578, -81.86000061035156, -78.20999908447266, -154.24000549316406, -72.02999877929688, -76.95999908447266, -92.72000122070312, -99.19000244140625, -64.13999938964844], "y_true_oi": [-56.68000030517578, -69.91999816894531, -69.02999877929688, -95.56999969482422, -51.11000061035156, -55.189998626708984, -81.12000274658203, -131.72999572753906, -133.8000030517578, -122.73999786376953, -213.75999450683594, -75.66999816894531, -102.47000122070312, -110.75, -59.880001068115234, -99.43000030517578, -101.62000274658203, -94.55000305175781, -102.47000122070312, -61.779998779296875, -114.48999786376953, -58.220001220703125, -49.2400016784668, -54.52000045776367, -42.22999954223633, -90.69000244140625, -56.56999969482422, -80.5199966430664, -60.02000045776367, -60.13999938964844, -78.5999984741211, -69.5999984741211, -74.63999938964844, -78.56999969482422, -140.52000427246094, -55.130001068115234, -78.30000305175781, -100.22000122070312, -54.849998474121094, -43.77000045776367], "y_true_disp": [-1.3799999952316284, -1.649999976158142, -1.899999976158142, -3.6700000762939453, -1.2100000381469727, -1.6699999570846558, -3.140000104904175, -3.359999895095825, -0.9900000095367432, -2.509999990463257, -0.6499999761581421, -1.4900000095367432, -3.009999990463257, -1.4600000381469727, -1.7899999618530273, -3.069999933242798, -1.5099999904632568, -1.4700000286102295, -1.3300000429153442, -1.9199999570846558, -1.4900000095367432, -1.6100000143051147, -1.1399999856948853, -1.8600000143051147, -1.3799999952316284, -3.509999990463257, -1.7599999904632568, -3.890000104904175, -1.659999966621399, -1.940000057220459, -1.7200000286102295, -1.7400000095367432, -1.9500000476837158, -1.2699999809265137, -2.390000104904175, -1.7300000190734863, -1.7000000476837158, -1.2799999713897705, -1.8899999856948853, -1.2799999713897705], "y_pred_strain": [9.332283973693848, 22.48025131225586, 18.27717399597168, 32.553260803222656, 10.935009002685547, 9.305256843566895, 26.328935623168945, 60.52153396606445, 34.648277282714844, 48.18016815185547, 66.43315887451172, 18.50223159790039, 41.61978530883789, 27.48012351989746, 10.222428321838379, 32.80503463745117, 17.403961181640625, 14.892034530639648, 23.95815658569336, 12.999490737915039, 25.226974487304688, 8.378681182861328, 7.876378536224365, 8.423457145690918, 5.255017280578613, 45.2601203918457, 6.7689409255981445, 30.773521423339844, 11.07693862915039, 13.830843925476074, 9.997968673706055, 16.971742630004883, 8.384099960327148, 24.827051162719727, 45.71566390991211, 4.933945655822754, 19.9427547454834, 18.1744327545166, 5.851980686187744, 5.820772171020508], "y_pred_Pauli": [87.45718383789062, 109.58064270019531, 111.83283233642578, 117.75128173828125, 83.14994812011719, 90.38300323486328, 103.21078491210938, 151.8159942626953, 188.01815795898438, 128.4661865234375, 214.66461181640625, 104.50223541259766, 121.9813461303711, 159.6764373779297, 103.79624938964844, 119.1570053100586, 140.31289672851562, 140.08831787109375, 148.4886932373047, 100.88290405273438, 157.34469604492188, 94.13431549072266, 81.06883239746094, 102.26615142822266, 90.80695343017578, 120.85388946533203, 95.4178466796875, 106.91165161132812, 96.74054718017578, 101.73153686523438, 114.70697021484375, 112.4974594116211, 113.55801391601562, 113.9790267944336, 219.3103485107422, 88.04560852050781, 118.43653869628906, 141.30923461914062, 93.4117660522461, 79.08045196533203], "y_pred_elst": [-64.80288696289062, -93.19095611572266, -95.08526611328125, -81.28187561035156, -67.93390655517578, -76.39655303955078, -73.58633422851562, -98.50938415527344, -108.1113510131836, -84.70747375488281, -138.46075439453125, -73.5002670288086, -74.82111358642578, -106.59416198730469, -96.71204376220703, -74.8929672241211, -102.35542297363281, -93.50067138671875, -100.22193145751953, -93.61766815185547, -110.13822937011719, -78.24280548095703, -64.03842163085938, -98.56090545654297, -88.46082305908203, -74.1626205444336, -98.17684173583984, -67.24861145019531, -78.09622955322266, -99.4681167602539, -86.71009826660156, -94.78478240966797, -79.30484008789062, -70.59320068359375, -169.20167541503906, -75.26654052734375, -75.60836029052734, -91.7311019897461, -93.46435546875, -65.40151977539062],