{
  "rxn_id": "f",
  "level": "ZORA-BLYP-D3(BJ)/TZ2P all-electron NOSYM Good (ADF)",
  "E_strain": 14.06293500875654,
  "E_Pauli": 147.91,
  "E_elstat": -68.03,
  "E_oi": -108.1,
  "E_disp": -7.08,
  "E_int": -35.3,
  "E_int_total_kcal": -35.3,
  "dE_frag_barrier_eda": -21.237064991243457,
  "E_A_TS_kcal": -763.5258616358948,
  "E_B_TS_kcal": -961.4106345443207,
  "E_A_relax_kcal": -770.1454077426669,
  "E_B_relax_kcal": -968.8540234463052,
  "dEprep_A_kcal": 6.619546106772077,
  "dEprep_B_kcal": 7.443388901984463
}