{"arm": "xgb28_delta_family", "family": "qmrxn20_sn2", "fold": 0, "member": 2, "n_train": 149, "n_test": 38, "reaction_ids": ["qmrxn20_sn2_E_C_C_E_A_B", "qmrxn20_sn2_C_D_D_D_B_C", "qmrxn20_sn2_A_A_C_C_C_D", "qmrxn20_sn2_B_E_C_E_A_C", "qmrxn20_sn2_E_D_E_A_A_A", "qmrxn20_sn2_A_C_C_B_B_B", "qmrxn20_sn2_B_C_A_E_A_A", "qmrxn20_sn2_C_D_B_D_A_B", "qmrxn20_sn2_D_D_B_E_A_B", "qmrxn20_sn2_A_D_B_A_A_D", "qmrxn20_sn2_C_A_E_A_A_C", "qmrxn20_sn2_B_A_E_A_B_C", "qmrxn20_sn2_C_E_D_D_A_A", "qmrxn20_sn2_E_E_D_C_A_B", "qmrxn20_sn2_A_C_A_B_A_C", "qmrxn20_sn2_E_A_B_C_A_A", "qmrxn20_sn2_E_B_A_D_B_B", "qmrxn20_sn2_B_A_E_D_B_B", "qmrxn20_sn2_A_D_B_C_B_A", "qmrxn20_sn2_A_E_D_C_C_B", "qmrxn20_sn2_A_E_D_C_A_B", "qmrxn20_sn2_E_C_E_E_C_D", "qmrxn20_sn2_A_A_C_E_A_C", "qmrxn20_sn2_A_C_B_E_A_B", "qmrxn20_sn2_E_D_C_A_B_A", "qmrxn20_sn2_A_D_D_B_C_D", "qmrxn20_sn2_E_A_B_A_B_A", "qmrxn20_sn2_C_A_B_A_B_C", "qmrxn20_sn2_A_D_A_C_B_C", "qmrxn20_sn2_A_A_B_E_B_B", "qmrxn20_sn2_A_C_E_B_A_A", "qmrxn20_sn2_E_C_E_E_A_D", "qmrxn20_sn2_A_E_B_D_C_A", "qmrxn20_sn2_D_A_A_B_A_D", "qmrxn20_sn2_A_A_C_D_C_A", "qmrxn20_sn2_D_B_D_E_B_D", "qmrxn20_sn2_B_E_A_C_A_C", "qmrxn20_sn2_C_C_D_A_A_A"], "y_true_strain": [34.98124313354492, 28.859851837158203, 16.539472579956055, 47.433223724365234, 32.461673736572266, 4.177053928375244, 3.4994993209838867, 27.381357192993164, 36.14492416381836, 57.154415130615234, 50.166015625, 21.51198959350586, 12.665892601013184, 32.404239654541016, 46.13909149169922, 5.717797756195068, 18.604557037353516, 16.11808967590332, 2.441859245300293, 11.606819152832031, 30.707683563232422, 8.104401588439941, 42.613670349121094, 29.090770721435547, 9.541797637939453, 25.225969314575195, 9.303528785705566, 25.395540237426758, 27.162111282348633, 4.838778495788574, 8.985882759094238, 44.99692916870117, 8.81613826751709, 50.117881774902344, 2.6408534049987793, 36.27309799194336, 58.19423294067383, 5.74302864074707], "y_true_Pauli": [185.2899932861328, 101.27999877929688, 89.70999908447266, 133.22000122070312, 154.1999969482422, 138.97000122070312, 184.5800018310547, 178.67999267578125, 167.22000122070312, 131.30999755859375, 145.80999755859375, 93.05000305175781, 174.47999572753906, 162.92999267578125, 144.1699981689453, 170.99000549316406, 135.25999450683594, 141.86000061035156, 139.02999877929688, 108.58999633789062, 156.6300048828125, 41.09000015258789, 117.5199966430664, 192.02000427246094, 123.88999938964844, 84.95999908447266, 110.01000213623047, 106.0, 90.02999877929688, 98.9000015258789, 160.92999267578125, 84.62000274658203, 110.45999908447266, 115.52999877929688, 89.83999633789062, 98.01000213623047, 143.50999450683594, 179.3300018310547], "y_true_elst": [-148.60000610351562, -72.44999694824219, -68.04000091552734, -102.83000183105469, -120.5999984741211, -118.66000366210938, -146.64999389648438, -133.35000610351562, -127.04000091552734, -90.76000213623047, -100.93000030517578, -68.80000305175781, -130.9499969482422, -125.05999755859375, -103.26000213623047, -140.55999755859375, -111.91000366210938, -112.5, -116.66000366210938, -95.41000366210938, -117.1500015258789, -43.68000030517578, -83.94999694824219, -148.41000366210938, -108.68000030517578, -64.55999755859375, -99.9000015258789, -83.69000244140625, -69.75, -78.66000366210938, -131.19000244140625, -65.5999984741211, -100.58000183105469, -81.62000274658203, -79.58999633789062, -71.26000213623047, -111.30999755859375, -138.02999877929688], "y_true_oi": [-103.04000091552734, -54.810001373291016, -56.310001373291016, -77.08999633789062, -60.36000061035156, -82.55999755859375, -87.06999969482422, -96.54000091552734, -86.8499984741211, -80.33999633789062, -91.38999938964844, -56.72999954223633, -77.23999786376953, -85.61000061035156, -94.47000122070312, -76.80000305175781, -70.94999694824219, -79.52999877929688, -62.08000183105469, -61.119998931884766, -86.4000015258789, -22.850000381469727, -76.83000183105469, -111.01000213623047, -45.18000030517578, -46.220001220703125, -48.31999969482422, -65.12000274658203, -51.90999984741211, -59.209999084472656, -75.66000366210938, -47.29999923706055, -47.2400016784668, -66.87000274658203, -44.43000030517578, -52.880001068115234, -85.02999877929688, -87.2300033569336], "y_true_disp": [-2.3399999141693115, -6.260000228881836, -5.78000020980835, -5.360000133514404, -2.4200000762939453, -2.0399999618530273, -2.4100000858306885, -2.640000104904175, -2.359999895095825, -4.639999866485596, -4.360000133514404, -4.489999771118164, -2.4600000381469727, -2.4200000762939453, -4.019999980926514, -2.190000057220459, -2.5199999809265137, -2.299999952316284, -2.240000009536743, -2.0299999713897705, -2.0899999141693115, -5.440000057220459, -3.200000047683716, -2.130000114440918, -2.390000104904175, -6.690000057220459, -1.7899999618530273, -4.739999771118164, -4.389999866485596, -1.6200000047683716, -2.2200000286102295, -5.739999771118164, -2.009999990463257, -5.570000171661377, -1.5199999809265137, -6.599999904632568, -5.090000152587891, -2.4100000858306885], "y_pred_strain": [34.50402069091797, 32.082237243652344, 14.137495040893555, 40.742801666259766, 27.67317008972168, 5.047942161560059, 7.563234806060791, 32.39079666137695, 36.29634094238281, 54.856300354003906, 45.8543815612793, 22.531700134277344, 15.506467819213867, 34.07451629638672, 46.50751876831055, 8.461295127868652, 17.878705978393555, 15.592765808105469, 1.6321465969085693, 8.41555404663086, 28.822229385375977, 21.203323364257812, 45.787376403808594, 32.76486587524414, 11.284193992614746, 20.000089645385742, 8.480226516723633, 26.379579544067383, 28.082426071166992, 5.777833938598633, 11.615516662597656, 40.889259338378906, 9.899947166442871, 50.00947570800781, 1.6412383317947388, 36.61322021484375, 52.14802932739258, 7.936288833618164], "y_pred_Pauli": [186.66615295410156, 116.39592742919922, 88.99906921386719, 136.12527465820312, 137.3068389892578, 135.48426818847656, 185.6468048095703, 185.4762420654297, 165.85842895507812, 131.45877075195312, 144.73538208007812, 94.74481201171875, 185.7768096923828, 173.59829711914062, 144.5641632080078, 166.69105529785156, 142.82601928710938, 139.3693084716797, 133.51748657226562, 113.8248519897461, 158.19532775878906, 64.31108093261719, 120.97418212890625, 183.5220184326172, 122.66604614257812, 93.69412994384766, 117.2325210571289, 108.1392593383789, 99.00852966308594, 97.00562286376953, 175.84906005859375, 99.11783599853516, 121.03369903564453, 112.27555084228516, 102.14091491699219, 110.37357330322266, 145.51727294921875, 178.59141540527344], "y_pred_elst": [-143.37698364257812, -79.21245574951172, -68.63264465332031, -100.20457458496094, -98.0604248046875, -112.90204620361328, -147.02308654785156, -144.511474609375, -121.26982879638672, -95.26317596435547, -106.93590545654297, -69.9743881225586, -141.89788818359375, -131.29537963867188, -111.67742919921875, -137.68548583984375, -120.74761962890625, -110.80558776855469, -112.280029296875, -95.52880859375, -120.58087921142578, -53.390811920166016, -91.59052276611328, -138.88548278808594, -104.2141342163086, -59.59823226928711, -96.38623809814453, -86.2143325805664, -66.76520538330078, -80.03021240234375, -147.7963409423828, -70.72573852539062, -116.09048461914062, -78.7714614868164, -86.7228012084961, -82.26006317138672, -115.37569427490234, -131.6301727294922],