{"arm": "xgb28_delta_family", "family": "qmrxn20_sn2", "fold": 0, "member": 4, "n_train": 149, "n_test": 38, "reaction_ids": ["qmrxn20_sn2_E_C_C_E_A_B", "qmrxn20_sn2_C_D_D_D_B_C", "qmrxn20_sn2_A_A_C_C_C_D", "qmrxn20_sn2_B_E_C_E_A_C", "qmrxn20_sn2_E_D_E_A_A_A", "qmrxn20_sn2_A_C_C_B_B_B", "qmrxn20_sn2_B_C_A_E_A_A", "qmrxn20_sn2_C_D_B_D_A_B", "qmrxn20_sn2_D_D_B_E_A_B", "qmrxn20_sn2_A_D_B_A_A_D", "qmrxn20_sn2_C_A_E_A_A_C", "qmrxn20_sn2_B_A_E_A_B_C", "qmrxn20_sn2_C_E_D_D_A_A", "qmrxn20_sn2_E_E_D_C_A_B", "qmrxn20_sn2_A_C_A_B_A_C", "qmrxn20_sn2_E_A_B_C_A_A", "qmrxn20_sn2_E_B_A_D_B_B", "qmrxn20_sn2_B_A_E_D_B_B", "qmrxn20_sn2_A_D_B_C_B_A", "qmrxn20_sn2_A_E_D_C_C_B", "qmrxn20_sn2_A_E_D_C_A_B", "qmrxn20_sn2_E_C_E_E_C_D", "qmrxn20_sn2_A_A_C_E_A_C", "qmrxn20_sn2_A_C_B_E_A_B", "qmrxn20_sn2_E_D_C_A_B_A", "qmrxn20_sn2_A_D_D_B_C_D", "qmrxn20_sn2_E_A_B_A_B_A", "qmrxn20_sn2_C_A_B_A_B_C", "qmrxn20_sn2_A_D_A_C_B_C", "qmrxn20_sn2_A_A_B_E_B_B", "qmrxn20_sn2_A_C_E_B_A_A", "qmrxn20_sn2_E_C_E_E_A_D", "qmrxn20_sn2_A_E_B_D_C_A", "qmrxn20_sn2_D_A_A_B_A_D", "qmrxn20_sn2_A_A_C_D_C_A", "qmrxn20_sn2_D_B_D_E_B_D", "qmrxn20_sn2_B_E_A_C_A_C", "qmrxn20_sn2_C_C_D_A_A_A"], "y_true_strain": [34.98124313354492, 28.859851837158203, 16.539472579956055, 47.433223724365234, 32.461673736572266, 4.177053928375244, 3.4994993209838867, 27.381357192993164, 36.14492416381836, 57.154415130615234, 50.166015625, 21.51198959350586, 12.665892601013184, 32.404239654541016, 46.13909149169922, 5.717797756195068, 18.604557037353516, 16.11808967590332, 2.441859245300293, 11.606819152832031, 30.707683563232422, 8.104401588439941, 42.613670349121094, 29.090770721435547, 9.541797637939453, 25.225969314575195, 9.303528785705566, 25.395540237426758, 27.162111282348633, 4.838778495788574, 8.985882759094238, 44.99692916870117, 8.81613826751709, 50.117881774902344, 2.6408534049987793, 36.27309799194336, 58.19423294067383, 5.74302864074707], "y_true_Pauli": [185.2899932861328, 101.27999877929688, 89.70999908447266, 133.22000122070312, 154.1999969482422, 138.97000122070312, 184.5800018310547, 178.67999267578125, 167.22000122070312, 131.30999755859375, 145.80999755859375, 93.05000305175781, 174.47999572753906, 162.92999267578125, 144.1699981689453, 170.99000549316406, 135.25999450683594, 141.86000061035156, 139.02999877929688, 108.58999633789062, 156.6300048828125, 41.09000015258789, 117.5199966430664, 192.02000427246094, 123.88999938964844, 84.95999908447266, 110.01000213623047, 106.0, 90.02999877929688, 98.9000015258789, 160.92999267578125, 84.62000274658203, 110.45999908447266, 115.52999877929688, 89.83999633789062, 98.01000213623047, 143.50999450683594, 179.3300018310547], "y_true_elst": [-148.60000610351562, -72.44999694824219, -68.04000091552734, -102.83000183105469, -120.5999984741211, -118.66000366210938, -146.64999389648438, -133.35000610351562, -127.04000091552734, -90.76000213623047, -100.93000030517578, -68.80000305175781, -130.9499969482422, -125.05999755859375, -103.26000213623047, -140.55999755859375, -111.91000366210938, -112.5, -116.66000366210938, -95.41000366210938, -117.1500015258789, -43.68000030517578, -83.94999694824219, -148.41000366210938, -108.68000030517578, -64.55999755859375, -99.9000015258789, -83.69000244140625, -69.75, -78.66000366210938, -131.19000244140625, -65.5999984741211, -100.58000183105469, -81.62000274658203, -79.58999633789062, -71.26000213623047, -111.30999755859375, -138.02999877929688], "y_true_oi": [-103.04000091552734, -54.810001373291016, -56.310001373291016, -77.08999633789062, -60.36000061035156, -82.55999755859375, -87.06999969482422, -96.54000091552734, -86.8499984741211, -80.33999633789062, -91.38999938964844, -56.72999954223633, -77.23999786376953, -85.61000061035156, -94.47000122070312, -76.80000305175781, -70.94999694824219, -79.52999877929688, -62.08000183105469, -61.119998931884766, -86.4000015258789, -22.850000381469727, -76.83000183105469, -111.01000213623047, -45.18000030517578, -46.220001220703125, -48.31999969482422, -65.12000274658203, -51.90999984741211, -59.209999084472656, -75.66000366210938, -47.29999923706055, -47.2400016784668, -66.87000274658203, -44.43000030517578, -52.880001068115234, -85.02999877929688, -87.2300033569336], "y_true_disp": [-2.3399999141693115, -6.260000228881836, -5.78000020980835, -5.360000133514404, -2.4200000762939453, -2.0399999618530273, -2.4100000858306885, -2.640000104904175, -2.359999895095825, -4.639999866485596, -4.360000133514404, -4.489999771118164, -2.4600000381469727, -2.4200000762939453, -4.019999980926514, -2.190000057220459, -2.5199999809265137, -2.299999952316284, -2.240000009536743, -2.0299999713897705, -2.0899999141693115, -5.440000057220459, -3.200000047683716, -2.130000114440918, -2.390000104904175, -6.690000057220459, -1.7899999618530273, -4.739999771118164, -4.389999866485596, -1.6200000047683716, -2.2200000286102295, -5.739999771118164, -2.009999990463257, -5.570000171661377, -1.5199999809265137, -6.599999904632568, -5.090000152587891, -2.4100000858306885], "y_pred_strain": [34.168434143066406, 31.911216735839844, 12.225211143493652, 39.14645004272461, 25.2027587890625, 3.404088258743286, 5.480105876922607, 29.070707321166992, 35.08730697631836, 54.48539352416992, 41.735450744628906, 21.385995864868164, 13.601282119750977, 31.838058471679688, 44.3913688659668, 7.284859657287598, 18.05324363708496, 15.892569541931152, 1.520111322402954, 7.7797722816467285, 27.53643226623535, 21.166915893554688, 42.34496307373047, 29.383190155029297, 11.555198669433594, 20.229732513427734, 8.361127853393555, 24.02219581604004, 28.470712661743164, 3.425957679748535, 8.43748664855957, 41.98253631591797, 11.123712539672852, 47.82255172729492, 1.3269684314727783, 35.96599578857422, 51.41259765625, 5.898720741271973], "y_pred_Pauli": [186.56961059570312, 113.28305053710938, 84.45372009277344, 130.71580505371094, 129.466796875, 134.24952697753906, 180.26416015625, 178.42613220214844, 164.08216857910156, 129.38528442382812, 136.90345764160156, 91.02076721191406, 178.63946533203125, 166.96060180664062, 140.2169189453125, 163.1857452392578, 141.96051025390625, 141.57701110839844, 133.7802276611328, 113.98918914794922, 155.43406677246094, 64.86637115478516, 114.83882904052734, 177.5271759033203, 121.71499633789062, 94.90969848632812, 115.44432830810547, 105.00562286376953, 100.1637954711914, 96.80110931396484, 168.738525390625, 101.27569580078125, 124.38123321533203, 107.68915557861328, 101.753662109375, 105.42638397216797, 141.29318237304688, 173.9227752685547], "y_pred_elst": [-143.76373291015625, -77.0999984741211, -63.673851013183594, -96.25985717773438, -92.07413482666016, -111.12966918945312, -142.8599395751953, -137.72265625, -120.1480941772461, -94.40121459960938, -99.35093688964844, -67.27394104003906, -136.80987548828125, -126.17610168457031, -108.00847625732422, -135.34849548339844, -121.02426147460938, -113.26947021484375, -112.77760314941406, -95.46565246582031, -118.6268081665039, -54.35832595825195, -85.22250366210938, -133.0352020263672, -104.5278091430664, -61.12882995605469, -95.92909240722656, -82.26593780517578, -68.2285385131836, -78.83244323730469, -141.47247314453125, -73.98932647705078, -120.15242004394531, -74.5064468383789, -86.54005432128906, -78.74065399169922, -112.64291381835938, -127.84908294677734],