{"arm": "xgb28_delta_family", "family": "qmrxn20_sn2", "fold": 0, "member": 3, "n_train": 149, "n_test": 38, "reaction_ids": ["qmrxn20_sn2_E_C_C_E_A_B", "qmrxn20_sn2_C_D_D_D_B_C", "qmrxn20_sn2_A_A_C_C_C_D", "qmrxn20_sn2_B_E_C_E_A_C", "qmrxn20_sn2_E_D_E_A_A_A", "qmrxn20_sn2_A_C_C_B_B_B", "qmrxn20_sn2_B_C_A_E_A_A", "qmrxn20_sn2_C_D_B_D_A_B", "qmrxn20_sn2_D_D_B_E_A_B", "qmrxn20_sn2_A_D_B_A_A_D", "qmrxn20_sn2_C_A_E_A_A_C", "qmrxn20_sn2_B_A_E_A_B_C", "qmrxn20_sn2_C_E_D_D_A_A", "qmrxn20_sn2_E_E_D_C_A_B", "qmrxn20_sn2_A_C_A_B_A_C", "qmrxn20_sn2_E_A_B_C_A_A", "qmrxn20_sn2_E_B_A_D_B_B", "qmrxn20_sn2_B_A_E_D_B_B", "qmrxn20_sn2_A_D_B_C_B_A", "qmrxn20_sn2_A_E_D_C_C_B", "qmrxn20_sn2_A_E_D_C_A_B", "qmrxn20_sn2_E_C_E_E_C_D", "qmrxn20_sn2_A_A_C_E_A_C", "qmrxn20_sn2_A_C_B_E_A_B", "qmrxn20_sn2_E_D_C_A_B_A", "qmrxn20_sn2_A_D_D_B_C_D", "qmrxn20_sn2_E_A_B_A_B_A", "qmrxn20_sn2_C_A_B_A_B_C", "qmrxn20_sn2_A_D_A_C_B_C", "qmrxn20_sn2_A_A_B_E_B_B", "qmrxn20_sn2_A_C_E_B_A_A", "qmrxn20_sn2_E_C_E_E_A_D", "qmrxn20_sn2_A_E_B_D_C_A", "qmrxn20_sn2_D_A_A_B_A_D", "qmrxn20_sn2_A_A_C_D_C_A", "qmrxn20_sn2_D_B_D_E_B_D", "qmrxn20_sn2_B_E_A_C_A_C", "qmrxn20_sn2_C_C_D_A_A_A"], "y_true_strain": [34.98124313354492, 28.859851837158203, 16.539472579956055, 47.433223724365234, 32.461673736572266, 4.177053928375244, 3.4994993209838867, 27.381357192993164, 36.14492416381836, 57.154415130615234, 50.166015625, 21.51198959350586, 12.665892601013184, 32.404239654541016, 46.13909149169922, 5.717797756195068, 18.604557037353516, 16.11808967590332, 2.441859245300293, 11.606819152832031, 30.707683563232422, 8.104401588439941, 42.613670349121094, 29.090770721435547, 9.541797637939453, 25.225969314575195, 9.303528785705566, 25.395540237426758, 27.162111282348633, 4.838778495788574, 8.985882759094238, 44.99692916870117, 8.81613826751709, 50.117881774902344, 2.6408534049987793, 36.27309799194336, 58.19423294067383, 5.74302864074707], "y_true_Pauli": [185.2899932861328, 101.27999877929688, 89.70999908447266, 133.22000122070312, 154.1999969482422, 138.97000122070312, 184.5800018310547, 178.67999267578125, 167.22000122070312, 131.30999755859375, 145.80999755859375, 93.05000305175781, 174.47999572753906, 162.92999267578125, 144.1699981689453, 170.99000549316406, 135.25999450683594, 141.86000061035156, 139.02999877929688, 108.58999633789062, 156.6300048828125, 41.09000015258789, 117.5199966430664, 192.02000427246094, 123.88999938964844, 84.95999908447266, 110.01000213623047, 106.0, 90.02999877929688, 98.9000015258789, 160.92999267578125, 84.62000274658203, 110.45999908447266, 115.52999877929688, 89.83999633789062, 98.01000213623047, 143.50999450683594, 179.3300018310547], "y_true_elst": [-148.60000610351562, -72.44999694824219, -68.04000091552734, -102.83000183105469, -120.5999984741211, -118.66000366210938, -146.64999389648438, -133.35000610351562, -127.04000091552734, -90.76000213623047, -100.93000030517578, -68.80000305175781, -130.9499969482422, -125.05999755859375, -103.26000213623047, -140.55999755859375, -111.91000366210938, -112.5, -116.66000366210938, -95.41000366210938, -117.1500015258789, -43.68000030517578, -83.94999694824219, -148.41000366210938, -108.68000030517578, -64.55999755859375, -99.9000015258789, -83.69000244140625, -69.75, -78.66000366210938, -131.19000244140625, -65.5999984741211, -100.58000183105469, -81.62000274658203, -79.58999633789062, -71.26000213623047, -111.30999755859375, -138.02999877929688], "y_true_oi": [-103.04000091552734, -54.810001373291016, -56.310001373291016, -77.08999633789062, -60.36000061035156, -82.55999755859375, -87.06999969482422, -96.54000091552734, -86.8499984741211, -80.33999633789062, -91.38999938964844, -56.72999954223633, -77.23999786376953, -85.61000061035156, -94.47000122070312, -76.80000305175781, -70.94999694824219, -79.52999877929688, -62.08000183105469, -61.119998931884766, -86.4000015258789, -22.850000381469727, -76.83000183105469, -111.01000213623047, -45.18000030517578, -46.220001220703125, -48.31999969482422, -65.12000274658203, -51.90999984741211, -59.209999084472656, -75.66000366210938, -47.29999923706055, -47.2400016784668, -66.87000274658203, -44.43000030517578, -52.880001068115234, -85.02999877929688, -87.2300033569336], "y_true_disp": [-2.3399999141693115, -6.260000228881836, -5.78000020980835, -5.360000133514404, -2.4200000762939453, -2.0399999618530273, -2.4100000858306885, -2.640000104904175, -2.359999895095825, -4.639999866485596, -4.360000133514404, -4.489999771118164, -2.4600000381469727, -2.4200000762939453, -4.019999980926514, -2.190000057220459, -2.5199999809265137, -2.299999952316284, -2.240000009536743, -2.0299999713897705, -2.0899999141693115, -5.440000057220459, -3.200000047683716, -2.130000114440918, -2.390000104904175, -6.690000057220459, -1.7899999618530273, -4.739999771118164, -4.389999866485596, -1.6200000047683716, -2.2200000286102295, -5.739999771118164, -2.009999990463257, -5.570000171661377, -1.5199999809265137, -6.599999904632568, -5.090000152587891, -2.4100000858306885], "y_pred_strain": [31.898935317993164, 30.61379051208496, 14.151290893554688, 40.3131217956543, 29.78322982788086, 6.633970260620117, 5.820361137390137, 30.04173469543457, 35.697566986083984, 52.81414031982422, 44.15579605102539, 21.365215301513672, 14.874975204467773, 36.131996154785156, 44.21737289428711, 7.660387992858887, 18.420194625854492, 15.50743293762207, 1.4578748941421509, 9.664752006530762, 30.177738189697266, 21.185239791870117, 45.25091552734375, 32.27083969116211, 11.083587646484375, 18.68354034423828, 5.648099422454834, 25.881513595581055, 28.978132247924805, 5.974807262420654, 10.936812400817871, 42.960426330566406, 9.096363067626953, 48.432708740234375, 3.473088502883911, 34.76915740966797, 52.98332214355469, 8.440502166748047], "y_pred_Pauli": [176.52879333496094, 115.30972290039062, 84.10802459716797, 137.9553985595703, 145.0585479736328, 143.81884765625, 182.43496704101562, 178.7075653076172, 163.57537841796875, 123.52972412109375, 143.62936401367188, 93.12749481201172, 185.4976043701172, 183.36380004882812, 142.0963592529297, 161.5185089111328, 146.16114807128906, 137.4199981689453, 130.00106811523438, 117.98533630371094, 166.0511016845703, 64.83148956298828, 118.32965087890625, 181.93875122070312, 122.85095977783203, 91.63748168945312, 105.7736587524414, 106.66629791259766, 102.1317138671875, 93.29243469238281, 174.4684600830078, 108.0025405883789, 117.85643005371094, 105.55923461914062, 105.77523803710938, 108.49121856689453, 148.18154907226562, 180.50938415527344], "y_pred_elst": [-134.2554168701172, -77.3123779296875, -65.97032928466797, -100.71485900878906, -105.32865142822266, -118.72659301757812, -143.13975524902344, -138.53488159179688, -119.54373168945312, -88.88008880615234, -103.84505462646484, -68.6090316772461, -141.78233337402344, -138.8830108642578, -106.35456085205078, -134.44927978515625, -124.37528991699219, -109.69528198242188, -110.37920379638672, -99.94567108154297, -126.06366729736328, -53.948028564453125, -89.85645294189453, -137.7367706298828, -104.37181091308594, -57.34084701538086, -86.58129119873047, -84.6851806640625, -70.03933715820312, -78.61201477050781, -146.4139404296875, -78.23168182373047, -113.91343688964844, -73.641357421875, -91.88274383544922, -79.45882415771484, -118.2839126586914, -133.7613983154297],