{"arm": "xgb28_delta_family", "family": "qmrxn20_sn2", "fold": 0, "member": 1, "n_train": 149, "n_test": 38, "reaction_ids": ["qmrxn20_sn2_E_C_C_E_A_B", "qmrxn20_sn2_C_D_D_D_B_C", "qmrxn20_sn2_A_A_C_C_C_D", "qmrxn20_sn2_B_E_C_E_A_C", "qmrxn20_sn2_E_D_E_A_A_A", "qmrxn20_sn2_A_C_C_B_B_B", "qmrxn20_sn2_B_C_A_E_A_A", "qmrxn20_sn2_C_D_B_D_A_B", "qmrxn20_sn2_D_D_B_E_A_B", "qmrxn20_sn2_A_D_B_A_A_D", "qmrxn20_sn2_C_A_E_A_A_C", "qmrxn20_sn2_B_A_E_A_B_C", "qmrxn20_sn2_C_E_D_D_A_A", "qmrxn20_sn2_E_E_D_C_A_B", "qmrxn20_sn2_A_C_A_B_A_C", "qmrxn20_sn2_E_A_B_C_A_A", "qmrxn20_sn2_E_B_A_D_B_B", "qmrxn20_sn2_B_A_E_D_B_B", "qmrxn20_sn2_A_D_B_C_B_A", "qmrxn20_sn2_A_E_D_C_C_B", "qmrxn20_sn2_A_E_D_C_A_B", "qmrxn20_sn2_E_C_E_E_C_D", "qmrxn20_sn2_A_A_C_E_A_C", "qmrxn20_sn2_A_C_B_E_A_B", "qmrxn20_sn2_E_D_C_A_B_A", "qmrxn20_sn2_A_D_D_B_C_D", "qmrxn20_sn2_E_A_B_A_B_A", "qmrxn20_sn2_C_A_B_A_B_C", "qmrxn20_sn2_A_D_A_C_B_C", "qmrxn20_sn2_A_A_B_E_B_B", "qmrxn20_sn2_A_C_E_B_A_A", "qmrxn20_sn2_E_C_E_E_A_D", "qmrxn20_sn2_A_E_B_D_C_A", "qmrxn20_sn2_D_A_A_B_A_D", "qmrxn20_sn2_A_A_C_D_C_A", "qmrxn20_sn2_D_B_D_E_B_D", "qmrxn20_sn2_B_E_A_C_A_C", "qmrxn20_sn2_C_C_D_A_A_A"], "y_true_strain": [34.98124313354492, 28.859851837158203, 16.539472579956055, 47.433223724365234, 32.461673736572266, 4.177053928375244, 3.4994993209838867, 27.381357192993164, 36.14492416381836, 57.154415130615234, 50.166015625, 21.51198959350586, 12.665892601013184, 32.404239654541016, 46.13909149169922, 5.717797756195068, 18.604557037353516, 16.11808967590332, 2.441859245300293, 11.606819152832031, 30.707683563232422, 8.104401588439941, 42.613670349121094, 29.090770721435547, 9.541797637939453, 25.225969314575195, 9.303528785705566, 25.395540237426758, 27.162111282348633, 4.838778495788574, 8.985882759094238, 44.99692916870117, 8.81613826751709, 50.117881774902344, 2.6408534049987793, 36.27309799194336, 58.19423294067383, 5.74302864074707], "y_true_Pauli": [185.2899932861328, 101.27999877929688, 89.70999908447266, 133.22000122070312, 154.1999969482422, 138.97000122070312, 184.5800018310547, 178.67999267578125, 167.22000122070312, 131.30999755859375, 145.80999755859375, 93.05000305175781, 174.47999572753906, 162.92999267578125, 144.1699981689453, 170.99000549316406, 135.25999450683594, 141.86000061035156, 139.02999877929688, 108.58999633789062, 156.6300048828125, 41.09000015258789, 117.5199966430664, 192.02000427246094, 123.88999938964844, 84.95999908447266, 110.01000213623047, 106.0, 90.02999877929688, 98.9000015258789, 160.92999267578125, 84.62000274658203, 110.45999908447266, 115.52999877929688, 89.83999633789062, 98.01000213623047, 143.50999450683594, 179.3300018310547], "y_true_elst": [-148.60000610351562, -72.44999694824219, -68.04000091552734, -102.83000183105469, -120.5999984741211, -118.66000366210938, -146.64999389648438, -133.35000610351562, -127.04000091552734, -90.76000213623047, -100.93000030517578, -68.80000305175781, -130.9499969482422, -125.05999755859375, -103.26000213623047, -140.55999755859375, -111.91000366210938, -112.5, -116.66000366210938, -95.41000366210938, -117.1500015258789, -43.68000030517578, -83.94999694824219, -148.41000366210938, -108.68000030517578, -64.55999755859375, -99.9000015258789, -83.69000244140625, -69.75, -78.66000366210938, -131.19000244140625, -65.5999984741211, -100.58000183105469, -81.62000274658203, -79.58999633789062, -71.26000213623047, -111.30999755859375, -138.02999877929688], "y_true_oi": [-103.04000091552734, -54.810001373291016, -56.310001373291016, -77.08999633789062, -60.36000061035156, -82.55999755859375, -87.06999969482422, -96.54000091552734, -86.8499984741211, -80.33999633789062, -91.38999938964844, -56.72999954223633, -77.23999786376953, -85.61000061035156, -94.47000122070312, -76.80000305175781, -70.94999694824219, -79.52999877929688, -62.08000183105469, -61.119998931884766, -86.4000015258789, -22.850000381469727, -76.83000183105469, -111.01000213623047, -45.18000030517578, -46.220001220703125, -48.31999969482422, -65.12000274658203, -51.90999984741211, -59.209999084472656, -75.66000366210938, -47.29999923706055, -47.2400016784668, -66.87000274658203, -44.43000030517578, -52.880001068115234, -85.02999877929688, -87.2300033569336], "y_true_disp": [-2.3399999141693115, -6.260000228881836, -5.78000020980835, -5.360000133514404, -2.4200000762939453, -2.0399999618530273, -2.4100000858306885, -2.640000104904175, -2.359999895095825, -4.639999866485596, -4.360000133514404, -4.489999771118164, -2.4600000381469727, -2.4200000762939453, -4.019999980926514, -2.190000057220459, -2.5199999809265137, -2.299999952316284, -2.240000009536743, -2.0299999713897705, -2.0899999141693115, -5.440000057220459, -3.200000047683716, -2.130000114440918, -2.390000104904175, -6.690000057220459, -1.7899999618530273, -4.739999771118164, -4.389999866485596, -1.6200000047683716, -2.2200000286102295, -5.739999771118164, -2.009999990463257, -5.570000171661377, -1.5199999809265137, -6.599999904632568, -5.090000152587891, -2.4100000858306885], "y_pred_strain": [31.046247482299805, 31.1221981048584, 14.055757522583008, 38.87214279174805, 27.612850189208984, 5.037839889526367, 7.617719650268555, 32.38365936279297, 37.68943405151367, 53.877410888671875, 44.41352844238281, 24.042633056640625, 12.820112228393555, 41.9970588684082, 43.820159912109375, 5.706792831420898, 22.858501434326172, 14.916141510009766, -2.1929378509521484, 19.936155319213867, 39.34051513671875, 22.804658889770508, 47.58802795410156, 31.120718002319336, 12.061355590820312, 18.817501068115234, 9.179965019226074, 24.885496139526367, 27.08079719543457, 5.408160209655762, 14.189231872558594, 47.11368942260742, 10.890873908996582, 49.19032287597656, 2.7622251510620117, 37.30105972290039, 54.15920639038086, 7.399137496948242], "y_pred_Pauli": [189.3981170654297, 112.5353775024414, 91.46170043945312, 132.2712860107422, 139.374755859375, 141.17626953125, 184.07057189941406, 181.25877380371094, 163.44911193847656, 129.17002868652344, 143.76422119140625, 88.9980239868164, 187.029541015625, 172.1552276611328, 143.0233917236328, 163.6473846435547, 134.29150390625, 140.19268798828125, 135.37718200683594, 112.80508422851562, 157.83103942871094, 62.75562286376953, 126.95917510986328, 188.51156616210938, 131.18362426757812, 96.52699279785156, 122.66167449951172, 103.91552734375, 97.11749267578125, 97.86428833007812, 175.1697998046875, 101.02432250976562, 128.6705322265625, 111.05841827392578, 100.17147064208984, 104.17279052734375, 143.47361755371094, 177.74050903320312], "y_pred_elst": [-142.9152374267578, -76.39089965820312, -68.44068145751953, -98.0391616821289, -104.72350311279297, -113.60929870605469, -145.45919799804688, -138.287353515625, -117.3608169555664, -95.00370025634766, -106.04055786132812, -66.47039794921875, -142.97987365722656, -133.08517456054688, -108.386962890625, -135.6627960205078, -114.7607421875, -111.28274536132812, -113.40240478515625, -99.21939849853516, -119.40345001220703, -55.828243255615234, -94.50613403320312, -139.74957275390625, -113.66741180419922, -61.740779876708984, -102.27217102050781, -83.77313232421875, -66.28284454345703, -79.90299224853516, -150.3537139892578, -75.12879943847656, -120.86062622070312, -79.17196655273438, -84.28311157226562, -76.30834197998047, -116.75894927978516, -130.70376586914062],