{"arm": "xgb28_delta_family", "family": "qmrxn20_sn2", "fold": 0, "member": 0, "n_train": 149, "n_test": 38, "reaction_ids": ["qmrxn20_sn2_E_C_C_E_A_B", "qmrxn20_sn2_C_D_D_D_B_C", "qmrxn20_sn2_A_A_C_C_C_D", "qmrxn20_sn2_B_E_C_E_A_C", "qmrxn20_sn2_E_D_E_A_A_A", "qmrxn20_sn2_A_C_C_B_B_B", "qmrxn20_sn2_B_C_A_E_A_A", "qmrxn20_sn2_C_D_B_D_A_B", "qmrxn20_sn2_D_D_B_E_A_B", "qmrxn20_sn2_A_D_B_A_A_D", "qmrxn20_sn2_C_A_E_A_A_C", "qmrxn20_sn2_B_A_E_A_B_C", "qmrxn20_sn2_C_E_D_D_A_A", "qmrxn20_sn2_E_E_D_C_A_B", "qmrxn20_sn2_A_C_A_B_A_C", "qmrxn20_sn2_E_A_B_C_A_A", "qmrxn20_sn2_E_B_A_D_B_B", "qmrxn20_sn2_B_A_E_D_B_B", "qmrxn20_sn2_A_D_B_C_B_A", "qmrxn20_sn2_A_E_D_C_C_B", "qmrxn20_sn2_A_E_D_C_A_B", "qmrxn20_sn2_E_C_E_E_C_D", "qmrxn20_sn2_A_A_C_E_A_C", "qmrxn20_sn2_A_C_B_E_A_B", "qmrxn20_sn2_E_D_C_A_B_A", "qmrxn20_sn2_A_D_D_B_C_D", "qmrxn20_sn2_E_A_B_A_B_A", "qmrxn20_sn2_C_A_B_A_B_C", "qmrxn20_sn2_A_D_A_C_B_C", "qmrxn20_sn2_A_A_B_E_B_B", "qmrxn20_sn2_A_C_E_B_A_A", "qmrxn20_sn2_E_C_E_E_A_D", "qmrxn20_sn2_A_E_B_D_C_A", "qmrxn20_sn2_D_A_A_B_A_D", "qmrxn20_sn2_A_A_C_D_C_A", "qmrxn20_sn2_D_B_D_E_B_D", "qmrxn20_sn2_B_E_A_C_A_C", "qmrxn20_sn2_C_C_D_A_A_A"], "y_true_strain": [34.98124313354492, 28.859851837158203, 16.539472579956055, 47.433223724365234, 32.461673736572266, 4.177053928375244, 3.4994993209838867, 27.381357192993164, 36.14492416381836, 57.154415130615234, 50.166015625, 21.51198959350586, 12.665892601013184, 32.404239654541016, 46.13909149169922, 5.717797756195068, 18.604557037353516, 16.11808967590332, 2.441859245300293, 11.606819152832031, 30.707683563232422, 8.104401588439941, 42.613670349121094, 29.090770721435547, 9.541797637939453, 25.225969314575195, 9.303528785705566, 25.395540237426758, 27.162111282348633, 4.838778495788574, 8.985882759094238, 44.99692916870117, 8.81613826751709, 50.117881774902344, 2.6408534049987793, 36.27309799194336, 58.19423294067383, 5.74302864074707], "y_true_Pauli": [185.2899932861328, 101.27999877929688, 89.70999908447266, 133.22000122070312, 154.1999969482422, 138.97000122070312, 184.5800018310547, 178.67999267578125, 167.22000122070312, 131.30999755859375, 145.80999755859375, 93.05000305175781, 174.47999572753906, 162.92999267578125, 144.1699981689453, 170.99000549316406, 135.25999450683594, 141.86000061035156, 139.02999877929688, 108.58999633789062, 156.6300048828125, 41.09000015258789, 117.5199966430664, 192.02000427246094, 123.88999938964844, 84.95999908447266, 110.01000213623047, 106.0, 90.02999877929688, 98.9000015258789, 160.92999267578125, 84.62000274658203, 110.45999908447266, 115.52999877929688, 89.83999633789062, 98.01000213623047, 143.50999450683594, 179.3300018310547], "y_true_elst": [-148.60000610351562, -72.44999694824219, -68.04000091552734, -102.83000183105469, -120.5999984741211, -118.66000366210938, -146.64999389648438, -133.35000610351562, -127.04000091552734, -90.76000213623047, -100.93000030517578, -68.80000305175781, -130.9499969482422, -125.05999755859375, -103.26000213623047, -140.55999755859375, -111.91000366210938, -112.5, -116.66000366210938, -95.41000366210938, -117.1500015258789, -43.68000030517578, -83.94999694824219, -148.41000366210938, -108.68000030517578, -64.55999755859375, -99.9000015258789, -83.69000244140625, -69.75, -78.66000366210938, -131.19000244140625, -65.5999984741211, -100.58000183105469, -81.62000274658203, -79.58999633789062, -71.26000213623047, -111.30999755859375, -138.02999877929688], "y_true_oi": [-103.04000091552734, -54.810001373291016, -56.310001373291016, -77.08999633789062, -60.36000061035156, -82.55999755859375, -87.06999969482422, -96.54000091552734, -86.8499984741211, -80.33999633789062, -91.38999938964844, -56.72999954223633, -77.23999786376953, -85.61000061035156, -94.47000122070312, -76.80000305175781, -70.94999694824219, -79.52999877929688, -62.08000183105469, -61.119998931884766, -86.4000015258789, -22.850000381469727, -76.83000183105469, -111.01000213623047, -45.18000030517578, -46.220001220703125, -48.31999969482422, -65.12000274658203, -51.90999984741211, -59.209999084472656, -75.66000366210938, -47.29999923706055, -47.2400016784668, -66.87000274658203, -44.43000030517578, -52.880001068115234, -85.02999877929688, -87.2300033569336], "y_true_disp": [-2.3399999141693115, -6.260000228881836, -5.78000020980835, -5.360000133514404, -2.4200000762939453, -2.0399999618530273, -2.4100000858306885, -2.640000104904175, -2.359999895095825, -4.639999866485596, -4.360000133514404, -4.489999771118164, -2.4600000381469727, -2.4200000762939453, -4.019999980926514, -2.190000057220459, -2.5199999809265137, -2.299999952316284, -2.240000009536743, -2.0299999713897705, -2.0899999141693115, -5.440000057220459, -3.200000047683716, -2.130000114440918, -2.390000104904175, -6.690000057220459, -1.7899999618530273, -4.739999771118164, -4.389999866485596, -1.6200000047683716, -2.2200000286102295, -5.739999771118164, -2.009999990463257, -5.570000171661377, -1.5199999809265137, -6.599999904632568, -5.090000152587891, -2.4100000858306885], "y_pred_strain": [32.14031219482422, 31.634794235229492, 9.858137130737305, 38.57286071777344, 29.945632934570312, 3.0725090503692627, 7.372044563293457, 30.092315673828125, 37.251365661621094, 53.189170837402344, 41.98674774169922, 22.65222930908203, 17.097381591796875, 35.36753845214844, 46.16775131225586, 7.240608215332031, 18.759727478027344, 16.203096389770508, -0.39893174171447754, 7.248735427856445, 28.04100799560547, 19.264766693115234, 41.87925338745117, 27.3037109375, 12.065960884094238, 18.248340606689453, 8.23560619354248, 25.618886947631836, 28.74959945678711, 3.7450146675109863, 11.672622680664062, 41.027442932128906, 7.88716983795166, 46.75615692138672, -1.5952887535095215, 34.78509521484375, 53.16209030151367, 10.505544662475586], "y_pred_Pauli": [181.2899932861328, 116.71932983398438, 81.77732849121094, 129.92539978027344, 141.8738555908203, 132.56837463378906, 184.2238006591797, 180.10585021972656, 167.9380340576172, 127.43438720703125, 134.0749969482422, 96.07430267333984, 187.9578399658203, 175.41761779785156, 142.05589294433594, 163.21278381347656, 146.5204315185547, 143.8888702392578, 131.54042053222656, 114.95743560791016, 155.54795837402344, 62.33884048461914, 111.91432189941406, 169.820068359375, 123.96229553222656, 94.2610855102539, 117.17034912109375, 107.66564178466797, 101.66692352294922, 96.97010803222656, 174.7061309814453, 100.19267272949219, 120.55964660644531, 105.13529968261719, 99.30203247070312, 107.05048370361328, 147.25848388671875, 183.928955078125], "y_pred_elst": [-137.7737579345703, -79.79020690917969, -59.171051025390625, -95.14166259765625, -105.64457702636719, -109.05335235595703, -147.31259155273438, -139.65554809570312, -124.66620635986328, -91.80683898925781, -96.7986831665039, -72.23035430908203, -147.03900146484375, -135.65472412109375, -110.6468276977539, -135.160400390625, -125.34100341796875, -115.14557647705078, -109.12763977050781, -95.5356216430664, -118.86170196533203, -50.50578689575195, -81.94695281982422, -124.6673583984375, -106.8742904663086, -58.95246887207031, -97.08423614501953, -85.35841369628906, -69.64691925048828, -78.58629608154297, -148.43743896484375, -72.14424133300781, -114.47872161865234, -71.34638214111328, -81.85845184326172, -79.23588562011719, -118.86530303955078, -139.2597198486328],