{"arm": "xgb28_delta_family", "family": "qmrxn20_e2", "fold": 1, "member": 0, "n_train": 159, "n_test": 40, "reaction_ids": ["qmrxn20_e2_E_C_E_E_B_C", "qmrxn20_e2_A_C_D_D_B_A", "qmrxn20_e2_A_A_A_E_C_C", "qmrxn20_e2_A_C_A_C_B_B", "qmrxn20_e2_E_A_C_D_C_A", "qmrxn20_e2_B_B_E_D_C_B", "qmrxn20_e2_C_C_E_C_A_A", "qmrxn20_e2_A_A_C_E_C_A", "qmrxn20_e2_A_E_E_E_C_B", "qmrxn20_e2_B_E_E_D_B_A", "qmrxn20_e2_B_E_D_A_B_A", "qmrxn20_e2_E_E_B_D_A_A", "qmrxn20_e2_C_A_A_D_A_B", "qmrxn20_e2_A_C_A_A_A_B", "qmrxn20_e2_C_C_A_E_B_A", "qmrxn20_e2_D_A_A_E_B_D", "qmrxn20_e2_E_A_D_C_C_B", "qmrxn20_e2_C_C_A_E_C_A", "qmrxn20_e2_A_A_A_A_C_A", "qmrxn20_e2_B_E_E_E_C_A", "qmrxn20_e2_A_C_C_E_B_C", "qmrxn20_e2_A_A_B_A_B_C", "qmrxn20_e2_D_D_A_D_B_B", "qmrxn20_e2_B_E_C_D_C_B", "qmrxn20_e2_B_B_E_E_C_A", "qmrxn20_e2_E_E_D_E_A_A", "qmrxn20_e2_B_A_A_A_A_B", "qmrxn20_e2_B_B_E_A_B_A", "qmrxn20_e2_A_E_E_D_C_B", "qmrxn20_e2_A_C_A_C_A_A", "qmrxn20_e2_D_D_A_C_C_C", "qmrxn20_e2_A_A_E_E_C_C", "qmrxn20_e2_C_C_D_C_B_A", "qmrxn20_e2_C_E_E_E_C_B", "qmrxn20_e2_A_A_A_A_B_A", "qmrxn20_e2_D_A_C_C_C_B", "qmrxn20_e2_C_A_A_C_B_A", "qmrxn20_e2_B_A_E_E_A_A", "qmrxn20_e2_E_D_B_C_C_B", "qmrxn20_e2_B_E_A_C_C_A"], "y_true_strain": [42.72238540649414, 4.355504035949707, 36.30810546875, 52.18648910522461, 14.460901260375977, 13.352800369262695, 28.9863338470459, 4.141033172607422, 21.54950714111328, 23.37235450744629, 23.346281051635742, 10.632720947265625, 26.994258880615234, 11.26274585723877, 8.05733585357666, 52.391544342041016, 15.151836395263672, 4.128406047821045, 9.645500183105469, 10.076201438903809, 58.66439437866211, 123.94690704345703, 22.184974670410156, 19.957929611206055, 5.974632263183594, 49.91974639892578, 23.08270263671875, 10.631532669067383, 22.735942840576172, 7.065834045410156, 54.70436477661133, 34.891319274902344, 46.542198181152344, 27.097515106201172, 14.768840789794922, 61.586753845214844, 6.716618061065674, 19.950658798217773, 3.8724405765533447, 15.258256912231445], "y_true_Pauli": [112.5999984741211, 77.19999694824219, 109.05999755859375, 202.77000427246094, 100.73999786376953, 115.33000183105469, 194.64999389648438, 83.2300033569336, 150.50999450683594, 130.61000061035156, 117.16999816894531, 101.36000061035156, 162.86000061035156, 120.31999969482422, 85.80000305175781, 92.38999938964844, 151.8800048828125, 77.18000030517578, 76.52999877929688, 99.61000061035156, 157.13999938964844, 162.05999755859375, 154.3699951171875, 139.47000122070312, 96.95999908447266, 162.9499969482422, 139.52000427246094, 100.44999694824219, 153.1999969482422, 84.45999908447266, 154.91000366210938, 109.75, 261.8299865722656, 142.8800048828125, 86.02999877929688, 226.32000732421875, 78.37999725341797, 126.37000274658203, 105.55999755859375, 114.62999725341797], "y_true_elst": [-80.55999755859375, -62.290000915527344, -65.9800033569336, -113.26000213623047, -90.16999816894531, -84.58999633789062, -139.8300018310547, -81.7300033569336, -104.1500015258789, -103.87999725341797, -94.91000366210938, -91.12999725341797, -95.66000366210938, -79.02999877929688, -79.63999938964844, -69.95999908447266, -107.4000015258789, -77.26000213623047, -52.459999084472656, -88.91999816894531, -97.2300033569336, -101.37999725341797, -90.31999969482422, -105.22000122070312, -90.91000366210938, -86.25, -89.37000274658203, -85.68000030517578, -103.58000183105469, -82.79000091552734, -89.69999694824219, -67.4000015258789, -168.8699951171875, -107.75, -54.400001525878906, -135.50999450683594, -81.2300033569336, -92.02999877929688, -99.55999755859375, -105.70999908447266], "y_true_oi": [-77.4800033569336, -43.459999084472656, -84.75, -186.4499969482422, -58.20000076293945, -81.70999908447266, -129.61000061035156, -44.970001220703125, -102.68000030517578, -80.2699966430664, -71.70999908447266, -60.4900016784668, -117.77999877929688, -68.27999877929688, -51.900001525878906, -62.7599983215332, -107.69999694824219, -45.209999084472656, -53.439998626708984, -58.5099983215332, -141.32000732421875, -196.16000366210938, -108.16000366210938, -96.51000213623047, -55.959999084472656, -138.36000061035156, -98.26000213623047, -61.41999816894531, -104.75, -48.880001068115234, -134.5, -82.52999877929688, -187.42999267578125, -98.18000030517578, -61.130001068115234, -222.6999969482422, -41.65999984741211, -88.93000030517578, -73.01000213623047, -68.43000030517578], "y_true_disp": [-4.179999828338623, -1.350000023841858, -2.440000057220459, -0.4099999964237213, -1.7300000190734863, -1.6399999856948853, -2.1700000762939453, -1.4299999475479126, -1.4299999475479126, -1.9800000190734863, -1.8300000429153442, -1.7799999713897705, -0.75, -1.5800000429153442, -1.2999999523162842, -4.090000152587891, -1.399999976158142, -1.25, -0.8600000143051147, -1.75, -2.8499999046325684, -1.2300000190734863, -1.2799999713897705, -1.7899999618530273, -1.6299999952316284, -1.5099999904632568, -0.9200000166893005, -1.399999976158142, -1.4299999475479126, -1.2000000476837158, -2.990000009536743, -2.940000057220459, -2.359999895095825, -1.659999966621399, -0.8899999856948853, -0.6000000238418579, -1.309999942779541, -1.6200000047683716, -2.140000104904175, -1.690000057220459], "y_pred_strain": [22.099042892456055, 4.629992961883545, 44.785709381103516, 47.754825592041016, 10.7147798538208, 14.23526668548584, 35.380435943603516, 6.762232780456543, 19.855615615844727, 22.187393188476562, 21.060998916625977, 10.727416038513184, 26.88328742980957, 14.281984329223633, 6.812790870666504, 45.34360122680664, 16.24886703491211, 6.106390953063965, 11.976885795593262, 8.428462028503418, 54.862613677978516, 68.00988006591797, 23.95285415649414, 17.910497665405273, 7.921191692352295, 43.075279235839844, 25.19159698486328, 18.59210777282715, 22.94987678527832, 6.706536769866943, 51.66685104370117, 34.31582260131836, 45.91843032836914, 24.48716163635254, 18.086029052734375, 62.816070556640625, 6.633254051208496, 23.39380645751953, 8.17688274383545, 11.318094253540039], "y_pred_Pauli": [108.95313262939453, 77.5695571899414, 107.2311019897461, 170.65110778808594, 99.33749389648438, 122.44680786132812, 171.45242309570312, 84.61514282226562, 145.9329376220703, 117.20731353759766, 114.70782470703125, 105.3992919921875, 158.70225524902344, 118.88858795166016, 83.63711547851562, 107.61438751220703, 148.91270446777344, 84.95735931396484, 85.41426849365234, 98.958984375, 151.36383056640625, 204.69906616210938, 153.23707580566406, 143.8047332763672, 97.18714904785156, 153.0262908935547, 139.95834350585938, 98.64067077636719, 150.40182495117188, 82.26807403564453, 150.74305725097656, 111.68522644042969, 216.57943725585938, 140.92709350585938, 101.6578140258789, 209.92330932617188, 82.54021453857422, 129.7171173095703, 117.37440490722656, 105.29701232910156], "y_pred_elst": [-71.78401184082031, -62.864013671875, -67.98918914794922, -104.85385131835938, -94.89337921142578, -93.52096557617188, -123.95752716064453, -85.70854187011719, -99.31287384033203, -95.49012756347656, -94.70573425292969, -94.01753234863281, -97.50808715820312, -87.85334777832031, -70.08627319335938, -75.0773696899414, -100.65745544433594, -79.5475845336914, -60.586021423339844, -89.79281616210938, -90.38157653808594, -121.66978454589844, -90.21170806884766, -103.49349212646484, -89.53740692138672, -94.46424865722656, -91.74993133544922, -85.96981048583984, -100.11280059814453, -80.43839263916016, -89.78182220458984, -70.3941421508789, -152.92218017578125, -100.100830078125, -66.54948425292969, -131.50469970703125, -86.98075866699219, -89.57447814941406, -105.90577697753906, -107.15154266357422],