{"arm": "xgb28_delta_family", "family": "qmrxn20_e2", "fold": 1, "member": 1, "n_train": 159, "n_test": 40, "reaction_ids": ["qmrxn20_e2_E_C_E_E_B_C", "qmrxn20_e2_A_C_D_D_B_A", "qmrxn20_e2_A_A_A_E_C_C", "qmrxn20_e2_A_C_A_C_B_B", "qmrxn20_e2_E_A_C_D_C_A", "qmrxn20_e2_B_B_E_D_C_B", "qmrxn20_e2_C_C_E_C_A_A", "qmrxn20_e2_A_A_C_E_C_A", "qmrxn20_e2_A_E_E_E_C_B", "qmrxn20_e2_B_E_E_D_B_A", "qmrxn20_e2_B_E_D_A_B_A", "qmrxn20_e2_E_E_B_D_A_A", "qmrxn20_e2_C_A_A_D_A_B", "qmrxn20_e2_A_C_A_A_A_B", "qmrxn20_e2_C_C_A_E_B_A", "qmrxn20_e2_D_A_A_E_B_D", "qmrxn20_e2_E_A_D_C_C_B", "qmrxn20_e2_C_C_A_E_C_A", "qmrxn20_e2_A_A_A_A_C_A", "qmrxn20_e2_B_E_E_E_C_A", "qmrxn20_e2_A_C_C_E_B_C", "qmrxn20_e2_A_A_B_A_B_C", "qmrxn20_e2_D_D_A_D_B_B", "qmrxn20_e2_B_E_C_D_C_B", "qmrxn20_e2_B_B_E_E_C_A", "qmrxn20_e2_E_E_D_E_A_A", "qmrxn20_e2_B_A_A_A_A_B", "qmrxn20_e2_B_B_E_A_B_A", "qmrxn20_e2_A_E_E_D_C_B", "qmrxn20_e2_A_C_A_C_A_A", "qmrxn20_e2_D_D_A_C_C_C", "qmrxn20_e2_A_A_E_E_C_C", "qmrxn20_e2_C_C_D_C_B_A", "qmrxn20_e2_C_E_E_E_C_B", "qmrxn20_e2_A_A_A_A_B_A", "qmrxn20_e2_D_A_C_C_C_B", "qmrxn20_e2_C_A_A_C_B_A", "qmrxn20_e2_B_A_E_E_A_A", "qmrxn20_e2_E_D_B_C_C_B", "qmrxn20_e2_B_E_A_C_C_A"], "y_true_strain": [42.72238540649414, 4.355504035949707, 36.30810546875, 52.18648910522461, 14.460901260375977, 13.352800369262695, 28.9863338470459, 4.141033172607422, 21.54950714111328, 23.37235450744629, 23.346281051635742, 10.632720947265625, 26.994258880615234, 11.26274585723877, 8.05733585357666, 52.391544342041016, 15.151836395263672, 4.128406047821045, 9.645500183105469, 10.076201438903809, 58.66439437866211, 123.94690704345703, 22.184974670410156, 19.957929611206055, 5.974632263183594, 49.91974639892578, 23.08270263671875, 10.631532669067383, 22.735942840576172, 7.065834045410156, 54.70436477661133, 34.891319274902344, 46.542198181152344, 27.097515106201172, 14.768840789794922, 61.586753845214844, 6.716618061065674, 19.950658798217773, 3.8724405765533447, 15.258256912231445], "y_true_Pauli": [112.5999984741211, 77.19999694824219, 109.05999755859375, 202.77000427246094, 100.73999786376953, 115.33000183105469, 194.64999389648438, 83.2300033569336, 150.50999450683594, 130.61000061035156, 117.16999816894531, 101.36000061035156, 162.86000061035156, 120.31999969482422, 85.80000305175781, 92.38999938964844, 151.8800048828125, 77.18000030517578, 76.52999877929688, 99.61000061035156, 157.13999938964844, 162.05999755859375, 154.3699951171875, 139.47000122070312, 96.95999908447266, 162.9499969482422, 139.52000427246094, 100.44999694824219, 153.1999969482422, 84.45999908447266, 154.91000366210938, 109.75, 261.8299865722656, 142.8800048828125, 86.02999877929688, 226.32000732421875, 78.37999725341797, 126.37000274658203, 105.55999755859375, 114.62999725341797], "y_true_elst": [-80.55999755859375, -62.290000915527344, -65.9800033569336, -113.26000213623047, -90.16999816894531, -84.58999633789062, -139.8300018310547, -81.7300033569336, -104.1500015258789, -103.87999725341797, -94.91000366210938, -91.12999725341797, -95.66000366210938, -79.02999877929688, -79.63999938964844, -69.95999908447266, -107.4000015258789, -77.26000213623047, -52.459999084472656, -88.91999816894531, -97.2300033569336, -101.37999725341797, -90.31999969482422, -105.22000122070312, -90.91000366210938, -86.25, -89.37000274658203, -85.68000030517578, -103.58000183105469, -82.79000091552734, -89.69999694824219, -67.4000015258789, -168.8699951171875, -107.75, -54.400001525878906, -135.50999450683594, -81.2300033569336, -92.02999877929688, -99.55999755859375, -105.70999908447266], "y_true_oi": [-77.4800033569336, -43.459999084472656, -84.75, -186.4499969482422, -58.20000076293945, -81.70999908447266, -129.61000061035156, -44.970001220703125, -102.68000030517578, -80.2699966430664, -71.70999908447266, -60.4900016784668, -117.77999877929688, -68.27999877929688, -51.900001525878906, -62.7599983215332, -107.69999694824219, -45.209999084472656, -53.439998626708984, -58.5099983215332, -141.32000732421875, -196.16000366210938, -108.16000366210938, -96.51000213623047, -55.959999084472656, -138.36000061035156, -98.26000213623047, -61.41999816894531, -104.75, -48.880001068115234, -134.5, -82.52999877929688, -187.42999267578125, -98.18000030517578, -61.130001068115234, -222.6999969482422, -41.65999984741211, -88.93000030517578, -73.01000213623047, -68.43000030517578], "y_true_disp": [-4.179999828338623, -1.350000023841858, -2.440000057220459, -0.4099999964237213, -1.7300000190734863, -1.6399999856948853, -2.1700000762939453, -1.4299999475479126, -1.4299999475479126, -1.9800000190734863, -1.8300000429153442, -1.7799999713897705, -0.75, -1.5800000429153442, -1.2999999523162842, -4.090000152587891, -1.399999976158142, -1.25, -0.8600000143051147, -1.75, -2.8499999046325684, -1.2300000190734863, -1.2799999713897705, -1.7899999618530273, -1.6299999952316284, -1.5099999904632568, -0.9200000166893005, -1.399999976158142, -1.4299999475479126, -1.2000000476837158, -2.990000009536743, -2.940000057220459, -2.359999895095825, -1.659999966621399, -0.8899999856948853, -0.6000000238418579, -1.309999942779541, -1.6200000047683716, -2.140000104904175, -1.690000057220459], "y_pred_strain": [22.299837112426758, 6.0206804275512695, 43.72417449951172, 47.14891815185547, 10.97329044342041, 16.122821807861328, 35.063255310058594, 6.546716213226318, 19.594282150268555, 21.89491081237793, 20.70334815979004, 10.510221481323242, 26.403982162475586, 14.457647323608398, 6.729619979858398, 45.70939636230469, 15.6055269241333, 5.9279961585998535, 15.675456047058105, 8.240233421325684, 54.87047576904297, 71.80643463134766, 24.149253845214844, 18.914730072021484, 8.413922309875488, 42.42228698730469, 28.468067169189453, 19.76329803466797, 22.647525787353516, 7.241829872131348, 51.494571685791016, 34.25482177734375, 45.97769546508789, 24.307907104492188, 19.919179916381836, 61.585140228271484, 7.505470275878906, 23.603071212768555, 8.923089027404785, 12.351916313171387], "y_pred_Pauli": [109.5768814086914, 72.39863586425781, 108.30013275146484, 169.43614196777344, 98.2708740234375, 114.96560668945312, 171.9773406982422, 85.19161987304688, 147.0977783203125, 118.10831451416016, 115.63744354248047, 105.46517181396484, 158.51974487304688, 118.15303039550781, 83.31715393066406, 107.16179656982422, 150.22518920898438, 84.54098510742188, 71.99930572509766, 99.54020690917969, 152.0821075439453, 186.11111450195312, 151.89625549316406, 139.6300048828125, 95.71285247802734, 154.4318084716797, 125.17298889160156, 93.08612823486328, 151.58554077148438, 79.30916595458984, 149.376953125, 112.20763397216797, 217.17710876464844, 142.11599731445312, 95.25169372558594, 210.7179412841797, 78.84378051757812, 128.86376953125, 114.71680450439453, 101.09979248046875], "y_pred_elst": [-72.62196350097656, -55.960208892822266, -70.56623840332031, -104.18958282470703, -93.65261840820312, -84.07749938964844, -125.06021881103516, -86.45955657958984, -100.87432861328125, -96.97332000732422, -96.25199127197266, -94.28878784179688, -97.86578369140625, -86.95076751708984, -69.95330810546875, -74.39315795898438, -102.58454895019531, -79.40099334716797, -42.641754150390625, -90.65071868896484, -91.48127746582031, -98.37598419189453, -88.62551879882812, -98.27889251708984, -87.50225067138672, -96.54548645019531, -72.97215270996094, -79.183837890625, -101.64202880859375, -76.94031524658203, -88.67018127441406, -71.17462158203125, -153.7914276123047, -101.59838104248047, -57.856590270996094, -133.73416137695312, -82.35206604003906, -88.45331573486328, -102.26842498779297, -101.81543731689453],