{"arm": "xgb28_delta_family", "family": "qmrxn20_e2", "fold": 1, "member": 3, "n_train": 159, "n_test": 40, "reaction_ids": ["qmrxn20_e2_E_C_E_E_B_C", "qmrxn20_e2_A_C_D_D_B_A", "qmrxn20_e2_A_A_A_E_C_C", "qmrxn20_e2_A_C_A_C_B_B", "qmrxn20_e2_E_A_C_D_C_A", "qmrxn20_e2_B_B_E_D_C_B", "qmrxn20_e2_C_C_E_C_A_A", "qmrxn20_e2_A_A_C_E_C_A", "qmrxn20_e2_A_E_E_E_C_B", "qmrxn20_e2_B_E_E_D_B_A", "qmrxn20_e2_B_E_D_A_B_A", "qmrxn20_e2_E_E_B_D_A_A", "qmrxn20_e2_C_A_A_D_A_B", "qmrxn20_e2_A_C_A_A_A_B", "qmrxn20_e2_C_C_A_E_B_A", "qmrxn20_e2_D_A_A_E_B_D", "qmrxn20_e2_E_A_D_C_C_B", "qmrxn20_e2_C_C_A_E_C_A", "qmrxn20_e2_A_A_A_A_C_A", "qmrxn20_e2_B_E_E_E_C_A", "qmrxn20_e2_A_C_C_E_B_C", "qmrxn20_e2_A_A_B_A_B_C", "qmrxn20_e2_D_D_A_D_B_B", "qmrxn20_e2_B_E_C_D_C_B", "qmrxn20_e2_B_B_E_E_C_A", "qmrxn20_e2_E_E_D_E_A_A", "qmrxn20_e2_B_A_A_A_A_B", "qmrxn20_e2_B_B_E_A_B_A", "qmrxn20_e2_A_E_E_D_C_B", "qmrxn20_e2_A_C_A_C_A_A", "qmrxn20_e2_D_D_A_C_C_C", "qmrxn20_e2_A_A_E_E_C_C", "qmrxn20_e2_C_C_D_C_B_A", "qmrxn20_e2_C_E_E_E_C_B", "qmrxn20_e2_A_A_A_A_B_A", "qmrxn20_e2_D_A_C_C_C_B", "qmrxn20_e2_C_A_A_C_B_A", "qmrxn20_e2_B_A_E_E_A_A", "qmrxn20_e2_E_D_B_C_C_B", "qmrxn20_e2_B_E_A_C_C_A"], "y_true_strain": [42.72238540649414, 4.355504035949707, 36.30810546875, 52.18648910522461, 14.460901260375977, 13.352800369262695, 28.9863338470459, 4.141033172607422, 21.54950714111328, 23.37235450744629, 23.346281051635742, 10.632720947265625, 26.994258880615234, 11.26274585723877, 8.05733585357666, 52.391544342041016, 15.151836395263672, 4.128406047821045, 9.645500183105469, 10.076201438903809, 58.66439437866211, 123.94690704345703, 22.184974670410156, 19.957929611206055, 5.974632263183594, 49.91974639892578, 23.08270263671875, 10.631532669067383, 22.735942840576172, 7.065834045410156, 54.70436477661133, 34.891319274902344, 46.542198181152344, 27.097515106201172, 14.768840789794922, 61.586753845214844, 6.716618061065674, 19.950658798217773, 3.8724405765533447, 15.258256912231445], "y_true_Pauli": [112.5999984741211, 77.19999694824219, 109.05999755859375, 202.77000427246094, 100.73999786376953, 115.33000183105469, 194.64999389648438, 83.2300033569336, 150.50999450683594, 130.61000061035156, 117.16999816894531, 101.36000061035156, 162.86000061035156, 120.31999969482422, 85.80000305175781, 92.38999938964844, 151.8800048828125, 77.18000030517578, 76.52999877929688, 99.61000061035156, 157.13999938964844, 162.05999755859375, 154.3699951171875, 139.47000122070312, 96.95999908447266, 162.9499969482422, 139.52000427246094, 100.44999694824219, 153.1999969482422, 84.45999908447266, 154.91000366210938, 109.75, 261.8299865722656, 142.8800048828125, 86.02999877929688, 226.32000732421875, 78.37999725341797, 126.37000274658203, 105.55999755859375, 114.62999725341797], "y_true_elst": [-80.55999755859375, -62.290000915527344, -65.9800033569336, -113.26000213623047, -90.16999816894531, -84.58999633789062, -139.8300018310547, -81.7300033569336, -104.1500015258789, -103.87999725341797, -94.91000366210938, -91.12999725341797, -95.66000366210938, -79.02999877929688, -79.63999938964844, -69.95999908447266, -107.4000015258789, -77.26000213623047, -52.459999084472656, -88.91999816894531, -97.2300033569336, -101.37999725341797, -90.31999969482422, -105.22000122070312, -90.91000366210938, -86.25, -89.37000274658203, -85.68000030517578, -103.58000183105469, -82.79000091552734, -89.69999694824219, -67.4000015258789, -168.8699951171875, -107.75, -54.400001525878906, -135.50999450683594, -81.2300033569336, -92.02999877929688, -99.55999755859375, -105.70999908447266], "y_true_oi": [-77.4800033569336, -43.459999084472656, -84.75, -186.4499969482422, -58.20000076293945, -81.70999908447266, -129.61000061035156, -44.970001220703125, -102.68000030517578, -80.2699966430664, -71.70999908447266, -60.4900016784668, -117.77999877929688, -68.27999877929688, -51.900001525878906, -62.7599983215332, -107.69999694824219, -45.209999084472656, -53.439998626708984, -58.5099983215332, -141.32000732421875, -196.16000366210938, -108.16000366210938, -96.51000213623047, -55.959999084472656, -138.36000061035156, -98.26000213623047, -61.41999816894531, -104.75, -48.880001068115234, -134.5, -82.52999877929688, -187.42999267578125, -98.18000030517578, -61.130001068115234, -222.6999969482422, -41.65999984741211, -88.93000030517578, -73.01000213623047, -68.43000030517578], "y_true_disp": [-4.179999828338623, -1.350000023841858, -2.440000057220459, -0.4099999964237213, -1.7300000190734863, -1.6399999856948853, -2.1700000762939453, -1.4299999475479126, -1.4299999475479126, -1.9800000190734863, -1.8300000429153442, -1.7799999713897705, -0.75, -1.5800000429153442, -1.2999999523162842, -4.090000152587891, -1.399999976158142, -1.25, -0.8600000143051147, -1.75, -2.8499999046325684, -1.2300000190734863, -1.2799999713897705, -1.7899999618530273, -1.6299999952316284, -1.5099999904632568, -0.9200000166893005, -1.399999976158142, -1.4299999475479126, -1.2000000476837158, -2.990000009536743, -2.940000057220459, -2.359999895095825, -1.659999966621399, -0.8899999856948853, -0.6000000238418579, -1.309999942779541, -1.6200000047683716, -2.140000104904175, -1.690000057220459], "y_pred_strain": [19.653770446777344, 4.974246501922607, 44.368160247802734, 47.18801498413086, 11.152105331420898, 14.173492431640625, 30.59081268310547, 7.14031982421875, 18.70842170715332, 21.945547103881836, 21.1280574798584, 10.89451789855957, 27.05217933654785, 14.863055229187012, 5.370935440063477, 45.12563705444336, 16.265579223632812, 6.199876308441162, 12.368849754333496, 7.50296688079834, 54.646690368652344, 66.3533706665039, 23.83592414855957, 18.04399299621582, 8.025054931640625, 43.13886642456055, 24.872447967529297, 18.37915802001953, 22.020668029785156, 6.905182838439941, 51.32879638671875, 33.89881896972656, 41.37713623046875, 23.59891128540039, 18.50691795349121, 60.348175048828125, 6.870901107788086, 21.774932861328125, 8.24914836883545, 11.781209945678711], "y_pred_Pauli": [112.54303741455078, 74.73766326904297, 104.65514373779297, 163.36752319335938, 94.0400619506836, 117.36165618896484, 187.918212890625, 86.68067169189453, 158.4607696533203, 124.30625915527344, 119.30154418945312, 105.8319320678711, 144.775634765625, 109.63008880615234, 91.71990966796875, 97.58360290527344, 153.4132537841797, 78.63783264160156, 75.28907775878906, 110.56600952148438, 150.10260009765625, 201.58497619628906, 158.5570526123047, 141.08935546875, 92.41940307617188, 158.66104125976562, 124.5783920288086, 96.48651885986328, 160.41957092285156, 72.76087188720703, 154.7579803466797, 110.11605072021484, 234.32432556152344, 149.53819274902344, 94.83988189697266, 212.5022430419922, 78.78675842285156, 141.19537353515625, 127.68997955322266, 103.20242309570312], "y_pred_elst": [-77.06525421142578, -59.216773986816406, -65.01351928710938, -98.9151840209961, -90.28777313232422, -89.29936981201172, -138.6634979248047, -85.851806640625, -108.2275619506836, -100.32459259033203, -97.46578216552734, -93.90596008300781, -85.02000427246094, -79.2157211303711, -75.95684814453125, -67.77294158935547, -102.98165893554688, -73.38800048828125, -51.438446044921875, -97.28266906738281, -89.40547943115234, -120.33760070800781, -93.5428466796875, -100.66458892822266, -85.25012969970703, -97.61532592773438, -79.05225372314453, -83.37615966796875, -107.39911651611328, -71.976318359375, -91.82954406738281, -69.16061401367188, -168.83580017089844, -106.48894500732422, -60.295082092285156, -134.85873413085938, -83.5665512084961, -98.41825866699219, -110.59487915039062, -104.4149169921875],