{"arm": "xgb28_delta_family", "family": "qmrxn20_e2", "fold": 1, "member": 4, "n_train": 159, "n_test": 40, "reaction_ids": ["qmrxn20_e2_E_C_E_E_B_C", "qmrxn20_e2_A_C_D_D_B_A", "qmrxn20_e2_A_A_A_E_C_C", "qmrxn20_e2_A_C_A_C_B_B", "qmrxn20_e2_E_A_C_D_C_A", "qmrxn20_e2_B_B_E_D_C_B", "qmrxn20_e2_C_C_E_C_A_A", "qmrxn20_e2_A_A_C_E_C_A", "qmrxn20_e2_A_E_E_E_C_B", "qmrxn20_e2_B_E_E_D_B_A", "qmrxn20_e2_B_E_D_A_B_A", "qmrxn20_e2_E_E_B_D_A_A", "qmrxn20_e2_C_A_A_D_A_B", "qmrxn20_e2_A_C_A_A_A_B", "qmrxn20_e2_C_C_A_E_B_A", "qmrxn20_e2_D_A_A_E_B_D", "qmrxn20_e2_E_A_D_C_C_B", "qmrxn20_e2_C_C_A_E_C_A", "qmrxn20_e2_A_A_A_A_C_A", "qmrxn20_e2_B_E_E_E_C_A", "qmrxn20_e2_A_C_C_E_B_C", "qmrxn20_e2_A_A_B_A_B_C", "qmrxn20_e2_D_D_A_D_B_B", "qmrxn20_e2_B_E_C_D_C_B", "qmrxn20_e2_B_B_E_E_C_A", "qmrxn20_e2_E_E_D_E_A_A", "qmrxn20_e2_B_A_A_A_A_B", "qmrxn20_e2_B_B_E_A_B_A", "qmrxn20_e2_A_E_E_D_C_B", "qmrxn20_e2_A_C_A_C_A_A", "qmrxn20_e2_D_D_A_C_C_C", "qmrxn20_e2_A_A_E_E_C_C", "qmrxn20_e2_C_C_D_C_B_A", "qmrxn20_e2_C_E_E_E_C_B", "qmrxn20_e2_A_A_A_A_B_A", "qmrxn20_e2_D_A_C_C_C_B", "qmrxn20_e2_C_A_A_C_B_A", "qmrxn20_e2_B_A_E_E_A_A", "qmrxn20_e2_E_D_B_C_C_B", "qmrxn20_e2_B_E_A_C_C_A"], "y_true_strain": [42.72238540649414, 4.355504035949707, 36.30810546875, 52.18648910522461, 14.460901260375977, 13.352800369262695, 28.9863338470459, 4.141033172607422, 21.54950714111328, 23.37235450744629, 23.346281051635742, 10.632720947265625, 26.994258880615234, 11.26274585723877, 8.05733585357666, 52.391544342041016, 15.151836395263672, 4.128406047821045, 9.645500183105469, 10.076201438903809, 58.66439437866211, 123.94690704345703, 22.184974670410156, 19.957929611206055, 5.974632263183594, 49.91974639892578, 23.08270263671875, 10.631532669067383, 22.735942840576172, 7.065834045410156, 54.70436477661133, 34.891319274902344, 46.542198181152344, 27.097515106201172, 14.768840789794922, 61.586753845214844, 6.716618061065674, 19.950658798217773, 3.8724405765533447, 15.258256912231445], "y_true_Pauli": [112.5999984741211, 77.19999694824219, 109.05999755859375, 202.77000427246094, 100.73999786376953, 115.33000183105469, 194.64999389648438, 83.2300033569336, 150.50999450683594, 130.61000061035156, 117.16999816894531, 101.36000061035156, 162.86000061035156, 120.31999969482422, 85.80000305175781, 92.38999938964844, 151.8800048828125, 77.18000030517578, 76.52999877929688, 99.61000061035156, 157.13999938964844, 162.05999755859375, 154.3699951171875, 139.47000122070312, 96.95999908447266, 162.9499969482422, 139.52000427246094, 100.44999694824219, 153.1999969482422, 84.45999908447266, 154.91000366210938, 109.75, 261.8299865722656, 142.8800048828125, 86.02999877929688, 226.32000732421875, 78.37999725341797, 126.37000274658203, 105.55999755859375, 114.62999725341797], "y_true_elst": [-80.55999755859375, -62.290000915527344, -65.9800033569336, -113.26000213623047, -90.16999816894531, -84.58999633789062, -139.8300018310547, -81.7300033569336, -104.1500015258789, -103.87999725341797, -94.91000366210938, -91.12999725341797, -95.66000366210938, -79.02999877929688, -79.63999938964844, -69.95999908447266, -107.4000015258789, -77.26000213623047, -52.459999084472656, -88.91999816894531, -97.2300033569336, -101.37999725341797, -90.31999969482422, -105.22000122070312, -90.91000366210938, -86.25, -89.37000274658203, -85.68000030517578, -103.58000183105469, -82.79000091552734, -89.69999694824219, -67.4000015258789, -168.8699951171875, -107.75, -54.400001525878906, -135.50999450683594, -81.2300033569336, -92.02999877929688, -99.55999755859375, -105.70999908447266], "y_true_oi": [-77.4800033569336, -43.459999084472656, -84.75, -186.4499969482422, -58.20000076293945, -81.70999908447266, -129.61000061035156, -44.970001220703125, -102.68000030517578, -80.2699966430664, -71.70999908447266, -60.4900016784668, -117.77999877929688, -68.27999877929688, -51.900001525878906, -62.7599983215332, -107.69999694824219, -45.209999084472656, -53.439998626708984, -58.5099983215332, -141.32000732421875, -196.16000366210938, -108.16000366210938, -96.51000213623047, -55.959999084472656, -138.36000061035156, -98.26000213623047, -61.41999816894531, -104.75, -48.880001068115234, -134.5, -82.52999877929688, -187.42999267578125, -98.18000030517578, -61.130001068115234, -222.6999969482422, -41.65999984741211, -88.93000030517578, -73.01000213623047, -68.43000030517578], "y_true_disp": [-4.179999828338623, -1.350000023841858, -2.440000057220459, -0.4099999964237213, -1.7300000190734863, -1.6399999856948853, -2.1700000762939453, -1.4299999475479126, -1.4299999475479126, -1.9800000190734863, -1.8300000429153442, -1.7799999713897705, -0.75, -1.5800000429153442, -1.2999999523162842, -4.090000152587891, -1.399999976158142, -1.25, -0.8600000143051147, -1.75, -2.8499999046325684, -1.2300000190734863, -1.2799999713897705, -1.7899999618530273, -1.6299999952316284, -1.5099999904632568, -0.9200000166893005, -1.399999976158142, -1.4299999475479126, -1.2000000476837158, -2.990000009536743, -2.940000057220459, -2.359999895095825, -1.659999966621399, -0.8899999856948853, -0.6000000238418579, -1.309999942779541, -1.6200000047683716, -2.140000104904175, -1.690000057220459], "y_pred_strain": [20.783401489257812, 3.7975192070007324, 49.82334899902344, 55.653160095214844, 9.500433921813965, 14.37227725982666, 34.35201644897461, 6.2743730545043945, 19.132238388061523, 20.93335723876953, 19.444530487060547, 10.092055320739746, 30.485721588134766, 19.12091636657715, 6.743952751159668, 43.3930778503418, 15.394086837768555, 7.544055461883545, 14.421510696411133, 8.149049758911133, 51.97002410888672, 84.46649932861328, 23.416900634765625, 17.188091278076172, 7.385562419891357, 42.350685119628906, 33.83717727661133, 18.030771255493164, 22.048805236816406, 9.598594665527344, 53.2448616027832, 34.811580657958984, 43.82240295410156, 23.629295349121094, 17.38851547241211, 64.49929809570312, 7.60028076171875, 23.689151763916016, 6.500759124755859, 11.10231876373291], "y_pred_Pauli": [109.535400390625, 78.12421417236328, 102.77436828613281, 161.6957244873047, 99.94913482666016, 122.15396881103516, 171.71812438964844, 84.8221206665039, 146.5452117919922, 117.9281005859375, 115.43927001953125, 105.99337005615234, 155.07070922851562, 113.04525756835938, 83.68243408203125, 107.97505187988281, 149.30018615722656, 83.35955810546875, 81.94149780273438, 99.32128143310547, 152.15902709960938, 186.03526306152344, 153.75711059570312, 143.9767303466797, 97.53462219238281, 153.65077209472656, 130.03627014160156, 99.00602722167969, 151.0500030517578, 78.67086791992188, 149.41464233398438, 111.5754165649414, 217.24339294433594, 141.57586669921875, 101.10852813720703, 207.78367614746094, 80.78961181640625, 129.97145080566406, 118.13793182373047, 105.07733917236328], "y_pred_elst": [-72.3207015991211, -63.74570083618164, -61.996498107910156, -93.68832397460938, -95.80735778808594, -93.17642211914062, -124.54275512695312, -86.10590362548828, -100.05307006835938, -96.48876190185547, -95.8719253540039, -94.97093963623047, -92.88550567626953, -80.19593811035156, -70.18338012695312, -75.74864959716797, -101.55410766601562, -77.55062866210938, -56.31226348876953, -90.21764373779297, -91.69837188720703, -97.90142059326172, -90.99945831298828, -103.92713165283203, -89.97503662109375, -95.54717254638672, -79.28767395019531, -86.69076538085938, -101.01278686523438, -75.89158630371094, -88.21382904052734, -69.94374084472656, -153.89549255371094, -100.86778259277344, -66.19132232666016, -129.4518585205078, -84.8857192993164, -89.73435974121094, -107.236083984375, -107.00852966308594],