{"arm": "xgb28_delta_family", "family": "qmrxn20_e2", "fold": 1, "member": 2, "n_train": 159, "n_test": 40, "reaction_ids": ["qmrxn20_e2_E_C_E_E_B_C", "qmrxn20_e2_A_C_D_D_B_A", "qmrxn20_e2_A_A_A_E_C_C", "qmrxn20_e2_A_C_A_C_B_B", "qmrxn20_e2_E_A_C_D_C_A", "qmrxn20_e2_B_B_E_D_C_B", "qmrxn20_e2_C_C_E_C_A_A", "qmrxn20_e2_A_A_C_E_C_A", "qmrxn20_e2_A_E_E_E_C_B", "qmrxn20_e2_B_E_E_D_B_A", "qmrxn20_e2_B_E_D_A_B_A", "qmrxn20_e2_E_E_B_D_A_A", "qmrxn20_e2_C_A_A_D_A_B", "qmrxn20_e2_A_C_A_A_A_B", "qmrxn20_e2_C_C_A_E_B_A", "qmrxn20_e2_D_A_A_E_B_D", "qmrxn20_e2_E_A_D_C_C_B", "qmrxn20_e2_C_C_A_E_C_A", "qmrxn20_e2_A_A_A_A_C_A", "qmrxn20_e2_B_E_E_E_C_A", "qmrxn20_e2_A_C_C_E_B_C", "qmrxn20_e2_A_A_B_A_B_C", "qmrxn20_e2_D_D_A_D_B_B", "qmrxn20_e2_B_E_C_D_C_B", "qmrxn20_e2_B_B_E_E_C_A", "qmrxn20_e2_E_E_D_E_A_A", "qmrxn20_e2_B_A_A_A_A_B", "qmrxn20_e2_B_B_E_A_B_A", "qmrxn20_e2_A_E_E_D_C_B", "qmrxn20_e2_A_C_A_C_A_A", "qmrxn20_e2_D_D_A_C_C_C", "qmrxn20_e2_A_A_E_E_C_C", "qmrxn20_e2_C_C_D_C_B_A", "qmrxn20_e2_C_E_E_E_C_B", "qmrxn20_e2_A_A_A_A_B_A", "qmrxn20_e2_D_A_C_C_C_B", "qmrxn20_e2_C_A_A_C_B_A", "qmrxn20_e2_B_A_E_E_A_A", "qmrxn20_e2_E_D_B_C_C_B", "qmrxn20_e2_B_E_A_C_C_A"], "y_true_strain": [42.72238540649414, 4.355504035949707, 36.30810546875, 52.18648910522461, 14.460901260375977, 13.352800369262695, 28.9863338470459, 4.141033172607422, 21.54950714111328, 23.37235450744629, 23.346281051635742, 10.632720947265625, 26.994258880615234, 11.26274585723877, 8.05733585357666, 52.391544342041016, 15.151836395263672, 4.128406047821045, 9.645500183105469, 10.076201438903809, 58.66439437866211, 123.94690704345703, 22.184974670410156, 19.957929611206055, 5.974632263183594, 49.91974639892578, 23.08270263671875, 10.631532669067383, 22.735942840576172, 7.065834045410156, 54.70436477661133, 34.891319274902344, 46.542198181152344, 27.097515106201172, 14.768840789794922, 61.586753845214844, 6.716618061065674, 19.950658798217773, 3.8724405765533447, 15.258256912231445], "y_true_Pauli": [112.5999984741211, 77.19999694824219, 109.05999755859375, 202.77000427246094, 100.73999786376953, 115.33000183105469, 194.64999389648438, 83.2300033569336, 150.50999450683594, 130.61000061035156, 117.16999816894531, 101.36000061035156, 162.86000061035156, 120.31999969482422, 85.80000305175781, 92.38999938964844, 151.8800048828125, 77.18000030517578, 76.52999877929688, 99.61000061035156, 157.13999938964844, 162.05999755859375, 154.3699951171875, 139.47000122070312, 96.95999908447266, 162.9499969482422, 139.52000427246094, 100.44999694824219, 153.1999969482422, 84.45999908447266, 154.91000366210938, 109.75, 261.8299865722656, 142.8800048828125, 86.02999877929688, 226.32000732421875, 78.37999725341797, 126.37000274658203, 105.55999755859375, 114.62999725341797], "y_true_elst": [-80.55999755859375, -62.290000915527344, -65.9800033569336, -113.26000213623047, -90.16999816894531, -84.58999633789062, -139.8300018310547, -81.7300033569336, -104.1500015258789, -103.87999725341797, -94.91000366210938, -91.12999725341797, -95.66000366210938, -79.02999877929688, -79.63999938964844, -69.95999908447266, -107.4000015258789, -77.26000213623047, -52.459999084472656, -88.91999816894531, -97.2300033569336, -101.37999725341797, -90.31999969482422, -105.22000122070312, -90.91000366210938, -86.25, -89.37000274658203, -85.68000030517578, -103.58000183105469, -82.79000091552734, -89.69999694824219, -67.4000015258789, -168.8699951171875, -107.75, -54.400001525878906, -135.50999450683594, -81.2300033569336, -92.02999877929688, -99.55999755859375, -105.70999908447266], "y_true_oi": [-77.4800033569336, -43.459999084472656, -84.75, -186.4499969482422, -58.20000076293945, -81.70999908447266, -129.61000061035156, -44.970001220703125, -102.68000030517578, -80.2699966430664, -71.70999908447266, -60.4900016784668, -117.77999877929688, -68.27999877929688, -51.900001525878906, -62.7599983215332, -107.69999694824219, -45.209999084472656, -53.439998626708984, -58.5099983215332, -141.32000732421875, -196.16000366210938, -108.16000366210938, -96.51000213623047, -55.959999084472656, -138.36000061035156, -98.26000213623047, -61.41999816894531, -104.75, -48.880001068115234, -134.5, -82.52999877929688, -187.42999267578125, -98.18000030517578, -61.130001068115234, -222.6999969482422, -41.65999984741211, -88.93000030517578, -73.01000213623047, -68.43000030517578], "y_true_disp": [-4.179999828338623, -1.350000023841858, -2.440000057220459, -0.4099999964237213, -1.7300000190734863, -1.6399999856948853, -2.1700000762939453, -1.4299999475479126, -1.4299999475479126, -1.9800000190734863, -1.8300000429153442, -1.7799999713897705, -0.75, -1.5800000429153442, -1.2999999523162842, -4.090000152587891, -1.399999976158142, -1.25, -0.8600000143051147, -1.75, -2.8499999046325684, -1.2300000190734863, -1.2799999713897705, -1.7899999618530273, -1.6299999952316284, -1.5099999904632568, -0.9200000166893005, -1.399999976158142, -1.4299999475479126, -1.2000000476837158, -2.990000009536743, -2.940000057220459, -2.359999895095825, -1.659999966621399, -0.8899999856948853, -0.6000000238418579, -1.309999942779541, -1.6200000047683716, -2.140000104904175, -1.690000057220459], "y_pred_strain": [22.181941986083984, 4.926271915435791, 44.62099075317383, 47.34775161743164, 10.861526489257812, 14.375971794128418, 35.27996826171875, 7.200558185577393, 19.972030639648438, 22.054607391357422, 20.8523006439209, 10.770176887512207, 26.84686279296875, 15.073094367980957, 6.875743865966797, 45.23771667480469, 15.890493392944336, 6.062011241912842, 12.847691535949707, 8.119235038757324, 54.899662017822266, 67.29325103759766, 24.02704620361328, 18.003324508666992, 8.306185722351074, 42.65513229370117, 25.295869827270508, 18.795209884643555, 22.942890167236328, 7.318613052368164, 51.63225173950195, 34.44084167480469, 45.95127487182617, 24.403980255126953, 18.797555923461914, 62.093997955322266, 7.635736465454102, 23.131216049194336, 7.944504737854004, 11.45313835144043], "y_pred_Pauli": [111.40153503417969, 76.92134857177734, 111.84626770019531, 170.28189086914062, 99.31571960449219, 122.69943237304688, 174.7677001953125, 81.27936553955078, 151.87142944335938, 119.76007843017578, 117.66828155517578, 99.73033142089844, 159.5630645751953, 114.16129302978516, 81.49186706542969, 103.25840759277344, 154.2416534423828, 83.0715560913086, 74.20869445800781, 102.91203308105469, 155.04212951660156, 202.76181030273438, 151.68429565429688, 143.3649139404297, 81.88323974609375, 156.2789764404297, 135.290771484375, 91.94060516357422, 157.05723571777344, 77.60009002685547, 152.4390106201172, 117.19556427001953, 221.7745361328125, 144.08798217773438, 95.76187133789062, 209.0487060546875, 73.99420928955078, 136.51736450195312, 118.47969055175781, 105.23206329345703], "y_pred_elst": [-74.7014389038086, -60.992645263671875, -70.53716278076172, -103.31468963623047, -94.49459838867188, -93.17801666259766, -126.58539581298828, -81.2339096069336, -103.3382568359375, -98.0020980834961, -97.58340454101562, -88.94164276123047, -96.98252868652344, -81.20916748046875, -68.0550308227539, -73.21600341796875, -104.7505111694336, -77.72982025146484, -47.85356903076172, -93.58062744140625, -93.81539916992188, -118.47105407714844, -88.36088562011719, -102.70648956298828, -76.56910705566406, -97.46231079101562, -84.93814849853516, -79.33634185791016, -104.7787094116211, -73.90242767333984, -89.83708190917969, -74.305908203125, -157.34417724609375, -103.09281921386719, -59.08758544921875, -130.95968627929688, -76.17501831054688, -94.9548568725586, -107.277099609375, -106.44757843017578],