{"arm": "xgb28_delta_family", "family": "dipolar", "fold": 3, "member": 2, "n_train": 158, "n_test": 39, "reaction_ids": ["dipolar_002784", "dipolar_002468", "dipolar_004892", "dipolar_001504", "dipolar_001699", "dipolar_005356", "dipolar_002817", "dipolar_001906", "dipolar_004770", "dipolar_004447", "dipolar_003719", "dipolar_005446", "dipolar_003520", "dipolar_001930", "dipolar_004087", "dipolar_000155", "dipolar_003512", "dipolar_004383", "dipolar_001545", "dipolar_000034", "dipolar_001156", "dipolar_003596", "dipolar_000360", "dipolar_005361", "dipolar_001374", "dipolar_002058", "dipolar_004752", "dipolar_000984", "dipolar_001824", "dipolar_004919", "dipolar_003948", "dipolar_004582", "dipolar_002978", "dipolar_004662", "dipolar_000160", "dipolar_004359", "dipolar_001158", "dipolar_005133", "dipolar_001520"], "y_true_strain": [82.90496826171875, 73.4078598022461, 14.549379348754883, 7.414543628692627, 16.99564552307129, 18.834482192993164, 22.09829330444336, 6.426731586456299, 7.492210388183594, 75.59294891357422, 25.893478393554688, 22.016557693481445, 6.803714275360107, 18.326154708862305, 62.23478317260742, 32.474342346191406, 8.071401596069336, 88.28306579589844, 57.17848205566406, 3.8328094482421875, 58.214576721191406, 93.45462799072266, 14.756612777709961, 64.90074920654297, 79.86302947998047, 9.150917053222656, 5.0053181648254395, 9.44556713104248, 7.076144695281982, 42.6967658996582, 14.255831718444824, 57.447021484375, 9.320016860961914, 19.253883361816406, 11.626304626464844, 24.292987823486328, 19.572126388549805, 16.46773338317871, 13.73504638671875], "y_true_Pauli": [193.6300048828125, 231.42999267578125, 55.88999938964844, 48.04999923706055, 40.95000076293945, 64.5199966430664, 56.18000030517578, 38.5, 25.760000228881836, 168.35000610351562, 37.4900016784668, 37.84000015258789, 49.790000915527344, 65.48999786376953, 222.6699981689453, 138.38999938964844, 29.43000030517578, 475.6700134277344, 172.66000366210938, 29.110000610351562, 126.30999755859375, 196.2899932861328, 37.09000015258789, 308.010009765625, 230.7899932861328, 26.940000534057617, 56.79999923706055, 27.1299991607666, 35.349998474121094, 231.4600067138672, 32.91999816894531, 249.27999877929688, 45.2599983215332, 42.2599983215332, 41.869998931884766, 51.15999984741211, 95.43000030517578, 43.33000183105469, 33.95000076293945], "y_true_elst": [-100.54000091552734, -116.16000366210938, -25.389999389648438, -21.770000457763672, -23.809999465942383, -30.43000030517578, -31.31999969482422, -14.489999771118164, -12.84000015258789, -86.94999694824219, -16.969999313354492, -19.190000534057617, -23.3700008392334, -36.83000183105469, -115.08000183105469, -70.66999816894531, -13.40999984741211, -220.82000732421875, -90.19999694824219, -12.859999656677246, -67.73999786376953, -101.04000091552734, -19.8799991607666, -150.0399932861328, -113.69000244140625, -13.210000038146973, -24.100000381469727, -12.539999961853027, -16.079999923706055, -111.6500015258789, -14.420000076293945, -126.91999816894531, -20.170000076293945, -17.799999237060547, -18.899999618530273, -20.700000762939453, -49.470001220703125, -18.68000030517578, -15.579999923706055], "y_true_oi": [-142.8800048828125, -149.75999450683594, -21.34000015258789, -11.369999885559082, -13.119999885559082, -19.270000457763672, -15.789999961853027, -10.65999984741211, -6.0, -141.80999755859375, -10.680000305175781, -11.34000015258789, -11.420000076293945, -22.329999923706055, -154.97999572753906, -87.01000213623047, -6.809999942779541, -319.1300048828125, -117.45999908447266, -8.930000305175781, -102.69000244140625, -176.0399932861328, -8.979999542236328, -214.1999969482422, -178.1699981689453, -7.179999828338623, -20.540000915527344, -8.199999809265137, -8.260000228881836, -143.97999572753906, -7.309999942779541, -168.0800018310547, -10.489999771118164, -10.300000190734863, -9.270000457763672, -13.65999984741211, -60.369998931884766, -12.319999694824219, -13.619999885559082], "y_true_disp": [-24.389999389648438, -30.030000686645508, -17.579999923706055, -15.449999809265137, -15.130000114440918, -22.8799991607666, -21.40999984741211, -19.90999984741211, -17.049999237060547, -11.520000457763672, -15.010000228881836, -23.34000015258789, -14.390000343322754, -24.790000915527344, -17.719999313354492, -15.430000305175781, -14.09000015258789, -18.40999984741211, -18.260000228881836, -9.710000038146973, -16.799999237060547, -9.729999542236328, -14.149999618530273, -22.139999389648438, -22.729999542236328, -16.09000015258789, -20.899999618530273, -17.670000076293945, -21.18000030517578, -18.920000076293945, -16.8799991607666, -15.539999961853027, -23.780000686645508, -19.06999969482422, -12.699999809265137, -22.040000915527344, -19.670000076293945, -22.899999618530273, -18.18000030517578], "y_pred_strain": [67.68152618408203, 70.17060852050781, 24.035133361816406, 13.210566520690918, 10.848392486572266, 14.424729347229004, 26.344547271728516, 10.563729286193848, 9.7551851272583, 66.69265747070312, 9.328824043273926, 14.344420433044434, 8.906861305236816, 16.93870735168457, 60.817291259765625, 40.98970413208008, 7.716111183166504, 112.51182556152344, 54.25620651245117, 8.869568824768066, 41.25181579589844, 66.15576934814453, 7.318597793579102, 71.13516998291016, 60.569400787353516, 9.370918273925781, 13.060407638549805, 8.368123054504395, 10.196966171264648, 49.39928436279297, 11.715917587280273, 69.95927429199219, 13.25951862335205, 12.94760513305664, 7.032317161560059, 14.839917182922363, 29.389692306518555, 14.069646835327148, 15.894464492797852], "y_pred_Pauli": [226.53021240234375, 225.56234741210938, 66.71693420410156, 46.90473175048828, 40.68540954589844, 62.35965347290039, 53.472198486328125, 41.630584716796875, 31.89777946472168, 181.36329650878906, 38.15538024902344, 40.31431579589844, 44.18458938598633, 73.67657470703125, 224.3159942626953, 133.33038330078125, 28.516572952270508, 463.023193359375, 171.97247314453125, 31.32704734802246, 163.96185302734375, 240.7964324951172, 36.11094665527344, 295.5513610839844, 230.671875, 40.88546371459961, 53.568912506103516, 31.21941566467285, 31.47210693359375, 172.7442626953125, 42.14034652709961, 221.5583953857422, 50.873390197753906, 46.41458511352539, 35.914127349853516, 83.8244400024414, 128.89630126953125, 46.755855560302734, 31.954177856445312], "y_pred_elst": [-110.2812728881836, -136.72312927246094, -31.24500846862793, -25.319543838500977, -22.545278549194336, -28.244226455688477, -30.006946563720703, -14.537590980529785, -15.957523345947266, -95.08018493652344, -15.961559295654297, -19.295848846435547, -19.60548973083496, -39.19403839111328, -114.66813659667969, -72.88861083984375, -11.697981834411621, -221.3822784423828, -89.49105834960938, -15.915740013122559, -83.46965026855469, -125.90335845947266, -16.965232849121094, -137.26187133789062, -113.16804504394531, -18.106937408447266, -23.6500301361084, -13.997493743896484, -13.985649108886719, -91.04076385498047, -16.21064567565918, -110.4210205078125, -19.15397071838379, -21.536211013793945, -14.776161193847656, -37.403282165527344, -62.706939697265625, -21.28852653503418, -17.023271560668945], "y_pred_oi": [-151.2530517578125, -140.4563751220703, -27.995277404785156, -11.77226448059082, -11.740255355834961, -19.67205238342285, -14.606497764587402, -11.24294376373291, -7.023284912109375, -138.0805206298828, -7.711704730987549, -10.000248908996582, -12.640003204345703, -22.058265686035156, -160.15121459960938, -84.44189453125, -4.825657844543457, -298.66558837890625, -125.31291961669922, -8.762429237365723, -118.21204376220703, -172.93505859375, -6.878336429595947, -215.9132843017578, -178.14450073242188, -9.910812377929688, -31.768423080444336, -8.39011001586914, -6.389992713928223, -121.55059814453125, -10.094049453735352, -163.86123657226562, -10.309494972229004, -12.744758605957031, -8.84472370147705, -19.84710693359375, -72.14152526855469, -10.219733238220215, -18.979969024658203],