{"arm": "xgb28_delta_family", "family": "dipolar", "fold": 3, "member": 3, "n_train": 158, "n_test": 39, "reaction_ids": ["dipolar_002784", "dipolar_002468", "dipolar_004892", "dipolar_001504", "dipolar_001699", "dipolar_005356", "dipolar_002817", "dipolar_001906", "dipolar_004770", "dipolar_004447", "dipolar_003719", "dipolar_005446", "dipolar_003520", "dipolar_001930", "dipolar_004087", "dipolar_000155", "dipolar_003512", "dipolar_004383", "dipolar_001545", "dipolar_000034", "dipolar_001156", "dipolar_003596", "dipolar_000360", "dipolar_005361", "dipolar_001374", "dipolar_002058", "dipolar_004752", "dipolar_000984", "dipolar_001824", "dipolar_004919", "dipolar_003948", "dipolar_004582", "dipolar_002978", "dipolar_004662", "dipolar_000160", "dipolar_004359", "dipolar_001158", "dipolar_005133", "dipolar_001520"], "y_true_strain": [82.90496826171875, 73.4078598022461, 14.549379348754883, 7.414543628692627, 16.99564552307129, 18.834482192993164, 22.09829330444336, 6.426731586456299, 7.492210388183594, 75.59294891357422, 25.893478393554688, 22.016557693481445, 6.803714275360107, 18.326154708862305, 62.23478317260742, 32.474342346191406, 8.071401596069336, 88.28306579589844, 57.17848205566406, 3.8328094482421875, 58.214576721191406, 93.45462799072266, 14.756612777709961, 64.90074920654297, 79.86302947998047, 9.150917053222656, 5.0053181648254395, 9.44556713104248, 7.076144695281982, 42.6967658996582, 14.255831718444824, 57.447021484375, 9.320016860961914, 19.253883361816406, 11.626304626464844, 24.292987823486328, 19.572126388549805, 16.46773338317871, 13.73504638671875], "y_true_Pauli": [193.6300048828125, 231.42999267578125, 55.88999938964844, 48.04999923706055, 40.95000076293945, 64.5199966430664, 56.18000030517578, 38.5, 25.760000228881836, 168.35000610351562, 37.4900016784668, 37.84000015258789, 49.790000915527344, 65.48999786376953, 222.6699981689453, 138.38999938964844, 29.43000030517578, 475.6700134277344, 172.66000366210938, 29.110000610351562, 126.30999755859375, 196.2899932861328, 37.09000015258789, 308.010009765625, 230.7899932861328, 26.940000534057617, 56.79999923706055, 27.1299991607666, 35.349998474121094, 231.4600067138672, 32.91999816894531, 249.27999877929688, 45.2599983215332, 42.2599983215332, 41.869998931884766, 51.15999984741211, 95.43000030517578, 43.33000183105469, 33.95000076293945], "y_true_elst": [-100.54000091552734, -116.16000366210938, -25.389999389648438, -21.770000457763672, -23.809999465942383, -30.43000030517578, -31.31999969482422, -14.489999771118164, -12.84000015258789, -86.94999694824219, -16.969999313354492, -19.190000534057617, -23.3700008392334, -36.83000183105469, -115.08000183105469, -70.66999816894531, -13.40999984741211, -220.82000732421875, -90.19999694824219, -12.859999656677246, -67.73999786376953, -101.04000091552734, -19.8799991607666, -150.0399932861328, -113.69000244140625, -13.210000038146973, -24.100000381469727, -12.539999961853027, -16.079999923706055, -111.6500015258789, -14.420000076293945, -126.91999816894531, -20.170000076293945, -17.799999237060547, -18.899999618530273, -20.700000762939453, -49.470001220703125, -18.68000030517578, -15.579999923706055], "y_true_oi": [-142.8800048828125, -149.75999450683594, -21.34000015258789, -11.369999885559082, -13.119999885559082, -19.270000457763672, -15.789999961853027, -10.65999984741211, -6.0, -141.80999755859375, -10.680000305175781, -11.34000015258789, -11.420000076293945, -22.329999923706055, -154.97999572753906, -87.01000213623047, -6.809999942779541, -319.1300048828125, -117.45999908447266, -8.930000305175781, -102.69000244140625, -176.0399932861328, -8.979999542236328, -214.1999969482422, -178.1699981689453, -7.179999828338623, -20.540000915527344, -8.199999809265137, -8.260000228881836, -143.97999572753906, -7.309999942779541, -168.0800018310547, -10.489999771118164, -10.300000190734863, -9.270000457763672, -13.65999984741211, -60.369998931884766, -12.319999694824219, -13.619999885559082], "y_true_disp": [-24.389999389648438, -30.030000686645508, -17.579999923706055, -15.449999809265137, -15.130000114440918, -22.8799991607666, -21.40999984741211, -19.90999984741211, -17.049999237060547, -11.520000457763672, -15.010000228881836, -23.34000015258789, -14.390000343322754, -24.790000915527344, -17.719999313354492, -15.430000305175781, -14.09000015258789, -18.40999984741211, -18.260000228881836, -9.710000038146973, -16.799999237060547, -9.729999542236328, -14.149999618530273, -22.139999389648438, -22.729999542236328, -16.09000015258789, -20.899999618530273, -17.670000076293945, -21.18000030517578, -18.920000076293945, -16.8799991607666, -15.539999961853027, -23.780000686645508, -19.06999969482422, -12.699999809265137, -22.040000915527344, -19.670000076293945, -22.899999618530273, -18.18000030517578], "y_pred_strain": [67.71504974365234, 69.49681854248047, 23.919742584228516, 12.588127136230469, 10.322070121765137, 13.668357849121094, 26.58205795288086, 9.45113468170166, 8.468339920043945, 65.80781555175781, 8.818620681762695, 14.254364967346191, 7.732267379760742, 17.255332946777344, 60.00921630859375, 40.85218811035156, 6.82815408706665, 112.01786041259766, 53.83407211303711, 8.83491039276123, 39.177005767822266, 65.81961059570312, 6.613224506378174, 70.32576751708984, 60.84073257446289, 8.883719444274902, 11.745505332946777, 8.518939971923828, 9.367673873901367, 49.09889221191406, 10.84293270111084, 70.20685577392578, 11.982590675354004, 12.879417419433594, 7.894357681274414, 14.274971008300781, 27.139314651489258, 13.600323677062988, 15.725467681884766], "y_pred_Pauli": [226.36099243164062, 225.67987060546875, 66.55430603027344, 46.43803787231445, 40.184120178222656, 63.58129119873047, 52.9340705871582, 41.36183547973633, 32.1070442199707, 180.95712280273438, 38.79409408569336, 40.32977294921875, 45.954811096191406, 73.17842102050781, 224.61380004882812, 133.18223571777344, 29.345684051513672, 463.4791259765625, 171.863525390625, 31.188446044921875, 165.09124755859375, 240.288330078125, 36.004207611083984, 296.02630615234375, 230.5347442626953, 40.682952880859375, 54.94763946533203, 30.424381256103516, 32.736873626708984, 172.0177001953125, 43.226871490478516, 221.28964233398438, 51.382083892822266, 46.2874755859375, 34.678436279296875, 84.5126724243164, 130.94764709472656, 47.21065902709961, 31.24081802368164], "y_pred_elst": [-109.92265319824219, -136.43255615234375, -30.731807708740234, -24.504337310791016, -21.728782653808594, -28.417320251464844, -29.397668838500977, -13.765506744384766, -15.594308853149414, -94.24835205078125, -15.483458518981934, -18.498523712158203, -20.497453689575195, -38.58958053588867, -114.49799346923828, -72.47929382324219, -10.591723442077637, -221.41693115234375, -89.0250015258789, -15.390880584716797, -83.70724487304688, -125.1474609375, -16.51884651184082, -137.22784423828125, -112.64026641845703, -17.618202209472656, -24.341489791870117, -12.201679229736328, -14.37423324584961, -89.97879028320312, -15.656808853149414, -109.93282318115234, -19.068384170532227, -20.84308624267578, -12.968555450439453, -37.19218826293945, -63.71567153930664, -21.181074142456055, -16.044130325317383], "y_pred_oi": [-150.8202362060547, -140.40902709960938, -27.57350730895996, -11.171836853027344, -11.064203262329102, -20.447416305541992, -13.604331016540527, -11.064032554626465, -7.361043930053711, -137.674560546875, -7.893946170806885, -9.600061416625977, -14.16783618927002, -21.053102493286133, -160.32005310058594, -84.06940460205078, -5.0126543045043945, -298.91748046875, -124.98522186279297, -8.454955101013184, -119.62415313720703, -172.1880340576172, -6.783760070800781, -216.295654296875, -177.52894592285156, -9.559907913208008, -33.11686325073242, -7.187524318695068, -7.315808296203613, -120.35107421875, -10.609468460083008, -163.08880615234375, -10.891332626342773, -12.309019088745117, -6.950422763824463, -20.18866729736328, -74.33232879638672, -10.422040939331055, -17.79405975341797],