{"arm": "xgb28_delta_family", "family": "dipolar", "fold": 3, "member": 0, "n_train": 158, "n_test": 39, "reaction_ids": ["dipolar_002784", "dipolar_002468", "dipolar_004892", "dipolar_001504", "dipolar_001699", "dipolar_005356", "dipolar_002817", "dipolar_001906", "dipolar_004770", "dipolar_004447", "dipolar_003719", "dipolar_005446", "dipolar_003520", "dipolar_001930", "dipolar_004087", "dipolar_000155", "dipolar_003512", "dipolar_004383", "dipolar_001545", "dipolar_000034", "dipolar_001156", "dipolar_003596", "dipolar_000360", "dipolar_005361", "dipolar_001374", "dipolar_002058", "dipolar_004752", "dipolar_000984", "dipolar_001824", "dipolar_004919", "dipolar_003948", "dipolar_004582", "dipolar_002978", "dipolar_004662", "dipolar_000160", "dipolar_004359", "dipolar_001158", "dipolar_005133", "dipolar_001520"], "y_true_strain": [82.90496826171875, 73.4078598022461, 14.549379348754883, 7.414543628692627, 16.99564552307129, 18.834482192993164, 22.09829330444336, 6.426731586456299, 7.492210388183594, 75.59294891357422, 25.893478393554688, 22.016557693481445, 6.803714275360107, 18.326154708862305, 62.23478317260742, 32.474342346191406, 8.071401596069336, 88.28306579589844, 57.17848205566406, 3.8328094482421875, 58.214576721191406, 93.45462799072266, 14.756612777709961, 64.90074920654297, 79.86302947998047, 9.150917053222656, 5.0053181648254395, 9.44556713104248, 7.076144695281982, 42.6967658996582, 14.255831718444824, 57.447021484375, 9.320016860961914, 19.253883361816406, 11.626304626464844, 24.292987823486328, 19.572126388549805, 16.46773338317871, 13.73504638671875], "y_true_Pauli": [193.6300048828125, 231.42999267578125, 55.88999938964844, 48.04999923706055, 40.95000076293945, 64.5199966430664, 56.18000030517578, 38.5, 25.760000228881836, 168.35000610351562, 37.4900016784668, 37.84000015258789, 49.790000915527344, 65.48999786376953, 222.6699981689453, 138.38999938964844, 29.43000030517578, 475.6700134277344, 172.66000366210938, 29.110000610351562, 126.30999755859375, 196.2899932861328, 37.09000015258789, 308.010009765625, 230.7899932861328, 26.940000534057617, 56.79999923706055, 27.1299991607666, 35.349998474121094, 231.4600067138672, 32.91999816894531, 249.27999877929688, 45.2599983215332, 42.2599983215332, 41.869998931884766, 51.15999984741211, 95.43000030517578, 43.33000183105469, 33.95000076293945], "y_true_elst": [-100.54000091552734, -116.16000366210938, -25.389999389648438, -21.770000457763672, -23.809999465942383, -30.43000030517578, -31.31999969482422, -14.489999771118164, -12.84000015258789, -86.94999694824219, -16.969999313354492, -19.190000534057617, -23.3700008392334, -36.83000183105469, -115.08000183105469, -70.66999816894531, -13.40999984741211, -220.82000732421875, -90.19999694824219, -12.859999656677246, -67.73999786376953, -101.04000091552734, -19.8799991607666, -150.0399932861328, -113.69000244140625, -13.210000038146973, -24.100000381469727, -12.539999961853027, -16.079999923706055, -111.6500015258789, -14.420000076293945, -126.91999816894531, -20.170000076293945, -17.799999237060547, -18.899999618530273, -20.700000762939453, -49.470001220703125, -18.68000030517578, -15.579999923706055], "y_true_oi": [-142.8800048828125, -149.75999450683594, -21.34000015258789, -11.369999885559082, -13.119999885559082, -19.270000457763672, -15.789999961853027, -10.65999984741211, -6.0, -141.80999755859375, -10.680000305175781, -11.34000015258789, -11.420000076293945, -22.329999923706055, -154.97999572753906, -87.01000213623047, -6.809999942779541, -319.1300048828125, -117.45999908447266, -8.930000305175781, -102.69000244140625, -176.0399932861328, -8.979999542236328, -214.1999969482422, -178.1699981689453, -7.179999828338623, -20.540000915527344, -8.199999809265137, -8.260000228881836, -143.97999572753906, -7.309999942779541, -168.0800018310547, -10.489999771118164, -10.300000190734863, -9.270000457763672, -13.65999984741211, -60.369998931884766, -12.319999694824219, -13.619999885559082], "y_true_disp": [-24.389999389648438, -30.030000686645508, -17.579999923706055, -15.449999809265137, -15.130000114440918, -22.8799991607666, -21.40999984741211, -19.90999984741211, -17.049999237060547, -11.520000457763672, -15.010000228881836, -23.34000015258789, -14.390000343322754, -24.790000915527344, -17.719999313354492, -15.430000305175781, -14.09000015258789, -18.40999984741211, -18.260000228881836, -9.710000038146973, -16.799999237060547, -9.729999542236328, -14.149999618530273, -22.139999389648438, -22.729999542236328, -16.09000015258789, -20.899999618530273, -17.670000076293945, -21.18000030517578, -18.920000076293945, -16.8799991607666, -15.539999961853027, -23.780000686645508, -19.06999969482422, -12.699999809265137, -22.040000915527344, -19.670000076293945, -22.899999618530273, -18.18000030517578], "y_pred_strain": [68.22452545166016, 70.57842254638672, 24.558643341064453, 13.948843002319336, 11.76197338104248, 14.68598461151123, 27.218273162841797, 11.51115608215332, 9.824420928955078, 67.2100601196289, 9.413057327270508, 14.607345581054688, 8.266953468322754, 18.430177688598633, 61.261741638183594, 41.197235107421875, 7.538872718811035, 112.23641967773438, 54.804561614990234, 8.738850593566895, 41.05733108520508, 66.80577850341797, 7.808216571807861, 71.2296142578125, 61.56317138671875, 10.234955787658691, 12.858476638793945, 8.143073081970215, 9.4380464553833, 50.71622085571289, 11.223798751831055, 70.7867660522461, 13.870610237121582, 13.341615676879883, 7.715004920959473, 15.65716552734375, 28.356595993041992, 14.50489330291748, 17.367816925048828], "y_pred_Pauli": [226.48060607910156, 227.6616973876953, 66.84956359863281, 49.44929122924805, 42.25053024291992, 60.858551025390625, 55.698848724365234, 41.350284576416016, 34.70890426635742, 184.65414428710938, 37.47133255004883, 39.73734664916992, 45.56365966796875, 72.25077056884766, 225.41404724121094, 135.4081573486328, 27.88507080078125, 466.36456298828125, 173.3696746826172, 32.31842041015625, 165.23635864257812, 244.46409606933594, 36.65345764160156, 296.8949279785156, 228.55723571777344, 40.955780029296875, 53.975791931152344, 33.07928466796875, 34.480125427246094, 175.8602294921875, 42.605613708496094, 222.1416778564453, 50.166439056396484, 45.89768981933594, 36.14884948730469, 80.7523193359375, 132.64193725585938, 45.954307556152344, 33.16813659667969], "y_pred_elst": [-110.2590560913086, -138.68875122070312, -31.326984405517578, -27.892261505126953, -24.233402252197266, -26.132020950317383, -32.29708480834961, -14.37812328338623, -18.583175659179688, -98.30172729492188, -14.790921211242676, -18.458383560180664, -20.381668090820312, -37.93709945678711, -115.63104248046875, -74.86857604980469, -10.28998851776123, -224.39047241210938, -90.8488998413086, -16.80344581604004, -84.41598510742188, -129.501708984375, -17.54807472229004, -138.38107299804688, -110.95037078857422, -18.26380157470703, -23.659090042114258, -15.6499605178833, -16.41245460510254, -94.24852752685547, -15.962793350219727, -111.00834655761719, -18.299577713012695, -20.877405166625977, -15.084881782531738, -33.810516357421875, -65.78380584716797, -20.24185562133789, -18.47610855102539], "y_pred_oi": [-150.6573486328125, -141.0355987548828, -27.46096420288086, -12.333237648010254, -11.671846389770508, -18.25285530090332, -14.887714385986328, -10.162915229797363, -8.291605949401855, -139.1924591064453, -6.967548370361328, -9.246116638183594, -13.682297706604004, -19.839052200317383, -160.16754150390625, -85.23066711425781, -4.2345428466796875, -300.4863586425781, -125.43538665771484, -9.32889175415039, -118.88420867919922, -174.10926818847656, -6.657222747802734, -216.36680603027344, -175.9115753173828, -9.083447456359863, -31.956226348876953, -9.4506254196167, -8.42011833190918, -121.87081146240234, -10.442793846130371, -163.29241943359375, -9.190089225769043, -11.948301315307617, -8.280991554260254, -17.05723762512207, -74.80290985107422, -9.175395965576172, -18.236770629882812],