{"arm": "xgb28_delta_family", "family": "dipolar", "fold": 3, "member": 4, "n_train": 158, "n_test": 39, "reaction_ids": ["dipolar_002784", "dipolar_002468", "dipolar_004892", "dipolar_001504", "dipolar_001699", "dipolar_005356", "dipolar_002817", "dipolar_001906", "dipolar_004770", "dipolar_004447", "dipolar_003719", "dipolar_005446", "dipolar_003520", "dipolar_001930", "dipolar_004087", "dipolar_000155", "dipolar_003512", "dipolar_004383", "dipolar_001545", "dipolar_000034", "dipolar_001156", "dipolar_003596", "dipolar_000360", "dipolar_005361", "dipolar_001374", "dipolar_002058", "dipolar_004752", "dipolar_000984", "dipolar_001824", "dipolar_004919", "dipolar_003948", "dipolar_004582", "dipolar_002978", "dipolar_004662", "dipolar_000160", "dipolar_004359", "dipolar_001158", "dipolar_005133", "dipolar_001520"], "y_true_strain": [82.90496826171875, 73.4078598022461, 14.549379348754883, 7.414543628692627, 16.99564552307129, 18.834482192993164, 22.09829330444336, 6.426731586456299, 7.492210388183594, 75.59294891357422, 25.893478393554688, 22.016557693481445, 6.803714275360107, 18.326154708862305, 62.23478317260742, 32.474342346191406, 8.071401596069336, 88.28306579589844, 57.17848205566406, 3.8328094482421875, 58.214576721191406, 93.45462799072266, 14.756612777709961, 64.90074920654297, 79.86302947998047, 9.150917053222656, 5.0053181648254395, 9.44556713104248, 7.076144695281982, 42.6967658996582, 14.255831718444824, 57.447021484375, 9.320016860961914, 19.253883361816406, 11.626304626464844, 24.292987823486328, 19.572126388549805, 16.46773338317871, 13.73504638671875], "y_true_Pauli": [193.6300048828125, 231.42999267578125, 55.88999938964844, 48.04999923706055, 40.95000076293945, 64.5199966430664, 56.18000030517578, 38.5, 25.760000228881836, 168.35000610351562, 37.4900016784668, 37.84000015258789, 49.790000915527344, 65.48999786376953, 222.6699981689453, 138.38999938964844, 29.43000030517578, 475.6700134277344, 172.66000366210938, 29.110000610351562, 126.30999755859375, 196.2899932861328, 37.09000015258789, 308.010009765625, 230.7899932861328, 26.940000534057617, 56.79999923706055, 27.1299991607666, 35.349998474121094, 231.4600067138672, 32.91999816894531, 249.27999877929688, 45.2599983215332, 42.2599983215332, 41.869998931884766, 51.15999984741211, 95.43000030517578, 43.33000183105469, 33.95000076293945], "y_true_elst": [-100.54000091552734, -116.16000366210938, -25.389999389648438, -21.770000457763672, -23.809999465942383, -30.43000030517578, -31.31999969482422, -14.489999771118164, -12.84000015258789, -86.94999694824219, -16.969999313354492, -19.190000534057617, -23.3700008392334, -36.83000183105469, -115.08000183105469, -70.66999816894531, -13.40999984741211, -220.82000732421875, -90.19999694824219, -12.859999656677246, -67.73999786376953, -101.04000091552734, -19.8799991607666, -150.0399932861328, -113.69000244140625, -13.210000038146973, -24.100000381469727, -12.539999961853027, -16.079999923706055, -111.6500015258789, -14.420000076293945, -126.91999816894531, -20.170000076293945, -17.799999237060547, -18.899999618530273, -20.700000762939453, -49.470001220703125, -18.68000030517578, -15.579999923706055], "y_true_oi": [-142.8800048828125, -149.75999450683594, -21.34000015258789, -11.369999885559082, -13.119999885559082, -19.270000457763672, -15.789999961853027, -10.65999984741211, -6.0, -141.80999755859375, -10.680000305175781, -11.34000015258789, -11.420000076293945, -22.329999923706055, -154.97999572753906, -87.01000213623047, -6.809999942779541, -319.1300048828125, -117.45999908447266, -8.930000305175781, -102.69000244140625, -176.0399932861328, -8.979999542236328, -214.1999969482422, -178.1699981689453, -7.179999828338623, -20.540000915527344, -8.199999809265137, -8.260000228881836, -143.97999572753906, -7.309999942779541, -168.0800018310547, -10.489999771118164, -10.300000190734863, -9.270000457763672, -13.65999984741211, -60.369998931884766, -12.319999694824219, -13.619999885559082], "y_true_disp": [-24.389999389648438, -30.030000686645508, -17.579999923706055, -15.449999809265137, -15.130000114440918, -22.8799991607666, -21.40999984741211, -19.90999984741211, -17.049999237060547, -11.520000457763672, -15.010000228881836, -23.34000015258789, -14.390000343322754, -24.790000915527344, -17.719999313354492, -15.430000305175781, -14.09000015258789, -18.40999984741211, -18.260000228881836, -9.710000038146973, -16.799999237060547, -9.729999542236328, -14.149999618530273, -22.139999389648438, -22.729999542236328, -16.09000015258789, -20.899999618530273, -17.670000076293945, -21.18000030517578, -18.920000076293945, -16.8799991607666, -15.539999961853027, -23.780000686645508, -19.06999969482422, -12.699999809265137, -22.040000915527344, -19.670000076293945, -22.899999618530273, -18.18000030517578], "y_pred_strain": [68.39559173583984, 70.27880859375, 24.38092613220215, 14.396449089050293, 11.947851181030273, 13.910456657409668, 26.695711135864258, 10.783143043518066, 9.417500495910645, 66.65913391113281, 8.56424617767334, 14.359164237976074, 8.14810848236084, 17.637401580810547, 61.10841751098633, 41.66133117675781, 6.885563850402832, 111.9630126953125, 54.7285041809082, 8.405420303344727, 40.907386779785156, 66.55933380126953, 7.337069511413574, 70.68961334228516, 61.05259704589844, 9.668686866760254, 12.933981895446777, 8.910069465637207, 9.7131929397583, 50.138816833496094, 11.325057983398438, 70.20142364501953, 12.533254623413086, 12.867608070373535, 7.924440860748291, 14.492667198181152, 28.70831871032715, 13.649706840515137, 16.899389266967773], "y_pred_Pauli": [225.8878173828125, 225.77378845214844, 66.4948959350586, 46.024837493896484, 39.90628433227539, 63.704322814941406, 53.33969497680664, 41.531593322753906, 32.40510559082031, 181.44044494628906, 39.53347396850586, 40.586612701416016, 45.74980163574219, 73.30918884277344, 224.386962890625, 132.746826171875, 30.41055679321289, 463.8446044921875, 171.82057189941406, 31.745712280273438, 164.81039428710938, 240.58828735351562, 36.14617156982422, 296.25640869140625, 230.45423889160156, 40.78007507324219, 54.21596145629883, 30.663896560668945, 32.70217514038086, 172.52545166015625, 43.422149658203125, 221.62442016601562, 51.804012298583984, 46.62808609008789, 35.134521484375, 84.69287109375, 130.48056030273438, 47.510108947753906, 31.519044876098633], "y_pred_elst": [-109.85958862304688, -136.80262756347656, -31.068586349487305, -24.754194259643555, -22.031770706176758, -29.226696014404297, -29.795907974243164, -14.370115280151367, -16.179933547973633, -94.95929718017578, -16.8866024017334, -19.494577407836914, -20.72222328186035, -38.90825653076172, -114.7051010131836, -72.49893188476562, -13.078536033630371, -221.84095764160156, -89.37440490722656, -16.098783493041992, -84.05140686035156, -125.65267181396484, -16.892724990844727, -137.65045166015625, -113.04557037353516, -17.961395263671875, -24.151018142700195, -13.655394554138184, -14.878277778625488, -90.7875747680664, -17.20864486694336, -110.39579010009766, -19.631059646606445, -21.635995864868164, -14.266490936279297, -38.020023345947266, -63.85527420043945, -21.7459659576416, -16.691436767578125], "y_pred_oi": [-150.6739959716797, -140.03033447265625, -27.61955451965332, -10.424173355102539, -10.37098217010498, -21.074207305908203, -13.42497444152832, -10.438759803771973, -6.873219013214111, -137.18592834472656, -8.945855140686035, -10.418007850646973, -14.287132263183594, -20.904584884643555, -159.8640899658203, -83.87248229980469, -6.82536506652832, -298.9774169921875, -124.67338562011719, -8.987585067749023, -118.90263366699219, -171.7600555419922, -6.409585475921631, -216.1669158935547, -177.90525817871094, -9.14506721496582, -32.69268035888672, -8.382960319519043, -7.655576229095459, -119.79832458496094, -11.89786148071289, -163.19158935546875, -10.539754867553711, -12.855396270751953, -7.9900288581848145, -20.789710998535156, -73.71083068847656, -10.66618824005127, -17.228199005126953],