{"arm": "xgb28_delta_family", "family": "dipolar", "fold": 3, "member": 1, "n_train": 158, "n_test": 39, "reaction_ids": ["dipolar_002784", "dipolar_002468", "dipolar_004892", "dipolar_001504", "dipolar_001699", "dipolar_005356", "dipolar_002817", "dipolar_001906", "dipolar_004770", "dipolar_004447", "dipolar_003719", "dipolar_005446", "dipolar_003520", "dipolar_001930", "dipolar_004087", "dipolar_000155", "dipolar_003512", "dipolar_004383", "dipolar_001545", "dipolar_000034", "dipolar_001156", "dipolar_003596", "dipolar_000360", "dipolar_005361", "dipolar_001374", "dipolar_002058", "dipolar_004752", "dipolar_000984", "dipolar_001824", "dipolar_004919", "dipolar_003948", "dipolar_004582", "dipolar_002978", "dipolar_004662", "dipolar_000160", "dipolar_004359", "dipolar_001158", "dipolar_005133", "dipolar_001520"], "y_true_strain": [82.90496826171875, 73.4078598022461, 14.549379348754883, 7.414543628692627, 16.99564552307129, 18.834482192993164, 22.09829330444336, 6.426731586456299, 7.492210388183594, 75.59294891357422, 25.893478393554688, 22.016557693481445, 6.803714275360107, 18.326154708862305, 62.23478317260742, 32.474342346191406, 8.071401596069336, 88.28306579589844, 57.17848205566406, 3.8328094482421875, 58.214576721191406, 93.45462799072266, 14.756612777709961, 64.90074920654297, 79.86302947998047, 9.150917053222656, 5.0053181648254395, 9.44556713104248, 7.076144695281982, 42.6967658996582, 14.255831718444824, 57.447021484375, 9.320016860961914, 19.253883361816406, 11.626304626464844, 24.292987823486328, 19.572126388549805, 16.46773338317871, 13.73504638671875], "y_true_Pauli": [193.6300048828125, 231.42999267578125, 55.88999938964844, 48.04999923706055, 40.95000076293945, 64.5199966430664, 56.18000030517578, 38.5, 25.760000228881836, 168.35000610351562, 37.4900016784668, 37.84000015258789, 49.790000915527344, 65.48999786376953, 222.6699981689453, 138.38999938964844, 29.43000030517578, 475.6700134277344, 172.66000366210938, 29.110000610351562, 126.30999755859375, 196.2899932861328, 37.09000015258789, 308.010009765625, 230.7899932861328, 26.940000534057617, 56.79999923706055, 27.1299991607666, 35.349998474121094, 231.4600067138672, 32.91999816894531, 249.27999877929688, 45.2599983215332, 42.2599983215332, 41.869998931884766, 51.15999984741211, 95.43000030517578, 43.33000183105469, 33.95000076293945], "y_true_elst": [-100.54000091552734, -116.16000366210938, -25.389999389648438, -21.770000457763672, -23.809999465942383, -30.43000030517578, -31.31999969482422, -14.489999771118164, -12.84000015258789, -86.94999694824219, -16.969999313354492, -19.190000534057617, -23.3700008392334, -36.83000183105469, -115.08000183105469, -70.66999816894531, -13.40999984741211, -220.82000732421875, -90.19999694824219, -12.859999656677246, -67.73999786376953, -101.04000091552734, -19.8799991607666, -150.0399932861328, -113.69000244140625, -13.210000038146973, -24.100000381469727, -12.539999961853027, -16.079999923706055, -111.6500015258789, -14.420000076293945, -126.91999816894531, -20.170000076293945, -17.799999237060547, -18.899999618530273, -20.700000762939453, -49.470001220703125, -18.68000030517578, -15.579999923706055], "y_true_oi": [-142.8800048828125, -149.75999450683594, -21.34000015258789, -11.369999885559082, -13.119999885559082, -19.270000457763672, -15.789999961853027, -10.65999984741211, -6.0, -141.80999755859375, -10.680000305175781, -11.34000015258789, -11.420000076293945, -22.329999923706055, -154.97999572753906, -87.01000213623047, -6.809999942779541, -319.1300048828125, -117.45999908447266, -8.930000305175781, -102.69000244140625, -176.0399932861328, -8.979999542236328, -214.1999969482422, -178.1699981689453, -7.179999828338623, -20.540000915527344, -8.199999809265137, -8.260000228881836, -143.97999572753906, -7.309999942779541, -168.0800018310547, -10.489999771118164, -10.300000190734863, -9.270000457763672, -13.65999984741211, -60.369998931884766, -12.319999694824219, -13.619999885559082], "y_true_disp": [-24.389999389648438, -30.030000686645508, -17.579999923706055, -15.449999809265137, -15.130000114440918, -22.8799991607666, -21.40999984741211, -19.90999984741211, -17.049999237060547, -11.520000457763672, -15.010000228881836, -23.34000015258789, -14.390000343322754, -24.790000915527344, -17.719999313354492, -15.430000305175781, -14.09000015258789, -18.40999984741211, -18.260000228881836, -9.710000038146973, -16.799999237060547, -9.729999542236328, -14.149999618530273, -22.139999389648438, -22.729999542236328, -16.09000015258789, -20.899999618530273, -17.670000076293945, -21.18000030517578, -18.920000076293945, -16.8799991607666, -15.539999961853027, -23.780000686645508, -19.06999969482422, -12.699999809265137, -22.040000915527344, -19.670000076293945, -22.899999618530273, -18.18000030517578], "y_pred_strain": [68.15768432617188, 70.79872131347656, 24.449127197265625, 14.373268127441406, 12.062250137329102, 13.71561336517334, 27.595874786376953, 11.431316375732422, 10.186417579650879, 67.71647644042969, 8.759062767028809, 14.17866039276123, 8.022051811218262, 18.082948684692383, 61.2730827331543, 41.481143951416016, 6.640820026397705, 112.6069107055664, 54.95939636230469, 8.850349426269531, 41.005821228027344, 67.36744689941406, 7.882735729217529, 71.25255584716797, 60.8747444152832, 10.203706741333008, 12.56140422821045, 8.337287902832031, 9.563387870788574, 51.234153747558594, 10.657899856567383, 70.7788314819336, 13.477579116821289, 13.026412010192871, 7.732451915740967, 14.378997802734375, 28.583498001098633, 14.019484519958496, 17.6330623626709], "y_pred_Pauli": [226.4826202392578, 225.6569061279297, 66.79522705078125, 46.36629104614258, 40.1103515625, 64.26793670654297, 52.904808044433594, 41.28886795043945, 32.043609619140625, 180.8836212158203, 39.72969055175781, 41.149532318115234, 46.24002456665039, 73.2323989868164, 224.6041259765625, 133.30294799804688, 31.047100067138672, 463.5963439941406, 171.91372680664062, 31.594778060913086, 165.0224151611328, 240.22109985351562, 35.96105194091797, 296.10205078125, 230.98509216308594, 40.62491226196289, 54.972900390625, 31.659832000732422, 33.19450759887695, 171.9481964111328, 44.579559326171875, 221.46212768554688, 51.334068298339844, 46.83689880371094, 35.66847610473633, 85.17121887207031, 130.91018676757812, 47.51456069946289, 31.171667098999023], "y_pred_elst": [-110.3062515258789, -136.88327026367188, -31.36146354675293, -25.05095863342285, -22.254714965820312, -29.6610164642334, -29.727880477905273, -14.383769035339355, -16.130393981933594, -94.83858489990234, -17.131601333618164, -19.933496475219727, -21.11553955078125, -38.998069763183594, -114.95806884765625, -72.9318618774414, -13.560260772705078, -221.84812927246094, -89.53960418701172, -16.121511459350586, -84.27571868896484, -125.6122055053711, -16.921171188354492, -137.71292114257812, -113.45658874511719, -18.012983322143555, -24.694265365600586, -14.339407920837402, -15.264822006225586, -90.66229248046875, -18.00284194946289, -110.45632934570312, -19.5474853515625, -21.879270553588867, -14.67512035369873, -38.407135009765625, -64.1944580078125, -21.881542205810547, -16.641883850097656], "y_pred_oi": [-150.81829833984375, -139.953857421875, -27.674942016601562, -10.498174667358398, -10.403672218322754, -21.207868576049805, -13.240307807922363, -10.322721481323242, -6.719233989715576, -136.95703125, -8.96700668334961, -10.549875259399414, -14.399765014648438, -20.844999313354492, -159.89266967773438, -84.00312805175781, -6.97778844833374, -298.8609619140625, -124.671630859375, -8.914484977722168, -118.93867492675781, -171.60015869140625, -6.3173604011535645, -216.078125, -178.03123474121094, -9.059691429138184, -32.880775451660156, -8.634169578552246, -7.771388053894043, -119.56045532226562, -12.187226295471191, -163.0994873046875, -10.342509269714355, -12.883306503295898, -8.118212699890137, -20.898740768432617, -73.81263732910156, -10.630879402160645, -17.081445693969727],