channel,df_at_a_1,df_at_a_star
strain,21.83452555163901,19.6264244177424
Pauli,21.83452555163901,20.198601093056553
elst,21.83452555163901,19.6264244177424
oi,21.83452555163901,20.700069007068187
disp,21.83452555163901,18.243318561024637
barrier,21.83452555163901,18.976925090190736
