{
  "strain": {
    "lambda": 1.0,
    "nmae": 0.2270675953268933,
    "ci_lo": 0.2069566235970108,
    "ci_hi": 0.24822421177263562
  },
  "Pauli": {
    "lambda": 1.0,
    "nmae": 0.20512994514492405,
    "ci_lo": 0.18533052872727393,
    "ci_hi": 0.22776002084428165
  },
  "elst": {
    "lambda": 1.0,
    "nmae": 0.26547495502306845,
    "ci_lo": 0.24320452940657222,
    "ci_hi": 0.2920610509636998
  },
  "oi": {
    "lambda": 1.0,
    "nmae": 0.14917767721442018,
    "ci_lo": 0.13421159513655687,
    "ci_hi": 0.16697952858521295
  },
  "disp": {
    "lambda": 0.5,
    "nmae": 0.14568044353937612,
    "ci_lo": 0.13194154884000778,
    "ci_hi": 0.1610374447710098
  },
  "barrier": {
    "lambda": 1.0,
    "nmae": 0.2990326182565129,
    "ci_lo": 0.27644219348379173,
    "ci_hi": 0.32245830018738547
  }
}