{"arm": "xgb28_delta_family", "family": "dipolar", "fold": 2, "member": 2, "n_train": 158, "n_test": 39, "reaction_ids": ["dipolar_003628", "dipolar_005537", "dipolar_005480", "dipolar_000206", "dipolar_004748", "dipolar_005901", "dipolar_000067", "dipolar_002374", "dipolar_005812", "dipolar_001243", "dipolar_005148", "dipolar_003416", "dipolar_003648", "dipolar_004158", "dipolar_004413", "dipolar_004009", "dipolar_004576", "dipolar_005066", "dipolar_005357", "dipolar_002320", "dipolar_001177", "dipolar_002647", "dipolar_003799", "dipolar_000393", "dipolar_004918", "dipolar_002154", "dipolar_003569", "dipolar_003532", "dipolar_005323", "dipolar_001911", "dipolar_005846", "dipolar_003370", "dipolar_002731", "dipolar_002819", "dipolar_001926", "dipolar_004025", "dipolar_000425", "dipolar_003839", "dipolar_002762"], "y_true_strain": [9.705506324768066, 13.238993644714355, 98.40670776367188, 8.963663101196289, 6.656692981719971, 123.41643524169922, 8.141295433044434, 24.309864044189453, 36.72697830200195, 28.979402542114258, 55.46418762207031, 79.39909362792969, 78.55675506591797, 123.20730590820312, 85.76841735839844, 91.16487121582031, 5.714393138885498, 13.227401733398438, 110.40534210205078, 15.649868965148926, 31.673254013061523, 38.56809616088867, 65.11471557617188, 50.61887741088867, 8.978256225585938, 10.546355247497559, 56.51347351074219, 94.20097351074219, 77.59901428222656, 82.12684631347656, 19.084182739257812, 5.515395641326904, 14.147987365722656, 6.845968246459961, 8.150773048400879, 12.719785690307617, 9.475055694580078, 6.090651035308838, 88.22345733642578], "y_true_Pauli": [35.52000045776367, 57.209999084472656, 618.6099853515625, 26.290000915527344, 50.06999969482422, 459.1600036621094, 23.219999313354492, 80.77999877929688, 72.7300033569336, 68.43000030517578, 109.43000030517578, 211.99000549316406, 221.9499969482422, 341.510009765625, 474.2799987792969, 233.19000244140625, 37.61000061035156, 42.619998931884766, 246.75, 59.560001373291016, 61.08000183105469, 120.29000091552734, 282.1700134277344, 202.58999633789062, 60.72999954223633, 43.66999816894531, 138.69000244140625, 435.489990234375, 160.7100067138672, 209.6699981689453, 74.73999786376953, 26.84000015258789, 35.61000061035156, 36.63999938964844, 44.459999084472656, 53.880001068115234, 44.439998626708984, 35.06999969482422, 214.9199981689453], "y_true_elst": [-17.549999237060547, -26.219999313354492, -283.6499938964844, -12.399999618530273, -19.899999618530273, -221.91000366210938, -8.920000076293945, -44.81999969482422, -39.720001220703125, -28.920000076293945, -57.27000045776367, -111.26000213623047, -112.54000091552734, -174.14999389648438, -238.99000549316406, -124.08999633789062, -17.18000030517578, -20.030000686645508, -130.10000610351562, -24.270000457763672, -31.520000457763672, -64.0999984741211, -147.27999877929688, -103.58999633789062, -33.86000061035156, -16.549999237060547, -74.20999908447266, -209.89999389648438, -83.2300033569336, -109.86000061035156, -31.31999969482422, -12.199999809265137, -15.510000228881836, -18.360000610351562, -24.079999923706055, -23.950000762939453, -21.59000015258789, -12.539999961853027, -107.51000213623047], "y_true_oi": [-7.400000095367432, -15.5600004196167, -352.1199951171875, -5.380000114440918, -14.210000038146973, -315.6499938964844, -6.809999942779541, -24.920000076293945, -28.059999465942383, -18.540000915527344, -78.12000274658203, -167.99000549316406, -177.75999450683594, -261.8900146484375, -285.7200012207031, -180.3000030517578, -11.0600004196167, -10.140000343322754, -187.58999633789062, -17.600000381469727, -31.719999313354492, -73.51000213623047, -177.49000549316406, -150.74000549316406, -19.299999237060547, -9.770000457763672, -107.88999938964844, -288.29998779296875, -117.62999725341797, -154.69000244140625, -23.5, -5.960000038146973, -8.640000343322754, -9.579999923706055, -19.799999237060547, -13.300000190734863, -13.970000267028809, -10.260000228881836, -143.39999389648438], "y_true_disp": [-12.229999542236328, -22.649999618530273, -20.020000457763672, -11.420000076293945, -19.8700008392334, -27.280000686645508, -8.470000267028809, -25.729999542236328, -27.479999542236328, -22.34000015258789, -22.600000381469727, -12.239999771118164, -11.170000076293945, -20.3700008392334, -19.1200008392334, -16.149999618530273, -18.239999771118164, -21.850000381469727, -24.270000457763672, -25.09000015258789, -14.3100004196167, -25.299999237060547, -17.93000030517578, -12.699999809265137, -20.809999465942383, -20.93000030517578, -16.110000610351562, -15.829999923706055, -23.719999313354492, -22.510000228881836, -27.920000076293945, -7.880000114440918, -23.649999618530273, -19.75, -16.139999389648438, -17.700000762939453, -15.039999961853027, -16.299999237060547, -33.349998474121094], "y_pred_strain": [8.109471321105957, 17.450143814086914, 60.79829788208008, 5.918012619018555, 10.009730339050293, 88.22502136230469, 9.698629379272461, 21.783382415771484, 29.899616241455078, 24.08542251586914, 35.91611862182617, 68.947265625, 71.63401794433594, 105.80912780761719, 78.34461212158203, 79.92726135253906, 11.147802352905273, 14.218565940856934, 76.6578598022461, 14.251477241516113, 23.09181022644043, 32.47819137573242, 58.965553283691406, 62.94175720214844, 19.509750366210938, 9.98856258392334, 54.55717468261719, 91.98735809326172, 59.68923568725586, 68.14425659179688, 12.807158470153809, 10.101156234741211, 14.936692237854004, 7.608841896057129, 25.470361709594727, 14.797243118286133, 9.30592155456543, 12.880355834960938, 68.48884582519531], "y_pred_Pauli": [28.428855895996094, 59.71302795410156, 396.06671142578125, 29.912954330444336, 53.00734329223633, 454.4809265136719, 26.156213760375977, 67.84611511230469, 69.12232971191406, 63.321441650390625, 141.65484619140625, 235.0015869140625, 239.80413818359375, 376.53515625, 450.8670654296875, 263.8424377441406, 42.1987419128418, 50.05717086791992, 253.69058227539062, 59.10758590698242, 65.09505462646484, 140.84115600585938, 250.2566680908203, 185.03594970703125, 52.43388366699219, 40.529361724853516, 154.5723419189453, 467.225341796875, 201.76840209960938, 222.29190063476562, 73.72833251953125, 25.14754867553711, 32.771427154541016, 31.76479721069336, 50.20415115356445, 50.77682113647461, 44.36885070800781, 34.27312088012695, 223.5452423095703], "y_pred_elst": [-14.26130199432373, -26.6209774017334, -183.7752227783203, -17.353683471679688, -22.93183708190918, -217.28988647460938, -11.829755783081055, -39.00762939453125, -35.64118194580078, -26.77474021911621, -74.3138656616211, -122.435302734375, -126.12493896484375, -197.90225219726562, -202.38937377929688, -135.54869079589844, -21.010835647583008, -23.567285537719727, -134.1671142578125, -26.643617630004883, -32.182579040527344, -71.59530639648438, -135.09555053710938, -98.22176361083984, -30.921653747558594, -17.440465927124023, -82.43553161621094, -223.05892944335938, -104.91771697998047, -111.88874816894531, -33.080474853515625, -12.005492210388184, -13.94941520690918, -15.971038818359375, -29.099735260009766, -23.25678062438965, -19.54813003540039, -13.206008911132812, -112.15007019042969], "y_pred_oi": [-8.055560111999512, -13.181083679199219, -245.6277313232422, -5.126382827758789, -13.893433570861816, -281.4367370605469, -8.284597396850586, -21.347816467285156, -23.666946411132812, -20.88424301147461, -96.05033874511719, -175.01478576660156, -166.0254364013672, -264.2264404296875, -297.6182861328125, -176.51492309570312, -23.23729133605957, -11.6900634765625, -168.53451538085938, -15.979446411132812, -25.17974281311035, -83.96443939208984, -166.80506896972656, -136.76654052734375, -18.420618057250977, -12.128267288208008, -115.44166564941406, -293.3534240722656, -135.4818115234375, -148.9197998046875, -27.55331039428711, -5.189241409301758, -8.881686210632324, -9.391923904418945, -24.422657012939453, -14.94932746887207, -11.012115478515625, -8.950206756591797, -149.62269592285156],