{"arm": "xgb28_delta_family", "family": "dipolar", "fold": 2, "member": 4, "n_train": 158, "n_test": 39, "reaction_ids": ["dipolar_003628", "dipolar_005537", "dipolar_005480", "dipolar_000206", "dipolar_004748", "dipolar_005901", "dipolar_000067", "dipolar_002374", "dipolar_005812", "dipolar_001243", "dipolar_005148", "dipolar_003416", "dipolar_003648", "dipolar_004158", "dipolar_004413", "dipolar_004009", "dipolar_004576", "dipolar_005066", "dipolar_005357", "dipolar_002320", "dipolar_001177", "dipolar_002647", "dipolar_003799", "dipolar_000393", "dipolar_004918", "dipolar_002154", "dipolar_003569", "dipolar_003532", "dipolar_005323", "dipolar_001911", "dipolar_005846", "dipolar_003370", "dipolar_002731", "dipolar_002819", "dipolar_001926", "dipolar_004025", "dipolar_000425", "dipolar_003839", "dipolar_002762"], "y_true_strain": [9.705506324768066, 13.238993644714355, 98.40670776367188, 8.963663101196289, 6.656692981719971, 123.41643524169922, 8.141295433044434, 24.309864044189453, 36.72697830200195, 28.979402542114258, 55.46418762207031, 79.39909362792969, 78.55675506591797, 123.20730590820312, 85.76841735839844, 91.16487121582031, 5.714393138885498, 13.227401733398438, 110.40534210205078, 15.649868965148926, 31.673254013061523, 38.56809616088867, 65.11471557617188, 50.61887741088867, 8.978256225585938, 10.546355247497559, 56.51347351074219, 94.20097351074219, 77.59901428222656, 82.12684631347656, 19.084182739257812, 5.515395641326904, 14.147987365722656, 6.845968246459961, 8.150773048400879, 12.719785690307617, 9.475055694580078, 6.090651035308838, 88.22345733642578], "y_true_Pauli": [35.52000045776367, 57.209999084472656, 618.6099853515625, 26.290000915527344, 50.06999969482422, 459.1600036621094, 23.219999313354492, 80.77999877929688, 72.7300033569336, 68.43000030517578, 109.43000030517578, 211.99000549316406, 221.9499969482422, 341.510009765625, 474.2799987792969, 233.19000244140625, 37.61000061035156, 42.619998931884766, 246.75, 59.560001373291016, 61.08000183105469, 120.29000091552734, 282.1700134277344, 202.58999633789062, 60.72999954223633, 43.66999816894531, 138.69000244140625, 435.489990234375, 160.7100067138672, 209.6699981689453, 74.73999786376953, 26.84000015258789, 35.61000061035156, 36.63999938964844, 44.459999084472656, 53.880001068115234, 44.439998626708984, 35.06999969482422, 214.9199981689453], "y_true_elst": [-17.549999237060547, -26.219999313354492, -283.6499938964844, -12.399999618530273, -19.899999618530273, -221.91000366210938, -8.920000076293945, -44.81999969482422, -39.720001220703125, -28.920000076293945, -57.27000045776367, -111.26000213623047, -112.54000091552734, -174.14999389648438, -238.99000549316406, -124.08999633789062, -17.18000030517578, -20.030000686645508, -130.10000610351562, -24.270000457763672, -31.520000457763672, -64.0999984741211, -147.27999877929688, -103.58999633789062, -33.86000061035156, -16.549999237060547, -74.20999908447266, -209.89999389648438, -83.2300033569336, -109.86000061035156, -31.31999969482422, -12.199999809265137, -15.510000228881836, -18.360000610351562, -24.079999923706055, -23.950000762939453, -21.59000015258789, -12.539999961853027, -107.51000213623047], "y_true_oi": [-7.400000095367432, -15.5600004196167, -352.1199951171875, -5.380000114440918, -14.210000038146973, -315.6499938964844, -6.809999942779541, -24.920000076293945, -28.059999465942383, -18.540000915527344, -78.12000274658203, -167.99000549316406, -177.75999450683594, -261.8900146484375, -285.7200012207031, -180.3000030517578, -11.0600004196167, -10.140000343322754, -187.58999633789062, -17.600000381469727, -31.719999313354492, -73.51000213623047, -177.49000549316406, -150.74000549316406, -19.299999237060547, -9.770000457763672, -107.88999938964844, -288.29998779296875, -117.62999725341797, -154.69000244140625, -23.5, -5.960000038146973, -8.640000343322754, -9.579999923706055, -19.799999237060547, -13.300000190734863, -13.970000267028809, -10.260000228881836, -143.39999389648438], "y_true_disp": [-12.229999542236328, -22.649999618530273, -20.020000457763672, -11.420000076293945, -19.8700008392334, -27.280000686645508, -8.470000267028809, -25.729999542236328, -27.479999542236328, -22.34000015258789, -22.600000381469727, -12.239999771118164, -11.170000076293945, -20.3700008392334, -19.1200008392334, -16.149999618530273, -18.239999771118164, -21.850000381469727, -24.270000457763672, -25.09000015258789, -14.3100004196167, -25.299999237060547, -17.93000030517578, -12.699999809265137, -20.809999465942383, -20.93000030517578, -16.110000610351562, -15.829999923706055, -23.719999313354492, -22.510000228881836, -27.920000076293945, -7.880000114440918, -23.649999618530273, -19.75, -16.139999389648438, -17.700000762939453, -15.039999961853027, -16.299999237060547, -33.349998474121094], "y_pred_strain": [8.639913558959961, 17.226381301879883, 62.82490539550781, 5.138849258422852, 10.163512229919434, 90.09915924072266, 10.691485404968262, 20.975799560546875, 29.9191837310791, 24.209640502929688, 38.8950080871582, 72.69769287109375, 75.4891586303711, 106.41361236572266, 77.78085327148438, 79.41324615478516, 11.301802635192871, 13.530723571777344, 76.94253540039062, 14.785743713378906, 25.187355041503906, 33.95846176147461, 61.338165283203125, 63.37826919555664, 19.306724548339844, 11.238849639892578, 56.853214263916016, 92.19921875, 61.65205383300781, 67.80450439453125, 13.284659385681152, 13.0335111618042, 15.242971420288086, 7.552606105804443, 24.69928741455078, 13.844015121459961, 11.932228088378906, 14.686779975891113, 72.98210144042969], "y_pred_Pauli": [27.041593551635742, 60.02001953125, 391.6434631347656, 30.064311981201172, 52.06252670288086, 449.5324401855469, 24.109731674194336, 68.93136596679688, 68.07234954833984, 62.615230560302734, 132.17092895507812, 224.56031799316406, 232.74232482910156, 375.2769470214844, 451.6860656738281, 264.0985412597656, 42.120941162109375, 50.911834716796875, 253.09371948242188, 56.3311767578125, 60.77309799194336, 134.9188232421875, 244.29656982421875, 183.14859008789062, 52.74467849731445, 36.31280517578125, 146.2037353515625, 466.7777099609375, 197.08872985839844, 223.1128387451172, 72.68124389648438, 19.035202026367188, 33.143245697021484, 31.31983757019043, 50.49116897583008, 51.61936569213867, 36.817108154296875, 29.083938598632812, 213.7697296142578], "y_pred_elst": [-12.964219093322754, -27.329360961914062, -179.81707763671875, -17.5758113861084, -22.386272430419922, -212.83888244628906, -9.908015251159668, -40.219844818115234, -35.1069450378418, -26.548025131225586, -66.01252746582031, -112.71964263916016, -119.39552307128906, -196.960693359375, -203.31033325195312, -135.95237731933594, -21.205989837646484, -24.628801345825195, -134.04647827148438, -24.60462188720703, -28.153284072875977, -66.3338623046875, -129.7375030517578, -96.47522735595703, -31.643413543701172, -13.964189529418945, -75.13460540771484, -222.8385467529297, -100.8770751953125, -112.86627197265625, -32.61119842529297, -6.217960834503174, -14.621331214904785, -15.615409851074219, -29.429710388183594, -24.17618179321289, -12.76823902130127, -8.736891746520996, -103.48970031738281], "y_pred_oi": [-7.8152971267700195, -13.211481094360352, -244.3185272216797, -5.148510456085205, -13.512495994567871, -279.8076477050781, -7.893494606018066, -21.75878143310547, -23.096054077148438, -20.52419090270996, -92.20667266845703, -171.36692810058594, -164.2004852294922, -263.9390563964844, -298.0125427246094, -176.63584899902344, -23.353546142578125, -11.980661392211914, -168.27484130859375, -14.62209701538086, -24.05044174194336, -81.64473724365234, -164.8056182861328, -136.22740173339844, -18.45442771911621, -10.392488479614258, -111.95953369140625, -293.36199951171875, -133.8786163330078, -149.36203002929688, -27.065492630004883, -3.474773406982422, -9.216450691223145, -9.394457817077637, -24.520957946777344, -15.225494384765625, -8.280715942382812, -6.992545127868652, -146.22079467773438],