{"arm": "xgb28_delta_family", "family": "dipolar", "fold": 2, "member": 3, "n_train": 158, "n_test": 39, "reaction_ids": ["dipolar_003628", "dipolar_005537", "dipolar_005480", "dipolar_000206", "dipolar_004748", "dipolar_005901", "dipolar_000067", "dipolar_002374", "dipolar_005812", "dipolar_001243", "dipolar_005148", "dipolar_003416", "dipolar_003648", "dipolar_004158", "dipolar_004413", "dipolar_004009", "dipolar_004576", "dipolar_005066", "dipolar_005357", "dipolar_002320", "dipolar_001177", "dipolar_002647", "dipolar_003799", "dipolar_000393", "dipolar_004918", "dipolar_002154", "dipolar_003569", "dipolar_003532", "dipolar_005323", "dipolar_001911", "dipolar_005846", "dipolar_003370", "dipolar_002731", "dipolar_002819", "dipolar_001926", "dipolar_004025", "dipolar_000425", "dipolar_003839", "dipolar_002762"], "y_true_strain": [9.705506324768066, 13.238993644714355, 98.40670776367188, 8.963663101196289, 6.656692981719971, 123.41643524169922, 8.141295433044434, 24.309864044189453, 36.72697830200195, 28.979402542114258, 55.46418762207031, 79.39909362792969, 78.55675506591797, 123.20730590820312, 85.76841735839844, 91.16487121582031, 5.714393138885498, 13.227401733398438, 110.40534210205078, 15.649868965148926, 31.673254013061523, 38.56809616088867, 65.11471557617188, 50.61887741088867, 8.978256225585938, 10.546355247497559, 56.51347351074219, 94.20097351074219, 77.59901428222656, 82.12684631347656, 19.084182739257812, 5.515395641326904, 14.147987365722656, 6.845968246459961, 8.150773048400879, 12.719785690307617, 9.475055694580078, 6.090651035308838, 88.22345733642578], "y_true_Pauli": [35.52000045776367, 57.209999084472656, 618.6099853515625, 26.290000915527344, 50.06999969482422, 459.1600036621094, 23.219999313354492, 80.77999877929688, 72.7300033569336, 68.43000030517578, 109.43000030517578, 211.99000549316406, 221.9499969482422, 341.510009765625, 474.2799987792969, 233.19000244140625, 37.61000061035156, 42.619998931884766, 246.75, 59.560001373291016, 61.08000183105469, 120.29000091552734, 282.1700134277344, 202.58999633789062, 60.72999954223633, 43.66999816894531, 138.69000244140625, 435.489990234375, 160.7100067138672, 209.6699981689453, 74.73999786376953, 26.84000015258789, 35.61000061035156, 36.63999938964844, 44.459999084472656, 53.880001068115234, 44.439998626708984, 35.06999969482422, 214.9199981689453], "y_true_elst": [-17.549999237060547, -26.219999313354492, -283.6499938964844, -12.399999618530273, -19.899999618530273, -221.91000366210938, -8.920000076293945, -44.81999969482422, -39.720001220703125, -28.920000076293945, -57.27000045776367, -111.26000213623047, -112.54000091552734, -174.14999389648438, -238.99000549316406, -124.08999633789062, -17.18000030517578, -20.030000686645508, -130.10000610351562, -24.270000457763672, -31.520000457763672, -64.0999984741211, -147.27999877929688, -103.58999633789062, -33.86000061035156, -16.549999237060547, -74.20999908447266, -209.89999389648438, -83.2300033569336, -109.86000061035156, -31.31999969482422, -12.199999809265137, -15.510000228881836, -18.360000610351562, -24.079999923706055, -23.950000762939453, -21.59000015258789, -12.539999961853027, -107.51000213623047], "y_true_oi": [-7.400000095367432, -15.5600004196167, -352.1199951171875, -5.380000114440918, -14.210000038146973, -315.6499938964844, -6.809999942779541, -24.920000076293945, -28.059999465942383, -18.540000915527344, -78.12000274658203, -167.99000549316406, -177.75999450683594, -261.8900146484375, -285.7200012207031, -180.3000030517578, -11.0600004196167, -10.140000343322754, -187.58999633789062, -17.600000381469727, -31.719999313354492, -73.51000213623047, -177.49000549316406, -150.74000549316406, -19.299999237060547, -9.770000457763672, -107.88999938964844, -288.29998779296875, -117.62999725341797, -154.69000244140625, -23.5, -5.960000038146973, -8.640000343322754, -9.579999923706055, -19.799999237060547, -13.300000190734863, -13.970000267028809, -10.260000228881836, -143.39999389648438], "y_true_disp": [-12.229999542236328, -22.649999618530273, -20.020000457763672, -11.420000076293945, -19.8700008392334, -27.280000686645508, -8.470000267028809, -25.729999542236328, -27.479999542236328, -22.34000015258789, -22.600000381469727, -12.239999771118164, -11.170000076293945, -20.3700008392334, -19.1200008392334, -16.149999618530273, -18.239999771118164, -21.850000381469727, -24.270000457763672, -25.09000015258789, -14.3100004196167, -25.299999237060547, -17.93000030517578, -12.699999809265137, -20.809999465942383, -20.93000030517578, -16.110000610351562, -15.829999923706055, -23.719999313354492, -22.510000228881836, -27.920000076293945, -7.880000114440918, -23.649999618530273, -19.75, -16.139999389648438, -17.700000762939453, -15.039999961853027, -16.299999237060547, -33.349998474121094], "y_pred_strain": [7.854128360748291, 17.70550537109375, 60.79914093017578, 5.664309024810791, 9.45463752746582, 88.05703735351562, 9.441030502319336, 21.772815704345703, 29.746152877807617, 24.301206588745117, 36.134281158447266, 68.54989624023438, 71.18890380859375, 105.4406509399414, 78.2682113647461, 79.85248565673828, 11.234546661376953, 14.243470191955566, 76.86795043945312, 14.125226974487305, 22.806116104125977, 32.21356201171875, 58.8563346862793, 62.60606002807617, 19.258981704711914, 10.295758247375488, 53.16353225708008, 91.90853881835938, 59.72849655151367, 68.18010711669922, 13.27451229095459, 9.705855369567871, 15.16228199005127, 7.291950225830078, 25.200462341308594, 14.502996444702148, 9.350225448608398, 12.98369026184082, 68.55088806152344], "y_pred_Pauli": [27.96120262145996, 59.650543212890625, 394.92950439453125, 29.035072326660156, 48.98387908935547, 453.77264404296875, 25.254371643066406, 67.2762451171875, 66.72637176513672, 62.97640609741211, 140.7160186767578, 233.2935791015625, 235.8876190185547, 374.0940246582031, 449.6526184082031, 263.5451354980469, 41.48602294921875, 50.01244354248047, 253.16761779785156, 56.03340148925781, 62.912593841552734, 139.38267517089844, 249.4898681640625, 184.3152618408203, 49.3487663269043, 40.624576568603516, 144.53085327148438, 466.7055358886719, 200.80125427246094, 221.21795654296875, 73.8573989868164, 21.94932746887207, 32.49164962768555, 30.19060516357422, 49.54606246948242, 49.836055755615234, 43.980194091796875, 33.63780212402344, 221.4049835205078], "y_pred_elst": [-14.17702865600586, -26.223464965820312, -184.30877685546875, -17.271669387817383, -17.555736541748047, -216.50315856933594, -11.823760986328125, -39.512630462646484, -32.23975372314453, -26.02854347229004, -72.74232482910156, -121.38967895507812, -125.52396392822266, -194.84341430664062, -202.82781982421875, -135.783447265625, -21.171621322631836, -23.464319229125977, -133.1106414794922, -22.32203483581543, -32.06884765625, -69.79698944091797, -134.2124786376953, -97.54035186767578, -26.6490478515625, -17.322233200073242, -69.59210205078125, -222.5859375, -103.87537384033203, -112.53682708740234, -33.177642822265625, -11.594894409179688, -14.11889934539795, -15.382917404174805, -28.902481079101562, -22.20737648010254, -19.74005126953125, -12.333758354187012, -109.1217041015625], "y_pred_oi": [-7.921124458312988, -13.13438892364502, -246.16485595703125, -5.132845878601074, -12.384782791137695, -281.1714782714844, -8.316166877746582, -21.68989372253418, -22.771644592285156, -20.748214721679688, -95.72188568115234, -174.74725341796875, -166.52960205078125, -263.37371826171875, -298.07763671875, -176.6149139404297, -23.54010009765625, -11.643108367919922, -168.3088836669922, -14.88534164428711, -25.543460845947266, -83.43460083007812, -166.5419921875, -136.3985137939453, -17.289302825927734, -12.189279556274414, -111.96338653564453, -293.2245178222656, -135.30313110351562, -149.5095672607422, -27.778783798217773, -5.6035003662109375, -9.137039184570312, -9.355257034301758, -24.297653198242188, -14.544814109802246, -11.2152738571167, -8.776765823364258, -148.92205810546875],