{"arm": "xgb28_delta_family", "family": "dipolar", "fold": 2, "member": 1, "n_train": 158, "n_test": 39, "reaction_ids": ["dipolar_003628", "dipolar_005537", "dipolar_005480", "dipolar_000206", "dipolar_004748", "dipolar_005901", "dipolar_000067", "dipolar_002374", "dipolar_005812", "dipolar_001243", "dipolar_005148", "dipolar_003416", "dipolar_003648", "dipolar_004158", "dipolar_004413", "dipolar_004009", "dipolar_004576", "dipolar_005066", "dipolar_005357", "dipolar_002320", "dipolar_001177", "dipolar_002647", "dipolar_003799", "dipolar_000393", "dipolar_004918", "dipolar_002154", "dipolar_003569", "dipolar_003532", "dipolar_005323", "dipolar_001911", "dipolar_005846", "dipolar_003370", "dipolar_002731", "dipolar_002819", "dipolar_001926", "dipolar_004025", "dipolar_000425", "dipolar_003839", "dipolar_002762"], "y_true_strain": [9.705506324768066, 13.238993644714355, 98.40670776367188, 8.963663101196289, 6.656692981719971, 123.41643524169922, 8.141295433044434, 24.309864044189453, 36.72697830200195, 28.979402542114258, 55.46418762207031, 79.39909362792969, 78.55675506591797, 123.20730590820312, 85.76841735839844, 91.16487121582031, 5.714393138885498, 13.227401733398438, 110.40534210205078, 15.649868965148926, 31.673254013061523, 38.56809616088867, 65.11471557617188, 50.61887741088867, 8.978256225585938, 10.546355247497559, 56.51347351074219, 94.20097351074219, 77.59901428222656, 82.12684631347656, 19.084182739257812, 5.515395641326904, 14.147987365722656, 6.845968246459961, 8.150773048400879, 12.719785690307617, 9.475055694580078, 6.090651035308838, 88.22345733642578], "y_true_Pauli": [35.52000045776367, 57.209999084472656, 618.6099853515625, 26.290000915527344, 50.06999969482422, 459.1600036621094, 23.219999313354492, 80.77999877929688, 72.7300033569336, 68.43000030517578, 109.43000030517578, 211.99000549316406, 221.9499969482422, 341.510009765625, 474.2799987792969, 233.19000244140625, 37.61000061035156, 42.619998931884766, 246.75, 59.560001373291016, 61.08000183105469, 120.29000091552734, 282.1700134277344, 202.58999633789062, 60.72999954223633, 43.66999816894531, 138.69000244140625, 435.489990234375, 160.7100067138672, 209.6699981689453, 74.73999786376953, 26.84000015258789, 35.61000061035156, 36.63999938964844, 44.459999084472656, 53.880001068115234, 44.439998626708984, 35.06999969482422, 214.9199981689453], "y_true_elst": [-17.549999237060547, -26.219999313354492, -283.6499938964844, -12.399999618530273, -19.899999618530273, -221.91000366210938, -8.920000076293945, -44.81999969482422, -39.720001220703125, -28.920000076293945, -57.27000045776367, -111.26000213623047, -112.54000091552734, -174.14999389648438, -238.99000549316406, -124.08999633789062, -17.18000030517578, -20.030000686645508, -130.10000610351562, -24.270000457763672, -31.520000457763672, -64.0999984741211, -147.27999877929688, -103.58999633789062, -33.86000061035156, -16.549999237060547, -74.20999908447266, -209.89999389648438, -83.2300033569336, -109.86000061035156, -31.31999969482422, -12.199999809265137, -15.510000228881836, -18.360000610351562, -24.079999923706055, -23.950000762939453, -21.59000015258789, -12.539999961853027, -107.51000213623047], "y_true_oi": [-7.400000095367432, -15.5600004196167, -352.1199951171875, -5.380000114440918, -14.210000038146973, -315.6499938964844, -6.809999942779541, -24.920000076293945, -28.059999465942383, -18.540000915527344, -78.12000274658203, -167.99000549316406, -177.75999450683594, -261.8900146484375, -285.7200012207031, -180.3000030517578, -11.0600004196167, -10.140000343322754, -187.58999633789062, -17.600000381469727, -31.719999313354492, -73.51000213623047, -177.49000549316406, -150.74000549316406, -19.299999237060547, -9.770000457763672, -107.88999938964844, -288.29998779296875, -117.62999725341797, -154.69000244140625, -23.5, -5.960000038146973, -8.640000343322754, -9.579999923706055, -19.799999237060547, -13.300000190734863, -13.970000267028809, -10.260000228881836, -143.39999389648438], "y_true_disp": [-12.229999542236328, -22.649999618530273, -20.020000457763672, -11.420000076293945, -19.8700008392334, -27.280000686645508, -8.470000267028809, -25.729999542236328, -27.479999542236328, -22.34000015258789, -22.600000381469727, -12.239999771118164, -11.170000076293945, -20.3700008392334, -19.1200008392334, -16.149999618530273, -18.239999771118164, -21.850000381469727, -24.270000457763672, -25.09000015258789, -14.3100004196167, -25.299999237060547, -17.93000030517578, -12.699999809265137, -20.809999465942383, -20.93000030517578, -16.110000610351562, -15.829999923706055, -23.719999313354492, -22.510000228881836, -27.920000076293945, -7.880000114440918, -23.649999618530273, -19.75, -16.139999389648438, -17.700000762939453, -15.039999961853027, -16.299999237060547, -33.349998474121094], "y_pred_strain": [7.430527687072754, 15.714522361755371, 60.28720474243164, 5.287747859954834, 9.478059768676758, 87.54314422607422, 8.045713424682617, 21.429000854492188, 28.35906410217285, 23.76264762878418, 35.0624885559082, 67.069580078125, 70.23714447021484, 105.55239868164062, 77.7245864868164, 79.30343627929688, 10.507200241088867, 13.241662979125977, 75.69937133789062, 14.186389923095703, 22.36798667907715, 31.35369110107422, 57.95299530029297, 62.37017822265625, 19.146305084228516, 9.9390869140625, 53.86086654663086, 91.41377258300781, 59.50110626220703, 67.6846694946289, 12.88536262512207, 8.523492813110352, 14.698907852172852, 6.827098846435547, 24.514917373657227, 14.136655807495117, 8.669140815734863, 12.502775192260742, 66.83158111572266], "y_pred_Pauli": [27.851709365844727, 58.494544982910156, 395.8233947753906, 29.743663787841797, 53.01366424560547, 454.6884765625, 26.461517333984375, 67.77125549316406, 68.08289337158203, 63.44953536987305, 141.37518310546875, 232.8573760986328, 239.791748046875, 376.67999267578125, 450.6300964355469, 263.3853454589844, 41.82604217529297, 49.2041130065918, 253.23863220214844, 59.87177276611328, 64.73379516601562, 139.80885314941406, 249.59642028808594, 184.2127227783203, 52.51992416381836, 40.94788360595703, 154.3358917236328, 466.89617919921875, 202.21961975097656, 222.69395446777344, 74.57284545898438, 25.224170684814453, 33.46347427368164, 30.993274688720703, 50.21080780029297, 50.242671966552734, 43.84829330444336, 34.38474655151367, 222.6009979248047], "y_pred_elst": [-13.314927101135254, -25.102439880371094, -183.34153747558594, -16.678693771362305, -22.72893524169922, -216.9281768798828, -10.683260917663574, -38.72824478149414, -34.34612274169922, -26.871517181396484, -73.92156982421875, -119.92242431640625, -124.91352844238281, -197.87582397460938, -201.8194580078125, -134.85829162597656, -20.511898040771484, -22.56065559387207, -133.57273864746094, -27.30995750427246, -31.37102699279785, -70.36721801757812, -134.1267547607422, -97.21691131591797, -30.976289749145508, -17.870004653930664, -82.11090850830078, -222.54449462890625, -105.18376922607422, -111.82527923583984, -33.8868408203125, -10.733664512634277, -14.327657699584961, -14.920973777770996, -28.277143478393555, -22.448396682739258, -18.94554328918457, -13.191564559936523, -110.9200439453125], "y_pred_oi": [-7.765148162841797, -12.845376014709473, -245.54598999023438, -5.092813014984131, -13.984432220458984, -281.6866149902344, -8.84416389465332, -21.322622299194336, -23.39107894897461, -21.000648498535156, -96.06198120117188, -174.07017517089844, -166.28541564941406, -264.32275390625, -297.5613708496094, -176.31593322753906, -23.117586135864258, -11.355222702026367, -168.46420288085938, -16.431636810302734, -25.05558204650879, -83.55579376220703, -166.59584045410156, -136.28604125976562, -18.522777557373047, -12.352535247802734, -115.43216705322266, -293.2335510253906, -135.76087951660156, -149.23812866210938, -28.015644073486328, -5.563595294952393, -9.331860542297363, -9.022096633911133, -24.59058380126953, -14.70295238494873, -10.79617691040039, -9.06515884399414, -149.44479370117188],