{"arm": "xgb28_delta_family", "family": "dipolar", "fold": 2, "member": 0, "n_train": 158, "n_test": 39, "reaction_ids": ["dipolar_003628", "dipolar_005537", "dipolar_005480", "dipolar_000206", "dipolar_004748", "dipolar_005901", "dipolar_000067", "dipolar_002374", "dipolar_005812", "dipolar_001243", "dipolar_005148", "dipolar_003416", "dipolar_003648", "dipolar_004158", "dipolar_004413", "dipolar_004009", "dipolar_004576", "dipolar_005066", "dipolar_005357", "dipolar_002320", "dipolar_001177", "dipolar_002647", "dipolar_003799", "dipolar_000393", "dipolar_004918", "dipolar_002154", "dipolar_003569", "dipolar_003532", "dipolar_005323", "dipolar_001911", "dipolar_005846", "dipolar_003370", "dipolar_002731", "dipolar_002819", "dipolar_001926", "dipolar_004025", "dipolar_000425", "dipolar_003839", "dipolar_002762"], "y_true_strain": [9.705506324768066, 13.238993644714355, 98.40670776367188, 8.963663101196289, 6.656692981719971, 123.41643524169922, 8.141295433044434, 24.309864044189453, 36.72697830200195, 28.979402542114258, 55.46418762207031, 79.39909362792969, 78.55675506591797, 123.20730590820312, 85.76841735839844, 91.16487121582031, 5.714393138885498, 13.227401733398438, 110.40534210205078, 15.649868965148926, 31.673254013061523, 38.56809616088867, 65.11471557617188, 50.61887741088867, 8.978256225585938, 10.546355247497559, 56.51347351074219, 94.20097351074219, 77.59901428222656, 82.12684631347656, 19.084182739257812, 5.515395641326904, 14.147987365722656, 6.845968246459961, 8.150773048400879, 12.719785690307617, 9.475055694580078, 6.090651035308838, 88.22345733642578], "y_true_Pauli": [35.52000045776367, 57.209999084472656, 618.6099853515625, 26.290000915527344, 50.06999969482422, 459.1600036621094, 23.219999313354492, 80.77999877929688, 72.7300033569336, 68.43000030517578, 109.43000030517578, 211.99000549316406, 221.9499969482422, 341.510009765625, 474.2799987792969, 233.19000244140625, 37.61000061035156, 42.619998931884766, 246.75, 59.560001373291016, 61.08000183105469, 120.29000091552734, 282.1700134277344, 202.58999633789062, 60.72999954223633, 43.66999816894531, 138.69000244140625, 435.489990234375, 160.7100067138672, 209.6699981689453, 74.73999786376953, 26.84000015258789, 35.61000061035156, 36.63999938964844, 44.459999084472656, 53.880001068115234, 44.439998626708984, 35.06999969482422, 214.9199981689453], "y_true_elst": [-17.549999237060547, -26.219999313354492, -283.6499938964844, -12.399999618530273, -19.899999618530273, -221.91000366210938, -8.920000076293945, -44.81999969482422, -39.720001220703125, -28.920000076293945, -57.27000045776367, -111.26000213623047, -112.54000091552734, -174.14999389648438, -238.99000549316406, -124.08999633789062, -17.18000030517578, -20.030000686645508, -130.10000610351562, -24.270000457763672, -31.520000457763672, -64.0999984741211, -147.27999877929688, -103.58999633789062, -33.86000061035156, -16.549999237060547, -74.20999908447266, -209.89999389648438, -83.2300033569336, -109.86000061035156, -31.31999969482422, -12.199999809265137, -15.510000228881836, -18.360000610351562, -24.079999923706055, -23.950000762939453, -21.59000015258789, -12.539999961853027, -107.51000213623047], "y_true_oi": [-7.400000095367432, -15.5600004196167, -352.1199951171875, -5.380000114440918, -14.210000038146973, -315.6499938964844, -6.809999942779541, -24.920000076293945, -28.059999465942383, -18.540000915527344, -78.12000274658203, -167.99000549316406, -177.75999450683594, -261.8900146484375, -285.7200012207031, -180.3000030517578, -11.0600004196167, -10.140000343322754, -187.58999633789062, -17.600000381469727, -31.719999313354492, -73.51000213623047, -177.49000549316406, -150.74000549316406, -19.299999237060547, -9.770000457763672, -107.88999938964844, -288.29998779296875, -117.62999725341797, -154.69000244140625, -23.5, -5.960000038146973, -8.640000343322754, -9.579999923706055, -19.799999237060547, -13.300000190734863, -13.970000267028809, -10.260000228881836, -143.39999389648438], "y_true_disp": [-12.229999542236328, -22.649999618530273, -20.020000457763672, -11.420000076293945, -19.8700008392334, -27.280000686645508, -8.470000267028809, -25.729999542236328, -27.479999542236328, -22.34000015258789, -22.600000381469727, -12.239999771118164, -11.170000076293945, -20.3700008392334, -19.1200008392334, -16.149999618530273, -18.239999771118164, -21.850000381469727, -24.270000457763672, -25.09000015258789, -14.3100004196167, -25.299999237060547, -17.93000030517578, -12.699999809265137, -20.809999465942383, -20.93000030517578, -16.110000610351562, -15.829999923706055, -23.719999313354492, -22.510000228881836, -27.920000076293945, -7.880000114440918, -23.649999618530273, -19.75, -16.139999389648438, -17.700000762939453, -15.039999961853027, -16.299999237060547, -33.349998474121094], "y_pred_strain": [7.210384368896484, 16.874692916870117, 60.432350158691406, 5.170628547668457, 9.707246780395508, 87.78813171386719, 8.928478240966797, 21.40717315673828, 29.705764770507812, 23.946325302124023, 35.41535949707031, 68.32209014892578, 70.52882385253906, 105.6905517578125, 77.91666412353516, 79.46244812011719, 11.002853393554688, 13.874757766723633, 76.17386627197266, 14.278703689575195, 22.477441787719727, 31.9935245513916, 58.28192138671875, 62.399742126464844, 19.224699020385742, 9.641219139099121, 54.119964599609375, 91.58203887939453, 59.251922607421875, 67.91532135009766, 12.595651626586914, 9.12752914428711, 14.865133285522461, 7.052501678466797, 24.870588302612305, 14.338141441345215, 9.014998435974121, 12.409073829650879, 68.17638397216797], "y_pred_Pauli": [29.523996353149414, 57.99918746948242, 397.1101989746094, 30.868656158447266, 52.74238204956055, 455.37225341796875, 27.066415786743164, 67.4646224975586, 68.70514678955078, 62.95087432861328, 139.94564819335938, 234.97579956054688, 241.00506591796875, 376.838134765625, 451.072998046875, 263.87811279296875, 43.23857879638672, 49.868019104003906, 252.14112854003906, 58.885093688964844, 65.77642059326172, 139.89828491210938, 249.3175811767578, 185.3267059326172, 51.3914680480957, 39.343021392822266, 153.11717224121094, 467.6089172363281, 200.8697052001953, 222.90086364746094, 72.78874969482422, 26.179330825805664, 32.938663482666016, 31.975353240966797, 50.782962799072266, 51.157325744628906, 44.55606460571289, 33.105247497558594, 222.39266967773438], "y_pred_elst": [-15.560688972473145, -25.410533905029297, -185.0200653076172, -18.473234176635742, -22.960905075073242, -218.37161254882812, -12.894402503967285, -38.7711067199707, -35.587215423583984, -26.75635528564453, -73.17777252197266, -122.47865295410156, -127.57183074951172, -198.34872436523438, -202.7356719970703, -135.73008728027344, -22.260684967041016, -23.58906364440918, -133.12069702148438, -26.818641662597656, -32.981632232666016, -70.86273193359375, -134.45700073242188, -98.54576110839844, -30.289377212524414, -16.689289093017578, -81.45407104492188, -223.64915466308594, -104.3792495727539, -112.65164184570312, -32.63328170776367, -13.234646797180176, -14.379539489746094, -16.26756477355957, -29.759761810302734, -23.735788345336914, -19.938705444335938, -12.433841705322266, -111.53305053710938], "y_pred_oi": [-9.493368148803711, -12.588322639465332, -246.71768188476562, -6.347975254058838, -14.053304672241211, -282.44830322265625, -9.479923248291016, -21.366146087646484, -23.70246124267578, -20.915477752685547, -95.4673080444336, -175.38113403320312, -167.68710327148438, -264.5960388183594, -298.09002685546875, -176.88681030273438, -24.203018188476562, -11.873223304748535, -168.0094451904297, -16.055641174316406, -26.09191131591797, -83.68074035644531, -166.69471740722656, -137.29464721679688, -18.087947845458984, -11.74334716796875, -114.93876647949219, -293.9854736328125, -135.302978515625, -149.5820770263672, -27.3089542388916, -6.617371559143066, -9.204763412475586, -9.903973579406738, -25.227558135986328, -15.539106369018555, -11.434276580810547, -8.619674682617188, -149.30963134765625],