rxn_id,ok,rmsd,ref_d1,ref_d2,gen_d1,gen_d2,dd1,dd2
0,True,0.25999559651974524,2.317787352390206,2.5821387835281047,2.331351866932789,2.503283483394959,0.013564514542582895,-0.07885530013314579
1,True,0.18480544478280755,2.726961736548571,2.274046823858295,2.6518388881523323,2.2231044670775146,-0.07512284839623895,-0.05094235678078052
2,True,0.1282551079059384,2.1494940458396252,2.767116797787907,2.148968671310962,2.5540144681610557,-0.0005253745286633027,-0.21310232962685127
3,True,0.08867089404446052,2.2598791960191145,2.3656185143636326,2.392822148012259,2.323388544522418,0.13294295199314465,-0.04222996984121474
4,True,0.40350014095391973,2.3147868828036846,2.466140860251093,2.411135179921068,2.6998189027055126,0.09634829711738346,0.2336780424544198
5,True,0.8042446952789262,2.43570981861551,2.2245206772471233,2.3792440071058287,2.3994061668848397,-0.05646581150968144,0.17488548963771633
6,True,0.4887500911861101,2.8368228000705296,1.978658448065254,2.422932967115062,2.1965709452749302,-0.41388983295546744,0.2179124972096762
7,True,0.49297206003381905,2.7335646760045753,2.6185760580513984,2.4587944949332385,2.4984424679495825,-0.27477018107133677,-0.1201335901018159
8,True,0.46047224908366113,2.7952111279830008,2.6567282356500073,2.3972820200512497,2.4025007302410963,-0.39792910793175107,-0.2542275054089109
9,True,0.1816908701657047,2.514369713049376,2.3764046391345053,2.4680732365092006,2.371031947181227,-0.04629647654017521,-0.005372691953278164
10,True,0.24002217012870125,2.818936481955562,2.231384632935344,2.5516892332764582,2.1302910261053536,-0.26724724867910377,-0.10109360682999036
13,True,0.5368889502883082,2.21217072295517,2.2352757035766304,2.2943337983480085,2.3810778968918678,0.08216307539283862,0.14580219331523736
14,True,0.2378808435897892,2.1474735878468914,2.2305667087984613,1.9397432924036624,2.353403337257981,-0.20773029544322896,0.12283662845951948
15,True,0.7054174208936788,2.333316908330285,2.10887016949835,2.4964358154827453,2.27223201293904,0.16311890715246014,0.16336184344068982
16,True,0.9891827819744655,2.246886281879882,2.4117358964447164,2.2140330782192486,2.4222763082237333,-0.03285320366063349,0.010540411779016878
17,True,0.7225886252570007,2.650466585056299,2.436208860791701,2.378197331738054,2.460944105631414,-0.27226925331824514,0.024735244839712678
18,True,0.2243692570670687,3.1019546263283737,3.114753035298304,2.4872015923519353,2.4979179465198613,-0.6147530339764384,-0.6168350887784428
19,True,0.2780591116846455,2.7338715497623514,2.5927485739461895,2.629662033752056,2.4767570641718173,-0.10420951601029538,-0.11599150977437223
20,True,0.25291889219132047,2.1873706334775553,2.6058463518404147,2.1445600441204715,2.3565189143762457,-0.04281058935708382,-0.24932743746416897
22,True,0.44578612411940016,2.3865504030922957,2.279399614745076,2.4668139641361284,2.4166118430459615,0.0802635610438327,0.13721222830088564
23,True,0.7151626103608527,2.373437226682012,2.1823165715816764,2.2962400077489717,2.171645300072275,-0.0771972189330401,-0.010671271509401503
24,True,0.7575696160696671,2.471259244636224,2.131498254679088,2.7492154752345255,2.7902737126842947,0.27795623059830143,0.6587754580052065
25,True,0.74112898033149,2.3028652404124736,2.241156704672835,2.7452981495549804,1.8335677251931548,0.44243290914250677,-0.4075889794796801
26,True,0.29986496772964694,2.3488895071075606,2.6445851042649395,2.257341834772483,2.6187009379213197,-0.09154767233507766,-0.025884166343619786
27,True,0.2192318729203015,2.805322126423274,2.306603480986708,2.415675410356491,2.3741172193668114,-0.38964671606678314,0.06751373838010322
28,True,0.3243080333383287,2.638713793612335,2.3213061077333164,2.386496135371059,2.488646753871067,-0.25221765824127607,0.16734064613775068
29,True,0.9765195396236477,2.4620840057357913,2.1106951151930966,2.3529347998248906,2.272754840684978,-0.10914920591090072,0.1620597254918814
30,True,0.3325383596298253,2.010113133358419,2.723844855971059,2.176785909903866,2.494063057612818,0.16667277654544677,-0.22978179835824086
31,True,0.4296884914090372,2.2481159148273475,2.323998592297336,2.2329435245032507,2.502447930072272,-0.015172390324096785,0.1784493377749361
33,True,0.2786722518051114,2.887658133141803,2.18009570812843,2.5144356140989172,2.2238137921514474,-0.3732225190428857,0.04371808402301758
34,True,0.21880628838419688,2.6389405166657323,2.1368737780224643,2.336433085920716,2.4178165184786047,-0.3025074307450164,0.2809427404561404
35,True,0.8947872388840424,2.5484803486587846,2.605503035193012,2.398122229654902,2.6254771738975373,-0.15035811900388252,0.019974138704525135
36,True,0.28129846180181944,2.5197607770183263,2.56368602326806,2.478043423241207,2.6078069427183443,-0.04171735377711938,0.04412091945028429
37,True,0.17549624383158097,2.5468640360451125,2.5818017788745906,2.1736242295203647,2.283244746572299,-0.37323980652474775,-0.2985570323022917
38,True,1.0744194049857747,2.6395910412221055,2.521283676502904,2.3625942636697057,2.4520740625623443,-0.2769967775523998,-0.06920961394055958
41,True,0.7395786355972187,2.7123331902072803,2.2070499553476357,2.883619429191896,2.3331352855361818,0.17128623898461592,0.12608533018854606
42,True,0.27281696948188777,2.3355003043887623,2.7230111634365364,2.299171926992412,2.629642281370035,-0.03632837739635031,-0.09336888206650151
44,True,0.2695001311500563,2.7307666398101462,2.5563966989495195,2.930155026801312,2.496509944650932,0.19938838699116568,-0.0598867542985877
45,True,0.2985843773932929,2.7262419002355602,2.6597423331781593,2.597262996825312,2.8640207483113667,-0.12897890341024842,0.20427841513320733
46,True,0.317925085336081,2.7852662563388804,2.4091645916582785,2.469277944967111,2.3310730909420236,-0.3159883113717692,-0.07809150071625481
47,True,0.5419372561783987,2.044780241052813,2.148558879342151,2.0570428337616113,2.3340068282224453,0.012262592708798259,0.18544794888029426
48,True,1.3731415926731587,2.1931480523211375,1.9955737739808068,1.721084404343378,3.1189034840142136,-0.47206364797775957,1.1233297100334068
49,True,0.31532351961842725,2.3552831848845694,2.5884201431181912,2.266896503158669,2.5926288734653093,-0.08838668172590047,0.004208730347118106
50,True,0.8512990036969657,2.4940646403210964,2.4463832252735878,1.8052117087286468,2.144626656372619,-0.6888529315924496,-0.3017565689009687
51,True,1.0645473236893708,2.6360159809454875,2.4456912466826224,2.743153550007181,2.6335631026294015,0.10713756906169358,0.18787185594677913
52,True,0.6264380315078958,2.8461640856422883,2.2941040082350237,2.988770616009365,2.3103557489774165,0.1426065303670767,0.016251740742392773
55,True,0.19420304637149474,2.9065346550488607,2.5643133795423676,2.7532797672922746,2.2970589809970052,-0.15325488775658602,-0.26725439854536237
56,True,1.4810672535685232,2.6744894201697638,2.5647225447404636,2.092510866587316,3.5533074292574236,-0.5819785535824478,0.98858488451696
57,True,0.8021265166432014,2.328090733133054,2.535204688974837,2.4521148664777104,2.2894648409121725,0.12402413334465656,-0.24573984806266447
58,True,0.14261846929627978,2.709450755799042,2.295887025922661,2.6033596427791146,2.2897128944863367,-0.10609111301992735,-0.006174131436324171
61,True,0.9397682996453515,2.3286169371753696,2.5745828506575585,2.534400024389796,2.521845381196278,0.20578308721442662,-0.05273746946128055
62,True,0.3103489213345755,2.5226871793585506,2.3510664661808267,2.5101525426413827,2.344485339300291,-0.012534636717167924,-0.006581126880535582
63,True,0.9154807399711546,2.536522100613358,2.2559477499268463,2.28598366689047,2.043816770917344,-0.250538433722888,-0.2121309790095025
64,True,0.24278650280614164,2.4582256833334077,2.3187701470607216,2.3540554485969527,2.162316110764104,-0.10417023473645504,-0.1564540362966178
65,True,0.8656280267663203,3.3026941816946964,2.1595497576578317,3.230592621174326,2.041646284542207,-0.07210156052037053,-0.11790347311562455
66,True,0.49991965018012635,2.2521476121471258,2.9112059667601673,2.467341764209409,2.260368344988268,0.2151941520622831,-0.6508376217718994
67,True,0.4576956521812454,2.300034362808521,2.7930480091111933,2.3323000599191777,2.924873991886317,0.03226569711065652,0.13182598277512358
68,True,0.4994982145886754,2.7281073550357213,2.1526699704552947,2.354519359760289,2.0571681893829195,-0.3735879952754324,-0.09550178107237528
69,True,0.8135661776263948,2.260990895824218,2.4232187808780288,2.3621797070267534,2.5608232924817362,0.10118881120253542,0.13760451160370746
70,True,1.461184645591152,2.8886684550152166,2.038455368949735,2.294268138167812,2.7710951020638035,-0.5944003168474046,0.7326397331140684
71,True,1.5142327197880512,2.4887414965399683,2.184417792387711,2.1667389483998756,2.498158548246688,-0.32200254814009277,0.3137407558589773
72,True,0.2549821458927527,2.359940382594442,2.5921875907619034,2.1385489099356603,2.557248500408593,-0.22139147265878156,-0.03493909035331022
73,True,1.0063797236465821,2.316292182325019,2.7289828286927715,2.1996710227061227,2.1841140562960533,-0.11662115961889619,-0.5448687723967183
74,True,1.2083163674414694,2.1177824070003033,2.3625161868016904,2.498336782671424,2.381060705609372,0.3805543756711205,0.018544518807681598
75,True,0.7421316867404192,2.0323564105244927,2.570334269039729,2.2171423362384743,2.5879909448554876,0.18478592571398167,0.017656675815758582
76,True,0.9064514107366668,2.1925899654062087,2.292834883741086,2.9107801029279075,2.607055970881715,0.7181901375216988,0.3142210871406288
77,True,0.619167196402245,1.9854009901025034,2.5799524538835983,2.4270088101002023,2.569020303759003,0.44160781999769894,-0.010932150124595363
78,True,0.5332581178015816,2.292525900071796,2.4145030432989723,2.414186451051575,2.4956737090365,0.12166055097977901,0.08117066573752796
79,True,0.8971255435421335,2.6778998879532447,2.1840332267161138,2.429860029679282,2.188430520297594,-0.2480398582739629,0.004397293581480444
80,True,0.18116827901814864,2.4863070863833374,2.5790151395639382,2.6016345001827217,2.2665540396930757,0.11532741379938427,-0.31246109987086257
81,True,0.1936484771851756,2.513677525797611,2.461744701710557,2.4759577722305766,2.308076544206669,-0.03771975356703461,-0.1536681575038883
82,True,0.7847668357280742,2.6692040138775455,2.3705916784845087,2.541571576350546,2.636156849139671,-0.12763243752699927,0.2655651706551625
83,True,0.9896164562217502,2.663457736571016,2.367980100359798,2.5393443332848737,2.3721696755301886,-0.12411340328614218,0.004189575170390647
84,True,1.3562942234891588,2.8042724792180946,2.2461764679116376,2.600396651465695,2.2527893941569417,-0.20387582775239954,0.006612926245304074
85,True,0.7101346410637058,3.8316760351835595,2.1048222949218305,2.7964057035253314,2.3957600541272908,-1.0352703316582281,0.2909377592054603
86,True,0.23108372073813255,3.1495632511191136,2.29432392381721,2.420539855525829,2.149834237606705,-0.7290233955932846,-0.1444896862105054
87,True,0.13392428234653844,2.4047373742885103,2.5609396134036433,2.2375115853253145,2.3382211073989563,-0.16722578896319584,-0.222718506004687
88,True,0.33595246624382885,2.431368349345693,2.512282378276773,2.7543355207151143,2.663082743098682,0.32296717136942155,0.15080036482190895
89,True,0.2745600445718753,2.7096678418581126,2.206673205551742,2.640410735838271,2.3520899305411347,-0.0692571060198417,0.1454167249893925
90,True,0.5908296670407233,2.275921274099787,2.800575948014979,2.242622573322805,2.6131238440339946,-0.03329870077698205,-0.18745210398098466
91,True,0.7377537212499358,2.3138033673153817,3.3983644476277113,2.3744144732082897,2.6772822807922214,0.06061110589290797,-0.7210821668354899
92,True,0.5876173404181283,2.374279224480558,2.681227246113242,2.442001187231693,2.157197140342301,0.06772196275113496,-0.5240301057709411
93,True,0.6722164953747292,2.408913094343588,2.4642679189974452,2.1947724268338162,2.224781996322561,-0.2141406675097719,-0.23948592267488422
94,True,0.4580754489284892,2.3654862259374925,2.3900330924278017,2.444242132047069,2.526274014463197,0.07875590610957639,0.1362409220353955
95,True,0.7382648759757848,2.404432996051252,2.312221819181715,2.6178122622711126,3.0736568431217237,0.21337926621986059,0.7614350239400087
96,True,0.7125954551574054,2.4977262989767315,2.2095649155659585,2.7187702115423438,2.8671925619870735,0.2210439125656123,0.657627646421115
97,True,0.8021331321500514,2.499584378591769,2.261958639520184,2.4392678167128348,2.7171541198147002,-0.060316561878934305,0.4551954802945164
98,True,0.8102970274687371,2.25803583700525,2.4961786356549083,2.3460738159900254,2.5577495580795238,0.08803797898477539,0.06157092242461548
99,True,0.19008924980623598,2.237104017563779,2.3045460893199774,2.5801397604151215,2.3882339685016207,0.34303574285134264,0.08368787918164333
100,True,0.17050096201429124,2.4174894654992816,2.0794988026926102,2.6768599500565955,2.187412366333792,0.25937048455731393,0.10791356364118165
101,True,0.9630699127308658,2.3214433726886385,2.214260422037119,2.349258224334013,2.2054069116580277,0.02781485164537445,-0.008853510379091212
102,True,0.17808364275171876,2.3294148161501846,2.201101797214295,2.3926188198988156,2.1593253481159342,0.063204003748631,-0.04177644909836076
103,True,0.5616959669467323,3.049542991154576,2.04889379334313,2.812145949970947,1.6695728232002942,-0.23739704118362903,-0.3793209701428357
105,True,0.29401882768432513,2.606879753383343,1.9566819844829155,2.3368302210400307,2.0318191699231014,-0.2700495323433123,0.07513718544018588
106,True,0.3039280263467485,2.4994648717275467,1.9407595473422254,2.16302392505261,2.1541401419903026,-0.33644094667493674,0.21338059464807713
107,True,0.14753001277781985,2.2141417296550827,2.6582291942193397,2.170831602886092,2.57619908287112,-0.04331012676899082,-0.08203011134821958
108,True,0.29994822163688734,2.2323089522062127,2.563022396254079,2.213726574361206,2.487777582474366,-0.018582377845006715,-0.07524481377971304
109,True,1.8907447373019886,2.8466328067385156,1.9257597589782585,2.66860561497367,1.7328849751062534,-0.1780271917648455,-0.19287478387200507
110,True,1.8885566725109384,2.0161871273768215,2.4559975699092216,2.7192497177054187,2.556121030777103,0.7030625903285972,0.1001234608678816
112,True,0.4080885771936531,2.72739152902549,2.0604562615595605,2.293104573903685,2.283582597960275,-0.43428695512180493,0.22312633640071455
113,True,0.9417507812061039,2.0885789744704413,2.3987798592200993,2.3958053422016574,2.483332458966177,0.30722636773121614,0.08455259974607765
114,True,0.3805582332707398,2.5791927990749355,2.688112990668361,2.524329383916449,2.4875656990481674,-0.05486341515848636,-0.20054729162019358
115,True,0.2621079025631613,2.5786552733159196,2.8005011205496775,2.2395682393075234,2.746622305991488,-0.33908703400839624,-0.053878814558189436
118,True,0.4832871118378103,2.750657521430103,2.80874209611705,2.4321098735379945,2.5317979001725237,-0.31854764789210854,-0.27694419594452624
120,True,0.309165640934088,2.253542399534564,2.215770979004825,2.477370023875723,2.2999773457075614,0.22382762434115877,0.08420636670273662
121,True,0.6609431018877242,2.3437784468033662,2.0176663919984392,2.7149022118448394,2.308924176920715,0.37112376504147315,0.29125778492227594
122,True,0.9737986675063005,2.4278057102247703,2.6788552556269254,2.391846667576122,2.5785910968170196,-0.03595904264864824,-0.1002641588099058
123,True,0.8687449394495895,2.4034957826049954,2.7566553995920495,2.3649029698742403,2.6890713177892844,-0.0385928127307551,-0.0675840818027651
124,True,0.1088397777616219,2.2782200812256925,2.4408489309459527,2.3467421074958366,2.3149718716828938,0.06852202627014403,-0.12587705926305892
125,True,0.11818097983098794,2.3954285064054823,2.2281512588242296,2.6050215970141206,2.302321865835878,0.2095930906086383,0.07417060701164857
126,True,0.10505587002532281,2.4075050270975553,2.294601915474665,2.314581743174131,2.394045912668552,-0.0929232839234242,0.09944399719388697
127,True,0.2420825619629836,2.5617911181241926,2.2641982695426655,2.33646987234075,2.5191152541680184,-0.2253212457834426,0.25491698462535295
128,True,0.20767651169838633,2.736174887557446,2.2273532302937493,2.4064533209077625,2.2119733208196704,-0.32972156664968333,-0.015379909474078968
129,True,0.14839472357974887,2.406697090163197,2.3814778966011843,2.365936528483594,2.4229623418431414,-0.0407605616796034,0.04148444524195716
130,True,0.6255882462018156,2.339812531315276,1.9684956458676763,2.5688609019876885,2.1043391397457776,0.22904837067241246,0.13584349387810124
131,True,1.221221778155976,2.0304226792961115,2.2131176135939996,2.3347803787459327,2.872134869545997,0.30435769944982116,0.6590172559519973
132,True,0.18438647763537497,2.118722601687158,2.200943220848734,2.198033175117473,2.4345030283762226,0.07931057343031522,0.2335598075274885
133,True,0.2491183338432722,2.237450712619163,2.2128609320967283,2.088164239587969,2.3632367776314758,-0.14928647303119424,0.15037584553474748
134,True,0.3493214526937511,2.6237975083836025,2.0815012703575273,2.4496913353128797,2.3031071884578016,-0.17410617307072274,0.2216059181002743
135,True,0.29914735053378094,2.7889484919768597,2.12112493158701,2.415364958404009,2.2627048406864736,-0.3735835335728508,0.14157990909946339
136,True,0.9968120232603979,2.009901477212254,2.545841795340001,2.1280138992086024,2.3829463053751336,0.11811242199634853,-0.16289548996486758
137,True,0.945569425644566,2.2960686777620567,2.1154824562496377,2.3296363475347395,2.263364912698127,0.03356766977268277,0.1478824564484893
138,True,0.8384538823803737,2.736041653301353,2.5520570475206856,2.753492746982639,2.43321059470507,0.017451093681285723,-0.11884645281561568
139,True,0.9317297264768697,2.5954653259097875,2.5481799600499175,2.5196698410716434,2.182759022524474,-0.07579548483814413,-0.36542093752544336
140,True,0.7226026306065981,2.193578261517013,2.1001606627589235,2.539905302074469,2.242098592712417,0.3463270405574561,0.1419379299534933
141,True,0.3407183689285571,2.2867642616369532,2.0091534236588307,2.720806527593978,2.474869164452537,0.43404226595702466,0.46571574079370626
142,True,0.20223958719067356,2.5458019232846847,2.0087954563120656,2.407522660323055,2.2244718854013414,-0.13827926296162962,0.21567642908927587
143,True,0.17089467002921682,2.554942161556695,1.9869347881347288,2.480792019854546,2.2242402526676384,-0.07415014170214906,0.23730546453290957
144,True,1.3558374385100012,3.277584403703435,2.034527922762428,2.9934371862055165,2.660148026167905,-0.2841472174979187,0.6256201034054771
145,True,1.1325231148453334,2.186346859283769,2.28332333448419,2.0840138102891737,2.1687642030414462,-0.10233304899459528,-0.11455913144274366
146,True,0.8645512988621993,2.514213718083648,2.161607569865539,2.3213387506406726,2.288567123964906,-0.19287496744297528,0.1269595540993671
147,True,1.3582219966817557,2.415575576234368,1.8452714843350286,2.2560416765833473,2.188718009806197,-0.1595338996510205,0.3434465254711683
148,True,0.20249416425989358,3.046863110413725,2.7206028704866134,2.761714136658065,2.3420531469838597,-0.28514897375566006,-0.37854972350275373
149,True,0.19223028998301178,2.6127127004322537,2.5260093810197937,2.394808410745628,2.5820301043549048,-0.21790428968662567,0.0560207233351111
150,True,0.195927024423145,2.3309949531047898,2.431983025701454,2.495336466550954,2.246575404863812,0.1643415134461641,-0.18540762083764228
151,True,0.5510017205236746,2.4342197142821766,2.375714935466795,2.4573644728991666,2.690185875068301,0.023144758616989947,0.31447093960150596
152,True,0.4409266560309228,3.193505996675128,2.5271909575257663,2.596315754142589,2.268845079227976,-0.5971902425325388,-0.2583458782977903
153,True,0.8125850762008474,2.870149641307923,2.319430414110326,2.5552763221094112,2.277522332686334,-0.3148733191985116,-0.04190808142399227
154,True,0.5034833136588647,2.1476375114995547,2.164473710281555,2.090816343963764,2.405799331981161,-0.056821167535790806,0.2413256216996058
155,True,0.7351333638584931,2.659758605700901,2.4056319207227026,2.6032304838982276,2.4170849683141054,-0.056528121802673414,0.011453047591402754
156,True,0.7374766996908642,2.4798790461431786,2.8512928673322917,2.4400135664881044,2.519052396943343,-0.03986547965507414,-0.33224047038894877
157,True,0.8965561899859416,2.7442088891700647,2.2395438546498703,2.5555006144749797,2.471752950586082,-0.188708274695085,0.23220909593621153
158,True,1.1594604710390455,2.9137738359728607,2.2038977661860812,2.250596038067027,2.5840681800482743,-0.6631777979058335,0.3801704138621931
159,True,0.4980109636310632,2.2384962618016586,2.281910859433383,2.606307674562234,2.3638846506215145,0.36781141276057516,0.08197379118813153
160,True,0.47300864662560826,2.4133972328441913,2.1356238563239547,2.4471894182686387,2.7853368698541656,0.033792185424447396,0.6497130135302109
161,True,0.14527445758390395,2.3008592882225543,2.433213144506662,2.308877107948797,2.424218314824183,0.008017819726242603,-0.00899482968247911
163,True,1.0130366999982816,2.392519203371208,2.063005698416754,2.4605923142300514,2.443832081806154,0.06807311085884349,0.38082638338939967
164,True,1.3185910588949028,2.3970274253750206,2.186955651813726,2.4370221737862785,2.52293025541611,0.03999474841125794,0.3359746036023843
165,True,1.3675651003888456,2.5249746222487066,2.299805722860085,2.6948302974096534,2.2153737236035367,0.1698556751609468,-0.08443199925654854
166,True,0.9592323183698329,2.809775610756133,2.213008652897679,2.400596208069987,2.345385337266565,-0.4091794026861457,0.13237668436888628
167,True,0.47657386337862384,2.9028089082989945,2.949079260277689,2.362480459668185,2.599973766548424,-0.5403284486308095,-0.3491054937292648
168,True,0.451176343313863,2.8281378814690066,3.1764201787232116,2.348653575441683,2.6175143651955377,-0.4794843060273237,-0.5589058135276739
169,True,0.18345740594132529,2.2426014362565634,2.2065075191578205,2.3403748059939034,2.4013685245344996,0.09777336973733997,0.19486100537667905
170,True,0.5998313794713706,2.066694944712451,2.48123886034779,2.271162460568596,2.534242545402077,0.2044675158561451,0.053003685054286986
171,True,0.19579725680297907,2.5310256582263246,2.366539002721062,2.2467394233281706,2.3517469122261008,-0.2842862348981541,-0.014792090494961219
172,True,0.56837724352504,2.051780600868426,2.7510738757983217,2.068160054322682,2.3592325267912866,0.016379453454256065,-0.39184134900703516
173,True,0.4001498421975186,2.8492727919418313,1.9928752951953617,2.2052025044120094,2.107052825895212,-0.6440702875298219,0.11417753069985048
174,True,0.9487533384954047,2.2449858904456392,2.463621747164122,2.347365776205532,2.2940780550203606,0.10237988575989299,-0.16954369214376142
175,True,1.0701640251418336,2.756543329461737,2.1806466628502656,2.5264157772553983,2.579811881342126,-0.23012755220633885,0.39916521849186015
176,True,0.8085573474451899,2.47967265029076,2.3011012251311325,2.559013498236576,2.3963322217276133,0.07934084794581642,0.09523099659648082
177,True,0.9139907894660003,2.455637529970578,2.368649906592361,2.7429362804669744,2.368670390032982,0.2872987504963964,2.0483440620999716e-05
178,True,0.4900077588767431,2.245568526609687,2.4532353662255892,2.2282016131840496,2.5255769759692535,-0.017366913425637343,0.07234160974366421
179,True,0.22694559893715335,2.5978397495034216,2.206477519237393,2.5091297103627386,2.371118412897171,-0.08871003914068298,0.16464089365977808
180,True,0.28959851889439275,2.912926389269046,2.3041934473693826,2.5509331726389854,2.2193925353443,-0.36199321663006057,-0.08480091202508255
181,True,0.3658142387078226,2.529970749099681,2.3445638901510018,2.6526161103866874,2.4776477027378205,0.12264536128700643,0.13308381258681878
182,True,1.1085183799223481,2.0131002165317056,2.6708801551174104,2.246468615469622,3.1108798929320622,0.2333683989379165,0.43999973781465185
183,True,0.2945646364375935,2.5781135629758434,1.849206087865817,2.3485858168546874,1.8494444685537328,-0.229527746121156,0.0002383806879158179
184,True,0.31829194104543157,2.2409616247048945,2.0380217379851473,2.471290635319124,2.145584985622802,0.23032901061422972,0.10756324763765468
185,True,0.0861916937422603,2.2853379206148046,1.933381772258133,2.416398961559742,2.007159960239592,0.13106104094493753,0.07377818798145896
186,True,0.8767376334139857,2.402405327354233,2.4566974625500797,2.8621097089557903,2.2801579927323017,0.45970438160155735,-0.17653946981777802
187,True,0.47069066998637943,2.3568936426788545,2.4690445141592727,2.470254195981863,2.5285314688571705,0.11336055330300843,0.059486954697897776
188,True,0.8573561576881927,2.5015941107421886,2.3412836568216164,2.332053487248309,2.764938663209186,-0.16954062349387966,0.4236550063875697
189,True,0.45696923655554694,2.1556182615203463,2.6762174182416496,2.2862292661430526,2.3897962529422876,0.13061100462270625,-0.286421165299362
190,True,0.5261660782867797,2.267865297013912,2.3705513262952143,2.559041441455765,2.5582399397779327,0.2911761444418528,0.18768861348271848
191,True,0.6741787612343363,2.1967361120079945,2.5019870479680746,2.314610189155185,2.757116303302057,0.11787407714719045,0.25512925533398256
192,True,0.1674312341734331,2.947217807441452,2.7282228359318452,2.772313374458414,2.480304895216312,-0.17490443298303804,-0.2479179407155332
193,True,0.15005239836566836,2.578877115839372,2.7749613638031074,2.5109007897364246,2.6325393909643595,-0.06797632610294757,-0.1424219728387479
194,True,0.1818207500832325,2.402233203875094,2.509755717574919,2.4048699314293485,2.3508436474106484,0.002636727554254481,-0.15891207016427078
195,True,1.3676868773401192,2.9221250010565942,2.2416066715416423,2.888688381862952,2.210527563135099,-0.03343661919364216,-0.031079108406543376
196,True,0.9350834497524853,2.3441181683951005,2.7287435462864584,2.4585008862471454,2.5493097259511246,0.1143827178520449,-0.17943382033533384
197,True,0.1545344509452144,2.69787733861271,2.356235872084966,2.6414990775790557,2.3893261943876563,-0.05637826103365429,0.03309032230269038
198,True,0.42131411961751053,2.211826678630132,2.7318388385298285,2.273796339618392,2.5890054983244046,0.06196966098826007,-0.14283334020542382
199,True,0.2437520972314579,2.8772823440705295,2.3422408814850786,2.760986978640247,2.370746589117234,-0.11629536543028252,0.02850570763215554
200,True,0.1722794420375222,2.676347946530869,2.3829835902498364,2.330615377696629,2.453143503268001,-0.3457325688342401,0.07015991301816449
201,True,0.35397222729235384,2.502206483965702,2.4568188161930054,2.4022180534068927,2.5251008557524988,-0.09998843055880924,0.06828203955949341
202,True,0.1822646766774212,2.2642800230095217,2.81702038015347,2.2760196055067277,2.593449814807489,0.01173958249720597,-0.22357056534598074
203,True,0.22478385376301013,2.2308833432745874,2.05231412386116,2.252984926446247,2.36405230737689,0.022101583171659556,0.31173818351573024
204,True,1.0911343245850715,2.5309393167162266,1.96009061798173,2.343709658541561,2.062269449039092,-0.18722965817466575,0.10217883105736192
205,True,1.5317710617742069,4.363341946043192,2.2106033388873727,3.0726923905872843,2.533033738623708,-1.290649555455908,0.32243039973633536
206,True,1.884714226760933,2.192540789517951,2.750141654624358,2.3188759436752973,1.838875005956359,0.12633515415734609,-0.911266648667999
207,True,1.033377751332503,2.24458670935208,2.4543139965986422,2.335848993811458,2.745790076166421,0.09126228445937778,0.2914760795677789
208,True,0.42420290231361507,2.5844874061407226,2.2445550431210193,2.4785723828726485,2.7368840559048166,-0.10591502326807412,0.49232901278379737
209,True,0.763036915105204,3.3055951227577767,2.144841706839925,2.76388640721738,2.492299782256942,-0.5417087155403966,0.3474580754170171
210,True,0.8328970421090066,2.396087440098963,2.4534900836970994,2.5808912862344666,2.4856190069208113,0.1848038461355035,0.03212892322371186
211,True,1.0414534025229605,3.3855521687754275,2.3803550692491235,2.586155290383004,2.4913482352156233,-0.7993968783924235,0.11099316596649977
212,True,0.5171429036366457,2.672260608698186,2.709335842840455,2.487834749644558,2.690401133405574,-0.1844258590536283,-0.018934709434880848
213,True,0.19051957282566273,2.9289552825026197,2.6706000613158083,2.681696531351003,2.4315168970539767,-0.24725875115161688,-0.23908316426183163
214,True,0.15325295409622888,2.6957341862654043,2.7270435923725165,2.5850763894053497,2.7052258137543714,-0.11065779686005461,-0.021817778618145045
215,True,0.1422200107494778,2.7026554472222317,2.6591538088083584,2.5952659796078708,2.548450212087927,-0.10738946761436097,-0.11070359672043129
216,True,1.5911105149057592,2.453325440172991,2.0552867385355262,2.5891496925347903,2.788790264881531,0.1358242523617994,0.7335035263460048
217,True,0.4452097274054228,2.2226797415282302,2.2474113569616048,2.631508586514777,2.464950377250626,0.4088288449865467,0.21753902028902106
218,True,0.22042247085049918,2.7118512151296206,2.284963535485851,2.352265866094647,1.9937722360164412,-0.3595853490349734,-0.2911912994694099
219,True,0.42314853488365206,2.342189623963013,2.3708078277456397,2.169482557276965,2.3723278241748122,-0.17270706668604818,0.0015199964291725543
220,True,0.4075126406904048,1.866009117260685,2.6670963210390433,2.137863819845642,2.5757844635594025,0.2718547025849569,-0.09131185747964077
221,True,0.20867691247966805,2.214174613236273,2.2792879447099264,2.4586374278632466,2.131088824053329,0.2444628146269734,-0.14819912065659757
222,True,0.30302219049558193,2.54023810023785,2.049659864367744,2.4620679584913976,2.0270550637328526,-0.07817014174645243,-0.022604800634891564
224,True,0.9090821329336126,2.242324098853687,2.156041678307727,1.9916940933654945,2.520582098102341,-0.2506300054881925,0.36454041979461405
225,True,0.5907562328974132,2.4469610021820944,2.4142896652017547,2.0967834507111123,2.4431888798431043,-0.3501775514709822,0.02889921464134959
226,True,0.3473657957182632,2.419186090940505,2.459655362870986,2.387735320398808,2.5883299709492222,-0.03145077054169709,0.12867460807823639
227,True,0.643003770537094,2.3367662201854937,2.2784077076326796,2.708468808298519,2.701262172548233,0.37170258811302537,0.42285446491555323
228,True,1.0790099225277932,2.203493742786668,2.397048472976715,2.2857257032025955,2.400789826769932,0.0822319604159274,0.0037413537932171614
231,True,1.0152496837420726,2.44962773208502,2.149217994224876,2.6776439527035705,3.0753560903501893,0.2280162206185503,0.9261380961253134
232,True,0.10068178101083923,2.3099500523820855,2.293675686534607,2.3887901784840797,2.2697105813482037,0.0788401261019942,-0.023965105186403157
233,True,1.098971610353916,2.9801258386350065,2.182237279078515,2.770913167158798,2.2536541847659324,-0.20921267147620837,0.07141690568741721
234,True,1.1272701487761456,2.4958328979521043,2.5874220329509448,2.5280886640084446,2.4226973889790693,0.032255766056340285,-0.16472464397187547
235,True,1.1239733339052151,2.507759419481861,2.5748999759408133,2.590743212305882,2.3916374489901266,0.08298379282402113,-0.18326252695068668
236,True,1.0591324623850793,2.550839428070689,2.6447858428991937,2.607888685653972,2.400294194893618,0.05704925758328283,-0.24449164800557588
237,True,0.47599789048432894,2.6616654503900374,2.567412593098351,2.6871422384514743,2.5670901628051555,0.025476788061436828,-0.0003224302931954526
238,True,1.0999531298551777,2.4417589781753644,2.2539129079225755,2.664991771009059,2.393355208353954,0.22323279283369457,0.13944230043137873
239,True,0.5571564984640751,2.51469183294892,2.1656254033188658,2.5094205934936453,2.401251721870491,-0.0052712394552747455,0.2356263185516254
240,True,0.5102221558611781,2.076840517252107,2.44886744061413,2.6009691237871317,2.6748882390417736,0.5241286065350246,0.22602079842764367
241,True,0.2999009405865254,2.492999361933332,2.01857930735951,2.433563459864772,2.2471076110130994,-0.059435902068559976,0.22852830365358923
242,True,0.6222292130132218,2.1991990218486364,2.7299178320784674,2.357555326058118,2.3933877031095485,0.15835630420948155,-0.3365301289689189
243,True,0.24176307117712975,2.3507293023230047,2.4663860976335394,2.096253593856192,2.3732946817100062,-0.25447570846681256,-0.0930914159235332
244,True,1.2790881346049323,2.9814067591323394,2.415908717046238,2.850073080264083,3.928104668736565,-0.13133367886825642,1.5121959516903272
245,True,1.089236240263643,2.6324070752640063,2.4461737702174795,2.1690457467019915,2.2851589632491653,-0.46336132856201484,-0.16101480696831416
246,True,1.1475718278548999,2.587245388709776,2.2083393284094726,2.4141660850401325,2.568329751539899,-0.17307930366964364,0.3599904231304265
247,True,0.44393885058296784,2.1908137790556275,2.813981424068041,2.6601510447390013,2.5921823088787557,0.46933726568337386,-0.22179911518928552
248,True,0.4995951580689696,2.2131602971994595,2.3969133736954285,2.159878192697218,2.2436951542633863,-0.053282104502241356,-0.15321821943204217
249,True,0.3441723332494774,2.8406592911153563,2.1129771352052065,2.559054813773632,2.3601216614170553,-0.2816044773417241,0.2471445262118488
251,True,0.5585269064469367,2.025054890046193,2.782109641872512,2.065281232737566,2.381564160050071,0.04022634269137271,-0.4005454818224412
252,True,1.3090530009113164,2.317609006950913,2.4806403363043183,2.6761449265176207,2.4574196347620405,0.3585359195667075,-0.023220701542277844
255,True,1.0105798248699707,2.194485587489697,2.5502022989166955,2.420338362648289,2.555368400565758,0.2258527751585917,0.0051661016490625045
256,True,0.5053420241176004,2.6857177142060182,2.2240153987101796,2.6481158310138175,2.2689383082953136,-0.0376018831922007,0.04492290958513401
257,True,0.45417086067896506,2.937799438321139,2.4577858348114874,2.3794636871942383,2.1771604466761287,-0.5583357511269007,-0.28062538813535864
258,True,0.3763362923373436,2.6013940899640713,2.406392154741201,2.3804996301585515,2.4753692953684707,-0.2208944598055198,0.06897714062726967
259,True,0.9440413514932771,2.965822228387939,2.1673929039285884,2.867958079554337,2.226998935756369,-0.09786414883360184,0.05960603182778046
260,True,0.2980676352722311,2.3078122110345114,2.427959232792017,2.242025889577103,2.5567161409470156,-0.06578632145740837,0.1287569081549984
261,True,0.8642238639571304,2.3314169686265904,2.18638619310496,2.7450936630335585,2.1012423228837744,0.4136766944069681,-0.08514387022118575
262,True,0.9121372872178617,2.3763102294523755,2.2040993244633964,2.779596178014713,2.5490373316940653,0.40328594856233746,0.3449380072306689
263,True,0.5923774798022539,2.447699108366876,2.485953255071382,2.0380151857957287,2.7160856324959637,-0.4096839225711473,0.2301323774245816
264,True,0.36432913898048325,3.1532101828771264,2.4322180436383576,2.759532109726031,2.3383788562608925,-0.3936780731510954,-0.0938391873774651
265,True,0.31241867774820775,2.148517590014101,2.180635287112451,1.9843904959835903,2.2584325398313316,-0.16412709403051085,0.07779725271888083
266,True,0.4415818921801545,2.587708294398733,1.9533794132477182,2.529074001710705,2.016526948965969,-0.05863429268802811,0.06314753571825094
267,True,1.2386399743542986,2.4453610923747027,2.6385165000242083,2.42143625010158,2.2907784132689484,-0.02392484227312286,-0.34773808675525997
268,True,1.2576454257667016,2.483102573495505,2.5454653060295285,2.5167349421238225,2.365629063934792,0.03363236862831753,-0.1798362420947366
269,True,1.146552121795081,2.2375916234648363,2.403109904519558,2.6802364780356602,2.77394488087579,0.4426448545708239,0.37083497635623175
270,True,0.4776421157858488,2.3235806037019673,2.2689586210638573,2.551533938014739,2.5936204474967033,0.22795333431277154,0.324661826432846
271,True,0.8243286529534465,2.3881973261437173,2.157357500392552,2.2163965234183616,2.3448652117791333,-0.1718008027253557,0.1875077113865813
272,True,0.9670232937630671,2.639681949818955,1.9657306786281787,2.621100748985243,2.1551054720326337,-0.018581200833712064,0.18937479340445496
273,True,0.5702381764178789,2.4201675799208617,2.0701131955765124,2.309255694092363,2.3151651386756407,-0.11091188582849876,0.24505194309912826
274,True,0.9876502709555126,2.345777721311207,2.0585995677401665,2.140833078071712,2.192337312667693,-0.20494464323949524,0.13373774492752633
275,True,0.27395513857509174,2.772996519831931,2.2231440576130015,2.6238838492734393,2.187855699096492,-0.14911267055849153,-0.035288358516509355
276,True,0.17486096020396147,2.3060905741752644,2.513423353317145,2.313187235613019,2.498009951122893,0.007096661437754559,-0.015413402194251802
278,True,1.1151330161713686,2.6572413203358103,2.2400152324928504,2.467524164793731,2.3235965250064394,-0.18971715554207913,0.08358129251358903
279,True,0.37238358113594405,2.285041869747686,2.2489992682524376,2.705326997301805,2.8684639299084798,0.42028512755411906,0.6194646616560422
280,True,0.6395822047648572,2.3979368263988943,2.1028714243624123,2.146948083032517,2.1409101880008885,-0.25098874336637733,0.03803876363847625
281,True,0.6543603482325556,2.6867917157457515,1.9396363733957973,2.326084186418454,2.307534233267624,-0.36070752932729766,0.36789785987182655
282,True,0.8486348116421802,2.3120821088793537,2.0982337530647053,2.2437156041575324,2.1928942496629884,-0.06836650472182138,0.09466049659828313
283,True,0.23450651852807194,2.341356206197596,2.9062918193980454,2.3223708436132675,2.6026174374636777,-0.01898536258432859,-0.3036743819343677
284,True,0.6083684704735813,2.4869715936053636,2.662501992543855,2.3951176996316907,2.3544308351686616,-0.09185389397367283,-0.3080711573751933
285,True,0.46862996603504514,2.7001661173712996,2.38935230667225,2.405562212289884,2.291341377739031,-0.29460390508141554,-0.09801092893321917
286,True,0.6212948190034648,2.4589789254485286,2.571459954442223,2.3071479541488014,2.6054467750481876,-0.15183097129972722,0.033986820605964585
287,True,0.23899209002904107,2.3936518834199765,2.436245905917545,2.2054653538085787,2.429629951321394,-0.1881865296113978,-0.006615954596151052
288,True,0.9327575908735919,2.5924732208645858,2.636585943772742,2.440109806068981,2.3109180864602274,-0.15236341479560478,-0.32566785731251446
289,True,0.7119174203337449,2.258924848462206,2.476432655858019,2.4493007076047237,2.451678489463494,0.19037585914251753,-0.02475416639452499
290,True,0.3394910131151668,2.4656225719481073,2.4011049396892252,3.3511866588724954,2.2712641379113085,0.8855640869243881,-0.12984080177791668
291,True,0.4264806011273923,2.6546932046095266,2.347646987474906,2.1625197307932247,2.6696917716744006,-0.49217347381630194,0.32204478419949467
292,True,0.30890122699173056,2.414971033408061,2.727842049349632,2.170825449045132,2.680419113744901,-0.2441455843629292,-0.047422935604730654
293,True,0.9213195955126826,2.3825689666618257,2.4508155767825532,2.2430913456295087,2.685848034615138,-0.13947762103231698,0.23503245783258464
294,True,0.4110028610380011,2.4278963870807995,2.425191446546025,2.60089584697177,2.25690914241646,0.17299945989097054,-0.16828230412956513
295,True,0.437756699478667,2.62251934284573,2.287511792363047,2.764878725462475,2.2325551411877824,0.14235938261674486,-0.054956651175264604
296,True,0.5375758286832933,2.4217583753339222,2.443005040784812,2.3056005545855074,2.7801740952318075,-0.11615782074841485,0.33716905444699563
297,True,0.9293837864861328,2.4650162647942104,2.561873286757173,2.7679294776475065,2.6488967031656783,0.3029132128532961,0.0870234164085053
298,True,1.5707916914802096,2.547273214674861,2.483950262666304,2.170963987598827,2.546561166919224,-0.376309227076034,0.06261090425291993
299,True,0.4543340806347205,2.6095687891680495,1.7670169239993148,2.4451167783124386,2.474555166280194,-0.1644520108556109,0.7075382422808794
300,True,0.31394767406525936,2.1612309627617314,2.106851264494008,2.708606440719286,2.5489557943726684,0.5473754779575546,0.44210452987866056
301,True,0.1874545535056392,2.9322885446695044,2.1741361835220903,2.7318116049317895,2.3142122344689997,-0.20047693973771485,0.14007605094690945
302,True,1.0674063578919502,2.2398242890235833,2.3789104213904317,2.4012500381953146,2.5341122556155637,0.16142574917173125,0.155201834225132
303,True,0.18533899855738456,2.194884338273887,2.524091748510739,2.2634247734515056,2.5329547342443766,0.06854043517761843,0.00886298573363753
304,True,1.147034401601818,2.616949894896729,2.311998563602495,2.2749360941991315,2.5396491812399993,-0.3420138006975977,0.22765061763750438
305,True,0.7258361524432811,2.5418742460239843,2.2678482617891347,2.589479527892236,2.437067747126862,0.04760528186825175,0.16921948533772735
306,True,1.0621032967138737,2.735268600137837,2.234113666311542,2.4510271788998996,2.271642143339043,-0.28424142123793716,0.03752847702750062
307,True,1.1035655439706529,2.7299271213349265,2.2192927143123775,2.282435434538511,2.346953482509826,-0.4474916867964156,0.12766076819744843
308,True,1.0212943194271815,2.9059889411007744,2.3596274586044297,2.837446921307604,2.3898388940752886,-0.06854201979317054,0.030211435470858916
309,True,0.47703693005999426,2.8146982527262137,2.264925574251834,2.8960927979148043,1.9669098102193194,0.08139454518859068,-0.2980157640325145
310,True,1.0085885829370764,2.351900977230972,2.562644157525582,2.5830471149766123,2.411062167181303,0.23114613774564052,-0.15158199034427922
311,True,0.30687383896029335,2.375443412481131,2.5494085546259546,2.293527883351105,2.5180941465944042,-0.08191552913002598,-0.03131440803155039
312,True,0.32486491828474257,2.311419083961193,2.6256124354900514,2.230588129914171,2.6595743236332012,-0.08083095404702201,0.03396188814314982
313,True,0.2247347354011061,2.357736545587738,2.5525257913094626,2.459855052430732,2.4749824218264664,0.10211850684299373,-0.07754336948299612
314,True,0.2628679885849839,2.797268645107223,2.5916296757445885,2.7213037735258445,2.339088606833653,-0.07596487158137855,-0.25254106891093553
315,True,0.6716319800732307,2.24457962801501,2.4310325831012634,2.450369679463285,2.153313596405781,0.2057900514482749,-0.27771898669548234
316,True,1.2375329625116025,2.653531033830206,2.2565959489017966,2.5851034171229976,2.4671241619294313,-0.0684276167072082,0.2105282130276347
317,True,0.5511829973451192,2.263873035507954,2.3625147696046263,2.384932534990665,2.2548902920980436,0.121059499482711,-0.10762447750658266
319,True,1.1838243071041417,2.432352001232552,2.511011907896894,2.4109390193468188,2.656942697197288,-0.021412981885733373,0.14593078930039383
320,True,1.296279774167881,2.6213647920692003,2.3211195566364093,2.428877359236979,1.9929314096491129,-0.19248743283222147,-0.3281881469872965
321,True,0.36144491086778696,2.803877100676847,2.7174563500082205,2.6378319846021276,2.454574568505304,-0.16604511607471917,-0.2628817815029163
322,True,0.45244454668150863,2.7556648655088667,2.7205355414697308,2.692452548634052,2.4439822452736846,-0.06321231687481488,-0.2765532961960462
323,True,1.1049557165671713,2.5483226926941573,2.8525321095826426,2.553995420234344,2.7513398376153027,0.00567272754018644,-0.10119227196733993
325,True,1.1833275962877352,2.3234775934577034,2.7065139122864306,2.658979839610109,2.2646414654918336,0.33550224615240554,-0.4418724467945969
326,True,0.43933347831442504,2.393553205466718,2.626999556985117,2.6415690797821285,2.3047492606771782,0.2480158743154104,-0.32225029630793856
327,True,0.21605156552651308,2.1909496985097583,2.3403174140487866,2.316677184255502,2.195264637937531,0.12572748574574355,-0.14505277611125544
328,True,0.7155687054189593,2.2065768483558417,2.2757867331540536,1.7539345314378185,2.4583392961977397,-0.45264231691802315,0.18255256304368617
329,True,0.6476718051974585,2.2087570861006878,2.278174059153514,2.2113446063216835,1.9638150351825396,0.0025875202209957315,-0.31435902397097437
330,True,0.7051647866194065,2.1669840013022705,2.3289805726325845,2.3643913416380546,2.5235269076865414,0.1974073403357841,0.1945463350539569
331,True,0.48157904336812435,2.028723985982322,2.645515710594061,2.018433937951401,2.3822905049317558,-0.010290048030920929,-0.26322520566230523
332,True,0.18326161577950933,2.1949740726486953,2.191995667194623,2.227556460734946,2.3435231551595557,0.0325823880862508,0.15152748796493265
334,True,1.2632420309049834,2.4105492787537037,2.362119865840851,2.317447541886979,2.416220508058609,-0.09310173686672485,0.05410064221775812
335,True,1.3391615619851436,2.7685539145915152,2.470086413812278,2.7844721077751884,2.4791153876350736,0.015918193183673157,0.00902897382279555
336,True,1.2619603996087505,2.3904700701744837,2.3405026160634814,2.3238143960122977,2.836565668108532,-0.06665567416218598,0.4960630520450504
337,True,1.0266720259284143,2.3460098797106546,2.4138014744796226,2.720775059969861,2.4042848246114685,0.37476518025920624,-0.009516649868154037
338,True,0.7882385423318378,2.4126632089249425,2.538666954860365,2.8290419931075608,2.6835996676018947,0.4163787841826183,0.14493271274152963
339,True,0.9240151529497074,2.580233999272159,2.2797533699284234,2.50481397568542,2.0653256492013554,-0.07542002358673905,-0.21442772072706795
340,True,1.0741167582959628,2.2299128094838143,2.3571978987984865,2.2553024739369216,2.5932860518953555,0.025389664453107308,0.23608815309686904
341,True,1.2245953359328343,2.4080938622279655,2.222159666473136,2.812856046345778,2.468680536264059,0.4047621841178124,0.24652086979092314
344,True,1.1500871552481675,2.6180954090521604,2.426669027061581,2.510810292925373,2.3135481292668194,-0.10728511612678737,-0.11312089779476153
345,True,1.2583779027804414,2.420980791352959,2.6287391241239595,2.4891477466181073,2.4728205762234348,0.06816695526514849,-0.15591854790052473
346,True,0.23880128946931586,2.6033069294841127,2.347448361540675,2.4137245219079992,2.318038833819658,-0.18958240757611344,-0.029409527721017348
347,True,1.179855010818954,2.3782171658828806,2.7211949057169718,2.409415907837624,2.4590245073160615,0.03119874195474326,-0.2621703984009103
348,True,0.28786080293755695,2.1391068095118584,2.3329978382116003,2.084424633883653,2.366677696869812,-0.05468217562820543,0.03367985865821188
349,True,0.29358618457960917,2.5709297789321277,2.0671991279748547,2.4097652174203614,2.1894519512263795,-0.16116456151176628,0.12225282325152476
350,True,0.5121037635563367,2.307750824222581,2.620278241046168,2.1988642389811153,2.4627537300416376,-0.10888658524146555,-0.15752451100453024
351,True,0.15681495931864747,2.4369814447590694,2.5252604881279077,2.41481450200238,2.547511573459285,-0.02216694275668951,0.022251085331377318
352,True,0.7450362507532362,2.771743991370776,2.2057716622307035,2.5509265913361756,2.1226542692690207,-0.22081740003460038,-0.08311739296168286
353,True,0.34178364049626486,2.5753678682860044,2.3607064598759413,2.293063845098954,2.3468282151067212,-0.2823040231870504,-0.01387824476922006
354,True,0.8993212540170842,3.287202551151967,2.145412275671042,2.741704345370777,2.3033288604869258,-0.5454982057811901,0.1579165848158839
355,True,0.41783795489243997,2.448011555712105,2.376004056583237,2.5066715179099552,2.4420654669361346,0.0586599621978503,0.06606141035289737
356,True,1.0577308783760653,2.4164620132333967,2.3735194349530824,2.4263875391268392,2.6005869511839053,0.009925525893442533,0.22706751623082289
357,True,1.0291533031941735,2.392428063244536,2.4350878786195786,2.451403505467021,2.237347426307546,0.058975442222485075,-0.19774045231203274
358,True,0.818721432404648,2.7412848856877314,2.1553104187796244,2.581356723668777,2.1116222420089725,-0.15992816201895454,-0.04368817677065184
359,True,1.0884685692535772,2.3561042901365803,2.352605677668912,2.6941798477200813,2.1471868084589194,0.33807555758350105,-0.20541886920999275
360,True,0.7962707921513896,2.2352676803237683,2.450242909876488,2.2850516313468714,2.3749360212540465,0.04978395102310307,-0.07530688862244173
361,True,0.454203828013568,2.700561077405953,2.123382625458728,2.56329633739956,2.2325731102308835,-0.1372647400063931,0.10919048477215565
362,True,0.7761010507585486,2.224534567544411,2.4696543765069636,2.241434262166526,2.5665193383791207,0.01689969462211538,0.0968649618721571
363,True,0.9595958022820046,2.4803374582100717,2.1670833821982947,2.728557471379703,2.4909247416654323,0.2482200131696315,0.32384135946713766
364,True,0.45810850259335817,2.066907636180195,2.5372054109590736,2.2670770140409875,2.2893303371348575,0.2001693778607927,-0.24787507382421614
365,True,1.0457823563367377,2.5365517336139627,1.9923571622327159,2.663852322817089,2.009958918032157,0.12730058920312626,0.017601755799441232
366,True,0.3428123182767966,2.213262013160665,2.4561883243147298,2.1112830107351783,2.3348839873537615,-0.10197900242548652,-0.12130433696096832
367,True,0.6815317264240087,2.7359068848372745,2.1754023201467816,2.3755461241628204,2.432430103925085,-0.3603607606744541,0.2570277837783035
368,True,0.6999661600839703,2.705176691696866,2.2058553348984606,2.3127491004771787,2.352792970283191,-0.39242759121968707,0.14693763538473048
369,True,0.2543002924764725,2.6896450584789062,2.704399835545772,2.551327098290613,2.4422411559788686,-0.13831796018829312,-0.26215867956690353
371,True,0.46832996739891736,2.4469220833937477,2.283358050897844,2.4578623327161755,2.3168818178241204,0.010940249322427764,0.033523766926276455
372,True,0.2869328582331982,2.4739221103543256,2.317557284060094,2.4837419530400093,2.4453336678265405,0.0098198426856837,0.1277763837664465
373,True,0.8113791217740756,2.479996179634154,2.3337043906416253,2.599662859171743,2.6716488859964365,0.11966667953758892,0.3379444953548112
374,True,0.653362281436133,2.4963784530795805,2.354118333240706,2.5522153927356914,2.3370850156819287,0.05583693965611092,-0.017033317558777128
375,True,1.08351903898198,2.970629818691652,2.140860088305632,2.492776008406692,2.3240048034728757,-0.4778538102849601,0.18314471516724362
376,True,0.6925882091564003,3.169881275678949,2.2185453328701668,2.8621233492057954,2.309129394726073,-0.3077579264731538,0.0905840618559064
377,True,0.38536524630565283,2.3681122994908836,2.4508637471307946,2.2064507525800345,2.2883606508393735,-0.1616615469108491,-0.16250309629142112
378,True,0.6551468110031083,2.4030431601825213,2.4738892552820553,2.4471060013875574,2.5627885256277,0.04406284120503612,0.0888992703456446
379,True,0.5959595164713793,2.8820504778022196,2.3389765365646573,2.7398571949656425,2.5224166065013924,-0.14219328283657706,0.18344006993673512
380,True,1.0008842483276175,2.3951736924072957,2.6023208340633173,2.683778668063743,2.655602032971808,0.2886049756564475,0.0532811989084907
381,True,0.7304425576792616,2.826366924286371,2.1477033067674873,2.4873356030489733,2.322323439655424,-0.3390313212373979,0.17462013288793665
382,True,1.1176297232594339,2.9040147765636455,2.20423981782836,2.7186632977737424,2.413669743318874,-0.1853514787899031,0.2094299254905141
383,True,0.7428536770593263,1.844731698675989,2.4443885459967287,1.9916967124745675,2.434675483513152,0.14696501379857851,-0.009713062483576618
384,True,0.7302083323947842,2.5841697036379014,2.2602680188198923,2.9282306382402665,2.4897864439138147,0.3440609346023651,0.2295184250939224
385,True,0.369733968071909,2.544138680673677,2.37707590261649,2.5622124346706694,2.2539377199683224,0.01807375399699218,-0.12313818264816767
387,True,0.28788434030251986,2.7064161519249033,3.0074301250569397,2.338059491032254,2.6331489005422766,-0.3683566608926494,-0.37428122451466317
388,True,0.6079740011877673,2.214858554603431,2.263322209143011,2.72154832479179,2.2609550183663543,0.506689770188359,-0.0023671907766567024
389,True,0.28325424604517174,2.406432288783543,2.0960863524435247,2.3575707853139853,2.394503381690659,-0.04886150346955764,0.2984170292471342
390,True,0.469247262976577,2.3015821778507064,2.5852538828517404,2.3068588402162797,2.578917779131006,0.005276662365573337,-0.006336103720734343
391,True,0.4286342995104701,2.4123859138205894,2.303868019006297,2.4422278083049505,2.4033945682625646,0.02984189448436103,0.09952654925626758
392,True,0.44825099258042544,2.309124820814154,2.5803475388404564,2.2946489290296674,2.649374486116298,-0.014475891784486716,0.0690269472758418
393,True,0.33669814127702125,2.242998380784079,2.5610736592882293,2.4938528376113136,2.5819448999488737,0.2508544568272346,0.020871240660644386
394,True,0.6816158359426199,2.692246986923748,2.570517279109401,2.5448230596253647,2.5803123721419854,-0.14742392729838327,0.009795093032584301
395,True,0.5174953933439415,2.403542120912384,2.1875840140438036,2.145767811322791,2.1707261752901954,-0.257774309589593,-0.016857838753608245
396,True,0.14923908712055572,2.232674811498531,2.3464855354977154,2.2771953983997513,2.4389603744681874,0.044520586901220405,0.09247483897047193
397,True,0.3517090553115204,2.1383864192423223,2.6363115180114813,2.28932622778974,2.654922594709119,0.15093980854741762,0.018611076697637507
398,True,1.0964977511383536,2.469001831145534,2.3058560939703066,2.4721825915409243,2.283630354845766,0.0031807603953901697,-0.0222257391245404
399,True,1.0507486566136803,2.379536592868452,2.3435962822551155,2.382830825313875,2.614329565176701,0.003294232445422818,0.2707332829215856
400,True,0.11243863916058355,2.4501034782025024,2.284630178584709,2.3924291988038013,2.239220401916926,-0.05767427939870107,-0.04540977666778323
401,True,0.12423741585512614,2.415571729446261,2.3214667683385004,2.3666509487689558,2.3500540140296775,-0.04892078067730532,0.0285872456911771
402,True,0.10536242055035332,2.5502514330159687,2.2501640402646204,2.4006737858530465,2.2847482918424515,-0.1495776471629222,0.03458425157783118
403,True,0.22474702604825209,2.421366260977467,2.297034279173909,2.585069325205032,2.380316975370507,0.16370306422756498,0.08328269619659823
404,True,0.5372748283115084,2.2497662421682834,2.626118294422397,2.221488927420076,2.4394347808836785,-0.02827731474820716,-0.1866835135387186
405,True,0.9751118898669229,2.179584040178309,2.9431106224707215,2.1716011430730093,2.538211649767213,-0.007982897105299536,-0.4048989727035086
406,True,0.9768688587495992,2.8741408951893783,2.3487157023786427,2.3983829412564623,2.593521823761273,-0.475757953932916,0.24480612138263025
407,True,0.9289935079883668,3.1088934505061445,2.590776190912677,2.9143721886893585,2.2901354225444837,-0.19452126181678597,-0.30064076836819353
408,True,0.6767453257197685,2.6638220863263373,2.389368702963191,2.745709350798442,2.1660966217029656,0.0818872644721047,-0.22327208126022535
409,True,0.5378172494275862,2.6278691771281153,2.2615478578619554,2.5597906579058374,2.299011271229656,-0.06807851922227792,0.03746341336770076
411,True,1.5290685398582065,2.9040348692810145,2.2552505734175083,2.571995939853911,2.8514734231835304,-0.33203892942710356,0.596222849766022
412,True,0.2924636740464807,2.162634834386055,2.3675532858417356,1.9978384443217625,2.3941158461839307,-0.16479639006429259,0.026562560342195063
413,True,0.4744516611995605,2.516776148071179,2.2558493167984426,2.5740881663212316,2.4218978952773793,0.05731201825005261,0.16604857847893673
414,True,1.1764673997317752,2.3132411160317896,2.281066723991212,2.259815633347995,2.3885600199477928,-0.053425482683794545,0.10749329595658086
415,True,0.627132576617374,2.4798297576043398,2.3068835275973516,2.752768730353678,2.4825861351471774,0.2729389727493383,0.1757026075498258
416,True,0.6798715634934901,2.276921017185269,2.600721361545677,2.467513978019983,2.778556608528428,0.1905929608347141,0.1778352469827511
417,True,0.6336331943235277,2.34297283915115,3.121599112009741,2.356620071343703,2.564641494995158,0.013647232192552927,-0.5569576170145827
418,True,0.22533483360475895,2.3615305796453283,2.4709546539546206,2.15812372816968,2.5327781569111023,-0.2034068514756484,0.06182350295648176
419,True,0.09784322821671652,2.250682541563781,2.378115855735376,2.272332090217669,2.290649353247022,0.02164954865388813,-0.08746650248835408
420,True,0.17525857645464507,2.2086129176929123,2.5188149231334958,2.152353269528262,2.3907094475351873,-0.05625964816465023,-0.12810547559830843
421,True,1.2874445612600243,2.085646082033095,2.636366471073398,2.4619059815805318,2.5008896235319944,0.37625989954743666,-0.13547684754140343
422,True,0.36205443867697723,2.121263281820529,2.5135701811367825,2.2289125914959067,2.354536541794372,0.10764930967537767,-0.15903363934241055
423,True,0.44689335743593933,2.4984316709888224,2.187461980743894,2.5543387294806847,2.232348870522258,0.055907058491862394,0.04488688977836386
424,True,0.45657421087058453,2.7157752717962507,2.0712692111360127,2.6507120295688478,2.0355974177955716,-0.0650632422274029,-0.03567179334044113
425,True,0.7342594550522517,2.5330364628248048,2.113227330837835,2.5556065959894925,2.143995749358193,0.0225701331646877,0.030768418520358054
426,True,0.49009038986306636,2.5457336112995015,2.161084742762301,2.5990609269445764,2.207444717712088,0.05332731564507487,0.046359974949787386
427,True,0.8087221771806304,2.3996164243061844,2.275176517152021,2.2208075271517793,2.3477494834281187,-0.17880889715440507,0.07257296627609788
428,True,1.167911613937072,2.18719348140488,2.443946700503102,2.1535863414706644,2.1681119303672953,-0.03360713993421571,-0.2758347701358068
431,True,0.8074683749249226,2.662192875845024,2.553680074108736,2.4971181288555413,2.3849897211696742,-0.16507474698948288,-0.16869035293906176
432,True,0.22657555996973025,2.7685204833809696,2.514825692349273,2.6020899158042177,2.408150629269482,-0.1664305675767519,-0.10667506307979124
433,True,0.967160737573698,2.739376661103763,2.7510523140427554,2.783941244117232,2.59236499899744,0.04456458301346933,-0.1586873150453152
434,True,0.6306984722657678,2.847147503256549,2.4777340246685076,2.5075252249030315,2.2427595230721904,-0.33962227835351744,-0.23497450159631716
437,True,0.2708266582105595,2.9460968727283903,2.1313633579706677,3.213870971521103,2.271527638996717,0.26777409879271286,0.1401642810260495
438,True,0.27134924952114686,2.7659098039885532,2.1740856595359808,2.8426090515308293,2.195166889307736,0.07669924754227608,0.021081229771755083
439,True,0.6387250650055555,2.368998109475818,2.5384594621344654,2.480287689558008,2.221259377792022,0.11128958008219003,-0.3172000843424434
440,True,1.2755664478931183,2.5684421456789717,2.322914168818986,2.5497026909902654,2.384705732168437,-0.018739454688706303,0.06179156334945102
441,True,1.5572895412924197,2.321312135215771,2.5484772569124488,2.2450383988194944,2.399973549723413,-0.07627373639627644,-0.1485037071890356
444,True,0.8942866048567883,2.2549582902794456,2.190107677238724,2.7888336796643145,1.8972838500567066,0.5338753893848689,-0.2928238271820174
445,True,0.29460881251769644,2.2309860709112463,2.26503769575696,2.4770846903687005,2.2010684591665926,0.24609861945745415,-0.06396923659036746
446,True,1.7431849786303786,4.1672643486704795,2.033474018963606,2.5068383097577316,2.3070598457042677,-1.6604260389127479,0.2735858267406619
447,True,1.0074041146101105,3.032744498700805,2.1722961280865922,2.8866196359858356,2.0343339053211005,-0.1461248627149696,-0.13796222276549175
448,True,0.08580794883486413,2.4618059568942474,2.714572227718393,2.4392747021231536,2.560524537061498,-0.022531254771093856,-0.15404769065689505
449,True,1.4208906174724378,1.9089915543553357,2.2781931325284956,2.4098522505610176,2.5400369240808294,0.5008606962056819,0.2618437915523337
450,True,0.4317286718512066,2.309680852542186,2.151381567109842,2.3086235216251696,2.08568236912575,-0.0010573309170163192,-0.06569919798409218
451,True,0.6289555081541887,2.618144392771338,2.018923940543576,2.490032712641543,1.9714605799383869,-0.12811168012979524,-0.047463360605189076
452,True,1.0160927734827518,2.352599646539972,2.55850983435671,2.461535798706572,2.3968030678606036,0.10893615216660013,-0.16170676649610627
453,True,0.7460620898094636,2.465650671384736,2.4590017788728824,2.387536591322948,2.374340686393172,-0.0781140800617881,-0.08466109247971021
454,True,0.9077816093657869,2.730226924378265,2.012606910675803,2.5455224907238594,2.1009027906545317,-0.1847044336544057,0.08829587997872856
455,True,0.5286909790800803,2.460999566050348,2.0210812586336058,2.510507465375477,2.4499056836662096,0.04950789932512878,0.4288244250326039
456,True,0.2915015200849526,2.169691578289412,2.3137713147370462,2.5128616563549615,2.608184934971828,0.34317007806554933,0.2944136202347818
457,True,0.6339675657363807,2.1842720927118946,2.2846443847785154,2.2771335918889344,2.2667259412723455,0.09286149917703979,-0.01791844350616989
458,True,0.8174667998488708,2.256444188740329,2.300121294845122,2.659147015736813,2.3301762425679304,0.4027028269964843,0.030054947722808478
459,True,0.2954015251187152,2.1906817434533936,2.2745859206897414,2.2310649699968397,2.3444439911145247,0.04038322654344606,0.06985807042478331
460,True,1.0129085841736425,2.192063465732687,2.835943219354012,2.264066322728643,2.3038203988410206,0.07200285699595588,-0.5321228205129915
461,True,0.39579719154716664,2.1686325131520094,2.5002890363715955,2.508838290407335,2.4885272926614643,0.3402057772553255,-0.011761743710131167
462,True,0.4590019050781047,2.404552375911159,2.073721985826451,2.454642999519482,2.2296055529182732,0.05009062360832317,0.15588356709182216
463,True,0.11649160116935255,2.379433198579023,2.1778729666580645,2.1746401608806454,2.3475891658324715,-0.20479303769837776,0.16971619917440695
464,True,0.8317520248147106,2.0441276516157205,2.7152903484894573,2.181795395765836,2.796103026574307,0.1376677441501153,0.08081267808484993
465,True,0.17781388297860312,2.0017766258001917,2.323966430286806,2.457553665302347,2.4063622882197104,0.4557770395021552,0.08239585793290427
466,True,0.19329076211258764,2.4560590100809874,1.8918634328090385,2.751585160094268,2.334932649537027,0.29552615001328064,0.4430692167279886
469,True,0.7386118823263279,2.5366564083257312,2.3055581063161257,2.811137841080725,2.333826953583534,0.2744814327549938,0.028268847267408415
470,True,0.877616276839954,3.2851545051184425,1.9272559678724568,2.939539220949773,2.277112074173996,-0.3456152841686695,0.3498561063015393
473,True,0.7609885235958616,2.488449940525226,2.2829336020348903,2.2805365719691935,2.4948272186502214,-0.20791336855603237,0.21189361661533113
474,True,0.3069892055374583,2.707825137596592,2.18240506164644,2.525619160349398,2.1141501752297542,-0.182205977247194,-0.06825488641668587
475,True,0.364505492844867,2.634809582246884,2.535177869203658,2.6158247355826423,2.3521602397440953,-0.01898484666424194,-0.18301762945956268
476,True,0.5635722986057022,2.6006248034270536,2.516278606275545,2.6196880444346804,2.694204880577756,0.019063241007626797,0.17792627430221097
477,True,0.9553850009587118,2.178876447552729,2.277313860384642,2.230938037142672,2.178494158041513,0.052061589589943225,-0.0988197023431292
478,True,0.7952916932664672,2.275462466532902,2.247205664308454,2.416455879787173,3.025345094039356,0.14099341325427073,0.7781394297309019
479,True,1.0286413133467118,2.2537112106257093,2.2670652160667983,2.6249058873121527,1.9809570237852208,0.37119467668644335,-0.2861081922815776
480,True,0.4416924101400537,2.2697430755924777,2.1817709538125216,2.7635982731983675,2.0487535782650874,0.4938551976058898,-0.1330173755474342
481,True,0.6559022015963876,2.631518503640056,2.30355681347346,2.472214018204937,2.491403780750523,-0.15930448543511933,0.18784696727706285
482,True,0.28492009664767676,2.7679862471298518,2.2619474156796837,2.634942163332243,2.3227124972215134,-0.1330440837976088,0.06076508154182969
483,True,0.3827196017758939,2.9242056961506657,2.2232446151289786,2.8321985023350678,2.0516906458075006,-0.09200719381559797,-0.17155396932147804
484,True,0.15164166310960803,2.7652854124122523,2.2646598976667556,2.52194530595253,2.318319727457151,-0.24334010645972226,0.05365982979039563
485,True,0.8900695004417171,2.3721950662835467,2.1464568531652346,2.283680490920304,2.5131424009070793,-0.08851457536324281,0.3666855477418447
486,True,0.7385089402490905,2.1312631639710755,2.3120817554749227,2.0269639658550913,2.5106016044926363,-0.1042991981159842,0.19851984901771358
487,True,0.8959070834377658,2.1993196192913844,2.307781529564703,2.647282817066208,2.6079310595125023,0.44796319777482374,0.3001495299477992
488,True,0.3523398641340457,2.1687016654902074,2.220906425066126,2.3513162676605206,2.344953936714536,0.18261460217031322,0.12404751164840988
489,True,0.29992341835233777,2.0128811357107006,2.6711108811316686,2.0530625267380436,2.5773780681011855,0.04018139102734297,-0.09373281303048309
490,True,0.7118234986173474,2.4077861588604583,2.2335461433558965,2.5017125432015566,2.3553887690513005,0.09392638434109823,0.12184262569540394
491,True,0.806042149877084,2.4882673163066706,2.4003986059194418,2.2981278725645358,2.262515774360258,-0.19013944374213487,-0.13788283155918357
492,True,0.49684195093798145,2.4935682072283485,2.3101084547267474,2.552088257038341,2.249904524804997,0.0585200498099927,-0.06020392992175028
493,True,0.23396072520740752,2.652921483666639,2.2786671434415338,2.494509357279904,1.9260882467649294,-0.15841212638673463,-0.35257889667660436
494,True,1.139042803728631,2.8311848847081675,2.285376407706179,2.752232071525401,2.56290019243571,-0.07895281318276659,0.2775237847295311
495,True,0.5340680735970826,2.71253730538402,2.322599596335968,2.4724530778943006,2.306123300593011,-0.24008422748971947,-0.01647629574295717
496,True,0.5313842213986243,2.418724891135823,2.276688930310858,2.2966427964217684,2.3830344572191984,-0.12208209471405462,0.1063455269083402
497,True,0.172302896583006,2.467148923535018,2.364130277734288,2.410209142948595,2.164146586047026,-0.05693978058642335,-0.1999836916872617
498,True,0.1733400171756597,2.320278942778217,2.3922251877488456,2.3457378964029636,2.1444278069977085,0.025458953624746705,-0.2477973807511371
499,True,0.21080141920105316,2.333544918980563,2.4142981803000225,2.6514264603435636,2.2158802001198077,0.3178815413630005,-0.19841798018021484
500,True,0.2838883280310905,2.630409421268864,2.3356535444496043,2.389788816714565,2.3997637137747545,-0.2406206045542989,0.06411016932515023
501,True,0.18803329621376957,2.737881232139188,2.3611505879337726,2.737553659114831,2.2914688540732997,-0.0003275730243572639,-0.06968173386047294
502,True,0.29615271640764107,2.541830448653096,2.424983095322522,2.538252233389542,2.3108785815940225,-0.003578215263554174,-0.1141045137284995
503,True,0.6420876279889485,2.559649414021381,2.4339374692460773,2.4199405837594443,2.371122807403067,-0.1397088302619367,-0.06281466184301054
504,True,0.37510129471300446,2.267945006454081,2.763020235575556,2.6354782580328755,2.8260364317687063,0.3675332515787946,0.06301619619315035
505,True,0.5951616640055206,2.3001730596413825,2.5252988206744957,2.2429248141596276,2.537741808170997,-0.05724824548175489,0.012442987496501079
506,True,0.38092197043762527,2.4276920762320744,2.4726667466118437,2.2665325804075707,2.4060522666130923,-0.16115949582450373,-0.06661447999875136
507,True,0.33018125878827503,2.3450863138699183,2.623169342684532,2.322780702999317,2.359573901291714,-0.022305610870601456,-0.2635954413928183
508,True,0.37586251811936494,2.606374546530103,2.309620332370669,2.6913135427268595,2.301558175531959,0.08493899619675638,-0.00806215683870981
509,True,1.1090916028581168,2.8799390772202105,2.333639354013383,2.577719733319548,2.021889193655775,-0.30221934390066263,-0.31175016035760805
510,True,0.5336708440186629,2.580907110881754,2.1755405946568773,2.5522124019197543,2.156595574456184,-0.02869470896199955,-0.018945020200693108
514,True,0.6114562768334975,2.698487291243003,2.251171579644697,2.5149625588865137,2.5890343780950458,-0.18352473235648947,0.33786279845034883
515,True,0.3049101902108437,2.305262336503158,2.5894414190902255,2.449723509486938,2.681707052953771,0.14446117298377992,0.09226563386354547
516,True,0.8476483813622901,2.270912484751449,2.01358786301964,2.4535008469085557,3.2371991270562894,0.18258836215710694,1.2236112640366494
517,True,1.2230108904694614,2.2805327397123683,1.9128944529952507,2.92585214356382,2.970693563986195,0.6453194038514516,1.0577991109909441
518,True,0.21049326675445676,2.304281515874308,2.3545819445498175,2.364536570180508,2.363895249843571,0.06025505430619971,0.009313305293753515
519,True,0.47418800561161145,2.577837385290236,2.21122545218709,2.676557284562578,2.331288926605409,0.09871989927234193,0.12006347441831888
520,True,0.30261742326862373,2.4034171830333575,2.5495119228197383,2.4991362767886427,2.5609536709140213,0.0957190937552852,0.011441748094283
521,True,0.21489319667491227,2.5330607291772536,2.455071158846521,2.5509123212989895,2.3730882987198347,0.017851592121735926,-0.08198286012668632
522,True,0.3223240736082559,2.522987502525528,2.3846760296946,2.7559915067049823,2.3831459956991723,0.23300400417945433,-0.0015300339954276154
523,True,0.29725442954991615,2.5888497475713033,2.5718033276477423,2.5400191108710186,2.7194301318316674,-0.048830636700284646,0.14762680418392504
524,True,1.5099313747066427,3.983910221905107,1.961649522672182,2.582829405688653,2.257313971534532,-1.4010808162164539,0.2956644488623499
525,True,1.3817313256350028,2.059927779947637,3.1480838994061133,2.8170646239632133,2.4050395389159407,0.7571368440155761,-0.7430443604901726
526,True,0.7931456871744832,2.7370475766781985,2.1637235241823296,2.4967835715455995,2.0988507642848266,-0.24026400513259905,-0.06487275989750296
527,True,0.6381938345086973,2.51620845924975,2.237237725276418,2.3074012062484925,2.6223404979803826,-0.20880725300125746,0.38510277270396465
528,True,0.5383570271317881,2.0446651181305953,2.80044404052286,2.20247175550017,2.407549216682184,0.1578066373695748,-0.39289482384067576
530,True,0.4851316090911381,2.5796986512769275,2.2743209031708784,2.026563980584131,2.2301758747358917,-0.5531346706927964,-0.04414502843498669
531,True,0.21243892600528386,2.401919148972338,2.324789186894158,2.432674309071808,2.1860337934645475,0.030755160099470213,-0.1387553934296104
532,True,0.08443810986441731,2.6087047359753077,2.5319231392362602,2.4696035282065014,2.5159546439129223,-0.1391012077688063,-0.015968495323337883
533,True,0.08473291418224617,2.5267235734840487,2.5050141540717887,2.4945426817076113,2.4623801891281936,-0.03218089177643746,-0.04263396494359517
534,True,0.31753743988663985,2.6897248545343815,2.4396519226520814,2.4371663391079816,2.1859533351800993,-0.25255851542639984,-0.25369858747198215
535,True,0.7860079691777676,2.4408376858980194,2.53749916935947,2.3254655827831554,2.4196124024368033,-0.11537210311486401,-0.11788676692266664
536,True,1.028105136643808,2.5174631875957987,2.6222876741883225,2.4626861315092508,2.3410755433360118,-0.054777056086547926,-0.2812121308523108
537,True,0.9051966994549673,2.8017930320778515,2.3621524512401817,2.6138554057476093,2.2282075735716367,-0.18793762633024214,-0.13394487766854501
538,True,1.0612629010359294,2.357473598643259,2.6827850193968206,2.457363281921499,2.355804481908038,0.09988968327823988,-0.32698053748878264
539,True,0.6479425542066639,2.416489377795814,2.47712437178677,3.1282047130613115,2.6197392899620757,0.7117153352654975,0.14261491817530558
540,True,0.8920027848524854,2.697625194221762,2.257851358969407,2.9883940448980284,2.486768617673546,0.29076885067626623,0.22891725870413904
541,True,0.7648092221544505,2.448886743930801,2.3458552340031558,2.3561137443139284,2.334068400995352,-0.09277299961687246,-0.01178683300780392
542,True,0.49570026657811256,2.5489880990110563,2.372203273709907,2.373771475026819,2.3668386399655557,-0.17521662398423743,-0.005364633744351366
543,True,0.7836155191772023,2.5380141809099492,2.490006914006465,2.3836252303940317,2.508555563769916,-0.1543889505159175,0.018548649763451053
544,True,0.2843546703447476,2.4803357403585506,2.570104254792011,2.4434737945918306,2.4043757205480594,-0.03686194576672008,-0.16572853424395184
545,True,0.7980998928420244,2.094333550344835,2.5100278260409783,2.1685281431897536,2.2255484578399995,0.0741945928449188,-0.28447936820097874
546,True,0.9365288738032542,2.328371403492149,2.295063075516662,2.146606600614328,2.543684757342584,-0.18176480287782137,0.24862168182592193
547,True,0.6414220076788706,2.563765552873351,2.543336257969048,2.4326218539029036,2.367996959168022,-0.13114369897044753,-0.17533929880102583
549,True,0.1320947886181098,2.3833023016604504,2.324955618802217,2.375969752385539,2.2343501030950814,-0.007332549274911226,-0.09060551570713571
550,True,0.23732814764715834,2.2973196356406307,2.502469417535407,2.266823509372973,2.3498177996766048,-0.03049612626765752,-0.15265161785880244
551,True,0.6210737116281628,2.340843338414598,2.310192607078466,1.9861747369871565,2.4244581937686616,-0.3546686014274416,0.1142655866901956
552,True,0.16604150471402204,2.3141736481733606,2.3354526386976895,2.430285062354003,2.4186346029086327,0.1161114141806423,0.08318196421094326
553,True,0.595634963198969,2.6886467627600315,2.2902199431713974,2.355089193669955,2.1643944761108127,-0.3335575690900763,-0.12582546706058473
554,True,0.9624181883477916,2.473180205807899,2.4748947808341266,2.1745628762257025,2.373407692544414,-0.29861732958219633,-0.10148708828971253
555,True,0.7840587561127972,2.4425181254803414,2.5243459047444348,2.3333040387772015,2.240697576566057,-0.10921408670313992,-0.2836483281783777
556,True,0.410850540711267,2.452544034140875,2.514561544862245,2.5266677305203786,2.3423022330969587,0.07412369637950356,-0.17225931176528642
557,True,0.930092338968751,2.500652209104657,2.4966005856564237,2.3743438330286115,2.5800446792166216,-0.12630837607604528,0.08344409356019789
558,True,1.003047654058151,2.3972181105189407,2.708022064939649,2.48326224070254,2.1602226788699355,0.08604413018359924,-0.5477993860697135
559,True,0.6357816159413567,1.8419925812554188,2.6927690351383644,2.5144350370661797,2.410748936163407,0.6724424558107609,-0.2820200989749573
560,True,0.25997308724186935,1.9610360783524612,2.1541339303998717,2.2956058112901268,2.1039977164058428,0.33456973293766556,-0.0501362139940289
561,True,0.31136343058146043,2.7290893472182254,2.6352180606166162,2.445548526128648,2.3362431298854576,-0.28354082108957757,-0.29897493073115866
562,True,0.35081202764614383,2.65553529733649,2.5891337337804705,2.333393848352438,2.2162783786810265,-0.32214144898405195,-0.372855355099444
563,True,0.20950513215171282,2.561539835431024,2.2153181894030483,2.346174575721722,2.257096315772989,-0.21536525970930231,0.041778126369940605
564,True,0.8230532736335581,2.572961108470161,2.1825083511638623,2.607660300128642,2.269283877202894,0.0346991916584809,0.08677552603903171
565,True,0.1607463885969301,2.3040335943297356,2.6997020359661916,2.6122170869701855,2.7871523721700253,0.30818349264044986,0.08745033620383369
566,True,0.19011055291626586,2.8401366866050655,2.2734482676762187,2.905767817659732,2.2263461681317662,0.06563113105466645,-0.047102099544452436
567,True,0.27573162695836884,2.2126801554901694,2.1813416372728045,2.4881127789603914,2.6009949549989515,0.275432623470222,0.419653317726147
568,True,0.5685852617378929,3.341000284061646,1.9124274029097157,2.7798971239357044,2.334381698344553,-0.5611031601259415,0.4219542954348372
569,True,0.30042361877191825,2.21800331591276,2.252185428822414,2.447912930397852,2.4539083070842316,0.22990961448509228,0.20172287826181767
570,True,0.26276820336479,2.2290779517325094,2.264333983448555,2.493672516233036,2.353690110035091,0.26459456450052654,0.08935612658653591
571,True,0.1958136814212395,2.728103006229787,2.346702065324868,2.66329827300755,2.2968875309629335,-0.06480473322223679,-0.04981453436193428
572,True,0.5439353382509222,2.4787054970286406,2.4033148240295112,2.7174597982682283,2.327446361076663,0.23875430123958763,-0.07586846295284833
573,True,0.5451251525484536,2.1202958427068612,2.521292378543195,2.343952823107794,2.6370275543461807,0.22365698040093296,0.11573517580298587
574,True,0.6282644137315049,2.2431274887754378,2.358592794824914,2.2104144839631323,2.481701964190301,-0.032713004812305435,0.12310916936538696
576,True,0.9538378556375591,2.2451079942399206,2.1986211949082994,2.3210005267890397,2.497653788460883,0.0758925325491191,0.2990325935525835
577,True,0.2405009375652317,2.998446233318183,2.3160362947285607,2.85283706516776,2.3442967781526725,-0.1456091681504228,0.028260483424111804
579,True,0.9110716562710944,2.473665015538684,1.903252136108088,2.5512865297361254,2.492633438136261,0.07762151419744123,0.5893813020281731
580,True,1.3751280065847877,2.073361452352194,2.2593869747566484,2.1958418832377253,4.417995282548523,0.12248043088553118,2.1586083077918743
581,True,0.25934325382636564,2.3421501609632123,2.4367355905801515,2.153236422646152,2.316205874520225,-0.18891373831706026,-0.12052971605992635
582,True,0.40214209957366204,2.476224041297556,2.2785147975161366,2.4649582662611147,2.157096175980339,-0.011265775036441106,-0.12141862153579774
583,True,1.3239250204514041,2.1715819269141106,2.380433910361722,2.516342041943225,2.494402301217869,0.34476011502911463,0.11396839085614685
584,True,0.8935944111544211,2.4449557467569836,2.153434150258605,2.5592406023984924,2.2886819668721996,0.11428485564150881,0.13524781661359464
585,True,1.088621086812313,2.6412183407851764,1.8821762577665249,2.4653305817409157,1.796862248444215,-0.17588775904426068,-0.08531400932230992
586,True,0.7117773583910754,2.1424571742277605,2.021767467811271,2.305369893280252,1.7622404169400385,0.16291271905249172,-0.2595270508712326
588,True,0.6731068797318668,2.739424106504869,2.739177890152445,2.3706538280198144,2.2452785178799086,-0.3687702784850546,-0.4938993722725362
589,True,0.5037526552117426,2.2909503969750196,2.5358049531657594,2.3414269424970318,2.2754635665123275,0.050476545522012195,-0.26034138665343187
590,True,0.14886336985069032,2.526725018319168,2.3015071186072835,2.559547830502294,2.2379916477612243,0.03282281218312599,-0.06351547084605924
591,True,0.41120632856133005,2.1404926294897626,2.25138853499346,2.2250682750160724,2.39328684998184,0.0845756455263098,0.14189831498837968
592,True,0.18647073596881855,2.058758730230427,2.261516386277137,2.1400321859348286,2.4273266248319363,0.0812734557044017,0.16581023855479948
593,True,0.8092068786040785,2.4087026160570337,1.95203109311814,2.535814811305431,2.035824469385806,0.12711219524839734,0.08379337626766614
594,True,0.41267321163930454,2.2346731688548997,2.157613123616002,2.292464693047638,2.0196095112790986,0.05779152419273803,-0.13800361233690328
595,True,0.40163558652129205,2.413078527296615,2.087544891325693,2.6273138347605145,2.420764839849794,0.21423530746389963,0.33321994852410075
596,True,0.7429687782342795,2.1874286303786006,2.246778485053656,2.3781692172883746,2.473637428058324,0.19074058690977402,0.22685894300466813
597,True,0.24048137519282498,2.618152068272582,2.200290116257399,2.469335012476841,2.2696829179911893,-0.14881705579574112,0.06939280173379014
598,True,0.4058015492840057,2.199085358734399,2.5163490296459274,2.196510883588333,2.5231777214758373,-0.00257447514606568,0.006828691829909861
599,True,0.9352893277704284,2.662524376545687,2.570880486078651,2.459923406927541,2.339743848446022,-0.2026009696181461,-0.23113663763262915
600,True,1.1495874668153654,2.678232501539028,2.557124876184188,2.2869180581723954,2.0679302576339462,-0.3913144433666327,-0.4891946185502416
601,True,0.18248797009496517,2.635382536976368,2.6392619577450054,2.511886590421431,2.462383963891294,-0.12349594655493723,-0.1768779938537115
602,True,0.4958380379323278,2.6782484178470076,2.6103210175953455,2.6788624879500627,2.301668471576434,0.0006140701030550311,-0.30865254601891134
603,True,1.1916741879696222,1.9483346034241655,2.0513829889613495,2.1017761613882673,2.1842942893651025,0.15344155796410175,0.13291130040375299
606,True,0.3891442927185489,1.8459580926445758,2.489931147080176,2.1727033560543876,2.3237394286180195,0.3267452634098118,-0.1661917184621564
607,True,0.8278438852652952,2.116937789567752,2.082265311673803,2.215227795716278,2.4405831018029276,0.09829000614852568,0.3583177901291248
608,True,0.907039695477683,2.9585375729403878,2.2960658521479735,2.5903842121141025,2.1171490450010837,-0.36815336082628525,-0.17891680714688984
609,True,0.5273556453259957,3.0126489354387114,2.1051525635212287,2.5359162034698626,2.2331263661532903,-0.4767327319688488,0.1279738026320616
610,True,0.4390884847961269,2.5512082570813384,2.545864548360733,2.3575527563721668,2.1369021657261245,-0.1936555007091716,-0.4089623826346087
611,True,0.3694375589192116,2.4898016789495503,2.602152017465544,2.4965787976881484,2.3884654199531545,0.006777118738598098,-0.2136865975123894
613,True,0.5715097723310514,2.50317124196488,2.6012665642144404,2.4196901278184364,2.608795802221784,-0.08348111414644377,0.007529238007343508
615,True,1.1897062320254501,2.2007669103973733,2.492462671535925,2.3805404323138473,2.3745633755311735,0.179773521916474,-0.11789929600475135
616,True,0.6444768740741518,2.384591989691318,2.008119400882328,2.7315791703763597,2.0335301481423875,0.34698718068504153,0.02541074726005954
617,True,0.7239790277976224,1.9039347570229397,2.7116116721426025,2.1894797685954988,2.6340814185186074,0.28554501157255907,-0.07753025362399502
618,True,1.0333831172870078,2.475466149112122,2.0697427833912116,2.57831691275452,2.2887131988742055,0.10285076364239787,0.2189704154829939
619,True,0.7084845900957277,2.5404109410487115,1.9948251365971907,2.499524985342815,2.283102264546641,-0.04088595570589648,0.28827712794945026
620,True,0.5723154005730174,2.4770249212714837,2.3063996741675106,2.544971102716493,2.498596599342519,0.0679461814450093,0.19219692517500864
621,True,0.8698090235761199,2.382517975713929,2.387499966471204,2.1819178825267467,2.56931151755913,-0.20060009318718253,0.18181155108792613
622,True,0.32138185047669127,2.380120828739583,2.417198359775217,2.3844420316763837,2.3972263272995313,0.0043212029368007165,-0.019972032475685797
623,True,0.4737183926718309,2.5354308955481315,2.26035543443946,2.500543957599826,2.5938325129400703,-0.03488693794830544,0.33347707850061026
624,True,0.2272577051459286,2.4827359997591367,2.3244360247380436,2.5034496348856314,2.42102707081602,0.02071363512649471,0.09659104607797664
625,True,0.49261187532298184,2.3427512520538754,2.458186688150434,2.3999810569481586,2.2577768394874638,0.0572298048942832,-0.20040984866297018
626,True,0.697787677621325,2.790055115638399,2.1232655926426163,2.5109660092404678,2.0011549264127453,-0.2790891063979313,-0.12211066622987099
628,True,0.1346379018347897,2.694121019516384,2.405937260590974,2.5060481270278907,2.3789093472230087,-0.18807289248849335,-0.027027913367965173
630,True,0.19420386185786914,2.8551679661624108,2.3814954779927677,2.8308898768475617,2.502484563741803,-0.024278089314849094,0.12098908574903522
631,True,0.5234502675951156,2.363154987913404,2.6505640043017262,2.2245270776090815,2.5474828500160704,-0.13862791030432264,-0.10308115428565578
632,True,1.0031368652542294,2.312819449719325,2.775874343895991,1.9673313587703012,2.603484764253672,-0.3454880909490239,-0.17238957964231938
633,True,0.9230886009880072,2.323954364719755,2.45319463306522,2.283062391359027,2.3508690114430024,-0.04089197336072781,-0.1023256216222177
634,True,0.4793909764152179,2.312137102011903,2.4785882896519946,2.4793142583841608,2.3805869973655653,0.16717715637225794,-0.09800129228642929
635,True,0.38771012631127866,2.482649651380557,2.314507634897755,2.370143968530604,2.309238862482831,-0.1125056828499531,-0.005268772414924072
636,True,0.6486569522271651,2.411230501756313,2.3877766049193125,2.5413347144626584,2.5085024642684726,0.1301042127063452,0.12072585934916003
637,True,0.9068428811408507,2.3914852157811888,2.4617597087043244,2.5815899129352435,2.163601010075795,0.19010469715405476,-0.2981586986285292
638,True,1.3686570486987146,2.3421276443012236,2.5083026533694053,2.3931699662435175,2.445622782651691,0.05104232194229397,-0.06267987071771408
639,True,0.8154400949277494,2.4798816912304504,2.064866760858918,2.8077435754829896,2.455803163702865,0.32786188425253915,0.39093640284394704
640,True,1.143769534945241,2.1754662205605495,2.388490442141228,2.584565080010755,2.6240603907446567,0.4090988594502054,0.2355699486034286
641,True,0.26634315024857885,2.685179903879813,2.296585654945184,2.570343752006723,2.4642959261168293,-0.11483615187309004,0.16771027117164516
642,True,0.3649916294814564,2.303909109036205,2.5792712331393144,2.2283157935678686,2.4802604812055526,-0.07559331546833636,-0.09901075193376174
643,True,0.9273332318198383,2.429187071038375,2.5599855993540275,2.451018142441422,2.385120336374037,0.021831071403047186,-0.17486526297999028
644,True,0.9971725202108855,2.453341811020225,2.4214788650120407,2.3872772293244453,2.2023756927731473,-0.06606458169577989,-0.21910317223889342
645,True,0.8800985404873335,2.220631508625418,2.236698471542376,2.3041780796919755,2.3512086475908514,0.08354657106655772,0.11451017604847546
647,True,0.28402444526602744,2.6304039564675232,2.1720935679891875,2.6096003371347885,2.2729262597477726,-0.02080361933273478,0.10083269175858511
648,True,1.1700492981020953,2.2317956604940337,2.3955977711418917,2.4549280674549308,2.242685689149284,0.2231324069608971,-0.15291208199260753
649,True,0.39103271148224045,2.2492405890433336,2.215776682542715,2.7937893337868194,2.559866876262123,0.5445487447434858,0.34409019371940763
650,True,0.5847147976753034,2.2500855449071264,2.536229614092541,2.4136291082931525,2.5340010320181405,0.16354356338602605,-0.0022285820744003537
651,True,0.32545950064196655,2.335139439027143,2.5102783098493284,2.49888186291109,2.213239999378965,0.1637424238839471,-0.29703831047036333
652,True,0.5477277563557521,2.1170903372317396,2.2198430976985737,2.328248146685615,2.1006835412584164,0.21115780945387552,-0.1191595564401573
653,True,0.32634461029319195,2.258316198077674,2.0930334502104833,2.3948179114909762,2.0313046862437942,0.1365017134133022,-0.061728763966689026
654,True,0.44681286993390623,1.9600444283740102,2.6697969026500874,2.3278696551259053,2.333531334584989,0.3678252267518951,-0.33626556806509855
655,True,0.5667086109608561,2.1461973850044638,2.22021833300241,2.4613270135327405,1.9720895705177794,0.31512962852827675,-0.24812876248463067
656,True,0.3793292694283785,2.3180390112765576,2.522957517002615,2.499027992898839,2.7551378264634967,0.1809889816222814,0.23218030946088186
657,True,0.9413419891788777,2.8275037885208927,2.256899580530778,2.667497712414764,2.8277003188578878,-0.1600060761061286,0.5708007383271099
658,True,1.041722242661553,2.5717377292406782,2.2840191156380456,2.667785885244541,2.4883119552136144,0.09604815600386285,0.20429283957556876
662,True,1.0632796126340667,2.547914636992378,2.3982818660657883,2.570807158825609,2.578104716345905,0.022892521833230983,0.1798228502801167
663,True,0.7979574592528249,2.584539488941889,2.160893154554385,2.305757692542302,2.5944976714489454,-0.2787817963995871,0.43360451689456037
664,True,0.29165002718558125,2.6491581272925178,2.1604539343850866,2.6532873022869197,2.2007024404407787,0.004129174994401907,0.04024850605569208
665,True,0.7801567257933918,2.1771378901668124,2.3941096915972753,1.9264708066690237,2.442854438802689,-0.25066708349778866,0.04874474720541366
666,True,0.46579011309578955,2.577226547143266,2.031654403042013,2.386445946084889,2.0885899414571547,-0.19078060105837702,0.05693553841514154
667,True,0.10485175735026951,2.632071409441621,2.3427932055134533,2.5031983735934715,2.339677630801731,-0.12887303584814935,-0.003115574711722413
668,True,0.9899428609478718,2.7266006974619517,2.1777487704967258,2.7528446095092254,2.242669791272447,0.02624391204727372,0.06492102077572115
669,True,1.0844456675757275,2.7446971877786446,2.449615317269224,2.7355308198490467,2.250246394349961,-0.009166367929597907,-0.199368922919263
670,True,0.827732819275277,2.6607158172191183,2.4247726335885598,2.255232234715529,2.6111463352497117,-0.4054835825035892,0.18637370166115197
671,True,1.1319672323953103,2.4129074702109903,2.6399191589516526,2.895065392751431,2.6508277680334116,0.4821579225404409,0.010908609081758947
672,True,0.8184860158699883,2.9938737155230846,2.6252672853825763,2.75060121611876,2.0024455912893115,-0.24327249940432472,-0.6228216940932647
673,True,0.6554837038957009,2.342559355939567,2.4277241878145874,2.3594568489559204,2.0633415481061297,0.016897493016353238,-0.36438263970845775
674,True,0.39206968004304443,2.508200683418295,2.2452635368259113,2.281471306727744,2.327234552068399,-0.22672937669055093,0.08197101524248751
675,True,0.41511347530408754,2.5319168415649043,2.40766265703898,2.0794644086410807,2.386029499667387,-0.45245243292382353,-0.02163315737159266
676,True,0.7391097785312959,2.3009846253506345,2.607582884857162,2.1430157514703434,2.24201072386686,-0.15796887388029113,-0.3655721609903022
677,True,0.60501636753053,2.4927148412524045,2.5018955792958266,2.5618196595484624,2.634525098327021,0.06910481829605786,0.13262951903119458
678,True,0.6062105660523376,2.7564984942676825,2.435698462474368,2.0454341241003093,2.4781316416229786,-0.7110643701673731,0.042433179148610556
679,True,0.5062170837583405,2.3817186642842603,2.6380776571018525,2.428495882339931,2.69627566241399,0.04677721805567092,0.05819800531213737
680,True,0.9439884231423781,2.3425427862474573,3.1426962901623186,2.321226435201443,2.2150377806719237,-0.021316351046014148,-0.9276585094903949
681,True,0.7309495903859088,2.2261331864243883,2.956675406499672,2.4617057741011616,2.6055604979675677,0.23557258767677336,-0.35111490853210414
682,True,0.37376673030271396,2.4883425127180545,2.1351216821998693,2.3652267765446933,2.221507111294943,-0.12311573617336125,0.08638542909507363
683,True,1.1258692840876707,2.542158477062357,2.2932473100605613,2.4869814892903808,2.595327623529253,-0.055176987771976105,0.3020803134686916
684,True,1.286520016343825,2.434489261323615,2.39085286285041,2.8325871179820754,2.560711764025776,0.39809785665846054,0.16985890117536595
685,True,0.9185837086166778,2.255295844562305,2.361199054950683,2.064688756782969,2.322644256891916,-0.19060708777933577,-0.03855479805876705
686,True,0.5209652409237617,2.3412228360410294,2.276120710968555,2.4405959078302986,2.564327154677421,0.09937307178926913,0.2882064437088663
687,True,0.833702846114539,2.1966564081121107,2.3552109198328712,2.214931764962975,2.5314922390386663,0.018275356850864455,0.17628131920579504
688,True,0.39953465150644035,2.3138705176824397,2.2106471834510364,2.513960563209574,2.3222083100197963,0.20009004552713439,0.11156112656875994
689,True,0.7671899001305917,2.116927237696185,2.5778930795128026,2.183872813025063,2.3971662208568265,0.0669455753288779,-0.18072685865597604
690,True,0.8530779113884785,2.1206160035942387,2.5142446112898402,2.330468238175539,2.436806705690667,0.2098522345813003,-0.07743790559917318
691,True,0.18127486848986005,2.58431859982472,2.1765230436409353,2.5739833210526055,2.2564001826471296,-0.010335278772114265,0.07987713900619431
692,True,0.20073062594096677,2.5951729254329083,2.7411965515263583,2.544804235692993,2.736420353593724,-0.05036868973991515,-0.004776197932634396
693,True,0.928094035479231,2.6294674617115916,2.72911385826975,2.6696317136286796,2.892185612372242,0.040164251917087945,0.16307175410249197
694,True,0.8447753620587574,2.1586467639241027,2.4562396436219336,2.2253319969860677,2.5914872444098584,0.06668523306196494,0.13524760078792486
695,True,1.0096104490210878,2.399597661359087,2.2010457824407017,2.570358788466894,2.3030158052976972,0.1707611271078071,0.10197002285699552
696,True,1.0081832957031285,2.1585927919364507,2.456986484639262,2.254471384757855,2.635840547271591,0.09587859282140432,0.17885406263232895
697,True,0.36596445248721055,2.125287719086524,2.549219429962827,2.1214647418901404,2.578768672582324,-0.003822977196383359,0.029549242619496763
698,True,0.36938861596181843,2.3704923523394883,2.263856629669821,2.6717148980018437,2.2689190692686685,0.3012225456623554,0.005062439598847668
699,True,0.583441341667745,2.536575007386929,2.185194537449698,2.6887066203615446,2.14298184138457,0.15213161297461575,-0.04221269606512834
700,True,0.3766469479565207,2.599726583585282,2.1192028715533584,2.63982959548036,2.357251864470575,0.04010301189507803,0.23804899291721648
701,True,0.34910705539688985,2.1726837691896166,2.549603491800245,2.1720661822785234,2.6313336350081107,-0.0006175869110931487,0.08173014320786587
702,True,0.42264084644833344,2.353300744953777,2.190822220582948,2.6096643504454744,2.415175045581997,0.25636360549169757,0.22435282499904874
703,True,0.3869853277314757,2.3477964591079865,2.0534873919505814,2.506060076968826,2.2433379034305108,0.15826361786083964,0.18985051147992937
704,True,0.9780753754374655,2.8265923374445068,2.3214004373222643,3.0130774574945796,2.691972566052076,0.18648512005007278,0.3705721287298118
705,True,1.174462836242801,2.4050090605234735,2.5178420592642423,2.5429165620886973,2.4132283793725366,0.1379075015652238,-0.10461367989170567
706,True,0.6283888279245975,3.0480136054978497,2.07446620184567,2.992224665950904,2.319705588671545,-0.05578893954694575,0.2452393868258751
707,True,0.8556668744126082,3.100185149487043,2.0752093179002453,2.715144820488587,2.3573109976891042,-0.3850403289984561,0.2821016797888589
708,True,0.781499177577955,2.5023332700701557,2.2240500836761745,2.5197928259573246,2.63195567797522,0.017459555887168854,0.4079055942990455
709,True,0.5931376136125199,2.4090325859356905,2.343924556870378,2.4044584031812657,2.4094706142495284,-0.004574182754424783,0.0655460573791502
710,True,0.1793839819626117,2.5096973652016294,2.205531397849507,2.565127856080667,2.313073284631077,0.05543049087903773,0.10754188678157028
711,True,0.12843983826457175,2.2098990254307997,2.515660752208056,2.1783972934425897,2.488323411927999,-0.03150173198821005,-0.027337340280056743
712,True,0.2077393555407757,2.257365616864047,2.4580716870953947,2.5654262512545554,2.704158766013009,0.30806063439050835,0.2460870789176144
713,True,0.22943867504075255,2.6819680870584572,2.2369987814703878,2.9148926915113016,2.5416176371305346,0.23292460445284435,0.3046188556601468
714,True,0.34111113621068007,2.904813605104465,2.133777372642235,3.0409292947263666,2.134581826105291,0.13611568962190157,0.0008044534630560207
715,True,0.440360677677471,2.6760510729804845,2.2695394255883725,2.674555835602054,2.338989405442872,-0.0014952373784304918,0.06944997985449941
716,True,0.6707129295841768,2.5288508489232813,2.385953906742542,2.812568610541083,2.434028118144488,0.28371776161780193,0.0480742114019459
717,True,0.13427402808129438,2.6710441141059427,2.2698983320624735,2.626283932679595,2.3056763023330054,-0.044760181426347856,0.03577797027053187
718,True,0.7576693862304938,2.310018511873877,2.732906860579043,2.1272172514602263,2.561941341249249,-0.18280126041365063,-0.1709655193297941
719,True,0.41586576712449363,2.2448961220956307,2.7608634782618284,2.3074157140933664,2.7799159176996704,0.06251959199773571,0.01905243943784196
720,True,0.6899145675430742,2.305567858597964,2.7332344139133036,2.2692598946293043,2.673715402639929,-0.03630796396865987,-0.059519011273374556
721,True,0.784286874475567,2.2801333959880505,2.6471645788088054,2.3503575072292726,2.743381305102519,0.07022411124122208,0.0962167262937137
722,True,0.8266973026895966,2.566272863785143,2.367550498996801,2.442794687315944,2.5132765457438224,-0.12347817646919923,0.1457260467470216
723,True,0.8775774194964685,2.725615650527418,2.3187974581881874,2.9026857980851113,1.9947637639745714,0.17707014755769324,-0.32403369421361594
724,True,0.6102007867744748,2.3176048552330917,2.6052785989218123,2.3508138074549843,3.0737355484338598,0.033208952221892574,0.4684569495120474
725,True,0.2389674409815138,2.616679180679206,2.1830696029673446,2.538749034817936,2.199720117371526,-0.07793014586127,0.016650514404181305
726,True,0.5058250574252653,2.30283603528345,3.0873230975231603,2.2716353521410517,2.43496810433217,-0.031200683142398322,-0.6523549931909902
727,True,1.1142604121519113,2.4251396061051826,2.40938677592453,2.5046595948942842,2.321188267181057,0.0795199887891016,-0.0881985087434729
728,True,0.8527985147791294,2.2310707000003385,2.8880552884077546,2.2739084168220147,2.6942958376689075,0.04283771682167625,-0.19375945073884715
729,True,0.3187793600176418,2.3096310464877283,2.6659992550261524,2.1455307142068603,2.673917259311327,-0.16410033228086807,0.00791800428517453
730,True,0.6687235492614655,2.3242281462455443,2.8885195126569596,2.413248196833886,2.6723866956557765,0.08902005058834161,-0.21613281700118314
731,True,0.4799474443184288,2.90563306866163,2.2852516056880914,2.6854949648282718,2.2220412163000036,-0.2201381038333583,-0.06321038938808776
732,True,0.4271077445818122,2.3782334196836104,2.1490985674463605,2.4635975918166912,2.0726554388342024,0.0853641721330809,-0.07644312861215807
733,True,1.3781917245573059,2.284101285560691,2.604921585633625,2.6962835624757644,2.035764236872482,0.4121822769150736,-0.5691573487611432
734,True,0.6821094047066408,2.385193040699222,2.3428851775748636,2.2616660741999466,2.1927505866607357,-0.1235269664992753,-0.15013459091412784
735,True,0.34791436499853196,2.490572297123695,2.2001787594875104,2.611859151603317,2.361420794772715,0.12128685447962173,0.16124203528520464
736,True,0.3649183904467319,2.2272155372572273,2.306068994913205,2.322653761414301,2.467653304332073,0.09543822415707348,0.16158430941886825
737,True,0.3262912532600623,2.343286830693162,2.3817130215666196,2.254376278560658,2.2964505359325726,-0.08891055213250398,-0.08526248563404693
738,True,0.8005896875350687,2.258764127437834,2.4153992028027167,2.1001822297074604,2.418685223566101,-0.15858189773037346,0.0032860207633844674
739,True,1.0818730125589364,2.1899636152456963,2.525324100882895,2.452111716774136,2.7997413851802455,0.2621481015284397,0.2744172842973507
740,True,0.39650132903594654,2.2084034455687664,2.417890141156128,2.336561008915881,2.4650395445130284,0.1281575633471146,0.04714940335690043
741,True,0.9860147197531268,2.2001024308427097,2.3619788362091647,2.226459596980372,2.6970404699681465,0.026357166137662258,0.3350616337589818
742,True,0.9328927125597357,2.4828967392140977,2.431453619668695,2.4609442037463998,2.430554747643221,-0.02195253546769793,-0.0008988720254738958
743,True,0.23107232400114314,2.2505433733878584,2.7214714482794045,2.1724315006862702,2.8364827119705844,-0.07811187270158815,0.11501126369117998
744,True,0.09159495943640648,2.6173287359443407,2.6463339886151935,2.4278306383806925,2.4834591160659363,-0.18949809756364822,-0.16287487254925725
745,True,0.23272594620556036,2.5503276007015256,2.558628967142364,2.4651524597172485,2.4940700206718334,-0.08517514098427714,-0.06455894647053073
746,True,0.08172813315594234,2.632401425656809,2.6116818988919768,2.496232405342099,2.4226014217287166,-0.13616902031471012,-0.18908047716326015
747,True,1.39170407359017,2.6050075782039483,2.44680082953231,2.59290778652944,2.6923147529648164,-0.012099791674508253,0.24551392343250633
748,True,1.1130414394502766,2.868152275978386,2.3137341129870563,2.5964344633843544,2.4986268276319294,-0.2717178125940318,0.1848927146448731
749,True,0.5602604460971131,2.459391237704973,2.040600058928746,2.1862092486937295,2.2002436071564895,-0.2731819890112437,0.15964354822774363
750,True,0.8706946933049262,2.6529941807324042,2.272092196852936,2.880941982651681,2.3227027989443676,0.22794780191927666,0.050610602091431645
751,True,0.8382332514592061,2.966909598150911,2.2467134000134505,2.610878698601488,2.4737508085975435,-0.356030899549423,0.22703740858409294
752,True,0.20592836890914737,2.419098405046806,2.422618377169628,2.363682123909431,2.3901922919566534,-0.055416281137374845,-0.03242608521297452
753,True,0.16626447825195334,2.3964501562519507,2.4567803325897897,2.488810993548124,2.493773858778298,0.0923608372961735,0.03699352618850815
754,True,0.5577772733166428,2.589904418583821,2.193690588597216,2.3983446496154386,2.469532842739695,-0.19155976896838256,0.275842254142479
755,True,0.31339346747646685,2.5367346160369237,2.2474540637129823,2.369541525747333,2.210408135333156,-0.16719309028959062,-0.03704592837982634
756,True,0.6064099235138886,2.521950491088197,2.544561467149104,2.4246681524553004,2.3062705582996976,-0.0972823386328967,-0.2382909088494065
757,True,0.9398716202400793,2.3079005601845153,2.5129736734394967,2.1068227066248357,2.606115175966135,-0.20107785355967955,0.09314150252663822
758,True,0.8718031967607843,2.2642445426896805,2.412358139746252,2.31922777854742,2.4185059922055188,0.054983235857739565,0.006147852459266634
759,True,0.9217292398402759,2.265771797048414,2.4126648190330955,2.4209719921358035,2.436956968947954,0.15520019508738958,0.02429214991485873
761,True,0.2332480431387841,2.4895159766107144,2.522247845890645,2.448062773558309,2.514544678524921,-0.041453203052405296,-0.007703167365724184
762,True,0.19635543903721286,2.814339235984177,2.3379756434573906,2.9524520634890923,2.2815332705678433,0.13811282750491527,-0.05644237288954734
763,True,0.744671248360278,2.6072644712226647,2.389677054520129,2.43367335122629,2.5071443026126357,-0.17359111999637467,0.11746724809250653
764,True,0.6962522269979524,2.4452817232580792,2.5233150008272847,2.261192079554057,2.240172496474769,-0.18408964370402225,-0.28314250435251553
765,True,0.7580027560988697,2.456097697446093,2.5096830698118042,2.7237327792837904,2.756544743519321,0.26763508183769735,0.24686167370751688
766,True,0.18742455766040825,2.6271080776016813,2.4370623692675575,2.45196832881789,2.2469272458907077,-0.17513974878379113,-0.1901351233768498
767,True,1.2012809893772702,2.3294321268498037,1.937516076036532,2.9795245594012143,4.461919515684477,0.6500924325514106,2.524403439647945
768,True,0.3306158918671514,2.053162123993135,2.2155016227933575,2.1537355218313134,2.5797648038660426,0.10057339783817865,0.36426318107268507
769,True,1.1790002889681117,2.054852133706949,2.278212831629214,3.2466475805336494,2.21492214605322,1.1917954468267005,-0.06329068557599404
770,True,0.5006242377990872,2.2045509173752373,2.0764194509058136,2.414670098502278,2.2550868839725444,0.21011918112704064,0.17866743306673083
771,True,0.24806060741974542,2.237673020662313,2.264147725326243,2.319548254719871,2.78192293230438,0.08187523405755792,0.5177752069781372
772,True,0.19564410160577478,2.2459574904703783,2.1710055766165133,2.2260843444654115,2.3946085536343933,-0.019873146004966813,0.22360297701788
773,True,0.48258768042885813,2.0692752406579458,2.3464947767681053,2.586011494075771,2.4497749438350453,0.5167362534178253,0.1032801670669401
774,True,0.9995036004764745,2.281201472601664,2.1676824495760445,2.429901819743547,2.2312297274288007,0.14870034714188307,0.06354727785275616
775,True,0.9676115459890486,2.197524202597095,2.8600368763007236,2.0005969880825574,2.627557601390691,-0.19692721451453776,-0.23247927491003262
776,True,0.46053228256744017,2.553313475212161,2.417504130585923,2.1222934988266826,2.2979177566053144,-0.4310199763854783,-0.11958637398060867
777,True,0.3914979557781681,2.4141827691788373,2.556905226734069,1.8589642778754518,2.2346937671074754,-0.5552184913033855,-0.3222114596265935
778,True,0.9816592051918658,2.769727325369774,2.212989942747142,2.437540193474561,2.3444146263511065,-0.33218713189521276,0.13142468360396453
779,True,0.8628191310700123,2.2651957218086034,2.311263599375891,2.6769401442942278,2.4197272823403053,0.4117444224856244,0.10846368296441433
780,True,0.6830778284891501,2.1495346837862375,2.524628591634817,2.2511516029405927,2.5405327334199024,0.10161691915435522,0.01590414178508537
781,True,0.222771809339884,2.201304902302269,2.5762127009429947,2.1612576893903697,2.4455122870705437,-0.040047212911899166,-0.13070041387245102
782,True,0.47703011088956593,2.582156470433192,2.1997285637323527,2.414925223194499,2.0947240263426115,-0.16723124723869276,-0.10500453738974125
783,True,0.5106129848507077,2.423157167127217,2.358289830131148,2.3657888229429944,2.5492329887383773,-0.057368344184222764,0.19094315860722944
784,True,0.7011176154827096,3.1624032318633875,2.2073410145466874,2.1682040684149175,2.319199755485068,-0.9941991634484699,0.11185874093838066
785,True,0.7897618376860005,2.4266846123466475,2.5945727245155417,2.554157396439969,2.5416776906344754,0.1274727840933214,-0.05289503388106631
786,True,0.10050455724077073,2.411493617221493,2.5787587519580035,2.4197791636942823,2.540901043867706,0.008285546472789118,-0.037857708090297315
788,True,0.48461050202253886,2.502047611637317,2.8536438574040734,2.309015074537193,2.7757423027970374,-0.19303253710012402,-0.07790155460703607
789,True,0.18684068212028176,2.6920640151749735,2.2770702247185968,2.5736093898929187,2.3729145901536364,-0.11845462528205486,0.0958443654350396
790,True,0.3260441195992845,2.9304363902326904,2.177228672533044,2.6541492923240018,2.0959387006496635,-0.27628709790868866,-0.08128997188338039
791,True,0.40569408103654114,2.0576601786981255,2.836911674391714,2.2465063496562836,2.76332847225841,0.18884617095815814,-0.07358320213330405
792,True,0.43635686794684386,2.1882044958138627,2.5046660390958313,2.5711098499531286,2.4256175746588746,0.38290535413926596,-0.07904846443695668
793,True,0.5914848082502997,2.266771595772278,2.4400726455784056,2.345743987927924,2.6086828833265647,0.078972392155646,0.1686102377481591
794,True,0.1658402583568986,2.5227273277546267,2.1879026487483397,2.548328926206152,2.277363654766186,0.02560159845152521,0.08946100601784623
795,True,1.5760187617936756,2.094716841460917,2.3382442334580875,2.8490390628576856,2.693672694565173,0.7543222213967686,0.3554284611070857
796,True,1.111087651914028,2.3033468915037525,2.2870160815350644,2.302405283238162,2.549304980999135,-0.0009416082655904212,0.26228889946407064
797,True,0.9094250860362789,2.1362578267849597,2.285552777469818,2.1946529390019736,2.217417144453204,0.05839511221701388,-0.06813563301661407
798,True,1.2702953743077294,2.3729952328017854,2.1279608637613614,2.303113297175152,1.8551178474032315,-0.06988193562663358,-0.2728430163581299
799,True,0.43913001643160954,2.3689766192809922,2.2533217619771926,2.2501762839844353,2.2419914784137784,-0.11880033529655698,-0.011330283563414145
800,True,1.0389423369741704,2.2557450349496504,2.256734235925888,2.2501590139799013,2.0200975337433587,-0.005586020969749139,-0.2366367021825293
801,True,1.0942344676920757,2.0405432160579204,2.565310954484856,2.2634611020340065,2.313578960703308,0.22291788597608608,-0.25173199378154765
802,True,1.0385975439898367,2.290535116386562,2.182703212188959,2.1893792168525765,2.337736829887616,-0.1011558995339854,0.1550336176986571
803,True,0.7353927297051835,2.213757373087665,2.0332483880480514,2.7289475122803295,2.0936799409265014,0.5151901391926645,0.060431552878450034
804,True,1.3340301602409943,2.267437593959314,2.0830319872964025,2.175223639387454,3.251067606468066,-0.09221395457185988,1.1680356191716634
805,True,1.0971815960505336,2.0821038580243783,2.2678772115570984,2.976371520734937,2.1591444973625546,0.8942676627105586,-0.10873271419454378
806,True,0.5429180273916053,2.347251993502189,1.9457082873853417,2.5031163673383228,2.7851584478490627,0.15586437383613383,0.839450160463721
807,True,0.5884588086428097,2.2473511219655906,2.601396868972514,2.2393910754785553,2.3916725469881954,-0.0079600464870353,-0.20972432198431878
808,True,0.9517832908623807,2.2474845001690222,2.6094747526082713,2.368333652224703,2.4734969624412315,0.1208491520556807,-0.1359777901670398
809,True,0.29680894788526674,2.385353456932536,2.3996786760314386,2.3164608514242153,2.460555245891057,-0.06889260550832077,0.060876569859618535
810,True,0.927141208951652,2.2227291018925364,2.718967769466935,2.27962283383129,2.50994243616024,0.05689373193875369,-0.20902533330669515
811,True,0.8835427447210016,2.5655787440068956,2.1707512749276456,2.590748943894989,2.6246394072994104,0.025170199888093325,0.45388813237176473
812,True,0.6766142397795922,1.9601801589904946,2.7560063901595004,2.3924271170524714,2.5538654380607055,0.43224695806197677,-0.2021409520987949
813,True,0.6793109156444314,2.3355142001281006,2.07098376034193,2.6403552768197693,2.1745776555575107,0.3048410766916687,0.10359389521558082
814,True,0.7408540210079745,2.020295439533535,2.5054025212328654,2.343760489096102,2.61088287198909,0.32346504956256705,0.10548035075622453
815,True,0.2263537074542273,2.696478273507873,2.310419861518681,2.5735796417332804,2.3667559585960696,-0.12289863177459281,0.056336097077388736
816,True,0.5598001007533032,2.65437300242449,2.3297195854007837,2.4964794819659546,2.1224859429821907,-0.15789352045853544,-0.207233642418593
817,True,0.7386219648430589,2.3081287174245717,2.381401713802188,2.6868407045338585,2.2777255508339893,0.3787119871092868,-0.10367616296819859
818,True,0.668661033297468,2.1921294993453286,2.36071318295976,1.8009517253746699,1.9849021436771133,-0.3911777739706588,-0.3758110392826466
819,True,1.0342555116870398,2.3442610188714053,2.2870665401120274,2.5393569697202873,2.3026618264968914,0.1950959508488821,0.015595286384864071
820,True,0.9196018817893656,2.2713591466124416,2.3156026650096946,2.3041638966162976,2.4318413283956257,0.032804750003855965,0.11623866338593114
821,True,0.2197756475052961,2.8308012336086055,2.540584529926135,2.743157175494871,2.3819594489212026,-0.08764405811373432,-0.15862508100493233
822,True,0.5188935930473637,2.7522345479446333,2.5983524138576737,2.899901429464629,2.7103078158225866,0.14766688151999574,0.11195540196491294
823,True,0.37286107633077376,2.655174409902295,2.59050861357379,2.5541829717829536,2.3604970327664043,-0.1009914381193413,-0.23001158080738549
824,True,0.17825434260354303,2.5410660867242316,2.6996203221379114,2.5434232014175304,2.758248590021574,0.0023571146932988007,0.05862826788366249
825,True,0.9451102174926197,2.042057642110036,2.5127979689581093,2.2051957320621227,2.5871838790470614,0.16313808995208667,0.07438591008895212
826,True,0.9293505131026419,3.017221554244898,1.9709682780298623,2.6706294721578283,2.3465021730757036,-0.3465920820870698,0.37553389504584134
827,True,0.3665433954010163,2.8121072798526017,2.3853923733633424,2.8903683731498657,2.363329245739154,0.07826109329726405,-0.022063127624188272
828,True,0.26628657233068204,2.7212366127369374,2.441402279613092,2.6925258326259374,2.5703918511320407,-0.028710780111000034,0.12898957151894885
829,True,0.339006951135349,2.8474686376148206,2.3459814480511136,2.6987488335675107,2.259749220472263,-0.1487198040473099,-0.08623222757885074
830,True,1.0296926780176474,2.7374417156352386,2.4384426619258446,2.5771595270964505,2.581660410682435,-0.16028218853878817,0.14321774875659044
831,True,0.5414321015802466,2.5167427062971695,2.302824966709368,2.3616011689650307,2.1648304147948862,-0.15514153733213876,-0.13799455191448162
832,True,0.23388650841121575,2.297755254046871,2.4819401407165325,2.3134330524858506,2.2174830406075263,0.01567779843897954,-0.26445710010900614
833,True,0.9699417252810575,2.375437967954541,2.4477332340351143,2.599624429132408,2.81013349442353,0.224186461177867,0.3624002603884158
834,True,0.7256790852236531,2.7505930816098556,2.20619489370273,2.425477453039092,2.5334315013958837,-0.3251156285707637,0.32723660769315366
836,True,1.0588720149830033,2.3646442896977127,2.7833048978148263,2.287204385962479,2.7598342521974035,-0.0774399037352338,-0.023470645617422736
837,True,0.38230206684336826,2.220960754290809,2.721334010903476,2.309064308884012,2.7104930066120816,0.08810355459320274,-0.010841004291394452
838,True,1.4225355204369106,2.2632434877626406,2.5430086534260945,2.373021117763599,2.3408888946308406,0.1097776300009583,-0.2021197587952539
839,True,1.29797975544427,2.4955983423219372,2.3792218582973717,2.3959207156517097,2.515990229193468,-0.0996776266702275,0.1367683708960965
840,True,1.1863271186649345,2.5004205726637267,2.377828153609928,2.3816534443419766,2.4940065968098404,-0.11876712832175018,0.11617844319991244
841,True,0.7611591256901437,2.4912659318105725,2.503636143152595,2.7237057783411553,2.4788438078725332,0.2324398465305828,-0.02479233528006164
842,True,1.188940964107183,2.6726298052292985,2.362143979058008,2.524450599726206,2.586996731347568,-0.1481792055030926,0.2248527522895598
843,True,0.7285123136025493,2.4019409425712364,2.6402166222111396,2.7222468127682693,2.763306359437911,0.32030587019703294,0.12308973722677141
844,True,0.7445722567814352,2.1500711754265254,2.4058085615651135,2.438253853738162,2.639637107973367,0.2881826783116366,0.23382854640825368
845,True,0.6630257557266868,2.32939479672296,1.7982964227846308,2.5525743765112896,2.2112459772974145,0.2231795797883298,0.4129495545127837
846,True,0.16835145666351362,2.3056956424905692,1.7195014825815067,2.5189057512938033,2.2049379368694257,0.2132101088032341,0.48543645428791904
848,True,0.7378794385761918,2.7261050922148984,2.156421272409452,2.520862818387784,2.42985054167885,-0.20524227382711446,0.27342926926939803
850,True,1.0677123179977286,2.5450136877627987,2.675100140947998,2.5248868007239453,2.6186308916113012,-0.020126887038853347,-0.05646924933669695
851,True,0.6313246441354681,2.5184141863680805,2.196236202643058,2.5034821345677707,2.501846135148203,-0.014932051800309765,0.3056099325051447
852,True,0.30324910306615604,2.1789276932931942,2.5278743011668916,2.2217398896657548,2.3534049539218707,0.04281219637256051,-0.17446934724502094
853,True,0.1830423251406812,2.661277658757162,2.262485252062431,2.6558125954844782,2.4108108760334144,-0.00546506327268359,0.1483256239709836
854,True,0.32728215707327624,2.3800910519767937,2.3539804948639658,2.4574729626209524,2.4827941483103264,0.07738191064415867,0.12881365344636064
855,True,0.8047549741426152,2.6509364554813457,2.516063968065995,2.307443265584877,2.4036569328325537,-0.3434931898964688,-0.1124070352334412
856,True,0.4799210861141922,2.9409865305879936,2.51989378843633,2.519134178754478,2.4927964491149295,-0.42185235183351555,-0.027097339321400682
857,True,0.8729908047515295,2.865500364770523,2.1892701841938105,2.6619603596571455,2.465943133192045,-0.20354000511337755,0.2766729489982347
858,True,0.25822116921163174,2.379853792567938,2.4825024859806284,2.153027674312618,2.4856063490108404,-0.22682611825532017,0.0031038630302120396
860,True,0.33880659615713205,2.3899157287235044,2.45525327626296,2.549017461604569,2.357316040101115,0.15910173288106444,-0.09793723616184513
862,True,0.38041564893933316,2.7552734962975998,2.4959979402235093,2.298921339035549,2.2200093677978026,-0.4563521572620508,-0.27598857242570674
863,True,0.4033763050939114,2.2349824948755193,2.668685906246743,2.3222325733330416,2.493170690927719,0.0872500784575223,-0.1755152153190238
864,True,0.3380361603253953,2.2348068403555597,2.6757876757695107,2.2410117110836345,2.3301104550919898,0.006204870728074852,-0.34567722067752094
865,True,0.529331271563444,2.2411742158297288,2.570310446677599,2.298819925794537,2.5311522827408073,0.05764570996480822,-0.03915816393679172
866,True,0.2734172838540359,2.4023348627949437,2.4447337689818087,2.2897535339147312,2.498029885832033,-0.11258132888021244,0.05329611685022417
867,True,0.9828960513958316,2.2481347880632065,2.7986236309300323,2.113900389822094,2.4739762169887567,-0.13423439824111272,-0.3246474139412756
868,True,0.7229689569010458,2.250026638086758,2.5567731503009807,2.339360382330393,2.8144741444152586,0.0893337442436346,0.2577009941142778
869,True,0.9348352332463394,2.2619281265769695,2.7460350105561293,2.3657704780238085,2.63544044184383,0.10384235144683895,-0.11059456871229933
870,True,0.4913645041558129,2.3526322769612764,2.4661540920631864,2.3246459873051637,2.407666921279187,-0.027986289656112717,-0.05848717078399934
871,True,0.33598118723274617,2.5539642048000597,2.3630874865099685,2.599665214836133,2.3268503658866853,0.04570101003607352,-0.036237120623283214
872,True,0.37045729650859954,2.678307404332072,2.2806481430944143,2.645750738569868,2.3270484120527017,-0.03255666576220406,0.046400268958287416
873,True,1.0479467402722418,2.778579863779337,2.3098764361973996,2.578528192055693,2.544473721633808,-0.20005167172364402,0.23459728543640823
874,True,0.7757525630669718,2.6643463895297095,2.3702944684152643,2.4748719542297537,2.255422772537779,-0.18947443529995578,-0.11487169587748536
875,True,0.901898950844076,2.073423915025579,2.6060555923847826,2.20795087239413,2.5501400283925593,0.13452695736855125,-0.055915563992223305
876,True,0.7488246855036629,2.2233762471070886,2.3199344545482314,2.1304544370105645,2.186528137859195,-0.09292181009652412,-0.13340631668903624
877,True,0.10889972997668129,2.4891256485360476,2.5733957105155825,2.4395791459860448,2.355473602401436,-0.04954650255000281,-0.21792210811414625
878,True,0.10888528055422475,2.6856118581246995,2.5463805099984564,2.5071941183931092,2.3601577084953456,-0.17841773973159025,-0.18622280150311088
879,True,0.11106462142085576,2.6076238408175363,2.471647056964242,2.385478392040892,2.437972296665612,-0.2221454487766441,-0.03367476029863026
880,True,0.1258743472332637,2.60254477558024,2.6967815269687683,2.307954558856392,2.428701828103442,-0.2945902167238481,-0.26807969886532623
882,True,0.4080560336876935,2.453383788097574,2.7388771785715402,2.397233591984519,2.4130341557702826,-0.05615019611305483,-0.32584302280125765
884,True,0.8509143240077842,2.309828206837037,2.2872963344088144,2.558696655149649,2.1925029855113083,0.24886844831261223,-0.09479334889750612
885,True,0.1956500173551254,2.403332725862152,2.25117849381163,2.3037472444942826,2.3969321268031347,-0.09958548136786938,0.14575363299150457
886,True,0.20458519705280723,2.4339052596598743,2.2067790571101584,2.3750316246252385,2.202872853093887,-0.05887363503463572,-0.0039062040162716194
887,True,0.47446797920743466,2.1346377766262825,2.4976738308073774,2.262673462742912,2.4224383312738835,0.1280356861166294,-0.07523549953349384
888,True,0.8683249363379477,2.1866533201904685,2.6485621731611286,2.0514663647501026,2.7062515966799907,-0.13518695544036596,0.05768942351886208
889,True,1.1122271169247324,2.5933874746940533,2.0027384731911453,2.7503918052499357,2.1637993688262784,0.15700433055588237,0.16106089563513315
890,True,0.9679192585026689,2.201576803793136,2.1311675720599728,2.392525744489701,2.2966303024759993,0.1909489406965652,0.16546273041602655
891,True,0.6266429935575154,2.1672227441820557,2.663014551161897,2.2922829692298023,2.4862611777586845,0.1250602250477466,-0.1767533734032125
892,True,0.7755082939201232,2.1696345697144483,2.619966977062879,2.3052188990961358,2.4383415880891257,0.1355843293816874,-0.18162538897375313
893,True,0.6863270495652443,2.20747676168969,2.6676785100157776,2.3445329488034496,2.5117946748480455,0.13705618711375944,-0.15588383516773208
894,True,1.0380894871284685,2.5642406560227533,2.7975800005004325,2.68511026835119,2.5004666389508174,0.12086961232843674,-0.2971133615496151
895,True,0.35484597337948653,2.475435751054751,2.809384056532677,2.627749390415494,2.5717556773214287,0.15231363936074294,-0.23762837921124813
896,True,0.882496901832735,2.1923475118237987,2.501882121803503,2.5144273487818256,2.4943563178633883,0.3220798369580269,-0.007525803940114706
897,True,0.4010615223344901,2.4248858293536215,2.2667231639306995,2.4230849013208346,2.3977038861056217,-0.0018009280327868638,0.13098072217492218
899,True,0.19550360224949487,2.6521155807769765,2.33179333784107,2.7534530324044026,2.2688926129217752,0.10133745162742613,-0.06290072491929477
900,True,0.2440518129373918,2.737210049703895,2.273461609308589,2.7644589742352843,2.3919855329750637,0.027248924531389385,0.11852392366647457
901,True,0.3362352197233125,2.6510939976168326,2.2953599668243756,2.6748785252345573,2.404094410128895,0.02378452761772465,0.10873444330451942
902,True,0.7532955615640897,2.7410917241675805,2.2456324631381688,2.660781284790052,2.433802790513233,-0.08031043937752846,0.18817032737506434
903,True,1.3208075830882533,2.303938055959838,2.3856308046510466,2.5271202792037815,2.1193193051083643,0.22318222324394332,-0.2663114995426823
904,True,1.0740674117082,2.1584337230732844,2.436035311361475,2.391282629536082,2.9941982760284933,0.23284890646279743,0.5581629646670181
905,True,0.9817209204116143,2.5120535109945408,2.2820223060040408,2.7575846697742574,2.6618470406619914,0.24553115877971665,0.37982473465795064
906,True,0.8109607479527117,2.3271936424371735,2.4364308546314217,2.633453959294143,2.57775270548476,0.30626031685696953,0.14132185085333848
907,True,1.028281832548004,2.1489627954899544,2.3310870439346534,2.2230623053187237,2.3847150416412437,0.07409950982876934,0.053627997706590325
908,True,1.1548397725835748,2.147735289787827,2.693479763911361,2.025212498901288,2.6682273797712592,-0.12252279088653895,-0.025252384140101558
909,True,1.7399438218537278,2.3338576010116814,2.362681128675641,2.382933268489489,2.411079093257623,0.04907566747780745,0.04839796458198187
910,True,0.39660931334757216,2.2447307763070383,2.485757431126376,2.2691727655989524,2.529370154541047,0.0244419892919141,0.04361272341467126
911,True,0.9994055671926274,2.3024299366104497,2.3765477624066387,2.1170123494349293,2.585445802306635,-0.18541758717552037,0.20889803989999622
912,True,0.17454077731340537,2.3595396627732277,1.9896687367247845,2.493346539539781,2.197071217178679,0.13380687676655345,0.2074024804538943
913,True,1.0527138211378815,2.1866625035656506,2.152955420369869,2.4023942618666903,2.382204829796548,0.21573175830103963,0.22924940942667904
914,True,0.9666758036534743,2.181085056892555,2.599719779630105,2.5093510379779467,2.46833107434882,0.3282659810853916,-0.13138870528128477
915,True,0.39986664988071724,2.8963971618029185,2.0526424548858966,2.6610577118076564,2.1156564355969993,-0.23533944999526213,0.06301398071110276
916,True,0.5160001049738285,2.8419130043335246,2.3593576493825603,2.6936206563885348,2.506046470873595,-0.1482923479449898,0.14668882149103446
917,True,0.7325110003082296,2.4347720912027886,2.4880463177963548,2.336929536462107,2.4313572344674075,-0.09784255474068138,-0.05668908332894729
918,True,0.2785082526551785,2.570264889948116,2.4561167155898764,2.570116410700885,2.4985952038339465,-0.0001484792472310481,0.04247848824407008
919,True,0.2647432674825949,2.733400499451187,2.314808326471114,2.887940852717382,2.230438833575357,0.15454035326619486,-0.08436949289575679
920,True,0.3392305036702298,2.6732370653385757,2.328406901488655,2.6624705751087654,2.316638996872409,-0.010766490229810355,-0.011767904616246216
921,True,0.665257545420747,2.5084022028574284,2.415493539817484,2.5744476651759687,2.27380992663437,0.06604546231854025,-0.14168361318311407
922,True,0.574042875840873,2.5936188156319346,2.3332064452165393,2.6676813060898033,2.4195003290340753,0.07406249045786861,0.086293883817536
923,True,0.8364968335151293,2.4361640277493635,2.4980164003865144,2.4909030523151636,2.57452888375757,0.054739024565800154,0.07651248337105576
924,True,0.8585948938625282,1.9660779885599655,2.6180434009771494,2.3800956326173113,2.839484604540232,0.41401764405734576,0.22144120356308283
925,True,0.4341166533494066,2.218263244026732,2.216020110490877,2.472309390168229,2.6885200958737503,0.2540461461414969,0.4724999853828731
926,True,1.1206702910318056,2.5134515692966914,2.546896535570301,2.6293293379013973,2.687156255033562,0.11587776860470589,0.14025971946326132
927,True,0.8656150964849851,2.1894334761988086,2.72882731042109,2.1078644354858307,2.5776039060449145,-0.08156904071297788,-0.15122340437617554
928,True,0.2387824684601153,2.2542468242408593,2.568094914153291,2.19759470392063,2.496083060357367,-0.05665212032022948,-0.07201185379592401
929,True,0.8608481047958534,2.3104782136388993,2.438333506024145,2.1713301864709567,2.3930593214122373,-0.1391480271679426,-0.045274184611907575
930,True,1.1125017802097383,2.413852904010516,2.3777604595501205,2.2527265820480746,2.424563526324068,-0.16112632196244148,0.04680306677394741
931,True,1.1932288588034368,2.400622752995564,2.5485138463033707,2.3362242609965764,2.6882988484723938,-0.0643984919989875,0.139785002169023
932,True,0.7268752034906035,2.2159391743682857,2.695491162311611,2.5301107539682923,2.2808092829927715,0.31417157960000663,-0.4146818793188394
934,True,0.43093758599640086,2.4077880181403017,2.6132823374063507,2.8778107617633584,2.6834888912926393,0.4700227436230566,0.0702065538862886
935,True,1.268654936222947,2.2890353457734114,2.1601324050390986,2.449219870328305,3.094976675220833,0.1601845245548934,0.9348442701817343
936,True,1.0011446885803001,2.7534873121915777,2.0420741730407346,2.498535755513817,2.5874296812263324,-0.2549515566777609,0.5453555081855979
939,True,0.20858938081343048,2.0518635784330304,2.365105294844185,2.2076029788297533,2.4620447348795267,0.15573940039672296,0.09693944003534183
940,True,0.21566075046615835,2.0347244649091927,2.4535412914601618,2.496949793361092,2.6325422790794835,0.4622253284518991,0.1790009876193217
941,True,0.7577873769352897,2.4274567779468286,2.1938567385770655,2.2966057820377013,1.9867021054206895,-0.1308509959091273,-0.20715463315637606
942,True,0.665129318439243,2.0064639859713402,2.8475103119040672,2.4217789861424186,2.4843044136218495,0.41531500017107836,-0.3632058982822177
943,True,0.6912488500280418,2.3498655002574083,2.8865798923466506,2.2609437097842573,2.790244510208738,-0.08892179047315096,-0.0963353821379127
944,True,0.4743200102237561,2.382534140489911,2.284784385450846,2.272311662724328,2.3759708267411446,-0.11022247776558292,0.09118644129029851
945,True,0.1255847578813781,2.491533117279399,2.0748345854549464,2.6403776502330114,2.3110970617319384,0.14884453295361233,0.23626247627699204
946,True,0.24066302366570821,2.3043190816160855,2.2784526623566266,2.3701894566622723,2.441886323704689,0.06587037504618687,0.16343366134806248
947,True,0.9957945533832113,2.6518688008459246,2.2820541206115164,2.1834292057483795,2.3367000641607816,-0.46843959509754507,0.05464594354926522
948,True,1.2446185211198426,2.3064157911573533,2.5404004890174305,2.423872135140383,2.252170852809573,0.11745634398302984,-0.28822963620785735
949,True,1.280253112200376,2.256536212007244,2.080917239608534,2.444558013848925,2.3197264830123836,0.18802180184168105,0.2388092434038498
950,True,0.21364831773588847,2.2291415896932163,2.1231363849974403,2.349833511368199,2.11078404947735,0.12069192167498288,-0.012352335520090296
951,True,0.7724472677873604,2.551742904291104,2.0449099373077537,3.0261085841160758,2.475301598634195,0.4743656798249716,0.43039166132644135
952,True,0.15739820264961052,2.5714154454307847,2.5515861061308516,2.502073080989642,2.533264611694957,-0.06934236444114283,-0.018321494435894703
953,True,0.21925958675442175,2.7489584409008443,2.5882804472081458,2.5756091656914872,2.3966160341174803,-0.17334927520935706,-0.1916644130906655
954,True,0.16594580160623737,2.64339543861678,2.71517311098206,2.424966550777969,2.4580442638882642,-0.2184288878388112,-0.2571288470937958
955,True,0.14817337703490369,2.7260930351328803,2.6438400691040296,2.506246000822146,2.5882285418310724,-0.21984703431073438,-0.05561152727295715
956,True,1.3963203244862679,2.2183737353520936,2.042487703953196,2.3320204876668646,2.458238147950885,0.11364675231477106,0.4157504439976889
957,True,1.1016786007750705,2.1677060367356087,2.2557604152480377,2.526257356799976,2.416795325756403,0.3585513200643673,0.1610349105083655
958,True,1.0035198723263032,2.260923202698402,2.171905573453874,2.2826177548100337,2.4245886176811524,0.021694552111631626,0.2526830442272785
959,True,0.8274649689105312,2.391981249215804,1.969259026359915,2.795077178270575,2.4252394619519535,0.4030959290547709,0.4559804355920385
960,True,0.18609820249757322,2.0548610578333517,2.752048173433743,2.136378207148959,2.5814974032442874,0.08151714931560727,-0.17055077018945575
961,True,0.8732947672980248,2.6230510993688245,2.7213231355537326,2.9066663748860138,2.666510104068799,0.28361527551718924,-0.05481303148493355
962,True,0.6772914760915296,2.8391522031761527,2.5930660843680786,3.004495888909153,2.3912794747889676,0.16534368573300018,-0.201786609579111
963,True,0.9401035384404703,2.188695955814786,2.6862463816262276,2.2611053101348464,2.53387916237377,0.07240935432006035,-0.15236721925245744
964,True,1.368237594012598,2.3530635076852473,2.3276363365654866,2.5659545467349965,2.7887233773865057,0.21289103904974915,0.46108704082101903
965,True,0.2067041834401962,2.4883331700759044,2.026579458965278,2.4157994247387347,2.4076610699942798,-0.07253374533716972,0.3810816110290016
966,True,0.6472603745464746,2.404716212903302,2.1575831647934223,2.520829314659166,2.3319149175623886,0.11611310175586365,0.17433175276896629
967,True,0.17006939462716095,2.4367509400223897,2.0932481770444706,2.5311665440758735,2.2660396343056317,0.09441560405348381,0.17279145726116107
968,True,0.31096950244341587,2.408190038805077,2.154099762801157,2.441293470746399,2.2350257745258775,0.033103431941321926,0.08092601172472058
969,True,0.9355670369125058,2.5371267709359735,2.354953472194302,2.5797678486185536,2.2852484969011573,0.042641077682580075,-0.06970497529314468
970,True,1.1842543539490875,2.4003309931965635,2.477040640663774,2.5902796919014364,2.3178049860648327,0.18994869870487285,-0.1592356545989415
971,True,0.343377988087518,2.746153730620338,2.1865446160780713,2.3773246939909156,2.208217833490392,-0.36882903662942246,0.021673217412320867
972,True,0.7931504998193022,2.404946969851934,2.3317163163858505,1.9149544041451745,2.5304215213448136,-0.48999256570675964,0.19870520495896304
973,True,0.12832227402694657,2.5167316341239085,2.0059590963177687,2.4918112224510507,2.3837882013457063,-0.024920411672857856,0.37782910502793765
974,True,0.26523538875914493,2.539037275858706,2.0218348136531827,2.5646090872479963,2.136880536992885,0.02557181138929021,0.1150457233397022
975,True,0.5217206984128734,2.371989596372632,2.4966522406614824,2.3469618965483865,2.330318294468161,-0.025027699824245353,-0.1663339461933213
976,True,0.21285395605249285,2.2511194821466054,2.2033121057852876,2.8357742326611617,2.438035872249012,0.5846547505145563,0.23472376646372428
977,True,0.30517442737234696,2.379095101714095,2.0461070263796075,2.5723206938179386,2.2087553668403386,0.1932255921038437,0.16264834046073107
978,True,0.9191746713661548,3.2294345845054675,3.1810183937380807,2.469375373474839,2.4339450566448697,-0.7600592110306286,-0.747073337093211
980,True,0.9568180358144636,2.1991559536785927,2.9115231810171114,2.2581288650537634,2.473697315964506,0.05897291137517069,-0.43782586505260523
981,True,0.2890109979236284,2.320137840689643,2.5611159876116503,2.4228866522567665,2.5428784963007964,0.10274881156712334,-0.018237491310853837
982,True,0.8973354370381293,2.6459490822765277,2.5820103845259803,2.892036666991102,2.589724126582984,0.24608758471457426,0.007713742057003703
983,True,0.9624499061789639,2.5899765593726904,2.7676804025934785,2.95030800734991,2.71416548353154,0.3603314479772197,-0.05351491906193839
984,True,0.28612420138807815,2.5380484853130763,2.7521188319365866,2.430588946211597,2.63344730745766,-0.10745953910147943,-0.11867152447892648
985,True,1.1151831634596454,2.6650252306873194,2.5728076644980673,2.665965557112282,2.2717012880160987,0.0009403264249625565,-0.3011063764819686
986,True,0.3066598086288918,2.268036342147101,2.403688138923184,1.8471594905456865,2.41617983368395,-0.4208768516014143,0.012491694760766059
987,True,0.7099467667851486,2.2531819799785366,2.4600950084702013,2.564898010161613,2.523294686561401,0.31171603018307614,0.06319967809119964
988,True,1.1361422170685551,2.47362228559657,2.63827806324504,2.405952119566389,2.4114027619377483,-0.06767016603018128,-0.22687530130729172
989,True,0.6812319860757643,2.535147643550568,2.2979596225782557,2.4213661055513684,2.130838905320156,-0.11378153799919977,-0.16712071725809974
990,True,0.4944842471613976,2.3316531331225065,2.436101595972549,2.3203358517796513,2.2927654022202097,-0.011317281342855257,-0.1433361937523392
991,True,1.2469201744401124,2.3858819485464906,2.454222718234839,2.448259118388615,2.758567471886269,0.06237716984212449,0.3043447536514301
994,True,0.1821408853606406,2.9582011731794036,2.359661468876415,2.812247241362146,2.253078116118924,-0.14595393181725758,-0.10658335275749087
995,True,0.28159050127224344,3.0740860721359122,2.18744368215504,2.578581320937736,2.304674973016586,-0.49550475119817605,0.11723129086154582
996,True,0.20996999758940155,2.3037888928024635,2.8420678044515406,2.360665282943137,2.4839105904790535,0.05687639014067347,-0.3581572139724871
997,True,0.11946535866103287,2.3993261235813694,2.7283240372067246,2.3658986063610166,2.4722655861336986,-0.033427517220352865,-0.25605845107302594
1000,True,0.974389014896404,2.8483341620849196,2.1587560249829068,2.6984487095874177,2.1986921035797624,-0.14988545249750196,0.03993607859685566
1001,True,0.5984765999507323,2.9524444648460366,2.227853260450517,2.6925062614599433,2.2246694388769312,-0.2599382033860933,-0.0031838215735855435
1002,True,1.1873580378445552,2.783277240394855,2.250068728394757,2.682311665631718,2.0764540440722494,-0.10096557476313706,-0.1736146843225077
1003,True,1.1002413353472893,2.7907428176204268,2.2492079818015944,2.8427799113974683,2.2522514946828207,0.052037093777041576,0.0030435128812262846
1004,True,0.8719650595587072,2.716845148402831,2.4384675069805626,2.782246040671817,2.1824400028009934,0.06540089226898571,-0.2560275041795692
1005,True,0.32338782338767696,2.6400829153267136,2.594384756430703,2.7391613485375412,2.3978210270266214,0.09907843321082765,-0.19656372940408184
1006,True,0.3379000029141281,2.639419383008316,2.7441236541562772,2.228941684263184,2.5523556821953717,-0.41047769874513174,-0.19176797196090556
1007,True,0.4622871753560829,2.800484076905277,2.375754235521848,2.8295261018440874,2.273867524456735,0.029042024938810584,-0.10188671106511293
1009,True,0.5944886925913992,2.5552800368844117,2.7301317998404397,2.489489859304111,2.4766451271819303,-0.06579017758030092,-0.25348667265850944
1010,True,0.4895095038709206,2.8540807362441587,2.091515071186435,2.687175591704792,2.1208518235296405,-0.16690514453936656,0.02933675234320532
1011,True,0.686721412552771,2.869325457036897,2.174327395793927,2.776468328988285,2.332899053902676,-0.09285712804861213,0.15857165810874907
1012,True,0.30031612141688796,2.3529076029032674,2.156895380054397,2.0766431711690383,2.2602030382523157,-0.2762644317342291,0.10330765819791887
1013,True,0.49688998528101264,2.0954778932262683,2.4348934591476485,2.366956619684653,2.958980706498439,0.27147872645838467,0.5240872473507903
1014,True,0.45249102184803774,2.367255381850467,2.7933997319037602,2.4002651232807595,2.6466721340424844,0.03300974143029256,-0.14672759786127587
1015,True,0.8610772100249704,2.337848950060718,2.5940230904716324,2.383220043604241,2.580790387976133,0.04537109354352298,-0.01323270249549946
1016,True,1.2127497050101965,4.15797639913937,2.4930259056215203,2.948218723317522,2.6392680203249537,-1.209757675821848,0.1462421147034334
1018,True,1.3769998898154412,2.4127229248506756,2.399982557728285,2.2053099743768447,2.6951926659804863,-0.2074129504738309,0.2952101082522014
1019,True,0.11091176026819795,2.1007268454989574,2.641092810050415,2.281008603208896,2.540536252704535,0.1802817577099387,-0.1005565573458802
1020,True,1.145342127815961,2.4931710490457726,2.04211594433323,2.2987956317102225,2.0760698541930136,-0.19437541733555008,0.033953909859783415
1021,True,0.27353973398046866,2.1996724299995214,2.4463486967519574,2.091326728778887,2.1444549582982617,-0.10834570122063436,-0.3018937384536957
1022,True,0.30344996932379903,2.219484464171804,2.866623976474766,2.13710209120739,2.5941517325509316,-0.08238237296441397,-0.2724722439238345
1023,True,0.20146860225690966,2.504193151196609,2.1388251828048035,2.2700370053948458,2.3016829804649466,-0.23415614580176314,0.16285779766014308
1025,True,0.46041006163652876,2.552181829494129,2.202950537324885,2.35837272724118,2.4347030725316383,-0.19380910225294912,0.23175253520675332
1026,True,0.6953138485519199,2.785851293967429,2.217271586251896,2.4700832689205034,2.2014457861732595,-0.3157680250469257,-0.015825800078636654
1027,True,0.4563209250502959,2.545009273087232,2.3368541679788235,2.5521133202446165,2.1752704810574706,0.007104047157384663,-0.16158368692135294
1028,True,0.1795951163658879,2.677174271354034,2.289112713476556,2.413550120385736,2.2591116896357737,-0.26362415096829794,-0.03000102384078218
1029,True,0.3043722233400568,2.713873157131703,2.377708853791818,2.4286755281422425,2.562117616078153,-0.28519762898946066,0.1844087622863353
1030,True,0.39901482547296346,2.058661632833332,2.891434078169516,2.1688921028776416,2.5200151494810505,0.11023047004430975,-0.3714189286884655
1031,True,0.7397506814499359,2.6553538364782954,2.0925056859182005,2.4313596872124865,2.180812156209012,-0.22399414926580885,0.0883064702908114
1032,True,0.5510133513060643,2.6370758286594644,2.3302680992538174,2.5662567406500854,2.377510609653299,-0.07081908800937908,0.047242510399481574
1033,True,0.4279871521335756,2.8322820443239762,2.2878129487788113,2.5099606717193796,2.2845710606958582,-0.3223213726045966,-0.003241888082953004
1034,True,0.6063792236350293,2.677460803914784,2.3658739461349163,2.467392992102798,2.285627566068672,-0.21006781181198608,-0.08024638006624452
1035,True,0.799413470678958,2.7005965877931493,2.3515859523734193,2.5556056650117207,2.458197378271118,-0.14499092278142856,0.1066114258976989
1036,True,0.2146728576742346,2.2435919934337436,2.393850032123984,2.4048276452141013,2.498312736424125,0.1612356517803577,0.10446270430014115
1037,True,0.4378549084541977,2.4823356271664796,2.2228543073040123,2.6172079670010944,2.5120648519451083,0.13487233983461477,0.28921054464109597
1040,True,1.2060767460719959,2.60150327966351,2.535233028046929,2.6480707371605465,2.577490202901652,0.046567457497036724,0.04225717485472291
1041,True,0.8839880038860042,2.719549151605832,2.547344518905913,2.7863652646494503,2.6236326232209035,0.06681611304361823,0.07628810431499033
1042,True,0.9069702833007595,2.573457088587257,2.635803237914393,2.368540574749565,2.396019883490327,-0.20491651383769183,-0.23978335442406618
1043,True,0.28495178163002477,2.816075497034836,2.589631430860384,2.6115769827512265,2.5106868288358863,-0.20449851428360954,-0.07894460202449771
1044,True,0.5944435618789035,2.482357204956611,2.4820858681560556,2.4683861311488524,2.2959138427451933,-0.01397107380775875,-0.1861720254108623
1045,True,0.6133737697941041,2.3669433901553285,3.035081518789899,2.184913562880921,2.6562153429151785,-0.18202982727440764,-0.3788661758747205
1046,True,0.5002750084498411,2.4655349439421865,3.3555903242946687,2.3892957237585724,2.7754625401626303,-0.07623922018361418,-0.5801277841320385
1048,True,0.743253013454216,2.9144328206187904,2.6537710451921055,2.680740401063296,2.4044280489490633,-0.23369241955549436,-0.24934299624304224
1049,True,2.010223081878452,2.4375838686904703,2.528107107382913,2.477910557805709,2.650268944276033,0.04032668911523851,0.12216183689311988
1050,True,1.0049293264634418,2.52094401750614,2.5875875256500986,2.735357338205559,2.6137269689521894,0.21441332069941899,0.026139443302090726
1051,True,0.9094745905396198,2.6092569757308306,2.5046864858101503,2.856761275351688,2.5684061095998816,0.24750429962085718,0.06371962378973128
1052,True,0.4839799261745955,2.4722226234908535,2.343843962575154,2.785296548647199,2.2657732619061863,0.31307392515634547,-0.0780707006689676
1053,True,0.47100127859493773,2.7252920439651964,2.296341235988241,2.709362890303549,2.276710330927938,-0.015929153661647266,-0.01963090506030296
1054,True,0.8308192731484265,2.279451028581224,2.461976956715883,2.0307151551241747,2.754207030182372,-0.24873587345704928,0.2922300734664889
1055,True,0.47849820546871075,2.873390748158002,2.2008178922618744,2.7460373332345647,2.206088393873872,-0.1273534149234372,0.005270501611997602
1056,True,0.7085431680691763,2.236833723592346,2.559707239002148,2.286202615414697,2.6196851348150605,0.049368891822350935,0.059977895812912685
1057,True,0.3516402783240678,2.8874725133929844,2.179625235814634,2.588114835641185,1.98113908516641,-0.2993576777517992,-0.19848615064822428
1058,True,0.2089595893195723,2.6216692627026776,2.2419397806364025,2.5720645887232303,2.2143233296275864,-0.049604673979447345,-0.027616451008816156
1059,True,0.1587117211402022,2.8152878067082234,2.235930970781522,2.5792475065528317,2.247918975940636,-0.23604030015539168,0.011988005159114135
1060,True,0.6080786326396873,2.1578812458520513,2.859251226772492,2.3758364274187733,2.7282216622325617,0.217955181566722,-0.1310295645399302
1061,True,0.6583080933287304,2.840003773606648,2.119748233163552,2.7865887612895093,2.1991731514676145,-0.05341501231713863,0.07942491830406251
1062,True,0.5009286163580142,2.1955958770912285,2.709512021545577,2.3319162572678294,2.8792502523250736,0.13632038017660086,0.16973823077949657
1063,True,0.1371782354881681,2.677679877300496,2.304359578060681,2.6764579128488086,2.3182758820073595,-0.0012219644516875405,0.013916303946678532
1064,True,0.23924158107999824,2.269072502874247,2.6926604107090815,2.2496773578557883,2.581459173656248,-0.019395145018458848,-0.11120123705283325
1065,True,0.49317662579685645,2.79131360384318,2.1365506429289245,2.3299730816050213,2.0441454519952833,-0.4613405222381588,-0.09240519093364119
1067,True,0.527295838796335,2.699344109853355,2.291513371900762,2.5603517786509333,1.988105350695732,-0.1389923312024215,-0.30340802120502985
1068,True,1.0690277047536396,2.5977800734665744,2.0866346422888697,2.6653242549494798,2.3549846337530527,0.06754418148290542,0.2683499914641829
1069,True,1.217778755116652,2.2480586117136716,2.479041708604355,2.260920698272277,2.5023567101072937,0.012862086558605323,0.02331500150293886
1070,True,0.8008560552637934,2.4460264888181404,2.3089885240078605,2.530853747512685,2.4998244434507795,0.08482725869454466,0.190835919442919
1071,True,0.9278366417142412,2.469697047210447,2.2540459972458415,2.4854767163057474,2.3899838945787897,0.015779669095300264,0.13593789733294814
1072,True,1.0378347426649968,2.2166246505441554,2.5836742097447187,2.5101291491008983,2.419640629920485,0.293504498556743,-0.16403357982423383
1073,True,1.0634610558418978,2.30302732241717,2.3205708996063876,2.4801841564266955,2.5304297142412393,0.17715683400952553,0.20985881463485168
1074,True,0.8003358033281264,2.867414482857335,2.5250083261050844,2.3113392527565053,1.9026823205501227,-0.5560752301008298,-0.6223260055549618
1075,True,0.7705179400824836,2.7194942753019355,2.6320748639428935,2.126296063290811,2.028179110302145,-0.5931982120111248,-0.6038957536407485
1080,True,0.7985270614224246,2.3327802129219117,2.4050356224180964,2.5645041935325428,2.316402272705024,0.23172398061063104,-0.08863334971307246
1081,True,0.4047440686648809,2.42307315747998,2.29786065178026,2.318485516148203,2.30552727929231,-0.104587641331777,0.007666627512049828
1082,True,0.8644222651139787,2.387390222418614,2.501460373981567,2.2640241161509302,2.499623420956645,-0.12336610626768385,-0.001836953024922039
1083,True,0.9512888935554715,2.357718760433483,2.5507702692716174,2.1533423909564404,2.499593488390862,-0.20437636947704263,-0.0511767808807555
1084,True,0.6167585930841184,2.3469263594966074,1.9692187904852017,2.9528546811582177,2.9267303322615836,0.6059283216616103,0.957511541776382
1085,True,1.015990058464239,2.2239115744336595,2.1113440603558673,2.6226402912425866,1.764126797903711,0.3987287168089271,-0.34721726245215634
1086,True,1.0253568782744107,2.7908624349293896,2.2034446130320586,2.283622880096668,2.5861535855834243,-0.5072395548327218,0.3827089725513657
1087,True,1.3656164190781552,2.727367174510979,2.4808193337282747,2.477986325244956,2.37903364937678,-0.24938084926602322,-0.1017856843514946
1088,True,0.8449991836306332,2.2387605072896926,2.7469934465520662,2.4294541920913018,2.3340807771602505,0.1906936848016092,-0.4129126693918157
1089,True,1.0157123097923724,2.830454466477071,2.188603596405708,2.4767395728862973,2.462215007276578,-0.3537148935907739,0.27361141087087004
1090,True,1.0424151044203829,2.166979184233204,2.6288690754390944,2.42596263725186,2.5189139406420775,0.2589834530186561,-0.1099551347970169
1092,True,0.46142534041871625,2.260713620629557,2.588126844592436,2.196010393655276,2.5825264123309566,-0.06470322697428088,-0.005600432261479327
1093,True,0.13004722292127432,2.2598480975499218,2.6429185852954302,2.252750892981734,2.532554223633721,-0.007097204568187632,-0.11036436166170915
1094,True,0.10542748234021926,2.291995498010413,2.6417182813653692,2.374005140555723,2.51846203981418,0.08200964254531007,-0.1232562415511893
1095,True,1.0547815581364317,2.2476810151798676,2.633590172995791,2.303559757250938,2.409604472321962,0.05587874207107024,-0.22398570067382906
1096,True,1.0884912431873686,2.906232291541748,1.8966254396954607,2.7202449965080353,2.197815766077539,-0.18598729503371247,0.3011903263820783
1097,True,0.5009878864559449,2.224566035117861,2.068257591548983,2.804083640316387,2.788842121894138,0.579517605198526,0.720584530345155
1098,True,0.5275159501685367,2.6009256800224034,2.5126165946677976,2.814656024564636,2.6354385453994182,0.2137303445422325,0.12282195073162061
1099,True,0.7902159978086841,2.6679025951109985,2.377993759243283,2.48394743972754,2.7914492564268474,-0.18395515538345864,0.41345549718356445
1100,True,0.8277020697169201,2.760043665560384,2.4220853493838734,2.5665293777280245,2.7143372320520527,-0.1935142878323597,0.29225188266817925
1101,True,1.056765384680141,2.6997046339368316,2.3613441002530737,2.412640508519452,2.425065463601756,-0.2870641254173796,0.06372136334868239
1105,True,1.2757152205859261,2.489888579294262,2.173200494685201,2.465415566305405,2.372744999463912,-0.024473012988857068,0.19954450477871122
1106,True,1.2709166741966778,2.476415888759398,1.945591186709068,2.2830072340851224,2.3718539990366185,-0.19340865467427548,0.4262628123275505
1107,True,1.4622544433144873,2.330374718645051,1.9721323302963216,2.4818683163554427,2.5488332333730663,0.15149359771039173,0.5767009030767447
1108,True,0.7040137907592531,2.429726829583935,2.4226618494953027,2.504240517750841,2.6017440115240005,0.07451368816690618,0.17908216202869776
1109,True,0.296433233572652,2.4887339748554886,2.3820019808975808,2.7583405542981816,2.4174411552246724,0.26960657944269295,0.03543917432709165
1110,True,1.1347025447154113,2.1469147640276733,2.840652441271195,2.2421751946257453,2.3867398472328314,0.09526043059807199,-0.4539125940383637
1111,True,1.1521384391376537,2.3530339144814723,2.1716906512899117,2.113847757339208,2.234863173591842,-0.2391861571422642,0.06317252230193038
1112,True,1.09230870796249,2.5962054393672314,2.056175573461566,2.330954412214233,2.1685823705497103,-0.2652510271529982,0.11240679708814438
1113,True,0.5158922048090707,2.7149111911441963,1.9910838725679036,2.457779005464283,2.223564642576869,-0.25713218567991314,0.2324807700089655
1114,True,0.294129401480145,2.1191306974559168,2.9353081110677293,2.2764859567721913,2.933320959823183,0.1573552593162746,-0.0019871512445464035
1115,True,0.5029209652698985,2.1572014719538832,3.0226293938556212,2.214549304904725,2.706124652256433,0.05734783295084167,-0.3165047415991884
1116,True,1.6079984823492153,2.3518985552527556,2.6615863714333976,2.456754887670726,2.562557017464587,0.10485633241797032,-0.09902935396881052
1117,True,1.176141068306997,2.569014382929765,2.4175933380740444,2.8873791536438373,2.456994591802147,0.31836477071407243,0.03940125372810277
1118,True,0.7195550015504639,2.289253975032041,1.9540550583849987,2.2348598261577837,3.1135205281399703,-0.0543941488742572,1.1594654697549716
1119,True,0.2455935927627938,2.4733863280328854,2.1678620005433924,2.569515038413669,2.202030953128952,0.09612871038078374,0.03416895258555952
1120,True,0.4718870717998996,2.416998918928182,2.1627725262033453,2.1522297925790825,2.0756782815034223,-0.26476912634909944,-0.087094244699923
1121,True,0.7876702163926673,2.9012578305624612,2.2804421350694253,2.8769218408231043,2.3940278759225007,-0.02433598973935691,0.11358574085307538
1122,True,0.2522281221714755,2.5589993054317146,2.3466982652441706,2.568959661859641,2.2472341089510457,0.009960356427926254,-0.09946415629312488
1123,True,0.19587508701459738,2.1113120102438674,2.611545691941843,2.155853066372799,2.488863171850152,0.044541056128931444,-0.12268252009169078
1124,True,0.3815326887568149,2.947693592302294,2.0803259620790198,2.7435719794882365,2.240232723468256,-0.2041216128140575,0.15990676138923643
1125,True,0.37718111990678366,2.474478438823018,2.3217061589701653,2.3307183001029963,2.2675656817435303,-0.14376013872002158,-0.05414047722663495
1126,True,0.5118392587579796,2.5388139546252693,2.2470698187639835,2.7017292682837413,2.3896055700757395,0.162915313658472,0.142535751311756
1127,True,0.17803334187087083,2.684751078927058,2.4578287785157045,2.375531012113502,2.227004409177719,-0.3092200668135563,-0.23082436933798567
1128,True,0.18370729654108975,2.739383537750784,2.5682933725335975,2.6377323945730358,2.482119533173614,-0.10165114317774826,-0.08617383935998335
1129,True,0.8156221382884108,2.4958807354118506,2.4817811254621147,2.448540256777086,2.529012165383156,-0.04734047863476443,0.04723103992104116
1130,True,0.6167132792282994,2.4775291211204764,2.518979162974557,2.6400204626087653,2.3643306540983224,0.16249134148828892,-0.15464850887623438
1131,True,1.4043442829953354,2.386967915201208,2.360972951518081,2.399442579385054,2.6050113122305247,0.012474664183845796,0.24403836071244367
1132,True,0.5891018160557732,2.3641438982007843,2.2400712219480883,2.414371250982541,2.35377784701318,0.05022735278175672,0.11370662506509177
1135,True,0.4291693178165007,2.75319525170301,2.112831759771705,2.3327441582919035,1.9880664282593776,-0.4204510934111063,-0.12476533151232738
1136,True,0.7407291028096263,2.3382939877611624,2.2168219431654856,2.1047202577644373,2.3996990418960875,-0.2335737299967251,0.18287709873060187
1137,True,0.8357210412406,2.3675060365498544,2.525272324978041,2.5042500587964454,2.7024460813947795,0.136744022246591,0.17717375641673838
1138,True,1.1879942266539398,2.3834083867017006,2.4497349437643248,2.79203232185822,2.7353218273991087,0.4086239351565193,0.2855868836347839
1139,True,0.1632402303979496,2.3104213431753093,2.6863979937083045,2.2425714765295663,2.699762753519094,-0.067849866645743,0.01336475981078955
1140,True,0.18805514944422103,2.330966162045258,2.663221458647403,2.2481719614302196,2.666254000724237,-0.08279420061503862,0.0030325420768342326
1141,True,0.14032048427589228,2.294693602618877,2.802355556134874,2.199068483136894,2.6476639885249793,-0.09562511948198305,-0.15469156760989478
1142,True,0.1603326978795981,2.2524959264114113,2.672562808335849,2.16820650494389,2.7090054494913813,-0.08428942146752139,0.03644264115553231
1143,True,1.2196155662419674,2.3879736280997745,2.4982624317313022,2.6319679596047516,2.4544666692481285,0.24399433150497707,-0.04379576248317374
1144,True,0.1549601264197267,2.5832322320883194,2.3866614198289624,2.5406974268979767,2.323423128165423,-0.042534805190342695,-0.06323829166353923
1145,True,1.1473290582830236,2.2038227904484513,2.5256419259071543,2.2795686332264706,2.609939286036746,0.07574584277801932,0.08429736012959177
1146,True,0.5465831710650735,2.2471691386720316,2.4388650189381127,2.199225403760606,2.3763485322973983,-0.04794373491142556,-0.06251648664071441
1147,True,0.7859348860097033,2.2409254421778515,2.269790630212399,2.4561260611161635,2.2687447931298927,0.215200618938312,-0.0010458370825063845
1148,True,0.9436551346071631,2.2326812081889345,2.6337613048452204,2.3794695447864003,2.64377904995879,0.14678833659746582,0.010017745113569454
1149,True,0.5989361702123325,2.5597745967369865,2.281824818801829,2.4617067636544365,2.285710957627626,-0.09806783308254996,0.0038861388257971363
1150,True,0.21473675401186096,2.3648509592784066,2.654540597052529,2.2672201525588553,2.6735080035962113,-0.09763080671955127,0.01896740654368223
1151,True,1.017957302476594,2.5136584797859873,2.198290268981783,2.522979957851429,2.5149450483783937,0.009321478065441813,0.3166547793966106
1152,True,1.0708703733529956,3.082173002509755,2.272793232918472,2.397040954053768,2.0397655148197797,-0.6851320484559871,-0.23302771809869238
1153,True,1.2041627075806298,2.564397199557822,2.2881310559056707,2.465785204638271,2.1159556530074064,-0.09861199491955075,-0.17217540289826427
1154,True,1.4623869344370986,2.683847956367871,2.072899554464712,2.6617334206567342,2.5291636835699265,-0.022114535711136973,0.4562641291052145
1155,True,0.8473045990596221,2.639754566526972,2.3654437560212673,2.4446976916461467,2.5528716827418094,-0.19505687488082524,0.1874279267205421
1156,True,0.4985988683381117,2.5444604330781018,2.520604388653642,2.588996355077774,2.379804788857481,0.04453592199967238,-0.14079959979616063
1158,True,0.15203170896792348,2.728382112681433,2.584649938405586,2.5271792180357924,2.3628699220278717,-0.20120289464564056,-0.22178001637771416
1160,True,0.1769130062879032,2.7770732461532233,2.6581176800510544,2.515015052341834,2.474232703781114,-0.2620581938113893,-0.18388497626994038
1161,True,0.4191352453476235,2.6860298657498207,2.2479563553147557,2.700388548854775,2.478479891865173,0.014358683104954473,0.23052353655041724
1162,True,0.36622974291070104,2.3268006194988002,2.5277483619221277,2.1015704482434083,2.576836521899478,-0.2252301712553919,0.049088159977350276
1163,True,0.8068535560764217,2.563918768409015,2.3111624265291266,2.922457370487036,2.184135079385888,0.358538602078021,-0.1270273471432386
1164,True,0.5672590424955282,2.5429947236673534,2.2961694245198894,2.8332253030396295,2.3278177304181273,0.29023057937227614,0.03164830589823797
1165,True,0.2150753866431684,2.521564796351662,1.983761142930267,2.557231543980521,2.1536384093531113,0.0356667476288588,0.1698772664228443
1166,True,0.23271892891262186,2.0495457916572635,2.465514566109882,2.1984889976656694,2.643769516804746,0.14894320600840594,0.17825495069486408
1167,True,1.4838116887939485,2.2934005887764135,2.522180640913731,3.111971987849666,3.2822318481132617,0.8185713990732526,0.7600512071995307
1168,True,0.7334476647630392,2.321132024594896,2.4369093439436766,2.6905628686655882,3.3823001535147648,0.3694308440706924,0.9453908095710881
1169,True,0.7464833142901753,2.778096505415174,2.1733838569843114,2.7564740902888967,2.394911210758762,-0.02162241512627716,0.22152735377445065
1170,True,1.1319898691685302,2.1919335460045315,2.676924444226994,2.514455311646242,2.857797999759605,0.32252176564171053,0.18087355553261109
1171,True,0.12736591250416462,2.493993859435103,2.301092398905355,2.491693810129367,2.3718066944243157,-0.0023000493057363514,0.07071429551896058
1172,True,0.641645626009546,2.9198685584457396,2.2201703294116872,2.738957821994344,2.658217939667476,-0.18091073645139577,0.43804761025578864
1173,True,1.0262931309582375,2.1433564687657536,2.3536436750281466,2.510299504555582,2.4518359161389656,0.36694303578982845,0.09819224111081892
1174,True,0.782111469921828,2.3362201506279328,2.1257055883870652,2.607371514750823,2.157421442353116,0.2711513641228902,0.03171585396605092
1175,True,0.5869801016977932,2.297554807072075,2.158985558775232,2.4505759184538642,2.383850966118688,0.15302111138178942,0.22486540734345617
1176,True,0.9765779850182911,2.5039344211260803,1.9988960980251074,2.5806309311189772,2.197396726748495,0.0766965099928969,0.1985006287233877
1177,True,0.5373188718324798,3.0773134203067456,2.7126867744544336,2.7811179785997933,2.3092544946319795,-0.29619544170695233,-0.4034322798224541
1178,True,0.2817513999541841,2.917738822375985,3.0128075879650864,2.5779142662206596,2.511615487231674,-0.3398245561553255,-0.5011921007334124
1179,True,0.5445774879851836,2.107294435004278,2.7538894297883494,2.1285817737265815,2.6869518338444403,0.021287338722303595,-0.06693759594390913
1181,True,0.9341103807122346,2.3740574623416344,2.198333428167802,2.611574473070603,3.403456353903484,0.2375170107289688,1.2051229257356821
1182,True,1.0358847027903366,2.194385960103646,2.4139878689421783,3.0239360679043794,2.5227278841385172,0.8295501078007335,0.10874001519633891
1183,True,0.9041144626111862,2.1713735990381755,2.670222601619573,1.894660433784904,2.346736134416479,-0.2767131652532715,-0.32348646720309393
1184,True,1.2397881625265794,2.3862445730896904,2.4663230103942184,2.0591723747882305,2.470855590988676,-0.32707219830145995,0.0045325805944576025
1185,True,0.3852708813102344,2.471812908191071,2.0142062052083944,2.3517906450288044,2.232982371521325,-0.12002226316226672,0.21877616631293062
1186,True,0.3035648996133112,2.658208278935268,1.971595254051906,2.5823511138640693,2.2407084151412917,-0.07585716507119855,0.26911316108938577
1187,True,0.287821264603717,2.823549816613831,2.2168868188069504,2.5415127288945456,2.3559699841808257,-0.2820370877192855,0.13908316537387533
1188,True,0.48812057228098266,2.6029897793498926,2.249396087330997,2.331738729026475,2.5434930414894,-0.2712510503234178,0.2940969541584031
1189,True,0.9357225752605365,2.6297698819668613,2.2337300736212513,2.103671141631695,2.462018207639009,-0.5260987403351662,0.22828813401775783
1190,True,0.5911443883804087,2.551184600945216,2.2436992526851722,2.423780340524281,2.0283228644012765,-0.1274042604209349,-0.21537638828389571
1191,True,0.9502511016880331,2.462130375487862,2.441407079554739,2.3248419804098512,2.3379717296344706,-0.1372883950780106,-0.10343534992026848
1192,True,0.6093288396042115,2.4020601896288944,2.445450957410514,2.459200913378368,2.379169575774707,0.057140723749473654,-0.06628138163580699
1193,True,1.128709268022027,2.561449141208937,2.2810701845186614,2.3896773818114028,2.354901716250171,-0.1717717593975343,0.07383153173150969
1194,True,0.5619050281276343,2.9014179526914075,2.318630870276681,2.759069403723473,2.2724953700857125,-0.14234854896793436,-0.04613550019096868
1195,True,1.1622784364114709,2.350096927767023,2.5065892259801963,2.258490356521807,2.1914551966353315,-0.0916065712452161,-0.3151340293448648
1196,True,0.6595926948578238,2.6541071968931473,2.153628687517883,2.34944644478758,2.5866788294819285,-0.3046607521055673,0.43305014196404557
1197,True,1.0526764090486354,2.0207892843391666,2.7880943435615664,2.1181094730303722,2.218053868295132,0.09732018869120562,-0.5700404752664343
1198,True,0.9726170662795065,2.3095523608916078,2.557739043256759,2.221537765163131,2.2334897299146017,-0.08801459572847659,-0.3242493133421571
1199,True,0.18254866740491615,2.316814021431155,2.6440566787608772,2.277786304274174,2.5826097317306775,-0.039027717156980835,-0.061446947030199706
1200,True,0.9583667258219802,2.3594385173172028,2.435899999035264,2.4545067656492616,2.375910255227878,0.09506824833205885,-0.059989743807385754
1201,True,0.3232471318725206,2.3383968285558376,2.5169427461307103,2.4676948333898583,2.5715714713382942,0.12929800483402065,0.054628725207583884
1202,True,0.47595480559779063,2.2186521563102226,2.9831940669356394,2.16125412874516,2.8936738977421075,-0.05739802756506274,-0.0895201691935319
1203,True,0.8755290300187071,2.6602732211936426,2.2713803986562886,2.541853530553442,2.474733987864352,-0.11841969064020041,0.20335358920806357
1204,True,0.4782001222793664,2.8341371587310307,2.2395824644339397,2.5017340531689216,2.1793933235178087,-0.33240310556210906,-0.060189140916131034
1205,True,0.5752637318665186,2.43284815820881,2.468295999368795,2.4734947750438043,2.572800220831964,0.040646616834994376,0.10450422146316862
1206,True,0.6383073983115938,2.3563856329132546,2.53644618099813,2.4206074748971593,2.4252775418990713,0.06422184198390468,-0.11116863909905872
1207,True,0.6697773956521353,2.5592343256138155,2.33938984062084,2.3015708931773102,2.384952772378313,-0.25766343243650525,0.045562931757472835
1208,True,0.2591768625379447,2.633387790698514,2.2657903116572813,2.5468174846953597,2.3293944519801704,-0.0865703060031544,0.06360414032288908
1209,True,0.8219853745801201,2.610401187116647,2.6489147200315832,2.665675590335966,2.584583105746263,0.05527440321931909,-0.06433161428532008
1210,True,0.1995066413107219,2.673851003945433,2.727278512950227,2.491272272594266,2.429994982666631,-0.18257873135116665,-0.2972835302835959
1211,True,0.6889092551439521,2.5825412993793537,2.6518338774704575,2.5508388299110547,2.51823842776533,-0.03170246946829902,-0.1335954497051275
1212,True,0.4793411114104746,2.573413873437384,2.615571670916322,2.576966405350679,2.604008608982121,0.003552531913294743,-0.011563061934201091
1213,True,0.2662563311566824,3.025281391011421,2.3210299186998857,2.752111749121027,2.2340574559386335,-0.27316964189039394,-0.08697246276125226
1214,True,1.149946904583508,2.695537353590189,2.357294441430684,2.4111390725972237,2.482424693624562,-0.28439828099296527,0.1251302521938782
1215,True,0.7779282425108881,2.4815591339720275,2.4625638186654166,2.4971799941165633,2.238027610551309,0.015620860144535786,-0.2245362081141078
1216,True,0.47210635185592265,2.7010862776853317,2.3776572024158575,2.5396908192110708,2.5905825455400953,-0.16139545847426096,0.21292534312423772
1217,True,1.1474983895081592,2.490433863586825,2.099081751457051,2.4544058447661015,2.472509701681067,-0.036028018820723595,0.3734279502240163
1218,True,1.149479605732505,1.8928919513273863,3.0242719715495165,2.650532658540166,2.4985962465794667,0.7576407072127798,-0.5256757249700499
1219,True,0.9844133543578875,2.6094172323528486,2.9804511974699404,2.2138282518454315,2.7981865645573025,-0.3955889805074171,-0.18226463291263784
1220,True,1.0206789247386447,2.7369453940113604,2.815382775876133,2.338069965230724,2.6575945487423396,-0.3988754287806362,-0.1577882271337936
1221,True,0.28414112811180003,2.68800209114502,2.2667439452659846,2.6430272988522083,2.297730532104015,-0.04497479229281165,0.030986586838030572
1222,True,0.2691253276745551,2.6177007546509206,2.457678966016514,2.30387033983599,2.476677916703341,-0.3138304148149307,0.018998950686826888
1223,True,0.8994090698931593,2.580816739910062,2.280379383216749,2.3950057325087974,2.123280780361608,-0.18581100740126466,-0.15709860285514088
1224,True,0.9671900289550751,2.4549093300364477,2.385329534173423,2.594786495198786,2.300665900074585,0.13987716516233828,-0.08466363409883781
1225,True,0.20213784223169803,2.48588136478795,2.6326890569339936,2.573770433903148,2.7548416499047637,0.08788906911519812,0.12215259297077008
1227,True,0.8237599437950427,2.822740336021009,2.5515548671349397,2.5990471655193175,2.576055262162285,-0.22369317050169135,0.024500395027345245
1228,True,0.5288711069904156,2.314820196840351,2.525820597766199,2.368714424000074,2.550841000973992,0.05389422715972314,0.025020403207792974
1229,True,1.0558295087309497,2.3387827736239206,3.0062622755341892,2.2431644989188824,2.4775854728426627,-0.09561827470503825,-0.5286768026915265
1230,True,1.148408447410069,2.561564827639543,2.3032580706468826,2.0183818971686205,2.3469037121418084,-0.5431829304709224,0.04364564149492578
1231,True,0.9322386982085961,2.2201043531780207,2.7228126289188537,2.4175239524250838,2.531608273447138,0.1974195992470631,-0.19120435547171555
1232,True,1.258742937329731,2.3386261881925465,2.508138474825503,2.331572772106631,2.393758328522326,-0.007053416085915476,-0.11438014630317728
1233,True,1.5277834529259373,2.5528283261903844,2.3621833192832433,2.442825811650311,2.477822329903014,-0.11000251454007337,0.11563901061977067
1234,True,0.3001604646197787,2.6621237651356484,2.569958531182945,2.886425024902085,2.5535794075148712,0.22430125976643644,-0.016379123668073703
1235,True,0.8019494258252032,2.6498747212274014,2.4932798207982994,2.721614471234491,2.5074128526331676,0.07173975000708976,0.014133031834868248
1236,True,0.719448746694354,2.3288914239611946,2.1936446876830353,2.233304573769328,2.4257980312901157,-0.09558685019186663,0.2321533436070804
1237,True,1.1818507517668857,2.3090951109254894,2.177974935806195,2.3221898574601947,2.028341421792939,0.013094746534705326,-0.14963351401325609
1238,True,0.8015192438415037,2.356212546376069,2.390522451871138,2.416728155577288,2.290810058930683,0.0605156092012189,-0.09971239294045509
1239,True,0.5407357566834243,2.4429271463144375,2.3033625432614815,2.373688216757626,2.372662900921873,-0.06923892955681143,0.06930035766039166
1240,True,0.2288945423797797,2.700210933019863,2.2256093056284607,2.828079513708375,2.485483750192304,0.12786858068851226,0.25987444456384345
1241,True,0.812888572387814,2.48055821820412,2.3276695653163486,2.3930776036436847,2.373646757555344,-0.08748061456043521,0.045977192238995546
1242,True,1.5055197046395334,2.0807989120047137,2.3800801344492584,2.268103234397632,2.3458076781923105,0.18730432239291828,-0.03427245625694786
1243,True,0.26153251608909067,2.2301059757329917,2.3063770790354297,2.166888123238715,2.4734740730860714,-0.0632178524942768,0.1670969940506417
1244,True,0.4477035693969734,2.45627461512348,2.112804010550908,2.4706915806352683,2.3699841736695206,0.01441696551178806,0.2571801631186128
1245,True,1.1301287131578008,2.414716462879234,2.64544646351046,2.3955358090170558,2.6392955598077683,-0.019180653862178154,-0.006150903702691668
1246,True,1.2955316850435106,2.3737345155893066,2.401553491013681,2.663125560721837,2.256446822863991,0.28939104513253033,-0.14510666814968998
1247,True,1.2685262498485155,2.0535332868010685,2.337742168460842,2.5538296104168734,2.5462148729683047,0.5002963236158049,0.20847270450746258
1248,True,0.6655421583358364,2.0772034491113285,2.2620844444228867,2.0542625761260416,2.2683771330153637,-0.02294087298528691,0.006292688592477003
1249,True,1.5356503850106793,3.1170100957969322,2.157914402032666,2.8594225784392204,2.8813814094711585,-0.2575875173577118,0.7234670074384923
1250,True,0.9411823292193503,2.0683947636996183,3.1980391330313642,2.497242083009775,2.9416913445487447,0.42884731931015674,-0.2563477884826195
1251,True,0.7556203918882214,2.8359885426778435,2.84000665224573,2.3687609377450904,2.5025682641997995,-0.46722760493275306,-0.3374383880459306
1252,True,0.8104015652831508,2.32529144829202,2.2439291808120863,2.4674352366443175,2.193443977334958,0.14214378835229757,-0.05048520347712815
1254,True,1.07044235780698,2.1481350941921695,2.777489364552095,2.1941275188637053,2.768358895622098,0.04599242467153575,-0.009130468929996916
1256,True,1.141698311759894,2.3913258787961125,2.4888979766555313,2.5065328873523685,2.440082260970929,0.11520700855625599,-0.04881571568460208
1257,True,0.2841561776735044,2.362875509331797,2.595833270782236,2.5288033076666916,2.4659171464114524,0.16592779833489457,-0.1299161243707836
1258,True,0.17042046961730886,2.1685258363459723,2.3192666311573578,2.37203335358696,2.445566197109782,0.20350751724098792,0.12629956595242442
1259,True,0.596921188567265,2.3159844545894517,2.3269828799112378,2.4455243356895875,2.506400819881369,0.1295398811001358,0.17941793997013145
1260,True,0.35976041026945105,2.5305799250962218,1.9506769315804193,2.455245645055093,2.1021220113240333,-0.07533428004112874,0.151445079743614
1261,True,1.0151165341561557,2.2246755409946863,2.907745162337993,2.2729100070081967,2.5355337341589443,0.048234466013510335,-0.37221142817904873
1262,True,0.6833941585596629,2.253245267253434,2.4709193792999398,2.2394787582053555,2.2678006834598583,-0.013766509048078746,-0.20311869584008146
1263,True,1.0983487635391742,2.30767112890897,2.629145222957454,2.386502957018281,2.3843158171435683,0.078831828109311,-0.2448294058138858
1264,True,1.284390988440845,2.2144258563112924,2.3637775573433304,2.30980037721055,2.2768688717117636,0.09537452089925758,-0.08690868563156684
1265,True,0.4725422181000396,2.3340933123592125,2.6695906194958057,2.2448558591375085,2.7119652930708757,-0.08923745322170396,0.042374673575070076
1266,True,0.5895479724614363,2.383204055174462,2.454886297163272,2.1889568975706215,2.7010728772012054,-0.19424715760384048,0.24618658003793348
1267,True,0.9948775081528658,2.307699523009874,2.281345173839329,2.8987819837980227,2.347448438418616,0.5910824607881486,0.06610326457928695
1268,True,0.8539840931183548,2.197247510454842,2.389588021500777,2.687961695409739,2.692767227725969,0.49071418495489727,0.3031792062251921
1269,True,0.7682507192960099,3.3720055057191116,2.2158592552100416,2.3913842627996864,2.4499779776263297,-0.9806212429194252,0.23411872241628817
1271,True,1.0296153277296445,2.721623148159936,2.5503108170966144,2.57869520127079,2.729156738876131,-0.142927946889146,0.17884592177951664
1272,True,0.922283379924308,2.7717838459916027,2.4166724436091873,2.5613624828776187,2.590007123838465,-0.21042136311398396,0.1733346802292779
1273,True,0.25009740581020995,2.5662889526123123,2.7210066216383963,2.2726567877508472,2.4211327310122837,-0.29363216486146504,-0.2998738906261127
1274,True,0.23340514406135546,2.7186738297559714,2.472933340266171,2.9636867578954766,2.59543450798166,0.24501292813950526,0.1225011677154888
1275,True,0.4276364227747344,2.010159981145779,2.7118759357500117,2.036695742716128,2.6339965163927226,0.02653576157034898,-0.07787941935728915
1276,True,0.7774992462112055,2.104362110569377,2.4675088825169404,2.2019297428199205,2.291474672368429,0.09756763225054366,-0.1760342101485115
1277,True,1.223647531804403,2.0544038785740257,2.7390589737718316,2.0936571820909458,2.5899988788287147,0.039253303516920024,-0.1490600949431169
1278,True,0.3883204714072385,2.2817682109714825,2.115919546910988,2.205754566315573,2.4340007582032506,-0.07601364465590965,0.31808121129226263
1279,True,0.726374132932925,2.5055530279760596,2.3027311192798865,2.6925866665862395,2.5864720570959205,0.18703363861017985,0.28374093781603404
1280,True,0.6879216998708781,2.44168547911069,2.353499636243864,2.3702064546290056,2.5792629562805343,-0.0714790244816843,0.2257633200366702
1281,True,0.8934673599971208,2.7942120143969036,2.3846123255154077,2.5938717700813587,2.2291773597939666,-0.20034024431554487,-0.1554349657214411
1282,True,0.13305664333210168,2.591749235651474,2.4035804591067884,2.3782017665717516,2.4017537800478217,-0.21354746907972233,-0.0018266790589667181
1283,True,1.6524617337632899,2.652732350765904,2.7867120671859875,2.0543212505297217,2.1219919590556886,-0.5984111002361825,-0.6647201081302989
1285,True,0.887668129801834,2.790312103349731,2.7793039575584393,2.734940639119796,2.540856889261967,-0.055371464229935,-0.23844706829647233
1287,True,0.5955768593295572,2.424509983357462,2.251404311402108,2.5443640046099927,2.146070607840525,0.11985402125253053,-0.10533370356158311
1288,True,1.1644807065320373,2.355514464442959,2.1392427200296837,2.5510171205411383,2.13203617585162,0.19550265609817918,-0.007206544178063545
1289,True,0.4661676865456282,2.178436361016773,2.401280208930228,1.707339913476224,2.524685580357483,-0.471096447540549,0.12340537142725472
1290,True,0.6310968260356964,2.018048113648433,2.833474281619651,2.048916387547574,2.4534861140350888,0.03086827389914104,-0.3799881675845622
1291,True,0.7235340609954015,2.4085700857770362,2.281489044045577,2.5451429979953972,2.450618712817439,0.136572912218361,0.16912966877186175
1292,True,0.38927777046307865,2.7527242175161684,2.367415121751992,3.1341335668750623,2.4731294124398344,0.3814093493588939,0.10571429068784255
1293,True,0.46625694902807197,2.695247546961132,2.375950795134445,2.3135733009029558,2.2670355681572354,-0.38167424605817635,-0.10891522697720957
1294,True,0.6517207194068878,2.595472100004159,2.3658047829227162,2.7073707019891087,2.602984035701333,0.1118986019849495,0.23717925277861696
1295,True,0.6550362522749048,2.712854314186444,2.3688981619943057,2.8098039200823246,2.3581048836092933,0.09694960589588053,-0.010793278385012428
1296,True,0.12310439089330685,2.396157898177831,2.557055775476945,2.4738780932942106,2.5588358325603853,0.07772019511637973,0.0017800570834403118
1297,True,0.4297277004642061,3.1571719507495946,2.3977177525513715,2.774069402046748,2.5420321705220412,-0.38310254870284677,0.14431441797066968
1298,True,0.2080791125804684,2.5263102020337884,2.02628117972309,2.472102743019796,2.321711575462809,-0.05420745901399249,0.29543039573971885
1299,True,0.6908731880270943,2.599428345502141,2.026280045551453,2.4054609639040083,2.1056106833662294,-0.19396738159813287,0.07933063781477623
1300,True,0.6755110010768506,2.140698924043267,2.3510624511909506,2.1262182308961135,2.1852135608724836,-0.014480693147153278,-0.16584889031846695
1301,True,0.3636658277503196,2.2061817378901494,2.1396479267860866,2.0810918653718775,2.297065497524396,-0.12508987251827186,0.1574175707383092
1302,True,0.6261542963290342,2.666369253891891,2.5319691937501925,2.7243443920563717,2.210712499084854,0.05797513816448063,-0.32125669466533857
1303,True,0.47437712291415113,2.5629055218833177,2.7680143941280364,2.5172017738766987,2.640363945185398,-0.045703748006618916,-0.12765044894263822
1305,True,0.5458560951656724,2.688709108122335,2.56212205099601,2.8966704396030285,2.60231311621488,0.20796133148069362,0.04019106521886995
1306,True,1.1767103319359795,2.5945599718256656,2.0447184241357053,2.5891359490677583,1.9834630917397984,-0.00542402275790721,-0.06125533239590686
1308,True,0.13269612868403483,2.463803316216617,2.2028515970668567,2.410748151749162,2.252076074640686,-0.05305516446745484,0.049224477573829084
1309,True,0.3999373506715643,2.4583308764688288,2.246493918865573,2.609355677169941,2.3887075002130334,0.15102480070111213,0.14221358134746032
1311,True,0.4329003501599845,2.195819378455341,2.450590835818987,2.3616056010049604,2.54214325288525,0.1657862225496194,0.09155241706626294
1312,True,1.4564043062181946,2.11390807626538,2.6007603693727726,2.202072814037038,2.77872759889738,0.0881647377716579,0.17796722952460753
1313,True,1.0924696380764847,2.275593294022462,2.4372407720617177,2.2077864087839205,2.5934195865079372,-0.06780688523854161,0.1561788144462195
1314,True,0.6129904123647281,2.9763475249036357,2.1484141431763106,2.7101472479998208,2.149123222879972,-0.266200276903815,0.0007090797036615193
1315,True,1.0165536323935571,2.3488122337258037,2.7456210882603593,2.891354408201976,2.5755860587872035,0.5425421744761723,-0.17003502947315585
1316,True,0.1266491343074808,2.295132432497088,2.5978612342271092,2.3459583120228285,2.6323249013752084,0.05082587952574036,0.03446366714809912
1317,True,0.7786529856219824,2.1222711049486587,3.1509898114243406,2.3784266163009944,2.8190109253296627,0.2561555113523357,-0.33197888609467796
1320,True,0.8539151857094002,2.458601240258371,1.9357836687243746,2.2717817644531793,2.0363633903036558,-0.18681947580519154,0.10057972157928119
1321,True,0.537105257089933,2.088200710348505,2.2219018334075877,2.424395194139355,2.692066484085785,0.33619448379084993,0.4701646506781971
1322,True,0.765026973305425,2.3473808434295442,2.3271938152418676,2.4991799377895942,2.323380039763835,0.15179909436005,-0.0038137754780325217
1323,True,0.8578305197251552,2.403061244204983,2.3226729566170095,2.6001904410563856,2.247037241247461,0.19712919685140262,-0.0756357153695486
1324,True,1.3203796816011824,2.524992661375474,2.221432062566848,2.3640836792076545,2.251547121699877,-0.16090898216781957,0.030115059133028588
1325,True,0.7837829933236949,2.396350445698625,2.1945385625456666,2.369739814384904,2.4649647010184546,-0.0266106313137211,0.27042613847278796
1326,True,1.0937599984145805,2.9776620875109385,2.3489155458849513,2.383327755079649,2.2627985828749764,-0.5943343324312895,-0.08611696300997496
1327,True,0.7552119220393032,2.576110082061712,3.0104222750637497,2.390475935137813,2.309633347067235,-0.18563414692389912,-0.7007889279965145
1328,True,0.2012596886266479,2.3087766931429297,2.671707925297973,2.3038216661760083,2.6590790486036706,-0.004955026966921405,-0.012628876694302349
1329,True,1.242033773032239,2.291744752672077,2.712976871648559,2.221153767666255,2.645087180584224,-0.07059098500582195,-0.06788969106433473
1330,True,0.5511920718430856,2.2929882215353836,2.713565839039105,2.2645629567592067,2.529177271484346,-0.028425264776176906,-0.18438856755475896
1331,True,0.26560498875104976,2.209812505598608,2.765964550893594,2.222919425679213,2.8310175479812907,0.013106920080604656,0.06505299708769652
1332,True,0.820133917508726,2.944272320574304,2.5430994326805236,2.472971267000286,2.6004867331768873,-0.4713010535740181,0.05738730049636365
1333,True,0.9361042808598212,2.8056507040791803,2.72584938193584,2.2839207848487213,2.473649664359527,-0.521729919230459,-0.2521997175763131
1334,True,0.3877592033436499,2.228360363338928,2.960721119930075,2.5106944899818058,2.9414215021752663,0.2823341266428776,-0.019299617754808818
1335,True,0.49757363505786717,2.6068251831298546,3.2859159333890453,2.4017648600079484,2.727063503186715,-0.20506032312190614,-0.5588524302023301
1336,True,0.2993300073070476,2.005736470476618,2.730205040175554,2.0143038152974837,2.6222187657848077,0.008567344820865852,-0.10798627439074648
1337,True,0.8095677550371704,2.162637387751354,2.332111804738358,2.2043521555491083,2.402892827139821,0.041714767797754515,0.07078102240146311
1339,True,0.3963764979968448,2.4263842332573793,2.1033361641211803,2.393959587528996,2.1234279942397385,-0.03242464572838344,0.020091830118558196
1341,True,0.6723981026326806,2.421183207813898,1.9538668562878077,2.6981198139113465,2.887571688203948,0.2769366060974483,0.9337048319161403
1342,True,1.5060447129740557,2.2337330727058684,2.0784638425048434,2.6883205574793343,2.3157146474628516,0.4545874847734659,0.2372508049580082
1343,True,0.5768684070683731,2.4939731863233816,2.156826963550855,2.5973089911955025,2.2745460958958383,0.1033358048721209,0.11771913234498355
1345,True,0.5553324264617769,2.321924512489586,2.5179386953816016,2.6260629107487126,2.350402285167584,0.3041383982591266,-0.16753641021401755
1346,True,0.7796925194456678,2.49297464812621,2.339801696255476,2.46945987533914,2.2030161326994406,-0.023514772787069926,-0.13678556355603533
1347,True,0.5051580800806748,2.206103853788393,2.100433774176182,2.5063905649285787,2.198065740672922,0.3002867111401857,0.09763196649673977
1349,True,1.0277212605259827,2.415860445348613,2.6975799568131436,2.2098942008327005,2.3594605169974767,-0.2059662445159125,-0.33811943981566683
1352,True,0.4014290292890402,2.560191405520298,2.4942578476372486,2.223590644436606,2.37475637737453,-0.33660076108369186,-0.11950147026271862
1353,True,0.38605309236375346,2.546054745424772,2.7307351116137206,2.1975583258630476,2.274780450292731,-0.3484964195617244,-0.4559546613209897
1354,True,0.4713449500950165,1.9885420240216196,2.626488768698622,2.0405727414439307,2.3656314000777887,0.052030717422311135,-0.2608573686208331
1355,True,0.5955964366500942,2.8235618129766524,2.822393749479332,2.511902202436432,2.7476046291106004,-0.3116596105402203,-0.07478912036873142
1357,True,0.4505682756548344,2.6239158760524317,2.1969707838294075,2.619902009051865,2.1928237715427565,-0.004013867000566496,-0.004147012286650931
1358,True,0.3950337783084413,2.7696041952777293,2.2127873199880734,2.7672049266033767,2.6019459955519832,-0.0023992686743525837,0.3891586755639098
1359,True,0.46694653727713403,2.1932433496764556,2.442321416194028,2.149996596773353,2.449883645912393,-0.043246752903102426,0.007562229718365288
1360,True,0.3870162141430938,2.166309885981228,2.378062416275065,2.2859806742074613,2.5060780696789955,0.11967078822623334,0.1280156534039305
1361,True,0.23835181923120916,2.806182174040025,2.2303383176998057,2.8035535858087317,2.0607049944048277,-0.002628588231293083,-0.16963332329497804
1362,True,0.39903565838446725,2.7104215381006695,2.299393807267472,2.506872204304799,2.207590657505825,-0.2035493337958707,-0.09180314976164672
1363,True,1.2887885872059615,2.6462299879073248,2.3380642976830215,2.7049232973956947,2.3752191842482664,0.05869330948836993,0.037154886565244905
1364,True,0.231421365475572,2.715268422274306,2.2946867364631713,2.470295405772557,2.3330207807720016,-0.24497301650174919,0.03833404430883025
1365,True,0.48237878714167953,2.487824823897374,2.343462832519432,2.3855896004321444,2.3566370486158874,-0.10223522346522973,0.013174216096455194
1366,True,0.9571274256988839,2.266996767708326,2.5618571985378105,2.1820336768120696,2.410264762264511,-0.08496309089625642,-0.15159243627329966
1367,True,0.9184165406504289,2.159814338895823,2.7310270152453637,2.3047760804331947,2.676925598420883,0.14496174153737185,-0.054101416824480886
1368,True,0.1634161829752459,2.2869828639716565,2.539167843861449,2.2404953569965285,2.445879216703474,-0.046487506975128046,-0.09328862715797515
1369,True,1.245878662479076,2.2989042332815868,2.3255944634867016,2.316010747970311,2.1026272851156955,0.01710651468872415,-0.2229671783710061
1370,True,1.070667440366,2.265018569239555,2.345991786302757,2.5964866226048615,2.778484391340178,0.3314680533653065,0.4324926050374214
1371,True,0.9660745925163993,2.455948608521766,2.518715911828883,2.404265396059678,2.7657892231131784,-0.05168321246208807,0.24707331128429555
1372,True,1.046799162258169,2.494047129787246,2.4164401273153864,2.6156118253932483,2.5651047854600404,0.12156469560600236,0.14866465814465402
1373,True,0.45392454174623126,2.207509263581922,2.8006426242025237,2.4242781914831886,2.6510137886346423,0.21676892790126656,-0.14962883556788142
1374,True,0.6618002540118054,2.6819735975210497,2.29476474513184,2.9118534641119904,2.353302437042464,0.22987986659094073,0.058537691910623746
1375,True,0.2672934785835808,2.489566058593345,2.452940648955861,2.2264784803083093,2.865201836959833,-0.2630875782850355,0.41226118800397193
1376,True,0.934498635505347,2.3745301969652863,1.9160483137436801,2.7137390711794676,2.2594937131468193,0.3392088742141812,0.34344539940313923
1378,True,0.261180018206104,2.625023141345615,2.293420663441402,2.660707232063122,2.0949913879462607,0.03568409071750711,-0.19842927549514133
1379,True,1.02529580509239,2.4486025848430364,2.769140808662499,2.6946636635045937,2.4375553169159057,0.24606107866155735,-0.33158549174659324
1381,True,0.8581998609108195,2.528901331032905,2.6835938409901003,2.445705977830532,2.5002192133573007,-0.08319535320237303,-0.18337462763279966
1382,True,0.5360622582326146,2.5743785692473438,2.3215004357527054,2.5698945488033162,2.3380631825727036,-0.004484020444027514,0.016562746819998253
1383,True,0.36355066927173374,2.4662944027224323,2.4193344934712933,2.7335584547838008,2.5240606152030107,0.2672640520613685,0.10472612173171747
1384,True,0.41918901342976467,2.2442940424552216,2.6954064963377973,2.557586255674088,2.5496870317003615,0.31329221321886624,-0.1457194646374358
1385,True,0.347977426948371,2.4413878189873888,2.4322548111988596,2.7465976654561186,2.4410572368459533,0.30520984646872984,0.00880242564709377
1386,True,1.3790733716232504,2.596598200203489,2.3066056312252425,2.453104516282582,2.6805513034495347,-0.1434936839209069,0.3739456722242922
1388,True,0.812488179104671,2.47836609089537,2.5989000862672658,2.5553255476345864,2.5968630660889693,0.07695945673921623,-0.0020370201782964337
1389,True,0.13222716285845712,2.482678346524173,2.5847342780835327,2.347729651895635,2.4991334297754095,-0.13494869462853787,-0.0856008483081232
1390,True,0.2757365740632328,2.1997786779128488,2.634832123399895,2.3162201182897104,2.819379825587535,0.11644144037686166,0.18454770218763983
1391,True,0.24957985392001641,2.206628450306032,2.5600794259944357,2.397545165236726,2.430223129950211,0.1909167149306943,-0.12985629604422488
1392,True,1.1211883984395015,2.5884624885441165,2.207583556266897,2.6776090378098516,2.399350082701981,0.08914654926573506,0.19176652643508385
1393,True,0.6107055215443545,2.642084395888973,2.2015532845243606,2.5204393121045383,2.467267160412305,-0.1216450837844345,0.26571387588794426
1396,True,0.5086246655863028,2.096998535097247,2.090247969069699,2.339727987407938,2.394409799476063,0.24272945231069087,0.30416183040636424
1397,True,0.2039842007509733,2.595948801112996,1.8571891770630153,2.6947807965155532,2.1067407219973706,0.09883199540255738,0.24955154493435527
1398,True,0.2622007513563658,2.4854832139847574,2.5317002841766243,2.34026940547237,2.4660553523850592,-0.1452138085123873,-0.06564493179156505
1399,True,0.41547057329169745,2.4667222653553846,2.6110143374175485,2.4527918545194574,2.475792304972491,-0.013930410835927276,-0.13522203244505748
1400,True,0.21496102854268234,2.4651898805163066,2.559014204356826,2.4256059243422046,2.3651231893136138,-0.03958395617410204,-0.19389101504321227
1401,True,0.6029021748517729,2.525644142906914,2.492545299668594,2.636955314359536,2.473207266329492,0.11131117145262204,-0.019338033339102
1402,True,0.23810022672689543,2.566507084833393,2.3682079517643717,2.397558860404057,2.266409133993243,-0.16894822442933588,-0.10179881777112865
1403,True,0.5966504740051797,2.50136322074584,2.348942145072969,2.4508050571193944,2.2867781931868687,-0.050558163626445385,-0.06216395188610013
1404,True,0.5355987427371296,2.535910277454627,2.4405356817100623,2.445163471419856,2.4970676562810628,-0.09074680603477114,0.056531974571000454
1405,True,0.44046277286212815,2.783036706549161,2.3917463311354745,2.5987914106811267,2.3516740879752027,-0.1842452958680343,-0.0400722431602718
1406,True,0.6731919367396602,2.41145472920393,2.5049432530298965,2.826562365462506,2.4069708088961113,0.41510763625857594,-0.09797244413378525
1407,True,1.2080879246571312,2.834793866968108,2.19996077985495,2.3758607239207015,2.533446027700215,-0.4589331430474064,0.33348524784526523
1408,True,0.892820196729939,2.6598190186928137,2.352665042159636,2.67877257391907,2.6308612847923016,0.018953555226256302,0.27819624263266585
1409,True,0.7621123734955914,2.590918589130118,2.404523702295321,2.4635125150520345,2.1827868984603147,-0.12740607407808335,-0.2217368038350065
1410,True,0.6458441435604413,2.276463673968904,2.520794324870635,2.471672249866879,2.4850654192395014,0.19520857589797513,-0.0357289056311334
1412,True,1.358296522200816,2.4320378628837176,2.3775072503780086,2.5539871611278704,2.560588207134251,0.12194929824415279,0.18308095675624259
1413,True,0.29287148779037425,2.303069609673142,2.6439205707622913,2.290595858097408,2.24543424203627,-0.012473751575734049,-0.3984863287260212
1414,True,0.7690226361942648,2.3007628623132805,2.8386195102197123,2.328662396214831,2.781227208224815,0.027899533901550644,-0.0573923019948972
1415,True,0.314361008160376,2.1497025406785935,2.676699653696694,2.2956148313310316,2.724220678877172,0.14591229065243816,0.047521025180478293
1416,True,0.4290597892951344,2.4077382701199066,2.391851318142497,2.5740400956024363,2.4483714936853436,0.1663018254825297,0.056520175542846385
1417,True,0.7004280794928074,2.2820282145495043,2.2488961431333374,2.2330355188605933,2.345957939231648,-0.04899269568891107,0.09706179609831045
1418,True,1.4468745783187489,2.187488768794025,2.234788257061505,2.4951683480825495,2.4401357517935347,0.3076795792885245,0.20534749473202973
1420,True,0.3737061896497781,2.7184090462069905,2.596435665773369,2.8533143413858206,2.3437608782245682,0.1349052951788301,-0.2526747875488007
1423,True,0.7491277015461552,2.013186508548078,2.2633193317338143,2.1535104654672566,2.5051544808975352,0.14032395691917854,0.24183514916372095
1424,True,0.5300205796452202,2.2495393532232324,1.9907772464291429,2.3627878621977474,2.385167532097693,0.113248508974515,0.39439028566855017
1426,True,0.14505785943492952,2.777038752016255,2.764598836974363,2.4089251392313957,2.384817556196071,-0.36811361278485943,-0.3797812807782921
1427,True,0.45276241113946303,2.1566041005710805,2.907655654939216,2.2641427689377274,2.7427141011725955,0.10753866836664683,-0.16494155376662034
1428,True,0.326409474059393,2.2045669498112326,2.73473473415613,2.294562396921252,2.6392242116436413,0.08999544711001928,-0.09551052251248882
1429,True,1.0219780672039158,2.468963128299003,2.0917756161930945,2.460286749372723,2.1893635889694063,-0.008676378926280037,0.09758797277631182
1430,True,0.811285681385503,2.1571424618925845,2.2470236171656053,2.1334370895892385,2.573054769445843,-0.023705372303346017,0.3260311522802377
1431,True,0.7112799612067832,2.2488275394302693,2.415116393778983,2.48248056051261,2.181516037755854,0.23365302108234065,-0.23360035602312923
1432,True,1.026968027057307,2.74925323469847,1.8828787098748554,2.642948654072568,2.0716197780444654,-0.10630458062590176,0.18874106816961
1433,True,1.8590724874561488,2.041968355974206,2.1434039453635423,2.5377822577209024,2.645805586111534,0.4958139017466965,0.5024016407479919
1434,True,0.847378981306324,2.386402426938927,2.302860440973356,2.3380345662568804,2.369857417884249,-0.04836786068204635,0.06699697691089312
1435,True,1.2940907749475257,2.358265367786246,2.3538428819698227,2.491176685448465,2.612919551668401,0.13291131766221875,0.25907666969857823
1437,True,1.3000033384024863,2.6039399268224295,2.157453216781305,2.5266159191095903,2.612826929744295,-0.0773240077128392,0.4553737129629898
1438,True,0.7646227853561188,2.397869292476135,2.4715661581070414,2.3053581413233823,2.6233638308189358,-0.09251115115275255,0.15179767271189437
1439,True,0.8135694609374522,2.5119694622944757,2.2883091518848584,2.257718830075614,2.4933683568973515,-0.25425063221886157,0.20505920501249308
1440,True,0.4361782834727578,2.4437485089304913,2.3349454176489863,2.3296581933573433,2.52158035657026,-0.11409031557314808,0.1866349389212738
1441,True,0.8330860043311051,2.6558596988169385,2.2897107849682676,2.582210862977112,2.505302451215422,-0.07364883583982662,0.2155916662471542
1442,True,0.936205890591414,2.8648879681760677,2.3378765115377673,2.4794634045966477,2.507757090529105,-0.38542456357942,0.16988057899133757
1445,True,0.20181510171823458,2.546253569737311,2.6134766951514985,2.428796354906273,2.5803458542933737,-0.11745721483103821,-0.03313084085812479
1446,True,0.9533633136021089,2.484982581266919,2.2779509374435616,2.615290153168287,2.674946886857382,0.13030757190136777,0.39699594941382044
1447,True,1.2146865030484528,2.2351946829079568,2.4143294433858857,2.3773434702198584,2.4912793421071835,0.14214878731190161,0.07694989872129776
1448,True,0.9487803184146679,2.595184756004859,2.18163470610916,2.785818982774724,2.296567445867201,0.1906342267698653,0.11493273975804108
1449,True,0.9154067591303356,2.1960530854694746,2.499787547832815,2.211169817443699,2.3352511276389523,0.015116731974224251,-0.16453642019386283
1450,True,0.7357349654068095,2.2632898449160237,2.432751863158263,2.1685254391913413,2.7944595234467076,-0.09476440572468237,0.36170766028844437
1451,True,0.5295384822097801,2.4993476282822287,2.357805501117512,2.5432437933847396,2.5769535738045417,0.04389616510251093,0.21914807268702985
1452,True,0.4448674953769512,2.3467001745216622,2.504574140367979,2.5905642690838615,2.699454400207012,0.24386409456219926,0.19488025983903334
1453,True,1.793994561248168,2.247017871691278,2.486069109699085,2.4700285644595286,2.6829721048980364,0.2230106927682507,0.19690299519895138
1454,True,1.015721465859796,2.133561337716823,2.3400711958613565,2.1355641726684307,2.7717166084235596,0.0020028349516074684,0.4316454125622031
1455,True,0.27468108205606395,2.0075758687033476,2.9209996924683166,2.028588776891216,2.6497921950290744,0.021012908187868273,-0.2712074974392422
1456,True,0.6478648133462117,2.8111620577618788,2.143201276152102,2.3750038224474506,2.3682939927882685,-0.4361582353144282,0.22509271663616648
1457,True,0.43787350300735545,2.5758026345587894,2.1846889266209044,2.658038537188278,2.112503903449885,0.08223590262948877,-0.07218502317101949
1458,True,0.6286146007957042,1.9387447124879542,2.984144992556494,2.398647612652388,2.4787306735736743,0.4599029001644337,-0.5054143189828197
1459,True,1.0718356432203349,2.8675012265908446,1.9827789545988226,2.347198276260018,2.0723169747437287,-0.5203029503308265,0.08953802014490608
1460,True,1.1978509726774798,2.3933304394922152,2.0750590285097914,2.4254125629694427,2.1309088103177944,0.0320821234772275,0.05584978180800304
1461,True,1.0342944714472981,2.3613027638784487,2.1185068872439383,2.5452795480750243,2.2998299971165257,0.1839767841965756,0.18132310987258737
1462,True,0.2524402564341765,2.853184889960691,2.223241972503218,2.805595410123313,2.1379380421076286,-0.04758947983737816,-0.08530393039558959
1463,True,0.9563333761823106,2.8927049986301747,2.0956898828786668,2.926436783445356,2.48441608268925,0.03373178481518124,0.3887261998105833
1464,True,0.16956399409628642,2.354288653054251,2.345184320858384,2.306255531580358,2.39774358389299,-0.04803312147389294,0.05255926303460612
1465,True,0.8661819842794827,2.2683402980373115,2.511011073193426,2.5014392186973082,2.5092627076808838,0.2330989206599967,-0.0017483655125420938
1466,True,0.745953223035752,2.2889374331772374,2.846204914689032,2.1295196779222305,2.8599004838778916,-0.1594177552550069,0.013695569188859835
1468,True,0.2867427104695503,2.7039299418439082,2.5025909123746133,2.4135424952024356,2.16292407316993,-0.29038744664147265,-0.3396668392046833
1469,True,0.25339249876736564,2.504133252844185,2.733935679034896,2.1555461270012293,2.6061602084670468,-0.3485871258429558,-0.12777547056784933
1470,True,1.0502456218495793,2.1693824960112496,2.2503869598138,2.2839540320317306,2.0041722032806963,0.11457153602048109,-0.24621475653310387
1471,True,1.1851343827945509,2.104258512255564,2.3698327308483185,2.353135261354944,2.2436572721968924,0.24887674909937996,-0.1261754586514261
1472,True,0.19441239129374926,2.643839296969466,2.0587801628148648,2.451483395593982,2.1468193493058516,-0.19235590137548408,0.08803918649098685
1473,True,0.20636959718189174,2.040668198630047,2.430696614964525,2.261443298965729,2.6030944521538206,0.22077510033568215,0.1723978371892958
1474,True,1.7669396276833582,2.6659241652192587,2.190299556818656,2.4703863631679157,2.426892029280248,-0.19553780205134297,0.23659247246159198
1475,True,1.4767755573033472,2.5087144505104604,2.283415427687218,2.582414085078727,2.3230903822946707,0.07369963456826678,0.03967495460745285
1476,True,0.42144235260322893,2.325694409375402,2.4112069183087543,2.5387560352357608,2.4991220130715903,0.21306162586035882,0.08791509476283599
1477,True,1.0768131313190457,2.4254997845804893,2.391507680167471,3.5480889816873256,2.351197367597412,1.1225891971068362,-0.040310312570059015
1478,True,0.6847155928820411,2.458677475778391,2.390195699979397,2.3748843692445325,2.7988393243589385,-0.08379310653385863,0.4086436243795415
1479,True,1.1081735574043015,2.279834457784161,2.2814323311682947,2.825017286755074,2.2867427035134495,0.5451828289709129,0.005310372345154857
1480,True,0.2989048916525724,2.62669219829808,2.167934796920793,2.545187933546165,2.518232544992817,-0.08150426475191486,0.35029774807202374
1481,True,0.42954431796131104,2.7390680338027384,2.3887983250161575,2.556240917196382,2.3444329116280977,-0.18282711660635664,-0.04436541338805977
1482,True,0.9493648886957763,2.7988024430638188,2.4204717202438037,2.160822692584701,2.561983076212839,-0.6379797504791176,0.14151135596903508
1484,True,0.4521899812606513,2.983804399721939,2.5244128142203683,2.4104286797553254,2.359134683420597,-0.5733757199666134,-0.16527813079977127
1487,True,1.0038622449931778,2.4463232411927907,2.4937610023015435,2.4839171759960115,2.4193152370619253,0.03759393480322082,-0.07444576523961821
1490,True,1.0669255313117034,2.3591151524459337,2.8489506856560367,2.3907779098395987,2.493866498932932,0.031662757393664975,-0.3550841867231047
1491,True,0.5317182126463809,2.4852680254853805,2.540555146282009,2.5607728186641237,2.1352212253548815,0.07550479317874315,-0.4053339209271276
1492,True,0.20823669020903182,2.4047303585641364,2.391283890193718,2.1276286240105438,2.2882645115447207,-0.27710173455359266,-0.10301937864899724
1493,True,0.4965370303267824,2.235944497611692,2.5919216899050017,2.1189192648152027,2.5445361318696187,-0.11702523279648913,-0.047385558035383024
1494,True,0.43804490025654086,2.398205110827679,2.409551590835938,2.466139003080321,2.2044730685703557,0.06793389225264201,-0.2050785222655822
1495,True,0.47155319254891614,2.7617503121571287,2.2643294385976613,2.6902105804063,2.4215547407812195,-0.07153973175082884,0.15722530218355812
1496,True,0.3205203104020039,2.4699128174492313,2.6610692073112263,2.4184059740386847,2.5525819473125635,-0.051506843410546566,-0.10848725999866282
1497,True,0.1455200955770297,2.6048818894145658,2.4688057491426902,2.7953274591532202,2.7838650232611855,0.19044556973865445,0.3150592741184952
1498,True,0.0973742064720887,2.194436231016978,2.3626836072991235,2.3020701067778107,2.3852721322316666,0.10763387576083261,0.02258852493254304
1499,True,0.23592555392344805,2.1615995509344463,2.498460775917845,2.4453413852822266,2.562950113944671,0.2837418343477802,0.06448933802682566
1500,True,0.14519999118101357,2.4629565721506337,2.176311789634013,2.4636649692508925,2.3282363316231454,0.0007083971002588285,0.1519245419891324
1501,True,0.17487611897842179,2.6065745382397947,2.1628674629065925,2.5928833818008474,2.165426460917341,-0.01369115643894725,0.0025589980107483257
1504,True,0.2980224210156116,2.1157458734451073,2.4265163488837245,2.2008989790767317,2.2767898005843668,0.08515310563162437,-0.14972654829935772
1505,True,0.8211868221718925,1.9388876762205696,2.813747743597496,2.484833780591772,2.029245521755069,0.5459461043712026,-0.7845022218424269
1506,True,0.2523006343764533,2.011251388663287,2.662681539313329,2.146526804279649,2.5162861336074243,0.1352754156163618,-0.14639540570590492
1507,True,0.37994041996018363,2.6444327957806,2.0098315362985026,2.3873097485774655,2.1562865064656878,-0.2571230472031347,0.14645497016718512
1508,True,0.6220122027425592,2.3060632981338567,2.5986384888244847,2.6532435046493568,2.8259874839137202,0.3471802065155001,0.22734899508923556
1509,True,0.19391156418226072,2.0471669663952667,2.605448933869171,2.282359506943856,2.5635380258919507,0.23519254054858907,-0.04191090797722019
1510,True,0.7996316349481697,1.9015278816257204,2.525134756760518,2.050083762440208,2.567246066943331,0.14855588081448778,0.042111310182813
1511,True,0.8295237911695257,2.3221272838929394,1.9670375378472065,2.329104996309312,2.005857407088051,0.006977712416372572,0.03881986924084457
1512,True,0.4164382841292541,2.159380288091933,2.6594963030619163,2.0238306236851935,2.4476855241227375,-0.13554966440673955,-0.21181077893917877
1513,True,0.7433308094544564,2.520963925049305,2.2215584643893576,2.6379604681399225,2.6097839863877623,0.11699654309061724,0.38822552199840477
1514,True,0.3363039959099758,2.636737626992872,2.280028616750237,2.3804514994000616,2.1128023085073533,-0.25628612759281033,-0.16722630824288354
1515,True,1.201547300495925,2.2127866508997203,2.4868534685823365,2.312042050784977,2.3543841302253545,0.09925539988525678,-0.13246933835698194
1516,True,0.6428190776468081,2.4907564585282116,2.0886012771469815,2.4110159276638967,2.322420621590327,-0.07974053086431487,0.2338193444433454
1517,True,0.1713753042551962,2.544473568048998,2.12119841931395,2.4446975407090754,2.069767009458069,-0.09977602733992263,-0.051431409855880794
1518,True,0.9331300258587476,2.0783838009616993,2.5227804175948405,2.2933031196466374,2.6602391104605614,0.21491931868493808,0.13745869286572088
1519,True,0.9190721271485032,2.2476477814372964,2.2394875416934115,2.280199451871919,2.693362535335709,0.032551670434622704,0.45387499364229766
1520,True,1.0035042020949414,3.0234042914569,3.349600074173035,2.322005946525116,2.890092812627823,-0.7013983449317842,-0.45950726154521204
1521,True,0.4218222896573733,2.746106204683279,2.6277338768414125,2.437786972487342,2.455218683445326,-0.3083192321959367,-0.17251519339608645
1523,True,0.2752886006025612,2.6293695741374967,2.7947906795858612,2.3035260512703126,2.5809289298921034,-0.3258435228671841,-0.21386174969375782
1524,True,0.9562667294371653,2.0017589895139727,2.45206926657874,2.4119272512167527,2.9698960155658654,0.41016826170278,0.5178267489871256
1526,True,0.33520695904087966,2.4030656618161728,2.411052826816534,2.393659952509128,2.52118701743881,-0.009405709307044763,0.1101341906222757
1527,True,0.1873411257095761,2.3897358691495594,2.429944526897682,2.4462527225830533,2.430768180764262,0.056516853433493885,0.0008236538665800097
1528,True,0.3464008556925254,2.715757662568588,2.646725878307007,2.8639051814340855,2.573639864034593,0.14814751886549749,-0.0730860142724139
1529,True,1.2124676266909522,2.5108602553109165,2.493419526393423,2.294703722343693,2.524317376906874,-0.21615653296722348,0.030897850513451175
1530,True,0.5968888979543617,2.1905958185388745,2.7767313343029785,2.6322404950074376,2.6549439080519197,0.4416446764685631,-0.12178742625105876
1531,True,0.2269653304878265,3.05453997179608,2.331200486723525,2.5985467839550243,2.46585059960189,-0.4559931878410559,0.13465011287836504
1534,True,0.4293001967305198,2.3676934402282743,2.584020130920036,2.5761436313668535,2.727345079531558,0.2084501911385792,0.143324948611522
1535,True,0.8876518978527627,2.7069815653047957,2.227562378498075,2.6545699446497917,2.3266336221309105,-0.05241162065500404,0.09907124363283559
1536,True,0.4362482971459239,2.409102470776202,2.477525523440677,2.5231616756153383,2.532087936609035,0.11405920483913645,0.05456241316835797
1537,True,0.441486769789165,2.385378636715773,2.750282547248555,2.290349077561104,2.7804807980960775,-0.09502955915466904,0.0301982508475227
1538,True,0.5795296573946189,2.410996787140124,2.2652805131373905,2.342684842437625,2.4400019908754174,-0.0683119447024989,0.17472147773802682
1539,True,0.5624896806039575,2.2492560527650025,2.630961840297194,2.2728806922482754,2.2802125135243423,0.02362463948327287,-0.35074932677285187
1540,True,0.7864975421821596,2.045796833534552,2.5869705159123866,2.1501647652431193,2.242182384767573,0.10436793170856706,-0.34478813114481355
1541,True,1.52821272566047,2.1737066088596224,2.3018084546938304,2.521962592363535,2.199090790459548,0.3482559835039125,-0.10271766423428241
1542,True,0.6684935443530238,2.3717666295190174,2.6057349078906706,2.316051268213422,2.669551162721554,-0.0557153613055954,0.06381625483088316
1543,True,0.5848486191294904,2.4474284722949515,2.7269907860680425,2.4181739136703957,2.6815249764747673,-0.029254558624555838,-0.045465809593275175
1544,True,0.728328747555275,2.2610319547277524,3.1459535105751324,2.241126160065292,2.697886181157018,-0.01990579466246034,-0.44806732941811456
1545,True,0.22329380921347952,2.3818966337563854,2.582253821625597,2.40177459028465,2.4534981097310835,0.01987795652826474,-0.1287557118945135
1546,True,0.8963388275343982,2.2104464850568086,2.1586802839003276,2.3613993990066566,2.6394761297657157,0.150952913949848,0.48079584586538804
1547,True,0.5069527415295731,2.121232842782706,2.216169436595496,2.5515656279261174,2.299183237583512,0.43033278514341156,0.08301380098801614
1549,True,0.6452239457019234,2.880117348789802,2.5040988351700495,2.688807584869732,2.744646605808114,-0.19130976392007026,0.24054777063806432
1550,True,0.9841269555846082,2.7652145627600038,2.573114857074981,2.5684294668014536,2.2526086923034367,-0.1967850959585502,-0.32050616477154437
1551,True,0.22684917863425177,3.0402371685445857,2.7276920282355928,2.6536597891547817,2.317186169536449,-0.38657737938980397,-0.4105058586991439
1552,True,0.7193688619352626,2.251132966597042,2.81902859641402,2.453169477545324,2.7958405888650018,0.202036510948282,-0.023188007549018064
1553,True,0.4184551420119298,2.314843530457296,2.6033806831502764,2.552232260558,2.363167101245488,0.23738873010070405,-0.2402135819047886
1554,True,1.167323730879565,2.142537263409904,2.6610566639213076,2.207744409701449,2.7487221360468577,0.06520714629154511,0.08766547212555009
1555,True,0.8414758130138141,2.574176477497221,2.168419404866134,2.5928911756977,2.2011649347711315,0.018714698200478885,0.03274552990499746
1556,True,0.657881536555012,2.081086823248852,2.4182441674901236,2.3227782203893255,2.835649211088882,0.24169139714047327,0.4174050435987584
1557,True,0.6841072766713202,2.030366184977478,2.63962855381207,2.1422958935508887,2.680326346431904,0.11192970857341056,0.04069779261983397
1558,True,1.0925714131133277,2.843379528413328,2.2192750963546635,2.5017686250301003,2.240775084899866,-0.3416109033832275,0.02149998854520252
1559,True,1.168633914942592,2.461380577338661,2.361456525473209,2.340624673340431,2.4528725537275675,-0.12075590399823,0.09141602825435857
1560,True,0.7280301575674234,2.64841469383101,2.2112714795565016,2.260768757793685,2.321584761339978,-0.387645936037325,0.11031328178347621
1561,True,0.48813979119375694,2.3352349223365088,2.518846880161634,2.345551696353333,2.310722975254498,0.010316774016824404,-0.20812390490713595
1562,True,0.7576087131891688,2.351487573452175,2.2739768918350953,2.5210611338372977,2.32378435017258,0.1695735603851225,0.04980745833748479
1563,True,0.4469540813963203,2.6254196517128454,2.1217883420360284,2.6147814219020296,2.239822171336153,-0.010638229810815858,0.11803382930012463
1564,True,0.667791694579159,2.382261823519825,2.5613188243559217,2.389083707736713,2.4535558275566096,0.006821884216888119,-0.10776299679931212
1565,True,0.802226463661821,2.3946937289766304,2.5423354532791302,1.986792653542387,2.261383443944215,-0.40790107543424337,-0.28095200933491515
1566,True,1.164163138120743,2.27501375857378,2.5041376322798232,2.310449851545582,2.323319497898212,0.035436092971801614,-0.1808181343816111
1567,True,0.6350764129449371,2.3221957716997075,2.5242059372008456,2.3447035483109584,2.5012607247188368,0.022507776611250918,-0.02294521248200887
1568,True,0.21060536995419554,2.7390725851828024,2.0290629858138955,2.535198690043248,2.0451344993584164,-0.20387389513955423,0.016071513544520855
1569,True,0.4605425643019914,2.114498815819011,2.251740275120557,2.3765948265975,2.5334860157178682,0.2620960107784893,0.2817457405973114
1570,True,0.8295509530502296,2.033848687218398,2.886623500389339,2.191026488835313,2.6198525617845365,0.15717780161691497,-0.2667709386048025
1571,True,0.699216731919585,2.4707237027842672,2.2176595403713346,2.6541890505414267,2.4591666853838925,0.1834653477571595,0.24150714501255788
1572,True,0.2527537226524752,2.388327095541982,2.781886554642371,2.4706113709031614,2.674676526681124,0.08228427536117922,-0.1072100279612469
1573,True,1.0223768704571952,2.415678366049587,2.388526124914693,2.323034142547414,2.542342038709583,-0.09264422350217272,0.15381591379489024
1574,True,0.6087666649046677,2.272439808883835,2.7623385687493123,2.4900428840710758,2.5298370694574386,0.21760307518724087,-0.2325014992918737
1575,True,0.9913409985005075,2.7074315625514895,2.342060608801574,2.2392716108525113,2.5175567385548634,-0.4681599516989783,0.17549612975328932
1576,True,0.7098574321153994,2.446832715123778,2.3908385037471684,2.2556650771302467,2.2342505102716212,-0.19116763799353143,-0.1565879934755472
1577,True,1.0270167622964306,2.4651351149582044,2.3597546374782272,2.387105217801888,2.0988022028152153,-0.07802989715631625,-0.2609524346630119
1578,True,1.4094621751817262,2.441514687750209,2.319260207781783,2.583775065297674,2.4528116611146484,0.14226037754746512,0.13355145333286522
1579,True,0.2637311033698754,2.770385697876742,2.2366904837504897,2.6297684749021157,2.095652899798295,-0.1406172229746261,-0.1410375839521949
1580,True,1.0061750340950955,2.5660381965590457,2.4157974326089513,2.2224302942918146,2.3683120707985257,-0.34360790226723115,-0.04748536181042562
1581,True,0.9801356841000832,2.63676406479609,2.4935605228869018,2.4932703809994217,2.011062372659038,-0.1434936837966685,-0.4824981502278636
1582,True,0.1116281972947933,2.448209444675843,2.2695906013640434,2.443428752731497,2.2715629741862764,-0.004780691944346049,0.0019723728222329484
1583,True,0.18093149328336755,2.6353484777159926,2.252666398271169,2.8996523782996815,2.421418005813329,0.2643039005836889,0.16875160754216
1584,True,1.5244378881616403,2.6443262931794176,1.9397336271251266,2.2487312173510197,2.2910245213923397,-0.3955950758283979,0.35129089426721305
1585,True,0.6647063611423399,2.3440458657842003,2.5332310933864677,2.328447886529136,2.4130740966155595,-0.015597979255064232,-0.12015699677090819
1586,True,0.4884294929663747,2.0258884481876094,2.5226731386368706,2.1857122111886094,2.668638137014646,0.15982376300099999,0.14596499837777532
1587,True,0.7544496784252286,2.336258164801142,2.5633033588126084,2.1776399439489533,2.204222170527055,-0.15861822085218868,-0.3590811882855536
1588,True,1.0727018396860204,2.4239448400695918,2.172900673477736,2.4220989207319756,2.5105939247777607,-0.001845919337616131,0.3376932513000246
1589,True,1.7924991233371501,2.853594490620558,2.230377728412835,2.68736048980668,2.5546946541905946,-0.16623400081387807,0.3243169257777594
1590,True,0.9737204907441466,2.484474578255934,2.764283276276149,2.4876814421159317,2.6672340083530357,0.0032068638599977994,-0.09704926792311319
1591,True,0.4551268678606264,2.299409568693668,2.347992001051111,2.341629896536385,2.3506446642955203,0.0422203278427169,0.002652663244409492
1592,True,0.8268537993751852,2.480899676548812,2.1516134661690516,2.49389416587593,2.0146040419675524,0.012994489327117886,-0.1370094242014992
1597,True,0.8386978311837493,2.505539917802149,2.678766198345797,2.3960103290566175,2.137285726291644,-0.10952958874553165,-0.5414804720541531
1600,True,0.6768539180311747,2.662143563164842,2.6709717762642122,2.321800094280944,2.4010004814764194,-0.34034346888389777,-0.2699712947877928
1601,True,0.913494763120615,2.9742289421798045,1.9564608191578996,2.328019313314432,2.0952107792814068,-0.6462096288653725,0.13874996012350715
1602,True,1.1906919613438067,2.3298874411653454,2.1199378071537853,2.5007089709286445,2.554349513236785,0.17082152976329912,0.4344117060829995
1603,True,0.6361756021873898,2.3405334768167703,2.281725781639853,2.3940653374296197,2.451948979821766,0.053531860612849425,0.17022319818191312
1604,True,1.1571811766233422,2.17885048752777,2.401071079122815,2.5259049197703383,2.762022523018051,0.3470544322425684,0.36095144389523615
1605,True,0.6052020755781038,2.4928539406471453,2.3208661925669043,2.675459833907061,2.6152386289503298,0.18260589325991594,0.2943724363834255
1606,True,0.5613002759743705,2.336828164007786,2.4280107073281205,2.4101362863641134,2.497050142983316,0.07330812235632722,0.06903943565519555
1607,True,0.6391529086115056,2.4841202713435595,2.3253877427431324,2.532196880497644,2.4319196447861926,0.048076609154084515,0.10653190204306018
1608,True,0.5622203916339815,2.3120564681252924,2.435241726995495,2.5833825738509963,2.6812204231226495,0.2713261057257039,0.24597869612715462
1609,True,1.108592825749511,2.9566308342605097,2.1020335530385807,2.5278307399193083,2.199763982755423,-0.42880009434120137,0.09773042971684243
1611,True,0.8061558831170895,2.3289912159774238,2.9491206940713703,2.1119955483722026,2.738249686850708,-0.21699566760522115,-0.21087100722066232
1612,True,0.8152001272437402,2.347394295873618,2.752081576352707,2.526576006714621,2.467665029255389,0.17918171084100276,-0.2844165470973179
1613,True,0.6614924502437054,2.3784267111054738,2.706828548781766,2.178920280087594,2.6578834529649713,-0.19950643101787957,-0.04894509581679474
1614,True,0.9679471825842292,2.345668771097062,2.743626379483912,1.923311976666552,2.555982051294375,-0.42235679443051,-0.18764432818953702
1615,True,0.282068549419001,2.6309260853737415,2.8946303377460825,2.3585564003930455,2.565802454585115,-0.272369684980696,-0.32882788316096745
1617,True,1.256352877545137,2.6464221388508675,2.8669520796309103,2.5662810096170294,2.55721712172158,-0.0801411292338381,-0.30973495790933026
1619,True,0.2885550053756661,2.220400820887977,2.4379438563880016,2.407051242384964,2.539289916635948,0.1866504214969873,0.10134606024794657
1620,True,1.2284886766248924,2.2716597599772728,2.2977784426267034,2.4471067838478158,2.3766492830390433,0.175447023870543,0.07887084041233994
1623,True,0.9455087622152837,2.492954879836376,2.2364611835889305,2.101677387205991,2.070734512639416,-0.391277492630385,-0.16572667094951443
1624,True,0.778304093614558,2.6460429746510163,2.1699507017902504,2.081678480559618,2.327333848408732,-0.5643644940913983,0.15738314661848163
1625,True,1.6467119578671119,2.207702164264917,2.60994030812967,2.365360212792546,2.6194825634399628,0.1576580485276291,0.009542255310292624
1627,True,0.8240922513271081,2.5922682079213946,2.446321555192612,2.5301364508527993,2.389753052700843,-0.062131757068595306,-0.056568502491769035
1628,True,0.3781950184444663,2.3968748087040344,2.625487455388046,2.1557171875777215,2.4427988709521298,-0.2411576211263129,-0.1826885844359163
1629,True,0.668789596320344,2.5324890196010723,2.0003562359239915,2.251992797003356,2.158713446390002,-0.2804962225977161,0.15835721046601048
1630,True,0.8927398305192293,2.128234822781546,2.121542789787658,2.4274092586881593,2.76930315693118,0.2991744359066133,0.6477603671435217
1631,True,0.9102895587252131,2.334266021472274,2.276293791319565,2.6453187266665994,2.4241665884237413,0.31105270519432526,0.14787279710417645
1632,True,0.8819848198821449,2.1246056693419604,2.4684998024913836,2.3554434233320065,2.8607075324559137,0.23083775399004614,0.3922077299645301
1634,True,0.37731102654873355,2.372718438015771,2.968908917195002,2.2322773006615915,2.689714482677297,-0.14044113735417962,-0.27919443451770487
1635,True,0.37362151376907154,2.185043019507854,2.8021723597773214,2.0851680268987915,2.6181865429546844,-0.0998749926090623,-0.18398581682263693
1636,True,0.8714737629753448,2.341068617704317,2.648024509403189,2.225678121146452,2.668844416938912,-0.11539049655786515,0.020819907535722937
1637,True,0.20481315960095922,2.3212107848276085,2.514539530987731,2.5449748527056215,2.607233118028574,0.22376406787801306,0.09269358704084274
1638,True,0.2517486880972072,2.3116592039052812,2.52980715747268,2.6083256772634815,2.5894935352307793,0.2966664733582003,0.05968637775809915
1639,True,1.5473794715104594,2.381687911398133,2.0822860000729966,2.3855242936870296,2.3813943653660137,0.0038363822888967114,0.2991083652930171
1640,True,0.5743361744655866,2.448678102589232,2.291785185003167,2.5339620023080456,2.444353412315003,0.08528389971881367,0.15256822731183606
1641,True,0.7987374518346361,2.353390880113204,2.385383527946816,2.528938586809296,2.6446557836711,0.17554770669609177,0.25927225572428414
1642,True,0.2653217548954964,2.637980241965432,2.108915017443804,2.355178536018236,2.14031134859604,-0.2828017059471959,0.03139633115223628
1643,True,0.506259754167743,2.4806383134991687,2.0822420991085546,2.582195890717433,2.1349117014064074,0.10155757721826442,0.05266960229785278
1644,True,0.283799736639808,2.2577427736126188,2.1767465558259187,2.4544542239394076,2.2355126779891004,0.19671145032678883,0.05876612216318167
1645,True,0.9083939653962214,2.455896972716893,2.1100018849754614,2.4040525878803067,2.3024630165561835,-0.051844384836586155,0.1924611315807221
1646,True,1.5400144674501628,2.14320584566672,2.0808261211595744,2.2339415861483487,1.5860939683401483,0.09073574048162891,-0.4947321528194262
1647,True,1.1986479936385925,2.24794488070771,1.8807983291676968,1.9129931488123526,2.685557420317987,-0.3349517318953572,0.80475909115029
1648,True,0.6280727082751515,2.3708856103574463,2.5226052915587087,2.4941105930984695,2.6125503437080404,0.12322498274102323,0.08994505214933168
1649,True,0.24647739846673652,2.561040196014112,2.3635952886228218,2.6134763741279547,2.4287093208062176,0.052436178113842935,0.06511403218339584
1650,True,0.29210041217641786,2.972943182908143,2.1220067412004138,2.8385696220431162,2.3139430066017184,-0.13437356086502694,0.1919362654013046
1651,True,0.6725524435940264,1.9397859854117927,2.4348222907226718,2.1345748223006846,2.3017185700797564,0.19478883688889193,-0.1331037206429153
1652,True,0.39758067968270655,1.9954489323708586,2.3242569233413075,2.1904107209251875,2.656641798727296,0.19496178855432889,0.3323848753859884
1653,True,0.8311618999408591,2.2652791073949365,2.305528606133526,2.383511596295894,2.602706463488728,0.11823248890095739,0.29717785735520197
1654,True,0.8119697758726031,2.472777119535847,2.5207099271832134,2.451134705118835,2.54076959320498,-0.021642414417011757,0.020059666021766454
1655,True,0.6075656716531229,2.628788505110292,2.7543987662283027,2.339529286867125,2.8145736800112378,-0.289259218243167,0.06017491378293505
1656,True,0.36785777656697527,2.422191848491775,2.8050877516576906,2.4753410171758152,2.6239774736906565,0.053149168684040404,-0.18111027796703416
1657,True,0.5735156538256839,2.381972631685763,2.595762499863961,2.3254917355243387,2.6688753427751175,-0.056480896161424266,0.0731128429111565
1658,True,0.9081787699512379,3.0095018717555235,2.258698752312933,2.7293300669589233,2.111032375840077,-0.2801718047966002,-0.14766637647285608
1659,True,0.9519525806307853,2.9318292819500935,2.274249693415391,2.9476102043080594,2.686173217201378,0.01578092235796591,0.41192352378598684
1660,True,0.6252532538985485,2.1955987644831647,2.7595376961368006,2.4934077928932923,2.788023221980226,0.2978090284101276,0.028485525843425563
1661,True,0.6905757768638147,2.6400784153695134,2.2858889697227203,2.457777354219865,2.386518480756644,-0.18230106114964828,0.1006295110339237
1662,True,0.9087323646431206,2.302175399508039,2.487895283085685,2.509890126787625,2.734816260924671,0.20771472727958562,0.24692097783898603
1663,True,0.45817743454151855,2.4322998738025703,2.402045101200225,2.6553078007588877,2.46916385647571,0.22300792695631744,0.06711875527548505
1664,True,0.9732533678401556,2.3995490437580145,2.295814673748733,2.360568800120429,2.2333857711799365,-0.038980243637585676,-0.062428902568796296
1665,True,0.5689057107609712,2.740559348618453,2.2443658736489467,2.875037666248218,2.287902135341676,0.13447831762976525,0.04353626169272928
1666,True,0.3495862195227588,2.359269189325372,2.777674196895669,2.492051030583844,2.694085391431756,0.1327818412584718,-0.08358880546391267
1667,True,1.1619485835595071,2.3387235021267476,2.1314436729362565,2.3457310029116725,2.2891192894047703,0.007007500784924847,0.1576756164685138
1668,True,0.9470542124078922,2.30307997394793,3.122152688851075,2.123205313663754,2.7245625291255475,-0.1798746602841761,-0.3975901597255276
1669,True,0.6876566504785092,2.191318682391952,2.9981582603158228,2.4520436287460305,2.56547299405022,0.2607249463540784,-0.43268526626560266
1670,True,0.4111303510335177,2.5430028337380985,2.3223659132229786,2.648729097507331,2.445086526804931,0.10572626376923244,0.12272061358195252
1671,True,1.141512608233094,2.51837715686114,2.3783905130150513,2.387738958906731,2.180124012466493,-0.13063819795440912,-0.19826650054855843
1672,True,0.82539306876865,2.4561978865107754,2.5580046006604444,2.0962308303600534,2.5115736292235193,-0.359967056150722,-0.046430971436925095
1673,True,1.2586411684752583,2.7460290265763763,2.276363004224063,2.4245968940568243,2.491229479022958,-0.32143213251955194,0.2148664747988951
1675,True,0.32400509951996453,2.2110605843576514,2.952001382858755,2.1045730861896907,2.6541066573747556,-0.10648749816796066,-0.2978947254839994
1676,True,0.10662703818152797,2.366150398622201,2.080488262812362,2.2814825982191933,2.1196430062276996,-0.08466780040300748,0.039154743415337645
1677,True,0.11503245066687069,2.42703185049146,2.0585793497701275,2.335629867245236,2.088630132904579,-0.09140198324622384,0.030050783134451642
1678,True,1.0904786479140363,2.5546187382269,2.4153970550822486,2.473109583879776,2.554383311511802,-0.08150915434712402,0.13898625642955365
1680,True,1.4196108684303552,2.344333618515078,2.409556231943965,2.3998963737199155,2.410219868673603,0.055562755204837444,0.0006636367296377621
1681,True,1.138829192460369,2.4736253742432384,2.835787494665283,2.2153373243391172,2.663970426540993,-0.25828804990412113,-0.17181706812428965
1682,True,0.5578263136202191,2.3675152282086804,2.6576117503126753,2.4238098977289866,2.5059627864373804,0.05629466952030615,-0.15164896387529492
1684,True,0.2684372969976976,2.5448462254721798,2.8145075944114986,2.5406559592760685,2.4603782609649683,-0.004190266196111292,-0.3541293334465303
1686,True,0.19598251834407263,1.9267861730352955,2.572233823702659,2.489367402631038,2.488963885051167,0.5625812295957424,-0.08326993865149213
1687,True,1.0366665122415217,2.5307879291042936,2.7358924646630394,2.3216294723062503,2.5273181957541477,-0.20915845679804335,-0.20857426890889164
1688,True,1.4452513415031432,2.4515970355872105,2.5229449319000206,2.2887646418024286,2.3757105483917864,-0.16283239378478198,-0.14723438350823415
1689,True,1.3745317345188899,1.9604711173847984,2.489978126389868,1.888621712161014,2.456409886468665,-0.07184940522378436,-0.03356823992120317
1690,True,1.9411071044705301,2.265862809748198,2.0538837767020803,2.5776220147624436,2.0758780254078033,0.3117592050142455,0.021994248705722974
1692,True,1.1240669457427306,2.7773135693507855,2.166355198161188,2.641574197589574,2.4276709597744093,-0.13573937176121165,0.2613157616132211
1693,True,0.5919008211711937,2.3725918287181216,2.4344598103686166,2.5445898232483364,2.5258441343560767,0.1719979945302148,0.0913843239874601
1694,True,0.9763595888241757,2.4207374780632454,2.384568059796155,2.4254187869271155,2.1095224854592094,0.004681308863870193,-0.27504557433694554
1695,True,0.23803765232961518,2.2420876101526455,2.6763522870690997,2.302568590259582,2.7713552608018337,0.06048098010693659,0.09500297373273403
1696,True,0.6431563911166299,2.2452452796075533,2.6610807216617838,2.273329581158218,2.724664619023964,0.02808430155066466,0.06358389736218006
1697,True,0.9586029989245591,1.9855583894965163,3.055889148987574,2.4469950943757532,2.7767637727566963,0.46143670487923694,-0.27912537623087763
1698,True,0.7437012830430424,2.7241638721266384,2.1180732269447153,2.60923318792725,2.1432405198360263,-0.11493068419938846,0.02516729289131092
1699,True,0.6297269859595537,2.559242819741808,2.2241094227353115,2.6735999205748793,2.5365868004911643,0.11435710083307127,0.3124773777558527
1700,True,1.2035991705737685,2.2250044805348144,2.1206080587887994,3.201115046776826,2.348538315760039,0.9761105662420118,0.2279302569712396
1701,True,1.593019422546043,2.3243848783925607,2.0526030828438313,2.2924983776940824,2.0915559284697602,-0.031886500698478315,0.038952845625928934
1702,True,0.9921618080851069,2.032336128375422,2.120648918609584,2.3083935748623974,2.242907385869064,0.27605744648697517,0.12225846725947997
1703,True,0.2223612116747273,2.5697949986137028,2.6714445434258973,2.3097691328015886,2.5826202279833947,-0.2600258658121142,-0.08882431544250258
1704,True,0.6670523481703844,2.4619391714662653,2.740792983754884,2.3907880978003884,2.605077638225395,-0.07115107366587692,-0.13571534552948927
1706,True,0.9424777360970388,2.834393832426962,2.5994840385930438,2.6266910869529365,2.454328778841376,-0.20770274547402545,-0.14515525975166765
1707,True,0.6637830899326667,2.4548671810507385,2.1364299871748664,2.402496633356226,2.322857136415841,-0.05237054769451266,0.18642714924097437
1708,True,0.7139935909855807,2.129302049334476,2.4693774490547207,2.2039603527436693,2.5255421198487267,0.07465830340919322,0.056164670794006
1710,True,0.9381078171101246,2.659387499801411,2.361475801802763,2.1796877457968606,2.3720738843764964,-0.47969975400455045,0.010598082573733514
1711,True,0.4238657564873447,2.0757718769171145,2.6804242647760073,1.9503842667825744,2.71612686735469,-0.12538761013454014,0.03570260257868263
1715,True,0.4478149583281411,2.3733716379867693,2.804592951374584,2.153339885516915,2.667997505756705,-0.2200317524698545,-0.13659544561787884
1717,True,0.9447773659917487,2.5048257547781643,2.284462851459835,2.504926198850178,2.0490369927702625,0.00010044407201359462,-0.23542585868957255
1718,True,0.19237594580541428,2.485954829416657,2.2831472395358126,2.578222045590915,2.247736614544729,0.0922672161742577,-0.035410624991083495
1719,True,0.7335363473869198,2.5128009817333328,2.3246486344607007,2.3043170260016304,2.2662277985482837,-0.20848395573170242,-0.05842083591241698
1720,True,0.23123624051147995,2.575045673090091,2.2870228685782745,2.615099995203625,2.1825981977938587,0.0400543221135341,-0.10442467078441586
1721,True,1.0517739245399014,2.3635619498756535,2.4195681720092126,2.7079846449980103,2.487628500103663,0.3444226951223568,0.06806032809445028
1722,True,0.5007940717854051,2.4317047191425196,2.270549394485837,2.6168130331815833,2.3446413833819024,0.1851083140390637,0.07409198889606561
1723,True,0.7906165773699841,2.293555180282349,2.4649056493910675,2.337985050845706,2.574031463931628,0.04442987056335701,0.10912581454056047
1724,True,0.3005768920959512,2.3588240208629387,2.370951826482352,2.458634656858965,2.735075179515912,0.09981063599602624,0.3641233530335599
1725,True,0.40941906787581483,2.3692757959342767,2.364519398841972,2.4241902984266726,2.5292879886934583,0.05491450249239582,0.16476858985148635
1726,True,0.5882274696974572,2.0624852875596473,2.5087305555399926,2.088995608661732,2.502351132807105,0.02651032110208451,-0.0063794227328877184
1727,True,0.7576512875019702,2.0513962467792517,2.4274882937925777,1.9884531155081329,2.5478265886062577,-0.06294313127111884,0.12033829481367997
1728,True,1.4655659018910798,1.998748899937158,3.0630442901629746,2.6783721729955676,2.3153291347931506,0.6796232730584095,-0.747715155369824
1729,True,1.0004238054935923,3.1353717675739823,2.0045634144371687,2.5959082470079715,2.259339626684089,-0.5394635205660108,0.25477621224692015
1730,True,0.977800184203105,2.5294724351729942,2.4151816818409335,2.320676276785498,2.341368434503421,-0.20879615838749643,-0.0738132473375126
1731,True,0.19280976371393369,2.4401610086836487,2.614201349131317,2.3196626698962075,2.440306049587428,-0.1204983387874412,-0.17389529954388916
1732,True,0.5043454257633941,2.099415563365195,3.1540304975538835,2.167879771414688,2.820721074921446,0.06846420804949283,-0.33330942263243735
1733,True,0.6999070378731705,2.2938443946571443,2.8878049450404366,2.2858198565525676,2.6682648322619706,-0.008024538104576706,-0.21954011277846597
1734,True,0.7898505225282749,2.2899973301731165,2.682308207402721,2.078461234070532,2.3664886062928767,-0.21153609610258428,-0.3158196011098444
1735,True,0.40248480512620594,2.105830902280618,3.109425073980719,2.0291747933241235,2.810163894441212,-0.07665610895649433,-0.29926117953950726
1736,True,1.4486999211442049,2.3782745037106205,2.4677376122472987,2.3802156451676812,2.3523315925068897,0.0019411414570607022,-0.11540601974040898
1737,True,0.5930065311873562,2.548382742878314,2.33490041301551,2.502767193222334,2.370581666818927,-0.045615549655980026,0.0356812538034168
1738,True,0.17345234788073635,2.1965037579981512,2.402034403188264,2.2618194394966635,2.3955201951096132,0.0653156814985123,-0.006514208078650885
1739,True,0.2044503668828467,2.3955843157568055,2.2111139874054437,2.642381294814584,2.422106512515501,0.24679697905777864,0.21099252511005728
1740,True,0.568284038567721,2.1593907280990163,3.1353230283497107,1.9684545992735012,2.629517183416568,-0.19093612882551514,-0.5058058449331426
1743,True,0.2633161349929804,2.3338969779105505,2.08492770064096,2.4322026777559063,2.420890447167942,0.09830569984535575,0.3359627465269823
1744,True,0.30933642221787766,2.4204765089956974,2.0176458560163626,2.4245436112109844,2.20176392719542,0.004067102215286944,0.18411807117905754
1745,True,0.6899876401698607,2.0407568460745145,2.6531606718779774,2.230913419344193,2.7567321490801384,0.1901565732696784,0.10357147720216098
1746,True,0.49004168704397877,2.0438682546827716,2.464037685040551,2.1551596783730433,2.6594037315744297,0.11129142369027178,0.19536604653387846
1748,True,1.3889237465968216,2.610948384208313,2.2164293169194456,2.7920031046157527,2.334243043417073,0.18105472040743953,0.11781372649762734
1749,True,1.1205043028844621,3.11500100272857,2.165281391459318,2.650737856506373,2.320972067604434,-0.46426314622219733,0.15569067614511578
1750,True,0.2993886275202508,2.665581703324811,2.127973151287393,2.615287852165226,2.1435522810743386,-0.05029385115958496,0.015579129786945423
1751,True,0.9680582113912645,2.658390053716723,2.1066608040688464,2.6410677712661976,2.3146459052779544,-0.01732228245052525,0.20798510120910807
1752,True,0.36036971145274255,2.1270030005855656,2.392586391104823,2.2041018286585583,2.3954830398587674,0.07709882807299273,0.002896648753944575
1753,True,0.6029545497003401,2.4849087918472987,2.154123622473882,2.3722958425670693,1.9389101335930967,-0.11261294928022947,-0.2152134888807853
1754,True,0.7631976984235745,2.133205721912446,2.5657343172082334,2.244945206045127,2.6427106392932997,0.11173948413268109,0.07697632208506633
1755,True,0.8898112456671227,2.151304230344932,2.499521377084021,1.9149177296387958,2.3844159141527723,-0.23638650070613632,-0.11510546293124868
1756,True,0.9193156837030919,2.152094553522219,2.5484710861612694,2.2361445883763866,2.319763142017305,0.08405003485416751,-0.22870794414396434
1757,True,0.389325179266829,2.5641771573157732,2.2770349706800728,2.724489601936297,2.4847240051969557,0.16031244462052374,0.20768903451688292
1758,True,1.1601824120988504,2.475076928360006,2.5097214346815466,2.5703901986410544,2.5512310798522346,0.09531327028104863,0.041509645170688
1759,True,0.35681981666628454,2.5164594740428465,2.568597346471416,2.5702022309625754,2.512532979386539,0.05374275691972885,-0.05606436708487683
1760,True,1.2202812157591494,2.478771402166807,2.1609052608571253,2.257638203492535,2.472848958551654,-0.22113319867427217,0.3119436976945287
1761,True,1.234579781646386,2.44507291674502,2.143684720871985,2.3148300901921504,2.6681397765743085,-0.13024282655286967,0.5244550557023233
1762,True,1.0583207557847232,2.457582799663116,2.631164321797481,2.7336290717580907,2.5439102974307093,0.27604627209497457,-0.08725402436677188
1763,True,0.5375347505909335,2.4688809898210975,2.810612870282921,2.479590592033491,2.7864614926840456,0.010709602212393587,-0.024151377598875534
1764,True,0.8227059065550698,2.2513766515845366,2.8229758101691202,2.278563738717221,2.58298825131397,0.02718708713268425,-0.23998755885515033
1765,True,0.498795701772245,2.2844728924414928,2.4186275481975312,2.3936274569945093,2.4868949522054606,0.10915456455301653,0.06826740400792941
1766,True,0.3652735732751471,2.3077419858814374,2.564285837674888,2.2412433190729204,2.3593713847364093,-0.06649866680851702,-0.20491445293847876
1767,True,0.5422605339959603,2.557817031650231,2.2491289742698175,2.4058163132901482,2.3598572362670587,-0.15200071836008267,0.11072826199724117
1768,True,0.4540434582971445,2.2627992901271643,2.420685522243647,2.2379968755889723,2.656254464120108,-0.024802414538191986,0.2355689418764606
1769,True,0.6695423440023908,2.3519623498049453,2.489340314300156,2.33435444378312,2.4194083202646883,-0.017607906021825492,-0.06993199403546768
1770,True,0.778135786323629,2.1926358916609936,2.2977538403623656,2.6418208486477655,2.6704105029137377,0.44918495698677186,0.3726566625513721
1771,True,0.19992066581022544,2.083877263516256,2.672149364032632,2.2552076536986565,2.569418264090337,0.17133039018240037,-0.10273109994229523
1772,True,0.23548755060277218,1.9634956827810952,2.634749363430988,2.103993314955872,2.4805275272447593,0.14049763217477684,-0.15422183618622887
1773,True,0.29826473271857473,2.4446763070189883,2.05200260063188,2.4634450126905616,1.8915684173357306,0.018768705671573294,-0.16043418329614956
1774,True,1.3424931751044742,2.6548674080827466,2.1012398635091616,2.739349543695912,2.0182241183570273,0.08448213561316553,-0.08301574515213428
1775,True,1.053213796384903,2.485215120266252,2.279011618114309,2.620963344180723,2.232294890542466,0.1357482239144714,-0.0467167275718432
1776,True,1.325588431709998,2.08112854468435,2.4369789373525577,2.824996039664658,2.4974936414625764,0.7438674949803077,0.06051470411001869
1777,True,0.3572517672421469,2.302229911325105,2.1980256532852382,2.5159257571947546,2.278139639978419,0.21369584586964985,0.08011398669318082
1778,True,1.2321326125286651,2.1116690372783324,2.8140047444700587,2.682733674222993,2.4262253401168246,0.5710646369446604,-0.3877794043532341
1779,True,1.1310225894222397,2.6338930657488735,2.0878890801237504,2.4300497692934195,2.4915302837053774,-0.20384329645545396,0.40364120358162703
1780,True,0.7521715135259469,2.5938388466710878,2.3374633633278616,2.8430044263655305,2.3897393837194882,0.24916557969444275,0.0522760203916266
1781,True,1.4599865006875357,2.312446452439494,2.622676135362504,2.642849185206375,2.533864930837672,0.33040273276688126,-0.08881120452483193
1782,True,0.342723281319228,2.135028529200488,3.120595116960866,2.188931054140582,2.6076218662400037,0.053902524940093954,-0.5129732507208624
1783,True,0.9451282671829181,2.3279351142160296,2.7116728424719674,2.1678420246048833,2.547558794748808,-0.16009308961114632,-0.1641140477231593
1785,True,0.616460558814516,2.2946632194071532,2.6074189796233362,2.1364992709425388,2.1910847426975524,-0.15816394846461446,-0.41633423692578386
1786,True,0.931893431464152,2.6280256107770334,2.573850335062239,2.4640853186109446,2.337830286263312,-0.16394029216608885,-0.23602004879892702
1787,True,0.984938004248106,2.324593761950677,2.9234971057793104,2.36846537226133,2.7304682288276125,0.0438716103106529,-0.1930288769516979
1788,True,0.7847665963507876,2.71907184704634,2.7779936669474243,2.4141608562119465,2.4414639573151597,-0.30491099083439366,-0.3365297096322646
1790,True,0.19244049901041288,2.734105508388438,2.3654609946477665,2.492356702634075,2.2981990159213797,-0.24174880575436308,-0.06726197872638684
1791,True,0.5168666793716309,2.63599920314859,2.2988777215632847,2.4727393330939678,2.3875825663907415,-0.16325987005462217,0.08870484482745677
1792,True,0.5302359265986397,2.653816419178237,2.2912656960291615,2.7237466515171707,2.4289809543512275,0.0699302323389337,0.137715258322066
1793,True,0.9073679647966539,2.6339481117326513,2.5376664219711778,2.569445128636531,2.7425502636221637,-0.06450298309612013,0.20488384165098594
1794,True,0.423554138581526,2.532666594441519,2.6390661997570275,2.409285548318007,2.7074739393366283,-0.12338104612351186,0.06840773957960078
1795,True,1.2381090641602475,2.5637653607145876,2.6748159150678013,2.7981636261205316,2.356276567511972,0.234398265405944,-0.31853934755582936
1796,True,1.5219218049652872,2.5106785323095426,2.6886529951074016,2.4861855777429405,2.587075014678546,-0.024492954566602165,-0.10157798042885569
1797,True,0.3159879571646742,2.297715743885653,2.4665299628019923,2.4275608225583145,2.492414424861564,0.1298450786726617,0.02588446205957151
1798,True,0.39763500548225805,2.471436010177079,2.3462969912822205,2.4898664120542695,2.528304519413949,0.018430401877190583,0.1820075281317286
1799,True,0.8636181650126564,2.6449423934936656,2.7539147176701024,2.5834860264607586,2.4445459775602503,-0.06145636703290691,-0.30936874010985216
1800,True,0.6090305697478057,2.7938264528957415,2.8232332557194066,2.5896723683879395,2.805756295807781,-0.20415408450780204,-0.017476959911625567
1801,True,0.8901173924630023,2.0992850655878064,2.455901311759086,2.455694934870168,2.7070169362804144,0.35640986928236185,0.2511156245213284
1802,True,1.2409750710985714,2.0406022517629445,2.597710123127675,2.39143825135022,2.474161241351299,0.3508359995872756,-0.12354888177637591
1803,True,0.2719654982002507,2.135804730049075,2.4145118830521417,2.387548734882285,2.5220596865034732,0.25174400483321024,0.10754780345133153
1804,True,0.5444664370947121,2.0761925553522245,2.47046672359698,2.2744008978783845,2.4902289054843934,0.19820834252616004,0.019762181887413188
1805,True,0.32502497664730606,2.557133964460994,2.161400179374472,2.3960764731356132,2.079215548637755,-0.16105749132538083,-0.08218463073671733
1806,True,0.16088653446086837,2.4164289759063893,2.323192262814251,2.2414829570188575,2.127309408587759,-0.1749460188875318,-0.19588285422649188
1807,True,1.3179219062942222,2.3904601300586465,2.4673360552020474,2.672995959780149,2.848658709737971,0.2825358297215024,0.3813226545359236
1808,True,1.259197407187253,2.318474216246538,2.7960134850354357,2.6996653790642275,2.5172538901360344,0.3811911628176894,-0.2787595948994013
1809,True,1.3690483443098997,2.337763026099951,2.5193071616815605,2.6551115641277674,2.991710923255955,0.3173485380278165,0.47240376157439457
1810,True,1.9162055232206396,2.290053159230152,2.5312755843842845,2.8965350893474433,2.9791330176655424,0.6064819301172912,0.44785743328125793
1811,True,0.7875644635020856,2.004442189163858,2.7498397514218897,2.277592109088236,2.382791224186458,0.2731499199243781,-0.3670485272354318
1812,True,1.1854827151925238,2.057113080095501,2.1979088266122413,2.554629318031483,2.6356353839288924,0.4975162379359821,0.4377265573166511
1814,True,0.6521495979659742,2.5382784552132964,2.258027181080866,2.4510058706704476,2.3844726679632964,-0.08727258454284881,0.1264454868824303
1815,True,0.31628496187778515,2.1722837560042656,2.379549764178089,2.314327129921135,2.466440939886054,0.1420433739168696,0.08689117570796467
1816,True,0.4999275428003253,2.1509663332325775,2.514469496712975,2.3448543038144183,2.71790288858101,0.19388797058184082,0.20343339186803533
1817,True,1.0059806794741246,1.760620959377685,2.381593580042573,2.502186074904902,2.394978992186361,0.7415651155272169,0.013385412143787967
1818,True,0.8597495476716432,2.228070013733859,1.8435218039936494,2.555404603434454,2.7220275632994606,0.32733458970059504,0.8785057593058112
1819,True,0.11287614057653789,2.118735419300862,2.2634192823469537,2.1187521139741667,2.368891923218322,1.6694673304673557e-05,0.1054726408713682
1820,True,0.1721206005566497,2.0585595878186282,2.5777292493394257,2.0907496048707026,2.464955217549195,0.03219001705207436,-0.11277403179023082
1821,True,1.4438039157833962,3.08661508312909,1.983952025856472,2.6168910789020243,2.1324741529711444,-0.4697240042270656,0.1485221271146724
1822,True,1.4213228765671342,2.798340316348246,1.885408123510663,2.3838567154619423,2.2551946052937426,-0.41448360088630354,0.3697864817830796
1823,True,0.18251043190831348,2.777134260960388,2.4985127755126646,2.5233713253673145,2.2912793385759405,-0.2537629355930737,-0.20723343693672414
1824,True,0.13015890084343576,2.662976620869962,2.507588071514139,2.518722187974688,2.43531675328303,-0.14425443289527395,-0.07227131823110922
1825,True,0.9690998676236636,2.5078550793257577,2.3536395865552566,2.4740402836867874,2.4238852951098986,-0.033814795638970274,0.07024570855464196
1826,True,0.9780740884010306,2.454854296083578,2.2959509764147845,2.687431070316037,2.3920752819737925,0.23257677423245893,0.09612430555900797
1827,True,0.15176843792338346,2.154332301619228,2.152187491878902,2.1865606487822378,2.316912305282615,0.03222834716300982,0.16472481340371292
1828,True,0.16908857142766306,2.0260319718355877,2.699561633210103,2.1750037758305156,2.7340259004627225,0.14897180399492793,0.03446426725261942
1829,True,1.3648706494151523,2.7334097399036232,2.2828592188744365,2.696080745649321,2.3929545578192664,-0.03732899425430203,0.11009533894482981
1830,True,1.3654352391683144,2.7044851611720846,2.287459159110824,2.617422927855947,2.2048584691852673,-0.0870622333161375,-0.08260068992555691
1831,True,0.8281428200890943,2.3098633513045748,2.7059080517637697,2.5795787249729365,2.403420165650193,0.26971537366836174,-0.3024878861135769
1832,True,1.0820102267166556,2.199032083463086,2.6553278773251336,2.0905354896820096,2.5980935083699355,-0.10849659378107646,-0.05723436895519818
1833,True,0.9456780071454574,2.3173973107130332,2.6798884051766034,2.618524554896708,2.950631813279658,0.30112724418367476,0.2707434081030544
1834,True,1.0816725014600295,2.2078738122003263,2.4342163636990035,2.2221179827027635,2.4327873974248138,0.014244170502437203,-0.001428966274189758
1835,True,1.0967336328711805,2.674251741328778,2.267492111121889,2.378126158152465,2.1975807057746484,-0.296125583176313,-0.0699114053472405
1836,True,0.8457769910408285,2.533944468689083,2.359527383651226,2.362340351309692,2.4288589976089594,-0.17160411737939096,0.06933161395773357
1837,True,0.8028275479567857,2.2066394647064573,2.736050715794574,2.4918654285470554,2.537601111635554,0.28522596384059806,-0.1984496041590198
1838,True,0.5270835896530344,2.4440825293144255,2.434835931905885,2.1950012640568115,2.5598622553743002,-0.24908126525761398,0.12502632346841525
1839,True,0.5139101171432994,2.084916357099248,2.2684567162280174,2.279989142905948,2.2829860421119528,0.19507278580669984,0.014529325883935407
1840,True,0.3410347180786639,2.256600337166508,2.214895245378435,2.298492230818499,2.1300746598992726,0.04189189365199075,-0.0848205854791626
1841,True,0.36719982289789527,2.37140230690619,2.0273214041192382,2.5110860827765347,2.2458208312127215,0.13968377587034464,0.21849942709348324
1842,True,0.8676349518097715,2.238679614616616,2.230099148423675,2.572499639213386,2.133505086033544,0.33382002459676974,-0.09659406239013135
1843,True,1.2622853036605521,2.2181808812853836,2.2710549593085587,2.2998399874221684,1.8491138169169037,0.08165910613678484,-0.42194114239165503
1844,True,0.8469016495994907,2.367269020728316,2.0474530325748623,2.432600973068333,2.481068034995816,0.0653319523400171,0.43361500242095374
1845,True,1.1339778194786005,2.573338452225046,2.2080045821963328,2.820481117990688,2.455915252348501,0.24714266576564192,0.24791067015216806
1846,True,0.9200205650880269,2.3408142324413532,2.5832375719821052,2.472886822671228,2.703449127538005,0.13207259022987472,0.1202115555558998
1847,True,0.3873832203888559,2.8004867318021702,2.202639073861172,2.698429541490754,2.469795017143933,-0.10205719031141625,0.26715594328276104
1848,True,0.46174853725534987,2.792630042827012,2.2325632481522217,2.9897689474322258,2.2104643524031324,0.19713890460521366,-0.022098895749089298
1849,True,0.5256920633296617,2.547772256639121,2.778380872972602,2.7803368287509698,2.827590675230416,0.23256457211184856,0.049209802257813795
1851,True,0.26768142038814025,2.64062387153112,2.7492031504601475,2.700533728255398,2.70910571614269,0.059909856724277954,-0.04009743431745738
1852,True,0.512464415508129,2.6182314579501944,2.6525208896632653,2.2343399285527257,2.6285268669363075,-0.38389152939746873,-0.02399402272695772
1853,True,1.200288836030949,2.531791345826113,2.481532600148545,2.7961523348737636,2.5557611681757355,0.2643609890476504,0.07422856802719036
1856,True,0.538866923773904,2.3839027291187866,2.435314757356839,2.357036273227249,2.2673022759689543,-0.026866455891537466,-0.16801248138788472
1857,True,0.4904978915341557,2.2667823403670675,2.8279207965747553,2.1895345199950604,2.661171772652228,-0.07724782037200706,-0.16674902392252733
1858,True,0.31516991048288173,2.4128846122846404,2.3931934838203115,2.3796677468419833,2.550741501773945,-0.033216865442657006,0.1575480179536335
1859,True,0.6084585069914014,2.2716959199021334,2.529211092771815,2.557129926656446,2.6275955764677716,0.28543400675431263,0.09838448369595643
1860,True,0.4227572388948517,2.707529595332247,2.071914316326812,2.546635612142617,2.2420550958870304,-0.16089398318963033,0.17014077956021856
1861,True,1.064032985573822,2.156634901901571,2.657790469055076,2.164874491269644,2.2782620323283713,0.008239589368072675,-0.37952843672670467
1862,True,0.53143767385034,2.259459779106501,2.688590271554965,2.170265147674127,2.640994735080894,-0.08919463143237438,-0.04759553647407122
1863,True,0.7552934466977357,2.6288713503136667,2.290669661212633,2.037898563299705,2.512334773326397,-0.5909727870139618,0.22166511211376427
1865,True,1.1338796402573412,2.554774411489202,2.879263642982351,2.8228478467152636,2.5711666166201677,0.26807343522606164,-0.30809702636218317
1866,True,0.34540677128293845,2.0178777210475367,2.4445291511659257,2.244969076650723,2.3810148705648606,0.22709135560318616,-0.06351428060106512
1867,True,0.3157770282905819,2.6873505125122774,2.0295455791137087,2.4947443938979,2.1982948531709754,-0.1926061186143775,0.1687492740572667
1868,True,1.0204051752551004,2.549307402099637,2.366374670439996,2.541490656918101,2.6677588581927716,-0.007816745181536078,0.30138418775277565
1869,True,0.7929997465166669,2.57962680682691,2.449638267397862,2.3736047258920343,2.47646980318295,-0.20602208093487562,0.026831535785088345
1870,True,1.2624161527626938,2.2742961117233613,2.490218094344349,2.556711581471207,2.5143047169527803,0.2824154697478458,0.02408662260843153
1871,True,1.7250567357121325,2.5421577931355874,2.275257841080874,2.326850948311258,2.4713369926139173,-0.2153068448243296,0.19607915153304312
1872,True,1.2763643505350224,2.4180313445032096,2.286714376982836,2.4712109293595317,2.5916078195541083,0.053179584856322126,0.3048934425712724
1873,True,1.2692779638940164,2.3996976309943716,2.371921023263633,2.6445541805856427,2.465628011080544,0.24485654959127112,0.093706987816911
1878,True,0.47282984043348714,2.2118069453277336,2.5418125873871977,2.205501978868756,2.3604060588216598,-0.006304966458977379,-0.18140652856553796
1879,True,0.9054157384973507,2.4612662005967576,2.20062139267526,2.3031088417015813,2.220621608684829,-0.15815735889517635,0.02000021600956936
1880,True,1.0904936954923852,2.4382242498589006,2.5282310129812107,2.791115212055926,2.665127858696652,0.35289096219702554,0.13689684571544136
1881,True,1.0852167265469805,2.7369837089029225,2.3123336458867696,2.6579856334835594,2.49322958466544,-0.0789980754193631,0.18089593877867038
1883,True,0.5912943420774042,2.9025655629976734,2.561360483454057,2.8564170971883645,2.7414591342850616,-0.04614846580930898,0.18009865083100474
1884,True,1.1557370242666367,2.2433454436622107,2.6391859031527143,2.135532091363181,2.215164190026103,-0.10781335229902966,-0.4240217131266113
1885,True,0.4043678895260052,2.5033049793822566,2.2806258928855474,2.567449309027541,2.2545194143635134,0.0641443296452846,-0.02610647852203396
1886,True,1.1168726486615779,2.362754178707552,2.2356381231988327,2.54015897201061,2.38613963320255,0.17740479330305803,0.15050151000371725
1887,True,1.610266577171652,2.8985865677947245,2.2449981866585103,2.8368088449588917,2.1625921829219212,-0.061777722835832716,-0.08240600373658902
1888,True,0.715169474330023,2.6646242567386493,2.3994097595450428,2.551386280917298,2.189688589055759,-0.11323797582135153,-0.20972117048928363
1889,True,0.7602606281943225,2.7798408037331925,2.6974398559004054,2.7058755570546844,2.6578295820168756,-0.07396524667850812,-0.03961027388352978
1891,True,0.5853861806522639,2.50982042475154,2.4315699975324585,2.4578481610738283,2.4897046908983005,-0.051972263677711794,0.05813469336584198
1892,True,0.4456808469604082,2.5097026442787995,2.4184026732742416,2.648131652484446,2.6229383868657687,0.1384290082056463,0.2045357135915271
1893,True,0.8815048122989952,2.149762094953765,2.4854575793402716,2.1960998638937164,2.5120860758827512,0.04633776893995156,0.026628496542479674
1894,True,1.300414699494422,2.0564572945967052,2.5046308649978744,2.2356322886516917,2.3760145396369103,0.1791749940549865,-0.128616325360964
1895,True,1.0059556109606274,2.7199324616247367,2.5394213995514803,2.661653876067472,2.518599699227529,-0.058278585557264506,-0.020821700323951475
1896,True,0.6653052574463143,2.759966160607771,2.7323214890821323,2.397679912083554,2.394432402741619,-0.36228624852421687,-0.3378890863405135
1898,True,0.38991528615285714,2.533423199664833,2.572081803306419,2.6746443399384896,2.624595085572058,0.1412211402736565,0.052513282265639116
1899,True,0.5332848149556064,2.7721339174181323,2.3082111648200643,2.746897366195359,2.0031707937669716,-0.02523655122277324,-0.3050403710530927
1900,True,0.41303446478345984,2.4354005916481176,2.6156707737978033,2.597311242765487,2.5081963489944323,0.16191065111736958,-0.107474424803371
1901,True,0.9121993703185372,2.301590025113074,2.5726040325320176,2.184558067725827,2.6883263730190943,-0.1170319573872467,0.11572234048707664
1902,True,1.3917022094383138,2.415459422490885,2.4731439584868484,2.0421125743976507,1.72540541857298,-0.3733468480932345,-0.7477385399138685
1903,True,0.9470607294153762,2.3466937614013466,2.5444217527367585,2.338447543540158,2.166737371346375,-0.008246217861188399,-0.37768438139038363
1904,True,1.2069551319539842,2.3951875412376378,2.4175246328631275,2.5709882376035873,2.624682178785462,0.17580069636594953,0.20715754592233449
1905,True,0.751660299425806,2.77167717061349,2.232675341781693,2.5199836227162273,2.437307033344999,-0.2516935478972626,0.20463169156330574
1906,True,0.4919948781811399,2.602733670124548,2.1953474501089802,2.461192235706102,2.206868289041963,-0.14154143441844624,0.011520838932982613
1908,True,1.0837473444833323,2.287290957552187,2.7433325414174634,2.2081713564805154,2.594861727273729,-0.07911960107167149,-0.1484708141437343
1910,True,0.6740916719159062,2.2871340011682744,2.634805563262686,2.47154770209195,2.3034003905289673,0.1844137009236757,-0.3314051727337186
1911,True,0.9485989055765118,2.2819262684407664,2.564635741796484,2.366540905513784,2.2038182945401825,0.08461463707301764,-0.36081744725630127
1912,True,0.7362438821059162,2.665265627625134,2.727666611666462,2.4399894695545306,2.0800882837218713,-0.2252761580706033,-0.6475783279445908
1913,True,0.36555196061302214,2.253320466200935,2.0410731108169546,2.3537032243243834,2.059165147938358,0.10038275812344821,0.018092037121403504
1914,True,0.7242808156751337,2.432875990962137,1.991861353533423,2.6779754930988444,2.8164431149904305,0.2450995021367075,0.8245817614570075
1915,True,1.4432429985028603,2.614314376600489,2.00558867221073,2.805049508445974,2.5906397734959214,0.1907351318454853,0.5850511012851913
1916,True,0.7822264478140517,1.9671020577997471,2.5917062153338293,2.236749465174855,2.5183828738930862,0.26964740737510806,-0.07332334144074304
1917,True,0.6215733710165656,1.9834179776587688,2.4407076651455,2.2505164145693315,2.428985040557064,0.2670984369105627,-0.011722624588436314
1918,True,0.8601248880655824,2.335593088296846,2.383539175134321,2.387604272772396,2.3524093172775014,0.052011184475549754,-0.031129857856819765
1919,True,0.4768819093822753,2.2253177790598806,2.643501597105627,2.3583612415052113,2.790359584873964,0.13304346244533072,0.14685798776833714
1920,True,0.5323053428589654,2.052301672464358,2.819297058062524,2.145230422256313,2.2823802828155086,0.09292874979195531,-0.5369167752470152
1921,True,1.1018946880425753,2.716945699751837,2.1598796311368833,2.742216719270014,2.3043172442092255,0.02527101951817734,0.14443761307234215
1924,True,1.3455845090968068,2.2686724204697337,2.7402408345435623,2.6126199428100905,2.4512612928600657,0.34394752234035675,-0.2889795416834966
1925,True,1.2041239713670855,2.426756129692475,2.4130733879847086,2.166331912871155,2.549885384298087,-0.26042421682132,0.13681199631337826
1926,True,0.23406393802487022,2.5482796223727098,2.5999727684343155,2.5678457519276736,2.286553736069415,0.01956612955496384,-0.31341903236490065
1927,True,1.3167265590449846,2.558756415526886,2.4273346973378023,2.6722016618232614,2.260275476250185,0.11344524629637531,-0.16705922108761717
1928,True,0.638400932613864,2.4826594504482484,2.4204234379339495,2.4336392090416767,2.220786785509586,-0.049020241406571685,-0.19963665242436335
1929,True,1.5270266305946734,2.4142621740399277,2.525364794341602,2.596505737673422,2.531327942069537,0.18224356363349425,0.005963147727935159
1930,True,0.9348287128173527,2.7610541118565566,2.2204439733080408,2.9543703431096784,2.9116801931711183,0.1933162312531218,0.6912362198630775
1931,True,0.7319624789574007,2.0674245312707304,2.8367329216900203,2.407409094840551,2.6521286264636563,0.33998456356982043,-0.184604295226364
1932,True,0.9271371713734353,2.487373518734169,2.6313167783450173,2.629593333309354,2.945840515705832,0.1422198145751854,0.3145237373608145
1933,True,0.8394044638452616,2.455976648301038,2.2550262947912603,2.5690233180633064,2.274780714769008,0.11304666976226851,0.019754419977747517
1934,True,0.853565539556867,2.613101781523253,2.7483333239256114,2.1835535455607675,3.0589852807584736,-0.4295482359624856,0.3106519568328623
1936,True,0.6194682902152796,2.307271614028136,2.2632288248871344,2.668572086376907,1.940446816999889,0.36130047234877116,-0.3227820078872454
1937,True,1.3470710983310727,2.2953724851099877,2.177422816886973,2.8182703730178194,2.5919558502771607,0.5228978879078316,0.41453303339018754
1938,True,1.019997124279878,2.7654494326058465,2.2315560744018956,2.5311887878862374,2.544457611424093,-0.23426064471960917,0.3129015370221975
1939,True,1.0782269214088387,2.369116405244791,2.360426832354691,2.535759084252682,2.338214296976648,0.16664267900789076,-0.022212535378042908
1940,True,1.3355482539932686,2.2502657808801163,2.827864434975623,2.502641331822241,2.807569524691419,0.2523755509421246,-0.020294910284203826
1941,True,1.2837336438938778,2.44554288183626,2.37890315803313,2.667096394718609,2.4756562689303214,0.2215535128823487,0.09675311089719152
1942,True,1.2886271136058938,2.329460646651924,2.4084245875468056,2.4743291613617213,2.469314735098991,0.14486851470979722,0.06089014755218525
1943,True,0.5881568524718496,2.2070319108476886,2.6876451980497724,2.3473056899249403,2.7308393031463787,0.1402737790772517,0.04319410509660626
1944,True,0.8450119350067412,2.1013012698087823,2.791970985719587,2.2061342829542356,2.6994099350778495,0.10483301314545335,-0.09256105064173736
1946,True,0.732696108313401,2.3656013585133064,2.3906763234490778,2.3390734481133766,2.3454418579659997,-0.026527910399929855,-0.04523446548307808
1947,True,1.1555138912366998,2.7428186175903067,2.6893141421745432,2.142469374205615,2.5122963357205697,-0.6003492433846915,-0.17701780645397358
1949,True,0.7541358651368046,2.124894891141677,2.99831527016423,2.0299606075658216,2.703047931852671,-0.09493428357585554,-0.29526733831155916
1950,True,0.8564185637625322,2.0932136186734502,3.136414780940174,2.308100935789854,2.7156629651724087,0.21488731711640385,-0.42075181576776544
1951,True,1.1755048240792498,2.2810401120760675,2.87475752690553,2.1953242224086176,2.700482295912343,-0.08571588966744992,-0.17427523099318698
1953,True,0.9394079389383158,2.3869252745320706,2.3156854553673734,2.703285017440447,2.4039842311067683,0.31635974290837643,0.08829877573939493
1954,True,0.4110261502931549,2.2460539997960867,2.3691273276672997,2.768550419126587,2.4851399604927686,0.5224964193305004,0.11601263282546892
1955,True,0.5136562034909178,2.3565121636435493,2.3754629120657724,2.322222427805528,2.4615417831135833,-0.03428973583802142,0.08607887104781087
1956,True,1.2565084080858977,2.0109364676687327,2.860156172763998,2.3881025657515216,2.5906804764266087,0.3771660980827889,-0.26947569633738944
1957,True,1.20740473836648,2.110453252289659,2.1432733833088107,2.4487348333378196,2.8169775124771586,0.33828158104816053,0.6737041291683479
1958,True,0.8547112036103015,2.0915481815631227,2.2225572720179794,2.4233823380502715,2.3114992700587207,0.33183415648714876,0.08894199804074132
1959,True,0.47989599516771214,2.3613604698351334,2.399419165506519,2.2880250766020898,2.5486387667951296,-0.07333539323304361,0.14921960128861045
1960,True,0.7695370437299845,2.394890113136718,2.217753557115849,2.3353420125146553,2.5210090113994044,-0.059548100622062616,0.30325545428355527
1961,True,0.5479940394032156,2.507690214400495,2.516392181556762,2.5499015746845997,2.6646354169553854,0.04221136028410477,0.1482432353986236
1962,True,0.40984989329369986,2.6107686876090725,2.4383512231218867,2.477176558560572,2.6096117788397186,-0.13359212904850049,0.17126055571783194
1963,True,0.5554931021191929,2.3461932368413305,2.751896385712951,2.3462974981832545,2.3852014748821535,0.00010426134192398351,-0.3666949108307973
1964,True,0.9397662086761891,2.4041854447816617,2.5055237100654226,2.58095396358207,2.362173879180362,0.17676851880040845,-0.14334983088506048
1965,True,0.8625665503356651,2.556753912190221,2.0629123071279594,2.3903872728363496,2.2175861711640428,-0.16636663935387164,0.1546738640360834
1966,True,0.23446999801054702,2.3573131019234586,2.0980183865972193,2.513967338598296,2.259269413753703,0.15665423667483758,0.16125102715648376
1967,True,1.277371285593291,2.370714033724861,2.753344884699336,2.120300551618567,2.398909791615558,-0.250413482106294,-0.35443509308377763
1968,True,0.6797945249752941,2.4970811354259195,2.7974306626081016,2.352319451403869,2.7374159870516572,-0.14476168402205047,-0.06001467555644435
1969,True,0.45451783166174087,2.2719954830500875,2.5807839439015425,3.1333425677121545,2.5831447720199505,0.861347084662067,0.002360828118407987
1970,True,0.5646655534291117,2.664613029015658,2.2679463888284483,2.615003453265215,1.8409218196900705,-0.04960957575044311,-0.42702456913837783
1971,True,1.11098780613351,2.913010453637267,2.108899511166902,3.2856568914879105,4.270052152473199,0.37264643785064333,2.161152641306297
1972,True,0.8486647557880737,2.2454591579674745,2.6968625418808427,2.0358676212686326,2.6809830780004935,-0.2095915366988419,-0.01587946388034922
1973,True,0.8443263754474136,2.3235745994910513,2.415072705075356,2.3833489438621864,2.528519066466575,0.05977434437113516,0.11344636139121889
1974,True,0.512713624898117,2.835024688887206,2.1537385743167623,2.6712023292611136,2.1379472640862778,-0.1638223596260926,-0.015791310230484523
1975,True,1.0086324798993276,2.2519957994854254,2.4079452453077086,2.595651809336915,2.64087574036966,0.3436560098514896,0.23293049506195151
1976,True,0.09666176828019658,2.618764318738897,2.621155348639222,2.449415214702889,2.4441516854477343,-0.16934910403600822,-0.17700366319148753
1977,True,0.44281326366840085,2.5783752291704944,2.5862556169296185,2.4985546817354227,2.504319476209455,-0.07982054743507172,-0.08193614072016331
1978,True,0.3839006032131559,2.4786508082019134,2.0320094003227442,2.50180090811819,2.0424236700200087,0.023150099916276368,0.010414269697264444
1979,True,0.2562674050604831,2.373368780151959,2.0305237335475788,2.4634084883796676,2.217484870049624,0.09003970822770846,0.18696113650204538
1980,True,0.33985383467888025,2.4461765942180054,2.5027811136813383,2.5042797700822086,2.5585738955992654,0.058103175864203216,0.05579278191792714
1981,True,0.8821280376363638,2.468285163691586,2.3260439204365855,2.5310642719057928,2.4525129025409838,0.06277910821420685,0.12646898210439828
1982,True,1.3657063513665852,2.644324413720828,2.45574049797612,2.6092296300182167,2.6791801082663333,-0.03509478370261121,0.22343961029021342
1983,True,0.7470526782150136,2.6685545574524046,2.7423856505787074,2.5040407297392346,2.8491048716209098,-0.1645138277131699,0.10671922104220233
1984,True,1.0439785534955635,2.6152223560722327,2.6702788259281087,2.6656038308210768,2.6462780884727515,0.050381474748844024,-0.024000737455357246
1985,True,1.0178700144235726,2.6393351469640987,2.4582589782608344,2.680327709227549,2.6862862152408478,0.04099256226345016,0.22802723698001337
1986,True,0.7808114565870498,2.5528723670602886,1.989074695103228,2.590805213919024,2.4919416870057374,0.037932846858735214,0.5028669919025093
1987,True,0.2434663071328056,2.5160482523393704,2.043864159894194,2.3537005924156964,2.132675615124813,-0.16234765992367395,0.08881145523061917
1989,True,0.42758068783601483,2.3555674332525482,2.149871082390756,2.2723748749416326,2.215218464463945,-0.08319255831091565,0.06534738207318913
1990,True,0.6143354165316585,2.515395801896791,2.460080008841176,2.5364298593805032,2.820338579450524,0.021034057483712232,0.3602585706093482
1991,True,1.3027309113902739,2.5138413073819916,2.4852627064557984,2.817843575593223,2.585976363913251,0.30400226821123155,0.10071365745745275
1992,True,0.9373842704417795,2.510868591921927,2.5219103139683616,2.448507458980062,2.6135632818403307,-0.06236113294186474,0.09165296787196908
1993,True,1.0263332521721058,2.4625731676845666,2.466966917289326,2.5241771234562758,2.3835347558837903,0.061603955771709185,-0.08343216140553578
1994,True,1.4975470723954007,2.2040360233444463,2.4277521231377803,2.160309418772459,2.5990161792101256,-0.04372660457198707,0.1712640560723453
1995,True,0.9273145599146653,2.5953447446148656,2.1218098994961827,2.3750522487536982,2.3442464476315195,-0.2202924958611674,0.22243654813533675
1996,True,0.3611402006248682,2.4942253579217737,2.6256749206442143,2.588023231282517,2.632849208747626,0.09379787336074319,0.007174288103411808
1997,True,0.5854688215830277,2.687025501293205,2.6732856970589585,2.757825883061873,2.8905892517128753,0.07080038176866799,0.21730355465391682
1998,True,0.4786587166802977,2.611666489159747,2.5776108214779048,2.381681324207334,2.727404308380589,-0.22998516495241317,0.14979348690268424
1999,True,0.6742846877196602,2.599257969825235,2.637673792056175,2.461437754823388,2.893727922911551,-0.13782021500184705,0.2560541308553761
2001,True,1.3500252778760755,2.4437141293121827,2.400012613196022,2.2586923223460516,2.3801528492674584,-0.18502180696613113,-0.01985976392856381
2002,True,1.2895249668042559,2.576200867576129,2.31902248954166,2.616663857363991,2.088235346567527,0.04046298978786167,-0.23078714297413283
2003,True,1.0796053492067421,2.3473577766714637,2.515383348696576,2.522522734244629,2.2121654894898803,0.1751649575731653,-0.30321785920669564
2004,True,1.5838752175698494,2.096883037749126,2.0770012757338407,2.134014736770344,2.3216080311753746,0.03713169902121782,0.24460675544153387
2005,True,1.6446337609112631,2.333577813444411,2.2987620443621393,2.098462320854487,2.210336815277256,-0.23511549258992392,-0.08842522908488348
2008,True,0.7845422776589234,2.5896788950176814,2.6641180078592614,2.639172365563682,2.6318665630377236,0.049493470546000395,-0.032251444821537856
2009,True,0.5495309128379234,2.589656951740906,2.64957099050016,2.5096055967799002,2.4291674597756736,-0.08005135496100557,-0.22040353072448626
2010,True,1.4303456837817985,2.453484200662397,2.216315997392971,2.9627353967955017,2.6531120868687394,0.5092511961331048,0.4367960894757683
2011,True,1.4246587932973522,2.195510288156264,2.4776981747985367,2.1294568849788904,2.5970932337494164,-0.0660534031773734,0.11939505895087965
2012,True,0.4846768623343819,2.4516445940429454,2.253154781412054,2.648188647729425,2.2852791513830426,0.19654405368647954,0.03212436997098855
2015,True,0.7245689728475865,2.7715178592424765,2.7190823162420075,2.503055605688975,2.334442727986489,-0.26846225355350173,-0.38463958825551847
2016,True,0.5429417798103906,2.6293739282574475,2.6627742432658463,2.5971514371160573,2.6492463469575647,-0.0322224911413902,-0.013527896308281662
2018,True,1.1821246739484403,2.5082668689954026,2.4788068730943924,2.3536103111611317,2.4286455350876137,-0.1546565578342709,-0.05016133800677869
2019,True,1.0236004490744868,2.487896605146605,2.7560027125349498,2.4799767090589784,2.6376775309760667,-0.007919896087626555,-0.11832518155888305
2020,True,0.5403564495848858,2.284796686359642,2.396445615072456,2.345065151123951,2.801234813108498,0.06026846476430903,0.40478919803604185
2021,True,0.5912601049521636,2.2334000387077992,2.4393357545651644,2.4545703776834347,2.419662279395412,0.22117033897563543,-0.019673475169752486
2022,True,0.6749457049620713,2.242334291781669,2.316029734200319,2.625961431741906,2.1255194854719637,0.3836271399602369,-0.19051024872835542
2023,True,0.22746237985853987,2.5415545852686305,2.2475020219345745,2.573330330391533,1.7477851316114348,0.0317757451229026,-0.4997168903231397
2024,True,1.1181927814371222,2.171306019450045,2.40034392271191,2.1890205204204913,2.324401983745497,0.017714500970446245,-0.07594193896641288
2025,True,1.0279339651038792,2.1723802629604236,2.3941403304944346,1.9319618155447587,2.164506584132513,-0.24041844741566498,-0.2296337463619218
2026,True,1.2013942306884158,2.0829715797869155,2.204967679785806,2.303663097166988,2.138080183371522,0.22069151738007253,-0.06688749641428426
2027,True,1.527990203874956,2.3159183497049285,2.0210836926015703,2.1367630317180706,2.1688111118981754,-0.1791553179868579,0.14772741929660516
2028,True,1.3124213851249296,2.3014650417723055,2.662285302122971,2.080428952052677,2.2729809993886883,-0.2210360897196284,-0.3893043027342826
2029,True,0.6077245816932072,2.272334659749747,2.4680092458092613,2.1825647303954123,2.474187209423531,-0.08976992935433481,0.00617796361426981
2030,True,1.369850395512618,2.3080611788035426,2.6354580025490826,2.00661359076156,2.824022792476718,-0.3014475880419827,0.18856478992763526
2031,True,0.7056080360606275,2.168320784432045,2.6616213911636644,2.298784255179028,2.7249839536769755,0.13046347074698295,0.06336256251331118
2032,True,0.40074928914995317,2.726968118350488,2.23895938598716,2.975708508733172,2.1972973316849953,0.24874039038268414,-0.04166205430216463
2033,True,0.9489845992367656,2.3965028734595752,2.5035284132999167,2.3789270421814117,2.29816540962003,-0.017575831278163534,-0.2053630036798868
2035,True,0.9600274755555241,2.8524311593095457,2.3057265301201704,2.3921605703171345,2.691483147650938,-0.46027058899241124,0.3857566175307676
2037,True,0.7456098729046707,2.527040946660739,2.392217015740838,2.778673151680492,2.3881317826227684,0.25163220501975303,-0.004085233118069631
2038,True,0.5321304911058756,2.0443026459162055,2.641600867674752,2.3187413809709354,2.686754914705284,0.27443873505472993,0.04515404703053205
2039,True,0.3666610233272847,2.3321782925196777,2.136548880929243,2.1746845509181325,1.9451890500555467,-0.15749374160154517,-0.19135983087369657
2040,True,0.45434440705247436,2.2387030859406076,2.401965795385105,2.5657887406333746,2.0327328880455493,0.32708565469276696,-0.3692329073395557
2041,True,0.5849799702300859,2.167803928264731,2.323488744453048,3.1317407055094777,2.6832252423516367,0.9639367772447467,0.35973649789858886
2042,True,1.1082690751715754,2.402159971442368,2.8503891242249715,2.1746806104534064,2.7139678369837035,-0.2274793609889616,-0.136421287241268
2043,True,1.0278416673411241,2.126303465477118,2.7434049513332877,2.4729989481550536,2.8837180954893977,0.3466954826779358,0.14031314415611007
2046,True,1.3270360684806,2.51737227501218,2.362898294468045,2.1273110935702375,2.125397812775058,-0.3900611814419426,-0.2375004816929871
2047,True,1.4885678542297611,2.5055055995946205,2.37030179011028,2.162789217475665,2.3190498034863327,-0.3427163821189554,-0.05125198662394714
2048,True,0.4333431932191663,2.8699799389020124,2.171774545250957,2.816633397847153,2.161752978242195,-0.053346541054859475,-0.010021567008761778
2049,True,0.6953305168882162,3.031931258603994,2.1185316975207145,2.817754294383029,2.4618514076306477,-0.214176964220965,0.34331971010993323
2050,True,0.3914879472545618,2.6821267936844446,2.294471322984883,2.5283905992628988,2.3163279514945634,-0.15373619442154585,0.021856628509680398
2051,True,0.1563750833761759,2.7765510191962974,2.2258614485856936,2.580570583957548,2.324945373184067,-0.19598043523874953,0.09908392459837323
2052,True,1.3382991118868541,1.831809933808636,2.149123608543724,2.7936887184205044,2.5524895909589915,0.9618787846118684,0.40336598241526733
2053,True,1.2956159411628592,1.757418871328062,2.328678661065111,2.638425797399275,2.755193883998003,0.8810069260712128,0.4265152229328919
2054,True,0.7258885240995657,2.2865417863883444,2.4497475344614594,2.447888109097309,2.234705504417752,0.16134632270896443,-0.21504203004370748
2055,True,0.9579450668987141,2.2370363067683994,2.603385169754948,2.3517751514502825,2.659743999628912,0.11473884468188311,0.05635882987396368
2056,True,0.783778400150954,2.561538164306751,2.6476257963126133,2.675769248490796,2.676283935199888,0.11423108418404482,0.028658138887274642
2057,True,1.092293816951627,2.5017452967478526,2.4400490360236615,3.180377878474978,2.3127242348118378,0.6786325817271255,-0.12732480121182377
2058,True,0.6963170359737906,2.731088883449237,2.463731087030401,2.357255189973924,1.9774832762200545,-0.37383369347531303,-0.4862478108103463
2060,True,0.2093383658731606,2.2831490605740132,2.3396784642552912,2.5460651010345354,2.5424761374455414,0.2629160404605222,0.2027976731902501
2061,True,0.31526374101387505,2.3440962227903532,2.2780146778280423,2.474802667352288,2.61681149140667,0.1307064445619348,0.33879681357862745
2062,True,1.203223604772883,2.52431470771772,2.620717465370885,2.5063034547007668,2.486625608611397,-0.018011253016953166,-0.13409185675948798
2063,True,0.7990161872882958,2.5494582839693614,2.3562970648243824,2.8509399800528943,2.532444382910116,0.3014816960835329,0.17614731808573358
2064,True,0.3157264918435387,2.511771962519687,2.384197178318102,2.6464748412896353,2.451065420428227,0.13470287876994824,0.06686824211012521
2065,True,1.4443144118332787,2.448883630657039,2.496903758918233,2.503269828208897,2.7790491213949418,0.05438619755185803,0.28214536247670896
2066,True,0.33952378095055835,2.3914181849689107,2.50572556011228,2.5024222916814023,2.577224147869758,0.11100410671249161,0.07149858775747786
2067,True,0.7471486279472717,2.605104682176899,2.4141517517339293,2.6741504800300597,2.9203850002506515,0.0690457978531609,0.5062332485167222
2068,True,0.14371558307688626,2.3254759428770706,2.4635422201374997,2.4338912185654475,2.4936832394363964,0.10841527568837694,0.030141019298896676
2069,True,0.72851981159166,2.2747162012655555,2.5660102064099433,2.4061630743000357,2.5049712350192768,0.13144687303448022,-0.0610389713906665
2070,True,0.6872539184533236,2.458541268984517,2.531808929145326,2.2928751848938487,2.193577190831451,-0.16566608409066852,-0.3382317383138749
2072,True,1.4026201177501623,2.371912776073353,2.806953231833406,2.4942612667050335,2.3661339970420103,0.1223484906316803,-0.4408192347913955
2073,True,1.139040713172667,2.771337605814203,2.425841508033862,2.686397176950572,2.788705443626128,-0.08494042886363129,0.36286393559226626
2074,True,0.5469951155421026,2.193823046373613,3.1195927320885977,1.957615240912524,2.811699173642515,-0.236207805461089,-0.3078935584460827
2075,True,0.4333352851280056,2.238196397191274,2.5981595283199987,1.977811015950715,2.725972330164413,-0.260385381240559,0.12781280184441446
2076,True,0.8185478030521626,2.481034606247966,2.8182478949517553,2.712242917546472,2.663190352814834,0.23120831129850616,-0.15505754213692136
2077,True,0.9304690629761556,2.663715496745101,2.4097882261725823,2.5825126117417123,2.7907450070138977,-0.08120288500338857,0.38095678084131546
2078,True,1.1558507824857223,2.4263873035853116,2.5112724843990946,2.6569160828897096,2.8466518082436774,0.23052877930439797,0.3353793238445828
2079,True,0.6716968668416475,2.309208979087861,2.640522141565944,2.8282638898076677,2.7165492751625178,0.5190549107198068,0.07602713359657365
2080,True,1.1563431169460532,2.4642055375921874,2.4635624032485963,2.516733607143394,2.393929122911746,0.0525280695512067,-0.06963328033685023
2081,True,1.2001803220607146,2.578679902702156,2.366076764371773,2.6952702728589206,2.739865282062423,0.11659037015676477,0.37378851769065013
2082,True,1.0210337403395748,2.351860892017213,2.4322398478357354,2.482729629665703,2.4914082407315346,0.13086873764849027,0.059168392895799116
2083,True,0.7568955643656747,2.3645052592244324,2.421682550067205,2.268471332871103,2.510816705686419,-0.09603392635332941,0.089134155619214
2084,True,1.1024029039737064,2.191150265317283,2.5179728409377256,2.1377686661058535,2.3878509177413063,-0.05338159921142971,-0.13012192319641924
2085,True,1.5368345258943081,2.1194165128402673,2.825583491882694,2.534244931448024,2.6231173306848095,0.4148284186077569,-0.20246616119788463
2087,True,1.4058316340636954,2.50020858187872,2.4521801081690553,3.0229933623243372,2.616084966494399,0.5227847804456172,0.16390485832534374
2088,True,1.1526275521728164,2.5003712603931443,2.8962453167161097,2.3366263803385428,2.4505288271281365,-0.16374488005460153,-0.4457164895879733
2089,True,0.7512944302545471,2.5928817932370154,2.3986868523423395,2.5185146321169145,2.441988270437227,-0.07436716112010089,0.043301418094887634
2090,True,0.7456298448092809,2.5768100444929964,2.5558388019591534,2.563215133358298,2.428682209034562,-0.01359491113469824,-0.12715659292459147
2091,True,0.6698675069847715,2.7326039007876717,2.695289366839858,2.700468160547352,2.5308002950657724,-0.03213574024031951,-0.16448907177408545
2092,True,0.7010123665296649,2.722737060092289,2.452284179066529,2.598075467589231,2.450786977455813,-0.12466159250305786,-0.0014972016107157593
2093,True,0.7790713847782128,2.7683148886822826,2.408140397775844,2.430400953722862,2.6614296280264482,-0.33791393495942046,0.253289230250604
2094,True,0.4959526342895959,2.767123985422409,2.261995114893046,2.802867908992145,2.3180842850873646,0.035743923569736324,0.056089170194318694
2095,True,1.4914805629668602,2.6725328773468813,2.220448141164301,2.5892241069810855,2.3601190790807567,-0.08330877036579576,0.1396709379164558
2096,True,1.2233410812238483,2.0902272226961354,2.1540041999030555,2.4456482691495114,2.3270404135055327,0.355421046453376,0.17303621360247723
2097,True,0.5549674099054835,2.383859818298886,2.0634073768890135,2.884741986815805,2.190457218422218,0.5008821685169189,0.12704984153320442
2098,True,0.8131074189501359,2.3174165570522707,2.1067315049858633,2.6577235042293244,2.6277409845808624,0.3403069471770537,0.5210094795949991
2099,True,0.9404520977132106,2.743798859045612,2.2913424509880667,2.9126865167480696,2.3150754456704,0.16888765770245762,0.023732994682333253
2100,True,0.9105076982551232,2.3646618219314153,2.573957437895973,2.337495516457518,2.7299014560743764,-0.02716630547389709,0.15594401817840353
2101,True,0.9419164287031543,2.1396599906527207,2.8290396031515717,1.6734610317390124,2.576074379132326,-0.46619895891370833,-0.2529652240192455
2102,True,1.1140212337201272,2.720592865608524,2.193306723488532,2.575972052386244,1.875594677989357,-0.14462081322227993,-0.31771204549917487
2103,True,1.2184191591942444,2.3437940917239297,2.657756292420357,2.2368377927283865,2.5250490976311726,-0.10695629899554326,-0.13270719478918425
2104,True,0.6112550178215854,2.5455809794426103,2.2349534981739554,2.3038624763006146,2.2305884532252915,-0.24171850314199572,-0.004365044948663854
2105,True,1.603812350791142,1.8750879594568357,3.2969034439758773,2.4897459104995034,2.0387938819907716,0.6146579510426677,-1.2581095619851057
2106,True,0.7202087135843167,2.2873809595474035,2.3318788697743287,2.0300884893013897,2.582196297081227,-0.25729247024601376,0.2503174273068982
2107,True,0.5933957313559843,2.164491373833585,2.3775906823084583,2.140839527201887,2.4178190618962785,-0.023651846631697726,0.04022837958782022
2108,True,0.5477317243610241,2.884598875511117,1.9627940871370078,2.686778826276923,2.1929801744724005,-0.19782004923419372,0.2301860873353927
2109,True,1.404538269991501,2.6027160656129973,2.4212210044520925,2.7659108680320843,2.5361969441115964,0.16319480241908702,0.11497593965950381
2111,True,0.5716624586406295,2.4948413893271852,2.576009314327105,2.4226526292537276,2.361131577898403,-0.07218876007345765,-0.214877736428702
2112,True,0.4034188091552376,2.4906660442741013,2.580959155604753,2.508758062134131,2.3593465997129375,0.018092017860029674,-0.2216125558918156
2115,True,0.7813732538827977,2.4047273155599163,2.505477398441263,2.5876457795985135,2.2426576874492015,0.18291846403859724,-0.2628197109920616
2116,True,0.8534462048255069,2.564005949642083,2.339215962005219,2.3894894060721423,2.3657655973595526,-0.17451654356994073,0.026549635354333745
2117,True,0.7486326364227485,2.3991134398564817,2.52053249830269,2.6026229088296677,2.534826966613303,0.203509468973186,0.014294468310612984
2118,True,0.6840299158868518,2.4305394726479963,2.5041107423993854,2.5372881792466933,2.337330572043886,0.10674870659869695,-0.1667801703554992
2119,True,0.8159870305143883,2.6848257937713575,2.2659269741322206,2.769815730619999,2.599569772655468,0.08498993684864153,0.3336427985232473
2120,True,0.6326059458060856,2.517739148005607,2.3381507922715334,2.5665138743118066,2.530396348307711,0.0487747263061995,0.19224555603617777
2121,True,1.4597741281712129,2.291956643590799,2.6744183453977426,2.420320596137214,2.6880993736342784,0.12836395254641486,0.01368102823653583
2122,True,0.9529528064730111,2.530692335725542,2.3266239462792435,2.550839699959212,2.5727551680929532,0.020147364233669585,0.24613122181370972
2123,True,0.6700210665865506,2.6563319405714343,2.176077641514659,2.7690817858860726,2.506793696620645,0.11274984531463828,0.33071605510598623
2124,True,0.5425017602261445,2.5627324548223918,2.3560039475985604,2.554428030522097,2.2615195377037978,-0.008304424300294766,-0.09448440989476259
2125,True,0.31035947614083903,2.343180970411803,2.5382372195088467,2.6536619092915736,2.3548165654993167,0.31048093887977046,-0.18342065400953
2126,True,0.9001584357823936,2.674543457508216,2.304599278074173,2.7171881460612917,2.434050700744132,0.04264468855307557,0.12945142266995902
2127,True,0.6769583743520434,2.533173010060702,2.862761837753885,2.342905785994392,2.621892895738878,-0.19026722406631036,-0.24086894201500675
2128,True,0.8648406367843195,2.5877120445868775,2.5346564009545753,2.588587970590337,2.327565639934135,0.0008759260034594263,-0.20709076102044044
2129,True,1.030711738994509,2.3948532812262218,2.6713627420101527,2.4608550749700804,2.531313308087326,0.06600179374385862,-0.14004943392282687
2130,True,0.8390222144553661,2.458128899630774,2.612836982630183,2.2936767678282397,2.384347536294363,-0.16445213180253448,-0.22848944633582002
2131,True,1.4956370091321685,2.2304569881528766,2.2652749419220615,2.2839030592965193,2.3361303176025947,0.05344607114364264,0.07085537568053324
2132,True,1.330631362897638,2.0241271438820245,3.1459536095435356,2.2798206875969433,2.391480950441797,0.2556935437149188,-0.7544726591017388
2133,True,0.25863328312405526,2.3637196404396184,2.380657013746415,2.6987144444925995,2.6747845970460875,0.3349948040529811,0.2941275832996726
2134,True,0.4470118435454542,2.3408272286950185,2.3921339203731886,2.365258532190509,2.4124956116074077,0.024431303495490386,0.020361691234219048
2135,True,1.5775461992065154,1.9230142028856676,3.037463477475902,2.012490001213919,2.437638713570984,0.08947579832825125,-0.5998247639049183
2136,True,1.2012614795651961,3.0280338421820847,1.9313300085692242,2.632671814976945,2.295716386591558,-0.3953620272051399,0.36438637802233376
2137,True,1.6646010675962986,2.132187722410951,1.7641143981896412,2.560818924222874,1.5552252983211146,0.42863120181192294,-0.20888909986852666
2138,True,0.9991495101253989,1.928193024310585,2.026603002094885,2.2607361942573045,2.7954239727139782,0.3325431699467196,0.7688209706190934
2141,True,0.7487570594924468,2.4814434103360083,2.337878297324307,2.4274204516074263,2.5039077763434103,-0.05402295872858209,0.16602947901910348
2142,True,0.6462617968861305,2.3322606244800346,2.5375183714999974,2.2792890910915626,2.4348612595811288,-0.052971533388471936,-0.10265711191886862
2143,True,0.7612880623516075,2.368742784854447,2.4252959318400715,2.4277543582055414,2.690036412181255,0.059011573351094526,0.26474048034118347
2144,True,0.4935656295718549,2.3870190833966953,2.4082513746284873,2.2966903138248744,2.3995744981819174,-0.0903287695718209,-0.008676876446569892
2145,True,0.551219445362405,2.788557888389624,2.2240887410577845,2.6096401417626534,2.3992099240229066,-0.1789177466269707,0.17512118296512202
2146,True,0.7651473753983168,2.5047952236859605,2.446916264321278,2.5177389785500006,2.6642686876816684,0.012943754864040091,0.2173524233603903
2147,True,1.245715955093249,2.2961092135175103,3.311332325771607,2.6484107007112776,2.409321920226934,0.3523014871937673,-0.9020104055446732
2148,True,0.2357270126934353,2.140359773636199,2.3517172404224107,2.333674626167496,2.455045021193705,0.1933148525312971,0.10332778077129445
2149,True,1.6387829008088906,2.3729573167252713,2.1372769469818365,2.4729419969319943,2.3724496257707983,0.09998468020672302,0.23517267878896186
2150,True,1.6509441213124456,2.244541864479252,2.8709555742121817,2.1872367081907256,2.882670646416271,-0.057305156288526504,0.011715072204089072
2151,True,1.165021591122824,2.359576272702368,2.6093930427783394,2.3234818343877794,2.5949761971056695,-0.03609443831458847,-0.014416845672669876
2152,True,1.1337328275736396,2.513626307270037,2.388106588617853,2.366157619968289,2.1365023639654606,-0.1474686873017479,-0.2516042246523926
2153,True,1.3764794717652742,2.6752717174522673,2.328314469267414,3.3662341809340894,2.0460631778039016,0.6909624634818221,-0.28225129146351247
2154,True,0.9701909990569068,2.478585955620664,2.600222377105466,2.402667313334495,2.5921756151871733,-0.07591864228616929,-0.008046761918292678
2155,True,0.7226150471892662,2.8165619556295933,2.4182673802952395,2.5392359690979887,2.7194729835716336,-0.2773259865316047,0.3012056032763941
2156,True,0.824144315033097,2.3694646944404973,2.429633648268809,2.43225103596771,2.3450267164789405,0.06278634152721274,-0.08460693178986833
2157,True,0.8879041144453835,2.4418714586357737,2.3524758530747985,2.3337963216206337,2.329074283507076,-0.10807513701514004,-0.023401569567722547
2158,True,0.30342318991927847,2.40801556186832,2.3859134782720015,2.2870535902295774,2.5185544722284647,-0.12096197163874267,0.13264099395646323
2159,True,0.9380174996372324,2.3738865493742534,2.41105327425588,2.3383740469082355,2.635970886104397,-0.03551250246601789,0.22491761184851677
2160,True,0.5289903950437608,2.102678917524024,2.603522168870471,2.065846828485839,2.4603386617898764,-0.0368320890381848,-0.14318350708059446
2161,True,0.41161276999826846,2.2369329519008834,2.3851962784852736,2.386523293524285,2.4037757917293368,0.14959034162340146,0.01857951324406315
2162,True,0.48004915998895925,1.9020003883806125,2.836442042083709,2.4225878733953077,2.48900753984997,0.5205874850146952,-0.34743450223373884
2164,True,1.0472136390498945,2.0111761548158826,2.687019889673316,2.430622899885953,2.8940919769679057,0.4194467450700703,0.20707208729458948
2165,True,1.04271030602837,2.263027546407688,2.190513009319963,2.3175604108003314,2.5417911092520957,0.054532864392643265,0.35127809993213255
2166,True,1.3407351309388806,2.2367403104965047,2.5404119375605205,2.5371543335636875,2.4877231347925357,0.3004140230671828,-0.05268880276798482
2167,True,1.343241465342424,2.5749033679149997,2.3353293219800944,2.591134694964544,2.4522955430414584,0.01623132704954422,0.116966221061364
2168,True,0.46257809564984825,2.1641562502970992,2.5457442346983723,2.3281523103220714,2.4186171293757925,0.16399606002497213,-0.12712710532257976
2169,True,0.2161802303239622,2.416568441281976,2.31830584412411,2.2386558856119447,2.2026908370924416,-0.1779125556700314,-0.11561500703166816
2172,True,1.1978502064929868,2.2789501543473913,2.4993971108249284,2.875174292617754,2.9057043567445056,0.5962241382703626,0.4063072459195771
2173,True,1.016295064321727,2.1842292158333563,2.713919349520173,2.257178879153356,2.8255297191500217,0.07294966331999975,0.11161036962984872
2174,True,0.163223159327194,2.327407105793913,2.3706184384881515,2.5216215553367642,2.5710840009875207,0.19421444954285105,0.2004655624993692
2175,True,0.43246623272743456,2.0794097810196046,2.668193341963809,2.522433418678281,2.8841583855504536,0.44302363765867625,0.2159650435866447
2176,True,0.301274692051712,2.3124797193705287,2.3810426964042453,2.4907280940937735,2.499876401612288,0.17824837472324484,0.1188337052080426
2177,True,0.9098669751249856,2.3219053043782814,2.495609312572783,2.572436196436755,2.3804752684474586,0.2505308920584737,-0.11513404412532457
2178,True,1.9319615079613104,2.6562946499776716,2.13608326029207,2.6507196786114524,2.2844098868327025,-0.005574971366219206,0.14832662654063267
2179,True,1.646151741293302,2.3458703001444903,2.2793498185447536,2.3726718172897407,2.455653800724768,0.026801517145250475,0.17630398218001453
2180,True,0.7425697568370241,2.4896631173915877,2.311161741570676,2.3826534865743696,2.63898122777825,-0.10700963081721815,0.3278194862075736
2181,True,0.7190604241618637,1.873848438214788,2.794187387864315,2.75109262294311,2.8966483774771485,0.8772441847283219,0.10246098961283368
2184,True,1.0600393679701796,1.8709318097942533,3.015336223839723,2.4420046926038044,2.546816139660262,0.571072882809551,-0.468520084179461
2185,True,1.073993983349952,2.351599337323431,2.069664395354957,2.601812068529355,2.309001267312125,0.2502127312059237,0.23933687195716802
2186,True,1.1641470265586287,2.1487121269728062,2.450029715044289,2.178197667554072,2.72811010085022,0.029485540581265735,0.2780803858059313
2187,True,0.39134569418961085,2.389059359538812,2.271330787578066,2.3307965451418107,2.4435866659476186,-0.05826281439700143,0.17225587836955247
2188,True,0.3808907519251641,2.6675015332516683,2.760071510613448,2.5402133214305054,2.872863538647111,-0.1272882118211629,0.11279202803366317
2190,True,0.6794785539443774,2.6886473267239794,2.70860485211483,2.4880473577186994,2.593914485491185,-0.20059996900528,-0.11469036662364518
2192,True,1.0423574929031192,2.366254964516715,2.4661112254924755,2.3716587093093726,2.4378125949428515,0.005403744792657594,-0.028298630549624004
2193,True,1.371086763322088,2.2984923854779242,2.6327340557868735,2.371281248189046,2.5778287529975685,0.07278886271112173,-0.054905302789304944
2194,True,0.6055554604179388,2.0961431498349534,2.798720237036921,2.39593190743748,2.8849080634599087,0.29978875760252643,0.08618782642298761
2195,True,0.2268577239864153,2.144599520213506,2.2764443608619125,2.557646283477448,2.6356328258824293,0.41304676326394185,0.3591884650205168
2198,True,1.322412375012156,2.536002288701649,2.585256968156164,2.5714727366903967,2.531270815198366,0.035470447988747544,-0.05398615295779807
2200,True,0.4191623335392567,2.9886388744878496,2.5010744641053773,2.8149282180920707,2.4141468621633195,-0.17371065639577887,-0.08692760194205773
2201,True,0.32786504361105595,2.715894580170593,2.7897361030212156,2.5819519135994766,2.5569086729824746,-0.1339426665711163,-0.23282743003874096
2202,True,0.972507129202318,2.2106102796513003,2.770089432112256,2.415122799006502,2.757485373710258,0.20451251935520176,-0.012604058401997964
2203,True,0.8837024634900315,2.284156790349559,2.9051327330089416,2.421462276581859,2.7485325715213924,0.1373054862323002,-0.15660016148754918
2204,True,0.8611964263169928,2.4297188473772025,2.1925077729622764,2.543744710148603,2.3673034063262786,0.11402586277140037,0.17479563336400217
2205,True,0.9987565947700019,2.2822478050378314,2.299089499802041,2.429508887890925,2.6452261790686253,0.14726108285309358,0.3461366792665843
2206,True,0.2970984064460424,2.5927893876094137,2.297178092377689,2.627090340186458,2.473133824161159,0.03430095257704435,0.1759557317834699
2208,True,0.9234867146349157,2.4710803088123217,2.3856979703642285,2.5120767584998274,2.4642001494160333,0.04099644968750571,0.07850217905180479
2209,True,0.9096483330972096,2.3899862488725745,2.4745265538684365,2.516606670647799,2.4935174209335296,0.12662042177522448,0.01899086706509312
2210,True,0.8398546789120888,2.1748164651068835,2.541343971405681,2.2253794530641287,2.4058561824749622,0.05056298795724512,-0.1354877889307189
2211,True,0.8915987113215263,2.281453684956151,2.655526157845183,2.329648357661087,2.2258602253971387,0.04819467270493627,-0.4296659324480445
2212,True,1.2675404994574233,2.4655838194837347,2.388055298396585,2.379625036551767,2.2563121113270213,-0.0859587829319679,-0.13174318706956356
2213,True,0.8546866408291386,2.4571606064520903,2.523600002575686,2.6219837821041154,2.689602150221478,0.1648231756520251,0.16600214764579224
2214,True,0.9171850616176614,2.3420055591308926,2.415582761571212,2.6268202393428064,2.698420959310463,0.2848146802119138,0.2828381977392511
2215,True,0.46166416365931956,2.496909328549999,2.430278026399449,2.6453913801713727,2.3915627464879528,0.14848205162137385,-0.03871527991149604
2216,True,0.985234925223527,2.266850584776156,2.6422162941553444,2.1406209346941836,2.6957734926521555,-0.12622965008197262,0.053557198496811065
2217,True,0.8662499926675301,2.2571555072258533,2.6014052413839717,2.407185726281003,2.4824486415849574,0.15003021905514968,-0.1189565997990143
2218,True,0.8126366657192395,2.243193084556031,2.615211347864642,2.3653786310823475,2.36086648492815,0.12218554652631664,-0.2543448629364917
2219,True,0.770089535407649,2.259584097195765,2.6359019198179587,2.323872338477095,2.4572702376175477,0.06428824128132993,-0.17863168220041103
2220,True,0.976329073779307,2.23946662205535,2.5873358613059882,2.338263205216641,2.4935309745108443,0.09879658316129092,-0.09380488679514398
2221,True,1.2762479273930785,2.288723732083014,2.377021531349685,2.5345918521698914,2.571305005432261,0.24586812008687753,0.19428347408257585
2222,True,0.9213447113489298,2.7372172187460753,2.21499280118469,2.5210422134254316,2.276836189796051,-0.2161750053206437,0.06184338861136096
2223,True,0.6125486159403295,2.764311182917003,2.5366558475481056,2.520764729632855,2.2667640846345263,-0.24354645328414826,-0.2698917629135793
2225,True,0.5755317362974604,2.299812530729407,2.698640483595397,2.271425961549925,2.5065396099563237,-0.028386569179482013,-0.19210087363907347
2226,True,0.7734270530936966,2.3094139329275727,2.7194927663261033,2.1211412060944927,2.541318297573132,-0.18827272683307994,-0.17817446875297138
2227,True,0.6245912905568376,2.158955666358158,3.434587955912616,2.060955595896962,2.6361266549162616,-0.0980000704611963,-0.7984613009963542
2228,True,0.2827643379221679,2.1752735362248123,2.8550837560569042,2.2261837161263216,2.767083130263527,0.050910179901509256,-0.0880006257933772
2229,True,0.6300297941996482,2.7693494402296,2.4227007492465926,2.7471430559945365,2.581986651522041,-0.022206384235063492,0.15928590227544825
2230,True,0.838467438862573,2.5000507131256358,2.5943334261809907,2.5129277322545507,2.712426253181826,0.012877019128914924,0.11809282700083523
2231,True,1.0091417003806558,2.593034943594089,2.484422202645919,2.4493221115676067,2.528868147062041,-0.14371283202648222,0.04444594441612182
2232,True,1.0837821195804538,2.5867027701110157,2.47352985783475,2.5359511446567735,2.3399140820359197,-0.050751625454242166,-0.13361577579883033
2233,True,1.0422702214404937,2.167132062519495,2.6737654430035556,2.124193137706174,2.7256015227147565,-0.042938924813320956,0.051836079711200966
2235,True,0.6246671122676378,2.1653806646869267,2.382252442248722,2.1318716397508553,2.5676329229479045,-0.03350902493607144,0.18538048069918256
2236,True,0.81173140362766,2.460522902839963,2.8009327587966113,2.4031406282431744,3.057454589587554,-0.05738227459678846,0.2565218307909425
2237,True,1.0751916794380594,2.770063949532573,2.4462960991057483,2.53576314207183,2.56928550076748,-0.2343008074607429,0.12298940166173189
2238,True,0.6311761007395752,2.521657664176484,2.416965352440949,2.5935907093178754,2.250657701415522,0.07193304514139154,-0.1663076510254271
2239,True,0.9763530436448166,2.5239006287292693,2.373022326570064,2.4364866422527336,2.4005216157854106,-0.08741398647653575,0.0274992892153465
2240,True,0.9816332672122734,2.3032081181039628,2.8244834887462167,2.331654797205195,2.692312877155811,0.02844667910123233,-0.13217061159040577
2241,True,0.8910109082792932,2.300429515829598,2.830038225854909,2.2127612669336925,2.8340405455400597,-0.08766824889590552,0.004002319685150635
2242,True,0.22650893327345026,2.2391125566393484,2.263302463238177,2.413897652702575,2.374039953989612,0.17478509606322667,0.11073749075143491
2243,True,0.3766398228424104,2.4520168778782905,2.137238375287137,2.4013051450219733,2.0933146281908988,-0.05071173285631714,-0.04392374709623814
2244,True,0.21806465524628377,2.775481354612205,2.189895552280976,2.8924088017825214,2.502648136288839,0.11692744717031633,0.3127525840078631
2245,True,0.27931389389499656,2.199024646292078,2.7791771113406933,2.4041679738855604,2.7976620927486935,0.2051433275934822,0.018484981408000145
2246,True,0.6565278247206348,2.5785375359881813,2.1330236027292337,2.4386209319461685,2.294698632580976,-0.13991660404201278,0.1616750298517422
2247,True,0.5614996439034998,2.4602777710047294,2.2029717647305422,2.409864406763169,2.2952927331826323,-0.05041336424156029,0.09232096845209004
2248,True,1.2649041902818228,2.3049615430631376,2.4826614761783374,2.20685775512356,2.2626419479842586,-0.09810378793957764,-0.22001952819407888
2249,True,1.054138811216559,2.225619287074948,2.6427140815835526,2.4402157949478567,2.517252958083275,0.21459650787290885,-0.1254611235002776
2250,True,0.9845192950601522,2.5526148603148107,2.068293108072451,2.686842545809672,2.275931304132662,0.13422768549486142,0.20763819606021094
2251,True,0.8150074063083899,2.3772001328032943,2.0380089403876522,2.4724678293547115,2.379068007261877,0.0952676965514172,0.3410590668742248
2252,True,0.5840202109623884,2.3036041895473276,2.5649477278299453,2.3281897062941415,2.4319938642280743,0.024585516746813862,-0.132953863601871
2253,True,1.1589502681443935,2.2810352159929494,2.598082938552963,2.1515100272053114,2.2889716014249717,-0.12952518878763808,-0.30911133712799144
2254,True,1.0235557090378982,2.6118983891989362,2.3386391990642763,2.8711462011484192,2.673425943901383,0.259247811949483,0.3347867448371069
2255,True,0.7151461449926398,2.5493187083807314,2.396699387449331,2.625459069158573,2.519287161392484,0.07614036077784148,0.1225877739431529
2256,True,0.912903151974142,2.248552804027515,2.4998196468345473,2.4540162153095078,2.4302771325097883,0.20546341128199286,-0.069542514324759
2257,True,1.051171165161936,2.3169811267897717,2.6983283812204917,2.3752022981087313,2.5120194164520306,0.05822117131895954,-0.18630896476846104
2258,True,0.37800241315572414,2.535844024797267,2.039375194244551,2.432303042631407,2.1897303668214496,-0.10354098216585994,0.1503551725768988
2259,True,0.8193630908182467,2.0876661858161136,2.26580692480626,2.2767138743133706,2.4053928654982744,0.18904768849725695,0.13958594069201435
2260,True,0.8582818565266833,2.552562537568864,2.746262107975129,2.425953046273155,2.4737265964192567,-0.1266094912957092,-0.2725355115558723
2261,True,0.818409517381387,2.5354016792808194,2.637933400410253,2.4973567631199596,2.521306655359875,-0.03804491616085981,-0.11662674505037796
2264,True,1.0115809796589421,2.417912858520754,2.47168428020247,2.4021272563469656,2.3701824282067405,-0.015785602173788327,-0.10150185199572936
2265,True,1.0836638507808336,2.4538815472023088,2.42048669630717,2.4984042164407665,2.498181526648734,0.04452266923845771,0.0776948303415641
2266,True,0.6172531637244458,2.3999935527830067,2.634007524116057,2.380525970513449,2.8564094110174403,-0.019467582269557582,0.22240188690138307
2267,True,0.9904838359080648,2.234956908152817,2.7024572081903537,2.263576036146787,2.737873883269644,0.02861912799397004,0.03541667507929036
2268,True,0.9853405397965401,2.426407236677306,2.5515970878059884,2.4533454057484443,2.369304492617823,0.02693816907113833,-0.18229259518816532
2269,True,0.5995431246458715,2.4218305269155396,2.560245196577859,2.3296449570320794,2.440724816387542,-0.09218556988346016,-0.11952038019031708
2270,True,1.386834568976641,2.319070271919331,2.6443118962974093,2.43864611981587,2.5640240230859774,0.11957584789653897,-0.08028787321143183
2271,True,1.405827809853617,2.2923498662071635,2.592286265442149,2.602748998274517,2.6750803899750375,0.31039913206735337,0.0827941245328887
2272,True,0.8779367427041825,2.740609746771692,2.3451243919673,2.6976272985964904,2.4210613896822193,-0.04298244817520169,0.07593699771491913
2273,True,0.6823367510405215,2.592354385148759,2.4798865495219737,2.788768409015707,2.68090350124431,0.19641402386694828,0.20101695172233613
2274,True,0.8278739833550348,2.4246587592277806,2.5293486197438266,2.485557460532345,2.831447002713277,0.06089870130456454,0.30209838296945035
2275,True,0.9652399903048453,2.3547797711675718,2.6033655097584742,2.29740061266837,2.9450364325464635,-0.05737915849920183,0.3416709227879893
2276,True,1.510694026418112,2.490324404470229,2.8488094240928086,2.4504476947133558,2.6607856537710814,-0.039876709756873296,-0.18802377032172712
2277,True,0.9245168646449234,2.8443337269912616,2.4254103991902074,2.732961466440023,2.4395833402005356,-0.11137226055123861,0.014172941010328177
2278,True,0.4717083000149259,2.255972008048859,2.444338672136085,2.216312615923349,2.485629248127524,-0.03965939212550973,0.04129057599143904
2281,True,1.274632138754227,2.6488761955591658,2.469371060999136,2.6169028278828006,2.6439693567297637,-0.03197336767636516,0.17459829573062757
2282,True,1.3868582637980484,2.396772813055088,2.7803333751728405,2.561404417183862,2.3455075047575527,0.1646316041287741,-0.43482587041528786
2283,True,1.0501380820573243,2.696538232419485,2.3841849140744094,2.598668369123502,2.58399151483069,-0.0978698632959829,0.19980660075628043
2284,True,1.3343194759039954,2.4726364861418673,2.6970186682335,2.446646396655226,2.443535623280741,-0.025990089486641388,-0.253483044952759
2285,True,0.7657872108497218,2.5377323499731013,2.323680546224028,2.5444577277828766,2.680346074654167,0.006725377809775335,0.35666552843013877
2286,True,0.43566791999063037,2.266387801635016,2.4696985477786555,2.2260779318734554,2.774242890217978,-0.0403098697615607,0.3045443424393226
2287,True,0.5349934228824444,2.5832835611097744,2.307719404628734,2.487132409009621,2.2692062016361585,-0.09615115210015324,-0.03851320299257566
2288,True,0.41644792891630505,2.324868067590073,2.417017748238519,2.368283408003358,2.5934244694802664,0.0434153404132851,0.17640672124174728
2289,True,0.3500749807199032,2.5045571702997718,2.6331335897747383,2.4487892890622502,2.510765091541023,-0.05576788123752152,-0.12236849823371543
2290,True,1.0493968534252045,2.1830127449467627,2.3912336056730217,2.0302744826111567,2.1706458699292703,-0.15273826233560595,-0.22058773574375135
2291,True,0.3541456916319659,2.289815594059923,2.210023385260889,2.2469128213126117,2.277569273005983,-0.042902772747311246,0.06754588774509385
2292,True,0.7557696630089829,2.5201770344759513,2.9405914873882093,2.303234048835246,2.4895712102856185,-0.21694298564070547,-0.45102027710259085
2293,True,1.8726687667010713,2.786194128304774,2.575610303384423,2.386523690281955,2.3943065882952417,-0.3996704380228189,-0.18130371508918142
2294,True,1.655229642199941,2.10318115746124,3.1368607373614785,2.302355657834167,2.277723764179713,0.19917450037292728,-0.8591369731817657
2295,True,1.2205453455614161,2.1306101342807886,2.5283312932248414,2.378167572199024,2.651833952922015,0.24755743791823548,0.12350265969717356
2296,True,1.4799500001543926,3.1910782425067548,2.439070763508103,2.927516934004311,2.927329413844981,-0.26356130850244375,0.48825865033687776
2297,True,1.2704404341166984,2.7935621488343516,2.025070212535852,2.6208348361920866,2.4733944243037747,-0.17272731264226504,0.4483242117679227
2298,True,1.0037548552562399,2.544621714479384,2.3046584236931946,2.8373094443343683,2.5178527184897055,0.29268772985498437,0.21319429479651086
2299,True,0.6172204122275152,2.2233036029521474,2.407078604657521,2.3586124657147476,2.2931531845395763,0.13530886276260023,-0.11392542011794493
2300,True,0.6789376269775796,3.1108984697350697,2.325015906633759,2.702689900329115,2.652163291281478,-0.4082085694059545,0.3271473846477191
2301,True,1.0791039263667273,2.334883573350072,2.432829782886588,2.518858782003271,2.4357799622874396,0.18397520865319894,0.002950179400851738
2302,True,0.5483917390127498,2.4214830491044115,2.5262645803834562,2.557118548694018,2.396014776753683,0.1356354995896063,-0.13024980362977345
2303,True,0.8052995211221241,2.513338176967039,2.455020344192691,2.502373213274551,2.3457400624474567,-0.010964963692488006,-0.1092802817452343
2304,True,0.6455790973128522,2.417710286883025,2.5354445929067353,2.3622481911750928,2.2437775139351497,-0.055462095707932146,-0.2916670789715856
2305,True,0.797905190816763,2.5129470481090523,2.4909648814264727,2.7022838533488667,2.328943653077721,0.18933680523981433,-0.16202122834875166
2306,True,0.8103819968850223,2.3821770903734256,2.373281106485281,2.5590339601742293,2.2556782175252748,0.17685686980080373,-0.11760288896000626
2308,True,1.173356220389474,3.0262966710816706,2.3961093009501884,2.753934634068863,2.0808173872752507,-0.2723620370128077,-0.3152919136749377
2309,True,1.0750922146365514,2.44023975340539,2.5697869908807616,2.4932421435536503,2.640210350540464,0.05300239014826014,0.07042335965970237
2310,True,1.1422046079635253,2.5412592707356723,2.550504641615067,2.3937682776653637,2.632427489670133,-0.14749099307030855,0.08192284805506622
2311,True,0.7817365999249855,2.607466918160229,2.585087262859805,2.2923798139376905,2.098292831169186,-0.3150871042225383,-0.486794431690619
2312,True,0.8490404603288704,2.5467337374174,2.620712312597474,2.4491048105162836,2.383378463242462,-0.09762892690111658,-0.23733384935501167
2313,True,0.7722417128660121,2.353059246342939,2.2042590371369695,2.6157103071494747,2.505113046002116,0.2626510608065358,0.30085400886514657
2314,True,0.43667701792912467,2.4172590061679364,2.222146111712729,2.467927241132931,2.5523299493772353,0.05066823496499451,0.33018383766450654
2315,True,0.4820833158685164,2.2410929485855777,2.441753922675256,2.5315319386894966,2.2622069135534444,0.2904389901039188,-0.17954700912181165
2316,True,1.2239455085020023,2.362391150127345,2.3346865727330512,2.327437960987575,2.2095640930851044,-0.03495318913976986,-0.12512247964794687
2317,True,0.5022691313180129,2.30020328975506,2.2518650391397794,2.32872534736366,2.2884957632637204,0.028522057608599827,0.03663072412394097
2318,True,0.7056531559338143,2.1504710866459003,2.4497163091876577,2.4726470325129304,2.481191118833251,0.32217594586703013,0.03147480964559346
2319,True,0.298899414321892,2.0916280449927034,2.870030242854594,1.923568527273463,2.3988472336395246,-0.16805951771924033,-0.4711830092150695
2320,True,1.3020785767967886,1.9944068385612799,2.856625695099027,2.023070220739261,2.7275766085618933,0.028663382177980923,-0.12904908653713365
2321,True,0.7883513804169016,2.453809117148275,2.2823460324849965,2.668776934177527,2.336868652443693,0.21496781702925194,0.05452261995869634
2322,True,0.9299595043518472,2.396950979578014,2.322606670144559,2.2044063523250426,2.3632403267856614,-0.1925446272529716,0.04063365664110252
2323,True,0.5782382709590294,2.165932724024456,2.4342577531765204,2.2930532856032806,2.459578323506084,0.12712056157882445,0.025320570329563807
2324,True,0.5283100093999475,2.3733153296391105,2.431139810315318,2.1760449432075153,2.6056391897793527,-0.19727038643159522,0.17449937946403482
2325,True,0.8921349578558266,2.5751804765685837,2.714931760486808,2.6439088983499412,2.743732805900385,0.06872842178135752,0.028801045413576976
2326,True,0.6720780659273877,2.6582795775463497,2.608079355330278,2.745673270309306,2.8287494108492535,0.08739369276295639,0.22067005551897534
2327,True,0.9968975584978634,2.4394045620601763,2.749017577572032,2.2417594493314845,2.3474792688239017,-0.19764511272869179,-0.4015383087481301
2328,True,0.713322398672436,2.4637907792870726,2.5038943799010367,2.302496503277692,2.0356180255986143,-0.1612942760093805,-0.4682763543024224
2329,True,0.2885033141635901,2.3636861466362236,3.0950310571947415,2.2596183447383322,2.5110193677399226,-0.10406780189789133,-0.5840116894548188
2330,True,0.4911219484180072,2.5090176486226636,2.5133291361658148,2.3450957088313045,2.292195726856893,-0.16392193979135916,-0.2211334093089219
2331,True,0.3538159261218273,2.092457414620426,2.5492655540763107,2.2644613364032073,2.4592715101236786,0.17200392178278134,-0.08999404395263211
2332,True,1.5182782730593851,2.0622309892686608,2.5031815401604414,2.444369735617752,2.31309086488577,0.3821387463490913,-0.19009067527467138
2333,True,1.66505911497592,2.4491436279034358,2.6220272132264375,2.394901764387216,2.246975870353084,-0.054241863516219624,-0.3750513428733533
2337,True,0.17495941235531395,2.617195794357006,2.576051422856306,2.541780366455568,2.526381011402081,-0.07541542790143829,-0.04967041145422524
2339,True,0.7344745809325898,2.326595664441933,2.7261975859060543,2.2669023023363843,2.4990540148340132,-0.059693362105548875,-0.22714357107204108
2341,True,2.0163485571202795,2.128511652094017,2.753948770275148,2.774850955221379,4.686844147203319,0.6463393031273621,1.9328953769281707
2342,True,0.6579388972475251,2.610543224867192,2.299114839976464,2.6936915896245432,2.683748173720664,0.08314836475735143,0.3846333337442003
2343,True,0.6615393647038152,2.4396610788181214,1.9440553211264333,2.5136058708844953,2.2956952167885873,0.07394479206637383,0.35163989566215403
2344,True,0.8003765612367645,1.8883588024790203,3.20199656234981,2.3811453066314536,2.6845781790964853,0.4927865041524333,-0.5174183832533248
2345,True,0.7801975204335831,2.587961991432641,2.1468821017699136,2.709035423550235,2.2977831297615965,0.12107343211759414,0.15090102799168292
2346,True,0.8260573195332591,2.7107673734203015,2.0894586686986654,2.6829248987112924,2.106577777343386,-0.027842474709009135,0.017119108644720438
2347,True,0.3718874321245501,2.6331977072373434,2.109932819072683,2.5886567368328306,2.247393363681801,-0.04454097040451277,0.13746054460911772
2348,True,0.567463368910554,2.315659657095576,2.371535878644892,2.414973712395644,2.377995294578608,0.0993140553000682,0.006459415933715906
2349,True,0.9818508781333716,2.5340058283476776,2.42607282250554,2.154337747311456,2.3215932187741246,-0.3796680810362214,-0.10447960373141552
2350,True,1.4368672827754534,2.4473810417464623,2.4842163810747246,2.594030335801993,2.037934567350483,0.14664929405553062,-0.4462818137242417
2351,True,1.2013882505558904,2.6159328220923412,2.409979112876292,2.548191090715922,2.3525330521726997,-0.06774173137641926,-0.05744606070359248
2352,True,1.28238509815546,2.5641759635992223,2.441169402028462,2.782826832695847,2.4105668431292253,0.21865086909662468,-0.030602558899236687
2353,True,0.6993255694903855,2.4960294199588273,2.4293143944948747,2.3436895657601498,2.5098539676877616,-0.15233985419867757,0.08053957319288685
2354,True,0.6114747149688805,2.5903986432207686,1.9795915127621655,2.284075910710062,2.0383077659158837,-0.3063227325107065,0.0587162531537182
2355,True,0.618329533969332,2.3539122789730293,2.190715303844842,2.5246356530424348,2.1647170199961474,0.1707233740694054,-0.025998283848694737
2356,True,0.6897904341434826,2.3425468408763996,2.3979156421775976,2.7374710557426907,2.4325980181470594,0.39492421486629103,0.03468237596946189
2357,True,0.8211734510511671,2.4129556302800097,2.3645745001162473,2.491244325049432,2.3919692027425854,0.07828869476942213,0.02739470262633814
2359,True,0.5323110528521997,2.2638835439571534,2.312573167491139,2.368732052189525,2.446623024951944,0.1048485082323718,0.13404985746080467
2360,True,0.7199020368657039,2.395125721648031,2.4432321467474187,2.673436941481508,2.696342786760986,0.2783112198334772,0.2531106400135674
2361,True,0.28675043256291083,2.449869715617547,2.042532989843738,2.728259457175948,2.110972079613324,0.2783897415584011,0.06843908976958568
2362,True,0.3521180494082967,2.5640781759727997,1.955727494642339,2.6890266862863226,2.4637104875063955,0.12494851031352283,0.5079829928640565
2363,True,0.616167621183138,2.456138855195284,2.596847787568613,2.486145996148658,2.502308450852932,0.030007140953373757,-0.09453933671568082
2364,True,0.8260084979797949,2.5559949214933897,2.5568917343915833,2.5223020221656647,2.477494144140204,-0.03369289932772501,-0.07939759025137949
2365,True,0.9764483172559681,2.53428300856475,2.5897710255541897,2.4376658191263627,2.529993823528824,-0.09661718943838737,-0.05977720202536574
2366,True,0.4341899209355619,2.5018585894690366,2.8742041013470145,2.347162405082784,2.4514482181620725,-0.15469618438625243,-0.42275588318494206
2367,True,0.5760812930109962,2.5144078483412353,2.3634224503884194,2.6611192982818337,2.5588732572157613,0.14671144994059837,0.19545080682734195
2368,True,0.597667052552366,2.4108430963876515,2.4495970490674583,2.649130496973488,2.66927543209707,0.23828740058583664,0.21967838302961162
2369,True,0.4505533190089743,2.4486353939694654,2.6626978742996736,2.378610355086347,2.512878296183482,-0.07002503888311828,-0.14981957811619173
2370,True,0.6375420551306573,2.59687202898025,2.477253491167184,2.6363623153919873,2.319108112548443,0.03949028641173724,-0.158145378618741
2371,True,0.6210292396271422,2.7044407674415796,2.402186768446617,2.636456315595614,2.609430756795436,-0.06798445184596558,0.20724398834881885
2372,True,0.750695635466909,2.315233937683188,3.1651929019571616,1.8730990806575076,2.7959860153747194,-0.44213485702568045,-0.3692068865824423
2373,True,1.6214436279434932,1.9851891268340154,2.261502066547807,1.893938765950473,2.1992360519275778,-0.09125036088354244,-0.06226601462022918
2374,True,1.225729437426236,1.917254326217573,2.539532468073602,2.245242639032806,2.579659023787446,0.327988312815233,0.04012655571384416
2375,True,0.7411647362410269,2.8158832037213477,1.9202450462896656,2.7661053626951744,2.509663204300131,-0.04977784102617333,0.5894181580104652
2376,True,1.4560019594429654,2.3049421673655934,2.1464071534776434,2.4119458704815497,2.029550547962282,0.1070037031159563,-0.11685660551536126
2377,True,0.7564627974263363,2.162007757340385,2.3011962114083193,2.433291688387769,2.4203123407417895,0.271283931047384,0.11911612933347016
2378,True,0.9126396562906237,1.942878566792068,2.4710652435336464,2.04502595923108,2.5934632960205937,0.10214739243901216,0.12239805248694724
2379,True,0.7989076753591674,2.465849468986296,2.5447261008603665,2.533806117220692,2.5844857989946473,0.06795664823439607,0.03975969813428071
2380,True,0.9440579061355172,2.276115505922315,2.6669069247725923,2.179427673806589,2.4560117194079103,-0.09668783211572585,-0.21089520536468198
2382,True,0.6249918723811236,2.4714542053414625,2.4581699037495355,2.4605956035551637,2.411258585836036,-0.010858601786298827,-0.04691131791349967
2383,True,0.5415701799611776,2.876699324329882,2.441912916649568,2.3725228862866636,2.5021553643806773,-0.5041764380432183,0.060242447731109205
2384,True,0.8464085745940413,2.4087428298180775,3.1432753174992483,2.672244277315231,2.4571585623848127,0.2635014474971533,-0.6861167551144356
2385,True,0.8060773793069239,2.4884571129316253,2.715344830790373,2.6756413360624403,2.6911715224715795,0.18718422313081495,-0.024173308318793385
2386,True,0.8101123896504019,2.447772243816814,2.7470396877730034,2.5839718318627236,2.6239274425900194,0.1361995880459097,-0.12311224518298403
2387,True,1.131281408271591,2.4550552954057876,2.274084530772768,2.6356625521822785,2.8369245724976544,0.18060725677649092,0.5628400417248862
2388,True,1.3235681344733472,2.0239180868058866,3.066332002458312,2.318195858644174,2.5068402538323022,0.2942777718382876,-0.5594917486260096
2389,True,0.7038857852430364,2.7316586290750164,2.178404357000784,2.513536287547685,2.2098608260587365,-0.21812234152733145,0.03145646905795241
2390,True,0.9365687802145345,2.8975820666376304,2.1501411746208667,2.7986768939134437,2.339841045456507,-0.09890517272418675,0.1896998708356401
2391,True,0.3770125354777202,2.2233094263507276,2.2187572157629147,2.1868396405900454,2.0463440200643195,-0.03646978576068216,-0.17241319569859526
2392,True,0.5696258451451467,2.383248694744214,2.144622714908149,2.2484734298365634,2.0600522313837093,-0.1347752649076508,-0.08457048352443985
2393,True,0.6449026203694093,2.42941639880857,2.7263546267131136,2.4245216246268044,2.656986311700156,-0.004894774181765538,-0.06936831501295737
2395,True,1.1203265069705883,2.53211964709411,2.456207281888074,2.6472280323062463,2.490909384262101,0.11510838521213618,0.034702102374027266
2396,True,0.633313073455931,2.52188762931658,2.4526555930460354,2.425667094771663,2.439032915206763,-0.09622053454491697,-0.013622677839272512
2397,True,0.3241944217803211,2.58218272281417,2.425473986955952,2.504327873067143,2.4685326262419545,-0.07785484974702683,0.04305863928600262
2398,True,0.8024682818585546,2.5134792425241943,2.4496484009138944,2.425079177302259,2.3912633982608438,-0.08840006522193544,-0.05838500265305058
2399,True,0.8264612791106815,2.2347850957754307,2.653123272937012,2.251598093845791,2.6230049039874093,0.016812998070360408,-0.030118368949602736
2400,True,0.8436604005089231,2.4303302545333216,2.3808192373634753,2.3891644865318504,2.5489544083521776,-0.041165768001471204,0.16813517098870223
2401,True,1.169814592191254,2.098837545523712,2.307798997183247,3.1068265536534225,2.7245004505953014,1.0079890081297105,0.41670145341205433
2402,True,1.1613405888068218,2.324319914426584,1.9565425511345262,2.4065848721460044,2.83271756248183,0.08226495771942055,0.8761750113473039
2403,True,1.2331785964237876,2.152742969771357,3.011343435545006,2.029432324202017,2.815446218042355,-0.1233106455693398,-0.195897217502651
2404,True,0.5107712864625031,2.2735400438083335,2.7599344527361516,2.1518837281400685,2.651777858277537,-0.12165631566826507,-0.10815659445861447
2407,True,1.198459557066477,2.2104238748484417,2.3293666859041324,2.520450817340025,2.565338868433175,0.31002694249158314,0.2359721825290424
2408,True,1.0404645829502182,2.429996764401138,2.1882926573244266,2.5162898802053792,2.346650761015793,0.08629311580424126,0.15835810369136638
2409,True,0.48106023297386785,2.703269697606956,2.290304296354526,2.6923134763387044,2.3742172425633252,-0.010956221268251465,0.08391294620879908
2410,True,0.20770261501423562,2.930527851377632,2.162060935727761,2.866021549849547,2.0479100442766036,-0.0645063015280849,-0.11415089145115731
2411,True,0.45346836033944965,3.256217246345827,2.0564310753827852,3.102673977845884,2.2132872518934366,-0.15354326849994315,0.1568561765106513
2412,True,0.268222050292024,3.084590273294008,2.1009664165807123,2.877929568094049,2.1965288382973713,-0.20666070519995872,0.09556242171665907
2413,True,0.6012686776742759,2.355188986939264,2.1709390022061883,2.268332545782034,2.2128520769344253,-0.08685644115723035,0.04191307472823702
2414,True,1.5307741690152308,2.1097667445241437,2.543050286978218,2.2508295506032883,2.5300979465888274,0.14106280607914456,-0.012952340389390748
2415,True,0.5772257551267121,2.2508915149557964,2.307526363056336,2.1454272101949767,2.4757718708760303,-0.1054643047608197,0.1682455078196945
2416,True,0.8158071979415447,2.283703993997471,2.3148382147571347,2.723737799506773,2.149197858883402,0.44003380550930205,-0.1656403558737325
2417,True,0.8808011111132562,2.4036420183754483,2.104919130275555,2.527838202671603,2.45376492899646,0.12419618429615475,0.3488457987209048
2418,True,0.757913072130582,2.2351996359609583,2.2831601895180285,2.4843779830043973,2.187319512409881,0.249178347043439,-0.09584067710814725
2419,True,0.2920260745947338,2.5299122084570445,2.3196801668549054,2.835205813073012,2.2387660358505532,0.30529360461596733,-0.08091413100435219
2420,True,0.9663003781362668,2.4259390087963877,2.3639396128285513,2.5059829741662254,2.2220834722973395,0.08004396536983771,-0.14185614053121176
2421,True,0.8723677085407564,2.3650622445297285,2.528019255187745,2.5055630803272546,2.378063004418933,0.14050083579752615,-0.14995625076881236
2422,True,0.460068751305786,2.511289528708309,2.381485183094785,2.351752725573631,2.432271123694889,-0.159536803134678,0.050785940600103885
2423,True,0.7364164390396161,2.5206472879203075,2.73763536235197,2.4856080244938057,2.4892849484665267,-0.035039263426501766,-0.2483504138854431
2424,True,0.8939450223234278,2.788067497479212,2.6034227719292926,2.5991901563252355,2.536186484333319,-0.18887734115397636,-0.06723628759597355
2425,True,1.1530527052788382,2.347772126719286,2.5110249428072193,2.3558189016208355,2.4940498123686305,0.00804677490154937,-0.01697513043858878
2426,True,1.0326524392436336,2.2071878034730075,2.6329642741974304,2.316021466137566,2.5092562759750145,0.10883366266455852,-0.12370799822241585
2427,True,1.0706789487021695,2.329243965302905,2.3310258772051418,2.480421226183569,2.3775126495591983,0.15117726088066386,0.046486772354056516
2428,True,0.4712335079518008,2.0923338661647666,2.3345803036948634,2.267833334615884,2.3933928167914686,0.1754994684511173,0.05881251309660529
2429,True,0.6969232226575697,2.4035921200153743,2.4306805801050864,2.530531633541656,2.4493219835238076,0.12693951352628163,0.018641403418721225
2430,True,0.7659355930355276,2.4909242141221397,2.4195422363124806,2.545924944010919,2.4199670944236,0.055000729888779354,0.00042485811111925287
2431,True,0.44998200305132113,2.464469049308593,2.516063456552716,2.557326434020694,2.5577281538721035,0.09285738471210081,0.04166469731938749
2432,True,1.073035532461204,2.6066621486299293,2.5168083884555057,2.59546844057619,2.399206669551,-0.011193708053739204,-0.11760171890450577
2433,True,1.516487239568455,2.3619154002842695,2.242329018453804,2.1942651529489323,2.386403917112734,-0.16765024733533718,0.14407489865892975
2434,True,1.0259663450774315,2.2285298591223768,2.642750473673215,2.5627812464223316,2.6618309246300753,0.33425138729995485,0.019080450956860506
2435,True,0.7877393859117617,2.8437830469464442,2.740759388727876,2.5115259327866792,2.549222327138416,-0.332257114159765,-0.19153706158946004
2437,True,0.5278337508330897,2.693602780311158,2.357795221875725,2.55218689813305,2.1841422500801086,-0.1414158821781082,-0.17365297179561656
2438,True,0.5439383992072766,2.7863577726307867,2.5888825927415096,2.103363234597867,2.2732586335613023,-0.6829945380329199,-0.31562395918020725
2439,True,0.49962070010884857,2.474762313293945,2.8502669617774403,2.704680295938505,2.608513438742074,0.22991798264455987,-0.24175352303536624
2440,True,0.7495838945282978,2.5670414760576032,2.3654927067526548,2.652521926694481,2.868088853115433,0.08548045063687759,0.5025961463627784
2441,True,1.3701115350516335,2.5076580075042134,2.513678631249428,2.5106076982477767,2.5314848600426196,0.002949690743563327,0.017806228793191714
2442,True,0.48056289915841366,2.5562568231302576,2.511395866624774,2.5700152291451506,2.533587316768262,0.013758406014892977,0.022191450143488112
2443,True,0.9399425966918736,2.594005983724787,2.5549907862651873,2.754904935783447,2.538835186363424,0.1608989520586599,-0.016155599901763296
2444,True,0.7131316381969747,2.6387194436885477,2.4274444972027682,2.529750933370517,2.6041248553786738,-0.1089685103180309,0.17668035817590555
2445,True,0.38740745555823664,2.6339459715985063,2.420534707146336,2.566995779661704,2.1743675709608072,-0.0669501919368023,-0.24616713618552888
2446,True,0.4567433739936184,2.667115040525999,2.589786979927114,2.5504300709499956,2.448389978717647,-0.11668496957600327,-0.14139700120946674
2448,True,1.3064889814390275,2.6019830250599254,2.22620122488961,2.753542311339886,2.7964690748694148,0.1515592862799604,0.5702678499798046
2450,True,0.8596892028616615,2.795117493541193,2.6402195881782253,2.554943130857906,2.5393623556461966,-0.24017436268328707,-0.10085723253202872
2451,True,0.6693087823939106,2.860286033843469,2.7877829480789926,2.705991587479532,2.5967418177957162,-0.15429444636393663,-0.1910411302832764
2452,True,0.9777279901345302,2.3554133678825893,2.6590866119778798,2.763913770661632,2.7802572595653805,0.40850040277904265,0.12117064758750073
2453,True,0.7924049245656544,2.2528019861053035,2.846333687272102,2.5259580457499684,2.6318456553652614,0.27315605964466494,-0.21448803190684052
2454,True,0.4446822299729065,2.3731445766745853,2.6645623192749683,2.506087639383148,2.3211185305014044,0.13294306270856282,-0.34344378877356396
2455,True,0.8870630770504078,2.5210146103106976,2.30753183635676,2.6826567256011344,2.695464234162457,0.16164211529043682,0.387932397805697
2456,True,0.8407389778053497,2.11835759327834,2.4455750208488802,2.3417321235858726,2.3435782179445175,0.22337453030753274,-0.10199680290436275
2457,True,0.733828651214686,2.0373671057273897,2.5418289472936606,2.337116621899087,2.495904908322631,0.2997495161716972,-0.04592403897102981
2458,True,1.3446380061931549,2.2212199603146017,2.375186364245972,2.403829950125008,2.1936257920103417,0.18260998981040633,-0.18156057223563016
2459,True,0.770597194379322,2.192615947059585,2.6418178345222825,1.887061819034819,2.511096134728816,-0.305554128024766,-0.1307216997934666
2460,True,0.7287321120424882,2.0906636631701425,2.659653889775886,3.0005997681946854,2.457587006142814,0.9099361050245429,-0.2020668836330719
2462,True,1.1773667317766077,2.354325454541065,2.4478096105906606,2.283043297007089,2.429005463781628,-0.07128215753397615,-0.01880414680903275
2463,True,0.8835723079344938,2.6085026665502946,2.4981937464095934,2.3757529146807337,2.8543885139087144,-0.23274975186956093,0.35619476749912105
2465,True,2.0462757515525243,2.1377096493677525,2.367626901393038,2.5101775767401397,2.650823766360563,0.3724679273723872,0.28319686496752494
2466,True,0.5018745620891424,2.6803822380212865,2.6817920901889467,2.4390097220605744,2.8557062223290757,-0.24137251596071208,0.17391413214012896
2467,True,0.7045841466696119,2.4151280356328932,2.9100378610767246,2.4991270103870273,2.4877265553872676,0.08399897475413409,-0.42231130568945696
2468,True,0.4104864217740899,2.2936972484179337,2.8719549132428943,2.196231463391097,2.709171797703128,-0.09746578502683656,-0.16278311553976632
2469,True,0.5691897755454474,2.7157997672324816,2.3362927835354883,2.637403408573478,2.299144033729727,-0.07839635865900352,-0.037148749805761216
2470,True,1.22475373409599,2.6122512342805013,2.1718095834810196,2.570737820373948,2.2218441850069053,-0.041513413906553165,0.05003460152588568
2471,True,0.6919733724884088,2.6251585583160497,2.3439924379784167,2.4286991553234833,2.275385299334818,-0.19645940299256637,-0.06860713864359891
2472,True,1.1058782361938535,2.1159583701954063,2.3914127927440716,2.189938586560135,2.5851154684899473,0.07398021636472851,0.19370267574587574
2473,True,1.304797791058765,2.1717966699946847,2.403583277733476,2.353533446253739,2.399918646037194,0.18173677625905427,-0.0036646316962820613
2474,True,0.7214291497584455,2.198738920972656,2.310131640404936,2.3058361031354764,2.495783995895478,0.10709718216282038,0.18565235549054204
2475,True,1.1979981962635011,2.1913837703606367,2.3139142694144916,2.4969336320961757,2.366043192220083,0.305549861735539,0.05212892280559123
2478,True,0.5496567930127033,2.426790665343841,2.382815973590911,2.5614743614133637,2.3356808845786277,0.1346836960695228,-0.04713508901228325
2480,True,0.7766106809913654,2.1752618256660505,2.680034758170125,2.358655048531472,2.6640489548259056,0.18339322286542137,-0.015985803344219285
2481,True,0.8110793504251073,2.358580501021748,2.4501141294641764,2.3495644762214978,2.683997769283909,-0.00901602480025021,0.2338836398197328
2482,True,1.7882274464327776,2.342905187881064,2.3433307043821183,2.294664361482742,2.1828159693462483,-0.048240826398322056,-0.16051473503587
2483,True,1.2395681578416424,2.558799624765488,2.4257985108413274,2.585231557276446,2.7221469102403346,0.026431932510958323,0.29634839939900726
2484,True,1.2117012724961382,2.289980402208718,2.5577469074167603,2.4102111195084137,2.3937748565088572,0.12023071729969592,-0.163972050907903
2485,True,1.1821673135962851,2.3785215708502627,2.3078457950435074,2.535694824568998,2.5104363341879434,0.15717325371873514,0.20259053914443603
2486,True,0.5557637806822623,2.4675132561548683,2.2887467201287257,2.4807181667914233,2.4215786098555627,0.013204910636555045,0.13283188972683702
2487,True,1.4819894889901088,2.35911984759147,2.3530406825849823,2.4552820861192304,2.666655684078093,0.09616223852776029,0.3136150014931105
2488,True,0.7376495924672947,2.402074582917858,2.573832746353189,2.520298982863938,2.354761568878259,0.11822439994608036,-0.21907117747492988
2489,True,0.8409111791056997,2.5292146415241232,2.2631024597220515,2.443779182868616,2.318619501290369,-0.08543545865550728,0.055517041568317715
2490,True,0.8916822033292947,2.311157535370534,2.119277112673093,2.4901693884147718,2.3065444746137023,0.17901185304423795,0.18726736194060933
2491,True,0.8573974644625174,2.0535694650534713,2.681860938117411,2.5548086519402977,2.696062512735378,0.5012391868868264,0.014201574617966894
2492,True,0.33013833481455457,2.4995777715446263,2.4787214386856786,2.486415988048058,2.563300319283716,-0.013161783496568269,0.0845788805980372
2493,True,0.51683099644201,2.4529186916406336,2.6761984176439535,2.3893584918234856,2.484390981133404,-0.063560199817148,-0.19180743651054932
2494,True,1.1427119135953985,2.584902471835253,2.772286825817271,2.8017533795887535,2.8811871899121724,0.21685090775350035,0.10890036409490156
2495,True,1.4303175216735227,2.512300571090171,2.751389245563048,2.392039176843891,2.518294371658921,-0.1202613942462798,-0.2330948739041272
2496,True,1.5061037955493453,2.5961220516185293,2.0852773815250574,2.629054681360013,2.2095676946090608,0.03293262974148359,0.1242903130840034
2497,True,1.4845563749081576,2.7149939633450386,2.0645989759999397,2.7570575941075295,2.360791432117204,0.04206363076249087,0.2961924561172644
2498,True,1.0239022819311652,2.5508721991115118,2.6428125052867446,2.3476544081644555,2.461862042505835,-0.20321779094705628,-0.18095046278090976
2499,True,0.4220396516557771,2.2183322926919673,2.91462166596284,2.1026887160274104,2.636908522574304,-0.11564357666455694,-0.27771314338853603
2500,True,0.7890070763601169,2.5789147213120485,2.3270011818862493,2.431600588977351,2.3265825599116403,-0.1473141323346976,-0.000418621974608957
2501,True,1.4612756344438267,2.06127545177737,3.0730520383000353,2.2281951361076975,2.9082026872585756,0.16691968433032756,-0.1648493510414597
2502,True,0.7943757451817561,2.491716337487074,2.8264762904719363,2.6760810195020253,2.622464104278646,0.18436468201495115,-0.2040121861932902
2503,True,0.295296280237712,2.7501456292712936,2.534954706084509,2.6000502613814986,2.422032276039483,-0.15009536788979494,-0.112922430045026
2504,True,1.6644996846257138,2.3900439016888377,2.141614420338078,2.5780006094702537,4.301739888587175,0.18795670778141593,2.160125468249097
2505,True,1.3410678802321572,2.15766124862083,2.4393459436086555,2.3534239055690755,2.371650833355745,0.19576265694824535,-0.06769511025291042
2506,True,0.7465869362398397,2.33816146529704,2.406958820046575,2.390645133392031,2.5553365901254574,0.05248366809499094,0.14837777007888242
2507,True,1.1564024797985333,2.479122311262597,2.5978440983631024,2.379542161993563,2.4540963641672673,-0.09958014926903402,-0.1437477341958351
2508,True,1.2182493570636785,2.422079161753389,2.595406372227671,2.3055643589821995,2.6806593299899184,-0.11651480277118953,0.0852529577622474
2509,True,0.9289487266954108,2.1971569620307063,2.339927789826003,2.0725495489753674,2.312036831582923,-0.12460741305533896,-0.02789095824308019
2510,True,1.1609355731801927,2.071169028881999,2.8309019447695443,2.1031394536371097,2.4709382461741125,0.031970424755110916,-0.35996369859543176
2511,True,0.9533304768866879,2.5380176113258157,2.6177672973929518,2.3066050616802607,2.6562159133769603,-0.23141254964555502,0.038448615984008505
2512,True,1.2943979103570613,2.511702892322259,2.093532619163122,2.953836753131933,2.5330742864860873,0.4421338608096743,0.4395416673229655
2513,True,1.1522533017601064,2.271139082971362,2.463227972518987,2.6718486263607826,2.6124277670167264,0.40070954338942055,0.14919979449773946
2514,True,0.6088003058460811,2.658285534888982,2.561750885410211,2.4181729264843734,2.1391182574313183,-0.24011260840460835,-0.42263262797889256
2515,True,1.113955816804628,2.3072137195327183,2.869025780190899,2.3195752362564144,2.6920945762051156,0.01236151672369612,-0.17693120398578355
2516,True,1.3426755065299372,2.19550831610814,2.813056752306999,2.026902320565547,2.6404276886758327,-0.1686059955425927,-0.17262906363116626
2517,True,0.6912254599757821,2.7316351379530905,2.366960654869447,2.5387575580375925,2.639391501187537,-0.19287757991549803,0.2724308463180902
2518,True,0.8053459121501108,2.953968240012069,2.301113409743205,2.6562393305743366,2.592661645381634,-0.29772890943773245,0.2915482356384289
2519,True,1.2839014119337775,2.3239778814351912,2.7585783111595727,2.300611426338007,2.527708694636508,-0.023366455097184158,-0.2308696165230648
2520,True,1.9112306840647466,2.32943378590163,2.317239561223656,2.418978213344221,2.8949022364128294,0.08954442744259117,0.5776626751891736
2523,True,0.9462419577144878,2.403435971375148,2.388720775373296,2.38322653222349,2.4228515544973037,-0.02020943915165807,0.03413077912400775
2524,True,1.5330589568034854,2.7801725905777865,2.189683525740649,2.1207767164588542,2.177346033139887,-0.6593958741189323,-0.012337492600762001
2525,True,0.6822304742999604,2.226199082404806,2.5766336958714176,2.206792354705354,2.210949754866899,-0.019406727699451842,-0.3656839410045185
2526,True,0.5384545470567234,2.634117575849643,2.332951327760611,2.5434513169313857,2.5526455842255107,-0.09066625891825719,0.2196942564648996
2527,True,0.6150181520698433,2.555308200609077,2.3445997329181796,2.5765358283707216,2.4245018497254236,0.021227627761644552,0.07990211680724402
2528,True,0.4304914336970201,2.051189257016524,2.431142403171809,2.2999894038405913,2.391826836851071,0.24880014682406726,-0.03931556632073807
2529,True,0.6773777113295067,2.0530656359941344,2.5502484135471977,2.113539785785212,2.5343324758131085,0.06047414979107746,-0.01591593773408917
2530,True,0.9423089235876378,2.6283368142991104,2.345514162033562,2.5326961340583276,2.136752614311025,-0.09564068024078276,-0.20876154772253663
2531,True,0.9791222308098686,2.2839294233185057,2.7535901922581005,2.250543512023707,2.507583417268905,-0.03338591129479873,-0.24600677498919543
2532,True,1.2839864814638726,2.480968462133286,2.7232980936724513,2.541979678286591,2.418071793421775,0.06101121615330474,-0.30522630025067654
2533,True,2.3877337730782187,2.5811439273895598,2.313674447821041,2.6025840086886727,2.7056872685528535,0.0214400812991129,0.39201282073181254
2534,True,1.1466711051592442,2.3387799032187706,2.559395891631461,2.4935749014806032,2.516306631439221,0.15479499826183263,-0.04308926019223991
2535,True,0.9174443641684223,2.2961864661651505,2.589121705540317,2.2586456979331664,2.410939107025932,-0.037540768231984156,-0.17818259851438478
2537,True,0.2667530930609408,2.563333012797986,2.525400548091332,2.4982705438420796,2.636372794339033,-0.06506246895590628,0.11097224624770075
2538,True,1.2067927567172299,2.5578063920672336,2.1578953965843666,2.102784670474131,2.0423068438454592,-0.4550217215931025,-0.11558855273890734
2540,True,0.26091632742108206,2.4779060067121192,2.390377313354526,2.6996296630280607,2.4200361237089005,0.2217236563159415,0.029658810354374676
2541,True,0.5613811148992585,2.3541888353528484,2.0828947393711474,2.3669354556375213,2.3214330197696853,0.012746620284672883,0.23853828039853786
2542,True,0.764532364840606,2.165563161951182,2.4094939558753827,2.2542233705081225,2.533410230603208,0.08866020855694057,0.12391627472782529
2543,True,0.5401152458164964,1.9529336579105803,2.6607058974264706,2.5056659700418966,2.6079363441627557,0.5527323121313164,-0.05276955326371491
2544,True,0.5518823242446872,2.5296795008656727,2.917438544288465,2.2682766965756183,2.5303621708342465,-0.26140280429005447,-0.38707637345421864
2545,True,0.3722593161805777,2.5355315868669432,2.481131247697308,2.272412118294347,2.3062292769369224,-0.2631194685725964,-0.1749019707603856
2546,True,1.303433953487924,2.4636363447148604,2.305705797147589,2.560825354978742,2.725843731504981,0.09718901026388149,0.4201379343573919
2547,True,0.8160767792340081,2.414388125819873,2.549055168979283,2.374480025218574,2.695282999239412,-0.0399081006012989,0.14622783026012875
2549,True,1.0562360053177726,2.6549413622526576,2.358223195501223,2.3218287130807043,2.2354282379181845,-0.3331126491719534,-0.12279495758303849
2550,True,1.2058186308539327,2.3209092343519164,2.72579918295534,2.5019116116253985,2.5720290734013878,0.18100237727348212,-0.15377010955395232
2551,True,1.0897473515183707,2.4977345960289696,2.53548882077993,2.0644628035782095,2.485497147535076,-0.4332717924507601,-0.04999167324485443
2552,True,0.8791175064873209,2.7120439409419603,2.340153439627411,2.605052277610182,2.637333073248997,-0.10699166333177823,0.29717963362158617
2553,True,0.45468697578873485,2.468917622562568,2.742603553067778,2.4590889599044603,2.940486115655879,-0.009828662658107667,0.19788256258810089
2554,True,0.5288002582101959,2.542631603083703,2.5047153965670432,2.4668582290537087,2.683744306153252,-0.0757733740299944,0.17902890958620876
2555,True,1.1043390303011416,2.458732625520718,2.3265592872952965,2.546385369092628,2.4396458459401438,0.08765274357191011,0.11308655864484729
2556,True,1.5663246397390835,2.470959140030446,2.16640831691535,2.3861825717559833,2.3432522319315097,-0.08477656827446278,0.1768439150161596
2563,True,1.689213868566202,2.1198481126250535,2.4421793226952033,2.503240277268245,2.5547000935141093,0.3833921646431917,0.11252077081890599
2564,True,1.006497035505874,2.244915765056676,2.7882333933514247,2.3247757113530327,2.7101134595566294,0.07985994629635673,-0.07811993379479532
2565,True,0.5513022926709131,2.5789274381804534,2.3403683425905406,2.472167056773065,2.6095554071843345,-0.1067603814073883,0.26918706459379393
2566,True,1.06852683973786,2.349098554126668,2.24368111051905,2.7988054062990875,2.57398678976311,0.4497068521724197,0.3303056792440602
2567,True,1.2864159587051265,2.0423229642003244,2.514842020823574,2.450539381600304,2.5374551631374693,0.4082164173999794,0.022613142313895107
2568,True,1.851504698159225,2.544179687541743,2.0331950961479346,2.4928692323381108,2.1959694585745035,-0.05131045520363209,0.16277436242656895
2569,True,0.6385697541654906,2.6982582512057665,2.2796819701440816,2.1382410503591496,2.2970866842827244,-0.5600172008466169,0.017404714138642863
2570,True,1.0052537887943656,2.1392480055383944,2.7151042723622973,2.543922940266863,2.426762769424733,0.4046749347284684,-0.28834150293756444
2571,True,1.3138216340315447,2.5618984255040247,2.180684056574909,2.4471595712319214,2.3364316875322935,-0.11473885427210329,0.15574763095738442
2572,True,0.547284502984835,2.2847185590789953,2.515314117262494,2.6239406334124635,2.4026619358638452,0.3392220743334682,-0.11265218139864874
2573,True,0.3618802020142518,2.5289657549876,2.275840188787429,2.5835130323603943,2.691161174543435,0.05454727737279441,0.41532098575600607
2574,True,1.0508324428717237,2.4603100322926785,2.2968371425723677,2.7092799854177123,2.625989248666681,0.24896995312503378,0.32915210609431345
2575,True,1.10214925510274,2.4302773232699186,2.173432354456885,2.57991671942875,2.55020606759944,0.14963939615883115,0.3767737131425548
2576,True,1.45977072305507,2.439431299217094,2.082238038985937,2.4846021142027954,2.2429817040424114,0.0451708149857013,0.16074366505647442
2578,True,0.8324625214963413,2.7506445094013876,2.4991404615787403,2.316635331910484,2.390032547375872,-0.4340091774909034,-0.10910791420286836
2579,True,1.0355870557031088,2.468402290267938,2.4897681734249875,2.6492116711672926,2.1159430598128104,0.18080938089935472,-0.3738251136121771
2581,True,0.45757037366461595,2.520539430637815,2.730893424174585,2.441465072316006,2.4756297586632376,-0.07907435832180898,-0.25526366551134716
2582,True,0.5444757986782529,2.028792018985682,2.7072731777380725,2.218667063204617,2.860097178420866,0.18987504421893497,0.15282400068279367
2583,True,0.9192118541721077,2.0342459325017708,2.717398433520561,2.2495609068498235,2.7627166811719945,0.2153149743480527,0.04531824765143355
2584,True,0.8772284567533138,2.3958816572610595,2.436827756777241,2.4043597614587546,2.5594049983394576,0.008478104197695124,0.12257724156221661
2585,True,0.6129283045009516,2.50993686783154,2.3609771356156752,2.5771170566900916,2.3069612814707146,0.06718018885855148,-0.054015854144960684
2586,True,0.6427460368763616,2.207040285767344,2.430774161064742,2.448369455249963,2.585802707371349,0.24132916948261895,0.15502854630660723
2587,True,0.8763623410798432,2.2891068958438794,2.309206927865063,2.1530732329899975,2.3584397093165217,-0.13603366285388185,0.049232781451458596
2588,True,0.5746589254561154,2.299793131762072,2.444498993454488,2.2562552029608707,2.4308664834700404,-0.04353792880120144,-0.013632509984447427
2589,True,0.5427940480967849,2.5773118637060595,2.4956148215820484,2.4390115556507723,2.4371182424835283,-0.13830030805528715,-0.05849657909852013
2590,True,0.807200272005845,2.5443568733375437,2.3615199383659666,2.5762461449688767,2.4098778017486695,0.03188927163133304,0.04835786338270287
2591,True,1.4857589314299326,2.5149149697355573,2.335744816027641,2.406111416782066,2.513195826064893,-0.10880355295349142,0.17745101003725194
2592,True,0.6796510119428993,2.5365278848063153,2.635439433073733,2.564264435589473,2.627089067812129,0.027736550783157732,-0.008350365261604153
2593,True,0.9236080067972012,2.329057166516099,2.4088350601483697,2.5795280881829914,2.7322387651779265,0.25047092166689255,0.32340370502955684
2594,True,1.499753926661708,2.2165850576280626,2.5030471308786817,2.914619455223786,2.640134695851142,0.6980343975957233,0.1370875649724601
2595,True,0.8453775183263424,2.4592137744815927,2.3288593821439716,2.3347792324305523,2.3723921670522774,-0.12443454205104043,0.04353278490830581
2596,True,0.8211517828191834,2.387864654749092,2.560636285340032,2.5316597518914348,2.3537274736553506,0.14379509714234295,-0.20690881168468156
2597,True,1.0342243973684115,2.3571909258691806,2.3500193557713507,2.2444348513792955,2.394503932692114,-0.112756074489885,0.04448457692076335
2598,True,1.8154014534426561,2.3636489139675554,2.33275406644164,2.31805501358941,2.5796704769880976,-0.04559390037814559,0.2469164105464574
2599,True,0.7849528505321217,2.4134340350007495,2.487746476673216,2.4576884509652563,2.16100675240176,0.044254415964506855,-0.32673972427145603
2600,True,0.36073170991897985,2.547716789244833,2.267461278809409,2.6110929057069185,1.9460357509311075,0.06337611646208563,-0.32142552787830136
2601,True,0.9443373324691559,2.3605859451839493,2.586226400008321,2.432894242804031,2.169884390944596,0.07230829762008195,-0.4163420090637251
2602,True,0.6448157044836986,2.351205855896076,2.4502291813828356,2.639791323565179,2.625996363885906,0.28858546766910287,0.17576718250307044
2603,True,1.4632134106107255,2.772672357672287,2.3888832261121515,2.721003285464573,2.622291319434208,-0.051669072207713995,0.2334080933220566
2604,True,1.208672312442083,2.616354370206758,2.6541015519757343,2.6868623128178712,2.191406608119999,0.07050794261111326,-0.4626949438557353
2605,True,1.1416687148377422,2.2927156104061406,2.1733566660582886,2.591661218702205,1.7425683321657721,0.2989456082960644,-0.4307883338925165
2606,True,1.218532691399418,2.5535939630450257,2.117607582013249,2.3563796227530913,1.9463887072273103,-0.1972143402919344,-0.1712188747859389
2608,True,0.4713173825040133,2.794389251732836,2.8305979255803884,2.418455656586451,2.5295400818411635,-0.37593359514638536,-0.30105784373922484
2609,True,1.1794166211306776,2.3753646122016723,2.513626692092523,2.3200687428190574,2.5644213729046164,-0.05529586938261488,0.05079468081209315
2610,True,1.0588969736963365,2.376580760441353,2.469900786307013,2.3168667276485717,2.617499641447349,-0.059714032792781424,0.14759885514033622
2611,True,0.9838152875181403,2.6105335249523227,2.54292337422896,2.5524844313732844,2.642363917261587,-0.05804909357903831,0.09944054303262728
2612,True,1.3169818453864033,2.366772041135352,2.412787864898197,2.6614459422973447,2.4550524092839647,0.29467390116199255,0.04226454438576788
2613,True,0.9240464050830035,2.24820342871814,2.2685188096861792,2.274293404512707,2.3490298356080963,0.026089975794567177,0.08051102592191706
2614,True,1.0810472492058418,2.3240155000773983,2.1589224743144437,2.73134443692955,2.5620048336070718,0.40732893685215155,0.40308235929262803
2617,True,0.5830125589819303,2.179784058892073,2.584443130850435,2.2310617192989084,2.6466205331890706,0.051277660406835235,0.062177402338635446
2618,True,0.7865105805340898,2.3400372708356594,2.7713192747678854,2.570852826558533,2.530951245589294,0.2308155557228737,-0.24036802917859124
2619,True,1.3161329342876715,2.490516811707964,2.2824374911265375,2.343292572848939,2.199619312646168,-0.14722423885902503,-0.08281817848036965
2621,True,1.0099989067604918,2.2503640007341033,2.642264843500742,2.2569677632560463,2.917530472744544,0.006603762521943057,0.27526562924380205
2622,True,1.5922360021516784,2.4268913023248486,2.763498927718265,2.4807357882735115,2.7923405664214744,0.05384448594866287,0.028841638703209327
2623,True,0.5955209362050613,2.5720661949879906,2.8476447359001793,2.757951914343142,2.4793037637008095,0.1858857193551513,-0.3683409721993698
2624,True,0.44378290934428716,2.3440894068912983,2.697362891807478,2.169365478923734,2.467831272422205,-0.1747239279675643,-0.229531619385273
2625,True,0.6125234557335152,2.3602046075287624,2.6610346376174814,2.4630055718556547,2.5373688883891123,0.10280096432689234,-0.12366574922836904
2626,True,0.6282336479084503,2.259072624662607,3.2916248568298303,2.2857298454992443,2.556678539304267,0.02665722083663713,-0.7349463175255635
2627,True,0.7422346411762447,2.449849000265119,2.1815497261579897,2.2970619504665084,2.621663596676355,-0.15278704979861057,0.44011387051836515
2628,True,0.4129399216671655,2.2281303790622307,2.2687566330040783,2.419444133279171,2.454629546654036,0.19131375421694052,0.18587291364995773
2629,True,0.5531703456412913,2.4430599085982316,2.1232326084063424,2.4375013875585796,2.32012628880628,-0.005558521039652042,0.1968936803999375
2630,True,1.3566107391484858,2.3224591168414572,2.118172319524547,2.5103570867147567,2.587467642780098,0.18789796987329943,0.469295323255551
2631,True,1.115780462370535,2.3591697299261876,2.1599011465805558,2.7590511685291377,2.051519762390311,0.3998814386029501,-0.10838138419024457
2632,True,0.6659125653589478,2.2351166523025148,2.320989724514092,2.4366263908958223,2.3226215555886416,0.20150973859330756,0.0016318310745497833
2633,True,0.8994855913731798,2.562447739252452,2.423270971723963,2.6354388986445882,2.440936683341868,0.0729911593921364,0.01766571161790509
2634,True,1.0525185385673246,2.925788066487387,1.9599244519113486,2.5908171916918414,2.3558294820103174,-0.33497087479554555,0.3959050300989688
2635,True,0.7269824873228823,2.4645223286876505,2.027936810381428,2.386755733272469,2.2934105134192615,-0.0777665954151816,0.26547370303783335
2636,True,1.0046205715607834,2.604142341366923,2.494850157063546,2.803699108200272,2.7597400797245375,0.19955676683334866,0.2648899226609913
2637,True,1.0053959201423026,2.8327344989956256,2.178984264973017,3.0249411460393736,2.415283893535706,0.192206647043748,0.23629962856268882
2638,True,0.5867298480159495,2.2492749498894082,2.618444725672093,2.4071175514413503,2.5577194176230513,0.15784260155194207,-0.060725308049041526
2639,True,0.7968648840762886,2.245680724435243,2.449749139585521,2.5844501299042313,2.2964132530626973,0.33876940546898826,-0.15333588652282382
2641,True,1.2777029850015027,2.6216556852493045,2.2811151659002222,2.716560887422367,2.774647312596143,0.09490520217306253,0.4935321466959208
2643,True,1.3601058114770714,2.6141171968563306,2.2823461672147807,2.9556427474111278,2.4358265885916426,0.34152555055479716,0.1534804213768619
2645,True,1.812855017903852,2.538633135074858,2.456112920144349,2.873574572782478,2.614802441200673,0.3349414377076201,0.15868952105632417
2646,True,1.3434090831430607,2.3674345848196103,2.7750210417580616,2.39796207231182,2.622893240391419,0.03052748749220946,-0.1521278013666425
2647,True,1.5237686802376824,2.424697717634097,2.7622099708204657,2.505242726626504,2.731040035759637,0.08054500899240669,-0.031169935060828546
2648,True,0.8789771117039183,2.411693362681085,2.522059432566965,2.3777387429189947,2.496704471893099,-0.03395461976209013,-0.02535496067386589
2649,True,1.595714028264564,2.618394146686094,2.3394493283249367,2.45627604871867,2.360684377077334,-0.16211809796742394,0.021235048752397123
2650,True,0.9132426669088439,2.406662584576409,2.297201666658807,2.7086128084560186,2.6467920137793226,0.3019502238796097,0.3495903471205155
2651,True,0.9140928101745943,2.303374982281435,2.2712030935607674,2.5826441881168996,2.6000581668987715,0.27926920583546444,0.328855073338004
2652,True,1.0152786945784136,2.526025893256045,2.2916550778858493,3.015365473064252,2.997189630456505,0.48933957980820697,0.7055345525706556
2653,True,0.45027560481017287,2.2624927818006406,2.604921039820593,2.3991547548578436,2.4484616488213575,0.13666197305720296,-0.15645939099923556
2654,True,1.1588219747894135,2.6548059578432466,3.49220108484606,2.2713206449680325,2.844444618700811,-0.38348531287521403,-0.6477564661452493
2655,True,1.1379921520780996,2.4585375606852136,2.5875416051727558,2.270215623995659,2.3677503537157376,-0.18832193668955455,-0.21979125145701817
2656,True,1.289738466016152,2.374748386419075,2.5180867852597935,2.683149852902741,2.3505036616259503,0.3084014664836663,-0.1675831236338432
2657,True,0.7705613045384929,2.3507343216535554,2.4606654906955554,2.4366595519378573,2.2099748693215946,0.08592523028430188,-0.2506906213739608
2658,True,1.045007245892028,2.375287516786126,2.556682878849076,2.700978642608083,2.5876755055827614,0.3256911258219568,0.030992626733685302
2659,True,0.8353508386390595,2.3797914182759796,2.553972762286238,2.4899576315774934,2.2817206038691507,0.11016621330151377,-0.2722521584170874
2660,True,0.9173823830737216,2.459024121902834,2.188949300874737,2.2776997561052683,2.455644920297314,-0.1813243657975656,0.2666956194225767
2661,True,1.2867091616170494,2.6354710334966693,2.3447475191158644,2.530914064729579,2.540207315776608,-0.1045569687670902,0.19545979666074365
2662,True,0.7762293180454652,2.40952188718011,2.4557734261938746,2.611106271916369,2.534435195546929,0.20158438473625884,0.07866176935305447
2663,True,0.3771948435397652,2.426060851029916,2.4967925629094623,2.6630651032224124,2.6828857776189428,0.23700425219249643,0.18609321470948048
2664,True,1.4578569632231508,2.6237586438542704,2.248768638455277,2.698231459343323,2.4494086151144727,0.07447281548905282,0.20063997665919553
2665,True,1.1295364826692453,2.182502509987102,2.65889712583996,2.155298807063884,2.5105960300044288,-0.027203702923217943,-0.14830109583553108
2666,True,0.8617829161103836,2.4859059785317705,2.5781870364075603,2.6725666414639693,2.5412308024823322,0.18666066293219874,-0.036956233925228066
2667,True,0.8514081217625085,2.6004995181118566,2.6661820167797994,1.7398132547526473,2.1841925490986367,-0.8606862633592094,-0.4819894676811627
2668,True,0.9237691679041652,2.2902451571392963,3.444128359991828,2.159617418278756,2.6233306189287315,-0.13062773886054035,-0.8207977410630964
2669,True,0.5059003145804584,2.5622035237466987,2.9080236527580037,2.65893357081293,2.862394742565917,0.09673004706623134,-0.04562891019208681
2671,True,0.7850509573259713,2.4156261505456507,2.0261387705189398,2.384236685189413,2.5260681048706903,-0.03138946535623788,0.4999293343517506
2672,True,1.1200878242944845,2.1308372863970635,2.139426165564028,2.4188294324406177,2.2782963205222013,0.28799214604355416,0.13887015495817323
2673,True,0.6959672115256523,2.1152661799877577,2.071042400652386,2.362354559277883,2.205754004320972,0.24708837929012528,0.1347116036685856
2674,True,0.6243675422734891,2.4652399540207033,2.8259012697721766,2.3281307125962662,2.640055260737926,-0.13710924142443703,-0.18584600903425041
2675,True,0.8392985876362206,2.227369103202251,2.904986224098145,2.12032131732009,2.543414134278175,-0.10704778588216124,-0.3615720898199699
2678,True,0.9800121344333377,2.3822871471969957,2.3362028757366087,2.4161399700327797,2.1532684285963977,0.03385282283578395,-0.182934447140211
2679,True,1.4181061411835285,2.6553539859498962,2.5440759048621175,2.4628815467508787,2.4921941651954005,-0.19247243919901758,-0.05188173966671705
2680,True,1.4206967626697624,2.523038032808859,2.5976779545778954,2.276535352980709,2.3895422304454046,-0.24650267982814977,-0.20813572413249082
2681,True,1.0726503838598338,2.496004849394328,2.4723653415504754,2.4501246126585072,2.331817732717761,-0.045880236735820645,-0.14054760883271422
2682,True,0.8019534883670362,2.570082529920002,2.38465525342763,2.4459776937106357,2.4719589883501305,-0.12410483620936619,0.08730373492250054
2683,True,0.9835013398133978,2.6625268814605425,2.4793446415938227,2.391639782120627,2.5538451432774854,-0.2708870993399155,0.07450050168366262
2684,True,1.0383463477134545,2.4911217255886955,2.555568515731871,2.5350494726255346,2.5204355254449573,0.043927747036839104,-0.035132990286913746
2685,True,1.681618813642079,2.469725751981381,2.3297946791080113,2.4158505221809565,2.5200567191343133,-0.053875229800424584,0.19026204002630198
2686,True,0.9472759563605551,2.3451364555181007,2.634254254964771,2.388914283499096,2.797506656717907,0.043777827980995276,0.16325240175313604
2687,True,0.8925840200818473,2.4114298092832818,2.3708647932347384,2.320833228960883,2.291020053367495,-0.0905965803223987,-0.0798447398672435
2688,True,0.5260733651404682,2.711247131948691,2.326094272401701,2.510684930197734,2.0920054800336922,-0.20056220175095696,-0.23408879236800884
2689,True,1.116018463414709,2.737164822950931,2.2266557785162933,2.291741786138657,2.5573947802109083,-0.445423036812274,0.330739001694615
2690,True,0.635907831966616,2.2549811269276736,2.8116493025091165,2.3905247806707632,2.5052321268507236,0.13554365374308963,-0.3064171756583929
2691,True,0.9368418116880421,2.570477903931485,2.249750229269907,2.660523676882805,2.9076446774454747,0.09004577295131977,0.6578944481755675
2692,True,1.0007051195832761,2.42852603016727,2.361429786104173,2.17101176797133,2.3155665461700727,-0.2575142621959401,-0.04586323993410035
2693,True,0.8912644787115688,2.2081363657392172,2.7714940453661447,2.5640292649973793,2.7012941657140934,0.35589289925816203,-0.07019987965205132
2694,True,1.4536576223015603,2.158197679870868,2.7675410416830317,2.7005764267705885,2.48020476643482,0.5423787468997205,-0.2873362752482116
2695,True,1.289960208040246,2.4403129105506123,2.2735462521356364,2.885436182971822,2.453460324551632,0.44512327242120975,0.17991407241599555
2696,True,1.1879813216142971,2.3191600011210953,2.5599754087295445,2.26798353774581,2.541463045509417,-0.05117646337528514,-0.018512363220127614
2697,True,0.48497559403167817,2.6113610727932666,2.5438139684733234,2.631829212558824,2.462543416985577,0.020468139765557503,-0.08127055148774653
2698,True,0.692578024261731,2.5821255927820395,2.5621995932011226,2.4711040741041237,2.4427510702281965,-0.11102151867791576,-0.11944852297292607
2699,True,1.1267950326164473,2.2408940275256213,2.890472033371021,2.387103323297716,2.8004879448613953,0.14620929577209463,-0.08998408850962569
2700,True,0.9991452505519264,2.357547196834032,2.765422781239787,2.5216339113911834,2.603607766335974,0.1640867145571514,-0.16181501490381311
2701,True,1.217182371369248,2.0161875658033406,2.3126500234363174,2.093714938267624,2.4886144102023926,0.07752737246428332,0.17596438676607518
2702,True,1.227547874010596,1.9450993171815163,2.1964184367738313,2.742359182165604,2.4611500364874144,0.7972598649840876,0.26473159971358307
2703,True,1.0357435268697677,2.392242398796577,2.1507936255717333,2.542619772743459,2.2292047289185892,0.1503773739468821,0.07841110334685597
2704,True,1.2589083822650098,2.117665702111643,2.419504279578774,2.6761105401849528,2.398174472194632,0.5584448380733096,-0.02132980738414192
2705,True,0.8766699354566917,2.256913686896333,2.639142151438607,2.4444643700667843,2.5880909998037165,0.1875506831704512,-0.0510511516348906
2706,True,0.6769635427200021,2.6316014309541633,2.676952367637497,2.4264426106277477,2.2455798554890003,-0.20515882032641564,-0.4313725121484966
2707,True,0.8828555430705062,2.4159524004623933,2.526798292582928,2.4254200589034056,2.635180471962784,0.009467658441012272,0.10838217937985606
2708,True,0.2237791329814032,2.662292143266775,2.517782322481433,2.414838605205325,2.347227017890473,-0.2474535380614502,-0.17055530459096024
2709,True,1.3792311006142808,2.1072539568594957,2.423875820870368,2.303926150663254,2.804091939633043,0.19667219380375833,0.38021611876267514
2710,True,1.3993637697348293,2.334849319742068,2.224028056185443,3.0805494255702177,3.423695004251693,0.7457001058281496,1.19966694806625
2711,True,0.8986947726172183,2.3073347272773406,2.4251238857221296,2.431905961803211,2.386662671683621,0.12457123452587027,-0.03846121403850855
2712,True,1.2018545193444414,2.4019514951389005,2.224795177516348,2.579753326468637,2.762823529157445,0.1778018313297367,0.5380283516410969
2713,True,1.0864950044593924,2.4756635188773126,2.117268645259737,2.8311675346346075,2.7707530494322294,0.35550401575729484,0.6534844041724925
2714,True,0.9406848337098301,2.6459888883175613,2.0867810969768734,2.9724983753062,2.697114458126685,0.3265094869886389,0.6103333611498116
2715,True,0.4289111218741988,2.377165549346532,2.3373334844005464,2.45823807611834,2.582932497912402,0.0810725267718082,0.24559901351185554
2716,True,0.7749802139169104,2.3789979876830496,2.7288497799805693,2.8255290922425482,2.5623078733298232,0.4465311045594986,-0.16654190665074609
2717,True,0.8282790367352684,2.0672277224824556,2.466325409470535,2.2596205289601174,2.4983162886153947,0.19239280647766188,0.03199087914485954
2718,True,0.854840192649121,2.249298157137021,2.159348038320826,2.426952673578535,2.3241279188695705,0.17765451644151398,0.16477988054874437
2719,True,1.3607104924652216,2.3444058227405935,2.442728904053826,2.441077108344798,2.380119290705615,0.09667128560420446,-0.06260961334821102
2720,True,1.5259528189861011,2.1825841378054593,2.5534154094467287,2.5239028298032795,2.5693938070124633,0.34131869199782017,0.015978397565734603
2721,True,1.466385203301302,2.431171425239283,2.3839893980678677,2.25607871067412,2.128759408796823,-0.17509271456516284,-0.25522998927104457
2722,True,0.8586083752090072,2.27031355537071,2.3447611821462746,2.3342964437080393,2.1184553323674304,0.06398288833732924,-0.22630584977884416
2723,True,0.9705602345571988,2.481319477274137,2.648325701230874,2.3686542925184333,2.601956856385017,-0.11266518475570386,-0.046368844845857016
2724,True,0.7042695608958283,2.6240003648437242,2.4656789865268345,2.7622996077312107,2.6312710413541587,0.13829924288748652,0.1655920548273242
2725,True,1.0367080842063747,2.6274778441121063,2.273854522391439,2.7022122367967323,2.3062503773036007,0.074734392684626,0.03239585491216168
2726,True,1.473644598382825,2.2030275326468347,2.7280107066138872,2.318912340755036,2.644557430995402,0.11588480810820112,-0.08345327561848537
2727,True,1.5150444845998794,2.490882613251777,2.676320691901477,2.288179131484683,2.455715307676564,-0.20270348176709385,-0.22060538422491316
2728,True,1.0989873241894061,2.722146492072018,2.3541430023259,3.0720310684869387,2.7430994918392955,0.34988457641492055,0.38895648951339545
2729,True,0.9209600151532125,2.535170599565244,2.4057808698424727,2.696305799780507,3.068464791391454,0.16113520021526284,0.662683921548981
2730,True,0.8210334422163592,2.473874093582776,2.5925119807823465,2.2748990416209685,2.2593610928530214,-0.19897505196180765,-0.333150887929325
2731,True,1.6183574431440848,2.7378836478382347,2.5483457627841632,2.459080442760871,2.2616798051320175,-0.2788032050773639,-0.28666595765214575
2732,True,0.8230153044953755,2.78199226456509,2.782073239402586,2.583055108957221,2.688489614501235,-0.19893715560786918,-0.0935836249013513
2733,True,1.5525326541865392,2.0008813802172285,2.427665751663519,3.140265639770941,2.5078948476905887,1.1393842595537125,0.08022909602706951
2734,True,1.7130341947545058,2.3337971115330487,1.917978770476879,2.8737061773523402,2.610806268931113,0.5399090658192915,0.6928274984542342
2735,True,1.019056262528847,2.54813034356565,2.6393645995390633,3.0555573783915433,2.897935438021524,0.5074270348258931,0.25857083848246054
2736,True,0.7282968866688002,2.309292283666145,2.7052932356770496,2.4491210842065363,2.6459298793970336,0.13982880054039137,-0.05936335628001599
2737,True,0.6656784409247591,2.662150806716254,2.0170983501307016,2.54848947276833,2.27325689895027,-0.11366133394792399,0.25615854881956857
2738,True,0.7728313725838302,2.5606390534200627,2.1570394021899553,2.561104423898604,2.052579735782754,0.00046537047854133817,-0.10445966640720128
2739,True,0.877214456569428,2.3315114492963573,2.204568629142672,2.200325473818362,2.338402450031859,-0.13118597547799515,0.13383382088918738
2740,True,0.20378637141264833,2.3769806495215735,2.00006647044542,2.5862579611771133,2.088426499323833,0.20927731165553976,0.08836002887841321
2741,True,1.2562004409429837,2.1081541436526887,2.399862071890799,2.214881437146693,2.4625603715397517,0.10672729349400445,0.0626982996489529
2742,True,0.709754438741384,2.2703149914714476,2.345128773031451,2.5442396840977857,2.3264993060282655,0.2739246926263381,-0.018629467003185685
2743,True,0.7105085893880292,2.5165744350207477,2.272205601744701,2.4316729299866786,2.6208410709827485,-0.08490150503406912,0.34863546923804734
2744,True,1.095063090282863,2.4441919538776005,2.6068181856623602,2.5227347760779373,2.370115237124769,0.07854282220033681,-0.23670294853759133
2749,True,0.9844745244900256,2.2672423753538125,2.534147255271485,2.4977477004539512,2.7431173306648766,0.23050532510013877,0.2089700753933914
2750,True,1.2511648715665522,2.1376270540250926,2.9080433595288775,2.2665643092295,2.7217510838462067,0.12893725520440746,-0.18629227568267082
2751,True,1.3514840447099574,2.0735758587281055,2.5739955000349166,1.9735918979999385,2.5368755060643005,-0.09998396072816695,-0.03711999397061616
2752,True,1.296999340776869,2.4311829847422013,2.1934969990861624,2.631634967655849,2.2271990900988174,0.20045198291364752,0.03370209101265509
2755,True,0.42822753341779474,2.6502343436005806,2.5387503134022453,2.4029875312448046,2.567056371721509,-0.24724681235577606,0.028306058319263805
2757,True,0.9478819702191519,2.3550917578939465,2.4892030042364963,2.6900503462511627,2.454979253185248,0.33495858835721615,-0.0342237510512482
2758,True,1.5309043317670499,2.3722015259037326,2.6067646317609876,2.622039895502927,2.445207692318589,0.24983836959919437,-0.16155693944239857
2759,True,0.7014894077203876,2.336358289261302,2.911904584185409,2.514236523356146,2.7105251813493636,0.1778782340948437,-0.2013794028360456
2760,True,0.8501665319514038,2.4763314056280916,2.243866959737141,2.3633222547325197,2.4709111548700005,-0.11300915089557195,0.22704419513285945
2761,True,0.9749495288464931,2.517427542174749,2.444647914813092,2.724694058690076,2.737373313184192,0.20726651651532668,0.2927253983711
2762,True,0.3982936098660202,2.5198451067674776,2.3624093151060848,2.8318292073379006,2.6898656795055773,0.3119841005704229,0.32745636439949255
2763,True,0.7802115942962724,2.74694731265454,2.2729444936689513,2.7574181135377347,2.346602192579305,0.010470800883194631,0.07365769891035345
2764,True,0.969666973891719,2.7439847824104273,2.318757458769676,2.377079094099521,2.452963667334068,-0.36690568831090653,0.1342062085643918
2765,True,1.3988806204702573,2.1913974823842435,2.7269399698013155,2.3309008354580425,2.6716149193931376,0.13950335307379902,-0.05532505040817792
2766,True,1.0852940720283586,2.48639039293913,2.6508792707514988,2.4435484506841685,2.3639288577326094,-0.042841942254961296,-0.28695041301888935
2768,True,0.824049856920467,2.5175058835482385,2.7111720054987294,2.447444011746336,2.44531393614869,-0.0700618718019026,-0.2658580693500392
2769,True,0.9292687885196638,2.5176902374001453,2.327418498916772,2.6671734462751013,2.2256800213119132,0.14948320887495603,-0.10173847760485888
2771,True,1.6070243722902975,2.088473244693357,2.627230412373456,2.6124822953428795,2.4373859742613604,0.5240090506495223,-0.1898444381120954
2772,True,0.9885338160804789,2.3040809387258947,2.836124312455292,2.252620458986156,2.3003285239269626,-0.05146047973973866,-0.5357957885283295
2773,True,1.060552718960825,2.3784419190932535,2.642281767071786,2.357889212894872,2.503602664581982,-0.020552706198381454,-0.13867910248980397
2774,True,1.324247819237802,2.401850454358056,2.5283397919188,3.0898324665848795,2.9775212064920713,0.6879820122268234,0.4491814145732711
2775,True,1.5585242978357516,2.431745257176417,2.3480303721417233,2.5364850194818813,2.6304592028444387,0.10473976230546445,0.2824288307027154
2776,True,0.6139305211234606,2.362334949091682,2.14262997367721,2.5202081406806465,2.1223652979715815,0.15787319158896462,-0.0202646757056284
2777,True,0.8707117633783829,2.1847011763854574,2.256168316017225,2.3415033862924477,2.243716003342892,0.15680220990699034,-0.012452312674333221
2778,True,1.0900819315789478,2.642416819012474,2.373679352166166,2.423796377603119,2.5700351103195067,-0.21862044140935533,0.1963557581533406
2779,True,1.3540749040783888,2.303496221420821,2.4816105085407743,2.2622049939687163,2.469511374099743,-0.041291227452104895,-0.012099134441031278
2782,True,1.173528810580327,2.144917822994622,2.3762125027236096,2.6675750684833597,3.0747282005180554,0.5226572454887375,0.6985156977944458
2783,True,0.9856267926372514,2.1852041099403046,2.3723479831803767,2.3794596945359254,2.3893095877430786,0.19425558459562087,0.016961604562701904
2784,True,1.2216202234040368,2.4871917528610457,2.3075548705935467,2.6095954782015545,2.488598004379374,0.1224037253405088,0.18104313378582715
2785,True,1.0061784046855213,2.2653071537873184,2.564587360843846,2.2916638319624894,2.2597365711735073,0.026356678175170956,-0.3048507896703385
2786,True,1.2960795581302103,2.5806493505705106,2.441722443604105,3.5537232247744055,2.7972386440866996,0.9730738742038949,0.3555162004825947
2787,True,1.2063581431742492,2.5511537640252104,2.455831320876904,2.842473697011988,2.191752734806552,0.2913199329867777,-0.26407858607035184
2788,True,0.9544825902800249,2.3687117856125934,2.527828714292169,2.8162476216215433,2.722550934041272,0.44753583600894986,0.19472221974910298
2789,True,0.8401545320593529,2.571363264729431,2.364755239258389,2.859208821492582,2.569239036892636,0.28784555676315104,0.2044837976342473
2790,True,0.29599067342023244,2.562516309040783,2.4810991762926364,2.63177485336322,2.6023749011057187,0.06925854432243694,0.12127572481308224
2791,True,0.7972126584828018,2.4536425398578334,2.6560696137337967,2.605395928072737,2.5133410662978077,0.15175338821490358,-0.14272854743598895
2792,True,0.9961767381247504,2.4998773777127554,2.4070954639565083,2.5807174149724332,2.616966859597576,0.08084003725967781,0.2098713956410676
2793,True,0.6921900461551783,2.3339991218078895,2.5872666421534523,2.152226962407311,3.036208822810776,-0.18177215940057856,0.44894218065732394
2794,True,0.41489640022176244,2.3685651624137347,2.4705194242102206,2.678867297385408,2.847628886049585,0.31030213497167347,0.37710946183936445
2795,True,1.2021038455486657,2.7193653060043257,2.1041747896265655,2.6554058361066013,2.221415256357757,-0.06395946989772439,0.1172404667311917
2796,True,0.9831471398684261,2.3440849424455585,2.487800616006033,2.20035245893425,2.3659915323246614,-0.14373248351130874,-0.12180908368137144
2797,True,0.6879845517077824,2.4439826819558284,2.4085571129205143,2.3905314021898976,2.6160624481691945,-0.05345127976593078,0.2075053352486802
2798,True,0.7767439162176734,2.2843861330563184,2.50000000288,2.329993339377175,2.374052900319199,0.04560720632085635,-0.12594710256080077
2799,True,0.8394600722390696,2.46446464141809,2.353777951018319,2.5176630547416385,2.3410400197307606,0.053198413323548355,-0.012737931287558624
2800,True,1.100710645563701,2.4610514413559095,3.07895650508415,2.6029550965304797,2.650277647858239,0.14190365517457026,-0.4286788572259108
2801,True,1.1514380376334796,2.6342631534074195,1.876980125360948,2.2612124129610205,1.850028881224831,-0.37305074044639897,-0.026951244136117047
2802,True,0.5802444975718004,2.1437593378222286,2.6947768425047745,2.610057616624775,2.5563572736411473,0.4662982788025465,-0.13841956886362716
2803,True,0.6399280507228017,2.2949553706771724,2.2695413566181166,2.4359923071038216,2.3738235495442788,0.14103693642664927,0.10428219292616214
2804,True,0.4956442059215863,2.2738258619340224,2.51520527215971,2.3570212376213333,2.3254562505661123,0.08319537568731095,-0.18974902159359752
2805,True,0.3298836521520346,2.257688266014598,2.4638891516868204,2.5566714133439206,2.2590396624541587,0.29898314732932274,-0.20484948923266177
2806,True,0.7808227564575333,2.5803374359374005,2.145550633520449,2.618781250751196,2.322624002444003,0.03844381481379555,0.17707336892355396
2808,True,1.945709606721869,2.335769229761364,2.2514670853467966,2.6691242438668907,3.2668475664996985,0.3333550141055266,1.015380481152902
2809,True,1.3970551944964904,2.5362492778313404,2.1854003957627537,2.6803924040294924,2.4948751469785018,0.14414312619815206,0.3094747512157481
2810,True,1.1880676720154537,2.3827784195975927,2.13996983572199,2.320180604924755,1.96287028979859,-0.06259781467283787,-0.17709954592340016
2811,True,1.0848312548699373,2.5350617586362665,2.02068893786253,2.0837170285540214,2.3244956703657245,-0.45134473008224507,0.30380673250319434
2812,True,1.2101262124931693,2.4046941598881166,2.2834483210705683,2.2004210205762895,1.8562091723345726,-0.2042731393118271,-0.42723914873599567
2813,True,0.686236157823016,2.3359821958867766,2.7203807635880706,1.9494903191937119,2.4613348823002528,-0.38649187669306473,-0.2590458812878178
2814,True,1.8635939762695302,2.3066068391687335,2.4218200119744635,2.6175874468628555,2.6889414970590195,0.31098060769412195,0.267121485084556
2815,True,1.5717945608683603,2.2335652139572733,2.2733271857346002,2.8146416978459263,2.2611033968016594,0.5810764838886531,-0.012223788932940849
2816,True,1.4589774868768584,2.442386008680858,2.1413783275965024,2.2022364991478547,2.560992851466985,-0.2401495095330035,0.4196145238704827
2817,True,1.1314650729208802,2.1874093793572347,2.262291249817317,2.4094011206777086,2.216950454364057,0.22199174132047395,-0.045340795453260085
2818,True,1.0885505792128636,2.4656829757290373,2.7426455116365296,2.6310516518154863,2.486410849648545,0.165368676086449,-0.2562346619879845
2819,True,1.4245589053663037,2.3426555926768238,2.9632714739118993,2.3862564445872114,2.5816312446125997,0.04360085191038765,-0.3816402292992995
2820,True,1.0244685488306622,2.531939394416857,2.4847950234576697,2.432424113005378,2.517922669866968,-0.0995152814114788,0.03312764640929844
2821,True,0.5906152056670699,2.522220681403592,2.568409300481526,2.546053774208235,2.475856098065879,0.023833092804642853,-0.09255320241564702
2822,True,1.0479912728480347,2.495221237926609,2.235154898927589,2.5939441985187344,2.5249202597797025,0.09872296059212538,0.2897653608521136
2823,True,0.9642665538989145,2.4296717165905357,2.305565093789373,2.6748280047685307,2.1041726000337997,0.24515628817799495,-0.2013924937555731
2824,True,0.266760768078527,2.2939494185792326,2.2894261011441275,2.5940647263778907,2.638471718666888,0.300115307798658,0.3490456175227603
2825,True,0.7231709356871906,2.219860600736001,2.4352666852318245,2.4979465797974942,2.6138762246803116,0.2780859790614931,0.178609539448487
2826,True,1.1586404402802988,2.4274693948225177,2.391925227322125,2.470592442714905,2.463944816249341,0.04312304789238741,0.07201958892721594
2827,True,1.674761340229616,2.4052182156927056,2.2460704274799577,2.4247880323916977,2.5713380487462167,0.01956981669899216,0.3252676212662591
2828,True,0.5839056563880822,2.745244376681246,2.3194793267886653,2.264829771426983,2.791158025357396,-0.48041460525426327,0.4716786985687307
2829,True,0.898898014372491,2.680588589209467,2.5509423462124734,2.3815099080564415,2.4904365676332736,-0.2990786811530257,-0.06050577857919981
2830,True,1.6494556800476112,2.1050784426951887,2.6819308261027164,2.6115164384070035,2.6773188847406657,0.5064379957118148,-0.0046119413620506755
2831,True,1.1054465489240781,2.210845651328921,2.6266856380237056,2.3546836173392807,2.5525753762776526,0.1438379660103597,-0.07411026174605295
2832,True,1.1839064019992205,2.7356433467467944,2.3181063216988123,2.9497860814333636,2.570776559957516,0.2141427346865692,0.2526702382587036
2833,True,1.1855034379047444,2.550713274713566,2.399017038267965,2.270410672433293,2.563213604298518,-0.28030260228027304,0.1641965660305531
2834,True,0.9146072624430428,2.597928034049442,2.4501199846742203,2.5813967898819814,2.756864498916659,-0.016531244167460546,0.30674451424243854
2835,True,0.690683444387466,2.4796306391275293,2.577291646244173,2.4708089606576222,2.518828430741165,-0.008821678469907113,-0.05846321550300804
2836,True,0.4952613295208978,2.5773862732815194,2.070580877773192,2.3242679608657433,2.176936773225626,-0.2531183124157761,0.10635589545243418
2837,True,1.241235305660979,2.1350910559037057,2.552831684874658,2.3825971288782752,2.5307500012259214,0.2475060729745695,-0.02208168364873675
2838,True,1.5050946693842449,2.3192311096999365,2.4383336162633693,2.5579956340246164,2.356934676974099,0.23876452432467987,-0.08139893928927044
2839,True,1.7680328324166696,2.280208315856251,2.413591081252166,2.4442531763728974,2.57680187645655,0.16404486051664646,0.16321079520438397
2840,True,0.4343253777473204,2.1712135775183423,2.1098403119430627,2.32740311722572,2.3585481960191106,0.1561895397073778,0.24870788407604794
2841,True,1.2819113874943848,2.123292590859771,2.1566372035648462,2.535749628343461,2.453777129945994,0.4124570374836898,0.29713992638114783
2842,True,0.6771836664255809,2.7633926460421803,2.343598726339473,2.6180504670166314,2.653753894067986,-0.1453421790255489,0.3101551677285128
2843,True,0.7661162015554747,3.1618538889392083,2.174193791247689,2.690544980285221,2.2623349521567313,-0.4713089086539872,0.08814116090904234
2844,True,1.571727714514947,2.6452855474220547,2.3443463647464724,2.590334323708428,2.4919553890288646,-0.05495122371362671,0.1476090242823922
2846,True,1.1564133274786825,2.5923027274028008,2.3136780515015483,2.659749999833443,2.723208075696384,0.06744727243064208,0.40953002419483564
2847,True,1.1210004943375491,2.375493024132043,2.451999022613998,2.6028181509473534,2.4565523960259834,0.22732512681531025,0.004553373411985362
2848,True,0.99994891113632,2.5510216845217135,2.2471314947950867,2.3910948205796854,2.1400802073560237,-0.15992686394202815,-0.107051287439063
2849,True,1.3971024619162777,2.7443068883235338,2.075452292031788,2.6027561941413184,2.4580354237197235,-0.14155069418221533,0.38258313168793556
2850,True,1.403616409581334,2.334886740850614,2.476077995318404,2.0970646634763077,2.5485881597225553,-0.2378220773743065,0.07251016440415148
2851,True,1.4015922014113988,2.4016090482216286,2.298391468853816,2.6402122150848024,2.395344367741933,0.23860316686317384,0.0969528988881172
2852,True,1.1913259360952773,2.6185385290463077,1.9941222847408326,2.9152163627947068,2.8112819717461637,0.29667783374839907,0.817159687005331
2853,True,1.6034488844044694,2.0935935134834556,2.494441698035855,2.7291171738019973,2.2715729672425224,0.6355236603185417,-0.22286873079333258
2854,True,1.302483652441833,2.4070418923857564,2.3339743115338694,2.201003424897608,2.629568585104789,-0.20603846748814858,0.2955942735709196
2855,True,1.4669105508300426,2.471246150143688,2.209356091285423,2.514267546330541,2.2604178127434764,0.04302139618685308,0.051061721458053544
2856,True,0.779687479742676,2.3125121769192916,2.230923539568311,2.2821664024980737,2.576863747609873,-0.030345774421217886,0.3459402080415619
2857,True,1.0997079253939457,2.5838075718210907,2.389219037196046,2.622584041734602,2.611596465588434,0.038776469913511136,0.22237742839238805
2858,True,0.5271711671933851,2.8148237050657365,2.178883233516656,2.5360323026609892,2.348742710266495,-0.2787914024047473,0.16985947674983892
2859,True,0.5307565870220344,2.6643579963098047,2.2999903710668015,2.7593799908104355,2.496080935416358,0.09502199450063076,0.1960905643495563
2860,True,1.1008875229952546,2.5100902687752087,2.106253188697883,2.4237487310581516,2.5052583713926593,-0.0863415377170571,0.3990051826947765
2861,True,0.7939513729543985,2.2126297428173562,2.3472414328526154,2.1969199935778274,2.4133124267400605,-0.015709749239528836,0.06607099388744508
2862,True,0.6916854126066325,2.3993418690340897,2.2603018499527887,2.5975478256819446,2.2831215572329913,0.1982059566478549,0.02281970728020255
2863,True,1.757104056023424,2.467175663749948,2.0891605411504393,2.7935801242989253,2.5358815190357378,0.3264044605489773,0.4467209778852985
2864,True,1.2302826144115153,2.671352827332998,2.360289848196615,3.0242860555550957,3.354904608785472,0.35293322822209783,0.9946147605888571
2865,True,1.094229484626717,2.700336305166451,2.5990468028490756,2.5383023965416336,2.5565186108448343,-0.16203390862481726,-0.042528192004241294
2866,True,1.1977508676733108,2.1422303196902055,2.874051938866102,2.64331339797573,2.625244724808908,0.5010830782855247,-0.24880721405719397
2867,True,0.6576353044412678,2.01738509841329,2.7089253574987997,2.0006339447370176,2.2664022484294355,-0.016751153676272335,-0.4425231090693642
2868,True,1.4172999910687523,2.4937198744446016,2.427105932092788,2.359762035998969,2.6277941021976967,-0.13395783844563258,0.2006881701049088
2869,True,1.1477737716456937,2.3756352842345136,2.501225599441202,2.7344092392379746,2.7077862181101002,0.358773955003461,0.2065606186688984
2870,True,1.1886304111835997,2.550758620900849,2.459340968247388,2.8808996613485167,2.4233915162783743,0.3301410404476677,-0.03594945196901378
2871,True,1.0132611631387693,2.381908591235189,2.5353846839680956,2.395486427502773,2.4945334202086773,0.013577836267584242,-0.04085126375941828
2872,True,1.4152700955639779,2.6492012336740296,2.1382387009405663,3.0200007388403067,2.1213346152879797,0.37079950516627713,-0.01690408565258661
2873,True,1.5454664366687891,2.5157698742532077,2.1784956692864923,2.522257844545438,2.4110134846327593,0.006487970292230472,0.23251781534626703
2874,True,1.0197538319103758,2.621232579417552,2.229541164679404,2.634519149439419,2.3377144837522397,0.01328657002186695,0.10817331907283556
2875,True,1.1720619609333216,2.288999813259058,2.719231928854176,2.3650389610238984,2.628476910909624,0.07603914776484055,-0.09075501794455176
2876,True,0.8753659537494984,2.723152941242925,2.301067885700028,2.4232972368776804,2.3532577697470796,-0.2998557043652448,0.05218988404705138
2877,True,1.095037647246897,3.1323890415464017,2.0678198676383763,2.5211026169469974,2.5061840343641966,-0.6112864245994043,0.43836416672582024
2878,True,1.1935822286173043,2.3583816837399336,2.821675832461979,2.424776373486842,2.55553709862604,0.06639468974690832,-0.2661387338359389
2880,True,0.9315215493119706,2.4245170136338494,2.232886076672968,2.796715524190117,2.8048202001885967,0.3721985105562675,0.5719341235156286
2881,True,1.5623768433459329,2.0991813008646973,2.313678601189023,2.9150020690989225,2.718765398032901,0.8158207682342251,0.40508679684387827
2882,True,1.2769907678210004,2.4612061176179454,2.51324258910675,2.428513888356416,2.460696057508932,-0.03269222926152926,-0.05254653159781819
2883,True,1.3774446575879296,2.7176632496687296,2.3696425239896435,2.49280893868764,2.4218209334329406,-0.22485431098108943,0.0521784094432971
2884,True,0.8159629746253666,2.2413667898182132,2.590097357147025,2.15772242852759,2.35253366451237,-0.08364436129062325,-0.23756369263465515
2885,True,0.9419353144603488,2.32909084575935,2.7235326042660115,2.5963649544971523,2.5785821269684237,0.26727410873780233,-0.1449504772975878
2886,True,1.517342201181553,2.332246395173547,2.2784805568843463,2.569474243209688,2.5496110982381213,0.23722784803614116,0.271130541353775
2887,True,1.1138158642607614,2.3730896475902443,2.369873796323339,2.725643835338359,2.925688185422534,0.35255418774811487,0.5558143890991949
2888,True,1.00070383214835,2.7969407265796673,2.311201078422213,2.6382056165526597,2.49833805871043,-0.15873511002700758,0.18713698028821701
2889,True,0.4345476063710621,2.628744577093789,2.456346335922525,2.550748531648896,2.340841654677864,-0.07799604544489291,-0.11550468124466073
2890,True,1.2039641043214264,2.492361104093867,2.4901184198547663,2.894016819345388,2.553598719475321,0.401655715251521,0.06348029962055479
2891,True,1.0695425851662854,2.565112764402376,2.4252859508519817,2.5812494855937502,2.5041086183748096,0.016136721191374104,0.07882266752282785
2892,True,0.758244726713532,2.771830970982899,2.5123279829074865,3.060602036065127,2.480708226662902,0.28877106508222816,-0.03161975624458435
2893,True,1.1246476788852386,2.659036449468115,2.5460830796342844,2.834225685174171,2.3392841143046303,0.17518923570605605,-0.20679896532965403
2894,True,0.7306093404740958,2.291861240738627,2.9994178059250105,2.434198662742834,2.5380906785426327,0.14233742200420663,-0.4613271273823778
2895,True,1.2787862095881382,2.113152559991823,2.357203790044467,2.507990307139563,2.930831061844575,0.39483774714774,0.5736272718001083
2896,True,0.7188114173948265,2.445706770608447,2.090278266068898,2.2822686900566724,2.295716162260701,-0.16343808055177478,0.20543789619180286
2898,True,0.9979162325050701,2.1801941092251393,2.6258185189955525,2.318079126761207,2.5253584896622105,0.13788501753606752,-0.10046002933334197
2899,True,1.205606881952267,2.422729183255942,2.3204812516803486,2.6229494373858984,2.287832694879807,0.20022025412995648,-0.032648556800541684
2900,True,1.055775767545735,2.442093459861846,2.25048557542589,2.6090472963457367,2.4505206841210296,0.16695383648389095,0.20003510869513974
2901,True,0.9294796213022503,2.470223254363864,2.7070591852044905,2.3821286690372125,2.564522618555352,-0.08809458532665149,-0.1425365666491385
2902,True,0.8411744028521448,2.6161450794250687,2.683701860639516,2.5025594535415134,2.5830165503196065,-0.11358562588355525,-0.10068531031990968
2903,True,1.610922004515984,2.3630918106159156,2.6251909774909707,2.7880246504286865,2.6015261864734325,0.42493283981277097,-0.023664791017538267
2905,True,0.7304076723410221,2.688963653993858,2.552294595946949,2.4569694623020855,2.4908733422131286,-0.2319941916917725,-0.06142125373382035
2909,True,0.5340702925258147,2.6054399189772157,2.5417793142206504,2.6944133887338078,2.43024653221129,0.08897346975659204,-0.11153278200936034
2910,True,0.3285712693461006,2.7504437504882735,2.7807303923070283,2.5634109311988973,2.562477697286944,-0.1870328192893762,-0.21825269502008426
2911,True,1.2546025648514885,2.5088698021419926,2.2592548161506705,2.6547449886919456,2.575693500135643,0.14587518654995302,0.31643868398497244
2912,True,1.1897881553930838,2.2765066075239053,2.4853031923288555,2.493852337697844,2.59119962088682,0.21734573017393854,0.10589642855796466
2913,True,0.9973647080179868,2.348367042350919,2.440093650723267,2.355708769732583,2.4180486367587815,0.007341727381664054,-0.022045013964485438
2914,True,1.0438650699482284,2.321402246768104,2.44468531334812,2.3459115489902853,2.441020968900513,0.024509302222181173,-0.003664344447606993
2915,True,0.9232175754503217,2.2443896992055543,2.6865518993311857,2.356909015458594,2.8857159857196617,0.11251931625303957,0.19916408638847605
2916,True,0.6785819187567667,2.432392508827471,2.485253252185781,2.804956438066374,2.578105305920222,0.37256392923890314,0.09285205373444105
2917,True,1.0749879188533482,2.6049405021996184,2.661674490259844,2.3452480807347436,2.7929492124428257,-0.2596924214648748,0.13127472218298175
2918,True,1.3384844296039333,2.5955538020430247,2.490847482022936,2.8521944288428163,2.117567972500765,0.2566406267997916,-0.3732795095221708
2919,True,1.2140632345179247,2.261131251099768,2.0584206909910323,2.4032139369425685,2.586065588664758,0.1420826858428006,0.5276448976737256
2920,True,0.8102940921045299,2.0672179342052925,2.203930995153888,2.4965286841704826,2.361301092162751,0.42931074996519003,0.15737009700886295
2921,True,1.0961246849885062,2.401970843328451,2.5308280694665926,2.3494204845216617,2.4997453455520224,-0.052550358806789266,-0.03108272391457012
2922,True,1.6589076120357886,2.5403142147576943,2.5998833342094403,2.1249745755599054,2.6690433315405353,-0.4153396391977888,0.06915999733109501
2923,True,1.0809973664482178,2.4336099516150873,2.4432228509286666,2.344374531992062,2.492643445853618,-0.08923541962302517,0.049420594924951544
2924,True,1.0813738472917354,2.662474618395451,2.2804661114123137,2.5803640149816074,2.2467027198385634,-0.08211060341384346,-0.0337633915737503
2925,True,0.47790814115059577,2.5263642846193037,2.63139721923544,2.192802242420643,2.3707540131411777,-0.3335620421986607,-0.26064320609426206
2926,True,1.7150194929033027,2.37455813535908,2.654633021982511,2.0510663515047485,2.4107217296631314,-0.3234917838543314,-0.24391129231937958
2927,True,0.9050207392518316,2.514698711893733,2.7505483880491908,2.394246223573507,2.868401335509555,-0.12045248832022581,0.11785294746036401
2928,True,0.6921301781626089,2.50779927761374,2.595523646222473,2.5001508881463534,2.470995233539312,-0.0076483894673864405,-0.12452841268316073
2929,True,1.7466012176400074,1.8586728705181017,2.7479370737700672,1.7400454635422606,2.62496797733039,-0.11862740697584107,-0.12296909643967746
2930,True,0.9840170456495043,2.677251482603007,2.2438341826436288,2.563987446853826,2.585361505499376,-0.11326403574918098,0.34152732285574716
2931,True,1.2649154071587942,2.8568314264758405,2.2000629094187287,2.800601599884389,2.373776931469341,-0.05622982659145137,0.17371402205061237
2932,True,1.6361467519408348,2.4109086098606065,2.3061513961793576,2.629907510225787,2.0593309585960196,0.21899890036518066,-0.24682043758333805
2933,True,1.6364535677940668,2.398798273365228,1.8510495647875023,2.62201245434914,2.236179638121678,0.22321418098391188,0.3851300733341758
2934,True,1.1590199578729765,2.011549329994171,2.213211047030987,2.2944921027569474,2.549466651823867,0.28294277276277624,0.3362556047928802
2936,True,1.0992996866155558,2.285940056803765,2.347763545014702,2.5716722554030866,2.353198966239999,0.28573219859932175,0.005435421225297166
2938,True,1.354594529297989,2.1828896648708564,2.623190793003818,2.6550553390396594,2.5816090439291925,0.47216567416880295,-0.04158174907462531
2939,True,0.9533835792728939,2.211991737461961,2.975830143287753,1.7180454278167385,2.6283943031552557,-0.49394630964522257,-0.3474358401324973
2940,True,0.6329081757907752,2.4409681157688223,2.608895950761549,2.668411229431663,2.4204708533816306,0.22744311366284053,-0.18842509737991842
2941,True,1.3433084456527853,2.5988492215017014,2.3594321712225597,2.4977178183103472,1.9250742400723146,-0.10113140319135416,-0.434357931150245
2942,True,0.5662075010011551,2.6702453712908105,2.3146405997692168,2.6703135792692962,2.2783280924331333,6.820797848572369e-05,-0.03631250733608349
2943,True,0.4070289909306141,2.2825990894811103,2.4473785601128406,2.284715045989981,2.435805206121992,0.0021159565088706422,-0.011573353990848467
2944,True,1.2562867689872563,2.586935282336998,2.4768630358176846,2.8750380787951313,3.6912256839681317,0.2881027964581331,1.214362648150447
2947,True,1.3522245020576924,2.4261441067875578,2.4865466134983287,2.663778156053728,2.6734281534107103,0.23763404926617016,0.18688153991238154
2948,True,1.1462453321156574,2.3981925946220417,2.4376515574216095,2.749542697178933,2.383186995387689,0.3513501025568915,-0.05446456203392058
2951,True,0.6738309263430424,1.9858536300795182,2.80023945149339,2.609096853733299,2.6031905240725277,0.6232432236537806,-0.19704892742086244
2952,True,1.4687901887617718,2.1449291209035324,2.389491629008145,2.4745714705728346,2.6864018254216924,0.32964234966930217,0.2969101964135472
2953,True,1.2621423368219167,2.331022024263177,2.841775203970222,2.6947493198321806,2.672729303820722,0.3637272955690034,-0.16904590014950038
2954,True,1.3434626247871513,2.862803552271793,2.2913639212704733,2.7117210480772167,2.2420751528764598,-0.15108250419457647,-0.04928876839401353
2955,True,1.1720688309645868,2.3777685212400295,2.1920452925293317,2.554687311437938,2.1837476161450065,0.17691879019790857,-0.008297676384325214
2956,True,0.9222135152631419,2.3283908600361753,2.2873665876723828,2.4423059407783048,2.2607784865620957,0.11391508074212942,-0.026588101110287088
2957,True,1.018586808639244,2.1899911469684077,2.502886463146101,2.625720003819333,2.37672733181175,0.43572885685092544,-0.1261591313343513
2958,True,1.1106750458078847,2.479311724672797,2.3408327551322414,2.4466974792519816,2.244049731788714,-0.03261424542081537,-0.0967830233435274
2959,True,1.647987697291298,2.5234580130447983,2.406144655855087,2.4869992066763915,2.1643765255347787,-0.036458806368406815,-0.2417681303203083
2961,True,1.296149316813132,2.5599974022838383,2.2147184527835586,2.7627836208371437,2.275977933843384,0.20278621855330536,0.06125948105982548
2962,True,0.5681500012084427,2.346430814215497,2.6110805928963585,2.2658408984326326,2.738051807723331,-0.08058991578286445,0.12697121482697238
2963,True,1.0295515345472193,2.4651220572823576,2.2111921162124295,2.751444100131602,2.0260453373866043,0.28632204284924434,-0.1851467788258252
2964,True,1.6521307918676236,2.1459802712280465,2.4240158276917256,2.2165850536787444,2.5583458357401567,0.0706047824506979,0.1343300080484311
2967,True,0.7975519192693031,2.344218587184224,2.7904673877327433,2.4505893142077073,2.518747940707049,0.10637072702348327,-0.2717194470256943
2969,True,1.1097206246199256,2.95695729840659,2.554944109095149,2.910355698044485,2.861435969025517,-0.046601600362105255,0.3064918599303681
2971,True,1.4096575925733579,2.1765474533995346,2.643208786948167,2.2969747916790464,2.579890249669354,0.1204273382795118,-0.0633185372788132
2972,True,1.2745671806223833,2.211030940353391,2.298090750275106,2.7346345010545745,2.517027101977847,0.5236035607011833,0.2189363517027414
2973,True,0.9864308878135545,2.6547761730887967,2.1026609901978985,2.772030177300926,2.180015354644549,0.11725400421212928,0.07735436444665034
2974,True,1.446768756197311,2.5126043001833778,2.4696789794222243,2.4530100560939414,2.3450871870455052,-0.059594244089436366,-0.12459179237671902
2975,True,1.3385779687067954,2.4798536716104835,2.562042695526364,2.4914428470797803,2.5274822183977874,0.01158917546929672,-0.03456047712857657
2976,True,1.5614811592888806,2.168152448076473,2.603112876288695,2.3825665559041576,2.485667577363474,0.21441410782768466,-0.1174452989252206
2977,True,1.0033326742709459,2.708260696609542,2.183256185173879,2.6797380674164777,2.3267756195957103,-0.028522629193064475,0.14351943442183135
2978,True,0.5717392730882833,2.3329812221276027,2.558336918019204,2.4419990632735713,2.6714504751892747,0.10901784114596857,0.11311355717007077
2979,True,1.2560812668956438,2.4636711129734827,2.2621575232065516,2.7575357788152086,2.448038787088758,0.2938646658417259,0.1858812638822065
2980,True,0.9406729026452051,2.5026055972326127,2.3439107642997,2.11781438312379,2.7674054758103304,-0.38479121410882255,0.42349471151063023
2981,True,1.4446339186081647,2.608518677429778,2.2039398077533785,2.72018066144475,2.2828932107915167,0.11166198401497196,0.07895340303813825
2982,True,0.9577173241318445,2.9054778946156175,2.1048976036615183,2.7845935419866934,2.3308809230031464,-0.12088435262892405,0.22598331934162807
2983,True,0.8600491197997644,2.279898585705075,2.2952780088695137,2.4662607149593896,2.516887275606319,0.18636212925431472,0.22160926673680548
2984,True,0.9020595982553847,2.3529871023233424,2.2591117507108853,2.4230680388468255,2.691416917641895,0.07008093652348313,0.43230516693100984
2985,True,0.4760054435162626,2.4083684942508277,2.335094798482494,2.357372679016409,2.41920730639005,-0.05099581523441854,0.08411250790755576
2986,True,0.6592387296809921,2.3983887526003786,2.339163453929631,2.630654578859224,2.461087959659508,0.2322658262588453,0.12192450572987701
2987,True,1.1198464429597335,2.3158963538768313,2.4929882887209858,2.330573678473178,2.6402058107155204,0.01467732459634652,0.14721752199453464
2989,True,1.1226295397901944,2.4928393666861086,2.3798150333796957,2.5699963480974053,2.700610047433542,0.07715698141129668,0.3207950140538465
2990,True,1.211559711919838,2.4372473113330138,2.4555250793262124,2.790927080347496,2.789712021555451,0.3536797690144824,0.3341869422292385
2991,True,0.6838439479119524,2.3169058263554865,2.3512621457846845,2.494113149140792,2.7059546941155537,0.1772073227853057,0.35469254833086916
2992,True,1.5187836943562218,2.2436798841412284,2.4759984044017473,2.405157861968108,2.693884539321795,0.16147797782687956,0.2178861349200476
2993,True,1.4710800735019338,2.361920115795621,2.346107622147799,2.535700020849075,2.5296342191935577,0.1737799050534541,0.1835265970457587
2994,True,0.8908344579026851,2.5353383077411973,2.708265958671711,2.565330311836275,2.6229609263976847,0.02999200409507763,-0.08530503227402608
2995,True,2.248453387891896,2.4499980632033163,2.262846750909129,2.5751678843997725,2.6055685773253026,0.12516982119645625,0.34272182641617377
2996,True,0.7776387155480834,2.384865278144662,2.6587865451179016,2.910132638173216,2.7194191102147163,0.525267360028554,0.060632565096814695
2997,True,1.3183825279162458,2.2709230184662785,2.4427078636013775,2.4615519426323305,2.5667223030211117,0.19062892416605193,0.12401443941973422
2999,True,1.8781896436489083,2.6315651668731292,2.47348652298734,2.6502976777856486,2.3413588916411343,0.018732510912519373,-0.13212763134620564
3000,True,1.255802065959237,2.3232424899265256,2.126485868398847,2.415756866214396,2.3391356605158666,0.09251437628787018,0.21264979211701984
3001,True,1.0253256396676955,2.3328036873041818,2.1277926619151617,2.6155015774864294,2.1630944537398267,0.28269789018224767,0.035301791824664974
3002,True,1.3430259474482986,2.6731079773739035,2.601229242819633,2.4722116533650595,2.932265446838843,-0.20089632400884394,0.3310362040192101
3003,True,0.6008201116683259,2.6756804612658813,2.717598994425042,2.65179777695227,2.5188317576704087,-0.023882684313611513,-0.19876723675463337
3004,True,1.4884808870472805,2.8047037888875184,2.131902154884225,2.5591297259181682,2.4782691833136288,-0.24557406296935014,0.3463670284294036
3005,True,1.0529552044530799,2.493716343652582,2.4474758754480095,2.6908146775170154,2.6162428256813244,0.19709833386443343,0.1687669502333149
3006,True,1.4511765306429325,2.416308385637066,2.5974688532107537,2.2194627018341624,2.6968098068912836,-0.1968456838029038,0.09934095368052986
3007,True,0.815130963656079,2.6660750670601905,2.4756225564087915,2.670891539275603,2.42464647275474,0.004816472215412482,-0.050976083654051596
3008,True,0.6303294489629583,2.7411333002428027,2.7531640500340693,2.1822172580577304,2.432217050629117,-0.5589160421850723,-0.3209469994049523
3009,True,1.7244393298327245,2.9048134376582606,2.404219444643105,2.983724666580514,2.3933863495578813,0.07891122892225333,-0.010833095085223565
3010,True,1.5529609629072063,2.790480761893907,2.1557757804094564,2.5553188231649293,3.1442772673139054,-0.23516193872897784,0.9885014869044491
3011,True,1.8015301428423869,2.2764741336110106,2.7677042877265627,2.2855971434401994,2.682662590119003,0.009123009829188788,-0.08504169760755964
3012,True,1.4583577632532052,2.222774321563033,2.1561705564495584,2.667892500629289,2.457697955814343,0.44511817906625595,0.30152739936478445
3013,True,1.1141160243730681,2.1102685238139713,2.6101005141756515,2.573669468663177,2.5701509714507047,0.4634009448492056,-0.039949542724946774
3014,True,1.0009543775186613,2.4290156035316035,2.57437366528249,2.8732131060278143,2.590020889939886,0.4441975024962108,0.015647224657396208
3015,True,0.6635402696327631,2.5154884137677924,2.5327952051833966,2.4871779841269905,2.5285256195852552,-0.028310429640801882,-0.00426958559814139
3016,True,0.6169808759664268,2.2944373770273185,2.2732980306374264,2.3637439748257423,2.363953903708361,0.06930659779842374,0.09065587307093459
3017,True,0.9045629465204048,2.5757660862159044,2.552858371042154,2.6614868077287177,2.4878324946396613,0.08572072151281329,-0.06502587640249269
3018,True,1.4551836386094825,2.5227579090749077,2.403639987456524,2.281592950659254,2.2859697045020084,-0.24116495841565389,-0.11767028295451576
3019,True,1.5879870445258233,2.5312926993731883,2.6268830571991595,2.530993255772524,2.5164224385873686,-0.0002994436006642509,-0.1104606186117909
3020,True,1.1101063635474684,2.435907689260822,2.476771578204174,2.6137944159112823,2.603213740477144,0.17788672665046024,0.12644216227296967
3021,True,1.0206396388092325,2.399646941197809,2.1911607965642323,2.2767320421979833,2.236906000862352,-0.12291489899982588,0.04574520429811946
3022,True,0.6772536733787933,2.4907977585103134,2.449979881590867,2.317346651244479,2.5060161130020693,-0.17345110726583446,0.0560362314112024
3024,True,0.7450785068833372,2.373662346017226,2.754349604207861,2.594984315894221,2.5496163551569873,0.22132196987699526,-0.20473324905087376
3025,True,0.3222305432785468,2.4832688341579128,2.8918953126626143,2.47052985538892,2.7131858304117324,-0.01273897876899266,-0.1787094822508819
3027,True,1.50166121334433,2.478699357929475,2.56887440971722,2.466801151762744,2.592913015102705,-0.011898206166731207,0.0240386053854853
3028,True,1.500249254830049,2.4072983485642143,2.607960923748667,2.7261464134939635,2.814384692618086,0.31884806492974915,0.20642376886941882
3031,True,1.6319230930732076,2.2362550691949252,2.3573038853105044,2.8110124431405494,2.1853119288071894,0.5747573739456242,-0.171991956503315
3032,True,0.6780813159062549,2.4501084154175707,2.34056143185775,2.5460618267137582,2.4166505374457845,0.09595341129618751,0.07608910558803439
3033,True,1.4169934637799315,2.4968067134842458,2.111495010294837,2.344944623268106,2.571323566093734,-0.15186209021613983,0.45982855579889703
3034,True,1.4852796647313273,2.1939596037757854,2.591512396458871,2.3992234785717645,2.326581509015534,0.20526387479597918,-0.2649308874433367
3036,True,1.7803283946317026,2.2589821872693023,2.7971113993725742,2.537849023536467,2.4791073357749154,0.2788668362671647,-0.31800406359765887
3037,True,0.8263131017006543,2.3953869689467715,2.4674597483444387,2.405802650215516,2.4408166487735206,0.010415681268744592,-0.02664309957091815
3038,True,0.9630692555372077,2.341562037465589,2.4878094757034757,1.780277913281238,2.2680694880803367,-0.5612841241843509,-0.21973998762313895
3039,True,0.8792806275721708,2.562099955797978,2.7396039593342687,2.0650188805148972,2.4744418943792152,-0.49708107528308076,-0.26516206495505346
3040,True,1.2992692068559748,2.471109251125898,2.4574728875818748,2.4572122468142634,2.7241965380372246,-0.013897004311634653,0.26672365045534985
3041,True,1.0500812510977975,2.1411249138945627,2.5166304754174775,2.3744389272807167,3.047862856369361,0.23331401338615398,0.5312323809518835
3042,True,0.7329713285911296,2.1305267784986888,2.4628545037415424,2.4324229157225106,2.6194744988449497,0.3018961372238218,0.1566199951034073
3043,True,0.7901101871197752,2.399443285993649,2.2278372646358173,2.6118774799015747,2.4437624939741998,0.21243419390792573,0.21592522933838243
3045,True,1.6845560780428226,2.1588131490474116,2.6074778335778817,2.684367702813644,2.7777179472082834,0.5255545537662325,0.1702401136304017
3046,True,1.1393643028406004,2.680424043840825,2.361055626134209,2.6372887503580262,2.2866802592295232,-0.043135293482798875,-0.0743753669046856
3047,True,0.6518109905363684,2.972039370550128,2.1825672166052525,2.663649210804793,2.156098671180658,-0.3083901597453349,-0.026468545424594758
3048,True,0.631074782554187,2.554911150333804,2.2596872443991005,2.4143990985851946,2.6408594707498163,-0.14051205174860915,0.3811722263507158
3049,True,0.9165587125840811,2.612705473450845,2.1674668944645954,2.6343654608690876,2.6795378646762953,0.02165998741824282,0.5120709702116999
3050,True,1.4123833039144855,2.296259863430095,2.366078873938907,2.407951645494776,2.6215586923685303,0.111691782064681,0.2554798184296234
3051,True,1.8405302316242476,2.3996186755607645,2.4137315505664674,2.7284085710767365,2.4896807399917766,0.32878989551597204,0.07594918942530926
3052,True,0.8324211767497132,2.3513013806400918,2.359637917372069,2.4381448810281965,2.484505991443973,0.08684350038810473,0.12486807407190392
3053,True,1.0879466305199987,2.2065519093146215,2.567651065039795,2.3839108155369404,2.4835198161164334,0.17735890622231887,-0.08413124892336166
3054,True,0.767307993734069,2.423981912308753,2.550073321004712,2.400621733462188,2.4915890012094692,-0.02336017884656494,-0.05848431979524271
3055,True,1.1007412095435165,2.8703579473647536,2.4316515592699544,2.7497032999689264,2.342629653236081,-0.12065464739582721,-0.0890219060338735
3056,True,0.5926540024801144,2.365720591574584,2.806005501509218,2.580949963220713,2.5665091538550957,0.21522937164612888,-0.2394963476541223
3057,True,1.0132030671588486,2.6903414418433953,2.5928717349880612,2.546290065703631,2.494102873778866,-0.14405137613976438,-0.09876886120919526
3058,True,1.1195724315497464,2.308717779092975,2.235109197712721,2.5462674369904663,2.0569548386799843,0.23754965789749116,-0.17815435903273658
3059,True,1.4060676727278383,2.0746071444974827,2.5673465859131683,2.651274832339529,2.9257379179818894,0.5766676878420465,0.3583913320687211
3060,True,0.6047544866972991,2.4045577815889545,2.2134125244969596,2.114771326764433,2.1333072993239863,-0.2897864548245215,-0.08010522517297325
3061,True,1.0438583950542557,2.4006710042194452,2.2378150191648998,1.9646748819061641,2.053812084233122,-0.4359961223132811,-0.18400293493177777
3062,True,0.7753484438402521,2.3584815695061083,2.175921355219439,2.2747621792075323,2.348414059350906,-0.083719390298576,0.172492704131467
3063,True,1.0200759014528313,2.5948305256027804,2.274860590981347,2.561669372581286,2.2951657131466563,-0.03316115302149436,0.02030512216530944
3064,True,1.064172832503781,2.655871611919522,2.3693905943512146,2.609148851676539,2.3410388050705184,-0.04672276024298316,-0.02835178928069615
3065,True,0.9170897625714364,2.2552026434447083,2.8062677152759323,2.374352184040312,2.5596146464237544,0.11914954059560356,-0.24665306885217797
3066,True,1.5753056551702485,2.2504217432739138,2.688502207903129,2.1415313492627184,2.337901882614623,-0.10889039401119538,-0.35060032528850593
3067,True,0.8884042170872541,2.7594943213204846,2.304029048905417,2.7526259440049246,2.155192970362747,-0.006868377315560004,-0.1488360785426699
3068,True,0.9860042570599528,2.322683360167718,2.792881785128042,2.1317347441128787,2.462336205856747,-0.19094861605483926,-0.33054557927129524
3069,True,0.48626514561327233,2.647734706291399,2.5087956790858836,2.48928043971747,2.569635808879344,-0.15845426657392903,0.06084012979346021
3070,True,0.7013225598037092,2.6890510705637407,2.5264239087690723,2.592900395161565,2.4057580497714226,-0.0961506754021757,-0.1206658589976497
3071,True,0.8185764329707249,2.50228272145655,2.3204408516271213,2.5230095730587307,2.748873402095848,0.020726851602180574,0.4284325504687265
3072,True,1.5661182045426274,2.158049235258547,2.162210598831668,2.869199406514821,2.245490381057554,0.711150171256274,0.08327978222588595
3073,True,0.9553040240044129,2.4319346332292735,2.7011582601913573,2.795876043544313,2.4606506022686356,0.36394141031503935,-0.24050765792272166
3075,True,1.8514161118875363,2.4027115674795425,2.607222661185653,1.9282743374600513,2.527672914061667,-0.47443723001949123,-0.07954974712398588
3078,True,1.691267054669961,2.774760152607789,2.405702613084169,2.4527766126021344,2.7812235920842467,-0.32198354000565477,0.37552097900007775
3079,True,1.4946735164952811,2.3746067914709585,2.280906702191039,2.830906635618172,2.331506600281886,0.4562998441472135,0.050599898090847084
3080,True,1.5746643776872338,2.3652643969755265,2.708610028870897,2.608750732338757,2.7621245402546575,0.2434863353632304,0.05351451138376051
3081,True,0.803304920534494,2.7526312673331312,2.5524243872444092,2.5287487435176312,2.4869143353073104,-0.2238825238155,-0.0655100519370988
3082,True,0.6174953341537307,2.7194256257710014,2.6978911087366,2.323547298009016,2.4587974447660383,-0.3958783277619853,-0.23909366397056164
3083,True,0.97081181956195,2.473983614214128,2.3199693403362027,2.6207985988072418,2.610422733165837,0.1468149845931137,0.29045339282963445
3084,True,2.110369194959752,2.6518444815825832,2.2312078448454775,2.647664686003498,1.8225554167892948,-0.004179795579085432,-0.40865242805618274
3086,True,1.1474287724166494,2.519506119262265,2.584775345092878,2.844924445324163,2.823589410464985,0.3254183260618979,0.23881406537210692
3087,True,1.1476846570759383,2.556189258838242,2.841281591306994,2.709410192043464,3.150093623397565,0.15322093320522168,0.3088120320905712
3088,True,1.3540014181293634,2.674895161796067,2.4718958369235535,2.72722114698185,2.5597696909222125,0.05232598518578291,0.08787385399865899
3089,True,1.5093556882446975,2.610545522568032,2.5530270337973318,2.7502283042376687,2.6245775683244723,0.13968278166963666,0.07155053452714055
3091,True,1.4645754276615501,2.5925576587416526,2.3573534543211805,2.55673280515055,2.586912980566799,-0.035824853591102546,0.2295595262456187
3092,True,2.226488831703785,2.4067381659623885,2.81107461690365,2.048385795298093,2.969155737123602,-0.3583523706642957,0.1580811202199519
3093,True,1.287823150369408,2.344637429390737,2.8096736015060544,2.536114891863143,2.742987183223064,0.19147746247240605,-0.06668641828299027
3094,True,1.387356432693435,2.3553757840947593,2.265460154538148,2.4495171588313074,2.649710911646401,0.09414137473654804,0.38425075710825274
3095,True,1.7744077254392299,2.210019239418515,2.4377273520432943,2.463263591122355,2.5047966683874763,0.25324435170383985,0.067069316344182
3096,True,0.57864912888909,2.6772317210506826,2.393064372640235,2.5193926032174896,2.1994606648217196,-0.15783911783319304,-0.19360370781851532
3097,True,0.6153562129674157,2.486927110491982,2.4166268856817767,2.371491618346141,2.314398372561647,-0.1154354921458407,-0.1022285131201297
3098,True,1.935653860652498,2.7127724108372973,2.2864765636236033,2.81086144444688,2.748895019655898,0.09808903360958254,0.4624184560322946
3099,True,1.185134219784766,2.416436402494385,2.326660209055031,2.4456337687728307,2.5394487764164486,0.029197366278445713,0.2127885673614176
3100,True,1.0528865952058386,2.2118417575631413,2.207289032365268,2.621251049655107,2.576452014220525,0.40940929209196586,0.36916298185525687
3101,True,1.1513369711165822,2.368468581087789,2.081014620948158,2.3056074455856534,2.431881387284544,-0.06286113550213557,0.35086676633638625
3102,True,1.4152214698545977,2.3189753694897237,2.458109270842124,2.9497822510505753,2.619364190005086,0.6308068815608516,0.16125491916296175
3103,True,1.55395247562083,2.611408462343645,2.2032966638199225,2.7164804151712563,2.510487367727231,0.10507195282761117,0.3071907039073083
3104,True,0.298179880000785,2.608355481620555,2.540373808241614,2.5513869559512132,2.689293661611725,-0.05696852566934174,0.14891985337011127
3105,True,1.0502409409056415,2.2933422724268615,2.3279300561872556,2.3995751186928906,2.6671069011391353,0.10623284626602914,0.3391768449518797
3106,True,0.3915789082045907,2.0967298207208294,2.4257434369281503,2.6112314158789145,2.4023819097000376,0.5145015951580851,-0.02336152722811269
3108,True,1.2322352233993397,2.8233696245089837,2.176797631590957,2.7897824036453094,2.310982017741592,-0.03358722086367427,0.13418438615063488
3109,True,1.371155070177432,2.365982556085316,2.508964433087882,2.569551495891452,2.244083607620937,0.20356893980613622,-0.26488082546694525
3110,True,0.7969419195301123,2.3403233916277455,2.600892994204107,2.707817324505662,2.5647549375856555,0.3674939328779163,-0.036138056618451486
3111,True,1.3087306917606927,2.319770479293157,2.696762704911206,2.4533083604400403,2.6401841720217174,0.13353788114688347,-0.05657853288948855
3112,True,0.8903352091678353,2.3948938835363873,2.411306842233066,2.257570586918823,2.772909637358924,-0.13732329661756415,0.361602795125858
3113,True,1.3066614363005764,2.5731935878203935,2.4685999562910146,2.701136215379743,2.664312785696717,0.12794262755934938,0.19571282940570223
3114,True,0.9259817238413739,2.8002197113976606,2.169590144197747,2.6574794508872497,2.3012553803961002,-0.1427402605104109,0.13166523619835324
3115,True,1.2078748752218496,2.6981971044013817,2.2178949801557333,2.534402775100675,2.4358858264337844,-0.16379432930070692,0.2179908462780511
3117,True,0.478994703038307,2.412588853721245,2.2608261500831945,2.415591085757066,2.274649847367502,0.003002232035820729,0.013823697284307546
3118,True,0.6001453503300196,2.3175355705576557,2.3552780652186276,2.5279043242041417,2.4285197418962854,0.210368753646486,0.0732416766776578
3119,True,1.3403660098068748,2.1757766691000255,2.830627287528331,2.5500555373085505,2.3267114159968356,0.37427886820852496,-0.5039158715314955
3120,True,0.8644400616542305,2.0938194646864856,2.7744869423372673,2.370214727201736,2.6128861655732347,0.2763952625152504,-0.16160077676403262
3121,True,0.8020207565477653,2.454886595873626,2.6282832111665604,2.479336630607873,2.6113447297754466,0.024450034734246895,-0.016938481391113758
3124,True,1.6562497973409063,2.751817211008027,2.2596268594172804,2.595375521845346,3.314260272661458,-0.1564416891626812,1.0546334132441775
3125,True,0.5820364718398652,2.385317807945095,2.355186457395675,2.3954944939439957,2.3469644331201525,0.010176685998900759,-0.008222024275522433
3126,True,0.6786166422506313,2.5459950603447763,2.206415256745657,2.556566658319317,2.5960430155382634,0.010571597974540659,0.38962775879260647
3127,True,1.0715054149887309,2.1880644436807617,2.665315900301501,2.4456595396851544,2.6165590873762055,0.2575950960043927,-0.048756812925295545
3128,True,1.3493355974178434,2.816463972661465,2.1371901012544483,2.729184166669959,2.1821379117548916,-0.08727980599150564,0.044947810500443275
3130,True,0.8421703080793237,2.311267096421355,2.8451685264321336,2.185726303161949,2.683513420900853,-0.1255407932594057,-0.1616551055312807
3131,True,1.228644447247433,2.6179247856651653,2.4354681355747605,2.4364408329530596,2.2111319305733432,-0.1814839527121057,-0.22433620500141727
3132,True,1.1095055146504846,2.712402379607421,2.1836396172216697,2.784240979312854,2.3517987932827076,0.07183859970543294,0.16815917606103792
3133,True,1.4556411967248044,2.8980956527692454,2.5093970414025755,3.0366095150086387,2.600928191170798,0.13851386223939333,0.09153114976822252
3134,True,1.1755450912422878,2.5730418742220267,2.63461293020436,2.710138629671553,2.8284043662915317,0.13709675544952615,0.19379143608717175
3135,True,0.8151944436281774,2.515246752447958,2.7228680763856334,2.3486483825166338,2.44124191952252,-0.16659836993132426,-0.2816261568631133
3136,True,1.4197183271709377,2.5491336334135175,2.3553993881505533,3.406871898743773,4.0233693980514635,0.8577382653302554,1.6679700099009103
3137,True,1.0722826715804963,2.6615425744857073,2.5230594058999083,3.156111632435234,2.528368580360664,0.49456905794952677,0.005309174460755628
3138,True,1.4354982588293475,2.4932741902566646,2.5427917813497825,2.4701992193298903,1.91592558056674,-0.023074970926774352,-0.6268662007830426
3139,True,0.9990220288303928,2.4270629579184795,2.580615508866053,2.3678219099176356,2.463244958776532,-0.05924104800084384,-0.11737055008952124
3140,True,0.610794629981283,2.5893714164059203,2.636626065410111,2.6635946444061265,2.6073579203026576,0.0742232280002062,-0.029268145107453236
3141,True,0.9408899658800616,2.8573566837901074,2.1654916819281484,2.766006653624318,2.3042455181603367,-0.09135003016578924,0.1387538362321883
3142,True,0.6132309282483355,2.6774713830216745,2.282323804217973,2.6429003643703637,2.4122631100528813,-0.03457101865131085,0.12993930583490831
3143,True,1.2005693970143476,2.465956173454832,2.1585305033749234,2.2099772512048625,2.3455080772288976,-0.25597892224996954,0.1869775738539743
3144,True,1.5408702990163181,2.4630306601420946,2.2994205767758107,2.4240340492668415,2.0193071985000204,-0.03899661087525308,-0.2801133782757903
3145,True,0.8686964714038066,2.4321061056623328,2.5086579900217574,2.4194249488715287,2.4757106855616224,-0.01268115679080406,-0.03294730446013494
3146,True,0.7100507982111774,2.3866662605819022,2.4171669482267872,2.567479648350304,2.669026270310017,0.18081338776840195,0.2518593220832299
3147,True,1.1837276647586745,2.635081391722085,2.5711724862015775,2.6059284337719255,2.3728974530958977,-0.029152957950159486,-0.19827503310567973
3148,True,1.2843014606080858,3.044573586464942,2.402101036405422,2.604485586223122,2.5357357031887213,-0.44008800024182015,0.1336346667832995
3149,True,1.1441208243764873,2.226667655690897,2.3282262974204198,2.773532766011247,2.408087843757781,0.5468651103203501,0.07986154633736131
3150,True,1.4161823217188247,2.6839369140126976,2.243651272212328,2.455162672252085,2.4797779138533755,-0.22877424176061245,0.23612664164104746
3151,True,1.2775562847716573,2.3880994839202137,2.1660832817322606,2.4112150669647865,2.371852783931583,0.02311558304457284,0.20576950219932222
3152,True,0.6478070250156285,2.5505603065601097,2.221268862137135,2.8784813355870487,2.4622645260641676,0.327921029026939,0.24099566392703275
3153,True,1.2453683521509806,2.33962324172077,2.5459868482574683,2.3107160901049704,2.8923107257988376,-0.02890715161579971,0.3463238775413693
3154,True,0.6055833472010276,2.3300662472556444,2.5378267098838725,2.2815038878687015,2.5950251758044662,-0.048562359386942866,0.057198465920593744
3156,True,1.3248247836152747,2.9429770132639503,2.3464771913871223,2.7515341978888794,2.1785296158365623,-0.1914428153750709,-0.16794757555055995
3157,True,1.166655425620094,2.5396232483185375,2.6124635073623517,2.5594141753778343,2.7036224285223334,0.01979092705929686,0.0911589211599817
3158,True,0.8888280203038276,2.825079197509337,2.549461383782857,2.428418812072168,2.6773858259828747,-0.3966603854371691,0.12792444220001764
3159,True,1.6595485657355815,2.4734412310988905,2.759181010571797,2.2607266240080865,2.456073772846003,-0.21271460709080392,-0.30310723772579395
3160,True,1.4577378372148528,2.6084458137366013,2.4873645512268614,2.799233751096539,2.5086937019074287,0.1907879373599375,0.021329150680567288
3161,True,1.0378336946684414,2.4780538432406995,2.562524090072131,2.2057338830298634,2.680127828180775,-0.27231996021083615,0.11760373810864433
3162,True,1.5991546270307462,2.3442403506679934,2.4420417571777926,2.611431867469071,2.370925613723889,0.26719151680107744,-0.07111614345390338
3163,True,1.2621619243981594,2.6527649816370857,2.4414630135637942,2.588640005635005,2.7043663671814144,-0.06412497600208056,0.2629033536176202
3166,True,0.745139775055502,2.5616513865863952,2.384271064874965,2.298307511825604,2.382271871110642,-0.26334387476079124,-0.001999193764322893
3167,True,1.1680244803634003,2.4273311164527986,2.7856152149929105,2.555681162642555,2.4623465403996243,0.1283500461897562,-0.32326867459328623
3168,True,1.053671831157552,2.4700096463171977,2.7243551921326223,2.6929401115461142,3.0747767830367785,0.22293046522891657,0.35042159090415614
3169,True,1.019113914819893,2.126262394367168,2.5391302788356485,2.6710452026030933,2.416642870367279,0.5447828082359254,-0.12248740846836936
3170,True,1.0449944644969338,2.245070113604473,2.4175326653842752,2.454168405335094,2.3385421329259817,0.209098291730621,-0.07899053245829357
3171,True,0.7787786944696377,2.5552374908606836,2.5923720405451065,2.4713822122524878,2.4975393909021735,-0.08385527860819586,-0.09483264964293303
3172,True,0.9366821345855773,2.5201896097516157,2.6266610472042258,2.446478427214105,2.400173440988172,-0.07371118253751074,-0.2264876062160539
3173,True,1.3011673061138003,2.4284935860940626,2.3866558661650408,2.929100462642755,2.5106852479811166,0.5006068765486922,0.12402938181607581
3174,True,1.2176878467370469,2.68828400826624,2.2730793387825243,2.629352537857752,2.750984150473063,-0.05893147040848801,0.4779048116905389
3175,True,0.5684792561680485,2.4437319110327955,2.689564134966854,2.721974456951057,2.6529632259803373,0.27824254591826136,-0.03660090898651669
3176,True,0.8176408648186728,2.526625123559092,2.485176599680594,2.4894593935804616,2.5444837301246395,-0.037165729978630324,0.05930713044404534
3177,True,1.5333870804168006,2.430342527073089,2.4730269025224914,2.2970736614212006,2.3010679744349143,-0.13326886565188856,-0.17195892808757707
3178,True,0.8802117054592293,2.516627347562607,2.4352804776452346,2.5182108237762777,2.578393167964304,0.0015834762136708314,0.14311269031906937
3179,True,0.9364495169924694,2.4279132194952937,2.526560504777196,2.4768011133766876,2.622942335152262,0.04888789388139392,0.09638183037506609
3180,True,1.6147296176502572,2.453749422190459,2.7611520775393745,2.9159288828795193,2.9135537505325004,0.46217946068906013,0.1524016729931259
3181,True,0.7815974772961669,2.439780449835601,2.680514971064328,2.843337694218716,2.9710527855650763,0.4035572443831148,0.2905378145007482
3182,True,1.3530237261915006,2.6719640977378396,2.8261195225609272,2.7843758471492315,2.5914658036952756,0.11241174941139187,-0.23465371886565167
3184,True,1.1546883210117644,2.3430766345981944,2.3532718497232743,3.2748414873677474,2.6995682613895875,0.931764852769553,0.3462964116663132
3185,True,1.3725496312891048,2.423414246925192,2.325107407949147,2.142410844887133,2.4258470176804225,-0.28100340203805896,0.1007396097312756
3186,True,0.9107182866551207,2.44043526646375,2.581772061375675,2.5184941555090017,2.2069950002467156,0.0780588890452516,-0.3747770611289596
3187,True,2.0164357522041167,2.3399101674423317,2.4731910038652494,2.8475565206580185,2.654623340031124,0.5076463532156867,0.18143233616587473
3188,True,0.8511821074307422,2.5581061097616726,2.6111927331585467,2.7795445118731235,2.664897294300664,0.22143840211145083,0.05370456114211741
3189,True,1.1260935295586414,2.2719199039798923,2.5489584459735717,2.499375951156408,2.8959061840318654,0.22745604717651569,0.3469477380582937
3190,True,0.33130484626472706,2.7710633079018603,2.280613218303358,2.770286960820846,2.3533805683072173,-0.0007763470810142614,0.07276735000385948
3191,True,0.6890195676336022,2.6974046485649867,2.2576517214574974,2.5955801682055593,2.2828313552430894,-0.10182448035942748,0.02517963378559207
3192,True,0.5330066938329104,2.171757470483295,2.522104359498235,2.610985880875268,2.8426295169087723,0.43922841039197325,0.32052515741053744
3193,True,0.6769808093659252,2.473787368146262,2.4009918836597532,2.7955780978947806,2.5876356882965577,0.3217907297485185,0.1866438046368044
3194,True,1.8505989294483447,2.252575226046846,2.368665404864098,2.667461518190094,2.528772691918947,0.4148862921432479,0.16010728705484922
3195,True,1.3843114893751944,2.420792008310505,2.5370295674075227,3.045410433535191,2.5923982026039134,0.624618425224686,0.05536863519639068
3196,True,1.3895348765890223,2.296332312906823,2.381308569463437,2.356959680327604,2.632424805300429,0.060627367420780676,0.25111623583699183
3197,True,0.9130551430519146,2.550590923472441,2.326306116099084,2.68438419960575,2.4509107752460104,0.13379327613330894,0.12460465914692653
3199,True,0.7631619435688101,2.5155507913377533,2.4666060761499793,2.410868927564085,2.4992895139783227,-0.1046818637736684,0.032683437828343376
3200,True,2.1381027544770865,2.6413136191864828,2.510271737103376,2.7029339440831692,2.8193521296335087,0.06162032489668645,0.30908039253013264
3201,True,1.2935486309812487,2.331685674034989,2.73987927427469,2.4142201332896307,2.53565671054936,0.08253445925464176,-0.20422256372532965
3202,True,1.7543937176433646,2.363084226217932,2.388932548105953,2.917024445748441,2.4887915543771437,0.5539402195305088,0.0998590062711906
3203,True,0.9006325751655954,2.510209316172658,2.476186245277201,2.55867201860086,2.813397761456598,0.048462702428202054,0.33721151617939693
3204,True,1.0534086015657722,2.6107879205519553,2.7270456074110676,2.4757963631151094,2.7911128532542353,-0.13499155743684588,0.0640672458431677
3205,True,0.7123866001917785,2.6015399990582493,2.7533067690687862,2.5329761538210347,2.7374496568866795,-0.0685638452372146,-0.015857112182106725
3207,True,1.319415358612685,2.352397185978592,2.6265239116939325,2.452809965767018,2.67086311156113,0.10041277978842622,0.044339199867197365
3208,True,0.9496049208093058,2.632591694775321,2.6934472669239318,2.4934702468236916,2.4766762719780315,-0.1391214479516294,-0.21677099494590024
3209,True,1.2820417135108853,2.3313963605101558,2.3941240217039716,2.0907130226267308,2.3766367702619178,-0.240683337883425,-0.017487251442053875
3210,True,1.1925145347028665,2.2755228266488547,2.457669751024333,2.5267594954496557,2.4071380968035463,0.251236668800801,-0.05053165422078676
3211,True,0.95978904758253,2.14165662667945,2.501792798954382,2.487076050849471,2.3330173450272502,0.345419424170021,-0.16877545392713156
3212,True,0.9453907005408421,2.7930569932960543,2.324563213100474,2.380077334353025,2.3084838885671264,-0.41297965894302946,-0.016079324533347705
3214,True,1.3807265799643527,2.5468333145889233,2.310080726966051,2.746766187246559,2.732241219200091,0.19993287265763593,0.42216049223404006
3215,True,0.8788245330861801,2.5655264626388092,2.321238459615901,2.736689143666485,2.6225555895814674,0.17116268102767584,0.30131712996556637
3216,True,0.14887961281162898,2.437501649353288,2.5361606536850148,2.1837579857562055,2.673626593017245,-0.25374366359708267,0.1374659393322304
3217,True,0.248842985366634,2.4537229482156295,2.2936771215888254,2.1308907163306148,2.499174991444377,-0.32283223188501475,0.2054978698555514
3218,True,0.1693240025315923,2.0491346724166277,2.1692549492855835,2.1040512492014067,2.245414146233162,0.054916576784779014,0.07615919694757833
3220,True,0.10750302792555032,2.367925591504091,2.413285414326287,2.2035798729673948,2.236710043294839,-0.16434571853669633,-0.17657537103144838
3221,True,1.0070677478707104,2.21330612826152,2.1708438839538875,1.882244214248778,2.6669177051905817,-0.33106191401274176,0.4960738212366942
3222,True,0.22936159723664173,2.279308477894118,2.476766233418083,2.5047538853057003,2.269675844912661,0.22544540741158237,-0.20709038850542205
3223,True,0.40690654383396535,2.177622500388899,2.1980029081645913,2.368250367393828,2.2084705308685915,0.19062786700492884,0.010467622704000146
3224,True,1.3170530797105942,2.5599202964545595,2.2790781651580097,3.380977906387736,2.395028396628733,0.8210576099331766,0.11595023147072325
3225,True,0.28425865618382445,2.42239440283782,2.489341048169174,2.6140310969261633,2.4235845397033295,0.19163669408834316,-0.06575650846584447
3226,True,0.15280691199833568,2.2052890651567654,2.6492643034246317,2.343043157740591,2.5984877008081066,0.13775409258382565,-0.05077660261652506
3227,True,0.4586904883343906,2.125940898472956,2.1431538736404345,2.3154549707511047,2.1380882892808706,0.18951407227814876,-0.005065584359563946
3228,True,0.48145636606834014,2.612248741065827,2.3684226334630396,2.5793483585551216,2.4455420843800666,-0.032900382510705484,0.07711945091702699
3229,True,0.8808786585204931,2.0747342022533872,2.1390625401095686,2.065818296182411,2.6461538576244954,-0.008915906070976032,0.5070913175149268
3232,True,0.12841912936389682,2.25227543739659,2.601058074418947,2.177885232655982,2.520968294731411,-0.0743902047406082,-0.08008977968753594
3233,True,0.19766487102547672,2.28327445965219,2.60918443497197,2.341936372210185,2.630732794296866,0.0586619125579948,0.021548359324896182
3234,True,0.212426016634951,2.278355285968367,2.6017122550543514,2.361367479005756,2.6005148705296803,0.08301219303738883,-0.001197384524671108
3235,True,0.23669692905680112,2.257233192317533,2.7480217045904136,2.343930420327575,2.5742703344344005,0.08669722801004198,-0.17375137015601316
3237,True,0.4643522427945417,2.2349006461138266,2.10692150639268,2.6031459530016754,2.496344031068034,0.36824530688784884,0.389422524675354
3238,True,0.666684655254892,2.2979585313490754,2.0011486479019993,2.852987789113371,2.2415495240520564,0.5550292577642955,0.24040087615005712
3239,True,0.5715273860011912,2.455171443484141,2.1906917288838246,2.558057692134014,2.172147364292994,0.10288624864987295,-0.018544364590830753
3242,True,0.12867283777038008,2.5564053779868328,2.3460333824777515,2.2007981281621447,2.1608455495416603,-0.35560724982468805,-0.1851878329360912
3243,True,1.5134412397567079,2.580307777669168,2.655658632994836,2.122864284273726,2.4796566830359805,-0.4574434933954419,-0.17600194995885543
3244,True,1.125437740272001,2.014814444185866,2.3355731923662764,2.6457284697115084,2.3657829633628698,0.6309140255256422,0.030209770996593388
3248,True,0.21969225855826513,2.4759447159821644,2.850036718605569,2.6576926705917296,2.0847481888779757,0.18174795460956528,-0.7652885297275933
3250,True,0.6470258473421728,2.3141275222640605,2.260997222200859,2.406033598074017,2.443624805054573,0.09190607580995636,0.18262758285371383
3253,True,0.3859477783962678,2.2385899893459724,2.7760677774326767,2.4338023147940753,2.698294988807006,0.19521232544810285,-0.07777278862567094
3254,True,0.35656433300712626,2.563565790866308,2.321303000751948,2.6774874773580173,2.5683506389591746,0.1139216864917092,0.24704763820722642
3255,True,0.3626379977791477,2.7055432185976995,2.3427005733768027,3.0325519628982454,2.1952974107862926,0.32700874430054583,-0.14740316259051012
3257,True,0.6222968915204471,2.2742098448911876,2.123180738867984,2.310092646611603,2.1153134056418215,0.03588280172041536,-0.007867333226162732
3258,True,0.2085625477872105,2.2282523254784232,2.5974322136487027,2.2276917430798187,2.514126944492859,-0.0005605823986045699,-0.08330526915584358
3259,True,0.08272454056354826,2.2422537095074677,2.5237351644140475,2.193993239935347,2.413971376985237,-0.04826046957212071,-0.10976378742881066
3260,True,0.4510286808493116,2.2996681348620718,2.1454161486527505,2.29482556381983,2.114942627488746,-0.00484257104224195,-0.03047352116400459
3261,True,0.6178237754091039,2.2932195484514777,2.1000879198024065,2.27367626833637,2.331681577309818,-0.019543280115107642,0.23159365750741134
3262,True,0.32898215691526445,2.2836775858470038,2.208081621611846,2.2782542152115073,2.08493684033186,-0.005423370635496472,-0.12314478127998596
3263,True,1.0069175270158601,2.534573593526138,2.0878893508277687,2.6044195336994,2.22666275471837,0.06984594017326184,0.13877340389060144
3264,True,0.7382708908069319,2.24198202370135,2.5254489149258195,2.236792640554998,2.3736344272686556,-0.005189383146352089,-0.15181448765716388
3265,True,0.42444090539112045,2.6128422332969135,2.5776858823564988,2.3082700792595743,2.225071372684256,-0.30457215403733917,-0.3526145096722426
3266,True,0.17529675325365354,2.310043811987123,2.629347397435341,2.231236340391802,2.631123811568167,-0.07880747159532131,0.0017764141328258098
3269,True,0.3854468332346978,2.1728501458453136,2.12112604113947,2.3902253863761467,2.112879628405035,0.21737524053083312,-0.008246412734434827
3270,True,0.751534895915541,2.5374690679494005,2.174879223750137,2.5536291966511113,2.1297183202681995,0.016160128701710796,-0.04516090348193735
3271,True,0.5471614185965805,2.489452952055933,2.73664202105427,1.9870559618958898,2.3575597892450153,-0.5023969901600434,-0.3790822318092548
3273,True,0.2898299693975396,2.4624097383660586,2.3246155764125818,2.2694395118328226,2.2397769978799227,-0.19297022653323603,-0.08483857853265908
3274,True,1.0369854062803847,2.398472234777797,2.333842584687322,2.1296525862931257,2.4942795006843155,-0.26881964848467144,0.1604369159969936
3275,True,0.24540230852423636,2.560250540747917,2.157170822906707,2.471988629414788,2.3415266237241465,-0.0882619113331291,0.18435580081743952
3276,True,0.3724850561315438,2.1112297467826657,2.1054505654609894,1.7210507026215118,3.039054931251819,-0.3901790441611539,0.9336043657908295
3279,True,0.704864193151534,2.3081097951354046,2.2499353366041435,2.1908698134510414,2.3213458742249076,-0.11723998168436323,0.0714105376207641
3280,True,0.19904797760823603,2.1064251371933445,2.427098457397227,2.2754396115935487,2.553033478402702,0.16901447440020423,0.12593502100547482
3281,True,0.41205405249178917,2.1997963355729095,2.3612896863578596,2.3615643565497004,2.2917145369847005,0.16176802097679088,-0.06957514937315912
3282,True,0.2135698944410193,2.530797163464508,2.371468494414379,2.7090387667619305,2.35252116106912,0.17824160329742256,-0.018947333345258777
3283,True,0.21661327941429206,2.5419647289842557,2.3303342731247803,2.6224487533637335,2.2583025538908643,0.08048402437947777,-0.07203171923391594
3284,True,0.14767571820419154,2.4134405338851836,2.0270559595136985,2.3443477269287505,2.270128427110237,-0.06909280695643316,0.24307246759653856
3285,True,0.11739648557093198,2.092689860299419,2.1156614871713293,2.1710414333192722,2.25653492917659,0.0783515730198534,0.14087344200526086
3287,True,0.0950594951913476,2.5148949687412396,2.5845825691975874,2.308962213284791,2.3287774558855987,-0.20593275545644874,-0.25580511331198874
3288,True,0.14314071946979673,2.3427709942288426,2.465816873776315,2.1922663292369386,2.3860878473011007,-0.15050466499190396,-0.0797290264752144
3289,True,0.9985774263562617,2.320885592764107,2.3761902222886113,2.2614860167852022,2.5614374683372616,-0.059399575978904995,0.18524724604865028
3291,True,1.200153907925041,2.2804777082664063,2.0078398988714214,2.4092141743358977,2.9643515251336168,0.1287364660694914,0.9565116262621953
3293,True,0.15830590988518947,2.7100943185431756,2.2611312995047412,2.703193988911636,2.2821531901579264,-0.006900329631539748,0.02102189065318516
3294,True,0.5234510922099451,2.2138654625112157,2.247278587580988,2.433435690243118,2.3916650730714784,0.21957022773190227,0.14438648549049038
3295,True,0.9638493018508768,2.5690603828053558,2.1968417466444867,2.3988483734588146,2.320179394866268,-0.17021200934654113,0.12333764822178139
3296,True,0.3624894435774211,2.2510021359607815,2.5319454384919116,2.007836773877299,2.546508392070209,-0.2431653620834826,0.0145629535782974
3297,True,0.4648948398575008,2.378241407489997,2.439928634079284,2.428334292652682,2.6336644164900735,0.050092885162685175,0.1937357824107897
3299,True,0.16284505804940783,2.545978545706935,2.1857109318480337,2.4449611731669685,2.0682854574286886,-0.10101737253996657,-0.11742547441934503
3300,True,0.16825467366472524,2.617519117485104,2.2523864502123074,2.9052956318259593,2.478748416633685,0.28777651434085527,0.2263619664213774
3304,True,0.6547345171792307,2.5349037832825134,2.2204822878149693,2.0603188590521615,2.3598480903119587,-0.4745849242303519,0.1393658024969895
3305,True,1.0439799182137888,2.291689131383225,1.9580764610964507,1.9239930789483106,2.4776149127548046,-0.36769605243491443,0.5195384516583539
3306,True,0.40212586891702257,2.131150869506896,2.263735770579243,2.22810085057746,2.205858070825954,0.09694998107056385,-0.05787769975328905
3307,True,1.4293287229131668,2.3007098493508478,2.154063226300473,2.6135802822561236,1.9096846346488732,0.31287043290527583,-0.2443785916515997
3308,True,0.23108838246616742,2.405688192617655,2.188620104495068,2.2217803421198057,2.251671596098552,-0.18390785049784952,0.06305149160348389
3309,True,0.6470780851277207,2.357919211105419,2.2459122412952826,2.3825315737737878,2.2714416946102753,0.02461236266836897,0.02552945331499279
3312,True,1.2264391155025645,2.031923649845141,2.973030920054482,2.511960469818544,2.464189882119274,0.48003681997340264,-0.5088410379352082
3313,True,0.9637663052132395,2.0998682826787016,2.565545092041845,2.229663552251326,2.4850783903450613,0.12979526957262433,-0.08046670169678372
3314,True,0.3108745045971738,2.3632596985096663,2.8812444265629393,2.267240293498905,2.605726451250207,-0.09601940501076145,-0.27551797531273214
3315,True,0.13583425675447194,2.2750482963884524,2.6832848923660713,2.222688283869108,2.597916734823116,-0.05236001251934441,-0.08536815754295546
3316,True,0.19382928133990204,2.2466467865465636,2.7136004457915317,2.2445332436248298,2.7745414327216307,-0.002113542921733824,0.06094098693009897
3317,True,0.36352627549537553,2.2200151745877776,2.126360429771961,2.104119264198919,2.6056826603671444,-0.1158959103888586,0.4793222305951832
3318,True,0.6430730510292013,2.240738874523312,2.3050908326354516,2.594042966075157,2.479346414612125,0.3533040915518453,0.17425558197667357
3319,True,0.226468686614474,2.281025892202892,2.5718041323164558,2.1988923359753203,2.544273383285294,-0.08213355622757179,-0.027530749031161594
3320,True,0.3770078534505095,2.0564730981707493,2.604012605845064,2.229451811103797,2.5784901824296327,0.17297871293304778,-0.025522423415431206
3321,True,0.23218295245399667,2.8081880143074467,2.2219741701694016,2.595976238607742,2.3055384429978605,-0.21221177569970484,0.08356427282845891
3322,True,0.2208553148408579,2.3280777104727415,2.4769389359853022,2.2679911501064107,2.340301322963776,-0.060086560366330755,-0.13663761302152633
3323,True,0.21001147625202896,2.453700408851904,2.6232274709982737,2.2195799608516023,2.5406584974864295,-0.23412044800030163,-0.08256897351184422
3324,True,0.24252023440666884,2.695930853508673,2.2677885741400146,2.6329692615057243,2.162198189331866,-0.06296159200294849,-0.10559038480814875
3328,True,1.182150927118591,2.210520457584593,2.180059166490671,2.2058431932088918,2.5300617129655163,-0.004677264375701373,0.3500025464748453
3329,True,0.5180541803556141,2.2345854040067477,2.112428486268825,2.3313662411232174,1.97747884160261,0.09678083711646979,-0.13494964466621528
3330,True,0.16256176097846547,2.3909778538079354,2.293494203480794,2.4112623523942807,2.2277806769913417,0.02028449858634529,-0.06571352648945217
3331,True,0.6237017113943852,2.2865806240104463,2.171748417243581,2.186670189954123,2.4952697649210194,-0.09991043405632327,0.32352134767743834
3332,True,0.29099962356676995,2.3119854240457487,2.5311922892779206,2.347548837424687,2.5418463163069083,0.035563413378938424,0.010654027028987656
3333,True,0.9049256857673386,2.3704685092614075,2.760595926625264,2.3003358518662007,2.5964157566747663,-0.0701326573952068,-0.16418016995049767
3334,True,0.1574918832713091,2.3529574324453897,2.135425513896469,2.198817955638438,2.0238042610077187,-0.1541394768069515,-0.11162125288875036
3335,True,0.19264119243711714,2.2142458764328774,2.2298142934782708,2.257589335993595,2.074298689498935,0.04334345956071761,-0.15551560397933573
3336,True,0.24974561199151968,2.8517280232518667,2.1761330798459917,2.531392215690607,2.259646168643666,-0.3203358075612597,0.0835130887976745
3337,True,0.8958670474513994,2.5107193245960406,2.344661266558562,2.7962989709510677,2.4175800819019417,0.2855796463550271,0.07291881534337952
3338,True,0.14015706831498664,2.258005911994032,2.5493903760114884,2.040949875750504,2.37704103180004,-0.2170560362435281,-0.17234934421144832
3339,True,0.9336592845749923,2.182022299863134,2.3012346540498645,2.1792609149812696,2.4144296862031416,-0.0027613848818641706,0.11319503215327709
3340,True,1.137366149969148,2.6579997360985574,2.2477018093599517,2.711837165623519,2.086653634920036,0.05383742952496151,-0.16104817443991548
3341,True,0.2705567839553188,2.3778233854935484,2.3475469936297335,2.1891995714703585,2.1497867960860675,-0.18862381402318995,-0.19776019754366603
3342,True,0.5954819753801284,2.153489593311284,2.556800820732816,2.1823646720083243,2.456658362453762,0.028875078697040202,-0.10014245827905377
3343,True,0.4000162089462709,2.306814565607734,2.3236885233180455,2.466555714875908,2.476095961294917,0.15974114926817373,0.1524074379768714
3344,True,0.6898284550146014,2.249329678482014,2.666276583158619,2.544806271901655,2.3293258557131935,0.29547659341964083,-0.33695072744542554
3345,True,0.20254423782169925,2.247815611855207,2.0862947431750865,2.0850846969046604,2.338445233882761,-0.1627309149505467,0.25215049070767437
3346,True,0.36446651553321446,2.135786928979574,2.1293636904483932,2.303923189460317,1.9015948966259877,0.16813626048074282,-0.22776879382240556
3347,True,0.4033432647432461,2.1258560555456243,2.125142994294737,2.0719032571746685,2.297538698620983,-0.05395279837095579,0.17239570432624607
3348,True,1.1586043223666767,2.366031782499973,2.0438626604300008,2.5338716903493754,2.1921115129782973,0.16783990784940261,0.14824885254829656
3349,True,0.7006814293621856,2.286696453314257,2.0718571797785676,2.0160102605577186,2.8918552081734656,-0.27068619275653827,0.819998028394898
3350,True,0.5707608868738913,2.248404248194706,2.107418806241417,2.6958524377788184,2.456294012911728,0.4474481895841125,0.3488752066703107
3351,True,0.7374751866225465,2.1481558985325067,2.5937639144687017,2.2857482584191113,2.513620422940783,0.13759235988660468,-0.08014349152791889
3352,True,0.5872973753155907,2.627869959720229,2.262598061742297,2.6239204047116216,2.3061363858369264,-0.003949555008607497,0.04353832409462921
3353,True,0.7918598362527489,2.2028486725374488,2.014861335774748,2.033008651856406,2.4078875072197623,-0.16984002068104287,0.3930261714450145
3354,True,0.7341161917261313,1.883257251970638,2.372315134272848,2.2050260865699527,2.303577566934745,0.3217688345993146,-0.06873756733810277
3355,True,0.6275157397432365,2.47141306545466,2.6775428263615133,2.3838323599047397,2.623955837505464,-0.08758070554992026,-0.05358698885604918
3356,True,0.5675179099432801,2.272815842121838,2.2876347757017506,2.1122875503190848,2.448704780325305,-0.1605282918027533,0.16107000462355447
3357,True,1.2761608720704671,2.275089557050447,2.675949904127504,2.2844101317462675,2.1211414017695756,0.009320574695820483,-0.5548085023579286
3358,True,0.9830676098036926,2.452214165381972,2.4457101759202784,2.3969420621623296,2.5467626306087103,-0.055272103219642155,0.10105245468843194
3359,True,0.07748219881863744,2.5606025177875615,2.417968428474615,2.5376767210984537,2.2881067384416314,-0.02292579668910788,-0.12986169003298365
3360,True,0.28790208505428266,2.3300492290078334,2.630273015582223,2.4447351321912154,2.4715391260682074,0.11468590318338201,-0.15873388951401557
3361,True,1.0101499447350348,2.7950768285862915,2.1987963920745366,2.9112103357801202,2.4634918196206783,0.11613350719382876,0.2646954275461417
3362,True,0.2055748624390858,2.2354075694825766,2.4522949265127143,2.0251958599883615,2.3084828872562606,-0.21021170949421508,-0.1438120392564537
3363,True,0.1771887929611345,2.769536787009698,2.3046494955632624,2.7490386816858363,2.2815609788156004,-0.020498105323861537,-0.02308851674766199
3364,True,0.9908075892635838,2.6806839567916243,1.8660969017979747,2.3704866467046384,1.943940834228501,-0.3101973100869859,0.07784393243052623
3365,True,0.7302945437618116,2.013902513281117,2.1472145793096695,2.2620929360488264,2.187463652519511,0.24819042276770942,0.0402490732098415
3366,True,0.26353783051217233,2.515868382825302,2.1455328161321607,2.5209893487396964,2.1727746307116163,0.005120965914394482,0.027241814579455514
3367,True,0.7587894049518449,2.713740953481006,2.205050229110439,2.686623261489039,2.434011056886349,-0.02711769199196734,0.22896082777590987
3368,True,0.36160524605455413,2.3457901147587776,2.5285381724822744,2.2384456345118147,2.045576613975385,-0.10734448024696297,-0.4829615585068896
3369,True,0.7773166550893004,2.6235852029236635,2.455934774887151,2.5494603166233047,2.3442024434355067,-0.07412488630035874,-0.1117323314516443
3370,True,1.0545602415854096,2.2618372011707653,2.4682900541670545,2.2582810231437094,2.5640513664819586,-0.0035561780270558785,0.09576131231490415
3371,True,0.6895328524467146,2.253606511416756,2.3840948426813897,2.512053557066807,2.6227393536672685,0.25844704565005117,0.2386445109858788
3376,True,0.33146630328415083,2.309925759239894,2.1433181166826354,2.168282523044679,2.174294811611342,-0.14164323619521468,0.030976694928706472
3377,True,0.2859657025759832,2.112154386142263,2.3581190528469933,2.0006553042855733,2.1618721348049244,-0.11149908185668966,-0.19624691804206895
3379,True,0.5651486579304075,2.437652780729856,2.4781448405006516,2.6399705106055635,2.309678982919704,0.20231772987570773,-0.16846585758094745
3380,True,0.5982465566993324,2.1143428247566667,2.4116395479839023,2.367203634419735,2.580327495124795,0.25286080966306823,0.16868794714089264
3381,True,0.6227164418576446,2.6669096274152224,2.446216815656372,2.525258342194121,2.111473489273545,-0.14165128522110138,-0.334743326382827
3382,True,0.9643593753874949,2.4249167826752323,2.715827785740473,2.4084726536965286,2.44879108053423,-0.01644412897870362,-0.26703670520624323
3383,True,0.16640680511723485,2.2585697966190903,2.6364277270200294,2.1883305278165817,2.4188012825986758,-0.07023926880250864,-0.2176264444213536
3384,True,0.1288067820615041,2.180201383473554,2.5630741519901448,2.231697444313857,2.4690859733498547,0.05149606084030278,-0.09398817864029008
3385,True,0.1517724900223953,2.2288790797394102,2.8382998400627093,2.2454546943534623,2.7830885871139643,0.016575614614052103,-0.05521125294874496
3386,True,0.643053518006702,2.498154523423241,2.5630923915262986,2.248574344752692,2.63292107541301,-0.24958017867054938,0.06982868388671148
3387,True,0.8274067431569758,2.358357297527243,2.0834857814249657,2.2315737790953722,2.1484933964529658,-0.12678351843187086,0.06500761502800012
3388,True,0.10717370579411331,2.010578135412797,2.4848841494524447,1.9868434098101442,2.353014193632499,-0.023734725602652995,-0.13186995581994587
3389,True,0.18967668381826683,1.9030323623627634,2.126623742390741,2.1331913861147105,2.2123312889696245,0.23015902375194708,0.08570754657888369
3390,True,0.22217947426217421,2.1896751751344308,2.418687417526291,2.324550560481961,2.2417177715109453,0.1348753853475304,-0.17696964601534582
3391,True,0.6758302730222379,2.2038102907918367,2.418665215258201,2.240901960928456,2.1249347184374865,0.03709167013661929,-0.2937304968207144
3392,True,0.23431826147466941,2.171010926688302,2.509741339700169,2.1954774270609114,2.354435897090851,0.024466500372609445,-0.1553054426093179
3393,True,0.4438596193806478,2.095259807040645,2.1294317263298206,2.000130261353495,2.2330346812571005,-0.09512954568715015,0.10360295492727989
3394,True,0.8252284641856996,2.189996026891373,2.3563871501304705,2.2496621729608646,2.4719264668442302,0.05966614606949161,0.11553931671375972
3400,True,0.872021543617883,3.6450057146457264,3.6258701530391293,2.479882863216124,2.6259926981111352,-1.1651228514296026,-0.9998774549279941
3401,True,0.2037541930484663,2.4479545658569726,2.006699718468112,2.4479452143217997,2.102393196111993,-9.351535172896774e-06,0.09569347764388114
3402,True,0.11977204140721846,2.372282401591345,2.0241610323785997,2.6202170434744523,2.2178297334506993,0.24793464188310743,0.19366870107209966
3403,True,0.6011093500238565,2.25495912197982,1.9138562677745683,2.2490478339343967,2.4374637620924746,-0.005911288045423291,0.5236074943179063
3405,True,0.1947018733269462,2.260543155925142,2.542340989717941,2.110913957763556,2.535173611860734,-0.14962919816158582,-0.007167377857207224
3407,True,1.1625125863700763,2.1112105915090518,2.2985972343801335,2.2748608119183906,2.530253062373406,0.16365022040933885,0.23165582799327256
3408,True,0.6396944682059923,2.3666917314259583,1.998874035901212,2.5893610566881167,2.5584616824568625,0.22266932526215832,0.5595876465556504
3410,True,0.8955096908500076,2.536452393738152,2.032098740169877,2.4132736681853966,2.235347983711261,-0.12317872555275544,0.20324924354138396
3411,True,1.1469272126190664,2.2695068987117004,2.9804674155071718,2.273283893489988,2.651602340328768,0.0037769947782875235,-0.3288650751784039
3412,True,0.20097614931504157,2.856160018031203,2.197029354310042,2.72307961270654,2.2026182562391514,-0.1330804053246628,0.0055889019291095465
3413,True,0.5625752995720507,2.1881348798920053,2.772702486420063,2.324799922989073,2.5788712118934902,0.1366650430970675,-0.1938312745265729
3414,True,0.2932029564695581,2.3102971588304393,2.627030823153775,2.246893601676323,2.7127015268704,-0.06340355715411627,0.08567070371662489
3415,True,0.8284447095643985,2.219675663537356,2.8951567208874893,2.1095348478669416,2.710412441415697,-0.11014081567041423,-0.18474427947179217
3416,True,0.9550932280259667,2.419594130551651,2.2910518995867375,2.3350497111003867,2.5648156074704476,-0.08454441945126412,0.2737637078837101
3417,True,0.4102665397778046,2.575838575182847,1.9646444678109063,2.3122754342510756,1.7482773347532707,-0.2635631409317716,-0.21636713305763555
3418,True,0.45366511723474917,2.5203697017302837,2.2531158154875217,2.6732568619960557,2.481441306215805,0.15288716026577198,0.22832549072828323
3419,True,0.20863685252468905,2.256983708337302,2.8039477012419467,2.111133825155099,2.692290910235742,-0.14584988318220304,-0.11165679100620451
3420,True,0.5502506154741188,2.3067911642365893,2.310240830757694,2.307579995329739,2.3756365628542593,0.0007888310931498665,0.06539573209656524
3421,True,0.28413119224045386,2.7033944647609234,2.2348820442251536,2.712142273807921,2.3815523905465525,0.008747809046997457,0.14667034632139897
3422,True,1.2225148517630142,1.9327177836921767,2.689220493711886,2.511618449318288,2.491198057835025,0.5789006656261111,-0.1980224358768612
3432,True,0.5667834910987042,2.363306079605433,2.5882708662155127,2.1931413409110228,2.523002062622026,-0.1701647386944103,-0.06526880359348652
3433,True,0.5584048274744694,2.2826739041965673,2.3073658957347876,2.336136856126798,2.3773982914204765,0.05346295193023076,0.07003239568568898
3434,True,0.22950574410416805,2.5299229654872892,2.9009349961865745,2.313908876181601,2.6675542473925438,-0.2160140893056881,-0.2333807487940307
3435,True,1.004407864725155,2.569848394458319,2.300290183216022,2.536799506803208,2.3790112331844924,-0.033048887655110715,0.07872104996847051
3436,True,0.8620597156058123,2.1112072805387916,2.2208875774113377,2.4156774758328146,2.435896910387014,0.30447019529402297,0.21500933297567615
3437,True,0.4654446432978628,2.589609264367889,2.4243289125240413,2.6996484129134295,2.590728128054737,0.11003914854554031,0.1663992155306957
3438,True,0.21884162635357865,2.2428610214188485,2.520254628980969,2.1779840700420654,2.4807287648969205,-0.06487695137678307,-0.03952586408404857
3439,True,0.1923613882636427,2.228625124376013,2.7906754518754058,2.2041643053667754,2.7385800989127556,-0.02446081900923769,-0.05209535296265022
3440,True,0.2524638416501439,2.451157923716871,2.7022514000366438,2.2531973446722326,2.5529611311349805,-0.19796057904463815,-0.1492902689016633
3441,True,0.34351425762529947,2.2938639234270197,2.5126500881340403,2.218842086423908,2.4231905930407125,-0.07502183700311171,-0.08945949509332785
3449,True,0.523911525427771,2.4312560041468276,2.234573318779225,2.566277003858313,2.158958754125006,0.1350209997114855,-0.07561456465421879
3450,True,0.1436028521856088,2.2228074436171927,2.1283736901681527,2.54207667646808,2.3802541269406507,0.31926923285088726,0.25188043677249805
3451,True,1.0543759876085674,2.6926993788761493,2.3660427189930444,2.7194011146342496,2.5268740566296533,0.02670173575810031,0.16083133763660884
3452,True,0.3936279780608746,2.5215385347243853,2.2256325144551603,2.303140497772769,2.4152000345414453,-0.21839803695161608,0.18956752008628497
3453,True,0.31866081718743205,2.4293358638730873,2.3358033618864407,2.4229100901620346,2.2717303904559185,-0.006425773711052685,-0.06407297143052215
3454,True,0.14051924122012416,2.6980283136579573,2.1943468119921246,2.5508820038592535,2.31485737815119,-0.1471463097987038,0.1205105661590653
3455,True,1.6621218642650213,2.2006619145384416,2.5361873642536747,2.421968804688037,2.7305318770636973,0.2213068901495956,0.19434451281002252
3456,True,0.4274616798862806,2.270894705925398,2.556382165561323,2.3940434771200376,2.7046919320051965,0.12314877119463974,0.1483097664438735
3457,True,0.5189677213212234,2.243383605226712,2.223187473448877,1.9816989439443118,2.342218274856979,-0.2616846612824002,0.11903080140810207
3458,True,1.031264001508153,2.4317266601737955,2.9260443944854972,2.6409327257453947,2.431369191817853,0.20920606557159926,-0.4946752026676444
3459,True,0.7859556617331586,2.4453568258640703,3.0583460451688587,2.3176258271785373,2.6627919250134813,-0.12773099868553306,-0.3955541201553774
3460,True,0.7388259929599784,2.5111862375777707,2.6954538117727043,2.2639470285580887,2.1835808915048234,-0.247239209019682,-0.5118729202678809
3461,True,0.3776555032668779,2.2491721174245427,2.6336262090509353,2.340854881242107,2.5884626635215353,0.09168276381756435,-0.04516354552939994
3462,True,0.24496757294991137,2.1979127449923936,2.139778253885201,2.475411699147033,2.215763168168701,0.2774989541546393,0.07598491428350007
3463,True,0.23947906300926572,2.460435646201705,2.242676031374126,2.663585162867897,2.3768104330507724,0.20314951666619185,0.1341344016766466
3464,True,1.1227826361197006,2.72926412422836,2.1743555687605465,2.6091825242203734,2.3830109563233233,-0.12008160000798673,0.2086553875627768
3465,True,0.2687432431118898,2.2181035622576326,2.326859058086673,2.0596694275353995,2.4973234962425273,-0.1584341347222331,0.17046443815585421
3467,True,0.7544749317666076,2.272181297894162,2.3062868700575825,2.6237849542980842,2.387851664196501,0.3516036564039222,0.08156479413891837
3468,True,0.4834169057453428,2.2847666592017664,2.2990840057944815,2.3216474010120485,2.2967572194491956,0.036880741810282114,-0.002326786345285825
3470,True,0.15718415022300972,2.7134340616458696,2.259817462407086,2.5058366320855794,2.136953120196604,-0.20759742956029026,-0.12286434221048204
3475,True,0.2913940140475724,2.216957645558435,2.588643847693228,2.170658997130595,2.407003092079651,-0.04629864842784004,-0.18164075561357684
3476,True,0.6766448818208232,2.6188668713204954,2.217568341359517,2.6839173969729395,2.2876906109238195,0.06505052565244407,0.07012226956430245
3477,True,0.793891991139355,2.4500011553874828,2.0194046026737684,2.4237495800434914,2.0497129396844818,-0.026251575343991362,0.030308337010713338
3478,True,0.8650989512713195,2.468856635064094,2.069238322330224,2.565069873888234,2.0572540990227726,0.09621323882414012,-0.011984223307451636
3482,True,0.7244429836342325,2.608299745562231,2.569751906507708,2.518421970896458,2.6105843366813493,-0.08987777466577329,0.04083243017364113
3483,True,1.0413919951119583,2.1043096285718033,2.089937490955172,2.425798722412476,2.3395556285587653,0.3214890938406727,0.2496181376035933
3484,True,0.8571594114692721,2.1305101331136633,2.6786243825142786,2.237401698742092,2.414925377600931,0.10689156562842861,-0.2636990049133474
3485,True,1.3111315489257724,2.270026955919246,2.3900904007380137,2.556828486921248,2.325343639096381,0.286801531002002,-0.06474676164163284
3486,True,0.13014148211376278,2.444700463022004,2.1115215965743754,2.318390085239324,2.2268304042333353,-0.12631037778267995,0.1153088076589599
3487,True,0.3047933338697182,2.5697299433403504,2.5738469280242753,2.2884237613787795,2.5441523824476393,-0.281306181961571,-0.029694545576635978
3488,True,0.338262692084069,2.1547120700919646,1.9963477930210458,2.0452827992219076,1.9063990438987324,-0.10942927087005705,-0.08994874912231343
3489,True,0.11368958849623857,2.1047030237066706,2.312452179310958,2.1733563216925567,2.5056543605591335,0.06865329798588604,0.19320218124817545
3490,True,0.526576387181328,2.3298962042760616,2.1795823827972183,2.2549096190149176,2.2026087807118633,-0.07498658526114399,0.023026397914645003
3491,True,0.2013255835520655,2.266600653423536,2.5617357644573726,2.0947481519574134,2.3763645625008802,-0.17185250146612274,-0.18537120195649237
3492,True,0.2030011653263787,2.290707451531077,2.4807358884411697,2.290270816938032,2.384771991341101,-0.0004366345930448823,-0.0959638971000687
3493,True,0.2181234174158969,2.38881835134026,2.0286252216957177,2.445390028191004,2.026469123630558,0.056571676850743824,-0.002156098065159817
3494,True,0.3060154555424606,2.2630486951455557,2.5797120938779194,2.2924398503886643,2.515803134005123,0.029391155243108535,-0.06390895987279643
3495,True,0.17734202666796614,2.2906192436762596,2.3956253476910785,2.231928064005872,2.3353568004692558,-0.058691179670387505,-0.06026854722182273
3496,True,0.1222363459782745,2.4706688198137763,2.043873344339125,2.5741933958632557,2.1162498906164178,0.1035245760494794,0.07237654627729295
3497,True,0.15949125988401822,2.071420893903506,2.3528552293755776,2.17240537388237,2.3819074617232716,0.10098447997886373,0.02905223234769405
3499,True,0.24187761416514436,2.7085791493696467,2.154472101884821,2.726269875120216,2.200102777538813,0.017690725750569403,0.045630675653991926
3500,True,0.3433061142190077,2.256267036035407,2.4427793798867716,2.2143229921845187,2.450440483703287,-0.041944043850888235,0.007661103816515524
3501,True,0.1654898221342853,2.5191749633163636,1.999377029126823,2.482820278332888,2.0738904129664135,-0.036354684983475494,0.07451338383959061
3502,True,0.709315658059313,2.5747935454517514,2.542984492481226,2.5219053055206095,2.455146257514815,-0.05288823993114189,-0.0878382349664113
3503,True,0.8726633098491441,3.1512143639238506,2.2717714744445576,2.686497757151679,2.0719361858372958,-0.46471660677217175,-0.19983528860726185
3504,True,0.21049079619743302,2.3569132537707027,2.5817866955075894,2.1229074184622374,2.465368284161415,-0.2340058353084653,-0.11641841134617437
3505,True,0.1138540579239729,2.7488158030140903,2.266606908266186,2.6013376174449174,2.119830696474131,-0.14747818556917291,-0.14677621179205502
3506,True,0.2610318698140225,2.301993936764387,2.6016574328492985,2.086329731043729,2.47128263428427,-0.2156642057206577,-0.13037479856502854
3507,True,0.4591194255253104,2.483106523792324,2.4606145308438707,2.2267342704341715,2.44218262614101,-0.2563722533581525,-0.018431904702860713
3508,True,0.23376880067451314,2.973157136816014,2.263675137315423,2.711278030211214,2.0947445836805496,-0.26187910660480007,-0.16893055363487353
3510,True,1.1568601733461756,2.820294245287183,2.4299362709544465,2.6878543764759653,2.5293712447859447,-0.13243986881121783,0.09943497383149813
3511,True,0.6389134252085102,2.438986347440264,2.062235020432928,2.52381323868883,2.160049425424798,0.08482689124856613,0.09781440499186989
3512,True,0.7782146392377088,2.441788285130388,2.602446964723777,2.2525075194089808,2.4596170241061923,-0.18928076572140728,-0.14282994061758458
3513,True,0.2680510682134456,2.7001491887116162,2.2941886326542553,2.622202014266635,2.2536564945849666,-0.07794717444498112,-0.04053213806928868
3514,True,0.3686959030949628,1.9469784570456858,2.5617989561634227,1.9798061082896476,2.2995167380095323,0.03282765124396181,-0.2622822181538904
3515,True,0.23983953465385544,2.802825777068564,2.2028802990857224,2.5659233703834574,2.1268885058255873,-0.23690240668510665,-0.07599179326013505
3516,True,0.6001751095066169,2.2689026647478734,2.4011752031245033,2.2575475381929393,2.3409670374074043,-0.011355126554934092,-0.06020816571709897
3517,True,1.2318766322117816,2.600797278778183,2.499892361842805,2.4773574199919155,2.209817330344298,-0.12343985878626729,-0.2900750314985072
3518,True,0.48611987410770174,2.394832044737167,2.323365302207124,2.2071019562181533,2.4044404143122367,-0.18773008851901363,0.08107511210511253
3519,True,0.6078943224045563,2.5466862561572046,2.6657956784982604,2.358524494443295,2.2596201896951618,-0.18816176171390975,-0.4061754888030986
3520,True,0.7583141115048737,2.5223433041915606,2.0191545064457053,2.5367343499012662,2.2016280516077185,0.014391045709705619,0.1824735451620132
3521,True,0.2407767245437612,2.148013797767603,2.3569113028071293,2.1048412867354154,2.1073091770513885,-0.043172511032187444,-0.2496021257557408
3524,True,0.31648014339374075,1.7323106683559968,1.9032199391820173,2.216453794415304,1.7890324239781124,0.4841431260593074,-0.11418751520390491
3526,True,0.5372178264998333,1.6855884861970314,1.8515907253224186,2.2212532186986245,2.151600646096296,0.5356647325015931,0.30000992077387756
3530,True,1.087494236606766,2.141676701698928,2.293999429053983,2.302310017037019,2.453586128705695,0.160633315338091,0.15958669965171213
3531,True,0.24191322946541402,2.45847153632089,2.167188483404247,2.5370082779849183,2.2901547575884473,0.07853674166402813,0.12296627418420014
3532,True,1.4062701117934129,2.6075222138459337,2.017655248202725,2.4893825169565647,2.287886339580924,-0.1181396968893691,0.2702310913781991
3533,True,1.028533175988445,2.235645472184711,2.323912162711835,2.69381920699998,2.2893665490547814,0.4581737348152686,-0.034545613657053664
3534,True,0.9624592966792702,2.6599920618114634,2.121201888104949,2.6340319616515666,1.9271281730287169,-0.025960100159896804,-0.19407371507623195
3535,True,0.1694985050377596,2.294934386621979,2.347524492843472,2.2902100786061093,2.268314259988461,-0.004724308015869649,-0.07921023285501105
3536,True,0.39595355157018736,2.1250478641432995,2.7204400013416947,2.30864301083472,2.801109566619093,0.1835951466914203,0.0806695652773981
3537,True,0.34206485784749274,2.7571879806425965,2.742175669099265,2.6993761799310225,2.3172338478908427,-0.05781180071157399,-0.42494182120842217
3538,True,0.3033913143657343,2.785662090437388,2.5405826217228205,2.7683082203918334,2.4588123965518394,-0.017353870045554665,-0.08177022517098109
3543,True,0.26469474304347695,2.2851278362708727,2.427948782758813,2.2523296111264446,2.5953906933265367,-0.032798225144428095,0.16744191056772362
3544,True,1.0919011209569083,2.483297183544491,2.5022849548762425,2.373813468175206,2.406114315929316,-0.10948371536928514,-0.09617063894692635
3545,True,0.09486937733144721,2.1364356367557624,2.427195636717403,2.1204736845002348,2.4504335902474486,-0.015961952255527656,0.02323795353004554
3546,True,0.29324604238588736,2.9411699095937998,2.3182285312281015,2.635431291070591,2.2852714436186785,-0.30573861852320894,-0.03295708760942295
3547,True,0.5201391561723451,2.693406052918869,2.5710233681162835,2.486462600229893,2.5712079277304665,-0.20694345268897596,0.0001845596141829553
3548,True,1.0305849348650573,2.3990321720227095,2.2648921702809606,2.360826591454993,2.351193358972843,-0.03820558056771661,0.0863011886918823
3549,True,0.780318823610242,2.494116671268608,2.4664206013979046,2.52542909971474,2.291968428250485,0.031312428446132134,-0.17445217314741956
3550,True,0.5851360098852962,2.0240655924401265,2.375772085533459,2.2731784841886045,2.5473340906261197,0.24911289174847795,0.17156200509266073
3551,True,0.7979587632860607,2.5135591432667743,1.934182017236227,2.066191723549874,2.246376198195885,-0.4473674197169002,0.31219418095965823
3552,True,0.8652310201012156,2.3014170249000943,2.0954009099215356,2.3852336853453164,1.9345428515711405,0.08381666044522218,-0.16085805835039513
3554,True,1.2994760594003743,2.6314514392251285,2.2561741068233188,2.7266598281991463,2.57360631971034,0.09520838897401784,0.31743221288702106
3555,True,1.075626444828025,2.289529836145404,2.895685297956254,2.080159942367413,2.3915818681402063,-0.20936989377799087,-0.5041034298160478
3556,True,1.0710390453559966,2.5621954071850177,2.2338543853617674,2.175602354463012,2.258524501019637,-0.38659305272200584,0.024670115657869474
3557,True,0.1787455970215386,2.317910573533845,2.539681004102681,2.5126119588229296,2.4679144057487084,0.19470138528908443,-0.07176659835397281
3558,True,0.14146102087438137,2.064286851699637,2.5551940533939885,2.1682253687462936,2.5528339964026254,0.10393851704665646,-0.002360056991363102
3559,True,0.12814032222714977,1.9522508633113729,2.3246618586581573,2.27521352186163,2.4205804143952747,0.32296265855025696,0.09591855573711738
3560,True,0.9512678496465343,2.094793403106855,2.1391514551569273,1.7718403851625575,2.6147882593904237,-0.32295301794429765,0.4756368042334964
3561,True,0.5267894105950036,2.0256060440273176,2.413956619825634,2.2667440893442294,2.464352702807372,0.24113804531691185,0.05039608298173803
3562,True,0.2865802110802017,2.736107064480482,2.2694190049878404,2.6329995747956363,2.137054971360821,-0.10310748968484562,-0.13236403362701932
3565,True,0.5583249409799015,1.9588284217102834,2.629270280990526,2.2158027872610866,2.0485025458819917,0.2569743655508032,-0.5807677351085343
3567,True,0.736896686114522,2.709679849244187,2.2413145942727453,2.444230909359834,1.9353885307712764,-0.26544893988435314,-0.3059260635014689
3568,True,0.7563516198004652,2.41456285969117,2.0236274123711606,2.159501169385421,2.086228686086211,-0.255061690305749,0.06260127371505053
3569,True,0.967395770061857,2.519716578069843,2.511545512329012,2.645093074021593,2.368599852368694,0.12537649595175004,-0.14294565996031805
3571,True,0.27787667566041285,2.1245229938035504,2.2640471760544214,2.1922651798954433,2.0982200996342115,0.06774218609189298,-0.16582707642020988
3572,True,0.9676940438961659,1.9338723069013632,2.2659887177565556,2.3145008437950505,2.115731951191597,0.38062853689368725,-0.1502567665649588
3573,True,1.0680153087490898,2.522430884959982,2.3320782037058705,2.4637656194348114,2.427584848391092,-0.05866526552517071,0.09550664468522152
3574,True,0.9674431908953753,2.7132344496191254,2.2738907901216363,2.552853708187173,2.351804756462577,-0.16038074143195225,0.07791396634094072
3575,True,0.851612825878988,2.1672107185043177,2.2235762201687623,2.2941849712507927,2.3998441183670662,0.126974252746475,0.1762678981983039
3576,True,0.19384882074579823,2.731154945494671,2.1926967983056844,2.543645724719148,2.1391773902072733,-0.18750922077552312,-0.05351940809841116
3578,True,0.23187356279593935,2.306412902777818,2.1825905482476555,2.330365719108055,2.193838251980533,0.023952816330236715,0.011247703732877312
3579,True,0.9578441472331208,2.711437344472485,2.206259695684078,2.619996632242301,2.271250501909906,-0.09144071223018368,0.06499080622582776
3580,True,0.23429702241287387,2.296916128899791,2.7169289056764074,2.349136240305785,2.744659516114886,0.05222011140599436,0.027730610438478465
3581,True,0.6348541546329913,2.138473100438722,1.960208219577706,1.9914329140417961,2.3287252893239683,-0.14704018639692595,0.3685170697462623
3582,True,0.5062896571712773,3.110717068458654,2.502288914454124,2.9363903842896977,2.1310267121566073,-0.17432668416895636,-0.3712622022975167
3583,True,0.8251941893697301,2.1466716440573768,2.1781769019985497,2.1348381536545107,2.0757492191129447,-0.011833490402866076,-0.102427682885605
3584,True,0.5242004610919223,2.309876122912222,1.8698471956285625,2.187952720422679,2.412259716764138,-0.12192340248954325,0.5424125211355755
3585,True,0.23558249822479319,2.7423939089416023,2.269639644987724,2.6054755248303523,2.378003759091436,-0.13691838411125,0.10836411410371216
3586,True,0.3023903174792388,2.412137647875842,2.489459432748403,2.354723182193185,2.4650581290423963,-0.05741446568265696,-0.024401303706006683
3587,True,0.2639224370928745,2.508363253538052,2.0051629671924425,2.359550610476919,1.9806714510932901,-0.14881264306113318,-0.024491516099152344
3588,True,0.3519247859627258,2.3504476558094205,2.1700449078532915,2.33525768252328,2.021927587045095,-0.015189973286140468,-0.1481173208081965
3589,True,0.3648479504322559,2.09468590721855,2.487487595426357,2.244118687558659,2.472520717710167,0.14943278034010898,-0.014966877716189764
3592,True,1.0816309288275576,2.18824612914087,2.1958463272506115,2.0361879196842323,2.1973699090999674,-0.15205820945663762,0.0015235818493559705
3593,True,0.8556427385682378,2.3055777299627094,2.0239714765529677,2.197877016115551,2.4722498161668454,-0.10770071384715818,0.44827833961387764
3594,True,1.0661326740316148,2.358077110062349,2.245749195123979,2.280622531409133,2.4543237144527206,-0.07745457865321637,0.20857451932874138
3595,True,0.7029552488189903,2.2656016676591673,2.3701704768433856,2.73626027688632,2.11274343295536,0.4706586092271525,-0.2574270438880255
3596,True,0.6021581839834402,2.6011059540318615,2.2185112748417573,2.3249801300015447,2.5253466028919673,-0.2761258240303168,0.3068353280502101
3597,True,0.8983922451852147,2.2233868582862497,2.3383575007684345,2.5197987735956215,2.927998304956818,0.29641191530937183,0.5896408041883836
3598,True,1.507792234716372,2.1497105342580425,2.7098906044340607,2.474104867464999,2.8604773963424357,0.32439433320695654,0.15058679190837498
3599,True,0.32612227086599527,2.5320646563822184,2.118700555812454,2.2408093248540806,2.2721958479492916,-0.2912553315281379,0.15349529213683777
3601,True,0.26568303680325805,2.3395704237530444,2.2752422068869946,2.526482466335557,2.2582752557768506,0.1869120425825126,-0.016966951110144013
3602,True,0.3791200897169683,2.3814957648083275,2.256591400276089,2.499863782355551,2.331416912773432,0.11836801754722348,0.07482551249734293
3603,True,0.174594406091099,2.206100833008319,2.043894862340037,2.4695730213016582,2.142078951297547,0.2634721882933393,0.09818408895751007
3604,True,0.7322279008589799,2.375678946827622,2.2217883386362436,2.3512275805838105,2.3301904840997443,-0.02445136624381128,0.10840214546350069
3605,True,0.8970250497636737,2.4116990366959143,2.047430685542248,2.344376396846505,2.0729525154305875,-0.06732263984940934,0.025521829888339287
3606,True,1.1918244421565098,2.4455610835552646,2.198359570907362,2.3090715933275003,2.362320580802699,-0.13648949022776424,0.16396100989533702
3608,True,1.383259031266231,2.1662724093936108,2.771978596075374,2.110163848581432,2.815003319365183,-0.056108560812178965,0.04302472328980933
3610,True,2.0548245653328907,2.424963708346993,2.220733502111408,3.6610965410305694,3.0953319802181154,1.2361328326835763,0.8745984781067073
3611,True,0.7077611938057924,2.188072318480356,2.6587507208273586,2.2818836084780925,2.6221603451392896,0.09381128999773658,-0.036590375688069
3612,True,0.5344885216306589,2.6845046768631264,2.1096998987059745,2.3714057906136605,2.291022514027525,-0.3130988862494659,0.18132261532155036
3613,True,2.3708033802774806,3.04338325328901,2.216966558453239,2.5163348729447756,2.9788911678445054,-0.5270483803442345,0.7619246093912664
3614,True,0.5020846225562433,2.5922918276112354,2.7190921962485937,2.5307353108397175,2.6593723578590867,-0.061556516771517966,-0.05971983838950701
3616,True,0.5311816242078335,2.5727820269117245,1.9610317018345216,2.5561555276819523,2.122855152904691,-0.016626499229772218,0.1618234510701695
3617,True,0.9585618179813705,2.3767924342483084,2.165096156894654,2.421746301601594,2.166893383827871,0.04495386735328566,0.0017972269332169333
3618,True,0.46673866950624787,2.656479255066751,2.1899478244926294,2.121876781242964,2.188517420478302,-0.5346024738237869,-0.0014304040143273689
3619,True,0.16858963590417408,2.2659174742474626,2.2451035167671,2.410549207548147,2.3812376675149416,0.14463173330068457,0.13613415074784152
3620,True,0.9300631305626431,2.7459113405935014,2.0189083373694805,2.7056013363150897,2.164392177543155,-0.04031000427841169,0.14548384017367466
3621,True,0.17404902157718807,2.4367304194965844,2.140362706482245,2.4771411233978977,2.1737989390633623,0.040410703901313294,0.0334362325811175
3622,True,0.14338785572203921,2.236365861727459,2.318679227620759,2.45299128984858,2.4450147547515946,0.2166254281211213,0.1263355271308355
3623,True,0.5121262674324811,2.058183195296279,2.424614694049345,2.2546604996311532,2.3626810127594458,0.19647730433487443,-0.0619336812898994
3624,True,1.2989592753607473,2.210968537948924,2.6331027473685866,2.1077763946806596,2.5534651667193344,-0.10319214326826431,-0.0796375806492522
3625,True,0.5498405627426038,2.2311497734800327,2.0534983386893697,2.4281566297712347,2.196955074455552,0.19700685629120196,0.14345673576618223
3626,True,0.65017278860919,2.158678398974706,2.239312534015741,2.455916506891877,2.1522401843281806,0.2972381079171713,-0.08707234968756028
3627,True,0.6754769094296685,2.4876780917353436,2.049691379622796,2.0868471135289233,2.3816804734949226,-0.40083097820642033,0.3319890938721266
3628,True,0.207406892695927,2.388566447662698,2.044362879970188,2.2094510814636745,2.259268676075734,-0.17911536619902346,0.21490579610554628
3629,True,1.0049087074810226,2.0772337398328578,2.2662243163023383,1.8589596224482663,2.5615218230833015,-0.21827411738459146,0.2952975067809631
3630,True,1.5529444883718764,2.1281825223885282,2.2895287435190674,3.312042624384535,3.2325801988847855,1.1838601019960069,0.9430514553657181
3633,True,0.39207548384157276,2.7167716119320744,2.159601493285278,2.425763729113163,2.331543607757959,-0.2910078828189113,0.17194211447268115
3634,True,0.3304204998776107,2.1957533670701728,2.4257223388302296,2.4126902993608605,2.3845195097287415,0.21693693229068778,-0.04120282910148809
3635,True,1.217291994172585,3.0500692227718376,2.2019091669049384,2.5182105216693063,2.2507597302939737,-0.5318587011025313,0.04885056338903526
3636,True,0.6315567350370319,2.2852175581769014,2.2006366960722983,2.513393418393547,1.8963016174883676,0.2281758602166457,-0.3043350785839307
3637,True,0.6003768449024864,2.4915218515999413,2.0754217566798316,2.567170681345516,2.242844531226139,0.07564882974557463,0.16742277454630727
3638,True,0.9945887021102993,2.123038380741149,2.578619171184454,2.246189996025492,2.519161655316705,0.12315161528434304,-0.059457515867749056
3639,True,1.0960342268161694,2.116588346868611,2.204318418309841,1.9624986200914893,2.431924706886708,-0.15408972677712152,0.2276062885768666
3640,True,0.1556521078773016,2.204302451888125,2.385703219828485,2.352990289080259,2.0841597391087854,0.14868783719213408,-0.3015434807196997
3641,True,1.065491686912743,2.2560966619362746,3.255145221138375,2.420263224119641,2.9881276363912237,0.16416656218336634,-0.2670175847471512
3642,True,0.8859864941213396,2.4166211536151048,3.561321430831539,2.448273162446748,3.1375347699705256,0.03165200883164321,-0.42378666086101324
3643,True,0.5302546407587866,2.9684827536975855,2.091556612238837,2.5413968501341935,2.3070248037613292,-0.42708590356339204,0.21546819152249208
3644,True,0.9351572376590638,2.1809727913479344,3.028719672749527,2.4738445892403997,2.8086628316793383,0.2928717978924653,-0.22005684107018864
3645,True,0.45062745161412876,2.3382925354411928,2.3643999637117235,2.736555410541873,2.3857691579396363,0.39826287510068026,0.021369194227912836
3646,True,0.40376709933151633,2.570615880231817,2.246614730010466,2.122779467729043,2.393294042259538,-0.44783641250277384,0.14667931224907216
3648,True,1.187690818385278,2.267147662173772,2.333647837913853,2.1888599019430184,2.6552299849457484,-0.07828776023075346,0.32158214703189536
3649,True,0.6062364405272318,2.5176307372210087,2.144310628640356,2.2922379166862235,2.4063708053494164,-0.22539282053478527,0.26206017670906023
3650,True,1.3668845180429758,3.0361035896853057,2.1464313139953957,2.39989565124007,2.5449275335826362,-0.6362079384452355,0.3984962195872406
3651,True,0.8916549425500823,2.170852019484516,2.6238673233416363,2.168806761805671,2.464999667901803,-0.0020452576788447807,-0.1588676554398334
3652,True,0.503406451176334,2.2536813695595925,2.4663236957463637,2.4822281485330877,2.4608596686623563,0.22854677897349518,-0.0054640270840073946
3653,True,0.3185689972770195,2.7829537606471293,2.141361338424695,2.563886834685962,2.3983854665543234,-0.2190669259611675,0.2570241281296286
3654,True,0.4495024804281338,2.653949825995209,2.544333173996676,2.6142170538539835,2.585530155024497,-0.0397327721412255,0.04119698102782099
3655,True,0.421690462833827,1.9950416414952348,2.432166276059266,2.389701501974462,2.3427166327548026,0.3946598604792273,-0.08944964330446359
3658,True,1.0812452927929554,2.4783645349705923,2.1864016242447315,2.503622508217443,2.354307970649762,0.02525797324685053,0.16790634640503033
3659,True,0.6096833906768117,2.2687224798771664,2.3216554383887376,2.290779420219677,1.9917461879210414,0.0220569403425106,-0.32990925046769615
3660,True,0.545970508858374,2.244444242078649,2.6677453939609754,2.275707546245343,2.28208619286367,0.031263304166694095,-0.38565920109730545
3663,True,2.1145522790084863,2.3301063070383723,2.2665637510778294,3.3382930153822623,2.128005021517102,1.00818670834389,-0.13855872956072757
3665,True,0.5240759467800072,2.0909153491234407,2.8345138049584446,2.3090133986239665,2.5185440358607987,0.2180980495005258,-0.31596976909764596
3666,True,0.5728842300943459,3.042669564329982,2.237316079815277,2.786272041665171,2.324995956908743,-0.25639752266481075,0.08767987709346592
3667,True,0.8774996943874029,2.4575476652549386,2.103770831578383,2.4495530150494806,2.4640490299750524,-0.007994650205457976,0.3602781983966694
3668,True,0.7530892389785098,2.151488414330879,2.4709445638055096,2.3881689069795713,2.4399515712474704,0.2366804926486923,-0.030992992558039223
3669,True,0.39512106341766134,2.1994495028756624,2.9197498095042316,2.1827810629838713,2.5304328493745887,-0.01666843989179112,-0.3893169601296429
3671,True,0.9858296887344303,2.2803635943857725,2.1626043094842844,2.3212772828787602,2.4114000883553106,0.04091368849298771,0.24879577887102622
3672,True,0.28802917738155354,1.9441650096892498,2.500106673044172,2.1309366532724523,2.53031898929384,0.18677164358320253,0.030212316249667914
3673,True,0.7165405504364442,2.196941572391036,2.245294224149699,2.3047218561281966,2.5520688638581053,0.10778028373716042,0.3067746397084061
3674,True,1.605555697880786,2.0647317896036763,2.607348581931461,1.7752192727021077,2.971480767375586,-0.28951251690156865,0.36413218544412507
3675,True,0.472628631523732,2.680585856748483,2.7226791483573676,2.506218506522725,2.68865731373896,-0.1743673502257579,-0.034021834618407354
3676,True,1.0758793445304065,2.676618762263315,2.1782377294271624,2.7818692496093345,2.0716006314820916,0.10525048734601938,-0.10663709794507081
3677,True,0.3175892221743283,2.260639039143578,2.7265717738764916,2.2268974747001713,2.4580418444178287,-0.0337415644434067,-0.26852992945866294
3678,True,0.5073442006377681,2.4571207693965715,2.1325612816751596,2.1573684803062734,2.2679328661909284,-0.29975228909029816,0.1353715845157688
3679,True,0.5398479450693295,2.264862455735447,2.6529953873310825,2.116963376108571,2.5289376621407658,-0.14789907962687598,-0.12405772519031677
3680,True,0.7952237126041947,2.5706553401418866,2.4001834980684293,2.3927203880037884,2.322912125427477,-0.17793495213809818,-0.07727137264095241
3681,True,0.8676240596211358,2.3548195594567325,2.548885119596409,2.7839520340488986,2.278291107855403,0.4291324745921661,-0.27059401174100595
3682,True,1.4154267949683694,2.3781387720021723,2.191666587508237,2.5692141434209024,2.487125030759009,0.1910753714187301,0.2954584432507721
3683,True,0.39798277151892564,2.3440283315907258,2.311986627816,2.4834013068519556,2.3666583256097615,0.13937297526122983,0.054671697793761354
3684,True,0.7076577395692668,2.707776278812561,2.6016135535855436,2.6982231829161205,2.3755222318340867,-0.009553095896440489,-0.22609132175145685
3686,True,0.4032674773952374,2.2127826704400952,2.318778213973902,2.0989421779386874,2.3100090486028404,-0.11384049250140782,-0.00876916537106176
3688,True,0.8669990586959323,2.2993414041851206,2.361692851325083,2.464053427209118,2.486573063054854,0.16471202302399757,0.12488021172977115
3689,True,0.4632741184180589,2.5557286086750293,2.5226102757659574,2.6285417825998123,2.322537506957638,0.07281317392478304,-0.20007276880831926
3690,True,0.3138368907726219,2.474777599543038,2.2795379424128916,2.4028936741922227,2.1288911425427557,-0.07188392535081523,-0.15064679987013596
3691,True,0.8515128651870708,2.5363744350154613,2.667861049492646,2.2923064133361404,2.7192219160131086,-0.24406802167932096,0.05136086652046279
3692,True,0.1255729354511343,2.549326216669809,2.3885819108835267,2.263307436870431,2.1353994192518173,-0.28601877979937784,-0.25318249163170936
3694,True,0.9947423758132133,2.181434951608688,2.0174685328401036,2.4712153922315228,2.001048348647778,0.2897804406228346,-0.016420184192325493
3695,True,0.9524302170592986,2.342225680074403,2.0831597633883003,2.5367910785931898,2.4849792719499693,0.19456539851878674,0.4018195085616689
3696,True,1.1798609957825552,2.6090767580889604,1.9014431376457201,2.8103750407114707,2.30437034066098,0.20129828262251026,0.40292720301525975
3697,True,0.6157087229942988,2.1919291204096907,2.264402384294805,2.543194509312648,2.733339330946123,0.3512653889029571,0.468936946651318
3698,True,0.5300585920129889,2.138641426069363,2.3948522166931303,2.368296170411336,2.3500192614772333,0.22965474434197297,-0.04483295521589703
3699,True,0.38918446056369316,2.308528864385282,2.5956668778947734,2.118491246631196,2.2532191268070223,-0.1900376177540859,-0.34244775108775105
3700,True,0.15241075197117104,2.5182877195824944,1.9610492704417195,2.4224345978645117,1.993505205646326,-0.09585312171798277,0.032455935204606545
3701,True,0.27587876780439635,2.3964680553264213,1.7530962933906398,2.309304263005202,2.27028134755717,-0.08716379232121918,0.5171850541665302
3710,True,0.8200401992850582,2.2712842266435964,1.6150091842153715,2.3556721059230634,2.416116654916314,0.084387879279467,0.8011074707009427
3713,True,0.5543409618767219,2.2884679177563316,2.02179017239673,2.387368485444172,2.4083594976942293,0.09890056768784028,0.3865693252974993
3714,True,0.8790889367331944,2.2690092285621053,2.3425956561472576,2.382166599474101,2.5408829403429825,0.11315737091199551,0.19828728419572483
3715,True,0.6601381714014756,2.457685616530316,2.5526262070463828,2.394465142445385,2.327044651887883,-0.0632204740849307,-0.22558155515849965
3716,True,0.0821807102421781,2.056606302650072,2.513424881332243,1.999982726450906,2.481035962690787,-0.056623576199166026,-0.03238891864145588
3717,True,0.122228760680727,2.209149233845464,2.5205016907155606,2.301635939589491,2.582496993305704,0.09248670574402729,0.061995302590143186
3718,True,0.7901628174815026,2.1490686734025046,2.6848830459817052,2.1286342468470245,2.618220264894839,-0.020434426555480112,-0.0666627810868663
3719,True,0.6914875537987655,2.1973852280835966,2.845384512557134,2.2068755861457166,2.4572129252976835,0.009490358062119952,-0.38817158725945067
3720,True,0.2370754571784975,2.5857506375712256,2.3296031267578607,2.6012936202472416,2.4648879756818567,0.01554298267601606,0.13528484892399595
3721,True,0.18309458170077594,2.269846398195261,2.201386500390152,2.58908883212222,2.4541101540315995,0.31924243392695884,0.25272365364144767
3722,True,0.3959001044945123,2.6459210414900896,2.306252724095952,2.3795225516271117,2.4349632824192646,-0.26639848986297787,0.1287105583233128
3724,True,0.8022387322175272,2.4084781625748652,3.6682255050909833,2.119156423857852,2.6098197366312488,-0.28932173871701306,-1.0584057684597346
3726,True,1.3283896206383952,2.48617508224984,3.397269027233492,3.227808905592151,3.3891534122287825,0.741633823342311,-0.008115615004709475
3727,True,0.5783976867478405,3.161796266965979,2.2895577286672637,2.7781729485535993,2.0573127859190494,-0.3836233184123796,-0.23224494274821428
3728,True,1.3571678597635846,2.4046973953077755,2.959161064643153,2.275534654118456,2.883657270547074,-0.1291627411893197,-0.07550379409607899
3730,True,0.20427075273396975,2.0330067118925115,2.3305014749834423,2.4417794844057887,2.744650901688045,0.40877277251327726,0.41414942670460286
3731,True,0.22554039276858803,2.342999589948748,2.0725788097199103,2.338444626569977,2.4045206408003654,-0.0045549633787707045,0.33194183108045516
3732,True,0.4602358799217929,2.433094319873358,1.9337606383934907,2.4215990594419217,1.9331583705348612,-0.01149526043143645,-0.0006022678586294905
3733,True,1.0007743895724934,2.262244199948361,2.4493822149676845,2.2592888118994434,2.596061762369493,-0.0029553880489174844,0.14667954740180855
3734,True,0.5790775305009627,2.501608964446682,2.5096199253472626,2.499848245796132,2.522478062192613,-0.0017607186505501637,0.012858136845350199
3735,True,0.2036249798988815,2.3873054331191055,2.4153278396524147,2.318448972462409,2.2765581110309925,-0.0688564606566966,-0.13876972862142223
3736,True,0.2412166220887347,2.5702322657689907,2.422512109071903,2.387223317240974,2.305418484590596,-0.18300894852801664,-0.11709362448130678
3737,True,0.13094733255244254,2.2148156933252934,2.5322118425795264,2.1483546791593797,2.499208844655444,-0.06646101416591366,-0.033002997924082234
3738,True,0.22991984338096796,2.2746453530385784,2.2020206422511124,2.5038463973426968,2.4308293541018053,0.22920104430411836,0.22880871185069296
3739,True,0.3407618529631719,2.1340727160057127,2.558459534915493,1.9534054087518544,2.829730617070466,-0.18066730725385827,0.2712710821549731
3740,True,0.7914056704473228,2.2007363975496927,2.4245839441438197,2.4533050390406,2.4256295791464115,0.2525686414909072,0.0010456350025918049
3741,True,0.21058949978311117,2.2055741550444408,2.5416974578615763,2.1937274060249603,2.6520198509153357,-0.011846749019480463,0.11032239305375935
3742,True,0.24009871003850103,2.409339893705328,2.6822417031468286,2.239328563913746,2.457377862175046,-0.17001132979158218,-0.22486384097178247
3743,True,0.5842995195727214,2.278632205051969,2.015205250241275,2.251534929648883,2.5047247764840352,-0.02709727540308604,0.4895195262427601
3744,True,1.003292401579993,2.1286238158960824,2.095123201580279,1.9444106180858507,2.3196568677998477,-0.1842131978102317,0.2245336662195685
3745,True,0.8612823234011954,2.29735809724997,2.4785486645414085,2.3091173606042634,2.5633366904017896,0.011759263354293559,0.08478802586038103
3746,True,1.3487656455635815,2.613436085348176,2.2316312460619474,2.169472045568691,2.5766030714081674,-0.4439640397794853,0.34497182534621995
3747,True,1.2641844816104377,2.272335357864239,2.422929351054215,2.1852327244403513,1.972784949534287,-0.0871026334238878,-0.45014440151992785
3748,True,0.12718240841095124,2.6538373305084093,2.183943620059822,2.527924032067815,2.1815209601617402,-0.12591329844059418,-0.0024226598980816583
3749,True,0.20260195807939158,2.5154556568939954,2.011407278921899,2.4139655666204107,2.3043508174696408,-0.10149009027358469,0.2929435385477417
3750,True,0.865550247629298,2.2063319758821427,2.2558567398884177,2.9145115182997645,2.7521062527787694,0.7081795424176218,0.4962495128903517
3751,True,0.6008995725292803,3.0718236963894916,2.041029452751723,3.0113221317185577,2.091620176191175,-0.06050156467093393,0.05059072343945159
3752,True,0.49236121572418545,2.0193342042861553,2.6439990989030235,2.1685660875908304,2.4882021314863065,0.14923188330467507,-0.155796967416717
3753,True,0.41144002392822243,2.7465862571927353,2.0423838012969058,2.7074629152431613,1.9974375510891447,-0.03912334194957401,-0.04494625020776111
3754,True,0.18074919218739774,2.0640922756747093,2.445040691358735,2.3232284642972587,2.524783813955959,0.2591361886225494,0.07974312259722405
3755,True,0.32865417825263993,2.237198941556159,2.508397022682016,2.44678031579339,2.4136431079788907,0.209581374237231,-0.09475391470312511
3759,True,0.4158338307323253,1.845539089940931,2.4984852224698066,2.215699093876016,2.3535101699618806,0.3701600039350852,-0.14497505250792608
3765,True,0.3387255516841345,2.7153733764070087,2.28045788783744,2.6575738164429223,2.2058952690420277,-0.05779955996408637,-0.07456261879541248
3768,True,1.0106318886020678,2.602620145276679,2.180885337105094,2.7723298154429608,2.1649552027506247,0.1697096701662817,-0.015930134354469327
3769,True,0.08808006002619223,2.4671296313124693,2.006363843523901,2.373581500533108,2.170004476297226,-0.0935481307793613,0.1636406327733253
3770,True,0.3837597453754778,2.3076119630691814,2.265958680007206,2.278245040725426,2.287746990123908,-0.029366922343755153,0.021788310116702014
3771,True,0.5296137339484023,2.2029733267790603,2.2779717185689554,2.527439516005675,2.516546153644117,0.3244661892266145,0.23857443507516152
3772,True,0.8538790411711772,2.5337818293412715,2.157725035425042,2.172927362200817,2.4338750666394113,-0.36085446714045455,0.2761500312143692
3773,True,0.6353377163826375,2.3185359436290827,2.643863118052824,2.393277546801039,2.280771350691691,0.07474160317195633,-0.36309176736113313
3774,True,0.7612317434123945,2.173493367001611,3.1450191074300324,2.760511795754548,2.5436748341490114,0.5870184287529372,-0.601344273281021
3775,True,1.0779659067547191,2.047556394754489,2.3578035917777376,2.3754916775827692,2.4532213285219497,0.32793528282828044,0.09541773674421217
3776,True,0.5410572167631198,2.470780127287736,2.0400864016016573,2.2795395635235196,2.729956287639236,-0.19124056376421628,0.6898698860375787
3777,True,1.5728809886386883,2.3206240990302587,1.9940842398705225,1.8325485634320853,2.4897838796044125,-0.4880755355981734,0.49569963973389
3778,True,1.000697402022747,2.6963667741054813,1.9620078976650426,2.945127001866303,2.993772928294496,0.24876022776082163,1.0317650306294532
3779,True,1.0216569029367049,2.33496326176666,1.9655375584557016,2.0864429680221313,2.6105312693438476,-0.24852029374452878,0.644993710888146
3780,True,0.8630930489564722,2.4709065810345803,2.032721482028465,2.4716114093550385,2.1787597205277134,0.0007048283204582617,0.14603823849924824
3781,True,0.6638544486093313,2.1972484796444847,2.14819612926753,2.1620685948355107,2.1371020628140345,-0.03517988480897394,-0.011094066453495532
3782,True,1.0546273885710615,2.158546257299111,2.34987416537567,2.684002703164995,2.1471423970472943,0.5254564458658839,-0.20273176832837558
3783,True,0.7596434891514645,2.309263977136438,2.1345214063344504,2.635649727321709,1.9099081215875282,0.32638575018527094,-0.22461328474692221
3784,True,0.5515414101760613,2.1347058908898906,2.201208326533407,2.0093212294675533,2.921764135495882,-0.12538466142233728,0.7205558089624753
3785,True,0.34449323986441155,2.4178693008514753,2.49874474494695,2.549540027800113,2.2676864988761123,0.13167072694863746,-0.2310582460708379
3786,True,0.9984793426904506,2.529331775568401,2.5345944085987404,2.2078767541348405,2.2245475833438584,-0.32145502143356053,-0.31004682525488203
3787,True,0.7738162866831352,2.3316475489018487,2.2874814243835946,2.3761536715368394,2.513396530375778,0.044506122634990763,0.22591510599218356
3789,True,0.5096472496702052,2.520828433293309,2.495983609140893,2.5841502761832564,2.4268183555488863,0.06332184288994736,-0.06916525359200687
3790,True,0.2264891236935156,2.124643007495612,2.5339124171328415,2.2612188921917755,2.4080726530298042,0.13657588469616355,-0.12583976410303732
3791,True,0.1774560197942246,2.2326012800766732,2.7860321656793556,2.2619325025977233,2.572410746119095,0.029331222521050027,-0.2136214195602606
3792,True,0.2252308473301187,2.436681111471093,2.1928295098798722,2.4548328993249213,2.135305474759993,0.018151787853828427,-0.05752403511987936
3795,True,0.2643405096384936,2.373891592006678,2.20895159387887,2.315154073638729,2.31226922937382,-0.05873751836794883,0.1033176354949501
3796,True,0.18181454652453838,2.5549817139267357,1.969140110657441,2.508083150295859,2.0894419068866212,-0.046898563630876744,0.12030179622918014
3797,True,0.10931157487677715,2.308041452509032,2.0248840935964707,2.3250578386046654,2.1876392086678735,0.017016386095633607,0.16275511507140283
3798,True,0.14915755817740023,2.5617437422779035,2.4328493433420824,2.4898597720749254,2.353555340051514,-0.0718839702029781,-0.07929400329056824
3799,True,1.3194404071979933,2.217253114215876,2.823303574998622,2.590502059441953,2.480543210346677,0.3732489452260772,-0.34276036465194526
3800,True,0.34418397465158473,2.7327655339783545,2.5400138676983635,2.530031045552999,2.416303964247462,-0.20273448842535569,-0.12370990345090149
3801,True,0.8897905362990869,2.5399499505305214,2.3934659095963746,2.551914834092627,2.3525746018092604,0.011964883562105566,-0.04089130778711425
3802,True,0.23210041149873195,2.2786730718775785,2.052309642183655,2.3998422538846174,2.038162005525812,0.12116918200703886,-0.0141476366578428
3803,True,0.29268663857319527,2.4587221989887347,2.018161151196802,2.5037820289749666,2.1137186077034946,0.045059829986231925,0.09555745650669278
3806,True,1.0528215767287679,2.15687391597191,2.8993607557701404,2.223717914896132,2.798071721052375,0.06684399892422199,-0.10128903471776551
3807,True,1.2138753263460411,2.3674742236611572,2.3718714402766436,2.744377921907076,2.3896703176480227,0.37690369824591885,0.017798877371379085
3808,True,0.8355206706936495,2.7060694301698915,2.4845901926474716,2.7133788431463084,2.275826350522816,0.007309412976416851,-0.2087638421246556
3810,True,1.02146189428288,2.4220274739358345,2.2170939086335517,2.360140908986792,2.0557553035354186,-0.061886564949042544,-0.16133860509813314
3812,True,0.4919713052252604,2.514092976442995,2.2562540333481955,1.7180117703092141,2.6835199139974724,-0.796081206133781,0.42726588064927684
3813,True,0.6702082905465304,2.111787386504617,2.2239905980466737,2.113670397165556,2.4528070950928855,0.0018830106609390995,0.22881649704621188
3814,True,0.9220627836242468,2.364695123372144,2.1667654027605296,2.24720403888966,2.288069763637901,-0.11749108448248391,0.1213043608773714
3815,True,0.6501103309060975,2.3161842194005207,2.1516886007273452,2.220798058443856,2.095722781305772,-0.09538616095666486,-0.055965819421573304
3818,True,1.1561443906606077,2.1333018612001444,1.977692573960877,2.3666063189229423,1.9927758194337866,0.23330445772279784,0.015083245472909512
3820,True,0.5483729789716189,2.0489584036773416,2.4815119597737185,2.46682494568281,2.5558049463073274,0.4178665420054686,0.07429298653360883
3821,True,0.8364505838852885,2.213994799203467,2.239902630093549,2.2117577121025263,3.3094670100336403,-0.0022370871009407267,1.0695643799400911
3823,True,0.24823480940571294,1.8991469565307473,2.5210695203425075,2.165320008869359,2.4694864491584076,0.26617305233861166,-0.05158307118409988
3824,True,1.1246937123457783,1.9287043839323847,2.3278039504004626,2.5157740470139602,2.619287422873061,0.5870696630815755,0.2914834724725983
3825,True,0.9069526356786789,1.9868637989051992,2.140461569965693,2.7943116429394554,2.3522371806050937,0.8074478440342563,0.21177561063940065
3826,True,0.9032682480356998,2.262431363422988,1.9438420094493276,2.4106247898461923,2.514748719682744,0.14819342642320432,0.5709067102334164
3827,True,1.408997755529631,1.9217911121399225,2.3083204030853257,2.482014964073545,2.6680058760222027,0.5602238519336225,0.359685472936877
3828,True,1.5105260910086495,2.650016251233188,1.8851220879561088,2.9045317117507947,3.4979494493279915,0.25451546051760676,1.6128273613718827
3829,True,0.8906911079339483,2.3646604745290603,1.884385088404172,2.4319702714215072,2.43185420814386,0.06730979689244698,0.5474691197396879
3830,True,0.3543112922582088,2.114739502846627,2.842193498462059,2.1332957715023952,2.6419065314181727,0.018556268655768093,-0.2002869670438865
3831,True,0.2741553856694563,2.2957466517671326,2.341465404527686,2.2816615790929644,2.443066684631838,-0.014085072674168142,0.10160128010415193
3832,True,1.392220083259939,2.302614987269908,2.3199342470208073,2.58059033902148,2.292192222321243,0.27797535175157195,-0.027742024699564105
3833,True,0.5755177136690256,2.264716494155505,2.6529568830646304,2.311674684123612,2.6537994426079,0.04695818996810708,0.0008425595432695054
3834,True,0.12217901246360544,2.396045840149975,1.985729757570249,2.2545052537266352,2.0008384777310235,-0.14154058642333966,0.01510872016077447
3835,True,0.4935041434529891,2.413874399652973,1.9820807791056347,2.3190561793647864,2.170609694078141,-0.09481822028818643,0.18852891497250623
3836,True,0.5064312537486086,2.0116414621149565,2.2936921400658807,2.298234102812201,2.2718921396576026,0.2865926406972443,-0.02180000040827812
3838,True,0.28958124471431634,2.5080961480971977,2.6170935305028746,2.7516358042513547,2.439372610720224,0.24353965615415696,-0.1777209197826508
3839,True,0.5224313866599893,2.5094586470790867,2.380185887656676,2.5373433876456297,2.457980988094497,0.027884740566542998,0.07779510043782079
3840,True,0.22213334867810164,2.4514740287631036,2.186709145382623,2.4267999440320582,2.2943946404936533,-0.024674084731045376,0.10768549511103043
3841,True,0.6265895042324756,2.61042698049572,2.2818780442652935,2.51830238027962,2.22957170497228,-0.09212460021610003,-0.052306339293013426
3842,True,0.8533604673880185,2.368303608197226,1.9459916693038537,2.498895532147553,2.0744156359543764,0.13059192395032682,0.1284239666505227
3843,True,1.5480695065898689,2.56319335409953,1.914517959304639,2.5435527453251288,3.218290615729568,-0.019640608774401436,1.3037726564249288
3844,True,0.7419598406858943,2.0804930477653607,2.0069899238909996,2.059948035543858,2.189480735574762,-0.020545012221502734,0.18249081168376247
3845,True,0.6540343796171131,2.059806876845497,2.120948910912283,2.14486432419792,2.1288826555846145,0.08505744735242304,0.007933744672331322
3846,True,0.7705163408348272,2.025306884647361,2.3119026394076374,2.8084875874993642,2.2574109914337708,0.783180702852003,-0.05449164797386663
3847,True,0.8477341682785103,2.164476346717607,2.0859935430389043,2.45790915016361,2.6151568177830176,0.29343280344600275,0.5291632747441133
3848,True,0.1281307827623361,2.2465442466820016,2.103761875308135,2.2677349342809006,2.047829152956369,0.021190687598898972,-0.05593272235176583
3849,True,0.44899693210642366,2.048754567047991,2.4063083555521305,2.0757946574538626,2.4512616358310266,0.02704009040587163,0.04495328027889611
3850,True,1.2602842949394937,2.590873091179883,2.264195603520155,2.429620238966987,2.321768793698675,-0.16125285221289598,0.057573190178519695
3851,True,0.2747421830775399,2.4363484144514307,2.1583051385983403,2.159946889116258,2.353938929128366,-0.2764015253351726,0.19563379053002583
3852,True,0.6562865468137818,2.0904815434966175,2.5572324951009047,2.196516620588836,2.2127682783373412,0.10603507709221827,-0.3444642167635634
3853,True,0.245803817755148,2.601395378272976,2.620537738919247,2.5506250624394013,2.594544232406339,-0.05077031583357483,-0.02599350651290777
3854,True,0.3161643471128804,2.379679833486009,2.1460493054447745,2.441889192264465,2.21220449849963,0.062209358778456014,0.0661551930548554
3856,True,0.6263961153884245,2.652030374147325,2.266676221386725,2.6087859901772315,2.4095373622670806,-0.04324438397009356,0.14286114088035573
3863,True,0.2402953096822633,2.269641340895076,2.527679134898257,2.1934800489564523,2.6580567153845682,-0.07616129193862387,0.1303775804863112
3864,True,0.8465465068571414,2.632915193412048,2.101461585991997,2.5759226801396817,2.1087023789451655,-0.0569925132723661,0.0072407929531683735
3866,True,0.45397406729498824,2.4218196062258643,2.3024186226444576,2.184082727511254,2.6128010976149714,-0.23773687871461036,0.31038247497051374
3867,True,0.9644462946258362,2.5642624444662445,2.35339345178404,2.5126298582919055,2.0791100144732604,-0.05163258617433897,-0.27428343731077964
3868,True,0.1730880819298976,2.293931268586747,2.022888187715772,2.20821686234165,2.4045868174077225,-0.08571440624509696,0.3816986296919507
3869,True,0.79191667861014,2.3241100522350484,2.351205351069957,2.6905054695151613,2.3225192057475,0.36639541728011293,-0.028686145322456724
3870,True,0.6739584050221884,2.52048006064321,2.2512360228550006,2.545192217499692,2.2153921665578764,0.024712156856482093,-0.035843856297124166
3871,True,0.32217244823610286,2.566587197155008,2.2633860171875235,2.17572424074123,2.4803430549262737,-0.3908629564137782,0.2169570377387502
3872,True,0.3282630235260654,2.6581740303448904,2.207127921190795,2.29657225355768,2.277560811099673,-0.3616017767872104,0.07043288990887797
3873,True,0.8896454293653417,2.2421993806974436,2.0472147453064125,2.4475598871155326,2.3175327223825772,0.205360506418089,0.2703179770761648
3874,True,0.4071187225855617,2.2211625863272593,2.593304805224407,2.3009925608008817,2.594071538571171,0.07982997447362239,0.0007667333467638038
3876,True,0.4605569548496238,2.1592100381621053,2.517414280884257,2.3180814830678407,2.6917342143915324,0.15887144490573535,0.1743199335072756
3877,True,0.24127449496234438,2.4426878565424603,2.0523937607096743,2.502364324557478,2.3589995233017746,0.05967646801501747,0.3066057625921004
3879,True,1.5821022475344888,2.412849952276353,2.5460918664101655,2.2728070808245033,2.721296096383119,-0.14004287145184957,0.17520422997295348
3880,True,0.2080064684413465,2.227519493292932,2.6188860685986324,2.28002447281186,2.4440085023002682,0.052504979518928074,-0.17487756629836415
3882,True,0.9513595545945162,2.2514330608303683,2.5219555159835787,2.68637283578918,2.6654341653916345,0.43493977495881175,0.14347864940805577
3883,True,0.540831411647371,2.2703615888884303,2.5311658668092063,2.390063738471215,2.4698152760573007,0.11970214958278458,-0.06135059075190563
3884,True,0.7625749596764881,2.6613664108686725,2.2123016810778764,2.883761998143571,2.609808099407503,0.2223955872748986,0.3975064183296264
3885,True,0.6685896057548842,2.565442637265546,2.216273080060307,2.4789072427983263,2.257671038887641,-0.0865353944672198,0.04139795882733388
3886,True,0.6507020207549804,2.342849164286937,2.424776226252641,2.245627462171987,2.281158495480312,-0.09722170211494996,-0.1436177307723292
3887,True,0.45545753883178186,2.282182182320246,2.1230389301423562,2.418246064585033,2.2780128152064907,0.13606388226478705,0.15497388506413445
3888,True,0.29913803717429127,2.5879350710170455,2.2440607739542173,2.2808704375240167,2.2335144659240513,-0.3070646334930287,-0.010546308030165985
3889,True,0.24628911083500762,2.0761267141964144,2.3903701069290504,2.4989184573879157,2.627886545746791,0.42279174319150137,0.23751643881774065
3890,True,0.3727969190253089,2.178559326183246,1.9795964425862154,2.3175828900067414,1.7591898467183693,0.13902356382349534,-0.22040659586784606
3891,True,0.25602017086122486,2.516596766071195,2.02747121503611,2.458077636327421,2.264568884831945,-0.05851912974377438,0.23709766979583513
3892,True,0.1800146138052251,2.1130464864029848,2.3308558361468865,2.283278661569367,2.359196869419761,0.17023217516638223,0.028341033272874405
3893,True,0.8662095293138837,2.8346748725206563,2.0337122420342557,2.5539860093843507,2.0450684642742405,-0.2806888631363056,0.011356222239984781
3894,True,0.4632660368703583,2.294257260596553,2.144072406379971,2.3926357285249256,2.3784753276933523,0.09837846792837235,0.23440292131338136
3895,True,0.2961728461218487,2.5670634844117117,2.050357296692457,2.5022439668997105,2.1114404014534722,-0.06481951751200121,0.061083104761015417
3896,True,0.32243769817784185,1.9578490499014474,2.6286785761861418,2.1563501825169773,2.2845805055285315,0.19850113261552993,-0.3440980706576102
3897,True,0.41185505300192876,2.2973310104553937,2.261104639484869,2.222598588948306,2.3657346390778913,-0.07473242150708748,0.10462999959302222
3898,True,0.2546117783011177,2.5176662238469976,2.333663908578097,2.841848882254826,2.4200622386234203,0.32418265840782823,0.08639833004532349
3899,True,0.25222760142471357,2.4936893561749023,2.252301886204423,2.480982152213716,2.3028799304197345,-0.012707203961186408,0.050578044215311646
3900,True,0.27885164898643294,3.0152728448019426,2.216107131367976,2.595027376356751,2.350651234434194,-0.4202454684451915,0.13454410306621778
3901,True,0.15699578752803192,2.443712972384441,2.4701047428398657,2.4887580827400644,2.463666497587082,0.04504511035562331,-0.006438245252783581
3902,True,1.2622950657707503,2.2872659932985493,2.3520466859949867,2.2964785079834735,2.5774824454566123,0.009212514684924233,0.22543575946162564
3903,True,0.7420040291501131,2.5280365632245116,1.9638811612976992,2.741138485972936,2.0105504742181926,0.21310192274842432,0.04666931292049337
3904,True,0.15188185732651693,2.7800200295861175,1.9769219146946597,2.6481592033729764,2.1853160402911977,-0.1318608262131411,0.20839412559653803
3905,True,0.40028826475413837,2.209575280297098,2.232412945603927,2.3303621773726504,2.721702829136385,0.12078689707555235,0.48928988353245817
3906,True,0.8566618560125748,2.333705760994732,1.9917991853096035,2.737593043492586,2.515395033436498,0.4038872824978541,0.5235958481268943
3907,True,0.5453438132410623,1.9477613709333084,2.456765979311013,1.912215036476285,2.65943480147305,-0.035546334457023265,0.20266882216203674
3908,True,0.22367425478967085,2.0797560484345268,2.321281809970517,1.8555714148679374,2.7052699563978826,-0.22418463356658935,0.3839881464273658
3909,True,0.1247361653640253,2.5468486733608655,2.409700927272926,2.433088816020492,2.3454304750294774,-0.1137598573403733,-0.06427045224344852
3910,True,0.45476099216723825,2.451029805510329,2.119496905423549,2.546971643052784,2.267471027551841,0.09594183754245522,0.14797412212829197
3911,True,0.3859262415754084,2.2835443596523364,2.6704574705656707,2.4176392375313154,2.3487576502661995,0.134094877878979,-0.3216998202994712
3912,True,0.4292694486656424,2.574268421241266,2.0539204957592685,2.407775158003338,1.953922554144099,-0.1664932632379279,-0.0999979416151695
3913,True,0.4671233183048994,2.402030189610447,2.3157958953888835,2.4039650460589064,2.290638482428207,0.0019348564484595876,-0.025157412960676417
3914,True,1.0017928486169208,2.5981507235339523,1.9029042377902257,2.0347837251816223,2.1383263427928862,-0.56336699835233,0.2354221050026606
3915,True,0.3379078864736062,2.38916312500842,1.832008951015251,2.561055178803065,2.2213666382382717,0.1718920537946449,0.38935768722302067
3923,True,1.1752923785548757,1.6636887495862922,1.9375892246552155,2.588502159511944,2.594690451422674,0.924813409925652,0.6571012267674583
3925,True,0.9440114961420528,1.8692808125051732,2.2090028796948182,2.1047862692240273,1.8870740721423735,0.23550545671885414,-0.3219288075524447
3926,True,0.8099548031898774,1.651783307610293,2.8610209757532363,1.9989895479631705,2.4355466538025916,0.3472062403528775,-0.4254743219506447
3927,True,1.2828863844039207,2.6653884186924803,2.0142442932772577,2.716230925071173,2.5303487799896285,0.05084250637869259,0.5161044867123707
3928,True,0.533209338592423,1.938046825724291,2.95939600114618,2.170826888589,2.2148961434841588,0.23278006286470898,-0.7444998576620212
3930,True,0.6310759718411985,2.14384592436117,2.2084281819882667,2.1550319936708595,2.4544041652704633,0.011186069309689461,0.2459759832821966
3931,True,0.9858418891828236,2.528251735844356,2.032049909770919,2.469675145675844,2.5309089701032317,-0.058576590168512244,0.49885906033231286
3932,True,0.6142426920480489,2.237113949467036,2.0432130179939634,2.446744182742855,2.038609448643609,0.20963023327581887,-0.004603569350354331
3933,True,0.10384666293254785,2.172927701466388,2.3744010120028167,2.170105529275708,2.257742476640992,-0.002822172190680039,-0.1166585353618248
3934,True,1.2451504173212593,2.157252565162457,2.0699697721464436,2.066935926396607,1.8753528467339153,-0.09031663876585005,-0.19461692541252829
3935,True,0.5456806804180507,2.361361753332174,2.246244451768329,2.303362711601236,2.186774616147947,-0.05799904173093795,-0.05946983562038177
3937,True,0.7694167387201305,2.7550446385857343,2.3699136424140015,2.5900970255951803,2.217165246636795,-0.16494761299055405,-0.15274839577720645
3938,True,0.9747961710317764,2.6215620675467517,2.048291056222235,2.500740808956218,2.075515038921424,-0.12082125859053372,0.02722398269918891
3939,True,0.1445102037486325,2.2870401824629143,2.1666520821073236,2.2299079680356764,2.2594066024907957,-0.057132214427237926,0.0927545203834721
3940,True,0.13763186870927374,2.6515108389369253,1.97148729404985,2.4716670530467892,2.1146077389449798,-0.17984378589013605,0.14312044489512976
3941,True,0.11776232628527245,2.0486915849390313,2.355328249841198,2.078545175627655,2.3921425751796233,0.02985359068862392,0.03681432533842521
3942,True,0.12415126894821013,2.068288679512606,2.5456994145813834,2.0780472292488925,2.458490825009929,0.009758549736286426,-0.08720858957145428
3943,True,0.9912879509791563,2.1464243148082347,2.3130861097892574,2.8530547343754202,2.346013449849553,0.7066304195671855,0.03292734006029541
3945,True,1.159002401974479,2.4226509527168787,2.2227058796430983,2.225792687946027,2.0046305160078752,-0.19685826477085167,-0.21807536363522306
3946,True,0.4120007601885799,2.4379150854982625,2.1983019545321794,2.2921354976924904,2.322223836534928,-0.14577958780577216,0.12392188200274878
3947,True,0.826906922033101,2.3340982665046477,2.2334162737385075,2.4499652526227793,2.2724055248826076,0.11586698611813162,0.03898925114410012
3948,True,1.037829517365539,2.23363390881317,2.8876453419871355,2.246376658193812,2.792096830821417,0.012742749380642238,-0.09554851116571861
3949,True,0.2332062221729163,2.4827880653410594,2.4701016373825593,2.524272317216785,2.391272577376741,0.041484251875725686,-0.07882906000581835
3950,True,0.5596617011008328,2.967229060740003,2.2739547212950395,2.6754324162551746,2.197553942980695,-0.29179664448482834,-0.07640077831434455
3951,True,0.9669881993409529,2.254015657155025,2.0936781639258695,2.304694053345259,2.0563794333279057,0.050678396190233954,-0.037298730597963736
3952,True,1.265287996894023,2.175814992456849,2.0909295339633043,2.4117410327953954,2.129871559662225,0.23592604033854636,0.0389420256989208
3953,True,0.3875357227120287,2.595332648178264,2.3657298989740987,2.4707775541875474,2.354878580296445,-0.12455509399071651,-0.010851318677653765
3954,True,0.9042280594029237,2.0960579757964712,2.249049384540055,1.8622516236926738,2.4693517389122595,-0.2338063521037974,0.22030235437220425
3956,True,0.2741722044409849,3.208114758966705,2.352153139274737,2.754582299900658,2.283069567926041,-0.453532459066047,-0.06908357134869592
3957,True,0.8651831152133899,2.8106167453069797,2.348741887670929,2.7151566725776615,2.2857716016174936,-0.09546007272931822,-0.06297028605343558
3958,True,0.847056265775336,2.249740266319648,3.0857637200213497,2.573172953196889,2.4621757643196394,0.3234326868772408,-0.6235879557017103
3959,True,0.596744481125616,2.6284013840735967,2.3848495607689806,2.4104256188521975,2.4178080728262943,-0.21797576522139916,0.032958512057313705
3962,True,0.11967149082295249,2.2968734710035728,2.8477443554855832,2.2061361830324526,2.697735574151403,-0.09073728797112013,-0.15000878133418016
3963,True,0.5876531670687694,2.32821418194289,2.0964098113202962,2.383378160458176,1.9823501496017295,0.05516397851528598,-0.11405966171856674
3964,True,1.5554178107409125,2.480971669024054,2.2105005974665555,2.7550440419982403,2.358543480251106,0.2740723729741861,0.14804288278455058
3965,True,0.3185470766509261,2.4713897602968253,2.584805559689162,2.4198125785295854,2.6845657632803483,-0.05157718176723991,0.09976020359118642
3966,True,0.4629035638949018,2.5275119455701884,2.4377981745419373,2.4427479212325616,2.4404806894138704,-0.08476402433762686,0.0026825148719331615
3967,True,0.24974043459993742,2.5485658021914994,2.300124632731887,2.5908162007352047,2.539876511270184,0.04225039854370527,0.23975187853829683
3968,True,0.22449718766345175,2.3768344767358114,2.7685825570858458,2.2340460567985163,2.5732021387619355,-0.14278841993729507,-0.1953804183239103
3969,True,0.8869076149552501,2.413882292863511,2.291401941825135,2.3001742949196267,2.317341441609544,-0.1137079979438842,0.025939499784409126
3970,True,0.48351492127610096,2.5505829030439298,2.193162415713893,2.4426522358585965,2.166861212775751,-0.10793066718533328,-0.026301202938141977
3971,True,0.9849463932540227,2.2876092183106795,2.2138177390652554,2.429032899244883,2.230074587381776,0.14142368093420332,0.016256848316520855
3972,True,1.2387854902601183,2.766265350016155,2.1195358453680373,2.357169601660856,1.9851484804646224,-0.4090957483552988,-0.13438736490341485
3973,True,0.3261748008829304,2.3519018293075074,2.237818127864729,2.60918141748461,2.4403919249204624,0.2572795881771026,0.20257379705573353
3974,True,0.983830856213679,2.185421840698038,2.3105997895135366,2.2436342550215267,2.561284321601372,0.05821241432348856,0.25068453208783525
3975,True,1.1097241319496747,2.0768385874930195,2.7434043215319175,2.0309756936086165,2.1686328204507093,-0.04586289388440301,-0.5747715010812082
3976,True,0.7996112837466252,2.618936760767621,2.0356025589981948,2.2084807568034184,2.7908663901464363,-0.4104560039642027,0.7552638311482416
3983,True,0.4977610313591548,2.445885308942347,2.4069736148533076,2.3903477790516177,2.487353388190146,-0.05553752989072924,0.08037977333683832
3984,True,2.171969665170538,3.007117358950262,2.3332270331238663,2.5807259524829442,3.488753781629767,-0.42639140646731777,1.1555267485059009
3986,True,1.0539097432951146,2.3489163028298816,2.8026351669277254,2.8114969606946043,2.4185852330407958,0.4625806578647227,-0.38404993388692965
3987,True,0.7746345234081479,2.5486101654431184,2.8722194528621943,2.561326327892055,2.8046103626225873,0.012716162448936696,-0.06760909023960693
3988,True,0.835680873550009,2.415913850140356,2.4969845583222976,2.303573304355214,2.629677971230888,-0.11234054578514208,0.1326934129085906
3989,True,0.40007036057617973,2.5256418690503213,2.2043419689558155,2.3640609860917294,2.59455058969911,-0.16158088295859185,0.39020862074329443
3990,True,0.1964442110433384,2.173980851755599,2.6086943655016395,2.1844177324772387,2.4463103724249713,0.010436880721639508,-0.16238399307666818
3991,True,1.2338444330935106,2.693025323089257,2.0129769583877506,2.8088227802793115,2.3071819874125667,0.11579745719005441,0.29420502902481616
3992,True,1.0674319163557533,2.7104547912481403,2.0709549924853508,2.3875884699828402,1.9311183662727667,-0.3228663212653,-0.13983662621258408
3993,True,0.2962315817321835,2.3870754434244428,2.23862862677131,2.4361437054894775,2.540773544466724,0.04906826206503467,0.3021449176954141
3995,True,0.24797849097986593,2.2377870166304925,2.484137441406977,2.207366590677226,2.4737348496579017,-0.030420425953266328,-0.010402591749075096
3996,True,0.22273075919257665,2.640338100035675,2.2063504629591377,2.4083156654753544,2.230840224111534,-0.2320224345603208,0.024489761152396206
3997,True,1.0029044573278743,2.4370667269691246,2.150657690800654,2.197657832373593,2.3402418160117557,-0.2394088945955315,0.1895841252111019
3998,True,0.2211335845480611,2.411199704732065,2.2399703976838623,2.379287952261558,2.1446382466329843,-0.031911752470506816,-0.095332151050878
3999,True,1.330571136781609,2.120788938414193,2.4506654844143867,2.294112295976376,2.3220263004498896,0.17332335756218287,-0.12863918396449714
4000,True,0.9267264016790808,2.2388626834622976,2.4777015594901655,2.3484786639971844,2.7307105216271093,0.10961598053488686,0.2530089621369438
4001,True,0.30411865490010137,2.1439641624570127,2.7665186187698065,2.099076705453853,2.6560495708572534,-0.04488745700315988,-0.11046904791255319
4002,True,0.7359503636773752,2.1297300244397177,2.3260574098461113,2.196081976339681,2.3343968303424765,0.06635195189996335,0.008339420496365157
4003,True,0.7497913137344159,2.3719524281275124,2.383416525788138,2.417409910561922,2.4429118234737826,0.04545748243440961,0.059495297685644655
4004,True,0.6942678887467387,2.325898515176447,2.1777447613529,2.258713996272658,2.2931096277906122,-0.06718451890378896,0.11536486643771227
4005,True,1.0203163087616633,2.4185902683588223,2.538200208277511,2.2993036212864535,2.6466622835008624,-0.1192866470723688,0.10846207522335138
4006,True,0.7574609196298971,2.4100542417132442,2.2405859192184527,2.445157780507835,2.142034423167378,0.035103538794590605,-0.09855149605107494
4007,True,0.31793702434354626,2.2569433030760875,2.7882690718257446,2.23777219369868,2.328315168235821,-0.019171109377407625,-0.4599539035899234
4008,True,0.8084134816810394,2.4901555968653843,1.991680637301071,2.658836272364472,2.042182442695314,0.1686806754990875,0.050501805394243204
4009,True,0.6185587268537779,2.368272401625286,2.3063713377077857,2.3716000795637955,2.267106994830416,0.00332767793850941,-0.039264342877369796
4010,True,0.5655192055770406,2.240837381181419,2.5357006541388123,2.5257855047097726,2.593187400747389,0.28494812352835375,0.057486746608576667
4011,True,0.2791195760287224,2.2063228575618754,2.502143377786333,2.1182677747060215,2.5482587028843833,-0.08805508285585395,0.046115325098050164
4012,True,1.6094070968151177,2.073390386034429,2.9904658852091925,1.765556911213286,2.952357198292239,-0.3078334748211431,-0.03810868691695335
4013,True,0.20957346637738844,2.566110363663262,2.1795220707760676,2.431638726122982,2.3966667354046116,-0.1344716375402797,0.21714466462854398
4014,True,0.6243534533271242,2.4080669719092116,2.3784302955100447,2.3216290432648794,2.6306725280271963,-0.0864379286443322,0.2522422325171516
4015,True,0.6752516926830334,2.735149671626765,2.125540123615642,2.8013890050148333,2.3018970501160556,0.0662393333880682,0.17635692650041346
4022,True,1.0343312643442035,2.7910621142676133,2.129748220306804,2.782904940833948,2.2438265205360683,-0.008157173433665399,0.11407830022926424
4023,True,0.2772672424319146,2.48418330978211,2.274490378568351,2.7982639760083394,2.491721757234343,0.31408066622622943,0.21723137866599185
4024,True,0.2810705073886594,2.34465174618748,2.072433966619926,2.3093302446588275,2.3643756345887597,-0.035321501528652544,0.2919416679688336
4025,True,1.078840931855672,2.1293624954196972,2.2383117775234083,2.405904544832567,2.5513249069804886,0.27654204941286986,0.3130131294570804
4026,True,0.311304848058942,2.172295600234922,2.6438966457295567,2.0839626581877613,2.2792127131871656,-0.08833294204716058,-0.3646839325423912
4027,True,0.5839999574447469,2.3030389705777887,2.2878960856428776,2.408219164595698,2.576319063689317,0.10518019401790912,0.28842297804643957
4028,True,0.14831045892596625,2.752949457109592,2.206082042377391,2.563587308851992,2.1604269329727397,-0.1893621482576,-0.04565510940465112
4029,True,0.5687974510091621,3.038972595516452,2.17368786731214,2.5294475704054435,2.1992861415727605,-0.5095250251110084,0.025598274260620446
4030,True,0.32555236985182373,2.2377540094031785,2.488913845154147,2.3244391651000464,2.4044886603369537,0.08668515569686797,-0.08442518481719308
4031,True,0.3586461182671644,2.5095156109695753,2.1671726516131566,2.3913170236727295,2.18566786766837,-0.11819858729684585,0.018495216055213426
4032,True,0.6108319630543515,2.388045162491698,2.355123356111098,2.630291970941819,2.3704894440745776,0.24224680845012125,0.015366087963479824
4033,True,1.0595517591355335,2.2160506612214443,2.0068859220443995,2.3437066588513162,2.2802312964357365,0.1276559976298719,0.273345374391337
4034,True,1.3499212683246749,2.5513850342706017,2.196786940465552,2.393046583872533,2.45862781525529,-0.1583384503980687,0.26184087478973783
4035,True,1.2231400273479283,2.0433264484168943,2.245341712501685,2.2871026296484818,2.4577366650090893,0.2437761812315875,0.21239495250740426
4036,True,0.6523221397546608,2.129630045101731,2.5298484040550733,2.441926824793077,2.858265797082035,0.31229677969134606,0.3284173930269616
4037,True,0.15586047308725934,2.3940710677212573,2.015368633724362,2.1722658417396796,2.0801824598580287,-0.2218052259815777,0.06481382613366682
4038,True,0.8766138122663495,2.5261754706670714,2.492613667037072,2.6193441832500746,2.7187909493180973,0.09316871258300319,0.22617728228102507
4039,True,0.6586557143121315,2.121033272770609,2.632401854751664,2.29490929601869,2.3032396551598793,0.17387602324808116,-0.3291621995917846
4040,True,0.5624161435944253,2.4005234667671966,2.213456462865263,2.4425666336173926,2.3457137321789716,0.042043166850195934,0.13225726931370874
4041,True,0.1889664733610405,2.0317123867811606,2.349395300944479,2.396951935228573,2.2272294269955664,0.36523954844741224,-0.12216587394891265
4042,True,0.4363530046468156,2.49032746316624,2.0404424417022895,2.1393730073937554,2.1626063298462346,-0.35095445577248485,0.12216388814394508
4043,True,0.24291346561954652,2.395029473325955,2.4373372369862976,2.289598383873032,2.1163292175528836,-0.10543108945292312,-0.32100801943341395
4044,True,0.49927356859044225,2.545458688448901,2.574687726696191,2.483310293034884,2.5598968832333853,-0.06214839541401718,-0.014790843462805903
4045,True,1.0762688379792025,2.2059254695025396,2.641937198723694,2.3173954698950285,2.208606592448053,0.11147000039248889,-0.433330606275641
4046,True,1.0335195887169768,2.3969496409812203,2.254200408925524,2.2658586351698995,2.3611806549815286,-0.13109100581132083,0.10698024605600454
4047,True,0.15267422346841159,2.3016780924577613,2.7511751510036575,2.0647059373494328,2.469164955634597,-0.23697215510832859,-0.2820101953690606
4048,True,0.21217028961685125,2.1856183386401207,2.6470832534130846,2.1244009695427084,2.3550778261554326,-0.061217369097412266,-0.292005427257652
4049,True,0.12688769866740504,2.3903481966023272,2.256622322631769,2.375290469823849,2.091372423746904,-0.015057726778478386,-0.16524989888486497
4050,True,0.10454240799105179,2.3915773489059475,2.404714956476131,2.2406104518606083,2.212293225376329,-0.15096689704533928,-0.19242173109980198
4051,True,0.8512527650329432,2.5471925591325046,1.8864165699547915,2.430746393276559,1.9140087675311208,-0.1164461658559457,0.027592197576329358
4052,True,0.14565710589237935,2.03070671959296,2.701275444563179,2.0264213072103243,2.5679303978974977,-0.004285412382635467,-0.13334504666568137
4053,True,0.12211111049978829,1.9769964423589639,2.62969443658384,2.122720125559891,2.6515538978721516,0.1457236832009272,0.02185946128831162
4054,True,0.15083733971348118,2.293126171103544,2.0613142660691017,2.3719590787570515,2.2429674882443122,0.07883290765350726,0.18165322217521052
4055,True,0.7457173844578233,2.3308712576631083,2.3232778903308144,2.5151649364789184,2.444187078245035,0.18429367881581005,0.12090918791422034
4056,True,0.32042106707609114,2.533268518258576,2.570322971787787,2.491667922088736,2.62465793128076,-0.04160059616984002,0.054334959492972956
4057,True,0.4655321577920627,2.340280948198314,2.2309297107260013,2.6088709130131376,1.8166133664478525,0.26858996481482356,-0.4143163442781488
4058,True,0.5888150870791967,2.0106680757400017,2.330128850364288,1.9845335344631996,2.352835827466294,-0.026134541276802148,0.022706977102005865
4059,True,0.42655805082391374,2.8683556386543145,1.939070286374375,2.5204962208561232,2.1214853262247657,-0.3478594177981913,0.18241503985039076
4060,True,1.5342368775967066,2.0501214846686526,2.7123553640516946,3.318379964899891,2.4975142400725163,1.2682584802312382,-0.21484112397917832
4061,True,0.5165516395909545,2.0590582059281375,2.2410486346351344,2.3408079907331145,2.478277934392751,0.28174978480497703,0.23722929975761664
4062,True,0.7616815047093762,2.482950309188648,1.9977574371279414,2.430705843485797,1.7029105357962877,-0.052244465702850906,-0.2948469013316537
4063,True,1.0074813601272572,2.4773053347135066,2.0335479695841943,2.6163238387818124,2.081643256523317,0.13901850406830585,0.04809528693912268
4064,True,0.9588124231137187,2.4169508940191564,2.7823721704509623,2.253178755639685,2.4714356350188447,-0.16377213837947124,-0.31093653543211763
4065,True,0.9379185647799608,2.2226298297512344,2.67398824584178,2.2484090815979196,2.62983043211801,0.02577925184668528,-0.04415781372376992
4066,True,1.3806194274148174,2.6597367831046737,2.1162031706336704,2.2523194520547034,2.244814817996576,-0.40741733104997024,0.12861164736290576
4067,True,1.1603800157342052,2.3521891118913034,1.9797196975582172,2.7803329089698954,1.8986361424340894,0.42814379707859196,-0.08108355512412779
4068,True,0.33744894488057214,2.124274645426057,2.214302763219158,2.283295800509868,2.5777959670763315,0.1590211550838112,0.36349320385717343
4073,True,0.940516893334003,2.8872297407376504,1.7091186971652963,2.5411650442466347,2.2292359463710882,-0.3460646964910157,0.5201172492057919
4079,True,1.2121936279555952,2.4476643252292583,2.3567444649982736,2.823614103868126,2.6314051584375977,0.3759497786388679,0.2746606934393241
4080,True,0.6181395408965091,2.5996489711305255,2.2036460296063884,2.7585117032530424,2.13851936839417,0.1588627321225169,-0.06512666121221855
4081,True,0.49295717655395244,3.022014874880665,2.2261165452644205,2.8931157833541676,2.1333543775083412,-0.12889909152649714,-0.09276216775607926
4082,True,0.23916068720301467,2.218491994599034,2.6638535149103078,2.501256052473237,2.6467299115655907,0.282764057874203,-0.017123603344717075
4083,True,0.3238259567691351,2.710267506889311,2.2312019167031925,2.656769074394875,2.2805577119513996,-0.05349843249443609,0.0493557952482071
4084,True,0.7752809050197113,2.2057854176913945,2.6655336519916606,2.1433966409136693,2.6352424482041497,-0.06238877677772514,-0.030291203787510934
4085,True,0.3351873585980214,2.3433187567209033,2.3385756838297964,2.262134354120241,2.321590218825235,-0.08118440260066206,-0.01698546500456155
4086,True,1.2331591051439883,2.5636172490447944,2.156904054542065,2.3211922099065814,2.7269186437242676,-0.242425039138213,0.5700145891822026
4087,True,0.4777052620222962,2.3006431220421826,2.6494285219269456,2.2320744692722507,2.6789429578863753,-0.06856865276993185,0.029514435959429708
4088,True,0.36194503865832106,2.427846886502524,2.43568374164217,2.468654677758111,2.4968712004813147,0.04080779125558687,0.06118745883914478
4089,True,0.4986699493828793,2.50399557447692,2.865157951981007,2.7023234590901586,2.6742747732992957,0.19832788461323858,-0.19088317868171112
4090,True,0.30693533930788136,2.2787339175296446,2.070361232563052,2.531958386579645,2.210929725511193,0.2532244690500005,0.140568492948141
4091,True,0.5716635654495269,2.004247769563434,2.4366818917946595,2.165758711367912,2.2198307994736894,0.16151094180447778,-0.2168510923209701
4093,True,0.22748578845408357,2.2657681954030515,2.593696123218755,2.2450429756601546,2.811558786111007,-0.020725219742896872,0.21786266289225198
4094,True,0.7300977121314305,2.2062810114081115,2.6460089435600933,2.1638105568896275,2.682172725746983,-0.04247045451848397,0.03616378218688965
4095,True,0.4381480962152542,2.7726067997103376,2.2105684568680517,2.6619378091138794,2.1195613589934124,-0.11066899059645818,-0.09100709787463934
4096,True,0.6572474019939033,2.357999041518041,2.4257692118995986,2.827647169879934,2.5605269973347284,0.46964812836189296,0.13475778543512984
4097,True,0.993530437059294,2.6407377004541743,2.1893762850638536,2.5639753995461816,2.4902840791831364,-0.07676230090799274,0.3009077941192828
4099,True,0.7095883343825845,2.1996258970561335,2.6780348441534514,1.9873437189990564,2.568587406901116,-0.21228217805707716,-0.10944743725233552
4100,True,0.2629080742039782,2.7677089874840526,1.9055313230697628,2.360597188851584,2.0016507194935382,-0.4071117986324686,0.09611939642377543
4101,True,1.0433481264686866,2.6350758573900674,1.987693431819907,2.5491174129672802,2.195903459496569,-0.08595844442278722,0.20821002767666208
4102,True,0.976969076054166,3.3419085927804786,2.05832420318083,3.1132745659485286,2.3429443652438695,-0.22863402683195,0.2846201620630393
4103,True,0.9714847321497191,3.3064972090869817,2.00245311822774,3.008973106328968,1.962661658758585,-0.2975241027580138,-0.03979145946915508
4104,True,0.24908864830232977,2.2141327530886667,1.9437670394880142,2.4310567841706208,2.21323573607874,0.21692403108195402,0.2694686965907256
4105,True,1.0383611360988076,2.702299708988624,2.202895713509834,2.6028670274942978,2.277709871702057,-0.09943268149432605,0.07481415819222281
4106,True,0.22667338176384588,2.563070625031624,2.23455178069339,2.4189633315687114,2.395020883403316,-0.14410729346291262,0.16046910270992587
4108,True,0.6079464021468427,2.2328602112313254,2.6488525995419225,2.2867843228796194,2.3717570089349373,0.053924111648294026,-0.2770955906069852
4109,True,0.31692236795868084,2.2552726119473894,2.6348625658276754,2.217974892290037,2.4426789824233968,-0.03729771965735251,-0.19218358340427866
4110,True,0.17431499550529858,2.0625558919699607,2.093934931558285,2.3896105859283847,1.8557488002216247,0.327054693958424,-0.23818613133666044
4111,True,0.7795030068060378,2.2196348837365125,2.106607020352871,2.5265655222487307,2.231961900080286,0.30693063851221813,0.1253548797274151
4113,True,0.5118881754464811,2.552134702048464,2.7325571058259697,2.42183082729265,2.4677448432984312,-0.13030387475581406,-0.2648122625275384
4114,True,0.8378497567642222,2.610706728186833,2.1585526445282732,2.469929566624522,2.438798445530708,-0.14077716156231102,0.2802458010024349
4116,True,0.815619506185697,2.431108275169989,1.8909299360367637,2.5549592310387266,2.4598472378190475,0.12385095586873751,0.5689173017822837
4117,True,1.0207026608640362,2.20011710236069,2.632031955752057,2.101219740719661,2.4393794390020593,-0.09889736164102869,-0.19265251674999773
4118,True,0.815406632475965,2.053641186137442,2.553625938171055,2.1827748449395785,2.4756042886327774,0.12913365880213634,-0.0780216495382775
4119,True,1.0089582628838776,2.061246055205443,2.5300884876620424,2.2978906144383813,2.2092929775233525,0.23664455923293826,-0.3207955101386899
4120,True,0.5217618799280144,2.647369546417727,2.1652459570681573,2.5782364573013856,2.0826994093723656,-0.0691330891163413,-0.08254654769579162
4121,True,0.9782247575655331,2.5872346384508695,2.528316840983345,2.5587518224415593,2.2821343379374053,-0.02848281600931024,-0.2461825030459397
4122,True,0.6845315133040042,2.108685429005474,2.2087663511109543,2.5500464067594923,2.566803864084866,0.44136097775401817,0.35803751297391173
4123,True,0.3469894633787261,2.4640182677082567,1.9264659626891933,2.3923894408402657,2.2233734403511707,-0.07162882686799099,0.29690747766197734
4125,True,0.3519998776519693,1.7842314716145997,2.3527963277980524,2.3098706293827367,2.3098458990348254,0.525639157768137,-0.04295042876322697
4126,True,0.6970967882092846,2.1943933507919677,2.1070607388967217,2.555506148313089,2.532427282948318,0.36111279752112146,0.42536654405159613
4127,True,0.4840034544876815,2.611999469065796,1.7969300961918357,2.251836889349226,2.1082300964199803,-0.36016257971656973,0.3113000002281445
4129,True,0.5478267476693649,2.5126163254464458,1.9647519715221053,2.3566509441395853,2.3785768743004714,-0.15596538130686044,0.41382490277836603
4136,True,0.3784184702291265,2.142025133676073,2.626718507396634,2.196162272885362,2.4813582593734824,0.054137139209288865,-0.1453602480231515
4137,True,1.1079422343521972,2.172723728364929,3.2601006400416535,2.2604672068050444,2.8950520714520835,0.08774347844011521,-0.3650485685895699
4138,True,1.0925902599571762,2.106262927509289,2.7284610757531436,2.4498844189618416,2.7316243229355313,0.3436214914525526,0.003163247182387696
4139,True,0.25305342169543993,2.6238485962608435,2.1010817533118504,2.6154878899627882,2.1862020774999276,-0.008360706298055298,0.08512032418807713
4140,True,1.059524119089099,2.1959571012431005,2.238106592591157,2.1428497622112936,2.3630014746292476,-0.053107339031806866,0.1248948820380904
4141,True,0.9263982833704332,2.106545754997978,2.4644995420165934,2.2724570909141497,2.426015105563236,0.1659113359161717,-0.03848443645335742
4142,True,0.8643655561629136,2.434284607127934,2.4947735320665885,2.3481485492757908,2.5119598425988023,-0.08613605785214329,0.017186310532213867
4143,True,0.4588759628814718,2.1387217910471668,2.1059344148619634,2.170159679480752,1.9030683185724047,0.031437888433585304,-0.20286609628955876
4144,True,0.12587351284485407,2.362783834314938,2.099372389763188,2.369449937555339,2.0722329509292625,0.006666103240401178,-0.027139438833925666
4145,True,0.09135991567820144,2.1194356361305244,2.3406077190550323,2.0726890026460794,2.2661345118447844,-0.04674663348444508,-0.07447320721024786
4146,True,1.4779322745109424,1.9924960001465497,2.395922200343742,2.444277479167003,2.650778961637692,0.4517814790204533,0.25485676129394985
4147,True,0.9277228064819757,2.16440762156762,2.205646994353357,2.13898537908888,2.404630174419967,-0.025422242478739587,0.19898318006660975
4148,True,0.8840653497902882,2.298210294511797,1.9843655938359746,2.329075467728987,2.2367517415828697,0.03086517321719029,0.25238614774689516
4149,True,0.9858284531967808,2.76475336319535,1.9143711760000985,2.841235177431464,2.843608056769076,0.07648181423611389,0.9292368807689773
4150,True,0.8801628459032745,2.4846915640578007,1.9399231347916854,2.7234154846936227,2.669872300371874,0.23872392063582204,0.7299491655801884
4151,True,0.8405596311681107,1.949142195377238,2.3570998375121914,2.370912679705223,2.662695121486874,0.4217704843279848,0.3055952839746827
4152,True,1.000654623464581,2.873711861373718,2.121006205672204,2.511850610740416,2.4246601893265374,-0.3618612506333019,0.30365398365433327
4153,True,0.8178046780520515,2.8154483251340277,2.3218777268624633,2.4897004482393057,2.673036408086317,-0.32574787689472195,0.35115868122385363
4154,True,0.3300490314601162,2.5525685414303765,2.308563624637623,2.3498673634513927,2.3502675234568513,-0.2027011779789838,0.041703898819228424
4155,True,0.3033246916365711,2.1343950120350264,2.8847436217799323,2.044334955395764,2.707811009412769,-0.09006005663926242,-0.17693261236716307
4156,True,0.2658095118142417,2.161901417757063,2.7710319877258724,2.114462040785788,2.740217546986188,-0.04743937697127487,-0.030814440739684645
4157,True,0.9815204566403752,2.2805136785163116,2.249222181688594,2.4509721892073766,2.3920165655254144,0.170458510691065,0.14279438383682042
4158,True,0.9422157911518815,2.2813001267040685,2.1396619694241426,2.3238367296712132,2.336906043313252,0.04253660296714479,0.19724407388910947
4159,True,0.9433298981409404,2.299404997907067,2.016974202264372,2.141237687668046,2.3143142146294657,-0.1581673102390213,0.29734001236509355
4160,True,0.3878150465049484,2.3218477391939376,2.0511861031364265,2.4253728549851874,2.6779237257020596,0.10352511579124979,0.6267376225656331
4161,True,0.5794255277676871,2.5186919371769148,2.4746040424682088,2.4165135047563875,2.6081196681053576,-0.10217843242052727,0.1335156256371488
4162,True,1.2128145760662614,1.7922094842400538,2.5096772271549184,2.302398550431484,2.505805225925391,0.5101890661914303,-0.0038720012295274664
4163,True,1.2752086062634296,2.1027347516983688,2.074936168030236,2.270501509413504,2.295201739136236,0.16776675771513538,0.22026557110599976
4165,True,0.909558873334016,2.124821504644567,2.3383295301133247,2.104198751414419,2.519455733589697,-0.02062275323014795,0.18112620347637254
4166,True,0.16542887243514715,2.2786375716203753,2.1918683784616264,2.241291718195559,2.2040018372755505,-0.03734585342481633,0.012133458813924136
4167,True,0.5667142755426385,2.637284662944067,2.05790717951515,2.5821960837296998,2.098952606192193,-0.05508857921436716,0.04104542667704303
4168,True,0.39090334755064327,2.9558056567710946,2.111406719085643,2.600746083660033,1.9508904665931404,-0.3550595731110615,-0.1605162524925028
4169,True,1.8507343883322844,2.1700647894936225,2.6773819198986164,2.2469814652066002,1.9520631715953765,0.07691667571297778,-0.72531874830324
4170,True,0.4358095888600037,1.8954087252621794,2.455294782017019,2.0501617525107623,2.4065846757812204,0.15475302724858286,-0.048710106235798634
4171,True,0.41860405081841484,2.582593771114613,1.8880835426961382,2.4239469492569348,2.2328298757809564,-0.15864682185767842,0.34474633308481817
4172,True,0.6087914352923718,2.69129076245953,2.3705485817843934,2.545765055287899,2.2941275599395077,-0.14552570717163116,-0.07642102184488575
4173,True,0.4960862719335213,2.615674165736245,2.0919669892472013,2.5214607508168747,2.2669337303913406,-0.0942134149193703,0.17496674114413935
4174,True,0.8837580433178832,2.597002597784608,2.1687171138255907,2.572163143196792,2.2135698173244953,-0.02483945458781589,0.04485270349890458
4175,True,0.772648218448949,2.300421601598281,2.2560362679708854,2.3855507147208166,2.5585251614478994,0.08512911312253557,0.302488893477014
4176,True,1.142600171066379,2.393245298961224,2.2601369141271066,2.127313116709903,2.1942465694422313,-0.265932182251321,-0.06589034468487531
4177,True,0.6191909493886543,2.14604242262356,2.5260430531168705,2.472569258199859,2.636718361210389,0.3265268355762987,0.11067530809351833
4178,True,0.5629087495929316,2.2371602826127592,2.2872593137421036,2.304596376756025,2.476970862114248,0.0674360941432659,0.18971154837214455
4179,True,1.263781811726886,2.574422636068134,2.515268900634682,2.297941536273497,2.4033216038909564,-0.276481099794637,-0.11194729674372539
4180,True,0.4491747883574656,2.242876415342584,2.651144324890669,2.3332644241287785,2.115569751930198,0.09038800878619435,-0.5355745729604711
4181,True,0.6391064699021551,2.131352291738745,2.317940171790463,2.4961819505657035,2.4028367116799676,0.3648296588269586,0.08489653988950474
4182,True,0.22058055450406908,2.263400715560548,2.893491458601529,2.3056137957869267,2.882123514875273,0.04221308022637871,-0.011367943726255714
4183,True,0.7514553653015779,2.2561838331572184,2.663767311722254,2.1433382320086576,2.3264680373069817,-0.11284560114856079,-0.3372992744152721
4184,True,0.37423985365802687,2.327310035577555,2.5571345916083494,2.2083591330435817,2.161682627190449,-0.11895090253397322,-0.39545196441790065
4185,True,0.22975775984659844,2.7726676748214882,2.300003736018705,2.328532948641483,2.226484312355468,-0.44413472618000505,-0.07351942366323705
4186,True,1.391212092960936,2.3839247041171414,2.365068838342766,2.468535583861209,2.2929712477922615,0.08461087974406745,-0.07209759055050435
4187,True,0.8867299045400777,2.9205817394656157,2.265119042986483,2.4265945020114095,2.137734893051521,-0.49398723745420625,-0.12738414993496194
4188,True,0.5307808935366991,2.572452425293809,2.2702576053390944,2.1156204592265597,2.1832518204847555,-0.4568319660672491,-0.08700578485433885
4189,True,0.4133541217102983,2.6685479625069513,2.3555592257678426,2.299226403189777,2.2929332871110755,-0.36932155931717414,-0.06262593865676713
4190,True,0.6930910686972218,2.41817271459257,2.2455466789626084,2.2579050975003354,2.241518088204956,-0.1602676170922348,-0.004028590757652495
4191,True,0.47492390526086764,2.3983637623179686,2.132252833788714,2.628099893968264,1.9340853984167814,0.2297361316502955,-0.1981674353719325
4192,True,0.7561503154002527,2.48770540171058,2.4781474653458377,2.3058319974644728,2.4956318974556324,-0.1818734042461072,0.017484432109794668
4193,True,0.38334432416552633,2.153537473948387,2.280685867738036,2.1511826621114722,2.2425501738864173,-0.00235481183691455,-0.03813569385161886
4194,True,1.2702423464118542,2.454948094033762,2.1866317306304692,2.5173817011216237,2.1811565294519784,0.06243360708786172,-0.005475201178490874
4195,True,1.3218303477605757,2.547391741644775,1.9466341033435124,2.548829598869646,2.9540193956524727,0.0014378572248707755,1.0073852923089603
4196,True,1.2150243808591887,2.3684035532189185,1.9540792402561367,2.566664415954879,2.657470036924217,0.19826086273596033,0.7033907966680804
4197,True,0.7407383941653818,1.8974298564110348,2.522210963936205,2.071037056800771,2.2549943492286184,0.17360720038973643,-0.2672166147075865
4199,True,0.6965339647511303,2.7471987867826386,1.9413162559717054,2.720576530146138,1.793838221275542,-0.02662225663650064,-0.1474780346961635
4200,True,1.0313979198431178,2.1536101004824433,2.128024725655226,2.2794439535823208,2.6838237726359755,0.1258338530998775,0.5557990469807494
4201,True,0.8237593238774082,2.544979779526745,2.611446460737804,2.4871165787083647,2.567740735165838,-0.05786320081838037,-0.043705725571965726
4202,True,0.21476663488919223,2.369248684984335,2.5793396881566415,2.3220953438388356,2.6322439971077904,-0.047153341145499184,0.05290430895114895
4203,True,0.18291871969756673,2.009896558059643,2.6782208870442332,1.995187429131158,2.547692270327207,-0.01470912892848486,-0.1305286167170263
4204,True,0.09472710954322121,2.4197041210238908,1.9989789852071982,2.2691830419644425,1.949981022059702,-0.15052107905944823,-0.04899796314749616
4205,True,1.0897743854460038,2.2554792764731846,2.5200994883535848,2.4460224092603893,2.146973122942623,0.1905431327872047,-0.37312636541096156
4206,True,1.0843656659857135,2.233222334363509,2.5282211359372817,2.3190559885621562,2.429602065866137,0.0858336541986473,-0.09861907007114468
4207,True,0.2757262778795235,2.391767912110203,1.99706866469333,2.299892905989538,1.9815713288352756,-0.09187500612066524,-0.01549733585805435
4208,True,0.11707073675489603,2.2885168780456917,2.0248921478933144,2.3102653519606786,2.102057610433644,0.02174847391498691,0.07716546254032952
4209,True,0.5528824209188742,2.2338336900046967,2.8687214911524612,2.0620123512687796,2.419789602047872,-0.1718213387359171,-0.44893188910458903
4210,True,0.17734749153968069,3.016719614780267,2.200130890878995,2.849204800056676,2.5443809324482056,-0.16751481472359098,0.34425004156921046
4211,True,0.9246786242974057,2.234281062176377,2.547143670113643,2.57147196044814,2.581849800317788,0.33719089827176285,0.03470613020414515
4212,True,1.1042146791196574,3.203267459922758,2.293757438680036,2.6912065019992424,2.397965544040198,-0.5120609579235156,0.10420810536016178
4213,True,0.2793367402296521,2.1682224346685466,2.8338712441640674,2.087414748553339,2.647402175218189,-0.08080768611520739,-0.18646906894587856
4214,True,1.1514376505292596,2.807326583726945,2.1796581351441326,2.497183503489081,2.520346400902265,-0.3101430802378644,0.3406882657581325
4216,True,0.42672946836347003,1.802846247936856,2.1137128217664762,2.2836926585331048,1.8517710593607408,0.48084641059624866,-0.2619417624057354
4217,True,0.7352226944334693,2.1360813469996875,2.3589592985679086,2.322431304947899,2.2903169298839408,0.1863499579482113,-0.06864236868396789
4218,True,0.6869738256700282,2.123472261132695,2.2095401999058537,2.192489247567933,2.152028450293815,0.0690169864352379,-0.05751174961203853
4220,True,1.0258046545266113,2.20894696880663,1.6466434536656682,2.0847359768481475,2.414688562889633,-0.12421099195848262,0.7680451092239649
4221,True,0.21321337290554912,2.1865533527220413,2.7165477256989248,1.9502106299610307,2.48175853553987,-0.23634272276101065,-0.23478919015905486
4222,True,0.9496918068588107,2.4040792110702176,2.57402891026888,2.1446109698096762,2.2416729812039935,-0.25946824126054135,-0.33235592906488653
4223,True,0.08960151055461014,2.6064274554646634,2.113599892529331,2.3734679962995076,2.1851467487548746,-0.2329594591651558,0.07154685622554346
4225,True,0.6020972829658515,1.9835840351495069,2.4534889564251148,2.0617690818581016,2.35159297398253,0.07818504670859472,-0.10189598244258491
4228,True,1.0632487573505491,2.383113275486501,2.2966840189499296,2.056371666151331,2.6774441094232015,-0.32674160933517005,0.380760090473272
4229,True,0.5758654856888362,2.6807821980347453,2.217884522467299,2.21633220322902,2.2247618086107557,-0.46444999480572546,0.006877286143456729
4230,True,0.9191121603891603,2.296338319390242,1.9145460024245957,2.212388651843297,2.074174565280367,-0.08394966754694488,0.15962856285577143
4231,True,0.32774967172775415,2.129853786742179,2.110709509477797,2.42236752546388,2.1598020178555717,0.2925137387217007,0.0490925083777749
4232,True,0.399299780126811,2.564134718964665,2.1712365699527076,2.4960869510646058,2.2941970165099157,-0.06804776790005906,0.12296044655720806
4233,True,0.12366515848272966,2.47747870362189,2.0381701596530157,2.470777665505741,2.0900033454329683,-0.006701038116148972,0.05183318577995255
4234,True,0.9320793351672463,2.7836526823761614,2.19207550374069,2.8303361757536862,2.2583522914308563,0.046683493377524865,0.0662767876901662
4236,True,0.5379617617679111,2.882966631943561,2.2460742201672677,2.959000123915847,2.125830339439627,0.07603349197228582,-0.12024388072764047
4237,True,1.0014535443710304,3.0943866775016984,2.4399920071590397,2.820509730555986,2.1119742326126993,-0.2738769469457125,-0.3280177745463404
4238,True,1.131256638628668,2.6016109997269,2.377269717427957,3.100765507416193,1.779018719297523,0.49915450768929315,-0.598250998130434
4239,True,1.01112061779839,2.1706369974042183,3.1101585949594273,2.5395993637774836,2.6064542537027195,0.3689623663732653,-0.5037043412567077
4240,True,0.8772984168660575,2.2276054179319997,2.9539767028194386,2.2291708976581406,2.9493184174886915,0.0015654797261408504,-0.004658285330747081
4241,True,0.35860604435355325,2.5732224548608307,2.4640415922828898,2.689589023300586,2.3283298420060676,0.11636656843975546,-0.13571175027682214
4243,True,0.6621438965139397,1.922712040452236,2.4613663684425364,2.0090145061790867,2.2353942793932347,0.08630246572685074,-0.22597208904930177
4244,True,1.0810913502913697,2.2805412968416072,3.1237757424469508,2.5805842681815294,2.579320488175907,0.3000429713399222,-0.5444552542710439
4245,True,0.8733591189191088,2.134917125159663,2.5065270337460954,2.660758415370512,2.285444975709107,0.5258412902108494,-0.22108205803698855
4246,True,0.9577671665598214,2.451507877266561,2.191666302816193,2.4578127158026097,2.5296578095121878,0.006304838536048685,0.33799150669599465
4247,True,0.18725507497038668,2.2188830475263903,1.983288668726769,2.106155632561136,2.1124132917469063,-0.11272741496525418,0.12912462302013727
4248,True,0.8196944216479701,2.6696092215153886,2.112631642667505,2.7895207614242628,2.17753209347394,0.11991153990887415,0.06490045080643503
4249,True,0.17997498293576922,2.63812723044208,2.2265600265207315,2.4260315215903523,2.2598643642229947,-0.21209570885172768,0.033304337702263265
4250,True,0.5715961672229914,2.644808171815113,2.01272434183124,2.381420821940129,2.378257246571531,-0.2633873498749839,0.36553290474029065
4251,True,0.34146224043538825,2.7678724835150916,2.0908173948243305,2.616160831673963,2.3071318666008236,-0.15171165184112878,0.2163144717764931
4253,True,0.428542062913719,2.4761968468197355,2.26051748219296,2.6121836930424704,2.3042344801658095,0.13598684622273494,0.04371699797284956
4254,True,0.2391018879824289,2.1320366524757497,2.501626891884559,2.1829378954514485,2.5152840666694094,0.05090124297569876,0.013657174784850401
4255,True,0.6068187570253949,2.3659882322826546,2.6858533351432277,2.690954052141545,2.5931025905976033,0.3249658198588903,-0.09275074454562438
4256,True,0.9889277778508478,2.618553093179514,2.1788348519564305,2.5049837018523693,2.1978464200578256,-0.1135693913271445,0.01901156810139515
4265,True,0.6792658885712204,2.440335014398638,2.431371696758848,2.495690943834392,2.4936057196283055,0.05535592943575418,0.06223402286945756
4266,True,0.5667685628412039,2.3685715319998257,2.3021626765065935,2.3602021723962547,2.167788617168427,-0.008369359603570992,-0.1343740593381666
4267,True,0.25525893195920546,2.3147096628951114,2.481852148215119,2.3346159416171646,2.6151240454282467,0.019906278722053194,0.13327189721312793
4269,True,0.7042022706469664,2.2115383385553145,2.833906710867526,2.117375956639255,2.839850395149188,-0.09416238191605952,0.00594368428166181
4270,True,0.28592278770269364,2.118958846249733,2.6202762644041946,2.3736896371469878,2.791828138157863,0.2547307908972547,0.17155187375366854
4271,True,1.0113069236920929,2.413011901462568,2.1727615410118064,2.649385562973234,2.226282215783749,0.23637366151066574,0.053520674771942556
4272,True,0.3099796957654116,2.1525360012320354,2.538061291813104,2.5403722228423535,2.490226744922237,0.38783622161031817,-0.04783454689086675
4273,True,1.445195981298044,2.086206633797333,2.560419508967232,2.1808412008206832,2.4684239944511153,0.09463456702335016,-0.09199551451611665
4274,True,0.18133913394625084,2.517072212412667,2.120522740128009,2.3899705660200086,2.2761978550229327,-0.12710164639265864,0.1556751148949238
4275,True,0.5077073915886685,2.670822866945691,2.182586845419902,2.639716144957446,2.585640032775831,-0.031106721988245045,0.4030531873559289
4277,True,0.4978354268266893,2.433149345950634,2.4500160212333304,2.4521386161807817,2.3002936799552356,0.018989270230147515,-0.1497223412780948
4278,True,0.29347235927812526,2.6412706038760967,2.1869484191676767,2.706927579249212,2.242726138702182,0.06565697537311532,0.05577771953450528
4279,True,1.5604898022832498,2.2923128335373426,2.5163573353957505,2.3862170331681902,2.578837924517359,0.09390419963084762,0.0624805891216087
4280,True,1.5577968197731284,2.018029080191859,2.565664897000386,2.4155226057882384,2.331511548838221,0.3974935255963796,-0.23415334816216493
4281,True,0.27428999286670164,2.597446360620369,2.4001058139590428,2.533018183355382,2.6228041841519545,-0.06442817726498662,0.22269837019291172
4282,True,1.043494052451576,2.8001874943296206,2.4255781259938836,2.6164336750949757,2.5252057444578653,-0.18375381923464484,0.09962761846398172
4283,True,0.6169430333209315,2.7663846627864315,2.536381463916656,2.602965938785408,2.4038482304613162,-0.16341872400102364,-0.13253323345533996
4284,True,0.40255184390279475,2.4454536087605505,2.6612663529605602,2.295361137788126,2.447314669181918,-0.1500924709724245,-0.21395168377864238
4285,True,0.6234709664496791,2.967629256308813,2.478389592739608,2.641207171859678,2.4978354359645074,-0.3264220844491348,0.019445843224899395
4286,True,1.5844980196114795,2.3554201039517344,2.7484168102018294,1.8874310963012664,2.521755994508985,-0.467989007650468,-0.22666081569284424
4287,True,0.9587150816219915,1.9771009715237107,2.5532670817601515,2.1430489783236406,2.5846264949144975,0.16594800679992994,0.03135941315434598
4288,True,0.8860296805396779,2.1925794457898213,2.9726237936711737,2.348363018170104,2.5328263896102317,0.15578357238028273,-0.43979740406094203
4289,True,0.34233874343160714,2.2146061830492574,2.457832698740905,2.199742549892828,2.6272606715670603,-0.014863633156429579,0.1694279728261554
4290,True,0.4846389152629335,2.6832361882994946,2.145347300135808,2.4875817417200587,2.506345604740496,-0.19565444657943587,0.36099830460468807
4291,True,1.1029205321965079,2.371028734832204,2.2973371888558285,2.3727164863666284,2.524361619529777,0.0016877515344244642,0.22702443067394862
4292,True,0.32595477627491604,2.415959860117713,2.4996882098373785,2.1832167377212004,2.4895696911464436,-0.23274312239651263,-0.010118518690934941
4295,True,0.9042430269584613,2.1998134423173252,1.5374431906577881,2.3874252903615645,2.1022050100285177,0.18761184804423925,0.5647618193707296
4296,True,0.17554930765236293,2.0161262419303014,2.0817933369813635,2.4057957865192967,2.3060669488820134,0.3896695445889953,0.22427361190064987
4305,True,0.9423564869874358,2.2604380965865887,2.1943291932615763,2.1636784056846343,2.4215842537310155,-0.09675969090195435,0.22725506046943922
4306,True,0.1733111758039717,2.3382045441748676,2.18731279818411,2.4103771354062005,2.261171841567111,0.0721725912313329,0.07385904338300131
4307,True,0.6040035990223223,2.4598288487413105,2.1468942515643383,2.4034072637755344,2.5862867171485453,-0.056421584965776095,0.43939246558420697
4308,True,0.907965686590462,2.252959559823478,2.376851875107071,2.218948204694062,2.182214065379242,-0.03401135512941611,-0.19463780972782896
4309,True,1.1188041801686415,2.375724865277964,2.1649374248000792,2.1702247044960576,2.343118253148355,-0.20550016078190625,0.17818082834827598
4310,True,0.5531635682976688,2.0748896175941507,2.7702524094024357,2.251816465746265,2.5439999431126172,0.17692684815211424,-0.22625246628981843
4311,True,0.27034626154494107,2.8634620534241413,2.23396123466814,2.4562241111800036,2.3164510687467588,-0.4072379422441377,0.08248983407861887
4312,True,0.5681913996039123,2.4315010675300965,2.3072397011797454,2.471871719020629,2.472638652119229,0.04037065149053243,0.16539895093948376
4313,True,0.434863627186969,2.6004999490290324,2.150624443667467,2.5063647254086945,2.46844043166247,-0.09413522362033788,0.3178159879950031
4314,True,0.2980148470028765,2.6804509946648905,2.207665103134984,2.6066955996773,2.27194914161409,-0.07375539498759043,0.06428403847910591
4315,True,0.5248161812480429,2.5877458205357033,2.254543601108659,2.3930184998994473,2.487401846722399,-0.19472732063625608,0.23285824561374024
4316,True,0.41858669626822015,2.431891211156453,2.2709400632557437,2.405417371186963,2.267505748047621,-0.026473839969490154,-0.0034343152081226513
4317,True,0.4267845474580899,2.443708241607414,2.253179689616432,2.436870588548764,2.4290174782695573,-0.00683765305865025,0.1758377886531255
4318,True,1.0016045369343918,2.266872301851165,2.3375024140736196,2.555183301383484,2.3697240102349473,0.28831099953231876,0.03222159616132769
4319,True,0.9373459097083989,2.384510224616368,2.1229059665939047,2.3600107402240775,2.1902978168482017,-0.024499484392290327,0.06739185025429695
4321,True,0.8279361034593663,2.2554587655286453,2.3743483606876223,2.283753836291688,2.11638180029833,0.028295070763042496,-0.25796656038929244
4322,True,0.27653620533476103,1.965161600835921,2.471553408162567,1.91700915946925,2.4614218899721356,-0.04815244136667096,-0.010131518190431343
4323,True,0.7628625925024936,2.1999428593715793,2.0430229352848683,1.8062163332574535,2.3715803519735528,-0.39372652611412584,0.32855741668868443
4325,True,0.6212352990611444,2.216752132896233,2.561343323063115,1.9775021860546702,2.464665417048529,-0.23924994684156298,-0.0966779060145857
4326,True,0.5136231836340628,2.6318208712980447,2.261103149372005,2.485507499869795,2.416773365592645,-0.14631337142824963,0.15567021622064026
4327,True,0.6738664258973158,3.9346409431103115,1.9736208334936072,3.5095878951331305,1.960788431213577,-0.425053047977181,-0.01283240228003013
4328,True,1.031998979318192,2.3591316077319635,2.0988695223381564,2.4702388458529674,2.514839418969728,0.11110723812100387,0.4159698966315717
4329,True,0.7718770583445692,2.441865709186318,1.965362432046568,2.4665669558222008,2.2580904450506405,0.02470124663588269,0.2927280130040726
4330,True,0.6631230434466479,2.7543745009348317,2.075251847174217,2.6449431863907775,2.288605705540603,-0.10943131454405419,0.21335385836638565
4331,True,0.6163331609881485,2.762137784018024,2.132995718373574,2.5523006079466817,1.9032324071941398,-0.20983717607134222,-0.22976331117943438
4332,True,0.765955349946017,2.652603507744797,2.0254089792681382,2.5952037484149484,2.7004523809682333,-0.05739975932984853,0.675043401700095
4333,True,0.22371088258771388,2.856205267010759,2.0630100699948124,2.385907129870314,1.9874767697522906,-0.4702981371404449,-0.0755333002425218
4334,True,0.282527137411447,2.2310519621694156,2.977803718884104,2.155646821987313,2.7701825036836474,-0.07540514018210276,-0.20762121520045662
4335,True,0.3841394660169485,2.2252531866733727,3.173347488158207,2.1999365253399925,2.7951011887754618,-0.025316661333380175,-0.3782462993827451
4336,True,0.2632482146340297,2.6475428071704523,2.2065430400742243,2.485559159092577,2.2785709712313107,-0.16198364807787513,0.07202793115708639
4337,True,0.45552613898271627,2.161532550876808,2.443512181000946,2.0827002629127893,2.387890354537243,-0.07883228796401864,-0.05562182646370273
4338,True,0.4951989121608056,2.7985594624020407,2.264117848103318,2.4139674239891886,2.363484664161373,-0.38459203841285206,0.0993668160580552
4339,True,0.8378634040923463,2.5198992453270823,2.5548214434868046,2.525462599849976,2.454327463934876,0.005563354522893693,-0.10049397955192862
4340,True,0.39716665558314396,2.4917456454060476,2.577504713497145,2.691251671890609,2.4870938348365548,0.19950602648456162,-0.09041087866059039
4341,True,0.33476337018900487,2.5898389878137213,2.2225938065467563,2.6087383706661735,2.243121081960579,0.018899382852452185,0.02052727541382282
4342,True,0.32488241865237566,2.228186623602251,2.452911891568876,1.8776560648609213,2.5949875594728775,-0.3505305587413299,0.1420756679040016
4343,True,1.1163653070899124,2.211457555595404,2.199230536528628,2.3743748246519547,2.2912241741027874,0.16291726905655057,0.09199363757415924
4344,True,0.2971438066324894,2.5324278470669213,2.2204091983461067,2.2947669885567903,2.2332729138325216,-0.23766085851013097,0.01286371548641485
4345,True,0.9024350726131793,3.056699907563711,2.393239696917131,2.5166936218071916,2.2674126317970886,-0.5400062857565193,-0.12582706512004238
4346,True,1.3110808979169208,2.459812118231797,2.1652258418927115,2.7423407639522117,2.3978173622079724,0.2825286457204146,0.23259152031526087
4347,True,1.0625208757944882,3.309235563827392,2.374044098537346,2.802859707574034,2.2724359483860046,-0.5063758562533582,-0.10160815015134128
4348,True,1.065963768207562,2.286825080608484,2.783748219972489,2.2647682379470973,2.5619683270185054,-0.022056842661386966,-0.22177989295398337
4349,True,0.7488704821391069,2.5528726977661855,2.253755717929519,2.514673894646978,2.2135956740154694,-0.038198803119207536,-0.04016004391404948
4350,True,0.7003393421567041,3.4100619718269054,2.3040624559677196,2.4980280368312524,2.2397963977366335,-0.912033934995653,-0.06426605823108611
4351,True,1.2539903694783876,2.300887695499283,2.499105237419985,2.5272477514741207,2.675867988285296,0.22636005597483777,0.1767627508653109
4352,True,1.273397452288483,2.9500574804738973,2.276311795646633,2.7937094132761913,2.3086376622436875,-0.156348067197706,0.032325866597054276
4353,True,0.463503770730189,2.865000297993004,2.1469869836121505,2.5491989401882704,2.0487419695815774,-0.3158013578047334,-0.09824501403057306
4354,True,0.4977686064931292,2.307742871378872,2.4108427049685344,2.570566357331201,2.5788589948452008,0.2628234859523291,0.1680162898766664
4355,True,0.47798716160952215,2.238418209227221,2.551912791339077,2.4251815183125984,2.1718622444793776,0.1867633090853773,-0.3800505468596995
4357,True,1.0189888325968661,2.3920167080311123,2.267742387904764,2.6174197442638047,2.0294247210786116,0.22540303623269242,-0.2383176668261524
4359,True,0.15327726707569347,2.206790872103653,2.6538361744463432,2.179452468853129,2.6718720857760014,-0.027338403250523946,0.018035911329658205
4360,True,1.221835860979306,2.5756612676941817,2.4308424278220913,2.187483613735198,2.506064398761333,-0.3881776539589836,0.07522197093924188
4361,True,0.6528795698543773,2.2349729688969395,2.560948736288956,2.2647197875123535,2.5051219694964955,0.02974681861541395,-0.05582676679246035
4362,True,0.5860638112879141,2.4572088394151606,3.02893730943709,1.9525617340678374,2.534876791563645,-0.5046471053473232,-0.4940605178734452
4363,True,0.5401916259275649,2.0962203146854574,2.5345711190850415,2.1329017570825903,2.0711132484364536,0.03668144239713289,-0.4634578706485879
4364,True,0.8038125193288441,2.261380573720399,3.141784313761847,2.5057820855333772,2.96305415177347,0.2444015118129781,-0.1787301619883772
4365,True,0.8900115699976491,2.506639982406728,2.2775054065358438,2.3552704990115254,2.544140728795088,-0.1513694833952024,0.26663532225924413
4366,True,0.3825799093325683,2.1981179716748596,2.5431744112624286,2.38013377150235,2.5119552132345033,0.18201579982749028,-0.031219198027925277
4367,True,0.311647679197363,2.189512528463813,2.388271521414598,2.2659443656252902,2.261500983899631,0.07643183716147739,-0.12677053751496725
4368,True,0.9862047379939689,2.5884931422934074,2.3387994647895747,2.4853027077420573,2.4159408511087355,-0.10319043455135013,0.07714138631916079
4369,True,0.9049276409204365,2.2688957789418183,2.6285551798088624,2.5659446445229483,2.1715060945256406,0.2970488655811301,-0.45704908528322186
4370,True,1.1457943587757435,2.356383223777491,2.5869005126792177,2.525380304608595,2.2957930886578173,0.1689970808311041,-0.29110742402140044
4371,True,0.9899797985248757,2.495210006251979,2.703273954984955,2.3640290735386484,2.3309071201772498,-0.13118093271333064,-0.37236683480770516
4372,True,0.16646295375413517,1.9627524651875996,2.4041550156759857,1.9372627084925784,2.3046932496323667,-0.025489756695021182,-0.099461766043619
4373,True,0.7144477612760842,2.5142803667252385,2.213765214222141,2.7860226638419507,2.243594963227097,0.2717422971167123,0.029829749004956163
4374,True,0.7907775719811411,2.5006789605025275,2.2543361535937803,2.857624542930369,2.2350410454564362,0.3569455824278416,-0.01929510813734403
4375,True,0.6501137351778443,2.2156674427810685,2.355732745219627,2.9326424841473604,1.9537279204346751,0.7169750413662919,-0.4020048247849519
4378,True,0.8347552427126133,2.6199512472944986,2.2202689057634437,2.7693809628176833,2.2529645511585397,0.14942971552318474,0.03269564539509595
4379,True,0.9351283128082737,2.4251911688153576,2.2756951586932725,2.388600959393804,2.4040185886623253,-0.03659020942155378,0.12832342996905277
4380,True,0.17088216081633956,2.3789546716572807,2.6766234196464764,2.405414118482512,2.5280035644456675,0.026459446825231492,-0.1486198552008089
4381,True,0.9064013226036077,2.38848473147726,2.2404784755047302,2.433221602469656,2.297072713561545,0.04473687099239587,0.05659423805681474
4382,True,0.28000969400868897,2.2497005739431195,2.0300866213292474,2.3450499982034496,2.154608961159542,0.0953494242603301,0.12452233983029437
4383,True,1.1817684920412042,2.1209262481048228,2.016431970982408,2.324597516368371,2.6965584522529826,0.2036712682635482,0.6801264812705745
4384,True,0.14732149755904742,2.3825108792616247,2.6701750184398025,2.329978323627497,2.570916460744106,-0.05253255563412784,-0.09925855769569658
4385,True,0.9071272737107761,2.2322034300439553,2.433444032908914,2.362766453500007,2.581884068846237,0.13056302345605175,0.1484400359373228
4386,True,0.698047666604021,2.274015934091052,2.182285190184821,1.9588561724447766,2.2131017698739024,-0.31515976164627535,0.030816579689081358
4387,True,0.9372142960604929,2.8342969529320667,2.0763624396044156,2.4814479773458884,2.350992988434887,-0.35284897558617834,0.27463054883047144
4388,True,0.8039168369809757,2.1728454135994117,2.3752950796269503,2.7133071113248497,2.8830263723714014,0.540461697725438,0.5077312927444511
4389,True,0.5476671244433287,2.581073478942434,2.083959079852577,2.5681150339003507,2.314418604685419,-0.012958445042083433,0.23045952483284182
4390,True,0.8296386915076264,2.152517542344313,2.3485806197573886,2.36351426354761,2.473702354885284,0.21099672120329682,0.12512173512789548
4391,True,0.5120572405907318,2.137877596706603,2.375019430025784,2.2802030687605437,2.494252383806819,0.14232547205394086,0.11923295378103527
4392,True,0.8694478029810999,2.406217436725119,2.0893303182359655,2.443322246312385,2.3752723586325843,0.03710480958726592,0.28594204039661886
4393,True,1.158164686964393,2.4948809402855283,2.573376880171266,2.3180566640162183,2.4906525391234324,-0.17682427626930997,-0.08272434104783377
4394,True,0.285046402940908,2.2344390796125992,2.09248349252748,2.343369793164749,2.3904589782290766,0.10893071355214978,0.2979754857015968
4395,True,1.3178800909676365,2.247613864212445,2.35119055784511,2.4902804172954096,2.2093588245076896,0.2426665530829646,-0.14183173333742038
4396,True,1.1991003158839204,2.537802688725032,2.102208534303864,2.4654884967042534,2.4140618603975335,-0.07231419202077838,0.31185332609366956
4399,True,1.4663862213810746,3.5251478427294365,2.049858388303934,2.9906942488266837,1.9028466726389177,-0.5344535939027528,-0.14701171566501614
4400,True,0.437786435555122,3.5575355129780504,1.9370273199157515,3.001311946674487,2.00016010708618,-0.5562235663035633,0.06313278717042858
4401,True,0.6636440991925957,2.83764294210882,1.8824060899285255,2.7562703664288812,2.1251376346942803,-0.08137257567993883,0.24273154476575476
4402,True,1.2245620565632431,2.2745919195319413,2.6838339536193363,2.422500429181799,2.7419275979088145,0.14790850964985758,0.058093644289478164
4403,True,0.39471649979893686,2.5995134417232775,2.3468011691875392,2.674071022094589,2.150219971721498,0.07455758037131144,-0.1965811974660414
4404,True,0.6767222366729233,2.442895084996488,2.669791829693843,2.6088275438673594,2.219796459054974,0.16593245887087127,-0.44999537063886885
4405,True,0.452965834702906,2.952990282425596,2.157107175223336,2.953998503403311,1.8768960142727673,0.0010082209777149131,-0.28021116095056886
4406,True,0.695401935621313,2.4184836515056287,2.094626532558967,2.6671486022795956,2.408465751802379,0.2486649507739669,0.31383921924341207
4407,True,0.6839556301008933,1.9785449499569123,2.691834597481799,2.651957109437481,2.6718764855790025,0.6734121594805689,-0.019958111902796727
4408,True,0.8087934051676674,2.2725609255859345,2.136505301912448,2.3195360687329267,2.2267211010813637,0.04697514314699225,0.09021579916891564
4409,True,0.5204794656712647,2.51611712899062,2.0084009257615874,2.491475356372806,2.2552834683846283,-0.024641772617814084,0.246882542623041
4410,True,0.2872009634750204,2.3398549156304544,2.116277226948303,2.3743942328825685,2.1321670869594156,0.03453931725211401,0.01588986001111259
4411,True,0.1486445654166754,2.126944745239048,2.2799416167524993,2.2471096157860213,2.34352208598959,0.12016487054697311,0.06358046923709093
4412,True,1.0857428671739677,2.0250958650641704,2.846822594841484,2.2615666849531544,2.773954916711157,0.236470819888984,-0.07286767813032702
4413,True,0.47919131915881424,2.5783006405576527,2.0423532307855075,2.421783380391401,2.1493804676140984,-0.15651726016625167,0.10702723682859094
4414,True,0.2133469592734203,1.984670328316519,2.5949808863072574,2.1861787833052446,2.5760036723079414,0.2015084549887256,-0.018977213999316067
4417,True,0.7633139925828313,2.5144609017043793,3.320134170632265,2.545034916226888,2.570811147723224,0.03057401452250863,-0.7493230229090413
4418,True,0.4127517443676019,2.323190735561762,2.3933487689427966,2.357046969220172,3.1568074902629077,0.03385623365841006,0.7634587213201112
4419,True,0.5212019343935904,2.5929266833638005,2.3018333812420044,2.2865419659243083,2.3468484320752374,-0.30638471743949225,0.045015050833232984
4420,True,0.6900471439291781,2.4766719904945025,2.2726240496835373,2.3552110088336033,2.2949511599086376,-0.12146098166089914,0.022327110225100366
4421,True,1.1164338200539474,2.358852868429907,2.2600957779704824,2.520023860638228,1.8770503762821604,0.1611709922083211,-0.383045401688322
4422,True,0.331791094276646,2.2143425446393787,2.434317501765125,2.18985191134629,2.5884437937637355,-0.02449063329308876,0.1541262919986104
4423,True,1.2926824774170207,2.708640363817242,2.0067353437361892,2.488616421014094,2.214808308747283,-0.22002394280314785,0.20807296501109374
4424,True,0.5749853522724221,2.375026589914311,2.223843049970029,2.2698446399304513,2.3079048544244625,-0.10518194998385955,0.08406180445443345
4425,True,1.2188568391161438,2.3464950044481236,2.229907998102164,2.0367865750856176,2.3759764901406326,-0.3097084293625061,0.14606849203846872
4427,True,0.4360717366152128,2.9013134186778236,1.9850345119417947,2.794841935408155,2.0524842056430055,-0.10647148326966871,0.06744969370121079
4428,True,1.5605365568772622,2.149571152997732,2.0893776232409498,3.4298043536034237,3.247653690068878,1.2802332006056916,1.1582760668279284
4429,True,0.2234508396616369,1.932177304855846,2.547273301355785,2.315941508678706,2.4775356181346817,0.3837642038228599,-0.06973768322110319
4430,True,0.26312057091900304,2.581593826185676,1.9183678336804963,2.586940311984797,2.189217760642371,0.0053464857991207815,0.2708499269618747
4431,True,0.32266211169443854,1.828495089328927,2.730514573665557,2.20299642396555,2.6094776303202907,0.37450133463662305,-0.12103694334526649
4432,True,0.3255231579697331,2.1427909029114343,2.711472136884316,2.227739318990891,2.6408731746791627,0.08494841607945691,-0.07059896220515327
4433,True,0.8497172030464385,2.32279108972374,2.4212282714977538,2.8467087860048137,2.589483587255768,0.5239176962810737,0.16825531575801422
4434,True,0.5844717714508499,2.7218497461469107,2.1222092877706475,2.744510018945823,2.2194253514090083,0.022660272798912473,0.09721606363836077
4435,True,0.279370959587626,2.161681285249979,2.6909909708135404,2.520750481628239,2.6862809651605692,0.3590691963782602,-0.004710005652971194
4436,True,0.8329056691884967,2.170884828934967,3.108546373387407,2.3240413361110854,3.107625183217886,0.1531565071761185,-0.000921190169520969
4437,True,0.9245940328781294,2.825164346723921,2.1428255185618825,2.572060710836546,2.478640945404154,-0.25310363588737506,0.3358154268422715
4438,True,0.5204866179769229,2.4009957344610173,2.735979071447733,2.5217636360446236,2.5945609776725234,0.12076790158360629,-0.14141809377520964
4439,True,0.9705166705091206,2.2036519685739853,2.372862055535467,2.282237012552596,2.3651033446194267,0.07858504397861088,-0.00775871091604019
4441,True,0.3899979873042184,2.552405543502051,2.041649523326665,2.3279906394021435,2.2448412707405394,-0.22441490409990772,0.20319174741387425
4442,True,2.1693751123989933,2.1616719564263214,2.1609502089590125,3.483815139940407,3.004142518938474,1.3221431835140858,0.8431923099794614
4443,True,0.2042800686868877,2.4979796658499844,1.9780462646257797,2.44449714098626,2.226531590003609,-0.05348252486372429,0.2484853253778294
4444,True,0.966189920443607,2.0164417880514183,2.4430057293629095,2.1485821064797594,2.591860224185324,0.13214031842834117,0.14885449482241464
4445,True,0.27621846141640133,1.9809080041486027,2.6359449339658063,2.2397578341769453,2.5150415157155956,0.2588498300283426,-0.12090341825021067
4446,True,0.9346464384577418,2.7907574064579674,2.205066767084389,3.142013541319961,2.594213839905454,0.35125613486199336,0.3891470728210651
4447,True,0.7955204591333165,2.332976473284718,2.4231111823645235,2.2740007444185237,2.682911924547282,-0.05897572886619429,0.2598007421827586
4448,True,1.5476338407496204,2.221539523798755,3.118524907612572,2.7056507317443983,2.985038631270456,0.48411120794564333,-0.13348627634211585
4449,True,0.9879053752444953,2.860534214180981,2.163306133791517,2.647278380908211,2.1801634151370397,-0.21325583327276965,0.01685728134552278
4450,True,0.8753584215344848,2.2463245032942147,2.5979248536861106,2.511512786997908,2.6159744074329163,0.2651882837036932,0.018049553746805724
4451,True,1.2213545331942108,2.2425686824041753,2.7553192425561144,2.2446235320636734,2.683624117860212,0.0020548496594980925,-0.07169512469590256
4452,True,1.2441140203461825,2.1875811341753706,2.170851171913911,2.200571709040403,3.8354496499056014,0.0129905748650323,1.6645984779916905
4453,True,0.7216186808233791,2.2758086626296157,2.42787280163109,1.9885202119289611,2.250230434336226,-0.28728845070065456,-0.17764236729486438
4454,True,0.817016552423044,2.412029877862213,2.3397999601889046,2.2237755047769547,2.6142970882918033,-0.1882543730852584,0.2744971281028987
4455,True,0.8432554329892223,2.410044476622786,2.6558418181247165,2.4178333677906756,2.587299263299087,0.007788891167889389,-0.06854255482562932
4456,True,1.1120356960624571,2.4497940983478594,2.429758827826334,2.4249217916110206,2.3039040698206166,-0.024872306736838823,-0.12585475800571722
4457,True,1.512160975614225,1.6889469546140283,1.9175529854739346,2.543704129594281,3.28155431144176,0.8547571749802527,1.3640013259678252
4459,True,2.057842866767263,2.5808099192889045,1.8269794119529645,2.3466818969055008,2.23350672679287,-0.2341280223834037,0.40652731483990556
4460,True,1.1861140322405828,2.1135346048740247,2.3003180339683467,3.042303135526767,3.2478391401308655,0.9287685306527425,0.9475211061625188
4461,True,0.1759475834065711,1.9766432696366838,2.2429865845786954,2.3617583281927894,2.538266105554735,0.3851150585561056,0.2952795209760395
4462,True,0.7825372126612129,2.017656340410824,2.2485880473087994,2.3927879172034867,2.6147718338700225,0.3751315767926626,0.3661837865612232
4463,True,0.8299935805404073,2.1802987200381514,1.9414091730750629,2.5419476575346707,2.515217745162633,0.3616489374965193,0.5738085720875703
4464,True,0.709043622740509,2.339401971744061,1.9288793022115198,2.50030941444634,2.43576545833235,0.1609074427022792,0.50688615612083
4465,True,0.21419989080312035,2.1974110643209204,2.659158868364205,2.2976041834195464,2.4517409803845513,0.10019311909862605,-0.20741788797965377
4466,True,0.5513896842598612,2.4383812908977136,2.356615131539302,2.1971030269937275,2.522733533978371,-0.2412782639039861,0.16611840243906917
4467,True,0.6555161815506053,2.5791866768809117,2.2792570367994918,2.447514017745353,2.417482400454448,-0.1316726591355586,0.1382253636549562
4471,True,0.22484702114789196,2.2723572782025276,2.215688304545565,2.1725117745671714,2.391693552272322,-0.09984550363535627,0.1760052477267573
4472,True,0.5403059154209952,2.0719863276817247,2.299766568545599,2.1863348027632914,2.4943463758305504,0.11434847508156665,0.1945798072849514
4473,True,1.980086870212411,2.358629641677557,1.8638833872053264,2.710519240435124,2.261689779180381,0.351889598757567,0.39780639197505474
4474,True,0.9603497454581195,1.9240218864919392,2.1965815014699546,3.173204474730552,2.7640586251246555,1.2491825882386127,0.5674771236547009
4475,True,0.4316005551935471,1.9302114305692006,2.2403221658725783,2.7349498993182673,2.7901554158838535,0.8047384687490666,0.5498332500112753
4476,True,1.5999774371467868,2.6671814290370275,1.7744898807826432,3.0048285087680124,2.5921191623087085,0.33764707973098496,0.8176292815260653
4477,True,0.5924630891802193,2.0678633432845603,2.0004299728058466,2.2879151681810668,2.1272266098098247,0.22005182489650643,0.12679663700397814
4478,True,0.4109505767373309,2.3981873560253795,2.040084712971498,2.2288998591383598,1.977272298913076,-0.16928749688701972,-0.06281241405842208
4479,True,0.8339815536898723,2.4387459777721827,2.5953091137858704,2.4085923163860667,2.402568077943474,-0.03015366138611597,-0.19274103584239644
4480,True,0.7508685385046029,2.4738217571603656,2.411309496062254,2.475915552041709,2.5316297748468277,0.002093794881343314,0.12032027878457363
4481,True,0.2840625106575617,2.424716777625791,2.4567304296768095,2.258616075473209,2.374557750417117,-0.166100702152582,-0.0821726792596924
4482,True,0.8082886354155995,2.0454692141902306,2.402575159198979,2.0179251442575863,2.299713571656479,-0.027544069932644355,-0.10286158754249985
4483,True,0.5427118234038654,2.2493636303852695,2.3226175578859296,2.519214090041773,2.4406394804259803,0.26985045965650345,0.11802192254005073
4484,True,0.9779988313932031,2.6350210973538712,2.077965143956943,2.361485249506124,2.2466316723675464,-0.2735358478477474,0.16866652841060326
4485,True,0.22862787627481912,2.1967069097173617,2.2861950549767185,2.2635784287285032,2.2661385269596828,0.06687151901114152,-0.020056528017035724
4486,True,0.22529746668030223,2.3760165392101125,2.1601685910132105,2.3541478923746486,2.291441365310053,-0.021868646835463856,0.1312727742968427
4487,True,1.9160121459158437,2.1025706635687658,2.582704083049392,3.111862396709244,2.8761772007096504,1.0092917331404783,0.2934731176602585
4488,True,0.7306912405609692,2.3739520799291634,2.181395365998562,2.5135238201833294,2.5870468211536104,0.13957174025416608,0.4056514551550485
4489,True,0.8460713880735508,2.3014681606748333,2.269411681934329,2.2668299862360652,2.223024679847032,-0.034638174438768043,-0.046387002087296736
4491,True,0.377703737980153,2.199960670421178,2.358308780906351,2.1091601486442415,2.44848773666931,-0.09080052177693654,0.09017895576295887
4492,True,0.965537882151371,2.6686988821146533,2.0674271137575806,2.364708115267929,2.4049732180496313,-0.30399076684672455,0.3375461042920507
4493,True,0.40173700070867485,2.201792188286624,2.1774279227106463,2.3276524369858143,2.256712866614847,0.12586024869919044,0.07928494390420049
4494,True,0.551079450001656,2.7382458555798093,2.2782449470809762,2.436528344666033,2.308932126800829,-0.3017175109137762,0.030687179719852686
4495,True,1.642871335569315,2.584625516298251,2.2797366095669913,2.3662893399762,2.7027323509533834,-0.21833617632205105,0.42299574138639207
4496,True,0.6605820737017091,2.245178709791272,2.7158152014450465,1.9919808690070295,2.439923588907243,-0.25319784078424257,-0.2758916125378037
4497,True,0.5234209117610302,2.779921165015296,2.2644833037582766,2.7187970533774677,1.8712868311154225,-0.06112411163782827,-0.39319647264285407
4498,True,0.8127387563477602,2.2558624427921132,2.560432300022791,2.6961107635080577,2.621191139883736,0.44024832071594444,0.0607588398609451
4499,True,0.5875040491400315,2.722140606269265,2.2816412824324512,2.7811976785559493,2.254449980515425,0.05905707228668433,-0.027191301917026234
4500,True,0.5626559673517754,2.5029806073959104,2.397228355372095,2.8673563266795075,2.277734671342341,0.364375719283597,-0.11949368402975402
4501,True,0.8301290571161418,2.1567757253363182,2.4650520917213896,2.235520935531582,2.1425177162660756,0.07874521019526393,-0.32253437545531405
4502,True,0.10774855384081804,2.429116323377701,2.0024428048261456,2.442146154455339,2.08146115345783,0.013029831077637777,0.07901834863168444
4503,True,1.206180090792668,2.107854132832725,2.690036097917647,2.0514867495497016,2.6247292295713094,-0.056367383283023376,-0.06530686834633759
4504,True,1.0500063078763144,2.371779028788306,2.124531254771273,2.3934835367685316,2.047293676691011,0.021704507980225607,-0.0772375780802621
4505,True,0.44528632841244714,1.9505516685543092,2.5888290564461762,1.9319706113660218,2.428956827939311,-0.018581057188287398,-0.15987222850686544
4506,True,0.9736774484143448,1.9891012395049177,2.1911596815157037,2.487839693742545,2.27033981570535,0.4987384542376272,0.07918013418964609
4507,True,1.143421356102875,2.39272948562933,2.087280053083438,2.4745181566046344,2.182907825075076,0.08178867097530418,0.09562777199163808
4508,True,0.33886980834993796,2.7393397607817835,2.4305617235939514,2.4408974425897125,2.395570063674615,-0.298442318192071,-0.03499165991933628
4509,True,0.5452420921658812,1.989923401566,2.548173562730765,2.212088408396916,2.4235127862765653,0.222165006830916,-0.1246607764541996
4511,True,0.3655359371763323,2.3296717664726936,2.470167310345597,2.4011696559818505,2.597386974524397,0.07149788950915692,0.12721966417880015
4512,True,0.6493564415776667,2.094029918458664,2.5310498645621347,2.3269852935027324,2.5312081070352552,0.23295537504406827,0.00015824247312057338
4513,True,0.6170704333178544,2.2929188271938457,2.125899051436827,2.449071931187812,2.382060552591181,0.15615310399396654,0.2561615011543541
4514,True,1.2806398518293196,2.0637823533260478,2.2090841427840635,2.4096469349556173,2.4249688358960406,0.34586458162956957,0.2158846931119771
4516,True,0.9632876599249272,2.2191446496792406,2.560427033562956,2.719868341366177,2.835902291041424,0.5007236916869364,0.275475257478468
4517,True,0.6045085053346464,2.429598519179661,2.0745416940616064,2.273926841315261,2.162670452854757,-0.15567167786440006,0.08812875879315074
4518,True,1.3502564152361023,2.947254911710217,2.067593644626526,2.518599335750131,2.6499944691740396,-0.4286555759600863,0.5824008245475136
4519,True,0.4292954507032928,2.0052653465564103,2.15874949639832,2.295385347316437,2.2067908076927,0.29012000076002664,0.04804131129438005
4520,True,1.1245561113190246,2.397630041082235,1.97964284968274,2.3231718637489998,2.7999523650585556,-0.07445817733323512,0.8203095153758155
4521,True,0.2778379971608948,2.107588288898,2.7032251075150957,2.0899071540903438,2.6871685148827194,-0.017681134807656207,-0.016056592632376354
4522,True,1.294749425245989,2.0857575354292743,2.6407255014294844,2.109476182356179,2.2925220772356805,0.02371864692690462,-0.3482034241938039
4523,True,1.9301862635831135,2.659103569494803,2.490432333832823,2.388796191264755,2.5525885441890157,-0.270307378230048,0.06215621035619279
4524,True,0.7308765226269776,2.524498896929844,2.6185376808058347,2.433438036188717,2.2668129676164286,-0.09106086074112696,-0.3517247131894061
4531,True,0.2751663458251869,2.6295487448800032,2.123530970318069,2.4935949448545167,2.321392537105692,-0.13595380002548652,0.19786156678762268
4532,True,0.5854507856413514,2.195643288446464,2.173331119802042,2.1957641060389435,2.5258644503147827,0.00012081759247939416,0.3525333305127405
4533,True,1.1969659169619324,2.471026861731778,2.1509688083512506,2.7798961129736486,2.3271948754590794,0.3088692512418705,0.17622606710782884
4534,True,0.8024734654065343,2.087018956262736,2.5137892674804703,2.288623646864202,2.701007458193886,0.2016046906014659,0.18721819071341583
4535,True,0.9880512427004827,2.191123286901036,2.787979782602449,2.063364790386082,2.3467731395024103,-0.12775849651495408,-0.44120664310003876
4536,True,0.6929821812508657,2.759456223497666,2.1674183677822794,2.686057850226238,2.2062518222544316,-0.07339837327142762,0.03883345447215225
4537,True,1.041224528222606,3.112869355980106,2.254053753241036,2.5021608188417863,2.0858210803916046,-0.6107085371383199,-0.16823267284943144
4538,True,1.926124073029252,2.476381832351384,2.3050342188349395,2.5094923278944288,2.48930715394063,0.03311049554304457,0.18427293510569065
4539,True,0.18521471005938683,2.862043801638962,2.287784119382771,2.6846698580981982,2.213020987952216,-0.17737394354076397,-0.07476313143055524
4540,True,0.3939115929194117,2.2367704483920567,2.8058776536050174,2.1572409215523427,2.093995282433559,-0.07952952683971404,-0.7118823711714586
4541,True,2.3544332286651604,2.0648755943397656,2.5656194757991684,3.8764471346770617,5.004246404997559,1.811571540337296,2.438626929198391
4542,True,1.6879427698206795,2.192616543675615,2.1592998963784535,2.224839168483421,2.2424774681844633,0.03222262480780591,0.08317757180600971
4543,True,1.0027047396703934,2.172230779107045,2.1775741050995254,2.4502576409661496,2.113223818619079,0.27802686185910463,-0.0643502864804466
4544,True,1.311163511138501,2.178635833864852,2.1914756623334877,1.6943630944543735,2.436306365513582,-0.48427273941047866,0.24483070318009448
4545,True,0.46017293970859474,2.2925148922744207,2.1423023285708296,2.1757344436502355,2.3008319099536583,-0.11678044862418524,0.1585295813828287
4546,True,1.328029795578481,2.4829822121996767,1.960938151319414,2.6003233375805404,1.6893457021829488,0.11734112538086361,-0.2715924491364652
4547,True,0.6791090617382982,2.344525103747025,2.312008807184782,2.71120922705128,2.407382041760094,0.36668412330425504,0.095373234575312
4548,True,0.706715937834259,2.81508915952941,2.1445603083849147,2.7428806997509025,2.276443862010658,-0.07220845977850754,0.13188355362574322
4549,True,1.0313965691467788,2.2710139103713125,2.479498350271683,2.3601229223006586,2.1668226043635874,0.08910901192934606,-0.31267574590809577
4550,True,0.41422838027219494,2.6679352949237733,2.1779536942047226,2.5521537552853273,2.437270904864496,-0.11578153963844606,0.2593172106597734
4551,True,0.8117372406250756,2.368421259531336,2.50062521999999,2.451800612842937,2.5827793219750697,0.08337935331160073,0.08215410197507955
4552,True,1.069944199100218,2.182214102488571,2.12249213353077,2.124956428473064,2.0009694800491085,-0.057257674015506854,-0.12152265348166136
4554,True,0.821818405653092,2.8367224162226377,2.266944961771238,2.6685336196911593,2.1843880448047686,-0.16818879653147834,-0.08255691696646927
4556,True,0.8833119221273547,2.1877275936688276,2.765819206871628,2.2890625491938836,2.6665171984939455,0.101334955525056,-0.09930200837768233
4557,True,0.25285328626382675,2.209190234361903,2.7691231169090336,2.21825325032851,2.8416404144495484,0.009063015966606969,0.07251729754051484
4558,True,2.387227684214007,2.4763131511381995,2.3400532720431815,2.4418098276129125,3.432866170568844,-0.034503323525286955,1.0928128985256627
4559,True,0.18830741712003587,2.3075727920696236,2.5176235481104,2.3514426132861503,2.5626717420305707,0.043869821216526717,0.045048193920170565
4560,True,0.5738305916274863,2.5249690375923426,2.420053795125224,2.289948335624409,2.19271651511202,-0.23502070196793357,-0.22733728001320408
4561,True,0.30278930765187373,2.0020231575333987,2.603207083080407,2.007139426962163,2.429847146406539,0.0051162694287643085,-0.17335993667386784
4562,True,0.17110764479112187,2.369116727854497,1.99740651185481,2.378821876653231,2.2469929291470856,0.009705148798734076,0.2495864172922755
4563,True,0.5909781514334698,2.085623834635575,2.5605039606100983,2.0777127394466732,2.3193235151582456,-0.007911095188901651,-0.2411804454518527
4564,True,0.2148120736282471,2.0307041611470638,2.481789476849315,1.8976030601184748,2.472547805274551,-0.13310110102858896,-0.009241671574764077
4565,True,1.168379788082666,2.2754209522635587,2.1372430045504887,2.3582837857319037,2.841458567399673,0.082862833468345,0.7042155628491842
4566,True,0.3212017601977811,3.031015733693905,1.8372250050007484,2.63200751481374,2.0044576275157326,-0.39900821888016536,0.16723262251498427
4567,True,0.29368939563430296,2.096511771967904,2.1710775557542847,2.2963547054052866,2.702685914152993,0.1998429334373828,0.5316083583987083
4568,True,0.6324482130014887,2.2281193987306875,2.372224492348901,2.1640121652109534,2.605942773058534,-0.06410723351973413,0.23371828070963296
4569,True,0.1955340347587136,2.796248886293922,2.144685873618792,2.625479018554519,2.0946117357997402,-0.17076986773940295,-0.05007413781905168
4570,True,0.754076882235484,2.593387019170105,2.434069009416126,2.403010166907331,2.507173239364803,-0.1903768522627738,0.07310422994867682
4572,True,0.39949852425778537,2.6468138769849308,1.994948652221405,2.5837097567143643,2.133864527238081,-0.06310412027056644,0.13891587501667613
4573,True,0.28576548444870375,2.2761696022045457,2.4887126465906024,2.7606559341810417,2.3210514641136246,0.48448633197649604,-0.1676611824769778
4574,True,0.8294492186021923,2.2991409845853297,2.4843587443040507,2.2627874189684722,2.4462620866624247,-0.03635356561685743,-0.03809665764162595
4575,True,1.0742888565699331,2.1867881077507256,2.6077729355716532,2.231148038309426,2.3798576999381704,0.044359930558700356,-0.22791523563348282
4576,True,1.0599942811804237,2.1680476423962642,2.7111449258385285,2.3195911205790125,2.4140807022257973,0.15154347818274827,-0.2970642236127312
4577,True,0.2605061682006083,2.6391888050308183,2.142824016782526,2.424111497371769,2.4062838188195923,-0.2150773076590493,0.2634598020370662
4578,True,0.30747809847447544,3.05515476146463,2.3888889452002577,2.868384939828509,2.4787987899585557,-0.18676982163612088,0.089909844758298
4579,True,0.2282112212461162,2.729287836597672,2.305837021929347,2.3634112929564335,2.2182055167177364,-0.36587654364123834,-0.08763150521161078
4580,True,0.7708724392297512,2.3864942123751316,2.1821570250098867,2.5242027789815147,2.1628722073379647,0.1377085666063831,-0.019284817671922028
4581,True,1.3338014657994617,2.3941397361265278,2.4382636971623883,2.3501874341622204,2.643451096334865,-0.04395230196430733,0.20518739917247686
4582,True,0.411562837006207,2.2128651433153355,2.771085953015532,2.2255863760348644,2.544243124474939,0.012721232719528963,-0.226842828540593
4583,True,1.0442970867738148,2.3229909563749924,2.2424115323240734,2.481352763554993,2.474452793233486,0.15836180718000037,0.23204126090941246
4584,True,0.6719370412257437,2.658346554138493,1.74926047888815,2.6069377072607622,2.3847050608989364,-0.05140884687773095,0.6354445820107864
4587,True,0.8576980390329363,1.8153457726835402,2.873305395080725,2.45798718467184,2.6735228608893546,0.6426414119882999,-0.19978253419137015
4594,True,1.3007140684041096,1.7557531501609216,2.5706155829684065,2.2486478765095703,2.16344948723884,0.4928947263486487,-0.40716609572956663
4596,True,0.3291802933225294,2.1861997024288513,2.5819899153366186,2.0565097406139365,2.5797739387151735,-0.12968996181491477,-0.002215976621445126
4597,True,1.182847291202685,2.032298341016889,3.306119697001305,2.0439328767740883,2.750154564474695,0.011634535757199416,-0.5559651325266097
4598,True,0.6515654909323565,2.500743046636339,2.0440257345493476,2.4544910583713686,2.004469381278497,-0.04625198826497057,-0.0395563532708505
4599,True,1.065376785079085,2.014859094180037,2.5285819249136465,2.1325460265281495,2.6806656993646185,0.11768693234811245,0.152083774450972
4600,True,0.3803703852248873,2.286302279117965,2.159002989669074,2.3689625934094023,2.3001040046217476,0.0826603142914375,0.1411010149526737
4601,True,0.9710463776235769,2.018549495553676,2.62237992863353,2.0833283240284044,2.5429394601006527,0.06477882847472838,-0.07944046853287734
4602,True,0.5053980779812364,2.733918194149196,2.0414205343828593,2.477369315064268,2.290124486583426,-0.25654887908492796,0.24870395220056674
4603,True,0.8785513602107976,2.273919614982025,2.452227116296531,2.638469601879468,2.4241542630437114,0.3645499868974431,-0.028072853252819385
4604,True,0.9245551996400048,2.431301459650777,2.4373033044329957,2.731167825910008,2.569448650876682,0.29986636625923113,0.13214534644368614
4605,True,1.2905366029261482,2.4056307367923284,2.4851344175718144,2.4037685870667747,2.7373380384610884,-0.0018621497255537633,0.25220362088927395
4606,True,0.5214727211255054,1.832763000881456,2.6836940085263077,2.103978872674581,2.369579622212556,0.27121587179312523,-0.31411438631375166
4607,True,0.3427534539862049,2.252374472129357,2.088124967788087,2.2214337013381695,2.109914985335191,-0.03094077079118751,0.021790017547103968
4608,True,0.23703771456412487,1.908176068736845,2.34656905227611,2.2102346200351675,2.169244270043141,0.3020585512983225,-0.17732478223296866
4609,True,0.1801438447078457,1.9909246190149943,2.5769035617771965,2.168798333574839,2.4437868080687806,0.1778737145598448,-0.1331167537084159
4610,True,0.5224482104292336,2.7310165774853874,2.8493203981651485,2.4080619421005345,2.3118882651419383,-0.3229546353848529,-0.5374321330232101
4611,True,1.0950308881046118,2.36525548951905,2.1138020422688593,2.4451536666502167,2.101979995195244,0.07989817713116665,-0.011822047073615227
4612,True,0.5998591423752747,2.624641832707846,2.1228148243546823,2.674061163264782,2.0866485637502543,0.04941933055693637,-0.03616626060442796
4613,True,0.9350766769874609,2.246849118944127,2.3763046207083804,2.4038864621882623,1.9831769525473517,0.1570373432441352,-0.39312766816102873
4614,True,1.0477605750159593,2.1880916281545435,2.3231302529346047,2.3554671471964963,2.4196012127927196,0.1673755190419528,0.09647095985811482
4615,True,0.6036561722606354,2.256003591198383,2.433194919873868,2.30836695186229,2.1239687114027834,0.0523633606639069,-0.3092262084710846
4616,True,0.9686694888444946,2.282395959008866,2.4553364611392876,2.35010115166986,2.4703993141429588,0.06770519266099395,0.015062853003671162
4617,True,1.6423070853074515,2.565086094636981,2.036525750856099,2.4565386705781775,2.144598830568785,-0.10854742405880335,0.10807307971268587
4618,True,0.2249967679395384,1.999521928536919,2.3599496289963477,1.9967350302871936,2.191843864390436,-0.0027868982497254446,-0.16810576460591165
4619,True,0.16574736938021853,1.960625870812685,2.514559731583245,2.019926659807479,2.2837519893900478,0.059300788994794296,-0.2308077421931971
4620,True,0.46355984093760466,2.0332384530349605,2.533944556950684,2.121359868531033,2.4319152955744574,0.08812141549607233,-0.10202926137622681
4621,True,0.16134871471397547,2.1949905429636822,2.1970300536178375,2.1916058023013627,2.2064293189578947,-0.0033847406623195297,0.009399265340057195
4622,True,0.5736065771392981,2.5712810364680094,2.77452834984615,2.585821357447958,2.6531288056129125,0.014540320979948618,-0.1213995442332374
4623,True,1.019821941373545,2.4290120653467326,2.5274261369820485,2.2702659042946927,2.373550067302984,-0.15874616105203998,-0.15387606967906464
4624,True,0.38565851859915407,2.2266573615399383,2.345406060600168,2.311752099537275,2.5367393860566363,0.0850947379973368,0.1913333254564682
4625,True,0.5153584044499373,2.2095249823208607,2.41541828052617,2.2135905320365823,1.9348417381682668,0.004065549715721595,-0.48057654235790337
4630,True,0.8284093308960985,2.168210481503122,2.52602338140406,2.393367069730216,2.4974839191430243,0.22515658822709383,-0.028539462261035542
4631,True,0.6650414252684003,2.6978285994666154,2.162760772276952,2.5311826145985594,2.435752097428226,-0.16664598486805593,0.27299132515127367
4632,True,0.3050950431387532,2.101649773439904,2.7855321346378323,2.082511354405301,2.5590926744121636,-0.019138419034602894,-0.22643946022566874
4633,True,0.5757983638707846,2.269216681103856,2.225136441726664,2.3774951341834543,2.4062607106739287,0.10827845307959816,0.18112426894726452
4634,True,0.32991171802439606,2.599080500523214,1.9269248252591484,2.413294661279886,2.111030175809432,-0.1857858392433278,0.18410535055028343
4635,True,0.18584391713004092,2.5294393883625674,1.9907092525278522,2.3706848371569764,2.0215062754035666,-0.158754551205591,0.030797022875714397
4636,True,0.7169742489699104,1.9812510561763745,2.862253086171801,1.9620540800179285,2.6954767820356014,-0.019196976158446066,-0.16677630413619982
4637,True,0.38945419144046317,2.5289120371812066,2.004760959765528,2.4307169022763633,2.2069327360526874,-0.09819513490484333,0.20217177628715932
4638,True,0.7858850717500482,1.883138688732192,2.611657838940622,2.105607536316538,2.477686467430857,0.22246884758434593,-0.133971371509765
4639,True,0.2467992638124479,2.0979124478633517,2.2369469961981667,2.294055560667396,2.3676096423585116,0.19614311280404406,0.13066264616034484
4640,True,0.5223814045610033,2.1563203230039827,2.3948843246804215,2.1494309410343937,2.253738357915133,-0.006889381969588992,-0.14114596676528857
4641,True,0.9514206537368172,2.1764939138899515,2.4582542314008125,2.1516804673838075,2.547763991859725,-0.024813446506144032,0.08950976045891235
4644,True,0.9126355023278766,2.156172915190245,2.556919081961727,2.3683185025131226,2.6672025518782783,0.21214558732287747,0.11028346991655136
4645,True,0.7407384942416759,2.187999584460655,2.4144936094137837,2.2718808065277103,2.24613606546843,0.08388122206705528,-0.16835754394535352
4646,True,0.2956194534303103,2.7558744991744453,2.3838594437382414,2.7659735426303342,2.4583534498558177,0.010099043455888967,0.07449400611757628
4647,True,0.8624689710964097,2.507124323004346,2.6308871280615596,2.4182611766279507,2.731840985630752,-0.08886314637639536,0.10095385756919262
4648,True,1.2343881035858335,2.183286237326659,1.873001991910313,2.5328704677249094,3.7680594842386705,0.3495842303982504,1.8950574923283576
4649,True,0.6021378220980217,2.3706779178538784,2.614354313917683,2.1837614027821353,2.20854570175489,-0.18691651507174312,-0.40580861216279285
4650,True,0.6287677571060732,2.555581376399507,2.7822430155182345,2.5150491830190913,2.634266453102267,-0.040532193380415915,-0.14797656241596746
4651,True,1.0305062016169153,2.4109855418479804,2.2141793026311123,2.906439358112431,2.770812245856619,0.4954538162644506,0.5566329432255066
4652,True,0.7887250597870095,2.1439299704514605,2.3046017925012556,2.380091931890027,2.392493031120676,0.2361619614385666,0.08789123861942016
4653,True,0.6229748213783665,2.3467664325407416,2.2227585372684997,2.253173019776999,2.190269636864375,-0.09359341276374256,-0.03248890040412489
4654,True,0.5310353105698411,2.1397757031053515,2.467922791438176,2.2838653386366716,2.217406483883593,0.14408963553132015,-0.2505163075545829
4655,True,0.8472414141844038,2.250578028796158,2.230002779258358,2.2713530857220325,2.20076235263465,0.02077505692587467,-0.02924042662370807
4656,True,0.2939071855345538,2.2108036586951814,2.385308570415995,2.1927258583594074,2.769788462570743,-0.018077800335773997,0.3844798921547481
4657,True,0.8276685342584085,2.6458423303364094,2.08761869904444,2.6677780674447042,2.1314215406204844,0.021935737108294884,0.043802841576044305
4658,True,0.6774022130704631,2.623001449656481,2.0377721773790123,2.645513205790891,2.2747244268724067,0.022511756134410366,0.23695224949339444
4659,True,0.9641068583457943,1.9835873673725593,2.6214661208186536,2.532043941364565,2.47290918607073,0.5484565739920055,-0.14855693474792364
4660,True,2.5464745978918515,2.212418666821449,2.2487684089518867,2.28913196907758,2.9554104084368724,0.07671330225613104,0.7066419994849857
4661,True,0.8033950474530602,2.0861586509659324,2.487799051470999,2.491879832970282,2.48765029782745,0.4057211820043496,-0.00014875364354871579
4662,True,0.778800674485639,3.086226436054231,2.059490939504226,2.772335162158248,2.21295098650309,-0.3138912738959827,0.15346004699886429
4663,True,0.5794567024517121,2.4318976836413166,2.2554389462142397,2.6288846666624615,2.1671164993248517,0.1969869830211448,-0.08832244688938795
4664,True,1.0093138877229177,2.3854430903293418,2.407813671403998,2.549469187719279,2.329710131600496,0.16402609738993723,-0.07810353980350238
4665,True,0.6228951452040448,2.767627830868883,2.5872915856934258,2.3650008335501704,2.4504955921947706,-0.40262699731871265,-0.13679599349865512
4666,True,0.42976761270376074,2.701162866193003,2.379791945633063,2.4875143654475647,2.097771284815864,-0.2136485007454385,-0.2820206608171989
4667,True,0.7405845683697301,2.297595747928691,2.313461490969755,2.29491351665395,2.48236555450401,-0.002682231274740765,0.16890406353425513
4668,True,1.1097998683205081,2.2962398046589123,2.329699253144062,2.318745310448735,2.400046471173006,0.02250550578982269,0.07034721802894417
4671,True,0.7977427340875292,1.8722219421318618,2.300028957426406,2.4829950775966108,2.200096339642653,0.610773135464749,-0.09993261778375295
4672,True,1.3371134199908388,2.469272094383282,2.494432687827034,2.590707850759711,2.357399837137519,0.121435756376429,-0.13703285068951532
4673,True,1.0377898418120357,2.4509274625945174,2.1468835010079146,2.8055498317976815,2.5545659017739197,0.35462236920316403,0.40768240076600515
4674,True,0.7680533605244474,2.4041689082092383,1.799508960883496,2.978524916320157,2.2043532087451414,0.5743560081109185,0.4048442478616454
4675,True,0.9446145991690312,2.3011791229715257,1.8157651864159088,2.5443499530255265,1.7173354654772608,0.24317083005400075,-0.09842972093864799
4676,True,0.7815121574950211,2.5504442875899094,2.429403392995902,2.3427208729906344,2.3447919379701903,-0.207723414599275,-0.08461145502571155
4677,True,1.3452217488185974,2.242527804108569,2.596762517616888,2.314191274983336,2.534876704960618,0.07166347087476721,-0.06188581265627002
4678,True,1.3896579120763162,2.8688268413412477,1.7341970048699773,2.6023021610018695,2.440468838628758,-0.26652468033937815,0.7062718337587808
4679,True,1.2686824581607712,2.3536791850632492,1.7761667379500157,2.3504941827022248,2.254318362402258,-0.0031850023610244804,0.47815162445224235
4680,True,0.8084127331848417,2.2843962875779678,2.307382951549222,2.5246632241766425,2.476933472339134,0.2402669365986747,0.16955052078991173
4681,True,0.591490612901643,2.8089491195285112,2.0951317964032716,2.6610564327638753,2.2622291430951464,-0.14789268676463596,0.16709734669187482
4682,True,1.0467942943636819,2.4394103355114325,2.1793813311121117,2.677310040154483,2.269592884056081,0.23789970464305066,0.09021155294396932
4683,True,0.7647108249573205,2.036634591427731,3.64823450389363,2.1802108487861904,2.8674229169751015,0.14357625735845936,-0.7808115869185284
4684,True,0.961137271142327,2.121390938723931,3.127367778915681,2.147865618050394,2.9555363162732413,0.02647467932646297,-0.17183146264243954
4685,True,0.7063722752427106,2.1404980046708757,2.3008219339183986,2.2522366079120104,2.187916360413487,0.11173860324113472,-0.1129055735049116
4686,True,0.8964251565962765,1.9379808490539838,2.597208129684643,2.242466507805189,2.3648658406347285,0.30448565875120503,-0.23234228904991472
4687,True,1.01652602555698,2.4298910585044755,2.2759817780685325,2.329123269455269,1.9752778492427336,-0.10076778904920669,-0.3007039288257989
4688,True,0.28039006536025224,2.4284382664790964,2.1465996107798024,2.453325349036487,2.309592750172419,0.02488708255739036,0.16299313939261673
4689,True,0.7693284452030518,2.6621287687487993,2.363816677092367,2.2984721044506937,2.4157885627481974,-0.3636566642981056,0.05197188565583044
4690,True,1.4708493624159429,2.7011131585699997,2.3003238495916176,2.799681005631356,2.464992998548069,0.09856784706135624,0.16466914895645157
4691,True,0.6550677009430474,2.2893324079084714,2.2344825577524654,2.5027606560104783,2.2337194913643477,0.2134282481020069,-0.0007630663881177391
4692,True,1.2649130877172337,2.152925127471924,2.260408768364696,2.4342469418879835,2.3896466524831657,0.28132181441605963,0.12923788411846981
4693,True,0.6906175616122943,2.2937624477264427,2.3629808756526147,2.427886533385158,2.4218906821906723,0.13412408565871514,0.05890980653805755
4694,True,0.9532712315209704,2.1214762923021317,2.1236162732942128,2.5858550271502074,2.09585409954844,0.4643787348480757,-0.027762173745772944
4695,True,0.7755273444374183,2.2142767651989668,2.1844925137431805,2.5317798696446734,2.174041249149151,0.3175031044457066,-0.010451264594029563
4696,True,0.5818298246243141,2.1368594526547597,2.6740149742849235,2.2022145104755353,2.507223614302083,0.06535505782077555,-0.16679135998284034
4697,True,0.9595411841857806,2.13646771382111,2.779850156914937,2.3401834929707968,2.8844632478792303,0.20371577914968686,0.10461309096429305
4698,True,0.7708972731649723,2.4827493934346254,1.9601987393884326,2.088532442807868,2.4160445085057933,-0.39421695062675743,0.45584576911736074
4699,True,0.4037369306574525,2.174801930337565,2.256262856007695,2.2121182370221533,2.074552526056161,0.037316306684588074,-0.1817103299515339
4700,True,0.3172208432259928,2.66620133568341,1.9462964956809639,2.549930481947498,2.3688548688058115,-0.11627085373591184,0.4225583731248477
4701,True,0.8305966009355294,2.31334352628398,1.9872731561363173,2.2913710707009023,2.7041839445516644,-0.02197245558307781,0.7169107884153472
4702,True,0.5123802051421187,2.1040208944304712,2.2565829904747576,2.642031924414616,2.590979050914538,0.538011029984145,0.3343960604397802
4703,True,0.22528096116225957,1.9889314551537467,2.3515308403038224,2.204157579910747,2.4387662848305083,0.2152261247570002,0.08723544452668586
4705,True,0.6548771100401649,3.1147361266887437,2.200397379043158,2.9136398516450175,2.135512169086845,-0.20109627504372618,-0.06488520995631308
4707,True,0.317061235981388,2.5333928409348596,2.3272990658056822,2.384646231259052,2.2060519999390316,-0.14874660967580766,-0.12124706586665068
4708,True,0.4654113060491718,2.9242232313214394,2.256660161854239,2.648397229975896,2.1134843092462265,-0.27582600134554314,-0.14317585260801247
4709,True,0.5728285809685056,2.1434167496312986,2.823670396115666,2.222175391408383,2.558964635249186,0.07875864177708447,-0.2647057608664798
4710,True,0.3122437073304556,3.1762962761996874,2.277959267107294,2.678487890388157,1.9905127975808143,-0.4978083858115303,-0.2874464695264798
4711,True,0.9956421195853561,2.540800371969431,2.2492883504121925,2.810197082281953,3.128657559323008,0.26939671031252166,0.8793692089108154
4712,True,0.9110559653672053,2.9403304607475667,2.205073892843503,2.9641022214319803,2.611389666907258,0.023771760684413668,0.40631577406375463
4713,True,1.2549685677637699,2.1632872620620685,2.8924961519421246,1.8514214218888687,2.776142049883795,-0.31186584017319974,-0.11635410205832963
4714,True,0.4838848600015134,2.10503830202683,2.3442862711921513,2.410196778057966,2.3065647698371707,0.3051584760311359,-0.037721501354980536
4715,True,0.9210281199349514,2.689492638547278,2.2231239179137092,2.439715555549253,2.1358459166915575,-0.24977708299802526,-0.08727800122215168
4716,True,1.1144598699937491,1.9555801548389673,2.4614339499771267,2.180688978805093,2.1224727254749354,0.22510882396612564,-0.33896122450219135
4717,True,0.3456720944212472,2.94405199249266,2.421448068181517,2.554859754258147,2.260535658702822,-0.389192238234513,-0.16091240947869512
4718,True,0.9005237246215192,2.340353877023729,2.230840655829098,2.399281531127808,2.2809552558890758,0.058927654104079075,0.05011460005997792
4719,True,0.3848244119487539,2.970793358650177,2.2273916962222877,2.575787355271782,2.2806232554056356,-0.3950060033783953,0.053231559183347876
4720,True,0.10736302233231339,2.371507463724287,2.349996880402185,2.3221083139978638,2.396344594733612,-0.04939914972642301,0.04634771433142726
4721,True,0.3745193614000746,2.3158175696932606,2.2350933826576465,2.254040527453089,2.267899207574049,-0.061777042240171554,0.03280582491640249
4722,True,0.5753135303779632,3.4228884582469234,2.063661287663264,2.7248610185822324,2.1821580544231893,-0.698027439664691,0.11849676675992526
4723,True,0.3427853865588704,2.3878311210175647,2.0979106994579158,2.333553210351116,2.1840244624495395,-0.054277910666448825,0.08611376299162377
4724,True,0.5269759187054535,3.437520587923802,2.140047882875521,2.7922759993634227,2.0933590037876924,-0.6452445885603795,-0.046688879087828816
4731,True,0.23121431796401057,1.891062799036563,2.4890535039247346,2.0862521440700785,2.3898354964785757,0.1951893450335156,-0.09921800744615883
4732,True,0.5504918300659899,2.5858058770333088,2.1518531995468466,2.5991541606095625,2.1635449583158657,0.013348283576253728,0.011691758769019067
4734,True,0.16455300486710664,2.4904126333802594,1.99389020565326,2.382881267525304,2.185437477361913,-0.10753136585495549,0.19154727170865304
4735,True,0.17445183886853605,2.4888756117773343,2.055153052037731,2.3948184334122287,2.194464815363646,-0.09405717836510563,0.1393117633259151
4736,True,0.33678376903825125,2.5286122765857164,2.0033143305282874,2.4985504089245425,2.171589565681554,-0.030061867661173913,0.1682752351532666
4737,True,1.097077576016892,2.7927508638974587,2.0102097751727306,2.507183830849864,2.1941627100472747,-0.2855670330475948,0.18395293487454412
4738,True,0.17454574809178355,2.1965797630179518,2.171922509506267,2.3206061352728513,2.4454119575134987,0.12402637225489954,0.27348944800723185
4739,True,0.31175397341302635,1.9487859014268345,2.5377370278655746,2.0550605564865965,2.4337834379256096,0.10627465505976197,-0.10395358993996506
4740,True,0.8469776151286587,2.5253290396698804,2.151309272652354,2.6343086383554226,2.258877309488056,0.10897959868554219,0.10756803683570215
4741,True,1.1379220167442865,2.598150371187164,2.089588830894729,2.3215240793788894,2.151638742622934,-0.2766262918082747,0.062049911728204954
4742,True,0.5156218699234703,2.2946758967008827,2.5386544292006348,1.9962201454230943,2.264529707835382,-0.29845575127778834,-0.2741247213652529
4743,True,0.9989089768306447,2.4512376886993232,2.2345514047566684,2.390852868526627,2.076323018627641,-0.06038482017269642,-0.15822838612902723
4744,True,1.150859933432601,2.4559005207051854,2.0931122535115025,2.203374115140005,2.105101361493788,-0.2525264055651806,0.011989107982285585
4745,True,0.4381954436095948,2.215708925400627,2.7784234446174687,2.245144504460682,2.6534920435791776,0.029435579060054895,-0.12493140103829115
4747,True,0.900012704587258,2.232789831824751,2.3811190105704503,2.2982783570618683,2.5055026491027705,0.06548852523711712,0.12438363853232026
4748,True,1.162562530992363,2.102458646941718,2.4786360365935134,2.1839644529877313,2.380896362776423,0.08150580604601343,-0.09773967381709037
4749,True,0.5913750019936413,2.113655103393172,2.6375669432452327,2.316039331246773,2.4073607459693283,0.20238422785360122,-0.2302061972759044
4751,True,1.4403686586445323,2.2469015662907887,2.2133185924760133,2.4083754775694755,2.519041685485375,0.1614739112786867,0.30572309300936196
4752,True,0.714656499047425,2.02053470648242,2.4323882420575877,2.1466027332976636,2.3420766492884044,0.12606802681524343,-0.09031159276918332
4753,True,0.5990476103108944,1.9976635705243264,2.293093396724172,2.253550885690625,2.296548241518344,0.2558873151662986,0.0034548447941720184
4754,True,0.6817947798120954,1.9205724693694848,2.4769047964344533,2.079050698964554,2.612315432803244,0.15847822959506908,0.1354106363687908
4755,True,0.8004423487363515,2.6306123986821017,1.9921511402752554,2.3302250175553865,2.1330849661394176,-0.30038738112671526,0.14093382586416214
4756,True,0.7103772861970655,2.157821199149735,2.0986968429480233,2.4446790481281995,2.7082782796540683,0.28685784897846434,0.609581436706045
4757,True,0.8385260530718108,2.220415098602061,2.052844830034652,2.4646517373913097,2.1716966649516225,0.2442366387892485,0.11885183491697049
4758,True,0.7894253997519634,2.363882367589386,2.0132170440615687,2.1909180850558974,2.4682099690694876,-0.1729642825334885,0.454992925007919
4759,True,0.9525582385297717,2.1494314973732007,2.40881926059221,2.880465001894486,2.5530569253467497,0.7310335045212852,0.1442376647545398
4760,True,0.2361980633342798,1.935544430825601,2.517783302788387,2.1240185360655404,2.3038363800330957,0.18847410523993946,-0.21394692275529126
4761,True,0.09393684611340668,1.9747931881085676,2.4848516888740058,2.1192953094675127,2.375112386277542,0.14450212135894502,-0.1097393025964637
4762,True,1.362497069066931,2.5773237606672548,2.4116907574977353,2.778917283240543,2.6521866048783216,0.2015935225732881,0.24049584738058627
4763,True,1.5207763684200404,3.0703756132760045,2.282779519905503,2.866009877416336,2.683141108141351,-0.20436573585966844,0.4003615882358478
4764,True,0.7595921163946943,2.806692093924804,2.2838993209202547,2.8100289623356196,2.2436535895554375,0.0033368684108157076,-0.04024573136481724
4765,True,1.242590630661449,2.469355438246993,2.344098040377151,2.0243606979962836,2.6304133525959372,-0.4449947402507095,0.28631531221878603
4766,True,0.5919738716137415,2.2133762108823705,2.7586706129583503,2.289083732084303,2.485725974417333,0.07570752120193269,-0.27294463854101725
4767,True,0.8336259243448298,2.7126416690930633,2.1907181909593025,2.6166309539554864,2.161953644190828,-0.09601071513757686,-0.02876454676847473
4768,True,0.3046029655328086,2.219271772902093,2.816823761934708,2.1633353466970857,2.4280114945823468,-0.05593642620500727,-0.3888122673523613
4769,True,0.34144750265762736,2.5279670096739792,2.3567054431345467,2.5743998550802085,2.3614098917032593,0.04643284540622927,0.00470444856871266
4770,True,0.446293098849632,2.4593641817754444,2.820657108139875,2.2578742201958457,2.715115692023822,-0.20148996157959864,-0.10554141611605283
4771,True,0.19462392763565395,2.504219169441844,2.4750429403547733,2.5389374068263284,2.2908811932566473,0.03471823738448432,-0.18416174709812605
4772,True,0.19908172918125855,2.3613554640502556,2.7705511564668863,2.2741304837508776,2.7209077128814934,-0.08722498029937809,-0.049643443585392966
4773,True,0.6858164700160946,2.152241116627038,2.6421021972285628,1.9621316963114377,2.5401091211121223,-0.19010942031560019,-0.10199307611644048
4774,True,0.33986205976184974,2.1133136968041444,2.6534722002312363,2.4096693421251802,2.5895336881722546,0.29635564532103587,-0.06393851205898171
4775,True,0.36796598885304116,2.0475140511361576,2.5245432149400813,2.115454473741754,2.1567952319814694,0.0679404226055964,-0.3677479829586119
4776,True,0.6705659402949972,2.325622159294153,2.175099902694127,2.3764401679438514,2.36906092172426,0.05081800864969832,0.1939610190301333
4777,True,3.113784307516348,2.16582055777943,2.3836684655798925,2.7539440023923873,2.6134217457649274,0.5881234446129575,0.22975328018503482
4778,True,0.7200867817912391,2.683742695360343,2.1773982138552426,2.3022110943241065,2.3729247036336827,-0.3815316010362366,0.19552648977844012
4779,True,1.0840695851786264,2.270834412479254,2.377704845497018,2.317798545712073,2.3508593357997833,0.046964133232819005,-0.02684550969723487
4780,True,1.395257576262735,2.397521542489243,2.1110396342323847,2.7443168775762756,2.5237777132390242,0.34679533508703253,0.4127380790066395
4781,True,1.2214153319048493,2.9511169678106626,2.4172009133499848,2.7069302580570858,2.6945227269498027,-0.2441867097535768,0.2773218135998179
4782,True,0.7949113377007557,2.3250845010235652,2.4584906179808783,2.294548209008911,2.104774086959691,-0.030536292014654354,-0.3537165310211874
4783,True,0.8626231311840634,2.4103072692501257,2.42246043340237,2.395635138639647,2.392085916793124,-0.014672130610478895,-0.03037451660924617
4784,True,0.24666618352642472,2.242800579030601,2.7491880347477142,2.147903071298377,2.8139943528694227,-0.09489750773222427,0.06480631812170845
4785,True,0.4836292900310081,2.0201242069239207,2.4296091379890714,2.0429827595929435,2.302193112425845,0.022858552669022814,-0.1274160255632264
4786,True,0.7454258379056458,2.367510053832929,2.3140022988968703,2.500139273171997,2.5272231927206192,0.1326292193390679,0.21322089382374898
4787,True,0.2332081198120742,2.4367132888585807,2.3666539043975146,2.327436252812738,2.2852095036818834,-0.10927703604584282,-0.0814444007156312
4788,True,1.0542655612181526,3.5167660446637616,2.4959751096916007,2.8705765321778136,2.445026463694207,-0.646189512485948,-0.05094864599739379
4789,True,1.0846763178259244,3.1027838940216252,2.4170442844515696,2.831455491722941,2.507093909884909,-0.27132840229868416,0.09004962543333939
4790,True,0.5042902639338834,2.4212340606186755,2.6035629416244195,2.3229592725818504,2.5429595669552048,-0.0982747880368251,-0.06060337466921473
4791,True,0.40647226085846505,2.7997414233996687,2.336223360254751,2.5213157028650732,2.19680895030633,-0.27842572053459547,-0.13941440994842091
4792,True,0.8338255552893276,2.6551943586298914,2.316925840095017,2.8075898344487573,2.053678427628824,0.15239547581886592,-0.263247412466193
4793,True,1.7614085386820486,2.4416282312424227,2.5180230700492,3.3492330890256055,2.6006771046114125,0.9076048577831828,0.08265403456221243
4795,True,0.3945858705404877,2.990085819236632,2.3807684753877267,2.7851047121402814,1.9507744841851913,-0.20498110709635053,-0.42999399120253545
4796,True,0.7433092942367154,2.211858201806798,2.6931004389365056,2.1931884405123516,2.7865267688177693,-0.018669761294446197,0.09342632988126365
4797,True,1.0935298281491326,2.5285831059112924,2.3150328435035212,2.560988381020109,2.413610505367011,0.03240527510881641,0.09857766186348993
4798,True,0.36836409470543624,3.312683428249673,2.46013196430598,3.0245649035300928,2.1255487398890667,-0.2881185247195801,-0.33458322441691335
4799,True,0.41845745371006704,3.4698957483186725,2.349857649539648,3.1051637040526545,2.428779571562228,-0.364732044266018,0.07892192202257986
4800,True,0.9340894071471721,2.50312487321348,2.5309524134997083,2.5948915040943428,2.3255346920312756,0.0917666308808629,-0.20541772146843273
4802,True,1.1855895921935977,2.495660743149998,1.9105294247930338,2.6411221289841937,2.2663610853206952,0.14546138583419577,0.35583166052766146
4803,True,0.9737634765125828,1.9970157134584594,2.889134785329338,2.4351633406646465,2.7803869447330527,0.43814762720618705,-0.10874784059628517
4804,True,1.36301637029878,2.1844200712088324,2.065998155613891,2.475407666963565,2.4667633565938183,0.29098759575473254,0.4007652009799272
4805,True,0.4630059825084613,3.1588848419972515,2.29887956635401,2.886576901465644,2.505792349914494,-0.27230794053160734,0.20691278356048404
4806,True,0.3875452416386918,2.8529531433411237,2.2803757112809286,2.545940330714371,2.051103804721984,-0.30701281262675284,-0.22927190655894458
4807,True,0.33230759279498806,2.1621470329512746,2.7686524778852255,2.3278634693884004,2.5165673888638467,0.16571643643712575,-0.2520850890213788
4808,True,0.2240911811946892,2.1885787869985394,2.797023590765727,2.612999271597487,2.699879584120929,0.42442048459894766,-0.09714400664479772
4809,True,0.4703695133746625,2.4731324867463127,2.328786726409269,2.600808942610933,2.788634424698404,0.1276764558646204,0.45984769828913485
4810,True,0.2090429034820163,2.7572682136310207,2.1883728260285085,2.5214197160643446,2.540325825026585,-0.23584849756667614,0.3519529989980765
4811,True,0.7936155867741547,2.358595146713399,2.251985609034836,2.330777178442847,2.498048270096877,-0.02781796827055194,0.24606266106204133
4812,True,0.2563048850987798,2.6684109476240723,2.2618141842556385,2.5275554387095056,2.2320214706881742,-0.14085550891456666,-0.02979271356746427
4813,True,0.8737156819467705,2.525113553347651,2.1509520744079818,2.330954511577821,2.333427862900844,-0.1941590417698298,0.18247578849286228
4814,True,0.4566620780102638,2.6862744003359,2.178454122606212,2.520505590280252,2.1131493428151265,-0.16576881005564825,-0.06530477979108573
4815,True,0.3921681876595754,2.1805643194595294,2.481289598092089,2.353044762106747,2.3783881508244193,0.17248044264721774,-0.1029014472676697
4817,True,0.7747855494968451,2.5095721331334553,2.090248454753645,2.2261637883590235,2.303601123759059,-0.2834083447744318,0.21335266900541416
4818,True,0.2822312483024128,2.1147018434994567,2.6442291600767134,2.244103215088602,2.433596655675299,0.12940137158914533,-0.21063250440141434
4819,True,0.4644544567102961,3.074935959999818,2.3544239281828583,2.742750971568144,2.1108226555127745,-0.33218498843167366,-0.2436012726700838
4820,True,1.0529105368286888,2.2833482573843176,2.0247041971853568,2.4106480781607256,2.3440454393646046,0.127299820776408,0.31934124217924786
4821,True,1.2985387000125055,2.733968687512715,2.193500014041486,2.514750663650176,2.142651573727049,-0.2192180238625392,-0.05084844031443714
4822,True,1.568918549749482,2.127937290452893,2.56796746868024,2.376843600623735,2.3258630559906144,0.24890631017084175,-0.24210441268962546
4823,True,0.29356448956234477,2.2193612379466305,2.396069945765357,2.2774869233857307,2.3600466916662897,0.05812568543910013,-0.03602325409906726
4824,True,0.31335550155496317,2.696397744324824,1.9878480467077961,2.5750413385219666,2.08960041377628,-0.12135640580285756,0.10175236706848367
4825,True,0.7136449616219395,2.6049221972450542,1.8618405859525138,2.4922962027196927,2.2225664045206837,-0.1126259945253616,0.3607258185681699
4826,True,0.18910496141972322,2.312989596582743,2.028247769405898,2.3827655225980586,2.1660740644387024,0.06977592601531546,0.1378262950328044
4827,True,0.3901498401591424,2.5552406256358715,1.8361838787550662,2.528184018981807,2.2286068968155868,-0.02705660665406473,0.3924230180605206
4830,True,0.30460779264793747,2.391303391771943,2.8636456051858095,2.342297799858507,2.726190079597716,-0.04900559191343623,-0.1374555255880936
4831,True,0.6812750250249379,2.183770214720404,2.26496200040972,2.2242447101463454,2.3887731239255436,0.04047449542594128,0.12381112351582368
4832,True,0.7168078996606665,2.2914569360561856,2.093126485189082,2.313484315187375,2.165190745239089,0.022027379131189573,0.07206426005000699
4833,True,0.6832174155027781,2.1257415995600217,2.4453903326054105,2.2025065098396417,2.422691336003206,0.07676491027961996,-0.022698996602204424
4834,True,0.6558439111204847,2.1007908195010754,2.3341669778745477,2.189915507067339,2.5630613934024287,0.08912468756626346,0.22889441552788092
4837,True,0.11920446466309649,2.4098030535502275,2.1046564255478852,2.3106529522743138,2.1377842017366953,-0.09915010127591373,0.03312777618881002
4838,True,0.5963542815923353,2.1085444168430505,2.424198566000731,2.112122411541528,2.6125201091421286,0.0035779946984773048,0.18832154314139782
4839,True,0.5007060794407687,2.7782563457139804,2.2773291673142024,2.42503137099894,2.196506665680075,-0.3532249747150402,-0.08082250163412752
4840,True,0.850637519801358,2.1621514799384434,2.3407209089509156,2.44531689508313,2.7638304054476643,0.2831654151446865,0.4231094964967488
4841,True,1.615728053310695,2.8178952455689332,2.0651973688245877,2.368751901009897,2.2600556527320292,-0.44914334455903626,0.19485828390744153
4842,True,0.7504530247739553,2.396052401284246,2.1636607637520258,2.4118107473931283,2.3071147638912546,0.015758346108882382,0.14345400013922882
4843,True,0.6474010982298193,2.6734659418253304,2.145961310555248,2.4925943412940263,2.2040967549456627,-0.18087160053130402,0.05813544439041474
4844,True,0.6173998083367817,2.189346479043461,2.4491078165323796,2.339980079364993,2.604483275545458,0.15063360032153206,0.15537545901307848
4845,True,1.14850899309339,2.185577025798908,2.3613254480693677,2.3645851343349853,2.3752565592545998,0.17900810853607751,0.013931111185232048
4846,True,0.8107147988433651,2.8692598483581095,2.0960918623476408,2.6006645261559593,2.152134362073846,-0.2685953222021502,0.05604249972620501
4847,True,0.3401046617696831,3.175599414583017,1.9830478148547002,2.870108183471313,2.162005332678206,-0.30549123111170395,0.17895751782350588
4848,True,1.0160413778155377,2.41020887437168,2.029969931624604,2.3978552240139517,2.3853563166969414,-0.012353650357728174,0.35538638507233733
4849,True,1.080760744087385,2.369464585639549,2.09422865451698,2.426039531389998,2.596007548692607,0.05657494575044897,0.5017788941756272
4850,True,0.9656124089820116,2.1006815622316486,2.2269624842147655,2.4991980180779994,1.9444481190101215,0.39851645584635076,-0.282514365204644
4851,True,0.5789121054559228,2.255517003216779,2.1060173845673735,2.5271625822190393,2.3628448389369536,0.2716455790022603,0.2568274543695801
4852,True,0.474654990790622,2.1241639533002155,2.359181441814088,2.430099095610712,2.0199048096561385,0.30593514231049657,-0.33927663215794945
4853,True,1.3295212899401556,2.158624496780299,2.4291352668182147,2.4501237756809346,2.174315758755614,0.29149927890063543,-0.2548195080626008
4854,True,1.03727084733246,2.516916672875763,2.514339324832669,2.3847981598906856,2.304648656954461,-0.13211851298507726,-0.209690667878208
4856,True,0.8473717098451261,3.0222019839514367,2.523667636972032,2.461209231068541,2.5653659760732,-0.5609927528828957,0.041698339101167825
4857,True,1.1982603091356927,2.432822861656804,2.7502861474581146,2.8260081658788603,2.8465740209741606,0.39318530422205633,0.09628787351604595
4858,True,0.3134450254435988,2.350642364206006,2.721532660028169,2.273075594532879,2.5905837434935393,-0.07756676967312703,-0.1309489165346296
4859,True,0.8294398358266868,2.9032624101861684,2.4231003197143943,2.6562052586172626,2.485623152771152,-0.24705715156890573,0.06252283305675777
4860,True,0.9533531479930608,2.058354466703925,2.1593672542437052,2.303047384730501,2.4746129226578044,0.24469291802657622,0.3152456684140992
4861,True,0.6300096828513807,2.6311440648508775,1.8129248389549963,2.524605683096273,2.3042721064446794,-0.1065383817546044,0.49134726748968305
4862,True,1.0198057158044114,1.9264152042848914,3.224413344067413,2.147351239445471,2.1600157525863093,0.22093603516057958,-1.0643975914811037
4866,True,0.8513207430198296,2.7742353419275734,1.9485622170975194,2.838422970107697,2.668874818767452,0.06418762818012347,0.7203126016699324
4867,True,1.107934698398686,2.004881631269038,2.3047957036362243,2.54178804983126,2.2774579032693447,0.5369064185622219,-0.027337800366879605
4868,True,1.4884622953749367,2.3285950540615685,1.9543519710891382,2.166158273668847,1.7159407649956917,-0.16243678039272158,-0.23841120609344646
4869,True,0.29744419687213447,2.3533686769607516,1.896636903442512,2.4133397447406777,2.089306404539315,0.05997106777992611,0.19266950109680314
4870,True,0.7636657653625767,2.3460351169366582,1.995364491239633,2.5912510751239446,2.2249945877653277,0.24521595818728636,0.22963009652569455
4871,True,0.5821285386185436,2.172040572664332,2.149166392650881,2.653863517654591,2.4079883757138445,0.4818229449902591,0.25882198306296367
4872,True,0.350570776717646,2.313224202298601,2.0817327942125523,2.3021180901363425,2.1562469004942364,-0.01110611216225843,0.07451410628168409
4873,True,0.11749543660404813,2.0268539538161106,2.625747773073415,2.051672621312182,2.359848916262437,0.024818667496071534,-0.26589885681097813
4874,True,0.190788034422404,2.6504697684750154,1.9351802704141028,2.3041567512000998,2.0043280962325003,-0.3463130172749156,0.06914782581839751
4875,True,0.12844112617736989,1.9630352199846035,2.599383751738092,2.003066451176795,2.424654356013244,0.04003123119219154,-0.17472939572484814
4876,True,0.17947850573265103,2.0989460716750203,2.697651086204441,2.1122374141457207,2.6051661720742496,0.013291342470700407,-0.09248491413019133
4877,True,0.4294079179563517,2.3807463341775827,2.178113943277532,2.591172841996458,2.3661366843060865,0.2104265078188754,0.18802274102855465
4878,True,0.2297409317101941,2.141967341721157,2.399770355700728,2.478030246621296,2.83873149554057,0.3360629049001389,0.43896113983984186
4879,True,0.246117794190729,2.5730362886092375,2.028281160736844,2.7970181430468055,2.426595149977433,0.22398185443756802,0.3983139892405889
4880,True,0.6005953138619796,2.4585661143438875,2.1512477920267576,2.507493376192448,2.2257322891661975,0.048927261848560555,0.07448449713943983
4881,True,0.284246080322472,2.119896438272398,2.470535738377407,2.2179428454446253,2.6067103068279374,0.09804640717222712,0.13617456845053022
4882,True,0.9260728743484561,2.342406236095695,2.196904485861868,2.6203149660516005,2.860086518617225,0.27790872995590554,0.663182032755357
4883,True,0.8100299178613273,2.188401494721661,2.235704948757774,2.3925728128134365,2.56254628477575,0.2041713180917757,0.32684133601797605
4884,True,1.827682330545956,2.1225813490417744,2.826354596366139,3.178279466526661,2.8257577540711094,1.0556981174848867,-0.0005968422950295427
4885,True,0.614317757629189,2.1013399108663973,2.421447732617824,2.680853594161009,2.3298738006626025,0.579513683294612,-0.09157393195522134
4886,True,0.9129078374176937,2.4295788768838107,2.174919576651054,2.620663402524636,2.2868784933443664,0.19108452564082512,0.11195891669331237
4887,True,0.48658178069237457,2.7231890273904966,2.0705330243442144,2.5751298669342875,2.4081813627438864,-0.14805916045620915,0.337648338399672
4888,True,0.8283214831217931,2.0121510294707003,2.76140538313374,2.074228670255524,2.5239537610825997,0.06207764078482381,-0.23745162205114045
4890,True,0.7099074907609131,3.4920329993286146,1.8988107610027911,2.8793524976721763,2.67651834817193,-0.6126805016564383,0.777707587169139
4891,True,0.6560396470100065,2.2156427568992254,2.331541060221758,2.8718457725548214,2.6719221143882543,0.656203015655596,0.34038105416649644
4892,True,1.418412086085548,1.9184162085689331,3.7744435264685046,2.327744493676658,3.1609497378359244,0.4093282851077247,-0.6134937886325802
4894,True,0.4607301193373384,2.6532377304342707,2.181311784179419,2.290456974166072,2.2314394161002893,-0.3627807562681986,0.05012763192087011
4895,True,0.48246872468653706,2.171189514183412,2.6756615799087897,2.2772374610562687,2.202072837322826,0.10604794687285679,-0.47358874258596373
4896,True,0.28635851228725817,2.7522265991375052,2.477384285370358,2.7018197234088364,2.442562010928893,-0.050406875728668865,-0.034822274441464796
4897,True,0.5552929144407167,2.512980340273278,2.4719819579236417,2.5265475941658013,2.4007649030810994,0.013567253892523112,-0.07121705484254237
4898,True,0.49984429533959734,2.5740779752952316,2.3945228896170523,2.3733326232403664,2.2639348663033574,-0.2007453520548652,-0.1305880233136949
4899,True,0.8578481680075499,2.5052402700539522,2.3364079914689557,2.450875561936795,2.456945774837939,-0.054364708117157434,0.12053778336898313
4901,True,0.27024808166225356,2.7466449450010826,2.3739744169851535,2.68044018520634,2.2614986584269734,-0.06620475979474261,-0.11247575855818015
4902,True,0.7516714388281428,2.467945693344973,2.934284794306783,2.484756290407975,2.7585943108460147,0.016810597063002142,-0.1756904834607682
4903,True,0.4132771339735581,2.4313128868576332,2.583830606541381,2.2668512875971816,2.4235337042300444,-0.16446159926045167,-0.16029690231133653
4904,True,0.8300932648914142,3.497043417602933,2.114483210384987,2.822908244758586,2.397269620606327,-0.674135172844347,0.28278641022133977
4905,True,0.6448679356401852,2.4230133509537253,2.3106502057213247,2.535215784008533,2.077655630712655,0.11220243305480793,-0.2329945750086697
4906,True,0.6325252167774026,3.354026648671713,2.2682832675395725,2.8950425380662375,2.2470366936029325,-0.4589841106054755,-0.02124657393664009
4907,True,0.7401448311281421,2.470953445716855,2.5770020262894633,2.6191778775115675,2.3322973534219433,0.14822443179471234,-0.24470467286751996
4908,True,0.6050204035095422,2.1681584586002933,2.1986841742278496,2.1713009485398382,2.3625557344678665,0.0031424899395449124,0.16387156024001692
4911,True,1.3441704550929015,2.1652954689833903,2.3086048283324714,2.146538652122994,2.7934110811051425,-0.01875681686039643,0.4848062527726711
4912,True,0.5846796259697055,2.0947618406873847,2.2790372486205666,2.504796573856248,2.477544936600747,0.4100347331688634,0.1985076879801806
4913,True,0.8556048148224132,2.0236569443954675,3.616889374227528,2.1325968273220326,2.6702681839412685,0.10893988292656509,-0.9466211902862596
4914,True,1.0535596987486047,2.146607328157621,2.93081606696838,2.1652686743577574,2.765240943725881,0.018661346200136375,-0.1655751232424989
4915,True,0.7643466225116253,2.3789000341124047,1.8926794266594646,2.3228059690630642,1.9298991705296418,-0.05609406504934045,0.037219743870177124
4916,True,0.19219523850786335,2.1985381589137813,2.1120822537486554,2.248731540570817,2.070213157964657,0.05019338165703546,-0.04186909578399822
4917,True,0.19659260207303844,2.755396700676692,2.0185263326248686,2.5897223852793565,2.0948329873085347,-0.16567431539733546,0.07630665468366615
4918,True,0.29632765113812276,2.7238445111276084,1.8897918151214437,2.3527691113878983,1.9645273095543874,-0.37107539973971004,0.0747354944329437
4919,True,0.3566809595478815,2.2182836230969203,2.798060438482343,2.2835448593277077,2.5026878527121594,0.06526123623078739,-0.29537258577018344
4920,True,1.4139666687794743,2.16098234516157,2.4527976330101104,2.3232086536807235,2.5250017821518465,0.16222630851915332,0.07220414914173601
4921,True,1.2762057712873256,2.143947037498828,2.5091956076798794,2.5864453590961474,2.3586841707943864,0.4424983215973195,-0.15051143688549296
4922,True,0.9527443812147893,2.331256439326227,2.7263630328516415,2.469745030687581,2.6582808443800667,0.13848859136135383,-0.06808218847157477
4923,True,0.9512137616401617,2.177859521135374,2.586687034644895,2.1165112457905817,2.729201422322105,-0.06134827534479248,0.14251438767721014
4924,True,1.2242419966663354,2.4535603718066525,2.5442183010897472,2.1713723065446424,2.4860235083558644,-0.2821880652620101,-0.05819479273388284
4925,True,1.1580373157171857,2.2766442514147878,2.71878632558721,2.5249823190171057,2.638015851089982,0.2483380676023179,-0.08077047449722796
4926,True,0.7295533360551499,2.7395972587772826,2.1882181363154816,2.581420740214388,2.0013833642683254,-0.1581765185628945,-0.18683477204715615
4927,True,0.5395165028710487,2.4635461650433914,2.2930801689430744,2.238838697456563,2.197813638490307,-0.22470746758682836,-0.09526653045276756
4929,True,0.3871202246360499,2.6200124318979863,2.124549625191184,2.492613851512905,2.247739521273984,-0.12739858038508123,0.12318989608279995
4930,True,0.8168221591126664,3.327064898269945,2.2845438942160863,2.896955049487306,2.294986395619155,-0.43010984878263914,0.010442501403068682
4931,True,0.48990981637462055,2.5434922112324228,2.283761638722395,2.4286871581751734,2.4352961298020825,-0.1148050530572493,0.15153449107968742
4932,True,0.6142466461843544,2.625914470884381,2.4027626062722054,2.4009403013105093,2.426265131289241,-0.22497416957387184,0.023502525017035758
4933,True,0.9754256186391391,2.4559511530158735,2.5426401791248403,2.4331394154649257,2.49480428287431,-0.022811737550947786,-0.04783589625053031
4934,True,0.8557017671457372,2.3070741009555804,2.158891701336591,2.5653292552249503,2.4358496920612733,0.25825515426936985,0.2769579907246822
4935,True,0.7671520791435062,2.7465701343675897,2.3159961385762284,2.7091762914851074,2.846729651479571,-0.037393842882482264,0.5307335129033426
4936,True,0.6258302633396541,2.244471270076763,2.1237540288131296,2.2587553777157896,2.0770036280656807,0.014284107639026544,-0.04675040074744885
4938,True,0.40391639097454685,3.007040676728534,2.230831244626092,2.8990312926632926,2.35880463160517,-0.10800938406524141,0.127973386979078
4939,True,1.2349398168728642,2.1952312050897964,2.6427169661165,2.198811721968482,2.378909267696227,0.003580516878685547,-0.2638076984202731
4940,True,2.3234243759211446,2.3642560663769054,2.415778992913052,3.007205279915889,3.1912958301995444,0.6429492135389836,0.7755168372864922
4941,True,1.732499525822947,2.5329614646298904,2.2129539865528156,2.8729977223313283,1.9902775293965913,0.34003625770143797,-0.2226764571562243
4942,True,0.830457788377032,2.7527186356218825,2.197758231789839,2.412737094700954,2.342522662548433,-0.33998154092092836,0.14476443075859402
4943,True,0.5710408227721079,2.2525098390462137,2.531223427988924,2.1559847479490664,2.3860301709578193,-0.09652509109714735,-0.14519325703110475
4944,True,0.9964851555063547,2.3043404112240014,2.2808217100203163,2.2543352625618933,2.2583238462264443,-0.050005148662108034,-0.022497863793871975
4945,True,0.9219100522830573,2.5310788357733944,2.6344786119837833,2.6698745358201763,2.5528394902978135,0.13879570004678188,-0.08163912168596976
4946,True,0.8770370765010288,2.4838075362837597,2.168713415760598,2.7828062877710336,2.255968578462475,0.29899875148727384,0.08725516270187716
4947,True,0.3573976104224705,2.3507208552697194,2.433697292290066,2.174844864694951,2.374107271830403,-0.17587599057476844,-0.059590020459662885
4948,True,1.085313352676238,2.574027593655515,2.2869899558371483,2.504172932055612,2.2199695829740547,-0.06985466159990317,-0.06702037286309359
4949,True,1.063196731121181,2.690831751912408,2.291602383158998,2.554516418496072,2.564135115852712,-0.13631533341633606,0.27253273269371414
4950,True,0.6077568390833525,2.6355944861453935,2.1971836509723075,2.631122322861102,2.1606051078679327,-0.004472163284291675,-0.036578543104374805
4951,True,0.7983907313638697,2.400210017810941,2.2207123442715404,2.4414215304952975,2.2541822061162224,0.04121151268435641,0.033469861844682036
4952,True,0.9200124822470616,2.521057078389936,2.4161551562141033,2.503747467566368,2.4182406017830402,-0.01730961082356819,0.002085445568936972
4953,True,0.36427778805497696,2.4223325600751022,2.6287488790867797,2.267705463275379,2.5605400170610495,-0.15462709679972342,-0.06820886202573018
4954,True,1.3502440677285379,2.4810338322965286,2.3872561585636345,2.372907181880699,2.5153121480494227,-0.10812665041582958,0.12805598948578822
4955,True,0.5921277672709324,2.4375695503103083,2.4251711363324446,2.3917601548311653,2.5690566498997254,-0.04580939547914298,0.14388551356728074
4956,True,0.9076943244726383,2.225706081112239,2.465147416180217,2.183776384050803,2.618596124805427,-0.04192969706143579,0.1534487086252101
4957,True,1.0660364923688606,2.289954319937409,2.5558551767656943,2.1430946120712915,2.2212380065472495,-0.14685970786611735,-0.33461717021844484
4958,True,0.46601048447286253,2.7476970238365075,2.5007725021280924,2.421565860411399,2.47854912929036,-0.3261311634251083,-0.02222337283773257
4959,True,0.69248208365581,2.2763694405346424,2.463517618244286,2.5777104522905594,2.3843130661645504,0.301341011755917,-0.07920455207973554
4960,True,1.1205255321804186,2.9251511725379253,2.0941196858107225,2.708166109384541,2.446982888123658,-0.2169850631533845,0.35286320231293544
4961,True,0.23672842251896828,2.051644431693757,2.57534825373191,2.3598696804380954,2.534396622297899,0.3082252487443382,-0.04095163143401104
4962,True,0.5125413597844626,2.180322270055507,2.3171924125760466,2.4438367881675322,2.528409006617798,0.2635145181120251,0.21121659404175164
4963,True,2.917052167719895,2.1849748011819266,2.993952751764797,3.4525959482130255,3.1048528920266096,1.267621147031099,0.11090014026181283
4964,True,0.7453882469971063,2.3819230907399174,2.248755648219699,2.4677185174334615,2.480275003863483,0.08579542669354412,0.23151935564378423
4965,True,1.2385952514299996,2.753074715041348,2.0629415175908403,2.311446526114113,2.559279899413896,-0.4416281889272353,0.49633838182305556
4966,True,0.887823350402237,3.1508167135046112,2.3299058132679957,2.605579686298809,2.0170165157291104,-0.5452370272058022,-0.3128892975388853
4967,True,0.5525211841952936,2.49398601778358,2.3467928242816836,2.3612863550162655,2.282892190505281,-0.13269966276731449,-0.06390063377640276
4968,True,0.8609263355078621,2.969490118488358,2.1710929153999836,2.730426617454679,2.1532672854685275,-0.23906350103367924,-0.01782562993145609
4969,True,0.887436382145238,2.567798380110869,2.188555111140681,2.2772201451989664,2.2038974099419875,-0.2905782349119024,0.015342298801306331
4970,True,1.1041379832789848,2.587385769980967,2.1818653662176315,2.3406385999111436,2.166628121528473,-0.24674717006982316,-0.015237244689158658
4971,True,1.13885072904887,2.330576305315919,2.403305475818669,2.500419186418349,2.5878964224893157,0.16984288110243018,0.1845909466706468
4972,True,0.5537373428445556,2.2574588719841606,2.460594939013734,2.4686269450797944,2.3764800894526763,0.2111680730956338,-0.08411484956105753
4973,True,0.8553149053862161,1.915604542435625,2.4045187458200448,2.216196429057,2.283342543058093,0.30059188662137526,-0.12117620276195185
4974,True,1.4203638463121053,2.2110151354072634,1.9802448262778016,2.145097760872916,2.2404320821604924,-0.06591737453434732,0.26018725588269076
4975,True,0.46720146711398436,2.6099607597241765,2.365592769053879,2.3143949159843054,2.337897815100352,-0.29556584373987116,-0.02769495395352717
4976,True,0.3072879298739249,2.3640306661293544,2.4831292484282814,2.427575431569738,2.66646999291479,0.06354476544038379,0.18334074448650872
4977,True,0.2874328360309505,2.6756628389242167,2.288994951741921,2.5589885782023334,2.1972204787790415,-0.11667426072188336,-0.09177447296287955
4978,True,0.9108022277058753,2.3910701469844,2.493201517507159,2.530245236734179,2.778849201762125,0.139175089749779,0.285647684254966
4979,True,1.5135997382624704,2.319704821997833,2.7210187374217036,2.822625690957623,2.1850680593233243,0.5029208689597899,-0.5359506780983794
4980,True,0.3547801241172576,2.4167798377179497,2.370619383810906,2.538838723727642,2.4221261447038636,0.12205888600969228,0.05150676089295736
4981,True,0.10855876187204025,2.354279469498046,2.2454265572937357,2.4347149518738327,2.2724924500088006,0.0804354823757869,0.027065892715064876
4982,True,1.524253942273353,1.9581237343181355,2.450814189407267,2.1077852475309244,2.3571855191513884,0.14966151321278898,-0.09362867025587862
4983,True,1.600468875549609,2.380345092124249,2.2647268423807763,2.8303328954034717,2.732519112303151,0.44998780327922283,0.4677922699223749
4984,True,0.42275113481777515,2.373691172562261,2.0407625677917554,2.398756455823934,2.102164626138971,0.0250652832616729,0.06140205834721568
4985,True,0.9502250779117623,2.827278284728972,2.000557080365367,2.7780340652429008,2.107000150654717,-0.04924421948607138,0.10644307028934996
4986,True,0.8880194442155733,2.7558365409436023,2.007341042299489,2.4660269709697014,2.1836504302005393,-0.28980956997390095,0.17630938790105022
4987,True,0.27625253531398264,2.3403667504901873,2.1615880822210323,2.2304581421304457,1.9653593071932165,-0.10990860835974159,-0.19622877502781577
4988,True,0.8240176483768937,2.8721768387931825,2.277801416915004,2.796426230384953,2.3081522420867304,-0.07575060840822934,0.03035082517172638
4989,True,0.7513205986068701,2.2799374794059597,2.347030563094567,2.356117089729413,2.4175719052133693,0.07617961032345333,0.07054134211880214
4990,True,0.3039972406738309,2.793153899895242,2.1380772617938764,2.511958541086417,2.055741859409882,-0.2811953588088252,-0.08233540238399417
4991,True,0.17887305502630396,2.556282632828381,2.344897313764507,2.51310786282921,2.4218909779973585,-0.043174769999171136,0.0769936642328517
4992,True,0.45995224681534086,1.9766928927630616,2.553208013362797,2.204971151088603,2.6546207810075244,0.22827825832554138,0.10141276764472762
4993,True,0.7415170971692058,2.7861453969418037,2.179130568667238,2.9137112560792633,2.150200729009736,0.12756585913745955,-0.028929839657501955
4994,True,0.9014547225587598,2.2699893163404976,2.2300744113818265,2.507549172566712,2.854478076380514,0.23755985622621445,0.6244036649986877
4995,True,0.7243041224573923,2.0049873827782556,2.788079819768437,2.144643743130546,2.4628461076975556,0.13965636035229023,-0.32523371207088125
4996,True,0.4885408235310198,2.6704735327091336,2.032016564253353,2.5215480529067853,2.382368842466884,-0.14892547980234827,0.3503522782135309
4997,True,0.7684361127024015,2.939702035598166,2.028476561092092,2.836101620912234,2.0660408862643544,-0.10360041468593195,0.0375643251722626
4998,True,0.36564747798803515,2.72887936974136,2.11044262487754,2.592494794070954,2.0051989641277492,-0.13638457567040563,-0.10524366074979064
4999,True,0.6480870821807774,2.0641038273061754,2.7321734999995884,2.201759085116035,2.693002103231819,0.13765525780985977,-0.03917139676776937
5000,True,1.0416523300898106,2.662126839371107,2.314511336718833,2.530430413033127,2.1443229909959927,-0.13169642633797984,-0.17018834572284014
5001,True,1.05388339301379,2.621520339135289,2.2455271333252687,2.5088443087951875,1.903050788051911,-0.11267603034010154,-0.3424763452733577
5002,True,1.1818274562044284,2.6391458346214973,2.1610844778027536,2.47858764939572,2.1253636593136243,-0.16055818522577736,-0.035720818489129336
5003,True,2.5330583625540046,2.541508371695832,2.161847909197129,2.303669668616141,2.1634384109481832,-0.23783870307969135,0.0015905017510542407
5004,True,0.4785263406935008,2.239278583673769,2.351076485591228,2.276829032173694,2.3561019428447914,0.03755044849992517,0.005025457253563292
5005,True,0.8358036348260977,2.163501078899662,2.296513259770124,2.219750901287349,2.35322061179546,0.056249822387687054,0.05670735202533583
5006,True,1.2049746807499857,2.2653354471689178,2.951652870020457,2.4480698270870462,2.607003930539039,0.18273437991812846,-0.3446489394814183
5007,True,0.9151690620788268,2.2962968068392207,2.9337350883302333,2.2121453041909342,2.622837304652349,-0.08415150264828641,-0.3108977836778841
5008,True,0.8975069969520261,2.5089311769357088,2.3987225237405014,2.63264724266678,2.6660220160188097,0.12371606573107119,0.2672994922783083
5009,True,1.0321403931355446,2.343825717624926,2.669509752389004,2.6392314846799625,2.8128612136664333,0.2954057670550365,0.14335146127742915
5011,True,1.3531593643121917,2.420579495658013,2.462107050881419,2.5749823218346566,2.7371881016294806,0.1544028261766437,0.27508105074806144
5012,True,1.2052911586204607,2.6157392303132974,2.387313058838325,2.481247538884623,2.551746922421775,-0.13449169142867445,0.1644338635834499
5014,True,1.2691158201205595,2.6288960848614766,2.382868123333728,2.798059306451348,2.480360002817333,0.16916322158987152,0.09749187948360527
5015,True,1.3994949571747728,2.523612915603342,2.0931801157807706,2.6437818184997797,2.4461988717637,0.12016890289643767,0.35301875598292964
5016,True,1.2073809545839027,2.3842892557321984,2.0755784177910503,2.52413896734431,2.3813267903849313,0.1398497116121118,0.305748372593881
5021,True,0.982209168068966,2.504918406056373,2.0612216597202737,2.3372156524045873,2.075799085336777,-0.16770275365178566,0.014577425616503437
5022,True,0.5295591004027401,2.60319701207957,2.258955079212511,2.797341568816186,2.539357255931705,0.19414455673661601,0.280402176719194
5023,True,0.6236473504284793,1.9955150580489238,2.510821113022591,2.2052825881627958,2.2424824206923004,0.20976753011387195,-0.2683386923302904
5025,True,0.5960482010040805,2.6597270472174395,2.22304670560472,2.808214930950443,1.972138517068464,0.14848788373300348,-0.25090818853625607
5026,True,0.9208788836761496,2.4984442892328023,2.2418340229820757,2.155271361766309,2.4790776941538155,-0.3431729274664934,0.23724367117173983
5029,True,0.8685443372972608,2.430733925587085,2.342669804688659,2.3221305466657123,2.9270456133456477,-0.1086033789213725,0.5843758086569886
5030,True,0.3933376794612478,2.1909684228897506,2.488617562121589,2.4055458002862884,2.7096533012571924,0.21457737739653782,0.22103573913560348
5033,True,0.9733896767039298,2.3401625423461505,2.599736263662143,2.638970798781032,2.5993847792200757,0.2988082564348815,-0.00035148444206711815
5034,True,0.9182026175315423,2.6507970187473804,2.5032325601110252,2.7499409259075,2.4418822393008632,0.09914390716011967,-0.06135032081016201
5035,True,0.8204499975588921,2.2114242819730454,2.598407659875563,2.1995262295244404,2.5177122593004944,-0.011898052448604979,-0.08069540057506863
5036,True,0.9191528616932053,2.3511818940694487,1.9739517059188656,2.2619166939555932,2.024263566436693,-0.08926520011385541,0.050311860517827434
5037,True,0.3853369586042224,2.262451117306184,2.1191304079975826,2.3135901554119305,2.2512204216686555,0.051139038105746604,0.13209001367107298
5038,True,1.021756506487068,2.53486208488746,1.996288276502169,2.479274577072092,2.435618836813552,-0.05558750781536803,0.43933056031138307
5039,True,0.3930208943759073,1.9710918353795694,2.709764453176696,2.4225426292232712,2.3529575814820802,0.4514507938437018,-0.3568068716946158
5040,True,0.9617101819137849,2.074344631226933,3.027520019785171,2.444508304611584,3.003382240228506,0.37016367338465095,-0.02413777955666463
5041,True,0.575269679661047,2.3932042863073764,2.5034380137722607,2.5913366460099314,2.2984174808319744,0.19813235970255505,-0.20502053294028633
5042,True,0.8687231407187926,2.5718610193398868,2.317685524893315,2.706304622213841,2.3326295979471325,0.1344436028739544,0.014944073053817508
5043,True,0.6098124439447052,2.4017236895613117,2.555234578566125,2.5934673796841943,2.6276306450808495,0.19174369012288262,0.07239606651472474
5044,True,0.37550122118439744,2.4273352055288946,2.5256337697496845,2.756801243001026,2.6102054229546763,0.3294660374721312,0.08457165320499183
5045,True,0.5537693676911155,2.56853408910608,2.5143540742305968,2.4445273191858585,2.1397473766491686,-0.12400676992022142,-0.37460669758142817
5046,True,0.676040525333671,2.6395528221651485,2.4909741244340537,2.5613394516484926,2.7096389160220227,-0.07821337051665589,0.21866479158796892
5047,True,1.883480915444022,2.538840241882108,2.43661265584007,3.069915386597813,2.9705677886008592,0.5310751447157047,0.5339551327607892
5048,True,0.8772167723378742,2.16489345469933,2.4755678826887375,2.500984492216815,2.354259465751598,0.33609103751748526,-0.12130841693713945
5049,True,1.0068382366041708,2.1675724817177393,2.642522185583311,2.287532152208139,2.521977298599454,0.1199596704903998,-0.12054488698385679
5050,True,0.8144978812754767,2.2641100330814314,3.1766144647879444,2.1457409368488545,2.877247850513577,-0.11836909623257696,-0.2993666142743674
5051,True,0.6083400601836793,2.1834471989265047,3.1696949077316576,2.03070022742846,2.7510878631626796,-0.15274697149804473,-0.418607044568978
5052,True,0.8558309521948915,2.0636450021018633,2.6929428390145973,2.130953855244641,2.7760689119411284,0.0673088531427779,0.08312607292653107
5053,True,0.859294615915823,2.353734551176067,2.1733468247382883,2.530075566542035,2.1468173546552585,0.17634101536596836,-0.02652947008302986
5054,True,0.5426989860917186,2.4906270852538324,2.030304625936709,2.2399549113625032,1.8088076592498716,-0.2506721738913291,-0.22149696668683716
5055,True,0.5427025450049611,2.387772235892695,2.2574060428066547,2.4119185327056547,2.414228486244208,0.024146296812959545,0.15682244343755336
5056,True,0.5809959994085291,2.523633914219731,1.9454234707384406,2.3255240255379,2.0471582566386997,-0.19810988868183088,0.10173478590025908
5057,True,0.6230097064220913,2.6324217045716667,2.494221962376243,2.6620621898477506,2.501904260758393,0.029640485276083872,0.007682298382149622
5058,True,0.507534813515202,2.4915960136025266,2.496039689468098,2.3454613734672756,2.382306231978794,-0.14613464013525101,-0.11373345748930364
5059,True,0.24544908894144585,2.4086688246622865,2.671584233764678,2.3914701054242764,2.542118651346943,-0.017198719238010085,-0.1294655824177351
5060,True,0.2375940890371448,2.240722168431419,2.6840926025940313,2.080131244696113,2.5456572591220916,-0.16059092373530603,-0.13843534347193964
5061,True,0.32043035087289273,2.4321290537510545,2.2316924441777366,2.4899415435584022,2.421966272984205,0.05781248980734777,0.19027382880646826
5062,True,0.6927778252673306,2.612192039399094,2.446616530844178,2.368130422314616,2.2535280746185524,-0.24406161708447804,-0.19308845622562565
5063,True,1.0722478531269408,2.82890802674813,2.2145029826803126,2.521295231286491,2.34188769796376,-0.307612795461639,0.1273847152834473
5064,True,0.9209641240796987,2.1433121154885493,2.8351130918360203,2.019398470674869,2.596399493687749,-0.12391364481368017,-0.23871359814827153
5065,True,0.4279364634574037,2.248173368426021,2.448693151948606,2.500265570548857,2.3194729316066613,0.252092202122836,-0.1292202203419448
5066,True,0.6415576385318118,2.1202114182080996,2.7882868270857646,2.2610422080458825,2.5387705792093542,0.14083078983778297,-0.24951624787641036
5067,True,1.1303614248551026,2.7206568561470594,2.0998129958165324,2.6321594577580214,2.1639212638617424,-0.08849739838903803,0.06410826804521008
5068,True,1.146640618973702,2.2181106001504975,3.098036462809952,2.1679899678720838,2.925921481158713,-0.05012063227841379,-0.17211498165123906
5069,True,1.0287975587377485,2.2193784114702026,2.365049494915487,2.577427366044483,2.1738760891196165,0.3580489545742802,-0.19117340579587072
5070,True,0.4678950191714931,2.1835251251359575,2.6266416048635186,1.9633876301802962,2.351195650465737,-0.22013749495566137,-0.27544595439778163
5071,True,0.3616978271464278,2.148637025279049,2.718695951334021,2.191859485139045,2.5525746935580553,0.043222459859995954,-0.16612125777596587
5072,True,0.9808567791855947,1.996791774497281,2.699876497879116,2.134174313357276,2.476892774924462,0.13738253885999496,-0.22298372295465407
5073,True,1.2261657995451247,2.0640389824564846,2.7248153245311872,2.209955439372704,2.610703525458607,0.14591645691621924,-0.1141117990725804
5074,True,0.9886148048471557,2.165807256198021,3.0846215311768796,2.0171923423818563,2.693351464750377,-0.14861491381616476,-0.3912700664265025
5075,True,0.8094523138407831,2.622331519011279,2.053023967200578,2.4788620012905116,2.244700951124225,-0.14346951772076721,0.19167698392364718
5076,True,0.48784756459086553,2.479493065729364,2.093422314799381,2.1940633435226977,2.1106757905253946,-0.2854297222066662,0.017253475726013434
5077,True,1.2362239076054897,2.690127619667885,2.0851214121244834,2.383440787778039,2.393086204544458,-0.3066868318898459,0.30796479241997465
5078,True,0.8534729059104833,2.3856711234577155,2.4579291469446387,2.403800364138836,2.289529397816503,0.01812924068112043,-0.1683997491281355
5079,True,1.078860881746152,2.2151003852195954,2.8060158858067785,2.6206217598344863,2.8529562148539886,0.4055213746148909,0.04694032904721013
5080,True,0.44714410502096774,2.2024494368089362,2.6718446251419636,2.477948855033534,2.589335981123346,0.27549941822459756,-0.0825086440186178
5081,True,0.7502742663663875,2.439128949563758,2.381443875488146,2.345978823459837,2.253454797634512,-0.09315012610392115,-0.12798907785363411
5082,True,0.3951677787989232,2.971748313854994,2.260523752717498,2.989209812433045,2.5514594764763556,0.017461498578051238,0.29093572375885746
5083,True,0.329071428615988,2.821825931715137,2.245947822657508,2.559597301385708,2.227611854396991,-0.262228630329429,-0.018335968260517088
5084,True,0.5830185940222627,2.7395025697560493,2.170887920759614,2.7547215115444974,2.147762068148844,0.01521894178844807,-0.023125852610769826
5085,True,0.3376243173038936,2.168133807540485,2.404225482478713,2.4888662765620815,2.5883792529675786,0.3207324690215967,0.18415377048886583
5086,True,1.475799372767901,2.4909626672634015,2.5149485906872924,2.582011594521605,2.6294188457067844,0.09104892725820335,0.11447025501949204
5087,True,0.6051304109499012,2.440073123514949,2.028788992083701,2.707730566183792,2.16322724132926,0.26765744266884317,0.13443824924555914
5088,True,2.258922959959634,2.2669191133342186,2.332583403782167,2.745105825761186,2.689554052095812,0.4781867124269672,0.356970648313645
5089,True,1.119294150578256,2.6059612832887598,2.0866007821574306,2.3375877370458205,2.1731084358538117,-0.2683735462429393,0.08650765369638114
5090,True,0.48083761698991734,2.124648156307298,2.5628111294826237,2.25952540786135,2.330848784706979,0.13487725155405217,-0.2319623447756447
5091,True,1.0879793220690617,2.1120597309972085,2.718722842291946,2.4251492531761834,2.358593028478843,0.3130895221789749,-0.36012981381310327
5092,True,0.8022889491516845,2.2716399372039575,2.986066079275541,2.4211662635089723,2.7834971148909067,0.14952632630501483,-0.20256896438463423
5093,True,0.9708310919692004,2.67337903057161,2.231662754338119,2.612433841449961,2.434876308855339,-0.06094518912164881,0.20321355451722
5094,True,0.8575330794821902,2.52929892456388,2.111533534779877,2.555581673641052,2.0654507134148714,0.026282749077171985,-0.04608282136500552
5095,True,1.1585241100336139,2.948960049407248,1.9552707638074067,2.92045209844589,2.4429509593655374,-0.028507950961357942,0.4876801955581307
5096,True,1.22849065915124,2.1718272868946094,2.170570685534106,2.5557812067266243,2.5183604433666757,0.383953919832015,0.3477897578325697
5097,True,0.7844389160886817,2.0202130409191996,2.5160708087611527,2.2977799970932815,2.3985090315339654,0.2775669561740819,-0.1175617772271873
5098,True,0.41220243416401037,2.4779410243385533,1.8899615543708819,2.649970946247147,2.356645425642347,0.17202992190859367,0.46668387127146516
5099,True,0.9791379114895253,1.996736726311208,2.725046095701869,2.292983412993212,2.3864608617626644,0.29624668668200416,-0.3385852339392046
5100,True,0.999369561595766,2.4946708901376153,2.05461139218588,2.4836286998973898,2.352434734360339,-0.011042190240225569,0.2978233421744587
5101,True,1.5809365586626003,2.4090378528781984,2.1295293175723127,3.0517929943423425,2.616180154644362,0.6427551414641441,0.4866508370720495
5102,True,1.1580611394673992,1.9999151138485853,2.8670744371920307,2.7113185677336036,2.588850982768417,0.7114034538850182,-0.2782234544236135
5103,True,1.5011080572847157,2.1164188720336057,2.3818359769094095,2.877691175600502,2.4307317245685507,0.7612723035668965,0.048895747659141175
5104,True,0.40931155299578376,2.4701835390917815,2.1016704748842048,2.4755436491477987,2.2547263772897144,0.00536011005601722,0.1530559024055096
5105,True,0.45618731655866473,2.5449644804986966,2.305289462800713,2.6020571891474638,2.1992707527516933,0.05709270864876714,-0.10601871004901975
5107,True,2.361351272424049,3.0348586781759708,2.184670993284801,3.162487134698574,2.8566543140257625,0.12762845652260335,0.6719833207409613
5108,True,0.5556450145523242,2.0635380817905933,2.654316005621787,2.015739972058648,2.65340698606452,-0.04779810973194509,-0.0009090195572669657
5109,True,0.19514791668160505,2.63695265810746,2.060743514511207,2.6517988014679768,2.171443192309898,0.014846143360516706,0.11069967779869083
5110,True,0.29839155208537693,2.0980009488320066,2.7627457325457945,2.0836848416087306,2.8142851034472325,-0.014316107223276031,0.05153937090143801
5111,True,1.0410943359237246,2.7489808317083626,2.1818263329146985,2.6682106675684363,2.2339152748971927,-0.08077016413992633,0.05208894198249414
5112,True,0.9855865379006384,2.4002709964918543,2.6119965320229657,2.348929834255166,2.7416817378692957,-0.05134116223668839,0.12968520584633003
5113,True,1.1374834117637205,3.17388001641524,1.9849498927176978,3.075180924103328,2.4620377121677075,-0.09869909231191176,0.47708781945000966
5114,True,0.8410581500154395,2.199656526665015,2.6886403021043925,2.6313714419475254,2.402782093091673,0.43171491528251016,-0.28585820901271974
5115,True,0.7851412160083109,2.1499159300772672,2.563435749867743,2.4747392211627064,2.3214341576374724,0.32482329108543917,-0.24200159223027073
5116,True,0.5684404001044312,2.7820373363598123,2.1299740297477805,2.938840864761139,2.5986205521766736,0.15680352840132672,0.46864652242889315
5117,True,2.4314470536709525,2.2478208339634187,2.4829232083775765,2.086491777307785,2.0963318870918313,-0.1613290566556338,-0.38659132128574525
5118,True,0.4857854780614654,2.6985022099120095,2.236891095672742,2.558408798210521,2.304154927858368,-0.1400934117014887,0.06726383218562582
5119,True,1.0450789553443947,2.9590721997612697,2.3360644712635823,2.825226153450729,2.8331686217413887,-0.13384604631054087,0.49710415047780643
5120,True,0.6821407803272806,2.227280219864577,2.5174400795450924,2.5280155263118935,2.48531157975655,0.3007353064473164,-0.032128499788542264
5121,True,0.32096724561725337,2.494463753274439,2.1716266354279226,2.6519570379267083,2.130408843186913,0.15749328465226942,-0.04121779224100974
5122,True,0.6173464275182916,2.176383959736884,2.64205948195721,2.2220830084236276,2.7237967852800624,0.04569904868674346,0.08173730332285256
5123,True,0.552659787468259,2.4433763340304333,2.671717426338347,2.342831601783193,2.331427650163736,-0.10054473224724036,-0.3402897761746111
5124,True,0.278550578838204,2.5158486941785667,2.49771145487224,2.15417001158358,2.3855411529346964,-0.3616786825949867,-0.11217030193754374
5125,True,1.3537843461834442,2.4306887489763063,2.686940483263446,2.433168383784608,2.0434584672324516,0.0024796348083016007,-0.6434820160309944
5126,True,0.7001135560078828,3.061406837991318,2.5313008769800556,2.72038243258039,2.1960197269444097,-0.34102440541092793,-0.33528115003564585
5127,True,0.5383898305667315,2.338389347606596,2.6783153545652536,2.662916880854714,2.5641982392627134,0.32452753324811834,-0.1141171153025402
5128,True,0.2709439394468911,2.785640756953416,2.47423843665076,2.4723910935181754,2.362446890270763,-0.3132496634352404,-0.111791546379997
5129,True,0.24953441550593766,2.8799626565981717,2.263275852696706,2.4773071576782724,2.4464069775773205,-0.4026554989198994,0.18313112488061467
5130,True,0.7582303472173231,2.351145072193547,2.502722088047333,2.9109844279016674,2.5222970461801286,0.5598393557081205,0.01957495813279575
5131,True,0.30696582210569995,2.2328247651349624,2.471636276356212,2.308906438561121,2.8686148783059044,0.07608167342615868,0.3969786019496926
5132,True,0.6842762931967609,2.5485356426191097,2.3042556580813685,2.2021209393514245,2.7008026544945856,-0.3464147032676852,0.3965469964132171
5133,True,0.3650655713944419,2.2705370928923405,2.7793730880362215,2.5367508077452148,2.5650483448455703,0.26621371485287426,-0.2143247431906512
5134,True,1.0304565239676715,2.757657922694546,2.2334958448584588,2.9432645023310426,2.488629209060683,0.18560657963649652,0.2551333642022242
5135,True,0.9752887958426033,2.2989668194647788,2.360551907372511,2.3587912316631585,2.3716658293547597,0.05982441219837975,0.011113921982248698
5136,True,1.1039772949138627,2.1604416923397864,2.5792448629395386,2.410246417437437,2.4079444617725305,0.2498047250976505,-0.17130040116700807
5137,True,0.9646432045197582,2.405281614738698,2.2384985579847934,2.3986058533862957,2.2539381147799955,-0.006675761352402443,0.015439556795202147
5138,True,0.538914453438327,2.271762089040135,2.414759681003474,2.5610078911258745,2.3604604218586256,0.28924580208573936,-0.054299259144848566
5139,True,0.7364958052579167,2.4848110253699374,2.215752420059606,2.6822118984237617,2.3291957232413942,0.19740087305382437,0.1134433031817883
5140,True,1.027714994374155,2.0286452063138096,2.503240616560861,2.2833298531839414,2.6144853076035828,0.2546846468701318,0.11124469104272183
5141,True,1.2561804332287805,4.04710633046625,1.9146776404658825,2.8855409269772965,2.3055897032650887,-1.1615654034889538,0.3909120627992062
5142,True,1.0396361341804712,2.1122465391142202,2.4976071516753793,1.9925649790450999,2.629915160963562,-0.11968156006912034,0.13230800928818276
5144,True,0.9675427290643005,2.2306890258617402,2.3688828243921227,2.2654043794307457,2.4351750345496725,0.03471535356900546,0.06629221015754982
5146,True,0.5604338439592239,2.826091923239582,2.3008663392079076,2.7811045438332593,2.222435290222642,-0.04498737940632269,-0.07843104898526576
5147,True,0.26113070234948194,2.7358198249519283,2.6581537559930575,2.4284728583976394,2.4260837136352076,-0.30734696655428895,-0.2320700423578499
5148,True,0.924598856380226,2.529701187353953,2.883399027571453,2.6704533942495607,2.6695799701130882,0.14075220689560775,-0.21381905745836471
5149,True,0.30192039518804864,2.4155442783356302,2.2245418612829027,2.7424929570088237,2.232383821886595,0.32694867867319344,0.007841960603692133
5150,True,0.4764960761101163,2.499417321797222,2.5655501604529194,2.573965256700059,2.5061034072753263,0.07454793490283684,-0.05944675317759307
5151,True,0.5464847842253321,2.196583130181965,3.136253611444712,2.1270680786291254,2.8823252716919368,-0.06951505155283977,-0.2539283397527754
5152,True,0.3114942695359435,2.2631704417917797,2.4116932278173357,2.3665765707189785,2.5062567459580034,0.1034061289271988,0.09456351814066766
5153,True,0.26358654256438613,2.1138442289818804,2.6657144472917573,2.1385519423004435,2.5328440649410298,0.02470771331856314,-0.13287038235072757
5154,True,0.9738618140775038,2.733562653040899,2.087102748932117,2.4586208922729424,2.2892765927060887,-0.27494176076795673,0.20217384377397174
5155,True,0.3175917304940099,2.794514147700813,2.1869305652672195,2.6814106689250345,2.032796306507123,-0.11310347877577831,-0.15413425876009645
5156,True,0.3159653215016131,2.104904163376566,2.7329362632341065,2.294540127419,2.6617328763850443,0.18963596404243388,-0.07120338684906224
5157,True,0.2795202630344494,2.156228082045125,2.550018026877457,2.2338102418464287,2.5768787166077494,0.07758215980130378,0.026860689730292542
5158,True,1.1355087206874255,3.1025397238230488,2.5591307659437805,2.8114477820060966,2.6155341429706094,-0.2910919418169522,0.05640337702682885
5162,True,0.6584540275613598,2.5476562480248393,2.670711668993866,2.43711739522412,2.6053508032589394,-0.1105388528007194,-0.0653608657349265
5163,True,1.5204972668652776,2.781498550673719,2.38773006215108,2.783631997943873,2.474569618270013,0.0021334472701539653,0.08683955611893301
5164,True,0.6795630076405786,2.343973582167683,2.1633400614327836,2.2512137923293736,2.2056210352682983,-0.09275978983830946,0.04228097383551477
5167,True,0.8438934283902776,2.3083644491284296,2.253792388686234,2.2644992422760932,2.0746585858947975,-0.043865206852336414,-0.17913380279143665
5168,True,0.3292817207871328,2.648079773080864,2.136080535981731,2.522017157587355,2.1665329665133184,-0.12606261549350872,0.030452430531587193
5169,True,0.5461804553916919,2.2402865008520676,2.6595522610582405,2.2967819296805256,2.596390090132259,0.05649542882845804,-0.06316217092598153
5170,True,0.7587714726678828,2.2930991344902645,2.4143764783894,2.315433858976326,2.4243652854955666,0.022334724486061663,0.009988807106166675
5171,True,0.6823513039333211,2.378575753134636,2.409676331667803,2.369858618128938,2.782965751502163,-0.00871713500569804,0.3732894198343599
5172,True,1.1402602019986383,2.50919183907887,2.207224586783139,2.592228361018373,2.337329942419983,0.08303652193950306,0.1301053556368439
5173,True,1.5326229678000642,2.0958117046624203,2.8550571831050955,2.272586643563893,2.5580242219975164,0.17677493890147256,-0.29703296110757904
5174,True,0.8479621876675634,2.1364212103655964,2.6898469101047366,1.9664937027343872,2.3720442744677004,-0.16992750763120923,-0.31780263563703626
5175,True,1.0897713913619262,2.5819463436330357,2.4489752388499153,2.6108635889686003,2.228727621556524,0.028917245335564612,-0.22024761729339115
5176,True,1.2525543255655815,2.1839587620191003,2.4710889513936967,2.41297602237631,2.305265978755597,0.22901726035720982,-0.16582297263809975
5177,True,0.2807730395052319,2.0281475849158515,2.4424190997861115,2.4137134725609,2.605012946548635,0.38556588764504873,0.16259384676252342
5178,True,0.2991905873645665,2.45290379401639,1.9051304289733024,2.543474284667726,2.281984582908044,0.09057049065133604,0.37685415393474164
5179,True,0.40966906416700233,2.0433924526140346,2.2687946744031287,2.2547897516302933,2.3312270956944543,0.2113972990162587,0.062432421291325646
5180,True,0.3557787829593959,2.2546317610199673,2.1590238379878994,2.298460897208826,2.1259577919998787,0.04382913618885853,-0.033066045988020765
5181,True,0.33253054731709947,2.305957019092073,2.2291496541057985,2.4769444666869305,2.5512022809109043,0.1709874475948574,0.3220526268051058
5182,True,0.3841264628131167,2.2750457122879975,2.0870550600307602,2.3822661217609586,2.6276025112430914,0.10722040947296119,0.5405474512123312
5183,True,1.0894423021752921,2.79861116675754,1.7591397562729345,2.7946027407032292,2.895822050425751,-0.004008426054310732,1.1366822941528165
5184,True,0.459999532314861,2.807908199799274,1.90346847383927,2.4803343331611565,2.0164984093854375,-0.3275738666381174,0.11302993554616747
5185,True,1.032065037779851,2.6395291125880767,1.857413848688547,2.7717928966313483,3.307734204050259,0.13226378404327166,1.4503203553617119
5186,True,0.7858176078325871,2.3019931355458034,2.7529356483942737,2.6065201825646773,2.738634075520313,0.3045270470188739,-0.014301572873960833
5187,True,0.7884486180635122,2.651288954056121,2.300975003558274,2.5048625707956518,2.474003707696494,-0.14642638326046908,0.17302870413822014
5188,True,0.8969627524218851,2.43123123974253,2.473230179117989,2.442125426182283,2.6511235805463693,0.010894186439752929,0.1778934014283804
5189,True,0.3843561510763518,2.774563326038892,2.3787461011844035,2.534092723196016,2.5489909518099507,-0.2404706028428758,0.17024485062554717
5190,True,0.6696669015992793,2.3406477879638365,2.63683402636571,2.461652621937141,2.7034147623585247,0.1210048339733043,0.06658073599281478
5191,True,0.5880900211483298,2.6114558791601286,2.409600801398439,2.6245941918929105,2.463645459210598,0.013138312732781987,0.05404465781215917
5192,True,1.4640928070949604,2.530500284350903,2.3873617814231674,2.1508120025269526,2.252587901181439,-0.3796882818239502,-0.13477388024172843
5193,True,0.8577019248410788,2.1839976324391928,2.768176747319434,2.5562918217468837,2.557324476858969,0.372294189307691,-0.21085227046046473
5194,True,0.8007122546304558,3.1076845221000156,2.0492863378747246,2.3895207161918472,1.9938769752201364,-0.7181638059081683,-0.05540936265458818
5195,True,0.8581983870685541,2.554666064968179,2.227365562228168,2.3421580747776183,2.7048955331956908,-0.21250799019056066,0.4775299709675229
5196,True,0.8816138863332184,2.219322660160077,2.926894168670948,2.479860459548884,2.6838726385925993,0.26053779938880695,-0.24302153007834892
5197,True,0.9025398815251913,2.140772157797275,2.4476074627072046,2.2980872435462496,2.369027303069553,0.15731508574897468,-0.07858015963765164
5201,True,0.9815378607321461,2.7685267586028495,1.7110361906166682,2.7535871288566485,2.080714043663136,-0.014939629746201,0.36967785304646794
5202,True,0.9611226574958933,2.7346447761455233,1.7579501102420398,2.56376993670454,2.620693050002232,-0.17087483944098336,0.862742939760192
5203,True,0.7531499441672653,1.8285070966775054,2.777094630364619,2.3305330594793117,2.676257307213378,0.5020259628018062,-0.10083732315124116
5206,True,1.3785844074760165,2.870570852391559,2.0663026116471905,2.4762850211401353,2.33783452031875,-0.3942858312514237,0.2715319086715593
5207,True,1.001079870221528,2.5314028294406246,2.1509558575200933,2.259985655496291,2.513884002980249,-0.2714171739443336,0.3629281454601556
5208,True,0.9386099683761708,2.2188058448183337,2.4826239300586788,2.5182842007750037,2.1689819629180875,0.29947835595667005,-0.3136419671405912
5209,True,1.1986954862456753,2.218311831754048,2.4697660422598737,2.171228828619867,2.244925098126216,-0.04708300313418068,-0.22484094413365785
5210,True,0.9395271129794135,2.3984478258448734,1.860618192456475,2.3792946865867624,2.038517777991156,-0.019153139258111018,0.177899585534681
5211,True,0.803516106871186,2.823766829502748,1.93664249240793,2.367253145795988,2.1262274879878214,-0.4565136837067598,0.1895849955798914
5212,True,1.1172176004690249,2.1707463837813945,2.097010315711394,2.212510492338285,2.1046415255453836,0.04176410855689028,0.007631209833989683
5213,True,0.3577123530552877,2.8040384660699647,1.9935031371432552,2.4050613281066244,2.228483533284462,-0.3989771379633402,0.23498039614120692
5214,True,1.2328347477014794,2.4844630205740637,2.136302281817814,2.6411405831856056,2.587413239121652,0.15667756261154198,0.4511109573038379
5215,True,0.2950618564932643,2.567521831533278,2.3947070240428157,2.4582714552266194,2.4097978103253808,-0.10925037630665857,0.015090786282565105
5216,True,1.0314930125459518,2.1154590437302256,3.0563768502264246,2.344787911298589,2.735780360011015,0.22932886756836357,-0.3205964902154097
5217,True,0.5346468335138509,2.2287187967529682,2.362581839958142,2.6989689941905595,2.426997364406892,0.4702501974375912,0.06441552444874965
5218,True,0.7735112449710253,2.0482000684015222,3.389256925064844,2.393507885463092,3.0630351297735716,0.34530781706156954,-0.32622179529127227
5219,True,1.0625876920191757,2.121531621942035,2.360931970684458,2.4829012052500197,2.229300967796632,0.36136958330798485,-0.13163100288782603
5220,True,0.8729088379601501,2.531427478913824,2.2384319053748323,2.5729787516924816,2.2186379347212104,0.041551272778657555,-0.019793970653621873
5221,True,0.2537986137656116,2.7753323504221976,2.174631797845327,2.5296780529150347,2.2302671694149114,-0.24565429750716294,0.055635371569584535
5222,True,0.390994708128286,2.3568184299601866,2.2470706313109075,2.3265760183378923,2.106070980366996,-0.030242411622294352,-0.14099965094391154
5223,True,0.896067675095135,2.430177334290648,2.342608065255475,2.517798207506114,2.5126953368138367,0.08762087321546597,0.17008727155836167
5224,True,1.0146153546762038,2.373890990673329,2.355994368329432,2.514440115634691,2.264617219689897,0.14054912496136218,-0.09137714863953539
5225,True,1.0244488544282881,2.439920251176255,2.308311751237254,2.3416908976295314,2.2519959191690377,-0.0982293535467238,-0.05631583206821622
5226,True,1.5292878760293713,2.7337174832816937,2.2541493691634544,2.1796215538326833,2.4109576815952205,-0.5540959294490104,0.15680831243176607
5227,True,1.243443322261083,2.113635018847862,3.0745425452902744,2.4712479206856197,2.897866002294447,0.35761290183775785,-0.17667654299582747
5228,True,1.1448212587475013,2.6212388773822197,1.9812590758908841,2.481647260072833,2.08925824192846,-0.13959161730938652,0.10799916603757587
5229,True,0.46757353831322945,2.1337988029802624,2.1226824712848598,2.242393225495252,2.1360324559619874,0.10859442251498974,0.013349984677127669
5230,True,0.8533277917868193,2.4295929811596015,1.8525857218493291,2.405990158666905,2.115505172242791,-0.023602822492696518,0.26291945039346176
5231,True,0.2764760585150873,2.6971120460596367,1.8343249192550375,2.5065374465820374,2.119452098052702,-0.19057459947759936,0.28512717879766436
5232,True,0.7416170964601229,2.383901798774438,2.184132518094999,2.3021920445768638,2.4535051975563453,-0.0817097541975742,0.26937267946134646
5233,True,0.8091599230316823,2.364956236994672,2.20337526708457,2.223000290046315,2.1125382740930396,-0.14195594694835734,-0.09083699299153025
5234,True,0.5456014700615418,2.311836704332726,2.661148785055056,2.285836448872491,2.4245823422294817,-0.02600025546023499,-0.23656644282557426
5235,True,0.28692259349514965,2.3863068358029733,2.5753189741466977,2.209514904168786,2.157582160189966,-0.17679193163418727,-0.4177368139567319
5236,True,0.7801753374785346,2.3893419392585904,2.2321942356345246,1.9157358675929204,2.198358857238963,-0.47360607166567004,-0.03383537839556139
5237,True,1.0819404767256187,2.287188691866065,2.426036529403463,3.087459182631246,3.080247554122233,0.8002704907651812,0.6542110247187698
5238,True,1.2969141639366335,2.5692786532021006,2.1033686274640497,2.6949822858137673,2.207525120609503,0.12570363261166673,0.10415649314545306
5239,True,1.1278044534532494,2.513287523503827,2.1564907229570918,2.4855620442672515,2.261450881115484,-0.027725479236575534,0.10496015815839232
5240,True,0.23649156711674024,2.294720777284243,2.6184166924689434,2.2870386410701506,2.7246449215339967,-0.0076821362140924165,0.10622822906505336
5242,True,0.46308074129907756,2.372329312574458,2.1891054158948124,2.3851551163985123,2.5484714704832383,0.012825803824054294,0.35936605458842585
5243,True,1.1855265568759688,2.524424532878731,2.2298109369854653,2.7800792325509356,2.45882710324435,0.25565469967220444,0.22901616625888455
5244,True,0.6186514391007452,2.2959410430801572,2.340520263744794,2.216690110699734,2.4217725939043078,-0.07925093238042313,0.08125233015951361
5245,True,0.48382477322439754,2.766167992729292,1.9823013061843047,2.6218193263743403,2.1820518268906905,-0.14434866635495158,0.19975052070638588
5246,True,0.3899883410838962,2.649445540089473,2.014039358379076,2.321732904335251,2.0874710244604597,-0.32771263575422216,0.07343166608138363
5247,True,1.0470297177605372,2.594355338518608,2.1531014237373958,1.8564713945916322,2.1678825033903473,-0.7378839439269758,0.014781079652951501
5248,True,0.2943397302362428,2.3859125536993178,2.1486322617888804,2.3136685091732567,2.275928321914159,-0.07224404452606104,0.1272960601252784
5249,True,0.5807120511421384,2.0126109857843866,3.1000975598358194,2.0377564173752467,2.741907670388812,0.025145431590860134,-0.35818988944700747
5250,True,1.3414855348816133,2.575505318922871,2.114167045008507,2.4079025810997834,2.8596132630180957,-0.16760273782308754,0.7454462180095889
5251,True,1.173122121999993,2.3092460518749403,2.3191833015309506,2.602554594203549,2.583207398113632,0.2933085423286088,0.26402409658268144
5252,True,0.48762286483173356,2.24679280482202,2.370438654996159,2.1884696596044004,2.534596432483286,-0.05832314521761939,0.164157777487127
5253,True,0.3562837057405826,2.0073124513637635,2.5984133351528196,2.072537618956529,2.6208627441233925,0.06522516759276575,0.022449408970572904
5254,True,0.2716780029417593,2.6237704609397525,1.855137541450768,2.5401164871117623,2.0807380064952916,-0.08365397382799022,0.22560046504452358
5255,True,0.7808440341149103,1.9072653803023847,2.557886731600913,2.0246794273884445,2.498642348284764,0.11741404708605985,-0.05924438331614912
5256,True,0.5569827804260639,2.1845690769577417,2.1228659930622094,2.3483542363778938,2.14966417810806,0.16378515942015204,0.02679818504585052
5257,True,1.2765216285302827,2.0729726786911593,3.0060455781807436,2.4977301401776772,2.4874205444646873,0.42475746148651794,-0.5186250337160563
5258,True,1.0553105417467494,2.2498943458082645,2.352076238645338,2.492196177101634,2.411643591714787,0.24230183129336957,0.05956735306944916
5259,True,0.9604206646278703,2.1111962383681915,3.1421855308845146,2.292562286772815,2.751174947759411,0.18136604840462356,-0.3910105831251034
5260,True,0.7968091217308877,2.093284406118767,2.474465514510154,2.230578170573271,2.7625205255617558,0.1372937644545038,0.2880550110516018
5261,True,1.0018343764732238,3.0528789291585086,2.067602111069729,2.63780487264335,2.075555198166987,-0.4150740565151585,0.00795308709725795
5262,True,0.47079454988422215,2.8702126955332075,2.0907081119563293,2.690686275050661,2.134282348423938,-0.17952642048254663,0.04357423646760861
5263,True,0.3363975041252796,2.241740183562761,2.40963345577704,2.460558354910121,2.241545414972447,0.21881817134736004,-0.16808804080459305
5265,True,0.9855241536447736,2.184900372236684,2.092278423752441,2.287977722336693,2.213653717260674,0.10307735010000885,0.12137529350823284
5266,True,0.5353048778867908,2.604762493990575,2.049088903610578,2.2940308256366126,2.1012517192811524,-0.3107316683539625,0.052162815670574236
5267,True,1.1736177592252006,2.1087163842726695,2.355095578570008,2.330677050840592,1.8890416825885552,0.22196066656792235,-0.46605389598145264
5268,True,0.9603212774390267,2.035738119650954,2.646002559881604,2.1414787302947933,2.1159882190354935,0.10574061064383944,-0.5300143408461104
5269,True,1.5708238820001863,2.292862892608278,2.330833208897625,2.593589147815436,2.5362756113297307,0.3007262552071581,0.20544240243210554
5270,True,1.065598132189876,2.331813217691331,2.3126127773797323,2.5814065442887912,2.574900210044265,0.24959332659746014,0.2622874326645328
5271,True,0.40634953836005766,2.3595796324981277,2.3478913282560585,2.207739943992272,2.084045818654187,-0.15183968850585572,-0.2638455096018717
5272,True,0.7821133704388736,2.4725651667246304,2.423355352027432,2.6109628097094757,2.534176107725152,0.13839764298484525,0.11082075569771987
5273,True,0.8060605439492223,2.4826239846984484,2.0217143931327195,2.3570789605250817,2.602577016824286,-0.12554502417336666,0.5808626236915666
5275,True,1.7369958539060972,2.7072301218958095,2.1007972321716344,2.8403161705950977,2.656611514703834,0.1330860486992882,0.5558142825321997
5277,True,0.8984099283813557,2.4368584476124173,2.4887090081807473,2.4293771346199007,2.8990762786199675,-0.007481312992516642,0.4103672704392203
5278,True,0.8283200562393174,2.490956451646636,2.5989040511146233,2.4250352816909695,2.4884335934971222,-0.06592116995566633,-0.11047045761750107
5279,True,0.849802265764583,3.250660791208458,2.0308000191057713,2.74355702742644,2.2018858459141337,-0.5071037637820184,0.17108582680836237
5281,True,0.8208379213127852,2.3204387662896857,2.338919504899645,2.2204407580230554,2.7309875066872786,-0.0999980082666303,0.3920680017876337
5282,True,1.247723896414041,1.9755797756608058,4.077424265955163,2.401310902800593,2.9132166031253157,0.4257311271397872,-1.1642076628298477
5283,True,0.8332677976098254,2.9897480267407155,2.1196430298991387,2.756621956111864,2.255786090681029,-0.2331260706288516,0.1361430607818903
5284,True,0.3935890677622058,2.5599655290843275,2.162316865424677,2.7046674691848906,2.408631291720881,0.14470194010056314,0.24631442629620404
5285,True,0.3807638952701995,2.906605110623044,2.2224736093146302,2.8427790876863788,2.202772044904783,-0.06382602293666517,-0.019701564409847272
5286,True,1.0457102404621936,2.6708001831099235,2.0195540859060945,2.609345709305304,2.0182699215766458,-0.061454473804619436,-0.0012841643294487781
5289,True,0.8684826191373056,2.3721996360761883,3.5172972606249813,2.1980603325061394,3.063998107981303,-0.17413930357004892,-0.4532991526436785
5291,True,1.1357720283730988,2.057179819947687,2.043521065489661,2.1940924705604368,2.5731579593965854,0.1369126506127496,0.5296368939069245
5292,True,0.7953879643701127,1.9106432504525799,2.4881255043908057,2.1424133216447756,2.457957687636018,0.23177007119219573,-0.030167816754787857
5293,True,0.21087078104515913,1.9910657755332948,2.601906313417145,2.085576936306594,2.4778562512762923,0.09451116077329935,-0.1240500621408529
5294,True,0.5921237732575471,1.8813251111118463,2.5313082149157577,2.1336026821549976,2.2856467524554183,0.2522775710431513,-0.24566146246033949
5295,True,0.18741764089055718,2.1366330534979565,2.1657394339578344,2.2951902589646025,2.234657243651697,0.15855720546664598,0.06891780969386252
5296,True,0.5279330274078055,2.090283625300643,2.2836924556734868,2.1026071869512384,2.46070900761752,0.012323561650595227,0.1770165519440332
5297,True,0.38165495322903065,2.771169115175037,1.9925803563721087,2.287730938772521,2.1500849650141736,-0.4834381764025162,0.15750460864206484
5298,True,0.12017930017738938,2.4000186902188907,1.9616183391526496,2.395032568187748,2.1421482695735605,-0.004986122031142681,0.18052993042091092
5299,True,0.9913779093735627,1.9892199680779399,2.375457653527,2.0914761096137338,2.391234433566479,0.10225614153579388,0.01577678003947902
5300,True,0.2794439649299156,1.9485413675362397,2.553831222399006,2.0601084289420304,2.4450718138782754,0.11156706140579065,-0.10875940852073063
5301,True,1.8500805185028992,1.9624518936779063,2.434463640434993,3.196930080508017,2.393263615688209,1.234478186830111,-0.04120002474678408
5302,True,0.264992414259297,2.4836821378952663,2.014877945558986,2.3561897922209067,2.0461515647815536,-0.12749234567435952,0.03127361922256755
5303,True,0.4044328720643355,2.5017971024045895,2.0710622063569217,2.644177151698615,2.137145364462371,0.14238004929402548,0.06608315810544907
5304,True,0.4643360173268165,1.9008593411928196,2.870305907477459,2.3412874601137723,2.5405150171847044,0.4404281189209527,-0.32979089029275466
5305,True,1.4116900364624685,2.3431693976535284,2.4273116156357015,2.265887955581873,2.4023034994883554,-0.07728144207165544,-0.025008116147346104
5306,True,0.858982691537939,2.397133776930274,2.5774682384270036,2.1824536442362295,2.5200292795864496,-0.21468013269404462,-0.057438958840553944
5307,True,0.7632532658705585,2.5127075952645184,2.255731061474306,2.238983446990397,2.2699705117333573,-0.2737241482741215,0.014239450259051267
5308,True,0.9778739640716698,2.3911837114282957,2.091031735627176,2.5725649880312065,1.9405537533997865,0.1813812766029108,-0.15047798222738962
5309,True,0.7797656491105468,2.3781442460456432,2.155410745936839,2.427107443847923,2.1489262478505395,0.04896319780227998,-0.006484498086299251
5312,True,0.33648467778034485,2.335445659654705,2.905401950522509,2.225655746174821,2.7625624300017186,-0.10978991347988387,-0.1428395205207904
5313,True,0.37399474973642327,2.737938853261701,2.4182470890502485,2.668236426698729,2.447747357049947,-0.06970242656297199,0.029500267999698515
5314,True,0.31634892319954544,1.9238452057533113,2.47141740952434,2.2390456531627487,2.5353457316399672,0.3152004474094374,0.06392832211562727
5315,True,0.7062970695667465,1.910999013866831,2.5928539292833297,2.0882844851614446,2.3720929749607205,0.1772854712946137,-0.22076095432260923
5316,True,0.3743958186196603,2.5433599939843354,1.9788461142039317,2.524653277788853,2.0523569862779723,-0.018706716195482365,0.0735108720740405
5317,True,1.3862516976694816,2.8247726006884166,1.9936366217292458,2.304757075360655,2.0278965637689708,-0.5200155253277616,0.03425994203972493
5318,True,0.39683806497755497,2.514762302823072,1.9060049342538439,2.317582530205559,2.17311388984977,-0.1971797726175133,0.2671089555959263
5319,True,0.28400857072943225,1.9845527570210877,2.3517840006471684,1.981695928274063,2.1029079345575266,-0.0028568287470247533,-0.24887606608964186
5320,True,1.094674273521853,2.2917196377829465,2.139233938422818,2.3740990642384747,1.7698220293659475,0.0823794264555282,-0.3694119090568706
5321,True,0.5753794216506501,2.4091985665984446,2.7011918519979288,2.705372678041604,2.6393212951336564,0.2961741114431593,-0.06187055686427234
5322,True,0.8353098319474327,3.1344157053109596,2.5954801094402553,3.0820475612288987,2.8339358992434884,-0.05236814408206092,0.23845578980323312
5323,True,0.6013267868562104,2.549526313043268,2.4744256806176255,2.425343886764926,2.4636499043226494,-0.12418242627834175,-0.010775776294976058
5324,True,1.815456992954445,2.425259753016159,3.0870113220718842,2.8268094475179963,2.770105342287726,0.40154969450183753,-0.316905979784158
5325,True,0.3420754173125301,2.592335036487375,2.4265564818689054,2.3159562055924114,2.447240099934005,-0.27637883089496373,0.02068361806509955
5326,True,0.7230489783992977,2.4026456603294624,2.7209496562964923,2.3307877021294754,2.595519272808815,-0.07185795819998697,-0.12543038348767732
5327,True,0.6365432639669452,2.3728422827065434,2.306575693576953,2.069742809697862,2.6609989467480064,-0.30309947300868156,0.3544232531710536
5328,True,0.555735991067108,2.59480173032546,2.249102589612132,2.847432060653072,2.2251337264065727,0.25263033032761184,-0.023968863205559465
5329,True,0.568698769813124,2.4010345057703777,2.2116032892225497,2.0335307053747673,2.339283420236847,-0.36750380039561037,0.12768013101429743
5330,True,1.5155524067136195,2.9371791545290526,2.064762920870094,2.58658000494572,2.220336258980833,-0.3505991495833327,0.15557333811073892
5331,True,2.672292137497132,2.140597240444825,2.6376118807171007,3.545200537972006,3.3323287973957494,1.404603297527181,0.6947169166786487
5332,True,1.1552941849609775,2.158903072673713,2.5102040392964073,2.636283196928016,2.4011097335636284,0.477380124254303,-0.1090943057327789
5334,True,1.0297839251933243,2.0649161965803846,2.947019173826326,2.487261600137991,2.441464155639808,0.4223454035576064,-0.5055550181865178
5335,True,0.9390744929528451,2.3916450576329256,2.562594758813808,2.645313902925511,2.502660418220978,0.2536688452925855,-0.05993434059283009
5336,True,0.2662728756295087,2.449382287292043,2.4387407000335237,2.5278894284461892,2.4285531165850585,0.07850714115414625,-0.010187583448465265
5337,True,0.9847051364036629,2.4521847267487824,2.65765509261454,1.8785881068424763,2.2813330173275888,-0.5735966199063061,-0.3763220752869514
5338,True,1.7297341298413214,2.08205663520472,2.903992208081833,2.105828489063627,2.8259472082100188,0.02377185385890712,-0.07804499987181401
5339,True,0.5906820657314324,2.1819146415247324,2.648394034013821,2.537867961569317,2.6809309434474438,0.3559533200445846,0.032536909433622974
5340,True,0.3057510637673365,2.1148537269749887,2.4064799253889486,2.2375973426488063,2.707792250239852,0.12274361567381753,0.3013123248509033
5341,True,0.8426624824822861,2.152068320337438,2.38704841687386,2.4437670168872483,2.6521516185908376,0.2916986965498105,0.26510320171697765
5342,True,0.41670800874996583,2.7808457843073566,2.232485763314069,2.3450771494016993,2.185902258746717,-0.4357686349056573,-0.04658350456735194
5343,True,0.5436751012502518,3.052882780668135,2.2052343650959187,2.601637916455324,2.3343702142091773,-0.45124486421281107,0.1291358491132586
5344,True,0.537188565744142,2.660889735652344,2.1496434242683136,2.5151623353672425,2.1524033465661128,-0.14572740028510145,0.0027599222977992
5345,True,0.7561147334834145,2.18882039119248,2.617242650940107,2.1158916365374196,2.7318297745507496,-0.07292875465506032,0.11458712361064238
5346,True,0.9472698858475899,2.3286699999785285,2.3463633839198907,2.3555318564377346,2.514158325757151,0.026861856459206024,0.1677949418372604
5347,True,0.49958280872552896,2.1739942359859192,2.7388488535331774,2.171109112912799,2.8104114056103957,-0.002885123073120166,0.07156255207721829
5349,True,1.7271550800556756,3.072181721529506,2.0172162933359425,3.0673065640175263,2.7750235144207336,-0.004875157511979644,0.757807221084791
5350,True,1.1454700917375809,2.2576660511466264,2.5005055747988245,2.4444727314382133,2.284918326073166,0.18680668029158687,-0.2155872487256585
5351,True,0.8870156108110703,2.2291136539216656,2.881022125149337,2.0854516384524477,2.784588884260296,-0.14366201546921786,-0.09643324088904093
5352,True,0.8576491548127515,2.2364806670525903,2.536348515267569,2.6270181938901755,2.4527817273149277,0.39053752683758525,-0.08356678795264116
5353,True,0.9162517044509223,2.0308452232998953,3.0105728005979193,2.0479976082781444,2.76432828774641,0.017152384978249113,-0.24624451285150917
5354,True,0.6683612569422771,2.194022405309481,2.67464045789336,2.6325494043869337,2.665339239506671,0.43852699907745274,-0.009301218386688959
5355,True,1.8170234777979244,2.2963987068669063,2.2064242177332987,2.402106413141599,2.502910031097802,0.10570770627469273,0.2964858133645034
5356,True,1.5258775734461945,2.0635216506012237,2.5765976033133304,2.7740748688681784,2.4947885503402887,0.7105532182669547,-0.08180905297304175
5357,True,0.6572175316512197,2.211153358159492,2.53002474197388,2.706546121196164,2.2097274024361013,0.4953927630366719,-0.32029733953777884
5358,True,0.7105031757866804,2.395450325178963,2.2829603261992966,2.4198141143827554,2.5226290759959142,0.02436378920379223,0.23966874979661767
5360,True,0.8861358759432442,2.4823043037669654,2.1341470099316027,2.418129732461226,2.026868578486775,-0.06417457130573956,-0.10727843144482785
5361,True,0.883400576182712,2.7040421357109063,2.1622223471696893,2.6409656511884054,2.296756090777164,-0.06307648452250092,0.1345337436074745
5362,True,0.8631278328894817,2.1620262625833204,2.674422158055829,2.0363291606066536,2.598541162632218,-0.12569710197666684,-0.07588099542361126
5363,True,1.230225843277503,2.2685965433721353,2.4133931565950872,2.367408916649171,2.4025987298433753,0.09881237327703563,-0.010794426751711939
5371,True,0.24530409753506935,2.225197856506248,2.4562920051370116,2.364051629577916,2.4744295469626936,0.13885377307166813,0.018137541825681947
5372,True,0.809495670381246,2.2394289210868026,2.4232211291171923,2.3323738359158894,2.55841116549256,0.09294491482908684,0.13519003637536775
5373,True,0.804971861811276,2.609184687330508,2.496035546000898,2.4521623141992457,2.6945643278962557,-0.15702237313126233,0.19852878189535783
5377,True,0.7648474900590636,2.3157610735781877,2.449456449520995,2.580522350909211,2.433551266693595,0.26476127733102306,-0.015905182827400388
5378,True,1.1933135912636166,2.184078411161101,2.351196617341902,2.7411541216491275,2.31268591805913,0.5570757104880264,-0.03851069928277173
5379,True,1.2432269649662884,2.7010157337194465,2.0514393864065297,2.4259002538575243,2.2268677508597134,-0.2751154798619222,0.17542836445318377
5380,True,1.3171000113879738,2.5559341458065776,2.1816165382807307,2.770118001221428,2.1273529350899913,0.2141838554148503,-0.05426360319073931
5381,True,0.6298919165491269,2.165543653081138,2.8230333107138503,2.8536975795400954,2.9027760387732293,0.6881539264589573,0.07974272805937899
5382,True,0.7442520621086771,2.1908797893312175,2.5189064167213515,2.425017387775601,2.782321338694364,0.23413759844438342,0.26341492197301264
5383,True,0.3091558694291792,2.8704382731039524,2.049514360257083,2.5691669111823,1.9790398643991485,-0.3012713619216525,-0.07047449585793464
5384,True,0.5063580515435545,2.494684202078491,2.2842719327172936,2.5498272907555917,2.405808420155063,0.055143088677100494,0.12153648743776957
5385,True,0.8636609939943717,2.3805704913948675,2.866306478832994,2.4207232899181186,2.718696207850005,0.04015279852325104,-0.14761027098298873
5386,True,0.6817310426768,2.621292669905442,2.125388280479593,2.3319036124651467,2.3382567059296546,-0.2893890574402955,0.21286842545006168
5387,True,0.631518128550615,2.3746290447351983,2.2975186522420223,2.3837975908516227,2.510530604726021,0.00916854611642437,0.21301195248399862
5388,True,0.32686997934747714,2.690281326367189,2.0190051980121297,2.463747035544437,2.1729834200980456,-0.22653429082275212,0.15397822208591583
5389,True,0.8744364743602062,2.31118568053283,2.2103268147719692,2.59757696056806,2.5386525425518554,0.28639128003522973,0.3283257277798861
5391,True,0.9240477540167494,1.8130497140729485,2.3418672067818025,2.4572419729599284,2.4176159877931402,0.64419225888698,0.07574878101133775
5392,True,0.6554806970206611,2.380217006367277,2.5465609382262975,2.3392342314052263,2.376303014486368,-0.040982774962050605,-0.17025792373992932
5393,True,0.6440291594771957,2.519582419548922,2.425604575915044,2.5295092088343933,2.5216109165924068,0.009926789285471305,0.0960063406773628
5394,True,0.9253865003972149,2.192735299232445,2.4220473938591707,2.5916866832952627,2.350137601848879,0.3989513840628178,-0.0719097920102918
5395,True,1.156895037812003,2.944249791814547,2.1447669552890827,2.674208953360414,2.379377859555308,-0.27004083845413307,0.23461090426622544
5397,True,0.9946881595607958,2.2674509195570254,2.291253748845815,2.4762459520481808,2.2394820818151238,0.20879503249115539,-0.05177166703069114
5398,True,0.8483156482139815,2.08298098716719,2.626352440134416,2.453516318241637,2.505714835463525,0.37053533107444725,-0.12063760467089102
5401,True,0.4266952482979865,1.9963990245689862,2.743849420795536,2.0842389513645023,2.7608435810253718,0.08783992679551611,0.016994160229835575
5402,True,1.2542897554417878,2.1444596187851146,3.0168449491646068,1.9452833839543788,2.715934853832286,-0.19917623483073577,-0.3009100953323207
5403,True,0.6413071357332495,2.2754747739537784,2.52538747890299,2.122709552252498,2.501087999666945,-0.15276522170128048,-0.02429947923604514
5405,True,0.3001907478667683,1.849505549167128,2.492411331000563,2.0022029951103857,2.302242687259968,0.15269744594325774,-0.19016864374059494
5406,True,0.312373037931006,2.002226599313874,2.786726079434432,2.0261516584436614,2.3575972537829695,0.023925059129787485,-0.4291288256514627
5407,True,0.6621857726895195,2.0205462340911677,2.33882131196464,2.0060746486648995,2.22400907481984,-0.014471585426268252,-0.11481223714480038
5408,True,0.8506939369241057,1.8801259641045334,2.7198831815539433,2.1244968301284897,2.4794355925423837,0.2443708660239563,-0.2404475890115596
5409,True,0.5607456005982634,2.0602576207115457,2.730069386096258,2.154342485868252,2.4405874285179787,0.09408486515670633,-0.2894819575782792
5410,True,0.3615101483361748,2.292211880367956,2.994433880018058,2.2564700593989717,2.6326061510125283,-0.03574182096898415,-0.3618277290055296
5411,True,1.0804924987354756,2.186624001377466,2.5626560401466287,2.3919688484319774,2.583696599546665,0.20534484705451161,0.02104055940003624
5412,True,0.9547580181975178,2.1754932847977257,3.2147163378749295,2.430049402000091,3.330409516931364,0.25455611720236515,0.11569317905643439
5413,True,0.5167922400345117,2.1697800373770613,2.532728249852321,2.446135222298841,2.5232053723141528,0.2763551849217798,-0.009522877538168384
5414,True,0.6750324258264191,2.509598730653966,2.2117446658690056,2.501822777640535,2.320825836044144,-0.007775953013431369,0.10908117017513819
5417,True,0.9884197298279602,2.110787585949851,2.5538251057188703,2.6641642037714193,2.3621851545871677,0.5533766178215682,-0.19163995113170262
5418,True,1.149338494345424,2.2306731622091123,3.0695685571917104,2.831233920987279,3.357801633836192,0.6005607587781667,0.2882330766444814
5419,True,0.6124847967182718,2.6815592667326973,2.0571153314775525,2.6376258002768327,2.60675500586553,-0.0439334664558646,0.5496396743879775
5420,True,0.8188522160773901,2.141341299419595,2.5241634318918416,2.375559196294422,2.54291618288944,0.23421789687482697,0.018752750997598433
5421,True,0.6740676094053553,2.552739467199894,2.218371281571234,2.5367118378306195,2.645913563431353,-0.01602762936927471,0.42754228186011867
5422,True,0.6455527820993477,2.3828488770797023,2.2126696532017607,2.3648695381439118,2.3953456060437293,-0.017979338935790512,0.18267595284196858
5423,True,1.263084906571268,2.1434043861576844,2.8458403554134937,2.8488462300705177,3.0478795827766887,0.7054418439128334,0.20203922736319502
5424,True,0.7685695088117138,2.2750838333784538,2.215635317307431,2.1911428248822573,2.5373436325499945,-0.08394100849619646,0.3217083152425637
5425,True,0.7899260189103022,2.7160821591770747,2.0428476057209948,2.9471983147682814,2.2822853224601434,0.23111615559120668,0.2394377167391486
5426,True,0.28104815325691584,2.0539373235325367,2.5609470262775837,2.5759108184442256,2.6328231472723345,0.521973494911689,0.07187612099475071
5427,True,0.45219296149891575,2.2774248210204435,2.3032742146344627,2.4354291943774515,2.4461243020233048,0.158004373357008,0.14285008738884208
5428,True,0.7871204451100956,2.302473548273682,2.2710502442042095,2.5573501806012016,2.392973875158064,0.25487663232751956,0.12192363095385428
5429,True,0.9492769744463732,2.413088966863841,1.8506823348700339,2.5963540248642905,2.6857223261873147,0.18326505800044934,0.8350399913172808
5430,True,1.2057204610680614,2.5274056150329334,1.8334258687495386,2.5605341606049703,2.429816721273438,0.03312854557203693,0.5963908525238995
5431,True,0.3349468970687146,2.0740716937222783,2.6651929440098705,2.1821891285271313,2.572159352804177,0.10811743480485303,-0.09303359120569343
5432,True,0.32375839787005045,2.2158424009166353,2.568543895634256,2.341138604142864,2.483334901575299,0.1252962032262288,-0.0852089940589571
5433,True,0.7120286485578771,2.2017571674460377,3.101634266672974,2.0922405444405765,3.000273796734225,-0.10951662300546117,-0.10136046993874936
5434,True,0.7043178530829801,2.2110283863623277,2.981628349912175,2.2959668326223706,2.8194861485006446,0.08493844626004288,-0.16214220141153035
5435,True,0.6857126601774598,1.7815111904223335,2.4071788792900293,2.0707067924689384,2.1892574809795673,0.2891956020466049,-0.21792139831046198
5436,True,0.8129231607176506,1.8927074832894808,2.952183121793091,2.1710510057414587,2.3862349733475536,0.2783435224519779,-0.5659481484455373
5437,True,0.984935314489959,1.8676251419650571,3.4429261360941217,2.175801581530356,3.080484663024797,0.30817643956529905,-0.3624414730693246
5439,True,1.1559695028743724,2.9573757323343277,2.361177094353577,2.698531555036924,2.2583438550674697,-0.2588441772974037,-0.10283323928610733
5440,True,1.0118023022546656,2.7267135194222365,2.3824095599413635,2.5377271604924356,2.2285569184557525,-0.18898635892980087,-0.15385264148561095
5441,True,0.6922924807082,2.7932831177666184,2.4357780983907382,2.5611190098365206,2.6878521152915016,-0.23216410793009779,0.25207401690076336
5444,True,0.9017554091968766,2.9087534041578706,2.4270259589258623,2.6636895981448365,2.2147609498279945,-0.24506380601303412,-0.21226500909786772
5445,True,0.8752422206241743,2.3624961918064544,2.9215070628358917,2.2894786480633535,2.5903037324920026,-0.07301754374310088,-0.33120333034388905
5446,True,1.1696480769396422,2.4994696859133936,2.7639030867959176,2.598151587459246,2.554119058014916,0.09868190154585221,-0.20978402878100155
5447,True,0.34359343290287186,2.381640598621043,2.3018584999300025,2.526943906117823,2.436872393731153,0.14530330749678022,0.1350138938011507
5448,True,0.5731847080943298,2.994095782669619,2.258208278193134,2.8433717423340905,2.0341315590192295,-0.15072404033552855,-0.2240767191739046
5449,True,0.8170849313504568,2.9292010337633023,2.155272477112813,2.8698496111860985,2.1898250201443035,-0.05935142257720383,0.03455254303149058
5450,True,0.30088261274853867,2.3441706591884475,2.24257138557505,2.3565545793740914,2.4076186157929995,0.012383920185643937,0.16504723021794954
5451,True,0.4710740628899935,2.110220448270749,2.7607429413474915,2.0164457326248577,2.340211009396802,-0.09377471564589124,-0.4205319319506895
5452,True,0.32607169131911046,2.2120112389633104,2.4082921097948233,2.2082260724314438,2.1396093229568804,-0.0037851665318666683,-0.2686827868379429
5453,True,0.20932436202680377,2.063008370632558,2.535707089649749,2.0949773824798203,2.3674127317932965,0.03196901184726242,-0.16829435785645241
5454,True,0.4186087470482984,2.246717037479353,2.795984726138539,1.976361783932031,2.402138466792662,-0.2703552535473217,-0.3938462593458767
5455,True,0.6206649660248837,2.0881170504787323,2.4813751054002298,2.1974638280950156,2.45163125822808,0.10934677761628331,-0.029743847172149618
5456,True,0.5351214985019082,2.2717751978573935,2.347518562652913,2.307217269783234,2.2556374397932397,0.03544207192584059,-0.09188112285967343
5457,True,0.855151395292294,2.236524463291202,2.8593156100542663,2.2182222983492887,2.651360178954568,-0.01830216494191328,-0.20795543109969827
5458,True,0.7804849317589747,2.1384471137252845,2.7248863895032396,2.1010679976452455,2.533683492105713,-0.037379116080038965,-0.1912028973975266
5459,True,1.212899199287821,1.9728387063315642,4.048080567342997,1.9859004098378146,3.1169714135898006,0.013061703506250355,-0.9311091537531966
5460,True,0.7981347027097294,2.245605155720836,2.297561755078631,2.4370254824168334,2.4696805545991167,0.1914203266959973,0.1721187995204856
5461,True,0.4709807405781532,2.027122639876532,2.4914682042121266,2.135756382779881,2.573709574101942,0.10863374290334882,0.08224136988981545
5462,True,0.5077512086385884,2.151388799682661,2.581876016620473,2.441723267380847,2.519754251092951,0.29033446769818605,-0.06212176552752169
5463,True,0.5280572580529485,2.3889855261595874,2.1840355206131608,2.3343750551676568,2.5360216621279084,-0.054610470991930615,0.3519861415147476
5464,True,0.5262429871123234,2.238024243009892,2.427024139991195,2.760487262081099,2.280164426195839,0.522463019071207,-0.14685971379535578
5465,True,1.2211912594822445,2.775466758745275,2.1597583159696363,2.3391097620556414,2.783623561941521,-0.43635699668963346,0.6238652459718845
5466,True,0.74418436370643,2.339735566597217,2.3507383228679455,2.319718139719996,2.2891880995160707,-0.020017426877220856,-0.06155022335187477
5467,True,0.45077221034437837,2.5976116176595765,2.180001314930796,2.4043407761024644,2.338942249486293,-0.19327084155711205,0.15894093455549685
5468,True,0.7711674422590504,2.8311958731603153,2.111946983117711,2.8503720823139918,2.2699457807256103,0.01917620915367646,0.15799879760789937
5470,True,0.5836260713538048,2.8994030932762693,2.3804184938157404,2.7026128184871396,2.3650163109553812,-0.1967902747891297,-0.015402182860359215
5471,True,0.7582410197484601,2.0534199513251057,3.0539373453625402,2.3296719530230003,2.5872183368005492,0.27625200169789466,-0.466719008561991
5472,True,0.45465442357542507,2.3098743822338044,2.220309688331788,2.2533555018127966,2.2917103387046978,-0.05651888042100772,0.07140065037290988
5473,True,1.2295659146207782,2.0764996953768136,2.5347562574338385,2.323295429348149,2.385033931725291,0.24679573397133536,-0.14972232570854738
5474,True,1.051415598611843,2.1484522077300205,2.8329247129777384,2.2381467745054167,2.50221337532933,0.08969456677539611,-0.3307113376484083
5475,True,0.9296668829902782,2.1665038447461846,2.322756616113707,2.247017048934431,2.4197905840801597,0.08051320418824659,0.09703396796645247
5476,True,0.4244427572686476,2.000656351950529,2.90603339474962,2.050705086905233,2.6373490979426673,0.05004873495470408,-0.2686842968069527
5477,True,1.4544896229107402,2.585907693344834,1.9438902317260611,2.598489897830276,2.4710758660585475,0.012582204485442006,0.5271856343324863
5478,True,1.427618601833345,2.311377999224705,2.2371189195257366,2.9893496204912196,2.6043892304672895,0.6779716212665146,0.36727031094155294
5479,True,0.6635208362698867,2.1488061167541384,2.449135656226498,2.194778743729764,2.575595197406611,0.04597262697562554,0.12645954118011282
5480,True,1.516635486182133,1.937682592015524,3.962065416219172,2.3300204983733512,2.7022444596479422,0.39233790635782717,-1.2598209565712297
5481,True,1.4842265101636556,2.026545350935922,3.7576321805759543,2.1929178529379523,3.181673584915178,0.16637250200203013,-0.5759585956607762
5482,True,0.6300695070699163,2.461202902220782,2.368015550033403,2.2290099277214983,2.324210008418559,-0.2321929744992839,-0.04380554161484396
5483,True,0.901858072059625,2.1378157514154488,2.7212904047161155,2.2793486524753077,2.472956416827438,0.14153290105985894,-0.24833398788867767
5484,True,0.6369633246199785,2.2320449711643353,2.461454307619786,2.353580112076069,2.6811911393250205,0.12153514091173356,0.21973683170523461
5485,True,1.0642876904748875,2.0463139058805226,2.3784445132270795,2.0320071943883464,2.263698898269379,-0.014306711492176216,-0.11474561495770041
5486,True,0.5796909762637396,2.295729480600883,2.26563500434205,2.315159600565369,2.368953146823719,0.019430119964485737,0.10331814248166893
5488,True,0.8925218228314235,2.6274142050693112,2.59065020419585,2.536070418900272,2.2933897718083163,-0.09134378616903938,-0.29726043238753386
5489,True,1.0038469733499413,2.513587204534587,2.280259982326577,2.517111830796757,2.7163833332469847,0.003524626262170205,0.43612335092040766
5491,True,1.013060729848914,2.345370757598892,1.9230705316758405,2.424554679923924,2.4430104392533813,0.07918392232503191,0.5199399075775408
5492,True,1.2411121959826719,3.417413647497183,1.9840765745555284,2.8883599183186988,2.2270077659090006,-0.529053729178484,0.2429311913534722
5493,True,0.7719640673744204,2.405810104330764,2.133421797629339,2.591631526318701,2.3425692026821747,0.18582142198793727,0.2091474050528359
5494,True,1.454902863794364,2.5048244482597974,2.267533610269096,2.4306164154588434,2.5945541164679913,-0.074208032800954,0.32702050619889533
5495,True,0.6230017813697599,3.2955696684791844,2.002630742698214,2.9365159690141307,2.284787069289609,-0.3590536994650537,0.2821563265913949
5497,True,0.6008280654195826,2.2223583286454955,2.3014726520426003,2.237777074244215,2.4027973787194377,0.015418745598719585,0.10132472667683734
5498,True,0.9392859429939494,2.0997908398933456,2.416936664561155,2.376393949524363,2.31843535381386,0.2766031096310173,-0.09850131074729518
5499,True,0.4641027092773658,2.50172878915761,1.9157525008465992,2.5874912256856057,1.7035262798260555,0.08576243652799587,-0.21222622102054367
5500,True,0.9891959886399534,2.0901835112496703,2.319239570807639,2.2676676205092314,2.2934267632420706,0.17748410925956115,-0.025812807565568363
5501,True,0.26314055836953987,2.5329763725309395,1.9523441069903635,2.697823923915532,2.25680270762887,0.16484755138459262,0.3044586006385066
5502,True,0.44520325843979697,1.9941182172830176,2.2876680892341,1.931197348293022,2.0116529027327252,-0.0629208689899956,-0.2760151865013749
5503,True,0.23485645070789885,1.895764129368419,2.5068071099508233,2.0826106337397783,2.3746691080337907,0.1868465043713592,-0.13213800191703262
5504,True,0.37017541286277506,2.7870351416873094,1.9785430753460993,2.4552392129071663,2.0640481693751727,-0.3317959287801431,0.08550509402907336
5505,True,0.5003324088071494,1.9204508522219463,2.568889315112662,2.033703823880459,2.4798809635958334,0.11325297165851267,-0.08900835151682873
5506,True,0.2473737682324846,2.4989110323699,1.9349148436042347,2.4317018780734614,1.9760558520887004,-0.06720915429643881,0.04114100848446567
5507,True,0.6297981391063192,2.149003517586698,2.7233024405856945,1.9820157583566282,2.5096482225274124,-0.1669877592300697,-0.2136542180582821
5508,True,1.6007712839918433,2.1701038539434006,3.0749681654449694,2.6876865499300693,2.680794414742391,0.5175826959866687,-0.3941737507025782
5509,True,0.6294774109256582,2.714073319293346,2.1450774611654473,2.4887947670169592,2.147589094872201,-0.2252785522763867,0.0025116337067538907
5510,True,0.898139597435246,2.1616814171149272,2.7861142617451997,2.0820562198204446,2.71816866169228,-0.07962519729448259,-0.06794560005291972
5511,True,0.8624600951721092,2.814820122601087,2.2150673141238846,2.5787188751729024,2.2695770818800143,-0.23610124742818472,0.0545097677561297
5512,True,0.6001898620619371,2.2720590695886407,2.4481896123258102,2.3059435805927686,2.4532362265564642,0.033884511004127926,0.005046614230654001
5513,True,0.5341471441098143,2.104072841253363,2.6897848958234563,2.1361046121587774,2.55299705429266,0.032031770905414536,-0.13678784153079615
5514,True,1.378126641586431,2.165390936020561,2.475909999091243,2.6660869308891635,2.2253317508135724,0.5006959948686025,-0.25057824827767083
5515,True,0.6334875471871281,2.2480195744032123,2.2421998876772786,2.318551379597614,2.4572842666201646,0.07053180519440172,0.215084378942886
5516,True,0.5925825852996053,1.9011030548079189,2.5578391071762114,2.0026243880880408,2.491677976549538,0.10152133328012192,-0.06616113062667361
5517,True,0.1301847142129353,1.8898400537611642,2.643892230197744,2.0816168865795164,2.5244710480886883,0.19177683281835223,-0.11942118210905583
5518,True,1.1270750483170113,2.2000025429530754,2.4087478793763366,2.584247159749431,2.5398769176944382,0.3842446167963556,0.13112903831810163
5519,True,1.0521421091587377,2.4519756867065383,2.1343352256381842,2.4577320474235997,2.4436401694349352,0.005756360717061426,0.309304943796751
5520,True,1.0863914279596991,2.26426000214198,2.295746015590575,2.5786468174424355,2.3855933021370177,0.3143868153004554,0.0898472865464428
5521,True,1.0637855197727655,2.5239847004488754,2.1605607459407383,2.7062109245158625,2.6786835600669594,0.18222622406698719,0.5181228141262211
5522,True,3.5181264166402895,2.108976953548805,2.4611364703933023,4.871315726309987,3.443573501057295,2.7623387727611823,0.9824370306639927
5523,True,1.186255653743419,2.8663155095174013,2.045932802171176,2.796979009433571,1.9659890865093832,-0.06933650008383019,-0.07994371566179259
5524,True,0.2169930336454944,2.1438601643763993,2.691142244289588,2.1158591483324214,2.6723703872257305,-0.028001016043977867,-0.01877185706385731
5525,True,0.3034654663645424,2.5934641669782135,2.0910075372652295,2.8821899244444316,2.342002962711405,0.2887257574662181,0.2509954254461757
5526,True,0.7027013993773489,2.115961815345447,2.598813588716975,2.215798198069039,2.4885674043147796,0.09983638272359174,-0.11024618440219536
5527,True,1.9462554693868683,2.314540830359231,2.2721372085769818,2.6074928563181143,2.435138565828647,0.29295202595888314,0.1630013572516651
5528,True,0.7194655317546313,2.672285876997444,2.171474834139231,2.650585506083703,2.2100436425919288,-0.021700370913741107,0.038568808452697834
5529,True,1.5897997891800746,2.9722531645369648,2.210770297905235,2.667850923077412,3.2203300092484315,-0.30440224145955286,1.0095597113431967
5530,True,1.183733583220026,2.2356335015829405,2.535077939788045,2.224225119862421,2.5990773631673605,-0.0114083817205195,0.06399942337931552
5531,True,2.307007235297823,2.4175302202868116,2.9146127819832257,2.1125207894891824,2.9203621377211078,-0.3050094307976292,0.005749355737882045
5532,True,0.5311146242472727,2.6939886534653406,2.458483360997182,2.7311835929834523,2.380587394738324,0.0371949395181117,-0.07789596625885808
5533,True,0.411550721385313,2.557528402598884,2.5243336187794196,2.5305884693632033,2.467880172833762,-0.02693993323568078,-0.0564534459456576
5534,True,1.2426281368908494,2.434290865899143,2.5703486815994436,2.571340231445656,2.510002686254539,0.13704936554651326,-0.06034599534490459
5535,True,0.4604148030649072,2.398251162263869,2.6760755828077802,2.3617099322082296,2.8191255105484396,-0.036541230055639584,0.1430499277406594
5537,True,1.2219592712430531,2.2650426653376754,2.3187922884984764,2.4175224494450926,2.4128604124041244,0.15247978410741725,0.094068123905648
5538,True,1.032764261142148,2.1956201080332636,2.393071712130667,2.4132734504282767,2.4598260861357657,0.2176533423950131,0.06675437400509887
5539,True,0.2957918571832597,2.643735261027473,2.4392153732296786,2.4821815274925,2.463592869395834,-0.16155373353497282,0.024377496166155588
5540,True,1.3610015508464026,2.4343249228687616,2.197341523136538,2.6579585258980245,2.5912561911078957,0.22363360302926294,0.3939146679713579
5541,True,1.5960594446590493,2.128016072425206,3.0660513723843574,3.605244457673987,2.821942189092647,1.477228385248781,-0.2441091832917106
5542,True,1.0518852542486163,2.048402602492977,2.499281363012176,2.4179255747960893,2.640466234793772,0.36952297230311215,0.14118487178159578
5543,True,0.549544867426752,2.523398483216632,2.1396332374030838,2.3557765288967882,2.433798184615561,-0.1676219543198436,0.2941649472124772
5544,True,1.5785390451273917,2.0259378265632932,2.621212909875884,2.7036521498123607,2.513967415822648,0.6777143232490674,-0.10724549405323591
5545,True,0.7902183165489369,2.5375997565021953,2.1287608349694898,2.2919330297637406,1.9097446288847104,-0.2456667267384547,-0.21901620608477934
5546,True,0.5053880548578744,2.6057783098721194,2.231557418956546,2.807100985274844,2.5972391099762073,0.20132267540272464,0.3656816910196614
5547,True,0.4567613664800475,2.3748993798474913,2.8312050647030147,2.638541276495215,2.8190529752975553,0.26364189664772386,-0.01215208940545942
5548,True,0.16144860898534108,2.269292323192409,2.6817353313666135,2.368438778410791,2.604133278475969,0.09914645521838228,-0.07760205289064448
5549,True,0.5920972555420269,2.5561799666494536,2.344084691132127,2.381645583531899,3.0854242754475436,-0.17453438311755454,0.7413395843154165
5550,True,0.6482203360907013,2.093154619754594,2.435287876227367,1.974916737666173,2.5373036661702515,-0.11823788208842112,0.10201578994288463
5551,True,0.3575357629858964,2.0432358987645065,2.6041447221880736,2.1347446935315237,2.6182899829556696,0.09150879476701723,0.014145260767596035
5552,True,0.7908552276451312,2.309142549324316,2.3542079649427747,2.3585781226427502,2.7176241327080164,0.0494355733184344,0.36341616776524166
5553,True,2.8462482354804064,2.4620354534612208,2.9030555317802653,3.0014341585062296,2.447579438238522,0.5393987050450089,-0.45547609354174323
5554,True,1.4430023846423206,2.4337896511818764,2.3805417115858316,2.7894263710840264,2.433177602875096,0.35563671990214996,0.0526358912892646
5555,True,0.7978210115831503,2.4319872428941727,2.360270031119321,2.610985385916398,2.406708800788745,0.17899814302222516,0.04643876966942395
5556,True,0.7491184075849648,2.7626037742861356,2.3549000039492123,2.787807654785925,2.334044952781758,0.02520388049978939,-0.02085505116745434
5557,True,0.8149203733822532,2.51550599826357,2.5798601509577996,2.5156514084004167,2.4663349836131347,0.00014541013684654658,-0.11352516734466489
5558,True,1.3277757725523471,2.333577492585151,2.693612461528198,2.69020687320994,2.1027913877277506,0.3566293806247889,-0.5908210738004476
5560,True,1.03481110610965,2.6532402015083365,2.3078381957581,2.6823186225938933,2.359201263391489,0.029078421085556805,0.05136306763338938
5561,True,1.2427921367420305,2.163413319317416,2.3638748673100274,2.2290498334072746,2.2420961394271206,0.06563651408985871,-0.12177872788290678
5562,True,1.8163160959796647,2.327649881833606,2.2121488616049327,2.233259504675173,2.4928120311652058,-0.09439037715843313,0.28066316956027304
5563,True,0.3943207850075129,2.407148075295743,2.3529605970776477,2.41057990832704,2.356041067286604,0.003431833031297238,0.0030804702089564096
5564,True,0.6675061732925726,3.0340309313189278,2.2685881125052205,2.8028726287624988,2.1949373084325208,-0.231158302556429,-0.07365080407269975
5565,True,1.0314132889263454,2.137638901171103,2.4632377311579163,2.4942326397483456,3.03370710198249,0.35659373857724264,0.5704693708245738
5566,True,1.1645185764282349,2.131233492229324,2.5598924636788944,2.3191039210546385,2.7240532587131994,0.18787042882531457,0.16416079503430492
5567,True,1.0136027801705474,2.46605984373859,2.1364596886204055,2.680828364574465,2.3655169237906546,0.21476852083587472,0.22905723517024912
5568,True,0.8599445095940056,1.9978597129178015,2.648734036667328,2.2693860819148868,2.573898527018305,0.27152636899708527,-0.07483550964902319
5569,True,1.0769824341787846,2.538618618225274,2.028088811344316,2.4495665446213133,2.4297649870621236,-0.08905207360396084,0.40167617571780756
5570,True,1.0028273148773292,2.633820348486206,2.9465219368944124,2.3877756088682203,2.7507607504844906,-0.2460447396179859,-0.1957611864099218
5571,True,1.1999065325092488,2.4864450734733716,3.092639712882831,2.269594337214913,2.655776475795544,-0.21685073625845863,-0.4368632370872869
5572,True,1.0731330938957957,2.5014017863989784,2.330882338965225,2.3315639297992665,2.5125878229604233,-0.16983785659971185,0.18170548399519815
5573,True,0.9422459734276633,2.736022907689188,2.375035039762572,2.6537997055930953,2.4430460840616575,-0.08222320209609268,0.06801104429908555
5574,True,0.5723449962305152,2.500018141254179,2.4077705776506204,2.919746147316578,2.5197101031662354,0.41972800606239913,0.11193952551561503
5575,True,0.287337890461842,2.302765073145761,2.7216467649935767,2.4970510151755008,2.540807906512415,0.1942859420297398,-0.18083885848116177
5576,True,0.4181104638550666,2.3945560042312644,3.073198010102831,2.114109517953599,2.7646280626066138,-0.2804464862776652,-0.30856994749621736
5577,True,0.29399502713082826,2.4400225371090323,2.347813793830337,2.4259400670968767,2.4876454619334325,-0.014082470012155568,0.13983166810309555
5578,True,0.5785316650103268,2.2029233085606954,2.468169027072498,2.628435487777663,2.3042872713639677,0.4255121792169674,-0.16388175570853036
5579,True,0.6448736566423018,2.3518796272556126,2.1704155889829027,2.671866591243283,2.205775408367996,0.31998696398767024,0.03535981938509325
5580,True,1.0314795159342847,1.9191428374928219,3.0765651853162486,2.070280612703988,2.586864674197512,0.151137775211166,-0.4897005111187367
5581,True,1.1291808596182966,2.0849734456102795,2.6131548259718556,2.197967006615204,2.4342917775792614,0.11299356100492464,-0.17886304839259415
5582,True,0.8093117262336473,2.7645581168425455,2.3816261793362954,2.515254287547285,2.496364167614373,-0.2493038292952603,0.11473798827807746
5583,True,0.7658039827162715,2.96933789976823,2.4396233803806684,3.005250283385063,2.95691432804351,0.03591238361683313,0.5172909476628416
5584,True,1.0733169906031774,2.4908237772672717,3.042061830831188,2.4358887072758475,2.927175861941677,-0.05493506999142417,-0.11488596888951141
5585,True,0.8784011177839418,2.371750599325317,2.595379448346619,2.616536839895246,2.702659344766558,0.24478624056992926,0.10727989641993929
5586,True,0.40570770296982817,2.6646216031549397,2.4642079417330023,2.7480228800295676,2.458639501005994,0.08340127687462795,-0.005568440727008461
5587,True,0.3586231269259325,2.468721633983872,2.6064968803549333,2.4849436322365546,2.6327037332614927,0.016221998252682557,0.02620685290655933
5588,True,0.7142779907087765,2.5387456341469106,2.5532896681340334,2.533416127490705,2.628174232852533,-0.005329506656205574,0.07488456471849947
5589,True,1.919655869154936,2.075568284446455,2.471899641025096,3.121000319201842,3.187826843466878,1.045432034755387,0.7159272024417818
5590,True,0.55953781458605,2.663272715851683,1.9506015467285986,2.736435292128977,1.8249427790330852,0.07316257627729428,-0.12565876769551343
5591,True,0.8909495145122742,2.154602407522093,2.0688260182528637,2.4467736838273377,2.185599061970196,0.29217127630524464,0.11677304371733221
5592,True,0.7745947666578321,2.0185191646600735,2.1967726593801187,2.0912267308135193,2.455145726369211,0.07270756615344576,0.25837306698909224
5593,True,0.9644434428598856,2.151061396380866,2.1591490645159266,2.826520569278596,2.2736529319166108,0.6754591728977304,0.11450386740068419
5594,True,0.9685377047217211,2.2694236417866103,2.03491089163629,1.996055810935656,2.3603033295868987,-0.2733678308509542,0.32539243795060857
5595,True,0.712587121825234,2.701408430152686,2.3773497732769573,2.529515092026533,2.6222871790206352,-0.17189333812615315,0.24493740574367795
5596,True,0.7928901295621321,2.591750515578226,2.4764176397570745,2.5207371267506256,2.590522242847762,-0.07101338882760055,0.11410460309068737
5597,True,0.9403473904808436,2.3248835189316477,2.3308117390728924,2.3617945070632205,2.369025546321947,0.036910988131572786,0.03821380724905454
5598,True,0.7586083986983362,2.275804285719666,2.476342306164477,2.7045540603946154,2.322502251973074,0.42874977467494935,-0.15384005419140312
5599,True,0.698614913703839,2.2794701261038717,2.2716676975957553,2.181634063286966,2.200347087423709,-0.09783606281690549,-0.07132061017204627
5600,True,0.8706415218428042,2.2757133431739596,2.4350100580490426,2.267022702665547,2.742367912597797,-0.008690640508412617,0.3073578545487545
5602,True,0.25337345453129667,2.3920023664494985,2.2531042339403653,2.3747915792610095,2.3602549876712473,-0.017210787188489007,0.10715075373088201
5603,True,0.6905625076901957,2.1709043516930913,2.5658919736808876,2.546540463133661,2.304818345601015,0.37563611144056974,-0.26107362807987267
5604,True,1.0436235195371308,2.3828879783363712,2.2445163503302887,2.741577372381272,2.246279852666849,0.35868939404490074,0.0017635023365603075
5605,True,0.9599467038800661,2.1699079833255603,2.331951966765182,2.392820130619725,2.1312125432441036,0.22291214729416486,-0.2007394235210782
5606,True,0.6730327029797472,2.3460275177414265,2.418554474143595,2.2882705850447405,2.2701640973138923,-0.057756932696686025,-0.14839037682970257
5607,True,1.1115895467034478,2.3876843471028577,2.1985256051044755,2.1922774778631466,2.331113678482669,-0.19540686923971107,0.13258807337819345
5608,True,1.2137541031633219,2.1905472883962127,2.5607433989761645,2.399512642352609,2.146729317299692,0.20896535395639626,-0.4140140816764726
5609,True,0.4323899030342109,2.8155772358257196,2.0652067553153124,2.769919270669815,2.2486707518460767,-0.04565796515590481,0.18346399653076428
5610,True,0.46909855083183455,2.68437557005349,2.095783192866094,2.6824790133154814,2.178776449427981,-0.0018965567380084813,0.08299325656188694
5611,True,0.2290902725204724,2.1943280871601676,2.154566685809469,2.3439746353732156,2.1813707080141147,0.14964654821304801,0.026804022204645506
5612,True,0.2845747477763408,2.037247114024217,2.4181517074410364,2.266693402007647,2.612757380472592,0.2294462879834298,0.19460567303155551
5613,True,0.6900116701514876,2.7124069169097766,2.3718093155648075,2.6267747685991276,2.46920560281399,-0.08563214831064903,0.09739628724918248
5614,True,1.012203349308108,2.620178539412916,1.8163273584076194,2.397779662458167,2.268530306891446,-0.22239887695474891,0.4522029484838268
5616,True,0.729738430073052,2.6118589285985565,2.1982164714376973,2.678634588288966,2.4115160722188853,0.06677565969040966,0.21329960078118804
5617,True,0.9390819461219072,2.2695346055524244,2.3476426190755695,2.1715642254754983,2.279167377061193,-0.09797038007692604,-0.06847524201437638
5618,True,1.0415513320151217,2.423214712257253,2.3194039825351687,2.8050285713407628,2.5669003235587473,0.38181385908350984,0.24749634102357865
5619,True,0.966597142145085,2.2613861354045666,2.1841573835463417,2.336290445867979,2.425686221921953,0.0749043104634124,0.24152883837561134
5620,True,1.0481838117214433,2.3671774674916115,2.289506843536398,2.362521490135698,2.1697335915208575,-0.00465597735591361,-0.11977325201554034
5621,True,0.6646328279264998,2.512464599153588,2.211476407335154,2.4275625381987584,2.2248970506917845,-0.08490206095482966,0.013420643356630624
5622,True,1.4929704689428531,2.7949725500977647,1.993301222896329,2.471342376841582,2.255960319567035,-0.3236301732561828,0.2626590966707061
5623,True,1.0221617003015024,2.604868599008403,2.0357815128593737,2.1821871910312827,2.2271661771574207,-0.4226814079771204,0.191384664298047
5624,True,0.8209836821768666,2.141152120728464,2.448724887140244,2.432176513993588,2.399425134435538,0.29102439326512375,-0.04929975270470566
5625,True,0.5495364046991567,2.511109657721064,2.388050174891642,2.3248072626454435,2.5528589426339248,-0.18630239507562063,0.16480876774228292
5626,True,0.5092831015756123,2.530734255922577,2.5598659451424406,2.24943645466459,2.7155226510491492,-0.281297801257987,0.15565670590670866
5627,True,0.6947562657439911,2.5559682222007383,2.422763704573766,2.154255083684149,2.5718043368349393,-0.4017131385165893,0.14904063226117303
5628,True,1.2794923871734634,2.53131861747983,2.1362361265084906,2.662650742149447,2.5168220167036046,0.13133212466961686,0.380585890195114
5629,True,1.6789166839242924,2.2231086319161286,2.543635257402287,2.2948625106705194,2.4379699894030686,0.07175387875439077,-0.10566526799921849
5630,True,0.6335948337992701,3.4265444148587947,1.9929608520490312,3.025885234145208,2.3431930549988835,-0.40065918071358686,0.35023220294985236
5631,True,1.8496279902203432,3.4168604128497844,1.9773153882474086,2.853786922100703,2.3221496486499316,-0.5630734907490815,0.34483426040252296
5632,True,0.6781525389358337,2.90185460967637,2.508889799851719,2.8171866701274872,2.269025231065754,-0.08466793954888274,-0.23986456878596485
5633,True,0.25673344089275946,2.6183646852568114,2.4038337642399483,2.479718121287982,2.3515328716435158,-0.13864656396882946,-0.05230089259643256
5634,True,0.7619852499791397,2.3395899342619852,2.765047390805445,2.4455383504034445,2.275428255263391,0.10594841614145922,-0.48961913554205383
5635,True,1.0825389239857584,2.347058316339839,2.541137664373971,2.4438098263361248,2.626638865690333,0.0967515099962859,0.08550120131636207
5636,True,0.8395005128562455,2.6314679694991536,2.3747177850220433,2.4480359667300644,2.562376414487341,-0.18343200276908922,0.18765862946529754
5637,True,1.6957472921487808,2.3676842645927265,2.977997000166387,2.637446285046958,2.6806255074198635,0.2697620204542317,-0.29737149274652364
5638,True,0.3551992348235716,2.143333204007254,2.6050299813629785,2.3436818552587293,2.932529078219345,0.20034865125147538,0.32749909685636647
5639,True,0.26812690904813447,2.5464591632500215,2.18595176865822,2.5806217849514486,2.278240991349467,0.03416262170142703,0.09228922269124684
5640,True,0.46365655311360615,2.479760787757561,2.1094435783163292,2.2479459156016186,2.0781241393704084,-0.23181487215594254,-0.03131943894592082
5641,True,0.30213941983884246,2.2818529739884648,2.3367912223602687,2.2497732954282306,2.2749233400073066,-0.03207967856023419,-0.061867882352962145
5642,True,0.3587618041594647,2.2938190625243307,2.1942959766175574,2.5043700345366298,2.3453498660327847,0.2105509720122991,0.15105388941522735
5643,True,0.30853502021374873,2.014179202280671,2.774842528486977,2.2647729461740753,2.599831210467326,0.2505937438934045,-0.17501131801965109
5644,True,1.1004127243320896,2.758663394091421,1.949742395830793,2.565338645401227,1.9613771327659044,-0.19332474869019434,0.011634736935111523
5646,True,0.1486151440390316,2.141726184389592,2.706840010362637,2.1019782545005077,2.437205816857083,-0.039747929889084155,-0.2696341935055542
5647,True,0.16289818352248106,2.4932318239987232,2.0345226272764823,2.3998920606296026,2.3186421465612153,-0.09333976336912064,0.284119519284733
5648,True,0.1269942562203507,2.0475131674546074,2.649236968827062,2.1959066872043995,2.4044589710714552,0.1483935197497921,-0.2447779977556066
5649,True,0.15681139028459523,2.3270111433553557,2.191215196141173,2.2138833296569627,2.1907472832223256,-0.11312781369839309,-0.00046791291884762387
5650,True,1.2100834267979443,2.22466896631836,2.354320090599407,1.9749609686525453,2.54935954573889,-0.24970799766581453,0.19503945513948295
5651,True,0.737851472345302,2.3264529243034344,2.2232542896843808,1.8520810091000341,2.32465113192367,-0.4743719152034003,0.10139684223928924
5652,True,0.8550268872021662,2.1525813832234078,2.1908835372972244,2.429957531792891,2.2530401327408707,0.2773761485694832,0.06215659544364627
5653,True,1.01597807602561,1.9389532859509535,2.521556607217058,2.349083801610534,2.497681652076181,0.4101305156595807,-0.023874955140876786
5654,True,0.415029705161719,2.411707621188771,2.278942170964415,2.374078040328498,2.317895194962447,-0.037629580860273126,0.03895302399803224
5655,True,0.7074934807007377,2.566110772141374,2.225365585718446,2.516111800473699,2.3593260380636245,-0.049998971667675196,0.13396045234517873
5656,True,1.3059353524529007,2.278168003725801,2.3623276954309285,2.299472156502444,2.6738184791890793,0.021304152776643104,0.31149078375815087
5657,True,1.4069353341761484,2.350798310064051,2.294051657090572,2.590128985903598,2.1978692478828212,0.2393306758395468,-0.09618240920775056
5658,True,0.5510417235379585,2.6429711039661408,2.244560976538619,2.3775503403616924,2.413332086613237,-0.26542076360444833,0.16877111007461787
5659,True,0.9600744848366048,2.139452183644215,2.4941085372934353,2.2319785348985772,2.616612131546248,0.09252635125436237,0.12250359425281276
5660,True,0.8852888773201263,2.0155457939972488,2.902271574370669,1.9468285811200738,2.4248501097069894,-0.06871721287717492,-0.47742146466367963
5661,True,0.48460536894346345,2.9153202814613697,1.9743180749058649,2.5913946926460274,2.108040242110193,-0.3239255888153423,0.13372216720432828
5662,True,1.1003506992740701,2.870085840893962,2.337342769920578,2.548201520586823,2.462337859585073,-0.32188432030713887,0.12499508966449513
5663,True,0.9117056534872852,2.392170827616623,2.289915172359011,2.4523704759040794,2.4336251089625534,0.0601996482874565,0.14370993660354214
5664,True,0.6227056195173679,2.3416746508855577,2.176576937624765,2.650652591381413,2.152549467839009,0.3089779404958555,-0.024027469785755873
5665,True,0.753907128524443,2.765980441109445,2.2041068394476704,2.6985896163066365,2.214760745203418,-0.06739082480280834,0.010653905755747761
5666,True,1.3907287900167569,2.6286596755380867,1.9842670971671128,2.6933903139639828,2.4583708509639064,0.0647306384258961,0.4741037537967936
5667,True,1.5604644480185552,2.119169147024371,2.270285450466526,2.440365282180928,2.044934164349063,0.32119613515655665,-0.22535128611746336
5668,True,1.0981243824910298,2.5056210791937397,1.8415130779063176,2.4817784206107123,2.30349792419659,-0.023842658583027365,0.4619848462902725
5669,True,1.382327628978732,2.4172361017285837,1.7900607767335721,2.397305822721206,1.7318975546567412,-0.01993027900737765,-0.05816322207683089
5670,True,0.5150089597433372,2.403584178867052,2.247932414486699,2.397077491103698,2.4927258570723336,-0.0065066877633537246,0.24479344258563485
5671,True,0.9488600603429802,1.9200054432474924,2.946062186597561,2.342884689882539,2.3145378229324747,0.4228792466350464,-0.6315243636650862
5672,True,0.8232315236508192,2.1339719802518493,3.0222951124104345,2.077322400663652,2.5924865187726627,-0.05664957958819716,-0.4298085936377718
5673,True,1.2346103704234699,1.904814200125566,2.751625682065059,2.180115121788526,2.536287456072359,0.2753009216629603,-0.2153382259926997
5675,True,0.6692745285879705,2.55436060964383,2.378989587471959,2.53505227997077,2.476713615932613,-0.019308329673060065,0.0977240284606542
5676,True,0.19819923068973558,2.442727396456674,2.4698575623707537,2.381875616343557,2.432768453774629,-0.06085178011311676,-0.03708910859612491
5677,True,0.827003856462873,1.98421241143684,2.4778885759654328,2.2610394705959913,2.585662818258599,0.2768270591591513,0.10777424229316601
5678,True,0.7117100124900572,1.9745101303614527,2.2536615982440664,2.1609994449545793,2.5952368979399547,0.18648931459312657,0.3415752996958883
5679,True,0.19989955128303777,2.583802395888664,2.084630969188552,2.5571633621782945,2.160824504111567,-0.026639033710369464,0.07619353492301517
5680,True,0.968163905648448,2.466114170958028,2.19542461164122,2.555115559934032,2.0549330321538464,0.08900138897600396,-0.14049157948737356
5681,True,0.3893994275046826,2.129340274732998,2.441469288318,1.9739811668263203,2.3133106681959084,-0.15535910790667784,-0.12815862012209145
5682,True,0.6240098232975541,2.068687431053807,2.6945945952777386,2.134088140035692,2.660668054676682,0.0654007089818851,-0.03392654060105649
5683,True,1.0943714714189337,2.1880547046634824,2.247914423504596,2.2754282163702726,2.149044769341253,0.0873735117067902,-0.09886965416334315
5684,True,0.6849059556761771,2.3999959768507946,2.1972373094638638,2.3224935327455705,2.553380693481487,-0.07750244410522411,0.35614338401762335
5685,True,1.6568945929149417,2.3164642305677847,2.090318031018247,2.7985401302023525,2.578308252097681,0.48207589963456776,0.48799022107943424
5686,True,0.8043779950925654,2.1260738574659164,2.391911704327733,2.4865011157872017,2.309706154414669,0.3604272583212853,-0.08220554991306406
5687,True,0.7026691711341351,2.102466456189016,2.418905868156097,2.2221244596579193,2.4365718478161074,0.1196580034689032,0.01766597966001049
5688,True,0.2203194970569957,2.359648196108903,2.22393244369068,2.429956124876949,2.3577339584346664,0.07030792876804615,0.13380151474398616
5689,True,0.4900586930551374,2.0440375289607577,2.519386809007303,2.234143803028131,2.452076824243482,0.19010627406737335,-0.067309984763821
5690,True,0.9530619039739755,1.8866466873529872,2.538399364678458,2.243592863555685,2.2896432829445286,0.356946176202698,-0.2487560817339296
5691,True,1.0457134085519613,1.9507010775872349,2.334397974832055,2.2144051375529727,2.5543190669111797,0.26370405996573787,0.21992109207912458
5692,True,0.9385130918338809,2.533905607673656,2.5248790210423944,2.5262931723634137,2.5476121351363514,-0.007612435310242471,0.022733114093957063
5693,True,0.9623150963568481,2.5492590203625842,2.4938182377230302,2.5903274737254747,2.4879346308858277,0.041068453362890445,-0.005883606837202571
5694,True,1.8113352905616429,2.6859062692878917,2.4679077293934633,2.5916099532086228,2.535431432032032,-0.09429631607926892,0.06752370263856866
5695,True,2.4192791038062107,2.371665604970482,3.0594829031063404,2.570525720758499,2.605114510300459,0.1988601157880172,-0.45436839280588126
5696,True,0.5152643586409991,2.479091417152663,2.552324053132752,2.294763932191937,2.486585893522482,-0.18432748496072593,-0.06573815961026996
5697,True,1.9668031221357243,2.3684892811452616,2.629275871566162,3.099679548533687,3.9519672157944328,0.7311902673884254,1.3226913442282706
5698,True,1.8135153311178138,2.2074493562027646,2.434217752502845,2.7415582694732206,2.3496787375743518,0.534108913270456,-0.08453901492849303
5699,True,1.2782128293272856,2.388425665433195,2.2507962860729975,2.3662644193130657,2.4302495286562653,-0.022161246120129263,0.17945324258326778
5700,True,0.7201929475736645,2.1009045138463573,2.644178686303178,2.1605651079796226,2.333674840003851,0.0596605941332653,-0.3105038462993268
5701,True,0.6777719395458,2.0078277781224165,2.859605159265873,2.193127363394566,2.314331460561775,0.18529958527214951,-0.545273698704098
5702,True,1.2618100130078622,2.6602303252538113,2.4596303942869144,2.588789885756857,2.3909534127874594,-0.07144043949695433,-0.068676981499455
5703,True,0.7727865787080864,2.5832840765390093,1.970100347241226,2.5091734984763407,2.136518520302129,-0.07411057806266852,0.16641817306090312
5704,True,2.0871821960461556,1.9023468883723598,3.0541375240483197,1.9795622611350217,3.095688480980281,0.07721537276266188,0.0415509569319612
5705,True,0.8730249323401627,2.540015935166549,1.982704573177759,2.427631769772755,2.4401940811792,-0.11238416539379381,0.4574895080014407
5706,True,1.2862948742772335,1.913020515650577,2.697678385464064,1.8797751983817108,2.433137145519134,-0.03324531726886626,-0.26454123994493006
5707,True,0.5279230096200065,2.1139874499627473,2.314652769725947,1.9249857571049716,2.4455814363596646,-0.1890016928577758,0.1309286666337175
5708,True,2.0133883376964987,2.3451916694803434,2.1162670984778837,2.4268467105068665,3.3852424217941914,0.0816550410265231,1.2689753233163077
5709,True,0.8615393663689184,2.278519457476719,2.3084435295020755,2.3803716764663037,2.4374305201424717,0.10185221898958474,0.1289869906403962
5710,True,0.7522353430958617,2.2154263858002596,2.5337586223040267,2.3115936388654044,2.2888170587561167,0.09616725306514473,-0.24494156354790997
5711,True,0.6003880320292414,2.651611288971292,2.5007518995894014,2.2758117423139375,2.507017913725588,-0.3757995466573547,0.0062660141361865485
5712,True,0.7642214182821154,2.627164632127191,2.6242715115818336,2.8100915000536903,2.644657129164384,0.18292686792649926,0.02038561758255053
5713,True,1.1258140958328857,2.464819528728219,2.5257441039424404,2.7685195772811504,2.4550037447894044,0.30370004855293153,-0.070740359153036
5714,True,1.0738694105757751,2.1769440229137724,2.8853319522890257,2.1504758501636325,2.6931112794873515,-0.026468172750139907,-0.1922206728016742
5715,True,1.0779057024921475,2.246340537140351,2.7508577198757482,2.1757942993785053,2.4934965014962422,-0.07054623776184554,-0.257361218379506
5716,True,0.3493936447632532,2.0998094466165256,2.616555438090315,2.606200368715537,2.544011680856242,0.5063909220990115,-0.07254375723407325
5717,True,0.3619719691948344,2.2934666622604305,2.510796930816987,2.7478601518891024,2.5144078323724655,0.4543934896286719,0.003610901555478385
5718,True,0.9917354814516882,2.688470370043159,1.79339941301429,2.6667541576045215,2.3298574196422406,-0.021716212438637417,0.5364580066279505
5719,True,0.7521905821486669,1.850974087473944,2.637972057717822,2.574099865098866,2.4758698712951372,0.7231257776249218,-0.1621021864226848
5720,True,1.3450714274950304,2.4964484370801654,2.491402826943086,2.4041046194001208,2.3662555681003687,-0.09234381768004463,-0.12514725884271716
5721,True,1.0599540085306327,2.2020950445201044,2.205593730177885,2.4838455510399595,2.3848023212964637,0.2817505065198551,0.17920859111857856
5722,True,0.8733745727282124,2.1834887849952427,2.5168878626788285,2.3103921055349024,2.073334715436704,0.1269033205396597,-0.44355314724212436
5723,True,0.4998420997158015,2.53012040468433,2.2380268286595673,2.5070011826245717,2.307101980343305,-0.02311922205975847,0.06907515168373779
5724,True,0.4646077094849355,2.3800062355590583,2.2590835330505157,2.3152130928741745,2.5623433161703764,-0.06479314268488379,0.3032597831198607
5725,True,0.730208513663341,2.7656763168888725,1.89973353010363,2.312713397503677,2.1302644772051194,-0.4529629193851954,0.23053094710148936
5726,True,1.2854967610005583,2.568375796062562,1.8459619905891886,2.6087459960743593,3.1534926036834148,0.04037020001179714,1.3075306130942261
5727,True,0.705736210175679,2.812442266678554,2.1059457421548164,2.5860280086420175,2.154416782075372,-0.22641425803653625,0.04847103992055546
5728,True,0.6397280823182598,2.817395379583774,2.0802419516008226,2.9581209954623224,2.207547255585484,0.14072561587854837,0.12730530398466122
5729,True,0.3961211332769385,1.9844746765076142,2.439227518436933,2.4116827473144142,2.334152602860833,0.4272080708068,-0.10507491557610038
5730,True,0.3442586184399578,2.6809990216708397,1.8431511687596327,2.421502641034488,2.073103410982192,-0.2594963806363517,0.22995224222255928
5731,True,0.8339640049351603,2.3192703303841062,2.187309497944907,2.561711103831578,2.528793604731315,0.2424407734474716,0.34148410678640806
5732,True,0.9269015553274874,2.144826588281673,2.548146322172257,2.253052917758036,2.3376302701284906,0.10822632947636324,-0.21051605204376633
5733,True,1.0469231605797065,2.4738234072989123,2.483315697570488,2.565570209614619,2.7009398272382894,0.09174680231570687,0.2176241296678012
5734,True,0.6278851298799122,2.2520103983996167,2.0703079141277514,2.333306839013035,2.356052989486654,0.08129644061341823,0.2857450753589026
5735,True,0.36454635459995766,1.86251122984534,2.4205486008960864,2.449651521977769,2.4213617863301633,0.5871402921324289,0.0008131854340769351
5736,True,0.18816778219179564,1.99278747677719,2.5804442971511707,1.9731389042016276,2.433576607128076,-0.019648572575562406,-0.14686769002309452
5737,True,0.19383757407602045,2.6113854825360425,1.885871214903075,2.486730486735143,2.056892168882219,-0.12465499580089956,0.17102095397914385
5738,True,1.8588123879112233,2.606705786735435,2.469927441221705,2.236637513663088,2.2588493304642965,-0.3700682730723468,-0.21107811075740868
5739,True,1.343615419580748,2.410826313818563,2.6098734227736027,2.646451001752536,2.5133655371716226,0.23562468793397295,-0.09650788560198009
5740,True,1.4780457442602162,2.499600001480237,2.439669153327967,2.4193226595911095,2.401192466631111,-0.08027734188912738,-0.038476686696856
5741,True,1.0229047682206762,2.6603290116261937,2.423261353094214,2.6204165935820205,2.64679395686574,-0.039912418044173226,0.22353260377152617
5742,True,0.684454221581368,2.4286067436495355,2.4411281500363717,2.4909974348097994,2.0915325098647166,0.062390691160263856,-0.3495956401716551
5743,True,1.5720338208321807,2.377558148395113,2.334196297015313,2.5895171282488167,2.303777509584856,0.2119589798537036,-0.03041878743045734
5744,True,0.8397853712975869,2.309800934149954,2.5568092882340676,2.2424726605704697,2.4174082509603134,-0.06732827357948423,-0.1394010372737542
5745,True,0.6699081758848459,2.359679991884493,2.3641977707670736,2.218780694339348,2.6072630154338094,-0.14089929754514507,0.24306524466673585
5746,True,0.7554303352096641,2.2514900421942796,2.2132217542081047,2.605577290309002,2.2622266906800035,0.35408724811472236,0.04900493647189874
5747,True,0.7986669418039717,2.8601991063036154,2.041263787020188,2.4442708037553857,2.2543744913642896,-0.41592830254822966,0.21311070434410162
5748,True,0.8025649248196929,2.7957652914899707,2.070025109243847,2.7843648012853848,2.350750775944996,-0.011400490204585889,0.28072566670114885
5749,True,0.7971840702951033,2.3251629164641345,2.1215011180058334,2.3356028429176483,2.4746055538794467,0.01043992645351377,0.3531044358736133
5750,True,0.3499451542351528,1.957098845383135,2.9831452327199894,2.0277219974202576,2.6234030396464054,0.07062315203712255,-0.359742193073584
5751,True,0.6634386372301257,2.091322902805781,2.9019717063748223,2.998339801401269,2.9071027524745316,0.9070168985954878,0.00513104609970938
5752,True,0.34239914450467684,2.1064775643001754,2.5985582215721084,2.5461012378208765,2.640791067913931,0.4396236735207011,0.04223284634182267
5753,True,0.7524740876520059,2.2172404959543743,2.4799016638770177,2.4965657854198438,2.743510071044938,0.2793252894654694,0.26360840716792033
5754,True,1.2030192911466024,2.4082085149131087,2.466249378165152,2.595668719747572,2.5950396774253757,0.18746020483446335,0.12879029926022367
5755,True,0.8666169681550703,2.7810052968126473,2.02278674575448,2.7431610889052798,2.679945869555391,-0.03784420790736753,0.6571591238009109
5756,True,0.5764379353395708,2.0447671618304124,2.807928589512205,2.425632164503307,2.5182528571916682,0.3808650026728948,-0.28967573232053656
5757,True,0.433543295184847,2.665574434244897,2.2959890649129844,2.7017224172653265,2.46110870723156,0.03614798302042965,0.16511964231857545
5758,True,0.5251162678089413,2.5351641698517278,2.3209637354771404,2.6190301193039,2.5075224267202474,0.0838659494521723,0.18655869124310698
5759,True,0.509801168954909,2.385345853078752,2.4620303287124634,2.4576435074161997,2.5772748847550195,0.07229765433744761,0.11524455604255612
5760,True,1.2474140428992775,2.244814783762794,2.72162900274817,2.9512778207850916,2.7231807942055557,0.7064630370222975,0.0015517914573854874
5761,True,2.55351708410486,2.1282862722152767,2.8774595636081495,2.484001966626637,3.5514339844274168,0.3557156944113604,0.6739744208192673
5762,True,1.1746508375201357,2.358397341310408,2.397874535458434,2.474693645981458,2.4771313428094603,0.1162963046710499,0.07925680735102647
5763,True,0.49883268304314843,2.4719636771603257,2.130473277490239,2.2663410127123416,2.245259159341968,-0.20562266444798416,0.11478588185172889
5764,True,0.9702083845368055,2.5442172669408563,2.156007773849621,2.6105379530654216,2.1073939755840625,0.06632068612456532,-0.04861379826555856
5765,True,0.19789313270780276,2.3805648050200188,1.7436708304608415,2.4201423430775715,2.147858279922584,0.03957753805755271,0.40418744946174257
5766,True,0.3193089761322677,1.9567260098439947,2.278907508983197,2.4205379565261933,2.4785380704709783,0.4638119466821986,0.19963056148778113
5767,True,1.4245322556750966,2.3671132270975126,2.1197890870555964,2.597638637068097,2.787095283434709,0.23052540997058424,0.6673061963791125
5768,True,0.9425329925517054,2.6156772416718392,1.9537137255493702,2.428471753990357,2.669272813657682,-0.18720548768148237,0.7155590881083118
5769,True,0.7843050043257249,2.60104713815417,2.0842210679771953,2.3899516561514376,2.243569716883565,-0.21109548200273265,0.15934864890636957
5770,True,0.5905580730419361,2.2149787977314817,2.3133917678378646,2.7189346242179124,2.2633594877937533,0.5039558264864308,-0.05003228004411131
5771,True,1.7840428704987628,2.9379504950730535,2.0217895768600647,2.4453905505560867,2.027161379811188,-0.49255994451696683,0.005371802951123161
5772,True,0.5018403465665873,2.6660119738103205,1.980225172322582,2.6815515856330268,2.299795967375802,0.015539611822706245,0.31957079505322006
5773,True,0.9128198766761452,2.7226180622334817,1.9575743573361395,2.666860276859288,2.2685765484624936,-0.055757785374193514,0.3110021911263541
5774,True,0.9658275333804072,2.48147792907775,2.177387241351432,2.6694101197907,2.410730431020026,0.18793219071294986,0.2333431896685938
5775,True,1.0521068737249946,2.1036284339683187,2.594095672753802,2.283854406127501,2.7048455950802444,0.18022597215918212,0.11074992232644254
5776,True,0.4337511312094717,2.2018399063056333,2.530734444030033,2.0423993019784352,2.4459261033637136,-0.1594406043271981,-0.08480834066631937
5777,True,0.20822777460471079,2.192111512355154,2.4822255079464477,2.14226795516644,2.415277190717041,-0.049843557188713916,-0.06694831722940675
5778,True,0.20938380524492314,2.077973829623463,2.621195724512002,2.15719787234667,2.552563219109372,0.07922404272320716,-0.06863250540263
5779,True,0.951319738202679,2.4547345152785875,2.4649557159105315,2.6178672771607427,2.5962290124503653,0.1631327618821552,0.13127329653983377
5780,True,0.7581250994408378,2.4099385249005834,2.496921421631045,2.4872404212019794,2.6426435188348805,0.07730189630139606,0.14572209720383533
5781,True,1.1356886498356533,2.3588319177720147,2.3781656254769135,2.478665119423356,2.5651373665186044,0.11983320165134126,0.1869717410416909
5782,True,1.088886828855323,2.0900541592504247,3.897063085991809,2.5076067756783558,3.177357679552776,0.41755261642793107,-0.7197054064390329
5783,True,0.8728048799943963,3.335466968102067,3.5610262552949536,2.141516615492161,2.7100027942873046,-1.1939503526099062,-0.851023461007649
5785,True,1.280078331370937,2.150054263245465,2.425050139481656,2.378310815873737,2.3642528650154997,0.22825655262827205,-0.06079727446615646
5786,True,1.2393724985075447,2.171838841650089,2.3884674252122426,2.8394182626407827,2.5421550918500233,0.6675794209906938,0.15368766663778066
5787,True,1.4701407823299646,2.3918889419661604,2.345140070891289,2.5660474650610032,2.204499909659785,0.1741585230948428,-0.14064016123150402
5788,True,0.4710187173326205,2.699439259698206,2.3455794662726737,2.547698562562298,2.6444858060933134,-0.15174069713590788,0.29890633982063974
5789,True,1.223493005174316,2.4117735487395993,2.4007421736204826,1.7762011153791113,2.709786758167513,-0.635572433360488,0.30904458454703043
5790,True,1.3533028199620196,2.199901724191333,2.571697088966739,2.530405075461832,2.7805798522448515,0.3305033512704991,0.20888276327811228
5792,True,0.6895993578494403,2.7081215821672413,2.3245948269967394,2.5790565191784767,2.6000460334390234,-0.12906506298876463,0.27545120644228405
5793,True,0.3330146874860401,2.3783399847372535,2.422244604246235,2.6189814643391425,2.5626204426927917,0.24064147960188897,0.14037583844655677
5794,True,1.0222469061293935,2.450719974946138,2.372412187394931,2.2645545662580093,2.454052923616767,-0.1861654086881286,0.0816407362218361
5795,True,0.6093506539616309,2.2078341576757983,2.67955483575164,2.542745507683771,2.5663661374464866,0.3349113500079728,-0.11318869830515332
5796,True,0.5891288153874585,2.1483133211196175,2.318664180039878,2.541525047542125,2.178176664223772,0.39321172642250746,-0.14048751581610608
5797,True,0.6864833613493497,2.165645697384501,2.1551630759643223,2.3245273490539966,2.1821114409839386,0.15888165166949575,0.026948365019616283
5798,True,0.8582282236653469,2.1029372629015826,2.775643703539775,2.029355517223387,2.475855604119513,-0.07358174567819553,-0.29978809942026174
5800,True,0.7062597992750552,2.3102742236150235,2.575556654356491,2.359921086029361,2.4747380324248462,0.049646862414337356,-0.1008186219316447
5801,True,1.474195353194763,2.3618494589410224,2.331566274009812,2.4209223039699146,2.3356966511124684,0.05907284502889221,0.00413037710265618
5802,True,1.0826745141206162,2.0631404462372407,2.4032767107846738,2.1854086723608472,2.1768185867090533,0.12226822612360655,-0.2264581240756205
5803,True,1.1560766982388415,2.4247837060241064,2.4734246303859755,2.6199353704904627,2.545724763580502,0.19515166446635623,0.07230013319452633
5805,True,0.8864182224832925,2.3025905114240355,2.4883728810811294,2.550129638968184,2.3874744116450755,0.2475391275441483,-0.10089846943605396
5806,True,0.976454918196216,1.9933338278120902,3.8697743736553947,2.4853808379582394,3.2283064121681506,0.49204701014614916,-0.641467961487244
5808,True,0.6401482022527124,2.242226793769979,2.1414243388221776,2.5044926178651434,2.6348343774252685,0.2622658240951643,0.49341003860309085
5809,True,1.2615882763347712,2.1416746841899212,2.1370134104165097,2.783178186827606,2.409606837961123,0.641503502637685,0.27259342754461313
5810,True,0.7422355339569369,2.100174234986231,2.8142570664564386,2.109881727785233,2.4675881481343276,0.009707492799002182,-0.346668918322111
5811,True,1.1868647802230838,2.191048828552207,2.2653834327548172,2.4038610130440152,2.3792123190108527,0.21281218449180805,0.11382888625603549
5812,True,0.8531260174943374,2.116613311802607,2.8400558411587618,2.2618542941573403,2.608669213552956,0.14524098235473337,-0.23138662760580564
5813,True,1.0879430315529397,2.235542024409293,2.238693982012727,2.5364694453198133,2.298273104865912,0.3009274209105204,0.059579122853184785
5814,True,0.9408516177061972,2.127656067413152,2.3431543634596506,2.412450869995905,2.3520438877686787,0.2847948025827529,0.008889524309028118
5815,True,0.6630599683300102,2.310434970433057,2.2613988405409606,2.630857602029802,2.445081286286204,0.3204226315967449,0.1836824457452435
5816,True,0.8027511035316833,2.3613162021847054,2.2867871935315716,2.560470480858938,2.031331618606376,0.19915427867423263,-0.25545557492519544
5818,True,1.4406342896836528,2.4098489210944325,2.0105886674802482,2.136012645140707,2.5100825382606446,-0.2738362759537254,0.4994938707803964
5819,True,0.6588220132784108,2.2326082410714156,2.058551797308001,2.275903282200059,2.4132755441221376,0.04329504112864324,0.35472374681413665
5821,True,0.6790796176464147,2.1610747376710506,2.370265236529448,2.265130209579573,2.532342191931809,0.10405547190852227,0.1620769554023611
5822,True,0.7004216736283552,2.3054428121729673,2.353261401438438,2.4765931381357333,2.2785116002026413,0.17115032596276603,-0.07474980123579655
5823,True,1.8502511853586991,2.226864251138807,2.7993583652865883,2.3667930214393484,2.467833715749301,0.1399287703005414,-0.33152464953728744
5824,True,1.3939802087388233,2.285218057472853,2.4432272422146903,2.577434960449245,2.3626156639356304,0.2922169029763917,-0.08061157827905996
5825,True,0.7451802097956818,2.353996969178168,2.380316618561489,2.328858774392943,2.418474722070504,-0.025138194785224943,0.03815810350901527
5826,True,0.9154629411452319,2.400007510759081,2.345584246706991,2.765489774220111,2.2636490556077815,0.3654822634610304,-0.08193519109920944
5827,True,1.045463126436294,2.361947198690098,2.2649368589212373,2.6873901602742762,2.4588117197138133,0.3254429615841783,0.193874860792576
5828,True,0.6094764421933387,2.2755273333010084,2.563062696287393,2.3843585580113573,2.3171745359944294,0.1088312247103489,-0.24588816029296368
5829,True,0.6513882165191556,2.26463036332643,2.726446691556613,2.24803609999595,2.3236818162259225,-0.016594263330480086,-0.4027648753306905
5830,True,0.441669095815264,2.2899156076371026,2.4145776440611724,2.207678991758766,2.475046221786373,-0.08223661587833675,0.060468577725200756
5831,True,0.9956405016355876,2.295848627348937,2.358153810950422,1.7160927031093047,2.1247059055137494,-0.5797559242396324,-0.2334479054366727
5832,True,0.7827105158124628,2.130026731733665,2.2847262381519586,2.2169261598783576,2.4824479636441525,0.08689942814469243,0.1977217254921939
5833,True,0.6022516481575646,2.0580422212870175,2.598820542053645,2.150697433103271,2.4298269924611917,0.09265521181625358,-0.16899354959245327
5834,True,0.9072530005272798,1.9671073480875414,2.9938497125607357,2.5894241938687834,2.422088638103899,0.622316845781242,-0.5717610744568367
5838,True,0.5123949201519377,2.5659721657492702,2.24163901014414,2.639175978012266,2.5315146465539162,0.07320381226299588,0.2898756364097763
5839,True,1.3066049902343653,2.2948597958481036,2.5646502941726776,2.4641769953988697,2.766638184426905,0.16931719955076607,0.20198789025422714
5840,True,1.0658847588915565,2.4736415730052728,2.3026744840293865,2.5925699510667015,2.620093647970813,0.11892837806142875,0.31741916394142633
5841,True,1.543985656987615,2.174504792774668,2.682208062939935,4.049967863180398,2.7736508270085114,1.87546307040573,0.09144276406857621
5842,True,2.7858380783976915,2.9438325804637735,2.2121082791988282,3.677610279248333,3.5086864432567926,0.7337776987845595,1.2965781640579643
5843,True,0.9589254449322379,2.301939293226474,2.5307922853525535,2.6409917017611018,2.6676393234095577,0.3390524085346276,0.13684703805700416
5844,True,0.5754738544080769,1.8347591024709484,2.678620524841098,1.9012941674186032,2.5571528767911005,0.06653506494765482,-0.12146764804999766
5845,True,0.5539942894308346,1.8633434239023143,2.598042521861411,2.1559146781800065,2.4725591048266167,0.29257125427769215,-0.12548341703479426
5846,True,0.5641211228388983,2.5441868771770677,1.9044535556951763,2.4917463076703856,2.243680609470296,-0.05244056950668208,0.33922705377511964
5847,True,0.7408915661703016,1.8437664190726548,2.821331827151851,2.0543115734593425,2.097317457779342,0.21054515438668764,-0.724014369372509
5848,True,0.827718342754684,2.1394204825138976,2.320234102412944,2.3681041115037575,2.566322980755735,0.22868362898985994,0.2460888783427908
5849,True,1.0696111708107854,2.472772342877524,1.9765766051686433,2.1464968883476168,2.433546637240799,-0.32627545452990736,0.4569700320721557
5850,True,0.6213134905813166,2.623300871097328,2.4873024335010006,2.687993616806781,2.4799565656730764,0.06469274570945283,-0.007345867827924124
5851,True,0.488008526833036,2.706717366793216,2.3778955417133023,2.418246983467363,2.4063508427016624,-0.28847038332585306,0.028455300988360133
5852,True,0.48496055523187537,2.0936893593367665,2.5357799385199025,2.232137201626728,2.4221339472723225,0.13844784228996154,-0.11364599124758001
5853,True,0.6252488273784645,2.155457701881436,2.6695008032776464,2.1139856393450263,2.4025428563299345,-0.04147206253640956,-0.2669579469477119
5854,True,1.0604155740618113,2.097677450396033,2.771953465518496,2.1565721561668183,2.7027705580082078,0.05889470577078537,-0.06918290751028833
5855,True,0.6753816070647889,2.6738361184261086,2.1070711176654666,2.667249747354754,2.009561688916267,-0.006586371071354513,-0.09750942874919977
5856,True,0.4870925060118744,2.2193650683697803,2.3589954330604375,2.5263584374870485,2.2984671730353248,0.30699336911726816,-0.06052826002511269
5857,True,0.5426618273300863,2.3615554204168063,2.2595487116900137,2.5357408838942908,2.4331161670684778,0.17418546347748443,0.17356745537846408
5858,True,0.5293877823594638,2.1974395102254802,3.024283433013513,2.2731518341848616,2.9033392768446817,0.07571232395938132,-0.12094415616883136
5859,True,0.6852515077614174,3.013117900779855,2.1844143522006076,2.947968942903911,2.348685854162706,-0.0651489578759441,0.1642715019620984
5860,True,1.0554473071319008,1.9718225186106382,2.7920225234227605,2.165259316957209,2.549567946185981,0.19343679834657102,-0.24245457723677966
5861,True,0.7107200842643115,1.9801840243017819,2.805167170793926,2.102361661610818,2.541366045071233,0.12217763730903597,-0.2638011257226931
5862,True,0.4936747577780644,1.8719574221119453,2.655222764383433,2.025427222784862,2.5740944823096528,0.15346980067291693,-0.08112828207378042
5863,True,0.7103364483987294,1.8943465207295098,2.4065234888527476,2.6168825597181464,2.5988805598359073,0.7225360389886366,0.19235707098315968
5864,True,0.9411982294639543,2.174166820232523,2.5627881065355367,2.5068302241659683,2.6902766596742427,0.3326634039334455,0.127488553138706
5865,True,1.5078481881040355,2.2236162786101383,2.2227614931431576,2.6129486191923097,2.5394687156200604,0.38933234058217137,0.31670722247690275
5866,True,1.2119930364624127,2.72841227328276,2.144951465558137,2.7289581270417105,2.7036841939614544,0.0005458537589504431,0.5587327284033172
5867,True,0.5107970696899489,2.9650127861613007,2.0904186296050846,2.720491474046923,2.115775011710366,-0.24452131211437766,0.025356382105281572
5868,True,0.77571220383902,3.0140353286250643,1.9824647546677845,2.6520293536863426,2.240000483806421,-0.36200597493872166,0.2575357291386364
5869,True,0.9375343852006802,2.0099907875162013,2.9061608809045656,2.410161596761097,2.551122296277072,0.4001708092448957,-0.3550385846274935
5870,True,1.135671692707846,2.189212009399729,2.3523030688455093,2.6387044219273594,2.317548226820102,0.4494924125276305,-0.03475484202540713
5871,True,1.3256088936844588,2.2773094492624404,2.3086624442953982,2.8785915558527924,2.8763537750063013,0.601282106590352,0.567691330710903
5872,True,1.3423538671290007,2.103197165127416,2.746656825469829,3.3311523449162452,2.939127417688624,1.2279551797888293,0.19247059221879503
5873,True,1.2022420226790393,2.178948717088128,2.478089844436638,2.808883199246633,2.6281702825146245,0.6299344821585051,0.15008043807798632
5874,True,0.8993502053024667,2.627411208414092,2.140246010579158,2.7817458988130097,2.8133324639741746,0.15433469039891756,0.6730864533950167
5875,True,0.9584914708992448,2.7958184362186325,2.1256104382506216,2.8595511549447754,2.599513960089655,0.06373271872614295,0.4739035218390333
5876,True,0.9031713972530129,2.0300158982874987,2.608208038079018,2.3247512967405783,2.495082910356888,0.2947353984530796,-0.1131251277221299
5877,True,0.8423089431113508,2.121440994654341,2.3592377147926404,2.4418841299979817,2.4677930326315862,0.3204431353436408,0.10855531783894579
5878,True,0.3420525145578601,2.4728047589124382,2.1832150143309295,2.244243589599177,2.3351789305609967,-0.2285611693132612,0.15196391623006722
5879,True,1.0367662245594822,2.1632369605524033,2.378301710233586,2.2755194608970055,2.412077512280648,0.11228250034460219,0.03377580204706199
5880,True,0.5501102028263658,2.108180230696607,2.7282471962965524,2.302017087190058,2.7089257272066356,0.19383685649345095,-0.019321469089916832
5881,True,0.3759229558345781,2.679532070268986,2.1055948588463074,2.6320094025128404,2.381327200713081,-0.047522667756145776,0.27573234186677364
5882,True,2.2754090008608663,2.1402371120275436,2.7710935443430995,2.1251194522703893,2.930164641347479,-0.01511765975715429,0.1590710970043796
5884,True,0.6550515888436739,2.3788294698443604,2.419684583804261,2.4647565578989745,2.454522527768894,0.08592708805461413,0.03483794396463269
5885,True,0.8514306239318375,2.5479790473824546,2.2963142718277916,2.6834177690173404,2.4988655763001737,0.1354387216348858,0.20255130447238212
5886,True,0.9767297532529277,2.4128145188140757,2.3766937824002485,2.293795487213496,2.728475917814009,-0.1190190316005797,0.3517821354137607
5887,True,0.5320077240650855,2.5265039881622986,2.4860886670832962,2.7991042833708426,2.583410762336102,0.272600295208544,0.09732209525280577
5888,True,1.3330633085729682,2.465798447034956,2.497814580948714,2.503048361616891,2.3607402886135103,0.03724991458193472,-0.13707429233520374
5889,True,0.8381994363860887,2.4303839503666906,2.5177075134733182,2.4808024980086585,2.765869071482777,0.05041854764196785,0.24816155800945872
5890,True,0.9447450145452395,2.0387291626402955,2.5143266257588732,2.519823864548671,2.3428965471433005,0.48109470190837555,-0.1714300786155727
5891,True,1.3331439842741917,2.2282870532541357,2.1931647641023235,2.4753847770015476,2.32423518865669,0.2470977237474119,0.13107042455436657
5892,True,0.6844832766180088,1.9620631726068354,3.1348748074843433,2.100351271064438,2.4472432894685805,0.13828809845760248,-0.6876315180157628
5893,True,0.5072475986547386,2.1584535451568096,2.421492662243683,2.688552048878541,2.27597832681948,0.5300985037217312,-0.145514335424203
5894,True,0.7883491226342239,2.9431207600776426,2.3631658901143613,2.1651525290272278,2.31156910225284,-0.7779682310504148,-0.05159678786152133
5895,True,1.428093903769936,2.3260192112921163,3.0955439849241366,2.332732365257961,2.5288248786906937,0.006713153965844487,-0.5667191062334429
5897,True,1.271367159624184,2.1806424883047657,3.5482552626466997,2.5278698238849246,3.0016631613194042,0.34722733558015895,-0.5465921013272954
5898,True,1.2115878892743226,2.517151236040457,2.1575096317282108,2.641501014949455,2.237407807539788,0.12434977890899779,0.07989817581157732
5900,True,1.1302766500153794,2.644027731416598,1.908495820063539,2.3568927752422257,2.204035515399196,-0.2871349561743721,0.29553969533565705
5901,True,1.0942872275558495,2.224378162116325,2.044715401272265,2.2739957739270316,2.2224408599596073,0.04961761181070656,0.17772545868734246
5902,True,0.6117337188218721,2.4299763704406674,2.883848360039064,2.277429262205524,2.708488157922238,-0.15254710823514328,-0.1753602021168259
5903,True,0.7723136877463712,2.4326738984294627,2.8422681958956653,2.178871509282041,2.829803691489924,-0.2538023891474217,-0.012464504405741206
5904,True,1.0698697043917087,2.4527537638132366,1.9708388457963781,2.2051388899264377,2.384324773905602,-0.24761487388679893,0.413485928109224
5905,True,0.7338194254182763,2.4841681369222974,2.0113877449412882,2.7064815152668236,2.507117534852724,0.22231337834452614,0.4957297899114357
5906,True,1.1922275290140614,2.35894515396183,2.326208760730644,2.52884958156629,2.3835846206252045,0.16990442760446012,0.0573758598945604
5907,True,1.1097849302868326,2.49012103304237,2.1669497775906112,2.6623551389792084,2.195747204163767,0.1722341059368384,0.02879742657315587
5908,True,0.5387320954907323,2.069418688472683,2.7895125566127144,2.232904897709036,2.6789953853280526,0.16348620923635293,-0.11051717128466176
5909,True,0.5906588214202835,2.6711868251022803,2.0546649063290103,2.797799697128799,2.2352221074421217,0.12661287202651872,0.18055720111311135
5910,True,0.7577782535142593,3.045809159123401,1.9801970329742442,2.7604022595391777,2.2226907453233347,-0.28540689958422316,0.24249371234909045
5911,True,0.7211110902226567,1.9786393483654368,3.0870619211314825,2.1918631730035067,2.7970833983966226,0.21322382463807,-0.2899785227348599
5912,True,0.990507818819823,2.383537126897754,2.3168074615513476,2.374400089843748,2.3497145269732234,-0.009137037054006036,0.032907065421875714
5913,True,0.7815870030718599,2.298749859445347,2.5400998444352534,2.441680116912533,2.4322411177299017,0.14293025746718602,-0.10785872670535168
5915,True,0.819587520321411,2.42581574372416,2.1664848009852276,2.4768477236499624,2.3336803442703973,0.05103197992580233,0.16719554328516972
5916,True,1.5731650348367925,2.168310491350351,2.9106186611955884,2.3209234630097133,2.763553448995876,0.15261297165936227,-0.14706521219971247
5918,True,0.8814934168531369,2.5965528556145356,2.3225495776409164,2.624895411688245,2.3219895144375653,0.02834255607370917,-0.0005600632033511133
5919,True,1.3739947228246059,2.479672712657862,2.4553105215226854,2.2315212045734634,2.6823540718035344,-0.24815150808439856,0.227043550280849
5920,True,0.8730072445133911,2.464583267106226,2.259977386214296,2.593828272773855,2.5602462804271386,0.12924500566762864,0.30026889421284286
5921,True,0.6271362212098346,2.6189594070164586,2.2980221681045636,2.6743563449349823,2.2983094950447818,0.055396937918523736,0.00028732694021815774
5922,True,1.2584462031838355,2.250820391546158,2.5707727286751743,2.698089519562685,2.618398223746915,0.44726912801652663,0.047625495071740964
5923,True,0.9925274100677883,2.2516101441857113,3.197357555576167,2.330550388628832,2.78354268005558,0.07894024444312064,-0.41381487552058704
5924,True,0.9139729734686143,2.3968431709646754,2.2485944777349247,2.5219333751620003,2.420522116835539,0.12509020419732497,0.17192763910061437
5925,True,1.2133574287317155,2.8828583251696576,2.104119567562642,2.900064421111021,2.7730528916510053,0.017206095941363575,0.6689333240883633
5926,True,0.7950597665441754,2.370602389098602,2.3663066240240296,2.1026180155988863,2.5177349284696353,-0.2679843734997158,0.15142830444560573
5927,True,0.771126847413147,2.2603203973994486,2.506211599486364,2.614103526161311,2.5701828743038893,0.35378312876186246,0.06397127481752518
5928,True,1.2819988596957588,2.119690238950022,2.098091994980201,2.4974047284763436,2.854663771669266,0.3777144895263218,0.7565717766890652
5929,True,0.7277936300721919,2.3128242809171646,2.040281521971907,2.543939876554279,2.309761234952652,0.23111559563711426,0.26947971298074513
5931,True,1.002427313839173,2.122543780372975,2.7849407973958797,2.572082530823612,2.646454838170491,0.4495387504506372,-0.13848595922538864
5932,True,1.1705322289350217,3.0357426279907194,2.1468610833027832,2.4991778020016904,2.474198424117597,-0.536564825989029,0.3273373408148137
5934,True,0.6389684469621069,2.606684182117197,2.2499281016956965,2.3978530458018064,2.3210900372557717,-0.20883113631539052,0.07116193556007522
5935,True,0.7454846995018548,2.666719799322756,2.2656850204298036,2.5775158332497203,2.3255784944449847,-0.08920396607303571,0.05989347401518108
5936,True,1.1850897809738388,2.2257056372755137,2.5698206374375623,2.241207824198595,2.6082379501813096,0.01550218692308114,0.03841731274374727
5937,True,1.2163644499033786,2.183064747459406,2.4563546158280976,2.3451973985603005,2.8139044182818296,0.1621326511008947,0.357549802453732
5938,True,0.894038444017758,2.58201161240611,2.2945075114716884,2.4471079806869986,2.393321656813601,-0.13490363171911124,0.09881414534191268
5939,True,0.6163643860577277,2.203471127698296,2.708377544490428,2.35981311737773,2.441038003267462,0.15634198967943425,-0.26733954122296577
5940,True,0.8508028874553589,1.967932160924253,2.5633952408670813,2.4515100641965555,2.5495680093578597,0.48357790327230243,-0.013827231509221605
5941,True,1.0969567441702084,2.1275436265562218,2.3994315812917026,2.3050747797503224,2.2895234729039142,0.17753115319410062,-0.10990810838778842
5942,True,0.8792503442399966,1.9622224806326118,2.5356591113554674,2.313597768326638,2.2295226264357577,0.35137528769402615,-0.3061364849197097
5943,True,0.6697836698378763,2.3595560312482515,2.057043045417378,2.5521658257630913,2.242124565581493,0.19260979451483973,0.18508152016411517
5945,True,1.293550346167657,2.116526401087404,2.831220775919815,2.3661068170693396,2.616887642734017,0.24958041598193548,-0.21433313318579827
5946,True,1.0355101065600745,2.763907464912673,2.1400612844262197,2.514839803860675,2.630608213222372,-0.24906766105199774,0.49054692879615214
5947,True,0.5810160016398682,2.4834506213130148,2.2399056116943856,2.695503181793522,2.4576174030106883,0.21205256048050725,0.2177117913163027
5948,True,1.03798002608068,2.3570198833696754,2.132145878756892,2.227938946138561,2.619933602286325,-0.12908093723111458,0.4877877235294328
5949,True,1.299160314876112,2.240329738185877,2.232628294387581,2.483120812904197,2.927612486818226,0.24279107471831995,0.694984192430645
5950,True,0.8679723620308523,2.784012126589969,1.8618104175506163,2.53382627174181,2.297528955714378,-0.25018585484815903,0.4357185381637618
5951,True,0.5920166232167179,2.307199105127254,2.0317723335551157,2.1929137074207916,2.3189832244968915,-0.11428539770646218,0.2872108909417759
5952,True,1.7495255646946255,2.0402499936282315,2.7765410850732968,2.5103427694836813,2.5358797836190896,0.47009277585544984,-0.24066130145420717
5953,True,0.9001530794943701,2.334766292244258,2.2663109881920445,2.78327186873938,2.5817066584083483,0.44850557649512224,0.3153956702163039
5954,True,0.30677144545716867,2.266710291369411,2.3338160082791446,2.312977353140536,2.3390541078797216,0.04626706177112494,0.005238099600576973
5955,True,1.033692075251915,2.1524844470518247,2.3377371548358465,2.5001283317759913,2.201977403906089,0.3476438847241665,-0.13575975092975767
5956,True,0.8781846214397793,2.2002616760285583,2.4938717947400586,2.544756077538474,2.3817965796305947,0.3444944015099156,-0.11207521510946394
5957,True,1.217707795833047,2.5890677672475086,2.199222835162458,2.334551943644861,2.232101542945347,-0.25451582360264746,0.03287870778288893
5958,True,0.5590901227585819,2.229146398355209,2.4074019422190385,2.480182402042237,2.2526749563887374,0.25103600368702805,-0.1547269858303011
5959,True,0.7946714059416325,2.4616192075542473,2.0535899738019756,2.685964666330702,2.2963667840085997,0.22434545877645462,0.24277681020662412
5960,True,0.9432339951942432,2.1371751825248206,2.387732109031497,2.413509654975716,2.360398048383577,0.27633447245089515,-0.027334060647919767
5961,True,0.783359972712353,2.2427923939812175,2.416565734032493,2.4721175072249295,2.725633954985519,0.22932511324371196,0.309068220953026
5962,True,1.33400340647247,2.483777520713158,2.46040787878758,2.7427677139132656,2.535003229891039,0.25899019320010774,0.07459535110345916
5963,True,1.259059322450082,2.602091083897718,2.2835026372220373,2.537967775343099,2.3789386244834065,-0.06412330855461867,0.09543598726136926
5964,True,0.5824673447026392,2.349388340228154,2.4280725482777488,2.314137048561731,2.4068701725543904,-0.03525129166642271,-0.02120237572335837
5965,True,0.448918266315552,2.2507901292657206,2.5026704035689558,2.366355140613091,2.532349834340824,0.1155650113473703,0.029679430771868187
5966,True,0.6364111253168195,2.3620777973640075,2.436370962415207,2.4113557408679873,2.3224471558569424,0.04927794350397985,-0.1139238065582644
5967,True,0.5774270331545541,2.2524353789398712,2.5025236506175124,2.4391810585352207,2.321040400336237,0.1867456795953495,-0.18148325028127532
5968,True,1.2763289762638577,2.4509656839294993,2.3428158800895984,2.647839667824319,2.337583820817769,0.19687398389481947,-0.00523205927182957
5969,True,1.4193719583732387,2.5550312418833547,2.348322716280707,2.439136922732096,2.4994270173441753,-0.1158943191512587,0.15110430106346806
5970,True,0.47440023777841056,2.2130878950913813,2.4988299946374903,2.4399420158481226,2.468425998230856,0.22685412075674138,-0.03040399640663427
5971,True,1.087698617818997,2.6307484534063685,2.3725718474474067,2.5835520398416594,2.7719689841621604,-0.04719641356470916,0.39939713671475374
5972,True,1.604047811037306,2.489243414011575,1.9915684586024152,2.3926720555136676,2.600661261959735,-0.09657135849790732,0.6090928033573197
5973,True,0.7593488065084323,2.555483474296009,2.3425189639787334,2.6846959670020367,2.2767394473637075,0.12921249270602786,-0.0657795166150259
