rxn_id,ok,n_atoms,rmsd_R_TS,shift,inter_R,inter_TS,p_order_ok,hit_cap,n_iso_max,max_disp_heavy,max_disp_h,recovery_used,reused,reason
0,True,19.0,0.4232585505440352,0.363536762593867,2.424978385435359,2.3177873523902055,True,False,12.0,0.5699068503747525,0.7503404497924926,,True,
1,True,19.0,0.737836538342055,0.9858182016105275,2.9825242038207636,2.274046823858295,True,False,12.0,0.36068995940983195,0.30012697017594675,,True,
2,True,16.0,0.435883642607423,0.5756419094541343,2.5794115053798725,2.1494940458396252,True,False,6.0,0.38413032163121336,0.24172197629972006,,True,
3,True,16.0,0.6701254491579997,0.9248751197737874,2.675583695380199,2.2598791960191145,True,False,6.0,0.4452922421253281,0.30428156534661205,,True,
4,True,23.0,0.961704455819976,0.8216619599552359,2.16000000000915,2.3147868828036846,True,False,72.0,1.6984535950938957,1.4530137830078496,,True,
5,True,19.0,1.8045792367422056,2.0201084998807346,2.6910000000024867,1.9101619919263393,True,False,6.0,1.6811812536056303,3.1089011069495065,,True,
6,True,19.0,1.2563477459837862,0.6835563406457368,2.4480000000059925,1.978658448065254,True,False,6.0,1.3543640537345527,3.134905390717601,,True,
7,True,24.0,1.0534109285955524,0.2538097944234323,2.3657537305160385,2.6185760580513984,True,False,36.0,1.1053513432514597,2.942102094663628,,True,
8,True,24.0,1.0488417387777706,0.17179023832431994,2.6427928444312823,2.6567282356500073,True,False,36.0,1.1079761991556614,2.983495171200011,,True,
9,True,23.0,0.42161415212565867,0.4736851258385286,2.5364782549046065,2.3764046391345053,True,False,144.0,0.37646016826708545,0.41466469621235424,,True,
10,True,23.0,0.42838944511098564,0.5454451944751781,2.4713120018518624,2.231384632935344,True,False,144.0,0.301186343717773,0.29929693194327733,,True,
13,True,24.0,0.9192806988790792,0.7723150268939207,2.7360000000080467,2.21217072295517,True,False,72.0,1.5428495518166763,1.5358936100007854,,True,
14,True,24.0,0.5561691760337302,0.6830240726158081,2.54302184780837,2.1474735878468914,True,False,36.0,0.5988379910606969,0.9584248623685281,,True,
15,True,24.0,0.863589134683898,0.6855513601694838,2.804920192889787,2.1088701694983505,True,False,36.0,1.6311440450185195,2.3421552675901247,,True,
16,True,24.0,1.2160975369297389,0.42854595207609236,2.6100000000044217,2.246886281879882,True,False,72.0,1.95835620212153,3.3150058257000135,,True,
17,True,24.0,1.2689310653769363,0.45120520729687996,2.853000000002042,2.436208860791701,True,False,72.0,3.2602411896285104,2.8628311694496937,,True,
18,True,24.0,0.07906703517804586,0.10389282241521869,2.448000000007479,2.303700824000374,True,False,12.0,0.03909382911220553,0.05215857358133729,,True,
19,True,24.0,0.8906735814977491,0.30732111012912355,2.6213580387612403,2.2474672948454666,True,False,12.0,0.8777774490649279,2.862731306367816,,True,
20,True,25.0,1.2198322396024948,0.9582422453167965,2.6100000000081236,2.1873706334775553,True,False,36.0,1.3683870265970195,3.1839499165742895,,True,
22,True,25.0,1.1723956916172613,1.4211168006258958,2.718000000000065,2.279399614745076,True,False,144.0,1.7698654282198178,1.3397026653562834,,True,
23,True,25.0,0.5925430005221743,0.8086575337947579,2.8930814354833068,2.1823165715816764,True,False,144.0,0.5434940487854263,0.45104464489407514,,True,
24,True,21.0,2.3538890171845472,2.885223894023511,2.5410516591522763,2.131498254679088,True,False,6.0,2.815756433511401,1.192647416819408,,True,
25,True,21.0,1.3989959039860946,1.5342407558346167,2.7588067673641046,2.241156704672835,True,False,6.0,1.8810794540605624,1.010262549775226,,True,
26,True,26.0,0.710798726692526,0.13081580277139437,2.281982144737903,2.3488895071075606,True,False,36.0,1.6989384450170226,1.7309292326628491,,True,
27,True,29.0,0.2724981484235021,0.2771659315621946,2.554850493574819,2.3066034809867086,True,False,16.0,0.669068672708257,0.5076773784811887,,True,
28,True,23.0,1.103201405621502,0.8939086604004842,2.6410039052128003,2.3213061077333164,True,False,72.0,2.015601049320682,1.2577722126247044,,True,
29,True,27.0,0.4648638657064097,0.6329158513653965,2.5873481510320904,2.1106951151930966,True,False,432.0,0.3446139104644,0.7515839466029569,,True,
30,True,27.0,0.621994129238812,0.7756531526501931,2.610000000003871,2.010113133358419,True,False,432.0,0.4235970152595213,1.2254021823636914,,True,
31,True,20.0,0.46900441001000265,0.4023198045688332,2.766995044581508,2.2481159148273475,True,False,36.0,0.6975007931518364,0.6269703812389258,,True,
33,True,21.0,0.339502551303746,0.35292373963966384,2.40300000000757,2.18009570812843,True,False,12.0,0.33851981778673,0.5145283475504507,,True,
34,True,21.0,0.4718457967034405,0.6011395263740269,2.85300000000596,2.1368737780224643,True,False,12.0,0.4507972750169712,0.23336004232885899,,True,
35,True,28.0,1.4289378460094158,0.9803235863109876,2.4703812939668834,2.3459830016008216,True,False,72.0,2.9955738349309673,2.9939406232006607,,True,
36,True,28.0,1.5499871469153685,1.4277228379287408,2.160000000005126,2.1860487227873033,True,False,72.0,3.0302543579562755,2.886728807870206,,True,
37,True,28.0,1.2977670242114625,0.7705332358491432,2.238966174386278,2.5468640360451125,True,False,72.0,3.0266806641505997,2.839076979965317,,True,
38,True,28.0,0.25834498875679757,0.24461639305081917,2.160000000005626,2.2851912771144565,True,False,72.0,0.2317842710253346,0.38141709180303146,,True,
41,True,26.0,1.1639704239959034,0.5315484279672091,2.160000000000735,2.2070499553476357,True,False,36.0,3.70685508685528,1.6212170397231556,,True,
42,True,26.0,0.5124812626634404,0.6181151438358938,2.6100000000013304,2.3355003043887623,True,False,36.0,0.5295387159014552,0.5839901358471263,,True,
44,True,28.0,1.2765375146290676,1.174364866285032,2.7360000000033025,2.5563966989495195,True,False,36.0,3.3717169875419857,1.968999598592208,,True,
45,True,28.0,1.4805501212081063,1.3451713597823982,2.1600000000104984,2.350366161835215,True,False,36.0,1.830639211066182,3.2576339831979553,,True,
46,True,28.0,1.0784276897244447,0.6486696183274034,2.1600000000032127,2.409164591658279,True,False,36.0,1.1051356933252798,3.046753526698682,,True,
47,True,26.0,1.3523469467274183,0.8574106721644057,2.7360000000005558,2.044780241052813,True,False,36.0,2.627297502290793,3.169360551839469,,True,
48,True,26.0,1.5279380745765085,0.8238156814513786,2.4480000000004813,1.8547596454797046,True,False,36.0,3.984636463296581,1.957823174891509,,True,
49,True,30.0,1.0524360000043607,0.6341167397840763,2.8907716494178977,2.3552831848845694,True,False,12.0,1.1072406371737298,2.9909410016235927,,True,
50,True,30.0,1.9008878549143886,0.7281064119561051,2.670838949840261,2.4463832252735878,True,False,12.0,3.332596520484583,4.207867332567444,,True,
51,True,29.0,2.035543430416231,2.039615499739739,2.448000000000634,2.4456912466826224,True,False,36.0,2.2691002860274114,3.362042235034961,,True,
52,True,29.0,1.253105984619559,0.38685491192154586,2.4750000000073773,2.2941040082350233,True,False,36.0,1.6388485268005129,2.9830486483463616,,True,
55,True,32.0,1.7170213522167759,1.1222352563818276,2.6100000000013055,2.5643133795423676,True,False,48.0,2.6334243093393694,4.54247507090827,,True,
56,True,32.0,1.787500448684566,0.8572781182047038,2.9815602447551117,2.5561636578669997,True,False,48.0,2.5933338740056047,4.648037400391433,,True,
57,True,27.0,1.0240429432500089,0.23782246440896415,2.2020197737985208,2.328090733133054,True,False,432.0,3.056699500453623,1.4776324408434098,,True,
58,True,27.0,0.4684333442104417,0.6200400580819405,2.403000000006866,2.295887025922661,True,False,432.0,0.42584324104229965,1.0298923254294337,,True,
61,True,31.0,0.3283556730517796,0.4858687877022021,2.6699851465428304,2.32861693717537,True,False,1296.0,0.3465997016761735,0.6108094593877758,,True,
62,True,31.0,0.9682773641113753,0.5187767224779236,2.8503253634183348,2.3510664661808267,True,False,1296.0,2.9640545729868313,1.9459347566456877,,True,
63,True,30.0,0.8605156239732864,0.6604243837828108,2.690508646164261,2.2559477499268463,True,False,144.0,1.0832518175743986,2.5535326030202214,,True,
64,True,30.0,0.47605293326860193,0.22825885002384894,2.8076342664709,2.3187701470607216,True,False,144.0,0.9455681046975886,1.1691222866431834,,True,
65,True,25.0,1.1904131899487875,1.0728590764701949,2.3017489506545448,2.1595497576578317,True,False,72.0,2.012827449001811,2.185231297753103,,True,
66,True,26.0,0.5141297126898805,0.5059614717029035,2.6880343505090645,2.2521476121471258,True,False,6.0,0.5990837346365258,0.692010060247135,,True,
67,True,26.0,1.3440171299146615,1.4480666506678972,2.9250000000077403,2.300034362808521,True,False,6.0,1.848464222692609,1.1570762526368643,,True,
68,True,31.0,0.3420089763016581,0.43645964658935554,2.8148578277970726,2.1526699704552947,True,False,72.0,0.30892541768514903,0.4399750071829066,,True,
69,True,31.0,1.0497656081166138,0.9023580150824273,2.6851421643742803,2.260990895824218,True,False,72.0,3.1641948089001186,1.4234862890815771,,True,
70,True,33.0,1.4544270234678132,0.523082302603143,2.380678394755641,2.038455368949735,True,False,144.0,2.374099865175786,4.294619535699263,,True,
71,True,33.0,1.4617278384892245,0.5950356674438808,2.358642796022113,2.184417792387711,True,False,144.0,2.342067212255922,4.260595369076401,,True,
72,True,25.0,0.8242567724381816,1.2846425636926142,3.1050000000075344,2.359940382594442,True,False,36.0,0.6746216461421538,0.8928673483175857,,True,
73,True,25.0,1.1594884296701373,0.3896195374072704,2.655000000010084,2.0933592312357665,True,False,36.0,1.5049635909284755,2.9640880952912583,,True,
74,True,26.0,1.7407524511780066,1.424717188001523,2.4750000000065637,2.1177824070003033,True,False,12.0,3.0497409675161657,2.718326411409673,,True,
75,True,26.0,1.752018737934201,1.424054580689699,2.160000000006984,2.0323564105244927,True,False,12.0,3.0334753165915034,2.777957081578898,,True,
76,True,26.0,1.6923981117346782,1.4852400268828205,2.160000000002943,2.1925899654062087,True,False,12.0,2.9475180545431603,2.36866510541062,,True,
77,True,26.0,0.9630194555513748,0.8877723059667915,2.206198871292517,1.9854009901025034,True,False,12.0,1.5250728028684242,1.5028315015289437,,True,
78,True,28.0,1.2070254935277713,0.7839286663765961,2.8530000000083513,2.292525900071796,True,False,36.0,3.13393740761974,2.9217600084961544,,True,
79,True,28.0,0.8668021141941774,0.17982844597645453,2.864353232313548,2.1840332267161138,True,False,36.0,1.2035935293997992,3.3338002787131678,,True,
80,True,22.0,0.6960685542178173,0.8273862935238867,2.655000000008739,2.4863070863833374,True,False,12.0,0.861166173165091,0.4152363905732564,,True,
81,True,22.0,0.3557254138777235,0.3629447488601727,2.8168030506953086,2.461744701710557,True,False,12.0,0.529556445977574,0.3074435585910193,,True,
82,True,29.0,1.4557068929136054,0.20576350309420377,2.859924810822345,2.3705916784845087,True,False,6.0,4.6016421886432815,3.1124263247499986,,True,
83,True,29.0,2.1661122813281404,2.01861306601495,2.9250000000032217,2.3668041001739035,True,False,6.0,4.497042792211719,3.10439320310628,,True,
84,True,26.0,1.4550823781293742,0.6274729952565394,3.10500000000875,2.2461764679116376,True,False,36.0,3.5541242099996255,2.8594738788867358,,True,
85,True,26.0,0.3047546422871928,0.350005213625991,2.7892493768939004,2.1048222949218305,True,False,36.0,0.36234116615823597,0.5674523682421712,,True,
86,True,33.0,1.7520380135846754,1.463645354444452,2.475000000002318,2.29432392381721,True,False,288.0,2.6900492634513076,4.5322782278390195,,True,
87,True,33.0,0.46315375369522216,0.6687238017802883,2.4480000000003193,2.3387536737758423,True,False,288.0,0.47849664175813206,0.6219722595960292,,True,
88,True,36.0,1.4495122611009834,1.4081227589231275,2.448000000005684,2.181921132992666,True,False,576.0,1.4415893320956328,2.6471323706816294,,True,
89,True,31.0,0.5490848272209861,0.5838067575896275,2.750231634705153,2.206673205551742,True,False,144.0,0.8807135232088169,0.8911809045411208,,True,
90,True,31.0,0.979179127939739,0.6274302262463607,2.673799207657715,2.275921274099787,True,False,144.0,1.0747855550634187,3.0001162367316097,,True,
91,True,31.0,0.905970354062377,0.9063691367227875,2.160000000006634,2.3138033673153817,True,False,432.0,2.143436346626258,1.1839405810818988,,True,
92,True,31.0,0.7475479411994237,0.4130730358956498,2.4480000000019095,2.374279224480558,True,False,432.0,1.8201237241046357,1.0109503685169146,,True,
93,True,28.0,0.9849380918669134,0.6599616962230357,2.7410491104742665,2.408913094343588,True,False,72.0,2.108836281677915,1.8484598716171357,,True,
94,True,28.0,1.0051117950366297,0.7528043535239703,2.5987203499393625,2.3654862259374925,True,False,72.0,2.068662122716245,1.8445085286615468,,True,
95,True,29.0,3.319182157114394,3.5347034334663476,2.718000000007122,2.312221819181715,True,False,12.0,4.129090965413325,3.201624527059219,,True,
96,True,29.0,3.401800244838635,3.6245274163120484,2.9250000000007406,2.209564915565958,True,False,12.0,4.6229253570562845,2.7454955487355317,,True,
97,True,26.0,1.2022769005935126,1.2237368148307723,2.475000000005789,2.261958639520184,True,False,36.0,2.5486724743385785,1.1677051302749302,,True,
98,True,26.0,1.4079251567608662,1.6534751959115965,2.763000000003878,2.25803583700525,True,False,36.0,2.293326828271335,1.4057289990190354,,True,
99,True,30.0,1.991487691443092,1.661875658450299,2.9154030759896576,2.237104017563779,True,False,36.0,3.427043278829843,3.102321774421555,,True,
100,True,30.0,1.4884912997889188,1.490153081718745,2.6428469743007708,2.0794988026926102,True,False,36.0,3.4355870803514974,1.8137758300230362,,True,
101,True,30.0,1.251873350020832,1.0183714533923194,2.9250000000019547,2.214260422037119,True,False,36.0,3.51646190606352,2.6278826753080993,,True,
102,True,30.0,1.2391469134939594,0.9918619233758363,2.925000000005033,2.201101797214295,True,False,36.0,3.513244905960223,2.6389962032984653,,True,
103,True,34.0,1.0444402831704998,1.0988648796337657,2.448000000007059,2.04889379334313,True,False,216.0,1.5642819881019958,1.932902121433143,,True,
105,True,27.0,1.216512893197121,0.6772080215014284,2.5301265923816443,1.9566819844829153,True,False,36.0,3.3710385398424196,2.5736297172071363,,True,
106,True,27.0,0.6267004222655695,0.6918383785487094,2.7064923620045036,1.9407595473422254,True,False,36.0,0.3095512302355784,0.6484630620465124,,True,
107,True,23.0,0.43563371636804965,0.39439192477584584,2.6100000000008956,2.2141417296550827,True,False,36.0,0.7287018895656827,0.6378365090441872,,True,
108,True,23.0,0.41848732306825026,0.31046844988668454,2.716802653337581,2.2323089522062127,True,False,36.0,0.7419205456230704,0.7447576848671782,,True,
109,True,34.0,1.6009072641681508,1.6628461786312982,2.71222438987922,1.9257597589782585,True,True,5000.0,2.100635045719637,1.8385007528151978,,True,
110,True,34.0,1.4899449453645326,1.3885216257294815,2.610000000002184,2.0161871273768215,True,True,5000.0,1.0794267948282201,3.10449934862934,,True,
112,True,26.0,0.4472409001691807,0.43984242099759285,2.682916108867359,2.0604562615595605,True,False,12.0,0.5731920957961621,1.3284053152986346,,True,
113,True,26.0,1.5505441788584526,1.1777331482735462,2.4030000000073812,2.0885789744704413,True,False,12.0,3.032573757596862,3.287391455176549,,True,
114,True,29.0,1.8660192010451584,2.0073727200797293,2.1600000000031745,2.3565623304720797,True,False,36.0,1.9451146948640599,2.8681936671154595,,True,
115,True,29.0,1.9191371460084987,1.3025028217525687,2.40300000000845,2.550834581485048,True,False,36.0,3.047035024206392,3.681251210277888,,True,
118,True,24.0,0.2591751413400473,0.2882082653159159,2.715273934001821,2.709594895367202,True,False,72.0,0.2574391713010292,0.19752263089961083,,True,
120,True,36.0,1.0366665376151132,1.0848265447784797,2.403000000001388,1.8792596506869401,True,False,432.0,1.3923831270304694,2.1834015075173228,,True,
121,True,36.0,1.8980799993414728,1.456360185999074,2.1600000000063653,1.9163865366360724,True,False,432.0,4.394508730479413,4.201640472995954,,True,
122,True,30.0,1.3057142852973558,1.0913936421275139e-11,2.73316184482434,2.4278057102247703,True,False,12.0,4.361743798922356,2.05972218195899,,True,
123,True,30.0,1.289206503004436,0.05203714887829847,2.8725614629317997,2.4034957826049954,True,False,12.0,4.218724633166564,1.9865258137192308,,True,
124,True,27.0,0.34414108992554776,0.585665447597421,2.676987981089634,2.2782200812256925,True,False,6.0,0.26011343416352867,0.261590656556037,,True,
125,True,27.0,1.4765358868051284,1.313685271950817,2.9700000000011344,2.2281512588242296,True,False,6.0,2.902669602841191,3.323470954124785,,True,
126,True,27.0,0.42870041552286775,0.7474620745560969,2.904503935932593,2.294601915474665,True,False,6.0,0.2716204825184898,0.2543741690864309,,True,
127,True,27.0,1.53217376698587,1.5605120768123015,3.010544075176801,2.2641982695426655,True,False,6.0,2.9412488348555224,3.201292469776759,,True,
128,True,33.0,1.6681549270022922,0.816210789118486,2.585624745762528,2.2273532302937493,True,False,48.0,2.6213434901064496,4.541464384884596,,True,
129,True,33.0,0.3733752001897808,0.5473860487763886,2.6580512067350437,2.3814778966011843,True,False,48.0,0.29714261433463557,0.38832576107224226,,True,
130,True,29.0,1.7313930361411813,2.0314604982668243,2.7360000000096703,1.9684956458676763,True,False,36.0,3.2426035243096774,1.3399226196409024,,True,
131,True,29.0,0.5995951620019573,0.14095780615025433,2.8980000000025523,2.0304226792961115,True,False,36.0,1.938971831436243,0.8489774288971306,,True,
132,True,25.0,0.6853791094898252,0.8265576918638544,2.9250000000008254,2.1187226016871583,True,False,6.0,0.5825556439452426,0.3145244127672925,,True,
133,True,25.0,0.7242313140394868,0.9110593378281919,2.8092625215031544,2.2128609320967283,True,False,6.0,0.5484783786948837,0.22017320351844083,,True,
134,True,28.0,1.2686036260888667,0.8451529665217095,2.743513423967535,2.0815012703575273,True,False,36.0,3.5190174158407093,2.790238298582768,,True,
135,True,28.0,0.9505023485255976,0.34607043719734065,2.7360000000056366,2.1211249315870107,True,False,36.0,1.1745391808853165,3.1159863351733894,,True,
136,True,30.0,1.0421349720491608,0.4259914759422827,2.7781419995294137,2.009901477212254,True,False,36.0,3.423359865104591,2.8421774901740164,,True,
137,True,30.0,0.9699056115278888,0.504814710428036,2.7004648234987703,2.1154824562496377,True,False,36.0,1.2657981827911136,2.830583872500651,,True,
138,True,26.0,1.0664779017514032,0.8617870136804413,2.745000000007302,2.3422449546535478,True,False,216.0,3.067897785805179,1.779505874236942,,True,
139,True,26.0,1.250153418124514,0.2734974314880674,2.1600000000035773,2.4151351623252886,True,False,216.0,3.1947093299436773,3.4817288281426872,,True,
140,True,36.0,1.5224499393943183,1.5376407599760569,2.4480000000024296,2.08740006441027,True,False,864.0,0.8992912577507453,1.8087493777345252,,True,
141,True,36.0,2.025832545678215,2.1570607562171062,2.57924593954802,2.0091534236588307,True,False,864.0,1.0838910214744335,2.0511647635914128,,True,
142,True,33.0,0.4909285092148321,0.6925304649703321,2.7526970103698227,2.0087954563120656,True,False,72.0,0.3092495921796258,0.4533401417252777,,True,
143,True,33.0,0.605711248623657,0.6373183490140946,2.176607891268002,1.9869347881347288,True,False,72.0,0.4955879914612227,0.9300139747717516,,True,
144,True,31.0,1.556962797608038,1.2586637075401086,2.40300000000837,2.034527922762428,True,False,144.0,2.9924800335848127,2.9763937390936817,,True,
145,True,31.0,0.9115096012020238,1.1474079789804819,2.73140028358215,2.186346859283769,True,False,144.0,1.1581040906819318,0.8567016892074197,,True,
146,True,33.0,1.8195670275407894,0.7105386887888017,2.270537331797438,2.161607569865539,True,False,216.0,4.991453883369054,4.460764438794499,,True,
147,True,28.0,2.8553724879137863,2.9918241989435046,2.1600000000087487,1.8452714843350286,True,False,72.0,3.3062004068069295,3.8060013863272464,,True,
148,True,34.0,1.7297299368685852,1.2140123939170735,3.1050000000066067,2.365023734806905,True,False,48.0,2.6556987199100184,4.620460733599347,,True,
149,True,34.0,1.703760609903631,1.0667309829041187,2.9278183774013695,2.2030881998231484,True,False,48.0,2.6490095685306625,4.6426935500136945,,True,
150,True,30.0,1.612990259157377,1.2857546310588077,2.3730337731763687,2.3309949531047893,True,False,36.0,1.9285347769207486,3.772195206532348,,True,
151,True,30.0,1.2318067100643029,1.1996903370527434,2.403000000003808,2.375714935466795,True,False,36.0,1.2967519659135691,3.1744830011035337,,True,
152,True,31.0,0.8701359031711648,0.12877897657381254,2.692830736861464,2.466121494918691,True,False,12.0,3.488401671793686,2.4225077649654922,,True,
153,True,31.0,1.076017204983976,0.5973340396012645,2.6100000000017767,2.319430414110326,True,False,12.0,3.763022476354706,2.2620627111522755,,True,
154,True,36.0,0.5923698288378302,1.0913936421275139e-11,2.4349783473492073,2.1476375114995547,True,False,72.0,0.9356291092063438,1.6280674594703897,,True,
155,True,33.0,1.1970298497542817,0.6383826369019516,2.599981403079642,2.3579097113757346,True,False,432.0,1.7486905520946283,2.172762895305851,,True,
156,True,33.0,1.2558591088442077,0.7036043329826498,2.1600000000042803,2.4798790461431786,True,False,432.0,2.053119113586937,2.2358438190831538,,True,
157,True,25.0,0.9851876566132239,1.1208150924976508,2.9250000000056606,2.2395438546498703,True,False,36.0,1.6091028515501726,1.0048993569276625,,True,
158,True,25.0,1.063135874189858,1.3043993054561724,2.9700000000040805,2.2038977661860817,True,False,36.0,1.5923270358276451,1.0009827948408465,,True,
159,True,30.0,0.6798687290416108,0.9622345617863175,2.4480000000001287,2.2384962618016586,True,False,48.0,0.7251070463729408,0.868713162328595,,True,
160,True,30.0,2.0972704876720414,2.257679686194024,2.448000000008128,2.1356238563239547,True,False,48.0,2.9304827268620866,3.8130808690984574,,True,
161,True,27.0,1.085281535590344,0.6203335283316846,2.756024554109548,2.3008592882225543,True,False,36.0,3.513978416081454,2.662292753870465,,True,
163,True,31.0,1.4095960931260745,0.8979865894980321,2.473690006369768,2.063005698416754,True,False,36.0,2.856125300162826,3.1139097046580724,,True,
164,True,31.0,1.654881711788551,1.0913936421275139e-11,3.2866978197676047,1.7504233851557172,True,False,36.0,2.703910220025149,2.612011081118094,,True,
165,True,29.0,1.3494166872035396,0.39279781088407617,2.4750000000010393,2.299805722860085,True,False,36.0,3.7363864868870267,2.738449003243339,,True,
166,True,29.0,1.3523984155296702,0.18179480808976223,2.2299306835669315,2.213008652897679,True,False,36.0,3.9511701286681284,2.7407205095739036,,True,
167,True,36.0,2.1656632819512343,2.0833691636144067,2.1600000000088095,2.188831952092257,True,True,5000.0,3.034442522059775,4.227560461984767,,True,
168,True,36.0,1.5412497855164313,1.3246339736579102,2.610000000001805,2.3725478064308843,True,True,5000.0,1.9700031851702184,2.843106168137742,,True,
169,True,29.0,1.8756205866972377,2.136664757879771,2.448000000007731,2.2065075191578205,True,False,36.0,2.215570671298362,2.545287999612906,,True,
170,True,29.0,1.5017818701493653,1.5063131941788015,2.4480000000078976,2.066694944712451,True,False,36.0,1.5568038641065696,2.821604747865488,,True,
171,True,32.0,0.6549674058755953,0.898790965340595,2.925000000007737,2.366539002721062,True,False,16.0,0.7961585477125641,0.4217285648473565,,True,
172,True,26.0,1.0469159414676517,0.587746814955608,2.853000000007159,2.051780600868426,True,False,6.0,1.1421388643459185,2.9111999666380703,,True,
173,True,26.0,1.0631042137011395,0.6167219977505738,2.8760997643035062,1.9928752951953617,True,False,6.0,1.0858888905863215,2.9446243149683524,,True,
174,True,35.0,0.9599742132322506,1.0913936421275139e-11,2.7362178146263734,2.2449858904456392,True,False,72.0,3.6431281417854935,2.912668240255584,,True,
175,True,35.0,1.0443844265522386,1.4344346373873123,2.8980000000062325,2.1806466628502656,True,False,72.0,1.3423143313232808,0.5432997342309551,,True,
176,True,29.0,1.490334658260097,1.3146998794145475,2.1600000000038313,2.3011012251311325,True,False,36.0,3.050864970339294,2.657349443392878,,True,
177,True,29.0,1.715718067384538,1.2914055330875271,2.1600000000004425,2.368649906592361,True,False,36.0,3.047855835813891,3.0672172515091045,,True,
178,True,29.0,0.9980326465164607,0.8965858060473693,2.6910000000082843,2.245568526609687,True,False,36.0,3.289190689875496,0.7454049822584563,,True,
179,True,29.0,0.44118717277117514,0.4013723042589845,2.62511875765489,2.206477519237393,True,False,36.0,0.9075874240653765,0.7252225617292479,,True,
180,True,26.0,1.2026136505156015,0.7249144778543268,2.5476565267123514,2.3041934473693826,True,False,36.0,3.48828356138856,2.8407901529505084,,True,
181,True,26.0,0.8120243935600555,0.9232420179614564,2.8530000000026083,2.3445638901510018,True,False,36.0,1.1677301245860543,0.7493273788160133,,True,
182,True,33.0,1.316199301778438,0.9333397415684885,2.848754970839497,2.0131002165317056,True,False,144.0,3.4934705387610396,2.7569380529831116,,True,
183,True,33.0,0.22619817486078014,0.2505257711345621,2.425237132530714,1.849206087865817,True,False,144.0,0.6229748266042049,0.19153925047588102,,True,
184,True,27.0,1.4262214902864137,1.407444858992676,2.4523562455861514,2.0380217379851473,True,False,6.0,3.3917687503105305,1.8383115498246216,,True,
185,True,27.0,0.4430460168960046,0.4728030289297749,2.4480000000001425,1.933381772258133,True,False,6.0,0.5145775882661162,0.37082614894498755,,True,
186,True,34.0,1.2153254921037515,0.6256994957693678,2.5481348720862034,2.307467713555273,True,False,36.0,1.3147099885819775,3.2872636110393785,,True,
187,True,34.0,0.5014906372567475,0.6994993052903737,2.865764991600119,2.3568936426788545,True,False,36.0,0.25484079344243166,0.3030672369860439,,True,
188,True,34.0,1.0530819320450473,0.7880524975589651,2.1643672204581534,2.3412836568216164,True,False,36.0,1.2322383206441345,3.3113929319950235,,True,
189,True,34.0,1.0663588723384536,1.0141704731213395,2.4480000000041744,2.1556182615203463,True,False,36.0,0.886439261295828,2.9366580279821597,,True,
190,True,33.0,2.3708336773256464,2.148043004293868,2.7360000000080853,1.818019604019715,True,False,432.0,2.809679174962423,3.2433894291482646,,True,
191,True,33.0,2.3372213971586606,2.423530932996073,2.448000000008658,2.1967361120079945,True,False,432.0,3.021908110000886,2.8784676146022985,,True,
192,True,36.0,0.8283119606417677,0.7571644991840003,2.4750000000006462,2.3253530042124786,True,False,48.0,1.2633766298224893,2.220010808983946,,True,
193,True,36.0,1.7552439198215841,0.7800061538073351,2.5629593655670413,2.194852183952259,True,False,48.0,2.617186864859892,4.68035506468232,,True,
194,True,35.0,1.0732868995949145,0.44502031444062595,2.399181446919876,2.3607708833345096,True,False,36.0,3.316617871610111,2.6666202915358306,,True,
195,True,35.0,1.6668543700192666,1.138183128707169,2.1600000000032082,2.2416066715416423,True,False,36.0,3.4252455088697737,2.7358689803371097,,True,
196,True,35.0,1.0870328160877343,0.6456371248750656,2.7166849986229606,2.3441181683951005,True,False,36.0,3.367389808326717,3.084204769557813,,True,
197,True,35.0,0.2859361031330577,0.40260405758454,2.6895895072399023,2.356235872084966,True,False,36.0,0.3479381256193464,0.31516155737399754,,True,
198,True,36.0,1.1559423159200555,0.5058416128777026,2.569278244813432,2.211826678630132,True,False,72.0,1.3575027239348256,2.2652428167331813,,True,
199,True,30.0,1.3832816703056776,1.1659337293967837,2.85300000000669,2.342240881485079,True,False,6.0,2.9275031322810103,3.159654829569815,,True,
200,True,30.0,0.29269766935379676,0.3899497870770574,2.7973047020160524,2.382983590249836,True,False,6.0,0.6998699802205175,0.4063591198415849,,True,
201,True,30.0,1.9317662153142765,2.1606052106508287,2.8016277134314085,2.443615908177879,True,False,6.0,2.9667580264805813,3.741056337686585,,True,
202,True,30.0,0.7382470371004523,1.1862677234785224,2.6609362283751694,2.2642800230095217,True,False,6.0,0.22182404449991838,0.42183694377790226,,True,
203,True,30.0,1.1421188062412393,1.092733558085456,2.6100000000051384,2.05231412386116,True,False,36.0,2.9688840103037437,1.2932955432791806,,True,
204,True,30.0,1.1448882499765138,0.6672613349655876,2.729929427573345,1.96009061798173,True,False,36.0,3.388205483435359,2.6448141118135595,,True,
205,True,29.0,1.3245907963612218,0.5132273721173988,2.6100000000046766,2.2106033388873727,True,False,432.0,2.9791164194054973,3.320041812535584,,True,
206,True,29.0,0.5669424504874999,0.45713182858162327,2.6920824289116814,2.192540789517951,True,False,432.0,0.7713590500884311,1.1463009784354912,,True,
207,True,31.0,1.2188227007353638,1.0439949942956446,2.4480000000042863,2.24458670935208,True,False,36.0,1.942925291566236,2.943642489497591,,True,
208,True,31.0,1.6575098392237004,1.832297327247943,2.448000000004195,2.2445550431210193,True,False,36.0,2.0260719090287944,2.6757308584345494,,True,
209,True,31.0,1.2429491424090902,1.348620934117207,2.4750000000095516,2.144841706839925,True,False,36.0,1.750150448233277,1.8284315570720369,,True,
210,True,31.0,1.795590592949322,2.256599565032957,2.7630000000010355,2.3960874400989627,True,False,36.0,2.6117353871156492,0.8240487698431717,,True,
211,True,31.0,1.032301979364992,0.6888506808245438,2.8980000000015607,2.3803550692491235,True,False,72.0,1.482510022904052,3.2681760790415275,,True,
212,True,37.0,0.8456755459950841,0.7550826007100113,2.2889982539596474,2.2100019688226524,True,False,432.0,1.2645899580443842,2.385808114106061,,True,
213,True,37.0,0.7209586684306388,0.3308240988335456,2.246822189404888,2.272225195463689,True,False,432.0,1.2611499861106938,2.1344574412201687,,True,
214,True,37.0,0.903128131846896,0.8329138142653392,2.1600000000050787,2.1818838147114983,True,False,432.0,1.2635749788130717,2.197254441163603,,True,
215,True,37.0,1.2849433261457905,0.9921895394145395,2.1600000000099517,2.207231363722435,True,False,432.0,2.9205020434410605,3.046590134189096,,True,
216,True,30.0,2.2880502264054194,2.129320578664192,2.718000000003928,2.0552867385355262,True,False,24.0,3.099648914096305,2.258532693909359,,True,
217,True,30.0,1.9108497706894152,1.5817894293213612,2.71800000000718,2.2226797415282302,True,False,24.0,3.091030073949597,2.2610635672883888,,True,
218,True,30.0,0.4857307553987164,0.5946602762378461,3.0045786617800925,2.284963535485851,True,False,12.0,0.3413887281912204,0.15685413181015082,,True,
219,True,30.0,0.49742940378547396,0.6060297656913463,2.798666291025697,2.3421896239630127,True,False,12.0,0.23684362210470675,0.2021049725336785,,True,
220,True,34.0,1.0447635912943902,0.8929663436756528,2.6100000000075365,1.866009117260685,True,False,36.0,3.1861296259136553,1.662662248274593,,True,
221,True,38.0,1.0430622374473226,0.930689204709779,2.1600000000088104,1.9223381508465152,True,False,48.0,1.1995069375582315,3.0506128951467195,,True,
222,True,38.0,1.6895176184033467,0.923983172087901,2.426205745522034,1.9700835972364217,True,False,48.0,2.5285635325886426,4.6470690522275,,True,
224,True,29.0,1.3565289672874148,0.9830462760655791,2.5912584233437173,2.156041678307727,True,False,32.0,1.425114532195368,2.9879196363382587,,True,
225,True,33.0,1.350183848113476,0.6821633288018347,2.535448072631588,2.4142896652017547,True,False,192.0,1.3798049593715587,3.3353820757060366,,True,
226,True,33.0,1.2912868933861048,0.409213492024719,2.3485175402231846,2.377455414135037,True,False,192.0,4.3855597148458845,3.5414337023216484,,True,
227,True,30.0,2.6036046986526835,3.5669763743026124,2.790000000005355,2.2784077076326796,True,False,36.0,4.424064133939303,2.8056523402410187,,True,
228,True,30.0,1.737186321900851,1.490988630863285,2.475000000008791,2.203493742786668,True,False,36.0,5.264209335143278,2.905262562478644,,True,
231,True,35.0,1.8128809266288677,0.9157989024715789,2.4721162958179423,2.1492179942248764,True,False,48.0,4.642052969410745,4.192208699512933,,True,
232,True,35.0,0.48023145373267556,0.5469502538326196,2.669607727970969,2.2702208032259774,True,False,48.0,0.3333788398341156,0.4009920672079235,,True,
233,True,30.0,1.2278031581575368,0.45132367896076175,2.4480000000062865,2.182237279078515,True,False,72.0,3.068025672281017,2.0880852603102817,,True,
234,True,37.0,1.9505143129200708,1.1340499062462186,2.541756537896433,2.234204323265891,True,False,2592.0,3.0333208095574955,3.366952129306511,,True,
235,True,37.0,1.9103235298652126,1.0834771820009337,2.466361824621681,2.2356823818467597,True,False,2592.0,3.0326900494666624,3.380389567894825,,True,
236,True,37.0,1.8935308439462826,1.0339628000583616,2.4379574089312745,2.2920173667099473,True,False,2592.0,3.0405675998333415,3.373110330543395,,True,
237,True,37.0,2.2743970591166374,2.2753233942275983,2.403000000007862,2.313896449584553,True,False,2592.0,3.037467736813146,3.4180464789313114,,True,
238,True,29.0,1.0681817592062928,1.0913936421275139e-11,2.822408574831719,2.2539129079225755,True,False,12.0,3.055184425730988,2.765848926147375,,True,
239,True,29.0,1.031268888082419,1.0913936421275139e-11,3.0889471037029863,2.1656254033188658,True,False,12.0,2.9799032714853873,2.7742544862797374,,True,
240,True,40.0,1.7662940727461585,0.6895213272327965,2.160000000003151,2.076840517252107,True,False,288.0,2.6941245950972204,4.676167829608407,,True,
241,True,40.0,1.7501275030387664,1.1408321007911582,2.1600000000003035,1.9728694742937254,True,False,288.0,2.59242550218539,4.7024194815556895,,True,
242,True,32.0,2.02089312132251,1.466467592821573,2.475000000010207,2.199199021848637,True,False,36.0,2.6855778347633588,4.096953916237612,,True,
243,True,32.0,1.1971784099170428,0.9244917662290391,3.020888491069911,2.3507293023230047,True,False,36.0,1.443978294083948,2.8520412364514263,,True,
244,True,31.0,2.7940970635238376,2.834184120507416,2.819085778187924,2.355704633692433,True,False,24.0,3.152157888308853,3.6086513444859216,,True,
245,True,31.0,1.7983897367870785,1.254749170231662,2.6100000000051384,2.44617377021748,True,False,24.0,2.4862720823206397,4.431791960563814,,True,
246,True,36.0,2.0424063751957595,0.17152508613799,2.7023543519928075,2.2083393284094726,True,False,72.0,3.0479776136312373,4.688288767152992,,True,
247,True,36.0,2.211293258336227,1.0925142583037086,2.475000000007096,2.1908137790556275,True,False,72.0,3.1305897642854426,3.673000016819178,,True,
248,True,34.0,0.6137806931904917,0.7822656882199226,2.513727539925113,2.2131602971994595,True,False,12.0,1.334586758681117,0.6458858368934544,,True,
249,True,34.0,0.9280607441924777,1.2671686575195054,2.898000000003939,2.1129771352052065,True,False,12.0,1.4843560055526746,0.7062212404508826,,True,
251,True,27.0,1.0126062797454076,0.4918272040449665,2.8530000000042746,2.025054890046193,True,False,6.0,1.144197737470119,2.910306495141006,,True,
252,True,33.0,1.8437614749791855,1.7967140938890225,2.4480000000034856,2.3176090069509137,True,False,144.0,1.8373137574065255,3.5274301705242674,,True,
255,True,34.0,1.0814284308178885,0.47605341804228374,2.4301670684417966,2.194485587489697,True,False,216.0,3.368994453915911,1.8106064282862,,True,
256,True,34.0,0.6987664374816784,0.601451574031671,2.6242107034564315,2.2240153987101796,True,False,216.0,1.7182968543019657,1.2771596225954474,,True,
257,True,29.0,1.2568826647079625,0.2679703727553715,2.1600000000004584,2.396234572386435,True,False,432.0,2.985130880616677,3.1176612422509367,,True,
258,True,29.0,1.3955359555226887,0.8259178085681924,2.7450000000053003,2.406392154741201,True,False,432.0,2.957373315733158,3.060885160229283,,True,
259,True,35.0,0.8202992479116479,1.0034424047698849,2.6354503473908286,2.1673929039285884,True,False,12.0,1.0708728964307357,0.9586552188971308,,True,
260,True,35.0,1.0092670024572041,0.34258011606289074,2.8751992448902137,2.3078122110345114,True,False,12.0,3.2104588931043403,2.967797665880665,,True,
261,True,25.0,1.5417927094677306,1.103517507941433,2.7360000000102183,2.18638619310496,True,False,36.0,3.138800763804961,2.99783425978498,,True,
262,True,25.0,1.442861245985899,0.8126160650499514,2.9250000000039145,2.2040993244633964,True,False,36.0,3.174018606013574,3.045052172729067,,True,
263,True,27.0,0.8416139092725681,0.992072718549025,3.060000000002585,2.447699108366876,True,False,432.0,0.5263278151849959,0.736542884759978,,True,
264,True,27.0,0.6071940010971199,0.3270954668550985,2.448000000004214,2.3750483853597593,True,False,432.0,1.5649072744785697,1.1188031957167408,,True,
265,True,31.0,0.6378807626734353,0.7080288338911487,2.735831908436028,2.148517590014101,True,False,36.0,0.415896032985626,0.7244775726500757,,True,
266,True,31.0,0.9809703813110436,0.4097954612370813,3.058573376338875,1.9533794132477182,True,False,36.0,1.2020263259848363,3.121941738766243,,True,
267,True,28.0,1.319198652746041,0.7407396470407548,2.4750000000048784,2.4453610923747027,True,False,72.0,3.421229139535817,2.6499522211899413,,True,
268,True,28.0,1.3781844307496953,1.1321639866982878,3.098656829922248,2.1216365746517476,True,False,72.0,3.389808953305595,2.6117221037918887,,True,
269,True,33.0,1.9946746074063115,1.4713651372621825,2.4750000000079675,2.237591623464836,True,False,48.0,3.0860759551918173,4.551150789436645,,True,
270,True,33.0,0.5857037937678576,0.8070154971574084,2.448000000007957,2.2689586210638573,True,False,48.0,0.8413025696967412,0.7767126089980991,,True,
271,True,34.0,1.1391823306417275,0.8404219178046333,2.433754390929517,2.157357500392552,True,False,72.0,3.299508167646609,1.8863985452405243,,True,
272,True,34.0,1.7038893896760285,1.1138984906101541,2.4750000000012764,1.9657306786281787,True,False,72.0,3.3732482657942287,3.0281340429660486,,True,
273,True,34.0,1.6815506816701498,1.143476353634469,2.443615219374258,2.0701131955765124,True,False,72.0,3.315032603600158,2.8548661067701433,,True,
274,True,34.0,1.0761350022435467,0.562667681282619,2.2071784308548823,2.0585995677401665,True,False,72.0,3.324098676638353,2.538387319294786,,True,
275,True,40.0,0.6434671226989731,0.9307983576291008,2.6820494065507376,2.206238474394824,True,False,288.0,0.529359629045574,0.9671840534459644,,True,
276,True,40.0,1.5687434650527043,0.7841464786542929,2.3444193098228068,2.2076616848376025,True,False,288.0,2.529691772633853,4.640079488654476,,True,
278,True,38.0,1.8341811638243426,1.0125314789511322,2.420606829357253,2.183800324594719,True,False,288.0,3.600393103451088,4.576833960257466,,True,
279,True,37.0,2.3463186920529386,1.9015781279704242,2.448000000000485,2.2400554949822116,True,False,48.0,2.531987073341906,4.638895541806033,,True,
280,True,37.0,2.713737874941332,2.6454065670113778,2.4750000000093872,2.1028714243624123,True,False,48.0,3.429272100605105,4.410079586400881,,True,
281,True,33.0,0.7989426234803249,0.692823579414835,2.4480000000035202,1.9396363733957973,True,False,216.0,2.6887714322261154,2.207362376554165,,True,
282,True,33.0,1.101963786054125,0.41014847687620204,2.4261411596913565,2.0982337530647053,True,False,216.0,2.9222405673143217,1.8622267370244725,,True,
283,True,34.0,1.2578111219258041,0.7761648785453872,2.6100000000036347,2.341356206197596,True,False,6.0,2.9151695874918024,3.0955584798447418,,True,
284,True,34.0,0.795378732442224,0.4134572391776601,2.833569804771751,2.3572070553305244,True,False,6.0,1.321764567149944,2.2078956050357106,,True,
285,True,34.0,1.5183510605840473,1.526662852978916,2.6100000000030454,2.38935230667225,True,False,6.0,2.9086236421863596,2.7792054994947786,,True,
286,True,34.0,1.3192674344726272,1.6113927456535748,2.610000000005576,2.4589789254485286,True,False,6.0,1.3207218035662125,2.077224460886939,,True,
287,True,32.0,1.434453625606931,1.5024766460483079,2.7360000000023623,2.337311026714245,True,False,36.0,2.8555877511293652,2.8719365025387495,,True,
288,True,32.0,1.58370070934741,0.4734310945823381,2.4480000000029847,2.54924025029027,True,False,36.0,3.4875025245221436,3.297980550543694,,True,
289,True,32.0,1.1858664282261213,0.9780516070422891,2.475000000002246,2.2013970805377205,True,False,36.0,3.397117201686668,1.6511991390523098,,True,
290,True,32.0,1.4466570161215773,1.416578386684705,2.474016238372816,2.4011049396892252,True,False,36.0,2.846668458737345,2.94892089731719,,True,
291,True,36.0,1.7838473058802116,1.419811339899752,2.6550000000044185,1.9132326902130854,True,False,216.0,5.021369912112993,3.1487341743991095,,True,
292,True,36.0,2.250697249527433,1.4123720712996146,2.6550000000058933,2.048721440435473,True,False,216.0,4.6055110254560105,4.64441883506792,,True,
293,True,37.0,1.411486092486375,1.314061274882988,2.6213913079416953,2.3825689666618257,True,False,36.0,3.635665159884756,2.8598164498546614,,True,
294,True,37.0,1.2040127451390814,0.8644783420750173,2.726618004030209,2.425191446546025,True,False,36.0,1.5088202927438956,3.6050191497312905,,True,
295,True,37.0,1.2343122785992253,1.2167515575929428,2.4480000000051616,2.287511792363047,True,False,36.0,3.4189903925186793,2.853896800492343,,True,
296,True,37.0,1.5890217383945984,1.6904856951368856,2.448000000008252,2.3517721393663975,True,False,36.0,3.4299103482502433,2.8312141112199654,,True,
297,True,39.0,1.6707562083733096,1.6018934975181764,2.4750000000028742,2.4650162647942104,True,False,192.0,1.5909683679702962,3.6638129817561635,,True,
298,True,39.0,1.3957669172048501,0.3830835949484026,2.272896888173843,2.396497884685067,True,False,192.0,1.7619512325955302,3.1604540453281387,,True,
299,True,26.0,0.3305581289018288,0.3856448227161309,2.5629655843049397,1.7670169239993145,True,False,36.0,0.605443698768204,0.2360057979397883,,True,
300,True,26.0,0.8179879956486881,1.2496944017293572,2.9031513475979427,2.106851264494008,True,False,36.0,0.8381324923802916,0.3008968661973771,,True,
301,True,29.0,1.1928907627078011,0.8432615040692326,2.448000000000198,2.1741361835220903,True,False,16.0,3.584330364544928,2.095354372200467,,True,
302,True,26.0,1.2651551153289002,1.0215148628558381,2.6910000000055176,2.2398242890235833,True,False,36.0,3.4432026676615357,2.5638613764015554,,True,
303,True,26.0,0.6052584041911817,0.6452198854021844,2.8530000000082847,2.194884338273887,True,False,36.0,0.8816294064990973,0.8473964361467706,,True,
304,True,32.0,2.25995203809771,2.433733915899211,2.925000000002862,2.311998563602495,True,False,432.0,2.8621630019216573,1.925384223960239,,True,
305,True,32.0,0.955876646167452,1.0913936421275139e-11,2.6304039436224036,2.2678482617891347,True,False,432.0,2.7386053464241273,3.1769809672583587,,True,
306,True,31.0,1.437842426341085,0.18873054597133887,2.7048194514933304,2.234113666311542,True,False,216.0,3.4863682630347883,3.0626440891775477,,True,
307,True,31.0,1.4106063506544284,0.3632341088014073,3.1050000000091154,2.2192927143123775,True,False,216.0,3.676668024895887,2.909699102282049,,True,
308,True,36.0,1.405993911193263,1.0937149106866855,2.5684664059864324,2.3596274586044297,True,False,72.0,3.1829689742269314,2.121461954851653,,True,
309,True,36.0,1.9316901459075075,2.1243333130660176,2.6100000000031316,2.264925574251834,True,False,72.0,3.1010740183743732,1.5850136078784403,,True,
310,True,34.0,0.9781744293689519,0.22558030432628584,2.760525592201779,2.351900977230972,True,False,12.0,3.606260683427107,3.0131848265893293,,True,
311,True,34.0,1.0305434344264381,0.6523312687277212,2.9320093004643097,2.375443412481131,True,False,12.0,3.6114995534855088,2.8331868076251885,,True,
312,True,34.0,0.8172836147870561,1.206361307977204,2.9470981146855135,2.3114190839611926,True,False,12.0,0.5917470921364201,1.028977939212835,,True,
313,True,34.0,0.4129942622899124,0.35101237291746656,2.6413584655887914,2.357736545587738,True,False,12.0,1.139663365540067,0.6692211704166665,,True,
314,True,36.0,1.3079836876880686,0.9314374412278994,2.591735453549062,2.1276240073142625,True,False,216.0,3.4025126429683383,2.8846793170063543,,True,
315,True,31.0,2.2693482361718336,2.7698486666558892,2.1600000000010358,2.2445796280150097,True,False,36.0,3.0546238847528917,2.6508874707390495,,True,
316,True,31.0,1.4672081184072083,0.6095678135243361,2.9430000000061156,2.2565959489017966,True,False,36.0,2.136871539552375,3.49235508125484,,True,
317,True,31.0,1.6574149091664414,1.2525982964871218,2.4509033783939396,2.263873035507954,True,False,36.0,3.3374158558295175,2.366542239351711,,True,
319,True,36.0,1.7429472302000093,0.6217357107416319,2.160000000003748,2.309792236782348,True,False,1296.0,3.750253751988531,3.690937555574816,,True,
320,True,36.0,2.140155829939997,0.6079901013799827,2.224982195208034,2.3211195566364093,True,False,1296.0,4.098215202811184,5.0681937785525415,,True,
321,True,30.0,0.7212869678813147,0.6032528438227018,2.1600000000058475,2.3700374670034225,True,False,12.0,1.0285619937516217,1.6116850275464598,,True,
322,True,30.0,1.916090768129231,0.9686941834042955,2.317853511605146,2.3649718173585073,True,False,12.0,2.6531483271401686,4.672861341241062,,True,
323,True,38.0,1.5767977780661917,1.728416471167293,2.925000000000069,2.4470453268789285,True,False,192.0,1.7822087281770977,3.590969976328209,,True,
325,True,32.0,1.448878976724008,0.31845214773056796,2.403000000000914,2.3234775934577034,True,False,432.0,2.1624931441481716,4.04420824533992,,True,
326,True,32.0,1.132373331248701,0.5170404054297251,2.5160528995667706,2.2361348067144786,True,False,432.0,3.2217366637924907,2.9519282695507365,,True,
327,True,37.0,1.5402767610173527,1.317648021507921,2.4750000000057946,2.1909496985097583,True,False,12.0,2.991269315032997,3.0474933369049837,,True,
328,True,37.0,1.0685745384058658,1.0913936421275139e-11,2.7904661931359707,2.2065768483558417,True,False,12.0,1.8816061463396854,2.138009412906249,,True,
329,True,37.0,1.394428937137967,1.3567066728028294,2.4778096537644907,2.2087570861006878,True,False,12.0,1.6005795228520905,2.9750495226553952,,True,
330,True,37.0,0.9376192145478923,0.5249602154581225,2.7630000000099275,2.1669840013022705,True,False,12.0,1.699028948819357,1.7242444986222167,,True,
331,True,39.0,0.7260177049501423,0.695625686992571,2.160000000005686,2.028723985982322,True,False,2592.0,0.8023139396649647,1.1987828038039288,,True,
332,True,39.0,1.4018996688037948,1.439653160283342,2.1600000000072357,2.1919956671946226,True,False,2592.0,1.1518816322049483,2.908947636804734,,True,
334,True,35.0,1.8352221257352919,2.099241928826814,2.8980000000095956,2.362119865840851,True,False,432.0,3.6055276373759937,2.99605667773578,,True,
335,True,29.0,2.2133362322485715,1.6624364497365605,2.4480000000027413,2.470086413812278,True,False,72.0,2.423714952650005,3.4260382164641916,,True,
336,True,30.0,2.11385141962808,2.4268875501256844,2.7630000000033097,2.3405026160634814,True,False,36.0,3.115060087036486,2.5607390042197555,,True,
337,True,30.0,1.7127569277784223,1.2244788642383355,2.475000000004648,2.3460098797106546,True,False,36.0,3.2349870638264324,3.2707572854243456,,True,
338,True,36.0,3.0871700828546444,4.498817370127654,2.524931758781514,2.401774107217413,True,False,12.0,5.011640050980341,3.186764094433281,,True,
339,True,36.0,1.3398823548774732,0.17354847170281573,2.5838130798715224,2.279753369928423,True,False,12.0,3.0052507154642374,3.662049010846885,,True,
340,True,39.0,2.4552903252294316,2.5715212939358025,2.448000000003408,2.2299128094838143,True,False,2592.0,3.598138278430679,2.8015253737577503,,True,
341,True,39.0,3.061695385262658,3.057013840509171,2.4480000000061612,1.818715055499349,True,False,2592.0,3.9881274628341745,3.3984136988126465,,True,
344,True,32.0,2.005348676002987,1.8929923732575844,2.741613514934742,2.426669027061581,True,False,36.0,3.517728316547895,2.683738594400679,,True,
345,True,32.0,1.849272625825023,0.6212894792261068,2.657443590909536,2.420980791352959,True,False,36.0,3.459783215972522,2.8988753844710278,,True,
346,True,37.0,0.2591921358221142,0.210948221894796,2.313893977464486,2.3429213609508963,True,False,216.0,0.5972140801616463,0.49826879298449145,,True,
347,True,37.0,1.366738986971118,0.3010375990634202,2.6105248943135293,2.3782171658828806,True,False,216.0,3.6881040861144734,2.704115442112655,,True,
348,True,33.0,0.2750497981059486,0.4775276491200202,2.8530000000052103,2.1391068095118584,True,False,12.0,0.5142897462649416,0.31510326722395726,,True,
349,True,33.0,0.36543606289893243,0.4539028669532854,2.8654002543337307,2.0671991279748547,True,False,12.0,0.4519376012146922,0.8368331696357593,,True,
350,True,38.0,1.164324318121897,1.039861928406026,2.1600000000010224,1.9215735285437299,True,False,288.0,0.9895537446507725,3.0306825502502464,,True,
351,True,38.0,1.8303640371321679,0.8210005063883727,2.1600000000052524,1.9445661162583285,True,False,288.0,2.581207747654468,4.688174255969364,,True,
352,True,39.0,1.7618715319970026,1.5188462198238994,2.4636914549097275,1.9331022920683734,True,False,48.0,4.689518314029313,2.8600460276616047,,True,
353,True,39.0,1.7200921391146948,1.1378196882506018,2.2080336596998915,1.9353332122402074,True,False,48.0,2.7470572746623017,3.8993984357221487,,True,
354,True,36.0,1.0670040435025763,0.5172352309382404,2.448000000006603,2.145412275671042,True,False,72.0,2.106202781136558,2.85458405262071,,True,
355,True,36.0,2.0314991814282637,1.6153606074403797,2.4480000000066835,2.376004056583237,True,False,72.0,3.8857788553498547,3.2176793174597167,,True,
356,True,36.0,2.1066111849384543,2.1503372375154868,2.5104391461154303,2.2295538123579792,True,False,72.0,3.8947665704233083,2.7212229841547746,,True,
357,True,36.0,1.3469233419482687,0.3307805643416941,2.4807378301657295,2.2864996612726625,True,False,72.0,3.4184495119301066,3.078714602104368,,True,
358,True,37.0,1.70823184714093,1.6921780832526565,2.3445363066409937,2.1553104187796244,True,False,72.0,2.1181725739044595,3.9132659610802083,,True,
359,True,37.0,2.2803159325117552,1.6796541854564566,2.1600000000046973,1.8826993116799082,True,False,72.0,2.6015115962229713,4.565919227060089,,True,
360,True,33.0,1.5429856516217657,1.2347220502742857,2.7360000000054425,2.2352676803237683,True,False,72.0,2.8251395268128285,3.406429122221281,,True,
361,True,33.0,1.6500102914109538,1.5257188919713371,2.898000000004097,2.123382625458728,True,False,72.0,2.603230776225689,3.394366668960907,,True,
362,True,34.0,0.4983191566558735,1.0913936421275139e-11,2.621012168366863,2.224534567544411,True,False,72.0,0.9462081826867049,1.091211676818766,,True,
363,True,34.0,0.8015659817870109,0.5430731033484335,2.160000000010809,2.1670833821982947,True,False,72.0,1.1924949515799965,1.5556848627495588,,True,
364,True,32.0,0.32497087807941266,0.10433912774169585,3.0397105582337005,2.066907636180195,True,False,432.0,0.8575711149472246,0.542440994968626,,True,
365,True,32.0,1.5154666802192518,1.9631834748579422,2.898000000005565,1.9923571622327159,True,False,432.0,3.3056080093056157,1.2322755520681512,,True,
366,True,36.0,0.4620266258158852,0.6490638009527174,2.2436293152678624,2.213262013160665,True,False,24.0,0.8508757760391669,0.5459805148503374,,True,
367,True,27.0,2.2223731859392073,1.4369448283905513,2.420049536712498,2.1754023201467816,True,False,8.0,2.7024360194483186,4.68721737262152,,True,
368,True,27.0,1.9740181608840732,1.0853826967577334,2.9700000000048563,2.2058553348984606,True,False,8.0,2.6992948058928863,4.680009070188034,,True,
369,True,42.0,0.5433935624851517,0.5525366541260155,2.1839163686768925,2.1531276144251184,True,True,5000.0,0.3815727640949419,0.6042008922129907,,True,
371,True,34.0,1.8502680840535441,1.7003577625000617,2.5026597169182225,2.283358050897844,True,False,36.0,3.2299002952384654,3.0337901387757196,,True,
372,True,34.0,1.8611943593208726,1.6246158547291998,2.6100000000055523,2.317557284060094,True,False,36.0,3.3378109144012513,3.348953808712681,,True,
373,True,34.0,1.930473843975471,1.8048960261439788,2.54373745067591,2.3337043906416253,True,False,36.0,3.332066797579139,3.358961247437485,,True,
374,True,34.0,1.0567166976819098,0.6147021036958904,2.6367636080923296,2.354118333240706,True,False,36.0,3.5148338305270967,3.102983122055675,,True,
375,True,39.0,1.930149384001987,1.6769954294977651,2.1600000000030204,2.140860088305632,True,False,48.0,2.707589689288329,4.509351653381633,,True,
376,True,39.0,1.511449544264781,1.5907047334221716,2.609790630907499,2.218545332870167,True,False,48.0,3.4173125001066538,2.7627187100585893,,True,
377,True,41.0,0.5537948213431858,0.6725832060838002,2.1600000000100814,1.9372801151614603,True,False,432.0,0.3480343603944942,0.696240154526679,,True,
378,True,41.0,1.0732750222305723,0.9413607684364251,2.6092912501919003,1.9326172138320616,True,False,432.0,1.3814760349591984,3.4497592179371916,,True,
379,True,33.0,1.064891045835184,0.6225362159020733,2.403000000002459,2.2828892321135514,True,False,216.0,3.718159073401246,1.9013107008261252,,True,
380,True,33.0,1.1038252953402776,0.6361216689110734,2.403000000000702,1.8591702316893954,True,False,216.0,3.7405017917884655,1.4386289675277042,,True,
381,True,34.0,1.182256218060517,0.7819053537823493,2.6232902681711647,2.1477033067674873,True,False,72.0,3.0562960829393675,2.7015114285645643,,True,
382,True,34.0,1.5053190749764738,0.6813567320059519,2.1600000000059256,2.20423981782836,True,False,72.0,3.375529787107693,2.853988538568649,,True,
383,True,32.0,0.7272770324515986,0.2671607913362095,2.612723659641702,1.844731698675989,True,False,72.0,2.1052634749438606,1.993335215229357,,True,
384,True,37.0,2.0643153426878293,1.5832390093964932,2.6574905124862886,2.2602680188198923,True,False,48.0,2.5973967415853023,4.666084849511627,,True,
385,True,37.0,1.7119514006315768,0.2094781930099998,2.4750000000035093,2.37707590261649,True,False,48.0,3.077875341228839,4.675095207423015,,True,
387,True,32.0,0.8566250719609028,0.45350179872548324,2.5665716091508934,2.2988273023652734,True,False,36.0,3.1975402377187607,0.21941186147159952,,True,
388,True,36.0,0.8398246625264331,0.4164386208212818,2.610000000006469,2.214858554603431,True,False,36.0,1.0302503510682124,1.993082129521177,,True,
389,True,36.0,0.8521804676797216,0.41629783643293194,2.42982943178069,2.0960863524435247,True,False,36.0,0.9987048725564424,1.9502212540609525,,True,
390,True,26.0,1.1150066031108123,0.8798640800014255,2.4480000000013065,2.3015821778507064,True,False,6.0,1.5964988109371019,2.794701712918086,,True,
391,True,26.0,1.6298335876373886,1.3424481640358863,2.7450000000101755,2.303868019006297,True,False,6.0,3.040814185287946,2.77991232435762,,True,
392,True,26.0,1.0987273156767772,0.8013867850932002,2.448000000000127,2.309124820814154,True,False,6.0,1.4290560146505975,2.795196945101656,,True,
393,True,26.0,1.5564815316308616,1.1112151922970952,2.9536938578013303,2.242998380784079,True,False,6.0,3.043904096021229,2.7357602872404616,,True,
394,True,40.0,0.9464576683072787,0.6916466852744634,2.47500000000678,2.0244248863319183,True,False,16.0,1.1936926361868616,3.235417189725962,,True,
395,True,32.0,0.6336223221435531,0.6247720146748179,2.7142422767056065,2.1875840140438036,True,False,72.0,0.938080118593048,0.9123709661196118,,True,
396,True,36.0,0.6332940820158284,0.6876556368624733,2.160000000007444,2.0769866309391594,True,False,72.0,0.9062216236660001,0.5270187594706257,,True,
397,True,36.0,1.9028981700495564,1.2043804990425997,2.160000000007299,1.9672239059395347,True,False,72.0,2.595434844742909,3.858507142026797,,True,
398,True,32.0,2.3718620791208203,1.8533268599385337,2.7630000000029047,1.816890547528937,True,False,36.0,3.127037058750816,3.1286454936238024,,True,
399,True,32.0,2.3984003176565656,2.309698093802581,2.4480000000027715,2.3435962822551155,True,False,36.0,3.447946187023074,3.359529412305562,,True,
400,True,26.0,0.37723770933340717,0.5189658354247513,2.858158066643236,2.284630178584709,True,False,6.0,0.13901929454591472,0.19376386850101648,,True,
401,True,26.0,1.7386404698554072,1.7628914572997019,2.853000000005362,2.3214667683385004,True,False,6.0,3.0755793713803574,2.3233469877897908,,True,
402,True,26.0,0.3530523565608183,0.4622398451647314,2.925000000007868,2.2501640402646204,True,False,6.0,0.40012366864173965,0.17715514813165478,,True,
403,True,26.0,1.1269743502698861,1.1492299495948828,2.816180537448014,2.297034279173909,True,False,6.0,2.931272135830871,0.643872042620063,,True,
404,True,38.0,0.4098770297915357,0.4035688186886546,2.160000000000184,2.1515990584446723,True,False,432.0,0.39983669153243684,0.9883644694701752,,True,
405,True,38.0,1.5775701833610996,0.9937511399475625,2.760256415461807,2.179584040178309,True,False,432.0,3.3174972560578913,4.2086590630225125,,True,
406,True,37.0,1.5957013005383864,1.3380865148064913,2.61000000000279,2.3487157023786427,True,False,36.0,3.0907173205060774,2.73166519142688,,True,
407,True,37.0,1.7355919204541264,0.9422055659524631,2.448000000002163,2.4566987701995537,True,False,36.0,3.351163977947826,3.0326688281231973,,True,
408,True,37.0,1.4013434317763858,0.678165588509728,2.5681621232052256,2.389368702963191,True,False,36.0,2.7952345410971047,2.52699904903239,,True,
409,True,37.0,0.4416077787299751,0.47058025674778037,2.4496147565773225,2.2615478578619554,True,False,36.0,0.4548351916403472,0.6281893608264866,,True,
411,True,35.0,1.7661680169219645,1.0341749752114993,2.8061432689798833,2.2552505734175083,True,False,432.0,3.7492565932904296,3.1847499482526502,,True,
412,True,34.0,0.34188586817568034,0.12523505383433076,2.2791353431628334,2.162634834386055,True,False,72.0,0.5642044147889894,0.6250277419532618,,True,
413,True,34.0,1.2574523728243558,0.3878862714591378,2.4030000000035594,2.2558493167984426,True,False,216.0,2.891436111805539,2.52699804940531,,True,
414,True,34.0,1.3585569189351314,0.27337074512252,2.1600000000088846,2.281066723991212,True,False,216.0,2.9490705056849573,3.1659798265877925,,True,
415,True,37.0,2.0061905005014,2.294712152914144,2.763000000002015,2.3068835275973516,True,False,36.0,2.1572214462884,3.1090819299824433,,True,
416,True,37.0,1.7158152939778637,1.879492815460253,2.820821626445002,2.276921017185269,True,False,36.0,1.4267822073577745,3.1044025959106674,,True,
417,True,44.0,0.9554148268791047,0.3432293995429063,2.1600000000065096,2.205193547877374,True,False,432.0,1.7949928480133195,3.251502313047113,,True,
418,True,44.0,1.0851704225514414,0.8521636114528519,2.160000000005958,2.1684363799521535,True,False,432.0,1.5510507066069137,2.896779606491394,,True,
419,True,29.0,0.41055088281414365,0.44651880472156336,2.601826254683952,2.250682541563781,True,False,36.0,0.760685412802613,0.7580022674412764,,True,
420,True,29.0,1.1193975663196445,0.23171370013369597,2.160000000000302,2.208612917692913,True,False,36.0,3.29915161889175,2.7145559850788854,,True,
421,True,25.0,1.5023169139714876,0.7339021341176704,2.7611672887370178,2.085646082033095,True,False,6.0,4.219153661928571,2.356550190699075,,True,
422,True,25.0,1.1091858258822036,0.6770020794829179,3.1950000000017775,2.121263281820529,True,False,6.0,1.1527382232279253,2.9118955318450546,,True,
423,True,37.0,1.5304734109749045,1.3909440175193595,2.637583297313333,2.187461980743894,True,False,2592.0,3.429038227703761,2.5524899498812728,,True,
424,True,37.0,0.8248224682937995,1.250394308794057,2.5061345531700843,2.0712692111360127,True,False,2592.0,0.44617618067563275,1.0656530865267866,,True,
425,True,37.0,2.0186078276962265,2.054261553854303,2.1600000000036608,2.113227330837835,True,False,2592.0,3.434656150130983,2.54823926846206,,True,
426,True,37.0,2.1161279382962666,2.783300751612842,2.4480000000071898,2.1610847427623012,True,False,2592.0,3.057375776961429,2.312422400181522,,True,
427,True,30.0,1.6421982186637654,1.2642167500962387,2.7450000000012746,2.275176517152021,True,False,12.0,2.9566209892802586,2.9395882370844446,,True,
428,True,30.0,1.3405976714044847,0.4896225458869594,2.4666403828301906,2.18719348140488,True,False,12.0,3.0117315811706855,2.976159153898155,,True,
431,True,43.0,1.3401400698290815,0.6831239929888397,2.160000000000451,2.1785083491462687,True,False,288.0,4.997732829152718,3.5173300651093724,,True,
432,True,43.0,0.5916885141105311,0.7512895140462206,2.1600000000079893,2.3297637644405067,True,False,288.0,0.3338045929144317,0.792758346741232,,True,
433,True,36.0,2.5394915110907617,2.570238767810224,2.1600000000063506,2.3222346222765693,True,False,36.0,2.9146223972600778,3.5778775005973413,,True,
434,True,36.0,1.4620415168007854,1.0463487531415012,2.6239189210213967,2.371632258529977,True,False,36.0,3.0869761177316106,3.2850695373905032,,True,
437,True,39.0,0.9737419752882516,1.2029564860313258,2.6550000000037617,2.1313633579706677,True,False,432.0,0.7068612088007712,1.1319124679425343,,True,
438,True,39.0,0.5109307091961663,0.6116438861936331,2.160000000001418,2.1449834938991956,True,False,432.0,0.5606120549424661,0.6800939410061144,,True,
439,True,35.0,0.7821043023827127,1.0913936421275139e-11,2.604725014748973,2.09908666867283,True,False,72.0,1.3159797173569623,1.4460119723370066,,True,
440,True,34.0,0.6594660410424344,0.21047731062935782,2.470260964589508,2.322914168818986,True,False,6.0,1.6833616213499856,1.2710256064557508,,True,
441,True,34.0,1.8011058679407228,0.3504542855480395,2.610000000003005,2.321312135215771,True,False,6.0,2.1293577456338317,3.090283882177276,,True,
444,True,34.0,1.3131019431508404,0.6932939581020037,2.5575849986555377,2.190107677238724,True,False,192.0,1.5789277681498506,2.4997398045655106,,True,
445,True,34.0,1.7438108552189528,1.5505445296294056,2.925000000004161,2.2309860709112463,True,False,192.0,2.9674435717195893,3.001996022644464,,True,
446,True,36.0,0.9264160257076021,0.5550598195950442,2.6100000000020795,2.033474018963606,True,False,72.0,3.1663258443268316,1.7634426899583355,,True,
447,True,36.0,0.9995372070164538,1.0913936421275139e-11,2.8630559112210396,2.1722961280865922,True,False,72.0,3.1815283959948304,1.7562897554910548,,True,
448,True,30.0,0.3832853952917634,0.45202512527248473,2.4480000000030007,2.2827555747166626,True,False,16.0,0.43618769879501285,0.3414572134764084,,True,
449,True,41.0,1.013385699501668,0.8484437490296841,2.1600000000010184,1.8995009054749095,True,False,576.0,2.5199424794924457,1.6030162609607272,,True,
450,True,34.0,0.5249616330441758,0.6127995583156007,2.8084777799218696,2.151381567109842,True,False,144.0,0.5320427809071435,0.950965154482347,,True,
451,True,34.0,0.45174307567822514,0.6439242095766531,2.9575720227802713,2.018923940543576,True,False,144.0,0.4923866215229303,0.6172872373511127,,True,
452,True,38.0,1.2007661262839602,0.7443743225558137,2.3309879945929977,2.352599646539972,True,False,192.0,1.3241533451482936,3.1443600724292478,,True,
453,True,38.0,1.2630143967329623,0.793888672018511,2.1600000000032473,2.1230165224274633,True,False,192.0,3.34490578729344,3.085326655539401,,True,
454,True,39.0,1.431768201091714,0.7357987474133552,2.520141185652246,2.012606910675803,True,False,2592.0,3.1250958920725913,3.425780762289455,,True,
455,True,39.0,1.0676483026545076,1.1283449974325777,2.6100000000045434,2.0210812586336058,True,False,2592.0,1.4558941232732696,2.617177850442969,,True,
456,True,35.0,1.975069417119676,1.9420942243486934,2.7691009660637658,2.1696915782894117,True,False,216.0,3.083788787148645,3.0646498300375953,,True,
457,True,35.0,1.2533218578553986,1.2582703958032653,2.3112594613165207,2.1842720927118946,True,False,216.0,1.9929578085966575,1.873258239533287,,True,
458,True,35.0,1.9768098751483925,1.7506196547365107,2.5973355739371153,2.204172116441908,True,False,216.0,3.0263892479130865,3.052117559963037,,True,
459,True,35.0,0.550083024533972,0.6834606165721198,2.3975592999560584,2.1906817434533936,True,False,216.0,0.41207268777813655,0.7511414644469293,,True,
460,True,36.0,0.5132635936423247,0.5616038114312687,2.817621542537435,2.192063465732687,True,False,432.0,0.6777279066232296,0.6314881661990063,,True,
461,True,36.0,1.282984784528895,1.4497392715384194,2.79000000000015,2.1686325131520094,True,False,432.0,1.8978388933127874,1.579370897118146,,True,
462,True,37.0,0.39776175376186107,0.5828294340099092,2.805577400077344,2.073721985826451,True,False,48.0,0.3283936290852411,0.21898238906247916,,True,
463,True,37.0,0.5657204302838871,0.8613725262002845,3.0426429083478026,2.177872966658065,True,False,48.0,0.53524473130106,0.1784361786605715,,True,
464,True,39.0,1.0956641147911488,1.2414764357818058,2.160000000004148,2.0441276516157205,True,False,2592.0,1.6283314466582768,2.172089386398424,,True,
465,True,30.0,1.935044741808973,1.6853311718150508,3.1050000000001075,2.0017766258001917,True,False,36.0,3.3004477093493922,2.9023931179031077,,True,
466,True,30.0,2.011397251287526,1.8385570755526714,2.9700000000071283,1.8918634328090385,True,False,36.0,3.350498043282776,2.8859759487929684,,True,
469,True,40.0,2.6916352206091156,3.109660554651782,2.4480000000080353,1.9440190184769284,True,False,1296.0,3.9232017634211704,4.037782401335478,,True,
470,True,40.0,2.1112290421803164,2.2492526024143444,2.610000000006137,1.9272559678724568,True,False,1296.0,2.608664249155006,2.938004224725709,,True,
473,True,39.0,1.8725544922391217,0.9614312889498251,2.3407356041253107,2.2829336020348903,True,False,36.0,3.0899470371247526,3.560998322897681,,True,
474,True,39.0,1.5624556198685862,1.3440108621944091,2.8980000000078965,2.18240506164644,True,False,36.0,3.020675524814124,2.608959647293351,,True,
475,True,39.0,1.225716357864353,0.7761154712861753,2.3091165321288436,2.3283947182125284,True,False,48.0,3.2168190210059326,2.23669524876315,,True,
476,True,39.0,2.0751905728308886,0.9856951227266109,2.610000000010216,2.3212834040461323,True,False,48.0,4.938704973813869,4.6170872104557645,,True,
477,True,35.0,1.0351881362020008,0.3032577559170022,2.5681586161218934,2.178876447552729,True,False,36.0,3.1657578148346888,2.938071090369081,,True,
478,True,35.0,2.4992982667858654,3.776527938662184,2.76300000000719,2.0643902596408465,True,False,36.0,3.008211603055006,2.7840776100591174,,True,
479,True,35.0,2.349849362968188,3.4363975586456945,2.4750000000040218,2.1256567187342363,True,False,36.0,3.434094387576496,1.861341688833168,,True,
480,True,35.0,1.9903354207059032,1.164670909212873,2.748176351637379,2.1817709538125216,True,False,36.0,3.5316066803620063,3.494734849402321,,True,
481,True,38.0,1.4999071395174437,0.6990523068197945,2.6100000000036885,2.30355681347346,True,False,216.0,3.140809906285272,2.966544607295185,,True,
482,True,38.0,0.9983955002140632,0.2831562883366132,2.72095248159758,2.2619474156796837,True,False,216.0,3.2242681036744196,2.777618425065769,,True,
483,True,38.0,1.20143186506886,0.8233715880633099,2.6100000000060386,2.2232446151289786,True,False,216.0,3.0071862161203318,2.9245520873640505,,True,
484,True,38.0,0.9913714804463305,0.2403874808078399,2.695434386945402,2.2646598976667556,True,False,216.0,3.211146114946819,2.822811805672341,,True,
485,True,37.0,1.1318938528068714,1.2367678178779897,2.2785681502728625,2.1464568531652346,True,False,36.0,2.2175216111853646,2.632481764066309,,True,
486,True,37.0,1.4241679176341473,0.44584134751494275,2.2703813878998713,2.1312631639710755,True,False,36.0,2.918973074865084,3.3082814347942655,,True,
487,True,37.0,1.4613463096523673,1.6113349274492066,2.1600000000011463,2.047955951113207,True,False,36.0,2.899740367513011,2.415610905276117,,True,
488,True,37.0,1.5219020116085447,1.472606269402604,2.9250000000075747,2.1687016654902074,True,False,36.0,2.862115629815059,3.3757719484656974,,True,
489,True,42.0,0.7287102920057267,0.6277495717586135,2.291886274239204,2.0128811357107006,True,False,2592.0,0.7548023883164455,1.1863625979807746,,True,
490,True,41.0,1.2153921999205028,0.44591241243324475,2.399020520317312,2.2335461433558965,True,False,192.0,1.89964318321247,3.7871050919602505,,True,
491,True,41.0,1.2866421356038638,0.05718417996831704,2.385573480655103,2.4003986059194418,True,False,192.0,4.328205676044594,3.0052565495091335,,True,
492,True,34.0,2.3648935365959973,2.0582725975691574,2.691000000002189,2.275072774682164,True,False,48.0,2.9928854168577512,4.560443124272283,,True,
493,True,34.0,1.3903618962141218,1.4490176678737043,2.4480000000060516,2.1978676570712805,True,False,48.0,3.112729217003114,1.620491424889126,,True,
494,True,31.0,0.596462383562716,0.9452299540171225,2.7450000000020025,2.285376407706179,True,False,432.0,0.8283043154950754,0.5819757525171869,,True,
495,True,31.0,0.4308330963985216,0.648438915173756,3.1125008503884284,2.3225995963359676,True,False,432.0,0.7865883997065467,0.42803844819177145,,True,
496,True,37.0,1.5378184666829935,1.01627830988582,2.435362481602543,2.276688930310858,True,False,12.0,3.06555842590169,2.996382392942005,,True,
497,True,37.0,0.9496508382049651,1.1766060958107118,2.6100000000085735,2.364130277734288,True,False,12.0,0.5392135486462786,1.0408985993346864,,True,
498,True,37.0,0.47799250160778217,0.6251316148882324,2.780651305444063,2.320278942778217,True,False,12.0,0.19352922239603543,0.38809343187931394,,True,
499,True,37.0,0.9094448691928726,0.8383736485957343,2.4480000000056035,2.1718792229081245,True,False,12.0,1.4841477322275718,1.7898893843907382,,True,
500,True,31.0,0.9349351041408271,0.7113495961857552,2.6229475524645167,2.290199945092131,True,False,12.0,0.8912233461913586,2.7887008599904313,,True,
501,True,31.0,1.249208574543514,0.8890242277448124,2.7914323164418033,2.3611505879337726,True,False,12.0,3.1592643319976754,1.969503388488476,,True,
502,True,31.0,1.0031640096535352,0.8219829332811059,2.728541780514024,2.424983095322522,True,False,12.0,3.094658226061282,1.1506529958887959,,True,
503,True,31.0,0.698375326235587,0.23124015822759247,2.1643159517694763,2.4339374692460773,True,False,12.0,1.470213658408003,1.7268568211702824,,True,
504,True,29.0,1.3602559781834196,1.3299831748881843,2.4480000000035567,2.267945006454081,True,False,6.0,1.7691791213870458,3.1270342819507713,,True,
505,True,29.0,0.3985086293399902,0.4106794244835328,2.718000000006634,2.3001730596413825,True,False,6.0,0.5752212403735096,0.4340211946489256,,True,
506,True,29.0,1.0746662827662852,0.6936027808551444,2.521609683564849,2.4276920762320744,True,False,6.0,1.8287925917540173,3.121425366828192,,True,
507,True,29.0,1.0208900935783063,0.5999229665030725,2.44800000000843,2.3450863138699183,True,False,6.0,1.8295974519323388,3.155338329143715,,True,
508,True,35.0,1.2484418674897624,1.5026309062559449,2.448000000004023,2.309620332370669,True,False,864.0,1.7420677687969917,1.7721443553532592,,True,
509,True,35.0,1.8045282913125587,1.6989632599761535,2.655000000007393,2.333639354013383,True,False,864.0,3.042772648045804,2.770359247923023,,True,
510,True,35.0,2.0203389282541933,1.8882431530000758,2.3223950209562374,2.1755405946568773,True,False,864.0,3.4799144084183338,2.7215930378357127,,True,
514,True,25.0,1.473447676733947,0.7432770395244006,2.448000000002112,2.251171579644697,True,False,6.0,3.239159208366944,3.0685612562874898,,True,
515,True,25.0,0.7025290906798133,0.872430815572443,3.195000000001586,2.305262336503158,True,False,6.0,0.690882170925377,0.3495307179638426,,True,
516,True,42.0,1.1805262025397587,0.9222552265637205,2.394367960577622,2.01358786301964,True,False,864.0,3.1604780219655884,2.575296761808487,,True,
517,True,42.0,1.8334959482931803,1.4695692771601898,2.5746890722061013,1.9128944529952507,True,False,864.0,3.390199227788055,2.748089720220803,,True,
518,True,30.0,0.6626383494050766,0.9310351502135745,2.853000000003572,2.304281515874308,True,False,72.0,1.0328892163325332,0.4593182781629639,,True,
519,True,30.0,1.0220374419912877,0.9964268582152727,2.663334530942327,2.21122545218709,True,False,72.0,1.8337085063686664,1.1755135187877341,,True,
520,True,36.0,1.2132758977045555,1.3146365966786107,2.1600000000058226,2.2405468427819133,True,False,12.0,1.4590484792909246,1.8952453833129508,,True,
521,True,36.0,0.890440159283072,1.0569728725022287,2.1600000000028863,2.2713656053132443,True,False,12.0,0.8195729844234715,1.593224123395152,,True,
522,True,36.0,1.0435758775170547,1.2354958792420803,2.160000000001617,2.3846760296946,True,False,12.0,0.785830368355069,1.5564162564723891,,True,
523,True,36.0,1.9734621529119787,2.0966763048272696,2.655000000001144,2.4648371288383335,True,False,12.0,3.048463440028752,2.9295388855852793,,True,
524,True,39.0,1.8184759227632667,1.3180079809535528,2.2244818027382154,1.961649522672182,True,False,72.0,2.7278464716526996,3.7600403999740446,,True,
525,True,39.0,2.01061775711127,2.265644329483621,2.448000000002103,2.059927779947637,True,False,72.0,2.731388287894259,3.034027144879862,,True,
526,True,33.0,1.200553955095496,0.3539189514776808,2.347566324549833,2.1637235241823296,True,False,216.0,2.3032150209403772,3.38961861827554,,True,
527,True,33.0,2.9535615482822064,2.916832831884676,2.9430000000092154,2.237237725276418,True,False,216.0,5.178324842977019,2.757671360784965,,True,
528,True,34.0,0.25843943710299794,0.317970139283716,2.5791386477627483,2.0446651181305953,True,False,216.0,0.48135335782366645,0.3101201582020374,,True,
530,True,39.0,1.576531842089346,0.8813753112772247,2.4814456337296917,2.2743209031708784,True,False,48.0,2.609982355260704,4.552303856409515,,True,
531,True,39.0,0.6430263504221709,0.9612864692644507,2.735930408604438,2.324789186894158,True,False,48.0,0.490552503494341,0.24588029613850684,,True,
532,True,42.0,1.6111154864088377,0.8603404067580414,2.475000000005726,2.217613179839983,True,False,72.0,2.500994557750143,4.586189014223884,,True,
533,True,42.0,1.519586198999468,0.5654774836548313,2.431696939020269,2.2500344003814696,True,False,72.0,2.4674463674184905,4.562729769124882,,True,
534,True,37.0,0.8244070641938948,0.30144037977515836,2.8746729794203727,2.4313819779294246,True,False,12.0,1.2688552889201588,3.3208310122375138,,True,
535,True,38.0,0.8324214942617695,0.777955179240962,2.190088208701892,2.365982238585066,True,False,1296.0,1.6752296715911839,1.484707791888113,,True,
536,True,38.0,0.876722335132009,0.9346784068875422,2.403000000000953,2.381440949194416,True,False,1296.0,1.7046909662492966,1.4418002225086084,,True,
537,True,37.0,1.4034440737254033,0.740673454311036,2.8980000000021433,2.3621524512401817,True,False,1296.0,3.7758754717335683,2.8173051964228586,,True,
538,True,37.0,1.5554674126682086,1.0232706959213829,2.47500000000036,2.063229908032549,True,False,1296.0,3.9606459418294313,2.783987186835381,,True,
539,True,36.0,2.8104580600585116,2.8505330375737685,2.53576285407303,2.3410269215666872,True,False,36.0,5.177914730521467,3.130926818589651,,True,
540,True,36.0,1.432184920113503,1.1068264426940004,2.61000000000074,2.1602923604225426,True,False,36.0,3.5969784416137367,3.0391988110186072,,True,
541,True,36.0,1.5194156639021592,0.8490375531400787,2.3764945352434443,2.0945488809049073,True,False,36.0,3.066859467277978,2.955530479751104,,True,
542,True,36.0,0.9405456663043988,0.5134307191729022,2.4922589509708386,2.3501396858272066,True,False,36.0,2.230196797887756,3.0834066367767634,,True,
543,True,37.0,1.0517066835494884,0.7948440732434392,2.6100000000061594,2.0819318621895384,True,False,216.0,3.2924791071586696,2.8722171529236418,,True,
544,True,37.0,1.770322106912154,1.204998715522379,2.7384647385056913,2.3755846483339633,True,False,216.0,5.960201854559391,2.7771202314514034,,True,
545,True,33.0,0.9335201873192385,0.3437162406371499,2.6681869878701012,2.094333550344835,True,False,144.0,1.371422948792162,3.049864704110123,,True,
546,True,33.0,1.4607345804675638,0.8074904445384163,2.898000000003413,1.85268091715762,True,False,144.0,3.4005030651717285,3.142433665222144,,True,
547,True,38.0,2.000530321797019,0.3231766786011576,2.6738113288195984,1.8941185319034286,True,False,192.0,5.915981182067604,3.1912778534277098,,True,
549,True,33.0,0.44360285367744645,0.5273157912888564,2.6100000000028474,2.2875298739470047,True,False,6.0,0.3997260686981118,0.6823932800319088,,True,
550,True,33.0,0.4469971157229981,0.40178041821855004,2.556372684474671,2.2973196356406307,True,False,6.0,0.4910709657410391,1.4205806953268874,,True,
551,True,33.0,1.4058793649580632,1.108169832121348,2.175641986810822,2.310192607078466,True,False,6.0,3.0315517018470146,2.9058558097612868,,True,
552,True,33.0,1.3658102681438324,1.0874577077192953,2.1600000000093886,2.3141736481733606,True,False,6.0,3.0320866625173957,2.8821776856125427,,True,
553,True,35.0,1.446674035800709,1.4756323155343125,2.4905440014825895,2.2902199431713974,True,False,36.0,2.9713007952709316,2.2421507645362078,,True,
554,True,35.0,1.5623253592293602,0.8828289725533978,2.523611157551159,2.359382797788438,True,False,36.0,2.9622565679125765,3.0970446802544327,,True,
555,True,35.0,2.1477160795439483,1.8164965174546523,2.415731095263414,2.375901433582631,True,False,36.0,3.9399434659372665,2.963352543040256,,True,
556,True,35.0,2.3141795723628396,2.2137819349263737,2.610000000003719,2.375652381326022,True,False,36.0,3.936427882370391,2.9315383514617075,,True,
557,True,39.0,1.4426033133364002,1.0200214659344056,2.7630000000054373,1.957770616057969,True,False,1296.0,3.4594333582495413,2.925893075400139,,True,
558,True,39.0,1.3285606699006824,1.0913936421275139e-11,2.8102950238211117,1.9807878584543068,True,False,1296.0,2.9811677006575117,3.205173521117755,,True,
559,True,39.0,1.1635183844196568,0.493565599728754,2.345110670462507,1.8419925812554188,True,False,48.0,2.826295855091665,2.4097869250449864,,True,
560,True,39.0,1.7869177743733673,1.0264449477544986,2.160000000000344,1.9610360783524612,True,False,48.0,2.484517739113,4.589730069259975,,True,
561,True,40.0,1.0577202790650835,0.8821718854778737,2.4030000000054934,2.3084840893755363,True,False,216.0,1.0241290088409396,2.9325615619205903,,True,
562,True,40.0,0.9863928545746149,1.23443264144953,2.853000000008582,2.3327836351449314,True,False,216.0,1.4820280240824437,1.300195180643398,,True,
563,True,42.0,0.8487910817597979,0.49981087980995653,2.602626369293338,2.2153181894030483,True,False,432.0,2.8255708419496455,1.8057885495442894,,True,
564,True,42.0,0.9534809003265642,0.7770061190676643,2.1600000000053887,2.1825083511638623,True,False,432.0,2.9189807910342473,1.8389362490796533,,True,
565,True,34.0,1.8683901056222585,1.7332734873052686,2.9920691117331764,2.3040335943297356,True,False,48.0,2.559738140771754,4.5199915232912575,,True,
566,True,34.0,1.7323641542219002,1.2912231558511849,3.0838088094102183,2.193980256201044,True,False,48.0,2.5538348151434542,4.595994683612434,,True,
567,True,43.0,2.5335727019223637,2.593910389994562,2.475000000003289,2.15441640452815,True,False,48.0,3.2744729690337087,4.613964546696059,,True,
568,True,43.0,1.4308070076234236,1.2843918710532307,2.5948824404717996,1.9124274029097157,True,False,48.0,2.8010504479992115,4.3526512500320615,,True,
569,True,36.0,0.4196970606207993,0.39419266542608966,2.475000000002093,2.21800331591276,True,False,8.0,0.8388171203559268,0.4482939531605197,,True,
570,True,36.0,0.35801417555769377,0.2635112657844729,2.4337789695571166,2.2290779517325094,True,False,8.0,0.8677610388835774,0.48816630916433185,,True,
571,True,39.0,1.8275023768693586,0.6780697742651682,2.6733720967672814,2.346702065324868,True,False,288.0,3.4326170231073236,4.638707151943388,,True,
572,True,39.0,1.8360506467258064,0.6534039042926452,2.294671924917246,2.393155534331189,True,False,288.0,3.5317460873043,4.637325905543237,,True,
573,True,40.0,0.39197803045602625,0.2960794764694583,2.4246803383559494,2.1202958427068612,True,False,36.0,0.6876089723845924,0.8868826061030461,,True,
574,True,40.0,1.4982514565988982,0.7340985514128988,2.47500000001041,2.2431274887754373,True,False,36.0,3.3065584030077635,3.2644032498835025,,True,
576,True,34.0,1.2935857381791587,0.9517929528446984,2.4480000000084594,2.1986211949082994,True,False,12.0,1.6867706493011587,3.0187288850812184,,True,
577,True,34.0,0.9981573326551731,1.1833879274672654,2.7180000000087072,2.3160362947285607,True,False,36.0,1.264732401309444,0.5613994135740877,,True,
579,True,40.0,1.1109852904734783,0.8322579389750899,2.1600000000089454,1.903252136108088,True,False,72.0,3.4760090092354745,2.8434056052679044,,True,
580,True,40.0,1.9302868750928501,1.031835859605053,2.553073895139624,2.073361452352194,True,False,72.0,4.902796086441403,4.228575920145989,,True,
581,True,37.0,0.33540421300559464,1.0913936421275139e-11,2.6359951539057,2.3421501609632123,True,False,12.0,0.7874403048014698,0.6804222693644494,,True,
582,True,37.0,0.37365824502992867,1.0913936421275139e-11,2.8728540933103943,2.2785147975161366,True,False,12.0,0.864415240910465,0.6715682001203327,,True,
583,True,40.0,2.7012261860442326,2.480174216834712,2.1600000000019315,2.1715819269141106,True,False,2592.0,3.006095010473461,3.4117051630125075,,True,
584,True,40.0,2.0810307663863132,1.887284542706766,2.448000000003802,2.153434150258605,True,False,2592.0,3.149470918058279,2.71900202978603,,True,
585,True,36.0,0.8685007875516694,0.9694581122421368,2.763000000006299,1.8821762577665249,True,False,2592.0,2.306283538463952,1.0582324613358232,,True,
586,True,36.0,1.0889595187710337,0.20939934301713947,2.7630000000057535,2.021767467811271,True,False,2592.0,2.9673577397412276,2.4980820963171873,,True,
588,True,43.0,1.0699593001543246,0.7064294961965061,2.1600000000030115,1.9908080440112754,True,False,1152.0,1.1811116699766084,3.0124448008336366,,True,
589,True,39.0,0.9745337369615164,1.0090423324400035,2.6076568623813943,1.8839583588550994,True,False,432.0,1.4537631952688501,1.8175311598717616,,True,
590,True,39.0,1.072657150609812,1.2216173222550424,2.5081429007484424,1.909929128370998,True,False,432.0,1.39728862672927,1.7377243998048983,,True,
591,True,42.0,1.4092412286774767,0.6032113859582751,2.376186627738947,2.140492629489763,True,False,36.0,3.2824088660143276,3.3433472142155853,,True,
592,True,42.0,0.9899404565212957,1.2262772628237144,2.736000000003234,2.058758730230427,True,False,36.0,1.851055897714356,2.0233574814101307,,True,
593,True,42.0,0.8177007893459278,1.0696775241522118,2.4480000000096505,1.95203109311814,True,False,36.0,0.5850437478327858,1.040671737798527,,True,
594,True,42.0,0.8781770582292172,0.1514859531671391,2.346221611978312,2.157613123616002,True,False,36.0,3.403572104079616,2.859513817473422,,True,
595,True,38.0,1.9083716220328075,1.0666939365619328,2.4750000000075434,2.0001104644993988,True,False,48.0,2.960672848480124,4.50612434980712,,True,
596,True,38.0,1.4553545203360525,1.153527267390018,2.4750000000066854,2.07173758234483,True,False,48.0,3.1860922301711834,3.0419782707649703,,True,
597,True,42.0,0.9493432093409361,0.6588495462492574,2.1600000000008377,2.1017397074566584,True,False,48.0,3.4152738738351553,2.92345681542853,,True,
598,True,42.0,1.4831693964107866,0.5586659123619029,2.160000000008089,2.026699447229411,True,False,48.0,2.5499561305083387,4.60946120528783,,True,
599,True,41.0,2.294176699332008,1.5911981382560043,2.853000000000013,2.280754618322629,True,False,432.0,3.4499706492701017,5.013083550592112,,True,
600,True,41.0,2.208861523580156,1.19747140230902,2.6100000000091867,2.3137932824260687,True,False,432.0,3.457383776872383,4.997412455414566,,True,
601,True,41.0,2.696299001513645,2.8750469467522635,2.1600000000017814,2.3178149741081575,True,False,432.0,3.837274578120322,5.184991054933755,,True,
602,True,41.0,2.6511405956844674,3.0074188859616697,2.160000000001431,2.218586143673488,True,False,432.0,3.0210853740394756,3.7493771357755454,,True,
603,True,41.0,2.5017489261673234,3.2488997174332326,2.166461859650596,1.9483346034241655,True,False,8.0,2.1871135574374705,3.533129882348628,,True,
606,True,37.0,0.48556166126011313,1.0913936421275139e-11,2.5268145228885563,1.8459580926445758,True,False,12.0,1.0863195233432668,1.1972743617521153,,True,
607,True,37.0,0.7353815624197994,0.013963834928290453,2.7884419368902478,2.082265311673803,True,False,12.0,1.2432329592333078,1.7925144342465837,,True,
608,True,36.0,1.1649916173358694,0.9148717558018689,2.610000000002291,2.2832034890915875,True,False,48.0,3.456715264736277,2.6617855677932285,,True,
609,True,36.0,2.149918254582537,1.6192539277071774,2.4750000000051853,2.1051525635212287,True,False,48.0,3.56814039029175,4.373542643359555,,True,
610,True,31.0,1.6500806251711613,1.0639197708223946,2.448000000005105,2.289881571806717,True,False,36.0,2.9672606462428615,2.4266538102525144,,True,
611,True,31.0,1.9328693450662264,1.8041396575099498,2.1808990133499764,2.275459225606998,True,False,36.0,3.0141155580436854,2.8047767233247543,,True,
613,True,31.0,1.6503742939744142,1.6048954162215523,2.160000000005396,2.305083508118524,True,False,36.0,2.1672393008288804,2.999994997479937,,True,
615,True,43.0,1.8834541335076804,1.766419331303041,2.5563649529028627,2.0472091708958318,True,False,2592.0,4.86653454739451,3.429970266479463,,True,
616,True,40.0,1.660538920848422,1.384166502411972,2.170037211715048,1.9022966925535039,True,False,48.0,3.1232335201057175,4.023786174088718,,True,
617,True,40.0,1.550911780214753,1.3572015118588752,2.389098037999649,1.9039347570229397,True,False,48.0,2.774801631757111,4.197058901899262,,True,
618,True,35.0,1.5560579972999342,1.5759805606794544,2.4480000000058766,2.0697427833912116,True,False,36.0,2.719133285665629,2.7501352728382096,,True,
619,True,35.0,1.1442577332675163,1.4827839151876105,2.7849716347963653,1.9948251365971905,True,False,36.0,2.676179636401604,0.7164530011304835,,True,
620,True,43.0,1.75525547525191,1.5345595754915848,2.1600000000066077,2.239760111284242,True,False,72.0,3.3563893383146723,3.2469980160195018,,True,
621,True,43.0,1.9905438195610212,1.6937934246416262,2.312667412520608,2.382517975713929,True,False,72.0,2.9246643878879293,3.2106063983151323,,True,
622,True,43.0,1.1578968847328122,0.6944344463954621,2.6100000000008663,2.3671243656597345,True,False,72.0,3.278539422951986,2.9929146759897813,,True,
623,True,43.0,1.6106606471712344,1.3709068188472884,2.1600000000025323,2.26035543443946,True,False,72.0,3.2437062176899523,3.3518022040829116,,True,
624,True,42.0,1.2046903984334978,1.06812898642238,2.1958963961109763,1.8396917282523177,True,False,48.0,3.280685695262566,2.7541669079007547,,True,
625,True,42.0,1.9102132691749691,0.8943676555791171,2.7299657289452437,1.8277058215424056,True,False,48.0,2.579669024580511,4.635463024523812,,True,
626,True,42.0,2.1506236861241432,1.525442867015954,2.160000000000645,2.1232655926426163,True,False,1296.0,6.24059292065712,4.558988903780677,,True,
628,True,30.0,1.6896559939220908,1.0518749774055323,2.610000000001407,2.310792863780742,True,False,216.0,3.3018516351447706,2.928424419039648,,True,
630,True,30.0,1.9366307186133882,1.74059621545166,2.655000000004108,2.2544812356504544,True,False,216.0,3.303676021174068,2.8258302673344757,,True,
631,True,36.0,1.4797421988414303,1.500220040205022,2.8530000000054407,2.3208169804618373,True,False,48.0,1.5173150669508324,2.8575293964924837,,True,
632,True,36.0,0.793636211442301,1.0148888461953902,2.5761634886801255,2.2205267734031042,True,False,48.0,0.5257271763535486,0.40646961826696887,,True,
633,True,40.0,1.187582277777512,0.4974557033528981,2.6719923205951117,2.323954364719755,True,False,32.0,3.6674084518181074,2.86640192279363,,True,
634,True,40.0,0.9652179658069048,0.8581768648255093,2.690639166048466,2.312137102011903,True,False,32.0,1.6453462274019743,3.1330744018109065,,True,
635,True,34.0,2.0182629062962176,1.6929196331730054,2.4480000000027373,1.8299774514457823,True,False,36.0,4.195396095526195,2.3335532367409155,,True,
636,True,34.0,1.1207007198957513,0.5055500915732409,2.753214628943553,1.993920870069823,True,False,36.0,3.78332625301741,2.2917523150163257,,True,
637,True,30.0,1.2858082163016746,0.7550494521710789,3.1143369848814566,2.3914852157811888,True,False,36.0,2.275346551113474,2.2520945064001006,,True,
638,True,30.0,1.809586393761454,0.6191756699736288,2.448000000001866,1.989183271646934,True,False,36.0,3.6677173607629774,3.24856404911242,,True,
639,True,43.0,2.1216779922608917,2.2055532396625495,2.4480000000004116,2.064866760858918,True,False,72.0,4.212733757756735,4.417567066499712,,True,
640,True,37.0,0.9359749570638968,0.8258043675850786,2.160000000001302,2.1754662205605495,True,False,72.0,2.5278989132790666,1.646994984398198,,True,
641,True,38.0,0.29843220993567615,0.38543230404684437,2.64030875038027,2.279439870340957,True,False,36.0,0.4373507133612871,0.3132864658596408,,True,
642,True,38.0,1.1058442187033222,0.15729597993049538,2.6100000000016026,2.303909109036205,True,False,36.0,2.853065067549543,3.1050439195383195,,True,
643,True,38.0,1.1798981498078602,0.752089641715429,2.6100000000088293,2.429187071038375,True,False,36.0,2.8812124383125735,3.100311389361409,,True,
644,True,38.0,1.0677973004007222,0.3647788361267885,2.4750000000057133,2.4214788650120407,True,False,36.0,3.6400634397822618,2.454662829342104,,True,
645,True,29.0,1.1755043561071072,1.032121118176292,3.1950000000003795,2.2206315086254182,True,False,72.0,1.2716029536407412,3.1289215040898273,,True,
647,True,29.0,0.9263017538593791,0.5318808910596999,2.6550000000036835,2.1720935679891875,True,False,72.0,2.6212021127025484,1.0705175161325826,,True,
648,True,38.0,1.5962112399296884,0.8733548372329096,3.0600000000047145,2.2317956604940337,True,False,24.0,3.081087571717155,3.280551451785644,,True,
649,True,38.0,0.8493055672832486,0.9122839866940922,2.9235869760338753,2.215776682542715,True,False,24.0,1.6190764234865593,1.1404914833061552,,True,
650,True,38.0,1.0572271487937317,0.6235146583567257,2.745000000001758,2.2500855449071264,True,False,192.0,1.3682238547535088,1.9690357184355725,,True,
651,True,38.0,0.9973630778620676,0.5095919863560994,2.4750000000018346,2.1780206997638936,True,False,192.0,1.1892544697422964,3.236535519529619,,True,
652,True,42.0,0.7178638206925175,0.9075981683527061,2.160000000001272,2.1170903372317396,True,False,12.0,0.33807027422420993,0.8381002449655016,,True,
653,True,42.0,1.137468138944415,0.3522445248090662,2.3276494622145996,2.0930334502104833,True,False,12.0,2.60686269757557,3.749732407795551,,True,
654,True,42.0,1.1051019257183217,1.3322563166766486,2.3102791628692807,1.9600444283740102,True,False,12.0,0.9323420851547989,1.4483675614708056,,True,
655,True,42.0,1.2928726945372464,0.8246136373891204,2.5424463136681634,2.1461973850044638,True,False,12.0,2.8244165310867824,3.4287017740439114,,True,
656,True,43.0,2.0607458538160848,1.825427886335092,2.3073744706435786,2.3057165090704452,True,False,36.0,2.076831360893628,3.0233721164078418,,True,
657,True,43.0,1.6773123917834152,1.1230560224685178,2.2105710220032444,2.256899580530778,True,False,36.0,2.38412724476652,2.9205638504859968,,True,
658,True,43.0,1.0763276160263602,0.4699493838015769,2.6100000000031884,2.2840191156380456,True,False,72.0,3.12045391431782,3.1877361949020044,,True,
662,True,41.0,2.266998449505373,2.4984260525816353,2.5550655314032493,1.9303981185755437,True,False,1296.0,3.371696463638107,4.440827433165916,,True,
663,True,37.0,1.4166370622963764,0.9009970100487408,2.9250000000009315,2.160893154554385,True,False,216.0,3.09470164652708,3.05685944250067,,True,
664,True,37.0,1.0332300662412235,0.3407639624783769,2.570143427470359,2.1604539343850866,True,False,216.0,3.090538703665297,2.948582786006873,,True,
665,True,33.0,0.9819083437174991,0.5615296417490754,2.853000000006579,2.177137890166813,True,False,36.0,2.8477876131287516,1.964410613042258,,True,
666,True,33.0,0.5806440415866818,0.6739109666996228,2.6910000000071066,2.031654403042013,True,False,36.0,0.7298217660682171,0.260824775150006,,True,
667,True,32.0,0.3185936648906364,0.4686294806742808,2.572443833102842,2.3427932055134533,True,False,36.0,0.31039120597583886,0.15294012601480617,,True,
668,True,32.0,0.5584740380665059,0.8169391208102752,2.403000000005429,2.1777487704967258,True,False,36.0,0.2945996484505156,0.5479083989183372,,True,
669,True,41.0,1.7682619622910218,1.4080059370862728,2.8164363215363144,2.0880914492665306,True,False,36.0,3.6131549589179945,2.627364607256509,,True,
670,True,41.0,0.8974879432424692,0.39243154752693954,2.5080154533984844,2.404150354990303,True,False,36.0,3.46364885650035,2.8539162212849614,,True,
671,True,41.0,1.6105298406784498,0.968187383699842,2.6100000000002357,2.143143437990094,True,False,36.0,3.478557550726417,2.82746081628011,,True,
672,True,41.0,1.1732563843743153,0.9959100524611131,2.5420217409130745,1.986488669637962,True,False,36.0,3.3954556844221235,2.8419838191922095,,True,
673,True,38.0,1.6194877906248024,1.550986175196158,2.7630000000061004,2.342559355939567,True,False,12.0,2.7634619803011984,3.270304247713861,,True,
674,True,38.0,1.0293240797186771,0.8513130405408447,2.743573604789501,2.2452635368259113,True,False,12.0,1.4260845560821604,2.5177069703182866,,True,
675,True,38.0,1.3545748614891011,0.7542808373582375,2.6260773126479786,2.40766265703898,True,False,12.0,3.174950671277589,2.814713450076798,,True,
676,True,38.0,1.2863182146392422,0.775105009546678,2.564450862212976,2.3009846253506345,True,False,12.0,2.7001408389625756,2.6503398506812696,,True,
677,True,32.0,1.6457696435932547,1.2083867549008573,3.105000000006057,2.4927148412524045,True,False,6.0,2.9296536880765336,3.1722017632735393,,True,
678,True,32.0,1.213013140691689,1.4432322866450704,2.487642361411791,2.435698462474368,True,False,6.0,2.6469796845002125,1.9881088015865034,,True,
679,True,32.0,1.2698728576441847,0.8786106268889853,2.522280242169276,2.240201092781628,True,False,6.0,3.1597969439641145,1.4759734173591137,,True,
680,True,32.0,1.619456422340811,0.9237885509865009,2.898000000006174,2.3425427862474573,True,False,6.0,3.269793587044034,2.3731772606304924,,True,
681,True,44.0,1.5531259246492632,1.592108369088237,2.4480000000034847,2.2261331864243883,True,True,5000.0,3.2081912773829337,1.6260063974947152,,True,
682,True,44.0,0.6585363330292338,0.6665092276671203,2.160000000002935,2.1351216821998693,True,True,5000.0,0.7764720131460956,1.0434241553982144,,True,
683,True,36.0,3.1687573318597715,3.5847101393046614,2.718967926364415,2.1102324236206775,True,False,36.0,5.439962701940573,4.138574158637734,,True,
684,True,36.0,2.4840582148717343,2.1328803055039316,2.6550000000056264,2.0676272892617757,True,False,36.0,5.69683258217953,4.141147096423204,,True,
685,True,39.0,1.6757373354626985,1.1131716735653754,2.4750000000088113,2.255295844562305,True,False,12.0,3.93975601198333,3.8671583572083033,,True,
686,True,39.0,1.6305464200189983,0.9490380818424455,2.677647477938597,2.276120710968555,True,False,12.0,3.1134368218667032,3.172725031681226,,True,
687,True,39.0,1.1999328929341966,0.6887090602540411,2.6402218499978076,2.1966564081121107,True,False,12.0,1.9035347853791338,3.1617538140171177,,True,
688,True,39.0,1.5845473027185513,0.5202008931519231,2.56864507295714,2.2106471834510364,True,False,12.0,2.845582063678369,3.248710227489405,,True,
689,True,40.0,1.0154189238988083,0.6970972375311248,2.6100000000006918,2.116927237696185,True,False,72.0,3.526541799803523,2.651237473340946,,True,
690,True,40.0,0.9516587436730529,0.6332835122739198,2.448000000004975,2.1206160035942387,True,False,72.0,3.3951175136849017,2.601793409504967,,True,
691,True,37.0,0.3460850211305374,0.3626004814177577,2.5288335115497786,2.1765230436409353,True,False,36.0,0.5299136678828703,0.43739885841903264,,True,
692,True,35.0,2.002516602074466,1.4674681698415952,2.6523293031652893,2.4092407325545535,True,False,216.0,6.473186848726909,3.810535200480337,,True,
693,True,35.0,2.1758063092330584,1.2096281064659706,2.4030000000080345,2.3532005201002315,True,False,216.0,6.488345738460421,4.097240231636201,,True,
694,True,39.0,0.8820028828214999,0.4716592256700096,2.5516093938804487,2.1586467639241027,True,False,36.0,1.1939956797526952,2.7950558683770543,,True,
695,True,39.0,1.0168537075459239,0.8143454634373484,2.4480000000062274,2.1755439845932782,True,False,36.0,1.1797539545552498,2.80591456891318,,True,
696,True,39.0,0.9239927755154116,0.5078622529872518,2.6703002576458412,2.1585927919364507,True,False,36.0,1.21043833061623,2.817576711754814,,True,
697,True,39.0,1.2251900442492676,0.8625112580702989,2.610000000004098,2.125287719086524,True,False,36.0,2.9866703717328558,3.046023242287409,,True,
698,True,44.0,1.4237301185266977,1.5446963857248193,2.4990782806609375,2.1561337259084836,True,False,2592.0,3.173050019068885,1.8149760146661085,,True,
699,True,44.0,1.8303373876399798,2.2237970144742576,2.7597213884691065,2.185194537449698,True,False,2592.0,3.0999026157948704,1.7128160062434845,,True,
700,True,44.0,1.9739569678642876,2.1908097485757025,2.4750000000099432,2.1192028715533584,True,False,2592.0,4.7079567394890365,2.2129586825833,,True,
701,True,44.0,1.7112910931912522,2.0504394119780045,2.5947762485894157,2.1726837691896166,True,False,2592.0,3.0318749311770175,1.798564238739053,,True,
702,True,33.0,1.3618832355193848,1.6434691285467125,3.105000000007156,2.190822220582948,True,False,48.0,1.104790606284302,0.6776290232475116,,True,
703,True,33.0,0.8270509693597307,0.9238554802323051,2.448000000009667,2.0534873919505814,True,False,48.0,0.8657125606293887,0.8328133656228581,,True,
704,True,44.0,2.002439520071194,1.7786588499948266,2.9250000000042293,2.112575390489059,True,False,48.0,2.60654244334254,4.634600632019467,,True,
705,True,44.0,1.6924722473669485,1.2085992889478803,2.1817463548247735,2.225907018767855,True,False,48.0,2.4969700347165276,4.296058803678429,,True,
706,True,43.0,1.490236697557102,1.5283227214822546,2.2548228608135052,2.07446620184567,True,False,288.0,3.284615037485372,3.1015658402212023,,True,
707,True,43.0,2.276416853981274,2.0698959729816124,2.610000000005177,2.0752093179002453,True,False,288.0,3.293917823207417,4.506070574506503,,True,
708,True,35.0,1.6924705383597394,1.082244034812902,2.6910000000018757,2.2240500836761745,True,False,216.0,5.139815471444965,2.9255032449620475,,True,
709,True,35.0,1.5949875960605389,0.742181759855157,2.7099073403279497,2.341476701336146,True,False,216.0,5.367383877993709,2.968908529000102,,True,
710,True,33.0,1.4206536359422228,1.1405628190768766,2.4750000000015575,2.205531397849507,True,False,144.0,2.926322036605578,3.182493825736354,,True,
711,True,33.0,1.255448430562331,0.6669198658346431,2.271806934419997,2.2098990254307997,True,False,144.0,2.9290486078358517,3.1189436362045133,,True,
712,True,33.0,1.8039601103663694,1.6443235918268329,2.493373224299185,2.0587972134476966,True,False,144.0,2.9759279034284214,3.2056195299025365,,True,
713,True,33.0,2.0252996236702026,2.197764221287798,2.745000000001542,2.2369987814703878,True,False,144.0,3.0524681680570893,2.974522106801111,,True,
714,True,36.0,0.46354709294417207,0.4907697563576221,2.4661381023091264,2.133777372642235,True,False,216.0,0.7078095431399589,0.6383209787136002,,True,
715,True,36.0,1.0311668780001877,0.401084480148711,2.6730228107714056,2.2695394255883725,True,False,216.0,3.2384893048566252,2.8640858154974436,,True,
716,True,36.0,1.7311027655516065,1.8873019971906615,2.403000000004613,2.372600020778892,True,False,216.0,3.394615718248055,2.7161806104755053,,True,
717,True,36.0,0.9942605481389485,0.35182047712442,2.7624544307766277,2.269898332062474,True,False,216.0,3.245717621393035,2.8426444894418075,,True,
718,True,36.0,1.6870146409807458,0.6944673022117058,2.6100000000089856,2.3100185118738765,True,False,36.0,3.1364689152290626,2.803258313894408,,True,
719,True,36.0,0.9431639749779837,0.4464904393898905,2.4480000000032778,2.2448961220956307,True,False,36.0,3.132160810249042,2.0322065850604756,,True,
720,True,36.0,0.7797093710681833,0.2403562230647367,2.6289805907867643,2.305567858597964,True,False,36.0,3.358841600877621,1.5672088143345506,,True,
721,True,36.0,1.3906302705393614,0.29152363265529857,2.7569186444636804,2.2801333959880505,True,False,36.0,3.08481884399822,2.9722825345399606,,True,
722,True,44.0,1.9041244124509065,1.3132514179851569,2.488253702895047,2.288634179133922,True,False,96.0,3.51389920826539,4.459438153232497,,True,
723,True,44.0,1.8575006501192464,1.3507873652088165,2.6100000000083,2.3187974581881874,True,False,96.0,2.664258171710841,4.711499587100431,,True,
724,True,38.0,1.4368176911001858,1.8192415824923955,2.943000000000538,2.3176048552330917,True,False,48.0,3.140592342437348,1.3328492338246292,,True,
725,True,38.0,1.118912422778704,0.7388746927936154,2.1993519918241953,2.1830696029673446,True,False,48.0,3.2646612092581266,2.947743683271103,,True,
726,True,39.0,0.8466575831398923,0.14496156489985879,2.515915997771397,2.30283603528345,True,False,72.0,1.2713296407563397,2.8011898226554797,,True,
727,True,39.0,1.6833920533526479,0.9919260485476116,2.4750000000062835,2.4093867759245295,True,False,72.0,4.396378934976666,3.991410541222108,,True,
728,True,33.0,1.0091651189200246,0.8484378348875907,3.060000000000735,2.2310707000003385,True,False,72.0,3.162222625438236,2.0504771795706915,,True,
729,True,33.0,0.6819643001861313,1.1987666370696388,3.1950000000064582,2.3096310464877283,True,False,72.0,0.6985436497867237,0.5735109053974589,,True,
730,True,46.0,1.3502566497448172,1.0831180249479075,2.417448241331487,2.3242281462455443,True,True,5000.0,5.101035676101918,3.173016183253013,,True,
731,True,46.0,1.3455166162661092,1.4744482794776559,2.577957259979069,2.141841131806932,True,True,5000.0,1.7645560572061718,2.747719157110652,,True,
732,True,43.0,1.4947266646731419,0.5637656737417274,2.383297336133831,2.1490985674463605,True,False,72.0,2.389723529192762,4.511548029618809,,True,
733,True,43.0,1.8335179352109834,1.2582754853428924,2.4750000000022183,2.284101285560691,True,False,72.0,2.796692493824394,4.193717548681414,,True,
734,True,38.0,1.5385682304927375,0.21461007011021138,2.643771661519294,2.3428851775748636,True,False,12.0,2.6937214480414267,3.684179912627998,,True,
735,True,38.0,1.7877854226019867,1.278923404039233,2.3084239967051694,2.2001787594875104,True,False,12.0,2.5366229075576676,4.13987380370706,,True,
736,True,38.0,0.434697315487758,0.6191044514744135,2.8700368136352217,2.2272155372572278,True,False,12.0,0.43294525670497025,0.5834512615740652,,True,
737,True,38.0,1.3488753138145786,0.9249767215369502,2.448000000001447,2.343286830693162,True,False,12.0,3.223685102690249,2.802562598795856,,True,
738,True,30.0,0.7435428057102255,0.3998466263037699,2.695889908111035,2.258764127437834,True,False,36.0,2.5959123827804875,1.2230412758228857,,True,
739,True,30.0,2.5446875277482848,3.2229043689367245,2.6550000000055203,2.1899636152456963,True,False,36.0,2.7185662084780846,1.2016417439724458,,True,
740,True,40.0,1.0347448195541433,0.23515139403752983,2.200157627659462,2.2084034455687664,True,False,432.0,3.5229698769929736,2.8016007435157926,,True,
741,True,40.0,3.0286916028882627,3.0405470239529677,2.1600000000079054,2.0584911652470117,True,False,432.0,3.7844850269796892,4.839687607156876,,True,
742,True,44.0,1.1291947539106255,0.5250741873278457,2.228792532217825,1.987149587751259,True,False,288.0,3.4995565404043556,2.22025862176003,,True,
743,True,44.0,1.6727173207192614,0.8232130768010393,2.448000000000569,2.2505433733878584,True,False,288.0,3.1850201835397347,4.659620733283099,,True,
744,True,34.0,0.25474566482542554,0.34256949372502277,2.6812685732316934,2.5254051806591353,True,False,12.0,0.24502521898432064,0.3117595511720283,,True,
745,True,34.0,0.25891549605642894,0.2198926303863118,2.4670657577715756,2.419622988029334,True,False,12.0,0.3324814775019349,0.3753107234832764,,True,
746,True,34.0,0.24812954370588813,0.3212295438206638,2.6157349796373714,2.5515535467436306,True,False,12.0,0.2536671154135374,0.32712192499492065,,True,
747,True,34.0,2.1266062764658242,1.7066100470801757,2.6524051118488834,2.44680082953231,True,False,12.0,3.3756221966392967,2.8035995861206024,,True,
748,True,39.0,1.201296421692717,0.7900438230863074,2.448000000006761,2.313734112987056,True,False,72.0,3.2621957412731715,3.0005039662353603,,True,
749,True,42.0,0.8976037938925869,0.6240455882070819,2.3629724734503923,1.9291777938023236,True,False,16.0,3.1044052345100783,1.974877003446651,,True,
750,True,43.0,1.7547205545429647,0.7582045064664271,2.610000000006479,2.272092196852936,True,False,216.0,3.1606571180941563,4.5991206898235495,,True,
751,True,43.0,1.8417661105083305,0.8565467189328047,2.173368445359455,2.2467134000134505,True,False,216.0,4.571810566339516,4.138514428397738,,True,
752,True,44.0,1.4457466881605867,0.5127286930146511,2.610000000003353,2.265491322803952,True,False,48.0,2.479259344747956,4.589499389905386,,True,
753,True,44.0,1.4555509055981413,0.5542068236500199,2.4480000000046616,2.2452099085163506,True,False,48.0,2.455338816160439,4.572088978026275,,True,
754,True,43.0,2.0061601701139797,1.6175473585681175,2.4480000000072053,2.0775545016918326,True,False,288.0,3.782934134437507,4.338151465193061,,True,
755,True,43.0,0.635320479623818,0.7059025610760727,2.2385340793715764,2.179663098554453,True,False,288.0,0.4722831357290696,0.5348696595094479,,True,
756,True,40.0,1.8859506583127525,0.9204893363275914,2.403000000004221,2.4971231028525605,True,False,216.0,2.7614407193629416,3.667542696156171,,True,
757,True,40.0,1.8541878153470726,1.5734979109729466,2.729396578457341,2.2298527066153944,True,False,216.0,3.119239260493507,3.784345556768119,,True,
758,True,40.0,1.8377346852062224,1.2564925726946967,2.6100000000059294,2.2642445426896805,True,False,216.0,3.251769040223318,3.4830471038057067,,True,
759,True,40.0,1.7326492950056966,1.3887647692863538,2.4480000000038427,2.265771797048414,True,False,216.0,3.7000580600921102,2.912359030272776,,True,
761,True,33.0,1.994691332279285,1.6409869744747994,3.1950000000025556,2.205639170422034,True,False,48.0,2.6540332133391233,4.679829155547313,,True,
762,True,33.0,1.9621239598261468,1.5503320759744383,3.033000000003412,2.196103829353248,True,False,48.0,2.6745856462673996,4.665783301565107,,True,
763,True,39.0,1.8194402287741207,1.3886782363188104,2.925000000004402,2.389677054520129,True,False,36.0,3.1677523176377376,3.3208330252452014,,True,
764,True,39.0,1.7292926081647082,1.1113782932734466,2.39271742697181,2.363228694223223,True,False,36.0,3.9446923827866205,2.9214323580610415,,True,
765,True,39.0,1.9750668453599243,1.7694878851434623,2.763000000008039,2.3792614664428955,True,False,36.0,5.80219030470003,3.0264310537246777,,True,
766,True,39.0,1.8100157203132792,0.7387686399451923,2.2296597819202857,2.2953780882678134,True,False,36.0,3.908912406559482,3.3296582183555885,,True,
767,True,38.0,1.6073723658215673,1.382781826196151,2.160000000007521,1.937516076036532,True,False,216.0,3.4512523591970035,2.8228915977123297,,True,
768,True,38.0,1.620137396786734,1.439742621339974,2.4480000000030393,2.0531621239931344,True,False,216.0,3.090166548217888,3.0891820983175076,,True,
769,True,38.0,1.2148503449069803,0.20784460336653865,2.1600000000083224,1.8943681489351536,True,False,216.0,3.2957223947296503,2.7516009410367848,,True,
770,True,38.0,1.2856373225106514,1.124501892754779,2.6100000000001087,2.076419450905813,True,False,216.0,2.786057419811441,2.8643433329978056,,True,
771,True,38.0,1.2067212587815108,1.5006724373852194,2.475000000004165,2.0743499961433702,True,False,288.0,2.689748867851287,2.556675500503541,,True,
772,True,38.0,1.5747581139580837,0.6562953226748505,2.414847564406809,2.1710055766165133,True,False,288.0,2.456843318489571,4.574544550370877,,True,
773,True,41.0,1.8380058986591286,1.8498701794305816,2.1600000000075497,2.028644558048551,True,False,2592.0,3.032089699327584,2.9602402974155417,,True,
774,True,41.0,1.896208755386392,1.8744462055619806,2.7599745692550437,2.1244680863453795,True,False,2592.0,3.438240943606893,3.2538350723115235,,True,
775,True,38.0,1.8428489036161457,1.9637201369478134,2.8980000000061663,2.197524202597095,True,False,6.0,3.3999253639399636,2.896107967004848,,True,
776,True,38.0,1.2125030166129678,0.6510996138349583,2.160000000010658,2.417504130585923,True,False,6.0,2.920701990476994,3.1635777761506683,,True,
777,True,38.0,1.3265672543073295,1.0816810723408707,2.660830878856249,2.4141827691788373,True,False,6.0,2.9742411406163454,3.1668104522020135,,True,
778,True,38.0,1.5173256457861857,1.1288785834731243,2.618474841704442,2.212989942747142,True,False,6.0,3.453178652582053,2.8601489882429267,,True,
779,True,39.0,0.689582929092148,0.9336119213694474,2.4863321884478276,2.2651957218086034,True,False,36.0,0.7899879360017257,0.8231969108309259,,True,
780,True,39.0,0.3281697537887371,0.37429553949914407,2.4480000000005537,2.1495346837862375,True,False,36.0,0.4609118707301018,0.5928577769110905,,True,
781,True,39.0,0.8413196224935531,0.47074122921185335,2.160000000003704,2.201304902302269,True,False,36.0,1.145581081022131,3.237341243142512,,True,
782,True,39.0,0.8487364643351896,0.5067850835876015,2.160000000004447,2.1997285637323527,True,False,36.0,1.1469512244969904,3.236312424268027,,True,
783,True,39.0,1.5284613831447253,0.9561513271946751,2.4179426199414435,2.358289830131148,True,False,72.0,3.1467478257241313,3.057812856786264,,True,
784,True,39.0,1.3410892445299645,0.3646987587417243,2.638615451817655,1.9950153989631259,True,False,72.0,2.9650992894962567,3.2191877972068847,,True,
785,True,37.0,1.2478947958171147,1.120715676643158,2.1600000000056965,2.355665818531992,True,False,72.0,3.4540527286687652,2.8055693775892623,,True,
786,True,37.0,1.638680450639071,0.828588252326881,2.820697410208891,2.352813680107288,True,False,72.0,2.582598028487241,4.646304263984199,,True,
788,True,42.0,1.4467228354743795,1.2479168102690892,2.4750000000071006,2.3712970662698503,True,False,96.0,2.02010435518065,1.9811921880438943,,True,
789,True,37.0,1.1439627633606793,0.8825713733349403,2.1600000000059345,2.248023577056077,True,False,48.0,3.4726495934083177,2.813019145104611,,True,
790,True,37.0,2.2126247828545145,1.993504251138802,2.6100000000013437,2.177228672533044,True,False,48.0,3.3368717588302346,4.119356449410462,,True,
791,True,43.0,1.200227053237521,1.245374419453583,2.9250000000024996,2.057660178698125,True,False,2592.0,1.558558239653589,1.8691559029181215,,True,
792,True,43.0,0.9339166112121119,0.6606217563748942,2.8462637998477436,2.1882044958138627,True,False,2592.0,1.6976565495039047,1.8500592040931765,,True,
793,True,36.0,1.1596013753166992,0.9918698849614884,2.475000000002903,2.0518259845561952,True,False,48.0,1.8949272449059742,3.239332798497107,,True,
794,True,36.0,0.7503705476984195,0.8508565339470806,2.4936339051490353,2.1879026487483397,True,False,48.0,0.9589851007214792,0.653809181225138,,True,
795,True,39.0,0.9646410375930641,1.0913936421275139e-11,2.515969532673016,2.094716841460917,True,False,432.0,1.7245780920120302,2.571446269583441,,True,
796,True,39.0,1.5017352896681089,0.9465410076991247,2.7360000000004865,1.8019817611729594,True,False,432.0,3.6218008412905958,2.603302170092725,,True,
797,True,39.0,1.7204225603421601,0.6816858871716249,2.717053318828894,2.13625782678496,True,False,36.0,3.271203601381277,3.192762674795429,,True,
798,True,39.0,2.3679489280055908,1.9254335764562711,2.610000000000121,2.1279608637613614,True,False,36.0,3.265078891325469,3.8948547620072898,,True,
799,True,39.0,1.2043518425590827,0.3246481126989238,2.9158974272336233,2.2533217619771926,True,False,36.0,3.368395992252257,3.020313243550505,,True,
800,True,39.0,1.7531402972657337,0.7850321374899067,2.160000000003176,2.2557450349496504,True,False,36.0,3.241977887393288,3.223793668694202,,True,
801,True,43.0,1.0793495804691227,0.33817478786295396,2.4750000000062915,2.0405432160579204,True,False,1152.0,1.2383632164237675,3.2316918410116955,,True,
802,True,43.0,1.075529614801627,0.8433335574518424,2.737404722965781,2.1827032121889594,True,False,1152.0,2.5699941999971796,3.1619033513118775,,True,
803,True,39.0,1.8032244832100541,1.1489320639593643,2.602254533161911,2.0332483880480514,True,False,36.0,3.3407127587246714,3.3586879065442954,,True,
804,True,39.0,1.7654746661039085,1.4755383621486544,2.655113483279703,2.0830319872964025,True,False,36.0,3.4843602636680506,2.780714884192952,,True,
805,True,39.0,2.0789837323282065,1.9347080837869726,2.4480000000032724,2.0821038580243783,True,False,36.0,3.4831463405283656,3.2424145527413066,,True,
806,True,39.0,1.8475372734599413,1.5347078319646243,2.643456338876257,1.9457082873853417,True,False,36.0,3.4076693573153514,2.9169416266390353,,True,
807,True,38.0,0.3728708883274825,0.5227824851681362,2.886880477352018,2.2473511219655906,True,False,36.0,0.26133351463287796,0.2880875176650289,,True,
808,True,38.0,0.9464960292487479,0.44111043327939115,2.7389670849269248,2.2474845001690222,True,False,36.0,3.5878646059651476,2.7702899462017974,,True,
809,True,38.0,1.309967970867377,0.22253128880038275,2.5765458549079394,2.385353456932536,True,False,36.0,3.5554251699718407,2.799235995986499,,True,
810,True,38.0,1.6614282596654535,0.331848300738784,2.4782150457145775,2.2227291018925364,True,False,36.0,3.5884698971161275,3.236442650983493,,True,
811,True,44.0,3.0039964897295146,2.9033818875759607,2.448000000002429,1.9119193859836245,True,True,5000.0,3.634745915906365,4.745182813508852,,True,
812,True,44.0,2.264884091334454,1.605084975635691,2.3643808143624963,1.9601801589904946,True,True,5000.0,3.2352895141803484,4.835288894094703,,True,
813,True,37.0,2.0297896346719115,2.418027352247009,2.898000000009099,2.07098376034193,True,False,36.0,3.0140421144879284,2.337237218430363,,True,
814,True,37.0,1.3989294296580286,1.5413511195147294,2.8980000000032478,2.020295439533535,True,False,36.0,1.6679359759293482,2.8990487183384923,,True,
815,True,36.0,1.8852220875676426,1.4474453454240575,3.060000000006015,2.310419861518681,True,False,48.0,2.623667830105313,4.632539529673563,,True,
816,True,36.0,1.1409135612490755,0.4296495328526362,2.457390571591185,2.3297195854007837,True,False,48.0,2.834535775334907,2.59072987260751,,True,
817,True,32.0,1.4541072172714735,0.9973218407067179,2.7360000000030547,2.3081287174245717,True,False,36.0,3.1141481346026927,2.751671052025382,,True,
818,True,32.0,2.177639745292249,1.6124700497966842,2.4750000000047203,2.1921294993453286,True,False,36.0,3.0697413521813495,4.131315581691865,,True,
819,True,32.0,1.7521952884127485,1.1639079798296734,2.6100000000070764,2.2870665401120274,True,False,36.0,3.2722618258628486,2.916903608262636,,True,
820,True,32.0,0.9739262482512656,0.30874497318291105,2.7849242388865494,2.2713591466124416,True,False,36.0,3.2163671804700247,2.5629045502665138,,True,
821,True,44.0,1.115332053712898,0.4310099959438958,2.16000000000709,2.3654946905245846,True,False,2592.0,2.6592223606904466,3.578907066430485,,True,
822,True,44.0,0.9469372501435754,0.6976610874808102,2.4480000000085496,2.2173235363834483,True,False,2592.0,1.2415639430691667,1.8428899939426802,,True,
823,True,44.0,1.3286776565764091,1.1965162960113958,2.1600000000057706,2.2600135217515844,True,False,2592.0,2.8087546217786143,3.3794904162035677,,True,
824,True,44.0,1.2933919434853798,1.0038177433380042,2.1600000000034076,2.267397551423217,True,False,2592.0,2.660304362784016,3.5996097478006686,,True,
825,True,45.0,1.341724094070254,1.1603753526651417,2.5268801458071195,2.042057642110036,True,False,2592.0,3.0235810476113767,3.01355584197252,,True,
826,True,45.0,1.7888394342455642,0.8995912721511559,2.1600000000090347,1.9709682780298623,True,False,2592.0,3.0112124131593108,4.628427952467566,,True,
827,True,36.0,1.261339330442324,0.7494839344180946,2.326460776354059,2.0895176436201726,True,False,216.0,3.392419025326949,2.9008481091044596,,True,
828,True,36.0,1.1264178223064578,0.7795831277107936,2.160000000007383,2.0885385866198405,True,False,216.0,3.3080356836349485,2.7939199521714566,,True,
829,True,36.0,1.1812789811337874,1.0278955523208424,2.9356231752613793,2.043470408447355,True,False,216.0,3.385536642667676,2.9181001557083035,,True,
830,True,36.0,1.480213909049615,1.30786423637619,2.1600000000016233,2.0939417368685307,True,False,216.0,3.3006258129424313,2.786581499898687,,True,
831,True,51.0,1.6742355933269795,0.9102491653538891,2.160000000003461,1.9131069825025466,True,False,2592.0,2.4940358752118814,4.617403143894237,,True,
832,True,51.0,0.8230756795686007,1.0171925086324336,2.4480000000088875,1.9863552477087276,True,False,2592.0,0.7851212684090831,0.7885193210329127,,True,
833,True,37.0,2.020393061342949,1.1322801217756933,2.4954596898840715,2.2753042717184,True,False,48.0,2.7174181577668444,3.9912099539610186,,True,
834,True,37.0,1.4319301955672803,1.8401879459670454,2.160000000004044,2.20619489370273,True,False,48.0,2.1061822483443975,2.9189755322714444,,True,
836,True,41.0,1.7292472918947048,1.3788283666144707,2.655000000001481,2.3646442896977127,True,False,864.0,1.6538294062949197,3.3930570905702218,,True,
837,True,39.0,1.4714538587203856,1.3634350688880659,2.4480000000077133,2.220960754290809,True,False,432.0,1.793253996115147,3.626882705664354,,True,
838,True,39.0,1.2455228639890652,0.7153459502114856,2.586767624766941,2.2632434877626406,True,False,432.0,3.450324825872731,3.0142505788373137,,True,
839,True,42.0,1.7587163127575554,1.3179183391948754,2.1600000000017583,2.0828978593536456,True,False,432.0,3.065380823148134,3.198075579905881,,True,
840,True,42.0,1.582984439354913,1.2048243765857478,2.1600000000048656,2.078178928052154,True,False,432.0,3.0632955116711833,3.268918589089382,,True,
841,True,42.0,1.9624864389943073,2.176826745773724,2.655000000007229,2.2091630499127946,True,False,432.0,3.454709032313145,4.330996824101351,,True,
842,True,42.0,1.6313388415984174,1.6984932499181014,2.6550000000071834,2.0761947224188777,True,False,432.0,1.8085633997186754,3.198671883521901,,True,
843,True,41.0,1.6021530612192347,1.5523725791317702,2.1600000000098554,2.3882479049922773,True,False,2592.0,3.739897378273027,2.4853575942591695,,True,
844,True,34.0,1.1491610096213587,0.3519988815569377,2.6100000000007784,2.1500711754265254,True,False,72.0,2.0678081257663914,2.3811674812752845,,True,
845,True,40.0,1.7480500463352975,0.8117030864596018,2.4480000000065467,1.7982964227846308,True,False,48.0,3.063529563928592,3.553635924653778,,True,
846,True,40.0,0.6846468774086822,0.8162243931983539,2.4480000000066435,1.7195014825815067,True,False,48.0,0.8875534706189727,0.5082160807694697,,True,
848,True,33.0,1.0561990453348693,1.4059490913678019,2.448000000001336,2.156421272409452,True,False,144.0,1.033471982932589,1.0378372182908988,,True,
850,True,40.0,1.6638419038174663,1.4979665079335973,2.4480000000039994,2.3088582337163968,True,False,72.0,2.9898651582750233,2.568799399669835,,True,
851,True,42.0,3.037060352941406,3.368865054577327,2.4750000000037424,2.196236202643058,True,False,2592.0,4.747259039850314,3.621882179413072,,True,
852,True,42.0,1.0886737887113893,1.248780488382181,2.1600000000071993,2.1789276932931942,True,False,2592.0,1.1286427278988929,1.2509858986032274,,True,
853,True,42.0,1.8124724171000768,1.647599496991461,2.6590574929042288,2.156852630315757,True,False,2592.0,4.180442868127278,2.8306612125505812,,True,
854,True,42.0,2.501062026894552,2.8835234948601283,2.475000000004076,2.3539804948639658,True,False,2592.0,4.500948287967193,2.381193805209294,,True,
855,True,39.0,1.5330069105016177,1.198932108727604,2.610000000000409,2.4027572922165903,True,False,432.0,3.468056596239424,2.0859854593117553,,True,
856,True,39.0,2.805251382819975,2.0933162463479675,2.6550000000027114,2.5198937884363297,True,False,432.0,3.837193073250867,5.502314705611616,,True,
857,True,41.0,1.424567784035755,0.774807470756059,2.1600000000080186,2.1892701841938105,True,False,432.0,2.839767448650611,3.3247587907977785,,True,
858,True,41.0,1.3156124513658687,0.9615635166155698,2.1700585492253284,2.1444216458056937,True,False,432.0,4.108107401938429,1.9442214122768988,,True,
860,True,41.0,2.1797769773970854,2.3384892783578834,2.4480000000054365,1.953095270615338,True,False,432.0,3.877208209476397,2.5200386780880186,,True,
862,True,47.0,0.43445687844061115,0.5606074512397754,2.160000000000464,1.969522610253561,True,False,144.0,0.21698259230684394,0.4871333428385853,,True,
863,True,31.0,1.7393982083965625,1.2017305770095845,2.1600000000042026,2.229947918539803,True,False,72.0,3.06363387068738,3.2514131106814843,,True,
864,True,31.0,1.850509386400501,1.5165817319139023,2.571624984846729,2.226389003858041,True,False,72.0,3.079757096112443,3.2678890735548216,,True,
865,True,31.0,1.5970258827795125,1.7072085092586349,2.7575567177983786,2.2411742158297288,True,False,72.0,3.079320372638038,2.4264875394823404,,True,
866,True,31.0,1.1833877382361058,1.0648256589884113,2.795913271436474,2.4023348627949437,True,False,72.0,3.407792530010815,2.709971629894827,,True,
867,True,36.0,1.5814812875791362,0.8739562452246901,2.448000000002832,2.2481347880632065,True,False,36.0,3.2585646183651935,2.9529720725387256,,True,
868,True,36.0,1.6453774034683284,0.8491466926680005,2.8530000000057187,2.250026638086758,True,False,36.0,2.901807532080014,3.133469467655815,,True,
869,True,36.0,1.17218455069776,0.7519555247381504,2.4480000000013398,2.2619281265769695,True,False,36.0,3.279025990999227,2.788664856309531,,True,
870,True,36.0,0.7462291588184308,0.9133643058776215,2.7180000000002846,2.3526322769612764,True,False,36.0,0.45352978795329174,0.44456484508831967,,True,
871,True,37.0,1.0260363776311388,0.5525905352260452,2.945405894968138,2.3630874865099685,True,False,12.0,3.239885435428171,3.12702246197083,,True,
872,True,37.0,2.1952768820948116,2.91936516453643,2.7630000000011714,2.2806481430944143,True,False,12.0,2.9648797410234193,2.1372250607622254,,True,
873,True,37.0,2.1302458977222702,2.603271731375571,2.9700000000083815,2.1004840551168202,True,False,12.0,3.1311355509773047,3.0200157023207197,,True,
874,True,37.0,1.7819830302819974,0.43775646044377936,2.610000000002852,2.330212996144344,True,False,12.0,3.672779512484905,2.999305248300793,,True,
875,True,44.0,1.7057401869289186,1.2870235181580938,2.1600000000029493,1.837000911431456,True,False,2592.0,2.1699476754807168,3.089748736498844,,True,
876,True,44.0,1.4255338987154758,0.5790461933429469,2.342505313702411,2.2233762471070886,True,False,2592.0,2.467858917550523,3.781008259196666,,True,
877,True,43.0,1.1670670326704256,0.7832933806093934,2.590055946710572,2.459761314497811,True,False,144.0,2.9727090739919513,2.935845540654386,,True,
878,True,43.0,1.1320430266972306,0.6624294932298653,2.4030000000033307,2.3295442988060997,True,False,144.0,2.9664778991971064,2.9763790527358154,,True,
879,True,43.0,1.1409353090022776,0.7206722867449571,2.4219954549864413,2.471647056964242,True,False,144.0,2.978552356273813,2.917965602249083,,True,
880,True,43.0,0.31586161819221426,0.2514024533884367,2.160000000002456,2.3257748452934996,True,False,144.0,0.843986002166927,0.5912545761691665,,True,
882,True,45.0,1.5176800719438681,1.0576652179552184,2.3618951927996865,2.453383788097574,True,True,5000.0,2.2385057141072093,3.362277138617599,,True,
884,True,33.0,1.0112536897857372,1.147772221644118,3.1036071636268177,2.2872963344088144,True,False,144.0,1.138845482753421,0.9918351632298938,,True,
885,True,37.0,1.3687588685623249,1.1122262747667264,2.5751299386389466,2.25117849381163,True,False,36.0,2.8772745272143623,3.3680444332231083,,True,
886,True,37.0,0.4980904283528108,0.67592915550631,2.549071487552773,2.2067790571101584,True,False,36.0,0.16253665668994113,0.4421479631617965,,True,
887,True,37.0,0.5159128929290463,0.6201148113104864,2.4030000000008966,2.1346377766262825,True,False,36.0,0.6710593335326932,0.6655346200460178,,True,
888,True,37.0,1.7259990195566142,1.4805770402126655,2.7360000000089153,2.1866533201904685,True,False,36.0,3.278528050983854,3.3119928041180127,,True,
889,True,42.0,1.7512621619020219,0.7976976499739976,2.3640306313528416,1.8843777705651275,True,False,48.0,3.439029420125196,4.589988366932638,,True,
890,True,42.0,1.5296041417304667,0.7772145824455947,2.1600000000011814,1.8224935121695223,True,False,48.0,2.41703569310704,4.496222935237272,,True,
891,True,44.0,1.2358895071598264,1.1902396148107073,2.4750000000022294,1.9204883927272247,True,False,576.0,1.1480625212783857,2.4967875478640438,,True,
892,True,40.0,1.0169330847024298,0.6640982607059414,2.9406691791984367,2.1696345697144483,True,False,216.0,1.6211911489593647,3.231958716517396,,True,
893,True,40.0,1.4017372765786098,0.4888754028143012,2.9338902012109638,2.20747676168969,True,False,216.0,3.2877824510303766,3.195660437358432,,True,
894,True,42.0,0.4733659199547984,0.31593739782329067,2.4030000000018266,2.5642406560227538,True,False,192.0,1.2372484454119368,1.266080110607704,,True,
895,True,42.0,0.5207653057237772,0.43465586296952097,2.1600000000029835,2.4754357510547513,True,False,192.0,1.2641293281124546,1.3755268902270594,,True,
896,True,39.0,0.7506105200662777,0.4291105094780505,2.5423774438778417,2.1923475118237987,True,False,2592.0,2.4095652677662307,1.4360572345425076,,True,
897,True,39.0,0.7824071209847361,0.5109244779887376,2.827864450798367,2.2667231639306995,True,False,2592.0,2.4922800182118516,1.4788587383942742,,True,
899,True,40.0,0.9490233072990283,0.6154234690548037,2.4480000000006177,2.3317933378410705,True,False,216.0,2.9937754912242585,1.8858590538695676,,True,
900,True,40.0,1.223333486582967,0.969100027505192,2.811553160476553,2.273461609308589,True,False,216.0,2.9911351195340043,3.0429534500591564,,True,
901,True,40.0,1.2361189886039397,1.0164550971894641,2.610000000010303,2.2953599668243756,True,False,216.0,3.0271451468818564,2.8891919824638497,,True,
902,True,40.0,0.9694120759281627,0.4165446174411045,2.7031181878598414,2.0035487453266514,True,False,216.0,3.2487002864748824,2.833609877744838,,True,
903,True,40.0,1.8727718831582525,1.6301603201864054,2.4738904017416115,1.9254418643521802,True,False,36.0,2.577657167512659,3.3441338337450603,,True,
904,True,40.0,3.0284339507474907,3.531544848032354,2.7630000000039967,1.870741550241508,True,False,36.0,3.7245270801778894,3.3044121858623834,,True,
905,True,48.0,2.3816466996702728,1.8772025519647286,2.4480000000054427,1.945447408155769,True,False,1296.0,3.497931226605057,4.7628892611924325,,True,
906,True,48.0,2.152196463198469,1.0684780763731396,2.524281309007748,1.9180120535074852,True,False,1296.0,3.611335048793688,4.842253411430433,,True,
907,True,44.0,1.5832713982873345,1.0935677042871248,2.4480000000031548,1.93918747257711,True,False,216.0,6.175720916392888,2.574366829979782,,True,
908,True,47.0,1.658204376403387,0.5997045154872467,2.1600000000026967,2.147735289787827,True,False,144.0,2.4675029532564183,4.0938489327410155,,True,
909,True,47.0,1.6145943060691283,0.4136311598485918,2.160000000003195,2.3338576010116814,True,False,144.0,3.6277400839119913,4.920222009098264,,True,
910,True,46.0,1.702272915337172,0.932792652882199,2.16000000000702,2.0979422315449967,True,False,216.0,2.432137568013147,4.572032873601669,,True,
911,True,46.0,1.4737650433423006,0.8961505026454688,2.160000000006117,2.0494423977267577,True,False,216.0,2.838393683726801,3.45370972491208,,True,
912,True,40.0,1.5639970911258525,0.6212404014477215,2.614302459331952,1.9896687367247845,True,False,48.0,2.473206442403616,4.541629265671756,,True,
913,True,40.0,2.0579579124950484,2.2735617398648174,2.646320903050579,1.8782030104064893,True,False,48.0,3.8246751213628856,1.9839138566591408,,True,
914,True,48.0,1.7142431606853674,2.9069351424623164,2.603967273794852,2.181085056892555,True,True,5000.0,1.1729772430983643,1.506721085544555,,True,
915,True,48.0,1.1547436122234018,1.9067248477185785,2.4121704353499203,2.0526424548858966,True,True,5000.0,0.9826712256511121,1.355803726647665,,True,
916,True,48.0,1.4617163859325155,1.2767243929374672,2.1600000000062898,2.158266322398605,True,False,288.0,1.4962005274026746,2.94011814902732,,True,
917,True,48.0,1.3134242406499481,1.1029359280946665,2.5609756607499765,2.139695944778136,True,False,288.0,1.8759889056374295,3.362061653603201,,True,
918,True,41.0,1.4202244565660376,1.0192933193866338,2.1600000000073187,2.2559245655384847,True,False,72.0,4.248901123278776,1.9947762958631796,,True,
919,True,41.0,1.0361907284186405,0.812009264525841,2.2939775130992497,2.218382283083779,True,False,72.0,2.919651766505484,2.5223149703246346,,True,
920,True,41.0,1.4579287507015908,1.1237872224628518,2.262747041160783,2.271408852628694,True,False,72.0,3.037404225585561,2.523880611149396,,True,
921,True,41.0,2.27571653558804,2.51173073773316,2.4750000000012067,2.289843745455135,True,False,72.0,3.9401527433247283,3.003613824714367,,True,
922,True,44.0,1.8890781430955526,1.473382988031517,2.6120414634757143,2.3332064452165397,True,False,432.0,3.075508106988357,4.47260760236164,,True,
923,True,44.0,1.5169747799100497,0.8049189765079063,2.4480000000024056,2.384011571637185,True,False,432.0,2.4030714045738146,4.470138446497399,,True,
924,True,40.0,2.2992400939086415,2.6738535306394624,2.4030000000025558,1.9660779885599655,True,False,72.0,3.040912686192041,4.17888841690106,,True,
925,True,40.0,2.5380594600954676,3.4451849645956827,2.7180000000032085,2.216020110490877,True,False,72.0,3.6626280788011805,2.9204089235782553,,True,
926,True,41.0,1.5159744436075584,1.2389838887502265,2.610000000006636,2.3083377118827304,True,False,216.0,4.822808775976657,1.927321342745842,,True,
927,True,36.0,1.1076312135747954,0.5667719472912722,2.432527583130243,2.1894334761988086,True,False,432.0,3.1305940291321095,2.9579307045596512,,True,
928,True,36.0,0.9681791453727878,0.35373107922714553,2.403000000001052,2.2542468242408593,True,False,432.0,1.4587539738950785,2.9855406262086595,,True,
929,True,40.0,1.1201702678036414,0.8703862797483453,2.849929213239988,2.3104782136388993,True,False,72.0,1.3031553259800965,3.032366794880877,,True,
930,True,40.0,1.4506523816232504,1.1067299106071005,2.820748463875624,2.3777604595501205,True,False,72.0,1.4625209660023986,3.1827684959979243,,True,
931,True,42.0,1.9463202581969725,1.52073057285088,2.610000000004733,2.400622752995564,True,False,12.0,3.1280802851956686,2.9631680562239033,,True,
932,True,42.0,1.7612315963847058,1.4642153024033178,2.4480000000104543,2.2159391743682857,True,False,12.0,2.7494946819973007,3.168244344202116,,True,
934,True,42.0,1.0514373953508438,0.8519467844089377,2.4480000000052216,2.4077880181403017,True,False,12.0,1.4367730925045255,2.6310875896503974,,True,
935,True,41.0,1.466546408353949,0.702891766668472,2.16000000000754,2.1601324050390986,True,False,216.0,3.510996977103794,3.042159856968624,,True,
936,True,41.0,1.5862063172087197,0.790086068554956,2.40300000000143,2.0420741730407346,True,False,216.0,3.5364950737990326,2.815282949990574,,True,
939,True,44.0,1.71738662887568,0.9240808653521526,2.4935637959754424,1.853049416340536,True,False,288.0,3.2744926200068254,3.7318820442728704,,True,
940,True,44.0,1.3967637488448381,1.5086219166005321,2.4480000000007935,1.7917341084268057,True,False,288.0,3.2455792144564843,1.4105935629993482,,True,
941,True,43.0,1.0155138945698767,0.5657082586876641,2.5183450364368487,2.193856738577066,True,False,432.0,1.4343522672408204,2.867827557350361,,True,
942,True,43.0,0.9121122311362965,0.19895602907854482,2.1600000000032162,2.0064639859713402,True,False,432.0,1.2499493546042657,2.8611299215185415,,True,
943,True,41.0,1.6456895283109811,1.7698339382150152,2.763000000001722,1.9249381070829266,True,False,144.0,3.992997756831654,2.1149897069399213,,True,
944,True,41.0,1.1717109545530648,1.075045373490866,2.4488939771812515,2.284784385450846,True,False,144.0,1.5148388930049796,3.270396929837418,,True,
945,True,40.0,0.6449213667991218,0.8261555334538571,2.4825485321084364,2.0355435410228884,True,False,48.0,0.7395671987805668,0.31251725770186,,True,
946,True,40.0,0.5580136297394925,0.6776418447880133,2.1961816218389982,2.0562073569073718,True,False,48.0,0.9460297429875081,0.383739016334649,,True,
947,True,39.0,1.453304999403309,2.147219754544494,2.69100000000407,2.282054120611516,True,False,2592.0,3.6108817726014566,1.7862888923245417,,True,
948,True,39.0,1.060273581081748,1.1282133838831214,2.7360000000048688,2.1995722202964827,True,False,2592.0,2.794508674099176,2.012322650561985,,True,
949,True,48.0,1.9783023107776285,1.3882225430752442,2.44800000000826,2.080917239608534,True,True,5000.0,5.463277902253385,3.395237182128693,,True,
950,True,48.0,1.4030977938232305,0.6128209481903468,2.219809907813354,2.1231363849974403,True,True,5000.0,5.564631527165603,2.389984639954714,,True,
951,True,44.0,2.751568890516394,3.0918880374592845,2.61000000000844,2.0449099373077537,True,False,432.0,4.136300611683324,5.400411523632798,,True,
952,True,34.0,1.392907695042711,1.3012960324740561,2.510702207861897,2.3659578683907285,True,False,36.0,2.988752808041551,2.8174367757707275,,True,
953,True,34.0,1.45954107749538,0.9428481784634641,2.736000000001578,2.2695636265370487,True,False,36.0,3.202152605516701,2.7417676986301345,,True,
954,True,34.0,0.8301697094173346,0.2878299881267594,2.4988985461577053,2.4434348091365155,True,False,36.0,3.1911299433695417,2.773533941968787,,True,
955,True,34.0,0.8789501571470751,0.4298530299529375,2.6550000000055083,2.336865635204558,True,False,36.0,3.1946553602890537,2.7480766867109274,,True,
956,True,38.0,2.112481301871554,1.7246288057722268,2.160000000008946,2.0424877039531966,True,False,36.0,2.8843333119109285,2.938237287070848,,True,
957,True,38.0,1.4360699991993076,0.7010532164749748,2.1600000000036443,2.1677060367356087,True,False,36.0,3.2045587293954116,2.8406135123657177,,True,
958,True,38.0,1.8710345962582497,0.5782286243847921,2.519752240926604,2.1719055734538735,True,False,36.0,3.6669002358416414,3.338640083439856,,True,
959,True,38.0,1.5627743179837055,0.8606380551791517,2.249293368955119,1.969259026359915,True,False,36.0,3.158921315768235,3.4079501004632804,,True,
960,True,38.0,1.0694357407640818,0.8804810950641695,2.7900000000010645,2.0548610578333513,True,False,72.0,1.2339822402134544,3.228195154705686,,True,
961,True,44.0,2.7280191375051617,2.4840077347435,2.718000000000082,2.3181623755682,True,False,216.0,4.5985686622959605,4.157679852168267,,True,
962,True,44.0,2.0019731574084982,1.8454739020380657,2.620385239539731,2.3289046783627705,True,False,216.0,3.857967186736308,3.8926212585056628,,True,
963,True,41.0,1.882527831526584,1.614100167684228,2.448000000008785,2.188695955814786,True,False,48.0,3.3331536537363595,3.7122393363846724,,True,
964,True,41.0,2.4913361727217196,2.032081869288959,2.4480000000013433,1.9487234784083658,True,False,48.0,3.4238430277197263,3.648324217867924,,True,
965,True,38.0,1.9282373286940024,1.7018257651143358,2.4480000000089506,2.026579458965278,True,False,36.0,2.9645474107318677,3.0284006175912075,,True,
966,True,38.0,1.4896741732665186,0.8541018306277692,2.489401920887969,2.1575831647934223,True,False,36.0,2.9233351647099193,3.127893996316166,,True,
967,True,38.0,1.446731391802136,1.0598149928518978,2.76300000000624,2.0932481770444706,True,False,36.0,2.9217182247430036,3.070083772936001,,True,
968,True,38.0,0.48067977561861835,0.672625115916162,2.8765247377393406,2.154099762801157,True,False,36.0,0.2477882773656081,0.4081140095069903,,True,
969,True,49.0,1.8332912408928972,1.0558399948349688,2.1600000000031163,2.3336203037555188,True,False,2592.0,6.235596878157503,3.1810915832291276,,True,
970,True,49.0,2.2377340732671875,1.8103299040340062,2.4480000000037143,2.4003309931965635,True,False,2592.0,6.4847444493916555,3.650444734819879,,True,
971,True,48.0,0.8790065238097368,0.5277748437329137,2.3435468229590426,2.1865446160780713,True,False,576.0,1.08654327076873,2.9586313949079455,,True,
972,True,48.0,0.8257980995692882,0.21246344512837823,2.1600000000007142,2.197764462948657,True,False,576.0,1.186930392823471,2.886913471817318,,True,
973,True,43.0,0.4064331418118906,0.36987446199782426,2.4750000000065775,2.0059590963177687,True,False,96.0,0.4014862266335394,0.501759492137092,,True,
974,True,43.0,0.47909118286357943,0.47875061377999373,2.4750000000081562,2.0218348136531827,True,False,96.0,0.43948930488214727,0.44763234535839586,,True,
975,True,37.0,1.1217394850628188,1.099896393418021,2.6017180514839633,2.371989596372632,True,False,216.0,2.6379567759980924,2.1058048499864577,,True,
976,True,43.0,1.7872642157533676,1.3786225283329259,2.691000000001277,1.9515207027341523,True,False,72.0,2.4626127211826256,4.463163711808564,,True,
977,True,43.0,1.5070954650567083,1.6540001704088354,2.475000000004624,1.9419887153379651,True,False,72.0,3.0293236732524518,2.5689777125726634,,True,
978,True,48.0,2.126649837938503,2.072698755269812,2.5117611076875264,2.270454990767269,True,True,5000.0,2.9417971617125707,2.858369094367125,,True,
980,True,32.0,0.8694857046518051,0.8377137075258361,2.4480000000031557,2.1991559536785927,True,False,2592.0,1.3184363956252474,0.9258147498235879,,True,
981,True,32.0,0.7832720885054001,0.7638383098928898,2.1600000000016726,2.2850864599178737,True,False,2592.0,1.2182008925806311,0.9432370704221518,,True,
982,True,41.0,2.05191494695246,1.4879777205715072,2.65500000000052,1.8838735079617206,True,False,48.0,2.6131655402516576,4.59585549840475,,True,
983,True,41.0,1.2088022554356532,0.6279846728029952,2.1600000000020674,1.906955062108177,True,False,48.0,1.6042647687012923,3.7394927828046463,,True,
984,True,39.0,1.7442759230347267,0.7316532325748994,2.5199351725379286,2.5240153839071584,True,False,48.0,3.152251986475728,4.554990035665898,,True,
985,True,39.0,1.7324097895477204,0.7760086410598888,2.5814978226235556,2.512454361217334,True,False,48.0,2.5345345898483465,4.49055984573838,,True,
986,True,47.0,1.4591857970810638,1.8380113881612488,2.475000000001938,2.268036342147101,True,False,576.0,1.602944527165427,2.651965646073835,,True,
987,True,47.0,1.9996253798311565,2.788839009201183,2.38333170099481,2.2531819799785366,True,False,576.0,1.8288220330374025,2.9414919728419138,,True,
988,True,49.0,1.845603980138953,0.9608693477384804,2.664992842063968,1.8190656358966268,True,False,288.0,3.1914199164250756,4.452161304382082,,True,
989,True,49.0,1.553800683779435,1.6311857741275162,2.448000000007603,1.9075191213720504,True,False,288.0,1.8931693947801853,3.0762320941497094,,True,
990,True,39.0,0.7513543001000426,0.7436206327256514,2.6100000000026427,2.3316531331225065,True,False,72.0,0.9534574289343264,1.5619876957056433,,True,
991,True,39.0,2.2801466825006864,1.6675706477835774,2.943000000010173,2.294783917256699,True,False,72.0,6.375807730908035,4.907122346846645,,True,
994,True,34.0,0.7986485093601654,0.615714020546875,2.610000000002853,2.359661468876415,True,False,6.0,1.4197141291786652,1.9320562046771816,,True,
995,True,34.0,0.4297359216230291,0.4704452967889665,2.4746857996739435,2.18744368215504,True,False,6.0,0.8928490933838487,0.5339233626533361,,True,
996,True,34.0,0.23164797493394323,0.1867964900811785,2.3963231075322518,2.3037888928024635,True,False,6.0,0.7434369431986992,0.35522187985803194,,True,
997,True,34.0,0.27106549761075943,0.29695860733045265,2.6891839905370007,2.3993261235813694,True,False,6.0,0.7736059420755279,0.3630898637895894,,True,
1000,True,41.0,1.8784306163530995,1.835454699674301,2.4480000000053694,1.9511838384170777,True,False,432.0,3.385741526732221,4.196324760306215,,True,
1001,True,41.0,1.5204604214687854,1.6309069826311315,2.448000000008464,2.227853260450517,True,False,432.0,1.6790407475572924,3.0813865499521667,,True,
1002,True,41.0,2.358342143863713,2.283075132418162,2.258919348246703,1.9143117107200698,True,False,432.0,3.36352605865594,4.200671600125876,,True,
1003,True,41.0,1.8978160246215217,1.6321522206380905,2.4480000000014273,1.9100387056549404,True,False,432.0,3.352749659287387,4.194479901408846,,True,
1004,True,46.0,1.1765413564790603,0.6173315536943846,2.160000000002291,2.236579394030089,True,False,72.0,3.1125512080714297,3.1322208202551116,,True,
1005,True,46.0,2.2058466997262247,2.2076690507601597,2.1600000000039037,2.257046434613165,True,False,72.0,3.4422243991019252,2.803933743220061,,True,
1006,True,46.0,1.5822608703236194,1.3288752809348807,2.446946073587163,2.288040910145621,True,False,72.0,2.9652093843755774,2.9719019582619333,,True,
1007,True,46.0,2.0444317101087846,1.3082970930809097,2.3247604416252705,2.2258425571230327,True,False,72.0,3.2109109080502405,3.188846147596326,,True,
1009,True,40.0,1.5545717180022904,1.0458562155072286,2.6100000000106207,2.3139931994066014,True,False,192.0,1.407850391122288,3.4100907792439474,,True,
1010,True,43.0,1.6111153839614483,1.0903469307631894,2.2920884737041534,2.091515071186435,True,False,288.0,2.6867886213085197,4.435003198273779,,True,
1011,True,43.0,1.8876013142632004,2.181112668251444,2.4030000000019216,2.174327395793927,True,False,288.0,3.1961608685173926,3.1378390509136085,,True,
1012,True,43.0,0.7414071847937457,0.7553383167614811,2.448000000004384,2.156895380054397,True,False,432.0,0.942934159297782,1.338209419795694,,True,
1013,True,43.0,1.6993736005305096,1.0248086646060983,2.448000000009229,2.0954778932262683,True,False,432.0,2.6050956239796035,3.857513692368633,,True,
1014,True,44.0,1.03082770640583,0.8010250293227728,2.465482885895719,2.142718298867119,True,False,72.0,1.308140603029697,2.994812401795484,,True,
1015,True,44.0,2.0157737209814157,2.1358348941757868,2.4750000000040453,1.9399977697667592,True,False,72.0,4.056115615475332,3.317202602879128,,True,
1016,True,37.0,1.0050941896691339,0.6574333366261271,2.1600000000014368,2.3565406195098784,True,False,432.0,3.215024165460881,1.679564968103501,,True,
1018,True,41.0,2.513679634270148,2.3467482896994625,2.6910000000049954,2.0014688890662278,True,False,432.0,3.598720741330063,4.143905477035966,,True,
1019,True,41.0,0.7774905923864576,1.1254966714623151,2.448000000008601,2.1007268454989574,True,False,432.0,0.9048667387644805,0.4669242332281291,,True,
1020,True,41.0,1.6049481795314364,0.4503097978522419,2.3120779445171826,2.04211594433323,True,False,36.0,3.543874807737447,3.578622176549952,,True,
1021,True,41.0,1.19027950839587,0.70084005962417,2.6307222199544107,2.1996724299995214,True,False,36.0,2.949449502102951,3.076505636504555,,True,
1022,True,41.0,1.3648248871728388,1.3844907503116701,2.8900801638493183,2.2194844641718037,True,False,36.0,3.0478632256082365,2.4406855334673603,,True,
1023,True,41.0,1.1432434007494234,0.51153833272474,2.1600000000060304,2.1388251828048035,True,False,36.0,2.932594150990943,3.0997649302297625,,True,
1025,True,44.0,0.4582502812910676,0.6186715476869722,2.6871946460080367,2.202950537324885,True,False,48.0,0.539719853122623,0.7166896310634111,,True,
1026,True,37.0,0.9499642687600391,0.281594399795722,2.6910000000108703,2.217271586251896,True,False,432.0,3.1550911330350027,2.250831305880498,,True,
1027,True,37.0,0.561044480120225,0.6895264338854759,2.861445809369986,2.3368541679788235,True,False,432.0,0.9581983509771389,0.6250795882304708,,True,
1028,True,44.0,0.5408829849638548,0.5163079515004938,2.6690442994175694,2.289112713476556,True,False,8.0,0.41953513035344425,0.5603470559010342,,True,
1029,True,44.0,1.2512872851866552,0.3685909281120985,2.6237818678290106,2.377708853791818,True,False,8.0,1.8756900140702937,3.0175012678794166,,True,
1030,True,43.0,2.4065615199809107,2.3458622374491824,2.160000000006901,1.9733262402603375,True,False,72.0,3.5295326103117546,4.112705574145151,,True,
1031,True,43.0,0.8899947870565705,0.6922912304362399,2.160000000005785,1.9644748857646412,True,False,72.0,2.9966279527223367,1.7298491787229324,,True,
1032,True,42.0,1.6537423272374203,0.5599302348055062,2.4221753041803304,2.3302680992538174,True,False,72.0,3.316996935909191,3.0551442624394247,,True,
1033,True,42.0,1.212823294081972,1.1900717022181198,2.7360000000092453,2.1668237634380882,True,False,72.0,3.22600362941001,2.8916919030119463,,True,
1034,True,42.0,1.960970418239974,2.0501596802132553,2.4480000000011173,2.1275250129904464,True,False,72.0,3.2524171865243297,3.0212223424262774,,True,
1035,True,42.0,1.3453519925977853,0.7524194859543059,2.6835654401449163,2.093163856844466,True,False,72.0,3.3208821581668726,2.9829960491439764,,True,
1036,True,41.0,1.8938608516478663,1.7486893529785448,2.9700000000000712,1.9905991159196268,True,False,72.0,2.3620777044011296,4.468216720389021,,True,
1037,True,41.0,1.794520898234515,1.111981840844237,2.55955016347567,1.9457975988010674,True,False,72.0,5.854835502809615,3.877790349023411,,True,
1040,True,35.0,1.3945098454903373,1.4236030616011703,2.610000000003505,2.44832828148106,True,False,6.0,3.326131882655478,2.673956522593215,,True,
1041,True,35.0,1.7960876351540558,1.4746616495649505,2.9438211403165524,2.5473445189059136,True,False,6.0,3.548259082922474,3.2624028244051857,,True,
1042,True,35.0,2.0797439956251913,1.9921393915101362,2.684855993318861,2.2751715454883836,True,False,6.0,5.314169117415034,2.0377551452961127,,True,
1043,True,35.0,1.4236365543777838,1.1703970847593155,3.1050000000031592,2.2061918844470445,True,False,6.0,2.924492656408942,3.2197907324033093,,True,
1044,True,42.0,1.348345476935572,1.3810632310560322,2.850459785792139,2.3546531501900656,True,False,36.0,2.9426143005987817,2.4817880979245803,,True,
1045,True,42.0,1.9009978362577586,1.8178321535560826,2.676520936266809,2.2007719989131087,True,False,36.0,2.814401132051026,3.187758611548386,,True,
1046,True,42.0,0.7263942768034916,0.9817751461414446,2.160000000002807,2.3732161813454757,True,False,36.0,0.5868687656597431,0.8992214353980407,,True,
1048,True,44.0,2.2200280029798667,0.8329118227557046,2.1600000000089024,2.091781071742452,True,False,1152.0,3.942152355978723,4.533015359708129,,True,
1049,True,44.0,1.910753832958676,0.9974254364460649,2.160000000008972,2.4375838686904703,True,False,1152.0,3.882211684494206,5.2950060699867185,,True,
1050,True,42.0,1.9877116486963249,0.7038871851946169,2.2058833970972533,2.3108681273279097,True,False,48.0,4.991519585435219,4.493981832867443,,True,
1051,True,42.0,2.277250424527133,1.817141944397008,2.4750000000083237,2.3031433086110815,True,False,48.0,5.189113774210793,4.4778605241814375,,True,
1052,True,40.0,0.70392303949643,0.9187623584002722,2.853000000001198,2.343843962575154,True,False,432.0,1.0356148130587184,0.6152262736016368,,True,
1053,True,40.0,0.4594586757475385,0.503953802272008,2.4030000000077374,2.296341235988241,True,False,432.0,0.8803741843515692,0.6038980986165683,,True,
1054,True,46.0,2.187880193175426,2.488389674192149,2.26013769915239,2.031271638678589,True,False,48.0,3.2249590017124956,2.677366826204751,,True,
1055,True,46.0,1.939791175863071,2.115099287664634,2.4653608655311414,2.025999873568604,True,False,48.0,3.1920935430956674,2.679586035373347,,True,
1056,True,41.0,0.8275588081728306,0.6089435994217638,2.448000000004578,2.236833723592346,True,False,216.0,1.0017337441945813,3.094779616786631,,True,
1057,True,45.0,1.6484347583024501,1.8861846189720382,2.173967564801673,2.179625235814634,True,False,48.0,1.5264137348309963,2.681288437190094,,True,
1058,True,45.0,1.4895147522861496,1.6446455708173744,2.812277121548629,2.2419397806364025,True,False,48.0,3.0175609736682887,2.6739003478250716,,True,
1059,True,41.0,0.5211462351205879,0.6489544290452613,2.2734310608789805,2.235930970781522,True,False,48.0,0.7914909337920908,0.652352866736718,,True,
1060,True,41.0,1.9564003934221401,1.829426884502027,2.6100000000026053,2.1578812458520513,True,False,48.0,2.607237426509964,3.938398710640257,,True,
1061,True,37.0,1.0586465396978746,0.7576284883070912,2.3308023761960004,2.119748233163552,True,False,36.0,3.470907502795042,2.7464475438702847,,True,
1062,True,37.0,1.9677342209742483,2.3733633563788317,2.160000000002693,2.1955958770912285,True,False,36.0,3.0210781756355165,2.6975405248471276,,True,
1063,True,37.0,1.5140867525189634,0.5810149503340654,2.1690534144936153,2.304359578060681,True,False,36.0,3.354913378050602,3.277297439670384,,True,
1064,True,37.0,1.1777221129082878,0.6701561313311686,2.3714444868783024,2.269072502874247,True,False,36.0,2.939136348664431,3.1382823076088533,,True,
1065,True,45.0,1.247596470815458,1.1992476880914182,2.5100388150074036,2.1365506429289245,True,False,216.0,2.910915669629305,2.493380829352679,,True,
1067,True,45.0,1.2912898222054563,1.0863590168337396,2.4480000000006603,1.880176131270685,True,False,216.0,2.9291903523095537,2.797651078596771,,True,
1068,True,45.0,1.8284350236124778,1.343047790491255,2.448000000005205,1.869478492895813,True,False,216.0,3.3178651008112285,3.267353819331618,,True,
1069,True,42.0,1.49232875914765,0.998387397841725,2.44070523429112,2.248058611713671,True,False,216.0,5.308927989367669,1.9650940505129038,,True,
1070,True,42.0,1.8082721897981748,1.2597197232971666,2.160000000005742,2.3089885240078605,True,False,216.0,5.54306603879646,3.008337922676026,,True,
1071,True,42.0,1.9839120512978885,0.8270152889890596,2.5608983428131378,2.2540459972458415,True,False,216.0,5.638013969119384,3.373396106304146,,True,
1072,True,42.0,2.0668175413713823,1.3331961410185613,2.3182656087803686,2.2166246505441554,True,False,216.0,5.226157546208916,3.715476688225623,,True,
1073,True,40.0,1.9297848386029366,2.040235845670395,2.7630000000017696,2.30302732241717,True,False,72.0,5.873084155379603,2.646482484557764,,True,
1074,True,50.0,2.0010589705137853,1.9507723009119218,2.44065024227948,2.439258708644903,True,True,5000.0,1.7385257709351631,3.1322119656327088,,True,
1075,True,50.0,1.9298378993735539,1.691407597518264,2.1600000000025767,2.423810490818125,True,True,5000.0,2.937910061255819,3.1432438310374704,,True,
1080,True,48.0,1.8225124412053764,1.0087062583515944,2.4150839860760516,1.8923389536232669,True,False,432.0,3.405402368513675,3.7815357650840213,,True,
1081,True,48.0,1.9953147439045331,1.734335412227665,2.6100000000051584,1.8616142811549334,True,False,432.0,3.0553435152700006,3.758947973482991,,True,
1082,True,48.0,1.7562225914087048,0.893919919806649,2.427053720476559,1.9021431733705012,True,False,1296.0,3.2516307647097324,4.635960356000749,,True,
1083,True,48.0,1.6869738462904544,0.4580325183851528,2.1600000000038566,1.901451321228077,True,False,1296.0,3.280038452797753,4.620067224503869,,True,
1084,True,44.0,1.8036649504202158,2.1954461973327852,2.4651449181979395,1.9692187904852017,True,False,288.0,3.017823552209905,1.3819861223161771,,True,
1085,True,44.0,2.1753008693308837,1.897555301700777,2.4480000000014184,1.951376760213158,True,False,288.0,3.087802340873211,4.41283627161559,,True,
1086,True,40.0,1.6354793312726885,1.0019523653681972,2.6100000000098085,2.2034446130320586,True,False,36.0,3.350898932906943,1.9510180027956878,,True,
1087,True,40.0,1.701798634955764,0.08280474991261144,2.1600000000076833,2.2734569853199336,True,False,36.0,3.361477078003255,3.7471787021832474,,True,
1088,True,40.0,1.210311257681251,0.6864970218957751,2.5485847547947738,2.2387605072896926,True,False,36.0,3.337843892043722,1.9801609779888065,,True,
1089,True,40.0,1.6781199203476236,1.3072453095956007,2.7360000000017464,2.188603596405708,True,False,36.0,3.27344877601714,2.902777567663844,,True,
1090,True,46.0,2.046580980068085,1.293897519033635,2.16000000000658,1.7389897512061419,True,False,1296.0,5.894325398205115,4.426530951387159,,True,
1092,True,35.0,1.3111032017373558,0.7103751316099078,2.7171715881499243,2.260713620629557,True,False,36.0,2.9762259009011247,2.917574102506952,,True,
1093,True,35.0,0.41354290053520915,0.5494324413448339,2.904866013902184,2.2598480975499218,True,False,36.0,0.2046483736940136,0.2444719786906889,,True,
1094,True,35.0,0.7209135065195637,0.8106400317483349,2.799527851852676,2.291995498010413,True,False,36.0,1.0255811311721457,0.796278167472471,,True,
1095,True,35.0,0.9569946342477317,0.42869768362288596,2.876886539990361,2.2476810151798676,True,False,36.0,3.6856177891822584,2.652648122650401,,True,
1096,True,45.0,2.9240689122590124,3.1095185936319467,2.475000000005251,1.896625439695461,True,False,288.0,4.981644226772234,3.058782348171087,,True,
1097,True,45.0,3.2249673424531067,3.102786855393788,2.4750000000015886,2.068257591548983,True,False,288.0,5.427518498441295,4.514380353352785,,True,
1098,True,46.0,2.131845670433751,1.824400131648872,2.736000000004922,2.121003159002834,True,True,5000.0,3.720459092187886,4.986957192423263,,True,
1099,True,46.0,2.4048333805531508,2.0657244120011455,2.448000000000171,1.9798915939515476,True,True,5000.0,3.763817811562168,4.9242035489068705,,True,
1100,True,46.0,2.3772033230508276,2.2157312024428393,2.4107678784463773,1.9603532831099604,True,True,5000.0,3.02318175375611,4.358039466675142,,True,
1101,True,46.0,2.1675801425032017,2.2181401626912702,2.2635668094408863,1.9708865454916475,True,True,5000.0,3.2447189197922452,2.91199601338054,,True,
1105,True,35.0,1.1235221613089494,0.2859804818799603,2.1600000000086013,2.1732004946852004,True,False,144.0,2.578812864621053,1.7619768208025937,,True,
1106,True,45.0,1.8957521851830161,2.0544938456296222,2.16000000000606,1.945591186709068,True,False,48.0,3.465654840789959,3.1040962957483904,,True,
1107,True,45.0,2.8825284079723947,3.380685981210263,2.448000000008648,1.9721323302963216,True,False,48.0,2.9645057180149155,3.4880047828502554,,True,
1108,True,33.0,1.7901635788874355,0.7305016045356751,2.475000000003557,2.289116699275072,True,False,8.0,2.599887905015269,4.682026979369733,,True,
1109,True,33.0,1.9239363438444932,1.2210762635622814,2.9562703298370145,2.382001980897581,True,False,8.0,2.5871709587885943,4.635065096352807,,True,
1110,True,38.0,1.0346826903036346,0.48803685281745857,2.7360000000077798,2.1469147640276733,True,False,72.0,3.1819639139118845,2.096960140724415,,True,
1111,True,45.0,1.387432940215091,0.8305078590710764,2.180726185976091,2.1716906512899112,True,False,192.0,3.482649982875666,3.2004226024756317,,True,
1112,True,45.0,1.5332077765134713,0.6091498419991694,2.4480000000026143,2.056175573461566,True,False,192.0,3.7504244694295763,2.916634538863839,,True,
1113,True,32.0,1.3970052458974709,0.4753483696949843,2.584497528914216,1.9910838725679036,True,False,72.0,3.259658928421525,3.0981433424318823,,True,
1114,True,41.0,0.7495159925378836,0.7988787666072312,2.610000000006864,2.1191306974559168,True,False,288.0,0.9966766943500353,1.143181063685142,,True,
1115,True,41.0,1.737817810090623,0.8795869255300204,2.613953799193294,2.1572014719538832,True,False,288.0,3.2462289341643475,4.454627730056221,,True,
1116,True,46.0,1.7452175762919324,1.3225047174637439,2.6100000000097525,2.3518985552527556,True,True,5000.0,3.443215864703281,3.4531049110481016,,True,
1117,True,46.0,1.5032421190254486,1.7778510806929262,2.486442111659284,2.4175933380740444,True,True,5000.0,2.4273477116679087,2.9423257456204683,,True,
1118,True,42.0,1.625927725610622,1.6958369216772553,2.448000000006935,1.8943250638156062,True,False,576.0,3.152538210736793,1.6465215625415903,,True,
1119,True,37.0,0.9876885333289317,0.815516201146238,2.970000000007329,2.1678620005433924,True,False,64.0,1.5693193464291526,3.1465490540696024,,True,
1120,True,37.0,0.9450655032448043,0.5573199665304855,2.8473495294909483,2.1627725262033453,True,False,64.0,1.0243735264911595,2.9951492129545896,,True,
1121,True,45.0,1.715900346931471,0.6660332866267709,2.160000000007474,2.2804421350694253,True,False,48.0,3.0103662385788716,4.637319064830886,,True,
1122,True,45.0,0.4945692578698302,0.5483226495343843,2.448000000008847,2.3466982652441706,True,False,48.0,1.086342182854231,0.7359675609675544,,True,
1123,True,46.0,0.6308336902444402,0.9595059643506829,2.2312000107816234,1.9713905836743768,True,False,96.0,0.48959398691503336,0.6106750800427266,,True,
1124,True,46.0,0.7634938630448177,1.0120032235281542,2.4172469914728127,2.019947940591539,True,False,96.0,0.7060137829945259,1.1516299252268514,,True,
1125,True,28.0,0.8205334863337571,0.4041002951198607,2.464296150261332,2.3217061589701653,True,False,36.0,3.1778396196689123,0.8303299171843483,,True,
1126,True,28.0,0.8824520577529495,0.570774776620965,2.704499837902947,2.2470698187639835,True,False,36.0,3.1262266656170907,1.2791128106490122,,True,
1127,True,31.0,0.5590021025354558,0.31787443809662363,2.4977092181964378,2.4578287785157045,True,False,72.0,1.3166305792784017,0.4065874228531009,,True,
1128,True,31.0,0.9686807109770734,1.0949384455780091,2.4030000000061467,2.4896542866430273,True,False,72.0,1.3373208693688718,0.41621399454564567,,True,
1129,True,42.0,1.4504847762559911,0.8324881995031319,2.5627178317478023,2.4817811254621147,True,False,216.0,3.342294723467432,2.892631017405623,,True,
1130,True,42.0,1.5234911156231399,1.0238149016695388,2.4467715049902625,2.403965342054664,True,False,216.0,3.1572216028573172,2.9221167695781536,,True,
1131,True,44.0,4.287101132686146,4.238484111345315,2.448000000009395,2.3367406152373866,True,True,5000.0,3.897440068199786,4.986205988467054,,True,
1132,True,44.0,2.1188801865095646,1.6193162133567967,2.1600000000012765,2.174670854106432,True,True,5000.0,3.388904086605483,2.9867138996489264,,True,
1135,True,48.0,1.073672742936921,0.6013598533536424,2.266990871473275,2.0968085570933748,True,False,144.0,1.3944208323120455,2.3003795197299866,,True,
1136,True,48.0,1.2464150459162129,1.2550530362677819,2.463010795679142,1.992701051989485,True,False,144.0,2.9647767367433167,1.2428954157977246,,True,
1137,True,52.0,1.4371376017308926,1.1805289349249506,2.610000000002351,2.3675060365498544,True,False,2304.0,3.6605256449205523,2.987948706256544,,True,
1138,True,52.0,2.9235319928647203,2.581122739462444,2.4750000000067436,2.158017510262602,True,False,2304.0,5.499954910222862,3.5978591972553655,,True,
1139,True,40.0,1.8837583775530695,2.120504142025311,2.557169930311259,2.3104213431753093,True,False,8.0,3.0527572190910863,2.6356578303745,,True,
1140,True,40.0,1.3773880040936126,1.7604941516729014,2.6100000000017425,2.330966162045258,True,False,8.0,3.045313449548827,2.2834314586191446,,True,
1141,True,40.0,1.4223474030380765,1.8241086836751492,2.7148114167451625,2.294693602618877,True,False,8.0,3.0555743367464054,2.3599079153204086,,True,
1142,True,40.0,1.3758813867424078,1.4343165622376546,2.1600000000017006,2.252495926411411,True,False,8.0,1.66302084930357,2.826660133712913,,True,
1143,True,41.0,1.8472195431233653,1.6305583896901226,2.4480000000045434,2.3879736280997745,True,False,432.0,2.8344190300975325,4.043976296809912,,True,
1144,True,41.0,0.4089716349551387,0.5498009533657751,2.867271371833639,2.3866614198289624,True,False,432.0,0.4296544556667841,0.6401865258460131,,True,
1145,True,42.0,1.758890959339654,1.7842507572859176,2.448000000006174,2.2038227904484518,True,False,144.0,3.1475136179960783,2.899538330742839,,True,
1146,True,49.0,1.269293511168659,0.9700959401379805,2.1600000000046227,2.2027625582890225,True,True,5000.0,3.0723033887422044,3.1227823119474722,,True,
1147,True,49.0,1.6411853189890262,1.5286482279661868,2.160000000004308,2.0740326810588114,True,True,5000.0,2.1976817827138335,4.120411808217221,,True,
1148,True,39.0,1.394665633182292,1.1800833708512073,2.44800000000424,2.2183939501134597,True,False,36.0,3.6281874614585905,2.6852426674225836,,True,
1149,True,39.0,1.964633068112002,1.4638173718558392,2.6550000000016847,2.2018372409876257,True,False,36.0,3.575001240938586,4.120241104215858,,True,
1150,True,33.0,0.5936484877517272,0.8472844185453141,3.195000000005516,2.3648509592784066,True,False,72.0,0.8428629633752174,0.27548006385780766,,True,
1151,True,45.0,1.8580671471875023,1.8910325503493368,2.1600000000022868,2.198290268981783,True,False,288.0,3.0815529679575677,2.962269730041174,,True,
1152,True,45.0,1.7018514307484955,0.684295340841345,2.5816307559751803,2.272793232918472,True,False,288.0,3.3132966188470747,4.510835112815034,,True,
1153,True,45.0,2.1233688054828908,1.2321600890027185,2.6100000000068917,1.9579760293476525,True,True,5000.0,3.748748316647033,3.087117883700815,,True,
1154,True,45.0,4.348992765926606,3.96443247930074,2.1600000000010193,2.0536655512278528,True,True,5000.0,4.287957552050125,5.743588405502803,,True,
1155,True,38.0,2.2575835755968248,2.8826323032481014,2.763000000005227,2.329962187869151,True,False,12.0,3.68320608637116,2.1215774202743627,,True,
1156,True,38.0,1.5275943974678388,0.9454840297585179,2.7180000000004787,2.450610034828063,True,False,12.0,2.195758366650965,2.968288955971677,,True,
1158,True,38.0,0.28825468515651775,0.3542586306684825,2.8562634185583122,2.3762798284082622,True,False,12.0,0.2882148141454999,0.42651282405747404,,True,
1160,True,37.0,0.7303373272734319,0.376321014995483,2.4995193474233006,2.3000417220128853,True,False,48.0,1.3458533307000893,2.114991114364933,,True,
1161,True,48.0,1.3137105404969402,1.4133306237927172,2.448000000006724,2.075720946225672,True,False,576.0,1.1347943160317329,2.410430156023051,,True,
1162,True,48.0,1.6144359008591653,1.7700113177088497,2.590316553395443,1.9877983536566277,True,False,576.0,1.949674608099607,2.5190761927931344,,True,
1163,True,47.0,1.7195645024624024,0.9689162965478317,2.448000000000917,2.311162426529126,True,False,288.0,3.088239492048002,4.533187711125398,,True,
1164,True,47.0,1.9096307647047934,1.4151662202821171,2.448000000005583,1.9814231725201963,True,False,288.0,3.34187222997426,4.509478177658874,,True,
1165,True,47.0,0.632967647061492,0.8255625296296785,2.311166261630054,1.983761142930267,True,False,96.0,0.6171966078850697,0.9158456696654186,,True,
1166,True,47.0,1.50774149515598,0.9546387721238716,2.610000000001942,2.0495457916572635,True,False,96.0,2.3204547057358806,3.7939598577018776,,True,
1167,True,48.0,4.438229471229214,4.230029290494713,2.448000000003313,2.2934005887764135,True,True,5000.0,4.841152680734731,6.3636941157913745,,True,
1168,True,48.0,2.472720689925077,1.9397587250423385,2.595990627401602,2.321132024594896,True,True,5000.0,2.742819639514616,3.482173638903875,,True,
1169,True,44.0,2.0299902209484015,1.832372517153999,2.4480000000043867,2.1733838569843114,True,False,216.0,5.614469143831902,4.143326959392585,,True,
1170,True,44.0,2.015028659011853,1.5156629383563995,2.448000000009227,1.9739321488085655,True,False,216.0,3.3406468320954166,4.083974814605446,,True,
1171,True,41.0,0.780508558891196,0.8985442541161319,2.160000000003851,1.951188996560815,True,False,16.0,0.4571383312254781,0.523392875020244,,True,
1172,True,41.0,2.498173414013858,2.2920174154423876,2.745000000003968,2.043261662000244,True,False,16.0,3.087916613910366,4.549440019506341,,True,
1173,True,44.0,0.6962518860453583,0.6270148216353846,2.497071421630478,2.1433564687657536,True,False,432.0,1.4844765922395562,2.3075506450276673,,True,
1174,True,44.0,1.1269640537682717,1.1364490713458508,2.1600000000097697,2.1257055883870652,True,False,432.0,2.792815237605545,1.5703972435707105,,True,
1175,True,44.0,0.7028660610478862,0.8069741133986099,2.6100000000024695,2.158985558775232,True,False,432.0,0.680350941997548,0.9935202758157887,,True,
1176,True,44.0,1.2113167650063117,1.1886396026347938,2.4469986115244478,1.9988960980251074,True,False,432.0,3.0361644785482778,2.0032347014888003,,True,
1177,True,46.0,1.1761241308889658,1.0564169031458732,2.1600000000031114,2.2691658856284613,True,True,5000.0,2.461795111216776,3.2587254902894003,,True,
1178,True,46.0,0.5730623939446599,0.5883134926189086,2.166968011468041,2.168027504807077,True,True,5000.0,0.9113689101575257,0.9459370894469353,,True,
1179,True,36.0,1.4150938605346337,1.811409601570631,2.898000000005194,2.1072944350042784,True,False,72.0,2.055454271584164,1.599930312363627,,True,
1181,True,44.0,2.1107038068467796,1.3608168128885154,2.480508812936629,1.8205473192422108,True,False,72.0,2.7065773079163686,4.64611684840945,,True,
1182,True,44.0,2.3758552147954624,2.030060253538977,2.745000000006766,1.8207003163892734,True,False,72.0,2.738875109764559,4.669661056621119,,True,
1183,True,49.0,1.8355486258511131,1.4410906883495045,2.610000000006064,2.1713735990381755,True,False,288.0,2.6590518216538026,4.49131243537167,,True,
1184,True,49.0,1.855469645084428,1.5603038857370848,2.592468790149899,1.8444178247078398,True,False,288.0,3.279001795875401,3.8824106113677463,,True,
1185,True,47.0,1.653378143124875,1.4476748988818144,2.8429824480341708,1.956219922810316,True,False,72.0,2.504107227137489,4.462176267400205,,True,
1186,True,47.0,1.5757351472558532,1.2189029414003016,2.691000000008028,1.943283253182613,True,False,72.0,2.5604723974741033,4.597818001055555,,True,
1187,True,43.0,1.1689196880896093,0.5485458240909793,2.565915962890659,2.2168868188069504,True,False,72.0,2.7115172438529864,3.610976340406681,,True,
1188,True,43.0,1.2445044029160852,0.9660640810579935,2.5130148186924783,2.249396087330997,True,False,72.0,2.865491693648618,3.417534902330888,,True,
1189,True,43.0,1.4307787776724759,1.0792118417339225,2.414119702758029,2.2337300736212513,True,False,72.0,2.8753720248857073,3.370827461007264,,True,
1190,True,43.0,1.6852475969017136,1.504977048636647,2.368016402187363,2.2436992526851722,True,False,72.0,3.3337892940298186,3.7379481173571247,,True,
1191,True,39.0,2.116213438908103,1.3061932398268254,2.5779858556330817,2.359859531688274,True,False,216.0,5.986558939603289,3.219097049151225,,True,
1192,True,39.0,1.6381764775120407,1.2431683634822548,2.610000000004355,2.315466302194873,True,False,216.0,3.427335080518932,2.9593980678095213,,True,
1193,True,39.0,2.4285828169061845,2.1756829950318206,2.1600000000106716,2.2810701845186614,True,False,216.0,6.287995463487298,3.1824720492392427,,True,
1194,True,39.0,1.93993767171842,1.176641521640704,2.5560723741765132,1.9074522738197148,True,False,216.0,5.963249340288168,2.9307702777452462,,True,
1195,True,46.0,1.5438779433517456,0.801668791758857,2.3317577533453346,2.0807086533438555,True,False,1296.0,4.284463809682843,4.684256405744685,,True,
1196,True,48.0,1.9024944489723323,1.8707697326935886,2.448000000003785,2.153628687517883,True,False,2592.0,3.0552116259014572,3.357804417311807,,True,
1197,True,43.0,1.3143185639947528,0.7220568583943532,2.1600000000037984,2.0207892843391666,True,False,432.0,2.2167542197298356,2.083033254569575,,True,
1198,True,37.0,1.70047579518628,1.1222453139343997,2.610000000002361,2.309552360891608,True,False,12.0,3.182624362981365,3.4057060944405464,,True,
1199,True,37.0,1.1641591426221,1.2081943229495664,3.132478713436058,2.316814021431155,True,False,12.0,3.205908934651789,3.0767362322112457,,True,
1200,True,37.0,0.9692274916686694,0.29429636995701003,2.7146970742630177,2.3594385173172028,True,False,12.0,3.216162091773053,3.2532180074342043,,True,
1201,True,37.0,1.6982614898419859,1.7853232579764153,2.4480000000009148,2.3383968285558376,True,False,12.0,3.5160804164843578,3.092077417345179,,True,
1202,True,50.0,0.8581540126503788,0.370321629132377,2.610000000004505,2.2186521563102226,True,False,576.0,1.3083925900542388,2.2392798359911485,,True,
1203,True,49.0,1.2280596297142965,0.9666501801584673,2.4480000000038284,2.2713803986562886,True,False,72.0,3.1125141220653028,2.1673974318395066,,True,
1204,True,49.0,0.6771975138854972,0.5451986101688817,2.5335837131144143,2.2395824644339397,True,False,72.0,0.9277429769786346,1.6303195420912202,,True,
1205,True,48.0,0.9187888131468291,0.687935163401562,2.490237947031018,2.360979459419332,True,False,12.0,1.0778284520253945,3.140157196127386,,True,
1206,True,48.0,0.8517014531520822,0.6557125125764287,2.473472391785388,2.3563856329132546,True,False,12.0,1.1235137092660903,3.183114011870269,,True,
1207,True,48.0,1.4278614466225203,0.988239989761496,2.5726682565273027,2.33938984062084,True,False,12.0,3.055460855712903,3.1780052726447616,,True,
1208,True,48.0,0.9886396987448574,0.778435602067475,2.4419138748344147,2.2657903116572813,True,False,12.0,1.1295651794955186,3.1677696705351455,,True,
1209,True,37.0,1.0393919403391834,0.6248213097169355,2.1600000000041075,2.4994415578284683,True,False,432.0,3.021976453698018,1.8061367268925708,,True,
1210,True,37.0,1.2267655014136765,1.0850077488103125,2.5258863594762855,2.4935041669305464,True,False,432.0,3.0535078637728597,2.6396413835707477,,True,
1211,True,37.0,0.9162448480122022,0.40436476915783715,2.7947624171866092,2.5387946706458955,True,False,432.0,2.9907775527140954,2.1466955288783263,,True,
1212,True,37.0,0.7944985611846433,1.1722206777631072,2.9700000000029396,2.4384247024872434,True,False,432.0,1.1206965010823116,0.7914178799518088,,True,
1213,True,49.0,1.1237413914641734,1.0246755029911583,2.160000000001232,2.1862275965004194,True,False,144.0,3.2395760492404913,2.7576956088870563,,True,
1214,True,49.0,1.2093752278436023,1.0920449376026227,2.160000000008221,2.1175102263271364,True,False,144.0,3.3254471148023748,2.6796449786833856,,True,
1215,True,49.0,1.2579233892965365,1.330890252138488,2.338035157390754,2.221184970010377,True,False,144.0,2.912587245867934,2.5229340390035433,,True,
1216,True,49.0,1.9114917794337667,1.219817455701559,2.4055761116129517,2.0582232267905245,True,False,144.0,3.147314823797681,4.189504244591255,,True,
1217,True,55.0,2.1754723248392165,1.6345904986992537,2.160000000001171,2.004168814471476,True,True,5000.0,3.932000103415371,4.062495709693002,,True,
1218,True,55.0,2.426567262205767,1.729161663177365,2.1619718749892947,1.892891951327386,True,True,5000.0,4.2096308572661485,5.246562472627405,,True,
1219,True,48.0,1.6530281688502346,1.4009988437355787,2.1600000000040427,2.333467468189775,True,False,2592.0,2.984446475816943,3.6067888852800447,,True,
1220,True,48.0,1.7295662603624218,0.7160611093167972,2.1600000000048025,2.1639337184165317,True,False,2592.0,3.304815957359355,4.116323573509981,,True,
1221,True,48.0,2.1272134426186113,2.3881262193426664,2.1600000000029933,1.8593753042890508,True,False,72.0,2.6783524424421388,4.435134091941355,,True,
1222,True,48.0,2.2107985107144295,1.7365357455855701,2.1600000000011983,1.886513926664736,True,False,72.0,2.8706600322290865,4.540234003203344,,True,
1223,True,45.0,1.3174428938291078,0.885983293857862,2.4750000000067844,2.2803793832167485,True,False,216.0,1.2504737496693752,3.002065194128127,,True,
1224,True,45.0,1.9372492122142544,1.6068526913695678,2.768693987808435,2.385329534173423,True,False,216.0,4.158419822280894,3.2814520413480626,,True,
1225,True,33.0,1.1010836582282344,1.0076528385943675,2.745000000004906,2.1615026244258875,True,False,36.0,1.7406546752973011,1.858389053958135,,True,
1227,True,50.0,2.6823607383797636,1.7527460908131616,2.5463207696116528,2.3633110139378606,True,True,5000.0,3.5359263714135203,5.320766166753728,,True,
1228,True,40.0,1.267960886915938,0.5296906017756555,2.341493173889344,2.314820196840351,True,False,72.0,3.9838792636298535,3.020631871654458,,True,
1229,True,40.0,1.0652039854962627,0.2435983040741121,2.547182635286095,2.3387827736239206,True,False,72.0,1.8651720405793626,3.4149301578123255,,True,
1230,True,53.0,0.8764201507549026,0.42940570237260545,2.406240091450769,2.3032580706468826,True,True,5000.0,3.4659754425342895,2.511387801624242,,True,
1231,True,53.0,1.615581244218253,1.405758118336962,2.160000000005833,2.2201043531780207,True,True,5000.0,3.4689574832743286,3.102966406672243,,True,
1232,True,39.0,1.8701668360657315,0.8505390628051828,2.474409487215476,2.3386261881925465,True,False,432.0,6.602900748575332,4.503264088437989,,True,
1233,True,39.0,2.181910296253411,1.4820931902468146,2.658686944987676,1.905507605573906,True,False,432.0,4.063926117011528,4.510434204649267,,True,
1234,True,46.0,2.2786788131112625,2.58024112422936,2.4750000000087153,2.230023777339605,True,False,72.0,5.458463130558541,2.877749240464148,,True,
1235,True,46.0,2.607774660785842,2.2482714179641334,2.655000000003854,2.309598491621433,True,False,72.0,5.475303782389741,4.627974964269092,,True,
1236,True,49.0,1.7822165575340996,1.4696589735649468,2.1600000000069812,1.9037442731890228,True,True,5000.0,2.8546524377064153,3.1371416683337574,,True,
1237,True,49.0,1.8693876402518306,1.2160475784730806,2.925000000002424,2.177974935806195,True,True,5000.0,1.8429168238169142,3.945760581945778,,True,
1238,True,39.0,1.2744751284472347,0.870534872457938,2.610000000005251,2.356212546376069,True,False,72.0,2.889019621295022,2.402451067214031,,True,
1239,True,39.0,0.46060325281666675,0.7722594729712,3.080694476572347,2.3033625432614815,True,False,72.0,0.9370099868313034,0.5487084898360174,,True,
1240,True,45.0,1.539228759069468,0.9380498668942892,2.689969294198576,2.0103937515322716,True,False,144.0,2.5226655509006877,4.579260981252731,,True,
1241,True,45.0,0.8576852385657626,0.765167816880421,2.365383515499185,2.1464846409420213,True,False,144.0,1.087541300638613,2.5336566963647726,,True,
1242,True,45.0,1.4370446791733695,1.2408536372167873,2.160000000004644,1.8958555474771805,True,False,432.0,3.1700855372639256,2.933154387178029,,True,
1243,True,44.0,1.7518364818722767,1.5245636654872214,2.4750000000090417,1.9192162416986782,True,False,288.0,2.8975214616964022,4.455859921227807,,True,
1244,True,44.0,1.1617190049474608,1.260615486833558,2.622609018835211,2.0052502636329463,True,False,288.0,1.6325654647228087,2.1969860585056935,,True,
1245,True,41.0,1.4144547865618287,1.2521832466009073,2.763000000001857,2.3129205883687405,True,False,1152.0,1.901375290675472,3.282834191745074,,True,
1246,True,41.0,1.1749485663979526,0.6822730624298856,2.6100000000081622,2.3737345155893066,True,False,1152.0,3.9147241744259618,2.005522358293654,,True,
1247,True,41.0,1.8400785857043178,1.676156305384211,2.4480000000069357,2.0535332868010685,True,False,192.0,1.4448214512022233,3.1467195886617576,,True,
1248,True,41.0,1.4196412292083842,0.65210892572577,2.8966817202989974,2.0772034491113285,True,False,192.0,3.179004934598211,3.057652640349924,,True,
1249,True,53.0,1.8813967883408464,1.9378591675267671,2.5899972211773785,1.8883837352349757,True,True,5000.0,2.5648225877017663,3.5277596752494498,,True,
1250,True,53.0,1.7098188279540805,1.698955728312285,2.205245152013865,2.0683947636996183,True,True,5000.0,2.9759780098852517,3.3893206707620536,,True,
1251,True,41.0,1.4714161284500789,0.6854326304346614,2.4750000000070447,2.7387429553355314,True,False,128.0,2.2356459299393623,4.219324589106269,,True,
1252,True,44.0,0.7925600844632158,0.6108187519348576,2.7127715809181416,2.2439291808120863,True,False,432.0,2.961300433156587,1.3418071924549655,,True,
1254,True,41.0,1.1775236534433264,0.6669440297046094,2.529786281890275,2.1481350941921695,True,False,48.0,3.3413110723566173,1.740818991788654,,True,
1256,True,42.0,1.2630901174052938,0.5405951153989008,2.9700000000036986,2.373730848664187,True,False,192.0,3.496192969796918,3.0161148617923494,,True,
1257,True,52.0,1.236693517790445,1.6977762876122142,2.160000000003775,2.106238387908643,True,False,2592.0,1.2609589422882792,1.7162876543156056,,True,
1258,True,47.0,1.5504131500192004,0.8888829515417456,2.4660456803818924,2.085842263163732,True,False,432.0,2.4305017598547245,4.566110123511885,,True,
1259,True,47.0,1.5846124546570897,1.5318165261160175,2.448000000002801,1.9260708307069083,True,False,432.0,3.566795371005071,2.920197377024897,,True,
1260,True,44.0,1.0579597736295039,0.7636091632957687,2.1600000000046364,1.9506769315804193,True,False,2592.0,2.823733245669875,3.0075131831156754,,True,
1261,True,44.0,1.8430416531852085,1.9620883699863043,2.553589983155105,2.2246755409946863,True,False,2592.0,2.925134150500987,4.19878977732704,,True,
1262,True,48.0,1.7607178314136223,0.5311415654105076,2.5721966608812554,2.253245267253434,True,False,1296.0,3.683873501964844,4.639361819071964,,True,
1263,True,48.0,1.4939197920268081,0.32079043493649806,2.160000000006024,1.8094141315353982,True,False,1296.0,2.0582695479121895,3.6997398647536683,,True,
1264,True,41.0,2.608452171679035,2.5723229396680836,2.8980000000014314,2.2144258563112924,True,False,2592.0,3.0217319307301356,3.2478693883853724,,True,
1265,True,48.0,1.9921928047013002,2.0470081542953267,2.1600000000021784,2.0979410278175123,True,False,216.0,4.540327583114543,3.4674803959165152,,True,
1266,True,48.0,1.9361641044951619,1.9867219161860703,2.160000000001135,2.0068185102295626,True,False,216.0,4.076346797044727,2.5104269529041616,,True,
1267,True,42.0,1.6804643552552032,0.2176329255089513,2.6100000000056136,2.281345173839329,True,False,216.0,6.419188065332637,2.6613112686065463,,True,
1268,True,42.0,2.08275514470585,2.016832979672472,2.7630000000095696,2.197247510454842,True,False,216.0,5.887543491613511,2.6339234360512545,,True,
1269,True,35.0,1.1106181879596284,0.850047404954239,2.475000000007338,2.2158592552100416,True,False,36.0,3.2772222033909166,1.6578766456148013,,True,
1271,True,35.0,1.8155744011530723,1.8439764494105475,2.475000000004779,2.398381302191126,True,False,36.0,2.3181810003193775,2.6333208758045807,,True,
1272,True,35.0,1.822015832102127,2.124359861129051,2.736000000001175,2.4166724436091873,True,False,36.0,3.0806926498798255,2.446754348536095,,True,
1273,True,48.0,0.7274952213736172,0.83813634971375,2.610000000004129,2.4279233188261937,True,False,72.0,0.4830282748089122,1.380258533100234,,True,
1274,True,48.0,2.4473414838509044,2.3746952015681018,2.403000000001802,2.2342676700431396,True,False,72.0,3.2583563617603364,4.534616938923468,,True,
1275,True,43.0,0.5681686864983794,0.6770412881269294,2.1600000000025683,2.010159981145779,True,False,216.0,0.9622192372005095,0.7016604995824036,,True,
1276,True,43.0,1.3008470526718738,0.5042804523509403,2.693929663058871,2.104362110569377,True,False,216.0,3.0394418473810165,3.199710434970865,,True,
1277,True,43.0,1.69514092374128,1.1978017914589145,2.610000000007883,2.0544038785740257,True,False,216.0,3.0830634659310223,4.275776607522358,,True,
1278,True,43.0,1.2514814108309655,0.9611600820171589,2.160000000008341,2.115919546910988,True,False,216.0,2.788904092781664,3.296530430375638,,True,
1279,True,44.0,2.1807711950412196,1.6644300777988974,2.1600000000006743,2.0627767520020193,True,False,864.0,2.6753725114461098,3.9652145083500394,,True,
1280,True,44.0,2.31879175438893,2.789238932382432,2.7430305287854,1.9963801621434731,True,False,864.0,2.5992085409809893,2.034320496219684,,True,
1281,True,46.0,1.838512339480342,1.0527497495240823,2.493171761895356,2.310302997119642,True,False,72.0,3.480856026749891,4.608483023504787,,True,
1282,True,46.0,0.8715277396683206,0.6180205555101566,2.1600000000069612,2.1203990357713334,True,False,72.0,3.0039331250867316,2.663079451610741,,True,
1283,True,45.0,2.3344356696576574,1.2803961850477208,2.1600000000009483,2.2921598033732287,True,False,1296.0,3.5165936991318376,4.991141836708183,,True,
1285,True,45.0,2.51671284042536,2.389308444711787,2.610000000008115,2.4004995148093657,True,False,1296.0,3.58382203634379,5.163857773596014,,True,
1287,True,39.0,1.5118783771921953,0.5413652213828755,2.619432552720289,2.251404311402108,True,False,72.0,3.760710379342024,3.118452028779356,,True,
1288,True,39.0,1.4633088326775776,0.6663872620592883,2.859518297077907,2.1392427200296837,True,False,72.0,3.867798636354864,3.4484546099263977,,True,
1289,True,51.0,1.7523088682863357,1.8794304036782705,2.160000000006048,2.068134775202042,True,False,576.0,3.750991104608122,2.8671140367323042,,True,
1290,True,46.0,0.866557280118169,0.18666047969963984,2.3918390119024875,2.018048113648433,True,False,2592.0,2.8488183880308133,2.2427938686169857,,True,
1291,True,46.0,2.0100048717574364,2.6168707974684366,2.4480000000003312,2.281489044045577,True,False,2592.0,3.3854505530872068,2.0600148197141563,,True,
1292,True,38.0,1.8376810886351678,1.5844525849825004,2.7450000000036217,2.367415121751992,True,False,36.0,3.1422410038270217,3.4386713456240554,,True,
1293,True,38.0,1.194366035857643,0.658577944352146,2.502266442247368,2.375950795134445,True,False,36.0,2.905050232203845,3.3264228317737525,,True,
1294,True,38.0,1.8751012861779996,1.6469816851677024,3.06000000000601,2.3658047829227162,True,False,36.0,3.207487585524881,3.439889319887552,,True,
1295,True,38.0,1.6383127301989053,1.267222045789822,2.160000000008396,2.3688981619943057,True,False,36.0,3.1705861661103336,3.3069858933536067,,True,
1296,True,49.0,0.6426904097859134,0.7903589022862434,2.44800000000103,2.3281979429807937,True,False,48.0,0.5161466267853401,0.42514357467987207,,True,
1297,True,49.0,2.7138255171441514,2.586202494254394,2.47500000000652,2.1998634475121404,True,False,48.0,5.980257147327799,4.610223672481005,,True,
1298,True,44.0,1.550301691239403,1.4345407889086346,2.665740690572949,2.02628117972309,True,False,216.0,3.054983504348319,2.617297743206936,,True,
1299,True,44.0,1.1587474355416365,0.5601805117112235,2.160000000003987,2.0262800455514536,True,False,216.0,2.849378523325287,3.277073876474556,,True,
1300,True,44.0,1.195762306493457,0.47967186223104363,2.6100000000037817,2.140698924043267,True,False,216.0,3.201200302011611,2.9252883005429697,,True,
1301,True,44.0,1.5906908092632082,0.3831383892938902,2.1600000000042954,2.083536715347248,True,False,216.0,3.229292171905634,3.498203074908033,,True,
1302,True,48.0,2.100507479935903,2.167651677631511,2.160000000001046,2.1943011816065723,True,False,72.0,2.77354654275167,3.4707237893116796,,True,
1303,True,48.0,1.490662195201333,0.9285930075602664,2.3670503472946725,2.5104522248790153,True,False,72.0,2.3243739021565633,3.975639090519067,,True,
1305,True,48.0,1.7858191201483549,1.0154692714786506,2.6001907406375793,2.200365827856814,True,False,72.0,2.822273512163824,4.007030180570201,,True,
1306,True,52.0,2.208945786795988,0.9641006570091122,2.4566580193446277,2.0447184241357053,True,True,5000.0,3.9377413898032563,5.357193032739016,,True,
1308,True,43.0,0.6282464889948758,0.745683025168546,2.448000000007589,2.2028515970668567,True,False,24.0,0.8872021522196275,0.540197465200855,,True,
1309,True,43.0,1.5570462143744872,1.6660725455149077,2.3820295216532945,2.246493918865573,True,False,24.0,2.5182668592573316,1.941239871979353,,True,
1311,True,43.0,1.4153710385379357,1.3691814302510465,2.6100000000050203,2.195819378455341,True,False,24.0,2.7661061697825176,2.988820741299603,,True,
1312,True,45.0,1.7289273801947724,0.8264959562002332,2.1600000000032815,2.11390807626538,True,False,2592.0,3.426488552376678,3.1308913304735615,,True,
1313,True,45.0,1.9193029821160272,1.4533240673190448,2.2110339962463064,2.275593294022462,True,False,2592.0,2.9816185050480315,3.4787388083268174,,True,
1314,True,45.0,1.821670525624969,1.6852313586496166,2.8980000000068338,2.1484141431763106,True,False,72.0,2.92455450073009,3.024655478967086,,True,
1315,True,45.0,1.471153429805719,1.3716471407315112,2.7360000000015727,2.3488122337258037,True,False,72.0,3.9081687537621033,2.1615148151687356,,True,
1316,True,41.0,0.6556455896028127,0.8415283435606398,2.610000000006549,2.2510583278316,True,False,216.0,0.5197274672384742,0.4795460694062225,,True,
1317,True,41.0,2.1174197623454014,1.393283548324689,2.1600000000070843,2.1222711049486587,True,False,216.0,3.5036274532302563,3.9650905827660847,,True,
1320,True,43.0,0.3750856929854982,0.39004572343765176,2.9250000000083167,1.9357836687243746,True,False,192.0,0.4203989019116788,0.8473424716040231,,True,
1321,True,43.0,1.536062494226227,1.0069115356673137,2.326632992522451,2.0283407232020956,True,False,192.0,3.297140901494311,3.9019064357349986,,True,
1322,True,43.0,0.46752648487165666,0.4077628168561205,2.3769816581287326,2.3271938152418676,True,False,72.0,0.7934258771224427,1.0057902733033752,,True,
1323,True,44.0,1.8028135246978083,1.0380649653416185,2.5747928346250957,2.222271414679134,True,False,48.0,3.495994911805642,4.484156909554398,,True,
1324,True,44.0,1.2905035012754713,0.5091414918897499,2.2263096259275277,2.212979035824786,True,False,48.0,3.4340268052739122,2.774397621043267,,True,
1325,True,41.0,1.440471752813505,1.2293079604314698,2.7261112987507796,2.1945385625456666,True,False,72.0,1.6506701245233937,2.3573429275425766,,True,
1326,True,45.0,1.4544114003301545,0.8403037192947522,2.160000000004254,2.173504717340176,True,True,5000.0,2.552858379106824,3.5528748188226533,,True,
1327,True,45.0,1.949077926585543,1.3279987450150657,2.3169077785078134,2.357055543405798,True,True,5000.0,3.000930016902781,3.886980993708311,,True,
1328,True,38.0,0.46846243903914936,0.4937080853051157,2.5372327417058878,2.3087766931429297,True,False,432.0,0.7873389970376812,0.4575362573115063,,True,
1329,True,38.0,1.0741881830342552,0.45067008767364314,2.4480000000026876,2.291744752672077,True,False,432.0,2.8317218858003357,3.2822558412418363,,True,
1330,True,38.0,1.0655561089511294,0.43415991842994117,2.448000000000077,2.2929882215353836,True,False,432.0,2.844623557594267,3.253088863740959,,True,
1331,True,38.0,1.5491159607496536,0.7204722842761839,2.5436122805060366,2.209812505598608,True,False,432.0,2.954244480850708,3.225908453473124,,True,
1332,True,51.0,1.9315017075194492,1.4489493103865243,2.1600000000076225,2.311886303216488,True,False,192.0,3.0960862763352264,4.266028931978594,,True,
1333,True,51.0,1.3916283209363682,0.7948424591922958,2.5179881839439044,2.2483220426131125,True,False,192.0,3.022355397909456,3.196944326546987,,True,
1334,True,46.0,1.2676387503225495,1.402248545378825,2.55853769687277,1.9526468251324918,True,False,288.0,3.611704218107298,1.2810340597409149,,True,
1335,True,46.0,1.5300346443878348,0.5581782471454062,2.367992799922724,2.2733871544899693,True,False,288.0,3.123533971692619,4.461142191996354,,True,
1336,True,45.0,0.9783667309403278,0.4164038318740495,2.160000000009797,2.005736470476618,True,False,216.0,3.2603407546982317,2.7581905820962542,,True,
1337,True,45.0,0.9875498074309605,0.6424280220271612,2.5068290200938184,2.162637387751354,True,False,216.0,3.2069619326198686,2.912073904513361,,True,
1339,True,45.0,1.0271370889437181,0.788698674277839,2.652711142310283,2.1033361641211803,True,False,216.0,3.325766911536179,2.6669478069645254,,True,
1341,True,43.0,1.13288528920376,1.1584256528694823,2.6910000000064094,1.9538668562878077,True,False,2304.0,2.157657208753377,0.9104626970263652,,True,
1342,True,43.0,1.4764822853612751,1.5647605031517742,2.7360000000096396,2.0784638425048434,True,False,2304.0,2.3308815862134153,2.2183140937667973,,True,
1343,True,42.0,1.1847582303981634,1.0655450312769972,2.4988144249543702,2.156826963550855,True,False,576.0,2.6697967302972683,1.2302142117104538,,True,
1345,True,50.0,2.0777337603869492,2.146051146035461,2.5891866849000884,2.02213030836294,True,False,1296.0,3.661117687583677,3.768968375377903,,True,
1346,True,50.0,1.6913228136388143,0.9948263330734335,2.3327574431109057,1.8613863055797957,True,False,1296.0,3.5051326869185857,4.5335914694443336,,True,
1347,True,48.0,1.7426225884575088,1.1701178725415957,2.160000000004904,2.100433774176182,True,True,5000.0,4.809998599056279,3.3873521462954788,,True,
1349,True,40.0,1.1018913971669446,0.31572280929322005,2.8799176390478367,2.415860445348613,True,False,128.0,1.4024139740879986,3.183320635720605,,True,
1352,True,42.0,1.2924040310972533,1.148871359488112,2.6253459672369557,2.3255810956833995,True,False,144.0,2.92785848940271,2.602953057687783,,True,
1353,True,42.0,1.2558236172034818,0.9837860460320371,2.1600000000061326,2.325772089479105,True,False,144.0,2.954094377790578,3.0464692076379407,,True,
1354,True,41.0,1.1792000228080814,0.2931032216147287,2.4306274679300692,1.9885420240216196,True,False,72.0,3.2748248740400525,2.9483044745291984,,True,
1355,True,47.0,1.8810619547795335,1.1083536454571004,2.448000000005873,2.6265321797952526,True,True,5000.0,4.737334578764122,3.5529093054367658,,True,
1357,True,40.0,1.6431454130720695,2.0950772045544,2.160000000002002,1.9993155507323,True,False,864.0,1.5688419043555761,3.0148463697157766,,True,
1358,True,40.0,1.3794884048121387,1.5928693718014983,2.1600000000022623,2.144738968732559,True,False,864.0,1.6713658217041887,2.4938685210783746,,True,
1359,True,45.0,1.259872491583526,0.4696666795825877,2.2403745750237625,2.1932433496764556,True,False,1152.0,1.3170599536392398,2.9077359710097386,,True,
1360,True,45.0,1.5560491217744359,1.5108234103827272,2.6910000000035086,2.166309885981228,True,False,1152.0,1.9203045421091849,2.3271030166576043,,True,
1361,True,40.0,1.1374350978116285,0.7441461808812164,2.4410285126848468,2.2303383176998057,True,False,216.0,2.9588505619804817,3.1070121838679667,,True,
1362,True,40.0,0.2789473016560466,0.36534676177689107,2.77080385566335,2.299393807267472,True,False,216.0,0.42559186307993446,0.26891444023436956,,True,
1363,True,40.0,1.3497135919729901,0.6637620974615857,2.40007273768451,2.0449066226358603,True,False,216.0,3.2503329652714674,3.060802888587671,,True,
1364,True,40.0,1.1918231451058874,0.9769261125002231,2.448000000005914,2.2946867364631713,True,False,216.0,2.9975293641914535,2.9349164373002377,,True,
1365,True,34.0,0.580395309730515,0.7406830958025239,2.853000000007794,2.343462832519432,True,False,36.0,0.8016122573159093,0.3471285936260401,,True,
1366,True,34.0,1.5646683062083375,0.7683150686607405,2.432105474655411,2.266996767708326,True,False,36.0,3.418157538421239,2.9879345448870214,,True,
1367,True,34.0,1.6411741691868809,1.2456222434520896,2.160000000006384,2.1598143388958224,True,False,36.0,3.4881797425724774,2.6981355508606373,,True,
1368,True,34.0,0.4071070712743391,0.4374008356317063,2.663704845494059,2.2869828639716565,True,False,36.0,0.6979137564594574,0.31982379769382435,,True,
1369,True,44.0,1.605632671898007,0.4426379408032517,2.584332054185096,2.2989042332815868,True,False,1152.0,3.0419489874095063,3.3718889225115554,,True,
1370,True,44.0,2.0616472185068973,1.7294279676461883,3.0857632483094686,2.0087277907670815,True,False,1152.0,3.482392426599741,3.396289684622107,,True,
1371,True,41.0,2.0044836265188666,2.0384110290833632,2.74500000000809,2.455948608521766,True,False,432.0,2.5463681443423223,3.652835538219424,,True,
1372,True,41.0,2.194084486373329,2.1205647237147787,3.0330000000022554,2.3780531746998426,True,False,432.0,3.4888203705933107,4.765065574044132,,True,
1373,True,41.0,1.296350323035568,1.8697348284404143,2.763000000001555,2.207509263581922,True,False,216.0,1.0737868536600879,0.7235369247353278,,True,
1374,True,41.0,2.053148257869366,1.977430123330123,2.718000000003484,2.29476474513184,True,False,216.0,4.692760090694598,2.851629748340386,,True,
1375,True,54.0,1.6422700512107786,2.355562157023087,2.1600000000037625,2.1042033541936958,True,False,768.0,1.8507495482709126,3.510400994053462,,True,
1376,True,50.0,1.9769698750158158,1.3960311010087025,2.6100000000027705,1.9160483137436801,True,True,5000.0,3.1461552834179716,4.832024058716141,,True,
1378,True,49.0,1.0215385919412137,1.0052388550320757,2.37619911896954,2.293420663441402,True,False,72.0,1.4594246933913684,1.7502575463227041,,True,
1379,True,49.0,2.0003236638918587,1.5121691339081735,2.5702563193376338,2.291325027249517,True,False,72.0,3.408606187263294,4.63919541514624,,True,
1381,True,44.0,1.4744990472780313,1.120591269358556,2.886747666947415,2.3181581158756193,True,False,432.0,3.8469281298237448,1.6470558900381977,,True,
1382,True,45.0,0.9483044943211331,1.35152570738137,2.6910000000000838,2.236026441905372,True,False,2592.0,1.7846516241062016,1.093724525994188,,True,
1383,True,45.0,2.251513220024912,2.3881238913018024,2.4030000000005853,2.340835644849933,True,False,2592.0,3.480691342265001,3.136051745367036,,True,
1384,True,45.0,1.59466513138647,1.3862718742639117,2.8352072032080864,2.2442940424552216,True,False,2592.0,2.4209984817743204,3.6147402112399165,,True,
1385,True,45.0,2.004753131940485,1.6442419484119455,2.160000000000804,2.3702294702623203,True,False,2592.0,3.4688926345547895,3.002627059113776,,True,
1386,True,45.0,3.477137734431327,3.1452460101754696,2.610000000002073,1.823924996182683,True,False,432.0,4.283343238298311,5.152621720856826,,True,
1388,True,39.0,1.851152242904471,1.1276048209547298,2.7630000000092054,2.411259101009263,True,False,144.0,2.9756949670154356,4.653779605842781,,True,
1389,True,39.0,0.7050515154780209,0.8857410308264662,2.790000000006129,2.45141521391216,True,False,144.0,0.9373379602906751,0.755601097126631,,True,
1390,True,49.0,2.0970037718071057,1.8396326500442228,2.925000000001099,2.1997786779128488,True,False,16.0,3.5890235063167095,4.607105719136847,,True,
1391,True,49.0,0.449809539638702,0.36669848446399556,2.1600000000023454,2.206628450306032,True,False,16.0,1.1714597255945174,1.0408295296652912,,True,
1392,True,51.0,2.3350837659047787,2.000860741165525,2.160000000003411,1.9378038409756544,True,False,1296.0,3.567681088492814,3.5656873979606862,,True,
1393,True,51.0,2.278209935216548,1.8081373001550674,2.1600000000035933,1.9520428826488418,True,False,1296.0,4.3277514742316106,5.118558847235147,,True,
1396,True,41.0,1.809185335848127,1.8934423880018585,3.057653235428036,2.090247969069699,True,False,12.0,2.7667560599823084,3.62390294313696,,True,
1397,True,41.0,0.6929325381194924,0.8030638986965641,2.160000000008044,1.8571891770630153,True,False,12.0,0.518752307217594,1.0650837123230406,,True,
1398,True,51.0,1.2615053466643407,1.0501900973576994,2.380420722729434,2.1887366082057476,True,False,2592.0,1.7384192328212789,2.912320670827558,,True,
1399,True,51.0,1.6432051721101608,2.0574325948291516,2.4932770352055944,1.860764699014897,True,False,2592.0,2.2827646395788985,2.5039413308990213,,True,
1400,True,51.0,1.5556665574110555,1.6011096731417638,2.4750000000077503,2.1980304048397508,True,False,2592.0,2.357092396093376,3.7361624668635587,,True,
1401,True,51.0,2.026606552680397,2.241999565034348,2.4750000000036962,2.184419642010207,True,False,2592.0,3.255065977106835,3.6568206935329375,,True,
1402,True,34.0,1.2712099320609545,0.4255974664229143,2.4493143445880974,2.3682079517643717,True,False,32.0,3.5511622104588363,3.1389902580060705,,True,
1403,True,34.0,1.2875298525912553,0.45536107561929384,2.4030000000012355,2.348942145072969,True,False,32.0,3.908336731395046,2.868324161590338,,True,
1404,True,51.0,1.3481078668133564,0.5195798352069687,2.160000000000954,2.4405356817100623,True,False,1152.0,2.789032861684752,3.3122756378735145,,True,
1405,True,51.0,1.0120605810243368,0.5316744848823873,2.475000000000902,2.3890728648159727,True,False,1152.0,1.924914507227084,3.307838745565912,,True,
1406,True,46.0,1.6071361319347457,0.22668448265176266,2.602537745167696,2.3598476815252294,True,False,36.0,4.039200236995012,3.1386503633191487,,True,
1407,True,46.0,1.73021131716859,0.9080218825074553,2.5439974702439883,2.1119903209058513,True,False,36.0,2.9486746707287885,3.440916515345153,,True,
1408,True,46.0,1.4653211672867101,0.4176925092797319,2.6100000000022754,2.352665042159636,True,False,36.0,3.2608578632894876,3.029134426632892,,True,
1409,True,46.0,1.7589204273983376,0.8914860485092504,2.6538200862513914,2.404523702295321,True,False,36.0,3.1189517683445867,3.5436481534408037,,True,
1410,True,37.0,1.9924687755884924,1.7468827930824773,2.763000000008788,2.2515681244190677,True,False,216.0,5.5217509611431606,3.064408292091035,,True,
1412,True,37.0,2.1878674540438037,2.218818466841185,2.745000000006245,2.052886469461962,True,False,216.0,3.102633802936768,3.5979882598472575,,True,
1413,True,37.0,2.0816339776568573,1.7921995084434457,2.4030000000044525,1.8602322908712234,True,False,216.0,6.207289936711281,2.6635088081841656,,True,
1414,True,45.0,1.4024802919591013,1.6031697366706794,2.6202797725131814,2.3007628623132805,True,False,72.0,1.835694626892877,1.1003458475937504,,True,
1415,True,40.0,1.867454855455689,1.5749707654758822,2.916986422384801,1.9307114859035777,True,False,432.0,2.589315205686463,4.626703734781356,,True,
1416,True,40.0,1.757069026689672,1.349595413361385,2.7450000000089756,1.8733644414795534,True,False,432.0,2.597684765003418,4.6358336457188765,,True,
1417,True,47.0,1.9956085770132612,1.4466067788380315,2.475000000005856,2.132518074038295,True,False,1152.0,4.3318812808157166,3.7774100326768347,,True,
1418,True,47.0,2.207055700397715,1.0025691902337712,2.4480000000018465,2.187488768794025,True,False,1152.0,4.097998453581471,5.796961495702527,,True,
1420,True,46.0,1.3439491849694258,1.2080815931294637,2.448000000003884,2.530878553723983,True,False,72.0,3.6082812660748536,2.1296681728993234,,True,
1423,True,49.0,2.029465418130106,1.2683543883031234,2.448000000004819,2.013186508548078,True,False,72.0,4.007404415093348,4.575228117946388,,True,
1424,True,49.0,1.1767647650317103,1.1805266871888307,2.7261234961010588,1.9907772464291429,True,False,72.0,2.645630859071502,1.8453342650099809,,True,
1426,True,33.0,0.13670920377181298,0.08334357882267796,2.4480000000062643,2.205080849742249,True,False,432.0,0.3006143290366635,0.2088963583287466,,True,
1427,True,49.0,1.9042388443883185,1.2179403642621764,2.4750000000068306,2.1566041005710805,True,True,5000.0,4.700741222522674,4.03188387234489,,True,
1428,True,49.0,1.4863767953067704,1.1596496159363596,2.5095904342320043,2.2045669498112326,True,True,5000.0,2.456058431470065,3.5270782871129214,,True,
1429,True,40.0,1.304679566095831,1.1892220612280653,2.6910000000035015,2.0917756161930945,True,False,216.0,2.973089654436716,2.5049896617765137,,True,
1430,True,40.0,1.7290820963917806,1.5357261292010662,2.7630000000092703,2.157142461892585,True,False,216.0,1.9608739383459353,3.414022057768334,,True,
1431,True,52.0,1.6368504114844415,1.1763490539342456,2.1600000000055353,2.106964912427352,True,False,2592.0,2.1496700222376113,3.516045247098915,,True,
1432,True,50.0,1.6996070255436238,1.7359798705365392,2.475000000007718,1.8828787098748554,True,True,5000.0,3.8163990770228735,3.353943528181866,,True,
1433,True,50.0,1.8868563084733674,1.2211726037057815,2.8232454919910572,2.041968355974206,True,True,5000.0,2.997973086647642,4.173930870826483,,True,
1434,True,51.0,2.8607166084727584,3.098001857943018,2.160000000004448,1.9931464198347297,True,False,1296.0,2.8032534272790426,4.665998831314753,,True,
1435,True,51.0,2.4004722936683955,2.4063767309453397,2.160000000003089,1.9232712353175772,True,False,1296.0,3.73193867543478,3.255245460621763,,True,
1437,True,40.0,2.0150636811085745,2.243276502515073,2.691000000006456,2.157453216781305,True,False,216.0,3.1850009269639594,2.972098125747103,,True,
1438,True,40.0,1.9940126150215807,1.0941456034852308,2.757428988725443,2.397869292476135,True,False,36.0,3.928237378418938,3.287069937999199,,True,
1439,True,40.0,1.4398899611747904,0.7730248649531859,2.777091784136215,2.2883091518848584,True,False,36.0,3.0190476310703644,3.3658487932433765,,True,
1440,True,40.0,0.8348337716048788,0.5311548010904517,2.7941856259771733,2.334945417648986,True,False,36.0,3.257510584886277,2.739522474964491,,True,
1441,True,40.0,1.6744848800266368,1.6502508355442842,2.7180000000039035,2.063849298495411,True,False,36.0,3.0435214943153728,2.8374891090565884,,True,
1442,True,43.0,1.1022991720353708,1.0352965800047969,2.4030000000033374,2.078267083341311,True,False,2592.0,3.4964164066739376,3.0247340000156044,,True,
1445,True,43.0,1.4460841095053791,1.0950036470821942,2.8530000000096534,2.3563451779609883,True,False,2592.0,3.4344524802162097,3.1111810026582027,,True,
1446,True,40.0,1.9827054161309416,1.5111810916641844,2.4480000000053104,2.2779509374435616,True,False,432.0,2.8640856685748703,3.4104666330502655,,True,
1447,True,40.0,2.3145333471308467,2.357117165789532,3.1950000000017846,2.2351946829079568,True,False,432.0,3.1102333568650478,3.530980126838321,,True,
1448,True,40.0,1.9530461540387076,1.5571021278265107,2.8981250310954088,2.18163470610916,True,False,432.0,3.1674135866876383,3.4372901930608353,,True,
1449,True,40.0,1.3036953835999254,0.721000364585052,2.2218098675838265,2.1960530854694746,True,False,432.0,3.236935892134722,2.879415575155071,,True,
1450,True,42.0,2.2719665017754322,1.3238698714631028,2.160000000003431,1.8973157423317817,True,False,432.0,4.100137482850507,4.585500013997082,,True,
1451,True,42.0,1.3366110055167464,1.4669180155397044,2.833223236876921,2.2881109817052145,True,False,432.0,2.106878281628557,3.1901604806103236,,True,
1452,True,42.0,2.7980999225613274,3.6307403917417105,2.943000000009831,2.2821918012735036,True,False,432.0,2.896341121549599,3.3010051353114087,,True,
1453,True,42.0,2.2735439913154907,1.1252431978864479,2.6100000000054564,2.239688398081305,True,False,432.0,4.526232759969999,4.431570050429969,,True,
1454,True,50.0,1.441508020727089,0.5548641929053701,2.2808891161863523,1.864192173033671,True,False,72.0,2.59633005467682,4.559507787611796,,True,
1455,True,50.0,1.086190350287116,1.0246588373120176,2.1600000000028907,2.0075758687033476,True,False,72.0,1.3990041120007812,2.178544939696771,,True,
1456,True,45.0,1.7259484514352552,0.8198331563762622,2.160000000009545,1.999821372848085,True,False,96.0,2.621828957715956,4.716381093452917,,True,
1457,True,45.0,1.7652881712380992,1.5182236400833062,2.4030000000010365,1.9287484736222087,True,False,96.0,3.204037681383058,2.9655151646015234,,True,
1458,True,50.0,2.14578394991816,2.070846311526111,2.16000000000939,1.9387447124879542,True,True,5000.0,3.3141958448343605,4.154841725076209,,True,
1459,True,50.0,1.2566112727341505,1.0023543842107756,2.3600168257871865,1.8626816033879756,True,True,5000.0,1.719188352074005,2.7804297997442387,,True,
1460,True,44.0,1.4036080252320222,0.7605664917027752,2.6760262445311422,2.0750590285097914,True,False,72.0,3.1742386736949473,3.11685861615611,,True,
1461,True,44.0,1.8244227198202057,1.911499854770227,2.548624093516214,2.1185068872439383,True,False,72.0,2.794500094531446,2.6541991729760013,,True,
1462,True,47.0,1.8900449149653389,1.508968117479526,2.6141516042150754,2.2232419725032186,True,False,48.0,2.713208237974724,4.642348554690736,,True,
1463,True,47.0,1.5042708737002015,1.6249975895188982,2.475000000001377,1.8786429272482836,True,False,48.0,3.277098224231262,3.05026239328589,,True,
1464,True,46.0,0.5968176072836648,0.6319188443267194,2.4480000000078346,2.345184320858384,True,False,2304.0,0.8150641417159353,0.9151581709890663,,True,
1465,True,46.0,1.7224297537514863,1.935736492043361,2.4480000000046362,2.2683402980373115,True,False,2304.0,2.2606005980363295,3.3696372111992057,,True,
1466,True,44.0,1.0691847816279116,1.2894111435380182,2.4598728381565844,2.285910294871608,True,False,144.0,1.0831153309320911,1.0036864408961357,,True,
1468,True,44.0,1.2350201365018643,0.9815328428376233,2.4756792779416372,2.384928352508729,True,False,144.0,2.950293372793541,3.1547212699885137,,True,
1469,True,44.0,1.2761699524963832,1.0820040573889855,2.761996866232438,2.3845863415276036,True,False,144.0,2.946038199733957,3.13804287283677,,True,
1470,True,46.0,1.4614388079176683,0.6008867845994246,2.448000000004887,2.1693824960112496,True,False,1152.0,3.3581464048485934,3.3093602331439214,,True,
1471,True,46.0,2.0857449956130725,1.500306167992676,2.4750000000047305,2.104258512255564,True,False,1152.0,4.014413769187141,3.728003995249792,,True,
1472,True,51.0,1.0967654244389051,1.2007042356563034,2.160000000000616,1.8661364278905226,True,False,288.0,0.8547543049091586,2.0282283755372705,,True,
1473,True,51.0,1.5894424193349754,0.9566200788649439,2.160000000005596,1.8444592851293842,True,False,288.0,2.291306869174015,3.7911863084739217,,True,
1474,True,38.0,1.7539783581725026,0.41577046046586474,2.8980000000005233,2.190299556818656,True,False,144.0,2.898292889696849,4.534613462268682,,True,
1475,True,38.0,1.7535348876802757,0.2632787800030201,2.898000000006873,2.283415427687218,True,False,144.0,2.993712497032051,4.617347695134723,,True,
1476,True,40.0,1.7128003884552552,1.6862435760267545,2.4778385799354727,2.325694409375402,True,False,12.0,2.9135125560950796,2.672060843550976,,True,
1477,True,40.0,1.0291556311366956,0.40887405763351126,2.8032581886701102,2.391507680167471,True,False,12.0,3.2496486653439516,1.5345539021923136,,True,
1478,True,40.0,1.3830014199329619,0.9685868136584759,2.6100000000004706,2.3826916223674437,True,False,12.0,2.947930390057736,2.505273488210199,,True,
1479,True,40.0,1.117090407975884,0.7098410045437049,2.423803104747791,2.279834457784161,True,False,12.0,3.5161717477661525,2.144561499700634,,True,
1480,True,39.0,0.6876595229609044,0.9544648911469267,2.970000000000315,2.1679347969207927,True,False,72.0,0.8398615307532821,0.5502746922962681,,True,
1481,True,41.0,1.0916097520450876,1.4125176160086994,2.4750000000043366,2.3887983250161575,True,False,36.0,0.6702670204050154,0.8045512898353272,,True,
1482,True,41.0,1.5791827066762822,1.6799808319883596,2.4750000000070025,2.4204717202438037,True,False,36.0,2.851022517335302,2.4450789508721322,,True,
1484,True,41.0,1.6225495018612361,1.3964130843742169,2.9265842826462425,2.5244128142203683,True,False,36.0,3.2359607254078724,3.345412657357513,,True,
1487,True,53.0,1.8329247873067354,0.9856845240174152,2.426714191301518,2.4463232411927907,True,True,5000.0,4.350010121723296,3.8211287616681644,,True,
1490,True,44.0,1.6465076502839455,1.3728215773808188,2.6100000000026116,2.2781010467711917,True,False,12.0,3.446586007653528,3.1945876099446506,,True,
1491,True,44.0,1.5057386950105367,1.0192208612716058,2.6089727154141396,2.305318168192842,True,False,12.0,2.6941179556302584,3.062108346556219,,True,
1492,True,51.0,0.6695108180258182,0.7347366182475525,2.160000000009806,1.881781853191278,True,False,1296.0,0.507645545823578,1.0443939473787325,,True,
1493,True,51.0,1.0376463198432202,0.8757207220405689,2.16000000000518,1.9124926004824174,True,False,1296.0,3.5070450167172282,2.7519720273210617,,True,
1494,True,38.0,1.3605708476733307,0.9409146794241678,3.1950000000014733,2.398205110827679,True,False,12.0,3.8906896217384586,2.993378334691007,,True,
1495,True,38.0,1.2999339881177836,0.18185570461355383,2.8238372266779197,2.2643294385976613,True,False,12.0,3.8848135642986303,3.140123477073115,,True,
1496,True,36.0,0.5198680262594771,0.4593812658022216,2.315434271655783,2.4699128174492313,True,False,72.0,1.0544144068282437,0.40403064922507403,,True,
1497,True,36.0,1.0837234607819435,1.2711586750556307,2.4030000000075935,2.3103188991349226,True,False,72.0,1.417627434323871,0.8985041248923925,,True,
1498,True,39.0,0.6089281626861938,0.7767587068847206,2.8815592679093593,2.155595868756479,True,False,6.0,0.4655589532901106,0.5591091964828041,,True,
1499,True,39.0,1.304313688563255,1.0916004237660673,2.4019028709527004,2.1615995509344463,True,False,6.0,2.9652473597036133,3.177139541365915,,True,
1500,True,39.0,1.2197283363671976,0.8786114340073254,2.383593504049419,2.176311789634013,True,False,6.0,2.964235855859984,3.2026966063455156,,True,
1501,True,39.0,1.2832947930320684,0.9685873384878505,2.954762524304169,2.1628674629065925,True,False,6.0,2.9000684806107713,3.2845963130355624,,True,
1504,True,46.0,1.197552330771868,0.8457769542583264,2.609253837582743,2.1157458734451073,True,False,216.0,2.942277361215723,3.0939327082523898,,True,
1505,True,46.0,0.8324388513197732,0.33057518986970535,2.1600000000045614,1.9388876762205696,True,False,216.0,3.135921000639561,1.8496693532472142,,True,
1506,True,46.0,1.3181454556236867,0.32877441133678076,2.448000000005656,2.011251388663287,True,False,216.0,3.114315405633872,3.557789647538635,,True,
1507,True,46.0,1.4567722891945096,1.2675975983802346,2.3691875665241104,2.0098315362985026,True,False,216.0,3.1165847224098764,2.647146415961035,,True,
1508,True,44.0,2.017589829585383,2.394040068396862,2.588645822437695,2.1222148768444726,True,False,432.0,2.6281870371556724,3.4580442200823587,,True,
1509,True,44.0,0.8164583876404026,1.0955701042294095,2.448000000008167,1.973465253152434,True,False,432.0,0.9148846452385812,0.9473204077840386,,True,
1510,True,47.0,1.6864155612260912,1.7498428158578463,3.105000000005615,1.9015278816257204,True,False,32.0,4.358533067741917,2.9941024188928913,,True,
1511,True,47.0,1.1232507864127026,0.8108096697469591,2.618375717904626,1.9670375378472065,True,False,32.0,1.0651582232496044,3.0746091561529,,True,
1512,True,46.0,1.0435959730521607,0.9533360677451128,2.898000000009318,1.9814890522786142,True,False,216.0,2.0540896796182952,1.7490759542302443,,True,
1513,True,46.0,2.2347066959879616,2.036660872749053,2.4750000000015615,2.2215584643893576,True,False,216.0,5.968383067111051,2.5672655237520146,,True,
1514,True,46.0,1.440058811509092,1.1967478172082338,2.475000000002824,2.280028616750237,True,False,216.0,2.782857537555216,3.353094176275081,,True,
1515,True,46.0,1.8648444912933542,1.5372170898481272,2.736000000009405,2.2127866508997203,True,False,216.0,3.777782934409104,3.393844443879007,,True,
1516,True,41.0,1.674438922036042,1.3552043165000214,2.6397580491021797,2.0886012771469815,True,False,36.0,3.3885966395975804,2.914129720181124,,True,
1517,True,41.0,0.35094253948587245,0.3585240389184037,2.6865301187658055,2.12119841931395,True,False,36.0,0.4293445125362887,0.6036197573943763,,True,
1518,True,41.0,1.7382746001253964,1.4095243064039096,2.7360000000046796,2.0783838009616993,True,False,36.0,3.013024103504549,2.8545874389861,,True,
1519,True,41.0,1.890721786946331,1.313590262161597,2.1600000000027046,2.2394875416934115,True,False,36.0,3.7814995483662277,3.599286511528711,,True,
1520,True,48.0,1.5057115389370064,1.5207406843728677,2.160000000004255,2.034830757409569,True,False,432.0,1.3631732065763253,2.373946706261184,,True,
1521,True,48.0,1.8395336214142821,1.7719356378220255,2.1600000000092368,2.27948150325902,True,False,432.0,2.9891196458996703,3.019680213450722,,True,
1523,True,48.0,1.2405147601997792,1.032621297857986,2.160000000001048,2.299354072321181,True,False,432.0,2.9865811561585605,2.989640975624026,,True,
1524,True,40.0,3.980969790839045,4.665697695760173,2.7450000000042247,2.0017589895139727,True,False,16.0,3.9709580490821605,2.6104863810749412,,True,
1526,True,34.0,1.628316680740854,1.2197925111358927,2.1600000000024666,2.239109944531532,True,False,12.0,2.5992377241395603,4.036334941060145,,True,
1527,True,34.0,1.1217793386795256,1.0954427688120632,2.6651668114385116,2.2635669814034665,True,False,12.0,3.1427317373775274,1.1982279391237847,,True,
1528,True,48.0,2.2972269209451452,1.888297953937581,2.160000000002164,2.2269340470027394,True,False,1152.0,3.0407520543813034,4.227243122028053,,True,
1529,True,48.0,1.9942912084009294,0.7095990991183498,2.448000000003089,2.2578957349266595,True,False,1152.0,3.3599368544537964,4.824026608311438,,True,
1530,True,52.0,2.02234555478878,1.639140750419756,2.16000000000815,2.1723864176752716,True,False,288.0,3.0303297452092517,4.482646361986091,,True,
1531,True,52.0,0.44947674284332967,0.5031605864533049,2.5296962177711153,2.331200486723525,True,False,288.0,1.0510143816503839,0.6739095701984918,,True,
1534,True,45.0,1.8742820087655454,1.4507619565156347,2.4646788629609095,2.3676934402282743,True,True,5000.0,4.382610180218888,3.3089670796431845,,True,
1535,True,45.0,1.1408955802619758,1.1769623063628387,2.475000000009497,2.227562378498075,True,True,5000.0,2.2211500948761054,3.647652204153158,,True,
1536,True,50.0,1.8328572037327775,1.931585062375234,2.160000000000241,1.9091051533375525,True,False,432.0,3.916015164498456,2.900360682698678,,True,
1537,True,49.0,1.4863256754616636,1.2792066523397807,2.448000000000203,2.385378636715773,True,False,16.0,1.4948548871327112,2.598949902349751,,True,
1538,True,45.0,0.713420689162824,0.6658663782909571,2.8980000000076993,2.2652805131373905,True,False,432.0,1.5108433481757224,1.6377032491167705,,True,
1539,True,45.0,1.355778612234489,2.002196969337092,2.898000000003509,1.87610732648748,True,False,432.0,1.933174348037032,2.0544116555679053,,True,
1540,True,47.0,0.5930251354930968,0.6199773179432668,2.1600000000040143,2.045796833534552,True,False,432.0,0.6935186501371358,0.9129007108461321,,True,
1541,True,47.0,2.321077110859925,2.3638830076888553,2.433358848627912,2.1737066088596224,True,False,432.0,5.161929119800778,3.6451137320208784,,True,
1542,True,49.0,2.0931767016667138,2.5393435447367665,2.6100000000050283,2.0133770395531982,True,False,288.0,3.9103113746518448,3.089959977888834,,True,
1543,True,49.0,1.3681210320430655,1.2487559414221323,2.610000000003788,1.911503052678703,True,False,288.0,4.52344754242178,3.25586325794358,,True,
1544,True,49.0,2.7153514176414393,3.724956711863342,2.4750000000081718,2.105472891941381,True,False,288.0,3.7930243490902456,2.9499120271522496,,True,
1545,True,49.0,1.352403876733379,1.3629363517393358,2.474879313701899,2.005015515625752,True,False,288.0,4.498250409948414,3.331762873321352,,True,
1546,True,48.0,1.3513521386424954,1.1031912997677864,2.1600000000027344,2.1586802839003276,True,True,5000.0,4.140425590079521,2.9622846211831315,,True,
1547,True,48.0,1.2017118921121541,1.6179165480389202,2.4480000000006874,2.1212328427827054,True,True,5000.0,2.209355765427051,3.302957168638938,,True,
1549,True,41.0,1.7613954370041314,0.9919362805921992,2.5558510178926652,2.1975879905250664,True,False,24.0,2.8896299800798193,3.8432738570226954,,True,
1550,True,41.0,1.0100971429895054,0.4066874781055958,2.434623307648112,2.2789622086818375,True,False,24.0,3.377656559066802,3.0172711591733075,,True,
1551,True,41.0,0.271692060338162,0.13693356878502527,2.448000000006052,2.228613227928974,True,False,24.0,0.2141121505203086,0.9174885465816689,,True,
1552,True,51.0,2.125903892606652,2.052481893253571,2.610000000000197,2.248111108731061,True,False,576.0,1.8954075741149976,2.768665330350821,,True,
1553,True,51.0,0.5671952430905371,0.16574317980848718,2.1774362665670552,2.314843530457296,True,False,576.0,2.389106425796848,1.2829136204522165,,True,
1554,True,50.0,1.7204534032156704,0.6015116938870051,2.44478272169824,2.142537263409904,True,False,288.0,3.818147674252632,4.617463654790621,,True,
1555,True,50.0,1.3817534962417433,0.6231878663420503,2.2887809472870746,2.168419404866134,True,False,288.0,2.7142523769720883,4.512279868358296,,True,
1556,True,45.0,2.535230429678259,3.2260896531006438,2.4750000000040457,2.081086823248852,True,False,72.0,5.27840811336619,2.8745712380715807,,True,
1557,True,45.0,2.259844487520799,2.3303924897045363,2.4750000000022405,2.030366184977478,True,False,72.0,5.381533406055194,3.5654099619480744,,True,
1558,True,32.0,1.1696530526884081,0.8626396747313265,2.945547404299407,2.219275096354663,True,False,72.0,3.34591391094717,3.2829406644107806,,True,
1559,True,46.0,1.8579100003390183,1.2046887909746147,2.6100000000062344,2.1879282697108695,True,False,216.0,6.339815082048526,3.6645803615885697,,True,
1560,True,52.0,1.6821337048850284,1.1097151528374525,2.6100000000024237,2.0202962717878785,True,False,16.0,2.357260608648903,4.447833163624453,,True,
1561,True,52.0,0.8560624275960728,0.39275601688132156,2.282998194176659,2.0441447451195818,True,False,16.0,3.396579276294672,3.2061844742362786,,True,
1562,True,48.0,0.9887193965334669,1.2919277918372245,2.1600000000050255,2.0124915202305824,True,False,432.0,0.8519847141629656,0.9450177469277885,,True,
1563,True,48.0,1.9976575068440754,2.2311465881321055,2.2791819642860167,1.8663244280938938,True,False,432.0,2.744082862598226,3.467820255300856,,True,
1564,True,48.0,1.3646593881836797,0.6142474273583503,2.4480000000069664,2.382261823519825,True,False,36.0,2.51983343390453,3.846533643384175,,True,
1565,True,48.0,1.9585255573844471,0.6374349379912019,2.483345196786652,2.3946937289766304,True,False,36.0,3.085811118781306,3.844452352239282,,True,
1566,True,48.0,1.6718888466815964,1.2735724929771095,2.448000000009004,2.27501375857378,True,False,36.0,3.8097254453789935,3.1506471838954337,,True,
1567,True,48.0,1.6381472553136764,1.3554204604733968,2.448000000007227,2.3221957716997075,True,False,36.0,2.238335747251649,3.793693764214198,,True,
1568,True,45.0,0.7091105432702358,0.9067452250019414,2.1600000000058985,2.0290629858138955,True,False,48.0,0.5520134388049804,0.9328968267010452,,True,
1569,True,45.0,1.7991386872026878,1.5903798366671253,2.943000000004798,1.8040015130259732,True,False,48.0,2.4825217347918995,4.592172897225644,,True,
1570,True,50.0,1.3924115626816818,0.913358046200301,2.382215796241683,2.033848687218398,True,False,576.0,3.4070361416761905,3.2904559589539164,,True,
1571,True,50.0,1.3333643998870375,0.7444413885859831,2.4480000000069735,2.185351284484945,True,False,576.0,3.3146431191996895,3.0069854157702762,,True,
1572,True,44.0,1.2718552288319158,1.377474953795172,2.160000000009052,2.068129479916574,True,False,216.0,2.6481341080003253,1.911983309775528,,True,
1573,True,44.0,1.9060069326469586,1.304355868796847,2.610000000000651,2.2648192789271286,True,False,216.0,4.684095259702243,4.444593520504403,,True,
1574,True,44.0,1.6577527172388056,1.432938305380958,2.4165205793352986,2.1982806926778022,True,False,216.0,3.174312735934098,2.7470217928620393,,True,
1575,True,44.0,1.4222381696375008,1.3606310194154503,2.4480000000069744,2.1882797765596607,True,False,216.0,3.6268081740844607,2.801537631116761,,True,
1576,True,47.0,1.057621569701671,0.7032851356052561,2.3453023098319674,1.8790160310651958,True,False,1296.0,2.960061709502236,2.12448418926043,,True,
1577,True,47.0,2.1714831464156092,1.598742772694095,2.5756057760392475,1.8552539158293133,True,False,1296.0,3.2886243602146066,4.624677245032308,,True,
1578,True,40.0,0.7534656559157908,0.9529298835986992,3.1859022425174355,2.319260207781783,True,False,144.0,1.0801184512626147,1.0689221937159725,,True,
1579,True,40.0,0.6008296253327785,0.7085794915110455,3.1950000000054852,2.2366904837504897,True,False,144.0,0.9542900584560943,1.0510055646958543,,True,
1580,True,46.0,2.2881772058875356,0.9649412465914793,2.6100000000056536,2.4157974326089513,True,True,5000.0,5.265777799841076,5.006794260255344,,True,
1581,True,46.0,2.4705774335021475,1.4315739354824473,2.610000000006863,2.4935605228869018,True,True,5000.0,5.2484067374413765,4.864860400829676,,True,
1582,True,37.0,0.9500329571631247,0.6755564157429035,2.5024267669172824,2.1542727732114146,True,False,48.0,3.2787122124728554,1.505721184541038,,True,
1583,True,37.0,1.4915001718964171,1.5876586705635418,2.4750000000007555,2.252666398271169,True,False,48.0,3.268111708543515,1.4482864358476208,,True,
1584,True,54.0,2.4162890348307116,1.7145357094450446,2.16000000000626,1.9397336271251266,True,False,288.0,3.4655095059060588,4.725725789509107,,True,
1585,True,46.0,1.5225882355689806,0.6662048828584375,2.4885304676811786,2.3440458657842003,True,False,432.0,2.96014190562438,3.105388586122961,,True,
1586,True,46.0,0.990914290399199,1.4218858857093437,2.4480000000073536,2.0258884481876094,True,False,432.0,1.042746140436992,1.1103809288480568,,True,
1587,True,46.0,1.1171497069223557,0.09070240260916762,2.531867266114035,2.336258164801142,True,False,432.0,2.989792301588062,2.662421154098432,,True,
1588,True,46.0,1.1777840326549818,1.1664118925582443,2.448000000000739,2.172900673477736,True,False,432.0,3.505161874935399,2.7145863875987115,,True,
1589,True,45.0,2.2119081336125186,1.7885728956425737,3.105000000009358,2.2303777284128357,True,False,192.0,3.430589436819447,4.585288700256587,,True,
1590,True,45.0,1.8006327836637888,1.5484119317297882,2.1600000000051267,2.4346671349283047,True,False,192.0,3.5273489054824743,3.595663526348642,,True,
1591,True,51.0,0.9547534347134038,1.0314069867163198,2.20854276360432,2.299409568693668,True,False,432.0,0.9467711950599915,1.1830673188285503,,True,
1592,True,51.0,1.1338378827181392,0.9706873586801521,2.448980161453362,2.1280315053353887,True,False,432.0,2.847072835774925,2.0136627977490553,,True,
1597,True,53.0,0.9205185896730596,1.045884937986557,2.4389897895998143,2.3108892699132086,True,False,2304.0,0.7540827790014796,0.6016507868515595,,True,
1600,True,47.0,0.9449796056450152,0.889058916207432,2.2307548472336785,2.414618994665618,True,False,216.0,1.3820325687339357,1.8493990401712581,,True,
1601,True,52.0,1.990392408681469,1.695883923330257,2.577880948303434,1.9564608191578998,True,False,288.0,3.112799621223322,4.39688732351029,,True,
1602,True,52.0,1.684161057778887,0.565880401423783,2.23339887303189,2.097830993717082,True,False,288.0,3.124137582836482,3.6843860513864395,,True,
1603,True,54.0,1.7980898317789966,1.560358868795447,2.6100000000047783,2.1804235211765626,True,False,2592.0,3.1322328291313397,4.40029518109495,,True,
1604,True,54.0,2.418751739034642,2.3307107447944873,2.4480000000107327,2.0112686369552923,True,False,2592.0,2.3734494545896676,3.7380962690322015,,True,
1605,True,47.0,2.0073335665568988,2.031213260444929,2.5311888901800823,2.3208661925669043,True,False,432.0,5.242418312571136,3.0115828518478387,,True,
1606,True,47.0,1.187651741549033,1.0555954091541935,2.9250000000027754,2.2866613987645827,True,False,432.0,2.9568196048736475,3.075680082030358,,True,
1607,True,47.0,2.026169646034772,2.077026634957292,2.6359673320539687,2.3253877427431324,True,False,432.0,5.260078217038729,3.035382117072543,,True,
1608,True,47.0,1.4777881296755548,1.41730174404438,2.7630000000073065,2.2590207797627713,True,False,432.0,2.9580095546784686,3.0502059574205957,,True,
1609,True,50.0,1.554229364167175,0.9682612296419393,2.1604674325778372,2.1020335530385807,True,False,864.0,2.855747765166628,3.7605482605736897,,True,
1611,True,48.0,1.228455860438437,1.1886710709186445,2.6100000000046246,2.3289912159774238,True,False,72.0,3.133771628592716,2.100544006966453,,True,
1612,True,48.0,1.3586743425956331,0.6009748061187565,2.610000000000013,2.347394295873618,True,False,72.0,3.222004387237467,2.739703993456529,,True,
1613,True,48.0,1.0379218611590402,0.7873048164401553,2.6100000000050443,2.2904343947382557,True,False,72.0,3.117436015854966,1.8330353418430754,,True,
1614,True,48.0,1.5141029017816157,1.4781728225498227,2.7642723443771566,2.345668771097062,True,False,72.0,3.2264238449333384,3.065230801862509,,True,
1615,True,35.0,0.9817950083249377,0.19112906649388606,2.7360000000005944,2.319468805438004,True,False,36.0,3.330721794896046,3.007037457403483,,True,
1617,True,35.0,1.823604021188217,1.1463460600607505,2.910637490600649,2.357523220394658,True,False,36.0,3.3008031301469503,3.8238682164668356,,True,
1619,True,51.0,1.6307679176223637,1.1438747512984264,2.475000000004262,2.213329956897525,True,False,2304.0,5.272656548980705,3.1614156282104315,,True,
1620,True,51.0,0.8827739936573915,0.6082564156276931,2.6044181766316155,2.092095663300318,True,False,2304.0,1.2001506334107477,3.0615570199769597,,True,
1623,True,50.0,1.8781105622543157,2.2401225913017697,2.6744540533296624,2.2364611835889305,True,False,288.0,2.854616095051938,1.9250609409334745,,True,
1624,True,50.0,1.144173596645227,1.1835507875293843,2.390914339197118,2.1699507017902504,True,False,288.0,1.3734049324587545,1.838620159234555,,True,
1625,True,47.0,3.1928038141106896,2.6438311600868474,2.2958342665320317,1.9063192006062364,True,True,5000.0,5.370108399138239,7.0123522693489075,,True,
1627,True,60.0,1.8630031111094516,1.8653631956221943,2.1600000000004016,2.2368309227789207,True,False,2304.0,2.2135165344423013,4.204652723622274,,True,
1628,True,60.0,0.6536374512776453,0.9646328538037778,2.16000000000552,2.128058528471433,True,False,2304.0,0.2534455931730185,0.5571755139343871,,True,
1629,True,53.0,1.7681926123624816,1.7954270643786003,2.249137400924429,2.0003562359239915,True,False,576.0,4.247471155894632,1.9550904797189343,,True,
1630,True,53.0,2.880399670851263,3.1681387005810393,2.4480000000000937,2.121542789787658,True,False,576.0,2.65127048422875,2.861926035326239,,True,
1631,True,46.0,1.640981681803132,1.0913936421275139e-11,2.5456161155728902,2.276293791319565,True,False,1152.0,4.895833172889693,3.2247256243901217,,True,
1632,True,46.0,1.910369547207411,1.1795723138275207,2.743386524892043,2.1246056693419604,True,False,1152.0,2.9361287913311225,4.063269620690477,,True,
1634,True,40.0,2.0974159310267724,1.8074813850071223,2.1600000000049735,2.372718438015771,True,False,216.0,3.3002313416179363,3.131247857686183,,True,
1635,True,40.0,1.8545820879611847,1.0624572791239189,2.6100000000036756,2.185043019507854,True,False,216.0,3.4561221018868817,3.8133002188370955,,True,
1636,True,40.0,1.5246662472558068,0.8094973206461873,2.684146280055639,2.341068617704317,True,False,216.0,3.486207859973381,2.8893438997386887,,True,
1637,True,39.0,2.03525291197659,1.8455166318999545,2.9700000000060838,1.8922791721625007,True,False,432.0,2.613168945232358,4.671839113683382,,True,
1638,True,39.0,2.0588219550473785,1.8974375447469356,3.060000000009286,1.8909092632646338,True,False,432.0,2.6238604723987984,4.6841408552342605,,True,
1639,True,43.0,1.4289534220379052,0.9364953225704085,2.7630000000079926,2.0822860000729966,True,False,128.0,3.271747611519075,2.052653658966693,,True,
1640,True,49.0,3.630189170108296,4.349269958282093,2.6599330616534145,2.1809029596247513,True,False,432.0,4.869722896249533,5.153209689909424,,True,
1641,True,49.0,3.6347543248860417,4.319703526285593,2.4030000000075344,2.182724938007536,True,False,432.0,4.93906194914691,5.174401298903439,,True,
1642,True,41.0,0.978821141082755,0.607555491340463,2.64780487584335,2.108915017443804,True,False,36.0,3.3167243519148935,2.7388668035546213,,True,
1643,True,41.0,1.408614799932949,1.4066108427432482,2.8980000000083157,2.0822420991085546,True,False,36.0,2.9296565324802937,2.226747519747895,,True,
1644,True,41.0,1.5439135650386977,1.4594978836867085,2.8530000000052333,2.1767465558259187,True,False,36.0,2.803137028714938,3.3014705703683958,,True,
1645,True,41.0,0.9907212312882693,0.7365295638155658,2.472639804080651,2.110001884975461,True,False,36.0,1.2678500040121305,2.8019511561736037,,True,
1646,True,49.0,2.056192385663506,1.6537972543555952,2.73600000000173,2.0808261211595744,True,False,1152.0,2.9669056704148606,3.502188008782454,,True,
1647,True,49.0,2.7888275378873666,1.7876053762483934,2.160000000008995,1.8807983291676968,True,False,1152.0,5.771802515969509,5.861407103865815,,True,
1648,True,44.0,1.7261352332800846,1.0068219760796637,2.1600000000058244,2.294904198566903,True,False,432.0,3.1501582941979467,4.542014749254309,,True,
1649,True,44.0,1.1599951560607078,1.1809322101798898,2.318497196176728,2.329558144820601,True,False,432.0,3.088448221222278,1.5249827735822703,,True,
1650,True,43.0,1.0394305131750003,1.2465677512154798,2.403000000002299,2.122006741200414,True,False,576.0,1.4209630505477513,0.7730638381284296,,True,
1651,True,47.0,0.8681752672734889,0.39661094985422096,2.2253904623413647,1.9397859854117927,True,False,72.0,2.7709821366850855,1.3659754063760385,,True,
1652,True,47.0,1.04072460764542,0.9368375694502902,2.4030000000068643,1.8287520626099099,True,False,72.0,1.738021304420596,2.324069592845272,,True,
1653,True,51.0,3.036589705804779,3.4222773209294246,2.1600000000082593,2.116758350048489,True,False,432.0,4.821519979881317,5.187501681295308,,True,
1654,True,51.0,1.349221725694409,0.9928589429982821,2.160000000008592,2.346905032612099,True,False,432.0,3.150243393999481,3.051435737438659,,True,
1655,True,51.0,1.4479442611030706,0.7977873918462137,2.448000000004053,2.2288715993973276,True,False,432.0,3.4100849669814286,2.7764962875453407,,True,
1656,True,48.0,1.3161644156626626,1.2388371420784097,2.4030000000042273,2.168182903008877,True,False,288.0,4.484258438844917,3.3534458206172197,,True,
1657,True,48.0,2.070150654806908,2.5019441016083874,2.6100000000006034,2.018337083863843,True,False,288.0,3.896062384016052,3.0904401484424815,,True,
1658,True,51.0,2.0330002380674377,1.3079386398349016,2.1600000000064465,2.258698752312933,True,False,24.0,3.234622094635014,3.776889754628396,,True,
1659,True,51.0,1.9337717200666837,1.8430372303555487,2.5797513605148885,1.8643381997910142,True,False,24.0,2.7316775132102786,3.9288210281841565,,True,
1660,True,51.0,1.9949778633733148,1.939962714262947,2.3420732390754604,2.1955987644831647,True,False,24.0,2.5986884535318557,3.9979417643197865,,True,
1661,True,51.0,1.8358615972884997,1.434538166551647,2.471480102632381,2.2858889697227203,True,False,24.0,2.716378797133643,3.9513867968560445,,True,
1662,True,47.0,3.441138323773302,4.56821655263775,2.475000000004383,1.9925580896927448,True,False,36.0,4.610056958282936,2.4069323625609096,,True,
1663,True,47.0,2.313357186377833,2.4292189889347355,2.4750000000034693,2.364036647156723,True,False,36.0,4.543531608404883,3.1326646092989785,,True,
1664,True,47.0,1.1381306296673055,0.5561772025612299,2.450717413884294,2.0167262315445793,True,False,36.0,3.4495020796292923,2.9852772976082296,,True,
1665,True,47.0,1.4493880290568322,1.4174733809522877,2.448000000006261,2.027574748141237,True,False,36.0,2.4873823061354847,3.3302775601901455,,True,
1666,True,40.0,1.4497759623955933,1.4578009788383497,2.4480000000093587,2.083244346950208,True,False,2592.0,1.4436791241031488,3.432800072279584,,True,
1667,True,46.0,1.584896063352477,1.744419279282738,2.789559932663283,2.1314436729362565,True,False,216.0,1.5630492883426688,3.6872684087501977,,True,
1668,True,48.0,1.4679660991316301,0.9751473114265536,2.5580256374288735,2.30307997394793,True,False,48.0,2.084600724397737,3.4929357554795843,,True,
1669,True,48.0,1.1473658538227152,0.7804547720916162,2.448000000006518,2.191318682391952,True,False,48.0,2.1592392915664145,3.718879282421729,,True,
1670,True,40.0,1.6343100509606046,1.5912313009284844,2.1600000000048802,2.3223659132229786,True,False,36.0,3.4007564381814155,2.6462924905487646,,True,
1671,True,40.0,1.49984485768163,0.41295327871193876,2.7450000000093295,2.3783905130150513,True,False,36.0,4.116229957829548,2.8905008788543176,,True,
1672,True,48.0,1.3754979833260552,1.4309806232631672,2.6009731082021315,2.3912404247377554,True,False,24.0,1.309301619885086,2.034217461327363,,True,
1673,True,48.0,1.7251295810409222,1.2512824489895138,2.4480000000033493,2.276363004224063,True,False,24.0,3.069602349434172,3.08820062102803,,True,
1675,True,48.0,2.0780637560267037,2.3595375074073672,2.1600000000018524,2.2110605843576514,True,False,24.0,2.923666964878867,2.863632361848941,,True,
1676,True,37.0,0.5291526820224294,0.7194660241730162,2.1600000000081745,1.8060968207989294,True,False,8.0,0.6395938466627091,0.3056541765494081,,True,
1677,True,37.0,0.4992319845433606,0.6708020866062725,2.1600000000065687,1.826685650981033,True,False,8.0,0.5688981471304694,0.3063974338269459,,True,
1678,True,55.0,1.6468564385424347,1.0500064529041993,2.420320207853205,1.8549790364583638,True,True,5000.0,2.95319095778198,3.0261860108317022,,True,
1680,True,52.0,1.893082368239111,2.0569771320879227,2.475000000002002,2.1120927309898114,True,False,1152.0,2.885667859576766,3.2417885812355935,,True,
1681,True,52.0,1.6110906419590403,0.9389397702143469,2.6100000000045847,2.4736253742432384,True,False,1152.0,2.914750062896142,3.386334328001375,,True,
1682,True,46.0,1.3488729745835086,0.6302335508917167,2.3431878919138462,2.1443976536547504,True,False,432.0,2.733996602844695,3.6209554852067263,,True,
1684,True,46.0,1.6537522150731216,1.103318835128448,2.475000000005374,2.43995936626002,True,False,432.0,3.004712838110765,3.3872901572193364,,True,
1686,True,41.0,1.239876863607114,1.4616623670444824,2.586138014440215,1.9267861730352955,True,False,576.0,1.2580950454140405,0.8741805055469982,,True,
1687,True,50.0,1.9559944180042603,0.662515157906455,2.4030000000099734,2.5307879291042936,True,False,192.0,3.5172635068293334,3.816126541670911,,True,
1688,True,50.0,2.238257925485421,1.2200092431630765,2.1600000000005277,2.4021371039139296,True,False,192.0,3.820591832143385,3.862174416240181,,True,
1689,True,53.0,0.9160812847145179,0.9283732090661942,2.526827955968717,1.9352183388444832,True,False,1152.0,0.9930816023742216,3.066402130949211,,True,
1690,True,53.0,1.2254795557869491,0.5717979647197353,2.4480000000004223,1.9422733988293204,True,False,1152.0,3.123154346926773,3.189859320165874,,True,
1692,True,50.0,1.9519491893874406,1.5947879673694842,2.2801432142932,1.7388182646268702,True,False,432.0,2.6592731222449917,3.7171320992986314,,True,
1693,True,50.0,2.0441775679027065,2.0441839628474554,2.458203470266793,2.062766247251491,True,False,432.0,3.7364313279632615,3.7918199903361125,,True,
1694,True,50.0,1.7351209319514067,0.7428159639966907,2.523362384290933,2.3618169744076276,True,False,432.0,3.3556524515854345,3.6922958325683903,,True,
1695,True,47.0,0.664482096566109,0.8959394670491747,2.160000000007278,2.216369023087085,True,False,432.0,0.48492966926848335,0.8453546261672831,,True,
1696,True,47.0,1.246277597911464,0.9125942365972151,2.1777016465736305,2.2452452796075533,True,False,432.0,1.6961915264232355,3.0010050602180973,,True,
1697,True,52.0,1.3694198507623128,1.0913187774567632,2.1600000000028348,1.9855583894965165,True,False,576.0,3.557514789769092,2.8379019659944973,,True,
1698,True,49.0,2.307393874488025,1.7522697768545186,2.1600000000011783,2.1180732269447153,True,False,1296.0,4.400738838696538,4.615686255124757,,True,
1699,True,49.0,2.2488325659572284,1.6634708443307318,2.1897609249931222,2.2241094227353115,True,False,1296.0,4.39548046242485,4.709127070713768,,True,
1700,True,43.0,2.367785593418711,0.8891770602458564,2.449451124007191,2.1206080587887994,True,False,1152.0,5.3324119929744125,4.791830906732076,,True,
1701,True,43.0,1.413385891208506,0.8879452560177015,2.8958769817398586,2.0526030828438313,True,False,1152.0,2.8988862458170015,2.317538708995794,,True,
1702,True,45.0,1.426195986946174,1.3654002117291384,2.1600000000036,2.032336128375422,True,False,144.0,3.3296194293392083,2.911423169376449,,True,
1703,True,48.0,1.310116488454246,0.6076377154422516,2.610000000003522,2.3062759281577736,True,False,2592.0,3.453164473869561,3.258040350582222,,True,
1704,True,48.0,2.659180491888137,3.2203133467883163,2.1600000000087296,2.1085153777480494,True,False,2592.0,2.8401618124250887,3.5735467204562044,,True,
1706,True,48.0,1.5108983442787707,1.5119310140580637,2.4480000000010906,2.232293518178109,True,False,2592.0,2.9021204006456576,3.213710976006701,,True,
1707,True,42.0,0.6549770917589693,0.8277775352471508,2.4030000000045124,2.1364299871748664,True,False,2592.0,0.6287428693858611,0.7349912404950357,,True,
1708,True,45.0,1.9745566275991342,1.1541874977010593,2.16000000000355,1.92422603116162,True,False,216.0,3.1498438753953786,3.4125386362122083,,True,
1710,True,45.0,1.4279256614160811,0.7473307535001368,2.519266795922242,2.3334884206697923,True,False,216.0,3.4952710630903927,2.8436950271378816,,True,
1711,True,45.0,1.5654559236132541,1.5827578733005794,2.4480000000059445,2.0757718769171145,True,False,216.0,3.4589522101637526,2.609913592970047,,True,
1715,True,48.0,1.0509776371718613,0.3206640098724165,2.6212777481272393,2.316389925250065,True,False,432.0,2.6952697209586174,3.5341011382491323,,True,
1717,True,52.0,1.9082329864087564,1.333386146943667,2.1600000000041195,1.9818142832515866,True,False,2592.0,3.4327180438076508,4.515520244070462,,True,
1718,True,42.0,1.9720644374079264,1.8095235627879447,2.793020598917869,1.993878908484665,True,False,12.0,3.1878760351338795,2.9869188794668764,,True,
1719,True,42.0,1.3355343391157213,0.7018815321789589,2.807363219572543,2.3246486344607007,True,False,12.0,3.7232275493395517,2.967627876557314,,True,
1720,True,42.0,1.75870770959324,1.2868189619475743,2.41067748429284,2.2870228685782745,True,False,12.0,2.977622397375179,3.2263327421637853,,True,
1721,True,42.0,2.9511123157547914,3.1807616875885287,2.7180000000042335,2.2640314452100707,True,False,12.0,5.711995108896648,3.156626869971103,,True,
1722,True,44.0,1.7752978298242834,2.385773467383842,2.4030000000030203,2.1953777047469534,True,False,72.0,3.5953684861481428,1.7479326453475534,,True,
1723,True,44.0,2.217633117230699,2.740199419840792,2.4480000000009374,2.293555180282349,True,False,72.0,3.7418346349117315,3.529032957394962,,True,
1724,True,44.0,2.237662789843338,2.767379477238137,2.635164622267365,2.315185500667279,True,False,72.0,3.9488671071389425,3.5021950098783474,,True,
1725,True,44.0,1.6979014511682795,2.2886296549804683,2.6768255653360886,2.3141538226531093,True,False,72.0,3.7153051072332324,1.4011892363132155,,True,
1726,True,45.0,1.9132000365103243,1.045413034644298,2.4468229045843235,2.0624852875596473,True,False,216.0,3.815307949580173,4.65187765103709,,True,
1727,True,45.0,1.5058178182430177,1.3792996657393815,2.4480000000024824,2.0513962467792517,True,False,216.0,3.826574165011051,2.487582607839397,,True,
1728,True,47.0,1.6994386078181272,1.3457880249661685,2.7360000000000873,1.998748899937158,True,False,2592.0,3.567703872975688,3.696702943587768,,True,
1729,True,47.0,1.1636924506378576,1.043362851272832,2.4480000000060644,2.0045634144371687,True,False,2592.0,1.6554359801280645,2.544736928870567,,True,
1730,True,54.0,2.1376090567610717,1.814513839148276,2.4480000000040505,1.8643555159625536,True,False,2592.0,3.730130323231448,4.2279765999251,,True,
1731,True,54.0,1.457975866864826,1.8307756836074986,2.4030000000085128,2.101626035311706,True,False,2592.0,3.4927810200161225,2.6261301338267775,,True,
1732,True,42.0,1.2865662526401336,0.9608684395243472,2.59195667566084,2.099415563365195,True,False,12.0,3.1685251333682403,2.258336100487438,,True,
1733,True,42.0,1.3294302898831685,0.47938441077712923,2.6100000000090606,2.2938443946571443,True,False,12.0,3.2821833009489736,3.154426601339728,,True,
1734,True,42.0,1.6161980468377442,1.5172559047023242,3.1050000000029216,2.2899973301731165,True,False,12.0,3.2721236248187138,3.222838039837615,,True,
1735,True,42.0,1.2489259105948551,0.9220049636714975,2.6100000000082466,2.105830902280618,True,False,12.0,2.931213963279023,2.7431499654901854,,True,
1736,True,48.0,1.7750387360248259,0.3803243175862008,2.1600000000070745,2.243116717984153,True,False,216.0,3.080977034658553,3.222224923891324,,True,
1737,True,48.0,1.90015945667625,0.4578886425260862,2.6100000000017545,2.295176393787632,True,False,216.0,4.414295254521063,3.0953669055669137,,True,
1738,True,47.0,0.9677620142652802,0.5762421847211954,2.4170713039178646,2.1965037579981512,True,False,144.0,3.1645009203454397,3.3167985991362277,,True,
1739,True,47.0,2.056752037540602,1.6956899053548113,3.105000000002125,2.2111139874054437,True,False,144.0,3.162305799921159,4.449197294047726,,True,
1740,True,53.0,0.870509305097001,0.5374909728598141,2.202872624279309,2.1593907280990163,True,False,432.0,1.0608335715192971,1.6097129774456023,,True,
1743,True,41.0,1.1783653933730207,0.7402189928361622,2.8233535815137083,2.08492770064096,True,False,192.0,4.488026255626898,2.9025884731395744,,True,
1744,True,41.0,0.9421832520189621,0.6051294058379426,2.160000000004498,2.0176458560163626,True,False,192.0,1.1821637014806905,3.077078101046458,,True,
1745,True,52.0,2.161023216434914,1.7977444931748323,2.475000000004389,1.9577275473364522,True,False,216.0,4.813728807802726,4.59503932418145,,True,
1746,True,52.0,1.6946299976570536,1.7396573403493676,2.4480000000081885,1.826602815447299,True,False,216.0,4.81993017948774,1.2752451672786196,,True,
1748,True,53.0,2.857295840929775,2.29259461725087,2.44800000000492,2.1013579881114977,True,True,5000.0,4.738464762197902,5.5380096059481945,,True,
1749,True,42.0,1.4019435097399053,1.3882527812602348,2.7781631296894225,1.7780713383045124,True,False,2592.0,1.3352760163208248,3.351349036869247,,True,
1750,True,51.0,0.9755845880729012,1.1335447659512283,2.16000000000064,2.127973151287393,True,False,216.0,0.5756011475015719,1.1269427027799572,,True,
1751,True,51.0,1.1550748202138408,0.9153941393960849,2.4480000000023185,2.1066608040688464,True,False,216.0,3.1894456407836045,3.0642895988069543,,True,
1752,True,49.0,0.5726168284575472,0.6880888307860005,2.6100000000099084,2.1270030005855656,True,False,36.0,0.5649673821955222,1.0193881982391888,,True,
1753,True,49.0,0.8693946697395047,0.4058460364831262,2.7498026467445262,2.154123622473882,True,False,36.0,3.3745423013751537,2.86381434915305,,True,
1754,True,49.0,0.9568495036270112,0.7276976350403856,2.448000000004716,2.133205721912446,True,False,36.0,3.1958996514203415,2.7015013380374286,,True,
1755,True,49.0,1.4247199126978602,0.9256385100416082,2.374832205959474,2.151304230344932,True,False,36.0,3.232592890857267,3.3695681212257647,,True,
1756,True,46.0,1.3220295489992742,1.046523267748853,2.6100000000060035,2.152094553522219,True,False,192.0,3.1301375392222925,3.29570934925421,,True,
1757,True,46.0,1.1789678332896651,1.257957611389429,2.853000000002116,2.2770349706800728,True,False,192.0,1.7115907945779252,3.086686595093446,,True,
1758,True,47.0,1.9277136898581102,1.6034308642665565,2.403000000001762,2.294926118309694,True,False,288.0,5.936302152382243,3.422572418640938,,True,
1759,True,47.0,1.626989849658709,1.8572428332154232,2.160000000003614,2.271429079148191,True,False,288.0,3.60803354339321,2.120732051774261,,True,
1760,True,49.0,1.3022678019771674,0.9990288384578889,2.160000000000349,2.1609052608571253,True,False,432.0,2.3108879827840947,2.7903853424379754,,True,
1761,True,49.0,1.2361191689522648,0.7096301900746766,2.4480000000068105,2.143684720871985,True,False,432.0,3.1782222877070154,2.765860319588133,,True,
1762,True,47.0,1.5514684964505852,0.5713353036917397,2.4569160409940447,2.2939178236589033,True,False,192.0,3.1975165275279296,3.445937458320192,,True,
1763,True,47.0,1.3835477305741926,1.1793999075634929,2.448000000007051,2.4668698435466756,True,False,192.0,2.9962793917266204,2.037987113964087,,True,
1764,True,45.0,0.7729269360399501,0.990319605487457,2.4030000000057528,2.1989327798047853,True,False,36.0,0.7766418510468467,0.5564440090196875,,True,
1765,True,45.0,0.7231206328335267,0.9177234914277506,2.601579185352648,2.2844728924414928,True,False,36.0,1.0681362933426348,0.6131934932047489,,True,
1766,True,45.0,1.1073249890999104,0.06937758186541032,2.7745609633659036,2.3077419858814374,True,False,36.0,2.7985338710591705,3.629157004518937,,True,
1767,True,45.0,1.4801342954364263,1.2420616019808222,2.610000000001099,2.249128974269817,True,False,36.0,3.237159980843789,2.980286429480011,,True,
1768,True,49.0,1.9304641013324098,1.8619322817830835,2.4750000000059296,2.2627992901271643,True,False,216.0,3.5144616292267883,3.3688992780422224,,True,
1769,True,49.0,1.5873868877783772,1.0006229593454918,2.4480000000018496,2.3519623498049453,True,False,216.0,2.618446296912727,3.3426789832574832,,True,
1770,True,39.0,1.3015204435673822,1.6648597268213052,3.1950000000003227,2.1926358916609936,True,False,12.0,3.153091626488063,1.8609158539454649,,True,
1771,True,39.0,0.4933107472295431,0.7588882336531242,3.195000000004881,2.083877263516256,True,False,12.0,0.8344877885849844,0.2402661176209904,,True,
1772,True,51.0,0.5973119670135226,0.7316970334868529,2.3709014217352222,1.9204984355630184,True,False,288.0,0.6060010810929759,0.7832302350224625,,True,
1773,True,51.0,0.6213418140854472,0.7309897938721406,2.280550865430291,1.8082875387780561,True,False,288.0,0.7172351111850198,0.993498058168008,,True,
1774,True,51.0,2.3779266007840825,2.256202574557392,2.4030000000012954,2.1012398635091616,True,False,1296.0,5.54263701884368,3.2700635320071156,,True,
1775,True,51.0,2.0015042345861316,1.552086514839175,2.4030000000068146,2.279011618114309,True,False,1296.0,5.628018564937957,3.2143107990985547,,True,
1776,True,51.0,1.940397577732174,1.7267434451932786,2.448000000008454,2.08112854468435,True,False,2304.0,4.193251522934829,3.3273445901167125,,True,
1777,True,51.0,1.3684589495252195,1.3281012585939607,2.5402102480722144,2.1980256532852382,True,False,2304.0,2.3920310429074783,3.4627349414540065,,True,
1778,True,51.0,3.80253301998597,4.39560466691546,2.1600000000033406,2.03041468468882,True,False,432.0,5.290653823378498,6.87373535642744,,True,
1779,True,51.0,3.6374346929907984,4.357195370685076,2.3624730367066356,1.9493556565696264,True,False,432.0,5.040290165127623,6.414353034527692,,True,
1780,True,45.0,2.025684344321093,1.6713363628732623,2.160000000008223,2.1248330814913436,True,False,1152.0,3.8111769070806565,5.270428327419376,,True,
1781,True,45.0,2.0867468645342955,1.0113793950258696,2.610000000005653,2.312446452439494,True,False,1152.0,5.670243429169244,4.287814610023808,,True,
1782,True,35.0,1.1020996920975314,0.13021075034339447,2.3580007620183743,2.135028529200488,True,False,216.0,3.0311315369231697,2.979657084418689,,True,
1783,True,53.0,1.3565548340836695,0.842596313013928,2.1600000000032966,2.3279351142160296,True,False,432.0,3.6970109816863266,2.788220644416658,,True,
1785,True,57.0,0.7366451154434139,0.3930046748901077,2.3288176542627568,2.0984534923843325,True,False,2304.0,1.1724122277410494,3.0639231985263145,,True,
1786,True,57.0,1.8349590417491266,0.557133460224577,2.4030000000106067,2.235190338673644,True,False,2304.0,3.180209803126869,3.6179428749530578,,True,
1787,True,56.0,1.769880538795697,1.2024992846345413,2.1600000000075807,2.2839995496496934,True,False,432.0,2.6272767931758256,3.6030240850748947,,True,
1788,True,56.0,2.084450708948439,1.0903014413343044,2.5545766932037774,2.170439015084276,True,False,432.0,4.313584954795988,5.5868323954938255,,True,
1790,True,39.0,0.8534401333119632,0.7011944879523071,2.691257148522515,2.3654609946477665,True,False,24.0,1.1320525506402628,2.5562045021950213,,True,
1791,True,39.0,1.4576517578832533,1.1653471378158429,2.519706716984362,2.2988777215632847,True,False,24.0,3.001972229401283,2.974766186481086,,True,
1792,True,39.0,1.5332045190607242,1.5176542091285228,2.2297537266241845,2.2912656960291615,True,False,24.0,1.4534688569913574,2.6727230831569733,,True,
1793,True,53.0,2.3636444500673703,2.6035090032783046,2.4030000000096683,2.0778194645830035,True,False,288.0,3.532477116557954,4.2107594212636466,,True,
1794,True,53.0,1.7705398446206093,1.9500890168746992,2.160000000003821,2.211691142293607,True,False,288.0,3.526199535209645,2.965666666255792,,True,
1795,True,46.0,2.1027403723744205,1.4069376652187202,2.7094440840667025,2.44751046790407,True,False,216.0,5.030712986203456,3.140869878131868,,True,
1796,True,46.0,2.105509616084013,1.138745885255048,2.7900000000065295,2.296592951156125,True,False,216.0,5.634877640080176,3.304445528219189,,True,
1797,True,54.0,2.3279928800168563,2.5636185589028173,2.806695304071873,2.297715743885653,True,False,2304.0,3.7173487595566024,3.2923219776345527,,True,
1798,True,54.0,2.3729122381596635,2.7066973702894757,2.9250000000026883,2.075850494761123,True,False,2304.0,4.145699608215014,2.709480748307415,,True,
1799,True,42.0,1.772649832835652,0.7370801858669438,2.475000000002066,2.287412945032007,True,False,192.0,3.284117705115501,3.910591282471468,,True,
1800,True,42.0,1.662132323263134,0.5439285237698641,3.10500000000328,2.6990316388660585,True,False,192.0,3.272771827819251,3.886359489121364,,True,
1801,True,57.0,2.301487714852113,2.246094492980774,2.1600000000041293,1.9410971541115607,True,False,1296.0,2.9874396814447715,3.7412039679581603,,True,
1802,True,57.0,2.136266774516445,1.8487241886796255,2.1600000000075648,1.9753315818110133,True,False,1296.0,4.044205908375693,5.150260475951985,,True,
1803,True,50.0,1.265506711653447,1.3578356070574955,2.4755361634302875,2.1358047300490743,True,False,1152.0,1.5705608281633134,3.2982750401558976,,True,
1804,True,50.0,1.3908701636527312,1.073283136367536,2.488010286303611,2.0761925553522245,True,False,1152.0,3.1481756355811257,3.302030067778184,,True,
1805,True,46.0,1.0031153965104291,0.8257436827043421,2.817184087650766,2.161400179374472,True,False,8.0,3.0575834730978135,0.9358132747487028,,True,
1806,True,46.0,0.4822075664326765,0.5577618918214284,2.782411602605238,2.323192262814251,True,False,8.0,0.19031923176052748,0.32155690491556815,,True,
1807,True,50.0,2.8406373993036347,3.646209887570876,2.6550000000012974,2.12992178699125,True,True,5000.0,3.6628664836077984,3.6756618751110897,,True,
1808,True,50.0,2.52066008099727,2.705070526986674,2.482841516253639,1.9080532760381719,True,True,5000.0,4.340602397546823,4.536505852420137,,True,
1809,True,50.0,2.6404351749984185,3.235969783832843,2.160000000000652,2.1501068992261754,True,True,5000.0,2.896507160021406,4.275553337151506,,True,
1810,True,50.0,3.075306372591606,2.8214823629714374,2.6100000000007326,2.0885211676207645,True,True,5000.0,3.6594130171995984,4.9007667148251715,,True,
1811,True,52.0,1.973008152749491,1.014710753770487,2.4750000000099917,2.004442189163858,True,False,288.0,2.9883416654720616,4.3608720956780616,,True,
1812,True,52.0,1.5682725754575677,0.8535630978367408,2.187057751811437,2.057113080095501,True,False,288.0,3.2818170951127263,3.8943429147346484,,True,
1814,True,57.0,2.4441510974591054,2.7003425480652368,2.1600000000062387,1.9381004354779965,True,True,5000.0,4.6354799005048255,4.561638580660606,,True,
1815,True,49.0,0.9269228379322345,0.8701576145213039,2.160000000005445,2.1722837560042656,True,False,16.0,1.0914701397316355,1.360642749697617,,True,
1816,True,49.0,0.8398626093195474,0.3115642521697737,2.6100000000102344,2.1509663332325775,True,False,16.0,1.4027465771206131,2.243917971124674,,True,
1817,True,38.0,1.3360483523448723,1.7488477278820937,2.6910000000006637,1.760620959377685,True,False,2592.0,1.1159590183782804,0.9789847084357662,,True,
1818,True,38.0,1.3241480643330004,1.1085988817176258,2.403000000006256,1.8435218039936494,True,False,2592.0,2.4521617964970357,1.9560388586506945,,True,
1819,True,42.0,0.6203139475070174,0.8784138368064305,2.4382867678123303,1.8083524729709082,True,False,12.0,0.7270448427673156,0.40419102173766325,,True,
1820,True,42.0,1.5416952524079874,0.8806155712409236,2.7450000000012706,1.871308085805221,True,False,12.0,2.5259179992882776,4.650781356242992,,True,
1821,True,45.0,2.010356415049975,1.544149603567348,2.1600000000008333,1.983952025856472,True,False,432.0,5.534853835388575,2.567879611439386,,True,
1822,True,45.0,1.5256479734232928,1.071966020124819,2.4480000000105546,1.885408123510663,True,False,432.0,4.3892409210493115,2.4449275689021035,,True,
1823,True,49.0,1.4325242663509037,0.6579133773338981,2.713244182986764,2.2224251344421027,True,False,72.0,2.470616746554599,4.512664080621268,,True,
1824,True,49.0,0.6172259504131813,0.7578147367821657,2.4480000000039177,2.2887217997170386,True,False,72.0,0.46681290094090033,0.4916087545343713,,True,
1825,True,53.0,1.2904377497865143,0.9635918352578301,2.1600000000000725,2.3516064579133986,True,False,432.0,2.9976848778987444,3.1578385648729204,,True,
1826,True,53.0,1.732667468622666,1.9202254181982426,2.1600000000015833,2.2959509764147845,True,False,432.0,1.9097986884629743,2.5340556985583893,,True,
1827,True,49.0,1.636676518426295,1.3758868687291397,2.89604369039793,1.8360050100421839,True,False,72.0,2.5008158766481756,4.601446895779131,,True,
1828,True,49.0,1.2084911533493516,1.4200959131303534,2.1600000000081154,1.8451761456294626,True,False,72.0,1.0796092287859622,2.1327599828174746,,True,
1829,True,53.0,1.89279250826287,1.766026192890422,2.160000000001547,2.2828592188744365,True,True,5000.0,3.2689422161746733,3.1750762766141696,,True,
1830,True,53.0,2.170720725376457,1.8662719817002653,2.226042947179494,2.287459159110824,True,True,5000.0,3.898148370599161,3.001468029294782,,True,
1831,True,52.0,2.017324149799224,1.1955357055194327,2.1938941333367663,2.3098633513045748,True,False,72.0,3.125394901189311,3.4335664139914743,,True,
1832,True,52.0,1.8478259142058167,1.0595629408162495,2.1715857902489626,2.199032083463086,True,False,72.0,3.1261085372268096,3.3059445019033675,,True,
1833,True,52.0,2.075599335366778,0.9994369518826716,2.1600000000056543,2.3173973107130332,True,False,72.0,3.1262376110112062,4.722240146072978,,True,
1834,True,52.0,1.6722684005739032,1.0636386010264687,2.160000000001903,2.2078738122003263,True,False,72.0,3.0835636448005155,3.8868933380182344,,True,
1835,True,52.0,1.4786557010704073,1.2650230569634004,2.1600000000072366,2.235645298096279,True,False,72.0,2.8953368078522344,3.2837374735428924,,True,
1836,True,52.0,2.446495272725125,2.488450670392922,2.160000000001638,2.2717711674814436,True,False,72.0,3.169702692483522,3.590888884220906,,True,
1837,True,52.0,1.9237911101394405,2.0078390171183855,2.473164712099567,2.2066394647064573,True,False,72.0,2.908859287060157,3.269085301364977,,True,
1838,True,52.0,2.6322399631608535,3.189282506104064,2.160000000000278,2.286542948776602,True,False,72.0,3.1985389499719026,3.0925379654968403,,True,
1839,True,52.0,1.0514525513240256,0.3794364335408318,2.610000000001278,2.084916357099248,True,False,144.0,2.939091996607308,3.1029624219910676,,True,
1840,True,52.0,1.0158184085534352,0.42831668855797034,2.610000000002265,2.214895245378435,True,False,144.0,3.3292653343232668,2.6945421113464154,,True,
1841,True,52.0,0.7202515109627772,0.7400548553632689,2.5722912303491823,2.0273214041192382,True,False,144.0,0.8526242873175105,1.4271621804163381,,True,
1842,True,52.0,1.4700885568711093,0.998752536932443,2.160000000008853,2.230099148423675,True,False,144.0,3.3256817216257417,3.0732206075343593,,True,
1843,True,48.0,2.3804401988623787,1.6033534621274157,2.7630000000036237,2.2181808812853836,True,True,5000.0,3.823488545933091,4.560698942813735,,True,
1844,True,48.0,2.2326256316215867,1.4365295421848714,2.4750000000000867,2.0474530325748623,True,True,5000.0,4.245378900859875,5.0816625457613975,,True,
1845,True,56.0,2.026508981649647,1.8594946003431687,2.6100000000080463,2.2080045821963328,True,True,5000.0,3.7442670828818847,3.338262908252962,,True,
1846,True,56.0,2.2674154189604523,2.3297486176816165,2.1600000000079618,2.340814232441353,True,True,5000.0,5.024765416951082,3.298064759676512,,True,
1847,True,53.0,1.5168789778098308,1.6510009298981458,2.3439914924474157,2.057980896728636,True,False,96.0,1.321817709353371,2.288076327457831,,True,
1848,True,53.0,2.0928373828150946,1.694904785057588,2.160000000006044,2.2325632481522217,True,False,96.0,3.003746094926533,4.663709497067116,,True,
1849,True,46.0,1.2912847256795172,1.144942123672081,2.2825629435466652,1.97329389747194,True,False,192.0,1.2402162720699517,2.8368124926488947,,True,
1851,True,48.0,1.0508257422573761,1.0950179349529208,2.6100000000018784,2.275207193224388,True,False,216.0,1.119756472576726,1.5267474769917198,,True,
1852,True,48.0,1.5935031224974319,0.9483289379313646,2.160000000002461,2.0981623705995682,True,False,216.0,3.6833969078776625,2.8834502909865356,,True,
1853,True,44.0,1.659535817727513,1.7578484715049854,2.4480000000001767,2.481532600148545,True,False,1296.0,3.5671917792049053,2.6536307369936956,,True,
1856,True,49.0,1.2807947661407055,1.0661577247810783,2.734328995115413,2.1859320245149436,True,False,432.0,4.088454001958507,1.9623554206116112,,True,
1857,True,49.0,0.9825933613033182,0.4769692022346135,2.2209410802519054,2.2595589666127327,True,False,432.0,3.0905501484399003,2.52870634076168,,True,
1858,True,49.0,1.3618102138255521,1.2750172269370523,2.4750000000084236,2.179776124467832,True,False,432.0,4.1142722784326935,1.9257907328834936,,True,
1859,True,49.0,1.1961490873918987,1.454052369324927,2.1600000000082455,2.2716959199021334,True,False,432.0,1.0453216327049997,1.492951606254445,,True,
1860,True,38.0,1.0501878486988923,0.43961044527895865,3.0666887672010277,2.071914316326812,True,False,216.0,3.107573892320196,3.09464447836254,,True,
1861,True,38.0,1.1288527092756229,0.9461160795326577,3.1050000000004503,2.1566349019015716,True,False,216.0,2.936555715423211,1.4435491957355737,,True,
1862,True,55.0,2.043103474547625,1.231067369622906,2.1600000000078348,1.897129670265056,True,False,432.0,3.523824846483616,4.599819978085967,,True,
1863,True,55.0,2.2191633788128553,2.9005418106535217,2.1600000000064643,1.9421311932256273,True,False,432.0,2.3776850208386193,3.1095841649884797,,True,
1865,True,52.0,2.563752498965878,1.7703702217550017,2.160000000003292,2.2160506149003005,True,True,5000.0,4.894181823215324,4.952549135568213,,True,
1866,True,45.0,1.05716469680706,0.9058386678225361,2.1600000000022264,2.0178777210475367,True,False,216.0,3.370476688483799,2.842659095947197,,True,
1867,True,45.0,1.5291833242149397,0.8082276968016231,2.1600000000060655,2.0295455791137087,True,False,216.0,2.472760125713799,4.585687161402486,,True,
1868,True,55.0,2.415781684223711,1.7089343438528886,2.160000000000292,1.9968946438908588,True,False,288.0,3.1662036893291416,4.513824524770687,,True,
1869,True,55.0,1.7333278533319818,0.9471349616142106,2.2655452463538706,2.0605599672419146,True,False,288.0,3.066638314064908,4.57057830947909,,True,
1870,True,49.0,3.235192874498216,3.3463202162311063,2.1600000000039214,2.2742961117233613,True,False,1296.0,5.1174802148731295,6.252559413572806,,True,
1871,True,49.0,2.4989900726675374,0.9018801424062985,2.2718148124939614,1.9384441123230765,True,False,1296.0,4.686578065034987,4.843372618822822,,True,
1872,True,49.0,2.938461424689868,1.4103530043030332,2.250730800025302,2.286714376982836,True,False,1296.0,5.684857549609485,6.974731163357683,,True,
1873,True,49.0,2.71418845213469,1.726712927022163,2.596746618418433,2.371921023263633,True,False,1296.0,5.085773324732961,6.447615720169285,,True,
1878,True,46.0,2.114606155562047,2.000464356773591,3.1950000000033287,2.0858819944809914,True,False,144.0,3.3751990319615914,4.1006435320023895,,True,
1879,True,46.0,1.5920408847539365,1.2251219074132678,2.5227572913020477,2.0648774324399986,True,False,144.0,2.607136917788802,4.17452033288488,,True,
1880,True,58.0,2.585292305551749,2.893217088912934,2.1600000000085773,2.2121178093401808,True,True,5000.0,3.5327450482901606,3.771162791542579,,True,
1881,True,58.0,2.3459308221862516,1.0955349390133051,2.542154959167072,2.297820056357765,True,True,5000.0,3.891358564623129,5.548903821060071,,True,
1883,True,40.0,1.563333743121773,1.6303761103954457,3.1013935868881872,2.561360483454057,True,False,192.0,2.2414037565694636,3.2154371272599294,,True,
1884,True,53.0,2.5919402675268635,1.5758377211750485,2.4480000000000257,2.2433454436622107,True,True,5000.0,4.129169304398125,5.910633238545738,,True,
1885,True,51.0,1.864673340314672,1.6373909666654072,2.610000000006493,2.0745761315025293,True,False,432.0,2.8936031877597275,4.466770254946519,,True,
1886,True,51.0,1.1728964688443764,0.8323185384979297,2.1727663917877322,1.9928246174964819,True,False,432.0,3.002410822409071,3.1791418858850387,,True,
1887,True,49.0,1.6775731262156708,0.6611830498222844,2.647938097838193,2.2449981866585103,True,False,1152.0,5.277558913085666,3.176052966089286,,True,
1888,True,49.0,1.3941097427040754,0.9730674823877052,2.4480000000010436,2.3994097595450428,True,False,1152.0,3.1730533694374854,3.2147909548228344,,True,
1889,True,52.0,1.6244617419670706,1.413806222833955,2.8320863881591416,1.9057572757305694,True,False,216.0,3.105411697549651,2.9512866911251567,,True,
1891,True,45.0,1.5401894403618948,0.9420721508395218,2.7045922098012163,2.243939453684078,True,False,288.0,2.4611615976455563,4.60340741531551,,True,
1892,True,45.0,1.5397181776854993,0.9759846346532868,2.6100000000001855,2.1870227577462473,True,False,288.0,2.44623969332204,4.580695549223124,,True,
1893,True,49.0,1.8709967686692617,1.7639199614568497,2.8980000000014368,2.149762094953765,True,True,5000.0,1.9195747162774084,3.0292238723924565,,True,
1894,True,49.0,1.8156374904267303,1.441356491726765,2.448000000001873,2.0564572945967052,True,True,5000.0,3.2160700900695276,3.888281316277568,,True,
1895,True,48.0,1.4786357036912638,0.7110481568088289,2.6100000000019854,2.2771301875386922,True,False,36.0,5.04798488104065,3.732176070661403,,True,
1896,True,48.0,1.1806556058670665,0.2905230315591325,2.311433889692523,2.3703842678139764,True,False,36.0,5.071244748031318,3.656193575004492,,True,
1898,True,48.0,2.260491185233705,1.9758632263183245,2.4750000000006844,2.4138709815771016,True,False,36.0,4.9171004498076085,3.056352562878969,,True,
1899,True,58.0,1.634566530687373,2.1632124087373086,2.610000000004971,2.3082111648200643,True,True,5000.0,1.4618352508669514,3.649295436033422,,True,
1900,True,58.0,1.8321261781389053,1.8090615379987867,2.6100000000067487,2.102116841781161,True,True,5000.0,1.976908951254752,3.900772740436362,,True,
1901,True,55.0,2.061074506993219,1.4655250448849984,2.1600000000003123,2.0431754328985066,True,False,432.0,3.158989328190876,4.809130323112724,,True,
1902,True,55.0,2.1440084954724945,0.9419802384909417,2.1600000000010016,2.309504212704536,True,False,432.0,4.1397906799134905,5.327738591864396,,True,
1903,True,55.0,2.337183195326834,1.5765683301033278,2.2978019050242793,2.2708201596779967,True,False,432.0,4.057746279255363,5.269390419457742,,True,
1904,True,55.0,2.116577073693171,1.199293146491982,2.3369036313408738,2.249467354975395,True,False,432.0,4.115976648405122,5.187277725673179,,True,
1905,True,53.0,2.014690930249679,1.4992006286447577,2.6125754423749803,2.232675341781693,True,False,384.0,3.5057709683690876,5.172158889391479,,True,
1906,True,53.0,1.6117863427877201,1.4121479238528991,2.475000000004652,2.1953474501089802,True,False,384.0,2.2151533424175764,3.551010848098008,,True,
1908,True,50.0,1.7104322492958628,1.610416105701006,2.898000000007995,2.287290957552187,True,False,432.0,4.150625600596106,2.8606101953157497,,True,
1910,True,49.0,1.1030726649515579,0.1522366782592144,2.6114171161914084,2.168737412067215,True,False,48.0,3.006914311280534,3.461973685409558,,True,
1911,True,49.0,2.0317407258274565,1.532577113401203,2.4750000000075456,2.125167851864883,True,False,48.0,3.1937349586994825,3.8832443747630623,,True,
1912,True,54.0,1.837945471373862,1.211557715516392,2.184847903778541,2.2628547200825775,True,False,64.0,3.388825521754354,3.091510164275309,,True,
1913,True,52.0,1.5858884656322423,0.8411535806153552,2.296875180936176,2.0410731108169546,True,False,72.0,6.400364550700839,2.6267806287219506,,True,
1914,True,52.0,2.047834375072373,1.790839071982191,2.1600000000098105,1.991861353533423,True,False,72.0,6.351676687622229,2.6175777218197633,,True,
1915,True,54.0,1.578088026913168,1.410056220003753,2.4480000000072297,2.00558867221073,True,False,2592.0,3.4128618840969756,3.4652312884462075,,True,
1916,True,44.0,1.2398395523165724,1.1868966507099685,2.698266439444946,1.9671020577997471,True,False,2592.0,2.448407870499677,1.518330227252778,,True,
1917,True,44.0,1.374476397623909,0.7306177624777774,2.6716906205973814,1.9834179776587688,True,False,2592.0,3.4684209500219088,2.8740111290953316,,True,
1918,True,53.0,1.0749652395029312,0.8360215245920699,2.372487550221802,2.0270999602387643,True,False,72.0,2.795051920202528,3.3171521194029143,,True,
1919,True,53.0,2.350809120456062,2.177068908658839,2.6550000000042746,2.012317137654997,True,False,72.0,2.8432660134193033,4.625447719928453,,True,
1920,True,48.0,2.203403563415775,2.2260663895685866,2.7630000000013584,2.052301672464358,True,False,864.0,4.569594990197033,2.6867821078999206,,True,
1921,True,55.0,2.000610597665919,1.747787966953183,2.160000000000438,2.1598796311368833,True,False,288.0,3.2893583485333426,3.1664845352776037,,True,
1924,True,47.0,2.437455960528509,2.3774914419991546,2.541866508498616,1.985259233802981,True,False,432.0,3.3787513413023262,4.768064000348133,,True,
1925,True,47.0,2.641887502786366,1.7443299749720609,2.4030000000034706,2.4130733879847086,True,False,432.0,4.023109364764791,4.618013015780259,,True,
1926,True,38.0,1.538648076001582,1.389782950944209,2.4480000000049555,1.9553347331850883,True,False,2592.0,1.179614112870921,3.1506630684487344,,True,
1927,True,38.0,2.0629341190246033,2.177338137757033,2.5448964719001834,2.3419630485129352,True,False,2592.0,3.938291221045137,2.608860929785732,,True,
1928,True,52.0,1.4687606289814314,1.0655448266188614,2.694707357247102,1.7700713360201044,True,False,2304.0,1.7594867837289818,3.300316218936705,,True,
1929,True,52.0,2.9213779403241276,2.462104305919638,2.4480000000085713,2.4142621740399277,True,False,2304.0,6.285001210033307,4.609428567571233,,True,
1930,True,53.0,1.9350519504688968,2.2414288433428737,2.4480000000052367,1.7762355114680037,True,False,288.0,2.757461425913233,3.925120733607418,,True,
1931,True,53.0,1.5098022617041735,1.0399056519927399,2.473071272653434,1.9868931060577972,True,False,288.0,2.3674387189627426,4.489751745248218,,True,
1932,True,56.0,2.336433038025662,2.2283762455990654,2.4030000000013008,1.784177529227403,True,False,864.0,2.2442087472134293,3.876147333763921,,True,
1933,True,56.0,1.8592111161127476,1.8967190114672121,2.447005946101552,2.1576338192334674,True,False,864.0,1.4312779975836536,3.234391269878508,,True,
1934,True,52.0,2.937346186482707,3.0041667284967843,2.4750000000088166,2.4279987130350786,True,True,5000.0,4.4270938197563074,5.956416087998832,,True,
1936,True,46.0,0.8737840502216958,0.48651897818490397,2.47500000000244,2.2632288248871344,True,False,24.0,1.792384732950732,1.7761310278847902,,True,
1937,True,46.0,0.8281628739253781,0.37348703750103596,2.6287537705798543,2.177422816886973,True,False,24.0,1.7554257591703053,1.7293715431614805,,True,
1938,True,54.0,1.7017791876816772,1.2028376166636008,2.181259383577934,2.2315560744018956,True,False,2592.0,3.2947902250298218,3.0107728169448005,,True,
1939,True,47.0,2.1954723294785055,0.9595170724242053,2.160000000007148,2.1967098376890837,True,False,432.0,3.8400210558082906,4.991125791819337,,True,
1940,True,47.0,2.3025838069744182,1.6670363989833277,2.1600000000082487,2.0953866182879,True,False,432.0,3.8392710077116288,5.007224925878542,,True,
1941,True,47.0,2.7350957009216166,2.776956130972394,2.745000000000325,2.1541806936513006,True,False,432.0,3.8358160487782516,5.028241870456631,,True,
1942,True,47.0,2.593741071328444,1.8998626981665439,2.1600000000011925,2.229751850610287,True,False,432.0,3.83649490632036,4.986568020389871,,True,
1943,True,51.0,1.8187034470386727,1.2519278107101854,2.475000000000122,2.0277305197190283,True,False,2592.0,3.6016129707402897,3.1839753906762223,,True,
1944,True,51.0,1.7627743329303083,1.6150502518466965,2.8980000000075514,1.9428946288720859,True,False,2592.0,3.5957575978454015,3.141732380505585,,True,
1946,True,35.0,0.9104507329191762,0.4886376687718439,2.853000000000788,2.365601358513306,True,False,192.0,1.1719285614465547,3.11043388712715,,True,
1947,True,51.0,2.5543311234509756,2.220761596447119,2.160000000004255,2.42845051154023,True,True,5000.0,2.6757828692780317,3.968457629426583,,True,
1949,True,41.0,0.8755021689286152,0.7082961729247472,2.4516081669813627,2.124894891141677,True,False,72.0,3.2102928815379586,1.751156826218974,,True,
1950,True,41.0,1.5082690445633846,1.5404228765728476,2.6100000000077794,2.0932136186734502,True,False,72.0,3.1513092199722474,2.454540943579533,,True,
1951,True,41.0,1.3351556880568118,0.8088568975035741,2.8574596279521747,2.281040112076068,True,False,72.0,3.376214475065589,3.161257131321184,,True,
1953,True,40.0,2.21238702096134,2.0362629262453993,2.7450000000078862,2.243409726220335,True,False,144.0,2.214031374625143,3.604708394396798,,True,
1954,True,40.0,1.748777139595606,1.867918745141651,3.195000000003567,2.2460539997960867,True,False,144.0,2.1214885982807936,1.9667540290076768,,True,
1955,True,43.0,2.279051952837162,2.9888817789287714,2.9430000000024172,2.301035007165254,True,False,2592.0,3.740902950628232,2.542675555998714,,True,
1956,True,43.0,2.179943971725368,2.0718953294526727,2.2259346717033024,2.0109364676687327,True,False,2592.0,3.1624110725007375,3.734060347770592,,True,
1957,True,52.0,2.200328894584018,1.9299394390582165,2.434944010823744,2.110453252289659,True,False,64.0,3.0834791089643834,3.996439780210837,,True,
1958,True,52.0,1.2066034507102017,1.1751010521802527,2.7103445001073383,2.0915481815631227,True,False,64.0,1.609668451551946,3.210473046864393,,True,
1959,True,47.0,0.72317917351521,0.1869500583561603,2.4243639982986944,2.361360469835133,True,False,36.0,1.0831761132829645,1.9284892226414683,,True,
1960,True,47.0,1.8445810785563352,1.8375947321474086,2.8980000000002426,1.8935371881481493,True,False,36.0,2.3864635384576136,3.096711935972035,,True,
1961,True,47.0,1.1185685995473633,0.7205864535353612,2.6100000000059347,2.3270078678852806,True,False,2592.0,3.349582606187382,2.3745212233746362,,True,
1962,True,47.0,0.9572968937685948,0.569909856065351,2.448000000006302,2.3361117839050425,True,False,2592.0,1.6584159414996582,2.273078573122371,,True,
1963,True,54.0,1.7225348513596395,0.8151797374957823,2.1669499768151925,2.2415191542567734,True,True,5000.0,3.4573155047108144,3.812139928978771,,True,
1964,True,54.0,2.543430829726471,1.9225859501893865,2.1600000000095223,2.230731934545251,True,True,5000.0,2.931958261453167,4.164071957574035,,True,
1965,True,51.0,1.2807159210169554,1.236952771894721,2.1600000000028667,2.0629123071279594,True,False,16.0,3.1901326672431334,2.849855891749151,,True,
1966,True,51.0,1.4904482575396996,0.937344973503059,2.6068456456301514,2.0980183865972193,True,False,16.0,2.274527165398779,3.609378560424744,,True,
1967,True,52.0,2.199933312639588,1.3604803482558054,2.639230655165463,1.888755876470011,True,False,288.0,3.9635578112776964,4.442946507394666,,True,
1968,True,52.0,1.5743580099502972,1.0096925208490575,2.600339523490411,2.266283593749909,True,False,288.0,2.3728326297387037,4.493595873738556,,True,
1969,True,51.0,1.733439390945784,1.633254144962848,2.3679627001394365,2.2719954830500875,True,False,216.0,3.1662324827705497,3.561841758130009,,True,
1970,True,51.0,1.6432993567631113,1.079764160749619,2.2374622398168356,2.267946388828449,True,False,216.0,2.896602183985856,3.1535681227658166,,True,
1971,True,51.0,2.096522113189638,2.162053862310131,2.4480000000011044,2.108899511166902,True,False,216.0,2.799412400347098,3.5951937104298053,,True,
1972,True,51.0,2.321754175991576,2.8546540030729375,2.8980000000037354,1.9737021688441243,True,False,216.0,3.205973781109203,3.9236146092295763,,True,
1973,True,56.0,1.8769718816878398,1.7260753153423138,2.3827766377488175,1.9022461661152061,True,False,96.0,3.2527232751752666,4.254975426852364,,True,
1974,True,56.0,1.860254980368778,1.4203054801146209,2.160000000004264,2.0424601055834604,True,False,96.0,3.0503752131697706,3.310291698630688,,True,
1975,True,53.0,1.4918249304292808,1.2419390225077223,2.610000000006633,1.8183651710533832,True,False,2592.0,3.1750906920779265,3.4630376717069726,,True,
1976,True,32.0,0.22460385546476752,0.3051732919047936,2.6466354530267133,2.4937878133874984,True,False,72.0,0.25744278392272024,0.20205251224846651,,True,
1977,True,32.0,0.3298509070152492,0.40731295552905067,2.642266046803972,2.4246648304868863,True,False,72.0,0.3961409981318652,0.3194859012105541,,True,
1978,True,55.0,2.3939404547631615,2.2075843665697903,2.448000000002225,1.9877299925543206,True,False,72.0,5.267559428677588,4.526446881063033,,True,
1979,True,55.0,1.46966879488325,1.447032866981317,2.8475610960816944,1.9374214012702557,True,False,72.0,4.732443275803642,1.1513386756339234,,True,
1980,True,46.0,1.6155325526547193,1.6849234670298756,2.76300000000915,2.4461765942180054,True,False,2304.0,2.0273514440544855,3.360330502243614,,True,
1981,True,46.0,1.7977839720732953,2.016517759344424,2.9700000000023077,2.3260439204365855,True,False,2304.0,2.0588324883116393,3.558034637762229,,True,
1982,True,51.0,2.661372730263066,2.2419032963553036,2.2287990679586267,1.9700446100786653,True,True,5000.0,4.693811737787664,5.774118148556203,,True,
1983,True,51.0,2.799078429173965,2.8021488385275006,2.1600000000002755,2.1808774502708768,True,True,5000.0,4.26084272216745,5.432665409476427,,True,
1984,True,51.0,3.1528020086608475,3.2763381093427597,2.9430000000022822,2.2136356794648933,True,True,5000.0,4.301718910112508,5.376884443568733,,True,
1985,True,51.0,2.62843689782604,2.932969250221504,2.448000000008778,1.9716601273546106,True,True,5000.0,3.4469221201372187,3.715540327953136,,True,
1986,True,51.0,1.247257641835363,1.254432243116753,2.160000000002968,1.989074695103228,True,False,216.0,1.882909240275818,2.6092609645836315,,True,
1987,True,51.0,1.0299300482543934,0.8205848217803577,2.4480000000014557,2.043864159894194,True,False,216.0,1.3528058020662825,3.322130954961399,,True,
1989,True,51.0,1.0867183689813866,0.6854072686510335,2.6944255830327672,2.149871082390756,True,False,216.0,2.7867401558738636,3.4600142374583664,,True,
1990,True,50.0,2.167594324622561,2.2052585162746254,2.601191280288131,2.0369665825928513,True,False,2592.0,2.781421558244548,3.9973237433375473,,True,
1991,True,50.0,2.777706048148278,2.963961311670573,2.745000000006031,2.1763397749891906,True,False,2592.0,4.346472477191394,5.503164390651567,,True,
1992,True,50.0,2.0863463835305764,1.558953826814104,2.2900792778761936,2.1898015056621003,True,False,2592.0,3.023991953923832,3.7811173377667036,,True,
1993,True,50.0,2.247333869949083,1.8550170878479548,2.285721105755804,2.2253997103441887,True,False,2592.0,4.334886764465862,5.490352433526812,,True,
1994,True,55.0,1.4978199800675867,0.7253989752789494,2.2445302256004838,1.9485993695216057,True,True,5000.0,6.718732882881149,2.9648310901416015,,True,
1995,True,55.0,1.179811925223922,0.8200671547529055,2.6100000000011563,2.1218098994961827,True,True,5000.0,2.9856328233949005,3.417716112075037,,True,
1996,True,48.0,1.3938876830635276,0.7192235630536743,2.472915820636235,2.4589262042200453,True,False,192.0,3.136590778732913,3.0818245542508076,,True,
1997,True,48.0,1.9713385954304696,0.842854532689671,2.160000000004203,2.2526578358019664,True,False,192.0,6.2191479291375025,3.82614871488115,,True,
1998,True,54.0,1.9395949083602564,2.3247425137124083,2.2214856883065854,2.224603269461771,True,False,432.0,3.180007896673622,3.0739549215078323,,True,
1999,True,54.0,1.8055122134815442,2.090289310654043,2.1604244611072385,2.1261931448718387,True,False,432.0,3.14192080405329,3.0466126314575734,,True,
2001,True,50.0,2.518391547268635,1.778202211986354,2.6339369089135105,2.366504116941274,True,False,1296.0,4.659944982657078,5.694776864022123,,True,
2002,True,50.0,2.4022178859748764,1.4575116300402442,2.8980000000084756,2.2974432002119225,True,False,1296.0,4.621008397065383,5.739367771512511,,True,
2003,True,50.0,3.176868919662395,3.1503043496850296,2.160000000001174,2.3473577766714637,True,False,1296.0,3.0302952530263467,4.039510777514489,,True,
2004,True,53.0,2.185267243841167,1.5151752692217997,2.207207486448684,2.0770012757338407,True,True,5000.0,3.90922071120379,3.8122761164017804,,True,
2005,True,53.0,2.1820167738163954,0.5945920979356742,2.8539365095107927,2.2987620443621393,True,True,5000.0,3.503709921391117,4.0351048849209254,,True,
2008,True,52.0,1.692912787180275,1.7767310368108156,2.448000000008082,2.455215299337311,True,False,2592.0,3.3750248391028568,2.5876679849157282,,True,
2009,True,52.0,1.8652327827001574,1.3700704166585638,2.448000000003793,2.1686174377469163,True,False,2592.0,3.260666106709381,4.543843075751173,,True,
2010,True,51.0,3.3439286464375746,4.221118214823946,2.4750000000046657,1.9973725766115844,True,False,72.0,4.095210971310162,4.43643453404844,,True,
2011,True,51.0,2.251386075318067,2.4775860302142974,2.7180000000100564,2.0413045698033403,True,False,72.0,2.5518001774813666,4.498503064805654,,True,
2012,True,46.0,2.1804644403233975,1.7887429251459253,2.160000000003152,2.1075555538585453,True,False,216.0,4.04270658220088,4.575174729141309,,True,
2015,True,49.0,1.4561912085748188,1.0747362311994948,2.4343380473610017,2.2457153419345026,True,True,5000.0,3.288885375772297,3.0575739050314352,,True,
2016,True,49.0,1.5205671188158218,1.2188187434148858,2.1600000000022863,2.408609778482185,True,True,5000.0,2.818608840915437,3.346987285134615,,True,
2018,True,48.0,2.5302031488218297,1.847377289308497,2.50787305075617,1.863135179770915,True,False,864.0,5.779624305327369,3.6930307583951945,,True,
2019,True,48.0,2.879123836241605,3.935600109041843,2.7630000000068136,1.985486084061029,True,False,864.0,4.230505988630729,5.2983502460319345,,True,
2020,True,51.0,2.8198109889340053,3.2393903016672994,2.4750000000059678,2.284796686359642,True,False,12.0,5.819185718760972,3.397358392300982,,True,
2021,True,51.0,2.8407658117016243,3.2891715671394195,2.475000000000106,2.2194341324085287,True,False,12.0,5.894260184064541,3.0615341456806386,,True,
2022,True,51.0,2.6951136700866685,3.174888486322743,2.7952785935199698,2.242334291781669,True,False,12.0,2.7045678285860273,2.9801875446956316,,True,
2023,True,51.0,1.8101745515336054,1.0307004649766895,2.4767963218698013,2.2475020219345745,True,False,12.0,5.925755991668846,3.5223515647371055,,True,
2024,True,41.0,1.3050498819782663,1.5007655464796699,3.157955399941317,2.171306019450045,True,False,36.0,3.530855974180402,1.4365476783557969,,True,
2025,True,41.0,1.0548847973123554,0.43786462922071223,3.04661217218644,2.1723802629604236,True,False,36.0,3.0229776971247357,2.9934190233217755,,True,
2026,True,51.0,1.4692803305493145,1.1835370242697536,2.5542123967104065,2.0829715797869155,True,True,5000.0,3.283024982827552,3.60959518552339,,True,
2027,True,51.0,1.701027009316331,1.1616670353869267,2.4480000000022373,2.0210836926015703,True,True,5000.0,4.035302066080109,3.5095107815018687,,True,
2028,True,54.0,1.9039316553870176,0.4213750652379531,2.1600000000047737,2.3014650417723055,True,False,72.0,6.956829256638603,3.1463868244093356,,True,
2029,True,54.0,1.597112169589692,1.1378363766198163,2.1600000000031256,2.0972590112573126,True,False,72.0,3.321401728603255,4.558004830366785,,True,
2030,True,54.0,1.6217060902210785,0.3394691255853104,2.6468460874572903,2.2787174375731625,True,False,72.0,6.952691824352534,3.1212172571904024,,True,
2031,True,54.0,1.584571885714231,1.3553199026828224,2.1600000000095863,2.168320784432045,True,False,72.0,2.689051166929364,3.585377515097303,,True,
2032,True,52.0,1.2311907082840159,1.414724612794089,2.1600000000003363,2.23895938598716,True,False,432.0,0.7563232004361314,1.0659608188482987,,True,
2033,True,52.0,1.561179959976366,0.9086684502835851,2.16000000000577,2.2605803432968266,True,False,432.0,4.243510125444375,2.8133540973099835,,True,
2035,True,52.0,1.821052751189596,1.791206191515812,2.160000000001251,1.9378940295846934,True,False,432.0,4.206404248285691,2.3264526737072546,,True,
2037,True,57.0,1.2582752282736183,1.039474987450376,2.519276045733369,2.392217015740838,True,True,5000.0,1.7663821695495576,3.0677812934377173,,True,
2038,True,52.0,1.384050348288331,1.0734020859199518,2.2803740939901886,2.0443026459162055,True,False,432.0,2.3389538199698237,4.0270504145726065,,True,
2039,True,52.0,1.508344282246894,1.9003187274392985,2.1600000000096515,2.0803577232293486,True,False,432.0,1.79714805511319,2.756414515574078,,True,
2040,True,52.0,1.5871402330634476,1.7847504600831599,2.7630000000004116,2.17025860362308,True,False,432.0,3.2829146742463995,2.5432787023456265,,True,
2041,True,52.0,1.9089018758090788,1.954199304625945,2.1600000000012467,2.017419586526313,True,False,432.0,2.90298576589822,3.3466448637120854,,True,
2042,True,54.0,1.4945151629929214,1.3136847784662677,2.7360000000100384,1.920611560310934,True,False,2592.0,2.9745389346642988,2.37981540692522,,True,
2043,True,54.0,1.4039486065305697,1.4353010558479582,2.4480000000043796,2.0266367093537014,True,False,2592.0,2.224108769240542,3.625475158934554,,True,
2046,True,52.0,1.8439690842160712,0.7014935513434466,2.1600000000016704,2.362898294468045,True,True,5000.0,3.3293407185948265,3.96845665567753,,True,
2047,True,52.0,1.9023810165111,1.7156488158616412,2.160000000000952,2.293238886226204,True,True,5000.0,3.051414247404807,4.145280492706066,,True,
2048,True,43.0,0.6245312042101009,0.6733081874590425,2.9201506506815638,2.171774545250957,True,False,72.0,0.8308689135517764,0.9141648254320578,,True,
2049,True,43.0,1.3517515139195269,0.6283980276130023,2.341194898736615,2.1185316975207145,True,False,72.0,3.450179673084098,3.02665122482178,,True,
2050,True,43.0,0.9068179284491117,0.30810685052347253,2.6673988192642843,2.294471322984883,True,False,72.0,3.369439065874648,3.0775558932742015,,True,
2051,True,43.0,0.6975496733347037,0.7107863200799329,2.64141212219298,2.2258614485856936,True,False,72.0,1.0624506296982086,1.053432210943993,,True,
2052,True,52.0,1.8656791264057329,0.9326783893156971,2.838759374977548,1.831809933808636,True,False,864.0,4.127061007827256,2.805195734858791,,True,
2053,True,52.0,1.9061017662734754,2.1413798711364507,2.4750000000054797,1.757418871328062,True,False,864.0,3.63798740915374,3.8237014609879614,,True,
2054,True,54.0,1.463669312621205,1.1387873709609266,2.610000000003975,1.9317400153488564,True,True,5000.0,3.5275337488705825,2.866716979215579,,True,
2055,True,54.0,2.6557220650529803,2.6188233613647753,2.160000000001589,1.9060946965195615,True,True,5000.0,3.354859093047527,4.152805957026792,,True,
2056,True,43.0,2.425469385189003,2.3749645204989065,2.160000000007982,2.561538164306751,True,False,1152.0,6.016193094335096,3.029740058551588,,True,
2057,True,43.0,2.1484858058250227,1.0260428955152747,2.357776308781414,2.4400490360236615,True,False,1152.0,6.038071537018603,4.29941186297691,,True,
2058,True,51.0,1.60564963077104,0.5826597266204772,2.5283505859372832,2.463731087030401,True,False,192.0,5.061339972984766,3.2268538558726663,,True,
2060,True,46.0,0.935148292249342,0.8697753641354211,2.8373224423833587,2.2831490605740132,True,False,1152.0,1.310753064450845,3.211308890888568,,True,
2061,True,46.0,1.2858462636241061,1.1518231627378555,2.8826810405546084,2.2650579626579095,True,False,1152.0,1.5948407951489367,3.2644552533284843,,True,
2062,True,54.0,2.5870523137897212,2.217018427214498,2.4480000000089324,2.379796749409495,True,False,1152.0,3.587828983444179,4.811089295227852,,True,
2063,True,54.0,2.123714064565101,1.5184846478769032,2.5945900382043057,2.2866680811390183,True,False,1152.0,2.9681137021093624,4.13281949445248,,True,
2064,True,52.0,3.0600462776984805,2.41895913008193,2.1600000000105064,2.2314316701839654,True,False,144.0,4.4499397175365045,5.506818381599065,,True,
2065,True,52.0,3.825511337857699,3.4384895627372316,2.655000000001877,2.2149036596204357,True,False,144.0,4.473246037879508,5.579307464112466,,True,
2066,True,52.0,3.0414080836180615,2.3807215637134505,2.165491093633274,2.2456454011263665,True,False,144.0,4.4512799541208095,5.504754392073909,,True,
2067,True,52.0,3.9916340215813526,3.661446328391321,2.678835033810181,2.2021573429253416,True,False,144.0,4.5218808880817996,5.578639242980437,,True,
2068,True,44.0,1.7378273963352604,1.6291088542857324,2.1600000000073765,2.3254759428770706,True,False,1152.0,3.35271901377718,3.1852515108952075,,True,
2069,True,44.0,1.422936756817913,0.5957694285898469,2.5761903853655537,2.2747162012655555,True,False,1152.0,3.351767416628684,3.1549333990997948,,True,
2070,True,54.0,2.068094841036492,2.443301331390103,2.6910000000011016,2.1682220121795646,True,False,64.0,2.851861116866637,2.8465330439319785,,True,
2072,True,56.0,2.21301122056116,1.0466519096626143,2.1830386544265834,2.1028597029997034,True,True,5000.0,5.2111892749129325,4.68497351372344,,True,
2073,True,56.0,2.5782938543106457,2.298458169429068,2.160000000001057,2.284464887035911,True,True,5000.0,4.989125168563478,4.688365160488412,,True,
2074,True,58.0,1.8215820265635372,1.0223984313670371,2.1600000000082265,2.1938230463736135,True,False,288.0,2.5998047243783264,4.684891756160669,,True,
2075,True,58.0,2.1868252478887684,2.165041826759989,2.160000000007351,2.1557916035414926,True,False,288.0,2.6610724987096748,4.427364165249772,,True,
2076,True,48.0,2.748902119754807,2.203624610487168,2.5764181372089374,2.481034606247966,True,False,1152.0,5.875222969525774,3.2854105096174506,,True,
2077,True,48.0,3.100410158690382,2.572813259164832,2.223906417645706,2.4097882261725823,True,False,1152.0,5.380953290112511,3.843764558401802,,True,
2078,True,55.0,1.811032357653597,2.226882993210893,2.448000000007573,1.9793402567017122,True,False,864.0,3.4029710513315177,2.8499720025613273,,True,
2079,True,55.0,1.5654929704953897,1.560439937045885,2.448000000010059,1.9392557919470033,True,False,864.0,2.0014986077073886,3.134366355361047,,True,
2080,True,27.0,1.3828272948940525,1.2164020671007165,2.736000000008578,2.4635624032485963,True,False,12.0,2.923395558452146,1.5204412680641524,,True,
2081,True,27.0,2.6634250287362966,2.9078128788387403,2.896641842267825,2.366076764371773,True,False,12.0,3.304626369926782,3.9677239580999384,,True,
2082,True,51.0,2.0315612970617924,2.060930324758374,2.4480000000022573,2.250189416160337,True,False,432.0,3.0246831920123425,3.460394113692362,,True,
2083,True,51.0,1.5527966003709341,0.39013941696248366,2.491500377075906,2.294925757971268,True,False,432.0,3.152766635229576,4.151716723672157,,True,
2084,True,51.0,1.4948094477613165,0.5627697628333408,2.3013962240519117,2.191150265317283,True,False,432.0,3.4711810803181242,2.5784200599947935,,True,
2085,True,51.0,2.151865672077642,0.9383023063310247,2.5731466533667544,2.001902148857431,True,False,432.0,3.650750565806655,3.710670791254354,,True,
2087,True,48.0,2.633864171562433,2.7961278751899954,2.1823345355420067,2.3200205215040666,True,False,432.0,3.6287163068899444,4.79682373245614,,True,
2088,True,48.0,2.0647663251893156,1.260930574098893,2.7450000000048353,2.3323501485626035,True,False,432.0,4.332378714129793,5.287592191329903,,True,
2089,True,48.0,2.09189639553595,1.9194604246076779,2.181275323284207,2.1905023317495007,True,False,432.0,3.461401593222147,4.895852993787644,,True,
2090,True,51.0,2.050857139078393,1.322301546078961,2.5019276644455175,2.5558388019591534,True,False,216.0,4.078136331934767,4.0354802326562265,,True,
2091,True,51.0,1.730813959482362,1.1985809798679838,2.860444959380763,2.48140923853765,True,False,216.0,3.3599156726644686,3.001249255750133,,True,
2092,True,46.0,1.7475728363954934,1.9427076180363656,2.4750000000085506,2.452284179066529,True,False,32.0,2.3956645603041835,3.4250346924737536,,True,
2093,True,46.0,1.6130397130971077,1.5173224058380583,2.7900000000042713,2.408140397775844,True,False,32.0,1.794219701552332,3.4225088055179476,,True,
2094,True,53.0,1.194698946061724,0.9137895346684672,2.5426892410061135,2.261995114893046,True,True,5000.0,3.099300821505881,3.374989750884142,,True,
2095,True,53.0,1.655451707420941,1.1287158239392738,2.5047299465044968,2.220448141164301,True,True,5000.0,3.4550571076195724,3.2670530112444562,,True,
2096,True,48.0,1.3752123597366506,0.5876123778398323,2.3429488254905997,2.0902272226961354,True,False,72.0,3.612677213722455,3.148846230136496,,True,
2097,True,52.0,2.558457218432409,2.7210848988870566,2.718000000001542,2.0634073768890135,True,False,96.0,2.7690516208960023,4.652478459943912,,True,
2098,True,52.0,1.4340105111128936,1.2736405589748756,2.5174061920143394,2.1067315049858633,True,False,96.0,3.3465816929074226,2.8689853641531777,,True,
2099,True,57.0,1.7205004352736712,1.498883571708575,2.4480000000016817,2.2913424509880667,True,True,5000.0,4.6450387777861195,3.416613178315678,,True,
2100,True,57.0,1.7855190130532232,1.4692411995383736,2.2620751067154123,2.2883906896550683,True,True,5000.0,3.2743512523766536,3.001615255542716,,True,
2101,True,47.0,1.9887784903283459,1.3382178483589087,2.6275053706052445,2.1396599906527207,True,False,216.0,3.5365656662205907,3.5056689108344736,,True,
2102,True,47.0,1.7476763888033988,0.8118550275976304,2.4921044318862626,2.161706698213243,True,False,216.0,3.0448150826456275,3.7444081869972243,,True,
2103,True,47.0,2.460791374765907,1.9833864545216784,2.4480000000007096,2.168523346611698,True,False,216.0,6.362628431979139,2.8482253235360986,,True,
2104,True,47.0,1.1563494336919942,1.4436668199923588,2.160000000008753,2.1724482263105833,True,False,216.0,0.7874100870686483,1.3549383740325165,,True,
2105,True,50.0,2.081371158095851,0.8743977322337741,2.4480000000050666,1.8750879594568357,True,True,5000.0,3.2804034288599926,4.058197572162622,,True,
2106,True,50.0,1.978909989688901,1.2600818464634358,2.4480000000080007,2.2873809595474035,True,True,5000.0,4.4105499624678615,3.901728110211134,,True,
2107,True,55.0,1.3271018404798276,0.7777988295274554,2.351691760211713,2.164491373833585,True,False,48.0,3.1011089178028044,2.5298005162422146,,True,
2108,True,55.0,1.5251973128807512,0.6046740512756514,2.44800000000003,1.9627940871370078,True,False,48.0,3.227064697126303,4.576515163000848,,True,
2109,True,48.0,1.7610103556751708,2.0905885838219547,2.160000000003756,2.0638767098351587,True,False,2592.0,3.0329866109397514,2.9866535991042125,,True,
2111,True,48.0,2.3457281885108063,3.016005758086976,2.1600000000074018,2.268400897769175,True,False,2592.0,3.0569622896671156,3.032083353600975,,True,
2112,True,48.0,2.4023073636187053,2.919737767035258,2.1600000000018085,2.2686620363112704,True,False,2592.0,3.056623343159997,3.2838311256151713,,True,
2115,True,54.0,3.1089799097165414,2.9620613753540965,2.516577471751067,2.2586474704344637,True,False,144.0,4.727877422500942,5.520089627018366,,True,
2116,True,54.0,3.0433833323814694,2.820639705110807,2.1600000000012756,2.175808841557548,True,False,144.0,6.580055682369523,5.1068017244567665,,True,
2117,True,54.0,3.0661316022794867,3.2247318285844813,2.573800612306997,2.2525450604371935,True,False,144.0,4.726657178452288,5.518982118605477,,True,
2118,True,54.0,3.0377615358850734,2.9984598959053983,2.855468574487503,2.267642280740064,True,False,144.0,4.72477228652816,5.543050707782206,,True,
2119,True,52.0,2.4136194952503396,2.49419941450833,2.1600000000056174,1.9020767688240137,True,False,864.0,3.033583566825739,4.246966318485601,,True,
2120,True,52.0,2.2195511580166345,2.3039548871893203,2.160000000005908,1.9960958707436876,True,False,864.0,3.0447769792654986,4.552616680426043,,True,
2121,True,52.0,2.6958639795387724,2.621855751527619,2.448000000001575,2.291956643590799,True,False,864.0,3.903326558185456,4.898814873984362,,True,
2122,True,52.0,2.4821083736362324,2.6767298197410128,2.3189449269032933,1.9818758755532597,True,False,864.0,3.050806838177919,3.5792627743677343,,True,
2123,True,49.0,1.7978412969203277,1.6832444775282056,2.1600000000040325,2.176077641514659,True,False,192.0,3.490126502530354,3.071116356108566,,True,
2124,True,49.0,1.6559436866373236,1.6509232427524694,2.8980000000083432,2.3560039475985604,True,False,192.0,2.639574497393181,3.5010644085248512,,True,
2125,True,54.0,1.214909470844363,1.1716227747492667,2.1600000000022797,2.297010050260991,True,False,48.0,1.8261945153924772,2.317273441452003,,True,
2126,True,54.0,1.48797181112335,0.5354964422804187,2.475000000007109,2.115995428657633,True,False,48.0,2.568892720139545,4.596252593624719,,True,
2127,True,46.0,1.4766601046023087,1.0274545550528273,2.671374597072335,2.5000187472497086,True,False,432.0,3.5715537800045167,3.0638696037827255,,True,
2128,True,46.0,1.3037015391096962,1.018106952920789,2.4030000000009704,2.2448451270187886,True,False,432.0,3.010016325340373,2.476317495334281,,True,
2129,True,46.0,1.5241003611063768,1.4501698617023067,2.6910000000029295,2.200838986068722,True,False,432.0,4.004936452980121,1.7225417868448742,,True,
2130,True,46.0,1.5014205892940025,1.732087371074158,2.736000000007061,2.403411171938751,True,False,432.0,2.943678249039823,2.585434751267112,,True,
2131,True,53.0,1.30338307494569,0.3850534899138438,2.4480000000084168,2.230456988152876,True,True,5000.0,2.9218959005610743,3.4550449073911844,,True,
2132,True,53.0,1.7349497351690244,0.9257225802139146,2.44800000000571,1.6827365755518597,True,True,5000.0,3.1389892885956416,3.8424841472917777,,True,
2133,True,35.0,1.9204949556431772,2.042023997531942,2.7630000000052695,2.3637196404396184,True,False,36.0,5.334466556170987,2.8841515174254124,,True,
2134,True,35.0,1.7368304607904723,1.494063417238067,2.7630000000059285,2.3408272286950185,True,False,36.0,5.412294157910261,3.033013214994479,,True,
2135,True,57.0,1.7364258156769778,1.4749204983527306,2.160000000009513,1.9230142028856676,True,False,576.0,3.410536985128679,3.496090167937829,,True,
2136,True,57.0,1.4569749879146883,1.1910421634638624,2.160000000004018,1.882784691381359,True,False,576.0,3.1808156534686316,2.8222184502447667,,True,
2137,True,55.0,1.9016023521049183,1.1013579253012722,2.4021997641585786,1.7641143981896412,True,False,576.0,3.064281311049697,3.741408553290395,,True,
2138,True,55.0,2.2958141389914895,2.2249944149516523,2.7630000000032147,1.928193024310585,True,False,576.0,2.0853352249905353,2.8111327647120317,,True,
2141,True,44.0,0.9006583920687207,0.5054007717772038,2.395176092764773,2.337878297324307,True,False,216.0,2.7656190291141307,1.866149452595684,,True,
2142,True,44.0,1.6488229199809343,1.1796081524116744,3.1485976658971007,2.203099143956077,True,False,216.0,3.2671916200288775,3.3422001641928554,,True,
2143,True,44.0,2.110510685840713,2.1412245760257065,2.44800000000328,2.368742784854447,True,False,216.0,4.265791950445327,3.3477721505251723,,True,
2144,True,44.0,0.42759506939597464,0.5711871091116336,2.7559898116118147,2.3870190833966953,True,False,216.0,0.49135083993382167,0.47939800677997435,,True,
2145,True,52.0,1.8550371547311175,1.9950818696852366,2.610000000002325,2.1240479261542102,True,False,64.0,3.263851518385359,1.3958518208028097,,True,
2146,True,48.0,2.4011114722393954,2.8997129423441947,2.736000000003558,2.380452017852912,True,False,432.0,2.9097448361640956,3.3092530279059567,,True,
2147,True,48.0,1.6762619516451203,1.0616036811770755,2.4480000000056865,2.1458082277780557,True,False,432.0,3.52703288603526,4.791243810137787,,True,
2148,True,47.0,1.6606073500100453,1.3511505855312862,3.1031840699026305,1.9720410017035652,True,False,48.0,2.512892734457181,4.6090661437874525,,True,
2149,True,47.0,0.8276512266830871,1.1534025758192001,2.3980693575955776,1.9599426229867036,True,False,48.0,0.7051425873129264,0.5545366762872934,,True,
2150,True,51.0,2.0001384609791493,0.9610981434852874,2.160000000002724,2.244541864479252,True,False,1152.0,3.487667969935234,4.1383014107144005,,True,
2151,True,51.0,2.414367310482009,1.804099776862131,2.7250054139085704,2.34340551936706,True,False,1152.0,4.9726559370186045,4.393331379268422,,True,
2152,True,56.0,2.2268135735205097,1.8759931590357155,2.6100000000043706,2.345230032235644,True,True,5000.0,3.6739766950312367,5.208052353843016,,True,
2153,True,56.0,3.624670112222683,2.4662006330872828,2.8590944804901324,2.2678584864580946,True,True,5000.0,4.55720495150792,5.91444577562633,,True,
2154,True,45.0,2.2602625779546157,1.437573327402788,2.1600000000021096,2.0650482675714867,True,False,216.0,6.714431640847478,4.391850591506929,,True,
2155,True,45.0,1.411892916061843,1.5721914954519889,2.691000000009131,2.2590495442552827,True,False,216.0,2.955280168811835,2.079362217136087,,True,
2156,True,45.0,0.9287861946447591,0.506261537255341,2.5123586152229986,2.3694646944404973,True,False,216.0,2.6414406094198792,1.6572097222588302,,True,
2157,True,45.0,0.8884150879122403,0.45796153454648447,2.6092188491680184,2.3524758530747985,True,False,216.0,3.497856549823369,2.825313603144167,,True,
2158,True,45.0,1.4161600406161376,1.1931739976607787,2.332211243963374,2.3859134782720015,True,False,216.0,2.9137856911745397,3.3569748391340304,,True,
2159,True,45.0,2.5019705178348355,3.0614361971347535,2.7630000000062136,2.1265874391851374,True,False,216.0,5.652153571485114,2.6331664524060447,,True,
2160,True,52.0,0.7655508448832206,0.7860182481308584,2.448000000005869,2.102678917524024,True,False,36.0,0.6342005827425229,1.055577685751052,,True,
2161,True,52.0,1.4047698303509173,1.0011289870853943,2.3272674423207333,2.1553881816972087,True,False,36.0,1.8689504184289414,3.165433965366167,,True,
2162,True,52.0,1.284039666786926,1.3212925012630876,2.3541693388184775,1.8515438603770635,True,False,432.0,0.7457875052851975,1.6067240662046587,,True,
2164,True,53.0,3.380705409657736,4.0320588813010545,2.7630000000008508,2.0111761548158826,True,False,432.0,5.358198978938595,2.890642116981584,,True,
2165,True,53.0,1.2840649693948947,1.0307473505599773,2.160000000000678,2.190513009319963,True,False,432.0,3.24749663613418,2.4899651876657374,,True,
2166,True,58.0,2.328127755144561,1.481449674716714,2.1600000000005046,2.2367403104965047,True,True,5000.0,5.268838657034699,6.353248255823833,,True,
2167,True,58.0,2.8395691138713293,2.2649733719299547,2.6100000000024175,1.9585530628757553,True,True,5000.0,4.709343805546577,6.687712386975158,,True,
2168,True,48.0,1.5399697462733732,1.8604416628731997,2.8980000000034294,1.849277086160968,True,False,1152.0,2.7451456902493163,3.1248504872776532,,True,
2169,True,48.0,0.9335700948745815,0.4455309023396694,2.654249574350547,2.31830584412411,True,False,1152.0,3.0333629238150466,2.9824295225740927,,True,
2172,True,59.0,2.124924470668579,1.0710734198510181,2.448000000002902,2.100756821052832,True,False,1152.0,3.8448456262309345,5.1788303880562205,,True,
2173,True,59.0,1.8189867155122434,1.4998568574483215,2.160000000006926,2.1842292158333563,True,False,1152.0,2.8180542563697406,3.7501289697116564,,True,
2174,True,49.0,1.0004365466316454,1.4766495509102242,2.4750000000000023,1.893249056859662,True,False,96.0,1.6333523073253235,1.084670755292753,,True,
2175,True,49.0,2.2823122327039234,3.5866267593410157,2.763000000006039,2.0794097810196046,True,False,96.0,2.928260222043749,2.040477186010287,,True,
2176,True,49.0,2.190516918506472,2.6575945019321807,2.160000000001343,1.9132364898516858,True,False,96.0,3.001551218080491,3.008056867335843,,True,
2177,True,49.0,1.6236194524558867,1.94850302584382,2.1600000000041977,1.814747080697473,True,False,96.0,2.9561386608424285,2.1773459271723,,True,
2178,True,58.0,2.359117507699162,2.0275365900342877,2.4480000000029936,1.878203153814837,True,False,2592.0,4.4134816601108176,5.149608602109436,,True,
2179,True,58.0,2.2668343599810004,1.4884190572956868,2.2661522904995666,1.9146440320069944,True,False,2592.0,3.506419829259086,4.847394907210908,,True,
2180,True,52.0,0.9173792956603449,0.9366760387929389,2.373392329847955,2.0174972205433144,True,False,24.0,1.4107390950791592,3.5017099383171977,,True,
2181,True,48.0,2.922187120564072,3.810096078330389,2.691000000008017,1.873848438214788,True,False,576.0,2.029666489878987,2.204146558761597,,True,
2184,True,54.0,1.7090177255499255,1.5383052142751694,2.1600000000001107,1.8709318097942533,True,True,5000.0,2.0544576515265374,3.0593750056679996,,True,
2185,True,54.0,2.133294988005011,2.6234322091477225,2.6100000000013064,1.9304161311748307,True,True,5000.0,3.224438210032763,1.93627701535419,,True,
2186,True,53.0,2.1463009570351255,2.2294723748636898,2.6100000000090358,2.1487121269728062,True,False,2592.0,4.876302231708833,2.5042363895839346,,True,
2187,True,53.0,2.561814623956342,2.6674395187656046,2.925000000002242,2.2713307875780666,True,False,2592.0,5.459520483940649,3.2060456572818707,,True,
2188,True,45.0,2.173019957017035,2.50533727288348,3.0330000000009245,2.5657022929599607,True,False,432.0,3.091855348777093,3.162779870984123,,True,
2190,True,45.0,2.2255545313265555,2.384466965249885,2.74500000000427,2.6055079339929095,True,False,432.0,3.036896087985808,3.347173467771618,,True,
2192,True,48.0,1.462669304890961,1.0045319744858716,2.4215379810415847,2.366254964516715,True,False,1152.0,3.2272719283691327,2.6460386661461195,,True,
2193,True,48.0,1.3657020682120253,0.9429279285723169,2.4480000000058864,2.2984923854779242,True,False,1152.0,3.3789030015243195,3.1852334833868308,,True,
2194,True,43.0,1.2459504869345042,1.5280386748272576,2.691000000006959,2.0961431498349534,True,False,2592.0,1.2876032189130404,1.7967979207199853,,True,
2195,True,43.0,1.2522851355163036,1.6756849256926216,2.4030000000086016,2.1423106378160943,True,False,2592.0,1.0301602157867396,1.2920490457981089,,True,
2198,True,60.0,2.499041488191413,1.3100451596474159,2.1600000000054758,2.3251883087182423,True,True,5000.0,4.586201711261876,5.131809629621915,,True,
2200,True,44.0,1.3100548125683678,0.543159689019376,2.299637268856998,2.3247102419226358,True,False,72.0,3.245436563015981,3.0808057913279505,,True,
2201,True,44.0,1.2380396782864531,0.8997375739381823,2.4750000000058994,2.346884425445787,True,False,72.0,4.336264679877274,2.243500836358861,,True,
2202,True,49.0,2.3008404628486847,2.0711125116249605,2.1600000000043997,2.2106102796513003,True,True,5000.0,2.838597041756775,3.431057198675307,,True,
2203,True,49.0,1.1455529038499161,0.6135839582930203,2.5765446403412073,2.284156790349559,True,True,5000.0,3.343649795184934,3.289773891085828,,True,
2204,True,53.0,1.960242401804244,1.4844497555131966,2.160000000002182,2.1925077729622764,True,True,5000.0,4.179882373375092,5.043416376921569,,True,
2205,True,53.0,2.906391222131589,2.7608204668213148,2.1600000000012005,2.233627791687774,True,True,5000.0,5.8462761138708625,6.001019012351502,,True,
2206,True,46.0,1.333962736024782,0.9852143072494073,2.5415767202602852,2.297178092377689,True,False,432.0,2.8422607885436846,3.537592351214552,,True,
2208,True,46.0,1.7590292970861667,0.6538002592496923,2.828441190541145,2.111339153902091,True,False,432.0,2.874960177692047,3.6602348585130278,,True,
2209,True,46.0,1.849166344002928,1.7179764124957728,2.448000000002052,2.3899862488725745,True,False,432.0,2.949680224658683,3.5333004841668423,,True,
2210,True,51.0,0.8413479043423266,0.30042654294447857,2.1622501084519037,2.1748164651068835,True,True,5000.0,2.6732987586906636,1.7371960366420072,,True,
2211,True,47.0,2.6715336615529783,2.517874189259601,2.7450000000033628,1.9781652526015108,True,False,1296.0,4.583483337639189,5.624619066871688,,True,
2212,True,47.0,3.3134919454326353,3.792625930534996,3.0330000000076116,2.0616395441007627,True,False,1296.0,4.325982510130087,5.602624296672682,,True,
2213,True,56.0,1.4054975729207904,1.2836408109142212,2.475000000000361,2.14334193401333,True,False,2592.0,3.470561083445815,2.552884558245686,,True,
2214,True,56.0,2.7193677149701787,2.8778147698685643,2.6100000000092187,2.279608063615321,True,False,2592.0,3.604229000430834,4.360920825543114,,True,
2215,True,56.0,1.275164560843201,0.9977877853998507,2.718000000000436,2.239254453361654,True,False,384.0,3.856758958605313,3.1259287215454967,,True,
2216,True,56.0,1.3062652525174179,0.6635129212154425,2.3644298434843907,2.266850584776156,True,False,384.0,3.212825857961377,3.5360005801844197,,True,
2217,True,52.0,1.6627001030930204,1.424124721022963,2.3949423927556914,1.93217103368206,True,False,2592.0,2.8529108818411437,3.20215762020765,,True,
2218,True,52.0,1.6571679462448226,1.4244401594332885,2.464944304166472,1.9173334415015038,True,False,2592.0,2.8517119754732914,3.2656309470077143,,True,
2219,True,52.0,2.407450921199867,2.9155036993979593,2.4480000000049253,1.9742996666413133,True,False,2592.0,3.065617086967992,3.9018749724348383,,True,
2220,True,52.0,1.9206422971751014,1.8437558742807596,2.1600000000078325,2.23946662205535,True,False,2592.0,2.649491260207762,3.277910679772557,,True,
2221,True,56.0,2.5562103046394857,1.1257133747531043,2.448000000004836,2.0266605670165885,True,False,432.0,5.308723039303327,5.9424288876698075,,True,
2222,True,56.0,1.45686760177693,1.6460325211373856,2.160000000007066,2.07275559760431,True,False,432.0,2.732237418502315,2.1713199057152375,,True,
2223,True,60.0,0.9104502644765196,1.0229857350823295,2.1600000000071504,2.260421574861645,True,False,864.0,1.0658121486027028,1.7771131733540666,,True,
2225,True,49.0,1.6648127976980824,0.9410019471724809,2.447953435057089,2.299812530729407,True,False,48.0,2.9984433770993597,3.7536856166211576,,True,
2226,True,49.0,0.558583668025037,0.7730416891681671,2.4560939592136313,2.3094139329275727,True,False,48.0,0.7277254322186778,0.8685346654024586,,True,
2227,True,49.0,1.4591414885855074,1.0369757949119958,2.2358983094540994,2.1589556663581586,True,False,48.0,2.084398487934142,3.6205797591946838,,True,
2228,True,49.0,1.7286517811965327,1.4490587213658728,2.4030000000047727,2.1752735362248123,True,False,48.0,2.982632447309269,2.8195233856660837,,True,
2229,True,55.0,2.2174256761195283,2.5261521886895935,2.9430000000082464,2.3594278018409462,True,False,1296.0,3.712368573133501,2.528905522479028,,True,
2230,True,55.0,1.0695591989671056,0.7226964942165068,2.160000000002953,2.1415824562691954,True,False,1296.0,3.2584309922057626,3.0670983786988715,,True,
2231,True,58.0,2.181775365325101,2.4471043903686223,2.160000000006803,1.9917243651921315,True,False,288.0,3.86675083114301,5.089408652162986,,True,
2232,True,58.0,1.7088690211419224,2.106341618218721,2.4480000000047877,2.245844804143866,True,False,288.0,2.506228664844037,3.6615134838243186,,True,
2233,True,49.0,1.927472319214517,2.127433015499264,2.736000000004348,1.8991768019592068,True,False,432.0,2.7907808493793325,3.4984920914888398,,True,
2235,True,54.0,1.1022466374092013,0.4811460258169973,2.5847767878173302,2.1653806646869267,True,False,2304.0,3.0870547030824547,3.3390408667005937,,True,
2236,True,51.0,2.3892815452105265,1.2668239801278105,2.2610448619453085,2.329036914735359,True,False,1152.0,6.716486863135961,3.475410071295405,,True,
2237,True,51.0,2.1357285382532325,1.4086768883316836,2.5735015974759836,2.221685605548184,True,False,1152.0,4.734067752635702,3.73335999045927,,True,
2238,True,50.0,1.5701758729795081,1.9202760517364368,2.403000000002182,2.352048604769893,True,True,5000.0,1.7194408784498294,2.515959989971977,,True,
2239,True,50.0,2.1376963416510177,1.7612641664054536,2.335810428163267,2.187040085457969,True,True,5000.0,4.017891408495218,5.136802940938116,,True,
2240,True,51.0,1.8472320590536093,1.2993620562992874,2.1600000000015274,2.3032081181039628,True,False,192.0,4.3286731163647545,4.2289637953549,,True,
2241,True,51.0,1.443666123432475,1.0271120840661752,2.403000000010131,2.2280397685185065,True,False,192.0,3.9806509538791763,3.9415621076396183,,True,
2242,True,46.0,0.8612205467665011,0.4543416920314485,2.3127640819366677,2.157839115550555,True,False,48.0,3.1067196229780514,2.09353137384295,,True,
2243,True,46.0,0.4919565872735649,0.6515873359785473,2.448000000003671,2.137238375287137,True,False,48.0,0.45561279263482546,0.3343380360699433,,True,
2244,True,58.0,1.65064144064945,0.9835036870754266,2.216469232822688,2.076379050679331,True,False,96.0,2.400849466324391,4.524532887261779,,True,
2245,True,58.0,1.5762853568902615,0.8116035680577625,2.386941391878562,2.199024646292078,True,False,96.0,2.4158607447308666,4.538776115715508,,True,
2246,True,39.0,0.6538482189035857,0.8103988439906971,2.706301561375166,2.1330236027292337,True,False,144.0,0.8437118019219115,0.9876531834582174,,True,
2247,True,39.0,1.8313685918142708,2.0848387883015675,3.060000000005851,2.2029717647305422,True,False,144.0,2.915533827031173,2.9494124024093336,,True,
2248,True,47.0,1.5161877899682776,0.46580321500005084,2.511875083999786,2.3049615430631376,True,False,1152.0,3.203961584519372,3.8171020137257665,,True,
2249,True,47.0,1.628118934169222,1.0170239521830808,2.4480000000066364,2.225619287074948,True,False,1152.0,3.211430947829947,3.1720477694758067,,True,
2250,True,48.0,1.671622985229976,1.3238327922372264,2.518579160801886,1.9877715866769001,True,False,72.0,3.051130893966012,4.188198180054928,,True,
2251,True,48.0,1.5532589529255867,1.7938696957680804,2.1600000000059696,1.9169806574402362,True,False,72.0,3.0104910689183737,2.387997742814069,,True,
2252,True,50.0,1.9794328449083651,1.7225962899246952,2.1600000000059096,2.3036041895473276,True,False,1152.0,2.702660880488035,3.638613554817657,,True,
2253,True,50.0,1.308244076395404,0.7231502315298712,2.7360000000033575,2.281035215992949,True,False,1152.0,3.525625839293493,3.260074021915373,,True,
2254,True,45.0,1.6126004956037603,1.1038534472645551,2.768592567658431,2.321314303449664,True,True,5000.0,3.0728861092133357,3.526171834733844,,True,
2255,True,45.0,1.781036964511421,1.4609703602727677,2.8530000000010465,2.342038813704846,True,True,5000.0,2.557307779497779,4.270582298527114,,True,
2256,True,40.0,2.561688371986255,2.46493397085942,2.302597871541149,2.1198942735429047,True,False,1296.0,3.329026566284535,5.024002290315749,,True,
2257,True,40.0,1.9618862491725624,1.504484270382818,2.7630000000050865,2.2097106302862373,True,False,1296.0,5.5500710833803675,3.4665278885558553,,True,
2258,True,47.0,0.5057047385285626,0.6232397914791363,2.1653952513698713,1.8108597611631885,True,False,48.0,0.4813652289329985,0.4957221319043116,,True,
2259,True,47.0,1.1199009525383656,0.9837912412185688,2.47500000000549,1.7849621258727033,True,False,48.0,3.3113817770245,2.8761084764638025,,True,
2260,True,49.0,0.974129338087563,0.4803482490751776,2.160000000000612,2.3255666288670382,True,False,72.0,3.1419204575969886,3.1166085315296583,,True,
2261,True,49.0,1.9639709305116204,1.3691095648500777,2.1600000000006334,2.312642965829356,True,False,72.0,3.143138762391185,4.677689638436706,,True,
2264,True,57.0,2.0333916118117377,1.4838728133472614,2.3059401216824065,2.231688322683075,True,False,2592.0,3.34795213520514,4.22091873101777,,True,
2265,True,57.0,2.0970130490513164,2.4751503467887233,2.448000000010026,2.3684607159292304,True,False,2592.0,3.264067046331227,3.3501136814446193,,True,
2266,True,52.0,2.920352669448401,3.5847702893806854,2.745000000005576,2.1711810553244977,True,False,2592.0,3.9840964484868797,5.463403358372193,,True,
2267,True,52.0,2.553183184681,2.7263493750542693,2.4480000000057225,2.013452898182622,True,False,2592.0,3.7408329832513743,5.395263378475183,,True,
2268,True,52.0,2.3259529104269125,1.9883335694830748,2.5304357222802496,2.1210539437270333,True,False,2592.0,3.818686110924381,5.551393726505866,,True,
2269,True,52.0,2.068250191297207,1.6698528929082386,2.6049598591753544,2.123068880747867,True,False,2592.0,3.826307154868658,5.561815432199123,,True,
2270,True,54.0,2.1831300643616633,1.6362227964928024,2.3140599193952003,2.319070271919331,True,False,72.0,4.391758234002528,3.3022836970205884,,True,
2271,True,54.0,2.6044502774652827,2.626127870669734,2.160000000003164,2.2923498662071635,True,False,72.0,4.154983716166829,5.381187460152344,,True,
2272,True,57.0,2.4204642409937254,2.4393033224187093,2.4139061812163782,1.9486040728685752,True,True,5000.0,4.6816661658301495,4.852169951374272,,True,
2273,True,57.0,1.5472888161475877,1.494268340014969,2.7360000000033216,1.9311633597135172,True,True,5000.0,3.4228342963230887,2.5864621968083035,,True,
2274,True,57.0,2.2899599111587645,2.0698875679954654,2.160000000001354,2.2980726198708346,True,True,5000.0,3.391001890355932,3.7594364080266875,,True,
2275,True,57.0,1.5826520716444248,1.2229548547184095,2.292503774800338,2.3085822161014753,True,True,5000.0,3.420792661768991,3.2920664935675408,,True,
2276,True,53.0,3.132207325605373,1.3994239943822322,2.4030000000046363,2.490324404470229,True,True,5000.0,6.574825783997129,7.797453719678922,,True,
2277,True,53.0,2.981071223245593,1.8871387746221444,2.1600000000001662,2.4254103991902074,True,True,5000.0,4.31863561746857,5.711815188442317,,True,
2278,True,50.0,1.3569275533878058,1.4271594084602839,2.448000000007008,2.255972008048859,True,False,2592.0,2.9287925592034347,2.5214668137579404,,True,
2281,True,51.0,3.109650277689286,2.7062683166768693,2.160000000009774,2.3919445323418347,True,False,432.0,5.123823817798699,5.25953342011797,,True,
2282,True,51.0,3.624301227456238,4.033160932358442,2.403000000000078,2.151546367081128,True,False,432.0,5.15642905508725,6.447390662800681,,True,
2283,True,51.0,3.513993031745128,4.237335794376122,2.1896661819714964,2.075165115478766,True,False,432.0,4.4546986798995265,5.018913669953541,,True,
2284,True,51.0,3.409609800675652,3.029694947636017,2.4030000000080673,2.110213182903566,True,False,432.0,6.0716934134149225,7.082254208063228,,True,
2285,True,53.0,1.9625111712291685,2.060550253077963,2.7630000000089496,2.3236805462240286,True,False,432.0,2.7217792119542588,3.7033369355651495,,True,
2286,True,53.0,1.3443819066973093,1.186031789133267,2.6100000000095718,2.266387801635016,True,False,432.0,2.8739121872795534,3.4707985324394213,,True,
2287,True,53.0,1.9588096406578241,2.053725861271232,2.9250000000026133,2.307719404628734,True,False,432.0,2.7567668065481317,3.683674648537713,,True,
2288,True,53.0,1.3632657417155956,1.0975464818548062,2.5201578838099095,2.321354024077327,True,False,432.0,2.9588969317598734,3.3230357697588073,,True,
2289,True,50.0,0.8396520396847459,0.6082148609457363,2.1600000000068644,2.3422166480921445,True,False,2592.0,1.4186629454680435,2.7145831684692463,,True,
2290,True,52.0,1.2337639102875928,0.9052594370914449,2.79623229292299,2.1830127449467627,True,False,432.0,3.152685800710778,3.2534912187065306,,True,
2291,True,52.0,1.3014257295912666,0.5453916172409663,2.4480000000036517,2.210023385260889,True,False,432.0,2.822005613560408,3.128342458978564,,True,
2292,True,51.0,1.7315501889771505,0.9524974741580081,2.831554293403844,2.3584454429348156,True,False,1296.0,4.191996584366688,3.140675855954948,,True,
2293,True,51.0,1.7647774888923027,0.6007620783384482,2.6910000000017686,2.5756103033844227,True,False,1296.0,4.196965112946713,4.67645804737854,,True,
2294,True,63.0,1.6332394804512864,1.7839979231248435,2.1600000000053683,1.8871224268181437,True,False,576.0,1.63141374895318,2.826115863289364,,True,
2295,True,63.0,2.128385021310316,2.4385831230392796,2.1600000000056547,2.0348081246397656,True,False,576.0,1.6158453672486404,2.8356314022496,,True,
2296,True,58.0,2.506147992197632,2.613534043506661,2.448000000004385,2.0075117976490198,True,False,864.0,4.209132287687248,4.53968442193082,,True,
2297,True,58.0,2.1465043618497712,1.891823773523356,2.1600000000014434,2.025070212535852,True,False,864.0,2.7729503605745918,4.38172684527612,,True,
2298,True,56.0,2.215215664652985,1.581567289220402,2.16000000000453,2.0154609412737323,True,False,96.0,3.6967500452498108,4.145327276194718,,True,
2299,True,56.0,2.005237960179367,1.5264998734746769,2.160000000002886,2.108756203310378,True,False,96.0,1.911609513174014,3.0762523314740453,,True,
2300,True,50.0,2.8436345746194367,3.0258583727008954,2.4480000000016355,2.1414775135172444,True,False,2592.0,5.561462142485379,3.1481577993711807,,True,
2301,True,50.0,2.29430405501224,1.754829254867218,2.160000000000044,2.334883573350072,True,False,2592.0,6.2573283603204315,4.180124375549464,,True,
2302,True,54.0,2.3502098856038507,2.4796474451723043,2.353960073702151,2.388892235283961,True,False,432.0,2.952435379729474,3.5139158441849476,,True,
2303,True,54.0,2.073710479734419,1.014655320719612,2.365906136381861,2.3363966824792404,True,False,432.0,3.160038920727524,3.5929002043593017,,True,
2304,True,54.0,2.203806117252982,2.0465354378211487,2.414774606168097,2.3957109972198234,True,False,432.0,2.8554596323160957,3.5054070905997543,,True,
2305,True,54.0,2.215388337293935,1.58035171325173,2.160000000002794,2.2350686725467743,True,False,432.0,3.6723971341083397,4.142590211874508,,True,
2306,True,57.0,2.1848858153389066,1.9869540634499572,2.1600000000077517,1.9068686964235373,True,False,1296.0,5.11818207172194,3.4929845316825845,,True,
2308,True,41.0,1.5639829949179604,1.0679713636964152,3.0600000000061347,2.3961093009501884,True,False,32.0,3.112414723067026,2.9922475133183744,,True,
2309,True,56.0,2.049369020791971,1.149623395245726,2.6100000000017713,2.296558481576291,True,False,1152.0,4.90076454550474,4.28814629127083,,True,
2310,True,56.0,2.4933274952315405,1.8229266202033614,2.853000000009909,2.457261849559383,True,False,1152.0,4.6917306654257995,5.065189951875833,,True,
2311,True,42.0,0.8350356095122765,0.433389048132085,2.7960045692440354,2.585087262859805,True,False,72.0,1.117840864548861,3.0592242288348444,,True,
2312,True,42.0,1.2185800911525522,0.8342171531367057,2.8991658469620596,2.5467337374174,True,False,72.0,3.274277861926484,3.3132361094380296,,True,
2313,True,49.0,2.1271144934255855,1.6454248811896832,2.6100000000020294,1.9650696366541314,True,False,48.0,3.026922576306867,3.884261164113829,,True,
2314,True,49.0,2.6157285667092602,2.6014418555459997,2.610000000002329,1.9007980137037181,True,False,48.0,3.4811678580816623,4.008872381333222,,True,
2315,True,42.0,1.1070535793380278,0.42098927694678423,2.8980000000006303,2.2410929485855777,True,False,192.0,2.938430260478701,3.072386754841626,,True,
2316,True,42.0,1.4469406812332692,0.7933504028405878,3.0600000000075833,2.3346865727330512,True,False,192.0,2.869958556211737,3.3010254937943153,,True,
2317,True,48.0,1.3571640709958626,0.9854998876508034,2.1600000000060926,2.2518650391397794,True,False,192.0,4.633964780943795,2.774226166371046,,True,
2318,True,48.0,1.8844779470941697,1.3527506873761013,2.9127204004753255,2.1504710866459003,True,False,192.0,4.4091494913391465,4.226890994251155,,True,
2319,True,54.0,1.2330687636864894,0.2825686598662287,2.6045016110293733,2.091628044992704,True,False,576.0,3.2011477981817773,3.344938316943502,,True,
2320,True,54.0,1.2919922023952548,0.5535614369691757,2.4966701961182105,1.99440683856128,True,False,576.0,3.1276585061516977,3.330680692574011,,True,
2321,True,59.0,2.2474168215085357,1.3635348655407142,2.2152584486011286,2.2823460324849965,True,False,1152.0,6.17030516267567,4.65406723518807,,True,
2322,True,59.0,1.869094142344529,1.4652585736075707,2.1600000000103075,2.322606670144559,True,False,1152.0,6.0363936217734055,2.9984090368217657,,True,
2323,True,50.0,1.902338382535673,1.4808412606216734,2.18360590488164,2.165932724024456,True,False,1152.0,3.5660174623016188,3.2103164146837253,,True,
2324,True,50.0,2.4584259281151644,2.477515017213591,2.448000000005528,2.3278145980726213,True,False,1152.0,4.002588675510679,3.7090608992240996,,True,
2325,True,54.0,1.5543147462633806,1.2228473289906105,2.1600000000026487,2.1919803211936006,True,False,2304.0,3.4733169258560017,3.173437516632608,,True,
2326,True,54.0,1.8919908083439947,2.1523730710578093,2.691000000000963,1.8938327062335774,True,False,2304.0,1.9484053648086295,3.12370009652132,,True,
2327,True,53.0,1.8321654040114117,0.7641041080860305,2.4750000000088033,2.4394045620601763,True,False,64.0,5.6094996337030825,3.694336874841111,,True,
2328,True,53.0,1.2137995439657938,0.864790021070803,2.925000000006217,2.4637907792870726,True,False,64.0,2.8607686512635317,3.6449053769379938,,True,
2329,True,57.0,0.4528204517117274,0.43968415063864086,2.309579585468138,2.0986711877042574,True,True,5000.0,0.48323866222066647,0.8541006605205687,,True,
2330,True,57.0,0.6693375061818616,0.6777104296343168,2.1600000000038566,2.094961588717082,True,True,5000.0,0.8620850178427648,1.3057113381951388,,True,
2331,True,51.0,1.7400326409616176,1.5763847222879122,2.448000000005022,2.092457414620426,True,True,5000.0,2.9258724831895635,3.094528683014159,,True,
2332,True,51.0,1.9667674400353912,1.428153556833422,2.4750000000091945,2.0622309892686608,True,True,5000.0,4.336027062772726,4.251413555830375,,True,
2333,True,56.0,1.880261386739364,1.792063274719112,2.475000000009144,2.2310926808628997,True,False,2304.0,2.903729680858791,4.400123834117054,,True,
2337,True,50.0,1.081952218835679,0.5198621191084385,2.4480000000093574,2.3196299265831177,True,False,2592.0,2.957575298621132,3.007861571303724,,True,
2339,True,54.0,1.1627080562261156,0.866524760487664,2.610000000004811,1.8913976099435041,True,False,576.0,2.7909083836832997,2.120067959555768,,True,
2341,True,51.0,2.303516359598443,1.4600138825517206,2.3070642830751327,2.128511652094017,True,False,384.0,6.166512655274136,5.131577011420678,,True,
2342,True,51.0,2.4585071411369914,2.1900622243447287,2.4480000000053552,2.299114839976464,True,False,384.0,5.191336012209851,4.860640520308716,,True,
2343,True,59.0,1.4192379866354892,1.0675698101695161,2.4787727306155825,1.9440553211264333,True,True,5000.0,2.438843907936867,2.8410248127792044,,True,
2344,True,59.0,2.230635385071981,2.5000190013015526,2.160000000005051,1.8883588024790203,True,True,5000.0,3.4258255331992546,3.0218071790290524,,True,
2345,True,60.0,1.9423963740129642,1.2679798691424367,2.160000000006356,2.1468821017699136,True,False,96.0,3.471600580277171,4.791286240369361,,True,
2346,True,60.0,1.6362623580644429,1.1817370752833085,2.4352922981872647,2.0894586686986654,True,False,96.0,3.1548831367601964,3.0904130390864553,,True,
2347,True,43.0,0.6369037738799695,0.8809313114652468,2.5603743775560313,2.109932819072683,True,False,72.0,0.5346879777298285,0.7799084446189815,,True,
2348,True,43.0,0.9784660800669567,0.6472031300872914,2.6682779757855664,2.315659657095576,True,False,72.0,3.113331790834645,2.152005977089307,,True,
2349,True,48.0,1.1016811555348858,0.43756420131467166,2.181411948725891,2.1065728720602093,True,False,2304.0,3.2523045283783913,3.0626873152271648,,True,
2350,True,59.0,3.016696303117602,2.2951337377380696,2.456746636371942,2.359414476241934,True,True,5000.0,5.439820141038364,6.595622845989299,,True,
2351,True,59.0,3.210256430015645,2.4348975846842222,2.160000000005805,2.2268565081971494,True,True,5000.0,5.72301294164142,7.106454405658216,,True,
2352,True,59.0,3.2697114337435282,3.333103500866855,2.600857900373399,1.9251887792629583,True,True,5000.0,4.479594461496235,6.18254886840947,,True,
2353,True,59.0,2.6075268132995473,2.641572171731241,2.23405032956344,1.9842097541086732,True,True,5000.0,3.5804339447702778,3.7165088389674055,,True,
2354,True,37.0,1.8109348457772239,0.8843871730241517,2.6836758892517576,1.9795915127621655,True,False,432.0,2.790839723736096,4.33764895692602,,True,
2355,True,37.0,1.2686095661081858,1.4314493905949348,2.1600000000057524,2.161465513025827,True,False,432.0,1.822020967892872,2.5920599979963383,,True,
2356,True,59.0,2.2962426113381813,2.428737905302114,2.4480000000004276,2.1366970857143044,True,False,432.0,4.0699331954772395,5.529912740581942,,True,
2357,True,59.0,2.227042508026681,2.265869957864197,2.160000000000869,2.1974787353919947,True,False,432.0,2.64434091892136,4.295546529500946,,True,
2359,True,61.0,1.5671838719240119,0.9714477816014551,2.16487681589743,2.0096487169652315,True,False,2592.0,2.3656069553294548,3.7761804339346203,,True,
2360,True,48.0,1.5678533790034106,2.010022917198512,2.651931376712553,2.3951257216480304,True,False,72.0,2.1791948222631903,1.845054384361481,,True,
2361,True,29.0,0.647099777185611,0.9209020181406231,2.736000000002547,2.042532989843738,True,False,36.0,0.9997548250479642,0.8581406283625026,,True,
2362,True,29.0,1.1925329081542935,1.179279392810713,2.4480000000085647,1.955727494642339,True,False,36.0,3.1401445471663427,1.7140087783262412,,True,
2363,True,56.0,2.2119596020968757,1.6610289866621315,2.160000000005038,2.2102208342606855,True,False,2592.0,3.924593949699261,5.6080691376664475,,True,
2364,True,56.0,2.4699410428730397,1.9567050505902444,2.5547944802316316,2.3005045680458887,True,False,2592.0,4.150571548460734,5.895138957746892,,True,
2365,True,56.0,2.419462371457633,2.569187028821034,2.6550000000037115,2.278396615736602,True,False,2592.0,2.9963864897742525,4.467455571276355,,True,
2366,True,56.0,2.052072792887227,2.3476073235287913,2.4480000000082596,2.215504557070465,True,False,2592.0,3.085105283713265,3.294742155157211,,True,
2367,True,54.0,1.9145782159104017,3.1575700766334194,2.4030000000005725,2.2008290221187106,True,False,864.0,2.2876714972526795,3.190068651129142,,True,
2368,True,54.0,1.4413656862008848,2.4818472818806185,2.4480000000035482,2.210929179440174,True,False,864.0,1.634016926827957,2.1154959944662726,,True,
2369,True,56.0,1.6521994077445632,1.3468294964950474,2.6910000000048715,1.9755523637453904,True,False,72.0,2.3498946217877954,4.454051013160803,,True,
2370,True,56.0,2.1745052283624693,1.3889756401804334,2.4480000000025552,2.0384575512381904,True,False,72.0,5.165649206187128,4.465493464846428,,True,
2371,True,43.0,1.6131420872307918,1.9340107133502897,2.74500000000614,1.9956068937042684,True,True,5000.0,3.2915733081259395,2.67135963682655,,True,
2372,True,54.0,0.8668837800157873,1.0598582254751818,2.1600000000084703,2.0163303947022175,True,False,576.0,1.0116464968391898,1.1227953571939016,,True,
2373,True,46.0,1.8046350479588276,0.5365013313639793,2.38859217462202,1.9766436889586347,True,False,432.0,2.961866147837843,3.502401436270754,,True,
2374,True,46.0,1.856913782964255,1.9612645372581028,2.7630000000016155,1.917254326217573,True,False,432.0,2.9055870085467914,3.23852211989955,,True,
2375,True,56.0,1.8277865855778332,1.3551881187668187,2.1600000000053745,1.9202450462896656,True,False,12.0,3.8310362605368184,3.7613852051497645,,True,
2376,True,56.0,2.136915072339034,1.9710290104194428,2.490442834674053,2.0887584187023642,True,False,12.0,3.332350845755537,3.8962859506510137,,True,
2377,True,56.0,1.5125144333024036,1.0782429321989184,2.2316920650653613,2.162007757340385,True,False,12.0,3.834125614119613,2.745938722147373,,True,
2378,True,56.0,1.3025166111385869,1.0647388022043742,2.6591324071645506,1.9428785667920683,True,False,12.0,2.6659157414475203,3.746869789450135,,True,
2379,True,63.0,1.6857787825834256,1.1014655774342827,2.189608020203142,1.9978492524962943,True,True,5000.0,3.2932658725528894,3.5616099792338125,,True,
2380,True,63.0,1.7347551993432726,1.7217951453385467,2.1600000000005286,2.276115505922315,True,True,5000.0,1.9208547203836113,3.9824462652228916,,True,
2382,True,49.0,1.4652911105223052,1.086182972867391,2.943000000002648,2.4581699037495355,True,False,144.0,3.155379045597876,3.014614403869919,,True,
2383,True,57.0,2.273528282158775,2.612919158014847,2.4480000000040105,2.2887868322541527,True,False,144.0,3.2908668635015066,4.785322070208134,,True,
2384,True,57.0,2.3612256431061525,2.7353387122275308,2.16000000000641,2.209602112485413,True,False,144.0,3.3127617796467126,4.846417169094633,,True,
2385,True,57.0,2.3986123584231858,3.0330678087739216,2.1600000000008284,2.1944028192882,True,False,144.0,3.563216436133535,4.997840477680529,,True,
2386,True,57.0,2.0516873108766474,2.378058729238546,2.1600000000017934,2.186640140558112,True,False,144.0,3.277329570658146,4.80313226706591,,True,
2387,True,57.0,4.253159177042957,3.961923366659903,2.448000000004196,2.26121242571325,True,False,288.0,5.250124914890388,6.548523362910493,,True,
2388,True,57.0,2.1170668979828506,1.5303802828930202,2.6846882233677034,2.0239180868058866,True,False,288.0,2.5514612706638977,3.170003628953463,,True,
2389,True,46.0,0.47687143573963175,0.35625053224430303,2.4480000000011475,2.178404357000784,True,False,432.0,1.5166918682290766,0.9579666122897128,,True,
2390,True,46.0,1.9447751325736689,1.9328113083211065,2.6100000000059587,2.1501411746208667,True,False,432.0,3.0866778563644797,4.079016150875614,,True,
2391,True,54.0,0.9365077169569888,0.7639425609486352,2.398894984676385,2.145863621715043,True,False,192.0,1.2319244811976502,3.096041011773686,,True,
2392,True,54.0,0.8343029340267004,0.48741380092906184,2.5233262040955884,2.144622714908149,True,False,192.0,1.1819189604021896,3.0931456243914206,,True,
2393,True,50.0,1.0060084905578488,0.7449108364671702,2.6550000000071314,2.42941639880857,True,False,64.0,1.425550164699978,3.1957870038698317,,True,
2395,True,57.0,3.0619084445507956,3.5731876816571457,2.40300000000478,2.2127581309759092,True,False,1728.0,5.0531725048668665,5.785158979512276,,True,
2396,True,57.0,2.790387980355548,2.9377560776229075,2.582808861073988,1.9549423112460378,True,False,1728.0,5.044884895271339,5.792130150131103,,True,
2397,True,57.0,2.250302495719379,2.9722865009207453,2.4030000000046807,2.0357927127043163,True,False,1728.0,3.0465344156161693,3.21882274824966,,True,
2398,True,57.0,2.78960387759033,2.9450018234565505,2.5837795126889294,1.9517826447378817,True,False,1728.0,5.0259672386657925,5.761048416153401,,True,
2399,True,47.0,2.229229971317284,1.5025421931750316,2.4337810230893733,2.2347850957754307,True,True,5000.0,3.642832809088155,3.5596736615852707,,True,
2400,True,47.0,2.0020650360103676,1.452997615273489,2.6435575783255536,2.3808192373634753,True,True,5000.0,3.4151490226746177,3.5932413694972447,,True,
2401,True,53.0,2.6949017514208284,3.370837113339803,2.4750000000051386,2.098837545523712,True,True,5000.0,6.120396561024224,3.3723951451422454,,True,
2402,True,53.0,1.400965335244668,0.9272751245480322,2.4030000000019984,1.956542551134526,True,True,5000.0,3.6808602916920994,1.7260371385531346,,True,
2403,True,39.0,1.2450704037786002,0.29210929055989254,2.5942123047556667,2.152742969771357,True,False,216.0,2.932561579461999,3.393877733880564,,True,
2404,True,39.0,1.455502635340944,0.33052343243616633,3.0049430044011656,2.2735400438083335,True,False,216.0,3.8203987949590825,4.18545395603972,,True,
2407,True,49.0,2.103287544371236,2.145327767928393,2.718000000002821,2.2104238748484417,True,True,5000.0,1.781491787297507,3.5534570070561378,,True,
2408,True,49.0,1.5501615848798311,1.3852091467633727,2.6910000000073246,2.1882926573244266,True,True,5000.0,3.118771986288533,3.3055267704164097,,True,
2409,True,43.0,0.6156555141997876,0.6486464839908876,2.7888868234198765,2.290304296354526,True,False,72.0,0.8674918026960512,1.166135260262771,,True,
2410,True,43.0,1.2584950297312922,1.2396981406673149,2.898000000007688,2.1620609357277605,True,False,72.0,2.967383139392963,2.4049860422508793,,True,
2411,True,43.0,1.3290963655442383,0.4664832527087128,2.6244526916230444,2.0564310753827857,True,False,72.0,3.291621766730175,2.830749344645101,,True,
2412,True,43.0,1.4144101202450485,0.9786539678207191,2.61000000000974,2.1009664165807123,True,False,72.0,3.3921739989238957,2.6854427350418915,,True,
2413,True,57.0,2.122930573157317,1.251839037231548,2.6100000000062686,2.1709390022061883,True,True,5000.0,3.2810832287412715,4.766929788833198,,True,
2414,True,57.0,2.850537614867789,2.631944816388568,2.4750000000003625,2.1097667445241433,True,True,5000.0,3.918962834834101,5.151906711937125,,True,
2415,True,58.0,2.1240146856598345,1.726764999802981,2.1600000000027264,2.2508915149557964,True,False,36.0,3.012289123744997,3.4254299927543492,,True,
2416,True,58.0,1.8891374090078856,1.9127140846903785,2.4692782529457395,1.7667383701612416,True,False,36.0,2.7492108432116904,3.14555570486197,,True,
2417,True,58.0,1.9646689886337643,1.9461442900355905,2.160000000004743,2.104919130275555,True,False,36.0,3.378629625436472,3.604145538689946,,True,
2418,True,58.0,2.3930754831759993,2.328109353380569,2.4480000000060795,2.2351996359609583,True,False,36.0,2.9206788979116025,3.370477587589367,,True,
2419,True,50.0,2.3864045295134333,2.581934838770394,2.7450000000010757,2.045526446687991,True,False,72.0,2.869322443715866,3.4501675862533587,,True,
2420,True,50.0,1.6616087426688622,1.654955618771055,2.1600000000066184,1.9062040202979322,True,False,72.0,3.0554133229823877,3.0795972842909345,,True,
2421,True,50.0,1.584051246603741,1.3777026958123315,2.4480000000091477,2.3603765711640166,True,False,72.0,4.433707702588686,2.873067772224347,,True,
2422,True,50.0,2.2059826982971096,2.241577707896795,2.363681628499506,2.381485183094785,True,False,72.0,2.5470001631724415,3.3216675330478087,,True,
2423,True,60.0,1.7622811877083349,0.9614407122062403,2.6100000000062713,2.518752429120416,True,False,2304.0,4.565264350772671,3.928878173003506,,True,
2424,True,60.0,2.1193144153732573,1.2375746030484152,2.1700525771078323,2.6034227719292926,True,False,2304.0,3.7017163882818336,4.837099198984728,,True,
2425,True,46.0,2.0403545641661034,1.1112574582948582,2.4480000000027538,2.347772126719286,True,False,1152.0,5.084906052682055,3.184616541990084,,True,
2426,True,46.0,1.559933555612851,1.7429653536928527,2.7360000000079165,2.2071878034730075,True,False,1152.0,1.795957449305317,1.7029960812460738,,True,
2427,True,58.0,1.7316977330471541,1.1238191297161393,2.3831640586594594,2.0916828669996796,True,False,432.0,5.928924563326441,2.908188414929326,,True,
2428,True,58.0,0.652964716106231,0.7154119836850441,2.37344047743887,2.0923338661647666,True,False,432.0,0.5690615425064912,1.1536797355550084,,True,
2429,True,57.0,1.6320253892785352,1.8139396767073777,2.7008127364585603,2.34390456940977,True,False,96.0,2.592096664497138,1.8840711217908275,,True,
2430,True,57.0,1.4360799465323255,1.2641392808036471,2.4750000000021424,2.2194580716246923,True,False,96.0,2.9157157100767606,2.9291631902937842,,True,
2431,True,59.0,1.1808233100097538,1.499346297041484,2.2303210706139747,1.9760665668190431,True,False,432.0,1.321310382874566,2.0693473784623784,,True,
2432,True,59.0,3.5209572804344518,3.9435649585720967,2.1600000000042745,2.088015164145127,True,False,432.0,5.088728354194027,6.332067178732311,,True,
2433,True,58.0,2.75265507204184,2.652967385671218,2.448000000000952,1.9648613021788588,True,False,72.0,6.634441063589143,5.288319380796473,,True,
2434,True,39.0,1.2590498169628344,1.3747730836184928,2.8980000000002915,2.2285298591223768,True,False,216.0,2.212256610887329,1.3063935264004716,,True,
2435,True,48.0,1.562496667591555,0.782078228690807,2.417353075525937,2.6911501930215636,True,False,192.0,4.794158891750578,3.4596214874354754,,True,
2437,True,55.0,1.3165281422848119,0.6829109835525742,2.6100000000042978,2.3290314812385,True,True,5000.0,4.884870888102836,3.6457567837591034,,True,
2438,True,55.0,1.9534114826323727,1.29837645407315,2.414613665146072,2.2160921788138688,True,True,5000.0,5.601267642201795,3.653950894301031,,True,
2439,True,52.0,2.2045799418923067,1.945363798764447,2.6819929192283634,2.2531441269701324,True,True,5000.0,3.9778714512693125,3.1807094235083393,,True,
2440,True,52.0,2.007792177818912,1.7383506333935657,2.6910000000054257,2.3654927067526548,True,True,5000.0,1.970335585888581,3.7688531394455516,,True,
2441,True,62.0,3.7685527975819566,3.872989347368275,2.160000000005118,2.195949991188324,True,False,288.0,5.446372600776547,6.961189015364219,,True,
2442,True,58.0,2.123276191511315,1.9071651657795883,2.1600000000050787,2.113340438665763,True,True,5000.0,4.141599920130876,3.622519571513977,,True,
2443,True,58.0,2.1511369010886137,2.3046727851688047,2.160000000007497,2.2051908974281567,True,True,5000.0,3.5688444078560706,4.262923846594654,,True,
2444,True,58.0,1.7980083301641978,1.644751609521336,2.4262473038168046,2.0639569588051003,True,True,5000.0,4.225985291000461,3.670758923389567,,True,
2445,True,58.0,2.1313094829387786,2.210050230827619,2.898000000000361,2.053683002802526,True,True,5000.0,3.249750152546021,4.290156714407943,,True,
2446,True,54.0,1.584516086984021,1.2000769448168285,2.736000000000319,2.5854640389879724,True,True,5000.0,3.395704301420568,3.128265557420918,,True,
2448,True,65.0,2.8388004208549824,2.54563309994046,2.1600000000048554,1.9718156275625771,True,False,144.0,4.33171448932457,5.6507093388004535,,True,
2450,True,45.0,1.7721955007328847,1.5000041435087041,2.7180000000073963,2.3186202634109794,True,True,5000.0,1.9271163773445796,3.73150980551702,,True,
2451,True,45.0,1.4671204443064918,1.3403965398283617,2.8530000000084974,2.5304536423732404,True,True,5000.0,3.2227390820711026,2.655774845306149,,True,
2452,True,59.0,2.465032546108789,2.738507271013077,2.4942922741136115,2.1772343283624758,True,True,5000.0,2.8789795659936783,3.801431089276716,,True,
2453,True,59.0,1.7184310492421062,1.368187030802801,2.160000000003385,2.2528019861053035,True,True,5000.0,3.1050568610431006,3.2773344820887895,,True,
2454,True,59.0,1.9309422062702801,1.8980701326872804,2.160000000005709,2.1696199252864545,True,True,5000.0,3.4347212415157,3.2198250626495133,,True,
2455,True,59.0,1.9281774232110052,1.8921120706218062,2.160000000001209,2.2121632340765456,True,True,5000.0,3.6371586790044663,3.61474119756096,,True,
2456,True,57.0,2.778296721326528,2.6283515220566187,2.448000000007244,2.11835759327834,True,False,1296.0,3.8376973805010834,5.348595912994201,,True,
2457,True,57.0,2.623856237851776,2.1329669762817502,2.8267669365706296,2.0373671057273897,True,False,1296.0,4.384616697223521,5.404092844208701,,True,
2458,True,57.0,2.594498409767667,1.1236811851013044,2.448000000006379,2.2212199603146017,True,False,1296.0,4.778682476934278,5.687586907624182,,True,
2459,True,57.0,1.5013164034561894,0.3211210652953014,2.4511117982725805,2.192615947059585,True,False,1296.0,4.664575410998702,2.8766501957251136,,True,
2460,True,57.0,1.7450992919524557,1.9778372212022077,2.7630000000062447,2.0906636631701425,True,False,432.0,2.5981138300225717,2.8057125709386095,,True,
2461,True,57.0,1.493571451465741,1.2061976634977327,2.160000000000181,1.9506284701603223,False,False,432.0,2.9242095716084955,2.7858820223839738,,True,
2462,True,53.0,1.7890900466931485,0.8028089061081118,2.610000000006646,1.979965013453522,True,False,1152.0,5.208310964421172,3.577262059100698,,True,
2463,True,53.0,2.5972772632689436,2.342073997751868,2.698185006993612,2.4514767508585518,True,False,1152.0,2.8309261943983897,3.897730082671482,,True,
2465,True,60.0,3.0796426300044275,3.284948425836774,2.4889684558802454,1.9913909633469766,True,False,1296.0,4.732431228404532,5.968194288543283,,True,
2466,True,41.0,1.4370378363860956,1.1221067419974133,2.970000000007125,2.5365188958689036,True,False,192.0,2.398272284510164,3.025546186751567,,True,
2467,True,41.0,1.8042126723001484,1.6416430178287555,2.4750000000072783,2.4151280356328932,True,False,192.0,2.6315303957283827,3.018475873112468,,True,
2468,True,63.0,1.3100503670079475,1.7690871960003278,2.1600000000007897,2.0431760103574046,True,False,288.0,0.8255143563077416,1.2720609020867746,,True,
2469,True,63.0,1.2783970696838374,1.7712777054730395,2.160000000007667,1.9213066167064536,True,False,288.0,0.8973919977361478,1.5266744584646137,,True,
2470,True,54.0,1.6516243789506964,0.8517491970196716,2.4480000000029136,2.1718095834810196,True,False,36.0,3.3943138422026164,2.928628634739833,,True,
2471,True,54.0,0.7770029964649915,0.507820614715456,2.7454359289686696,2.3439924379784167,True,False,36.0,3.2949722890011426,1.7663819778621563,,True,
2472,True,58.0,2.4503155076219607,1.7746092715278792,2.6056645503490214,1.9168321667271762,True,False,432.0,3.4684959082677636,4.613646655129639,,True,
2473,True,58.0,2.120524363259389,1.2454562615130271,2.160000000004169,2.1717966699946847,True,False,432.0,4.220687051191756,3.84540857380645,,True,
2474,True,47.0,1.6298664149872522,1.6592566499457462,3.105000000001176,2.198738920972656,True,False,1152.0,1.4898015737245722,3.3537276941079903,,True,
2475,True,47.0,2.305959932782662,1.8775334649399156,2.7180000000050777,2.1913837703606367,True,False,1152.0,4.973236709668715,3.7441551630348457,,True,
2478,True,59.0,1.8634331102753976,1.6305586375892744,2.404443932236729,1.912341057499943,True,False,288.0,4.823054088383684,3.513471774871828,,True,
2480,True,59.0,2.525348827912303,3.07222539709619,2.4750000000027716,2.1421184093088788,True,False,288.0,3.791116460240094,3.642610664858272,,True,
2481,True,59.0,3.7274347664551364,3.903424701449694,2.1600000000097226,1.9318675989311482,True,False,288.0,4.04922077294768,3.7368559699855766,,True,
2482,True,55.0,2.9931329221988396,0.9339318681195437,2.2928595522589,1.8541892282612362,True,True,5000.0,6.944964420410618,8.03545626352604,,True,
2483,True,55.0,3.1122640915801885,2.8376282026765693,2.5144631886292235,2.379944355399932,True,True,5000.0,4.865056194684787,6.497699659400509,,True,
2484,True,60.0,1.5416750914688546,1.0566989284743613,2.735874583227629,2.289980402208718,True,True,5000.0,2.985941921799164,3.5375025110689506,,True,
2485,True,60.0,1.6441804575289225,1.2108702789446397,2.4480000000102486,2.180872502463177,True,True,5000.0,2.9723569406318626,3.6550509053449862,,True,
2486,True,55.0,1.7984346151464161,2.512483121645346,2.5695378569716896,2.035818324458251,True,False,3456.0,3.0656975531818067,2.7115162400748165,,True,
2487,True,55.0,2.3167618096964264,2.8491144910913135,2.6550000000097165,2.3530406825849823,True,False,3456.0,3.543983523306931,5.026807776599086,,True,
2488,True,55.0,2.4155986173413075,2.6927241990670154,2.259391753954682,1.9097475337331895,True,False,3456.0,3.0691338874603353,4.15531358258908,,True,
2489,True,55.0,1.6532019635560182,2.1347735401941463,2.6581897613556658,2.26206114183503,True,False,3456.0,3.0308433055319717,2.88315130833994,,True,
2490,True,59.0,2.16360332487188,2.5424593389725487,2.370631826965232,1.8370813733746254,True,True,5000.0,2.951742062940814,2.9924334590865205,,True,
2491,True,59.0,2.092292919672592,1.873373031416122,2.462919842911409,1.7086743967766358,True,True,5000.0,5.308880257825431,4.518071288661448,,True,
2492,True,61.0,2.5750693217189173,2.7776894604612608,2.1600000000067805,1.908095810068247,True,False,96.0,6.547130627028276,3.341475007088505,,True,
2493,True,61.0,2.2133399093243726,1.9160142313667166,2.160000000006086,2.2795972525207167,True,False,96.0,6.7729817572633015,3.250644990133574,,True,
2494,True,54.0,2.9373062721358627,2.0553201673137664,2.610000000009178,2.450120943831141,True,True,5000.0,6.254628878044073,4.6936138864374515,,True,
2495,True,54.0,2.61611773757511,1.5877260205852508,2.700693960557942,2.49624727463046,True,True,5000.0,4.646981639692205,5.294438353179547,,True,
2496,True,59.0,2.1285407062299466,1.7276877269723627,2.1600000000045005,2.0852773815250574,True,False,864.0,3.205819322773265,4.848586414164815,,True,
2497,True,59.0,1.9035505874129663,1.4285836406997987,2.1600000000096093,1.759148236761189,True,False,864.0,4.194440011994871,2.9572624520930204,,True,
2498,True,48.0,1.7528303431671584,1.612799330832786,2.403000000003111,2.3097475753423793,True,False,2304.0,2.8734148598046434,3.2092447695967,,True,
2499,True,48.0,1.0028223231724516,0.8026168974865868,2.4030000000073044,2.2183322926919673,True,False,2304.0,3.2419124778997155,1.8389905323571882,,True,
2500,True,49.0,1.0785400149534459,0.35597587093070615,2.4480000000077404,2.3270011818862493,True,False,216.0,5.042427691986454,2.5907527219331494,,True,
2501,True,49.0,1.5018705122765525,0.27639868734331685,2.160000000001204,2.0403951110262932,True,False,216.0,3.375795972685522,3.570228910794572,,True,
2502,True,58.0,1.8770220904901411,0.9035316459012392,2.627069333404689,2.187104087440742,True,False,2592.0,3.5543920688847894,4.469955013755347,,True,
2503,True,58.0,1.5092012231042125,0.7818003979045898,2.4480000000089444,2.3112605184833668,True,False,2592.0,3.265009660201525,4.437253014777216,,True,
2504,True,57.0,2.934229755714122,2.214709278778173,2.5976075931225457,2.1416144203380774,True,True,5000.0,5.080256135487069,5.734587673816896,,True,
2505,True,57.0,3.326393218890912,2.4679300958996464,2.6100000000027763,2.15766124862083,True,True,5000.0,5.974929335900623,7.929965584789597,,True,
2506,True,45.0,1.488308508317007,2.1301129397688783,3.0330000000001562,2.33816146529704,True,False,2592.0,2.6801942945941186,3.245468764467482,,True,
2507,True,59.0,3.2121150562474954,3.3331075437381514,2.160000000008509,2.3614897508352644,True,False,432.0,4.6196197400923245,5.508010260751548,,True,
2508,True,59.0,3.2861861981574676,3.3406365048358566,2.442147578412707,1.7838138981967822,True,False,432.0,5.335383770002554,6.317888536784942,,True,
2509,True,54.0,1.4935673736885027,1.297471684989432,2.925000000005029,2.1971569620307063,True,False,1152.0,3.956518290402755,2.5014065534073153,,True,
2510,True,54.0,2.32364407706722,2.0619638193238643,2.1600000000045836,2.071169028881999,True,False,1152.0,3.319086148279405,3.959227647130401,,True,
2511,True,51.0,2.1036654613784798,0.7371553408484033,2.4777191799409466,2.5380176113258157,True,False,1296.0,4.777959961763342,3.4272888774165193,,True,
2512,True,51.0,2.84535212673611,2.9494604811552563,2.9250000000073446,2.093532619163122,True,False,1296.0,4.947121666228947,4.391817216958909,,True,
2513,True,55.0,1.8377209787166433,1.2145424306036148,2.814739427790648,2.271139082971362,True,False,192.0,5.573418827444718,2.365204546872198,,True,
2514,True,55.0,1.3121870231493549,0.5558778011218237,2.65500000000089,2.4154061523478823,True,False,192.0,3.3240146710029035,3.2301774136001566,,True,
2515,True,50.0,2.0358637476310237,1.5491701843493502,2.909208322578513,2.3072137195327183,True,False,1152.0,4.114612100029678,3.173982735940884,,True,
2516,True,50.0,1.910857968894694,1.3452083430856874,2.5000646039060856,2.19550831610814,True,False,1152.0,3.324226201878989,3.602478915511986,,True,
2517,True,47.0,3.419631918907314,4.186276883567189,2.7900000000066343,2.366960654869447,True,False,1152.0,4.022415415729505,3.0897072157325263,,True,
2518,True,47.0,3.37610965826218,4.014899633933965,2.7180000000055173,2.301113409743205,True,False,1152.0,4.134617952463395,2.973035684200971,,True,
2519,True,52.0,1.7299119029188004,1.1679717105944292,2.1600000000024355,2.2275030694928346,True,False,288.0,2.9878674773787113,3.8646387382921,,True,
2520,True,60.0,2.663557956177932,2.407761297072284,2.160000000001662,1.8752779174031775,True,True,5000.0,4.978983859162694,4.749676529209995,,True,
2523,True,58.0,1.8507435394473484,1.8734068468511396,2.610000000004076,2.1346461755054396,True,True,5000.0,3.932653778597117,2.4969301135403463,,True,
2524,True,59.0,1.740563227754769,0.8327708719079965,2.352235339505956,1.8939821613468275,True,False,576.0,3.921365486451372,3.1926780135768755,,True,
2525,True,59.0,1.1872142536886732,0.6583210075768875,2.2993755468905226,2.1221125507145,True,False,576.0,3.146197508514468,2.4823623002806032,,True,
2526,True,63.0,1.491577799782916,1.0585091038083192,2.177041988276552,1.9772116517459633,True,False,288.0,2.517311411065843,4.633308649368507,,True,
2527,True,63.0,1.498780041683491,1.5165584328533441,2.160000000006367,2.0140643890898824,True,False,288.0,1.5574040063559833,2.681727300456696,,True,
2528,True,53.0,1.671325208959438,1.2512963428889634,2.1999448968470707,1.853686834041824,True,False,72.0,2.420334185853056,4.518490635891806,,True,
2529,True,53.0,1.302819473646928,1.1041249607806094,2.361066728058907,1.8579617554190937,True,False,72.0,3.2083998882764484,2.9711056255942667,,True,
2530,True,61.0,2.0928837712514525,1.759413516127097,2.160000000005781,2.345514162033562,True,True,5000.0,3.719354080937791,3.783563901521385,,True,
2531,True,61.0,1.7870611970834693,1.070198646717472,2.160000000003239,2.2839294233185057,True,True,5000.0,3.7374877057042677,3.898969971576148,,True,
2532,True,57.0,3.4524249585961027,1.8952980481481063,2.448000000001,2.3504950447937567,True,True,5000.0,4.876623666815098,6.365767323781504,,True,
2533,True,57.0,3.432743025270762,3.0314656547707273,2.4480000000003144,2.313674447821041,True,True,5000.0,4.897363707362898,6.132662605177067,,True,
2534,True,48.0,2.338726481847022,1.9356584883171308,2.4750000000018724,2.3387799032187706,True,True,5000.0,4.778010957795284,3.5205298581163924,,True,
2535,True,48.0,1.7705955200437768,1.63038679618694,2.691000000007973,2.2961864661651505,True,True,5000.0,2.8892153760936656,3.300613702302523,,True,
2537,True,56.0,1.1546234157076931,0.8689190657969448,2.667563504636679,2.525400548091332,True,True,5000.0,3.2419114576174612,3.074788251117165,,True,
2538,True,43.0,0.980867674756121,0.8631311532226391,2.5682585743361575,2.1578953965843666,True,False,2592.0,2.9605687432617356,2.197692893461668,,True,
2540,True,59.0,1.804354346616087,2.397578959047678,2.2676877473621904,2.0333106348760386,True,False,576.0,2.3444434360804443,3.2350185570591803,,True,
2541,True,63.0,1.4534968006656444,1.2398699246514298,2.1999465303603927,1.8233278301227125,True,False,216.0,2.0261611558932957,3.1885620431502053,,True,
2542,True,43.0,1.7624229719356599,1.575186658079474,2.8231351537928897,2.165563161951182,True,True,5000.0,2.1884581158850125,3.2800360912671582,,True,
2543,True,43.0,2.007557419790286,1.8744557891550357,2.8980000000021806,1.9529336579105803,True,True,5000.0,4.635436540604477,2.711201232299734,,True,
2544,True,50.0,1.1267394023494488,0.9392680696291791,2.5334066398187414,2.140852435526559,True,False,432.0,1.1947049345362606,3.040372080394814,,True,
2545,True,50.0,0.9234732953346266,0.7616059936372039,2.8217089195654075,2.2974761830321553,True,False,432.0,1.3575890236148955,3.2728653030709927,,True,
2546,True,57.0,3.08472849388458,3.063497829978587,2.4480000000066178,2.167293399104053,True,True,5000.0,4.218926585967527,5.1899285752307485,,True,
2547,True,57.0,2.815443090995184,2.4351549096681993,2.610000000005837,2.284971815602985,True,True,5000.0,3.922926258931296,4.3804510956025915,,True,
2549,True,58.0,2.0914481561906872,2.3030332260823343,2.1600000000071753,2.1416365776200217,True,True,5000.0,3.4763226838251335,3.808892172097897,,True,
2550,True,58.0,2.682244279599585,3.0572031529845844,2.655000000001678,1.8406951413800168,True,True,5000.0,3.651691752954749,4.172428772877933,,True,
2551,True,53.0,2.2627013819204627,1.3344086173201504,2.490437167049025,2.1380691482269696,True,False,2592.0,4.0890713038193125,6.055938225970899,,True,
2552,True,53.0,2.4875554961751223,2.517297569600487,2.6100000000016492,2.2167170053031127,True,False,2592.0,3.0004061972550344,3.7218603334444476,,True,
2553,True,53.0,2.76266172769628,2.986279025924887,2.745000000009655,2.2187227523510007,True,False,2592.0,3.7100331091632426,4.520424351836175,,True,
2554,True,53.0,2.278109125290743,2.5412429511270602,2.588765628331638,2.324382485177515,True,False,2592.0,3.5567409036742523,5.244229849545525,,True,
2555,True,59.0,3.937083267048117,3.4681190650735516,2.448000000004649,2.3265592872952965,True,True,5000.0,4.742072741894586,6.274689840960313,,True,
2556,True,59.0,2.367901952517664,2.2179161045860383,2.1600000000052497,2.16640831691535,True,True,5000.0,3.5067727812719767,3.6308739170798505,,True,
2563,True,65.0,2.2888366597357552,0.9098324266342388,2.6100000000056833,2.119848112625054,True,True,5000.0,5.191319986672324,4.574718797623059,,True,
2564,True,65.0,2.528221968589118,2.0003431105578784,2.4484938701964043,2.0926300961708453,True,True,5000.0,4.031457855940789,4.158561918610292,,True,
2565,True,57.0,2.8735864294204836,3.048885535550653,2.475000000006247,2.340368342590541,True,True,5000.0,3.003082337990706,3.588697104801355,,True,
2566,True,57.0,3.569012755694845,3.798712828542193,2.448000000000421,2.24368111051905,True,True,5000.0,4.931656485767671,3.4492566771191684,,True,
2567,True,61.0,2.536796937143173,2.528928756084497,2.2194910521733036,2.0423229642003244,True,True,5000.0,4.184535393821729,5.543667594640055,,True,
2568,True,61.0,2.7754966317947534,2.0554950933546934,2.1775047467817057,1.892957533094707,True,True,5000.0,5.405202939803392,6.672749540689744,,True,
2569,True,30.0,1.216780658577272,0.4073478453756252,2.9250000000028766,2.2796819701440816,True,False,128.0,1.9188673253724333,3.032851546999304,,True,
2570,True,69.0,2.3667832691223207,1.8225211390781624,2.1600000000058377,1.8441001412613147,True,True,5000.0,3.688455987980481,4.681528172075199,,True,
2571,True,69.0,2.1622189345125062,1.7217624409531709,2.5121297633656514,2.180684056574909,True,True,5000.0,3.265077861222599,4.728755721494019,,True,
2572,True,58.0,1.968829917746979,2.142817308103986,2.448000000000066,1.8752513773891757,True,False,16.0,1.6146215075412995,2.877150734016674,,True,
2573,True,58.0,2.127905482400117,2.108902703024796,2.607832024475973,1.9170141757170183,True,False,16.0,2.8704565802852855,2.9675321231936724,,True,
2574,True,58.0,2.2616577553302664,2.16082062168789,2.1600000000075448,2.121814652249343,True,False,16.0,3.4100915804141674,3.0719889974611765,,True,
2575,True,58.0,1.6302702022938975,1.345778377559327,2.44800000000859,2.1707090138017118,True,False,16.0,2.1958163117901255,3.13570973821996,,True,
2576,True,54.0,1.7449411279139917,1.109602674277994,2.7360000000022224,1.9292237224852902,True,False,2592.0,3.0545061786246808,2.734109269810424,,True,
2578,True,63.0,2.3226549406663106,1.3831602578393358,2.1600000000059034,2.3372778168202424,True,False,1152.0,4.400185742992485,5.450371828783199,,True,
2579,True,63.0,3.848267004575243,4.570792099708342,2.160000000003414,2.3604121130641573,True,False,1152.0,3.694091239962657,5.405787997477929,,True,
2581,True,61.0,2.167692289103954,2.264230416763894,2.1600000000070234,2.409268699792532,True,False,384.0,2.2753967291441746,3.051523988385127,,True,
2582,True,46.0,1.0047159663990555,1.1131214151828317,2.6545047968536597,2.028792018985682,True,False,864.0,1.5088100521792838,1.329009606900428,,True,
2583,True,46.0,0.8800157408311465,0.8510672381198674,2.50152125943611,2.0342459325017708,True,False,864.0,1.1976388245056302,1.015039443923952,,True,
2584,True,55.0,1.8321301104618537,1.7129607870883774,2.655000000004957,2.2479462454872006,True,False,1152.0,4.710439369996238,4.065936293116213,,True,
2585,True,55.0,2.3889493194366396,2.3914481133251684,3.0448598978691668,2.340230737790614,True,False,1152.0,5.502056521113394,3.214245345315425,,True,
2586,True,62.0,3.306750228155471,3.314192424146313,2.1600000000056223,1.9101547952456628,True,False,288.0,5.128274361227345,5.736582855229072,,True,
2587,True,62.0,1.4831650875603,1.055693917634926,2.2669210897691445,2.2891068958438794,True,False,2304.0,3.5064202461788105,4.164861627534908,,True,
2588,True,62.0,1.9142705024510898,1.4264785820232646,2.403000000002929,2.299793131762072,True,False,2304.0,4.397122556283313,3.3144186284393236,,True,
2589,True,60.0,2.2447655362611982,2.08491012848026,2.2649660323420404,1.9455711346799942,True,True,5000.0,4.443321326603171,3.5761893727667298,,True,
2590,True,60.0,1.8667750572683897,2.465468724789389,2.448000000010418,1.9196199567101817,True,True,5000.0,2.6541600375329666,3.3969731328630197,,True,
2591,True,60.0,1.9011438831711331,1.9207400226659956,2.6100000000032613,2.0928973361586567,True,True,5000.0,4.206279606466215,3.4113359903255946,,True,
2592,True,60.0,2.3950538137128703,2.5619781944442366,2.160000000003075,2.2267006323706835,True,True,5000.0,4.245067691971635,5.209773913661,,True,
2593,True,41.0,1.885389976757927,1.9500949748362473,3.0330000000036845,1.8099205076743012,True,False,144.0,3.5230124368481195,2.803714841006638,,True,
2594,True,41.0,2.5809822031781136,2.8988322457262257,2.5621244330275292,1.8611016916332113,True,False,144.0,3.774612288826159,2.54538443291629,,True,
2595,True,51.0,2.7620918005703876,2.7914437550571165,2.4442732354520778,1.9675514773951914,True,True,5000.0,3.3072256269547395,4.617294472933428,,True,
2596,True,51.0,2.48168122671947,2.319370536471979,2.160000000006543,1.8573678229149981,True,True,5000.0,2.582991083929016,4.591449460237021,,True,
2597,True,54.0,1.0243400792491097,0.18003990412762505,2.4505009003219738,2.3500193557713507,True,False,216.0,1.4640912682982796,3.4502959204034207,,True,
2598,True,54.0,1.9369432085320846,0.6745945056318305,2.1600000000001773,2.33275406644164,True,False,216.0,4.143070610443401,3.9875517503646827,,True,
2599,True,51.0,0.9007815362598611,0.37245634901773883,2.4911599087189593,2.4134340350007495,True,False,72.0,2.90269009518896,3.1619819205820496,,True,
2600,True,51.0,0.9420469422824408,0.3353290005179588,2.470038817394607,2.267461278809409,True,False,72.0,3.0252066490877048,2.8420295854358564,,True,
2601,True,51.0,1.4191126856820668,1.1182726074075617,2.7360000000029316,2.3605859451839493,True,False,72.0,3.042400142202029,2.9350458884252797,,True,
2602,True,51.0,1.207232445886294,0.9210379854230268,2.736000000002311,2.351205855896076,True,False,72.0,2.722018479304588,2.993194433572586,,True,
2603,True,47.0,2.3509930813834923,2.1865396521243383,2.4750000000099823,2.3888832261121515,True,False,216.0,2.693791122299393,4.110741819353334,,True,
2604,True,47.0,1.592927592339497,1.0683771068433998,2.63714111418727,2.616354370206758,True,False,216.0,3.3710175519929746,3.126153482810738,,True,
2605,True,59.0,1.151965132040541,0.5636601395344769,2.6100000000048227,2.1733566660582886,True,False,192.0,2.796672902964887,3.075697927897087,,True,
2606,True,59.0,1.9208258634989424,0.3484757310943678,2.925000000001892,2.117607582013249,True,False,192.0,3.300185427001016,4.540628954590029,,True,
2608,True,56.0,1.4460122728172782,0.9320504561364942,2.4480000000002735,2.5279390285764407,True,False,1152.0,3.3732813502764247,3.4505889327512405,,True,
2609,True,60.0,2.1881524603554268,1.6612549397323164,2.7360000000011246,2.2490360210098896,True,False,2592.0,4.321338035493869,4.492256400477221,,True,
2610,True,60.0,2.004361233608387,1.6027581550042669,2.4480000000043733,2.3660762298793343,True,False,2592.0,4.320742446328786,4.626794907567937,,True,
2611,True,57.0,2.6372260890160413,2.316206128900376,2.9700000000019697,2.389677715216008,True,False,2592.0,4.189762742434298,5.134975687957131,,True,
2612,True,57.0,2.4363415205051844,2.1820578206898062,2.6550000000006837,1.8118956104036457,True,False,2592.0,6.194273936804864,3.342606531101747,,True,
2613,True,64.0,2.1909526634279572,1.1757643695200386,2.4726667777388585,2.115277867538919,True,False,4608.0,4.397234405730534,5.236498046028686,,True,
2614,True,64.0,2.30025138327412,2.148470790558349,2.1761462928553574,2.11368341931804,True,False,4608.0,4.330088167012806,5.9108227045167165,,True,
2617,True,56.0,1.5413389994184368,1.791071006009588,2.475988031936259,2.1621030794344662,True,False,576.0,1.6342596800782945,2.8537321480263547,,True,
2618,True,41.0,1.4945593463624807,1.6201578863328905,3.1950000000066114,2.2120626373138714,True,False,12.0,2.951186093913284,1.3052956893894883,,True,
2619,True,65.0,2.2140482549125373,1.2241280897869729,2.362236312279644,2.2824374911265375,True,True,5000.0,4.383727749089449,6.040507262046771,,True,
2621,True,61.0,3.026904791023544,3.0353667698254867,2.160000000002023,2.2503640007341033,True,True,5000.0,5.061456798437783,4.807334211652515,,True,
2622,True,61.0,2.826848461399901,2.1018869287181587,2.4480000000097726,2.203523065683679,True,True,5000.0,4.812760158657115,5.597546949175169,,True,
2623,True,57.0,2.279554074413994,2.996036943706713,2.4030000000042047,2.271093842931199,True,False,96.0,3.517084116648957,5.147835763631259,,True,
2624,True,57.0,2.441069701553041,2.9347608057905745,2.610000000002584,2.1951871825427554,True,False,96.0,3.211960874485184,4.714409857978354,,True,
2625,True,57.0,2.804196135035922,3.5731739813163585,2.271937114481679,2.1659527143499697,True,False,96.0,3.2314147837826463,4.732123216216452,,True,
2626,True,57.0,2.073878453323272,1.766781485748652,2.403000000010648,2.1845886331527042,True,False,96.0,2.970846245730046,4.1116920404711985,,True,
2627,True,54.0,1.2507979915726073,0.9176694773632335,2.433203297672777,2.1815497261579897,True,False,72.0,3.8737432388088395,1.7722682692762959,,True,
2628,True,59.0,1.903057300709798,2.4908938181761187,2.1600000000091386,2.2281303790622307,True,False,768.0,3.341745238035099,3.4353275333264457,,True,
2629,True,59.0,1.4894893525613693,1.6988884053680522,2.4937052252767624,2.1232326084063424,True,False,768.0,2.212334532786526,3.250348958900169,,True,
2630,True,53.0,1.3546584900822083,1.136257637583185,2.448000000007233,2.118172319524547,True,True,5000.0,3.229147914339443,2.8357372961668785,,True,
2631,True,53.0,2.0416094467425174,1.8704262051396654,2.616014600298743,2.1599011465805558,True,True,5000.0,3.1336612497160736,3.1085340964208616,,True,
2632,True,62.0,1.2919857743568302,1.2371107270155335,2.5539154612430424,1.9066392758463777,True,False,288.0,3.1750265741291495,3.3295909763207145,,True,
2633,True,47.0,1.3917856565679037,1.3813361150459968,2.4030000000038316,2.3703754366344585,True,False,2592.0,3.2048112980258803,1.7934414615023053,,True,
2634,True,63.0,2.323314089195303,2.2554577331466135,2.403000000009239,1.9599244519113486,True,False,1296.0,2.8588009181483116,2.9613237295082087,,True,
2635,True,63.0,1.9294029057555317,1.5276132027101994,2.3358839466140666,2.0115966634989233,True,False,1296.0,2.865100529924879,4.398812184437042,,True,
2636,True,50.0,1.721272283512214,1.70595937249891,2.40300000001005,2.261418505672933,True,True,5000.0,1.9360193136305897,2.875510357013988,,True,
2637,True,50.0,2.2305630113889956,1.840600533374527,2.4480000000059463,2.178984264973017,True,True,5000.0,4.89828735733925,3.5037027095267272,,True,
2638,True,65.0,2.2283042973021976,1.267676716845017,2.160000000007803,2.037242375467386,True,False,432.0,5.919082124758001,4.663980949863483,,True,
2639,True,65.0,2.4058414920916618,1.9273065859742928,2.448000000008996,2.1396499321384326,True,False,432.0,5.750001606628635,3.8713801279088935,,True,
2641,True,62.0,2.9050357491967977,2.6199887802977173,2.160000000002431,2.1833323196893324,True,False,144.0,4.114464509942241,5.832766808602305,,True,
2643,True,62.0,3.0715733874264872,3.0892465252145485,2.1600000000009967,2.1841849138980884,True,False,144.0,4.10123278747209,5.8280482331093655,,True,
2645,True,68.0,3.063907355341565,3.04925802015714,2.1600000000044988,2.3442580178171517,True,True,5000.0,4.366918462377829,5.706944187801846,,True,
2646,True,56.0,1.81790314844381,0.9652829229562485,2.669020631007493,2.3674345848196103,True,False,192.0,3.732306265731065,3.8570196302953574,,True,
2647,True,56.0,2.0605288428439588,1.3675280904099054,2.160000000000681,2.2592380041288256,True,False,192.0,3.7667576331054606,4.035937350894746,,True,
2648,True,61.0,1.9889340123120298,1.8318036853743251,2.4750000000002585,2.411693362681085,True,False,2592.0,3.3040123850952607,3.3399292296225567,,True,
2649,True,61.0,2.0419790185870617,1.8839106720406562,2.4480000000033635,2.3394493283249367,True,False,2592.0,4.363082022123315,3.3882267540983015,,True,
2650,True,45.0,1.5690424591306629,1.5567785917010042,3.1050000000001305,2.2972016666588067,True,False,192.0,3.335476440756769,3.323003627941783,,True,
2651,True,45.0,1.7565332770984472,1.4788205809163628,3.1050000000007545,2.2712030935607674,True,False,192.0,4.745586779421367,3.306059872745354,,True,
2652,True,65.0,3.9288595244023417,4.259679998784122,2.5016631666075573,1.903190492646493,True,False,144.0,5.72143798456408,7.3835328030392136,,True,
2653,True,65.0,2.2583725976555833,1.8604607764718821,2.22127660670005,1.842759824665168,True,False,144.0,3.3886770830970185,4.82954693503618,,True,
2654,True,46.0,2.6783285220244597,2.577018212992698,3.0330000000055968,2.1708239273603005,True,False,384.0,3.5644053228233443,3.546556161309256,,True,
2655,True,46.0,2.5307329694366665,1.217445791571663,2.76300000000586,2.4585375606852136,True,False,384.0,5.050268103603819,4.162363118023071,,True,
2656,True,64.0,2.5351079857281595,2.2126532734328066,2.160000000008072,2.135686390929155,True,False,768.0,5.517160597090975,3.206603056620069,,True,
2657,True,64.0,2.9979757895636356,2.9921329128301295,2.4750000000001764,2.175193404964257,True,False,768.0,5.017113427551036,3.5947483041453494,,True,
2658,True,69.0,2.5774593871944775,2.5613082467461936,2.6100000000028722,1.8271770877777556,True,True,5000.0,3.2752043072196235,4.005463560620034,,True,
2659,True,69.0,2.649181253175413,2.3796691965617356,2.1600000000034054,2.3797914182759796,True,True,5000.0,4.319190110527242,4.624215324416576,,True,
2660,True,59.0,1.9339197871063996,1.2557870639539033,2.448000000004603,2.1889493008747367,True,True,5000.0,3.7071127887380104,3.2044804679918086,,True,
2661,True,59.0,2.947771849100885,2.793776121769042,2.6550000000000886,2.3447475191158644,True,True,5000.0,4.782358552775037,3.507656161230426,,True,
2662,True,54.0,2.528633054976013,2.632171811761509,2.4480000000033315,2.40952188718011,True,False,144.0,3.5825899123150857,5.1053535983313285,,True,
2663,True,54.0,2.4636747478293444,2.5734852208115626,2.4480000000095252,2.2603147133529875,True,False,144.0,3.4590109325455645,4.883865255859004,,True,
2664,True,60.0,2.3349390771586296,1.444143769764196,2.2274364158954043,2.175143173034823,True,True,5000.0,4.36656623753567,5.567970705133963,,True,
2665,True,60.0,2.8124780699429714,2.1715349379337567,2.2718732154900363,2.182502509987102,True,True,5000.0,4.714453846483653,4.588750861404326,,True,
2666,True,62.0,1.7749981770460144,1.643295120116818,2.619926035455162,1.955935198440889,True,False,48.0,3.6663777244407676,3.3782901809905184,,True,
2667,True,62.0,0.974151109503154,0.7137236707567354,2.714574249865382,2.303129816271762,True,False,48.0,3.76801523330625,2.3013644924139856,,True,
2668,True,62.0,1.4682118048355701,1.1540981171892781,2.610000000001987,2.1783013224758414,True,False,48.0,2.7384918809982333,3.1980210286174526,,True,
2669,True,62.0,1.4427380520213207,1.1834811145417916,2.490220616882422,2.1301203317418476,True,False,48.0,2.355404893311574,3.5000608077643207,,True,
2671,True,65.0,3.0618130760064215,2.7771707787433115,2.160000000004755,2.0261387705189398,True,False,432.0,4.007653350222229,5.590453421767633,,True,
2672,True,62.0,1.6257832689891216,1.4733971118002955,2.471702583318275,2.130837286397063,True,False,2304.0,2.1133949751988426,3.251388194852206,,True,
2673,True,62.0,2.0597080477102243,2.235818651126465,2.4750000000037695,1.9876662331991253,True,False,2304.0,3.473562536212992,1.0597566706835326,,True,
2674,True,50.0,2.1862922026587217,1.8756488349717984,2.4030000000018554,2.3019046414654105,True,False,2304.0,3.085145829999966,3.9299573099309364,,True,
2675,True,50.0,1.400665432592578,0.8517918893703609,2.7226256974816403,2.227369103202251,True,False,2304.0,1.8971402111936984,3.8996340436542467,,True,
2678,True,51.0,1.1262730278124824,0.749376559684606,2.4179980064157904,2.062972840465914,True,False,2592.0,3.103168834203361,3.139898254064854,,True,
2679,True,65.0,2.2835267953281644,1.8793704903364414,2.5113574001649313,2.3546431833507167,True,True,5000.0,6.144276741002924,3.5761057539090495,,True,
2680,True,65.0,1.380633007961128,1.0945439900715428,2.160000000004309,2.3279655553508527,True,True,5000.0,3.199359976434864,3.195468337426388,,True,
2681,True,60.0,2.8588706395432872,1.656864750701061,2.160000000007077,2.3958518010302727,True,True,5000.0,6.383760734022056,4.6682129834598785,,True,
2682,True,60.0,2.67861906991093,2.14357950507474,2.6100000000047787,2.3405240072684577,True,True,5000.0,5.461057315117436,5.528163486631852,,True,
2683,True,52.0,2.5534216528498463,2.6830439041477803,2.763000000004029,2.4793446415938227,True,False,216.0,4.736312747954456,3.325472699007359,,True,
2684,True,52.0,2.0299784526575055,2.0710888937246636,2.970000000000527,2.4356780744794664,True,False,216.0,3.711946036000365,2.5613667729642025,,True,
2685,True,60.0,2.9736428584370205,2.4430603945220355,2.47500000000543,2.065103649311579,True,False,2592.0,4.8057383017841335,5.7331335303346656,,True,
2686,True,60.0,2.576959661106721,3.013105869988067,2.467432436213681,1.9709397339594126,True,False,2592.0,3.155345181406756,3.3440385789305607,,True,
2687,True,62.0,1.240043331818958,0.9513538394094212,2.2646625172244015,2.3708647932347384,True,False,768.0,5.046127509252686,2.8930420874664575,,True,
2688,True,62.0,2.618589062718406,4.062740429744736,2.475000000004022,2.326094272401701,True,False,768.0,5.24362699011171,3.6696150413209287,,True,
2689,True,61.0,1.4884065168449243,1.2192759951904009,2.7360000000024187,2.2129809923720543,True,False,2592.0,3.4197011980233314,3.11769359344063,,True,
2690,True,61.0,2.0995669159115318,2.073708074156457,2.4480000000045825,2.2549811269276736,True,False,2592.0,3.1443460953640052,3.1036220141975237,,True,
2691,True,61.0,2.2070724255883167,2.3131029305914126,2.898000000007038,2.249750229269907,True,False,2592.0,3.40831939624447,3.4915635161720444,,True,
2692,True,61.0,1.6188298183082246,0.7736066616926109,2.3917026075556103,2.1371687095313745,True,False,2592.0,3.583163733186469,3.531668859622429,,True,
2693,True,64.0,2.772393826339614,2.9039208096255607,2.1600000000038273,2.2081363657392172,True,False,256.0,2.0162429354506086,3.5833585810379778,,True,
2694,True,64.0,2.4037154966822762,2.3758555400418118,2.763000000007451,2.158197679870868,True,False,256.0,2.1940033863855515,3.993299059920526,,True,
2695,True,54.0,1.996925113790205,2.1365494762940216,2.69100000000797,2.243392507253245,True,True,5000.0,2.3834924198324137,3.2284229464411323,,True,
2696,True,54.0,1.1815232154230004,1.0740032644789608,2.1600000000061788,2.265520492888996,True,True,5000.0,2.350698116241414,2.3507048063130136,,True,
2697,True,57.0,2.0414209713793423,2.00436705257016,2.1600000000027264,2.1706085859500326,True,False,432.0,2.440486137490546,4.551792114468104,,True,
2698,True,57.0,1.9238664786722635,1.5507328257663175,2.448000000005462,1.8474355968476952,True,False,432.0,2.8941211733219627,3.9641250852446026,,True,
2699,True,51.0,2.4893545791575935,1.9900487261766102,2.230973718337926,2.2408940275256213,True,False,1152.0,3.191917411127142,3.872173607222745,,True,
2700,True,51.0,2.4582996193097975,1.8309557560278336,2.701939112023986,2.0479173085112587,True,False,1152.0,4.175294625897789,5.014750914011548,,True,
2701,True,50.0,2.4495370118482938,2.578865117880923,2.4750000000053247,2.0161875658033406,True,False,64.0,3.345115105094995,3.4969299818210446,,True,
2702,True,50.0,1.9482065833200266,1.051258294901345,2.1600000000074906,1.9450993171815163,True,False,64.0,5.807424918104325,3.9410910806906,,True,
2703,True,60.0,2.1027603240422175,1.552995071047917,2.6100000000001606,2.1507936255717333,True,True,5000.0,4.651919289613984,3.745143069063532,,True,
2704,True,60.0,1.6288118615956722,0.6228925458854064,2.3359409236304005,2.117665702111643,True,True,5000.0,4.845534705717275,3.648040165239907,,True,
2705,True,50.0,1.7441260757348456,1.5064408889811602,2.7435632119730786,2.256913686896333,True,False,384.0,2.8142038590806915,3.117740968124167,,True,
2706,True,50.0,2.095721200385262,1.6606241144691012,2.75659828482108,2.6316014309541633,True,False,384.0,3.248187210795932,3.1732733039112446,,True,
2707,True,64.0,1.6328960564963584,0.8978738945043006,2.1600000000001547,2.2152233750572425,True,False,2592.0,2.779772836306,4.822137667752723,,True,
2708,True,64.0,1.6993637181581116,1.0461250377993565,2.50944114201288,2.0040967451697536,True,False,2592.0,3.272233396930578,3.811826562142896,,True,
2709,True,51.0,2.821963877074946,3.3314022229460534,2.9430000000002647,2.1072539568594957,True,False,432.0,3.580051552194157,4.77912380086253,,True,
2710,True,51.0,3.4047102808754923,4.783460283801105,2.655000000005071,2.2240280561854426,True,False,432.0,3.6945555354306236,4.713866569744738,,True,
2711,True,65.0,1.951181589467495,1.4744255773221084,2.25016440003784,2.067439570193044,True,True,5000.0,3.082892431834114,4.465545848931703,,True,
2712,True,65.0,2.6862427471647243,2.8824580979635357,2.448000000008209,2.0730574275451223,True,True,5000.0,3.338916029747771,4.5360436414965815,,True,
2713,True,67.0,2.1983203665216324,2.112299065644038,2.160000000004961,2.117268645259737,True,True,5000.0,1.7804209469342511,3.474198421252747,,True,
2714,True,67.0,2.8700864788312024,2.861694603714568,2.1600000000065003,2.086781096976873,True,True,5000.0,3.366030664188693,3.2997869547581993,,True,
2715,True,67.0,2.284245539081533,2.2751040689072397,2.388677819019607,1.9959408518540822,True,False,2592.0,3.607365802895847,3.7769727610108825,,True,
2716,True,67.0,2.767589409604709,3.341643536576157,2.4750000000068764,2.319032475430217,True,False,2592.0,2.7796004460377493,3.4041426759799607,,True,
2717,True,59.0,1.3309694501685818,1.3910566032427596,2.5391038212354538,2.067227722482456,True,False,1152.0,3.3084702146268112,3.365757623490864,,True,
2718,True,59.0,1.6624517216961832,1.7788177462789463,2.6100000000049928,2.159348038320826,True,False,1152.0,3.4972631047570166,3.3650655229235906,,True,
2719,True,69.0,3.4346845875728307,3.679287660484988,2.160000000004463,2.1719799359340315,True,True,5000.0,5.929077070204083,4.422097207114862,,True,
2720,True,69.0,2.595708052755968,2.833670924330363,2.160000000004415,2.140739136583437,True,True,5000.0,3.9145980009981014,5.414256008222566,,True,
2721,True,59.0,1.8904113518887615,0.7465777339712076,2.8980000000028694,2.0273543371843017,True,False,432.0,3.822852170854906,4.611575912156301,,True,
2722,True,59.0,1.1963971821328687,0.8601452776238148,2.2244082979252724,2.1234455724835515,True,False,432.0,2.7069590484266386,3.094202462622847,,True,
2723,True,56.0,2.0761317474295873,1.6242797387749306,2.925000000000565,2.481319477274137,True,False,128.0,3.561266627704471,3.3006114783727085,,True,
2724,True,56.0,2.5517476405130117,2.6415927878624643,3.0490516150097635,2.4656789865268345,True,False,128.0,3.802186326262048,1.6421270126020415,,True,
2725,True,61.0,2.400704140063722,1.4081803207700432,2.160000000001276,2.273854522391439,True,False,1152.0,4.764827803659527,4.699536793124453,,True,
2726,True,61.0,2.575389125732805,1.6654631444725965,2.4941369980489916,2.2030275326468347,True,False,1152.0,5.868131842984188,5.898463849861944,,True,
2727,True,62.0,1.626644909307404,1.1742574211348256,2.307134887292179,2.4290184030179764,True,False,384.0,3.4934059726375106,3.0241441953426067,,True,
2728,True,62.0,2.5160797149064003,1.2979631072412303,2.1600000000015513,2.3541430023258996,True,False,384.0,6.619721819436526,4.696260331762019,,True,
2729,True,63.0,2.583529505041674,2.6114181874545466,2.160000000001326,2.4057808698424727,True,True,5000.0,3.7995082399856086,4.717703692002755,,True,
2730,True,63.0,1.3335007036987476,0.9776478526982828,2.448000000005622,2.2166855038999107,True,True,5000.0,1.7811432868826127,3.834589233093631,,True,
2731,True,61.0,2.5603585476908517,0.8892353727424052,2.9250000000081875,2.354459686828381,True,False,192.0,7.086294408591935,4.863867442177078,,True,
2732,True,61.0,3.1539414796652854,3.386134248383314,2.487488595071747,2.325411423167952,True,False,192.0,5.712939218993808,4.685487783023558,,True,
2733,True,48.0,2.279894592280709,1.310026026720152,2.5095330898099313,2.0008813802172285,True,False,1152.0,5.194913277385614,4.44890969468757,,True,
2734,True,48.0,2.6331104465375583,1.6653308370914601,2.160000000002596,1.917978770476879,True,False,1152.0,6.168928846072628,4.680498884584488,,True,
2735,True,72.0,3.184086392847127,2.5538276131701423,2.160000000002528,2.0194599401077507,True,False,1152.0,4.321001506154325,6.012798468644219,,True,
2736,True,72.0,3.464969971929385,3.3123043794257683,2.1972477721787294,2.1208195324449464,True,False,1152.0,4.2043555780961706,5.634383402764761,,True,
2737,True,72.0,1.7165005829132178,0.8577922189178935,2.2306945403820038,1.9333959940219188,True,True,5000.0,2.3932424525454543,3.929868085029303,,True,
2738,True,72.0,1.4786378481385465,1.0695402354867838,2.160000000006016,2.0055621624372546,True,True,5000.0,1.5772814520978042,3.541009731233828,,True,
2739,True,59.0,1.7285318442510276,1.70335693216839,2.315038404545786,2.0574116172997567,True,False,24.0,1.795515459243363,2.8191546820202826,,True,
2740,True,59.0,2.2404902526946144,2.1230092995429004,2.160000000003519,1.9903653114692286,True,False,24.0,3.179450252820503,4.460220868717798,,True,
2741,True,67.0,1.9308008820497515,1.5775476252638327,2.160000000002926,2.0832356477844742,True,False,2304.0,3.5770128386402367,4.565151374395762,,True,
2742,True,67.0,1.8736171496709009,1.8278801774431486,2.428769368980209,2.2703149914714476,True,False,2304.0,3.052983913409941,3.768348171765398,,True,
2743,True,60.0,1.8368302247999089,1.922974145723856,2.707062725498999,2.272205601744701,True,False,1296.0,2.9140564363775954,3.7074780729739802,,True,
2744,True,60.0,2.3494275465467784,1.439332375943195,2.4750000000072494,2.4247554691968425,True,False,1296.0,4.4542222755115635,5.40129153556745,,True,
2749,True,52.0,2.4127306069530885,2.1097368554801506,2.1600000000059696,2.2672423753538125,True,True,5000.0,6.055233281929673,3.3273023440412,,True,
2750,True,52.0,1.6917366235963442,1.5931250774956425,2.763000000008962,2.1376270540250926,True,True,5000.0,3.497198542792953,3.0875115411488627,,True,
2751,True,61.0,2.3116883236052495,1.7340630321887147,2.502954678858077,2.0735758587281055,True,False,1152.0,4.915633687092479,5.882061270922295,,True,
2752,True,61.0,1.7867995049063667,1.5197480596398236,2.1600000000009416,2.1934969990861624,True,False,1152.0,4.533237416503781,2.967104736897472,,True,
2755,True,63.0,1.4261563354340026,1.4545669548570004,2.1600000000066393,2.2518706708201517,True,False,864.0,2.67939797249596,3.5795605132823285,,True,
2757,True,61.0,2.5021806615132802,2.1283646012052486,2.1600000000048682,2.3143180090903663,True,True,5000.0,5.440551384064954,3.6592339330137165,,True,
2758,True,61.0,2.845292998554972,3.475934761834651,3.060000000007044,2.0851061654745546,True,True,5000.0,3.43932084428084,2.8637765212455735,,True,
2759,True,63.0,1.726427729219203,1.6312962068368506,2.160000000000829,1.9104856099431893,True,True,5000.0,2.751044703827196,3.5642693225160746,,True,
2760,True,63.0,2.0878550651113135,1.5426187390585255,2.448000000005472,2.126774949706715,True,True,5000.0,2.653508399652417,3.8495509627403988,,True,
2761,True,66.0,3.089152767558816,3.3517619616395677,2.32837004871487,1.9120559818687317,True,False,432.0,4.774648054879649,5.292347250832467,,True,
2762,True,66.0,1.8597997945182987,1.6623960945944418,2.1600000000012027,2.012889428557863,True,False,432.0,3.3015786473607744,4.5174919641270375,,True,
2763,True,60.0,2.663462119832717,2.6709604231946287,2.970000000002139,2.2729444936689513,True,False,2304.0,5.005886181722484,3.838066681684088,,True,
2764,True,60.0,2.1005019870571466,1.6429037341331423,2.448000000003411,2.318757458769676,True,False,2304.0,5.682935886692032,4.0321881785451055,,True,
2765,True,51.0,2.567510897653317,2.903071724351321,2.475000000008999,2.1913974823842435,True,False,1296.0,3.3296990548612784,3.205628381744259,,True,
2766,True,51.0,1.9338978376907483,0.7881977340584854,2.9102334515233443,2.3358083707573276,True,False,1296.0,4.580000866161636,3.561708553108749,,True,
2768,True,54.0,1.144389413599394,0.9695921015700151,2.736000000006783,2.5175058835482385,True,False,1296.0,1.9452768065440582,3.305887493994676,,True,
2769,True,59.0,2.5929749510745155,2.735538720207842,2.7450000000088215,2.2030899903998473,True,True,5000.0,3.1564185335393513,4.302866097561342,,True,
2771,True,55.0,2.2603522244755654,2.416261278132879,2.70646515516538,2.088473244693357,True,False,2592.0,3.7403787571423495,4.85407687842266,,True,
2772,True,68.0,2.6009759266367887,2.468413172329747,2.1716162157866354,2.3040809387258947,True,False,256.0,3.5707876272384986,3.8067029894023308,,True,
2773,True,68.0,3.0835502578459915,3.157096520255436,2.1600000000014457,2.353848472204615,True,False,256.0,2.6193474674199226,4.034296878643043,,True,
2774,True,62.0,2.9222024526623325,2.3910556857699703,2.16000000000641,2.118673343085243,True,False,1296.0,7.076556701194355,5.170244516210711,,True,
2775,True,62.0,2.702885368074782,2.1580914395708533,2.160000000009865,2.1470132531030175,True,False,1296.0,5.306335341325121,4.950202570543863,,True,
2776,True,53.0,1.0954614842396893,0.306461971711542,2.461644204673894,2.14262997367721,True,False,64.0,4.969248273086148,2.6279375849783886,,True,
2777,True,53.0,1.1167042599237922,0.8939218945633911,2.3285314972779605,2.128741503658911,True,False,64.0,1.6476234387705484,3.311772609140516,,True,
2778,True,64.0,2.700297719556663,1.815957797007286,2.688053033933777,2.057671158591673,True,True,5000.0,4.841279161402957,6.517030481111755,,True,
2779,True,64.0,2.10313408609522,1.5336680454602174,2.4480000000034576,2.165739032178162,True,True,5000.0,3.1310249095283886,4.265157699439557,,True,
2782,True,56.0,3.0550057277304887,2.151853552481043,2.610000000007902,2.0998761099645864,True,True,5000.0,5.039152426819559,5.262080007932314,,True,
2783,True,56.0,3.057909480117953,1.3892098696378525,2.6100000000036556,2.185204109940305,True,True,5000.0,5.0057243961376034,5.889679620762459,,True,
2784,True,49.0,2.3211733502882645,1.9652438943121524,3.033000000000152,2.260225705831168,True,False,1296.0,2.950554534109174,3.5127318570234687,,True,
2785,True,49.0,1.7963208039731313,0.7354592261035577,2.645470031919285,2.2653071537873184,True,False,1296.0,3.6040138660998466,4.655185900888075,,True,
2786,True,60.0,2.413150817721616,2.7844559428885987,2.477928381046355,2.278962836401682,True,False,576.0,3.506772255741202,5.030101185668258,,True,
2787,True,60.0,2.2156340135975525,2.0954964534357714,2.160000000008563,2.2666814264691015,True,False,576.0,2.8919298801823183,3.4943613784909417,,True,
2788,True,60.0,3.021089277616358,3.780567414327379,2.655000000005688,2.365090598560655,True,False,576.0,3.220701721703845,4.558274388089619,,True,
2789,True,60.0,2.4111076299689267,3.1169833849089628,2.4480000000052615,2.0544384362399373,True,False,576.0,3.430406426628053,4.745196142236367,,True,
2790,True,60.0,2.054496565804834,1.805619523900532,2.4480000000010533,2.280503082085179,True,False,864.0,2.6832574345509403,4.527837710059911,,True,
2791,True,60.0,1.8813890421678052,2.159028948412015,2.6910000000088865,2.20358178852068,True,False,864.0,2.678937349914741,3.843526836986736,,True,
2792,True,56.0,1.8564748333109056,0.45347783313991386,2.160000000006167,2.0983594553364777,True,False,1152.0,4.70240767040416,3.5604060542775713,,True,
2793,True,56.0,2.6111141388067827,2.018775840566377,2.160000000001347,2.2663001784626853,True,False,1152.0,5.071744982607819,4.511252286961339,,True,
2794,True,54.0,2.0227937888905876,2.201453578494693,2.6100000000070334,2.3685651624137347,True,True,5000.0,2.518363586551368,3.221571461783261,,True,
2795,True,54.0,1.088935989456585,0.7914711620869639,2.417272324007596,2.1041747896265655,True,True,5000.0,2.85397089029268,2.8023369647433096,,True,
2796,True,61.0,1.8847324740382478,0.8764077325868129,2.448000000009433,2.146738197312378,True,False,1296.0,3.8634101127963136,5.213387397810162,,True,
2797,True,61.0,2.370267016611657,2.3638374718429986,2.6550000000021305,2.338696303862475,True,False,1296.0,3.570581314178372,3.578327435969102,,True,
2798,True,58.0,1.709276185974134,1.422300006110163,2.5321925444688422,2.284386133056318,True,True,5000.0,3.9916046123159443,3.4805618971898324,,True,
2799,True,58.0,1.795427317453907,1.4224015191211947,2.4750000000001084,2.353777951018319,True,True,5000.0,3.573079498643171,3.6508417265058637,,True,
2800,True,52.0,1.706102195363562,1.4976052461279323,2.403000000003113,2.3703913500728104,True,False,2592.0,2.991876518541275,2.8622480022988808,,True,
2801,True,64.0,0.9609510178067603,0.915037473776465,2.622817437865061,1.876980125360948,True,False,1296.0,1.4197689812279564,1.5102735807917447,,True,
2802,True,61.0,2.742514682458896,3.158132233984361,2.7503741304996443,2.084688320804815,True,False,72.0,2.804061749726114,3.6329862628755443,,True,
2803,True,61.0,1.9274171579458865,1.3240332675959507,2.448000000007296,2.2564998155550557,True,False,72.0,3.4523515568219256,3.9410844361987647,,True,
2804,True,61.0,1.966480763776887,1.903184513132146,2.2746913857763276,2.258359490382344,True,False,72.0,2.853747967683694,3.5575142045454107,,True,
2805,True,61.0,2.145116738837526,1.92127429712491,2.475000000002588,2.257688266014598,True,False,72.0,5.914908280361231,3.1405753077597924,,True,
2806,True,58.0,1.3524647309831375,1.5298553036045632,2.89800000000922,2.145550633520449,True,True,5000.0,1.6870985672516172,1.7108004596673585,,True,
2808,True,64.0,3.747767838797793,4.65503395640917,2.4750000000094947,2.251467085346797,True,True,5000.0,4.4944428720559895,5.729161600114492,,True,
2809,True,64.0,3.3277047297368987,3.309461817454576,2.4750000000102275,2.1854003957627537,True,True,5000.0,6.244411300255887,7.610713278190325,,True,
2810,True,43.0,1.3543861716257675,0.2838773914227204,2.555521829713732,2.13996983572199,True,False,192.0,5.4589178175089526,3.1217567774320814,,True,
2811,True,43.0,0.5376766436147012,0.4601593143270293,2.578715379081076,2.02068893786253,True,False,192.0,0.897241274308681,0.7992553708464442,,True,
2812,True,62.0,1.9594690342676746,0.9304160221581697,2.198571978769508,1.920809931591359,True,True,5000.0,3.0121388509622142,3.7603558185786508,,True,
2813,True,62.0,2.516366007741267,2.158122613625892,2.160000000004295,1.918018231925858,True,True,5000.0,5.4483231810376695,3.69989690220311,,True,
2814,True,65.0,3.066768573629392,3.2434062124848424,2.448000000002586,2.2859358288674687,True,True,5000.0,2.9476058019579834,4.917894093208914,,True,
2815,True,65.0,2.5737409344280615,0.68664027972045,2.4750000000055796,2.2335652139572733,True,True,5000.0,4.394906558064397,5.434062957933934,,True,
2816,True,64.0,2.1825182271270953,1.6997847847887897,2.3891447728928754,2.1413783275965024,True,False,2304.0,5.900470486956857,3.609550063634192,,True,
2817,True,64.0,2.170760432918323,1.5741617748717545,2.736000000007147,2.1874093793572347,True,False,2304.0,3.726579852983775,3.83296533646965,,True,
2818,True,48.0,1.7108922941614557,1.4521788308738905,2.484679677078404,2.4061611823400364,True,False,192.0,3.7883236817973147,3.162177890555125,,True,
2819,True,48.0,1.4735926148766763,1.4391415212958236,2.89800000001018,2.3426555926768238,True,False,192.0,4.088334282615503,1.8550195123566644,,True,
2820,True,58.0,2.1362592229841213,2.1846877516763925,2.160000000009438,2.097834757410602,True,False,576.0,2.88141236206635,3.876097300538691,,True,
2821,True,58.0,1.6117391965421763,1.7834419988867012,2.160000000004062,2.3004387633232053,True,False,576.0,4.02092986635629,2.9917870848804426,,True,
2822,True,68.0,3.482903625062919,3.7031966448957974,2.448000000002888,1.8246347481893466,True,False,576.0,3.3573719753838294,4.415306588113062,,True,
2823,True,68.0,2.4501042890353344,1.7982147905859165,2.4692151083706917,1.8011680085155857,True,False,576.0,3.674387003544858,4.180066677510571,,True,
2824,True,54.0,1.444704056928033,1.4782864144071937,2.691000000008966,2.171627556695669,True,True,5000.0,1.674823585245711,2.666204512226708,,True,
2825,True,54.0,1.447229328906381,1.2211966670038237,2.4030000000055467,2.219860600736001,True,True,5000.0,1.856483074882129,2.8310586005377747,,True,
2826,True,64.0,2.44711659847356,2.1091444171943294,2.7041903574513713,2.391925227322125,True,False,1152.0,5.246754230177794,4.551512946805748,,True,
2827,True,64.0,2.2638639846410022,1.7989257619483396,2.1600000000072153,2.2460704274799577,True,False,1152.0,5.615756092388118,4.307320997258832,,True,
2828,True,56.0,2.050782684255697,1.9102003620791947,2.4480000000003965,2.3194793267886653,True,False,128.0,2.454250603981158,3.302267709642071,,True,
2829,True,56.0,1.716738496492804,1.3789603933000762,2.44800000000728,2.343017736616605,True,False,128.0,1.5699142050461738,3.483952193560827,,True,
2830,True,68.0,2.686744630887759,1.8744138802612724,2.537276152046987,2.1050784426951887,True,True,5000.0,4.16400632542385,5.937266686301265,,True,
2831,True,68.0,2.54810752667181,2.0890231374796713,2.4453593074012794,2.210845651328921,True,True,5000.0,4.56178249493361,4.872153393896419,,True,
2832,True,57.0,3.6674778208172825,3.095591652305302,2.763000000003979,2.3181063216988123,True,True,5000.0,5.038535632123353,4.8931117412284335,,True,
2833,True,57.0,3.2323162821789744,2.351549403891113,2.8980000000068156,2.399017038267965,True,True,5000.0,4.421509950812172,5.180797378086112,,True,
2834,True,61.0,2.7412336677751323,2.9554272194291116,2.1600000000066153,1.8330625055627539,True,False,144.0,3.3621369617632535,5.012140590456964,,True,
2835,True,61.0,2.3773770141291486,1.8722630176271196,2.5292793556145523,1.908374391831959,True,False,144.0,4.026079394892223,5.766600661801636,,True,
2836,True,65.0,2.2869564613848294,1.7514735607182956,2.631359425955372,2.0705808777731916,True,True,5000.0,3.3296843304824013,4.41299713802465,,True,
2837,True,65.0,2.7376156240843077,1.7198571165463363,2.475000000004105,2.1350910559037053,True,True,5000.0,4.850300920505411,5.276308491375614,,True,
2838,True,65.0,2.628928569591942,2.289742257347825,2.403000000002187,1.9830218026537183,True,True,5000.0,4.546964341648887,5.699220336515279,,True,
2839,True,65.0,3.1415079251584093,3.023519579994172,2.4030000000056466,1.9425226397136284,True,True,5000.0,4.356009224385873,5.766597761200513,,True,
2840,True,50.0,2.112991370239697,1.1202924483986862,2.475000000000894,2.1098403119430627,True,True,5000.0,4.048017397202366,4.573258043667703,,True,
2841,True,50.0,2.3104329257830307,1.4655175152838638,2.3783960318644533,2.123292590859771,True,True,5000.0,4.778576509297026,4.695245923400498,,True,
2842,True,68.0,2.6721543983084595,2.949007406950841,2.160000000001036,2.343598726339473,True,False,768.0,3.089541450589907,2.8071655605592674,,True,
2843,True,68.0,1.905965791456472,1.704795380574069,2.1600000000036617,2.174193791247689,True,False,768.0,2.0038641463446334,3.9015549300918466,,True,
2844,True,39.0,1.8417708129472168,1.4767985920952924,2.7450000000000787,2.3443463647464724,True,False,192.0,3.3875096917851613,3.2455694372838826,,True,
2846,True,55.0,2.892639404282845,2.2869207771836955,2.160000000001206,2.04404443449745,True,False,1152.0,4.78659772558835,4.302249708677107,,True,
2847,True,55.0,2.0771311289008283,1.3198937792694778,2.610000000006723,2.298356437848577,True,False,1152.0,5.982162302144533,4.533207759981032,,True,
2848,True,63.0,1.6430918919352422,0.9640002353371528,2.160000000004488,1.8186160249211485,True,True,5000.0,3.3014148737964017,3.697569765070509,,True,
2849,True,63.0,2.1197912151659803,1.726564039603545,2.8530000000084006,2.075452292031788,True,True,5000.0,3.80933464847574,2.9801737113095923,,True,
2850,True,65.0,2.1419716411387197,1.5932869761709298,2.1600000000000743,2.3007576545564303,True,False,216.0,4.520204368457797,4.7662480375725425,,True,
2851,True,65.0,3.4814937442678415,3.7590284988546045,2.1600000000042066,2.164826520948041,True,False,216.0,4.685218749751955,4.1348813210363655,,True,
2852,True,60.0,3.251489077342852,4.357985711139918,2.7180000000014912,1.9941222847408324,True,True,5000.0,4.400602619313013,3.732954697789412,,True,
2853,True,60.0,2.580583720764677,2.039050355713698,2.4146817102572835,2.0935935134834556,True,True,5000.0,5.826204719138127,4.031245488517225,,True,
2854,True,58.0,2.8335493559290814,2.3463003318938718,2.4731935098097253,2.258906938211488,True,True,5000.0,4.658806052958564,6.082925146328654,,True,
2855,True,58.0,2.4169961368934967,1.630560037880059,2.7180000000035465,2.2093560912854224,True,True,5000.0,4.5181298326705805,5.100522184038554,,True,
2856,True,64.0,1.2670662746279135,1.2792659622282372,2.1600000000006907,1.780206544365007,True,False,432.0,1.0558965000048566,1.7386846812916499,,True,
2857,True,52.0,1.2567841512778153,0.6378341801319038,2.6912094869690555,2.3892190371960456,True,True,5000.0,3.3739296191094805,3.1453431073093063,,True,
2858,True,70.0,1.5984990930692333,1.6781580046299496,2.2339486024812683,2.1608619249040415,True,False,1536.0,0.9385787521213874,1.364837563325399,,True,
2859,True,70.0,3.116148187458699,2.6089007446316828,2.6100000000017936,2.278235748358805,True,False,1536.0,4.278520100283725,5.646462921546402,,True,
2860,True,45.0,1.7788401827289257,1.050672593231866,2.9500540712710017,2.106253188697883,True,False,192.0,4.70587636559472,3.3346377810698296,,True,
2861,True,45.0,1.8184449688192703,0.8602551816402411,2.160000000003662,2.2126297428173562,True,False,192.0,4.72747040961914,3.1630520526242774,,True,
2862,True,69.0,1.8402983592471227,1.4896934878561297,2.6100000000022305,2.2603018499527887,True,False,256.0,2.361728429535622,3.709767138220097,,True,
2863,True,69.0,3.4641544665174235,3.253202103824151,2.1600000000071837,2.0891605411504393,True,False,256.0,6.818163508417943,6.3421599479085895,,True,
2864,True,55.0,2.935294645590994,2.9647951027654926,2.6550000000018232,2.360289848196615,True,True,5000.0,3.3471857858197795,3.750144380737942,,True,
2865,True,55.0,1.7777161773114745,1.7533396218132111,2.691000000003892,2.042183013395224,True,True,5000.0,3.146204148728869,3.05701232126293,,True,
2866,True,53.0,1.3976296591138344,1.152920120381168,2.44800000000435,2.1422303196902055,True,False,432.0,3.0261637407928235,2.7422737339044048,,True,
2867,True,53.0,1.1758044841730466,1.0164958646601008,2.3755628831651108,2.01738509841329,True,False,432.0,1.3275886459195385,2.7862031421876026,,True,
2868,True,40.0,2.8360652935396353,2.8662976005580276,2.745000000004101,2.396893998031619,True,False,2592.0,3.6739163769109426,2.859363137106999,,True,
2869,True,40.0,2.384557016164985,2.441505503571534,3.0330000000019157,2.3756352842345136,True,False,2592.0,3.640579932055433,2.413787457385452,,True,
2870,True,61.0,2.519896711138169,1.9232484295134782,2.4872417552658965,2.3151230104251472,True,False,2592.0,4.263338711534769,4.238568656102728,,True,
2871,True,61.0,1.5862015644028844,1.280031180340302,2.448000000006221,2.381908591235189,True,False,2592.0,3.2173686209171284,3.279364301959565,,True,
2872,True,53.0,3.3140733482908207,3.3622938773150963,2.7450000000095347,2.1382387009405663,True,False,432.0,4.490117575162637,5.263257908931078,,True,
2873,True,53.0,2.7894023113983373,1.421398100854276,2.7803412150647993,2.1784956692864923,True,False,432.0,4.5826749780435465,5.76153678621636,,True,
2874,True,66.0,2.7630799052559767,2.494614424143947,2.4480000000056843,2.229541164679404,True,True,5000.0,4.0974638741530685,5.995526688597684,,True,
2875,True,66.0,2.3881485569027077,2.4279793656460242,2.448000000003874,2.288999813259058,True,True,5000.0,3.8221573593524516,3.9947465790380803,,True,
2876,True,67.0,2.0741963398473504,1.7427846212740405,2.4750000000026033,2.301067885700028,True,False,768.0,2.590520438362816,4.009674994789101,,True,
2877,True,67.0,1.8404249401044412,1.4406035663305374,2.4480000000002726,2.0678198676383763,True,False,768.0,2.5156822070558174,3.3226064248133675,,True,
2878,True,64.0,2.725431147682119,2.6732960293047654,2.6550000000020852,2.32738778749911,True,False,2304.0,3.3479898174884952,3.474825966251323,,True,
2880,True,66.0,2.4315599073874203,2.5334314228020958,2.2624226258616495,2.232886076672968,True,True,5000.0,3.791054572444428,4.798614262187655,,True,
2881,True,66.0,2.6718907133272083,3.2092305337901053,2.448000000000578,2.0991813008646973,True,True,5000.0,3.3730079120686565,3.3973317029070302,,True,
2882,True,65.0,2.8677698116453634,1.4610665587424592,2.160000000004738,2.461206117617946,True,False,4608.0,6.3159789425360575,7.918207024231595,,True,
2883,True,65.0,2.811296871119606,3.0922892243106617,2.4750000000101915,2.3347301046801956,True,False,4608.0,5.81202513313883,7.336327996323128,,True,
2884,True,64.0,1.7162977819946925,1.66293995147862,2.6550000000061154,1.8855868323150755,True,False,384.0,2.828845247520898,3.2073233196902735,,True,
2885,True,64.0,2.5694581244766574,2.6308368973550387,2.16000000000832,2.21338964829964,True,False,384.0,4.974408580713702,6.167319216019888,,True,
2886,True,69.0,2.8149474053003063,2.6376840621051088,2.1600000000008888,2.0921566403355154,True,False,4608.0,4.65117997576363,3.514217914992271,,True,
2887,True,69.0,3.3138110154521767,2.989897958250367,2.475000000008297,2.1795491166294014,True,False,4608.0,6.233286052972949,4.973698562072762,,True,
2888,True,66.0,3.1330703720967166,3.0593199954601005,2.4480000000000124,2.296747656556984,True,False,768.0,3.081123876125341,3.929635218862506,,True,
2889,True,66.0,2.1144674614215435,1.8402615733029961,2.6100000000086734,2.456346335922525,True,False,768.0,3.3330659092885453,3.6002151184091167,,True,
2890,True,64.0,2.8703270856677916,3.200584497761156,2.1600000000055637,2.0705721565065054,True,False,576.0,4.57923168915335,4.326308051810498,,True,
2891,True,64.0,2.597714345072503,3.182672688857565,2.6100000000060475,2.030427697653871,True,False,576.0,3.7344588434911326,5.366199198379141,,True,
2892,True,64.0,2.466552194782573,2.788446148733783,2.160000000004209,2.206077188812758,True,False,576.0,4.737943015279703,4.44559740256255,,True,
2893,True,64.0,2.690530890530101,2.8629820664755243,2.6550000000007206,2.1588080903359614,True,False,576.0,4.404405850103833,5.319273461976564,,True,
2894,True,67.0,1.611138187715931,1.511438472996815,2.4480000000100626,2.2082206015930566,True,False,288.0,2.5194329824885324,2.4819251853424458,,True,
2895,True,68.0,4.090871571906284,4.851423907446588,2.1600000000069897,2.113152559991823,True,True,5000.0,3.939992600659738,5.168202267641083,,True,
2896,True,68.0,2.586773444310824,2.376253517824807,2.4716765339808777,2.090278266068898,True,True,5000.0,3.530174569753142,4.656378130807964,,True,
2898,True,65.0,2.038102082521758,1.8823158486557077,2.1600000000066077,2.18019410922514,True,False,2304.0,3.178849230892068,3.857882766377296,,True,
2899,True,66.0,2.6322391219873733,2.5491921832290245,2.160000000009883,2.0947292855163897,True,True,5000.0,2.91124510347458,3.86820723602433,,True,
2900,True,66.0,2.124156478903278,2.1813986039669544,2.1600000000020256,2.25048557542589,True,True,5000.0,3.1571728737695253,3.2916247243117938,,True,
2901,True,63.0,1.418795069051791,1.5322310650226427,2.4480000000058135,2.3322767638940283,True,False,1152.0,2.7612590727592545,2.603997921486665,,True,
2902,True,63.0,1.8466895933418517,1.314825043460587,2.338041048366134,2.2554392608536373,True,False,1152.0,3.1345236969800343,3.5330450106764517,,True,
2903,True,72.0,3.2093733929541823,3.15480223544364,2.160000000003523,1.9993586176821807,True,True,5000.0,4.198046215868828,5.376146729807371,,True,
2905,True,63.0,1.801709447593704,1.4480160341772716,2.508584107404738,2.16420742467075,True,False,128.0,2.000075052710088,2.8337683190011314,,True,
2909,True,64.0,2.209434804449628,2.4951784376607975,2.610000000008525,2.1975274584177558,True,False,96.0,3.686432593801973,5.370734492513855,,True,
2910,True,64.0,2.2814661124048303,2.276626560593286,2.1895574889797897,2.2125254878757894,True,False,96.0,2.8959228514108695,3.7187133156479635,,True,
2911,True,65.0,2.726271546539929,3.016492872040544,2.3486754345142153,2.0252134616627453,True,False,288.0,3.5509738433960587,4.190272802476257,,True,
2912,True,65.0,2.5912009678665977,2.666106866370683,2.4480000000082196,1.9991733506377078,True,False,288.0,3.6337865657700754,4.7678064126760145,,True,
2913,True,72.0,1.935973646268819,1.4554381521156756,2.357100883777965,2.0367020573957295,True,True,5000.0,2.4948645864674623,4.044060499652271,,True,
2914,True,72.0,1.74250928409821,0.8267624780746701,2.5244307987175323,2.0218277755288665,True,True,5000.0,3.397462116981823,5.0480470992655455,,True,
2915,True,68.0,1.512463625155432,1.4220360234176042,2.2488926553166806,1.723325739638331,True,False,2592.0,4.060366936017707,2.2308404182953607,,True,
2916,True,68.0,2.5809293483829996,2.882336695198319,2.448000000007843,2.0310979150449637,True,False,2592.0,1.752679711881462,2.5805951526336064,,True,
2917,True,67.0,2.899779748738256,3.1666958129862905,2.160000000007119,2.399311397651418,True,False,192.0,6.47942842923282,4.9475651616727445,,True,
2918,True,67.0,3.21199649344224,2.880764269579231,2.3212035316643593,2.4226762532579538,True,False,192.0,4.745694654065118,5.000380458580848,,True,
2919,True,58.0,1.9033458951023614,2.444674242153269,2.475000000009217,2.0584206909910323,True,True,5000.0,2.5482326966157403,3.5500774655071194,,True,
2920,True,58.0,1.8898240679734606,1.6284415407208144,2.44800000000367,2.0672179342052925,True,True,5000.0,4.412953674577397,3.271138391492336,,True,
2921,True,60.0,1.908103924612362,1.5924360782992153,2.4480000000097277,2.269097583203509,True,True,5000.0,5.067116119775079,3.070352270294565,,True,
2922,True,60.0,1.8977979400266871,1.1509413161511475,2.4030000000023084,2.378576869684896,True,True,5000.0,4.779371264863924,3.4828350125903227,,True,
2923,True,72.0,1.70475354479177,1.37506403612133,2.448000000005889,2.064413462511812,True,True,5000.0,2.8103032964472066,4.605691245469144,,True,
2924,True,72.0,1.7273582576352817,1.040836607800884,2.3704961462447534,2.2804661114123137,True,True,5000.0,3.824933793309694,3.482603241816726,,True,
2925,True,59.0,1.5605749615179243,1.0203334032412386,2.4576352127845866,2.5263642846193037,True,True,5000.0,3.107807101216942,3.7468742353844906,,True,
2926,True,59.0,2.0030837895647253,1.1828283287359227,2.5141730706312555,2.1914187784629386,True,True,5000.0,5.267146310299244,3.712196533420738,,True,
2927,True,60.0,1.9701894980403851,1.7532700050105632,2.244306616728451,2.326830913087585,True,True,5000.0,3.496206178547131,2.964832018136021,,True,
2928,True,60.0,1.5218505775256903,1.1476623183589254,2.6910000000004826,2.3867230060691997,True,True,5000.0,3.4230729235978696,3.0843494545881547,,True,
2929,True,65.0,1.852857928594145,1.194076289946679,2.858467021334218,1.8586728705181017,True,False,1152.0,4.743063467139213,4.2535260231016245,,True,
2930,True,65.0,2.1576268469308832,1.135991224378813,2.6948311688882125,2.1644045940627645,True,False,1152.0,3.1885121531964677,4.547924360352855,,True,
2931,True,70.0,3.1921718793007736,2.5094697937529418,2.160000000002496,1.9597214909011929,True,True,5000.0,4.935293223246326,5.7589449763015725,,True,
2932,True,70.0,3.364858116935348,2.3243539355462417,2.1600000000024395,1.839957080287472,True,True,5000.0,6.8355328504854365,7.937858527006882,,True,
2933,True,67.0,2.2990744659927618,2.030163644325512,2.3048480638704962,1.8510495647875023,True,False,4608.0,4.61482664349648,5.118868489246648,,True,
2934,True,67.0,2.3997568379063816,1.1402044724163716,2.302284219610569,2.011549329994171,True,False,4608.0,5.40843073723025,7.2777238663242985,,True,
2936,True,60.0,1.8946731521422193,0.7584212826513976,2.251387861679592,2.285940056803765,True,False,2592.0,3.10602406895877,3.4430835076529145,,True,
2938,True,56.0,3.1656515091233923,3.179767368543253,2.655000000000194,2.1828896648708564,True,True,5000.0,4.850983142264729,6.003760935805655,,True,
2939,True,68.0,1.397491710582895,1.0377101036865497,2.6463143631214603,2.211991737461961,True,False,128.0,2.838170002699318,2.658511045706168,,True,
2940,True,68.0,1.8522539930613329,1.502308397044544,2.4480000000047184,2.4409681157688223,True,False,128.0,2.860207411556458,3.552475914726322,,True,
2941,True,57.0,1.6087178280494983,1.4343427775456803,2.3673805661671574,1.9930118404816364,True,True,5000.0,4.009831065124272,3.3768713793573015,,True,
2942,True,57.0,2.1028634502964594,2.2383306011943205,2.28421289861684,1.9568693546836489,True,True,5000.0,4.522289447699054,3.073593820913061,,True,
2943,True,74.0,1.6683023980582747,1.7353514828137122,2.1600000000088486,2.1011417948106197,True,False,2592.0,2.9152070748443553,2.7930544636531747,,True,
2944,True,74.0,2.8164727480709617,2.9567132526826754,2.1600000000082873,1.987097231944125,True,False,2592.0,3.0797841146458023,3.5869960113545427,,True,
2947,True,64.0,2.247756571725293,1.4003045462704904,2.160000000002057,2.1493642213687294,True,False,2304.0,6.211535026462675,4.461586439233169,,True,
2948,True,64.0,2.8690226360173505,3.2072928406450956,3.060000000002698,2.3981925946220417,True,False,2304.0,4.356258558251362,3.8404738172545727,,True,
2951,True,72.0,3.2546956542495957,3.2983484764408786,2.1600000000050126,1.9175324953700263,True,False,288.0,3.551853669466535,4.964074419732608,,True,
2952,True,72.0,2.7793566040447693,2.4641871284111403,2.160000000004633,1.8587645922224794,True,False,288.0,3.5662170153518615,5.295987367206074,,True,
2953,True,63.0,2.4417857356099137,2.3801531540848373,2.4480000000018363,2.32992397345922,True,True,5000.0,4.904265875590261,4.27027702791676,,True,
2954,True,63.0,1.9441259252813352,2.03222190949964,2.1610959073443583,2.2913639212704733,True,True,5000.0,4.78079070179734,3.2645698142253377,,True,
2955,True,62.0,1.7192360071353292,1.4014162659841531,2.3722267692668506,2.1920452925293317,True,True,5000.0,3.0911636691710163,3.5616017607684394,,True,
2956,True,62.0,2.0947817092085783,1.8060591981156904,2.721102589899174,2.287366587672383,True,True,5000.0,4.369308731907362,4.213812898447067,,True,
2957,True,51.0,1.9419996788989327,1.278210418739036,2.655000000001758,2.189991146968408,True,False,72.0,5.980414096239706,3.1229811729955226,,True,
2958,True,51.0,1.9361673349612187,0.24459828317412757,2.7764934276947093,2.0981653498711674,True,False,72.0,6.495247513786208,4.9099041504006635,,True,
2959,True,61.0,1.9648220880161924,1.740941716474481,2.475000000001078,2.3910915418695295,True,True,5000.0,5.489828609753923,3.4159935264006336,,True,
2961,True,65.0,3.1628836521798136,3.0488939883834973,2.1600000000024266,2.2147184527835586,True,True,5000.0,4.7885759058158675,5.701843117948739,,True,
2962,True,65.0,3.4092706799281314,3.5856698774114193,2.4030000000048526,2.346430814215497,True,True,5000.0,4.5833629918623915,5.397928324481123,,True,
2963,True,73.0,2.292224345981197,1.6296139328514982,2.47500000000691,2.2111921162124295,True,False,1536.0,3.3253545030772838,4.621579321206231,,True,
2964,True,73.0,2.799363777319197,2.8598334134549077,2.1600000000060975,2.1459802712280465,True,False,1536.0,5.756946413351999,7.76902041433496,,True,
2967,True,70.0,1.5538950971625458,1.7070644380073645,2.1600000000056947,1.7119760169757052,True,False,864.0,3.446642888300422,2.5971831242310337,,True,
2969,True,66.0,2.1727268489901865,1.6059068828617455,2.1600000000035733,2.2671951360877607,True,False,384.0,5.407184293665103,4.365701355139328,,True,
2971,True,60.0,2.5575425271256766,1.8675359963272058,2.7210494978486666,2.1765474533995346,True,True,5000.0,6.167172216805928,4.835995827998379,,True,
2972,True,73.0,3.253005524110617,3.362583084275684,2.403000000001275,2.211030940353391,True,True,5000.0,3.8498685927136944,4.88902364267511,,True,
2973,True,73.0,2.6255242676079416,2.550777026091964,2.217471706366091,2.1026609901978985,True,True,5000.0,3.7672151756968026,4.769406189398369,,True,
2974,True,68.0,2.311092059971348,1.7042510628380114,2.160000000003714,2.463878950719779,True,True,5000.0,3.952815720508832,4.735239452968612,,True,
2975,True,68.0,2.44869492526144,1.6068423080359935,2.562627162952813,2.3837114758711877,True,True,5000.0,5.016755098971505,6.425578733011682,,True,
2976,True,69.0,2.1949292922472763,1.2869810703668918,2.4351379884268645,2.168152448076473,True,False,4608.0,4.986779410414569,5.964721000994814,,True,
2977,True,69.0,2.117919875322738,1.631060293479095,2.160000000001187,2.183256185173879,True,False,4608.0,4.630447464885781,6.026576155638433,,True,
2978,True,74.0,1.4510623524023467,1.2679251463050605,2.3596718302743347,2.3329812221276027,True,False,2048.0,1.3404853871531426,2.0724749214618505,,True,
2979,True,54.0,2.259681816980101,2.043337444541976,3.0721877207311943,2.2621575232065516,True,False,216.0,3.3470776912440927,3.000216106814253,,True,
2980,True,54.0,2.273078191837281,1.378796958433668,2.160000000002935,1.8646792387164075,True,False,216.0,3.312406704191342,3.730432580299379,,True,
2981,True,56.0,1.8851401287770833,1.260915000206296,2.554806865328265,2.2039398077533785,True,True,5000.0,3.096676912402166,3.926330970608248,,True,
2982,True,56.0,1.7210851568522216,1.3826722438134311,2.6100000000010106,2.1048976036615183,True,True,5000.0,2.4321025530683644,3.9860435066566695,,True,
2983,True,57.0,1.335600130903092,1.050891243688966,2.4790293294207744,2.2584902171583567,True,True,5000.0,2.7446361966669244,3.0633326724959558,,True,
2984,True,57.0,2.3241105539670546,2.26785215099153,2.7180000000056603,2.1613381215811653,True,True,5000.0,3.0962305070991922,3.6776194900158687,,True,
2985,True,68.0,2.7215034140725214,2.488374906097306,2.1600000000017667,1.8505166192714941,True,False,288.0,3.9399505872749754,5.386939248642664,,True,
2986,True,68.0,2.758178960953956,3.1714216223153926,2.160000000009714,1.8454577619116617,True,False,288.0,3.5477882346087286,4.836923058805808,,True,
2987,True,76.0,2.1735877946100195,2.260296086944436,2.1600000000012014,2.0468318659333042,True,False,2304.0,2.912144193807289,3.383724109948064,,True,
2989,True,55.0,2.1779977215221424,2.011576015938772,2.6550000000062566,2.3053211665839535,True,False,1296.0,3.988158367755925,3.1601686335312533,,True,
2990,True,55.0,3.392205789827776,3.855404424262815,2.655000000003247,2.2695429283227937,True,False,1296.0,4.148983320156458,4.477678959616055,,True,
2991,True,54.0,3.5394128211349902,4.728377116309275,2.745000000004714,1.90030972572894,True,False,432.0,4.389813936598898,5.05615238809763,,True,
2992,True,64.0,2.6752388343238027,2.500339602887834,2.521611152580523,2.200987731065306,True,True,5000.0,4.271118225575139,5.440748488164139,,True,
2993,True,64.0,2.4317549997341943,1.7336522692530707,2.6550000000047023,2.217658598387047,True,True,5000.0,4.419064475403625,5.630118364583577,,True,
2994,True,63.0,2.084280945735142,2.1524945415876573,2.160000000003838,2.2504552014648067,True,False,1728.0,4.222078936836091,4.235916955542498,,True,
2995,True,63.0,2.7364819750960847,3.249311307350581,2.6100000000025063,2.140344081029963,True,False,1728.0,4.367306327406437,5.391361006520036,,True,
2996,True,69.0,2.932094793946178,3.283812447978562,2.1600000000040973,2.384865278144662,True,True,5000.0,5.504493724345153,4.391700276924926,,True,
2997,True,69.0,2.433911804441842,2.243511464439507,2.424989576328136,2.0804530533035352,True,True,5000.0,5.240675598232686,3.412501427163182,,True,
2999,True,72.0,3.171779297076802,2.492942435277655,2.5017354141817387,2.47348652298734,True,True,5000.0,6.525426039972081,6.1164944044211,,True,
3000,True,60.0,1.9904083653038047,1.52914242785846,2.504399618443102,2.126485868398847,True,True,5000.0,5.02660989583562,3.0689525196140464,,True,
3001,True,60.0,1.5281317766950269,0.9623212370934198,2.460049438335769,2.1277926619151617,True,True,5000.0,3.098771220807571,3.5290430309494174,,True,
3002,True,73.0,3.0274275511195583,2.1439182481117314,2.181999461315891,2.351392053763046,True,True,5000.0,4.2848331401342215,5.423859324650994,,True,
3003,True,73.0,2.5375166721525853,2.196014370685589,2.3235542521596027,2.356175599355871,True,True,5000.0,3.298856847969829,4.57837625419091,,True,
3004,True,58.0,2.4073542112769997,1.4544191076456627,2.2751202958076764,2.131902154884225,True,True,5000.0,5.375856575856623,4.134473375224864,,True,
3005,True,58.0,2.511302655662838,1.5558377940324135,2.6910000000026195,2.3895341455187458,True,True,5000.0,4.476484747187697,5.285930360036378,,True,
3006,True,72.0,2.051165864469047,1.4490203052591824,2.1914082619135673,2.389366502611098,True,False,768.0,6.323977805680959,3.3349653154950474,,True,
3007,True,72.0,1.3836890220368083,1.290082643405185,2.160000000008558,2.2307662122687804,True,False,768.0,5.358610339955595,3.555485979646391,,True,
3008,True,55.0,1.0626931369869788,0.6089929008594481,3.195000000003063,2.213955082426019,True,False,192.0,1.4830169998106288,2.9595573843748806,,True,
3009,True,55.0,1.4930132190551642,1.2362495043198578,2.6100000000039705,2.3857301246578584,True,False,192.0,3.077170965822741,3.1598945254171285,,True,
3010,True,49.0,2.083008139708343,1.9029395024626865,2.745000000004335,2.1557757804094564,True,False,432.0,5.035255479425621,3.9738728575077635,,True,
3011,True,49.0,2.1486717572513285,1.8953975396361784,2.448000000006695,1.8876635713760013,True,False,432.0,5.101950975107532,3.1348822425571172,,True,
3012,True,62.0,2.566763886104005,2.2250648795052257,2.4480000000098205,1.9034607130697487,True,True,5000.0,3.1820876066874613,3.861706976030821,,True,
3013,True,62.0,3.1270810746211803,3.3165273012818943,2.703499249126787,2.1102685238139713,True,True,5000.0,4.961596400989078,4.518525909416374,,True,
3014,True,73.0,3.4161428328802588,3.2752123245554685,2.475000000000131,2.1496556484702385,True,True,5000.0,5.315078881092014,6.537245408345084,,True,
3015,True,73.0,2.0049638885427825,1.6336946584597172,2.7309839928268382,2.2545520770432432,True,True,5000.0,5.654660130579141,3.4011846403512873,,True,
3016,True,70.0,1.6977289440151446,1.6372765110791079,2.1600000000065926,1.9377014275166338,True,False,576.0,2.376436264924515,3.5038784670458907,,True,
3017,True,57.0,2.717258451768192,2.7885118993508513,2.610000000008053,2.552858371042154,True,True,5000.0,4.021075987667474,5.315636180186627,,True,
3018,True,57.0,2.32158230793607,0.753893603450706,2.707755070107397,2.403639987456524,True,True,5000.0,5.981083091875845,5.099389149662187,,True,
3019,True,67.0,1.9158294466836159,1.7836981118671247,2.8116852696207713,2.3025722236229633,True,False,4608.0,1.8786938792022332,3.280714545621677,,True,
3020,True,67.0,2.050122823801739,1.904548123551649,2.160000000004981,2.384490674085349,True,False,4608.0,3.462904530816422,3.2786910752740392,,True,
3021,True,73.0,1.829671111903015,1.5532487589298398,2.160000000007563,2.0730208352787964,True,True,5000.0,3.951589916325834,3.4339658011099985,,True,
3022,True,73.0,1.5974983883065565,1.0521874818878132,2.5532833959289105,1.9522857370272417,True,True,5000.0,3.4013894033117293,3.4758476096949105,,True,
3024,True,72.0,2.239755119814485,2.149152183537808,2.1600000000059283,2.1431514203854096,True,False,144.0,3.4088171396099023,3.3600384984756513,,True,
3025,True,49.0,1.4004518960384644,1.1577800687664421,2.449877113137911,2.4832688341579128,True,False,192.0,1.9545693107587119,3.2424312313552655,,True,
3027,True,64.0,2.118020126492471,1.027564377280214,2.1600000000017148,2.3825658745562523,True,True,5000.0,3.290415043730099,3.80381421153242,,True,
3028,True,64.0,2.6866565531935773,3.6919208700419404,2.475000000004997,1.9971137402261294,True,True,5000.0,3.1884927088129604,2.106535894116315,,True,
3031,True,47.0,2.5942458246654563,2.3375156160545885,2.796315956197605,2.2362550691949252,True,False,1296.0,3.776437979793607,5.359785765717703,,True,
3032,True,47.0,2.495491725012198,2.1971930296640494,2.4750000000026477,2.34056143185775,True,False,1296.0,3.376554362453295,5.286261183523859,,True,
3033,True,71.0,2.9061987415989883,2.8650646514252003,2.448000000001994,2.03564187859751,True,False,2304.0,5.265287943317034,6.855995523897415,,True,
3034,True,71.0,1.6155451685666171,0.578756901788438,2.1962991549379334,1.8852819197403872,True,False,2304.0,4.698578590365393,3.980367000851946,,True,
3036,True,61.0,2.333849333940293,1.6921094950994302,2.160000000000782,2.2578252348886525,True,True,5000.0,5.519779127304959,4.833691931442488,,True,
3037,True,47.0,1.7116637776905037,0.7419390278628271,2.784315601807551,2.3953869689467715,True,False,192.0,2.7942797093588374,3.350278345248607,,True,
3038,True,47.0,1.8399238094963892,0.5411069592955755,2.475000000006297,2.341562037465589,True,False,192.0,4.486021836582122,3.681527770533004,,True,
3039,True,69.0,2.6479449648014386,2.2319238638083334,2.5636396201240554,2.562099955797978,True,True,5000.0,7.059612623962994,4.2874173716669715,,True,
3040,True,74.0,3.213910513446474,2.8105559785835794,2.1600000000020634,2.3366599295147767,True,True,5000.0,3.981767233260814,4.830493233862589,,True,
3041,True,74.0,3.6326524551003674,3.872694853511348,2.448000000009438,1.9737666721778437,True,True,5000.0,4.408173568132421,3.655103810765121,,True,
3042,True,67.0,2.0148988011646205,1.2647123965107312,2.4032421722537176,2.1305267784986888,True,False,2304.0,5.207092332222539,4.507560814225951,,True,
3043,True,67.0,1.8944998551641172,1.4063642837791122,2.4480000000013225,2.2278372646358173,True,False,2304.0,3.9541063529314555,4.0242512732902975,,True,
3045,True,69.0,2.826039362111666,2.5688791832690185,2.4480000000079594,2.1588131490474116,True,True,5000.0,5.410476341492366,5.010605048722332,,True,
3046,True,61.0,2.270671856032806,1.755199541690672,2.58530495668755,2.361055626134209,True,True,5000.0,4.035208074697007,3.1202307990753626,,True,
3047,True,61.0,1.7416719168301344,0.6814856675919145,2.706814084695484,2.182567216605253,True,True,5000.0,4.580528614706993,4.140248744435675,,True,
3048,True,71.0,2.1997438847510766,2.03675209555513,2.1600000000080395,2.2596872443991005,True,False,768.0,3.197477567642522,3.1304982054677106,,True,
3049,True,71.0,2.5245867728371483,2.7074483982432866,2.541092659697817,2.1674668944645954,True,False,768.0,3.2543437604705105,3.211753417526587,,True,
3050,True,61.0,2.656860819336847,1.3301189288577007,2.16000000000931,1.9391186468599593,True,False,1296.0,4.802285332456184,5.495582683509628,,True,
3051,True,61.0,3.247397499636406,2.8142777869179554,2.1600000000006627,1.8538052393388038,True,False,1296.0,4.292079260755735,5.339479594557413,,True,
3052,True,63.0,2.0007892159200966,1.854103501274949,2.2996632722210784,2.2395139216133484,True,True,5000.0,3.190534331038109,3.551028787629071,,True,
3053,True,63.0,2.2015715066189507,2.7211216360810795,2.655000000003976,2.2065519093146215,True,True,5000.0,4.681652289524694,1.4840328536829053,,True,
3054,True,58.0,1.480586372632264,1.0466635861666873,2.610000000001969,2.423981912308753,True,False,192.0,4.063986799120353,3.5852318469101068,,True,
3055,True,58.0,1.8387148109051807,1.6398326945127337,2.610000000000256,2.4044013114494844,True,False,192.0,3.03743760416762,3.63221036223277,,True,
3056,True,60.0,2.7999605403772,2.6363844401057577,2.475000000006319,2.1206562824984156,True,False,2592.0,4.4471411290769325,5.697414992604924,,True,
3057,True,60.0,1.976336544066799,1.6153056657567504,2.526042527652399,2.499242614493439,True,False,2592.0,3.0704798925939607,4.696701060922816,,True,
3058,True,59.0,2.6979283072389624,2.5420639324147487,2.763000000006416,2.235109197712721,True,False,384.0,6.89359876550978,4.428704228214847,,True,
3059,True,59.0,2.45045710161626,1.9405694499910169,2.7557497960450346,2.0727252108516456,True,False,384.0,6.038492881154974,4.431354203876478,,True,
3060,True,55.0,1.5206745165296753,1.0035229085297033,2.901376343512674,2.2134125244969596,True,False,216.0,5.974601383868815,3.3620601584915017,,True,
3061,True,55.0,2.0327291396944016,1.0913936421275139e-11,2.2622368741105516,2.2378150191648998,True,False,216.0,5.163915952992686,3.983238267462681,,True,
3062,True,56.0,1.8538287753448368,0.8521164592202695,2.6100000000048444,2.175921355219439,True,False,216.0,5.642507687128481,3.864087511612297,,True,
3063,True,56.0,2.2736342805659158,1.8450270074354194,2.728556396799318,2.274860590981347,True,False,216.0,5.8381866389509485,3.576660080062998,,True,
3064,True,71.0,2.422999791952944,2.213284178858885,2.3531023130406035,2.238213953736327,True,False,864.0,3.8501060463938472,5.314423940612758,,True,
3065,True,71.0,2.0776301257806096,1.0832819083989307,2.239009750839263,2.1019299299929104,True,False,864.0,3.4108007043786928,4.15258203167918,,True,
3066,True,71.0,2.3226296257136605,1.7230520097655244,2.1600000000058093,2.09498909099785,True,False,864.0,3.6166156365543447,4.768943615953721,,True,
3067,True,71.0,2.120959635069991,1.9679648922319757,2.4480000000015067,2.105164054937287,True,False,864.0,3.6657410292262043,5.149020379431181,,True,
3068,True,61.0,1.6142767727222045,0.9519543280766811,2.6100000000039927,2.024863418529754,True,False,288.0,2.624441010081934,4.104164921362465,,True,
3069,True,71.0,1.0873323922642095,0.4981777678694925,2.448000000007252,2.330230515743024,True,False,864.0,3.994830989377247,3.852702998262265,,True,
3070,True,71.0,1.1586239295998615,1.0816948725441762,2.448000000006025,2.236589883416269,True,False,864.0,3.197038614541986,2.598365745730529,,True,
3071,True,52.0,1.7513751403113298,0.877319499708392,2.9170620754295666,2.299144849960524,True,False,1152.0,2.365807638097003,3.8677863543961006,,True,
3072,True,52.0,1.948159954142864,0.8430673362126981,2.16000000000485,2.158049235258547,True,False,1152.0,5.846237513346428,4.001655072229988,,True,
3073,True,59.0,2.0401234631868697,2.3876985050774238,2.403000000008805,1.6839699663889496,True,False,2592.0,2.311407396918161,3.2693092539834994,,True,
3075,True,70.0,3.2242166931428997,2.4958201556437416,2.1600000000027197,2.1153830096226067,True,True,5000.0,7.02685755865085,8.320130833515599,,True,
3078,True,65.0,2.3832197347656368,1.9115019001510518,2.403000000004042,2.405702613084169,True,True,5000.0,4.661983529570187,3.771797921446229,,True,
3079,True,77.0,3.3264844257087423,3.295154037350585,2.160000000004827,2.2049831929291437,True,True,5000.0,4.481130269767918,5.894413704241973,,True,
3080,True,77.0,3.093290832815684,3.062033895555942,2.1600000000054544,2.2537812887234643,True,True,5000.0,4.2934048949218315,4.51999718280433,,True,
3081,True,64.0,2.0486275335580038,2.441397333081113,2.448000000003769,2.3611802064433793,True,True,5000.0,2.0789874931278205,3.024822276528671,,True,
3082,True,64.0,1.4087702830514262,1.2153897243224492,2.403000000004902,2.3760332528186554,True,True,5000.0,3.3506132384944163,3.1691196129720116,,True,
3083,True,71.0,2.7636377090084427,2.7884265100110497,2.1600000000083774,2.3199693403362027,True,True,5000.0,5.293364455829803,6.472998700825706,,True,
3084,True,71.0,3.1192969242584905,2.6282571606752754,2.6100000000046357,2.2312078448454775,True,True,5000.0,6.15463681084436,5.176017897465294,,True,
3086,True,68.0,2.108120686681961,1.8586076817227877,2.5995426789421403,2.2205610428222866,True,False,64.0,3.4496491065408,3.796355439043195,,True,
3087,True,68.0,2.799793833493583,2.8975244304056105,2.393743691101046,2.21593632031699,True,False,64.0,2.9074771336065868,3.6862127981695214,,True,
3088,True,73.0,3.139062914038156,2.505345557434339,2.160000000004141,2.266563363111654,True,True,5000.0,4.9877886865083365,5.411414611098063,,True,
3089,True,73.0,3.797128838266525,3.579588961420086,2.160000000004954,2.2887968667184073,True,True,5000.0,4.3765658951744735,5.489422554302057,,True,
3090,True,73.0,2.376845067587301,2.404396375943179,2.4030000000081473,1.4719172309610355,False,True,5000.0,3.718294652294751,3.9602734304495573,smiles_inter_edges,True,
3091,True,73.0,2.503383575634291,2.8108890142866585,2.4480000000000977,2.345451149565899,True,True,5000.0,3.96267131966255,3.229422425270123,,True,
3092,True,67.0,2.6292231374330837,2.7898548519697215,2.239323783295499,1.917708550040907,True,True,5000.0,3.4953774967945335,4.161930464613394,,True,
3093,True,67.0,2.3538038484442705,1.808536816650303,2.1600000000049326,2.1605630950518417,True,True,5000.0,3.2827910384099477,4.452978450923143,,True,
3094,True,69.0,2.5933994650218537,2.949772715659492,2.1600000000081105,2.265460154538148,True,True,5000.0,3.025416086490522,3.389855339324123,,True,
3095,True,69.0,2.32261219137822,2.117430189224251,2.2344792279242207,2.210019239418515,True,True,5000.0,2.890681365478152,3.40477437506279,,True,
3096,True,55.0,1.326870779396933,1.1488625532729202,2.7268966793858027,2.2880792023223324,True,False,1152.0,2.9554247603190364,3.1318309157513764,,True,
3097,True,55.0,1.5623736848907972,1.0955599725493812,2.745000000000412,2.4166268856817767,True,False,1152.0,4.532942881036393,3.181736258117761,,True,
3098,True,80.0,3.5214716811439204,3.861375933760428,2.1600000000030537,1.7549054138328934,True,True,5000.0,2.9439227353819146,4.309235978959455,,True,
3099,True,80.0,2.888886670472637,3.022851882291434,2.160000000007842,2.03744462582422,True,True,5000.0,3.538582581330377,4.457385059690831,,True,
3100,True,67.0,2.311831195483581,1.584448806643195,2.4465576327771528,2.207289032365268,True,True,5000.0,4.419193536800893,4.902756614141381,,True,
3101,True,67.0,1.8610295044917962,1.4235054335476889,2.683280521256928,2.0151549110428197,True,True,5000.0,3.465738559700144,4.1530241474125384,,True,
3102,True,56.0,3.5874860131715574,4.5131071723481,2.7450000000043624,2.0621399312849746,True,False,1296.0,4.128764910216761,3.394137876209809,,True,
3103,True,56.0,2.9390278504666125,2.969778137096,2.1600000000027264,2.0917769057430573,True,False,1296.0,4.7091808850190375,5.902919340358178,,True,
3104,True,52.0,2.4026111249236806,2.5005773941193183,2.575536341435883,2.397315775654096,True,False,432.0,3.600863154610033,4.462117515897867,,True,
3105,True,52.0,1.901969069972136,1.2479121800533903,2.610000000002889,2.2933422724268615,True,False,432.0,3.7330385766649883,4.19649681011899,,True,
3106,True,75.0,2.764196612157642,3.4421921499160817,2.4825964888364087,2.082413397695087,True,False,4608.0,4.077721823798539,5.054615900762281,,True,
3108,True,63.0,3.1075260770028854,2.6049014036689186,2.4030000000040554,2.0703434695721383,True,True,5000.0,5.929912698631297,4.270737902489212,,True,
3109,True,63.0,1.6574101513487258,1.4208902327300166,2.1600000000017014,2.1852025026756676,True,True,5000.0,2.90010603115658,3.529687509408471,,True,
3110,True,69.0,2.4777021406556825,1.6333009648333245,2.160000000000567,2.290144353550664,True,False,2592.0,4.463155035256508,3.7615516967587346,,True,
3111,True,69.0,2.3847602773461793,1.5031597853667336,2.160000000002449,2.2050423708854208,True,False,2592.0,3.6981823570105146,4.871913319594522,,True,
3112,True,55.0,2.9109232325069376,3.230005600118602,3.060000000002116,2.0546627549308427,True,False,216.0,4.2756382268577315,3.55140665917161,,True,
3113,True,59.0,2.622224097452723,2.9255447478390124,2.4750000000049175,2.4685999562910146,True,True,5000.0,6.339034082058034,3.5394456763437305,,True,
3114,True,61.0,1.6685835499444004,1.3816356610623188,2.610000000004892,2.169590144197747,True,True,5000.0,2.8096782957354978,3.304391122615574,,True,
3115,True,61.0,1.5077154412736113,1.3813633461140853,2.7927275469515553,2.2178949801557333,True,True,5000.0,2.24161388454587,3.3122552345650975,,True,
3117,True,64.0,2.2518678223404485,2.3209007698060304,2.6100537212292583,2.2608261500831945,True,False,128.0,3.380614641956292,3.847553857094031,,True,
3118,True,64.0,2.2167091984043763,2.4125958552649536,2.475000000002433,2.3175355705576557,True,False,128.0,2.228566751106808,2.9659337004454907,,True,
3119,True,60.0,2.5001792720081037,1.1906962162902346,2.1600000000049175,2.1757766691000255,True,False,1296.0,4.425664783502699,4.213514292766166,,True,
3120,True,60.0,2.968122134494313,2.8868989800685085,2.7450000000084436,2.0938194646864856,True,False,1296.0,3.795052114857446,4.827428865876304,,True,
3121,True,67.0,2.1325097799317634,2.3617958508912125,3.1950000000015444,2.4131233455420387,True,False,432.0,3.5148275139953444,3.192322389008555,,True,
3124,True,74.0,3.0855369960241203,2.453729291253694,2.448000000009339,2.25962685941728,True,True,5000.0,4.770481631502861,5.208410594883533,,True,
3125,True,77.0,2.922619240453363,2.5615941811192897,2.1600000000025963,2.2103126722932176,True,False,4608.0,5.234433608587102,5.81211070705187,,True,
3126,True,77.0,1.556757059236074,1.1189530193332757,2.4030000000059903,2.206415256745657,True,False,4608.0,4.399441440121326,3.994299337328969,,True,
3127,True,51.0,1.4173347990707794,1.2151867402644712,2.841363661727794,2.1880644436807617,True,False,216.0,2.7223601729856575,3.351126355364818,,True,
3128,True,51.0,2.3530167482145243,2.1803252466961567,2.745000000004343,2.1371901012544483,True,False,216.0,3.96132131734678,4.1460689570427975,,True,
3130,True,77.0,1.8881255037206106,1.8555056061959476,2.1600000000007227,2.311267096421355,True,False,288.0,1.9161565063135442,3.10829982307988,,True,
3131,True,67.0,2.2276918358514646,0.6718235163280042,2.3131464105434305,2.3457620762984464,True,True,5000.0,3.8544936333346738,5.26009578844818,,True,
3132,True,67.0,2.012230422037246,1.629727880776045,2.533359399548812,2.0406336168455135,True,True,5000.0,4.545982907996234,3.4562782307830133,,True,
3133,True,77.0,2.95985625276063,1.5143951195241243,2.16000000000168,2.5093970414025755,True,False,1536.0,6.109699310661367,6.097923248634264,,True,
3134,True,77.0,3.129793580118007,2.546060129203397,2.1600000000064425,2.4027576669735122,True,False,1536.0,6.112484432677941,6.351284643069765,,True,
3135,True,62.0,2.1637262716437893,1.1670773756814015,2.16000000000222,2.5119734544775745,True,True,5000.0,6.868442607445863,4.366148033118067,,True,
3136,True,62.0,2.4162912962725573,2.2509731555146573,2.44800000000938,2.2397039795696214,True,True,5000.0,6.3444901479974165,4.33277146430269,,True,
3137,True,75.0,2.838056978853798,3.5733442627788463,2.1600000000065114,2.173130077698986,True,False,768.0,4.100400373963201,3.357682991860685,,True,
3138,True,75.0,1.9524417282625612,1.9990357707138173,2.669962560489591,2.2303919816480677,True,False,768.0,5.613624288804994,4.2995621718803,,True,
3139,True,64.0,1.6424646734819057,1.404139771948394,2.5590327148761363,2.3786633283001613,True,False,1152.0,3.695759651844556,3.289716637735191,,True,
3140,True,64.0,1.5011519061929721,1.4201049774492276,2.4480000000037645,2.375385859202668,True,False,1152.0,2.7958606158546027,3.194981492228225,,True,
3141,True,62.0,1.22223796126692,0.9018209213900263,2.925000000002056,2.165491681928148,True,True,5000.0,1.7104025793327022,3.065497800736979,,True,
3142,True,62.0,1.182910753878892,1.0796603267699538,2.4750000000045445,2.282323804217973,True,True,5000.0,1.9581913735833816,3.208180772224547,,True,
3143,True,60.0,1.4690125903574323,0.7858099658587889,2.354751192285104,2.1585305033749234,True,False,144.0,4.718546931961076,2.4300104540115757,,True,
3144,True,60.0,1.8516000990437096,0.9490953037529835,2.745000000002402,2.2994205767758107,True,False,144.0,3.678501902479511,4.112139104363141,,True,
3145,True,63.0,1.6041021304178158,1.3082935201528016,2.5816303884135396,2.115468222049199,True,True,5000.0,3.5589983443647775,3.386613033643092,,True,
3146,True,63.0,1.90006670443723,1.928748278394778,2.4030000000000205,2.1526556934400816,True,True,5000.0,3.7391753301870914,2.8426387022126147,,True,
3147,True,55.0,2.7067910448703496,2.898957188710483,2.4030000000064984,2.5360164706484065,True,False,144.0,4.1586791590772965,5.858035002213872,,True,
3148,True,55.0,2.4263307636927345,1.891369428991311,2.610000000001883,2.402101036405422,True,False,144.0,4.097982579338566,5.704475435157883,,True,
3149,True,70.0,2.551959314950338,2.095094119093119,2.6263912041940167,2.226667655690897,True,False,864.0,5.998396957829027,4.623827236743843,,True,
3150,True,70.0,2.5096489042598376,2.0446474793425296,2.6015767092248,2.243651272212328,True,False,864.0,5.869927963178951,4.221009303728804,,True,
3151,True,66.0,1.6559046796849348,1.5136480364672025,2.943000000000961,2.1660832817322606,True,False,2592.0,3.308759049588819,3.3187895875719717,,True,
3152,True,66.0,1.878767445454998,2.118498377611104,2.403000000006534,2.221268862137135,True,False,2592.0,3.1611984852974073,2.041090550576164,,True,
3153,True,76.0,3.7298194466845356,3.9769634342992504,2.160000000002567,2.216579850309932,True,False,2592.0,3.3394380720759274,4.106145444691152,,True,
3154,True,76.0,1.964410313490115,1.787527946595219,2.6258459995681855,2.144255364363116,True,False,2592.0,3.332289389161178,3.182485638650721,,True,
3156,True,71.0,2.474641120990936,2.637629300752451,2.6100000000035704,2.3464771913871223,True,False,2304.0,6.149066169426741,4.274329226862999,,True,
3157,True,60.0,2.2010913690986196,2.0709781040532107,2.1600000000028796,2.3186685503107163,True,False,2304.0,3.1729560785634994,4.402838967712378,,True,
3158,True,60.0,1.9240909263808883,1.7790665685643035,3.0330000000019766,2.326659258443316,True,False,2304.0,2.9076629186170115,4.4871338597796155,,True,
3159,True,66.0,2.18035804863562,1.8302371537283761,2.237541722300046,2.4479912390366105,True,False,2304.0,5.616530680181328,4.951690021215153,,True,
3160,True,66.0,2.4100676049610494,2.08509014748779,2.1600000000015154,2.449029089026913,True,False,2304.0,5.793326874957998,3.5725517392309905,,True,
3161,True,69.0,3.0217109022764017,2.6025786058380618,2.4480000000028213,2.250692102820819,True,True,5000.0,4.757918302043344,5.276278302666579,,True,
3162,True,69.0,2.3453352594413177,1.890994343735656,2.1600000000034996,2.3442403506679934,True,True,5000.0,4.931559638324937,3.667686673283906,,True,
3163,True,74.0,2.816352630290503,2.673023178907897,2.171323366151763,1.95332638844613,True,True,5000.0,5.445449158015065,4.116986927267913,,True,
3166,True,81.0,2.661424215423033,3.1500061900442233,2.197888185390552,2.384271064874965,True,False,864.0,2.8463540495804245,3.284748785529408,,True,
3167,True,67.0,1.8864167922986261,1.622535735139536,2.2301208169253353,2.4029643586620275,True,True,5000.0,4.049001420757674,3.1726660234533726,,True,
3168,True,67.0,3.015839523984203,3.1342026184247516,2.1600000000047523,2.1895861895344524,True,True,5000.0,6.248938368204594,3.3906045791827206,,True,
3169,True,56.0,2.594016864005427,2.68760009161997,2.610000000009533,2.126262394367168,True,True,5000.0,3.9716179281986634,5.304599720919902,,True,
3170,True,56.0,2.6763608040382882,2.638740970131039,2.6100000000076613,2.245070113604473,True,True,5000.0,3.8429727750734117,5.401629956133086,,True,
3171,True,52.0,1.5736998799629194,1.0460379217765876,2.7450000000061405,2.5552374908606836,True,False,72.0,3.975963336753914,3.1599198863168745,,True,
3172,True,52.0,1.4959403884236218,1.0372241714503616,2.8980000000051036,2.5201896097516157,True,False,72.0,4.083326090712663,3.1480265363441022,,True,
3173,True,72.0,3.032053669035729,3.6592454370911582,2.6910000000006864,1.9957465586842436,True,True,5000.0,3.2887025093592936,4.173317100726918,,True,
3174,True,79.0,2.6892629290761647,2.5818926960782846,2.160000000007449,2.2730793387825243,True,True,5000.0,4.167382460554181,3.5737313289806814,,True,
3175,True,79.0,2.4027436544639382,2.5975435018262942,2.4030000000065064,2.2342294169131334,True,True,5000.0,3.661728710496858,3.378664190409284,,True,
3176,True,73.0,1.9598340308826918,1.8291491611635138,2.344930678658115,2.30874743759468,True,True,5000.0,5.095206560386271,3.2927537843727257,,True,
3177,True,73.0,1.442885501475451,1.472555190739513,2.160000000001853,1.9807317521057715,True,True,5000.0,2.983111921715213,3.1252243113534366,,True,
3178,True,74.0,2.433806289477367,1.9574087032524403,2.1766191991084547,2.11201015691213,True,False,2592.0,3.216658538840368,3.9748475689401133,,True,
3179,True,74.0,2.3802027497482396,2.112831272348558,2.1600000000078214,2.389090531457525,True,False,2592.0,3.4702050530252664,3.648478527193132,,True,
3180,True,84.0,4.159323971752602,3.924569653274375,2.1600000000033406,2.2743093466149227,True,False,1536.0,4.577659779391259,6.147481112462292,,True,
3181,True,84.0,3.584994835697316,3.9238775510275445,2.160000000006799,2.21440250573377,True,False,1536.0,3.719757314995974,4.478241234188938,,True,
3182,True,83.0,2.678186829809439,2.1258189275104087,2.1600000000002546,2.3345812560928336,True,True,5000.0,3.6268840138485077,4.998529049880268,,True,
3184,True,62.0,2.7167105219272667,1.664385250027408,2.1600000000090622,2.2958676119715618,True,False,2592.0,6.108951511184241,4.236079294015769,,True,
3185,True,62.0,2.041553927370917,2.131792831372877,2.7450000000087424,2.325107407949147,True,False,2592.0,3.6371685082468166,3.375733798339516,,True,
3186,True,83.0,3.120550837904608,3.738576463456411,2.4030000000074545,2.0176184805111195,True,True,5000.0,4.3144439889726005,4.90170191217424,,True,
3187,True,83.0,3.4470547147880217,3.376335589662631,2.160000000006325,2.16944077273384,True,True,5000.0,5.155431094795034,6.064835991755391,,True,
3188,True,72.0,2.4023612729454507,2.665452077115333,2.6881552274007454,2.220930174071215,True,False,2304.0,6.614890864478114,3.1081175047589378,,True,
3189,True,72.0,2.641416083425149,3.3659745585428027,2.7900000000066894,2.1290556689997557,True,False,2304.0,3.0243870733600393,3.1837395739709415,,True,
3190,True,58.0,0.9850077421988301,0.8618638842344808,2.7885417982592267,2.280613218303358,True,False,2304.0,1.5042942312985361,3.2467788187034015,,True,
3191,True,58.0,0.9805705132614609,0.8191701529103739,2.745000000000643,2.2576517214574974,True,False,2304.0,1.2274518562967294,3.0914228430476602,,True,
3192,True,77.0,2.8434696211042865,3.3988729525081,3.0330000000015582,2.1717574704832945,True,False,768.0,4.509996155988619,3.7926537721589,,True,
3193,True,77.0,2.8541718184708014,3.1000526247626112,2.1600000000036217,2.1309751632996567,True,False,768.0,3.328445420275469,4.464079975247179,,True,
3194,True,81.0,3.969108971855223,4.362687651275337,2.160000000004971,1.797749912752049,True,True,5000.0,4.381355915905086,6.2530014557885885,,True,
3195,True,81.0,3.7693810464673705,3.7331839032303833,2.1600000000019377,1.7573873417377295,True,True,5000.0,4.355427703915658,5.6314864221350485,,True,
3196,True,59.0,1.9109914496384346,0.4557495164772263,2.1600000000089716,2.296332312906823,True,False,432.0,5.676001391835347,2.615357613112247,,True,
3197,True,59.0,2.6257919822556888,2.6114334479316312,3.0330000000068957,2.326306116099084,True,False,432.0,5.96998699270339,4.037585594326075,,True,
3199,True,78.0,1.6800929561285283,1.5621820518063032,2.786488828115598,2.3203582725087952,True,False,256.0,3.4781023921618113,3.10611706597476,,True,
3200,True,82.0,3.2476796272937407,3.0115588949374796,2.1600000000079356,2.0558690342772326,True,True,5000.0,5.167674787260092,4.56379681710431,,True,
3201,True,82.0,1.3701084828049697,0.971524971879262,2.1600000000047235,2.2131540721106613,True,True,5000.0,2.7644996608476977,3.5009487924430944,,True,
3202,True,70.0,2.996923252554543,2.8014424877655983,2.74500000000284,2.25829224282421,True,False,2592.0,5.479351659615562,7.065309400217532,,True,
3203,True,70.0,3.195035967189946,3.31968459518248,2.1600000000068467,2.3416241246408442,True,False,2592.0,4.503455476796674,5.056556989700071,,True,
3204,True,77.0,3.3547270277438392,3.929501933947904,2.160000000006695,2.2033044370898907,True,False,1152.0,5.333652023544537,4.794578487140175,,True,
3205,True,77.0,2.0894520216271584,2.3711569323349977,2.610000000004026,2.1242884336172434,True,False,1152.0,3.3884951224276842,3.2422407835382594,,True,
3207,True,86.0,2.989949001685362,3.026122220649995,2.655000000004778,2.2562403799905697,True,False,768.0,4.283403995465833,5.728061269560362,,True,
3208,True,86.0,2.5121610744382807,2.2469071933519444,2.320156880834784,2.257113076520536,True,False,768.0,3.655534781693112,4.585189949729938,,True,
3209,True,89.0,3.3653658609002886,3.77730541071287,2.4030000000096345,2.1221946843067916,True,False,4608.0,4.2563641752525445,4.8137075056287495,,True,
3210,True,89.0,2.6358851791712468,2.6303394922251755,2.2759820041514507,2.178611250085704,True,False,4608.0,3.8176886347406667,3.7005049345738215,,True,
3211,True,94.0,2.1437265509396077,2.35398644806628,2.4345718287998963,2.0879863269667265,True,False,2048.0,1.6509272823287209,2.8718059463966767,,True,
3212,True,91.0,3.296298077829101,3.323705843908101,2.254894775992238,2.2531442290497075,True,False,864.0,4.337835164921453,5.23895720861298,,True,
3214,True,86.0,3.745679148221251,3.8435047197781387,2.160000000005922,2.279037474966131,True,False,768.0,7.171065004071299,5.78595947133093,,True,
3215,True,86.0,3.1244969050396048,3.495477524043963,2.400475324266788,2.097540793548483,True,False,768.0,5.216478784957754,4.413648527030086,,True,
3216,True,15.0,0.5393915048291337,0.8062056159651547,3.0600000000056573,2.437501649353288,True,False,12.0,0.34514924091344784,0.31611759764484265,,True,
3217,True,14.0,0.5178679574910566,0.6851837541362329,2.9250000000032546,2.2936771215888254,True,False,8.0,0.7232902411227871,0.38245204393006027,,True,
3218,True,15.0,0.45318533589405047,0.6648985511237697,2.9194660691341787,2.0491346724166277,True,False,8.0,0.23913373593437043,0.273195917200205,,True,
3220,True,15.0,0.3929640776638879,0.5966536972409813,2.8980000000081407,2.367925591504091,True,False,8.0,0.22675475103498685,0.18290217175381043,,True,
3221,True,15.0,0.612773861370179,0.9217762648077041,2.92500000000737,2.1708438839538875,True,False,8.0,0.5261458804275256,0.12335226820538658,,True,
3222,True,20.0,0.4767681174669882,0.5290272082893352,2.7469268840730257,2.279308477894118,True,False,72.0,0.7216750359011815,0.5277110644652924,,True,
3223,True,19.0,0.5246562884888716,0.6792414355440997,2.5845164159595284,2.177622500388899,True,False,72.0,0.37879266477295914,0.589513629517454,,True,
3224,True,18.0,1.1331601636231978,0.8519064274878474,2.8775656807951853,2.2790781651580097,True,False,8.0,2.5976797306245434,1.5193934128210813,,True,
3225,True,24.0,1.0026729811401436,1.1306818395896698,2.315844526668848,2.42239440283782,True,False,72.0,1.2366152302995563,1.4617212983635293,,True,
3226,True,17.0,0.3108284279180023,0.46736319282717886,2.8768021803723354,2.2052890651567654,True,False,12.0,0.28860646973270415,0.28328917670605336,,True,
3227,True,19.0,0.5581389322711566,0.7667289979690395,2.8980000000069746,2.125940898472956,True,False,8.0,0.4687708436807092,0.8223629504344104,,True,
3228,True,17.0,1.1470783157674236,0.8838746579967847,2.705091250118272,2.3684226334630396,True,False,8.0,2.046445333037764,1.2963653666605717,,True,
3229,True,24.0,0.9469056820438311,0.5844717573454545,2.160000000006393,2.0747342022533872,True,False,72.0,1.6469452337917645,1.609247622179236,,True,
3232,True,21.0,0.35831155957280186,0.37282913620219915,2.4983148144084812,2.25227543739659,True,False,72.0,0.29030448898053457,0.41635026771111916,,True,
3233,True,22.0,0.6259418554339484,0.5842863262369065,2.1600000000078357,2.28327445965219,True,False,72.0,0.404827183716376,0.8390575327590104,,True,
3234,True,22.0,0.47491979856401834,0.4230755918433715,2.1600000000023227,2.278355285968367,True,False,72.0,0.3675039270381851,0.5526368833412916,,True,
3235,True,22.0,0.51445972915542,0.3822415279355482,2.1600000000018187,2.219297258976363,True,False,72.0,0.2846848319743434,1.0037934537871507,,True,
3237,True,23.0,1.1958867950575092,1.0772736573526345,2.1600000000071313,2.10692150639268,True,False,72.0,1.820313524081504,1.6339239790258433,,True,
3238,True,23.0,1.2950883364771646,1.3180377534408763,2.448000000007281,2.0011486479019993,True,False,72.0,3.209507369478743,0.8291145083979503,,True,
3239,True,25.0,1.1839815560483493,1.0847735116476542,2.583261722072385,2.1906917288838246,True,False,216.0,3.6243086994307037,2.787199234045064,,True,
3242,True,18.0,0.30127409982033043,0.4341569736425299,2.8351464819202468,2.3460333824777515,True,False,8.0,0.26441685010453553,0.3472037109269395,,True,
3243,True,29.0,2.173094277339663,1.0622614846324723,2.1600000000035946,2.3419209726205534,True,True,5000.0,3.817488770899524,4.701374945212014,,True,
3244,True,21.0,0.9874095284696696,0.9552937173502869,2.4914906333020417,2.014814444185866,True,False,72.0,1.3878504110270893,1.6283281069971058,,True,
3248,True,19.0,0.8635063381465692,1.2362529252059176,2.9250000000008227,2.420473315304261,True,False,8.0,0.9847272821496295,0.7812980178117811,,True,
3250,True,23.0,0.5186955517045463,0.6229691135122266,2.276160230463071,2.2609972222008587,True,False,36.0,0.2671236124034839,1.0128101459227552,,True,
3253,True,25.0,1.049801454838128,0.9197349625319475,2.4480000000071462,2.2385899893459724,True,False,72.0,1.6618879062001886,1.6167562960685051,,True,
3254,True,25.0,1.3253242372204055,1.0933478229562752,2.1600000000060677,2.3213030007519486,True,False,72.0,3.452753230850332,2.6856856679978898,,True,
3255,True,26.0,0.8679571171741094,0.9213947125535924,2.300253228602627,2.3427005733768023,True,False,72.0,1.2098558561152313,1.1114578956462333,,True,
3257,True,23.0,0.6920458414450518,0.7769348771689693,2.4750000000033876,2.123180738867984,True,False,72.0,0.6027025464600825,0.6792534618871156,,True,
3258,True,23.0,1.1264029767461785,0.7556361258357356,2.448000000007596,2.2282523254784232,True,False,72.0,1.1387495425465413,3.1464192758562035,,True,
3259,True,27.0,0.43527419490886754,0.4242209781368729,2.160000000006821,2.2422537095074677,True,False,72.0,0.23719982963273117,0.7316034938480395,,True,
3260,True,22.0,0.6123007855691476,0.7225744616844167,2.539994566605518,2.1454161486527505,True,False,72.0,0.5579420988296904,0.5358014319732228,,True,
3261,True,23.0,0.5918066834715027,0.6148968749621417,2.532296119279071,2.1000879198024065,True,False,72.0,0.5657197154858435,0.8362549490992219,,True,
3262,True,26.0,0.9887793262591085,0.38379922647436615,2.160000000004261,2.208081621611846,True,False,72.0,2.9000341017264506,2.690171045339097,,True,
3263,True,24.0,1.2158059383651587,0.6568534325051587,3.0007143576470026,2.0878893508277687,True,False,144.0,3.123882194611377,2.7291817665476117,,True,
3264,True,27.0,1.0313836032407464,0.5279834547218343,2.1600000000029995,2.24198202370135,True,False,72.0,1.051528726970754,3.0988211170049937,,True,
3265,True,25.0,1.2454641552171122,1.2210411725609447,2.7630330710870425,2.333341405924131,True,False,72.0,1.6715747067281261,1.2988500029915904,,True,
3266,True,23.0,0.6546300356208427,0.8554996155180561,2.7846860269458165,2.310043811987123,True,False,72.0,0.46191306940179505,0.4956928434978472,,True,
3269,True,24.0,0.7099587601834462,0.7959253836306743,2.6100000000037937,2.12112604113947,True,False,72.0,0.3604180675188848,1.0157959032131485,,True,
3270,True,28.0,1.3230014742856189,1.009522114214633,2.4480000000023057,2.174879223750137,True,False,72.0,1.4118440448894658,3.5398780895796564,,True,
3271,True,28.0,0.6336413193612199,0.3736109242781822,2.160000000005464,2.3035102586270373,True,False,144.0,1.8588495482333864,2.1170635498149,,True,
3273,True,24.0,0.7526759768346943,1.2154991778443218,2.9250000000032728,2.3246155764125818,True,False,12.0,1.0347604615657315,1.1499637882505522,,True,
3274,True,27.0,0.2728938924077486,0.4318390167427424,2.373552430446048,2.333842584687322,True,False,432.0,0.31495257300591456,0.38688684950796637,,True,
3275,True,28.0,0.4726524320644182,0.4284223926078994,2.160000000001428,2.157170822906707,True,False,72.0,0.3516541127375126,0.8101215360791866,,True,
3276,True,25.0,0.9007770134032126,0.6303195190848783,2.794553291819388,2.1054505654609894,True,False,72.0,3.099494682359236,1.0453696952658376,,True,
3279,True,31.0,0.730779459838635,0.7279123061562132,2.1600000000023125,2.2499353366041435,True,False,2592.0,0.34796838198463764,0.9131748722025741,,True,
3280,True,25.0,1.0345795323684197,1.3328177825533203,2.4750000000050543,2.1064251371933445,True,False,864.0,2.0895040907611566,1.3557708960059387,,True,
3281,True,26.0,1.2409869591197646,1.955929351519444,2.6100000000086796,2.1997963355729095,True,False,12.0,1.011062021896185,2.4670431028989066,,True,
3282,True,23.0,0.6731019146263337,0.8087399855721742,2.1600000000039845,2.212169734943501,True,False,72.0,0.32508638983255117,0.7227532896634071,,True,
3283,True,22.0,1.1825504871747905,1.263160994691134,3.0600000000044494,2.3303342731247803,True,False,36.0,3.0923128203952053,1.4690309455749222,,True,
3284,True,23.0,0.508635441090278,0.5422588192886906,2.6100000000049888,2.0270559595136985,True,False,72.0,0.4368269925699755,0.646906581345448,,True,
3285,True,25.0,0.36194003271750474,0.5342525942505745,2.5715434525163254,2.092689860299419,True,False,12.0,0.4170161642225256,0.7074396182144208,,True,
3287,True,23.0,0.43665377728894633,0.4785095068727969,2.6100000000040264,2.5148949687412396,True,False,72.0,0.19242481048592305,0.616971762032746,,True,
3288,True,23.0,0.5719191895116184,1.029665782221855,3.0600000000000924,2.3427709942288426,True,False,8.0,0.6547699920622297,0.29113613988605747,,True,
3289,True,24.0,1.315797393291696,0.5651808229340531,2.240659044735978,2.320885592764107,True,False,36.0,2.327754326344577,3.5661990652169826,,True,
3291,True,24.0,1.4813447873779613,1.0420563393818156,2.160000000007923,2.0078398988714214,True,False,72.0,3.5544971880672898,2.42186672752118,,True,
3293,True,27.0,0.6435860687519138,0.7717288482745062,2.610000000000044,2.2611312995047412,True,False,72.0,0.31884800337448477,0.8549009703210421,,True,
3294,True,25.0,1.5176904313063504,0.27989887070361874,2.4480000000066324,2.2138654625112157,True,False,36.0,3.2356836701235023,2.9212260590608694,,True,
3295,True,27.0,1.0481057122817532,0.837894970743946,2.160000000002999,2.1968417466444867,True,False,72.0,2.7398468003178804,1.5154305853990535,,True,
3296,True,30.0,1.670932798006378,1.2122730352748476,2.3979064148818168,2.2510021359607815,True,False,216.0,4.829141255180403,3.4330880724129997,,True,
3297,True,28.0,1.5775653566439354,1.5356817149586277,2.4480000000074957,2.378241407489997,True,False,72.0,2.361472385546051,3.2838344699843525,,True,
3299,True,25.0,0.4654671442112194,0.8870516725728521,2.9188834821229865,2.185710931848034,True,False,8.0,0.27792222976227277,0.5107577212570766,,True,
3300,True,27.0,1.520508817615072,1.796292099312268,2.1600000000037696,2.2523864502123074,True,False,72.0,3.1271878990108752,1.488063798411276,,True,
3304,True,27.0,0.9943538946543053,0.8108576207378064,2.5525761022080697,2.2204822878149693,True,False,72.0,2.2043230516397294,1.7967286271049017,,True,
3305,True,28.0,1.1108586108525837,0.6813146083695756,2.582577365917354,1.9580764610964507,True,False,72.0,1.0800795780369958,2.980005781048585,,True,
3306,True,26.0,0.5078464517015789,0.4929841772609507,2.5100610745228056,2.131150869506896,True,False,72.0,0.5023599167094092,0.8280174316045555,,True,
3307,True,29.0,1.4798604332615932,1.1362592037439754,2.1600000000004407,2.1540632263004724,True,False,72.0,2.3216638418798756,3.3762090833490155,,True,
3308,True,31.0,0.5246014741576925,0.5621439182759786,2.2887094078321097,2.15420797385025,True,False,432.0,0.35132791866597296,0.8023237751044302,,True,
3309,True,23.0,0.5210377055310113,0.7299328824519762,3.011411328472023,2.2459122412952826,True,False,8.0,0.33322270466870324,0.9448110643621945,,True,
3312,True,29.0,1.30359965970332,0.49938080130232265,2.3872361081436853,2.031923649845141,True,False,48.0,2.0384841219164787,3.8458162758410794,,True,
3313,True,29.0,1.255695752556323,0.8483202116403845,2.1600000000085346,2.0998682826787016,True,False,48.0,3.5735974380062308,2.0645710133752058,,True,
3314,True,24.0,0.7382489145549244,0.05210130061459495,2.4750000000053225,2.3632596985096663,True,False,72.0,2.1062356956177752,0.8228990391555675,,True,
3315,True,27.0,0.5417197565951396,0.4753483820168185,2.3161935488673513,2.2750482963884524,True,False,144.0,0.28645980019114353,1.017451078858813,,True,
3316,True,27.0,0.5766061540276048,0.5783773254697735,2.1600000000030195,2.2466467865465636,True,False,144.0,0.5703043820730201,0.8635575319520167,,True,
3317,True,28.0,0.8377352049802284,0.7976514758265694,2.570344447982582,2.126360429771961,True,False,72.0,0.8900587408968689,2.060082584683046,,True,
3318,True,29.0,1.5002397924719446,1.8558033209519635,2.6100000000077155,2.240738874523312,True,False,72.0,1.941803588036772,3.3866242054204703,,True,
3319,True,26.0,1.130316485788779,0.6805803640418162,2.610000000007075,2.281025892202892,True,False,72.0,1.1380432393171918,2.9921387477995007,,True,
3320,True,28.0,1.1713514366549207,0.7590388251301192,2.160000000008886,2.0564730981707493,True,False,72.0,1.03658031355631,3.0771395787470714,,True,
3321,True,26.0,1.0700088481461312,0.42064265845692717,2.450135232211248,2.2219741701694016,True,False,72.0,3.463344417824894,2.8187998429206065,,True,
3322,True,30.0,0.45309224006786963,0.4329492867582303,2.2273306736658545,2.3280777104727415,True,False,72.0,0.29168860512549744,0.7526145657668692,,True,
3323,True,22.0,0.6036718992840244,0.8306881434946263,3.0600000000030865,2.453700408851904,True,False,36.0,0.35667402727690606,0.482489990441963,,True,
3324,True,27.0,0.6464640003306408,0.7487385938038642,2.286167274609591,2.2677885741400146,True,False,72.0,0.5871198897128567,0.7689240154456272,,True,
3328,True,28.0,1.5191122711905793,1.0680971867477638,2.1600000000073414,2.180059166490671,True,False,72.0,3.210095135303204,2.769177821102772,,True,
3329,True,24.0,0.5043612894086138,0.7420721462694928,2.9250000000010767,2.112428486268825,True,False,36.0,0.43473432943518503,0.8216833330682269,,True,
3330,True,21.0,0.6865233046130933,0.8749333944324462,3.0178428510487008,2.2934942034807935,True,False,6.0,0.4346963601956898,0.3242943029310875,,True,
3331,True,28.0,1.4279217913888227,1.186874455321231,2.160000000007173,2.171748417243581,True,False,72.0,2.7134890510048537,2.7998928972921235,,True,
3332,True,22.0,0.3186174604405014,0.38118133999887505,2.4480000000077635,2.3119854240457487,True,False,6.0,0.3341552012492932,0.23172979167560237,,True,
3333,True,27.0,0.9826472627355513,0.34825293464018614,2.1684846617288627,2.3704685092614075,True,False,72.0,3.02545933870462,2.7484470267913395,,True,
3334,True,24.0,0.5323150495807549,0.5818239694890508,2.842111160250817,2.135425513896469,True,False,72.0,0.5224654792859522,0.5455072088514935,,True,
3335,True,24.0,0.7998207877834252,0.8729626829408517,2.1600000000036204,2.2142458764328774,True,False,72.0,0.4769408635841809,0.7570161305190545,,True,
3336,True,28.0,0.31562610077902453,0.29031286716781324,2.525334733317392,2.1761330798459917,True,False,72.0,0.4344559847667069,0.4720486134667462,,True,
3337,True,27.0,1.113278261396028,0.8626517232478363,2.530145824144425,2.2534713951590333,True,False,72.0,2.038040195156345,2.097113302405415,,True,
3338,True,27.0,0.379826074207086,0.40195516625317396,2.7073215685547454,2.258005911994032,True,False,72.0,0.44132404589775787,0.5037263521611407,,True,
3339,True,23.0,1.1154861872535797,0.5174593173323956,2.711210322440671,2.182022299863134,True,False,36.0,1.0884680491479517,3.2079384349318576,,True,
3340,True,25.0,1.0769532569403837,0.5455291193939047,2.9005471540968806,2.2477018093599517,True,False,36.0,3.0614474634245066,1.9183031140660494,,True,
3341,True,27.0,0.7819773440407249,0.6587906942659174,2.662412500944484,2.3475469936297335,True,False,72.0,1.9673284283570367,2.0239186668913134,,True,
3342,True,27.0,1.0587129894392393,0.6556194845943537,2.308440443179759,2.153489593311284,True,False,72.0,1.9919463580521781,2.0187257151453557,,True,
3343,True,28.0,1.5359548819515838,1.813226557809685,2.475000000007769,2.3068145656077346,True,False,72.0,3.0023359905083615,2.7386419376763835,,True,
3344,True,27.0,1.4764909760717635,0.21224747976157232,2.160000000006489,2.2493296784820136,True,False,216.0,4.231557499915978,3.8703763212641302,,True,
3345,True,30.0,0.43411512789315937,0.47045506209906307,2.7710106437677977,2.0862947431750865,True,False,864.0,0.43546981846697624,0.8679940293532934,,True,
3346,True,30.0,0.4031658844247583,0.5091194427477603,2.7322123730086245,2.1293636904483932,True,False,864.0,0.43425566781120256,0.6878959462031884,,True,
3347,True,30.0,1.4760295077424115,0.5014814564456174,2.4750000000014922,2.125142994294737,True,False,864.0,1.3643734515500747,3.508311249773084,,True,
3348,True,30.0,0.6119671016976755,1.2154651981545612,2.602616690029823,2.0438626604300008,True,False,864.0,0.35402310964620387,0.4419499668253142,,True,
3349,True,30.0,0.42041909063501964,0.7813680473336717,2.925000000004352,2.0718571797785676,True,False,864.0,0.4207164802814457,0.35814614923772026,,True,
3350,True,30.0,0.7662227975277514,1.3748028924928803,2.4750000000025585,2.107418806241417,True,False,864.0,0.4321987373010541,0.8464971125279722,,True,
3351,True,29.0,1.4593025699804811,1.1685446000446973,2.160000000005366,2.1481558985325067,True,False,72.0,2.0105024816372157,3.3499039971005917,,True,
3352,True,29.0,1.3421136125767443,0.87732736036196,2.4480000000057767,2.262598061742297,True,False,72.0,2.051258316122788,3.3571770880419387,,True,
3353,True,28.0,1.1512091244949882,0.9092803157800518,2.475000000001489,2.014861335774748,True,False,72.0,2.0461984667250763,2.0813199530366635,,True,
3354,True,28.0,1.1501947673170405,1.2796105870038446,2.7013585607955912,1.883257251970638,True,False,72.0,1.3908397451325833,2.272318502564597,,True,
3355,True,32.0,1.0679088513714434,0.9383063034074439,2.160000000005074,2.0918714725575276,True,True,5000.0,0.906967731048591,2.970806338042015,,True,
3356,True,29.0,1.2782959831818566,0.6457762486315914,2.2541442885880034,2.272815842121838,True,False,216.0,3.2030763094336407,2.98005711726397,,True,
3357,True,26.0,1.088758895088811,0.035149770319549134,2.9250000000071132,2.2750895570504475,True,False,12.0,3.5559399894157693,2.619684693550932,,True,
3358,True,25.0,1.0090507642053137,0.8649302134981554,2.5048826962540582,2.363964828397411,True,False,72.0,1.0499657430982081,2.994335444880959,,True,
3359,True,22.0,0.4085925402334281,0.5435848003216961,2.7998586954969116,2.4179684284746155,True,False,6.0,0.184081692935729,0.12703583057933185,,True,
3360,True,29.0,0.7846400833281321,0.6487573317353963,2.1600000000088633,2.330049229007834,True,True,5000.0,0.8093619634676887,1.439726505880154,,True,
3361,True,32.0,1.4086002632449877,1.1832715689488396,2.160000000002761,2.1473741827171158,True,True,5000.0,3.4704185074504306,2.8237272048929785,,True,
3362,True,22.0,0.5212294188669083,0.6593182422802784,2.9250000000075023,2.2354075694825766,True,False,6.0,0.31731915037309905,0.3500972685925974,,True,
3363,True,25.0,1.2118605876266566,0.41315964607929345,2.6100000000071906,2.3046494955632624,True,False,72.0,3.3843148377278482,2.797804125433871,,True,
3364,True,27.0,1.950088714489068,2.265933266313368,2.555679037335315,1.8660969017979747,True,False,72.0,1.5041564418183375,2.8972161269056897,,True,
3365,True,27.0,1.1242040972477363,1.2076094369767816,2.2010325018002033,2.013902513281117,True,False,72.0,1.3568755343965826,1.8254056753928696,,True,
3366,True,22.0,0.5771794360312559,0.6992546268738806,2.925000000001434,2.1455328161321607,True,False,6.0,0.5021238609804524,0.49944349269915445,,True,
3367,True,31.0,1.486869393797737,1.3936697801473201,2.160000000001697,2.157592498712396,True,True,5000.0,2.199021361965724,2.028391212751592,,True,
3368,True,27.0,0.6752513445723685,0.5909789274701325,2.541965862571698,2.3457901147587776,True,False,72.0,0.5001212535194095,1.5002142153469935,,True,
3369,True,27.0,0.8832582701764555,0.5844437193554768,2.636188426676491,2.392252510522248,True,False,72.0,1.9628037174083517,2.069595366016137,,True,
3370,True,27.0,1.2722421822413836,1.2356134892725095,3.06000000000635,2.2618372011707653,True,False,12.0,3.4158854964150676,3.045639598846347,,True,
3371,True,22.0,1.1364267045142349,1.1852685954254412,2.4778179160984717,2.253606511416756,True,False,6.0,1.630122795793666,1.6153884262795668,,True,
3376,True,30.0,0.9493779514865671,0.6557730596250622,2.1600000000039428,2.1296022989516143,True,False,432.0,1.486446062190666,1.6411139683285294,,True,
3377,True,30.0,0.4509964772213809,0.3500932732131332,2.1600000000053603,2.0684025404645006,True,False,432.0,0.39022617982461166,0.7625540365508705,,True,
3379,True,33.0,1.46959284055435,0.4458940610420541,2.3890042910565676,2.214986473028673,True,False,216.0,2.759109645571059,3.816487071269077,,True,
3380,True,26.0,0.38689777210705195,0.5670766115290462,2.78215409594704,2.1143428247566667,True,False,72.0,0.2915862825595903,0.8103481823100405,,True,
3381,True,31.0,1.0125797078160534,0.322316929767112,2.189265801550684,2.186387538589625,True,False,216.0,1.3027064406567719,3.110345866704054,,True,
3382,True,25.0,1.2582238317917342,0.9181699234104599,2.360173773464303,2.315534215121858,True,False,72.0,2.27178016242596,1.8944649572296866,,True,
3383,True,31.0,0.5626835541609967,0.6168456382438308,2.70189875216619,2.2585697966190903,True,False,72.0,0.24385410227615636,0.6071018903897303,,True,
3384,True,21.0,0.3007342920910784,0.5233244323753752,3.053213780359166,2.180201383473554,True,False,8.0,0.28339720438265176,0.18932766521410258,,True,
3385,True,29.0,0.7127987611076426,0.6378059879061766,2.1600000000060384,2.114387393643842,True,True,5000.0,0.38601456665377115,0.9083359056800203,,True,
3386,True,25.0,0.9871436321951148,0.540540926362155,3.0600000000064913,2.498154523423241,True,False,8.0,3.2746539730564184,2.7669535052638015,,True,
3387,True,22.0,1.167306711991301,0.38913904562650714,2.2795241118767042,2.012304843034474,True,False,8.0,1.7121974648479694,3.3989827729758195,,True,
3388,True,28.0,0.5075393107648378,0.3965837130017462,2.263135990001438,2.010578135412797,True,False,72.0,0.40216693665133646,0.9559959067029686,,True,
3389,True,27.0,0.6261452607945036,0.6653390731225954,2.6100000000022523,1.9030323623627634,True,False,432.0,0.4489849711515638,0.8977254802977649,,True,
3390,True,32.0,0.33047134222596897,0.15580072163720615,2.2213742365469806,2.1896751751344308,True,False,72.0,0.4015976794924513,0.7192036031370752,,True,
3391,True,32.0,1.2239136706787195,0.8970573642473028,2.1600000000105375,2.174992515504364,True,False,72.0,1.4997699753787737,2.325340217050521,,True,
3392,True,24.0,1.1798800105957192,0.42224182971403934,2.9597832583718238,2.171010926688302,True,False,36.0,3.4238054990311912,2.676217948191035,,True,
3393,True,20.0,0.7902352606397964,1.045931376513181,2.6819767419997964,1.8612976029909887,True,False,8.0,0.4559451630498559,0.45680103729232746,,True,
3394,True,28.0,1.9190736350066422,1.117640248976386,2.160000000005424,2.189996026891373,True,False,216.0,5.698627502264203,3.0795044058741805,,True,
3400,True,26.0,0.8807551640602989,0.19054578492432483,2.44800000000098,2.4090649637151755,True,False,432.0,1.4136018895977223,1.7344498080340522,,True,
3401,True,27.0,0.40894691702798097,0.7256954554941331,2.614118809851111,2.006699718468112,True,False,216.0,0.25239660521094054,0.5648630955495662,,True,
3402,True,28.0,1.2964059832140196,1.0890693543697125,2.475000000007078,2.0241610323785997,True,False,72.0,3.3904599575639582,2.802045946041351,,True,
3403,True,28.0,1.0030953684938324,1.0307857114203216,2.1600000000023214,1.9138562677745683,True,False,72.0,1.954016184998021,2.0765727684580852,,True,
3405,True,28.0,0.5101915811612762,0.6461699483152188,2.448000000000984,2.260543155925142,True,False,72.0,0.3108536523044224,0.611111542903535,,True,
3407,True,29.0,1.1933797469599705,0.02952572204230819,2.1600000000049953,2.1112105915090518,True,False,72.0,3.869616795721966,2.4564838657062484,,True,
3408,True,29.0,1.188791114879193,0.9478318220208166,2.3256641645634053,1.998874035901212,True,False,72.0,3.062939353501739,1.4328467067212394,,True,
3410,True,32.0,1.7290411708010527,1.854266490372538,2.5200384806160216,2.032098740169877,True,False,216.0,4.298165580309106,1.6248761642191676,,True,
3411,True,28.0,1.2055193931489199,0.03416277575888671,2.4480000000005284,2.2695068987117004,True,False,72.0,3.0707299374540025,3.0272731227473537,,True,
3412,True,25.0,0.8007361481487014,1.1355769185283862,3.0600000000026673,2.197029354310042,True,False,72.0,0.39765527340889967,0.17452960489119712,,True,
3413,True,29.0,1.1397229364765307,0.5804910497463425,2.160000000001121,2.1881348798920053,True,False,72.0,1.2976593442661466,2.8157938973206327,,True,
3414,True,25.0,0.6902909664777809,0.8148140423072618,2.979903669983284,2.3102971588304393,True,False,36.0,0.4875195530708596,1.071288645552115,,True,
3415,True,29.0,1.1193715210273947,0.8403574068579474,2.44800000000831,2.219675663537356,True,False,72.0,3.0122726416469563,2.0727274820292823,,True,
3416,True,29.0,1.5142024235791398,1.5678547589523077,3.044856712996772,2.1512022489064107,True,False,72.0,3.3926667106963886,2.068135203412212,,True,
3417,True,31.0,1.3729860793955628,0.6939960935415002,2.475000000009509,1.9646444678109063,True,True,5000.0,3.5077076204537874,2.5815582560930017,,True,
3418,True,29.0,1.6181466561748845,0.8717150861157279,2.160000000004772,2.2531158154875217,True,False,72.0,3.1227433516239045,3.412165646673268,,True,
3419,True,29.0,0.5544330473197038,0.5724183679158159,2.683011154939588,2.256983708337302,True,False,72.0,0.2842675925029072,0.8128804374119051,,True,
3420,True,32.0,2.0650581835287634,2.0863095170752786,2.1600000000015673,2.2115273344003685,True,False,216.0,3.60479815112416,3.6574092233607973,,True,
3421,True,31.0,0.6164405532841191,0.7785666399176989,2.264554758962938,2.2348820442251536,True,False,432.0,0.40826803393847333,0.800046267575567,,True,
3422,True,30.0,1.39716619865337,0.877881103035179,2.1600000000070496,1.9327177836921767,True,False,72.0,3.3950778793562515,2.5302237884086884,,True,
3432,True,29.0,0.626597374086177,0.5424107648905192,2.6100000000058965,2.3633060796054326,True,False,72.0,0.5134478399082504,1.470599277766749,,True,
3433,True,32.0,1.2539145668368008,0.6709069479911705,2.3571025458845307,2.2826739041965673,True,False,72.0,3.105573997505956,2.8982542433925134,,True,
3434,True,30.0,0.4396559339775183,0.3975766230687441,2.3715659715993302,2.4441981866248077,True,False,72.0,0.21612344649521265,0.7966094375374831,,True,
3435,True,31.0,0.7476824422105552,1.2432176074798917,2.4195158109481505,2.300290183216022,True,False,2592.0,0.6721367346865434,1.266011275672745,,True,
3436,True,24.0,1.2406626974695454,1.076972000853857,2.736000000003625,2.1112072805387916,True,False,6.0,1.3452072272972637,2.975044279635796,,True,
3437,True,30.0,2.4207367065228045,2.7175007615551294,2.819630151223645,2.4243289125240413,True,False,72.0,4.45368476803953,1.9143734432130732,,True,
3438,True,25.0,0.5764718628875918,0.7491690603346797,2.9250000000080774,2.2428610214188485,True,False,36.0,0.4870004708705134,0.5544299430929257,,True,
3439,True,27.0,1.104639017677924,0.48439252587922965,2.610000000003014,2.228625124376013,True,False,72.0,1.119651258258256,2.9796829048023796,,True,
3440,True,35.0,0.5866004216621882,0.5168225325141975,2.1600000000008346,2.174534058459421,True,True,5000.0,0.406905713042858,0.9228333949194882,,True,
3441,True,29.0,1.0378889166169802,0.630085365359264,2.8644045194044785,2.2938639234270197,True,False,12.0,1.3194817216553056,2.887868134432809,,True,
3449,True,24.0,0.5365047916290643,0.5784212777580251,2.920933991842801,2.234573318779225,True,False,6.0,0.7506171471836462,0.8059461082303842,,True,
3450,True,23.0,1.3730697753970338,1.1951865020528203,2.925000000006936,2.1283736901681527,True,False,36.0,3.516184965372035,2.6641067747347593,,True,
3451,True,36.0,1.4148130562023982,1.0598292866925476,2.1600000000024413,2.0729679270070727,True,True,5000.0,3.4622480839703123,2.93226517237481,,True,
3452,True,35.0,1.085894692864156,1.0957082956956583,2.1600000000081963,2.0886216222667042,True,True,5000.0,1.4528926835733393,1.4655894346736225,,True,
3453,True,27.0,0.8709407268326254,0.8282904975167185,2.42555227211113,2.3358033618864407,True,False,72.0,1.9672702552777317,2.0426744984707503,,True,
3454,True,27.0,0.4768502485861617,0.41301926780943177,2.602019346977617,2.1943468119921246,True,False,72.0,1.020175244950357,0.6203945576900671,,True,
3455,True,29.0,0.7998209259253568,0.7706839985548868,2.1600000000069457,2.1309258557490924,True,False,144.0,1.9988577375348378,2.0511443526255575,,True,
3456,True,29.0,0.5888138705256191,0.7006022275636496,2.448000000005952,2.270894705925398,True,False,144.0,0.603734443778847,0.6298366789121649,,True,
3457,True,35.0,0.6725737925032959,0.7714174628526962,2.2572765468741527,2.223187473448877,True,False,2592.0,0.4128006621820629,1.2608780512691726,,True,
3458,True,26.0,1.2895271534026957,0.6698125736002112,2.44800000000362,2.423554909177838,True,False,72.0,3.5231812283141855,0.9442002164334465,,True,
3459,True,28.0,1.035372358961278,0.34116933582845377,2.475000000007918,2.341558729009375,True,False,72.0,2.428945550403437,1.7996004246454094,,True,
3460,True,26.0,1.3204656275465427,0.5754657638572098,2.476361898501081,2.473567591576992,True,False,72.0,3.6000108668542534,1.0373065842268432,,True,
3461,True,27.0,1.6101962466455528,0.3344277032992977,3.0600000000031975,2.2491721174245427,True,False,36.0,4.451946409931254,2.6035984434948105,,True,
3462,True,20.0,1.3290541909492926,1.663863182446221,2.925000000003765,2.139778253885201,True,False,8.0,1.5125502496266763,0.6862769006313335,,True,
3463,True,35.0,1.2766925469020831,1.2067414765188005,2.160000000005989,2.242676031374126,True,True,5000.0,3.182663670052785,1.5740804181266819,,True,
3464,True,36.0,1.6201585909044527,1.566332346174022,2.1600000000072286,2.1743555687605465,True,True,5000.0,1.1701404531693222,3.2036280050988055,,True,
3465,True,33.0,0.6019169623884921,0.6274301528283104,2.230882778713391,2.2181035622576326,True,True,5000.0,0.36342897656078593,0.8484878288428325,,True,
3467,True,29.0,2.2865780039779784,1.506018695225066,2.4798087493972116,2.2721812978941625,True,False,12.0,3.678004292775204,4.3159118640029925,,True,
3468,True,20.0,0.5238456409765994,0.6020545646861137,2.736000000002878,2.2847666592017664,True,False,8.0,0.6986893544615848,0.26217110874777544,,True,
3470,True,24.0,0.5354262063369472,0.7641864172182977,3.060000000000678,2.259817462407086,True,False,36.0,0.37423528345349333,0.3743205463310617,,True,
3475,True,28.0,0.36477082139189876,0.39753342782569234,2.9617677176901656,2.216957645558435,True,False,12.0,0.4305905469492874,1.0022663902333724,,True,
3476,True,28.0,1.2327165917308316,1.667532749073871,2.475000000001466,2.217568341359517,True,False,12.0,2.186536255351332,1.6313681261989945,,True,
3477,True,23.0,1.3320868843122047,1.5145285680773668,2.6100000000061083,2.0194046026737684,True,False,12.0,2.334151370737271,1.7183635644412574,,True,
3478,True,31.0,0.7788453900656717,0.8188779343363422,2.6100000000060386,2.069238322330224,True,True,5000.0,0.3695825558274748,0.8698749376995261,,True,
3482,True,35.0,1.7349331807514017,1.4589729746403464,2.528884285810674,2.393271506620174,True,False,144.0,1.7718060124921358,2.740097265615726,,True,
3483,True,23.0,1.470963164272275,1.4606960967284977,2.3867764127553595,2.053764474763355,True,False,8.0,1.667109361382478,3.03759208988613,,True,
3484,True,30.0,1.5284745466748764,1.4563656873979198,2.1600000000048127,2.1305101331136633,True,False,72.0,2.518958120852576,3.0957995475992837,,True,
3485,True,30.0,1.444715736032574,0.6442521862445574,2.5853863826293932,2.270026955919246,True,False,72.0,4.03036234314713,2.3385181089681613,,True,
3486,True,25.0,0.33437978533343365,0.6205936558071699,3.060000000003796,2.1115215965743754,True,False,8.0,0.3448355756513846,0.22401111092611375,,True,
3487,True,26.0,0.24589866410732114,0.4324238828194211,2.871655615222032,2.5697299433403504,True,False,72.0,0.3170771767924715,0.34828197198303384,,True,
3488,True,24.0,0.4062391596469346,0.49904846197387087,2.4705320375974784,1.9963477930210458,True,False,36.0,0.4110808737456266,0.4993799753829248,,True,
3489,True,25.0,0.38192970134415416,0.5005906403821427,2.7399932695108418,2.10470302370667,True,False,12.0,0.2867316003766293,0.31859764767730037,,True,
3490,True,29.0,0.48550651821953233,0.7465494294738164,2.5387346482197657,2.1795823827972183,True,False,216.0,0.49532775990875794,0.7253545165686521,,True,
3491,True,25.0,0.3416370080260321,0.6685097595582192,3.060000000004637,2.266600653423536,True,False,8.0,0.2785782548011735,0.13939125581728773,,True,
3492,True,34.0,1.0324692812715626,0.7351572669176676,2.349240965445566,2.2088111266697297,True,True,5000.0,2.9075990106656784,2.6904919554244535,,True,
3493,True,26.0,0.33034247392011223,0.643436473015754,2.8481157187262824,2.0286252216957177,True,False,36.0,0.2610953467441273,0.18301902811917503,,True,
3494,True,32.0,0.9268321731766261,1.0252012742166698,2.475000000000733,2.2630486951455557,True,False,72.0,1.1373616027090165,0.8530475957291613,,True,
3495,True,34.0,0.5983165513349678,0.7647025604965165,2.4891484968374487,2.2906192436762596,True,False,216.0,0.43398661019411705,0.8449046321217123,,True,
3496,True,31.0,0.6765901734009578,0.8395026663747558,2.1600000000021806,2.043873344339125,True,False,72.0,0.3546018578485417,0.8757587008241046,,True,
3497,True,32.0,0.6048876464495134,0.7212206696931389,2.1600000000048225,2.071420893903506,True,False,216.0,0.3836209683272958,0.9479342739662582,,True,
3499,True,33.0,0.48086358938241813,0.6530002079671249,2.32319671831616,2.154472101884821,True,False,216.0,0.38889721547301137,0.5891191283952053,,True,
3500,True,33.0,1.071243446673432,0.6017912222923769,2.1600000000030906,2.225929969293733,True,False,216.0,2.587591899848136,3.265998142362226,,True,
3501,True,30.0,0.5508150636595734,0.5997186602107831,2.3424947073354585,1.999377029126823,True,False,72.0,0.3974705874957215,1.011640372625118,,True,
3502,True,32.0,1.5892649983718792,0.3041553203293006,2.388321040470981,2.2764549138078705,True,False,216.0,5.364981978462683,2.6518157746682207,,True,
3503,True,38.0,0.6872584253080793,1.0717450993615785,2.9016836108823805,2.2717714744445576,True,False,864.0,0.34873773413908976,0.40501001738583214,,True,
3504,True,38.0,0.6555805248722038,0.8749588454375044,2.283863048681607,2.2295710542837606,True,False,864.0,0.45584271788419906,0.768321518911619,,True,
3505,True,38.0,1.4469626254326795,1.0020656141896325,2.946150469409449,2.266606908266186,True,False,864.0,1.371506372600098,3.5347231483450647,,True,
3506,True,38.0,1.3570416948896564,0.6648366556255496,2.6100000000009884,2.301993936764387,True,False,864.0,1.3652119984613356,3.53034908361753,,True,
3507,True,38.0,0.9649699900509965,1.4905230724798457,3.0600000000039906,2.4606145308438703,True,False,864.0,0.44569751319566075,0.6895962336311174,,True,
3508,True,38.0,0.7294759761605175,1.0589077700096823,2.6100000000062997,2.263675137315423,True,False,864.0,0.3658302171954366,0.742685680498927,,True,
3510,True,34.0,1.5634366705968992,1.0350149191690434,2.160000000008498,2.293052199689314,True,True,5000.0,3.7372102757322363,2.637618346633387,,True,
3511,True,32.0,0.7724733784318198,0.7705797978014743,2.160000000002907,2.062235020432928,True,False,72.0,1.9670920685485926,2.037283938081502,,True,
3512,True,32.0,0.4467718747749667,0.46686135715208366,2.4524983279366883,2.299048748895943,True,False,216.0,0.2882384075639919,0.7477680676985715,,True,
3513,True,33.0,0.5431158542738266,0.716858027055423,2.265913336097704,2.2762772930818427,True,False,432.0,0.49627929414778066,0.9057171120351591,,True,
3514,True,31.0,0.6226287044203591,0.45881188497514813,2.203969989059137,1.9469784570456858,True,True,5000.0,0.4931425627272008,0.9837625457408999,,True,
3515,True,22.0,1.2379895118373314,0.620341837820888,2.896099152092129,2.2028802990857224,True,False,8.0,3.5433674112924387,2.467177557891585,,True,
3516,True,34.0,0.5582815524050087,0.5809419765901112,2.3439371048052493,2.2689026647478734,True,False,216.0,0.49822345610141283,0.847494293859554,,True,
3517,True,29.0,1.4103928975474571,1.3058271042391425,2.9712391879443,2.499892361842805,True,False,12.0,3.326669992731168,2.655758234702278,,True,
3518,True,33.0,1.517685236502308,0.7086417157916003,2.1600000000039343,2.225077141808796,True,False,216.0,5.812027058549806,2.837242064456593,,True,
3519,True,28.0,0.4054980409411498,0.3182510100923537,2.5154999528949626,2.388373686507202,True,False,216.0,0.6777490835619535,0.9587154823191373,,True,
3520,True,30.0,1.0795813422778715,0.8870233497291338,2.1959908156361556,2.0191545064457053,True,False,72.0,3.228389177143975,1.5663135356142481,,True,
3521,True,33.0,1.029492398056234,0.775094738954067,2.388078203494056,2.148013797767603,True,True,5000.0,1.55391418450563,1.820799082210853,,True,
3524,True,30.0,2.218303323076933,2.2863620407078997,2.475000000006424,1.7323106683559968,True,False,48.0,3.1076237566214155,4.091699507647918,,True,
3526,True,31.0,1.9772188734226572,2.009043028614542,2.4750000000079266,1.6855884861970314,True,False,48.0,3.4369346046125338,3.8553238983578364,,True,
3530,True,34.0,1.3592758813559194,0.9020997965526476,2.1600000000014656,2.141676701698928,True,False,216.0,3.5594346110898907,2.7739185173156002,,True,
3531,True,24.0,0.45078098227171387,0.6409069156252372,2.654066156136237,2.0378408175566607,True,False,8.0,0.2906500463224911,0.40932861373017826,,True,
3532,True,36.0,1.8929179036613868,1.6404256383430038,2.160000000009276,2.017655248202725,True,False,2592.0,3.9670437874687483,2.688701027750206,,True,
3533,True,36.0,1.9824326922314182,1.8638043934442976,2.610000000003508,2.19402743797793,True,False,1296.0,2.8029845177115513,4.260021784762099,,True,
3534,True,36.0,1.217723190108443,0.8101821238487901,2.160000000002488,2.0254667563551862,True,False,1296.0,1.991700008649078,3.13238135795545,,True,
3535,True,32.0,0.41606493275908196,0.4079251707844378,2.627855895103809,2.294934386621979,True,False,72.0,0.5451642004491172,0.6697139909069534,,True,
3536,True,32.0,0.7814261641081625,1.0208144329153583,2.1600000000044544,2.1250478641432995,True,False,72.0,0.4204871148614937,1.1170496914087205,,True,
3537,True,39.0,0.42409985591549887,0.43608425025377073,2.160000000003152,2.3749818851940745,True,False,864.0,0.21158162464146377,0.8383678581322161,,True,
3538,True,39.0,0.9371900762027592,0.8470941481100454,2.1600000000021224,2.24842655083505,True,False,864.0,1.4309088598807107,1.809674009143771,,True,
3543,True,33.0,0.7372267597976067,1.0518519820579968,2.610000000003083,2.2851278362708727,True,False,72.0,0.6344909412452243,0.7027553673890579,,True,
3544,True,34.0,0.4447600604236848,0.5226875412008667,2.4013705766810536,2.2477738656279462,True,False,216.0,0.2998153323101541,0.6689488156529251,,True,
3545,True,29.0,0.5717349105565243,0.5797095561720198,2.6100000000078083,2.1364356367557624,True,False,72.0,0.30843643273907817,0.9199877449229413,,True,
3546,True,31.0,1.2037378505179113,0.6612648000846093,2.4741187201713997,2.263304144718513,True,True,5000.0,3.3846016437885558,2.830689366884861,,True,
3547,True,31.0,1.3180386601510239,0.9901944025878038,2.241343433036705,2.5651061869053295,True,False,2592.0,3.3311842033861856,2.1544516179798965,,True,
3548,True,33.0,0.9512094653055928,0.8523308555995754,2.5979745271537964,2.2648921702809606,True,False,216.0,3.011402679524135,1.0338142413337537,,True,
3549,True,33.0,0.44855530360522666,0.5351973332471971,2.4278866030519333,2.255688353784716,True,False,216.0,0.25660122314237216,0.7095287897178444,,True,
3550,True,33.0,1.3662656131262583,1.0026106076620636,2.2700874575527688,2.0240655924401265,True,False,216.0,2.8719725453301055,3.111659711299492,,True,
3551,True,33.0,1.1843763335575974,0.6654691921175981,2.1600000000008333,1.934182017236227,True,False,216.0,1.779563357684158,3.72785090519973,,True,
3552,True,31.0,0.424543122293411,0.6527668394555803,2.698527406241573,2.0954009099215356,True,False,2592.0,0.5683812626218777,0.6943692878246338,,True,
3554,True,33.0,1.2405925751612412,0.4652248943930317,2.332737057348329,2.1746293624891577,True,False,72.0,3.139279982306164,3.1305895793421237,,True,
3555,True,35.0,1.5293683495181971,0.7034604464388394,2.4480000000095377,2.076511163610733,True,False,432.0,2.179935670153058,4.069293104300375,,True,
3556,True,35.0,0.9867770642254068,0.4822984572092537,2.235547538501108,2.2338543853617674,True,False,432.0,3.4319273526294833,2.811329487735374,,True,
3557,True,39.0,1.0356634844945394,1.2082307365453744,2.16000000000051,2.1674674593405086,True,True,5000.0,1.192942013458567,1.0001048538442097,,True,
3558,True,36.0,0.7607481692042857,0.8586719854502007,2.16000000000323,2.064286851699637,True,True,5000.0,0.48903047101103037,0.9318814664588131,,True,
3559,True,30.0,0.6094162439070445,0.6062544527558202,2.6100000000063766,1.9522508633113729,True,False,72.0,0.39228197653970753,0.9577361338879208,,True,
3560,True,28.0,0.8072916516155704,0.7109789956193708,2.519666723658393,2.094793403106855,True,False,72.0,1.8816196796355082,1.94431826988634,,True,
3561,True,28.0,1.0674319345945604,0.9190870882703166,2.5797938527448014,2.0256060440273176,True,False,72.0,1.516988761363164,2.677217308034978,,True,
3562,True,37.0,1.2147768058397879,0.9614325701586495,2.6100000000056474,2.2694190049878404,True,True,5000.0,3.3207460582432797,2.926531665426402,,True,
3565,True,32.0,0.9747137391447687,0.4369651214838086,2.317007533958711,1.9588284217102834,True,False,48.0,1.2317309958045746,2.6552053049881805,,True,
3567,True,26.0,1.4631143260664161,1.0045589987566927,2.448000000003584,1.8199777948645417,True,False,36.0,2.615509394860075,3.499379134279603,,True,
3568,True,34.0,1.2271556352341095,0.5833676531146921,2.515078165914427,2.023627412371161,True,False,72.0,2.9854130823077534,2.7272754185662618,,True,
3569,True,31.0,1.2187679271328091,1.0224533954788058,2.610000000005857,2.3516169415531945,True,False,72.0,3.2775638332672004,2.7778605483325536,,True,
3571,True,33.0,0.978980571353161,0.9737342400185298,2.5299337343331265,2.12452299380355,True,False,72.0,2.76207669587231,1.7608625285705006,,True,
3572,True,27.0,1.0181477905640577,0.9737401149468496,2.6463607097592985,1.933872306901363,True,False,36.0,1.7906235680548923,1.62636649152182,,True,
3573,True,34.0,1.4665890141800046,0.7099512959393905,2.1600000000026185,2.3320782037058705,True,False,72.0,2.351061721801938,3.946674469920466,,True,
3574,True,31.0,1.1323247290188831,0.6154238587150758,2.610000000001677,2.2738907901216363,True,False,72.0,3.1756291854094183,2.92802834915234,,True,
3575,True,28.0,1.0639663624990483,0.5506893189995026,2.6453882508203987,2.1672107185043177,True,False,72.0,2.1300150812817256,1.885270904474652,,True,
3576,True,25.0,0.3349461892796132,0.3289859009964857,2.4481033113732305,2.1926967983056844,True,False,36.0,0.44635101863991483,0.6907745637008891,,True,
3578,True,34.0,1.1752918374508547,1.2137117225538532,2.3339998125312507,2.182590548247655,True,False,72.0,1.9561529949628387,2.742898792390971,,True,
3579,True,31.0,1.379954078631779,0.26857464312342927,2.5489400068012307,2.206259695684078,True,False,72.0,3.9606517718390917,2.891878970475404,,True,
3580,True,30.0,0.6469474054495122,0.6648643523367355,2.475000000005143,2.296916128899791,True,False,72.0,0.9226377427730327,0.8175815407759643,,True,
3581,True,27.0,1.3284523213880373,1.425337329852482,2.368718453530152,1.960208219577706,True,False,36.0,2.8834802872659306,1.5186901593418631,,True,
3582,True,32.0,1.131151132138001,0.5346150971672614,2.160000000002072,2.4283032022587294,True,True,5000.0,3.7357695291844326,1.6866263514820603,,True,
3583,True,37.0,1.1398175748759698,0.7704339080046338,2.160000000006611,2.1466716440573768,True,True,5000.0,1.5290293575415823,2.052704840187712,,True,
3584,True,27.0,0.6110821700060564,0.191846872370661,2.1600000000068156,1.8698471956285625,True,False,36.0,1.2699296604575256,2.025431466237905,,True,
3585,True,30.0,1.134145211928459,0.5323424633352261,2.1600000000084436,2.269639644987724,True,False,72.0,3.2885643602331833,2.769796788155804,,True,
3586,True,33.0,0.7592209293788617,0.4449671621841844,2.6100000000022927,2.4121376478758423,True,False,72.0,1.577569094210406,1.2638033866743077,,True,
3587,True,30.0,0.45240152564856956,0.4341117526309972,2.401386095611955,2.0051629671924425,True,False,72.0,0.38491723715270126,0.8977984285475827,,True,
3588,True,38.0,1.3084850181836634,0.6874116867984412,2.1600000000052004,2.1700449078532915,True,True,5000.0,3.3126502168342196,3.031291491546263,,True,
3589,True,32.0,0.487890276001012,0.4215185707544151,2.5474514290361077,2.09468590721855,True,False,72.0,0.3609631663328111,0.9042421598110008,,True,
3592,True,31.0,1.6312563935621516,0.9582985958804784,2.1600000000066037,2.18824612914087,True,False,72.0,3.848624160490431,2.5635492903164048,,True,
3593,True,31.0,0.9740234844897536,0.6116065028509183,2.5081143668393557,2.0239714765529677,True,False,72.0,2.0341518229298945,2.431579777176694,,True,
3594,True,31.0,1.405319655989861,0.5949285900278483,2.3937812084771823,2.245749195123979,True,False,216.0,3.3739595112989638,3.114017844319164,,True,
3595,True,34.0,1.2167621247947036,1.3640033815681818,2.8980000000029396,2.1922422223376685,True,False,864.0,1.245779148213025,3.183995670434703,,True,
3596,True,34.0,1.062475487640241,1.227872696264967,2.4480000000061373,2.2185112748417573,True,False,864.0,1.1327317912479713,3.1430736061972975,,True,
3597,True,34.0,1.9235547056606574,1.3434385980581283,2.4750000000034142,2.2233868582862497,True,False,864.0,2.500895040997914,4.1486500544833635,,True,
3598,True,34.0,1.0993347194474288,1.3473272476730926,2.448000000002052,2.1497105342580425,True,False,864.0,1.1900567750754711,3.0775170416202324,,True,
3599,True,34.0,1.4547980467496686,0.7378575045222533,2.44800000000427,2.118700555812454,True,False,864.0,1.371372108805143,3.542177800129037,,True,
3601,True,30.0,0.9946457557882777,0.43841182196047157,2.5278177926343726,2.2752422068869946,True,False,432.0,2.464231314615942,1.5424658218557923,,True,
3602,True,27.0,0.40001456345901093,0.5640424760968017,2.7832001189857896,2.256591400276089,True,False,36.0,0.3696845850194682,0.36804586765616043,,True,
3603,True,24.0,1.3400622941527702,1.407848664184712,2.925000000003434,2.043894862340037,True,False,6.0,3.1795083810098625,1.0743867393937687,,True,
3604,True,33.0,1.628608405803974,0.5664422411791747,2.1600000000086386,2.2217883386362436,True,False,72.0,3.122115393147766,3.1327586708637,,True,
3605,True,28.0,0.9849204290664174,0.6891054172738222,2.949185463276352,2.047430685542248,True,False,36.0,3.2582987257768745,1.7756476725755612,,True,
3606,True,31.0,1.8533234479945528,0.4662355090258643,2.324274893345048,2.198359570907362,True,False,216.0,6.0342441394597115,3.2874090332941677,,True,
3608,True,34.0,1.4742131942951806,0.8624097098072525,2.6100000000008308,2.1662724093936108,True,False,864.0,2.4694145624015236,4.199888896693583,,True,
3610,True,34.0,0.824322600250359,0.9782812991506944,2.8180049872545294,2.220733502111408,True,False,864.0,0.35227648196918826,0.3069946159568421,,True,
3611,True,34.0,1.027659812224764,1.3038074105534179,2.369664622310339,2.188072318480356,True,False,864.0,2.4594100087985575,1.46701677941647,,True,
3612,True,34.0,1.4327566782448182,0.7132276023658051,2.8166404732661063,2.109699898705975,True,False,864.0,1.386075584639511,3.5494299700908383,,True,
3613,True,34.0,1.574649402203627,0.9424358119867975,2.538841712767325,2.216966558453239,True,False,864.0,2.33146229547736,4.10663095243501,,True,
3614,True,38.0,1.6003531238479456,1.3281152988165559,2.1600000000102177,2.3097081470610092,True,False,864.0,1.5402222013446762,2.399488519768755,,True,
3616,True,31.0,1.3297118853792342,0.9550697800732451,2.1600000000014097,1.9610317018345216,True,False,72.0,3.476337924309339,2.529854052146934,,True,
3617,True,32.0,1.0412288854424825,0.5976222905774193,2.5199299923159724,2.165096156894654,True,False,72.0,3.1304055539994953,1.7746351367511821,,True,
3618,True,33.0,1.5501918351293524,0.9883541769850126,2.7601622243825488,2.1899478244926294,True,False,864.0,1.4488624778481245,3.638375523421245,,True,
3619,True,33.0,1.4009912816741343,0.38718054681885405,2.6100000000028363,2.2451035167671,True,False,864.0,1.3660636399024895,3.50746825491795,,True,
3620,True,33.0,0.422919207881654,0.5836390362856037,2.2442699534718216,2.0189083373694805,True,False,864.0,0.4829076674916256,0.6902272127582327,,True,
3621,True,33.0,0.3938566242256102,0.15824707331557875,2.4964004618518154,2.140362706482245,True,False,864.0,0.4071981920926026,0.8628855283731818,,True,
3622,True,33.0,0.7597145014434686,1.1475982343108626,2.381640735048698,2.236365861727459,True,False,864.0,0.5474660930117016,1.0573700740790055,,True,
3623,True,33.0,1.5076275142415732,0.8742716354063305,2.475000000003604,2.058183195296279,True,False,864.0,1.9535782112859834,4.0315906036381035,,True,
3624,True,30.0,1.524526658570048,0.36655976081237895,3.0023645918802795,2.210968537948924,True,False,216.0,3.910965794600687,2.5961752819777013,,True,
3625,True,33.0,1.8082158614432668,1.8301240440378024,2.8493750677581726,2.0534983386893697,True,False,864.0,1.4160441745292622,3.575124584993365,,True,
3626,True,33.0,0.8707988882913182,1.4296886672345863,2.4750000000038272,2.158678398974706,True,False,864.0,0.5538173131896376,0.9169127433403522,,True,
3627,True,33.0,0.45836381296920076,0.5012036997541145,2.6247405645896316,2.049691379622796,True,False,864.0,0.5491545878081303,0.451570800119108,,True,
3628,True,33.0,0.40031045411888594,0.5005487348498718,2.7825044169690867,2.044362879970188,True,False,864.0,0.5710918850987459,0.7052807280670986,,True,
3629,True,33.0,1.7885627018160286,1.7438906306415447,2.9250000000091023,2.0772337398328578,True,False,864.0,1.4406037222277546,3.595811171495044,,True,
3630,True,33.0,1.1116985713620557,1.3127154903922928,2.6394198721893187,2.1281825223885287,True,False,864.0,0.5798417232132923,0.38403780148954336,,True,
3633,True,36.0,0.6632661239286918,0.8623488980192633,2.16000000000367,2.1406232924314352,True,False,864.0,0.4794822537374839,1.0816878875013272,,True,
3634,True,36.0,0.6014443349439133,0.6818095903872745,2.610000000001197,2.1256103275294835,True,False,864.0,0.6008763987173757,1.1274644032355696,,True,
3635,True,36.0,0.463914487172709,0.6945660739584127,2.4212192685929312,2.2019091669049384,True,False,864.0,0.2530416914259838,0.47573968627238045,,True,
3636,True,36.0,0.4225142116480109,0.5839173860185838,2.237307834185929,2.2006366960722983,True,False,864.0,0.2515044410060276,0.597663962825531,,True,
3637,True,36.0,1.3973600477817982,0.5464183430049161,2.218605027368993,2.075421756679832,True,False,864.0,1.4037407830844988,3.53024864206798,,True,
3638,True,36.0,1.3898148422031205,0.48924651357447146,2.400603715038311,2.123038380741149,True,False,864.0,1.4203614245055924,3.5775742034408666,,True,
3639,True,32.0,1.1849182623802736,0.8410984098045446,2.4480000000078133,2.116588346868611,True,False,72.0,1.361914091320513,3.197266788958707,,True,
3640,True,24.0,1.0027584692179639,1.2692383910361968,2.898000000004879,2.2043024518881253,True,False,8.0,0.5278652128387288,0.27051327055731705,,True,
3641,True,36.0,1.5939772164953059,0.6072286330672796,2.4480000000047877,2.2560966619362746,True,False,864.0,1.7023392001146482,3.6093654016566483,,True,
3642,True,36.0,0.8080557572357947,0.560087611182098,2.7001335402821267,2.1831752553104846,True,False,864.0,1.7706663512652951,2.0762196854467736,,True,
3643,True,36.0,0.6557347813415989,0.9374085491035657,2.4480000000049236,2.091556612238837,True,False,864.0,0.4683713138757655,0.9374150231747649,,True,
3644,True,36.0,1.781695534537764,1.6139523301862937,2.4480000000088684,2.1809727913479344,True,False,864.0,1.691839125442613,3.602969882336476,,True,
3645,True,36.0,1.6518268523867896,0.915552464510256,2.4480000000092366,2.3382925354411928,True,False,864.0,1.5974376777683374,3.5897662059926154,,True,
3646,True,36.0,0.5184672228147792,0.6235246321557497,2.6264073549792997,2.246614730010466,True,False,864.0,0.9112556201375953,0.71990942218513,,True,
3648,True,36.0,1.2179139737222822,1.4717607626771496,2.680151343542499,2.267147662173772,True,False,864.0,0.837979025394225,0.6897107824267775,,True,
3649,True,36.0,1.6687824207279622,0.9150016397979925,2.160000000003789,2.144310628640356,True,False,864.0,2.2688136767975697,3.5228042052900945,,True,
3650,True,36.0,0.4637231220280991,0.5314005783984612,2.845546193974991,2.1464313139953957,True,False,864.0,0.522294739716503,0.3957108986569657,,True,
3651,True,36.0,0.9038878015001984,0.42550721958468785,2.1600000000052852,2.170852019484516,True,False,864.0,2.2064182180881002,1.973043474368092,,True,
3652,True,36.0,1.2381088792979973,1.52586827635605,2.4480000000038222,2.2536813695595925,True,False,864.0,2.163968174558404,1.9590172677311517,,True,
3653,True,36.0,0.5970502387272268,0.7210172175691696,2.2902112418999354,2.141361338424695,True,False,864.0,0.4390662093181357,1.0145807504484003,,True,
3654,True,32.0,1.2097550953020226,0.7356705228812643,2.1600000000065798,2.367153788181072,True,False,72.0,3.4110131207643017,2.716327420883806,,True,
3655,True,29.0,0.435364534465575,0.6765097157185664,2.74834113548396,1.9950416414952348,True,False,216.0,0.2753754756226995,0.9664310599345969,,True,
3658,True,32.0,1.604937993550747,1.2825920908944681,2.6100000000050825,2.1864016242447315,True,False,72.0,3.6252687457842567,2.8037420025092956,,True,
3659,True,36.0,1.2934039612223398,1.2953665659479157,2.4750000000019763,2.2687224798771664,True,False,72.0,1.0565074964411323,3.16479662096508,,True,
3660,True,36.0,2.2436314967189346,2.143458822836692,2.589159755317932,2.244444242078649,True,False,72.0,2.497893354897913,3.7527801497407185,,True,
3663,True,39.0,1.364759167297042,1.08912468775452,2.4043013317806223,2.2665637510778294,True,False,864.0,3.6700880255208035,2.9389873505599784,,True,
3665,True,39.0,0.7911063366492556,0.24323466187343,2.426020603381268,2.075526730398816,True,False,864.0,0.9691803627956649,2.6272513328882416,,True,
3666,True,39.0,1.3552058297296483,0.4121222935791593,2.3631144012240135,2.237316079815277,True,False,864.0,1.4131985950318182,3.603594485992762,,True,
3667,True,39.0,0.8291803838680522,0.5811695535012404,2.1600000000075275,2.103770831578383,True,False,864.0,0.9004408355321876,2.7344746068541435,,True,
3668,True,39.0,0.8626744091680757,1.1211699426276027,2.1600000000050454,2.151488414330879,True,False,864.0,0.7181259840525974,1.2712976585294313,,True,
3669,True,35.0,0.6665932987834278,0.4837477510009194,2.5211610105657902,2.1994495028756624,True,True,5000.0,0.6239389331827988,1.0838346310129585,,True,
3671,True,36.0,0.9956446674358291,0.577224960521562,2.190265391899175,2.0950934275349153,True,False,216.0,1.032064057029369,3.0580693193821857,,True,
3672,True,36.0,0.46130696084756717,0.5410412987948803,2.1600000000016593,1.9441650096892498,True,False,216.0,0.43438726344675,0.5079049566862436,,True,
3673,True,36.0,1.2063107287471098,0.9647304146928946,2.160000000005765,2.196941572391036,True,False,216.0,1.6173450893109749,3.3200603728357705,,True,
3674,True,36.0,1.3875563987819872,0.7281065463394043,2.1600000000062027,2.0647317896036763,True,False,216.0,2.9976685221319825,3.2888273739252365,,True,
3675,True,28.0,1.8739329497820474,2.0097415408235975,2.4750000000014625,2.564907257933511,True,False,36.0,4.964671142615997,1.740600490150745,,True,
3676,True,33.0,0.9578225622052448,0.48628300409109215,2.297358955554169,2.1782377294271624,True,False,432.0,3.0626862537169224,1.8015867712253797,,True,
3677,True,23.0,1.0902026682939938,0.5453009569828282,2.588955278596991,2.2606390391435784,True,False,8.0,1.083396143100988,3.0069110491425484,,True,
3678,True,29.0,0.931628469868531,0.3872002514290216,2.297892483948489,2.1325612816751596,True,False,36.0,1.1764990211423365,3.254404865551425,,True,
3679,True,22.0,0.5873369947340771,0.38969030748558,2.912189984408358,2.264862455735447,True,False,8.0,1.5777169534878457,0.3669225652155648,,True,
3680,True,31.0,1.4150861026305266,1.4324349804774101,2.6100000000069454,2.22469003811767,True,False,72.0,3.313632477497626,1.628806022018364,,True,
3681,True,31.0,2.6280797341588085,3.159723018830846,2.7838160547125295,2.354819559456733,True,False,72.0,4.0292946369184355,2.0397412987384027,,True,
3682,True,32.0,2.7215423615217293,1.9447867872731877,2.791055112347499,2.191666587508237,True,False,1296.0,3.828375033087497,5.254213186749549,,True,
3683,True,31.0,1.5259770124162588,2.1991109430455253,2.4750000000077663,2.311986627816,True,False,72.0,2.071088412991448,0.7844864054322294,,True,
3684,True,29.0,1.0680214970710178,0.5890933093760395,2.6016545577720063,2.5229196815198063,True,False,216.0,1.981302923133572,2.0107995213368173,,True,
3686,True,33.0,1.1740215785024397,0.8705193886598863,2.160000000001871,2.2127826704400952,True,False,72.0,1.48613347213848,2.4782141321733713,,True,
3688,True,29.0,1.8981275063375183,1.7730498087294109,2.7630000000062527,2.2993414041851206,True,False,36.0,2.985747227224408,3.5262389532488565,,True,
3689,True,32.0,1.524400463325384,1.594505398068577,2.475000000000752,2.5226102757659574,True,False,72.0,5.004456142100588,1.8440519372252775,,True,
3690,True,24.0,1.2950758071745156,1.369017218989029,2.8980000000038872,2.2795379424128916,True,False,6.0,3.136044616054042,0.9169666772225525,,True,
3691,True,36.0,1.1163882974666233,0.7206171111865842,2.2048251369375955,2.3355676535480616,True,True,5000.0,3.194010216836314,2.6660941291912503,,True,
3692,True,22.0,0.3793275246443491,0.39799082600075053,2.7356480496806697,2.3885819108835267,True,False,8.0,0.42088303301119256,0.6112292374740281,,True,
3694,True,27.0,1.3004434392270627,1.155244954796217,2.5531756722211205,2.0174685328401036,True,False,72.0,3.3614118517945704,1.969897179336486,,True,
3695,True,36.0,1.1279529461402387,0.741044948958006,2.1600000000039703,2.0831597633883003,True,False,432.0,2.998578707704481,3.3210536002600937,,True,
3696,True,36.0,0.6075540813014348,0.720647071928397,2.32106149725061,1.90144313764572,True,False,432.0,0.44106132050863267,1.058008490949877,,True,
3697,True,36.0,1.1469384458465075,1.4339078452831018,2.1600000000037647,2.1480648418984005,True,False,432.0,0.42128453972598656,0.9864045946588259,,True,
3698,True,36.0,0.8418996473599912,1.1294308411852398,2.16000000000366,2.138641426069363,True,False,432.0,0.4604189021720559,0.7634171777528236,,True,
3699,True,25.0,1.4596147432745863,1.1230712626347668,2.6100000000028856,2.308528864385282,True,False,6.0,3.6396124784998456,2.4779738494597243,,True,
3700,True,34.0,0.6159928269722964,0.5691566029454407,2.6100000000017083,1.9610492704417195,True,True,5000.0,0.5593703146698252,0.9412308404345744,,True,
3701,True,35.0,0.6503752497544554,0.8970694903073309,2.160000000001169,1.7530962933906398,True,False,432.0,0.4459856801527206,0.8469138922325892,,True,
3710,True,35.0,1.487839821064784,1.314412569263368,2.1600000000065775,1.6150091842153715,True,False,216.0,1.9475536537732365,3.056500394271112,,True,
3713,True,25.0,1.2195461345735679,0.8441944574660738,2.925000000008966,2.02179017239673,True,False,72.0,3.3944077983512435,2.7587415908193673,,True,
3714,True,37.0,0.6229943762042316,0.7254938588703226,2.520222686727105,2.2690092285621053,True,False,216.0,0.3944883715750911,1.0373112486194216,,True,
3715,True,35.0,0.3764197621915211,0.2598763041496568,2.3322575462861646,2.23823468599698,True,False,216.0,0.46399462270823194,0.834928250163001,,True,
3716,True,34.0,0.6131206908722203,0.641450613624329,2.1600000000045765,2.056606302650072,True,False,72.0,0.3536128946487178,0.7678849614059393,,True,
3717,True,35.0,1.2385355793893043,1.478043442919443,2.475000000009227,2.193733327138921,True,True,5000.0,1.4191827810578201,0.9418615304878863,,True,
3718,True,25.0,0.7040030174539014,0.8040747297636699,2.8084333409846973,2.1490686734025046,True,False,36.0,1.5531227666843295,0.9755996440593735,,True,
3719,True,38.0,1.2956683323509333,0.3256924367378815,2.1600000000053186,2.1973852280835966,True,False,1296.0,3.029431492191813,3.440612092374831,,True,
3720,True,25.0,0.8649559851784767,0.5229696500318823,2.2868643645794635,2.3296031267578607,True,False,36.0,1.6403773891859874,1.7399251078867581,,True,
3721,True,23.0,1.5433742469908607,2.122862544380041,2.736000000007128,2.201386500390152,True,False,8.0,2.4075807008484524,0.6933987889409029,,True,
3722,True,36.0,1.4759658376768423,1.3509615223520086,2.1600000000008635,2.10901711448722,True,False,2592.0,3.349143225336843,2.2944294422115665,,True,
3724,True,34.0,0.27476537170780496,0.17644663761529955,2.4800110027329647,2.4084781625748652,True,False,864.0,0.5963945608500265,0.6152583152165342,,True,
3726,True,34.0,0.7812010441538302,0.5853697070851922,2.5312865172355594,2.48617508224984,True,False,864.0,2.255076011575443,0.8644855376619223,,True,
3727,True,34.0,0.6823168828350138,0.6162767040150356,2.448000000010278,2.2895577286672637,True,False,864.0,2.09310692938375,0.8310298803134746,,True,
3728,True,34.0,1.609826454799288,1.0124736953439424,2.448000000002663,2.4046973953077755,True,False,864.0,2.533206565616116,4.294952038884047,,True,
3730,True,35.0,1.310799643346752,1.7151880626115599,2.4750000000052896,2.0330067118925115,True,True,5000.0,1.08016578473134,0.9640784290462526,,True,
3731,True,33.0,0.4366083721766325,0.3693839575207676,2.6100000000034824,2.0725788097199103,True,False,72.0,0.9807679056060707,0.6649224767230547,,True,
3732,True,26.0,1.3886081850536778,0.45511778124273405,2.610000000000849,1.9337606383934907,True,False,36.0,2.8325694117848497,3.836871148408069,,True,
3733,True,37.0,2.1105145653502246,2.4212653216272884,2.448000000007788,2.106897255539529,True,False,1296.0,3.5474797314440987,4.272019195673683,,True,
3734,True,29.0,0.7707128265764408,0.5336824033474841,2.7840297297480587,2.5016089644466817,True,False,72.0,2.0733013854201245,2.0448903438023858,,True,
3735,True,29.0,0.5200891394011545,0.45643123403715435,2.6100000000034957,2.3873054331191055,True,False,72.0,0.5782668021287277,0.814304017712809,,True,
3736,True,36.0,0.5250183914738319,0.4800753155577695,2.4806752705993285,2.3080925455665766,True,False,72.0,0.30336675166853433,0.6994511810459724,,True,
3737,True,33.0,0.7305160595235566,0.8489158064985531,2.4480000000080597,2.2148156933252934,True,False,72.0,0.4677253437913388,0.6341967209321856,,True,
3738,True,23.0,1.5247017855124922,2.0948993011043058,2.736000000004714,2.202020642251112,True,False,8.0,2.38852470453571,0.6759113587726091,,True,
3739,True,37.0,1.5508761448643886,1.262064200167515,2.1600000000018404,2.1340727160057127,True,False,72.0,2.3311976326008526,3.664217185452252,,True,
3740,True,30.0,0.9637154885180819,0.5834709891460079,2.448000000000546,2.2007363975496927,True,False,144.0,2.384741813004909,2.384177450016761,,True,
3741,True,36.0,0.700189691408131,1.0041127175391011,2.849769025869944,2.2055741550444408,True,False,72.0,0.6144495246669278,0.8668604016367133,,True,
3742,True,38.0,1.4590583610189527,1.112563763606886,2.1600000000050454,2.2553711717586533,True,True,5000.0,2.860721038568905,3.8638152536206074,,True,
3743,True,29.0,0.981640329029919,0.8036121765435382,2.5947918719986873,2.015205250241275,True,False,72.0,2.1391149187812757,2.039694109133731,,True,
3744,True,29.0,0.8993081672501121,0.43957551536732353,2.6361249990779845,2.095123201580279,True,False,72.0,2.2033178869452215,2.0788353259671313,,True,
3745,True,34.0,1.3044908565387727,1.3941858891776064,2.8723608836519876,2.29735809724997,True,False,72.0,3.171107334153172,2.248266681534832,,True,
3746,True,37.0,1.5574677705954774,0.4375791961356299,2.205695745101848,2.2316312460619474,True,False,1296.0,2.9415276579635385,4.128278301747756,,True,
3747,True,37.0,1.672807433157465,1.1063623131412896,2.610000000002817,2.272335357864239,True,False,1296.0,2.9377030641327435,4.4714555607751185,,True,
3748,True,25.0,0.29244426447447597,0.38547802623725147,2.7529050548362743,2.183943620059822,True,False,6.0,0.3970281030534785,0.08029618781322335,,True,
3749,True,36.0,0.4234464671933781,0.32413249561432167,2.548228900507992,2.0114072789218995,True,False,864.0,0.7150912861273494,0.8643001237686512,,True,
3750,True,36.0,1.4246023961894687,0.6085367844170833,2.1600000000014288,2.1581400298636786,True,False,864.0,1.429015951075451,3.6191646207108574,,True,
3751,True,36.0,0.4623399084635088,0.7240363828241243,2.6832115224952497,2.041029452751723,True,False,864.0,0.3472640927258891,0.33504915266121865,,True,
3752,True,36.0,1.3106163561295614,0.21217954823441687,2.3705665208757676,2.0193342042861553,True,False,864.0,1.339926859975896,3.440226699875425,,True,
3753,True,36.0,0.6415849104018015,0.8796398537888308,2.160000000000776,2.042383801296906,True,False,864.0,0.428257353508718,0.9586018461893104,,True,
3754,True,36.0,0.648648541595033,0.7804112275043735,2.6100000000077803,2.0640922756747093,True,False,864.0,0.6045990825250388,1.028524438218595,,True,
3755,True,37.0,1.4534343362419408,1.337490798858198,2.4480000000078292,2.237198941556159,True,False,1296.0,4.086189122240346,2.379313806985983,,True,
3759,True,35.0,1.205864790397358,1.0307907704882382,2.4665434230074346,1.845539089940931,True,False,48.0,1.3090900261978438,3.4021181837853507,,True,
3765,True,31.0,0.46510488283096574,0.5466365969259641,2.610000000007849,2.28045788783744,True,False,72.0,0.39048152780713147,0.8138920206550113,,True,
3766,True,23.0,0.7213419053758724,0.88896484264842,2.7630000000034007,1.4882615222466782,False,False,12.0,0.6814692502687999,0.6768316206269981,smiles_inter_edges,True,
3768,True,41.0,1.8653199176791109,1.8851863804920868,2.1600000000001693,2.180885337105094,True,True,5000.0,2.569030357717731,4.258386974919127,,True,
3769,True,31.0,0.5024176072162456,0.590232706777897,2.610000000009821,2.006363843523901,True,False,72.0,0.3763024883905285,0.8919343064802966,,True,
3770,True,36.0,0.4684355310324014,0.6018984772563272,2.3799015486655106,2.265958680007206,True,False,72.0,0.33156561590676187,0.8147197844007865,,True,
3771,True,32.0,1.078829287653585,0.878848421973089,2.16000000000833,2.2029733267790603,True,False,216.0,2.6690813640033246,2.1350902184274223,,True,
3772,True,36.0,1.5018619921708132,1.6594123959876015,2.2964993713112434,2.1439232265172183,True,False,432.0,1.7880314850560657,2.9449113217564022,,True,
3773,True,33.0,1.573455667305997,1.3132365141100308,2.1686036959687054,2.318535943629082,True,False,216.0,2.5843509089775645,3.371649543495533,,True,
3774,True,35.0,2.2130687013709625,1.837370401553926,2.5246730622353866,2.173493367001611,True,False,864.0,3.6973300598246395,4.358604938579516,,True,
3775,True,35.0,1.6714314721724053,1.2711134183118702,2.5971623298065967,2.047556394754489,True,False,864.0,1.5076709154399837,3.6069811970293286,,True,
3776,True,35.0,1.5530255934457804,2.317324717168958,2.16000000000703,2.0400864016016578,True,False,864.0,1.5996337590445457,1.9732099478948206,,True,
3777,True,35.0,1.8650455710712925,1.878303173056338,2.475000000007927,1.9940842398705225,True,False,864.0,2.4262488365947266,4.157697514214717,,True,
3778,True,35.0,3.1662144784417126,3.3307542968541384,2.475000000008138,1.9620078976650426,True,False,864.0,3.0919072978159488,4.4543905671240545,,True,
3779,True,35.0,1.3290823607310123,1.4551123186611221,2.416750978813467,1.9655375584557016,True,False,864.0,3.177662330635129,2.3002796465762345,,True,
3780,True,31.0,0.9590798407397453,0.44458877928263973,2.1960300579936973,2.032721482028465,True,False,72.0,3.1017229546755716,1.6639531497009143,,True,
3781,True,32.0,1.1024335335585815,0.5928196861423203,2.697042472271591,2.14819612926753,True,False,24.0,1.5753747842752004,3.235801332009873,,True,
3782,True,32.0,2.0376720008451064,2.1929517816934094,2.9250000000057295,2.158546257299111,True,False,24.0,3.7686224435519238,1.7542750095338822,,True,
3783,True,32.0,2.1983654539135773,2.6002593751509266,2.7791095998105093,2.1345214063344504,True,False,24.0,2.406670727144546,2.370584879957414,,True,
3784,True,32.0,1.3505522387447313,1.3991645898458955,2.2941391360536483,1.8464788135800527,True,False,24.0,2.456393122008629,2.4464992050397414,,True,
3785,True,30.0,1.3323174246592147,1.8061009346347419,2.58622983730754,2.1813848139427394,True,False,24.0,1.9254236857851275,2.103310474047589,,True,
3786,True,30.0,0.4696069701962087,0.5307732037399546,2.514886189934186,2.4908501576770936,True,False,432.0,1.4725598498226307,0.5714052178952076,,True,
3787,True,37.0,1.0438102839496501,0.6917017658488476,2.3065094873185896,2.2874814243835946,True,False,72.0,3.467209442664113,3.2194633052639867,,True,
3789,True,25.0,1.2076862047352015,1.543093133430375,2.736000000002142,2.4911554995423306,True,False,72.0,1.6348997384247517,1.2319926427736874,,True,
3790,True,34.0,0.7875482542133845,0.8451208932783629,2.61000000000305,2.124643007495612,True,True,5000.0,0.4422937738288499,1.0372049670734365,,True,
3791,True,31.0,0.42156167532188726,0.3380657622219587,2.610000000000056,2.2326012800766732,True,False,72.0,0.4714581943166101,0.8239221996936955,,True,
3792,True,36.0,0.31721535355899566,0.6075352488041972,2.602708655996151,2.1928295098798722,True,False,864.0,0.32035956994958087,0.4867995443539141,,True,
3795,True,32.0,0.42668400658450545,0.6032413314314908,2.5211631591160506,2.2089515938788695,True,False,2592.0,0.49885280154590234,0.5501864077078273,,True,
3796,True,32.0,1.040342454869346,0.8255651348736137,2.160000000003105,1.969140110657441,True,False,72.0,3.2544994682624777,1.652700077234404,,True,
3797,True,32.0,0.7460052020945473,0.6638363893252972,2.454916620518205,2.0248840935964707,True,False,72.0,1.9657170391186345,2.018386871166775,,True,
3798,True,31.0,0.4217143365405275,0.5503375699991011,2.6100000000009556,2.3121225855261223,True,False,2592.0,0.2745432572176239,0.7012344131276345,,True,
3799,True,42.0,1.354491902465399,0.5516290462182951,2.2213845508916346,2.217253114215876,True,True,5000.0,2.487508115663321,4.434117016361101,,True,
3800,True,33.0,1.015584714168878,0.2758347238122951,2.5000561515954614,2.5400138676983635,True,False,72.0,3.000911810214274,2.108356919394635,,True,
3801,True,29.0,1.0555875287924672,1.3116641231317772,2.8772837143081396,2.3934659095963746,True,False,12.0,1.1970428089795218,1.6572236843550607,,True,
3802,True,33.0,0.7148309396949816,0.6208728352830803,2.3291911773044416,2.0523096421836544,True,False,72.0,1.9601025283492162,2.0222589888252074,,True,
3803,True,33.0,1.099756810090058,1.0462979980220553,2.1600000000091977,2.018161151196802,True,False,72.0,0.9727045690232817,2.884382593257872,,True,
3806,True,35.0,1.4797647122980713,1.073864802630851,2.1600000000003603,2.1568739159719095,True,False,432.0,3.2436241961062797,2.8143470088561156,,True,
3807,True,37.0,1.938463178447368,1.35905637738324,2.5989627127882367,2.3288274920440113,True,False,24.0,2.2693959760287674,3.8356458096067514,,True,
3808,True,32.0,1.4078717588727858,0.9759518102800939,2.2731003555798615,2.4845901926474716,True,False,72.0,3.2768511867796795,2.1303184855751516,,True,
3810,True,32.0,1.3998365251979101,1.1171433895979135,2.5715664192091943,2.2170939086335517,True,False,24.0,2.918456571533347,3.1736091227439096,,True,
3812,True,32.0,0.867888148236659,0.7499910338847258,2.4098631793004057,2.2278084407102874,True,False,24.0,0.9309954041505123,2.3538812329616277,,True,
3813,True,34.0,1.5644969675906752,1.4045757838175632,2.1600000000030164,2.111787386504617,True,False,72.0,2.180157628266522,2.5753277981275913,,True,
3814,True,30.0,1.0550605550829808,0.3886924884063774,2.4686689333794054,2.1667654027605296,True,False,72.0,1.9480358481220608,3.273968528284952,,True,
3815,True,30.0,0.6546615462884215,0.3663446986938652,2.41967468353078,2.1516886007273452,True,False,72.0,2.0228289951913143,2.0776218611226764,,True,
3818,True,35.0,1.181267102053675,0.8976796287824982,2.230055221301794,1.9776925739608773,True,False,432.0,2.0150595196075463,2.559706622952733,,True,
3820,True,29.0,1.403780633932621,1.9285195170596126,2.7630000000068025,2.0489584036773416,True,False,864.0,2.431014968707525,1.3880097019244506,,True,
3821,True,35.0,1.799687566539859,1.9121508895768784,2.4750000000062164,2.213994799203467,True,False,72.0,4.599812254015217,2.498961215640948,,True,
3823,True,35.0,1.0104012147270294,0.5839249936761917,2.5941834835302586,1.899146956530747,True,True,5000.0,3.1978637331952267,1.665650253893052,,True,
3824,True,39.0,1.7007585785690988,1.4431075425563904,2.160000000000186,1.9287043839323847,True,False,864.0,2.3881649838081773,4.051031903510655,,True,
3825,True,39.0,1.198188787071094,1.393631224102137,2.475000000001423,1.9868637989051992,True,False,864.0,1.6558958289455388,2.1706199747045685,,True,
3826,True,39.0,0.957826423834445,0.2580973779258784,2.380214589784698,1.9438420094493276,True,False,864.0,1.1371287067734355,2.9785096888776574,,True,
3827,True,39.0,1.9166461331922833,1.4317276466972544,2.5299707177661586,1.9217911121399225,True,False,864.0,1.925929112294067,3.599525829811119,,True,
3828,True,39.0,1.876981512746627,1.3187206672773755,2.16000000000056,1.8851220879561088,True,False,864.0,1.9334081317443153,3.6114131517884696,,True,
3829,True,39.0,1.212904895667479,1.2040628069262311,2.160000000006394,1.884385088404172,True,False,864.0,1.911962768664751,3.337029277882585,,True,
3830,True,35.0,1.1871862925674246,0.6679024890472647,2.628373796348148,2.114739502846627,True,False,72.0,3.4209981871427737,2.6648836918246466,,True,
3831,True,35.0,1.2029910224585656,0.9557332386175403,2.7277122505767872,2.2957466517671326,True,False,72.0,3.656349028391202,2.8283409546580724,,True,
3832,True,33.0,2.4847201439751627,2.806327607988351,2.5273113895371955,2.266844786415691,True,False,72.0,4.422432782543342,2.9593643508143748,,True,
3833,True,37.0,1.099825530743859,0.6317126167123206,2.610000000006094,2.264716494155505,True,True,5000.0,1.5055906886894592,2.759522613247858,,True,
3834,True,29.0,0.40620705612784214,0.5696537426374562,2.6460345324155954,1.985729757570249,True,False,36.0,0.31923162884196343,0.3761976679996013,,True,
3835,True,31.0,0.7261912901133714,0.5862305412338173,2.66594568860649,1.9820807791056345,True,False,72.0,1.973173265052857,2.0102913135484957,,True,
3836,True,31.0,0.7313849315915821,0.6312043233483564,2.7806490311505305,2.0116414621149565,True,False,72.0,1.9479149764863726,1.9727933800359725,,True,
3838,True,35.0,1.4514973317491613,1.4424194810308109,2.467279578204074,2.277447898152667,True,False,72.0,3.3774492322777094,2.244951706535013,,True,
3839,True,35.0,0.6267711871287562,0.5223835062497528,2.160000000008538,2.3006465883746685,True,False,72.0,1.9495522298643653,2.0179861653468576,,True,
3840,True,30.0,0.9307812423389421,0.4355059840090689,2.160000000005659,2.186709145382623,True,False,36.0,1.2689133777975286,3.3549652531249348,,True,
3841,True,33.0,0.9943354535140717,1.0913936421275139e-11,2.7174604331390424,2.2818780442652935,True,False,8.0,1.3429255278419356,2.366398628582066,,True,
3842,True,38.0,0.8315899668892536,0.7569522959711321,2.3947539481188516,1.9459916693038537,True,False,864.0,2.5985588562689625,0.9667676548947426,,True,
3843,True,38.0,1.4985664262459133,1.324547974872985,2.1600000000082207,1.914517959304639,True,False,864.0,2.514260634940779,2.656451972629459,,True,
3844,True,38.0,1.512589242343789,1.0383564650037442,2.6100000000010906,2.0069899238909996,True,False,864.0,1.3763507321643031,3.518246725238496,,True,
3845,True,38.0,1.4315685300621972,0.6091986956707842,2.610000000002699,2.059806876845497,True,False,864.0,1.461925969000232,3.512162505827119,,True,
3846,True,38.0,2.0533078881731837,2.41937139473157,2.698073924395127,2.025306884647361,True,False,864.0,2.8635731447921375,1.8511240671884053,,True,
3847,True,38.0,0.8970537440451946,0.7457203475678398,2.543619509382461,2.085993543038904,True,False,864.0,2.97481106638985,1.4170330951162202,,True,
3848,True,31.0,0.5485208467062802,0.6156036826250784,2.570789510881569,2.103761875308135,True,False,72.0,0.36043883162107165,0.7694673085423476,,True,
3849,True,31.0,0.7125745454035847,0.5714912499388447,2.722278646648754,2.0487545670479905,True,False,72.0,2.006720323559895,2.0060842805977623,,True,
3850,True,34.0,1.4792189040483503,0.15916799652040936,2.8813654203854973,2.264195603520155,True,False,72.0,3.1519163869327893,3.055929819729187,,True,
3851,True,35.0,0.7324901014197498,0.915686318952794,2.6100000000042645,2.1066585111498255,True,False,72.0,0.5353182616202532,1.2352444785170467,,True,
3852,True,35.0,1.0909725466115054,0.749430505111377,2.498684025865012,2.0904815434966175,True,False,72.0,2.659640000371018,3.0236442594884174,,True,
3853,True,29.0,1.313987624123585,0.4561905230220873,2.160295607131308,2.601395378272976,True,False,36.0,5.003954571935297,1.600203391388322,,True,
3854,True,37.0,0.5401641394418066,0.6044936340949789,2.2691420129750286,2.1460493054447745,True,False,216.0,0.5724059511800308,0.9224912900830209,,True,
3856,True,36.0,1.0048391029531452,0.4798208339707344,2.422482214504273,2.266676221386725,True,True,5000.0,1.1241091903044673,3.0140116528028114,,True,
3863,True,39.0,1.119162306102769,0.8335906371648889,2.610000000003513,2.269641340895076,True,True,5000.0,3.5938715421714913,2.756923365049396,,True,
3864,True,41.0,2.115998826149177,1.6301090710694552,2.1600000000044766,2.0582975042738596,True,True,5000.0,3.977470439077551,4.840223346548864,,True,
3865,False,,,,,,,,,,,,False,no isomorphism
3866,True,38.0,1.7938039786705129,1.4469453437814082,2.160000000002972,2.302418622644457,True,False,2592.0,2.5649703969672335,3.6020586880996173,,True,
3867,True,27.0,1.0612386848801578,1.2371229276504891,2.4480000000068416,1.7947154366639855,True,False,36.0,1.3494373026133044,1.1554628298899634,,True,
3868,True,26.0,1.154612353656254,0.505584489681496,2.8879648291697175,2.022888187715772,True,False,36.0,3.4299085358361987,2.7165018055603456,,True,
3869,True,40.0,2.162808734378062,2.111084686956019,2.1600000000085613,2.1493747086536588,True,True,5000.0,2.5340907697404265,4.392348714842593,,True,
3870,True,40.0,1.4089531470208605,1.2759208751485858,2.2239192860520456,2.0729565977849127,True,True,5000.0,2.294600517649343,2.578035102562093,,True,
3871,True,26.0,0.7029679878281213,1.0570443897704536,2.840671646154831,2.2633860171875235,True,False,8.0,0.7723402706887171,0.2542718593164605,,True,
3872,True,27.0,0.6424723168592995,0.8461519177362788,2.4843449663642607,2.039666556523394,True,False,36.0,0.6869042251335115,0.8651781453306334,,True,
3873,True,31.0,0.9434697339052681,0.5321631353544944,2.8871841411047527,2.0472147453064125,True,False,36.0,1.207691704927704,3.2798795634016424,,True,
3874,True,37.0,0.6324286670658193,0.48106685507445945,2.3571831561665335,2.2211625863272593,True,False,72.0,1.6883970028750108,1.105557561441524,,True,
3876,True,40.0,2.1114066578740087,1.9969292034147657,2.16000000000536,2.031936945896698,True,False,864.0,3.021173683474923,2.70370017853164,,True,
3877,True,28.0,0.9522621765341476,0.5521049978124211,2.448000000004701,2.0523937607096743,True,False,36.0,3.190277495728676,1.5507402055528996,,True,
3879,True,36.0,2.4387090992404676,2.062674794375198,2.16000000000535,2.412849952276353,True,False,432.0,3.5614416479647484,5.1910519330939175,,True,
3880,True,38.0,0.9876015437304491,0.34230803315585945,2.4271567363059616,2.227519493292932,True,False,72.0,1.594278512485083,3.1743794965659355,,True,
3882,True,37.0,1.7753274993634969,2.2844563967737486,2.262514570781109,2.2514330608303683,True,False,864.0,2.1792316530534857,2.8298433519378645,,True,
3883,True,37.0,1.34408953914408,1.2971440911387617,2.4480000000043183,2.2703615888884308,True,False,864.0,2.2563596532579426,3.27199207134195,,True,
3884,True,37.0,1.7866558897578617,2.3520818787728786,2.448000000004035,2.2123016810778764,True,False,864.0,2.458914237007068,3.071824000834311,,True,
3885,True,37.0,1.6620739327937029,0.8175655955601542,2.5329411341262174,2.216273080060307,True,False,864.0,1.4005083776941303,3.556917821837117,,True,
3886,True,37.0,1.8993172664349158,0.9237532037041092,2.401337680091718,2.342849164286937,True,False,864.0,4.268843261394788,3.6086816684864425,,True,
3887,True,36.0,1.3146063474442296,1.6536127370709437,2.4805051776673537,2.1230389301423562,True,False,864.0,1.9876112013630818,2.5056898710745226,,True,
3888,True,31.0,0.45411381989429883,0.7084412154727033,2.898624672362713,2.2440607739542173,True,False,4.0,0.21540248263555353,0.33930464218094014,,True,
3889,True,39.0,1.4888761287673153,1.5622891715138394,2.4684733792901996,2.0761267141964144,True,True,5000.0,1.6931424051545636,3.0060982792966273,,True,
3890,True,27.0,0.49244503509214127,0.4394811408346868,2.62330501115768,1.739162032330513,True,False,36.0,0.7641303373142871,0.9008504719601049,,True,
3891,True,36.0,1.423359171935122,0.4077237625133421,2.270952881331915,2.02747121503611,True,False,864.0,1.4530608566231447,3.6042059005796268,,True,
3892,True,36.0,0.7869856353437297,1.074548707496433,2.3311816190185963,2.1130464864029848,True,False,864.0,0.6645192520861122,1.1483012938546722,,True,
3893,True,36.0,0.4983203928355539,0.7484628543679719,2.5345151594554434,2.0337122420342557,True,False,864.0,0.31844781911464726,0.5149413799066995,,True,
3894,True,36.0,0.645436534548534,1.0011488327254483,2.6979680125674665,2.144072406379971,True,False,864.0,0.3256130705763654,0.5807420439381135,,True,
3895,True,36.0,0.5239501131954469,0.5725513507386495,2.610000000001325,2.050357296692457,True,False,864.0,0.42568518997390276,0.918251618503562,,True,
3896,True,36.0,0.25777985466004155,0.19586129779054318,2.3085730482418763,1.9578490499014474,True,False,864.0,0.5564230568980054,0.4561672918513444,,True,
3897,True,38.0,1.9134638266118897,1.7295730304285826,2.190306688595797,2.261104639484869,True,True,5000.0,4.446323999905628,3.274451611248473,,True,
3898,True,38.0,0.9895190749729166,0.10696310219645966,2.5839212935220117,2.333663908578097,True,True,5000.0,3.0897972566243017,2.65243806189186,,True,
3899,True,40.0,0.8429973948789848,1.246940235963848,2.1600000000042585,2.1841235585012124,True,True,5000.0,0.5512511416194625,1.0795771097536266,,True,
3900,True,39.0,0.4229617197257805,0.31031508178421063,2.2114816260588905,2.216107131367976,True,True,5000.0,0.8021583587200635,0.8060225725007191,,True,
3901,True,32.0,0.6926575675994068,0.800104133773857,2.5164734651534517,2.4116509526878054,True,False,72.0,0.40985223025437234,0.6556378633084391,,True,
3902,True,33.0,2.0390361057256863,2.4099029239623633,2.6534516467513765,2.2872659932985493,True,False,72.0,4.143383484396459,2.181669307979689,,True,
3903,True,35.0,1.222444789357167,1.5892147714985185,2.475000000006169,1.9638811612976992,True,False,864.0,3.1515938176700855,1.0527577823096892,,True,
3904,True,35.0,1.4596900988489623,0.6140805308968993,2.5626727498530157,1.9769219146946597,True,False,864.0,1.4206047316637225,3.60852244919318,,True,
3905,True,35.0,1.4945228495707432,0.6778052460613253,2.5061256619067436,2.209575280297098,True,False,864.0,1.4328113391908357,3.6222111614534778,,True,
3906,True,35.0,1.756661090223435,1.5216239921828674,2.925000000001257,1.9917991853096035,True,False,864.0,3.153217447047329,3.5208840206467156,,True,
3907,True,35.0,1.1134777302385275,1.3927801073514274,2.4750000000043695,1.9477613709333084,True,False,864.0,3.1310781327221675,1.0099051507654206,,True,
3908,True,35.0,1.166141895639405,1.4287034952576505,2.7717602678866795,2.0797560484345268,True,False,864.0,3.156352534794294,1.0646267095587691,,True,
3909,True,32.0,0.556772216669301,0.5363293865739251,2.610000000006687,2.409700927272926,True,False,72.0,0.2936364622044539,0.975562304063877,,True,
3910,True,38.0,1.097260947707083,1.2184673478623154,2.1600000000056885,2.119496905423549,True,True,5000.0,3.003187477973097,1.9385209220867443,,True,
3911,True,41.0,1.1249211936866133,0.7834416274890827,2.160000000007604,2.002529309872892,True,True,5000.0,1.4169775142435823,2.5593938323396244,,True,
3912,True,28.0,1.5251325454007403,0.6311746590290568,2.5023610677642614,2.0539204957592685,True,False,72.0,2.3508005509692285,4.194378764450419,,True,
3913,True,40.0,2.4539724182787817,1.65209811112436,2.5865758241732015,2.087457186746593,True,False,432.0,4.825597857332292,4.8797749663317225,,True,
3914,True,38.0,1.0033155403772842,0.41891062592549133,2.3495868971048135,1.9029042377902257,True,False,432.0,3.110659829791632,3.1693353823661776,,True,
3915,True,38.0,0.7411332154088014,0.893886545447458,2.4480000000032076,1.832008951015251,True,False,432.0,0.9628927634772269,1.3462740882238495,,True,
3923,True,36.0,1.0595670048370505,0.40615288742628763,2.2148512424900377,1.6636887495862922,True,False,216.0,3.1079065357635067,2.0029661859485177,,True,
3925,True,37.0,1.0335529289567673,0.5148160008284322,2.2120210246093377,1.8692808125051732,True,False,1296.0,3.4875287024579333,2.3152334379858788,,True,
3926,True,37.0,1.4281715592312676,1.1180325752284261,2.448000000003399,1.6517833076102932,True,False,1296.0,2.9124958696088545,2.939219599339736,,True,
3927,True,38.0,1.7727949980513262,2.1249476179473277,2.8980000000008728,2.0142442932772577,True,False,864.0,2.703200102895909,1.3765933331307896,,True,
3928,True,38.0,0.7146791904311972,0.7835727047495311,2.1600000000021864,1.9380468257242909,True,False,864.0,1.1868652833451478,1.3251178024913106,,True,
3930,True,38.0,1.1030949732523077,1.3143502856983105,2.600203023975933,2.14384592436117,True,False,864.0,2.324291289683256,0.9882931452397492,,True,
3931,True,38.0,0.9334276503153734,0.42973982461262494,2.2051200896038763,2.032049909770919,True,False,864.0,3.46324649906561,1.8398590683140015,,True,
3932,True,38.0,1.5967152075476065,0.36601894910199917,2.5047769408680263,2.0432130179939634,True,False,864.0,2.945748014027298,3.5557378510547486,,True,
3933,True,26.0,0.34491382998927367,0.4709057809013757,2.782578226567465,2.172927701466388,True,False,6.0,0.312512843873376,0.18559549563728125,,True,
3934,True,39.0,1.331309004596348,1.0381454056696384,2.4480000000061324,2.056241960008598,True,True,5000.0,2.9531610685453233,3.1225641921093006,,True,
3935,True,41.0,1.202976277833295,0.7336567834900052,2.2618661399798445,2.246244451768329,True,True,5000.0,3.016582755782548,2.923914120111283,,True,
3937,True,28.0,0.3489429011886498,0.47988618987437803,2.729019462177886,2.036731234331128,True,False,72.0,0.3589057665538134,0.5427050027128539,,True,
3938,True,31.0,1.4580858591666,0.90326452087902,2.4838625130758736,2.048291056222235,True,False,432.0,3.408466009513734,3.2912799788561546,,True,
3939,True,35.0,0.5857843523275995,0.724289003857848,2.1600000000106987,2.1481417912931167,True,False,36.0,0.3227136896515333,0.7579500159583532,,True,
3940,True,35.0,0.5152076688298429,0.6849055525708536,2.1600000000067574,1.97148729404985,True,False,36.0,0.42140202173767766,0.5027446177011996,,True,
3941,True,35.0,0.32401833770627275,0.31377425775281154,2.1600000000020922,2.0486915849390313,True,False,36.0,0.5387323624105553,0.49104313983367764,,True,
3942,True,35.0,0.4086339054416708,0.5649351298488909,2.360668343625442,2.0316573122453496,True,False,36.0,0.32062308648500004,0.44479293292330907,,True,
3943,True,37.0,0.542153647932032,0.35613833223033,2.610000000002958,2.1464243148082347,True,False,72.0,0.9675179577003682,0.806091523879693,,True,
3945,True,28.0,2.042761620593639,1.3139513594178425,2.6100000000038235,2.2227058796430983,True,False,36.0,2.58684202757534,3.4683401672166387,,True,
3946,True,31.0,1.2530020904335648,0.6821032917287084,2.29011953667048,2.1310948088247974,True,False,432.0,1.551590403769951,3.341395142940894,,True,
3947,True,39.0,0.9182213993530485,0.3451422525140515,2.4907483756721205,2.2334162737385075,True,False,72.0,2.8983338013819644,2.1081581431746015,,True,
3948,True,37.0,1.2034364910010893,0.5947792135011696,2.1600000000082895,2.2326491688126913,True,True,5000.0,2.9614605534244287,3.2284736330173036,,True,
3949,True,39.0,0.32577809828465915,0.33547754339451785,2.3303268479900656,2.2331889532683973,True,False,72.0,0.23999504275893707,0.6473707518436291,,True,
3950,True,24.0,0.2840306386132922,0.263464294046571,2.631567863557323,2.2739547212950395,True,False,8.0,0.5191576996272809,0.2746296059109431,,True,
3951,True,34.0,1.0468833139955762,0.646043346827355,2.532358820713692,2.0936781639258695,True,False,72.0,2.966310103900887,2.2137047478108336,,True,
3952,True,34.0,1.7321040421898333,0.9326764195684518,2.1600000000002213,2.0909295339633043,True,False,72.0,3.2121471164439015,3.2700181717775743,,True,
3953,True,45.0,1.4363179074138672,1.715305843445094,2.160000000007532,2.0130322534425527,True,True,5000.0,3.3437700600155016,2.7269381322564583,,True,
3954,True,37.0,1.831723052723239,1.787238993034407,2.4480000000031037,2.0960579757964712,True,False,72.0,2.4283767282363646,3.197896055944259,,True,
3956,True,38.0,0.3038486443960571,0.2525310167220596,2.358580770411824,2.303271544434134,True,False,864.0,0.4150820198166364,0.6680489003543386,,True,
3957,True,38.0,1.6244273208422577,0.7152954980520008,2.775822342559074,2.348741887670929,True,False,864.0,3.459862000630659,3.5718472284253364,,True,
3958,True,38.0,1.0104006068611568,0.759567470595357,2.610000000001518,2.249740266319648,True,False,864.0,3.599516610970507,2.744316339616452,,True,
3959,True,38.0,1.4544166780575654,0.7499227760526992,2.571086584222424,2.383667839695791,True,False,864.0,1.4197617940134635,3.6085703883957505,,True,
3962,True,36.0,0.647279172676799,0.6772551041685801,2.693015468714566,2.2968734710035728,True,True,5000.0,0.5957380060542333,0.8284066825805638,,True,
3963,True,39.0,1.8401258169127497,1.8647715294209775,2.1600000000105375,2.0964098113202962,True,False,72.0,3.199846332335364,3.104992804138624,,True,
3964,True,37.0,1.4150772923778365,1.499177858888288,2.1600000000064283,2.1846366407711835,True,False,72.0,3.4257144902838865,2.1042606723776975,,True,
3965,True,37.0,1.010043431846906,0.5911236834290321,2.4480000000077715,2.256118583341753,True,False,432.0,3.034781074955104,3.3350396272489498,,True,
3966,True,37.0,0.5982294499412937,0.728250393680355,2.160000000001087,2.323666407942414,True,False,432.0,0.410542646271621,0.8707879456892788,,True,
3967,True,37.0,0.5874477111854269,0.6699668768414995,2.1600000000069257,2.23552119547098,True,False,432.0,0.9348871522742063,0.8074950778173979,,True,
3968,True,37.0,0.29030014177317,0.35073705051399884,2.2928944871877057,2.223837094393382,True,False,432.0,0.22208880263752354,0.39991941012151244,,True,
3969,True,40.0,2.383897432418594,2.474400083279761,2.6012918034178067,2.1223718723400005,True,False,2592.0,4.264236189148626,5.509451922922089,,True,
3970,True,40.0,0.8736722297693427,0.510669636176317,2.3719165949268555,2.193162415713893,True,False,864.0,2.7527151869388495,2.5738270925799998,,True,
3971,True,40.0,1.6628059301380205,0.5645677755019278,2.532122563920578,2.2138177390652554,True,False,864.0,3.5812956495038324,3.4543280378065018,,True,
3972,True,40.0,1.7947099829216087,0.8949028444403666,2.5722251585410283,2.1195358453680373,True,False,864.0,3.5196546448256183,3.60163342544061,,True,
3973,True,40.0,1.0459050852086407,0.8851342247253342,2.6100000000031836,2.237818127864729,True,False,864.0,3.036275122034148,2.6293607167238724,,True,
3974,True,40.0,1.7239210559077172,0.5230668670665182,2.600486684805245,2.185421840698038,True,False,864.0,3.5660611471136825,3.5515616961902787,,True,
3975,True,40.0,1.8066866230394933,0.8758858817564033,2.610000000003944,2.0768385874930195,True,False,864.0,3.561247735885695,3.5897102477649185,,True,
3976,True,31.0,1.271156449065799,0.9503439510335738,2.566975813687495,2.0356025589981948,True,False,864.0,2.209378964783205,3.1493473239421266,,True,
3983,True,38.0,0.997644114841669,1.2828396926961432,2.448000000003404,2.3317624703644237,True,False,864.0,1.5934154634691284,1.066924158411863,,True,
3984,True,38.0,1.0680086612139794,1.1540300214182935,2.4480000000062425,2.3332270331238663,True,False,864.0,1.6437624105257451,1.3155558262651117,,True,
3986,True,38.0,0.9730353666603824,0.9598205109396076,2.4480000000048014,2.3489163028298816,True,False,864.0,2.5673207361405423,1.7216355726802848,,True,
3987,True,38.0,1.6759631953896375,1.973812908236141,2.4480000000046362,2.355944786067789,True,False,864.0,2.38013124434525,1.6269395394675887,,True,
3988,True,38.0,1.1559723647527718,1.1709514627982571,2.68918128894039,2.415913850140356,True,False,864.0,1.1760939985325038,2.968886989449791,,True,
3989,True,38.0,1.4538422920934895,1.444647286709369,2.1600000000100392,2.0988267568810914,True,False,432.0,3.562405176003396,2.9682978296466134,,True,
3990,True,32.0,0.9769656471021366,0.32809504204124096,2.448000000009706,2.173980851755599,True,False,72.0,3.153598825483984,1.9771999260966469,,True,
3991,True,37.0,0.999926348042395,0.8738406571101223,2.5893685145849505,2.0129769583877506,True,False,72.0,3.1349817480292956,1.3480259590383994,,True,
3992,True,37.0,1.1925544654153002,0.539869061914942,2.302050181756953,1.8423889380095615,True,False,72.0,2.9171175597180476,3.1195085333682804,,True,
3993,True,37.0,0.6210238573562259,0.7264528144805809,2.609021561445273,2.199808206980781,True,False,72.0,0.3503627679456866,0.690676911676046,,True,
3995,True,38.0,2.7075997753716248,2.726356495590153,2.47500000000266,2.2377870166304925,True,False,72.0,3.9811434640096133,2.5548149488854355,,True,
3996,True,33.0,0.5710135787018371,0.713047546632879,2.448000000009291,2.2063504629591377,True,False,72.0,0.4200659043126076,0.9156102268570843,,True,
3997,True,35.0,1.6627906379968331,0.47176378823132836,2.445408097433031,2.150657690800654,True,False,72.0,6.176760256611552,2.4951108096809405,,True,
3998,True,33.0,0.5987062238945658,0.7115066584810847,2.3687019317061275,2.2399703976838623,True,False,2592.0,1.0057955780929242,1.2393022176919557,,True,
3999,True,36.0,1.3330856022657194,0.45993465622814256,2.465599195814965,2.120788938414193,True,False,216.0,3.731952618918748,2.4085929001379185,,True,
4000,True,35.0,1.269471396739742,1.0773359107515716,2.16000000001022,2.2388626834622976,True,False,216.0,2.967897557754582,2.0554027021350167,,True,
4001,True,35.0,0.7425117547019388,1.0333993802923942,2.928708428648089,2.1439641624570127,True,False,216.0,0.6134924132726756,0.6102046669647646,,True,
4002,True,33.0,1.1790119668404657,1.654304404888535,2.7360000000012925,2.1297300244397177,True,False,2592.0,2.327758322266778,2.332986887026092,,True,
4003,True,40.0,1.4528401956696282,0.6470085407236184,2.1600000000000654,2.3719524281275124,True,False,288.0,2.3950862756917832,3.748382442025225,,True,
4004,True,34.0,0.8767716064471183,0.49401625117025105,2.7387888019526985,2.1777447613529,True,False,36.0,3.12688760483371,1.4909362007128515,,True,
4005,True,34.0,1.2011065509333625,0.860824065250199,2.1994760209017654,2.0867615718620085,True,False,36.0,2.8785915882915964,3.193749804380056,,True,
4006,True,34.0,0.558941078336481,0.5560967299607,2.278732303038068,2.2405859192184527,True,False,36.0,0.4004218803019637,0.8465065840915417,,True,
4007,True,34.0,0.38020478181994816,0.34734840314195026,2.43788695289295,2.2569433030760875,True,False,36.0,0.45508276436712297,0.5719970661059766,,True,
4008,True,35.0,1.0226607954702367,0.7369690177874872,2.160000000004875,1.991680637301071,True,False,216.0,3.0998367307231653,1.7659775785474396,,True,
4009,True,36.0,0.9960962501197448,0.809470483178302,2.334063709244477,2.3063713377077857,True,False,432.0,2.6591936740544293,1.5776230692118225,,True,
4010,True,41.0,1.0580925765863591,1.3420319467732043,2.1600000000036963,2.1540604299090593,True,False,864.0,1.6414423610056532,1.0583288361958172,,True,
4011,True,41.0,1.4189814908897243,1.0285826593681122,2.6540536066763565,2.2063228575618754,True,False,864.0,1.3615596331938917,3.52073430035796,,True,
4012,True,41.0,1.1209636044632556,1.472590842673526,2.7655172392432235,2.073390386034429,True,False,864.0,0.5124211594120132,0.39950569062643276,,True,
4013,True,41.0,1.450241551962396,0.7355712763019255,2.3095148692235488,2.1795220707760676,True,False,864.0,1.8545613288774236,3.529925184680281,,True,
4014,True,41.0,1.6368258391665866,1.37071568146348,2.9523393253386963,2.3784302955100447,True,False,864.0,1.4014946733828895,3.5912581689668843,,True,
4015,True,41.0,1.1102755065808014,1.5984073068611906,2.610000000003595,2.1255401236156426,True,False,864.0,0.5480780936757907,0.8348311679436357,,True,
4022,True,38.0,0.6713080497028454,0.4661681007237348,2.1600000000093766,2.129748220306804,True,False,72.0,2.008478207784352,2.0252451149576323,,True,
4023,True,38.0,1.5083314640992422,1.4435711945370713,2.1600000000055006,2.2655035087150055,True,False,72.0,3.0090045476302856,3.2731096993644093,,True,
4024,True,33.0,0.48150669109967786,0.5433925441066094,2.405969832034897,2.072433966619926,True,False,216.0,0.5535716440788415,0.808169698233986,,True,
4025,True,38.0,1.8812654873677443,1.1771916961442912,2.1899045411449443,2.1293624954196972,True,False,216.0,3.099363324559366,3.5564364217833817,,True,
4026,True,41.0,0.39323079505625186,0.3702512710224255,2.494254338397292,2.172295600234922,True,False,864.0,0.4208429115533102,0.6455752887146327,,True,
4027,True,41.0,0.7809648628001904,1.1430259382723307,2.8009435417922193,2.2878960856428776,True,False,864.0,0.40359165262576874,0.3488694448669296,,True,
4028,True,41.0,0.5674529790612318,0.7218008928612107,2.160000000007008,2.206082042377391,True,False,864.0,0.46107179711865676,0.7329378920749124,,True,
4029,True,41.0,0.36167801138871547,0.42526931944303215,2.610000000000767,2.17368786731214,True,False,864.0,0.39901701525750655,0.7207485003525933,,True,
4030,True,41.0,0.9070087583613008,1.2593515106782434,2.4750000000028725,2.2377540094031785,True,False,864.0,0.39246539850437556,0.8455076441934526,,True,
4031,True,41.0,1.3421056228076536,0.6603683310604538,2.3323978657541353,2.1671726516131566,True,False,864.0,1.379393871875497,3.5359686984030607,,True,
4032,True,38.0,1.0668209719427941,1.1243799361509446,2.4045401194372453,2.1875563928045376,True,False,432.0,3.227849111095682,2.904369982879194,,True,
4033,True,32.0,1.445657828566537,0.7071387454489013,2.1600000000067876,2.0068859220443995,True,False,216.0,3.222490244705171,3.575942588676052,,True,
4034,True,38.0,2.8584177990800437,1.8737890004631481,2.621472659236937,2.137265529502593,True,True,5000.0,4.565821951921288,5.777639358837522,,True,
4035,True,33.0,1.4185865332876921,1.5700975634790666,2.4480000000029407,1.86019099398422,True,False,216.0,2.8468714969211297,2.908096892092257,,True,
4036,True,38.0,1.458809149186636,1.780384205860173,2.448000000009307,2.129630045101731,True,True,5000.0,3.5872061343851094,2.6002262351157444,,True,
4037,True,34.0,0.31957021910157923,0.5505845273655723,2.6135646404835438,2.015368633724362,True,False,72.0,0.5084062847881664,0.4185681829735582,,True,
4038,True,35.0,0.9303642986755449,0.3915353708216571,2.7307010522397293,2.4867067562943563,True,False,72.0,2.065768394106099,1.6537517705188793,,True,
4039,True,39.0,1.1864947352556237,0.6119567386449489,2.6100000000019965,2.121033272770609,True,False,216.0,2.9144925380294944,3.227093850862545,,True,
4040,True,39.0,1.3414759588071736,1.2101706696121255,2.1600000000048203,2.213456462865263,True,False,216.0,2.928986143195296,3.208344503120292,,True,
4041,True,36.0,1.0325850506732577,1.3648596314160386,2.1600000000063053,2.0317123867811606,True,False,72.0,1.9802290816769053,2.00313247162205,,True,
4042,True,36.0,0.652066380334687,0.43075516801400227,2.418153479042913,2.0404424417022895,True,False,72.0,1.9847259793312946,2.0253041117643527,,True,
4043,True,34.0,1.7182600396964685,0.6626255824849068,2.206414796462394,2.395029473325955,True,False,216.0,5.951069000252081,2.810464308323334,,True,
4044,True,34.0,1.1299978780292352,0.5709205519633542,2.448000000010017,2.5004556962481854,True,False,2592.0,3.278176514465948,1.6613260860242196,,True,
4045,True,40.0,1.8281281207763125,1.2586938541899144,2.160000000004836,2.1016719602021627,True,False,1296.0,2.5297230807272624,4.059345935704954,,True,
4046,True,40.0,2.046208665959605,1.7493596632593835,2.1600000000008572,1.9982053914950784,True,False,1296.0,3.561568727328539,4.284264145242263,,True,
4047,True,32.0,0.30913702721516967,0.4685104848140327,2.7955399352921817,2.3016780924577613,True,False,24.0,0.22424584022930522,0.28685935624475273,,True,
4048,True,32.0,0.23184892824968462,0.24101943465939257,2.668891167532597,2.1856183386401202,True,False,24.0,0.3726074366023951,0.44765550084932054,,True,
4049,True,32.0,0.3584478092649242,0.3343180512529216,2.49574402747019,2.2566223226317694,True,False,24.0,0.4515144645194426,0.631289109746372,,True,
4050,True,32.0,0.40188478525356314,0.5055413343288819,2.4480000000008277,2.3593953953926414,True,False,24.0,0.3849334124062713,0.5548200851858791,,True,
4051,True,33.0,1.0182071518508995,0.7169220933465112,2.6100000000021106,1.8864165699547915,True,False,24.0,3.024594992415568,3.2594719106275547,,True,
4052,True,33.0,0.9914236344657128,0.5766226216146606,2.468271036750827,1.9740513566014437,True,False,24.0,2.9563916374807047,3.2636302447360244,,True,
4053,True,33.0,0.40886272309193594,0.48079361389318365,2.1600000000008626,1.9769964423589639,True,False,24.0,0.5711678525667983,0.5109164305690205,,True,
4054,True,33.0,0.6416221243977451,0.8612121426522208,2.160000000002061,2.0613142660691017,True,False,24.0,0.37387468833347554,0.9278017550252409,,True,
4055,True,37.0,1.6065474864090854,1.8196333969026455,2.4480000000022915,2.3232778903308144,True,False,432.0,3.7374821430603564,2.6485876007921956,,True,
4056,True,37.0,1.6539763908380753,1.2394074609146628,2.1600000000052213,2.316965440290381,True,False,72.0,4.5014681527318565,2.991068796182824,,True,
4057,True,44.0,2.7063769807360103,2.498948294960428,2.6100000000074814,2.2309297107260013,True,False,1296.0,4.238777041252115,4.037747698364006,,True,
4058,True,44.0,1.6131289035966032,0.6386885195606737,2.6100000000030086,2.0106680757400017,True,False,1296.0,3.068322566999909,4.044241921651268,,True,
4059,True,44.0,1.7158439200599072,1.0879812041748664,2.610000000007173,1.939070286374375,True,False,1296.0,3.2259115958687548,3.5840713483470132,,True,
4060,True,44.0,3.2358975646976855,3.802899580074154,2.3651984318393264,2.0501214846686526,True,False,1296.0,4.367576789345483,3.1955297308729316,,True,
4061,True,44.0,1.012343380467708,1.266972806854028,2.160000000001612,2.0590582059281375,True,False,1296.0,0.723445725232727,1.0799172054678037,,True,
4062,True,44.0,1.3990785527415421,0.8669551269813383,2.1600000000007475,1.9977574371279414,True,False,1296.0,2.5834201970029342,3.9665110858405113,,True,
4063,True,39.0,1.3738610341812532,0.8490827000459831,2.4398587940634924,2.0335479695841943,True,False,72.0,5.0160462658799085,1.3518336639192543,,True,
4064,True,37.0,1.0429077713963877,0.3859515185395139,2.395316461378719,2.3030266399023698,True,False,216.0,3.043405269682453,2.9208353438479304,,True,
4065,True,35.0,1.4656487940361527,0.4982886676079943,2.876931955624085,2.2226298297512344,True,False,72.0,4.318569560082273,2.8084383364132126,,True,
4066,True,38.0,1.3817227140390027,0.7681160946231103,2.1600000000012924,2.1162031706336704,True,False,1296.0,3.1833795551671646,2.489136300800522,,True,
4067,True,36.0,2.133503115331793,2.8852476587489946,2.7054565434052478,1.9797196975582172,True,False,72.0,1.9641979731239763,2.412327357007297,,True,
4068,True,36.0,1.0522178638992365,0.5642257037907257,2.16000000000003,2.124274645426057,True,False,72.0,1.4818492175080054,2.5930290108715277,,True,
4069,False,,,,,,,,,,,,False,no isomorphism
4073,True,37.0,1.8339440211938947,1.1921526548794645,2.7577690895072213,1.7091186971652963,True,False,48.0,2.9618460512050495,3.6399732540113208,,True,
4079,True,39.0,1.3678263629294363,1.4539155588427093,2.840873419959764,2.3567444649982736,True,False,864.0,3.0942399424958293,1.5236529373574061,,True,
4080,True,39.0,0.6494903044811019,0.9409695609174378,3.060000000004113,2.2036460296063884,True,False,864.0,0.49263929458883765,0.4736437975441653,,True,
4081,True,39.0,1.4781404385971186,0.9136144599797262,2.71768827655197,2.2261165452644205,True,False,864.0,1.4027876637721473,3.584111695516837,,True,
4082,True,39.0,0.8117716806170485,1.088541268461995,2.1600000000056676,2.218491994599034,True,False,864.0,1.0106320856722588,0.8594772629496414,,True,
4083,True,39.0,0.5637325760825013,0.6423126413974387,2.4750000000087735,2.2312019167031925,True,False,864.0,1.0731194511907618,0.8233514187137554,,True,
4084,True,39.0,0.9967654857176151,0.9374579333234578,2.9545322292822536,2.1996771877936996,True,False,864.0,3.0980060148412183,1.4915317364086045,,True,
4085,True,33.0,0.8746607643727472,1.3069071316604095,2.824395547985049,2.2577895724801285,True,False,1296.0,1.4745171152581957,0.7460040042907605,,True,
4086,True,34.0,1.8601151577767978,1.6224560794144054,2.418787450738916,2.156904054542065,True,False,432.0,3.095608059872269,4.128139381468865,,True,
4087,True,39.0,1.2627116089809487,0.6788912236079341,2.160000000004713,2.3006431220421826,True,False,72.0,2.7498704535927256,3.816156294138907,,True,
4088,True,39.0,1.4557939124026416,1.0500532280384505,2.1899396507993756,2.3256278212345154,True,False,72.0,2.2661873616100983,4.050684447756057,,True,
4089,True,34.0,1.1574136449379544,0.32640139579962124,2.51029595775975,2.495048915973392,True,False,72.0,3.5816069333199123,2.7764328839314625,,True,
4090,True,39.0,1.3201888445745718,1.0459428571011813,2.16000000000483,1.9048659806138595,True,False,72.0,1.9647107869914042,3.465472937736775,,True,
4091,True,39.0,1.2882498500438821,1.1969595331138407,2.4143727733956615,2.004247769563434,True,False,72.0,1.9267331538897958,3.517033235330266,,True,
4093,True,40.0,0.931299267181906,1.1750652914561215,2.6100000000068047,2.2657681954030515,True,True,5000.0,0.6896835876821829,0.8536451749124001,,True,
4094,True,39.0,1.0648159807356505,1.0417552323233394,2.711521532854037,2.2062810114081115,True,False,864.0,3.2653537296400614,1.5403412835888348,,True,
4095,True,39.0,1.1419922569104444,1.7068863769272866,2.610000000002048,2.2105684568680517,True,False,864.0,0.5217800467607498,0.8773871391965633,,True,
4096,True,39.0,1.5042431458929404,0.8616875359002734,2.160000000007971,2.331659933352203,True,False,864.0,1.4112435166591113,3.600790362397768,,True,
4097,True,39.0,1.8414417872113362,1.522975297368248,2.475000000008275,2.1893762850638536,True,False,864.0,3.292670888366155,3.5301546199421185,,True,
4099,True,39.0,1.6104285979086852,1.03651284722946,2.5933821414172877,2.1996258970561335,True,False,864.0,3.2766154711603397,3.526865810545619,,True,
4100,True,37.0,0.9634324763911327,0.5231727916543605,2.796662055753642,1.9055313230697628,True,False,72.0,3.050641259311178,3.3207673196137906,,True,
4101,True,37.0,1.803041320301658,1.8156040757821756,2.5834534727808016,1.987693431819907,True,False,72.0,4.29151399007231,1.9641942920198694,,True,
4102,True,37.0,2.0007665002349566,2.2263271142983285,2.448000000009267,2.05832420318083,True,False,72.0,2.9714957726420836,3.0459686545741476,,True,
4103,True,37.0,1.6294922559110285,1.6334761270954914,2.610000000004861,2.00245311822774,True,False,72.0,3.5169523587988816,2.2852883378352216,,True,
4104,True,28.0,0.6572783839606229,0.8620870012746309,2.9853541897910305,1.7385932067335361,True,False,36.0,1.1792881462528229,1.1536702301118718,,True,
4105,True,35.0,1.19737175603629,0.7157262291257211,2.7360000000055784,2.202895713509834,True,False,72.0,3.2315716219857364,2.917526042992363,,True,
4106,True,35.0,1.1260412179583903,0.8065208957086725,2.269386340548198,2.23455178069339,True,False,72.0,3.270490248451545,2.895566151898717,,True,
4108,True,31.0,1.3508498818748664,0.36135430671129143,2.2583919727701525,1.7572576556953736,True,False,216.0,3.606992894873816,2.990184479388902,,True,
4109,True,30.0,0.43132391304661427,0.4776070662337588,2.621098993270526,2.2552726119473894,True,False,12.0,0.5537803116289292,0.946734262929373,,True,
4110,True,27.0,0.9378009415482214,0.6545120183582185,2.533944647962449,2.0625558919699607,True,False,36.0,3.059745619112411,1.169473291184414,,True,
4111,True,35.0,0.7119050005486927,0.5313662295448012,2.493213688351066,2.106607020352871,True,False,72.0,1.4417734967906184,1.3486703810694858,,True,
4113,True,31.0,1.8344585276053595,1.091538542870694,2.4480000000006084,2.4759743917496397,True,False,72.0,2.4120947274378,3.477879716875831,,True,
4114,True,39.0,0.4756163615521593,0.560205864818272,2.303875520411612,2.1585526445282732,True,False,144.0,0.3548826730501942,1.0099256571776898,,True,
4116,True,37.0,0.6792377203677105,0.16696109310578322,2.546873595321944,1.8909299360367637,True,False,72.0,1.7478526245099593,2.1990352168442846,,True,
4117,True,39.0,1.5000408006895385,0.4280537179693056,2.1600000000019146,2.187812457638908,True,False,432.0,2.6901745764209872,3.51517380037885,,True,
4118,True,29.0,1.0879791960921354,0.8049448854726506,2.897820342152708,1.8127114968466438,True,False,36.0,3.533510297592766,2.6793239785064076,,True,
4119,True,30.0,0.5383392873187777,0.6051508747514163,2.4171136651183853,2.061246055205443,True,False,216.0,0.6216889277260097,0.8359855328103114,,True,
4120,True,31.0,0.3469648998192549,0.35369117961090524,2.6779219286587246,2.1652459570681573,True,False,216.0,0.47387094515419315,0.7329261757886346,,True,
4121,True,35.0,1.449816184414314,0.27853787347339676,2.4480000000041353,2.528316840983345,True,False,72.0,2.7895833454445937,2.980839972620363,,True,
4122,True,37.0,1.8331221678540037,2.2143754965727567,2.160000000002616,1.9726090076596527,True,False,48.0,2.3836869774653175,3.2906159320996156,,True,
4123,True,41.0,1.5293805572688162,1.8832714321433741,2.4750000000003087,1.9264659626891933,True,True,5000.0,1.8515321018226465,2.982729043168108,,True,
4125,True,36.0,2.1685561620544767,2.034368015043583,2.4399656886954686,1.7842314716145997,True,False,432.0,4.043724479877503,2.5365213995914986,,True,
4126,True,39.0,2.0219025477818904,2.5358658644836396,2.3885584613546045,2.107060738896722,True,False,2592.0,3.0775984082786754,2.830821793878322,,True,
4127,True,39.0,1.510612931304107,1.7047968770493753,2.1600000000016326,1.7969300961918357,True,False,2592.0,3.0718084337558085,2.3525809665859443,,True,
4129,True,41.0,1.319114954886664,1.3180231021360669,2.317057971740362,1.9647519715221053,True,True,5000.0,1.7757581956335264,2.7930869947592125,,True,
4136,True,42.0,1.5605516345727695,0.29941199731911183,2.4198488025717144,2.142025133676073,True,False,864.0,3.1021594906340746,3.5177567144489927,,True,
4137,True,42.0,1.5332922972459018,0.05520183920816635,2.411557637470558,2.172723728364929,True,False,864.0,3.4811246319239646,3.6088283833509216,,True,
4138,True,42.0,1.3128767879355856,0.6913170491206984,2.160000000008795,2.106262927509289,True,False,864.0,3.91907621700196,2.7720290306343247,,True,
4139,True,42.0,1.5612189027259513,0.4517306429625023,2.1600000000067037,2.1010817533118504,True,False,864.0,3.282646886470606,3.550086748515049,,True,
4140,True,37.0,1.3854980861923365,1.1175931325851707,2.4750000000093233,2.1537213311382692,True,False,72.0,2.885640184980657,3.040934970416725,,True,
4141,True,37.0,1.3839328424122068,0.6774595081733423,2.448000000001027,2.106545754997978,True,False,72.0,2.750412401405507,3.7649673261593017,,True,
4142,True,32.0,1.8168399507522817,1.0112955598633562,2.4924497377593027,2.0821173648476208,True,False,216.0,3.27883770404662,4.016497345718856,,True,
4143,True,31.0,0.4249570079697276,0.5491584664305265,2.3390784381432557,2.1059344148619634,True,False,12.0,0.5564371743542673,0.8184991030324896,,True,
4144,True,33.0,0.6481323049064719,0.7606615513359429,2.60613007224928,2.099372389763188,True,False,72.0,0.6454822615048686,0.6558127636191127,,True,
4145,True,33.0,0.4896245029614264,0.5063177243173413,2.90934971745128,2.1194356361305244,True,False,72.0,0.6599495693538132,0.6125361024727762,,True,
4146,True,40.0,1.5093553064978251,1.4160738237151236,2.364128125951324,1.9924960001465497,True,False,864.0,1.7936806189709065,2.5829860427361395,,True,
4147,True,40.0,1.5502416322237194,1.0630238853227638,2.4480000000010147,2.16440762156762,True,False,864.0,1.4275685455586191,3.616294977135514,,True,
4148,True,40.0,1.3157836098152251,0.5639095496881055,2.705470344380629,1.9843655938359743,True,False,864.0,1.34484586707611,3.48827855081868,,True,
4149,True,40.0,2.0895863099536793,1.5276125958625926,2.710636973219072,1.9143711760000985,True,False,864.0,3.93204247445451,3.6042548726400314,,True,
4150,True,40.0,1.090726805749918,0.9791903033437848,2.4750000000040635,1.9399231347916854,True,False,864.0,1.2246817319406418,2.7897480254678464,,True,
4151,True,40.0,0.5958818084392588,0.6989902276509383,2.1600000000007564,1.949142195377238,True,False,864.0,0.6275935619787884,0.8262187682182706,,True,
4152,True,43.0,1.8400512814464252,2.070517175590794,2.1600000000060557,2.121006205672204,True,True,5000.0,2.9132192464236057,2.801338094450209,,True,
4153,True,36.0,1.4252317039021842,1.1817703367050854,2.48880952538162,2.3218777268624633,True,False,216.0,3.1426394628262138,2.0543489188661797,,True,
4154,True,36.0,1.3685004324449916,1.241090325594996,2.1600000000099273,2.1633969407392626,True,False,216.0,3.15410616513613,1.845759282546047,,True,
4155,True,34.0,0.5001957898481486,0.6501430617900041,2.364784890345758,2.1016985980154246,True,False,24.0,0.5397553272699601,0.5700625508597973,,True,
4156,True,34.0,0.5811990197222874,0.5205374355900858,2.475000000009757,2.161901417757063,True,False,24.0,0.565030511291108,1.0549762658322777,,True,
4157,True,34.0,1.1674941210594512,0.874709566916863,2.160000000000739,2.249222181688594,True,False,24.0,2.0168670955618406,3.325618501509219,,True,
4158,True,34.0,1.0477386513882854,0.45889090936179855,2.165428547367884,2.1396619694241426,True,False,24.0,1.9743488878793474,3.316915313633426,,True,
4159,True,30.0,1.3870043322055352,0.852281765837688,2.7630000000064565,2.016974202264372,True,False,36.0,3.405622846672531,2.808785192758776,,True,
4160,True,30.0,0.7377672306275219,0.5070061310070741,2.5711164233248414,2.0511861031364265,True,False,12.0,1.8968178349638884,1.1045027513911447,,True,
4161,True,42.0,1.1041165868716305,1.3350034634713666,2.160000000002188,2.2685088787351044,True,False,432.0,1.1166948092214042,1.8069929112476342,,True,
4162,True,33.0,1.2783552393447306,0.8753909341940016,2.4480000000072715,1.792209484240054,True,False,12.0,2.6550687336440095,3.233270462318573,,True,
4163,True,41.0,1.3200300438109038,1.1026569691348413,2.448000000009725,2.074936168030236,True,True,5000.0,2.844849045597325,3.413181461095537,,True,
4165,True,37.0,1.699608558606325,1.09550572574517,2.448000000001522,2.124821504644567,True,False,864.0,3.2826703357236062,3.5580925698851207,,True,
4166,True,37.0,1.3315906710412517,0.36485788098798366,2.847135720356047,2.1918683784616264,True,False,864.0,1.3739347979240673,3.5240746494535196,,True,
4167,True,37.0,0.3591371480863393,0.17167026539391372,2.4769694468969616,2.05790717951515,True,False,864.0,0.37553454845274137,0.8836709855973891,,True,
4168,True,37.0,1.4072865002067643,0.5272193469718331,2.734274530757828,2.1114067190856436,True,False,864.0,1.4236755871179063,3.6130770778811607,,True,
4169,True,37.0,1.492468673964972,0.7801673822141311,2.646326325055323,2.1700647894936225,True,False,864.0,1.4464587198256211,3.635974121122521,,True,
4170,True,36.0,0.7077762554653841,0.6367045483566471,2.6100000000057495,1.8954087252621794,True,False,216.0,1.969596814329787,2.061334112777325,,True,
4171,True,36.0,0.5359077220604533,0.5087277486745734,2.215101685053134,1.8880835426961382,True,False,216.0,0.6853696570162368,0.9768683956726042,,True,
4172,True,30.0,0.6752965401422383,0.47987801469207625,2.774424453557403,2.151982503414003,True,False,72.0,0.840944116658354,1.8454509395406202,,True,
4173,True,41.0,0.820591317253959,0.4455394278265885,2.4308798375838947,2.0919669892472013,True,False,864.0,3.1345712191603576,2.719776640600267,,True,
4174,True,41.0,1.0004617363209292,0.5611995022991323,2.3454354637151296,2.1687171138255907,True,False,864.0,2.658510572732415,3.0162267025412697,,True,
4175,True,41.0,0.9571967604426785,0.7438966640329454,2.1600000000025545,2.2560362679708854,True,False,864.0,3.103593400932422,1.5649744597613269,,True,
4176,True,41.0,1.8228572839624417,0.4519379797820875,2.5838405844617096,2.2529618983240702,True,False,864.0,3.7325632840272753,3.557023898735976,,True,
4177,True,41.0,1.1675436596449091,1.4947552814846858,2.4259006609858744,2.14604242262356,True,False,864.0,0.33560942212868444,1.0659902406751753,,True,
4178,True,41.0,1.347510410945529,0.6169670775707345,2.160000000001846,2.2371602826127592,True,False,864.0,1.4124979793762276,3.5640015440391433,,True,
4179,True,35.0,1.4015332180511832,0.8573430249234661,2.683897809245086,2.515268900634682,True,False,432.0,3.278563316359891,2.8500083601606456,,True,
4180,True,28.0,1.1621124398052702,1.1027785698242951,2.561157108051549,1.6308438928665123,True,False,36.0,1.3086353360239666,3.314153216841172,,True,
4181,True,31.0,1.5254116641862485,1.5788940904130868,2.448000000006736,2.131352291738745,True,False,12.0,1.914675565179618,3.388393746112692,,True,
4182,True,37.0,0.57480337310482,0.5012104095440009,2.6100000000044594,2.263400715560548,True,True,5000.0,0.5243978779257289,0.8808684190607845,,True,
4183,True,39.0,0.30232691648021626,0.33670179796172306,2.904078538134526,2.2561838331572184,True,False,864.0,0.5688502422408369,0.3151327494592518,,True,
4184,True,39.0,0.5449627234649026,0.6965025211138709,2.4750000000004593,2.327310035577555,True,False,864.0,0.38106892591263,0.8324528574923925,,True,
4185,True,39.0,0.2916693912157735,0.29425264640303794,2.610000000001681,2.300003736018705,True,False,864.0,0.44502404306533455,0.5968193185343093,,True,
4186,True,39.0,0.647683838968249,0.9723953450047702,2.750826472617318,2.365068838342766,True,False,864.0,0.4150060410624824,0.2763020102198348,,True,
4187,True,39.0,0.19922841073047326,0.2323047448626312,2.6310478411963376,2.265119042986483,True,False,864.0,0.4478662073302649,0.23530323798935224,,True,
4188,True,39.0,0.320497206698536,0.36681014363784925,2.688860189636579,2.2702576053390944,True,False,864.0,0.436440439131623,0.3987174339617284,,True,
4189,True,29.0,0.9641502505370574,0.6803350136979134,2.7847459176553895,2.355559225767843,True,False,144.0,3.053326907603185,1.6076616780685342,,True,
4190,True,38.0,1.68699077089532,1.3742127494952001,2.341516347852296,2.2455466789626084,True,False,216.0,4.106774167645065,2.668004189110604,,True,
4191,True,38.0,1.7757478489557308,1.87596027399195,2.554909846347227,2.132252833788714,True,False,216.0,4.3231971492871395,2.8278686412481724,,True,
4192,True,31.0,1.6612436431060078,0.6394096148651442,2.4480000000045607,2.371508572807613,True,False,36.0,5.336550066578525,2.750864325204499,,True,
4193,True,41.0,0.7554207962395085,0.8380652669511619,2.160000000004489,2.1535374739483872,True,True,5000.0,0.42904601519892543,1.0175865750509185,,True,
4194,True,42.0,1.7866891408709982,1.8937244157095847,2.1600536116353553,2.1866317306304692,True,False,432.0,2.9346632083565325,4.756127801804023,,True,
4195,True,41.0,1.6908671245800773,1.5942499149205105,2.6991036199180063,1.9466341033435124,True,False,864.0,3.3390567230139654,3.7727124092170605,,True,
4196,True,41.0,1.7003687493088904,0.4358802318602102,2.6100000000020978,1.9540792402561367,True,False,864.0,2.8692631475543555,4.39941894029831,,True,
4197,True,41.0,1.139063749888094,0.4375547957497474,2.1600000000015185,1.8974298564110348,True,False,864.0,2.9018794433496473,3.8657677041481864,,True,
4199,True,41.0,0.3514407174866646,0.38931067308294587,2.504634083833378,1.9413162559717054,True,False,864.0,0.5798608345115289,0.48594951978098117,,True,
4200,True,41.0,0.7904212874749953,0.9551471843078616,2.6100000000080525,2.128024725655226,True,False,864.0,0.5418093172765202,1.540908726425707,,True,
4201,True,29.0,1.2941567464402994,0.9334481009027513,2.72006742544426,2.385965377053908,True,False,72.0,2.4280365335753373,3.7514171515862498,,True,
4202,True,43.0,1.5182826146454085,1.4646654351163306,2.1600000000018618,2.1784513863063366,True,True,5000.0,2.747022543946748,3.839674867566803,,True,
4203,True,34.0,0.49679161987172304,0.5379302424844354,2.7559196733004976,2.009896558059643,True,False,72.0,0.5922100121997169,0.5579081913189352,,True,
4204,True,34.0,0.5311947112193134,0.5879424738741363,2.710739779058094,1.9989789852071982,True,False,72.0,0.7066241070378642,0.6725279443295493,,True,
4205,True,30.0,1.0228855862946502,0.4739391166913265,2.5586270713629036,2.2554792764731846,True,False,12.0,3.642122659442887,2.7102557043675066,,True,
4206,True,31.0,1.2234375114440736,0.6585296424564149,2.4625574227261557,2.233222334363509,True,False,12.0,3.1802387633963547,3.304858709970616,,True,
4207,True,35.0,0.6910405183365497,0.5961581366318569,2.30370637411456,1.9970686646933302,True,False,72.0,1.9907928644112831,2.029720022059932,,True,
4208,True,35.0,0.6075751670329551,0.8098466216397355,2.4480000000041464,2.0248921478933144,True,False,72.0,0.753692043428916,0.7472804563325708,,True,
4209,True,40.0,1.2920174605970556,0.3485831384168705,2.6100000000069423,2.2338336900046967,True,False,864.0,1.3951838734143145,3.576454474303662,,True,
4210,True,40.0,0.41772527171226037,0.47858382941558375,2.160000000007143,2.200130890878995,True,False,864.0,0.8262843578022715,0.6229872216805152,,True,
4211,True,40.0,0.4676385629214519,0.6705000141992059,2.5727115318518408,2.234281062176377,True,False,864.0,0.6486513518299438,0.40187600563504033,,True,
4212,True,40.0,0.2470148445414107,0.25848252194555243,2.6100000000015386,2.293757438680036,True,False,864.0,0.6936875825195847,0.433645767365896,,True,
4213,True,40.0,0.593541806364389,0.788776044624683,2.610000000004552,2.1682224346685466,True,False,864.0,0.31629286208873325,0.6756819542893652,,True,
4214,True,40.0,0.2482981162120541,0.2659480059846828,2.6326598993004793,2.1796581351441326,True,False,864.0,0.7830172311749942,0.35290858386057383,,True,
4216,True,38.0,1.2448354313544967,0.5562044507969404,2.1600000000041044,1.802846247936856,True,False,48.0,1.5487959711430732,2.5817434705204487,,True,
4217,True,39.0,1.5650529462704785,0.9355275114248798,2.1600000000049344,2.1360813469996875,True,False,72.0,2.2223272712040782,3.084420969580501,,True,
4218,True,39.0,1.3129685834264604,0.49998207210592227,2.275362363090479,2.123472261132695,True,False,72.0,2.6021518133941792,3.6841600528205705,,True,
4220,True,38.0,1.4225583126904087,1.6924456511515018,2.1600000000026904,1.6466434536656684,True,False,72.0,0.810053009439192,1.1586307305682135,,True,
4221,True,43.0,0.544795697888426,0.5445903170329984,2.3766240865249024,2.171752836719685,True,False,96.0,0.2809024618902446,0.7927710078717227,,True,
4222,True,29.0,1.0991908261189496,0.49360924445136334,2.382307586969349,1.941466575040631,True,False,72.0,3.2339665020977764,2.40306525705854,,True,
4223,True,37.0,0.6661298116440445,0.6820765818556538,2.6100000000092507,2.113599892529331,True,True,5000.0,0.43830000473186165,0.9721914257815044,,True,
4225,True,36.0,0.9577282585397006,0.5834686456619238,2.448000000005775,1.9835840351495069,True,False,216.0,3.05901512432545,1.8915257729457244,,True,
4228,True,30.0,1.1539105825888913,0.2883518370035745,2.854701264447742,2.2966840189499296,True,False,12.0,2.386402566113306,2.334150595667346,,True,
4229,True,29.0,1.0281000198058934,0.38979660178301856,2.4480000000099187,1.747937313120811,True,False,36.0,3.2049868548938125,2.8962141020326957,,True,
4230,True,37.0,1.228977599110866,0.238206692312815,2.4865857226980235,1.914546002424596,True,False,72.0,2.9391443155420944,3.1078685331676787,,True,
4231,True,37.0,1.4174610642161225,0.8694698545150459,2.1600000000063653,2.110709509477797,True,False,72.0,2.8889041811348,3.331386346698125,,True,
4232,True,41.0,0.920140237953859,1.0186962515945197,2.1600000000057706,2.171236569952708,True,True,5000.0,1.3818258060293658,0.9936965265514976,,True,
4233,True,38.0,1.1207491632334,0.7062956630252302,2.4948418357034017,2.0381701596530157,True,True,5000.0,3.4056138223337786,2.869616101097347,,True,
4234,True,40.0,0.5972675686898008,0.5093899091480125,2.1664491065623506,2.19207550374069,True,True,5000.0,0.5235908087379303,0.9509479527338455,,True,
4236,True,42.0,1.5479528837882743,1.0336060225599795,2.7798985316448674,2.2460742201672677,True,False,864.0,1.4297277813893283,3.6062400640153816,,True,
4237,True,42.0,1.1541783077992316,0.5717358480942494,2.379071426207564,2.374613432834911,True,False,864.0,3.69237673929133,2.6994510760556834,,True,
4238,True,42.0,2.6585194340701177,2.7078570006779046,2.200865655402484,2.377269717427957,True,False,864.0,2.6975926028118007,3.5795612495758924,,True,
4239,True,42.0,0.5040969438381552,0.6134887605330732,2.6100000000013464,2.1706369974042183,True,False,864.0,0.3544059332660154,0.7273977923267785,,True,
4240,True,42.0,1.318206774935519,1.061476331375161,2.348531998938367,2.2276054179319997,True,False,864.0,3.9906442774076027,1.618711882678224,,True,
4241,True,28.0,0.9748709158072311,0.5033013497341017,2.1600000000000974,2.46404159228289,True,False,36.0,3.1514846652063224,1.6630132624843132,,True,
4243,True,31.0,0.38834696344000347,0.580001486792753,2.765021136758803,1.9227120404522358,True,False,36.0,0.3228642479865387,0.18763222064563181,,True,
4244,True,38.0,2.160933754017224,2.5239085801331385,2.4480000000005084,2.277241601411673,True,True,5000.0,3.1761984249049404,2.4953192067587175,,True,
4245,True,40.0,1.8958981419668108,1.7787665813957574,2.475000000000723,2.108895726417027,True,True,5000.0,3.895667506285705,2.536213247843814,,True,
4246,True,39.0,2.131294697049726,2.8816414290558896,2.4750000000004433,2.1916663028161927,True,False,1296.0,3.301034777873268,2.4840728095409332,,True,
4247,True,32.0,0.46046479361106996,0.3531686604874267,2.676858404689342,1.983288668726769,True,False,36.0,0.739652918313949,1.0211232472300924,,True,
4248,True,43.0,1.5667826778421643,1.9049298504942271,2.577782902682777,2.112631642667505,True,True,5000.0,2.3730101292954484,1.6945767131560359,,True,
4249,True,28.0,0.5307050692764306,0.6508845291355101,2.5573991911267373,2.142516268713029,True,False,8.0,0.8271461438300398,0.5427657246797026,,True,
4250,True,42.0,0.9678669378562761,0.6639857564441627,2.1600000000055477,2.01272434183124,True,False,2592.0,1.1771276616764301,3.2262489053171266,,True,
4251,True,42.0,1.7635578512638699,1.6031514326787146,2.1600000000032367,2.0908173948243305,True,False,2592.0,2.235475701648565,3.7061032303282966,,True,
4252,True,42.0,1.5056602203754326,0.9805612152304093,2.1600000000073725,1.843273824340811,False,False,2592.0,2.4875804716935894,3.504619207333666,smiles_inter_edges,True,
4253,True,42.0,1.7399458139685933,0.9236711437697522,2.258406018114852,2.1405944025200103,True,False,2592.0,3.0436058459777406,3.695664407712807,,True,
4254,True,39.0,0.7557042985336102,0.8536591788397345,2.610000000005188,2.1320366524757497,True,True,5000.0,0.4482774977110673,1.032092412775921,,True,
4255,True,40.0,1.2215823422460736,1.1844055949695758,2.160000000001352,2.1209705977688613,True,True,5000.0,2.153177100227606,1.744507373552134,,True,
4256,True,29.0,1.3985272367902835,0.3560350105508405,2.9031996713600208,2.1788348519564305,True,False,36.0,3.7466345859294004,2.8401168827194536,,True,
4265,True,28.0,0.960774251274877,0.4868215644528391,2.910306951673853,2.431371696758848,True,False,12.0,3.214608846771606,1.0716187453225192,,True,
4266,True,40.0,0.8894277917974743,0.9853407558766776,2.4480000000048108,2.3021626765065935,True,False,1296.0,2.7349767946805823,1.173164542561374,,True,
4267,True,36.0,0.8607288788452347,0.9473262984938629,2.1600000000041897,2.140178044486019,True,False,36.0,1.5393423181635522,0.9508646072080497,,True,
4269,True,36.0,1.0262198283664714,0.9095104658590571,2.8618084813504083,2.2115383385553145,True,False,36.0,3.3714323305270884,1.3699941691487292,,True,
4270,True,36.0,0.7550245645730156,0.7146210484534095,2.1600000000068196,2.118958846249733,True,False,36.0,1.6291670364416553,1.01197981529168,,True,
4271,True,32.0,1.1687252861395603,0.712285012115899,2.448000000003748,2.1727615410118064,True,False,432.0,3.140778149218666,2.846571176010504,,True,
4272,True,40.0,1.7853638672609622,2.4031434011121746,2.475000000003992,2.1525360012320354,True,False,72.0,3.1783428766515804,2.299679224722308,,True,
4273,True,42.0,2.1553315477960244,1.796239352235716,2.1600000000016184,2.086206633797333,True,False,1296.0,3.9532517032706624,5.1402396741093,,True,
4274,True,36.0,0.5478417048878796,0.7900111602393736,2.448000000008495,2.120522740128009,True,False,72.0,0.48636571776617693,0.7214046435822885,,True,
4275,True,40.0,1.5076160400706327,0.8448678490567545,2.264579323844875,2.182586845419902,True,False,72.0,3.623094966272153,3.100961333681022,,True,
4277,True,29.0,1.0427215380784562,0.4711822203898919,2.9398156327055083,2.433149345950634,True,False,12.0,3.423444738948977,2.7474390718257773,,True,
4278,True,39.0,0.9829201259407557,0.3716634517550119,2.6100000000007575,2.1869484191676767,True,False,72.0,3.3176557027025773,3.07793821236903,,True,
4279,True,41.0,2.5316292409972094,1.704272805407527,2.160000000002287,2.2923128335373426,True,False,1296.0,4.495644502088972,5.423052343401418,,True,
4280,True,32.0,2.034168902105572,1.9145052127169038,2.4480000000088866,2.0180290801918592,True,False,216.0,4.986039008423823,2.2117104596337827,,True,
4281,True,46.0,0.9467638825532776,1.1886482175832498,2.1600000000038397,2.1495521964818627,True,False,2592.0,0.49090068440661494,1.0319427134039754,,True,
4282,True,46.0,1.1680426133975148,0.9664987797623326,2.1600000000064634,2.1163078539995075,True,False,2592.0,3.422114039931041,2.585769258751922,,True,
4283,True,46.0,1.575860205356584,0.7016381384528358,2.5680712965517674,2.4987199448917843,True,False,2592.0,1.5362555613688316,3.5819169062365415,,True,
4284,True,46.0,1.237875297154923,0.5017462086470914,2.2690268759929912,2.2055699673553772,True,False,2592.0,1.3543772123536368,3.524270182032812,,True,
4285,True,46.0,1.2747545733745578,0.5919782959026634,2.3145776665873954,2.3835661110403463,True,False,2592.0,1.409117351643457,3.5988724561314336,,True,
4286,True,46.0,0.40962002994904495,0.5123907921952195,2.1668553229629164,2.2882506768708715,True,False,2592.0,0.26955952285258783,0.4963877401511373,,True,
4287,True,39.0,0.8042585939570602,1.2379434985632543,2.1600000000069697,1.9771009715237107,True,False,72.0,0.5281676009182763,0.787067825228471,,True,
4288,True,39.0,1.1324884837285298,0.7009240878214769,2.3168653936683636,2.1925794457898213,True,False,72.0,3.1910983093135115,2.332931429065834,,True,
4289,True,39.0,0.8124391201256737,1.2213156702964625,2.705163300836778,2.1233627594690456,True,False,72.0,0.6196188765709347,0.6742218274179667,,True,
4290,True,36.0,1.0366246955934308,1.3638960147472972,2.7630000000083075,2.145347300135808,True,False,2592.0,1.5050169381985603,1.8384248343221687,,True,
4291,True,36.0,1.2018328231708808,1.5619958267416223,2.763000000001387,2.297337188855828,True,False,2592.0,1.4749375645254323,1.9708782565755791,,True,
4292,True,37.0,0.6735852172728372,0.8012748320506944,2.4702365200201215,2.415959860117713,True,False,864.0,0.5920916476463383,1.5953628490536793,,True,
4295,True,39.0,2.1772603797439833,1.7232016950256366,2.517500252415713,1.5374431906577881,True,False,72.0,6.260903356952384,3.0000184334522317,,True,
4296,True,39.0,0.7926842240418526,0.8234993892765488,2.735646203513522,2.0161262419303014,True,False,72.0,1.2198557484518888,1.131339656458514,,True,
4305,True,39.0,1.2975226589177575,0.5294821818897617,2.258378143535418,2.1943291932615763,True,False,36.0,2.9898239190379496,3.3018700170234334,,True,
4306,True,39.0,1.2393141812837274,0.9892765389522538,2.494324719510623,1.9011621754600527,True,False,36.0,2.984489464636103,3.3947038074766414,,True,
4307,True,39.0,0.9280458115383347,0.5449333772085083,2.475000000001671,2.1468942515643383,True,False,36.0,1.221953743967566,3.313787887698118,,True,
4308,True,39.0,0.8538028557976097,0.3944558670518745,2.179363776555146,2.252959559823478,True,False,36.0,1.2189609272194872,3.31622131999371,,True,
4309,True,41.0,1.4696330248451441,1.48167808407743,2.1600000000089663,2.1649374248000797,True,False,72.0,2.4959859537195723,3.1436824673863315,,True,
4310,True,41.0,1.3206583528494609,1.2206618297568639,2.6100000000095243,2.0748896175941507,True,False,72.0,2.4691075106011837,3.053269934987438,,True,
4311,True,47.0,0.37443233549264543,0.4504208419493807,2.2237489563418853,2.23396123466814,True,False,864.0,0.2587604626359841,0.5905794570200136,,True,
4312,True,47.0,1.5595411360304945,1.3942227725747216,2.479507511899694,2.121952947593325,True,False,864.0,1.995404495747378,3.3567813287038666,,True,
4313,True,47.0,0.507163441211197,0.47249877584181377,2.303742388860108,2.150624443667467,True,False,864.0,0.4565979141167351,1.0529503338597075,,True,
4314,True,47.0,0.7792270895038339,1.0321084302013332,2.649743693254155,2.207665103134984,True,False,864.0,0.23168033973206775,0.8484402522443585,,True,
4315,True,47.0,0.744066445481983,0.9449435017122596,2.160000000001645,2.254543601108659,True,False,864.0,0.35198488717292603,0.7999072377259447,,True,
4316,True,47.0,1.2275887160571184,0.5117792561686656,2.434671635166746,2.2709400632557437,True,False,864.0,1.368508806522361,3.524123638786598,,True,
4317,True,39.0,1.1416660015662934,1.1408861706586322,2.1600000000036945,1.872902679532495,True,False,72.0,0.8160492569226004,1.4100460715204866,,True,
4318,True,39.0,1.979936978416186,1.3618593978899298,2.1857367141827737,1.9876850288966812,True,False,36.0,5.845593393045582,3.280272204549484,,True,
4319,True,39.0,0.9156850392107602,0.5912915819098998,2.5176746649114254,2.1229059665939043,True,False,36.0,1.2499685570438934,3.3108689075024245,,True,
4321,True,39.0,0.8450695692786074,0.4014009761849593,2.1600000000046093,2.2554587655286453,True,False,36.0,1.218962113705216,3.3153813994479835,,True,
4322,True,40.0,0.8942076206296001,0.9167125232925173,2.679845574715194,1.965161600835921,True,False,72.0,0.9091150980071936,1.4912444621397354,,True,
4323,True,40.0,0.8058748154369132,0.9286657781412941,2.1600000000037127,2.0430229352848683,True,False,72.0,0.8863094870018094,1.238589367686105,,True,
4325,True,38.0,1.2511274373776213,1.3501168898437754,2.957351736799608,2.216752132896233,True,False,48.0,1.6537420156280869,2.851791468446316,,True,
4326,True,38.0,1.0727926352961419,0.2566515362559585,3.0428773897991737,2.261103149372005,True,False,24.0,1.6703702155408457,2.887213640072023,,True,
4327,True,40.0,0.568916882946145,0.5294564726500539,2.2624923453346626,1.9736208334936072,True,False,432.0,0.5411797011570308,0.9844101593364856,,True,
4328,True,40.0,1.8665507560382382,1.774473636323819,2.160000000009162,2.0988695223381564,True,False,432.0,2.208178652717852,3.7163319315728445,,True,
4329,True,40.0,0.9842196090007191,0.39723620047516306,2.1600000000029134,1.965362432046568,True,False,432.0,3.4151872864459456,2.2703745662393304,,True,
4330,True,40.0,0.7950092757093616,0.7727013149342383,2.475000000003625,2.075251847174217,True,False,432.0,0.6828967040925713,1.3147723231682644,,True,
4331,True,43.0,0.9738172013920514,1.4696945980613236,2.368430339070521,2.1310448900949974,True,False,432.0,0.5603205994377158,1.0918865241875289,,True,
4332,True,43.0,1.9869802014549334,2.542832355360588,2.160000000004633,2.0254089792681382,True,False,432.0,2.0574310132778977,2.671494338125607,,True,
4333,True,37.0,0.3026997629169206,0.3698476634272083,2.50917700337382,2.0630100699948124,True,False,24.0,0.741665395902517,0.36764745409175514,,True,
4334,True,37.0,0.36628131681786136,0.4544560708818608,2.160000000003933,2.231051962169416,True,False,24.0,0.6245112212266064,0.42401266976552504,,True,
4335,True,37.0,0.2652179414568943,0.18680108703119913,2.1600000000013266,2.2252531866733727,True,False,24.0,0.7782860861995592,0.5311102238505101,,True,
4336,True,37.0,0.40778204773527,0.49678003031294793,2.323217289693414,2.2065430400742243,True,False,24.0,0.6567038853611644,0.5006666654875656,,True,
4337,True,40.0,0.637821301212714,0.6455512374559476,2.1680518710333914,2.089159982863926,True,False,432.0,0.8376951270782445,1.3266140459739897,,True,
4338,True,40.0,2.6074166722654466,2.4999368079879787,2.4750000000051866,2.176351519883679,True,False,72.0,6.3503863701638545,2.367247261895172,,True,
4339,True,39.0,1.6182452821397733,1.1738360816452769,2.348851788588719,2.360609070346041,True,False,72.0,3.809218734057818,2.685610924776032,,True,
4340,True,37.0,1.392399705329259,1.10248229136414,2.1600000000073174,2.385181542063413,True,False,2592.0,3.3956017337447975,2.257291057404822,,True,
4341,True,32.0,1.2728877288468274,1.3639162513900374,2.7360000000082603,1.7630458973322276,True,False,216.0,3.3533083513710986,2.9977538196164666,,True,
4342,True,37.0,1.538433341126879,1.3148467431383324,2.160000000000906,2.228186623602251,True,False,72.0,2.311596860734346,3.62348468855102,,True,
4343,True,40.0,1.5750339377657843,1.306676011561649,2.2492566881840963,2.081978835195017,True,False,72.0,2.8681199897585157,2.4956752132012032,,True,
4344,True,37.0,0.6350845054047326,0.7163442333076091,2.31154023014264,2.2204091983461067,True,False,36.0,0.5182690566319722,0.6421381391203855,,True,
4345,True,37.0,0.6306642870618149,0.7166152699501254,2.4480000000061084,2.3819991802685405,True,False,36.0,0.6070922678859965,1.0921376339255024,,True,
4346,True,37.0,1.7264879640430382,1.683504301465291,2.448000000006112,2.1652258418927115,True,False,36.0,3.0323189145656064,3.291809678757395,,True,
4347,True,37.0,0.7382033895189769,0.7707283987292612,2.4480000000019957,2.374044098537346,True,False,36.0,0.6340206905176017,1.3796027895988834,,True,
4348,True,32.0,1.0634376867635287,0.47010279308233294,2.4480000000020508,2.2746534827309413,True,False,432.0,3.321373382484749,2.847317852640629,,True,
4349,True,47.0,1.2521874998688098,1.253586348357203,2.2283641458053407,2.1421153680182585,True,False,864.0,1.3317566439371473,2.328741437141981,,True,
4350,True,47.0,1.211077906639803,0.4386592294285947,2.349251543509331,2.2410044258992436,True,False,864.0,1.390525932764228,3.5786912511981286,,True,
4351,True,47.0,1.6147759038305787,1.004061401290528,2.4661911285178606,2.279594337596056,True,False,864.0,1.4046036547489205,3.5755133486382786,,True,
4352,True,47.0,1.2833430299319546,0.5601399604347534,2.33484788696307,2.276311795646633,True,False,864.0,1.424476796878656,3.5739975573125515,,True,
4353,True,47.0,1.2265413483751815,0.5634627543477109,2.494779969187606,2.1469869836121505,True,False,864.0,1.3621465364722083,3.541311739065569,,True,
4354,True,47.0,1.4456333582326455,1.6763760921785433,2.160000000004396,2.223208184088931,True,False,864.0,1.1370896193098852,2.232164379163918,,True,
4355,True,38.0,1.292040675821445,0.7088366400603263,2.78090366944952,2.238418209227221,True,False,36.0,3.804694766178996,2.7869902207747064,,True,
4357,True,38.0,1.245681286875476,0.4494646771090629,2.676420493031346,2.2677423879047636,True,False,36.0,3.76731750741079,2.6734107941869882,,True,
4359,True,46.0,1.6734747365019331,1.7263859557569958,2.160000000006387,1.9591646959865319,True,True,5000.0,2.9887190476493095,2.9051832861391658,,True,
4360,True,40.0,1.310976427443921,0.5441996869703871,2.3336300253246516,2.2831750937893487,True,False,72.0,2.536403569798933,3.9721964448459848,,True,
4361,True,37.0,1.2068760116719994,0.7635293977000401,2.4480000000093716,2.2349729688969395,True,False,36.0,2.3020459765796706,3.4926761278160394,,True,
4362,True,37.0,1.7725968132827714,1.7509252794552594,2.448000000005273,1.9652606122598597,True,False,36.0,3.449459531276539,3.4651350839294692,,True,
4363,True,37.0,0.6777839946736451,0.7420239038110594,2.370606975828274,2.0962203146854574,True,False,36.0,0.5577650033896402,0.9876001618084657,,True,
4364,True,37.0,1.3752467074125099,0.9692496063980798,2.560944108763109,2.261380573720399,True,False,36.0,2.4661136803813375,3.631107013750889,,True,
4365,True,37.0,1.4681209428241107,0.6431079677095113,2.160000000007171,2.2775054065358438,True,False,1296.0,3.256912305172396,3.1016504444241857,,True,
4366,True,35.0,0.7838954659945727,0.633856514650688,2.7159833064891736,2.1981179716748596,True,False,2592.0,1.5761306116189293,2.0311514098243495,,True,
4367,True,35.0,1.0884810389032844,1.5829155058709148,2.898000000006739,2.189512528463813,True,False,2592.0,1.4507821648501125,2.7360358693465123,,True,
4368,True,35.0,1.3207975343101475,1.2970021302717214,2.610000000002714,2.3387994647895747,True,False,12.0,3.131354141297673,2.984870612996761,,True,
4369,True,36.0,1.9581803001741847,1.2418251660856185,2.661139502190706,2.2688957789418183,True,False,216.0,3.3780873491347205,3.4701750854012,,True,
4370,True,31.0,1.3575311621224169,0.9322134129834012,2.6100000000104546,2.3563832237774904,True,False,72.0,3.599027752341882,1.9202292954656996,,True,
4371,True,39.0,1.243587017132955,0.24451053968732595,2.252024298792714,2.495210006251979,True,False,432.0,2.4487026394243347,2.1806858100028896,,True,
4372,True,31.0,0.9344815739024674,0.6473764914189815,2.71510971983113,1.9627524651875996,True,False,36.0,3.144656741325392,1.5443195444720197,,True,
4373,True,31.0,0.912240314190121,1.0913936421275139e-11,2.59179110854136,2.213765214222141,True,False,12.0,1.1645016747181713,1.989125216412279,,True,
4374,True,37.0,0.8834888825764968,0.546715113803657,2.588849032870166,2.2543361535937803,True,False,36.0,2.7424776070362977,1.5057237103117684,,True,
4375,True,37.0,0.8896729314010905,0.3492671880994749,2.4553090381091036,2.2156674427810685,True,False,36.0,2.090037793298725,3.2450385301975095,,True,
4378,True,32.0,0.9651930887200901,0.5136729649384506,3.0095648551748413,2.2202689057634437,True,False,36.0,3.0283492866913178,1.8972129666684405,,True,
4379,True,33.0,1.2037050817399726,1.0861952282466518,2.73600000000569,1.749244387414177,True,False,216.0,3.3060019804415623,2.903878767587976,,True,
4380,True,37.0,1.026506083679716,1.6394888604409061,2.4750000000078436,2.3789546716572807,True,False,72.0,1.1651448718944533,0.5964533604843667,,True,
4381,True,39.0,2.3983993818879403,3.331639470619848,2.633312988785862,2.2404784755047302,True,False,2592.0,4.374636909255403,4.31395063656953,,True,
4382,True,39.0,0.8386130455680623,0.7582881396119774,2.482872958655639,1.9121915947153412,True,False,432.0,1.9969378658633754,2.0655593480622665,,True,
4383,True,39.0,1.5321303598621046,1.1634911844012095,2.3016920780793018,2.016431970982408,True,False,432.0,2.9421918239802514,3.542725719340153,,True,
4384,True,37.0,1.0879883886305783,1.7482232757356542,2.475000000002768,2.3825108792616247,True,False,72.0,1.2662870011533482,0.5719870871561632,,True,
4385,True,35.0,1.5925797773224402,1.0496449620368367,2.4480000000011377,2.2322034300439553,True,False,72.0,4.789147666981999,3.8095430472588645,,True,
4386,True,33.0,1.3267164327100276,0.4898090210335795,2.6100000000033834,2.182285190184821,True,False,216.0,1.8624422791510242,3.679892580370685,,True,
4387,True,45.0,1.385885781106957,0.9047801821870962,2.275680638226116,2.0763624396044156,True,False,864.0,1.41478595695858,3.601758301293712,,True,
4388,True,45.0,2.1195432591908734,1.855808453667123,2.610000000004034,2.1728454135994117,True,False,864.0,1.5190452866295314,3.639944263577436,,True,
4389,True,45.0,0.8103582478832807,0.9319644158458686,2.160000000006106,2.0839590798525767,True,False,864.0,0.5594910348808738,1.1507637095227539,,True,
4390,True,45.0,0.8829881520708357,1.1059757763287053,2.6100000000085033,2.152517542344313,True,False,864.0,0.6975775309665244,0.9299471488980015,,True,
4391,True,45.0,1.2960505476711668,0.5139338305889396,2.1600000000000468,2.137877596706603,True,False,864.0,1.3996655270388496,3.5133466485254203,,True,
4392,True,45.0,1.5554316068356222,0.8087277108097624,2.1600000000014528,2.0893303182359655,True,False,864.0,3.385633976057364,3.498368037674258,,True,
4393,True,34.0,2.3798367566333085,1.0995411583971872,2.448000000010074,2.266954057342142,True,False,1296.0,3.809880834100903,4.950847142274682,,True,
4394,True,31.0,0.32841235723396883,0.1683063133568794,2.9140834970988108,2.09248349252748,True,False,12.0,0.8454679904235093,0.4995852465515959,,True,
4395,True,39.0,1.7845093209442198,1.1891534210044483,2.4480000000004227,2.247613864212445,True,False,216.0,5.657953242302648,2.9385979833373117,,True,
4396,True,34.0,1.5042822770501643,0.8427001845047926,2.1600000000048265,1.8813681322909666,True,False,216.0,3.061930596637273,3.6183097783121285,,True,
4399,True,41.0,1.7623648926390931,1.4734041884730686,2.3378724879880255,2.049858388303934,True,False,864.0,3.6104571123639118,3.2228933958162935,,True,
4400,True,41.0,0.44902238423241464,0.5617877215736371,2.531031035242075,1.9370273199157515,True,False,864.0,0.45359433285819034,0.4400376738679383,,True,
4401,True,41.0,1.3979635936278414,1.518015908452071,2.61000000000914,1.8824060899285255,True,False,864.0,3.069426312784734,2.659111444635793,,True,
4402,True,38.0,2.052250722028194,1.7455364684938104,2.1600000000017037,1.9627904545569812,True,False,36.0,3.0644957875420387,3.6373473117998154,,True,
4403,True,38.0,1.427353463892449,1.1105664628412342,2.2616699964257725,2.3022542147643037,True,False,36.0,1.845439321488311,3.057454199721657,,True,
4404,True,38.0,0.878293988789381,0.43778137004119344,2.661407647052452,2.2550276187443914,True,False,36.0,3.003576226007362,1.5361060211891242,,True,
4405,True,38.0,1.3775597438318818,1.3375559384694498,2.6100000000077572,2.157107175223336,True,False,36.0,2.524086084693235,3.576057531029172,,True,
4406,True,35.0,1.3447487519077386,1.3924209597171284,2.1808886773409184,2.094626532558967,True,False,2592.0,1.7239290099750386,2.919812865298894,,True,
4407,True,38.0,0.8350506110209409,0.6188493393674435,2.3436737660905687,1.9785449499569123,True,False,2592.0,1.5509415384797933,2.1219733066677504,,True,
4408,True,38.0,1.1402534840600533,0.923256306694384,2.2310483609211973,2.1365053019124476,True,False,2592.0,1.8508722945483997,1.8695007808079764,,True,
4409,True,42.0,1.281067709481785,0.4124865998492169,2.47867262073143,2.0084009257615874,True,False,864.0,1.3943537180204912,3.5493747085760377,,True,
4410,True,42.0,1.6372190201902452,0.9196872279644595,2.3954021746568657,2.116277226948303,True,False,864.0,1.4371112514756388,3.6268138482745607,,True,
4411,True,42.0,0.7542450875549461,0.8624175096701947,2.1805138795278176,2.126944745239048,True,False,864.0,0.6592764849180605,1.1061859756926204,,True,
4412,True,42.0,0.5124127708962627,0.6197595013327373,2.1786232648581607,2.0250958650641704,True,False,864.0,0.4818191269827258,0.5642740324751387,,True,
4413,True,42.0,0.4936691719972779,0.3212383448735636,2.305047554061998,2.0423532307855075,True,False,864.0,0.5396881726782817,0.9631483506958382,,True,
4414,True,42.0,1.2312451805718347,0.29770981231922633,2.2418849538540644,1.984670328316519,True,False,864.0,1.3513681423334833,3.5124097741202536,,True,
4417,True,37.0,0.9265433387911987,0.48247613738203654,2.5483601531940443,2.5144609017043793,True,False,36.0,1.8556648885296547,3.3436589205556477,,True,
4418,True,37.0,1.8242935392440573,2.1283923861337826,2.73600000000861,2.2526727589687763,True,False,36.0,2.6702464175113647,2.7942491177063142,,True,
4419,True,32.0,0.9055240858773163,0.4782557157559495,2.5207631736801566,2.3018333812420044,True,False,432.0,2.9571485668046806,1.7491361731025408,,True,
4420,True,40.0,1.7352162175745836,2.0999518805874686,2.4750000000027095,1.8152405689053999,True,False,432.0,4.099627194796983,2.2351242183123716,,True,
4421,True,40.0,1.8480234542947205,1.5737798058471526,2.2792501682947814,2.2600957779704824,True,False,432.0,4.766421009345496,2.9869348933318105,,True,
4422,True,45.0,1.2494849791302969,1.185557433975191,2.16000000000265,2.1735101606387763,True,True,5000.0,2.5288631469719993,3.1183555153120595,,True,
4423,True,39.0,1.8595512426830028,1.1130391486694862,2.160000000005599,1.8723710980732424,True,False,216.0,6.040007230331197,3.1799348621647328,,True,
4424,True,39.0,1.172853920301418,0.4866209020401584,2.3610047300893084,2.0869435357239543,True,False,216.0,2.4202504261396567,3.2799234024460584,,True,
4425,True,35.0,1.3119312480429062,1.105567355567473,2.497537159727094,1.7995136388757937,True,False,432.0,3.169155687984695,3.2513657200439767,,True,
4427,True,43.0,0.6026216516223708,0.6888236067970865,2.4863653040298077,1.9850345119417947,True,False,864.0,0.3359521583510593,0.9482159721710389,,True,
4428,True,43.0,0.928606181960823,1.2103080976812635,2.2952033409853314,2.0893776232409498,True,False,864.0,0.45899627212177224,0.8543777399779502,,True,
4429,True,43.0,0.8515889642697264,0.9967124807662913,2.5833523300041743,1.932177304855846,True,False,864.0,0.8441470692840627,1.1766579166393585,,True,
4430,True,43.0,0.6446135692844891,0.6565630522854917,2.1600000000011064,1.9183678336804963,True,False,864.0,0.9263786084820219,0.9999211316681271,,True,
4431,True,43.0,0.6210320118756434,0.6792324777998147,2.4484250127989564,1.828495089328927,True,False,864.0,0.6115808269578688,1.0790556132273572,,True,
4432,True,43.0,1.6239300434489168,0.6934534020583669,2.160000000008541,2.1427909029114343,True,False,864.0,3.0273467203916344,3.52097392044807,,True,
4433,True,43.0,1.8687760967773213,1.161668996381195,2.160000000006657,2.32279108972374,True,False,864.0,3.476155703668584,3.6133642300569564,,True,
4434,True,43.0,1.6980982864809202,1.0520352704115794,3.008407108708092,2.1222092877706475,True,False,864.0,3.012210098902859,3.544206955472735,,True,
4435,True,43.0,1.3053166469013133,1.1764958733801905,2.160000000010188,2.1616812852499785,True,False,864.0,3.114577344677187,2.874953908882321,,True,
4436,True,43.0,2.440153353174701,2.34566058312339,2.610000000003498,2.170884828934967,True,False,864.0,3.1533200002430983,4.3509179200797465,,True,
4437,True,43.0,0.9053665134793379,0.19161179990987875,2.280298512227946,2.1428255185618825,True,False,864.0,3.351699861869597,2.0607599974138915,,True,
4438,True,37.0,1.2349737649504307,0.9541661996154289,2.1600000000036186,2.3155279930288035,True,False,432.0,2.930722156234868,1.858692226092382,,True,
4439,True,35.0,1.0799319921378105,0.7191980855277507,2.460546787218954,1.8215523707266832,True,False,216.0,3.240571022097259,2.9892141334343325,,True,
4441,True,42.0,0.8954479798686982,0.5050280320028833,2.362365549212201,2.041649523326665,True,False,864.0,1.184188908820887,2.9280947450871477,,True,
4442,True,42.0,0.7471744839484485,0.9762166591899586,2.386102544310029,2.1609502089590125,True,False,864.0,0.31005754571312705,0.5443283523436848,,True,
4443,True,42.0,0.4906151303379274,0.4255461388238473,2.3280357802124736,1.9780462646257797,True,False,864.0,0.8159616079506931,0.8760717339992607,,True,
4444,True,42.0,0.9827384070581623,0.7018728976072452,2.610000000004391,2.0164417880514183,True,False,864.0,1.018481959706275,2.91835677625576,,True,
4445,True,42.0,1.5252813440345148,0.6596968438643671,2.4480000000056523,1.9809080041486027,True,False,864.0,1.3826804428280943,3.5214901915076524,,True,
4446,True,40.0,1.1721242431518593,0.40145542521349853,2.3538346447041407,2.205066767084389,True,False,864.0,3.0614367119201096,2.919832834082093,,True,
4447,True,40.0,1.5913377341590766,0.6254674516094383,2.448000000005599,2.3329764732847176,True,False,864.0,3.058832431246485,3.593004470196984,,True,
4448,True,40.0,0.9498175690699949,0.6029259270399052,2.610000000000956,2.221539523798755,True,False,864.0,3.0488966619653777,1.8862661718555873,,True,
4449,True,40.0,1.240205795260363,1.5485907339971163,2.4480000000074353,2.163306133791517,True,False,864.0,3.0368754106973848,1.4739221726860365,,True,
4450,True,40.0,1.2268706401058105,0.849410213810188,2.1600000000060615,2.2463245032942147,True,False,864.0,2.795976559808563,2.835515833341494,,True,
4451,True,40.0,1.5276399656542132,1.3914348831276584,2.4480000000051567,2.2425686824041753,True,False,864.0,2.260801285166971,3.9186851819819895,,True,
4452,True,35.0,2.026781226103714,1.317828858493158,2.340628198740748,2.170851171913911,True,False,1296.0,3.3278154276532814,4.154678770485807,,True,
4453,True,34.0,1.4323120068809923,0.9750303942455503,2.4507443725934004,1.7314384736686428,True,False,216.0,2.272211428521509,3.7535727141088153,,True,
4454,True,46.0,2.153045929856036,2.130484514764248,2.231559520904601,2.0596801362833017,True,False,2592.0,2.938197505220458,4.888481941468411,,True,
4455,True,34.0,1.5805167717303992,1.7888767979566182,2.5614830623671634,2.278117028183583,True,False,144.0,1.7868501177632927,2.731352439471328,,True,
4456,True,34.0,0.6333212761011326,0.31558840032448643,2.785268905394175,2.4297588278263342,True,False,12.0,1.6101838550946241,1.2853801198891768,,True,
4457,True,42.0,1.6986141749261898,0.8824809896359511,2.160000000005851,1.6889469546140283,True,False,432.0,2.597015573393006,4.251424495991357,,True,
4459,True,41.0,0.285002815643574,0.23731267718903837,2.6872012602747204,1.8269794119529645,True,False,864.0,0.7482924610959812,0.4298908539948735,,True,
4460,True,41.0,1.562695730361023,0.9662843012993108,2.4907978823315386,2.1135346048740247,True,False,864.0,1.880155583286467,3.6277318167694816,,True,
4461,True,41.0,0.5344946023213153,0.4213995615791646,2.1600000000050845,1.9766432696366838,True,False,864.0,0.6534274406409015,1.0697062593247115,,True,
4462,True,41.0,0.7905342967112223,0.8510676484074793,2.4666139577142663,2.017656340410824,True,False,864.0,0.9910294557371384,1.210464469905866,,True,
4463,True,41.0,1.4364830733983638,1.2356071412905294,2.8042152172971813,1.941409173075063,True,False,864.0,3.0818839794736212,2.896194947334187,,True,
4464,True,41.0,0.38899437092170236,0.2027094379736809,2.448000000009761,1.9288793022115198,True,False,864.0,0.5026050446573721,1.0286421220110025,,True,
4465,True,46.0,1.204816841881516,1.4665751960164926,2.160000000006147,2.19736781720767,True,False,288.0,1.6556960400127374,3.074639410778172,,True,
4466,True,41.0,1.0759637806686455,1.0495403501226974,2.4480000000094795,2.335319290611029,True,False,2592.0,1.686127087562921,1.9337260951371604,,True,
4467,True,41.0,0.6850056942795967,0.9641249727355898,2.1600000000072077,2.2568923535250853,True,False,2592.0,0.5682894141024497,0.7697391130532457,,True,
4471,True,39.0,0.7057760845025264,1.3042117258519283,2.617621488625168,2.047172792755902,True,False,96.0,1.5388711305718266,0.6814158855155559,,True,
4472,True,44.0,0.6183974576393538,0.7410279438117868,2.294529047072366,2.0719863276817247,True,False,864.0,0.5225535902594938,0.8108028533168633,,True,
4473,True,44.0,1.321056269437952,0.7939048140469822,2.160000000001163,1.8638833872053262,True,False,864.0,3.6953957858622157,2.5321214872549187,,True,
4474,True,44.0,1.5171849897386125,1.3155921716752346,2.448000000007178,1.9240218864919392,True,False,864.0,3.5879968626427985,2.5937517578912197,,True,
4475,True,44.0,1.3594920554507712,1.1229752362014551,2.1600000000082686,1.9302114305692006,True,False,864.0,3.7055755925296543,2.890096557164453,,True,
4476,True,44.0,2.0423648407725357,1.4298346745308663,2.506175191243948,1.7744898807826432,True,False,864.0,3.8718095013811227,3.583951377449531,,True,
4477,True,44.0,1.9718833297872658,1.9110484780103434,2.4480000000064703,2.0004299728058466,True,False,864.0,2.7067571091230023,3.414419740067459,,True,
4478,True,30.0,1.1604011165444397,0.88270749442745,2.7360000000054456,1.7507294192136031,True,False,36.0,2.7134898891142387,2.2414686633977703,,True,
4479,True,33.0,1.3801075370960174,0.31910144361972925,2.89982877551131,2.4360760527331653,True,False,36.0,3.733825029382376,4.283336195074089,,True,
4480,True,35.0,1.3325836334577452,0.7667742946141516,2.4480000000002726,2.411309496062254,True,False,216.0,3.7058236474399977,2.6331706698095667,,True,
4481,True,34.0,0.7287385101228052,0.27934317517792806,2.3139932061748114,2.424716777625791,True,False,72.0,1.6267186968154166,1.4178118875273302,,True,
4482,True,30.0,1.041450558203517,0.714102369693137,2.643379756283937,1.6913934555271286,True,False,36.0,2.0154132094857937,2.522290192322948,,True,
4483,True,37.0,0.954667442686827,0.5462516150982992,2.629548647636999,2.24936363038527,True,False,144.0,2.9616377463042567,2.0529113698442627,,True,
4484,True,36.0,1.029062244838245,0.662850494889426,2.2031457243641968,2.0779651439569435,True,False,72.0,1.6519123308497003,3.4748241360716583,,True,
4485,True,41.0,0.7721852714989157,0.8458883966704889,2.448000000000403,2.1967069097173617,True,False,432.0,1.2252596523246158,1.341686329672172,,True,
4486,True,41.0,0.9156513314464271,0.9665131910587661,2.4480000000091016,2.0907983855216647,True,False,432.0,1.986094969867495,2.023168939274179,,True,
4487,True,46.0,1.247209153647824,1.0415281058085384,2.160000000004534,2.1025706635687658,True,False,864.0,3.218142897310897,2.996299406558198,,True,
4488,True,46.0,1.2531255422418535,0.9287864495308895,2.6100000000049333,2.0943733617003444,True,False,864.0,3.1844116828790567,2.98470085359325,,True,
4489,True,46.0,1.3892419283187438,0.1365550969458127,2.527846386450445,2.269411681934329,True,False,864.0,3.141862540316519,2.9757278143632897,,True,
4491,True,46.0,2.006671058620914,1.3333878407865996,2.160000000007402,2.199960670421178,True,False,864.0,2.9303460932893146,3.947962687036654,,True,
4492,True,46.0,1.6510096000162697,0.7363159146261751,2.4062954508585923,2.0674271137575806,True,False,864.0,3.2027333884529714,3.5998098097586126,,True,
4493,True,35.0,1.274380965324005,1.047582562030584,2.6100000000062673,2.1774279227106463,True,False,72.0,2.0414182007177932,3.4802057203361993,,True,
4494,True,43.0,1.546370625277376,1.3153939112562512,2.610000000000707,2.2782449470809762,True,False,864.0,1.4394748623885787,3.62910060940292,,True,
4495,True,43.0,1.5925320750045604,1.2035283737022837,2.610000000001634,2.26457018124853,True,False,864.0,1.550745803709836,3.546444179606993,,True,
4496,True,43.0,1.252519094134441,0.2483901949635765,2.231384598537253,2.245178709791272,True,False,864.0,1.410866216234627,3.597904787588598,,True,
4497,True,43.0,0.36060456709626565,0.4438726843400218,2.6100000000045274,2.2644833037582766,True,False,864.0,0.33856648020021063,0.629938687089944,,True,
4498,True,43.0,0.7162063700730668,0.3961729941802332,2.294684567826432,2.2558624427921132,True,False,864.0,1.493712871523018,2.5024316547756236,,True,
4499,True,43.0,0.9552222119570343,0.9745817614893895,2.1600000000050925,2.1875311294242192,True,False,864.0,1.4705708505652872,1.9254292583103552,,True,
4500,True,42.0,2.1254752225418754,2.480903507239418,2.6100000000083488,2.239516046694017,True,True,5000.0,2.8224176098976597,4.7605991118124225,,True,
4501,True,40.0,1.6124246265169955,1.5690148480862263,2.8980000000061987,2.1567757253363182,True,False,432.0,4.763184491805118,2.85886560588548,,True,
4502,True,41.0,0.6623685559789351,0.7277433116760221,2.328091810247396,2.0024428048261456,True,True,5000.0,0.6147710860412006,0.9483165320416326,,True,
4503,True,34.0,0.8428718578561164,0.3674229274110985,2.5521051671525234,2.1078541328327254,True,False,432.0,3.169212180181991,1.5503771539782065,,True,
4504,True,35.0,1.9262063414206227,1.4923340488530812,2.325173747969119,2.124531254771273,True,False,216.0,4.9293869499594605,4.438829671730873,,True,
4505,True,41.0,0.5430777721695252,0.48317150791626773,2.476970817493525,1.9505516685543092,True,True,5000.0,0.520487143923098,0.9816447312659641,,True,
4506,True,33.0,1.3418246905608264,1.3223930132371606,2.653112548267699,1.9891012395049177,True,False,12.0,2.869526854239185,3.358608587540145,,True,
4507,True,42.0,2.0204234419570284,2.248189931317029,2.475000000002828,2.087280053083438,True,True,5000.0,3.178283740330943,3.642973308028681,,True,
4508,True,35.0,0.20640025108869248,0.25442412748452625,2.472272136921045,2.3658070444776342,True,False,72.0,0.2807242446130886,0.2896242952200025,,True,
4509,True,29.0,0.5924588345128948,0.7747254485511803,2.4480000000044635,1.989923401566,True,False,36.0,0.924703331193115,0.7868094246861297,,True,
4511,True,35.0,1.1256128910025742,0.6421867640929122,2.6100000000018846,2.3296717664726936,True,False,216.0,3.0300595779011514,3.011524854703027,,True,
4512,True,33.0,1.265071719827422,1.2324634639116994,2.1600000000101636,1.7493541426194985,True,False,432.0,1.2772840788070114,3.050031876040663,,True,
4513,True,44.0,1.4133827440771256,1.202777234808309,2.4480000000036606,2.125899051436827,True,False,864.0,3.467572992528075,2.675377893362223,,True,
4514,True,44.0,2.2689415219928453,2.4504120452766074,2.160000000009396,2.0637823533260478,True,False,864.0,3.3724121246073118,4.232353340230666,,True,
4516,True,44.0,1.775250876244737,1.1851289275327872,2.5279214636976746,2.2191446496792406,True,False,864.0,3.8173922095210586,3.6288816007319924,,True,
4517,True,44.0,1.3133994980647288,1.164211254908878,2.4480000000050226,2.0745416940616064,True,False,864.0,4.204718786295333,1.7964937239856893,,True,
4518,True,44.0,1.8418372655162674,1.4927593702268496,2.7993761594905866,2.067593644626526,True,False,864.0,3.675370445928475,3.6147806757095404,,True,
4519,True,33.0,0.7623203339819347,0.973441638147051,2.8597789169858716,2.0052653465564103,True,False,12.0,1.4422839059592745,1.311565400295925,,True,
4520,True,35.0,1.4563019637410162,1.1069726310961414,2.160000000008809,1.97964284968274,True,False,72.0,2.5488899812077817,4.133905075616168,,True,
4521,True,40.0,0.475585152616464,0.5843589997712115,2.5609087052613906,2.107588288898,True,False,72.0,0.5499300259380449,0.6062973571834335,,True,
4522,True,40.0,1.2899589262881013,0.4984509697824251,2.3189144085839186,2.0857575354292743,True,False,72.0,2.859585827743871,3.2975790495924753,,True,
4523,True,38.0,3.1758435505391676,0.8864341830376361,2.3271991993932577,2.490432333832823,True,False,1296.0,5.756292702552451,7.295429115056798,,True,
4524,True,36.0,1.3352281190293092,0.2770867749968602,2.744884575700009,2.524498896929844,True,False,2592.0,3.421206530486229,2.0644809517935045,,True,
4531,True,29.0,1.5842016406855768,1.174712333300704,2.736000000009056,2.123530970318069,True,False,36.0,3.1992483836116796,3.5703152435557177,,True,
4532,True,30.0,1.1173732439691604,1.1078590201068437,2.736000000005718,2.173331119802042,True,False,36.0,3.082360046732703,1.3567500536196144,,True,
4533,True,38.0,2.146000542174324,1.4452856235657237,2.1600000000008084,2.1509688083512506,True,False,216.0,6.062455597513277,3.3756177022698726,,True,
4534,True,38.0,1.1596250634828897,1.3391907272052777,2.4480000000082915,2.087018956262736,True,False,216.0,1.9997489322503375,2.10263697561305,,True,
4535,True,41.0,0.9973204622815502,0.5088991265947698,2.1600000000004798,2.191123286901036,True,False,864.0,3.2430640728561175,2.8831322869979985,,True,
4536,True,41.0,1.7652123633876087,1.0034168568490713,2.8665901892276713,2.1674183677822794,True,False,864.0,3.483999702143854,3.5550132353639246,,True,
4537,True,41.0,1.13366869752269,0.31867028003762243,2.3165615012351557,2.254053753241036,True,False,864.0,3.4062571054724935,2.6440931922571163,,True,
4538,True,41.0,0.6809862581809462,0.8806425934599247,2.911961016691144,2.3050342188349395,True,False,864.0,0.3524489688968678,0.3181770058610861,,True,
4539,True,41.0,0.9810851813306473,0.46443667555286083,2.610000000006176,2.287784119382771,True,False,864.0,3.315461587347266,2.661323488459973,,True,
4540,True,41.0,1.545430263230176,0.12534195758780697,2.4525794689386955,2.2367704483920567,True,False,864.0,3.269493887809104,3.569304309818834,,True,
4541,True,45.0,1.0954145933647161,0.3915631858508277,2.4824311326195883,2.064875594339765,True,False,864.0,3.012989463649764,3.2323415025121114,,True,
4542,True,45.0,1.8662860745723577,2.0883022851085116,2.1645598825648564,2.1592998963784535,True,False,864.0,1.8370169808702212,2.6648918637300874,,True,
4543,True,45.0,2.0458237613226093,1.9600895034745918,2.1600000000041177,2.172230779107045,True,False,864.0,2.697399643034057,3.555387386690315,,True,
4544,True,45.0,1.969776172070185,1.7384343263693154,2.4750000000043357,2.178635833864852,True,False,864.0,2.49184167344743,4.168204829659916,,True,
4545,True,45.0,1.516936951164443,1.5442592924591736,2.1600000000078343,2.098279529948286,True,False,864.0,2.9534574497341035,2.9670132594293617,,True,
4546,True,45.0,1.1359539061697568,1.551483805393218,2.5996257250092656,1.960938151319414,True,False,864.0,0.6092361562816393,0.7924205463929188,,True,
4547,True,42.0,2.0505837375586573,2.3412965345196426,2.4480000000026463,2.312008807184782,True,False,1296.0,2.714191732101153,3.4655955239868184,,True,
4548,True,32.0,1.1193841789966474,0.5953210700135969,2.898000000002614,2.1445603083849147,True,False,216.0,3.0441437479772655,3.1247872858844628,,True,
4549,True,42.0,2.223471410871047,2.0615970670987736,2.330174863373936,2.232980684309652,True,False,1296.0,3.056487462685938,3.7702238551224716,,True,
4550,True,32.0,1.6422309982793786,1.7940140830869495,2.4750000000017383,2.1779536942047226,True,False,12.0,3.03868571983204,3.1701960127299187,,True,
4551,True,40.0,2.211471123684238,1.9886703672309523,2.3203327400512754,2.2293892122731735,True,True,5000.0,3.861634191821417,4.910655694210492,,True,
4552,True,33.0,1.7805342341059933,1.2999269305655616,2.448000000005122,1.7013080852978981,True,False,216.0,4.334655447385532,2.6235011738149905,,True,
4554,True,42.0,0.9002387339726707,0.2251385442505125,2.2714895080961464,2.266944961771238,True,False,864.0,3.4713507548926024,2.7824390204871343,,True,
4556,True,42.0,1.0567131307615274,0.7602836361620575,2.2933980746515084,2.1877275936688276,True,False,864.0,3.141878457708721,2.9055322987159,,True,
4557,True,42.0,0.6249104266568486,0.7625669927401759,2.1600000000045774,2.1574091048523925,True,False,864.0,0.7456183235587602,0.8626691424123009,,True,
4558,True,42.0,1.0849110413100156,0.7849089972478396,2.2196097111846194,2.3400532720431815,True,False,864.0,3.3247443611533862,2.771710807013368,,True,
4559,True,32.0,0.8523292294933876,1.1158777371165343,2.347429989082836,2.2122175803478283,True,False,24.0,1.3939991241405745,0.8185498339511962,,True,
4560,True,33.0,0.5459432350060822,0.6327175822916615,2.8081716412195217,1.803310659731151,True,False,216.0,0.8366286321629353,1.147358069945681,,True,
4561,True,41.0,0.8180426875383949,0.18224003908107989,2.175861423580953,2.0020231575333987,True,False,72.0,1.2063445837349043,1.7325217988487862,,True,
4562,True,30.0,0.45545556161094647,0.611818595778459,2.980321562641781,1.7815071983576154,True,False,8.0,0.6933457136269658,0.6818284466362752,,True,
4563,True,45.0,1.369090409936003,0.8749973107878759,2.4480000000083124,2.085623834635575,True,True,5000.0,3.6529842558115644,2.780069773264931,,True,
4564,True,43.0,0.551583300893453,0.5362603950961784,2.1666961340177022,2.0307041611470638,True,False,72.0,0.4729007460535312,1.5720360677405785,,True,
4565,True,43.0,1.4748687746030793,1.2949410492037714,2.1600000000092745,2.1372430045504887,True,False,72.0,2.5919699396070417,3.3599649852334625,,True,
4566,True,43.0,0.5549331503797177,0.7404828693142917,2.841287656997786,1.8372250050007484,True,False,72.0,0.2990807043204987,0.25238405644070244,,True,
4567,True,43.0,1.2566806487734505,1.1364704698644346,2.3292153333076726,2.0965117719679043,True,False,72.0,1.2507992362733809,2.353970165591806,,True,
4568,True,33.0,1.8381530999849822,2.1586708189825004,2.7630000000071973,1.8034540227851668,True,False,36.0,2.7384595690852698,3.5545501937204182,,True,
4569,True,44.0,0.544144352919803,0.4151603214231727,2.483275035210475,2.144685873618792,True,True,5000.0,0.5692558756748951,1.0029439777310782,,True,
4570,True,35.0,1.3089680001881612,0.5934842054994078,2.610000000002312,2.340775884082028,True,False,216.0,3.280070128622536,2.6127542607197527,,True,
4572,True,31.0,1.1002614562587454,0.8259230708972609,2.6802726817804263,1.8464873056427984,True,False,36.0,3.2619991088046247,2.560977474705087,,True,
4573,True,43.0,1.5086779388967575,1.8773913875011203,2.160000000003526,2.2446283384783325,True,False,2592.0,3.4011327097855,2.4031273722437456,,True,
4574,True,39.0,1.4396209660504118,0.7408354549115757,2.6100000000070906,2.2991409845853297,True,False,864.0,1.448141441720859,3.637643559985062,,True,
4575,True,39.0,0.9997636388456225,0.47809402858183603,2.1600000000050086,2.1867881077507256,True,False,864.0,3.559939358410587,2.723608523596576,,True,
4576,True,39.0,1.3300578677538504,0.49894060428778175,2.608195848356099,2.1680476423962642,True,False,864.0,1.386709606128217,3.5464019453252726,,True,
4577,True,39.0,1.645406667651032,0.9400635400052124,2.482892166305595,2.142824016782526,True,False,864.0,1.4085652143531577,3.5565198447292423,,True,
4578,True,39.0,1.8467525875084039,1.6874891564257268,2.4480000000053583,2.3888889452002577,True,False,864.0,2.516780096005812,4.204359434454303,,True,
4579,True,39.0,0.44385836747795226,0.5391409192634455,2.610000000003655,2.305837021929347,True,False,864.0,0.3016630608604936,0.6543023625734887,,True,
4580,True,43.0,2.9585165884467495,3.08952838139885,2.575208140109582,2.0615213961053134,True,False,432.0,3.8836425375958026,5.0322780736086585,,True,
4581,True,44.0,2.8133329691715954,2.636183733709913,2.242488696156058,2.2958571723432626,True,True,5000.0,4.8835016447959925,4.6361164462554205,,True,
4582,True,41.0,1.313464709097746,0.11052219959674403,2.61000000000967,2.2128651433153355,True,False,72.0,3.95881213911135,3.4325515065522723,,True,
4583,True,33.0,1.1420813747501557,1.025807601010456,2.7360000000055575,1.7765145752568428,True,False,72.0,3.1837688514450226,2.9448894183845686,,True,
4584,True,41.0,1.85443110738534,1.793713761089748,2.4480000000033466,1.74926047888815,True,False,432.0,2.7355309001769985,3.578423798391378,,True,
4587,True,39.0,2.6149337008227063,2.8623420047588297,2.600455770572055,1.8153457726835402,True,False,216.0,3.5550882755304727,3.550826866752289,,True,
4594,True,41.0,1.8033794579285893,1.6876295931069762,2.666209547993473,1.7557531501609218,True,False,2592.0,3.9983952158818,2.4729233250878324,,True,
4596,True,43.0,1.185268503585778,0.983059971134935,2.8652090879790593,2.1861997024288513,True,False,72.0,1.6683962826722845,2.9194930227819578,,True,
4597,True,43.0,1.0851608293531685,0.6669513067681692,2.160000000001987,2.032298341016889,True,False,864.0,2.2792009915842777,3.766424339722051,,True,
4598,True,43.0,1.5868297337467487,0.5564778952830238,2.6100000000073886,2.0440257345493476,True,False,864.0,2.377142267744737,3.6287789202745877,,True,
4599,True,43.0,1.279141200214739,1.229032186049153,2.6100000000067345,2.014859094180037,True,False,864.0,2.7608012420798898,2.9274399881218645,,True,
4600,True,43.0,0.7680960342547746,0.9908281430070929,2.8454764548969305,2.1590029896690743,True,False,864.0,0.45038165594193086,0.5953052821623311,,True,
4601,True,43.0,1.5111154686070372,0.5010615859173413,2.371432177374043,2.018549495553676,True,False,864.0,2.722377934017961,3.4118368374962986,,True,
4602,True,43.0,0.5683220484714785,0.6516930147517996,2.448000000001011,2.0414205343828593,True,False,864.0,0.3896646463020724,0.8450461167499876,,True,
4603,True,42.0,2.568094209770252,2.672267121517507,2.1600000000100255,2.273919614982025,True,True,5000.0,5.257807667153732,3.457806237374633,,True,
4604,True,39.0,1.583840310946088,1.4172245135050616,2.5571198362735306,2.346799082836023,True,False,432.0,3.5950726821157,2.4705705278495933,,True,
4605,True,39.0,1.706349938085807,1.663626614426903,2.478387413346455,2.195118009333439,True,False,432.0,3.558510950471426,2.6172453659311414,,True,
4606,True,40.0,0.5169074014452688,0.44213207765642437,2.160000000004812,1.832763000881456,True,False,216.0,0.6052787561387178,0.9735614590767694,,True,
4607,True,40.0,1.0309556365513064,0.816110495794419,2.282503827619685,2.088124967788087,True,False,216.0,2.9742598715865203,3.2155127859792603,,True,
4608,True,40.0,0.4293497861287931,0.38746045928564854,2.160000000007288,1.9081760687368448,True,False,216.0,0.6454158608126045,0.637837438226555,,True,
4609,True,40.0,0.6135611760657187,0.7815129737355164,2.160000000004178,1.9909246190149943,True,False,216.0,0.5110352968201145,0.47533268546616425,,True,
4610,True,33.0,1.243958075392059,1.177382046033017,2.6116493578180924,2.2028088856957155,True,False,432.0,3.1179760746159846,2.7407327761467584,,True,
4611,True,43.0,1.1633530698371695,0.3684417904041766,2.441890310800809,2.1138020422688593,True,False,72.0,2.88387042639817,3.471757090291982,,True,
4612,True,46.0,1.3466370411000559,2.0484909921469807,2.6100000000052654,2.0553326612254277,True,True,5000.0,1.2438092981815654,1.8161422704400045,,True,
4613,True,46.0,1.983571309280406,2.2734446562244557,2.610000000002537,1.8336346776007482,True,True,5000.0,2.336268455083431,3.2043077897747523,,True,
4614,True,36.0,1.4645881990068912,1.9215269648375397,2.7360000000039384,2.1880916281545435,True,False,2592.0,2.119774659852164,2.522070130427174,,True,
4615,True,45.0,1.935096512252243,1.7236258567063487,2.1600000000039556,2.2222694194224064,True,False,432.0,3.4165115844684575,4.505228777513037,,True,
4616,True,45.0,1.9503942562906436,1.793869420998817,2.160000000002111,2.163311805034124,True,False,432.0,3.547806636919119,4.585114187471752,,True,
4617,True,45.0,2.636180411748921,2.8291892627494235,2.208519592761571,2.036525750856099,True,False,432.0,3.751871356522384,5.438213888605114,,True,
4618,True,38.0,0.2999456363318599,0.23445274297046126,2.462141177021118,1.999521928536919,True,False,36.0,0.5604812042353716,0.4739132995519147,,True,
4619,True,38.0,0.4883734114343584,0.5429202029408771,2.448000000007172,1.9606258708126851,True,False,36.0,0.5024991150450461,0.7411449658901219,,True,
4620,True,38.0,1.002450859267041,0.8829165329043462,2.79323691633897,2.0332384530349605,True,False,36.0,3.2824265331759253,1.519417207990777,,True,
4621,True,38.0,0.5729123821639653,0.6422697582820547,2.518310691573194,2.1949905429636822,True,False,36.0,0.26822774302266844,0.895054841011296,,True,
4622,True,40.0,1.2477922232653362,1.0530747110424272,2.4750000000012284,2.5542363911157477,True,True,5000.0,3.272764145556034,2.5749311088597806,,True,
4623,True,38.0,1.6884889527583395,1.7327710544086585,2.532913550885627,2.4290120653467326,True,False,2592.0,3.6636714519920828,2.8242644564871804,,True,
4624,True,38.0,1.8639254842274837,1.8679513546630915,2.8980000000040174,2.2266573615399383,True,False,2592.0,1.459194790534704,3.0993232508184154,,True,
4625,True,38.0,1.399024956318256,1.1000672654772643,2.9250000000031693,1.9100025138465133,True,False,2592.0,1.1506904422966935,3.079983829914232,,True,
4630,True,41.0,1.3437725652303683,1.3406789380314876,2.448000000007774,2.168210481503122,True,False,432.0,2.8305227179436603,2.298947442425178,,True,
4631,True,37.0,0.4030935477304118,0.33812222570122685,2.246368613622298,2.162760772276952,True,False,2592.0,1.0602306942875515,0.5565510690359923,,True,
4632,True,37.0,0.9149275581497768,0.5236570228553319,2.610000000001494,2.101649773439904,True,False,2592.0,1.3572636222270984,2.9601557012094837,,True,
4633,True,32.0,0.4872963022780359,0.7475919558128226,2.448000000001715,1.8577955899936893,True,False,72.0,0.3617961437558411,0.4873355833469492,,True,
4634,True,44.0,1.3848497865945102,0.8554370886267861,2.565672640444087,1.9269248252591484,True,False,864.0,1.4192662933854607,3.557443194299563,,True,
4635,True,44.0,0.42510788132653166,0.34040062488566036,2.448000000003549,1.9907092525278522,True,False,864.0,0.4955775032473768,1.0107448357087292,,True,
4636,True,44.0,0.5733298738968844,0.706855103973794,2.2992935327796085,1.9812510561763745,True,False,864.0,0.42575319285583385,0.8681181216127275,,True,
4637,True,44.0,1.3891617920467287,0.873282794294937,2.477648130546337,2.004760959765528,True,False,864.0,1.4257179682070127,3.615818407574262,,True,
4638,True,44.0,1.014019385766102,0.89200499897197,2.160000000006449,1.883138688732192,True,False,864.0,3.157327494054749,1.7131376778115748,,True,
4639,True,44.0,1.0241138659564135,0.7703215024484962,2.1830568653664333,2.0979124478633517,True,False,864.0,3.188744416816475,1.8107771116143743,,True,
4640,True,42.0,0.9538393295723165,0.7654097714512318,2.1600000000034116,2.1097328556478425,True,False,1296.0,3.1938380053473017,1.6313196329941968,,True,
4641,True,42.0,1.0985534014910947,1.0171186013976694,2.4843553016288,2.1764939138899515,True,False,1296.0,3.2228309517728886,1.9034013861911896,,True,
4644,True,39.0,1.0347165021328188,1.005631777796225,2.4447415652524866,2.156172915190245,True,False,36.0,3.088947537568164,1.1027289054707712,,True,
4645,True,39.0,0.5857418007811168,0.5135367633010901,2.610000000002177,2.187999584460655,True,False,36.0,0.7080500714663844,0.9368905629686526,,True,
4646,True,47.0,1.6586150568365479,1.931697158193856,2.160000000006489,2.0416576129214223,True,True,5000.0,2.603257132818511,4.353630790343968,,True,
4647,True,48.0,2.3857675781938688,1.8757747439049126,2.1600000000030763,2.068503085373575,True,True,5000.0,4.748236093707129,5.817010462441892,,True,
4648,True,37.0,1.4464158720830582,1.5935372433523298,2.5724758099726124,1.873001991910313,True,False,72.0,2.984594569854348,2.893230797259616,,True,
4649,True,38.0,1.544792907865412,0.7310659572249278,2.3158628041428946,1.7202595742794167,True,False,1296.0,2.9536969568511013,3.4576065226732697,,True,
4650,True,38.0,1.31763411227024,1.5288958990604442,2.4480000000053814,2.4268768976814625,True,False,432.0,2.6619247657408684,1.8783681671669463,,True,
4651,True,45.0,2.8945803438502837,2.7671634271573566,2.5618331626893616,2.104182695799013,True,False,864.0,3.7925147787383566,5.4023583286498695,,True,
4652,True,41.0,1.1084410861356517,0.9546199715587136,2.420343142723757,1.93850186497202,True,False,36.0,3.3107004399386017,2.712132440221389,,True,
4653,True,41.0,1.1393146841094552,0.9312274583899125,2.5013304780724557,2.154197420873955,True,False,36.0,2.6748731733533355,3.019643392135889,,True,
4654,True,41.0,1.1062543186712048,0.9436351756521617,2.16000000000781,2.1397757031053515,True,False,36.0,2.590285099141254,2.9674523361104517,,True,
4655,True,41.0,0.9985711302237366,0.52489905440234,2.5626012557738664,2.230002779258358,True,False,36.0,2.670179401977364,3.0241153143654276,,True,
4656,True,38.0,1.6866782562731581,1.9777586618583882,2.3891197989130304,2.2108036586951814,True,False,864.0,3.1065315640087863,2.6366022802579208,,True,
4657,True,47.0,1.561141711167607,1.5943939379649237,2.221900817071374,2.0514970495226166,True,False,2592.0,3.155771908070826,2.1304360967441354,,True,
4658,True,47.0,1.9846462358328514,1.6999810593188158,2.7567174145670763,2.0377721773790123,True,False,2592.0,3.2884832894721243,3.5243171958643473,,True,
4659,True,47.0,3.5183790363873726,4.442675866564969,2.4750000000084835,1.9835873673725593,True,False,2592.0,5.590825126025979,2.380773874636843,,True,
4660,True,47.0,2.407401220513593,2.7423212019421044,2.475000000004387,2.212418666821449,True,False,2592.0,5.664198571690638,2.305828490097058,,True,
4661,True,47.0,2.859979259173281,3.120515182046802,2.9250000000069876,2.0861586509659324,True,False,2592.0,4.616679487812442,3.504321264808366,,True,
4662,True,47.0,2.2168599403275278,2.307635174543975,2.610000000004964,2.059490939504226,True,False,2592.0,3.115498777078089,3.5996137424210515,,True,
4663,True,43.0,0.9675588254769653,1.295973633918038,2.4750000000017054,2.2554389462142397,True,False,2592.0,2.0224095945562843,2.0678990033972364,,True,
4664,True,43.0,1.6881530016615023,1.97054139980537,2.4750000000076655,1.7999521073073026,True,False,2592.0,2.324089952310531,2.750533194304034,,True,
4665,True,39.0,0.776823406593239,0.3836506967381865,2.448000000006218,2.4572874669846834,True,False,2592.0,1.384268084820387,2.3549071843263647,,True,
4666,True,39.0,0.9642169898117244,0.7838474782038247,2.871317052676043,2.2692013264142075,True,False,2592.0,3.06739877225789,1.1078981396648644,,True,
4667,True,36.0,2.0746421787702785,1.8163786560544395,2.610000000004524,2.297595747928691,True,False,2592.0,3.4419424471384157,4.780779516555294,,True,
4668,True,37.0,1.2180254393461554,0.9944782297097845,2.2445515703984658,1.7232697239260022,True,False,1296.0,3.1470631791741033,3.0619374711124774,,True,
4671,True,40.0,1.4775705150939535,1.6760134086907783,2.16000000001026,1.8722219421318618,True,False,2592.0,2.241136906756653,2.6142625331503577,,True,
4672,True,40.0,2.198894239576544,2.823324233326275,2.610000000004719,2.282218719886418,True,False,864.0,2.821845845431441,3.5773474944531523,,True,
4673,True,43.0,2.8731516839982043,3.748595106862922,2.6100000000006602,2.121477592551946,True,False,144.0,4.615312153883314,5.779519247977714,,True,
4674,True,38.0,1.3698771386509783,1.034858427268773,2.8184973335147108,1.799508960883496,True,False,2592.0,1.8405705481137464,2.625730655914972,,True,
4675,True,38.0,0.929757580640923,0.8456514058998437,2.921972990079219,1.8157651864159088,True,False,2592.0,1.5891512693390097,2.3760792276985194,,True,
4676,True,47.0,0.6633613819146646,0.8055595293735678,2.160000000000502,2.1281184458812437,True,True,5000.0,0.3850886939030404,0.9319373172842257,,True,
4677,True,42.0,2.3147116953011504,1.893470556326065,2.3044239281075902,2.242527804108569,True,False,1296.0,4.9421170483618395,4.896553744916311,,True,
4678,True,41.0,2.8181249249521425,2.4846258261495677,2.4480000000013105,1.7341970048699773,True,False,72.0,6.554510978251595,4.114502191323689,,True,
4679,True,41.0,2.3442287000706457,1.3991442642545735,2.280902088995109,1.7761667379500157,True,False,72.0,6.494713094576326,3.7315461273419332,,True,
4680,True,38.0,1.707362326219234,1.8897778173923143,2.7150363795820467,2.2843962875779678,True,False,72.0,2.3873191452999722,3.2778018668432987,,True,
4681,True,42.0,1.562177860476211,1.0348630218395556,2.160000000000037,2.0951317964032716,True,False,72.0,3.4400494815091114,3.197004254054969,,True,
4682,True,42.0,1.2962310220107318,0.8906349579192465,2.3852823235531853,2.035039738850325,True,False,72.0,3.1210312752737996,2.9614375203887824,,True,
4683,True,40.0,1.5707453258189097,0.7887496839539381,2.3014712957825583,2.036634591427731,True,False,72.0,3.0297022381546315,3.506998137866173,,True,
4684,True,40.0,1.4074488691702418,0.9820805961826409,2.5228132663082397,2.121390938723931,True,False,72.0,2.7886016940730105,3.691967719794849,,True,
4685,True,40.0,0.9833045017396125,0.5602078537849593,2.6069360317499557,2.1404980046708757,True,False,72.0,2.9977051094066973,3.265684504280859,,True,
4686,True,40.0,1.028876494972527,0.6623638011878938,2.7931753538213164,1.9379808490539838,True,False,72.0,3.377527290216222,2.774129563166871,,True,
4687,True,42.0,1.4912017338790138,0.44261881151032867,2.610000000000949,1.885142001786603,True,False,432.0,2.478281217579405,3.5462604900339034,,True,
4688,True,42.0,0.7439844195448891,0.83051227492615,2.4480000000089106,2.1465996107798024,True,False,432.0,1.1965595784934033,1.3941137017122078,,True,
4689,True,43.0,1.5386423468845145,0.462363737202395,2.610000000004358,2.363816677092367,True,False,2592.0,3.7380616886114986,2.8883767430951703,,True,
4690,True,43.0,1.4596062329444608,0.7140796487219632,2.2290031201852605,2.0908837916536633,True,False,2592.0,3.6712694165889723,2.671541986345085,,True,
4691,True,39.0,0.9097937387217366,0.9940032107551815,2.448000000002684,2.2344825577524654,True,False,432.0,1.0566297542276577,1.8439317160228996,,True,
4692,True,43.0,2.344935249168668,2.3513135473185685,2.6100000000022217,1.9407435440572771,True,False,1296.0,3.536116610554156,4.956633005419286,,True,
4693,True,43.0,2.1677138057393655,2.2141608945748885,2.1600000000052506,2.171994133417491,True,False,1296.0,3.4874374506834784,3.5442872902878704,,True,
4694,True,38.0,2.407131082660257,2.8302984296387876,2.6221208098854594,2.1214762923021317,True,False,144.0,5.301558385854024,3.0422292372182236,,True,
4695,True,36.0,1.2730580960702704,0.9684768822044134,2.3360823840231317,2.1844925137431805,True,False,72.0,1.6862466668603286,3.676744433117699,,True,
4696,True,42.0,1.5287937594484635,0.8521210229810094,2.51324501786729,2.1368594526547597,True,False,72.0,4.318409606759032,2.814945357512059,,True,
4697,True,42.0,1.6548566996758598,1.0475451000420435,2.4480000000058206,2.1364677138211103,True,False,72.0,4.159423334778018,3.587280773769025,,True,
4698,True,44.0,0.3973286093182469,1.0913936421275139e-11,2.7304802829516364,1.9601987393884326,True,False,864.0,1.241901216211645,0.8584082585905345,,True,
4699,True,44.0,1.2581390343946042,0.1811717255768599,2.610000000004459,2.174801930337565,True,False,864.0,1.4348899823746528,3.625441722363028,,True,
4700,True,44.0,1.287582103356347,0.4312922457611421,2.61000000000747,1.9462964956809639,True,False,864.0,1.4031094870905838,3.59218534810545,,True,
4701,True,44.0,1.2431245677068836,0.24014178759171045,2.6100000000077146,1.9872731561363173,True,False,864.0,1.3411553451095812,3.4825993380600733,,True,
4702,True,44.0,0.5320344780911701,0.4816147956371424,2.579553196727415,2.1040208944304712,True,False,864.0,1.0293696712730356,0.7817832331762413,,True,
4703,True,44.0,0.4089818143995063,0.2866882352682296,2.448000000008263,1.9889314551537465,True,False,864.0,0.637266308137329,0.7870625066338041,,True,
4705,True,39.0,1.5314982654135711,1.125757907422667,2.2862437171003043,1.928869211273797,True,False,36.0,3.7347465932005397,2.732560814512705,,True,
4707,True,39.0,0.38601870922616577,0.4047569380090863,2.448000000000567,2.3272990658056822,True,False,36.0,0.5268420517780388,0.4789403222372484,,True,
4708,True,45.0,0.34634540941568054,0.319616244527424,2.627583412561296,2.256660161854239,True,False,864.0,0.2809545397318391,0.6735964292261211,,True,
4709,True,45.0,0.4398398804119544,0.47209710429160623,2.497489412399443,2.1434167496312986,True,False,864.0,0.32227144813745107,0.7692862319458309,,True,
4710,True,45.0,1.2293737752272142,0.3799848208545882,2.7515891162411887,2.277959267107294,True,False,864.0,1.3960419503492063,3.584870177853013,,True,
4711,True,45.0,1.2701698247170405,0.3350602579739643,2.6100000000084407,2.2492883504121925,True,False,864.0,1.4319769881274493,3.6198132781002044,,True,
4712,True,45.0,2.255478615183396,2.6017165165103506,2.4750000000008012,2.205073892843503,True,False,864.0,2.824126107929567,3.7640014804606294,,True,
4713,True,45.0,1.5205978349121412,0.879571260920784,3.0600000000011582,2.1632872620620685,True,False,864.0,2.955447415025199,3.560746410416116,,True,
4714,True,37.0,1.3025397660756841,1.0934353025222663,2.610000000007476,2.10503830202683,True,False,72.0,1.9614838918938382,3.7006663839425706,,True,
4715,True,38.0,0.7159213223053952,1.0936844384632423,2.766527137374079,2.2084343651102696,True,False,144.0,0.5342273163484353,0.94867770811197,,True,
4716,True,37.0,1.2795799714408853,0.9076118964258058,2.610000000005409,1.9555801548389675,True,False,216.0,2.1499670074372723,2.5187345396636807,,True,
4717,True,36.0,0.9125184469430203,0.4223468487180071,2.833731586088121,2.421448068181517,True,False,24.0,2.9873933081985076,3.245397617443438,,True,
4718,True,36.0,0.9803268897510601,0.512685124122072,2.610000000006986,2.230840655829098,True,False,24.0,3.5421535348511477,2.7368426529364562,,True,
4719,True,36.0,0.4798118379479142,0.4808715261715406,2.5716039962136046,2.2273916962222877,True,False,24.0,0.32636444432049877,0.8971039519903574,,True,
4720,True,36.0,0.581336379462717,0.6733926729502855,2.448000000000324,2.349996880402185,True,False,24.0,0.45874398613320794,0.8115023845841376,,True,
4721,True,39.0,0.8376144536315752,0.27956893885857426,2.2964602769919584,2.2350933826576465,True,False,36.0,3.2636722874433044,2.507898526306013,,True,
4722,True,39.0,1.6737933446145958,1.41042410616501,2.475000000006237,2.063661287663264,True,False,36.0,4.3605429451177695,3.0454110867979782,,True,
4723,True,39.0,0.8184614444422186,0.35413618051461526,2.560801481266018,2.0979106994579158,True,False,36.0,3.0301576001144377,2.5207198905047177,,True,
4724,True,39.0,1.8306856311552018,1.1861139080028806,2.7268123704857254,2.140047882875521,True,False,36.0,3.882340013524276,3.3120492855163475,,True,
4727,False,,,,,,,,,,,,False,no isomorphism
4731,True,36.0,0.40627257302346814,0.4068555294907128,2.709924525844558,1.891062799036563,True,False,216.0,0.49595658858865455,1.075433550016137,,True,
4732,True,37.0,0.4239622191660547,0.33708337415009737,2.7339416899010462,2.1518531995468466,True,False,432.0,0.5858400190455509,1.04876017353463,,True,
4734,True,45.0,0.3802821443964652,0.39036331972965854,2.460762962971493,1.99389020565326,True,False,864.0,0.6678243575326305,0.5459505086752457,,True,
4735,True,45.0,0.4434840981556052,0.33349037225707434,2.477855986618021,2.055153052037731,True,False,864.0,0.46636857408966353,0.9559700803804551,,True,
4736,True,45.0,0.5700100682693007,0.7608918093319517,2.754925250345464,2.0033143305282874,True,False,864.0,0.3035524786776984,0.5918329750306961,,True,
4737,True,45.0,0.5838835384923567,0.7703489673476724,2.1600000000010207,2.0102097751727306,True,False,864.0,0.4278545907899907,0.6395374019202688,,True,
4738,True,45.0,0.8056262128150334,1.0161132201064902,2.160000000001632,2.171922509506267,True,False,864.0,0.5666377427509932,1.0696722015323512,,True,
4739,True,45.0,0.27801212196392916,0.20124185944223427,2.4276716304771826,1.9487859014268345,True,False,864.0,0.600886229921034,0.5398157412926924,,True,
4740,True,41.0,1.5332938714154571,1.1536546031566104,2.1600000000028823,2.1513092726523535,True,False,72.0,3.322242606076691,2.8976684196680855,,True,
4741,True,41.0,1.1568725164120106,0.5174048894659791,2.7827719356899414,2.089588830894729,True,False,72.0,2.8347895899597746,3.2291436273689422,,True,
4742,True,37.0,0.7752200281379387,0.7718336639845802,2.4480000000053246,2.2946758967008827,True,False,2592.0,1.1416827222360997,1.4578005042793332,,True,
4743,True,37.0,0.879827065980156,0.4808572640904458,2.5775934198334824,2.234551404756669,True,False,2592.0,1.7688044309485944,2.321939148678752,,True,
4744,True,35.0,1.4394663906361678,0.9939813057753781,2.448000000006726,2.0931122535115025,True,False,72.0,3.7957090524623998,3.849029048519971,,True,
4745,True,36.0,0.9808135710912286,0.7170310970068385,2.9520156113216336,2.215708925400627,True,False,12.0,1.313858281779448,2.90502919060568,,True,
4747,True,43.0,1.1817040251645061,0.6395416626037331,2.196596637990682,2.166559493690399,True,False,72.0,3.4312091342127617,3.0313713820024892,,True,
4748,True,43.0,2.1339197302168538,0.8571320805349387,2.1600000000075923,2.102458646941718,True,False,72.0,7.1167741750543945,3.7133095837061574,,True,
4749,True,47.0,1.805595186093313,1.045464405353414,2.2783485193329964,1.9462888326504884,True,False,144.0,2.363278039078343,3.3088506405908173,,True,
4751,True,39.0,1.6411498642051041,1.4384163384165731,2.775697525785429,2.2133185924760133,True,False,2592.0,2.775056420710872,3.659234007750944,,True,
4752,True,37.0,1.0127372864383914,0.5640453413325304,3.0360261754506563,2.02053470648242,True,False,216.0,2.6590266725382814,3.0662546593083144,,True,
4753,True,46.0,1.4723176069279282,1.259381039370055,2.4844195368036157,1.9976635705243264,True,False,864.0,2.2824925499571567,3.9168597188602985,,True,
4754,True,46.0,0.7288746952071687,0.9436963696134626,2.554401752675518,1.9205724693694848,True,False,864.0,0.8471224800876362,0.8376341880434544,,True,
4755,True,46.0,0.5851893423904705,0.7833923024991236,2.7366043926434696,1.9921511402752554,True,False,864.0,0.3481374219043842,0.4002919102017507,,True,
4756,True,46.0,1.556258893586276,0.39671403640386416,2.448000000007873,2.0986968429480233,True,False,864.0,2.0099743541001507,3.6750504381472027,,True,
4757,True,46.0,0.7112063422425196,0.07552247179410188,2.6100000000103436,2.052844830034652,True,False,864.0,3.0051544289444503,1.3769846890136437,,True,
4758,True,46.0,0.7586377852537437,0.931634537064383,2.3655692365255523,2.0132170440615687,True,False,864.0,0.47122026585754423,0.9522218174569873,,True,
4759,True,45.0,2.4609454033784215,2.9114197453272936,2.47500000000549,2.0949973709768708,True,True,5000.0,5.046010861765705,2.9897080486060688,,True,
4760,True,34.0,0.2927778635376899,0.3371423310491082,2.489295260280228,1.935544430825601,True,False,216.0,0.4766131083168951,0.4518429057824652,,True,
4761,True,36.0,0.3224138864798676,0.4664662790710281,2.4679785214648886,1.9747931881085676,True,False,12.0,0.4775344253831776,0.40428773625004083,,True,
4762,True,40.0,3.016086535058302,3.7509802835047594,2.610000000001766,2.3919757318794015,True,False,432.0,4.5931355835356555,5.615884689423855,,True,
4763,True,42.0,0.5021234234386417,0.6102491162564547,2.610000000002963,2.282779519905503,True,False,864.0,0.4203907839032454,0.6056850291557546,,True,
4764,True,42.0,0.9381322696830522,0.8059705651685363,2.6100000000001877,2.2838993209202547,True,False,864.0,3.143921823745313,1.6724284868949615,,True,
4765,True,42.0,1.2928807468339496,0.37052840918840957,2.2522966189504205,2.344098040377151,True,False,864.0,1.4200097153483329,3.602136810794344,,True,
4766,True,42.0,0.5333335703518586,0.6486567554238718,2.6100000000005465,2.2133762108823705,True,False,864.0,0.4470519108230393,0.6457084607409561,,True,
4767,True,42.0,1.4973467898983062,0.6128014876594534,2.6964921257441685,2.1907181909593025,True,False,864.0,3.139079726548978,3.5373545323261464,,True,
4768,True,42.0,0.278508924859318,0.18777075199614046,2.3322590539073365,2.219271772902093,True,False,864.0,0.48809545390474784,0.5283264856180944,,True,
4769,True,39.0,0.8673756949527183,0.5486931697196269,2.6100000000040184,2.267839557949371,True,False,24.0,3.2963986595474863,2.7350074795315886,,True,
4770,True,39.0,0.9033888954729354,0.6313930761898519,2.475000000001763,2.3724480549424047,True,False,24.0,3.2171138865992734,2.780720096412455,,True,
4771,True,39.0,0.885776317843864,0.5339614693839394,2.58796855014004,2.3259269141785173,True,False,24.0,3.292647394683583,2.7575116244520848,,True,
4772,True,39.0,0.4830909798863967,0.60497351754384,2.6002547528019613,2.3613554640502556,True,False,24.0,0.3060153284129146,0.6851829535930651,,True,
4773,True,45.0,1.437366235436855,0.8224318561624386,2.311742216376871,2.152241116627038,True,True,5000.0,1.8902757831007035,3.829539635198261,,True,
4774,True,49.0,1.8590806926834136,2.0057529366204108,2.160000000000124,2.1133136968041444,True,True,5000.0,2.7731880503461546,3.023854010961435,,True,
4775,True,33.0,0.37357094025489695,0.6349443595499906,2.80464277562993,2.0475140511361576,True,False,12.0,0.2907258277200646,0.24795013067177674,,True,
4776,True,35.0,2.1265094378508405,2.4038875848273165,2.6100000000087986,1.8846112476051926,True,False,216.0,3.291072049299085,4.582853125642398,,True,
4777,True,46.0,1.3713180187881306,1.584656345523399,2.6100000000022043,2.16582055777943,True,False,864.0,1.8062360531689408,1.8277723847473992,,True,
4778,True,46.0,1.518044251386058,1.9661571967735654,2.2064990723437314,2.1773982138552426,True,False,864.0,0.9969300695014285,1.539012853944742,,True,
4779,True,46.0,1.5239215788040859,1.4411087867010792,2.47500000000506,2.270834412479254,True,False,864.0,3.2394040871467955,3.2457121785403835,,True,
4780,True,46.0,2.3161740504582196,2.605630736430612,2.160000000002626,2.1110396342323843,True,False,864.0,2.8514361282062457,4.168618536745238,,True,
4781,True,46.0,1.5810518800367845,0.5054582881784881,2.596628362316087,2.0628078180237734,True,False,864.0,2.8610221938690947,3.6040951572076096,,True,
4782,True,46.0,1.8910994953496767,1.498681851047877,2.8017505621512075,2.3250845010235652,True,False,864.0,3.2427896613170244,3.5412697610189623,,True,
4783,True,41.0,1.220621708752524,0.8872436023848422,2.205710994096676,2.2080363449907248,True,False,48.0,1.5176474796064985,2.6455908617916566,,True,
4784,True,45.0,0.5707738580697247,0.5209526266917237,2.610000000007013,2.242800579030601,True,True,5000.0,0.5234659631324781,0.8686987353233423,,True,
4785,True,33.0,0.36000555083593483,0.47430303760120296,2.926554870926511,2.0201242069239207,True,False,36.0,0.4717537953716319,0.6189765757822188,,True,
4786,True,46.0,2.092656992366178,2.3837668255873723,2.44800000000401,2.1814559278151826,True,True,5000.0,3.7815605155584513,3.3013463086364654,,True,
4787,True,41.0,0.5006294854186305,0.46930757458903827,2.2891110397817926,2.3666539043975146,True,False,432.0,0.898541410968739,0.950455183003005,,True,
4788,True,41.0,2.2755625861755204,2.931397716565698,2.619192184357689,2.4257884658601214,True,False,432.0,4.419152310222277,1.4203886215673012,,True,
4789,True,41.0,1.1842711924918687,1.0796591152138717,2.7630000000105883,2.098181760167598,True,False,432.0,3.0263502551286554,3.343100730990703,,True,
4790,True,41.0,0.6126827480488293,0.7504555785053526,2.4750000000056285,2.347650154196745,True,False,432.0,0.6450925501198986,0.7646489452458298,,True,
4791,True,45.0,1.111287230386168,1.0334166079301212,2.352745209911407,2.336223360254751,True,False,864.0,2.930610986836207,1.6834361412878591,,True,
4792,True,45.0,1.829186615993454,1.741937664359284,2.4679665212056805,2.316925840095017,True,False,864.0,1.9299694104553593,4.0437737942484935,,True,
4793,True,45.0,1.6269321196149726,0.3460620800469769,2.160000000006986,2.4416282312424222,True,False,864.0,3.1111076226431,3.6143545278348586,,True,
4795,True,45.0,1.6076323558579821,1.292224587094097,2.200091518185178,2.3807684753877267,True,False,864.0,1.4134256053794874,3.5933701164233423,,True,
4796,True,45.0,0.83657309602388,0.5145569226733642,2.3428548327086176,2.211858201806798,True,False,864.0,3.021087628928355,1.9159087028250323,,True,
4797,True,40.0,1.1759165622753522,0.5303913410280074,2.6436989389179417,2.27763870130888,True,False,36.0,3.604615159796049,2.6581895697276394,,True,
4798,True,40.0,1.4399060012548994,1.0442983024113346,2.1600000000010913,2.3031184732661933,True,False,36.0,3.1897265951088682,3.292215137357376,,True,
4799,True,40.0,0.8514978777064128,0.5065319376699335,2.475000000006153,2.16207220779048,True,False,36.0,3.2170191501449517,2.5558914269319315,,True,
4800,True,40.0,1.4174023947729093,0.8548530274638324,2.7770159413335325,2.1678230758297596,True,False,36.0,3.497375561749851,2.788980207453475,,True,
4802,True,45.0,2.268744275375719,2.4050576073350385,2.4613418823445823,1.9105294247930338,True,True,5000.0,3.3174313973201417,4.62643577686313,,True,
4803,True,42.0,1.200252998119474,0.9833051627574605,2.4480000000002704,1.8033972310336956,True,False,2592.0,3.1716320351665193,2.0858130480408796,,True,
4804,True,42.0,1.390900818542966,1.5815969425384537,2.4750000000059473,2.065998155613891,True,False,2592.0,2.030315609148295,2.5887328614511094,,True,
4805,True,45.0,1.287288153454086,0.33062624303784105,2.4480000000007727,2.29887956635401,True,False,864.0,1.4543808415340533,3.581022376175577,,True,
4806,True,45.0,0.4500292888737963,0.1823383999399084,2.2522094768510814,2.280375711280928,True,False,864.0,1.1375219566859172,0.8067500411012779,,True,
4807,True,45.0,0.5164800342300364,0.48546668508424773,2.1658825208286787,2.1621470329512746,True,False,864.0,1.2864758003535925,0.6611470853608881,,True,
4808,True,45.0,0.6019236076783089,0.6995401070962544,2.160000000004879,2.175659441043106,True,False,864.0,1.3445522806311376,0.637676418179623,,True,
4809,True,45.0,1.3624213154147673,0.5621798554238921,2.4385649127101208,2.328786726409269,True,False,864.0,1.4292120110336834,3.610432854227917,,True,
4810,True,45.0,0.47832965000125227,0.2338161143088655,2.4221413227526716,2.1883728260285085,True,False,864.0,1.4862306468303064,0.9103375638715469,,True,
4811,True,45.0,1.0663029865416127,1.4822507183162088,2.160000000005258,2.2149080603943814,True,False,864.0,1.0466226550573843,1.2768305568798213,,True,
4812,True,45.0,1.1737606204655444,0.18468947147994186,2.5963313163227015,2.229092794075652,True,False,72.0,2.9722693016262753,3.3550509283067713,,True,
4813,True,47.0,2.0484380819914945,1.7560117488719698,2.359995467172006,2.078525372205016,True,False,2592.0,3.397072816897174,4.284052592122901,,True,
4814,True,43.0,0.5697449090268568,0.6762931559678691,2.1600000000018755,2.178454122606212,True,False,864.0,0.40325865879218514,0.9215720575834312,,True,
4815,True,43.0,1.0634193000240104,0.8019331194736878,2.6100000000002184,2.180564319459529,True,False,864.0,3.584893669604731,2.742229839368008,,True,
4817,True,43.0,1.4927836870917952,0.41610498064983403,2.6100000000060164,2.090248454753645,True,False,864.0,3.451068840437693,3.983371457366341,,True,
4818,True,43.0,1.5005881004600647,0.4813188652333338,2.1600000000054282,2.1147018434994567,True,False,864.0,3.556865302947335,3.472614427648424,,True,
4819,True,43.0,1.2659124837903952,0.29314091114792973,2.464938822955646,2.3544239281828583,True,False,864.0,1.4270639172982644,3.61626831626102,,True,
4820,True,36.0,1.67721331372732,0.8195176642911974,2.448000000004786,2.0247041971853568,True,False,72.0,6.0182977897239365,2.0529051771383493,,True,
4821,True,46.0,1.5429360853570717,0.6466773538304551,2.504323996710313,2.193500014041486,True,True,5000.0,3.108030430203294,3.6319112463568515,,True,
4822,True,42.0,2.263789599478317,1.4507533580799645,2.160000000010379,2.127937290452893,True,False,1296.0,4.246233175795958,5.233430488023339,,True,
4823,True,42.0,1.594222538616892,1.753871228578646,2.4480000000037143,2.2193612379466305,True,False,1296.0,3.2722269957158345,2.4022139559456495,,True,
4824,True,41.0,0.9720373603688793,0.8153575327887665,2.4480000000012923,1.9878480467077961,True,False,216.0,3.111619800372135,1.745381327295955,,True,
4825,True,41.0,0.38272184303671525,0.36716109933695407,2.47500000000156,1.8618405859525138,True,False,216.0,0.6240694597373821,0.5895175712414206,,True,
4826,True,41.0,0.8809738161209663,0.5743198982563626,2.2606879283465666,2.028247769405898,True,False,216.0,3.101594797002901,1.6526403649658008,,True,
4827,True,41.0,0.574470325393337,0.49818935533767217,2.448000000009038,1.8361838787550662,True,False,216.0,0.6848633945349127,1.1900884895031323,,True,
4830,True,47.0,0.6169302379056765,0.6775672280491563,2.4582401102781275,2.288854850640381,True,True,5000.0,0.6000047766983667,0.9288001574563091,,True,
4831,True,36.0,0.8780227827533783,0.521990895482304,2.2878968598661342,2.183770214720404,True,False,432.0,1.6918076879011623,1.8997202404899118,,True,
4832,True,37.0,1.419430710263877,0.6957828525555669,2.187913371301803,2.093126485189082,True,False,72.0,5.215025934729966,2.200973274618405,,True,
4833,True,41.0,2.090854347886553,2.038773079169914,2.8899308501355314,2.1257415995600217,True,False,216.0,2.9483404879088604,3.300738632439495,,True,
4834,True,41.0,1.4803711581653771,0.727903978768154,2.507305455805369,2.1007908195010754,True,False,216.0,5.606573871229963,2.730380939423711,,True,
4837,True,33.0,0.35541137110717314,0.49316163635012344,2.448000000007235,2.104656425547885,True,False,12.0,0.40596521855021916,0.5247130712012671,,True,
4838,True,35.0,2.0251860550835863,2.5026195230384474,2.763000000010445,1.967036911422864,True,False,12.0,3.3018380065809256,3.722038458727506,,True,
4839,True,47.0,0.9810436049264559,0.5557112778187729,2.6100000000013033,2.2773291673142024,True,True,5000.0,1.4564998695748232,3.5144068688332175,,True,
4840,True,45.0,1.050856766959921,1.0258928627008572,2.5324538393492837,2.1621514799384434,True,False,864.0,1.2047401285055084,3.320604499225486,,True,
4841,True,45.0,1.6467547941575678,0.6397147202987981,2.674993734513657,2.0651973688245877,True,False,864.0,2.921564735535021,3.587298954300942,,True,
4842,True,45.0,1.5097509336631316,0.6812646245161886,2.9025630763886574,2.1636607637520258,True,False,864.0,2.736715794883844,3.49000949311309,,True,
4843,True,45.0,0.9043149549785596,0.5988195271384029,2.2504602601677695,2.1459613105552484,True,False,864.0,3.1849104861597404,2.5567520249397373,,True,
4844,True,45.0,1.5264240312521271,0.7370191475492902,2.160000000005464,2.189346479043461,True,False,864.0,2.7142708550766486,3.5374124096848965,,True,
4845,True,45.0,1.5429024801628903,0.8108747717487859,2.222767037689068,2.185577025798908,True,False,864.0,2.9146955733358197,3.6109202980396256,,True,
4846,True,44.0,1.8169561424842977,1.6379683781851782,2.160000000001112,2.0960918623476403,True,False,2592.0,3.0695901915575554,3.353783640122892,,True,
4847,True,44.0,1.3190716475985194,1.4150810417013417,2.2996269218218446,1.9268933606974723,True,False,2592.0,2.6667099702025467,1.7824016376682492,,True,
4848,True,44.0,1.2235325778505792,1.1959660943648487,2.337380848786921,2.029969931624604,True,False,2592.0,3.0269610430832667,1.6995377602869621,,True,
4849,True,44.0,1.8125147646690556,1.8562446751384414,2.448000000008245,2.09422865451698,True,False,2592.0,3.139410936984203,3.2353176613173122,,True,
4850,True,41.0,0.8835791725794998,0.5546224962745328,2.827645389642456,2.1006815622316486,True,False,2592.0,1.199453045245625,2.3117956255946193,,True,
4851,True,41.0,1.79463689328593,1.723311680034385,2.160000000004466,2.1060173845673735,True,False,2592.0,3.389063621020442,2.6862022890757893,,True,
4852,True,41.0,2.049274236415156,2.343094873831433,2.475000000004182,2.1241639533002155,True,False,72.0,3.8483717478220423,2.8076706405615948,,True,
4853,True,41.0,1.8583631573547406,1.6876452548895031,2.4750000000045307,2.158624496780299,True,False,72.0,4.012709802549299,2.8230650009081772,,True,
4854,True,43.0,1.5199432898576326,0.4472512498105061,2.6224346544110753,2.3730427668291187,True,False,864.0,3.2281600942608386,3.532693609940839,,True,
4856,True,43.0,0.906461274130164,0.4371295261189516,2.6100000000010386,2.523667636972032,True,False,864.0,3.1157673435515187,1.516700300286447,,True,
4857,True,43.0,1.5972612421543892,0.7041614128975198,2.2079659263192064,2.339636592742557,True,False,864.0,3.1236481560178895,3.640286829386582,,True,
4858,True,43.0,0.9419814222663382,0.7859147206581838,2.6100000000029273,2.350642364206006,True,False,864.0,3.286014965111566,2.5859023478133296,,True,
4859,True,43.0,1.034811737288606,0.8355928545279312,2.2061894042412846,2.4231003197143943,True,False,864.0,3.0872776909635467,1.4582106362669616,,True,
4860,True,45.0,1.8823462431397455,2.4326982793863863,2.3279106995199386,2.058354466703925,True,False,432.0,2.353821738306587,2.8460910486537165,,True,
4861,True,45.0,1.2626955814118699,1.5018120196909877,2.16000000000389,1.8129248389549963,True,False,432.0,3.479973429368976,2.594366830559932,,True,
4862,True,43.0,1.9333180960876237,0.9078730380351772,2.2156780649369976,1.8682481910602775,True,False,72.0,3.0870796172200774,3.8212037321489802,,True,
4866,True,44.0,2.3234228759783293,1.8829651902851765,2.555797619526782,1.857442957320628,True,False,432.0,3.3993815636176103,4.057754597321036,,True,
4867,True,44.0,2.215626439024672,1.9463400564563926,2.3246228264538322,2.004881631269038,True,False,432.0,3.2267046376083233,3.716794495099777,,True,
4868,True,44.0,1.3492811279617345,1.0887177430158772,2.1600000000006307,1.943385652926356,True,False,432.0,2.9341888627133574,3.2519065310496753,,True,
4869,True,44.0,0.97570382903492,0.5476914617865987,2.1600000000075936,1.896636903442512,True,False,432.0,3.0911179077916597,2.889777696371975,,True,
4870,True,44.0,1.2520087163930085,1.3694357976673928,2.4480000000026645,1.995364491239633,True,False,432.0,1.9500715688400991,2.639110227728645,,True,
4871,True,44.0,1.09976171051892,0.8624747436842881,2.160000000004967,2.149166392650881,True,False,432.0,3.0845204867470697,2.824983212616216,,True,
4872,True,42.0,0.5976174659892337,0.7300502437537943,2.160000000004727,2.0817327942125523,True,False,24.0,0.3293981300565424,0.7244874392586077,,True,
4873,True,42.0,0.558797149467855,0.7161357134173159,2.2713325705135814,1.9962921042021882,True,False,24.0,0.36961122742744795,0.4869556646299519,,True,
4874,True,42.0,0.4454368998132531,0.5527489106316352,2.3700126752677058,1.9351802704141028,True,False,24.0,0.4188446404657461,0.44467000304049725,,True,
4875,True,42.0,0.5528612398142569,0.6580824544980715,2.2289518332916525,1.9630352199846035,True,False,24.0,0.5769832452245091,0.6943837156300828,,True,
4876,True,45.0,0.7093135756741086,0.8781369688804261,2.160000000007742,2.0989460716750203,True,False,144.0,0.580999572570373,0.705607293705872,,True,
4877,True,45.0,0.8719418908747985,0.8424315225056489,2.1600000000034862,2.1781139432775323,True,False,144.0,0.9497172833476962,1.8729767915900655,,True,
4878,True,45.0,0.945506986384006,1.0872988652299682,2.1600000000001076,2.077893633803232,True,False,144.0,0.6623849615452934,1.5833102013858296,,True,
4879,True,45.0,1.02754516917457,1.160684819220478,2.7630000000086237,2.028281160736844,True,False,144.0,1.032936274731034,1.5880877583771624,,True,
4880,True,47.0,1.0801980065142374,0.050847044061811175,2.2781940014937114,2.1512477920267576,True,False,72.0,1.7730105569343724,3.125317667587042,,True,
4881,True,38.0,1.408929049257205,0.7810085694327427,2.6069671026206613,2.119896438272398,True,False,72.0,2.9092547520843333,3.285679346169984,,True,
4882,True,44.0,3.0154390359740324,3.918865478990483,2.475000000006721,2.196904485861868,True,False,864.0,4.026544496201772,2.1356236304702114,,True,
4883,True,44.0,2.2389527281962356,2.290602013024909,2.880038606951122,2.188401494721661,True,False,864.0,5.8182409492196205,2.395988304912967,,True,
4884,True,44.0,2.195842774212006,2.29514194443982,2.4750000000040573,2.077444369941106,True,False,864.0,5.595248633277388,2.473863501289078,,True,
4885,True,44.0,2.590914780721978,3.152653209526761,2.4750000000031553,2.1013399108663973,True,False,864.0,4.314820851719666,2.496544664768529,,True,
4886,True,44.0,2.451838494536787,2.9335167240715236,2.9250000000045047,2.174919576651054,True,False,864.0,5.005891192524569,1.7875704015467406,,True,
4887,True,44.0,2.5782110013837882,3.068304884025565,2.4952096276258726,2.0705330243442144,True,False,864.0,4.070290245590944,2.605941401138038,,True,
4888,True,49.0,1.7368554748322973,0.5426277563965414,2.2376149768861247,2.0121510294707003,True,False,2592.0,3.462369001260473,3.5284586880412077,,True,
4890,True,49.0,2.172865987424189,2.442787999061693,2.160000000006805,1.8988107610027911,True,False,2592.0,2.8150753580670447,2.7626722802652983,,True,
4891,True,49.0,1.578354012776313,1.573150852782419,2.513041881346064,2.0433266561663603,True,False,2592.0,3.339904524431579,2.215959947314103,,True,
4892,True,49.0,1.43553772753168,1.255424076687632,2.160000000000585,1.9184162085689331,True,False,2592.0,3.525888312225062,2.460709876759982,,True,
4894,True,41.0,0.5404071945382057,0.558907487171382,2.7299723006752266,2.181311784179419,True,False,2592.0,0.6085193074600923,1.4394285813990177,,True,
4895,True,41.0,0.700816742534631,0.9821953442733502,2.9250000000026457,2.171189514183412,True,False,2592.0,0.7053963521927311,0.9085786796504962,,True,
4896,True,47.0,2.1527963508804553,2.603289024966216,2.4773680490667505,2.33220031459564,True,False,288.0,2.3550934843693683,3.2718345856647972,,True,
4897,True,47.0,1.7985619212474264,1.8091669239402108,2.1600000000033104,2.0157106529708075,True,False,288.0,3.7760977741115975,2.8367508983925953,,True,
4898,True,46.0,1.2325652091816761,0.35055094792551245,2.550635049037132,2.3945228896170523,True,False,864.0,1.4231759532409347,3.613193678021673,,True,
4899,True,46.0,1.1293631422414623,0.7660794087787508,2.1600000000044153,2.3364079914689557,True,False,864.0,3.045213373816349,3.2362000303578347,,True,
4901,True,46.0,1.1983891736623038,0.7573220345984737,2.6100000000017043,2.3645857903869762,True,False,864.0,2.6714462167914537,3.7638855359155343,,True,
4902,True,46.0,1.4226225889702762,1.1107038500485942,2.4750000000069106,2.3905310332225347,True,False,864.0,2.1672521227516595,3.9568014849908875,,True,
4903,True,46.0,1.424082062956337,1.0995069226228225,2.6100000000039714,2.389239902437593,True,False,864.0,2.152893134244884,3.8413475278805502,,True,
4904,True,42.0,1.597041042698943,1.6420135062544432,2.51417168980073,2.1144832103849867,True,False,216.0,2.806350462587886,2.382478308643312,,True,
4905,True,42.0,1.0505335826068738,0.63540908156574,2.4941511559520433,2.0250880350246505,True,False,216.0,3.053115244216523,1.9805708248450034,,True,
4906,True,42.0,1.960425737477714,2.2427984606511018,2.5362605398492324,2.1688685098225755,True,False,216.0,2.7979122720991345,2.7405922476846833,,True,
4907,True,42.0,1.2127110847822944,1.1932029970921576,2.1600000000010096,2.232105550931676,True,False,216.0,2.9818288557829775,1.8915499483348213,,True,
4908,True,37.0,2.3774318516265827,3.2760767490508442,2.918522722385405,2.1681584586002933,True,False,12.0,5.042162419001842,2.708459657568001,,True,
4911,True,43.0,2.752439348405456,3.0175864171251305,2.1600000000037527,2.086537376851898,True,False,432.0,4.24500271400157,4.695139621915219,,True,
4912,True,43.0,2.087913288317772,1.6921714036070625,2.462413804836951,2.0947618406873847,True,False,432.0,3.629899378143731,4.747682894084173,,True,
4913,True,43.0,1.270482908714547,0.8640853940996749,2.2455781467001805,1.8925217984741947,True,False,432.0,2.9717170513579547,3.2270271104161985,,True,
4914,True,43.0,1.6182081725833593,1.6047891466769215,2.160000000008074,1.8944663919425966,True,False,432.0,4.329666982339238,3.4884760808246233,,True,
4915,True,39.0,1.0209363479063798,0.7969091511804436,2.4480000000074633,1.8926794266594646,True,False,36.0,3.1037985515308786,1.7282104243986425,,True,
4916,True,39.0,0.5984956793199795,0.7386504493042594,2.6688097391233367,2.1120822537486554,True,False,36.0,0.26242474127599497,0.8117674112450308,,True,
4917,True,39.0,0.611439020422524,0.7679463546119223,2.885326270534447,2.0185263326248686,True,False,36.0,0.2836673631099697,0.8512630397426805,,True,
4918,True,39.0,0.3187422757378805,0.32537789972047904,2.448000000005003,1.8897918151214437,True,False,36.0,0.5450518256675556,0.4583899131064469,,True,
4919,True,41.0,1.1071316583260273,0.8101585638687538,2.61000000000766,2.2182836230969203,True,False,48.0,1.670252926806695,3.0212773956324783,,True,
4920,True,46.0,1.5981062861468642,1.7215779384241614,2.448000000007129,1.862166823353912,True,True,5000.0,3.550000425458465,2.8487977721966833,,True,
4921,True,35.0,2.010726664824904,1.9524364825047087,2.160000000001693,2.143947037498828,True,False,216.0,2.7125468626828213,3.5929924506136866,,True,
4922,True,46.0,2.13514979200788,2.4868633652040444,2.1600000000041737,2.148896524032742,True,True,5000.0,2.460541757349705,3.2436176124935474,,True,
4923,True,37.0,1.349522354340848,0.5895155977450486,2.638068378230724,1.8615264437820915,True,False,432.0,2.85238907528958,3.7532670816980773,,True,
4924,True,43.0,1.3670421337130685,1.0031046239710122,2.160000000003051,2.371410436364823,True,False,72.0,3.580412103516053,2.401877301426873,p_canonicalize,True,
4925,True,47.0,2.7311229422194567,2.378250211393606,2.160000000000203,1.9655877479776882,True,True,5000.0,4.052610427423363,5.189452245097766,,True,
4926,True,39.0,1.0206224420341374,0.8345706878862984,2.457955471436046,2.1882181363154816,True,False,2592.0,1.2582014865792384,1.9208956396654167,,True,
4927,True,39.0,1.013458180945033,0.7978322593226039,2.884976533818851,2.2930801689430744,True,False,2592.0,1.0201110947070688,1.8751390560317533,,True,
4929,True,40.0,1.0316099161427503,0.06663090494839707,2.532003863281646,2.124549625191184,True,False,36.0,3.1796760747662973,3.177468190904065,,True,
4930,True,40.0,0.32693188544619467,0.16567911611491581,2.5060523313248426,2.2845438942160863,True,False,36.0,0.6928610374178416,0.8050498890134751,,True,
4931,True,40.0,1.0399712891502304,0.32997869933751645,2.409781037587798,2.283761638722395,True,False,36.0,3.2265264496365926,3.1431965984788763,,True,
4932,True,39.0,1.4901008751208096,1.2314430711121531,2.160000000001712,2.320449670236353,True,False,864.0,3.1752522607525226,2.675303853470725,,True,
4933,True,43.0,1.7911070722167517,1.8494039230135968,2.4750000000055348,2.211769191077586,True,False,72.0,3.7872336475797024,2.5942687978077656,,True,
4934,True,43.0,1.6838064377491286,2.114735257036955,2.1600000000052306,2.158891701336591,True,False,24.0,2.7458181034412616,2.0415823695499737,,True,
4935,True,43.0,1.4963967779859302,1.4234656714579614,2.1600000000092634,2.3159961385762284,True,False,24.0,2.963475339330567,2.5555885618227556,,True,
4936,True,43.0,1.244319637751018,1.3285759205100476,2.448000000005418,2.1023822655264195,True,False,24.0,1.2345309081467417,2.9393313876732443,,True,
4938,True,49.0,2.0004874703862647,1.8554512099035492,2.597157590536217,2.230831244626092,True,False,864.0,3.062281035696528,4.1050163937500015,,True,
4939,True,49.0,0.8800946071847249,0.8855928885568574,2.6100000000037045,2.1952312050897964,True,False,864.0,0.764836312471672,1.4585907728361085,,True,
4940,True,49.0,1.284230151004324,1.2906384421112307,2.3044694336538845,2.3642560663769054,True,False,864.0,3.170305042788891,2.9251066716711644,,True,
4941,True,49.0,1.0827717244157513,0.749155575173063,2.260539377394775,2.2129539865528156,True,False,864.0,1.1376757595229008,3.119071458971318,,True,
4942,True,49.0,1.6073813979521825,1.7419017425345373,2.6100000000047667,2.197758231789839,True,False,864.0,1.6420783898318656,2.7772936850950107,,True,
4943,True,49.0,1.2191762389213427,1.1128848113112326,2.7436705615165815,2.2525098390462137,True,False,864.0,3.1337356871419653,3.038252823914468,,True,
4944,True,44.0,1.0753458270258653,1.1610504615746322,2.610000000007531,2.2808217100203163,True,False,72.0,2.6856046620095224,2.2369838790959404,,True,
4945,True,40.0,1.721906834182175,1.7284406173239404,2.6100000000057446,2.486476877049131,True,False,432.0,3.6074149270844043,2.8360950646748244,,True,
4946,True,45.0,1.320797929226241,0.6001861619297415,2.5448083085440816,2.168713415760598,True,False,72.0,2.6411230013091487,3.709167162778914,,True,
4947,True,45.0,0.41717287819390353,0.5751229612724273,2.6168705388020275,2.3119581409921763,True,False,72.0,0.26838284237441273,0.4335026214429527,,True,
4948,True,45.0,1.3613264461440773,0.9004678280216467,2.448000000007205,2.2869899558371483,True,False,72.0,2.6815169326385955,3.6499956185139752,,True,
4949,True,45.0,1.2933839143345611,0.5995170365968079,2.3500694455747544,2.287440850164218,True,False,72.0,2.676450527552816,3.669062275275182,,True,
4950,True,38.0,0.852477891076388,1.3990643852957874,3.0326257268378405,2.197183650972308,True,False,432.0,0.7384614343885323,0.647976984875745,,True,
4951,True,41.0,1.1149370346083638,1.180392829275661,2.6100000000046175,1.899710736191171,True,False,432.0,3.109897196231165,3.1404895987599244,,True,
4952,True,44.0,1.3649980210923318,0.6991173471360526,2.6100000000015418,2.257163436550397,True,False,24.0,3.009317559527282,3.823473151965916,,True,
4953,True,44.0,0.45294641453604184,0.5655535488258465,2.445152620269238,2.2980308359332344,True,False,24.0,0.21651265126755567,0.7830347069463465,,True,
4954,True,44.0,1.5293689541631306,0.6546278419191367,2.4714206192509565,1.9099201341940977,True,False,24.0,2.996507544226535,3.808318668650662,,True,
4955,True,44.0,0.8528798259753742,0.16194757259290782,2.4849944623764753,2.328016782929195,True,False,24.0,1.457196058941052,3.52793113566899,,True,
4956,True,39.0,1.6993140770763553,1.6604439662842196,2.7360000000053253,2.225706081112239,True,False,2592.0,1.8171524903660827,3.098245848081386,,True,
4957,True,39.0,1.4910947073221137,1.1921201420555008,2.8770282810719876,1.8594120270128403,True,False,2592.0,1.4101279070171198,3.048795961361441,,True,
4958,True,43.0,1.224383349097293,1.0915740607051703,2.4480000000089333,2.2724223454498946,True,False,2592.0,2.931359514042129,2.2170242753961094,,True,
4959,True,45.0,1.9440158694684717,2.0611634407323436,2.599040558240111,2.2706081306337293,True,False,432.0,3.3417904516754384,3.2976987749237248,,True,
4960,True,44.0,1.7990695942666224,1.340241548288759,2.8980000000044916,2.0941196858107225,True,False,864.0,2.3936882673641238,3.6022689201442017,,True,
4961,True,44.0,0.8430367671416219,0.6289976877706067,2.3389049346484088,2.051644431693757,True,False,864.0,2.2523134983948427,1.651477040463003,,True,
4962,True,44.0,2.4466568322788254,2.4478513337817276,2.599918995724554,2.180322270055507,True,False,864.0,3.125042831406618,3.4796331865838135,,True,
4963,True,44.0,2.540880159918575,2.346131973870797,2.6373464037626335,2.184974801181927,True,False,864.0,3.6288027293936547,3.6266749187429217,,True,
4964,True,44.0,1.1802416755422138,0.8363536276774539,2.6100000000093155,2.1870700024233334,True,False,864.0,2.578370174628669,3.193986462426527,,True,
4965,True,44.0,1.8954712793816924,2.0532704569959606,2.475000000006604,2.0629415175908403,True,False,864.0,3.009777256926841,3.1248888528441916,,True,
4966,True,40.0,0.961866251271145,0.3689116919449589,2.614624777375937,2.3299058132679957,True,False,36.0,3.2981115393461296,2.977602407900378,,True,
4967,True,40.0,0.3322649613658528,0.2773528304314823,2.675356411315565,2.3467928242816836,True,False,36.0,0.4556547371163167,0.6825173083031251,,True,
4968,True,40.0,1.0972411263511357,0.9099975482386071,2.160000000006451,1.8866149824752265,True,False,36.0,3.4054025311213914,2.745070362912917,,True,
4969,True,40.0,0.937156510752341,0.1912288558014552,2.6568198842429105,2.188555111140681,True,False,36.0,3.3764480041942924,2.843997986692437,,True,
4970,True,41.0,1.7751735025511595,1.3098894054091943,2.4480000000077906,1.8643442098764917,True,False,432.0,3.2291171234945537,3.2064561512647503,,True,
4971,True,46.0,2.156879118534537,2.3052658489104942,2.475000000001087,1.9363046586216746,True,False,432.0,4.9995164965060335,3.560897635754094,,True,
4972,True,46.0,1.4390052882966058,1.4475595461153716,2.160000000004553,2.0737324120773155,True,False,432.0,2.0227101135727383,3.2051265784881373,,True,
4973,True,44.0,1.3812433536989859,0.31508473599751596,2.289418661070814,1.915604542435625,True,False,72.0,3.2337571893640344,3.1783848280064633,,True,
4974,True,44.0,1.3994773326328653,0.39617130591432215,2.4855239041936597,1.9802448262778016,True,False,72.0,3.2038464840310557,3.2076871081164438,,True,
4975,True,49.0,1.2092749537405967,0.5616113159412635,2.3029861425100537,2.365592769053879,True,False,864.0,2.682751151046318,3.6378865695637104,,True,
4976,True,49.0,0.6305643016704574,0.7733068094530609,2.160000000003042,2.023987100700002,True,False,864.0,0.5527648302988953,0.7202775039737777,,True,
4977,True,49.0,0.4229512326590043,0.5848256848003075,2.5584103194819625,2.2213777094857146,True,False,864.0,0.3121423283733198,0.3246532101922856,,True,
4978,True,49.0,1.2319477467791857,0.6497265877005702,2.160000000009263,2.2895305880027026,True,False,864.0,2.6465808311213497,3.6531681394870668,,True,
4979,True,49.0,0.40135270058014216,0.527468204159959,2.2476038908477483,2.3197048219978336,True,False,864.0,0.2257769773657618,0.455249477704597,,True,
4980,True,49.0,0.3315098200318274,0.24274537678866182,2.3325690679044286,2.370619383810906,True,False,864.0,0.5262162728718168,0.76483166556201,,True,
4981,True,41.0,0.3395218667097389,0.4995686727561406,2.4485917882919828,2.2454265572937357,True,False,24.0,0.44984847834820935,0.5272520548603757,,True,
4982,True,40.0,2.4746026563899286,1.5868566968238156,2.898000000006841,1.9581237343181355,True,False,1296.0,4.497698362365074,5.081457017577783,,True,
4983,True,46.0,3.093299144825509,2.6679266624269076,2.160000000006477,2.078081378002315,True,False,2592.0,4.90329207731958,5.504979271090697,,True,
4984,True,35.0,0.5900475820550019,0.6515082350633747,2.7418268668592742,1.6951644680974174,True,False,216.0,1.0574060807770118,0.97939202011628,,True,
4985,True,41.0,1.5891456997790987,1.4404383722248895,2.4480000000028856,2.000557080365367,True,False,2592.0,3.1941350247055746,2.9451003308517705,,True,
4986,True,41.0,1.110511757264787,0.8498203021335939,2.8748469210200636,1.978954403997222,True,False,2592.0,1.4465100670841509,2.50431575101825,,True,
4987,True,40.0,0.9652124419438607,0.42163886758862645,2.160000000005347,2.1615880822210323,True,False,36.0,3.5097259678622446,2.8304240043164874,,True,
4988,True,40.0,1.2960393936325452,0.7437186994211515,2.1600000000067165,2.2524804917690187,True,False,36.0,3.5943933551533895,3.1960767581992116,,True,
4989,True,40.0,1.5116738621177939,0.9095527640092769,2.1600000000071176,2.2799374794059597,True,False,36.0,3.516634605321855,3.133301516084603,,True,
4990,True,40.0,0.9935357650602342,0.706762754740339,2.3918838599522334,2.1380772617938764,True,False,36.0,2.972146358456581,3.26478281604091,,True,
4991,True,45.0,1.0256932484015682,1.1687688102574612,2.1600000000043957,1.88301378205259,True,False,72.0,1.1164474302432255,1.9879594111445835,,True,
4992,True,46.0,0.8605821652433525,0.6733823261893122,2.1600000000038206,1.9766928927630616,True,True,5000.0,0.9018397103603162,1.8288197697344317,,True,
4993,True,35.0,0.7760072613482444,0.6377805027295835,2.901659411515,2.179130568667238,True,False,216.0,2.9146303370471762,0.9999745530216982,,True,
4994,True,52.0,1.8793781463642305,2.3362249384190363,2.5074649235825377,2.0875464001070734,True,False,864.0,1.6345653032160354,2.3944340750417448,,True,
4995,True,52.0,1.443076065327065,1.1351713201220264,2.277468919365586,2.0049873827782556,True,False,864.0,2.470149846594529,3.8552162567128248,,True,
4996,True,52.0,1.1307732199194318,1.224053428901243,2.16000000000621,2.032016564253353,True,False,864.0,1.407113038668538,1.3351937490485692,,True,
4997,True,52.0,1.5435880836248645,1.8003532396105584,2.566500376074367,2.028476561092092,True,False,864.0,1.3673412573884018,2.3774456887316093,,True,
4998,True,52.0,1.0116167707078543,1.1447311845658987,2.2299177813486475,2.1075839774965077,True,False,864.0,0.6476314149945116,1.4299132383794286,,True,
4999,True,52.0,1.443449358521384,1.1564290358182916,2.610000000008658,2.0641038273061754,True,False,864.0,1.2957568270222903,3.384947610440558,,True,
5000,True,40.0,1.2948538223066757,1.089603650078061,2.160000000005787,2.314511336718833,True,False,2592.0,3.4625362414420584,2.6098273994293777,,True,
5001,True,40.0,1.3515529743525674,1.1844785641842464,2.6100000000043306,2.114355902042038,True,False,2592.0,3.3613160901250336,2.610596876862842,,True,
5002,True,36.0,0.9366391030192411,0.40879581874469295,2.8742460568938935,1.796405373628124,True,False,432.0,3.164430688702312,1.851585778346318,,True,
5003,True,47.0,2.894190796329022,1.886408071812184,2.1600000000073227,2.1618479091971294,True,True,5000.0,4.229824897781659,5.977940857249908,,True,
5004,True,39.0,1.003633317162756,0.45561059145256877,2.448000000001809,2.239278583673769,True,False,36.0,3.2987549903376827,2.790072717709682,,True,
5005,True,39.0,0.9029624852508685,0.4381309122436505,2.311338364887048,2.163501078899662,True,False,36.0,3.0015207430067887,3.289723447479921,,True,
5006,True,39.0,1.737228598092163,1.098772524004744,2.448000000006879,2.2198538792902562,True,False,36.0,3.1831605649421606,3.3416727111220523,,True,
5007,True,39.0,1.4160326189648706,0.8031882907125691,2.4537944759684347,2.29629680683922,True,False,36.0,3.2339183849548463,3.3057142845673497,,True,
5008,True,46.0,3.0076206069219418,2.5700245727166475,2.448000000000052,2.2635311097707493,True,False,432.0,5.066041306124068,6.4092052726533995,,True,
5009,True,46.0,1.7059547669580233,1.1483195562977926,2.8454711736269678,2.090701224039437,True,False,864.0,3.2920568247854862,3.5838199051813286,,True,
5011,True,46.0,2.1416214034349257,1.7107829117303481,2.1600000000080493,2.3851752231020678,True,False,864.0,3.7635064853138256,4.26120066760319,,True,
5012,True,46.0,1.9662678195938021,2.0943551166601537,2.1600000000003936,2.0191391275244013,True,False,864.0,3.640031785230403,2.606849790591444,,True,
5014,True,46.0,1.9793500614419703,2.1699618487036787,2.4750000000034302,2.1191576451741385,True,False,864.0,3.610142354190471,2.497277189123582,,True,
5015,True,47.0,2.429937967769319,1.7647675141524815,2.6100000000002512,2.056769545014706,True,False,432.0,3.482959334799017,5.007063105580813,,True,
5016,True,47.0,1.8582605766366447,1.622126912974636,2.265272065863549,2.0755784177910503,True,False,432.0,3.554292482821873,2.789217459434995,,True,
5021,True,39.0,1.3769331471179147,1.061940019535541,2.8980000000089046,2.0612216597202737,True,False,2592.0,3.01365923447955,3.3457788539560323,,True,
5022,True,49.0,1.970101354358318,1.8702929087485245,2.553467827067821,2.1577026147734073,True,True,5000.0,3.3443243769453073,3.3946729196501653,,True,
5023,True,38.0,0.8964425476127297,0.5522613040120632,2.4480000000025286,1.9955150580489238,True,False,12.0,1.2788290379947866,2.81061464986096,,True,
5025,True,49.0,1.2250294143430596,1.1431113011785783,2.5035650208535407,2.22304670560472,True,False,864.0,1.307173653239102,2.1998065737437735,,True,
5026,True,49.0,1.3888404261305864,1.3465565523365512,2.160000000003541,2.2418340229820757,True,False,864.0,1.422516741034824,2.442405370178539,,True,
5029,True,49.0,1.9532552206560383,2.3072493976796977,2.1600000000015545,2.342669804688659,True,False,864.0,1.445168815792975,2.445456563564698,,True,
5030,True,41.0,1.4402595057737655,1.037580840944429,2.488532675597989,2.0412545272454388,True,False,36.0,3.5834572945672263,4.226287095750222,,True,
5033,True,41.0,1.3498194743497172,0.5753881751006702,2.364333842848083,2.3401625423461505,True,False,36.0,3.418228228615417,4.44387729912146,,True,
5034,True,48.0,1.129084856297517,1.3113680629940063,2.4480000000033413,2.189783086472265,True,True,5000.0,1.5559258195919368,1.7327726526273977,,True,
5035,True,37.0,1.0000008153492568,0.2771096276228491,2.8969019353237715,2.2114242819730454,True,False,12.0,3.45761349052745,2.8911529839440098,,True,
5036,True,39.0,1.253666551566264,0.7075065978751809,2.315999075635699,1.9739517059188656,True,False,72.0,3.1430029565330626,3.1194260480629312,,True,
5037,True,43.0,0.9051660920472564,0.6937452267702611,2.1600000000084436,2.1191304079975826,True,False,24.0,1.1177251736854963,1.979075534605689,,True,
5038,True,43.0,1.5411348283811366,1.308745349109813,2.610000000004697,1.982832655798265,True,False,24.0,2.3207764228717176,3.973176114705914,,True,
5039,True,43.0,0.786934632384248,0.6553601303494361,2.1600000000057293,1.9710918353795694,True,False,24.0,0.8433664343240711,1.845526541774883,,True,
5040,True,43.0,2.0356465548859908,2.0489123334700707,2.529001908028266,1.91147705382513,True,False,24.0,3.0476323123530134,4.068732900855689,,True,
5041,True,43.0,1.9165956440447962,1.7680917003453942,2.1600000000051205,2.289434744844238,True,False,72.0,4.059163840987172,3.302331444948552,,True,
5042,True,43.0,1.4263847563962073,0.8857328379090177,2.4179600642552477,2.1537276636334504,True,False,72.0,2.274827940649229,2.8642309311545326,,True,
5043,True,43.0,1.951116081233132,1.478931826135522,2.1600000000015247,2.4017236895613117,True,False,72.0,2.962305440023431,4.168981993144267,,True,
5044,True,43.0,2.215986978440908,2.3194756289703946,2.1600000000045396,2.427335205528894,True,False,72.0,3.0044215372954413,4.254391932700386,,True,
5045,True,39.0,1.2830560940402649,0.9191537858459924,2.3916029528166827,2.3934308648674185,True,False,2592.0,3.163234681557922,2.504523225896925,,True,
5046,True,39.0,1.3863336084028317,1.2509662128904893,2.1600000000099544,2.291679355647295,True,False,2592.0,1.9656245580113612,2.6437002940899568,,True,
5047,True,42.0,3.2416619010349232,3.8635101172149007,2.4447678924942178,2.43661265584007,True,False,432.0,4.861135420104866,5.612108880210177,,True,
5048,True,42.0,1.0263365099858253,1.0239224572687817,2.168036267752833,2.16489345469933,True,False,432.0,3.0378985198751063,1.9473265401057356,,True,
5049,True,42.0,0.8990153151679733,0.7350779921434878,2.6100000000093124,2.1675724817177393,True,False,432.0,3.323376886929994,1.4001389474285741,,True,
5050,True,42.0,0.8448791118638725,0.6220367099376745,2.4480000000079203,2.2641100330814314,True,False,432.0,3.194119008263922,1.4368988081596497,,True,
5051,True,42.0,0.7920879573332908,0.22521177284579608,2.3808825718882543,2.1834471989265047,True,False,432.0,3.2871965708818145,1.817015972557398,,True,
5052,True,42.0,1.0792478565597896,0.409314289005124,2.4338201913820794,2.0636450021018633,True,False,432.0,2.8355421080642205,3.3833473674396446,,True,
5053,True,42.0,1.0140015007139977,1.0253449831689068,2.1715115914412824,1.9330111687468337,True,False,2592.0,1.9880637104010281,1.773834400448571,,True,
5054,True,38.0,1.23243554546914,1.3995191746034834,2.4480000000069806,2.030304625936709,True,False,72.0,1.4900118479658617,2.5103821986185313,,True,
5055,True,40.0,2.577061309607499,2.713480190388509,2.25490426507613,2.2574060428066547,True,True,5000.0,3.8543911583187795,5.422935760038559,,True,
5056,True,36.0,0.48075220279601416,0.7120664155299892,2.709178433068468,1.6902040096982376,True,False,12.0,0.6715077578607119,0.6951288541180409,,True,
5057,True,41.0,1.3087884062066482,1.133454892642476,2.898000000000339,2.4109241042181315,True,False,72.0,3.1389468496507758,3.380593552260745,,True,
5058,True,42.0,0.8871740000926562,0.5180694442169624,2.5708724245408976,2.4915960136025266,True,False,432.0,3.119508384797427,2.059581486907046,,True,
5059,True,42.0,0.882118299227688,0.551358053493459,2.2014012761867314,2.3929002078231343,True,False,432.0,3.4086189821337185,2.5205499861747684,,True,
5060,True,34.0,0.33110158931805195,0.35802709602648974,2.6779508507676,2.240722168431419,True,False,12.0,0.5651346312261467,0.7172198814788288,,True,
5061,True,39.0,1.9299477071942475,1.7778610622190172,2.180425549706562,1.7455422426856362,True,False,72.0,4.8580198552706495,3.124340551950261,,True,
5062,True,34.0,1.3397240038348825,1.2308906973848934,2.7692884676938303,2.405411751966802,True,False,432.0,2.9063026492050215,1.4264643250997713,,True,
5063,True,47.0,1.2957517752648902,0.26226372013479704,2.448000000002722,2.2145029826803126,True,False,864.0,4.323016950470701,3.5912530448961886,,True,
5064,True,47.0,1.4633193408339595,0.05554520514851902,2.1600000000011623,2.1433121154885493,True,False,864.0,2.9444823852628925,3.5389580163354446,,True,
5065,True,47.0,1.6520125071484737,0.47455931778313243,2.559928774236871,2.248173368426021,True,False,864.0,3.4851334207165174,3.599718289289789,,True,
5066,True,47.0,1.1841875996309985,0.43397341258241795,2.384736032182285,2.1202114182080996,True,False,864.0,3.19588588441771,3.033757947879957,,True,
5067,True,47.0,1.8836388900235164,0.8009898121126753,2.160000000006133,2.0998129958165324,True,False,864.0,3.3776346817249436,3.555991417385042,,True,
5068,True,47.0,1.3075922920252603,0.4844276932562934,2.6100000000048063,2.2181106001504975,True,False,864.0,4.277675735927249,3.604591103935481,,True,
5069,True,39.0,1.7784162588146544,1.2112111236892815,2.4480000000080264,2.2193784114702026,True,False,1296.0,2.5637368086716603,3.5656456817157287,,True,
5070,True,38.0,0.9982453281911644,0.6637179388999357,2.541971582168183,2.0656105621583176,True,False,72.0,1.41438087497228,2.8362917857781866,,True,
5071,True,49.0,0.8921383279918671,1.1920097373513272,2.1600000000044943,2.148637025279049,True,True,5000.0,1.4440705454254246,1.0319788381585602,,True,
5072,True,47.0,2.089754911685938,1.662176644669671,2.1600000000008275,1.996791774497281,True,False,864.0,5.139998570358444,3.5219749202152952,,True,
5073,True,47.0,1.337709572581569,0.9523256761822267,2.6100000000055026,2.0640389824564846,True,False,864.0,3.018471109933971,3.4254517905415427,,True,
5074,True,47.0,1.1197394370839526,0.32210465949901845,2.160000000006184,2.165807256198021,True,False,864.0,2.2812476112350577,3.391560175743345,,True,
5075,True,47.0,1.811347205170374,1.7470845884927257,2.680314118734806,2.053023967200578,True,False,864.0,5.182896413946263,2.004551880220446,,True,
5076,True,47.0,1.4559939292185806,0.35227259443854564,2.610000000008986,2.093422314799381,True,False,864.0,2.4930879326221764,3.5009649102872253,,True,
5077,True,47.0,2.06780707222724,1.6968016365390213,2.244795369831492,2.0851214121244834,True,False,864.0,3.4006600448229674,3.561787951715427,,True,
5078,True,49.0,2.471579627246042,3.0853268080973066,2.1600000000023587,2.1934973892165908,True,False,2592.0,3.2620104880625234,5.089387518724538,,True,
5079,True,47.0,2.0005318747147918,1.8378801545040915,2.925000000002999,2.2151003852195954,True,False,864.0,3.0719239191325176,3.9237526354234,,True,
5080,True,47.0,1.3771663520079138,1.3862224219737982,2.475000000002918,2.2024494368089362,True,False,864.0,3.067626551871775,2.7834940515708086,,True,
5081,True,47.0,1.980017866615079,1.5255777271777333,2.384140754524993,2.3814438754881464,True,False,864.0,3.221734206409841,3.612243492288314,,True,
5082,True,47.0,1.862399555798181,1.4161029097267601,2.5111095006607487,2.260523752717498,True,False,864.0,3.252591329746712,4.232037448201873,,True,
5083,True,47.0,1.0623099680055261,0.506959769729292,2.448220293214326,2.245947822657508,True,False,864.0,3.18413775048541,3.1155416906783637,,True,
5084,True,47.0,2.0546328487872727,2.024948037327704,2.9795831020222256,2.170887920759614,True,False,864.0,2.815906558795509,3.5406440382382147,,True,
5085,True,40.0,2.596515793248786,3.1719892497312685,2.6100000000073225,2.168133807540485,True,False,432.0,3.405338460443265,4.919835117219676,,True,
5086,True,39.0,1.9334424119028317,2.181546962714492,2.610000000001071,1.796775729605673,True,False,2592.0,2.669530280829051,3.957261570217693,,True,
5087,True,38.0,1.7141386017707756,1.494065915230749,2.448000000005329,2.028788992083701,True,False,72.0,5.713682850343866,2.213019493023808,,True,
5088,True,45.0,1.260374379889255,0.8965789523463172,2.160000000003605,2.2669191133342186,True,False,864.0,3.613509779986585,2.672890722734353,,True,
5089,True,45.0,1.6394834740566169,0.3123467042169068,2.448000000000897,2.0866007821574306,True,False,864.0,3.685839248169167,3.563859117877889,,True,
5090,True,45.0,1.0928356996313329,0.7896897024438658,2.4480000000052446,2.124648156307298,True,False,864.0,3.5746258093631185,2.699681958526684,,True,
5091,True,45.0,1.79517702937108,0.42151796500911587,2.384283423634336,2.1120597309972085,True,False,864.0,4.362620799345774,3.5182075040573513,,True,
5092,True,45.0,2.173107762502554,2.0479540454325615,2.610000000003827,2.2716399372039575,True,False,864.0,3.7254089919446844,4.270630665624068,,True,
5093,True,45.0,1.444884566798812,1.0252271285789902,2.6100000000071275,2.231662754338119,True,False,864.0,1.3446572175760612,3.486845230823438,,True,
5094,True,51.0,1.345980279208134,1.314474099286599,2.160000000006879,2.0232462164798433,True,True,5000.0,3.028936616683554,3.5895168742050476,,True,
5095,True,46.0,2.8540255356342077,2.4225379271920247,2.1607474517405683,1.7390425138564036,True,False,432.0,4.92474946678683,6.201836385999068,,True,
5096,True,46.0,3.1550201973565173,3.1752728938154178,2.2033737739256276,2.043128581024699,True,False,432.0,5.752004430292517,6.665858213051115,,True,
5097,True,48.0,3.3406360786147404,2.7038945225722273,2.53271778185668,2.0202130409191996,True,False,144.0,4.319140664573571,5.416890595424177,,True,
5098,True,48.0,3.125933557126468,2.5130433909180283,2.1600000000051556,1.8899615543708816,True,False,144.0,3.827406058431345,5.456996521260671,,True,
5099,True,49.0,1.5084647781668306,0.7591643717860279,2.6053779011807636,1.996736726311208,True,False,864.0,1.9128761498904856,3.575759698222735,,True,
5100,True,49.0,1.9609539552511677,1.478182754592126,2.5101103673131355,2.05461139218588,True,False,864.0,3.63493358747035,4.311807112947867,,True,
5101,True,49.0,2.1158349828681233,1.8139607976845582,2.1600000000050072,2.1295293175723127,True,False,864.0,6.71517569827526,2.865537956622161,,True,
5102,True,49.0,3.0774614733810495,3.9184198038892646,2.7012226840338642,1.9999151138485851,True,False,864.0,4.711508392762458,3.0834923664815785,,True,
5103,True,49.0,2.217739894480011,1.8270610634426703,2.1600000000044557,2.1164188720336057,True,False,864.0,6.882857561947204,2.853884960865953,,True,
5104,True,49.0,1.1349977540687628,0.9341252432532201,2.448000000003237,2.1016704748842048,True,False,864.0,2.083971960146422,2.4725718747726395,,True,
5105,True,49.0,0.9675480622076824,0.8306085832446115,2.353167029882123,2.2731382720151454,True,True,5000.0,1.7026985239360943,1.6105706021564326,,True,
5107,True,49.0,0.7407965926290409,0.5627801367263601,2.2594711774290355,2.1846709932848016,True,False,864.0,1.0695405868587846,1.8390741563721278,,True,
5108,True,49.0,0.7334964346534827,0.7327762639506545,2.1600000000014785,2.0635380817905933,True,False,864.0,0.6772510931517671,1.1655350253858499,,True,
5109,True,49.0,1.2774421858577238,0.5558950125196134,2.521902189086464,2.060743514511207,True,False,864.0,1.3953045208115074,3.537689441508727,,True,
5110,True,49.0,1.4295950834791786,1.0649873869588191,2.1600000000039494,2.0980009488320066,True,False,864.0,2.36936655962365,4.0291549002027045,,True,
5111,True,49.0,0.9582342145337024,0.41955284548021154,2.4681009636372044,2.1818263329146985,True,False,864.0,3.123487520963923,2.8716117795235574,,True,
5112,True,39.0,0.5195252670054188,0.7481192786726751,2.7758653073970567,1.8097958538188776,True,False,72.0,0.7790269789779001,0.964960562714988,,True,
5113,True,42.0,2.3305060084725233,2.1319545408878184,2.590370602816229,1.9849498927176978,True,False,72.0,3.46418104561577,3.3100336444526013,,True,
5114,True,42.0,2.5256001406322293,2.376607217036508,2.763000000003282,2.199656526665015,True,False,72.0,3.8799450627116663,3.427416811102981,,True,
5115,True,42.0,1.8379637308038321,1.566607354212465,2.475000000003446,2.1499159300772672,True,False,72.0,3.251925702593788,3.2429305910435056,,True,
5116,True,42.0,2.876066895364448,3.401601047902659,2.9243878127422116,2.1299740297477805,True,False,72.0,4.838129137675182,3.4894592482421247,,True,
5117,True,47.0,1.1837819781526693,0.6515582760948746,2.619543851007693,2.2478208339634187,True,False,864.0,2.7239308585631874,3.6220056550041333,,True,
5118,True,47.0,1.1771594469502893,0.5790849052282283,2.6005792437867603,2.236891095672742,True,False,864.0,2.7701791461856278,3.534884963852692,,True,
5119,True,47.0,1.64653932707547,1.7824848071213637,2.610000000003562,2.25289411713023,True,False,864.0,2.927592429344536,2.21779943672096,,True,
5120,True,47.0,1.2628794760246143,0.9119545331086556,2.61000000000622,2.2272802198645776,True,False,864.0,2.757534998655777,3.5386420658969797,,True,
5121,True,47.0,0.39902377402214034,0.3692779424454784,2.449288202532247,2.1716266354279226,True,False,864.0,0.6197163286134629,0.8246057323980289,,True,
5122,True,47.0,1.435707287481125,0.7643013285050984,2.160000000008916,2.176383959736884,True,False,864.0,1.3634622480519107,3.477521972934651,,True,
5123,True,47.0,0.7715279496700156,0.13377842830232112,2.6100000000076875,2.2068403898333924,True,False,864.0,3.4963849040897452,2.4680097147039657,,True,
5124,True,47.0,0.7415993367031721,0.11428952059577568,2.680925588979787,2.345644805975534,True,False,864.0,3.46846900020397,2.459698967033215,,True,
5125,True,47.0,1.5233923037438546,0.5930434151377995,2.6709460502254045,2.4306887489763063,True,False,864.0,3.8151629425740214,4.457300839814973,,True,
5126,True,47.0,1.3454166424422043,0.6741437021046295,2.558396522913828,2.531300876980056,True,False,864.0,1.4073595117529554,3.590405957075718,,True,
5127,True,47.0,0.8197116889477485,0.4419477695482783,2.6042495228023017,2.338389347606596,True,False,864.0,3.4806618538985745,2.4737599845977902,,True,
5128,True,47.0,0.8571999350023368,0.37090992154116975,2.6100000000071586,2.4732617594787656,True,False,864.0,2.4901166784976763,1.9299595266406635,,True,
5129,True,49.0,1.2501086754129398,0.4664300105214352,2.1751294613099112,2.263275852696706,True,False,864.0,1.4306953885530649,3.614697077144946,,True,
5130,True,49.0,2.5260546053554602,2.739969028869382,2.4750000000044365,2.246345427511094,True,False,864.0,6.137943417487945,3.800366425894781,,True,
5131,True,49.0,0.6671389543276365,0.8312389832790359,2.610000000007159,2.1108020619660195,True,False,864.0,0.8690996837550331,0.6950447435286851,,True,
5132,True,49.0,2.402629317201641,1.9379476812864596,2.610000000002041,2.081077520156325,True,False,864.0,6.324343463976001,3.9514111829315604,,True,
5133,True,49.0,2.9114123311637994,3.020295273301599,2.7171902884312993,1.9620959061931709,True,False,864.0,5.839505076927483,3.9144583313194596,,True,
5134,True,49.0,1.7046840810910162,0.9700257292570313,2.326506547123738,2.196680334072302,True,False,864.0,5.897814628122462,4.363367996895588,,True,
5135,True,36.0,2.181672726688857,1.8304399237204052,2.7360000000029596,1.7120249335509106,True,False,216.0,3.665019405598678,4.872972856679227,,True,
5136,True,48.0,2.909861994230987,2.8687601366546005,2.9250000000000753,2.1604416923397864,True,False,432.0,4.782639424646516,4.9625653351068415,,True,
5137,True,48.0,2.1517951940318687,1.175275266621611,2.4480000000087143,2.072008852683791,True,False,432.0,4.181057439666594,4.8549829266287725,,True,
5138,True,48.0,2.2492869325054503,1.730215386058262,2.4750000000040657,2.1929035243256827,True,False,432.0,4.4739435388632085,4.92617456143911,,True,
5139,True,48.0,2.279993718109169,1.895734611149237,2.230431761803481,1.9651196365616015,True,False,432.0,4.70309436254421,4.064386749408986,,True,
5140,True,41.0,1.3305959093624333,0.8818988073071523,2.763000000006138,2.0286452063138096,True,False,72.0,3.431969143063262,2.6249276897663485,,True,
5141,True,41.0,1.0889572065006445,0.8727603392580932,2.6100000000001717,1.9146776404658825,True,False,72.0,2.34503516294398,3.1170323175414962,,True,
5142,True,41.0,1.5620479047361318,1.2827464254150982,2.448000000002194,2.1122465391142202,True,False,72.0,2.8817685182203205,3.1942122657833396,,True,
5144,True,46.0,1.7052833497104363,1.5717790202943434,2.1600000000026474,1.9164133575771174,True,True,5000.0,3.682179300775033,3.003856979601109,,True,
5146,True,46.0,1.5827826744520943,1.3445100513927173,2.1600000000016037,2.3008663392079076,True,False,2592.0,3.448892228159285,3.365713690496909,,True,
5147,True,46.0,0.9300491932594802,0.7373828530508035,2.160000000009883,2.184191718370894,True,False,2592.0,1.0674706930383313,3.1927189330053887,,True,
5148,True,45.0,2.726549756870497,2.675937632604473,2.393416531647456,2.3983401230225874,True,True,5000.0,4.615824774124636,5.313105820773701,,True,
5149,True,45.0,1.5497148016981406,2.5624125450049178,2.610000000003572,2.0608446756366674,True,True,5000.0,1.404878463008303,1.9748249496966204,,True,
5150,True,49.0,1.968414003400912,2.0265786030686286,2.1600000000068147,2.203809874490084,True,False,144.0,3.7975444993656713,5.308257069674524,,True,
5151,True,49.0,1.1981002116480377,0.12341871971148066,2.347759552105997,2.196583130181965,True,False,864.0,1.3944264904421055,3.5827842675998913,,True,
5152,True,49.0,1.274564373845505,0.46461164887296036,2.3541090657860546,2.2631704417917797,True,False,864.0,1.4320437513943631,3.612111136733888,,True,
5153,True,49.0,0.8881186220286659,1.0788964542480244,2.160000000004458,2.1138442289818804,True,False,864.0,0.8730117336903658,0.9427307431959897,,True,
5154,True,49.0,1.7303882173739025,0.6652435173855338,2.160000000001794,2.0871027489321174,True,False,864.0,3.703478276465736,3.5448259937969837,,True,
5155,True,49.0,0.4690340355311729,0.4147968568140641,2.472793061294402,2.1869305652672195,True,False,864.0,0.5746780034961733,0.8660210003250746,,True,
5156,True,49.0,0.54868434741468,0.5278686352321529,2.160000000010275,2.104904163376566,True,False,864.0,0.8712864815650957,1.035863410697855,,True,
5157,True,36.0,1.8219807318097172,2.0285908698424464,2.4480000000094204,2.156228082045125,True,False,432.0,3.612778013842367,2.5986754696119703,,True,
5158,True,47.0,1.69861913757991,0.6282980072246573,2.6096417885241263,2.488498560678708,True,False,864.0,3.7687923722299774,3.6217367102937237,,True,
5162,True,47.0,1.624504286373922,0.9922262129912269,2.4804948511486975,2.276586260412726,True,False,864.0,2.450256386758638,3.58713667707786,,True,
5163,True,47.0,1.5558109969577791,1.1438413622818189,2.7619280306164575,2.2203181198648085,True,False,864.0,3.3698006705804273,2.714369766891951,,True,
5164,True,39.0,1.0802085494753029,0.8634077325732505,2.763000000001934,2.1633400614327836,True,False,8.0,1.2423976810336792,3.3060374599628837,,True,
5167,True,38.0,1.4794767725511095,1.2792726247716928,2.610000000003979,1.7729193926684879,True,False,216.0,3.0262283744575065,3.101034131759649,,True,
5168,True,46.0,1.0299205575713353,1.066256504287594,2.2636972329052765,2.136080535981731,True,False,24.0,0.8394801755795498,1.4059202091702054,,True,
5169,True,46.0,1.530210641287097,1.6419968469381274,2.7131987925179417,2.1525788075004364,True,False,24.0,1.556202657194593,2.5595759488848877,,True,
5170,True,46.0,1.6729402777407438,1.8051358796074055,2.730013774273455,2.171835568614714,True,False,24.0,1.6972382320888741,2.7978795660769125,,True,
5171,True,46.0,1.1169208846467547,0.9751544381942949,2.1600000000075763,2.378575753134636,True,False,24.0,1.906421433236517,1.769234910681175,,True,
5172,True,43.0,2.1602830041040786,1.9253022480770596,2.610000000003405,2.105712794423779,True,True,5000.0,3.719234067061277,5.404141718033641,,True,
5173,True,43.0,1.6574352646135757,1.2570215123996604,2.1600000000095143,1.9794196826595416,True,False,2592.0,3.990009627399714,3.010377010141478,,True,
5174,True,43.0,1.2765474749464045,0.9212708890554495,2.383878121393443,2.1364212103655964,True,False,2592.0,1.464513295398739,2.9182257657264574,,True,
5175,True,37.0,2.115882390223645,1.4019006630551303,2.6083313507689243,1.7039433284003314,True,False,216.0,6.1936595182757115,3.097608260691079,,True,
5176,True,47.0,1.3013562075995813,1.2695684871250705,2.1600000000023134,2.1839587620191003,True,False,432.0,3.606905636255958,2.017128703545189,,True,
5177,True,45.0,1.3232845431881084,1.1919191097695148,2.600165895759104,2.0281475849158515,True,False,24.0,1.4398986188591738,2.4484773976872396,,True,
5178,True,45.0,1.1338979596844114,0.8996157693763962,2.354631540403322,1.9051304289733024,True,False,24.0,1.354857094667753,2.324530612871947,,True,
5179,True,45.0,0.38957716787162516,0.3570282393375237,2.595896191467282,2.0433924526140346,True,False,24.0,0.8290046770474112,0.6144361714370552,,True,
5180,True,45.0,0.6845166985847818,0.8545183799033111,2.7113744600973035,2.1590238379878994,True,False,24.0,0.3455646784262801,0.6494984032305554,,True,
5181,True,38.0,1.4024690460818967,2.119160159076273,2.4480000000025446,2.0798361592442807,True,False,72.0,2.254026681085375,1.7350183097666847,,True,
5182,True,46.0,1.312317771143202,1.680493330295576,2.160000000003165,1.9517549136354184,True,False,72.0,0.9729681765942259,1.7225138975170706,,True,
5183,True,46.0,1.6457741803116308,1.2961124389876204,2.1600000000082415,1.7591397562729343,True,False,72.0,3.0343546482056154,4.112635281655965,,True,
5184,True,46.0,0.5488531069076358,0.6151315615716157,2.494279949919745,1.90346847383927,True,False,72.0,0.516867559473495,0.8454127424507938,,True,
5185,True,46.0,1.4932982206442025,1.4586831627966603,2.1600000000042545,1.857413848688547,True,False,72.0,2.8237798303713855,4.263589161574084,,True,
5186,True,50.0,1.2751371658130317,1.2997994512370497,2.52183792057679,2.3019931355458034,True,False,864.0,3.6518357331587317,2.107123351074136,,True,
5187,True,50.0,1.235647178722268,0.6768497774646676,2.385139921926634,2.300975003558274,True,False,864.0,2.4235585495985346,3.8814828342993763,,True,
5188,True,50.0,2.07227724722808,2.230545567399531,2.1600000000055064,2.3421589603824926,True,False,864.0,4.093146021607701,2.9393874581813226,,True,
5189,True,50.0,0.6632366991235249,0.7388474050931109,2.1600000000092576,2.234665632796101,True,False,864.0,0.7466673529545741,0.7181160982935743,,True,
5190,True,50.0,1.7624725975344095,0.9076676460572344,2.1600000000084214,2.3406477879638365,True,False,864.0,2.635622282028869,3.980565197578196,,True,
5191,True,50.0,1.8022945089694429,1.4549877178178576,2.30415082476058,2.330552793759455,True,False,864.0,1.8049953919568418,3.6571310914672255,,True,
5192,True,48.0,2.4792852826637874,1.135171340269153,2.3429830096791937,2.2008997691398853,True,True,5000.0,5.122486550228719,5.504544459040508,,True,
5193,True,46.0,1.0672312931402934,0.7533906758799276,2.3883381546366307,2.1839976324391928,True,False,24.0,1.3265030225431338,2.251861674821258,,True,
5194,True,46.0,0.6277584332185834,0.8053023437605589,2.826972537499323,2.0492863378747246,True,False,24.0,0.24755238037613736,0.5808466979384028,,True,
5195,True,46.0,1.2874167981758868,1.1703484004283382,2.610000000006124,2.2273655622281674,True,False,24.0,1.3659064186793703,2.3597038074489056,,True,
5196,True,46.0,1.2805182771597832,1.1768948143071611,2.5091241969795064,2.219322660160077,True,False,24.0,1.3188799462310292,2.214818745153279,,True,
5197,True,36.0,1.48594479387999,0.45269797032597126,2.647424081781055,2.140772157797275,True,False,432.0,3.4166752084976215,3.4610140136468903,,True,
5201,True,46.0,2.8409317948961057,2.7920320143311983,2.1600000000059976,1.7110361906166682,True,False,432.0,4.195541083739733,4.240133844316406,,True,
5202,True,46.0,2.7130316403668044,2.08684585095034,2.4207985894040815,1.7579501102420396,True,False,432.0,5.88809667631178,3.605976430523411,,True,
5203,True,44.0,0.9631214764871338,0.1651590687033604,2.3464044379990905,1.8285070966775052,True,False,72.0,2.160064407539036,2.367723294202398,,True,
5206,True,49.0,2.24237904391116,1.0564376281763543,2.448000000009114,1.837524930824069,True,False,432.0,3.9561672380765933,5.339939971920211,,True,
5207,True,49.0,2.126823521389748,1.6398209984618006,2.1600000000106014,2.1509558575200933,True,False,432.0,3.748940266331955,4.867118594120532,,True,
5208,True,47.0,2.1033553924652626,2.134141840877419,2.1600000000070145,2.2188058448183337,True,False,72.0,6.519896488258842,3.268415684113831,,True,
5209,True,44.0,0.43659001236013134,0.5327585111699591,2.3864136832241054,2.218311831754048,True,False,576.0,0.49306333429997234,0.7729766376271531,,True,
5210,True,43.0,1.0906329010131945,0.9584992926938867,2.2438357789994336,1.860618192456475,True,False,216.0,3.1358254200401214,2.8623736842310743,,True,
5211,True,43.0,0.8846468033503494,0.3502232139617263,2.160000000004726,1.93664249240793,True,False,216.0,2.933878410002796,3.240254551656175,,True,
5212,True,43.0,1.0929733721519714,0.26356035165008507,2.1904228177448974,2.097010315711394,True,False,216.0,3.061254289084561,3.222571682598645,,True,
5213,True,43.0,1.197027789779327,0.7024619077819807,2.1600000000007378,1.9935031371432552,True,False,216.0,3.0858933205937182,3.191268422019993,,True,
5214,True,47.0,2.3980680668999903,2.6636843242522446,2.1600000000019555,2.136302281817814,True,False,864.0,3.3107559707635827,3.879399148354294,,True,
5215,True,47.0,0.9202482001591374,0.8818460855509329,2.374578512275011,1.9318380918182558,True,False,72.0,1.1779916206635983,2.0668029339176943,,True,
5216,True,47.0,1.6190055077129255,1.5017234798469872,2.160000000002043,1.8972219961301313,True,False,1296.0,3.708420723745302,2.827206057542912,,True,
5217,True,47.0,2.214955249820154,2.2408715973178914,2.527476654926534,2.1788998805360467,True,False,1296.0,3.2245146235706663,3.860992122735742,,True,
5218,True,47.0,1.5940948089233984,1.9855124297027942,2.867599524914683,1.8267306304159898,True,False,1296.0,2.198487561717658,2.1216544984967687,,True,
5219,True,47.0,2.6849744571459,2.6015101046141353,2.4750000000088237,2.1215316219420344,True,False,1296.0,3.489932824176869,3.766745317677459,,True,
5220,True,47.0,1.3171973001570811,0.7667873051941569,2.160000000001257,2.228417919174947,True,False,72.0,3.0802763716783335,3.2589645649795504,,True,
5221,True,47.0,1.1716539451573778,0.04191627601539949,2.4332846877616228,2.174631797845327,True,False,72.0,2.857769516158438,3.402349260054742,,True,
5222,True,54.0,1.8420038653763988,1.449284491911385,2.4991307472847466,2.0167701583224598,True,False,864.0,3.4701705590075207,4.892811432768621,,True,
5223,True,54.0,1.6034379733696236,0.27176809106458677,2.2674768264745375,2.012817556709997,True,False,864.0,3.0591868116696004,3.5251582970518487,,True,
5224,True,54.0,1.59023194933995,1.4713066130134393,2.1600000000057915,2.1060979237680284,True,False,864.0,1.500364171859549,3.3853523356337325,,True,
5225,True,54.0,2.059889033704465,0.9812088992839563,2.202587828554392,2.0133535672851903,True,False,864.0,2.981193385805067,3.9915148290872158,,True,
5226,True,54.0,2.3184665500985395,1.8489617266859568,2.4124354948045386,2.2541493691634544,True,False,864.0,3.100258644047058,4.023910278664529,,True,
5227,True,54.0,2.103799146737774,1.8145728653180413,2.3956494830609585,2.058237997438586,True,False,864.0,3.318991767604293,3.8141605476325577,,True,
5228,True,44.0,1.281448239415872,0.6838414345365891,2.4297565167554214,1.9812590758908841,True,False,216.0,3.2414927546271284,3.2867396728377516,,True,
5229,True,44.0,1.3107721652038025,0.8682378763514862,2.160000000000468,2.1226824712848598,True,False,216.0,2.978120352849714,3.380131768341867,,True,
5230,True,44.0,0.9384315301400347,0.4486476258971379,2.7529195850203068,1.8525857218493291,True,False,216.0,3.0064829986088264,3.380327767627236,,True,
5231,True,44.0,1.2276849419372002,0.566899765344715,2.1867738892182116,1.8343249192550375,True,False,216.0,3.3400196777382622,3.2818553049305272,,True,
5232,True,42.0,1.5753187395785613,1.5008950018964242,2.448000000001389,2.184132518094999,True,False,2592.0,2.74997096772728,3.6162349878385536,,True,
5233,True,46.0,1.159511268334821,0.6062818555546983,2.475000000000814,2.1335947585940493,True,False,24.0,3.0173630932206117,3.26064109134847,,True,
5234,True,46.0,0.6227688047871088,0.7550201808735437,2.2824916892478124,2.311836704332726,True,False,24.0,0.21572459345426218,0.7983615800439683,,True,
5235,True,46.0,1.2517800314562022,0.7489654094679281,2.610000000000535,2.3863068358029733,True,False,24.0,2.9844516749722207,3.3001698424963775,,True,
5236,True,46.0,0.6864464781512585,0.5078598226609756,2.585093953921085,2.1847905282200397,True,False,24.0,1.648177235645975,1.275802673923653,,True,
5237,True,47.0,1.9426165136104818,3.1751714062884275,2.4545113885577328,2.137095960339638,True,True,5000.0,2.5607723742597277,3.025785072812331,,True,
5238,True,43.0,1.8082070068113631,1.357302729080402,2.5758577830809184,2.1033686274640497,True,False,2592.0,3.2819203110472923,3.4734472460002737,,True,
5239,True,43.0,1.0083128767719114,0.7627736364920565,2.3560274666522787,2.1564907229570918,True,False,2592.0,1.1845865196876149,2.861083052915853,,True,
5240,True,53.0,2.277978730833124,2.846524699260044,2.1600000000061517,2.2285399179058922,True,True,5000.0,2.9305672533015272,3.571525195588115,,True,
5242,True,46.0,1.5053395565586305,0.5535852904467902,2.4480000000060156,2.1891054158948124,True,False,432.0,4.927168500914832,3.944544180326037,,True,
5243,True,46.0,1.6112767137078396,1.0650679697137093,2.160000000008611,2.0951278366009074,True,False,432.0,3.3814529996841856,3.397411248242254,,True,
5244,True,46.0,1.2348077747295554,0.38859250444875215,2.1826481951198184,2.1348341909619113,True,False,432.0,4.868885179811105,3.8882319091869038,,True,
5245,True,44.0,1.037844335480936,0.9048790338129038,2.2084256610721806,1.8723223370456274,True,False,2592.0,1.2496991713124719,2.139872450058077,,True,
5246,True,44.0,0.42471309318056394,0.43655690398372826,2.160000000000588,2.014039358379076,True,False,2592.0,0.4569264940037143,0.504818814851791,,True,
5247,True,53.0,1.9933413017862003,0.7264206364525307,2.5122015868964738,1.9892964154695503,True,False,864.0,4.612691973315628,5.56628710302171,,True,
5248,True,53.0,0.7582987281818823,0.8287853329820791,2.51918671242195,2.1486322617888804,True,False,864.0,0.6318424110264773,1.1334954544077385,,True,
5249,True,53.0,2.0711070163028675,1.3196247275991482,2.6261137346524768,2.0126109857843866,True,False,864.0,4.5068950795612155,5.594541724244737,,True,
5250,True,53.0,2.8776600502383354,2.7458224066067487,2.2262054718438185,2.0307318690068366,True,False,864.0,3.462452160501585,5.118930625992127,,True,
5251,True,53.0,2.3399322982894644,1.6465180582454195,2.160000000002361,1.9180026277614948,True,False,864.0,4.386870869778743,5.487802374080592,,True,
5252,True,53.0,2.9134186716155526,2.4232723371060274,2.1600000000095188,2.2285431242854603,True,False,864.0,4.103493876879744,5.591267612080987,,True,
5253,True,43.0,0.8699767351071669,0.6442824487567123,2.1600000000031296,2.0073124513637635,True,False,24.0,1.425867905053192,1.7738131542499347,,True,
5254,True,43.0,0.797854840568051,0.6493959474537405,2.496105298472341,1.855137541450768,True,False,24.0,0.8832591187293065,1.5685272597003708,,True,
5255,True,43.0,1.294847649001172,0.9358394387454609,2.4480000000015414,1.9072653803023847,True,False,24.0,2.9668538554610446,3.3346162023067882,,True,
5256,True,43.0,0.8582563347086988,0.6502647586967214,2.160000000005694,2.1228659930622094,True,False,24.0,1.2946042418937005,1.7618769227958144,,True,
5257,True,46.0,1.711481784691808,1.3723598616743402,2.7098492887125705,2.0729726786911593,True,False,1296.0,4.927015950554034,2.4526238536989,,True,
5258,True,46.0,2.1245916163880256,2.4005686523305485,2.877603985750968,2.248131031345815,True,False,1296.0,4.805941752073535,2.43770109247669,,True,
5259,True,46.0,1.7796777969468898,1.389780194258492,2.1600000000060593,1.9094626437822764,True,False,1296.0,5.223152580798505,3.207794230600068,,True,
5260,True,46.0,1.276538513442326,0.7561071050076862,2.3415921083599383,2.093284406118767,True,False,1296.0,3.35695322636163,3.358112800012512,,True,
5261,True,43.0,1.0396260216655782,0.5713947812182596,2.7007563233744762,2.067602111069729,True,False,2592.0,3.0913921530790804,1.7448310300895475,,True,
5262,True,43.0,0.9247861265196589,0.6199601016123779,2.448000000004542,2.0907081119563293,True,False,2592.0,3.120680467837802,1.8448097403493653,,True,
5263,True,40.0,1.9419872132305662,1.6964323427091585,2.44800000000396,2.241740183562761,True,False,1296.0,2.582271275480283,3.4882114218996203,,True,
5265,True,44.0,1.18917014068557,0.5477442272749613,2.6625399909461263,2.092278423752441,True,False,432.0,3.262087443943168,3.285486253911601,,True,
5266,True,44.0,1.3611528134582376,1.2976011924765771,2.772188232715604,1.9160111929474735,True,False,432.0,3.0266463011512386,2.051822980240487,,True,
5267,True,44.0,1.359524338458537,1.524111695598549,2.4480000000013513,2.1087163842726695,True,False,432.0,2.9991635791013977,1.3544713630235108,,True,
5268,True,39.0,0.4554369847921841,0.2372833576737321,2.478106114590165,2.0357381196509534,True,False,72.0,0.8845099117114884,1.2766496933464362,,True,
5269,True,42.0,2.275803861674991,2.0505443929905596,2.736000000000221,1.9095946654198632,True,False,432.0,6.6041741040259065,4.485309348237143,,True,
5270,True,43.0,2.5313770494728627,2.8195227152536972,2.3292091027821833,1.6426418817563373,True,True,5000.0,3.2132302977971716,4.032860599730298,,True,
5271,True,41.0,0.3225042931894938,0.47510286441684,2.7325759293164444,2.3478913282560585,True,False,144.0,0.4872419451070054,0.43487906729363324,,True,
5272,True,47.0,1.5082928242615479,1.8876762536310707,2.5324321153260536,2.0838231439591985,True,False,576.0,2.0134546319230635,2.8917399176145477,,True,
5273,True,47.0,1.5957549484825324,1.6739070968433225,2.580899741933973,1.8607587749625152,True,False,1296.0,2.9751378103062813,3.3589039214667187,,True,
5275,True,47.0,2.3311196765927384,0.9790600430023915,2.4785452381196964,2.1007972321716344,True,False,1296.0,4.843914363529586,5.217768311479169,,True,
5277,True,45.0,1.4950139091134842,1.291238873556722,2.448000000001567,2.324394665692554,True,False,2592.0,3.360826589500847,2.9025907310227397,,True,
5278,True,45.0,1.25768867919173,1.111039030853135,2.1600000000039334,2.372689977578192,True,False,2592.0,3.742625125316265,1.7387505429626082,,True,
5279,True,49.0,1.9527353832608436,1.6455217443399306,2.1600000000067983,2.0308000191057713,True,True,5000.0,3.7774893824459417,3.283531752002716,,True,
5281,True,49.0,1.6122761784926192,1.2989551292303076,2.439146562098621,2.0814963202946095,True,True,5000.0,3.364919494135033,3.388530752824598,,True,
5282,True,49.0,1.9884996988572559,1.2859004883430316,2.1600000000039823,1.9755797756608058,True,True,5000.0,4.126852555059546,3.9528114619693095,,True,
5283,True,46.0,0.862405656702221,0.515093473932211,2.610000000003936,1.7697321845691794,True,False,144.0,2.9236494532304595,3.169798756284438,,True,
5284,True,46.0,1.1456282343015873,1.3626397589687258,2.3500610378349007,2.136010060510016,True,False,144.0,1.0296657877852116,1.7471422591958892,,True,
5285,True,46.0,0.4974997417242186,0.5791425193965551,2.610000000009033,2.2224736093146302,True,False,144.0,0.40398835418226126,1.0057957113699136,,True,
5286,True,46.0,1.0648037296453245,0.44771172177570406,2.5400968358124327,2.0195540859060945,True,False,144.0,3.018684950999156,3.2440849705746535,,True,
5289,True,47.0,1.3087361136571465,0.9893144499292248,2.483852966097495,2.1274790071114684,True,False,2592.0,3.8064030075209647,2.1009895813498045,,True,
5291,True,42.0,1.5535785383910001,0.48516155550896656,2.811978738821595,2.043521065489661,True,False,72.0,3.196823084050102,3.1797406073571115,,True,
5292,True,44.0,0.9247172189677341,0.29767649581481237,2.1600000000059785,1.9106432504525799,True,False,24.0,3.2549956656537957,3.0555100182632184,,True,
5293,True,44.0,0.9951617102868502,0.6183073898682778,2.1600000000074884,1.9910657755332948,True,False,24.0,3.281960034522612,2.733501700653923,,True,
5294,True,44.0,0.39325886922647374,0.47300135793193476,2.6100000000040944,1.8813251111118463,True,False,24.0,0.530000113524601,0.5724039353490687,,True,
5295,True,44.0,1.1210403533822155,0.9592062347619503,2.160000000001468,2.1366330534979565,True,False,24.0,3.2771612304191953,2.8391930667716445,,True,
5296,True,40.0,1.1788993606689404,1.4773482668060751,2.7360000000054305,2.090283625300643,True,False,72.0,2.790803091587014,2.051017230684818,,True,
5297,True,49.0,0.8973487055974839,1.2143378113214567,2.610000000002309,1.9925803563721087,True,False,864.0,0.31144360653463893,1.1352247422209651,,True,
5298,True,49.0,0.3955138465509441,0.25949584902991774,2.4583625802845535,1.9616183391526498,True,False,864.0,0.7939261056443662,0.8668820158898124,,True,
5299,True,49.0,0.9522636892694403,0.653641399811022,2.573503922506244,1.9892199680779399,True,False,864.0,0.9827858506288398,3.0425674151623765,,True,
5300,True,49.0,1.1760275810596466,0.32215049558726605,2.677340382978785,1.9485413675362397,True,False,864.0,1.3763770358787364,3.5105045234693604,,True,
5301,True,49.0,0.6060793997174345,0.7918506587448064,2.6100000000007895,1.9624518936779063,True,False,864.0,0.29822157242264263,0.9165673788516278,,True,
5302,True,49.0,0.539110109886721,0.4985653364965401,2.5426471352400393,2.014877945558986,True,False,864.0,0.48903791546993003,1.0712606952078878,,True,
5303,True,43.0,1.1645116500346313,1.1288361004189937,2.592995077644744,2.0710622063569217,True,False,2592.0,3.4307278704823307,2.9557403248598275,,True,
5304,True,43.0,0.9651694597261699,0.4445767302750028,2.33262458224595,1.9008593411928196,True,False,2592.0,1.5840615418549961,1.9991148921895325,,True,
5305,True,38.0,1.6356609086431533,1.3870329778983432,2.7756802862802687,2.3431693976535284,True,False,72.0,2.6937228739312546,3.3245472945387893,,True,
5306,True,41.0,0.40600664710857104,0.5473931506603549,2.4612789832163644,2.3665549502599768,True,False,432.0,0.9651902930563829,0.47716304264655585,,True,
5307,True,40.0,0.9684453000279307,0.6080067359762324,2.954372618698254,2.0911401234254967,True,False,72.0,1.5618691895362673,3.6605924552891196,,True,
5308,True,42.0,1.288465483275175,1.9284702799377555,2.898000000000209,2.071334097073671,True,False,432.0,2.3938743184803726,1.7561253445011846,,True,
5309,True,42.0,0.4877888823501726,0.6748504983952444,2.4480000000025166,2.155410745936839,True,False,432.0,0.6827697490444709,0.9021476415613171,,True,
5312,True,42.0,1.2379676764387706,1.002374215171585,2.4750000000081123,2.284149078256496,True,False,72.0,3.557700110647836,2.659281951460913,,True,
5313,True,42.0,2.055219593834251,2.252057013574813,2.475000000006694,2.418247089050248,True,False,72.0,3.016660513397277,3.353834269277116,,True,
5314,True,48.0,0.9168143669096129,0.7555149385225377,2.8271460108588866,1.9238452057533113,True,False,864.0,3.046905669886912,1.8784624716807554,,True,
5315,True,48.0,1.490027036102114,0.765847016878979,2.610000000008588,1.9109990138668307,True,False,864.0,3.11374953928282,3.9871355988143398,,True,
5316,True,48.0,0.4874530247948564,0.44532783643808216,2.5853062692347386,1.9788461142039317,True,False,864.0,0.5300957620015386,1.0735662431361985,,True,
5317,True,48.0,1.2484944034753185,0.5248450093422434,2.5908806366153754,1.9936366217292458,True,False,864.0,1.43414561416682,3.622085333350698,,True,
5318,True,48.0,1.4104341890339716,0.08614823776224512,2.580635598649393,1.9060049342538439,True,False,864.0,3.108723535165749,3.5460217380789825,,True,
5319,True,48.0,1.0051143633492978,0.7718298098807281,2.610000000000792,1.9845527570210875,True,False,864.0,3.0947012497514184,2.0098114214149545,,True,
5320,True,51.0,1.0735300970361075,0.5084657521001645,2.221736624907079,2.1079672891674575,True,True,5000.0,1.6835898969198912,2.8375640728772704,,True,
5321,True,51.0,1.74877238313339,1.7725804134752252,2.1600000000031203,2.3089877435794244,True,False,1296.0,3.635975184261887,2.440890856816379,,True,
5322,True,51.0,2.058623320557322,1.5860436271796061,2.1600000000058084,2.4993161394469485,True,False,1296.0,3.4963867656455667,3.605669883656586,,True,
5323,True,51.0,1.3692695082361737,1.0176309014641447,2.6522808326143577,2.3305120409472253,True,False,1296.0,3.7177734257367017,2.478874056275917,,True,
5324,True,51.0,1.8506448318843283,2.0368919799911964,2.2156720447175537,2.425259753016159,True,False,1296.0,3.643887529578456,2.7654499830872292,,True,
5325,True,51.0,1.5417533718192937,1.199320808180346,2.389429530160648,2.426556481868906,True,False,1296.0,3.7786450097977826,2.5352962458947386,,True,
5326,True,51.0,2.1024475120977923,1.6974642668137676,2.61000000000803,2.4026456603294624,True,False,1296.0,3.76161951923883,4.082696745180934,,True,
5327,True,53.0,2.6273241384365127,2.793027457293647,2.448000000003825,2.306575693576953,True,False,2592.0,3.74623149739568,3.342605175712699,,True,
5328,True,53.0,2.7521878358111787,3.0167674414042267,2.160000000009235,2.1928759083222196,True,False,2592.0,3.721860823406209,3.4498522313800706,,True,
5329,True,53.0,2.2030244396907945,2.028806891252316,2.160000000009204,2.21160328922255,True,False,2592.0,3.616250899667644,3.20469139022547,,True,
5330,True,53.0,1.5840387986074247,1.7977249340474373,2.412616547964023,2.064762920870094,True,False,2592.0,2.2932697592356655,3.2553735065325466,,True,
5331,True,53.0,1.949198802498123,2.3121721945462923,2.452825792555203,2.140597240444825,True,False,2592.0,2.602725560482145,3.857796798488392,,True,
5332,True,53.0,2.9516805160177806,3.0594753417244647,2.35249309544756,2.158903072673713,True,False,2592.0,3.490088688414818,3.93128949458513,,True,
5334,True,48.0,1.1797846464688164,0.9529767712228931,2.448000000006263,2.0649161965803846,True,False,2592.0,1.3089588319294099,2.162854911549516,,True,
5335,True,46.0,1.6824129007447914,1.0510141990271222,2.1600000000016273,2.262764444678235,True,False,144.0,3.806720589053075,3.5008248066463565,,True,
5336,True,46.0,1.0865887881579903,0.8045692010200582,2.1600000000070856,2.3998897211538703,True,False,144.0,2.224664695458535,2.081816769049404,,True,
5337,True,40.0,1.4423982109426687,0.39618486632753047,2.765935331771501,2.3854883631030357,True,False,72.0,3.174307833957711,4.303000641578651,,True,
5338,True,44.0,1.8238321047108064,0.9901743499976874,2.610000000007048,2.0251982127683203,True,False,24.0,4.636623712677908,4.794953282021351,,True,
5339,True,44.0,2.473450084324517,2.4400033572637767,2.7630000000061647,2.1206879624782147,True,False,24.0,5.842193437384492,4.621770565042672,,True,
5340,True,44.0,2.5717075102507665,2.864745371931349,2.4750000000045107,2.1148537269749887,True,False,24.0,4.5460276391272725,2.6484340499725656,,True,
5341,True,44.0,1.8846923577581611,1.935955227847444,2.4750000000044827,2.152068320337438,True,False,24.0,2.9146588136541522,3.412362523734501,,True,
5342,True,50.0,0.45999568601349655,0.004299247084418312,2.2740715688755655,2.232485763314069,True,False,864.0,0.7232153859873822,1.2273559851364362,,True,
5343,True,50.0,1.2857001150274026,1.5434083690488478,2.5420140924115664,2.2052343650959187,True,False,864.0,1.3963721255151615,1.6341653647514358,,True,
5344,True,50.0,0.5220074499275325,0.3526902645426162,2.6100000000009587,2.1496434242683136,True,False,864.0,0.7278357368346703,1.2313152799764693,,True,
5345,True,50.0,0.7339674156562016,0.5874487233522814,2.6100000000058214,2.1888203911924795,True,False,864.0,0.8360760313472332,1.3919415929782635,,True,
5346,True,50.0,0.5520584364935611,0.6881816615750722,2.899596193596003,2.3286699999785285,True,False,864.0,0.4960071979900721,0.4778208532563554,,True,
5347,True,50.0,1.1925928421272185,0.22719196313482826,2.610000000001422,2.1739942359859192,True,False,864.0,1.3793955578178785,3.5171196870207613,,True,
5349,True,51.0,3.521815064343369,3.1180137179471785,2.1600000000041226,1.9496068165914893,True,False,144.0,5.338214938696926,6.240874187556125,,True,
5350,True,49.0,1.1479525983910253,0.35542404141597217,2.3394385389075256,2.066291968623989,True,True,5000.0,2.8684141509861414,2.2151615047492155,,True,
5351,True,49.0,1.1041336923841971,1.0024506577901775,2.610000000006269,2.2291136539216656,True,False,48.0,1.4682770776674487,2.5277069186412424,,True,
5352,True,49.0,1.2213729334871044,1.270960962636309,2.6039294656348466,2.2364806670525903,True,False,48.0,1.3007948417682191,2.1928391702191266,,True,
5353,True,49.0,1.114727715968739,1.0540946542751044,2.4952325071143364,2.0308452232998953,True,False,48.0,1.3955830476759963,2.3938130700553337,,True,
5354,True,49.0,1.1627630271339406,1.1223364102588675,2.543998394330881,2.194022405309481,True,False,48.0,1.3115461946975056,2.162526978544129,,True,
5355,True,49.0,2.933323481054576,1.4545406281176838,2.4480000000060955,1.9338286157775202,True,False,432.0,5.336477913423152,6.686074542321277,,True,
5356,True,49.0,2.108479926567593,2.2313423638624954,2.8980000000025283,2.0635216506012237,True,False,432.0,3.5232971113085467,3.7858848601883075,,True,
5357,True,50.0,2.0392327693936623,1.6922616063638998,2.1600000000067836,2.211153358159492,True,True,5000.0,6.064512316438008,3.18036782388248,,True,
5358,True,50.0,1.6537374371461449,1.1691137676025392,2.160000000009447,2.2829603261992966,True,True,5000.0,6.733682350264839,2.103279464918678,,True,
5360,True,51.0,1.365995961900554,0.36606801328161964,2.3364930365051046,2.1341470099316027,True,False,864.0,2.8411665305302893,3.5464013568152217,,True,
5361,True,51.0,1.3608104586947685,0.776425346153701,2.6100000000001806,2.1622223471696893,True,False,864.0,2.5623891802837226,3.656721248530067,,True,
5362,True,51.0,1.318176483141377,0.3027231575870246,2.46116729011458,2.1620262625833204,True,False,864.0,2.871882983006755,3.4812155271164893,,True,
5363,True,51.0,1.771029068693321,0.9214974520073156,2.380980403490624,2.2685965433721353,True,False,864.0,2.4883559439577643,3.767151485346003,,True,
5371,True,41.0,1.5296353777724008,2.325029095489299,2.784405803661371,2.1382227937004137,True,False,16.0,2.092531588049616,2.1053507147722033,,True,
5372,True,53.0,2.328531747207331,1.9950365422737377,2.1600000000050232,2.2394289210868026,True,False,96.0,2.5005629479075093,3.8401551476599076,,True,
5373,True,45.0,1.2076797071088876,1.1929658682929585,2.847325873124253,2.2741029934459873,True,False,432.0,3.4114150246046226,2.4709556613840196,,True,
5377,True,51.0,2.234243179823843,2.034557661485451,2.6100000000057952,2.060478003862211,True,False,432.0,3.8427541194288963,5.043261688432496,,True,
5378,True,51.0,2.4166353796940827,2.623851531479886,2.6100000000051184,2.184078411161101,True,False,432.0,3.9683054744466255,5.460801332097919,,True,
5379,True,51.0,1.9561546625574575,1.3972108296620718,2.6100000000000114,2.0514393864065297,True,False,432.0,3.4306945263081468,5.103016002279612,,True,
5380,True,51.0,2.044099937185609,1.303108469077415,2.1600000000019093,2.0956331765841085,True,False,432.0,3.983497528718704,5.133572963671859,,True,
5381,True,49.0,1.9234244871858046,2.0191461493050156,2.160000000007232,2.165543653081138,True,False,24.0,2.1422524131664678,3.1689459745360544,,True,
5382,True,49.0,1.4132667197326862,1.207445321168052,2.1600000000025115,2.1908797893312175,True,False,24.0,1.705286475801048,2.8700609449827437,,True,
5383,True,49.0,1.0648434485635192,1.1987931568546628,2.2718572511036035,2.049514360257083,True,False,24.0,0.7933903518091624,1.2955815833658801,,True,
5384,True,49.0,1.447510526279943,1.3272921752432012,2.1600000000039343,2.2842719327172936,True,False,24.0,2.2064953666116955,2.7107355496524645,,True,
5385,True,52.0,2.2476442022431633,2.515796908232005,2.160000000002818,2.0322024884592578,True,True,5000.0,2.284184903018267,3.5426349011756137,,True,
5386,True,51.0,0.533227323129219,0.7393386026706139,2.160000000002122,2.052394485789708,True,False,864.0,0.42988040012741346,0.5924860890501118,p_canonicalize,True,
5387,True,51.0,2.0455388071277865,2.211745136341051,2.5667553859373946,2.154718560299697,True,False,864.0,3.2296908322857885,4.757663205391305,,True,
5388,True,51.0,0.9768873609834882,0.8160350010948605,2.333916405223085,2.0145276421781855,True,False,864.0,2.9947374337308856,3.3177433360161146,,True,
5389,True,51.0,1.695063023959642,1.7230396689192276,2.1600000000030564,1.7823575790789006,True,False,864.0,3.1837246601103053,3.256029615854002,,True,
5391,True,49.0,1.4718577583533732,0.9877499683680071,2.500351701924074,1.8130497140729487,True,False,432.0,3.352389666887272,3.988677941362826,,True,
5392,True,44.0,1.2841082861773507,0.9773786438454408,2.281250205659396,2.3670922867095827,True,False,864.0,2.4614301185363554,3.9656064622769187,,True,
5393,True,39.0,1.471386440924282,1.6157312728792022,2.7135354250179495,2.0758776376752075,True,False,72.0,3.5676936268532615,2.183900453594642,,True,
5394,True,52.0,2.7721839083778406,2.9012668297473283,2.1600000000012756,2.192735299232445,True,False,2592.0,5.726634265058743,3.146240998093014,,True,
5395,True,52.0,1.8107462661898117,1.9171275538137706,2.160000000005602,2.1447669552890822,True,False,2592.0,3.497645325331004,2.533020751756601,,True,
5397,True,52.0,1.9933385829000831,2.254640998722607,2.485950198887765,2.2674509195570254,True,False,2592.0,3.215676312178747,2.231241453547546,,True,
5398,True,52.0,1.5423392799931686,1.1660914533822506,2.1600000000079365,2.08298098716719,True,False,2592.0,2.8823827656530345,4.018743220006245,,True,
5401,True,47.0,1.1188428576616225,0.9717308438957843,2.7911515672504907,1.9963990245689864,True,False,432.0,1.7894015302282216,3.663227162673611,,True,
5402,True,47.0,1.5942759875416292,0.9643770504080749,2.160000000007194,1.9957821209991837,True,False,432.0,3.8953392945837506,4.205217913308748,,True,
5403,True,47.0,0.8051593680590033,0.88446719408239,2.676523085494923,2.2754747739537784,True,False,432.0,1.5051865341765287,1.3969986299422066,,True,
5405,True,45.0,0.5044401303442638,0.5163691595080309,2.843662543557841,1.849505549167128,True,False,216.0,0.6043641102898726,1.0998086807362348,,True,
5406,True,45.0,0.4378634613019885,0.30532785113246064,2.5754010834115517,2.002226599313874,True,False,216.0,0.771592529021525,1.0113206845614702,,True,
5407,True,45.0,0.8214189906631777,0.27062546244997066,2.4326621862855577,2.0205462340911677,True,False,216.0,3.0285153581251625,1.7647511942293794,,True,
5408,True,45.0,0.8235366886460451,0.1771121580968611,2.476074007252102,1.8801259641045334,True,False,216.0,3.076647780807207,1.9203944815471388,,True,
5409,True,45.0,0.9163482571294042,0.14604437418529415,2.1600000000081625,2.0602576207115457,True,False,432.0,2.1920253637812404,3.4358326418373872,,True,
5410,True,45.0,1.1516442944983167,0.5015461625880562,2.610000000000407,1.986272280051252,True,False,432.0,3.003450262841787,2.8244607561475665,,True,
5411,True,45.0,0.9516482076958522,0.6314707198980614,2.448000000004629,2.186624001377466,True,False,432.0,2.7744448365378545,2.191641231669313,,True,
5412,True,45.0,1.40267235145273,0.866601520745462,2.610000000005161,2.023941818481944,True,False,432.0,2.5295225379878783,3.894844224019129,,True,
5413,True,46.0,1.38800700174628,1.791464418056421,2.411626380048908,2.1697800373770613,True,False,2592.0,1.2154332951827458,1.8924355845376541,,True,
5414,True,46.0,0.7613424549518285,1.0099789733285434,2.274100654313215,2.2117446658690056,True,False,2592.0,0.8201287579053237,0.843745448274875,,True,
5417,True,51.0,1.475589808153635,1.0375231025973335,2.5258144689713546,2.110787585949851,True,False,864.0,5.380530442351475,1.8308049154831618,,True,
5418,True,51.0,2.0896078467833243,1.9190890105164726,2.6100000000040335,2.2306731622091123,True,False,864.0,5.333089425511707,4.343616844969786,,True,
5419,True,51.0,0.8501153642302952,1.1889564260018233,2.610000000002352,2.0571153314775525,True,False,864.0,0.7202293680365155,0.6965669819404352,,True,
5420,True,51.0,2.2678258851593682,2.1821620171540417,2.448000000001731,2.141341299419595,True,False,864.0,5.436105097258664,3.9460581980053266,,True,
5421,True,51.0,2.0781025390094245,2.2668767793693405,2.448000000001712,2.218371281571234,True,False,864.0,5.02118419298827,1.5769775296206139,,True,
5422,True,51.0,1.695788944333042,1.5546943017761805,2.4480000000086397,2.2126696532017607,True,False,864.0,5.040510046034695,1.6445947892826047,,True,
5423,True,49.0,2.796501210472422,3.2103938083200774,2.501965621422898,2.1434043861576844,True,False,864.0,3.893772763455883,3.6279856859747426,,True,
5424,True,49.0,1.8743837154389764,0.8830650290474296,2.403861842434498,2.215635317307431,True,False,864.0,3.542779478273384,3.4893143761161256,,True,
5425,True,49.0,0.9700616865507803,1.3542591072437062,2.160000000006439,2.0428476057209948,True,False,864.0,0.326129109377468,0.7342426765984466,,True,
5426,True,49.0,2.2199951520872068,1.5915185916419432,2.6100000000058157,2.0539373235325367,True,False,864.0,3.665269321183621,3.542117514010354,,True,
5427,True,49.0,0.9874959335752523,1.183830329489865,2.5400467351543217,2.0361565996749857,True,False,864.0,0.7138345161603442,1.214063855726047,,True,
5428,True,49.0,0.6725512499756093,0.7124295877547411,2.61000000000653,2.1919852069300103,True,False,864.0,0.7280690596692012,1.2146017866672767,,True,
5429,True,46.0,1.8116994213101179,1.4162858325289562,2.1600000000050144,1.8506823348700339,True,False,2592.0,5.368968048348862,2.7641643228647332,,True,
5430,True,46.0,2.4293670107072685,2.7167907508046483,2.9250000000100043,1.8334258687495386,True,False,2592.0,3.8049489188562,2.3298545563824447,,True,
5431,True,44.0,0.3956755767239702,0.07301242824905785,2.2068947371964764,2.0740716937222783,True,False,432.0,1.1393400368170687,0.9795992646975206,,True,
5432,True,44.0,0.3729715386690539,0.24995138150916318,2.599814201323212,2.2158424009166353,True,False,432.0,0.741128923771569,0.7818142124371764,,True,
5433,True,44.0,0.9606587539835776,0.7160555534792366,2.466298966689937,2.2017571674460377,True,False,432.0,2.929185051664129,2.211385878699219,,True,
5434,True,44.0,0.8238938113285246,0.3687573444258305,2.3666188630160465,2.211028386362328,True,False,432.0,2.973805784911762,1.8984088661464265,,True,
5435,True,49.0,1.6691767344929616,0.9520760253435583,2.387106678486775,1.7815111904223335,True,False,48.0,6.338225430690255,2.3226284488567646,,True,
5436,True,49.0,0.568212699503988,0.7677865783589368,2.1600000000037856,1.8927074832894808,True,False,48.0,0.6365393247532937,0.9482289864688676,,True,
5437,True,49.0,1.7501995190949204,1.6066634446724493,2.160000000003565,1.8538053180957272,True,False,864.0,3.7226063573712316,2.5615114508097525,,True,
5439,True,46.0,1.3830277766466348,0.887544367913506,2.725301691445132,2.2743156679317846,True,False,2592.0,3.4823116482964824,2.8192589779742545,,True,
5440,True,46.0,1.2089104453477526,0.962353074693965,2.1600000000050876,2.368774852175698,True,False,2592.0,3.4494366314844545,2.7605204225132494,,True,
5441,True,51.0,1.6522105832103942,1.7438912842335412,2.1600000000019426,2.095703813877333,True,False,2592.0,3.5082935478617374,1.9227131760852936,,True,
5444,True,51.0,1.5406764349813566,0.8148039630359563,2.2671331183992454,2.067304736946152,True,False,2592.0,3.7316897320398774,2.228387924444094,,True,
5445,True,51.0,2.142533796225513,1.6674965249221714,2.898000000003405,2.3624961918064544,True,False,2592.0,3.6599074288567097,4.164995963722514,,True,
5446,True,51.0,2.1886853674883544,1.8010274425978423,2.623984865964011,2.2851469985758026,True,False,2592.0,3.629671453632762,3.5742126857023284,,True,
5447,True,47.0,0.6250352799332771,0.7103195982926991,2.610000000007387,2.3018584999300025,True,False,72.0,0.93426135181206,1.2213238314074084,,True,
5448,True,47.0,0.6390782929343506,0.6625890407594852,2.2656985912766743,2.258208278193134,True,False,72.0,0.8871774593763329,1.0917776940575443,,True,
5449,True,47.0,0.5379359692066614,0.31279799285766785,2.2062874114465356,2.155272477112813,True,False,72.0,1.121058923992555,1.2275281034858598,,True,
5450,True,47.0,1.7387643725954578,0.2676018579841184,2.3942787988070755,2.24257138557505,True,False,72.0,6.859754407979357,4.01577183632484,,True,
5451,True,45.0,0.46801556344685197,0.5482704731475678,2.6100000000049954,2.110220448270749,True,False,24.0,0.4487029810209878,0.7380519820106277,,True,
5452,True,45.0,0.4333222114296353,0.44052921489128494,2.3878318832659935,2.2120112389633104,True,False,24.0,0.44497716914160473,0.8371289271689917,,True,
5453,True,45.0,0.42322267022770815,0.4233364904212067,2.6100000000019437,2.063008370632558,True,False,24.0,0.4611556294008997,1.077863852188873,,True,
5454,True,45.0,0.9041916350639772,0.25657998566748574,2.606215819180938,2.246717037479353,True,False,24.0,3.4946062171093044,2.8528643486220915,,True,
5455,True,44.0,0.8478609336174769,0.39837390066168155,2.3043703824677166,2.0881170504787323,True,False,24.0,3.1975864945136965,2.03342642247445,,True,
5456,True,44.0,0.8942214841854397,0.6223779218380514,2.617732189137614,2.271775197857394,True,False,24.0,3.172218291652019,1.9119276118692394,,True,
5457,True,44.0,0.4335036830283275,0.5447456889232853,2.479386272133994,2.236524463291202,True,False,24.0,0.38488354933946245,0.6582856204419503,,True,
5458,True,44.0,0.8265099095462404,0.41611816679142066,2.501276497352846,2.1384471137252845,True,False,24.0,2.9969475285285845,3.284372333012682,,True,
5459,True,49.0,0.8298028648413419,0.3894964624196291,2.1600000000088224,1.9728387063315644,True,False,432.0,3.7795356882844606,2.798292058133111,,True,
5460,True,49.0,0.9655728729201573,0.5332930934455362,2.1600000000067094,2.245605155720836,True,False,432.0,1.5288231441535953,3.0781757512790837,,True,
5461,True,49.0,0.9282134933574646,0.6228696466896508,2.629670886067712,1.88038844635889,True,False,432.0,3.252740744235508,2.889056152024214,,True,
5462,True,49.0,0.7997184966618642,0.5546431806287728,2.4480000000039626,2.1513887996826604,True,False,432.0,1.0524607369799794,1.4328670866297017,,True,
5463,True,57.0,1.8268663456008176,1.607943946350133,2.160000000002908,2.1352532043296413,True,False,864.0,2.2550070556019204,3.359606131903796,,True,
5464,True,57.0,2.2503243471628336,1.9244548236310948,2.1600000000086217,2.1911685863483896,True,False,864.0,2.2240567659071826,3.4907455970865824,,True,
5465,True,57.0,2.9676210839283677,3.319159184826276,2.289319159714791,2.066098210177822,True,False,864.0,3.415649299497665,5.219943963049612,,True,
5466,True,57.0,2.9660985515207505,3.264330501344375,2.1600000000028197,2.1132559493823746,True,False,864.0,3.6856092136180303,5.368314708907742,,True,
5467,True,57.0,2.7991419782907947,3.025760906009964,2.429153109404539,2.180001314930796,True,False,864.0,3.434498876743372,5.105594285328261,,True,
5468,True,57.0,3.249896056043597,3.703461639004672,2.3674197025649626,2.111946983117711,True,False,864.0,3.3098341196731864,4.963376986042426,,True,
5470,True,47.0,0.7194935577705667,0.5789924665332364,2.1600000000040707,2.2447862415829265,True,False,2592.0,0.5623873685046061,1.5542636208937382,,True,
5471,True,49.0,1.8366949071704364,1.7987634232340497,2.4750000000074217,2.0534199513251057,True,False,1296.0,3.1159118921993176,3.6164045138567893,,True,
5472,True,49.0,0.9254519833301206,1.193129534709442,2.610000000004117,2.2067481065586074,True,False,1296.0,1.3973204361340419,1.15355009444113,,True,
5473,True,49.0,0.9522455878841658,0.5640097489340405,2.2930010902756797,2.0764996953768136,True,False,1296.0,3.507081562032264,2.649270123890707,,True,
5474,True,49.0,1.4479189700552269,0.907889572365093,2.2970481835485135,1.9850573511866099,True,False,1296.0,3.269979716995949,3.3707317297018586,,True,
5475,True,46.0,0.9250774272576162,0.5735594587895321,2.468064035576159,2.1665038447461846,True,False,432.0,3.1858881756310407,3.1453375093638054,,True,
5476,True,50.0,2.2167375960463143,2.4471623122553865,2.160000000000653,2.000656351950529,True,False,2592.0,4.103547317233272,2.521000531596036,,True,
5477,True,50.0,2.3932239901607946,2.5689166558659053,2.1600000000051844,1.943890231726061,True,False,2592.0,4.044470284075118,3.272563454406675,,True,
5478,True,48.0,2.7205197412776454,3.179074637195299,2.1600000000064385,2.2371189195257366,True,False,1296.0,3.443812233406998,3.866033966482005,,True,
5479,True,48.0,2.279478477062488,2.602863982454437,2.448000000000219,2.1488061167541384,True,False,1296.0,2.709513088678529,3.4807094615790817,,True,
5480,True,48.0,3.0578763311865784,2.7069230536544637,2.448000000002247,1.937682592015524,True,False,1296.0,4.653300960846484,6.350030982960075,,True,
5481,True,48.0,2.5035326477118613,1.1729953627982468,2.2784127695041763,2.026545350935922,True,False,1296.0,5.0301128681441805,5.682481232292987,,True,
5482,True,51.0,1.2300548607222155,1.3654318888402486,2.520094633604243,2.2594029951515955,True,False,288.0,1.7688245697971114,2.5352357868684448,,True,
5483,True,49.0,2.4920931543079776,3.2637733630290313,2.3356237201255077,2.1378157514154488,True,False,72.0,2.739952376450168,4.524860249609059,,True,
5484,True,49.0,2.194203158377498,2.158153185253468,2.1600000000018396,1.9690236932043248,True,False,72.0,3.404664362266585,4.627793703970926,,True,
5485,True,49.0,0.5062570947093503,0.5836486139087356,2.449001592235902,2.0463139058805226,True,False,72.0,0.46333571226679965,0.7366666073928254,,True,
5486,True,49.0,2.384102657738099,2.944318266101618,2.475000000001988,2.26563500434205,True,False,72.0,3.4579840682689604,4.543232062088799,,True,
5488,True,45.0,1.6485061023698624,1.729502574824437,2.612007641250145,2.3293034731438493,True,False,216.0,3.1302026764894944,1.9583422158947779,,True,
5489,True,45.0,1.8535936656939591,1.4164517269273347,2.748551407904377,2.2273367402797453,True,False,216.0,3.13731464059189,3.6096928174820286,,True,
5491,True,44.0,2.0114460561928573,1.755899935713387,2.358456544594852,1.9230705316758405,True,False,864.0,3.0433770938371087,4.034015769361031,,True,
5492,True,50.0,2.0765510547312114,1.5248947971231246,2.6100000000060346,1.9840765745555287,True,True,5000.0,3.1665574816191757,3.6107033128713195,,True,
5493,True,50.0,2.273637814391947,2.200257814343786,2.50763824128749,2.133421797629339,True,True,5000.0,3.972355377378019,4.2656235662586655,,True,
5494,True,50.0,2.3145155181478536,2.0371245181049744,2.448000000007699,2.048025045403498,True,True,5000.0,3.5542773168210817,4.528681217962367,,True,
5495,True,50.0,1.4225317808875801,1.2544716250849888,2.3170215567517936,1.942850678616347,True,True,5000.0,2.5817078150529844,4.136864099344998,,True,
5497,True,45.0,1.2556045297582468,1.1353979146806523,2.160000000003737,2.2223583286454955,True,False,2592.0,2.1770719813672867,3.173304507868722,,True,
5498,True,45.0,1.4735531380663491,0.5121666904888116,2.175811801778493,2.0997908398933456,True,False,2592.0,3.11162542700121,3.10654602736311,,True,
5499,True,47.0,1.5213377795879033,1.466985239276255,2.470393043084124,1.9157525008465992,True,False,144.0,2.268177983288889,3.299966537958139,,True,
5500,True,43.0,1.597567574913071,1.3601907447591657,2.448000000005004,1.8253753769841423,True,False,432.0,3.083916254184517,3.256445062444637,,True,
5501,True,52.0,0.6886896242226085,0.7748454011816648,2.160000000007439,1.9523441069903635,True,False,864.0,0.5414581868746968,1.0348597284820595,,True,
5502,True,52.0,0.8415478618695731,0.682721696113731,2.1818844631788594,1.9941182172830176,True,False,864.0,0.8233750449251466,1.9636936268240768,,True,
5503,True,52.0,0.6431911015508208,0.6970447890271316,2.3778518246557536,1.895764129368419,True,False,864.0,0.6834245724582031,1.644390406268707,,True,
5504,True,52.0,0.8168221882090729,1.13696691397854,2.6100000000056296,1.9785430753460993,True,False,864.0,0.4366488569782657,1.0038141794785311,,True,
5505,True,52.0,1.422819978096553,0.8888348164873605,2.198733444156358,1.9204508522219463,True,False,864.0,1.3725191310048237,3.4907268639157536,,True,
5506,True,52.0,0.45436483282043966,0.28830367774207843,2.1600000000028405,1.9349148436042347,True,False,864.0,0.9498917496399744,1.0079293073199567,,True,
5507,True,52.0,0.9734082035655937,0.8088429453891877,2.610000000002108,2.149003517586698,True,False,864.0,1.516746961718748,2.6386176340389396,,True,
5508,True,52.0,1.8728662474298796,0.8677088328113314,2.733535814651726,2.1701038539434006,True,False,864.0,4.5390286285212476,3.92988405629696,,True,
5509,True,52.0,0.9137372351683115,0.5777559110210859,2.582837650529482,2.1450774611654473,True,False,864.0,1.4964835992767305,3.0258283457870276,,True,
5510,True,52.0,1.4572263401343142,0.8070000580737542,2.610000000009301,2.1616814171149272,True,False,864.0,1.5091287417542625,3.499623257957951,,True,
5511,True,52.0,0.6592302599858154,0.6599383439897792,2.160000000000498,2.2150673141238846,True,False,864.0,1.4425766563414324,1.1314158453301535,,True,
5512,True,52.0,1.4493690870576996,0.37110437910814653,2.610000000002907,2.2720590695886407,True,False,864.0,1.8275177675194987,3.617939756117779,,True,
5513,True,56.0,0.671047007690465,0.8095352982309123,2.160000000003074,2.029733264544876,True,True,5000.0,0.904500381688487,1.0090954937291052,p_canonicalize,True,
5514,True,50.0,1.2398062966629078,0.2916024283731531,2.1600000000094712,2.165390936020561,True,False,72.0,1.980194767088595,3.065800351631888,,True,
5515,True,50.0,0.7565147249038165,0.4914131070217991,2.6100000000028896,2.1118561942281957,True,False,72.0,2.0160371682013856,1.9938629981643017,,True,
5516,True,42.0,1.0066240242073654,1.0268865987018216,2.7360000000082647,1.9011030548079186,True,False,2592.0,1.3436047067736465,1.6969952231578138,,True,
5517,True,42.0,1.0869915930029181,1.0587802897316578,2.8980000000098323,1.8898400537611644,True,False,2592.0,1.1703887650157143,1.9979760598500031,,True,
5518,True,55.0,3.1259564153983974,2.689494013735384,2.925000000000927,2.1708793104177855,True,False,864.0,4.241835416533779,5.534922618314538,,True,
5519,True,55.0,2.683032224318241,1.6466281850916857,2.1600000000072863,2.1343352256381842,True,False,864.0,4.160661964267246,5.5115285189023355,,True,
5520,True,55.0,2.7037346715072887,2.2381925518930075,2.160000000003469,2.136627208335605,True,False,864.0,3.526650194641464,4.853495211597537,,True,
5521,True,55.0,2.634409072805759,2.065007341952878,2.1600000000004083,2.122083558227621,True,False,864.0,4.922504568409754,5.152963779757123,,True,
5522,True,55.0,2.782817806895049,2.934242399474897,2.1600000000006014,2.108976953548805,True,False,864.0,4.7694059247487965,5.089383238502807,,True,
5523,True,55.0,2.3953662600189065,1.7574463966411713,2.2735208164036096,2.0168210594398306,True,False,864.0,4.450387624151068,5.535319865896483,,True,
5524,True,51.0,0.7712089252454537,0.3844940703784232,2.251981557706275,2.143860164376399,True,False,864.0,1.2456786092191243,2.170172244878,,True,
5525,True,51.0,1.6612087208871285,1.153734985673509,2.3985186573907877,2.0910075372652295,True,False,864.0,1.5474293213044386,3.503783979903954,,True,
5526,True,51.0,0.7864398841381658,0.5920607001935423,2.512658497308992,2.115961815345447,True,False,864.0,0.9358796090119181,1.6413007741065742,,True,
5527,True,51.0,0.6812972964498212,0.9152793634530099,2.512448025620507,2.2721372085769818,True,False,864.0,0.4070133763293214,0.5951425177799866,,True,
5528,True,51.0,1.1283058904603307,0.7017152264888864,2.240619818585935,2.171474834139231,True,False,864.0,2.790152758056094,2.5940044092032983,,True,
5529,True,51.0,0.9136498049522508,0.956244504031929,2.4480000000026307,2.210770297905235,True,False,864.0,1.0947338735222962,1.9253622200547553,,True,
5530,True,56.0,1.9743606419318784,1.7125334253432811,2.1600000000017867,2.0732929869413055,True,True,5000.0,2.2936251065137387,3.3061412217046384,,True,
5531,True,54.0,1.5834416023399727,1.0962728205304302,2.160000000004077,2.3737366378560196,True,False,2592.0,3.261582445631908,3.5966819989966545,,True,
5532,True,54.0,1.5069997574957925,0.8689094803812623,2.160000000009415,2.2969186058064834,True,False,2592.0,3.291389969121727,3.1578806182003607,,True,
5533,True,54.0,1.4649815912394475,1.187274203170091,2.1870477329878995,2.3007391951718477,True,False,2592.0,3.3643253704363203,3.0038651014653492,,True,
5534,True,54.0,1.3598573480711962,1.2088885562407086,2.44800000000656,2.1458246227732594,True,False,2592.0,3.1657369954806467,2.631869409921357,,True,
5535,True,54.0,1.1929189076485305,0.8883400121158047,2.2453738232906426,2.398251162263869,True,False,2592.0,3.3898126915834785,3.0359891950055156,,True,
5537,True,48.0,1.7746748972918622,1.3360919501865283,2.617507046553156,2.265042665337675,True,True,5000.0,3.168262798916611,4.441838292408468,,True,
5538,True,48.0,1.3651354858226052,1.5755224867571087,2.898000000004148,1.9245669678137989,True,True,5000.0,2.6731803518625012,3.2384525665430077,,True,
5539,True,55.0,2.156716727280809,2.5447139983916713,2.1600000000078716,2.0478327946880817,True,True,5000.0,3.048130050231569,4.901639291245046,,True,
5540,True,51.0,1.6737718092971037,1.0606372255424503,2.1600000000064834,2.197341523136538,True,False,2592.0,2.7178568438147126,3.6262737809287824,,True,
5541,True,51.0,2.0737316963157912,2.1840512578564812,2.448000000005185,2.1280160724252064,True,False,2592.0,2.586749230873626,4.241518987104412,,True,
5542,True,51.0,2.249529400448518,2.4142788633871533,2.44800000000578,2.048402602492977,True,False,2592.0,2.7330957636907014,2.8683628017169838,,True,
5543,True,51.0,1.1941874134527803,0.7770159736865025,2.6100000000030557,2.1396332374030838,True,False,2592.0,3.3821341616740295,1.8901207676009475,,True,
5544,True,51.0,1.9787898948846,1.3953770166735922,2.7138352423410366,2.0259378265632932,True,False,2592.0,2.60522450197386,3.620888863052627,,True,
5545,True,51.0,1.6324407404169357,0.9844636369562068,2.8980000000039117,2.1287608349694898,True,False,2592.0,3.010936685339875,3.4900904940239097,,True,
5546,True,48.0,2.1673801457536883,2.1416846708270896,2.922795720065354,2.0991884921083193,True,False,24.0,6.343160801226178,2.3860759403298286,,True,
5547,True,48.0,2.4001770691032562,2.586857909685932,2.9250000000088012,2.217780205723732,True,False,24.0,5.930566906947647,2.3587362256126885,,True,
5548,True,48.0,0.39256075242835564,0.3890570636067423,2.6100000000096015,2.269292323192409,True,False,24.0,0.3946859641944892,0.7186642940870726,,True,
5549,True,48.0,2.2692953548687234,2.3395547847212583,2.475000000005976,2.148474554887723,True,False,24.0,6.232520801204196,2.3608528345488895,,True,
5550,True,45.0,1.4752722515256023,1.229991344614973,2.763000000004227,2.093154619754594,True,False,2592.0,2.6764465467708387,3.2931590792035643,,True,
5551,True,45.0,1.1834915042442877,0.7535101150097034,2.858507558540702,2.0432358987645065,True,False,2592.0,2.5863990545394335,3.3675571056135016,,True,
5552,True,52.0,0.8499282477889211,0.2623511105448415,2.4475318689947105,2.309142549324316,True,False,864.0,2.7128422812148547,2.173569515532246,,True,
5553,True,52.0,0.843619324198075,0.4945072917289508,2.9013556517956087,2.4620354534612208,True,False,864.0,2.7636297347884438,2.1595322681082587,,True,
5554,True,52.0,1.4412433052043778,0.6411783113580896,2.5998007886671735,2.3805417115858316,True,False,864.0,3.177470795003087,3.1265010454071507,,True,
5555,True,52.0,1.0328374752500225,0.7967380324771511,2.610000000001702,2.2726119910358653,True,False,864.0,2.728942196846158,2.272428085531443,,True,
5556,True,52.0,1.443781238646039,0.705638326729968,2.4829293514015425,2.3549000039492123,True,False,864.0,2.2669184690995015,3.5008561275459136,,True,
5557,True,52.0,1.492287817819714,0.5716388698238006,2.278952745473048,2.3003904586178407,True,False,864.0,3.6930065177490556,2.994528479258351,,True,
5558,True,44.0,1.8138833952818632,1.6095113032970403,2.736000000002542,2.3335774925851505,True,False,2592.0,3.6053803133921383,2.3445377864129564,,True,
5560,True,54.0,2.691146434480206,3.239431099686044,2.160000000004633,2.1915638980873906,True,True,5000.0,5.32729876309813,5.152615040705132,,True,
5561,True,50.0,1.4054043772378146,1.1136923103949812,2.53996563635714,2.0882896455233406,True,False,432.0,2.8576513136375556,3.2813358769445315,,True,
5562,True,50.0,2.903822547441353,2.7213908462654217,2.4480000000047406,1.909811798319405,True,False,432.0,5.253655177703157,6.754792105733962,,True,
5563,True,43.0,0.8671290333080257,0.7853555724759644,2.7630000000078017,1.7961096816731434,True,False,24.0,1.7642237517741186,1.862461442668385,,True,
5564,True,57.0,2.736082937914186,3.5328757927563856,2.610000000003753,1.8665243089764463,True,True,5000.0,3.2625653399105214,4.551567183545943,,True,
5565,True,57.0,2.384309379899884,2.6532536123195314,2.4117868367867814,2.0591242363198976,True,True,5000.0,4.433768152296578,3.89951040249216,,True,
5566,True,57.0,2.1349926209733714,1.6399486201189575,2.1600000000027495,2.131233492229324,True,True,5000.0,5.029781493256686,5.1469059623998605,,True,
5567,True,57.0,2.50673131161722,1.6765361546495114,2.6968149148288174,2.1364596886204055,True,True,5000.0,4.51185976714867,5.26449275228341,,True,
5568,True,57.0,2.094134878234692,1.9010657658909622,2.1600000000048682,1.9978597129178015,True,True,5000.0,4.736123170694473,3.0716552078859256,,True,
5569,True,57.0,2.9440017169997508,2.944687281440565,2.1600000000032074,2.028088811344316,True,True,5000.0,4.162656894984647,5.369986496855177,,True,
5570,True,47.0,1.276642225738298,0.5323369222423935,2.4750000000071504,2.368190680794095,True,False,432.0,3.210921061557747,3.144519911571679,,True,
5571,True,47.0,1.9332211575505303,2.1882251742717926,2.475000000004583,2.2381640416198274,True,False,432.0,3.585496056018809,2.7945671523176596,,True,
5572,True,47.0,0.8783699216261852,1.0967451971773698,2.736000000003165,2.2873457861460302,True,False,432.0,1.262800888552465,1.2398189417460754,,True,
5573,True,47.0,1.570015048924154,1.557228603389376,2.160000000009655,2.2041895140164334,True,False,432.0,3.3400139936202704,3.116822931870017,,True,
5574,True,45.0,1.7623092855256135,2.3591093661889317,2.4480000000076414,2.40777057765062,True,False,24.0,2.869740141063092,1.7913671607266057,,True,
5575,True,45.0,0.8069019950799362,0.623832014236541,2.488283594350958,2.302765073145761,True,False,24.0,1.8119981707014554,1.8909352876078436,,True,
5576,True,45.0,0.9799804221326327,0.9571950775643927,2.4480000000090403,2.294160195474588,True,False,24.0,3.045664083024257,1.8055249393556476,,True,
5577,True,45.0,0.8320806801591801,0.8692425603621814,2.475000000002515,2.347813793830337,True,False,24.0,2.242342527129121,1.3048124872228066,,True,
5578,True,51.0,2.99792599843302,2.8883904697795515,2.7630000000037067,2.122623187379239,True,False,144.0,4.614905990153988,5.870965221022582,,True,
5579,True,51.0,3.3114113315107923,4.171108294613077,2.4750000000095103,2.029446489686289,True,False,144.0,4.785117470765526,5.621734252842572,,True,
5580,True,47.0,1.3820829129838763,0.7312442138718325,2.529483140593454,1.9191428374928219,True,False,2592.0,1.8507439226839113,3.7360088889488146,,True,
5581,True,47.0,1.4634855791291854,0.7152971089162747,2.4480000000056132,2.0849734456102795,True,False,2592.0,2.0042552721761355,3.798338895049494,,True,
5582,True,53.0,2.753829348801021,2.876179713413876,2.1600000000008635,2.0224076850625345,True,True,5000.0,4.155422275696355,4.941306488194165,,True,
5583,True,52.0,2.295910365857269,1.9497442863648757,2.4913291712940335,2.4396233803806684,True,False,864.0,2.913544184297947,4.304661361432639,,True,
5584,True,52.0,1.6232828731270559,0.8319947917225363,2.1872776630123547,2.401254765346651,True,False,864.0,3.656897635109134,4.350091037438592,,True,
5585,True,52.0,1.8587443933577477,1.482563024481351,2.3776680761633675,2.3277824867886605,True,False,864.0,2.8058980030254546,3.964090864147088,,True,
5586,True,52.0,2.0358626436811167,1.719496935056668,2.16000000000863,2.4642079417330023,True,False,864.0,3.006447938910972,4.225278908118118,,True,
5587,True,52.0,2.182307111094141,1.3893162316999224,2.8968697230633587,2.2519185514134388,True,False,864.0,2.9826131079581923,4.248038891429029,,True,
5588,True,52.0,1.9381358423014416,0.5087893952695595,2.2943480249917534,2.5387456341469106,True,False,864.0,2.96862311385209,4.190537175370357,,True,
5589,True,55.0,2.266228759568382,2.536193863121298,2.448000000002057,2.075568284446455,True,False,864.0,2.681664080466458,4.445617004878352,,True,
5590,True,55.0,1.6346634304038201,1.8204077748850978,2.3165290358152535,1.9506015467285986,True,False,864.0,2.56780614200524,3.516511069654666,,True,
5591,True,55.0,1.5446945098910012,1.0408619612135226,2.714513665883827,2.0638253986226647,True,False,864.0,2.3158261839712124,3.9756646748867466,,True,
5592,True,55.0,1.2641755590842993,0.8029384475266852,2.1600000000093362,2.0185191646600735,True,False,864.0,2.5145365465003273,3.7822196279768137,,True,
5593,True,55.0,1.3234314723322966,0.8664353834683425,2.160000000004977,2.1071275669973093,True,False,864.0,2.702687971303568,3.2734198427032246,,True,
5594,True,55.0,1.42167990530302,0.7198668672135682,2.551398365076241,2.0046487868202747,True,False,864.0,2.5737377310922205,4.217114978043288,,True,
5595,True,54.0,1.3339314998729144,1.3481060176418396,2.160000000001117,2.0770257342170795,True,True,5000.0,1.6641990950988,2.316343205442604,,True,
5596,True,52.0,1.7160796968107819,0.633184610891476,2.463141785593214,2.2137150632364593,True,True,5000.0,6.816967382671408,2.778774867607161,,True,
5597,True,51.0,2.0814438775438737,1.9527404859254602,2.1600000000021176,2.0263874950512304,True,False,2592.0,4.212782340338269,4.046388852591067,,True,
5598,True,51.0,2.5374924513675623,2.833382554937998,2.9250000000075054,2.275804285719666,True,False,2592.0,3.635666644851866,2.6571616532328552,,True,
5599,True,41.0,0.9242895769783911,0.7387652478828386,2.448000000008532,2.1584711607524434,True,False,144.0,2.767534076084333,2.110580175098331,,True,
5600,True,45.0,1.793792313312118,1.991123056239303,2.9250000000011154,2.244391307660052,True,False,48.0,3.925472516342117,2.8406352033062126,,True,
5602,True,54.0,0.9629463412061646,1.034375980758341,2.57649304919617,1.881548016155846,True,True,5000.0,1.0979046155267107,1.9234794354637812,,True,
5603,True,54.0,3.152361713545355,3.884503179535386,2.1600000000001467,2.1709043516930913,True,True,5000.0,5.478067651339312,5.493927150134312,,True,
5604,True,52.0,1.9589821423380183,2.155783831134613,2.2280111353158913,2.1504464840120994,True,False,2592.0,3.2649498176514613,4.3410151054560515,,True,
5605,True,50.0,2.21224040629177,2.0704231829804485,2.610000000004622,2.1699079833255603,True,False,2592.0,3.0455949588680373,3.3975486263786716,,True,
5606,True,50.0,1.868573798021504,1.8651338131749071,2.1600000000051773,2.186643055164697,True,False,2592.0,4.6071512707937305,2.6791274875141426,,True,
5607,True,42.0,1.2177880324042132,1.0816269554889004,2.7360000000043416,1.8668380071393447,True,False,1296.0,3.0905646614941276,3.276717767708005,,True,
5608,True,43.0,2.5922539289285647,2.0133512763241015,2.369372984636301,2.17685328258475,True,True,5000.0,4.717423429136869,5.198564692185076,,True,
5609,True,49.0,0.9841986763306052,0.7764702686581586,2.1600000000051165,2.0652067553153124,True,False,2592.0,1.3533974975052168,2.983046798536116,,True,
5610,True,49.0,1.1166174822528898,1.1773062670472427,2.411883739184744,2.095783192866094,True,False,2592.0,1.4150426288911457,2.7754676257242945,,True,
5611,True,43.0,0.6649452667335852,0.759837239398621,2.8541486945321175,2.154566685809469,True,False,2592.0,0.7745356617053398,0.5092501092515782,,True,
5612,True,43.0,0.6805872883242693,0.3263952015513496,2.7511746791668226,2.037247114024217,True,False,2592.0,0.9922601283260767,1.9745998761423385,,True,
5613,True,53.0,1.1132134490384682,1.104245745937078,2.2143246128577343,2.088811392179773,True,True,5000.0,3.338260583089764,2.0743566054184126,,True,
5614,True,49.0,1.2273056396624917,1.0541567047512217,2.268397995670736,1.8163273584076194,True,False,864.0,2.6729823169635165,2.297954189450081,,True,
5616,True,51.0,2.1699211647766385,2.581995485103107,2.676894891309377,2.1982164714376973,True,False,2592.0,2.7923940092086217,3.362685215655931,,True,
5617,True,51.0,1.0402715771123054,1.070149765979295,2.250870495877732,2.269534605552425,True,False,2592.0,2.907994178161416,3.0835369210877794,,True,
5618,True,51.0,2.703118609678991,3.1246407941107464,2.1607910121851837,2.139750168243947,True,False,2592.0,3.026180612815881,3.3942965011718527,,True,
5619,True,51.0,1.2360336851616844,1.3045363059172814,2.448000000004231,2.1841573835463417,True,False,2592.0,1.6435220541433542,2.7070103092684583,,True,
5620,True,49.0,1.2911404488168572,0.9722159270932025,2.535051601707031,2.289506843536398,True,False,2592.0,1.214487625998183,2.8849029835409383,,True,
5621,True,49.0,1.0718683156405096,0.2893598504306283,2.806223349491508,2.211476407335154,True,False,2592.0,3.366162443955381,2.9761821062094094,,True,
5622,True,50.0,1.442000924182535,0.6028697743131488,2.1600000000006077,1.9174774573381559,True,False,2592.0,2.927584828495836,3.0739626119743337,,True,
5623,True,50.0,1.2367177424113769,0.09831337712603272,2.179149161921297,2.0357815128593737,True,False,2592.0,3.1469124758402347,3.3657196023490856,,True,
5624,True,45.0,1.7499513937709852,1.6042841958587815,2.5200469412461404,2.141152120728464,True,False,864.0,4.364916552696603,3.426172880967427,,True,
5625,True,43.0,1.7628742489369327,2.232264750964532,2.812787462740107,1.9051637091074352,True,False,48.0,2.7913463480250367,3.3368389858939946,,True,
5626,True,48.0,1.355824745320187,1.371034251715173,2.3766240790647317,2.1929369304656254,True,False,2592.0,3.3122945536430946,1.6502431322454263,,True,
5627,True,48.0,1.312325298996116,0.9461036910252005,2.6176558677212323,2.1770049488460055,True,False,2592.0,3.289640113360409,2.095621984907731,,True,
5628,True,51.0,2.5176173301429223,1.9943562943408324,2.5145537566713343,2.133085188781733,True,True,5000.0,4.070513504185161,4.906916581157992,,True,
5629,True,51.0,2.368950349126277,1.1050394650737871,2.1600000000014106,2.2231086319161286,True,True,5000.0,4.260109189038547,5.110331423503138,,True,
5630,True,51.0,0.7421242456008733,0.5294248220488953,2.3385986506331045,1.992960852049031,True,True,5000.0,0.8079945800167253,2.0318473194315274,,True,
5631,True,51.0,2.5928954530854256,1.7552456868179434,2.160000000008443,1.8795586460124087,True,True,5000.0,4.643806674420201,5.729152862284955,,True,
5632,True,53.0,2.2540049554984884,1.673466441945493,2.4480000000055133,2.4991140925135853,True,False,864.0,6.074092625404844,3.594111781645033,,True,
5633,True,53.0,0.9491610185675733,0.44965080941619817,2.269561260741971,1.994302525370712,True,False,864.0,3.3042669894087946,3.006343672739336,,True,
5634,True,53.0,1.8409670631911161,1.288367841316358,2.6065254894698775,2.2016684079352182,True,False,864.0,6.572576155171363,2.895574378684209,,True,
5635,True,53.0,1.8865148207562967,1.7161912983865477,2.1600000000004824,2.3143190168384304,True,False,864.0,3.6782717830294667,3.032786282927291,,True,
5636,True,53.0,1.0745634198098082,0.8090933465937269,2.1600000000064625,2.054480810375215,True,False,864.0,3.3522604780236174,2.978751186500564,,True,
5637,True,53.0,2.231403174058441,1.455064495876286,2.6100000000046593,2.278462585450987,True,False,864.0,5.684824977639625,3.5797248933532932,,True,
5638,True,47.0,1.0697060793354805,1.1029236463691632,2.509677638369249,2.143333204007254,True,False,2592.0,1.102067752864733,2.202925557094314,,True,
5639,True,47.0,0.8319991470565097,0.9974782314566255,2.902003744241455,2.18595176865822,True,False,2592.0,1.421900993237477,1.5779316430961625,,True,
5640,True,47.0,0.8169186658813269,0.8258154124559951,2.4480000000062194,2.1094435783163292,True,False,2592.0,1.1241665569269474,2.2457649613661164,,True,
5641,True,47.0,0.6059854149247668,0.6616219522911706,2.254717349597453,2.2818529739884643,True,False,2592.0,0.6576224986224208,1.3070667450252327,,True,
5642,True,51.0,0.8646137169132518,1.0361208946269471,2.1600000000027877,2.1942959766175574,True,False,2592.0,1.1607872403640382,1.673005620358089,,True,
5643,True,51.0,0.7387239142111305,0.47943516546001774,2.500592968835073,2.014179202280671,True,False,2592.0,1.1744573235092,1.6327433465484396,,True,
5644,True,51.0,1.8318263576463658,1.752994715490786,2.6100000000017,1.949742395830793,True,False,2592.0,2.8235528839770354,4.393876182355946,,True,
5646,True,48.0,0.3710960168776804,0.37947915089534945,2.5181445565649794,2.141726184389592,True,False,24.0,0.4497869796930226,0.6357096579766237,,True,
5647,True,48.0,0.4014835650418879,0.42520435560072656,2.610000000001937,2.0345226272764823,True,False,24.0,0.45091638908667125,0.7106853167694472,,True,
5648,True,48.0,0.34582633504211396,0.32652314800725435,2.610000000006296,2.0475131674546074,True,False,24.0,0.49718475372695536,0.6270293347290448,,True,
5649,True,48.0,0.47325250246660816,0.41854797523410525,2.576303563586749,2.191215196141173,True,False,24.0,0.5169358060574408,0.8995745031902249,,True,
5650,True,49.0,1.785348408982647,2.1357430116877367,2.514773191246826,2.22466896631836,True,False,2592.0,1.8754231796065495,2.3669357938672464,,True,
5651,True,49.0,1.4308624186227124,1.5333904741091828,2.925000000003722,2.2232542896843808,True,False,2592.0,2.0209545851419093,2.2796937271424262,,True,
5652,True,51.0,1.3523067909504842,1.412596273021336,2.4480000000016715,2.1525813832234078,True,False,2592.0,3.7808026739429965,2.690478837821025,,True,
5653,True,51.0,1.6060914523158702,1.2449055370452697,2.610000000008353,1.9389532859509535,True,False,2592.0,2.6924607847327344,2.9814065713035456,,True,
5654,True,55.0,2.320432627694214,1.776454590348294,2.2341099714995996,1.9299042671852924,True,False,96.0,2.9913288094291,4.260928269190555,,True,
5655,True,47.0,1.9306940896055382,1.9566391024636687,2.445269518722461,2.0580756165408505,True,False,2592.0,3.489854741832329,3.4163067285465782,,True,
5656,True,52.0,2.556132131114182,2.209783679649263,2.1600000000063826,1.832307627064844,True,True,5000.0,4.702337839106216,5.657236885832024,,True,
5657,True,52.0,3.4891874477736873,3.5370380957829184,2.160000000001255,1.9644055468003545,True,True,5000.0,5.559987700398305,6.337850431936409,,True,
5658,True,50.0,0.707133392385346,0.6923774813330965,2.1600000000049295,2.244560976538619,True,False,2592.0,0.6371959825331203,1.147304476023658,,True,
5659,True,50.0,1.4678312164819076,1.6053345773834735,2.1600000000043766,2.139452183644215,True,False,2592.0,1.6125200338691597,1.975809982936584,,True,
5660,True,52.0,1.0773100375108975,0.1841641891769541,2.448000000001398,2.0155457939972488,True,False,2592.0,3.0158517495497823,2.8897694378363132,,True,
5661,True,52.0,1.1588989695533034,1.2785185002830985,2.6083704928435893,1.9743180749058649,True,False,2592.0,0.9383143229585286,1.9365465122622152,,True,
5662,True,49.0,0.4039803808612094,0.44479717001740937,2.448000000008191,2.2823600566080717,True,False,144.0,0.36401772519679365,0.6253110351304033,,True,
5663,True,49.0,0.8055831859340069,0.3467450500684208,2.3596310106091485,2.289915172359011,True,False,144.0,2.8328326943048556,2.0574154907682547,,True,
5664,True,49.0,0.7832845687509954,0.40918415831038146,2.5105113534511103,2.176576937624765,True,False,144.0,2.821712214700617,2.018189326044412,,True,
5665,True,49.0,0.764883455355814,0.3768569962849142,2.4834815233306493,2.2041068394476704,True,False,144.0,2.8693730678386147,1.8538028327034712,,True,
5666,True,51.0,2.6804833477349934,1.6260123455213034,2.160000000008694,1.9842670971671128,True,False,432.0,5.252030684819255,6.8679999879895215,,True,
5667,True,51.0,3.2568580861946033,3.415193616056058,2.4739131810985526,2.119169147024371,True,False,432.0,5.034742594289725,5.889480618644189,,True,
5668,True,51.0,2.757337568762898,2.5477817298233276,2.6100000000044554,1.8415130779063176,True,False,432.0,4.264217167533901,5.11723549921033,,True,
5669,True,51.0,3.0478014007425958,3.2539043386350386,2.6100000000055106,1.7900607767335721,True,False,432.0,4.339768385372439,5.531994604374685,,True,
5670,True,52.0,2.030100913305601,2.1584948604177043,2.4480000000053477,2.2479324144866992,True,False,432.0,2.969025036725397,3.5254095320343755,,True,
5671,True,52.0,0.431068873260965,0.36453825016360497,2.282078486230464,1.9200054432474924,True,False,432.0,0.6577703621731344,0.6367932117750887,,True,
5672,True,52.0,1.3496612915688768,0.9944029972939461,2.1600000000090773,2.101074727490672,True,False,432.0,2.963772495086273,3.3174526984745762,,True,
5673,True,52.0,1.2403911762733417,0.9376906303768919,2.160000000000701,1.904814200125566,True,False,432.0,3.0618576993506887,3.2664011591036384,,True,
5675,True,52.0,1.224980302956521,0.9097067520451674,2.16000000000716,1.9752462315873431,True,False,864.0,2.438386176378262,2.178160500950053,,True,
5676,True,52.0,0.735239831873557,0.7578859321220079,2.1600000000006934,2.442727396456674,True,False,864.0,1.9831252655771627,1.9421775175052698,,True,
5677,True,46.0,1.287821688630021,0.8840151608383167,2.546955175027887,1.98421241143684,True,False,2592.0,2.892581896831738,2.655640785776281,,True,
5678,True,46.0,1.0958144110645214,1.2103369819269574,2.668088018386926,1.9745101303614527,True,False,2592.0,1.4959403147470762,1.5733854356726344,,True,
5679,True,45.0,1.1784647058919469,0.8223641770855465,2.7360000000074156,2.084630969188552,True,False,2592.0,3.2583482498601914,1.9653772592103513,,True,
5680,True,45.0,1.1943539020965728,0.6274865442646842,2.4091811309526303,2.19542461164122,True,False,2592.0,3.2552570576884037,2.534701772081099,,True,
5681,True,46.0,0.9073382373942199,0.40155351101930137,2.4480000000022937,2.129340274732998,True,False,2592.0,3.619341065999003,2.7402761224348477,,True,
5682,True,46.0,1.2975096194124156,0.8496342989710683,2.5029568394051576,2.0686874310538066,True,False,2592.0,3.3650743643534202,2.801606450084986,,True,
5683,True,50.0,1.402926044368623,0.23669470739696408,2.160000000008452,2.1880547046634824,True,False,2592.0,2.231645539434615,3.662540846702383,,True,
5684,True,50.0,1.594055289071038,1.1841769467573613,2.475000000001971,2.1972373094638638,True,False,2592.0,2.2422568997899175,3.6461580116694576,,True,
5685,True,46.0,2.7175195017363505,1.6989775981164712,2.5573538106874127,2.090318031018247,True,False,144.0,4.936619199964091,6.137229066465556,,True,
5686,True,49.0,1.742113964292454,1.249179690010351,2.4480000000052446,2.1260738574659164,True,False,2592.0,5.817070796494385,2.817021481249083,,True,
5687,True,49.0,2.00561702877154,2.1306175053359766,2.9250000000043586,2.102466456189016,True,False,2592.0,2.9269994220972433,3.247812963045115,,True,
5688,True,51.0,1.192343738810443,1.4869334995819372,2.448000000004107,2.2239324436906798,True,False,2592.0,1.5640052169341367,1.329978339053466,,True,
5689,True,51.0,1.1113935949032714,1.185070041072322,2.923450021848994,2.0440375289607577,True,False,2592.0,1.5737703065043775,2.0180062527623353,,True,
5690,True,49.0,1.6975006454544896,1.8076119831348478,2.787887446353725,1.8866466873529872,True,False,2592.0,3.733026698783544,2.031800613931695,,True,
5691,True,49.0,1.5714341652553045,1.6433269678127544,2.736000000005623,1.879531404419729,True,False,2592.0,3.442001760492368,1.9426681431035626,,True,
5692,True,57.0,2.2421942889407704,1.2415605477326608,2.610000000002635,2.325662943098161,True,False,864.0,4.1908681705260165,5.333562284501382,,True,
5693,True,57.0,2.0592992089252697,2.0448261192650534,2.160000000001941,2.2149462307694967,True,False,864.0,3.1680935702865947,3.045039995623716,,True,
5694,True,57.0,2.4936377380774766,1.3660082654241705,2.1600000000039055,2.3424516260106634,True,False,864.0,4.560265206839347,5.861909159099586,,True,
5695,True,57.0,2.047036869974088,1.072304522858758,2.3377005380634213,2.3155791837248842,True,False,864.0,4.769631679275225,5.974456572941264,,True,
5696,True,57.0,1.8190219732293063,0.9910222493526817,2.291022259802752,2.146468505359443,True,False,864.0,3.0871026444698915,3.5323975164135453,,True,
5697,True,57.0,2.36881944671788,1.9801318185782293,2.16303109231596,2.212371249338591,True,False,864.0,4.401292540356713,5.596039514544207,,True,
5698,True,53.0,2.910832083330778,2.135812972792337,2.1600000000006596,1.918012164533896,True,False,2592.0,6.053241075520053,7.4881872262592495,,True,
5699,True,53.0,1.8231693926205936,2.173279733353411,2.262171484379693,1.9888516303636126,True,False,2592.0,3.819123421372272,2.4255085726712085,,True,
5700,True,50.0,1.2552798178055333,0.5481425742873398,2.160000000001644,2.1009045138463573,True,False,2592.0,2.9195798122269503,3.480539051567236,,True,
5701,True,50.0,1.2363231060923583,0.7689080602613103,2.160000000007929,2.0078277781224165,True,False,2592.0,3.2902384803229565,3.0797316757928814,,True,
5702,True,55.0,1.1187238263328905,1.137625916635443,2.266057604049819,2.25813973637594,True,True,5000.0,3.3481922226178353,2.2416713091067337,,True,
5703,True,58.0,1.5989147674688875,1.4453673068492208,2.4480000000004423,1.9388623030272158,True,False,864.0,2.717272661009678,3.5906081306762503,,True,
5704,True,58.0,1.9052124428220103,2.1625834617079818,2.1600000000059487,1.9023468883723598,True,False,864.0,2.2442593057744866,3.498291954309519,,True,
5705,True,58.0,2.0267058807345517,2.034211941234389,2.507616834866348,1.982704573177759,True,False,864.0,3.5315153230073677,4.141287806694722,,True,
5706,True,58.0,2.7807754734903605,2.7585862984597043,2.1600000000101938,1.913020515650577,True,False,864.0,2.6581063567791023,4.501107948180436,,True,
5707,True,58.0,2.0833139674545396,2.2080763813501108,2.16000000000357,1.9109610946327502,True,False,864.0,1.9928175896527116,3.3005418944671043,,True,
5708,True,58.0,1.9896168286408975,2.9500973224530753,2.732904103784653,1.9780766951258493,True,False,864.0,3.5736797549401342,1.5668566239143937,,True,
5709,True,44.0,0.9321998938405446,0.9201218908492592,2.448000000008773,1.8480958576058768,True,True,5000.0,2.821738582490156,1.85490995777026,,True,
5710,True,55.0,1.0415346831803625,1.075858445983613,2.5716184567744462,2.2154263858002596,True,True,5000.0,1.2397550634125782,1.7745315443327099,,True,
5711,True,42.0,1.6465100139254831,1.273455554175598,2.4987512853839178,2.5007518995894014,True,False,2592.0,2.885678213057863,3.1702985440794076,,True,
5712,True,56.0,1.6926801772195619,1.5177709184317791,2.1600000000025426,2.25083259819561,True,True,5000.0,3.5565430652766694,3.6079287853871467,,True,
5713,True,43.0,1.223226420856084,1.7167617433988198,2.736000000004372,1.7348313406783955,True,True,5000.0,2.7531955906364134,1.8809571802445628,,True,
5714,True,50.0,1.1051937118438948,0.5089802241382131,2.411656162861574,2.1769440229137724,True,False,2592.0,3.3984706570865137,2.8853947848798036,,True,
5715,True,50.0,0.8032708788276616,0.7384595838957466,2.352048960339589,2.246340537140351,True,False,2592.0,1.2671517480826997,1.7225980283658955,,True,
5716,True,55.0,1.6543475591397838,2.6018983918802405,2.160000000006924,2.0998094466165256,True,False,3456.0,2.1516603262240075,3.1594082569398996,,True,
5717,True,55.0,2.2794708536467367,2.7345717919997696,2.6100000000095855,2.1370722929746666,True,False,3456.0,4.1934724806482,3.8204688385360135,,True,
5718,True,49.0,1.6265508107336775,1.690836630492413,2.1600000000082824,1.79339941301429,True,False,2592.0,1.4110437089764887,2.871735384229802,,True,
5719,True,49.0,1.878950479916929,1.469468591742043,2.160000000002285,1.8509740874739442,True,False,2592.0,4.734868169522208,3.1936912099637884,,True,
5720,True,45.0,1.1877779218251112,1.5601089527372096,2.5167041717797947,1.8859754515369493,True,False,432.0,1.5290262295953785,2.3089885036636413,,True,
5721,True,53.0,1.2072984234477475,1.266711032607418,2.1600000000089317,2.142834988350713,True,False,2592.0,1.392783704761596,2.9548139564319076,,True,
5722,True,53.0,1.466052478303642,0.4899291587425978,2.1600000000017547,2.1834887849952427,True,False,2592.0,2.3155761127157066,3.618247464619759,,True,
5723,True,57.0,1.5640462943318758,1.6492389006962185,2.237322450819465,2.0109408846855743,True,False,3456.0,3.8952908580364056,2.6762828919298363,,True,
5724,True,47.0,2.686243757443014,2.319921600188536,2.1705308400826913,2.060600556755239,True,False,144.0,4.192705641956004,5.671072600403355,,True,
5725,True,52.0,2.262698549854158,1.7992359260024386,2.5535398913888323,1.89973353010363,True,False,2592.0,3.5242800052653958,4.8374085523581325,,True,
5726,True,52.0,1.8322391998462548,1.4286245937510103,2.1600000000007773,1.8459619905891886,True,False,2592.0,2.7475280284135564,4.29700525551138,,True,
5727,True,51.0,0.8726874612127837,0.7958832873446227,2.4094650161921796,2.1059457421548164,True,False,2592.0,0.9108244898214974,1.8711117467317944,,True,
5728,True,51.0,1.06284046535549,0.7544285466719884,2.1600000000085253,2.0802419516008226,True,False,2592.0,2.91134088989816,2.3855211447213827,,True,
5729,True,51.0,1.0708829632598935,0.9679928746190853,2.163364581442446,1.9844746765076144,True,False,2592.0,0.9303508745090254,1.8033069886954114,,True,
5730,True,51.0,0.6793074955715767,0.5179958809349046,2.4480000000007935,1.8431511687596327,True,False,2592.0,1.1624396438494367,1.6951087677693584,,True,
5731,True,48.0,1.829361627961162,2.2032154806365725,2.89396360273722,2.187309497944907,True,True,5000.0,3.5809763068991534,2.975167907638369,,True,
5732,True,47.0,1.4551895396430452,1.132425670959492,2.2789626157245793,2.144826588281673,True,False,864.0,2.994567205108496,2.9888392948818923,,True,
5733,True,46.0,1.9769746367691132,1.448044833883614,2.1600000000013586,1.7876692691322966,True,False,864.0,3.8460244626205826,4.717110782866247,,True,
5734,True,52.0,1.12667935034026,0.957671102216409,2.1600000000076696,2.0703079141277514,True,False,24.0,1.9034275902171194,2.1849509949558215,,True,
5735,True,52.0,1.0395789987191995,0.7970029198477278,2.4480000000043485,1.86251122984534,True,False,24.0,1.3841115271242952,2.5447628649169998,,True,
5736,True,52.0,1.1403871110923018,1.0163636770485027,2.1600000000043122,1.99278747677719,True,False,24.0,1.909881742598546,2.233167774809785,,True,
5737,True,52.0,0.4712979682195616,0.4747877563931979,2.5393705451422557,1.885871214903075,True,False,24.0,0.6337580575538553,0.8141294802642269,,True,
5738,True,54.0,2.3507106542996095,1.0763901401696785,2.1600000000029413,2.3297426559386336,True,False,432.0,4.2187400500664705,5.378756018179245,,True,
5739,True,54.0,2.293034037185264,0.7741562812771008,2.4480000000092925,1.9385532517318167,True,False,432.0,4.848033193669492,6.695767435497447,,True,
5740,True,54.0,2.0382521167676293,0.8327968966150365,2.5073106347533387,2.367096979361006,True,False,432.0,4.577270911217264,5.742514781587412,,True,
5741,True,54.0,2.7044568744601514,2.3311999136130908,2.431655040197958,2.1699130826371826,True,False,432.0,4.291175523026615,6.0018044319902595,,True,
5742,True,51.0,1.560860625511707,1.1210623222214053,2.605788886459551,2.394185374381023,True,False,2592.0,2.282678470507061,2.93369536160873,,True,
5743,True,51.0,1.419920619797714,1.2539360899027088,2.2186019954407854,2.2227748203540547,True,False,2592.0,2.783226734438142,2.5148601679779232,,True,
5744,True,52.0,0.8642140075485384,0.6716605729707226,2.188661214896969,2.243559814067813,True,False,2592.0,1.2221455945051045,2.8991244235300475,,True,
5745,True,52.0,0.8484277655268754,0.8627910094037361,2.448000000002355,2.3163726388903836,True,False,2592.0,1.1199748028610974,2.272503406278406,,True,
5746,True,55.0,2.610952295373525,2.918519380946236,2.335335690351713,2.1680832772059286,True,False,2592.0,4.100471536433345,5.295481102113664,,True,
5747,True,55.0,2.3946292636324253,2.4880037262082624,2.2825987394031975,2.023957192877359,True,False,2592.0,3.4565289646441366,4.163485994945664,,True,
5748,True,55.0,2.72723712181675,2.82198199357299,2.4480000000033613,1.99901726070587,True,False,2592.0,4.354122122765689,5.438427738635281,,True,
5749,True,55.0,2.3666467647116045,1.8956750653887866,2.160000000004098,2.1215011180058334,True,False,2592.0,4.375736981056243,5.888763367869203,,True,
5750,True,52.0,0.6888939032436915,0.9915443057798257,2.858708883386653,1.957098845383135,True,False,48.0,0.4531029325472487,0.8030656182900683,,True,
5751,True,52.0,1.3348725460184374,1.3183920734591084,2.1600000000058204,2.091322902805781,True,False,48.0,1.8649375058840876,3.2058077932629874,,True,
5752,True,52.0,1.1098509464063961,0.7246054139141052,2.295415470296358,2.1064775643001754,True,False,48.0,1.79006052072231,2.943138758715563,,True,
5753,True,52.0,1.3325517617438858,1.4293714755222027,2.401134755872896,2.2172404959543743,True,False,48.0,1.9552276829572302,2.4425401820450747,,True,
5754,True,55.0,2.314894655108417,2.420244300577906,2.1600000000073614,2.339541969980449,True,False,96.0,3.367043729274626,4.859828785037114,,True,
5755,True,55.0,1.6259547776040324,1.8489978301840893,2.1758171322184943,2.02278674575448,True,False,2592.0,1.2913560071622059,2.945960514328254,,True,
5756,True,55.0,1.1630778338848173,1.2314959934774379,2.448000000009682,2.0447671618304124,True,False,2592.0,1.1178972463131531,1.5851335718634154,,True,
5757,True,59.0,1.5539253403811815,1.517063604122086,2.1600000000003106,2.2665264628280872,True,False,2592.0,3.158901950645181,2.3149100165652308,,True,
5758,True,59.0,1.7913012831599955,1.7002528774974053,2.2198381841167856,2.167104948289307,True,False,2592.0,3.3500152666858503,2.9400209285773187,,True,
5759,True,59.0,2.032887472324539,1.824063631316676,2.6100000000009893,2.219012469951442,True,False,2592.0,3.2530845837415456,3.481409560131094,,True,
5760,True,59.0,2.5804896293550565,3.229063061415218,2.301649806522501,2.1555757048408206,True,False,2592.0,2.724729206492261,3.9814280955249846,,True,
5761,True,59.0,1.7650143961404579,1.7902932057222642,2.8263812414580287,2.1282862722152767,True,False,2592.0,2.774566777682742,3.597006206838103,,True,
5762,True,59.0,1.793079181959594,1.9185862055965117,2.44718611739344,2.358397341310408,True,False,2592.0,3.3458784985199284,2.1148479151315063,,True,
5763,True,47.0,1.0664781157682348,0.9241494871748728,2.6346418554935167,2.130473277490239,True,False,2592.0,1.2555223635038781,2.5237551018747997,,True,
5764,True,47.0,0.9851816555840853,1.0675060977409885,2.736000000001186,2.156007773849621,True,False,2592.0,1.3251483424131167,1.8189630952143399,,True,
5765,True,49.0,1.022139468987305,1.2163350772934791,2.4480000000011675,1.7436708304608413,True,False,2592.0,1.169265902147871,1.8191472396175496,,True,
5766,True,49.0,1.0307319143313636,1.1831170215082238,2.2313273631847967,1.9567260098439947,True,False,2592.0,0.7973711075501069,1.6225027943885018,,True,
5767,True,56.0,2.932880565925094,3.0907867387541046,2.1600000000030812,1.960553629029311,True,False,144.0,3.791872849990349,5.367436867740068,,True,
5768,True,56.0,2.6408740430828996,1.561054914509441,2.404938666420832,1.95371372554937,True,False,144.0,4.6264633283969605,6.118013897331921,,True,
5769,True,56.0,2.342184036794011,2.6282727486359363,2.1600000000090427,2.0842210679771953,True,False,144.0,4.036611658729948,4.827850406364844,,True,
5770,True,56.0,2.0721129952141832,2.017161204588774,2.160000000003862,2.170585760088737,True,False,144.0,3.589109653593444,5.175284727857544,,True,
5771,True,56.0,1.656078398536365,0.8671377757782466,2.6100000000008112,2.0217895768600647,True,False,144.0,3.37950531272397,4.96876455048598,,True,
5772,True,56.0,0.7516967653897626,0.8417941568695824,2.1600000000003274,1.980225172322582,True,False,144.0,0.8324348715198943,1.0234145547124045,,True,
5773,True,56.0,1.4863673692385095,1.5088577553287905,2.1600000000065083,1.826096106698659,True,False,144.0,2.862686702926787,3.1252450450517197,,True,
5774,True,56.0,3.355199670386028,4.001478966511058,2.262195538058032,1.9727196809987981,True,False,144.0,4.957948358803526,5.421700962585334,,True,
5775,True,48.0,1.1787512541610725,0.6271582185690932,2.4712366477494885,2.1036284339683187,True,False,2592.0,3.5019819245296393,2.830559982438505,,True,
5776,True,48.0,0.8990240637489062,0.4344243913546961,2.51326612777709,2.201839906305633,True,False,2592.0,1.2480914716101337,2.558743511295194,,True,
5777,True,47.0,0.9221639897246398,0.6857143722845649,2.560729612217419,2.192111512355154,True,False,2592.0,1.2354268340291006,2.536314009198281,,True,
5778,True,47.0,1.1816453034640209,0.8402858401059348,2.713105087697256,2.077973829623463,True,False,2592.0,3.215566975348701,1.964298019231147,,True,
5779,True,54.0,1.659995551228649,1.1076435056274931,2.3051037786904534,2.3863659442340355,True,False,144.0,3.235134955253436,3.2389208920543227,,True,
5780,True,54.0,1.5591198646103153,1.7714997811272042,2.898000000005243,2.2998879103338927,True,False,144.0,2.459186886236408,3.7363802615710116,,True,
5781,True,52.0,1.4883542993464547,1.3750581946551392,2.8980000000029666,1.7762457876656594,True,False,2592.0,3.5707134280116537,2.887996645312545,,True,
5782,True,52.0,1.4823996149089478,1.1788504739197379,2.4480000000108424,1.9446070791036423,True,False,2592.0,3.717490269391301,2.9262569368039686,,True,
5783,True,52.0,1.3335902398917525,0.8055275052101933,2.726802794874727,2.554226176848871,True,False,2592.0,3.6899777780229344,2.7923614419880867,,True,
5785,True,50.0,2.0481697487773554,1.4488411737620481,2.160000000006445,2.150054263245465,True,False,864.0,3.303990207811469,3.8809140204164985,,True,
5786,True,57.0,2.623336434681447,3.1767143619108538,2.1884271355048046,1.9884865442340816,True,False,864.0,3.8005846433238957,5.442301665727381,,True,
5787,True,57.0,2.416924633812025,2.1884053775502252,2.4436920842703325,1.935276904269774,True,False,864.0,4.092078152021889,5.586494966481772,,True,
5788,True,58.0,1.971611133277824,2.0569491218411713,2.160000000004742,2.2716781662242562,True,True,5000.0,4.158441536354414,3.5222401657358646,,True,
5789,True,49.0,2.519806842366454,2.637106401463825,2.736000000004487,2.4007421736204826,True,False,2592.0,3.3537222465336494,2.977570670100496,,True,
5790,True,49.0,1.882840297206339,1.4202592157089384,2.565776761912989,2.199901724191333,True,False,2592.0,2.627077492973951,3.0534313057187643,,True,
5792,True,50.0,1.217332226240967,1.0437662510339578,2.7630000000075663,2.3245948269967394,True,False,72.0,3.046186022979388,2.1304017007423846,,True,
5793,True,50.0,2.062361409219596,1.5085341794001579,2.160000000008023,2.2984921712070285,True,False,72.0,6.711086248902386,4.319671546499872,,True,
5794,True,50.0,1.892461730698347,0.7066220015221916,2.6100000000067034,2.289999152205083,True,False,72.0,6.658032971461021,4.463442509440055,,True,
5795,True,53.0,1.577917231218816,1.3373373852336954,2.160000000006092,2.1027638841772034,True,False,96.0,2.2016213714343063,2.8518715587682557,,True,
5796,True,53.0,2.0766354045913826,2.0801890258189815,2.4750000000061947,2.0418838293350583,True,False,96.0,2.5971753731221114,2.7900681195761416,,True,
5797,True,53.0,1.0580007029182494,1.1388310330803506,2.5040989078517266,2.0536382343051565,True,False,96.0,1.6147750418969826,0.9407969920642729,,True,
5798,True,53.0,1.3695766121023651,1.4105381535482593,2.160000000007017,1.8662703255691548,True,False,96.0,1.854682883504624,1.7985096930299516,,True,
5800,True,53.0,1.2599490988662896,0.8636432598832471,2.4480000000044684,2.2897336936202866,True,False,2592.0,2.2626906839113268,3.815306222307421,,True,
5801,True,50.0,2.6931579094086198,2.360243291801453,2.898000000005929,1.7519358578726563,True,True,5000.0,4.701552479050408,6.250420630871102,,True,
5802,True,51.0,0.5943075724971618,0.9442956765306008,2.5440138638699765,2.0631404462372407,True,False,144.0,0.9057223519552569,0.8414238442300611,,True,
5803,True,46.0,1.8946847746614122,2.5992595350071497,2.8980000000018467,1.7769179256791803,True,False,864.0,3.6264657451796403,2.8396416625866094,,True,
5805,True,54.0,1.7293711402747494,1.8274245444008557,2.5266118928211565,2.218887348853024,True,False,864.0,2.7045492500833634,4.4871984418344955,,True,
5806,True,54.0,1.3294925900880579,1.3351345911542012,2.6032565969294197,1.9191391599881444,True,False,864.0,2.348851237316022,4.150559131241724,,True,
5808,True,50.0,2.5504917162192022,2.938650101368694,2.5744197398512125,2.1414243388221776,True,False,2592.0,5.68134436314726,4.54485504968059,,True,
5809,True,50.0,2.242955150855712,2.145949294375896,2.4750000000039254,2.1370134104165097,True,False,2592.0,6.02631046738921,4.500885021264496,,True,
5810,True,55.0,0.9320405371279303,0.6714318157610251,2.5925293553727546,2.100174234986231,True,False,864.0,2.9933365318077905,2.739367248164388,,True,
5811,True,55.0,1.8841284853811124,1.3308300204043917,2.1600000000019413,1.9873918992740212,True,False,864.0,4.06804002184376,4.7832389154882415,,True,
5812,True,55.0,1.6934597982010318,1.3226121988482191,2.160000000006342,1.8556071964723568,True,False,864.0,3.1397942929035145,3.1681141022277854,,True,
5813,True,55.0,2.5325160697345392,2.8620197882810317,2.518912121089145,2.156926665860478,True,False,864.0,3.7896797139718608,4.129761527808174,,True,
5814,True,50.0,1.9584882730343587,1.5557744927427848,2.475000000000216,2.127656067413152,True,False,2592.0,5.655154016681639,2.7456612442739705,,True,
5815,True,50.0,2.503102986285011,2.6204244555265177,2.4750000000038175,2.26139884054096,True,False,2592.0,5.534076768679551,2.7902554767701004,,True,
5816,True,48.0,1.570185626748463,2.0368196209092275,2.736000000001616,1.9044267140533395,True,False,864.0,1.8587114694415787,2.743233187259048,,True,
5818,True,58.0,2.007284897955016,1.7187217760401836,2.1600000000036523,2.0105886674802482,True,False,3456.0,3.354299597722665,4.215042317231575,,True,
5819,True,57.0,2.1437866613432957,2.7598785110421886,2.1600000000043647,1.902145105847606,True,False,1728.0,3.3557256958500075,4.126692675357341,,True,
5821,True,57.0,1.9466766321157671,1.9378875560614688,2.448000000000613,2.1610747376710506,True,False,2592.0,3.2295212017509103,4.734016487572048,,True,
5822,True,57.0,2.459604629327119,3.0194794425078726,2.160000000007289,2.3054428121729673,True,False,2592.0,3.189791182161472,4.714953956140007,,True,
5823,True,58.0,2.12519595892901,0.8830442651415069,2.317239921246764,2.2268642511388075,True,False,2592.0,4.137139777136431,4.8654046110598514,,True,
5824,True,58.0,2.245300696622502,1.6107821615732973,2.160000000001961,2.070622478338338,True,False,2592.0,4.59119010932239,5.657015225056404,,True,
5825,True,50.0,1.7478706358363465,1.0053277618899301,2.4750000000080807,2.282650796990201,True,False,2592.0,6.159885343886165,3.793025994152353,,True,
5826,True,50.0,2.1691666268853997,1.7615828970047005,2.803347304608277,2.345584246706991,True,False,2592.0,6.138746233027906,4.147274456110135,,True,
5827,True,58.0,3.091078352173956,3.7731310286326334,2.1737224723064816,1.912859393813356,True,False,2592.0,3.864333805350342,5.1207271079600165,,True,
5828,True,58.0,2.177188877158192,2.3570464438089402,2.4480000000054245,2.0103073070055735,True,False,2592.0,2.659782585000255,3.479941711592529,,True,
5829,True,58.0,2.1447136482598532,2.551261235115817,2.5866230874847003,1.9425549912679436,True,False,2592.0,3.5929628429562666,3.35593372273465,,True,
5830,True,58.0,1.3294892706762038,1.2380132340440468,2.4164337615012186,2.0417765726200305,True,False,2592.0,3.547293966560886,2.6206686043112506,,True,
5831,True,57.0,1.2673253359944334,0.9911653675881098,2.1600000000095667,2.1627652957729837,True,False,288.0,2.5096971846176555,3.549056601591582,,True,
5832,True,57.0,1.6448217849322981,1.5119017391261877,2.4480000000084887,2.041505759433463,True,False,288.0,2.0716490673507475,3.2335066986080006,,True,
5833,True,57.0,1.5708115967973793,1.3435012336194632,2.6100000000105847,2.0580422212870175,True,False,288.0,2.066673279483276,3.3126599640736094,,True,
5834,True,57.0,1.8194750230552763,2.0746608248773555,2.448000000007381,1.9671073480875414,True,False,288.0,3.287216437103183,2.8625712204873057,,True,
5838,True,60.0,2.7578349836857803,3.054721352917113,2.1600000000003394,1.9891820213092615,True,False,864.0,3.195239503051596,4.808505280388241,,True,
5839,True,60.0,2.7617647952796216,2.7868425025772012,2.2489922511972495,1.8615578529285626,True,False,864.0,2.8158308965284395,4.49484744185055,,True,
5840,True,60.0,2.8786575317526273,2.8067348332697293,2.160000000003454,1.9128226274539937,True,False,864.0,2.9743893948312614,4.788570390877233,,True,
5841,True,60.0,2.1761149785174196,2.465334405675094,2.47639826647161,1.9671806508554317,True,False,864.0,3.047082148390179,3.2673471034824177,,True,
5842,True,60.0,3.234793780346985,4.5303408878498885,2.4975336035761884,2.211914162100329,True,False,864.0,3.0490234442047885,4.481372853762796,,True,
5843,True,60.0,2.9473680021740463,3.2468303956338787,2.160000000008935,1.844270571581079,True,False,864.0,2.875710123109523,4.545592899099613,,True,
5844,True,51.0,0.6881349205720971,0.45264406701608095,2.372396510432094,1.8347591024709484,True,False,2592.0,1.1657595897741564,1.8304987775431019,,True,
5845,True,51.0,0.5950589788122378,0.6690582478368015,2.160000000004905,1.8633434239023143,True,False,2592.0,0.8106240511156086,0.7134822137430925,,True,
5846,True,53.0,1.1253293074607567,0.7776105111806828,2.5280937565740444,1.9044535556951763,True,False,2592.0,3.178582199827974,2.826652196557315,,True,
5847,True,53.0,0.6190343852103778,0.36322988849133253,2.56932548536203,1.8437664190726548,True,False,2592.0,1.1439587903271882,1.681474658512763,,True,
5848,True,55.0,1.6995883772405662,1.429856230646692,2.4750000000031753,2.1394204825138976,True,False,2592.0,1.7823501607650882,3.428069271015391,,True,
5849,True,55.0,1.6433721941931942,0.5579618999872764,2.4065754996508097,1.9765766051686435,True,False,2592.0,6.29187345762178,3.2711663658963994,,True,
5850,True,54.0,1.8794501431877095,1.573515646130545,2.364861556839869,2.217046983647392,True,False,2592.0,3.8523206663761114,4.096192795158194,,True,
5851,True,54.0,1.055259870874655,0.8896334778146411,2.4480000000028,2.3778955417133028,True,False,2592.0,1.8911220565745923,2.0068811775296016,,True,
5852,True,50.0,0.8867966229647081,0.7162371048580098,2.8980000000045525,2.0936893593367665,True,False,2592.0,1.1828478098590565,2.4970464220184216,,True,
5853,True,50.0,1.0295282042913525,0.5915950719390821,2.7178539310122343,2.155457701881436,True,False,2592.0,3.1659608700216197,1.9993808432091111,,True,
5854,True,53.0,0.8994805933897423,0.6303638949866581,2.34002462590157,2.097677450396033,True,False,2592.0,1.4526799277952311,3.00950040342994,,True,
5855,True,53.0,0.6997599210856469,0.42176192249462474,2.610000000003365,2.1070711176654666,True,False,2592.0,1.1232248206608333,2.906991411678774,,True,
5856,True,54.0,2.2168264297106712,2.671680932278832,2.790000000000463,2.1683089856844666,True,False,432.0,2.770454218342915,3.4940143935246044,,True,
5857,True,54.0,1.089777278313772,1.044386490357283,2.6029487604821524,2.2595487116900137,True,False,432.0,3.1020822999715265,1.849157010997483,,True,
5858,True,54.0,3.197000812784456,4.19079135670836,2.475000000003725,1.9935442287042442,True,False,432.0,5.212535308684451,5.22928989782202,,True,
5859,True,54.0,2.739936089772558,3.230941985217214,2.265635142050636,2.1411329791724754,True,False,432.0,5.166143951785324,5.26557588927032,,True,
5860,True,55.0,1.1139305004164113,0.7682641443425382,2.448000000001621,1.9718225186106382,True,False,2592.0,2.9298474214665884,3.0242666261201716,,True,
5861,True,55.0,0.6521255830001732,0.6048309713187336,2.318125447940166,1.9801840243017819,True,False,2592.0,0.8157866676978354,1.8987391411523964,,True,
5862,True,54.0,1.752516305644868,1.4314348912121204,2.448000000000118,1.8719574221119453,True,False,2592.0,2.506724886366335,3.5893335218996008,,True,
5863,True,54.0,1.3739186436565236,0.9327470200769312,2.4480000000012527,1.8943465207295098,True,False,2592.0,2.496538171231862,3.638237129505581,,True,
5864,True,56.0,3.3984524902263638,3.6125734676643333,2.1600000000007435,2.174166820232523,True,False,432.0,5.5291240684429175,6.896026048814332,,True,
5865,True,56.0,3.18042107117093,3.025801144885918,2.6100000000076404,2.161146307795934,True,False,432.0,6.523597441818331,7.812908043509446,,True,
5866,True,56.0,2.9421910225115817,3.113914155626844,2.160000000002595,1.9366396627405935,True,False,432.0,5.641802661703108,6.784638742667321,,True,
5867,True,56.0,1.4434419698287635,1.6737723362493853,2.1600000000034014,2.0904186296050846,True,False,432.0,3.2044043924322696,2.797691628612708,,True,
5868,True,55.0,2.6212401258019034,3.3342777600337286,2.47500000000437,1.9824647546677845,True,False,2592.0,2.3123814627287334,2.619201546375934,,True,
5869,True,55.0,1.688895727257972,1.732938599998306,2.475000000007771,2.0099907875162013,True,False,2592.0,1.3442876676855373,3.448871305209487,,True,
5870,True,60.0,4.7012666463016,5.191475900210207,2.1600000000047346,2.189212009399729,True,False,864.0,4.643412194890811,5.259280094514702,,True,
5871,True,60.0,4.464635368730233,4.390908720331936,2.5709533899454775,1.9029618962554136,True,False,864.0,5.23202864783667,6.553580645068725,,True,
5872,True,60.0,3.469697284620658,4.346349018651381,2.180917373096848,2.103197165127416,True,False,864.0,4.304784845899582,5.249016082219997,,True,
5873,True,60.0,3.651555801296974,3.622376084455027,2.3771892998235713,2.129725467214026,True,False,864.0,3.5309940465573946,4.446440931843629,,True,
5874,True,60.0,4.442985193363575,4.878586984199501,2.2029554239358236,2.140246010579158,True,False,864.0,4.373227286073172,4.95190652944103,,True,
5875,True,60.0,3.5353682190116333,4.193372533514776,2.160000000007164,2.1256104382506216,True,False,864.0,4.1162487936821455,4.74248075319192,,True,
5876,True,54.0,1.2949646379340123,0.4420181591558503,2.4480000000010773,2.0300158982874987,True,False,2592.0,5.304842845686545,1.7563891115850883,,True,
5877,True,54.0,2.0566964750280317,2.102490033117647,2.448000000003297,2.121440994654341,True,False,2592.0,4.593688771167273,2.9537027718319053,,True,
5878,True,59.0,1.6792455117548795,0.8310435344646976,2.1600000000009216,2.1832150143309295,True,False,864.0,3.013378419943677,3.5978581368200477,,True,
5879,True,59.0,1.4958725238185593,1.1830697092773335,2.4565630565492156,2.1632369605524033,True,False,864.0,3.23100933660971,2.6649481927203453,,True,
5880,True,59.0,1.4975391924437,1.8376702749665128,2.8016525254845397,2.108180230696607,True,False,864.0,2.7768684131001837,2.4602731037717414,,True,
5881,True,59.0,1.3647436916534312,1.309397605360573,2.1600000000103896,2.1055948588463074,True,False,864.0,3.12339914059326,2.2193823460704096,,True,
5882,True,59.0,1.8279649460291272,1.8076890925622138,2.4933816523781274,2.1402371120275436,True,False,864.0,3.318806034026496,3.61211108551219,,True,
5884,True,52.0,2.0949020341066427,2.3313234703309718,2.8281911923551784,2.3788294698443604,True,False,2592.0,3.1637553202652025,2.6335790128315555,,True,
5885,True,52.0,2.17702841042332,2.0637769613931596,2.16000000000365,2.2472638838819083,True,False,2592.0,3.604762348868684,4.212325333969057,,True,
5886,True,52.0,1.0418416222927802,0.47940741057755076,2.160000000003001,2.3766937824002485,True,False,2592.0,2.6860200005568067,2.489046263500348,,True,
5887,True,52.0,1.843481833704589,2.148429875400325,2.160000000008095,2.343905172505919,True,False,2592.0,3.3098673641165957,2.2280289268788964,,True,
5888,True,61.0,1.5643825886476606,1.162918769641692,2.233570881749262,2.065906162365561,True,True,5000.0,3.3756506382480045,2.7575775985225834,,True,
5889,True,63.0,3.179413482075383,2.9387331664438534,2.1600000000039565,1.9509041133279716,True,False,768.0,2.7164297815375504,3.7908526375863847,,True,
5890,True,55.0,1.598958971458282,0.907554986228206,2.644801434787535,2.0387291626402955,True,False,2592.0,2.8168578159480084,4.622952708157616,,True,
5891,True,55.0,1.8782275773515678,1.5665705928659008,2.7630000000003103,2.1369130264472624,True,False,2592.0,3.1259101348108307,4.82044742825118,,True,
5892,True,58.0,2.337417150080766,1.8624901406255958,2.160000000009053,1.8454128732887933,True,False,2592.0,4.172768243879802,5.779523790022491,,True,
5893,True,58.0,1.378347868774107,1.5330630771895812,2.160000000005123,2.099631079237493,True,False,2592.0,3.204157406126895,2.3678807020116035,,True,
5894,True,57.0,2.2730255292304524,2.030892691840563,2.448000000007145,2.1352753453828854,True,True,5000.0,4.275272185322157,4.186899261425615,,True,
5895,True,57.0,2.8664362160959342,2.8784649540975806,2.1600000000016073,2.1467225947942135,True,True,5000.0,4.207043435219465,5.39095990924617,,True,
5897,True,57.0,3.0549440287010285,2.6702933671658684,2.3354383459636185,1.8793316272547538,True,True,5000.0,5.464921194390225,6.895230022102953,,True,
5898,True,57.0,2.464267714217501,2.4623137553717243,2.448000000003622,2.1575096317282108,True,True,5000.0,4.096497760620173,5.522656183702703,,True,
5900,True,56.0,1.0123982635194004,0.6420133977517253,2.160000000000222,1.908495820063539,True,False,2592.0,2.685102870055984,2.159494230228401,,True,
5901,True,56.0,1.1752312561804368,0.7360094298346667,2.559760988747146,2.044715401272265,True,False,2592.0,2.675884293850232,2.3896810661062147,,True,
5902,True,57.0,1.382427234682939,1.4185976350709097,2.160000000007981,2.3049502441701426,True,False,2592.0,1.5113498255948885,2.8252349297186043,,True,
5903,True,57.0,1.1768315367763722,0.7781048086653755,2.4480000000079825,2.4326738984294627,True,False,2592.0,1.5817828408909385,3.6351902346574074,,True,
5904,True,58.0,3.2821871515978254,3.1073589955922216,2.610000000001428,1.9708388457963781,True,False,2592.0,4.703573398313933,5.9629893798089135,,True,
5905,True,58.0,2.8896106621827164,2.67314996080313,2.397146711851905,2.0113877449412882,True,False,2592.0,3.4562313483924574,4.6612294373155425,,True,
5906,True,58.0,2.3633589518364255,2.589463838830852,2.160000000000538,2.203471469953718,True,False,2592.0,3.397843956046274,4.820801268495401,,True,
5907,True,58.0,1.5488816514893233,1.311178231408121,2.448000000003684,2.1669497775906112,True,False,2592.0,2.0790991741026703,2.5734077751135747,,True,
5908,True,57.0,0.6574095962502321,0.38013436988694593,2.2296351126796137,2.069418688472683,True,False,2592.0,0.9272581000060794,2.0796779766959737,,True,
5909,True,57.0,0.9952639320852427,1.140126583777601,2.6100000000048564,2.0546649063290103,True,False,2592.0,0.7643030459328906,1.6978638199535183,,True,
5910,True,59.0,0.8984805427741004,0.8861753204109846,2.1600000000094197,1.9801970329742442,True,False,2592.0,1.1417167116778493,2.4412592036327276,,True,
5911,True,59.0,0.7429795770542302,0.5706585908374109,2.2645236088775005,1.9786393483654365,True,False,2592.0,0.9136271670792462,2.119045467281803,,True,
5912,True,63.0,3.3232129240623873,3.485558588832646,2.610000000008901,1.8567113615745447,True,False,2592.0,3.1382368348874907,4.019673822393377,,True,
5913,True,63.0,2.584624183226928,2.610477481615817,2.1600000000031065,2.2496854782169,True,False,2592.0,2.859990556475646,4.158979956610998,,True,
5915,True,63.0,3.30048417310932,3.0825919849812635,2.160000000002059,2.0565008710428496,True,False,2592.0,3.6234910266738547,4.8421381475751275,,True,
5916,True,63.0,3.1223575524961933,3.202798449430702,2.3380165400734496,2.1148696146334887,True,False,2592.0,5.25815601275884,6.3162967634339005,,True,
5918,True,55.0,0.7626488636816852,0.6667126498105063,2.5583121424438837,2.278337770941789,True,False,2592.0,1.3338119971172369,1.66331830205159,,True,
5919,True,55.0,1.137843575047484,1.0959283595293527,2.763000000000237,2.360857356978604,True,False,2592.0,3.282478893571548,2.9326126365248624,,True,
5920,True,66.0,3.1063631985061244,3.1708063405494613,2.1600000000025656,1.922460044058133,True,False,1728.0,3.6240327218035495,4.896535783299333,,True,
5921,True,66.0,2.531501724416662,2.550562010204885,2.1600000000060375,1.78367864914059,True,False,1728.0,2.6715530742297537,3.206285503166044,,True,
5922,True,66.0,3.289764737678474,3.248248789943318,2.160000000009778,1.7263658984409997,True,False,1728.0,3.780674575340032,4.893626207644149,,True,
5923,True,66.0,2.40790907696467,2.6710158977512037,2.1600000000075563,2.2516101441857113,True,False,1728.0,3.4021300634389817,3.880868852113026,,True,
5924,True,66.0,3.2764712846621786,2.9998250614953577,2.160000000002603,1.9344967926827898,True,False,1728.0,3.292172216242768,4.833253278519495,,True,
5925,True,66.0,2.7063926084601557,3.6938221680902643,2.6100000000038635,1.8286053169834107,True,False,1728.0,3.9735650859326657,4.721856610432405,,True,
5926,True,55.0,2.4610326934445776,2.6298722805222496,2.6726469653967477,2.3663066240240296,True,False,2592.0,6.366563719632757,3.211536603833789,,True,
5927,True,55.0,2.173774548914028,2.317881793875131,2.925000000002944,2.2014784968743166,True,False,2592.0,6.201450184139032,2.903900172944563,,True,
5928,True,56.0,2.1817750006884427,2.6072626051318366,2.7630000000044883,2.098091994980201,True,False,2592.0,2.4275976706528164,2.310656626766738,,True,
5929,True,56.0,1.2059678118140085,1.1623251097262255,2.1600000000037998,2.040281521971907,True,False,2592.0,1.0871508627003825,1.9365090780243577,,True,
5930,False,,,,,,,,,,,,False,no isomorphism
5931,True,65.0,2.751856613347192,3.6761983090473223,2.6100000000048404,1.9778826611556104,True,False,864.0,4.223547072746982,5.545396660345442,,True,
5932,True,65.0,2.1952527487277282,2.691675999729341,2.3639211733706347,2.099512369789709,True,False,864.0,3.6651850011707308,3.6274078478551615,,True,
5934,True,65.0,2.081885259824212,1.2904899782624852,2.4128158476342914,2.2160349145489566,True,False,864.0,2.5978808617967344,3.8419649490515337,,True,
5935,True,65.0,1.9515180950829605,1.6549537835271622,2.160000000005262,2.0690938393654354,True,False,864.0,2.789659165189357,3.177057770104127,,True,
5936,True,61.0,2.0437487369679603,2.0974089927840396,2.1600000000072725,1.8330302612341132,True,True,5000.0,2.366556291079789,4.231042061683277,,True,
5937,True,61.0,2.746335465801791,3.1527157248820004,2.1600000000064106,2.0028837368404586,True,True,5000.0,3.019346061587519,4.247606443164419,,True,
5938,True,60.0,1.4619026459707734,0.5501928309240611,2.4428269471679407,2.2945075114716884,True,False,2592.0,2.369119317050038,3.1694230789120783,,True,
5939,True,60.0,1.2034507118732203,1.2965154876474116,2.5279442009993423,2.1473220831770905,True,False,2592.0,1.2573092729236168,1.88676758289284,,True,
5940,True,60.0,1.411290272661159,1.5671774731381447,2.16000000000688,1.967932160924253,True,False,2592.0,1.6406640319320864,2.8251189562801358,,True,
5941,True,60.0,1.9766588360583066,1.6002720574870182,2.17902773327013,2.1275436265562218,True,False,2592.0,2.6294364557301892,3.655985310895869,,True,
5942,True,60.0,1.4949561100104691,0.7858485755677975,2.2894167869604467,1.9622224806326118,True,False,2592.0,2.699615207703068,3.532959912243486,,True,
5943,True,60.0,1.7550288497765187,1.6216585018628393,2.160000000002052,2.0570430454173776,True,False,2592.0,2.708049713964225,3.418645201499077,,True,
5945,True,62.0,1.7143819889266172,0.8581404819851741,2.7360000000013422,2.116526401087404,True,False,2592.0,3.972130302872112,3.7311453564700745,,True,
5946,True,61.0,2.46330431179519,2.4646821021342475,2.160000000005792,2.1253067827727836,True,False,2592.0,2.745660031172023,3.728077737933509,,True,
5947,True,61.0,1.5985706292179003,1.8665535075415391,2.1600000000019106,2.126239834590632,True,False,2592.0,1.2377600730037195,2.728808227782148,,True,
5948,True,59.0,1.805526120151517,1.50507664088218,2.4750000000057013,2.1321458787568925,True,False,2592.0,2.693650201458435,3.5847698334942173,,True,
5949,True,59.0,2.77652835462588,3.2843364030159137,2.4750000000077046,2.232628294387581,True,False,2592.0,3.4566242440972665,3.7556352712777197,,True,
5950,True,60.0,2.0258054240356103,2.269934451840527,2.7360000000100615,1.8618104175506163,True,False,2592.0,1.4022483865987683,2.673358757494669,,True,
5951,True,60.0,1.227757220175063,1.0036128235296928,2.504977769535173,2.0317723335551157,True,False,2592.0,1.2584003014354024,2.2252545362737894,,True,
5952,True,63.0,2.9601695598899407,3.1434539915826463,2.610000000005339,1.9082578816554119,True,False,2592.0,5.264617354942528,6.0009802177325975,,True,
5953,True,63.0,2.6314003857277557,3.3210770304431207,2.6100000000080135,2.229277964745536,True,False,2592.0,3.0341064124602273,4.389973508014068,,True,
5954,True,61.0,1.5568000701610494,1.7037429038573464,2.16000000000122,2.1944376427230736,True,False,2592.0,3.3708159671072746,2.699272798728357,,True,
5955,True,61.0,1.6986666273372164,1.0602745296673675,2.4480000000025464,2.1524844470518247,True,False,2592.0,4.091880532918951,3.958560696092471,,True,
5956,True,64.0,2.1762281771858785,2.879261311580194,2.1600000000027437,2.187672589625788,True,False,96.0,2.8382329492191323,4.023288910798722,,True,
5957,True,64.0,1.8657651547385414,2.7666702347087266,2.1600000000011117,2.1407438407478834,True,False,96.0,1.92120472615996,3.163498097260112,,True,
5958,True,64.0,2.7934540685863025,2.454257860496,2.1600000000041826,2.1042801518334007,True,False,96.0,3.64523056178029,4.993733242679792,,True,
5959,True,64.0,1.115447357753658,1.5457339892345772,2.1600000000080817,2.0535899738019756,True,False,96.0,1.2272947929169502,1.5542601017640458,,True,
5960,True,60.0,3.164533532178289,3.4942246991158754,2.610000000005415,2.1371751825248206,True,False,2592.0,5.601065410321151,5.281710393871982,,True,
5961,True,60.0,2.6197838819337917,2.4861386891570874,2.16000000000175,2.2083886537699837,True,False,2592.0,6.509822327663537,4.762189457293514,,True,
5962,True,61.0,3.0572481566307195,3.2552407362891245,2.1839574190646225,2.35224755221469,True,False,2592.0,5.557490347781098,6.237877795999127,,True,
5963,True,61.0,3.0552876990950364,2.9032210793884587,2.448000000008606,2.2835026372220373,True,False,2592.0,4.689907240182816,5.888125010825639,,True,
5964,True,65.0,3.6724537051826,4.355189926518506,2.4750000000052004,2.191456512139814,True,False,2592.0,4.760410191611389,5.798203101682712,,True,
5965,True,65.0,3.254168149469816,3.4461217360803857,2.7630000000024837,2.2507901292657206,True,False,2592.0,4.751655851134524,5.851054288194206,,True,
5966,True,64.0,3.684185213047591,4.324534327235597,2.475000000005399,2.206499619714447,True,False,2592.0,4.7877803167682,5.792158718233047,,True,
5967,True,64.0,2.8091075921241715,2.5697213518251374,2.41948684277364,2.2524353789398712,True,False,2592.0,6.258979554581823,4.938407273142265,,True,
5968,True,67.0,1.8364128045879748,1.910018535450945,2.898000000000666,2.1970766404019684,True,False,2592.0,3.618141055576058,2.6231513543235274,,True,
5969,True,67.0,2.1398544382518496,1.4170713563908066,2.4480000000065334,1.8061025506321613,True,False,2592.0,4.26109672377704,5.24134551080688,,True,
5970,True,68.0,2.326042236340896,2.5228727186295146,2.4480000000071263,2.13232797948627,True,False,2592.0,2.046792830188197,2.641741769430194,,True,
5971,True,68.0,2.658549076189728,2.6007036999253614,2.1600000000041324,2.2007353210688465,True,False,2592.0,3.81139060730564,5.467270905464281,,True,
5972,True,72.0,3.0708522484944307,2.51075567996304,2.609905386014498,1.9915684586024152,True,False,2592.0,4.799772068559075,5.809695608482563,,True,
5973,True,72.0,3.247330094892196,3.11114448223816,2.227349362783673,2.1165760602680925,True,False,2592.0,3.954954692571225,5.24280746052697,,True,
