{
  "variant": "ridge_24d",
  "fold": 0,
  "n_train": 626,
  "n_test": 157,
  "D": 24,
  "channels": {
    "strain": {
      "NMAE": 0.4905257452608912,
      "RMSE": 14.433897131465422,
      "R2": 0.7137421980592161
    },
    "Pauli": {
      "NMAE": 0.5077488853316175,
      "RMSE": 49.78126041366791,
      "R2": 0.7698414711258964
    },
    "elst": {
      "NMAE": 0.5021427391207903,
      "RMSE": 22.826093444129125,
      "R2": 0.7592400125220018
    },
    "oi": {
      "NMAE": 0.4261418276951993,
      "RMSE": 28.49526585302767,
      "R2": 0.823618635928711
    },
    "disp": {
      "NMAE": 0.21135703735499747,
      "RMSE": 1.8000430951297504,
      "R2": 0.9443806492805707
    }
  },
  "barrier": {
    "NMAE": 0.33757792899953115,
    "RMSE": 12.631448641357268,
    "R2": 0.8753034067260531
  }
}