{
  "variant": "ridge_28d",
  "fold": 0,
  "n_train": 610,
  "n_test": 152,
  "D": 28,
  "channels": {
    "strain": {
      "NMAE": 0.47418302427876596,
      "RMSE": 13.851507645258645,
      "R2": 0.7254716090674838
    },
    "Pauli": {
      "NMAE": 0.35151851431739295,
      "RMSE": 39.16932085645516,
      "R2": 0.8569666603794728
    },
    "elst": {
      "NMAE": 0.40676239212284726,
      "RMSE": 19.98842390940081,
      "R2": 0.8129601849659153
    },
    "oi": {
      "NMAE": 0.23146661999983484,
      "RMSE": 18.464295977070154,
      "R2": 0.923950057778037
    },
    "disp": {
      "NMAE": 0.21288747093620794,
      "RMSE": 1.714224060073105,
      "R2": 0.9445771860177495
    }
  },
  "barrier": {
    "NMAE": 0.32367218186673197,
    "RMSE": 12.216280457082972,
    "R2": 0.8868379981166311
  }
}