{
  "variant": "xgb_28d",
  "fold": 0,
  "n_train": 610,
  "n_test": 152,
  "D": 28,
  "channels": {
    "strain": {
      "NMAE": 0.23168106459089108,
      "RMSE": 8.125082101071193,
      "R2": 0.9055398374495329
    },
    "Pauli": {
      "NMAE": 0.2424476696765767,
      "RMSE": 32.21607035114259,
      "R2": 0.903241232930557
    },
    "elst": {
      "NMAE": 0.30909001092665034,
      "RMSE": 17.37742743654832,
      "R2": 0.8586330366556403
    },
    "oi": {
      "NMAE": 0.15996769308651895,
      "RMSE": 14.348858061761113,
      "R2": 0.9540730017374102
    },
    "disp": {
      "NMAE": 0.13755310070674506,
      "RMSE": 1.3115805898402373,
      "R2": 0.967555329981354
    }
  },
  "barrier": {
    "NMAE": 0.28844417591650134,
    "RMSE": 11.901473649591212,
    "R2": 0.8925950959634461
  }
}