{
  "variant": "xgb_24d",
  "fold": 0,
  "n_train": 626,
  "n_test": 157,
  "D": 24,
  "channels": {
    "strain": {
      "NMAE": 0.4270206599803782,
      "RMSE": 13.81860681013132,
      "R2": 0.7376273027031435
    },
    "Pauli": {
      "NMAE": 0.2992580664256996,
      "RMSE": 35.56619191963318,
      "R2": 0.8825183515719784
    },
    "elst": {
      "NMAE": 0.3449617614359544,
      "RMSE": 18.191158158660357,
      "R2": 0.8470879080175147
    },
    "oi": {
      "NMAE": 0.24606584688341737,
      "RMSE": 21.495059786140747,
      "R2": 0.8996344692880393
    },
    "disp": {
      "NMAE": 0.14435345229622548,
      "RMSE": 1.4100076287092647,
      "R2": 0.9658726132607861
    }
  },
  "barrier": {
    "NMAE": 0.3935970205344382,
    "RMSE": 15.995407473792975,
    "R2": 0.8000419543529049
  }
}