{"arm": "xgb28_delta_family", "family": "rgd1", "fold": 4, "member": 2, "n_train": 160, "n_test": 40, "reaction_ids": ["rgd1_MR_244067_1", "rgd1_MR_625300_0", "rgd1_MR_144781_0", "rgd1_MR_641482_2", "rgd1_MR_132417_1", "rgd1_MR_254662_2", "rgd1_MR_386011_2", "rgd1_MR_513715_1", "rgd1_MR_158181_0", "rgd1_MR_1349_1", "rgd1_MR_185885_1", "rgd1_MR_678635_0", "rgd1_MR_167973_1", "rgd1_MR_155007_1", "rgd1_MR_249680_0", "rgd1_MR_168933_0", "rgd1_MR_309701_0", "rgd1_MR_201241_0", "rgd1_MR_105111_1", "rgd1_MR_366680_0", "rgd1_MR_663875_0", "rgd1_MR_52098_2", "rgd1_MR_678198_0", "rgd1_MR_181375_0", "rgd1_MR_388067_1", "rgd1_MR_142364_0", "rgd1_MR_13701_1", "rgd1_MR_630547_1", "rgd1_MR_26132_1", "rgd1_MR_193861_1", "rgd1_MR_393118_0", "rgd1_MR_521641_0", "rgd1_MR_672375_0", "rgd1_MR_126386_0", "rgd1_MR_524313_0", "rgd1_MR_80737_1", "rgd1_MR_170250_0", "rgd1_MR_347956_2", "rgd1_MR_76479_0", "rgd1_MR_507512_2"], "y_true_strain": [44.70158767700195, 118.68799591064453, 35.950496673583984, 83.54186248779297, 30.448556900024414, 85.95924377441406, 61.20428466796875, 32.99799346923828, 60.5743293762207, 45.4471321105957, 72.7890396118164, 76.90782165527344, 92.72229766845703, 99.00704956054688, 47.721588134765625, 57.29398727416992, 42.849090576171875, 95.2940673828125, 126.53843688964844, 88.11027526855469, 103.22785949707031, 89.90795135498047, 100.22457122802734, 63.81244659423828, 62.09052658081055, 47.99403762817383, 68.37202453613281, 67.4515609741211, 41.121192932128906, 58.69587707519531, 42.05418395996094, 80.36626434326172, 58.72175216674805, 33.20123291015625, 8.8677339553833, 24.3199405670166, 124.65513610839844, 65.2048568725586, 56.780792236328125, 42.22755432128906], "y_true_Pauli": [177.9199981689453, 425.2699890136719, 134.5399932861328, 561.5900268554688, 252.8800048828125, 142.3699951171875, 7.929999828338623, 275.6700134277344, 98.12000274658203, 108.44000244140625, 313.67999267578125, 243.2100067138672, 306.3399963378906, 509.3500061035156, 494.3299865722656, 113.44000244140625, 220.24000549316406, 326.7099914550781, 591.9400024414062, 307.67999267578125, 355.239990234375, 198.55999755859375, 434.7099914550781, 457.8999938964844, 390.1499938964844, 125.19999694824219, 330.4100036621094, 353.3800048828125, 74.45999908447266, 137.10000610351562, 441.80999755859375, 110.97000122070312, 113.97000122070312, 85.7300033569336, 52.540000915527344, 116.13999938964844, 304.79998779296875, 113.47000122070312, 197.6999969482422, 127.36000061035156], "y_true_elst": [-77.80000305175781, -191.50999450683594, -64.12999725341797, -245.99000549316406, -112.29000091552734, -39.470001220703125, -4.929999828338623, -110.43000030517578, -16.309999465942383, -51.130001068115234, -123.05000305175781, -86.04000091552734, -111.95999908447266, -227.75999450683594, -204.72000122070312, -45.7599983215332, -82.83000183105469, -122.33999633789062, -246.35000610351562, -133.67999267578125, -160.82000732421875, -70.62999725341797, -175.97000122070312, -207.19000244140625, -176.75999450683594, -61.279998779296875, -131.6699981689453, -146.97000122070312, -36.86000061035156, -53.88999938964844, -198.92999267578125, -48.66999816894531, -46.66999816894531, -47.7599983215332, -26.799999237060547, -62.060001373291016, -130.83999633789062, -39.970001220703125, -76.88999938964844, -54.13999938964844], "y_true_oi": [-71.58000183105469, -296.25, -80.05000305175781, -323.1000061035156, -138.63999938964844, -136.75999450683594, -2.180000066757202, -127.87999725341797, -102.18000030517578, -73.3499984741211, -202.89999389648438, -170.13999938964844, -171.94000244140625, -288.3900146484375, -273.75, -71.72000122070312, -117.23999786376953, -182.77000427246094, -385.7200012207031, -184.3800048828125, -232.14999389648438, -153.1999969482422, -303.69000244140625, -260.17999267578125, -213.0800018310547, -61.90999984741211, -190.27000427246094, -221.89999389648438, -37.65999984741211, -98.9000015258789, -233.97999572753906, -69.5199966430664, -83.45999908447266, -38.779998779296875, -29.700000762939453, -59.599998474121094, -226.1699981689453, -83.62000274658203, -151.02000427246094, -85.61000061035156], "y_true_disp": [-6.409999847412109, -10.4399995803833, -5.630000114440918, -7.699999809265137, -4.630000114440918, -1.659999966621399, -4.920000076293945, -4.650000095367432, -4.710000038146973, -6.0, -6.710000038146973, -5.929999828338623, -5.050000190734863, -8.5, -5.380000114440918, -8.15999984741211, -4.190000057220459, -6.71999979019165, -4.570000171661377, -6.070000171661377, -8.029999732971191, -5.079999923706055, -8.430000305175781, -8.600000381469727, -10.210000038146973, -7.699999809265137, -4.670000076293945, -10.069999694824219, -8.899999618530273, -4.059999942779541, -9.859999656677246, -8.319999694824219, -7.989999771118164, -4.659999847412109, -6.019999980926514, -3.680000066757202, -5.559999942779541, -5.400000095367432, -6.980000019073486, -8.510000228881836], "y_pred_strain": [34.178871154785156, 135.83335876464844, 36.349430084228516, 83.03855895996094, 43.196990966796875, 73.3804702758789, 36.18570327758789, 33.62428665161133, 56.96006774902344, 47.793670654296875, 85.46232604980469, 82.25275421142578, 86.38928985595703, 85.24345397949219, 44.17277145385742, 66.23910522460938, 41.333961486816406, 86.37565612792969, 116.35189819335938, 82.32996368408203, 94.23394775390625, 86.79103088378906, 104.86478424072266, 56.5943717956543, 52.7327880859375, 45.15835189819336, 60.10031509399414, 71.99812316894531, 42.39856719970703, 58.690185546875, 43.120811462402344, 73.62084197998047, 51.22511291503906, 46.27424240112305, 16.689847946166992, 20.69048309326172, 125.98601531982422, 71.6231918334961, 49.375465393066406, 37.03398132324219], "y_pred_Pauli": [273.0077819824219, 495.4148864746094, 124.82156372070312, 425.18353271484375, 215.6189422607422, 218.34768676757812, -0.8567061424255371, 263.34613037109375, 157.478271484375, 111.12162780761719, 322.05963134765625, 270.27447509765625, 287.1609191894531, 386.2897033691406, 525.0237426757812, 140.68646240234375, 178.63168334960938, 389.12933349609375, 448.71087646484375, 244.34507751464844, 451.99212646484375, 265.077880859375, 509.3710021972656, 420.7046813964844, 446.5005798339844, 118.29368591308594, 367.7630310058594, 442.97479248046875, 76.03858184814453, 185.00730895996094, 398.27703857421875, 134.7924041748047, 141.4659881591797, 56.58050537109375, 59.51573181152344, 116.7121810913086, 363.6377868652344, 129.11410522460938, 225.09742736816406, 133.1729278564453], "y_pred_elst": [-121.70291137695312, -219.5818634033203, -57.76734924316406, -194.2163543701172, -87.1008071899414, -83.76077270507812, -0.1794722080230713, -115.71141815185547, -63.366580963134766, -54.73830795288086, -141.53599548339844, -95.15274810791016, -107.17352294921875, -164.4604034423828, -227.52401733398438, -58.12383270263672, -73.6346435546875, -154.56028747558594, -195.84426879882812, -107.78564453125, -185.54188537597656, -108.25413513183594, -210.6827392578125, -194.70733642578125, -200.63560485839844, -57.67044448852539, -138.6424102783203, -196.80653381347656, -41.91896057128906, -71.5976333618164, -175.94764709472656, -59.39535903930664, -68.29743957519531, -35.17473220825195, -27.909000396728516, -63.8273811340332, -149.9783477783203, -56.830101013183594, -102.90725708007812, -64.54767608642578],