{"arm": "xgb28_delta_family", "family": "rgd1", "fold": 4, "member": 0, "n_train": 160, "n_test": 40, "reaction_ids": ["rgd1_MR_244067_1", "rgd1_MR_625300_0", "rgd1_MR_144781_0", "rgd1_MR_641482_2", "rgd1_MR_132417_1", "rgd1_MR_254662_2", "rgd1_MR_386011_2", "rgd1_MR_513715_1", "rgd1_MR_158181_0", "rgd1_MR_1349_1", "rgd1_MR_185885_1", "rgd1_MR_678635_0", "rgd1_MR_167973_1", "rgd1_MR_155007_1", "rgd1_MR_249680_0", "rgd1_MR_168933_0", "rgd1_MR_309701_0", "rgd1_MR_201241_0", "rgd1_MR_105111_1", "rgd1_MR_366680_0", "rgd1_MR_663875_0", "rgd1_MR_52098_2", "rgd1_MR_678198_0", "rgd1_MR_181375_0", "rgd1_MR_388067_1", "rgd1_MR_142364_0", "rgd1_MR_13701_1", "rgd1_MR_630547_1", "rgd1_MR_26132_1", "rgd1_MR_193861_1", "rgd1_MR_393118_0", "rgd1_MR_521641_0", "rgd1_MR_672375_0", "rgd1_MR_126386_0", "rgd1_MR_524313_0", "rgd1_MR_80737_1", "rgd1_MR_170250_0", "rgd1_MR_347956_2", "rgd1_MR_76479_0", "rgd1_MR_507512_2"], "y_true_strain": [44.70158767700195, 118.68799591064453, 35.950496673583984, 83.54186248779297, 30.448556900024414, 85.95924377441406, 61.20428466796875, 32.99799346923828, 60.5743293762207, 45.4471321105957, 72.7890396118164, 76.90782165527344, 92.72229766845703, 99.00704956054688, 47.721588134765625, 57.29398727416992, 42.849090576171875, 95.2940673828125, 126.53843688964844, 88.11027526855469, 103.22785949707031, 89.90795135498047, 100.22457122802734, 63.81244659423828, 62.09052658081055, 47.99403762817383, 68.37202453613281, 67.4515609741211, 41.121192932128906, 58.69587707519531, 42.05418395996094, 80.36626434326172, 58.72175216674805, 33.20123291015625, 8.8677339553833, 24.3199405670166, 124.65513610839844, 65.2048568725586, 56.780792236328125, 42.22755432128906], "y_true_Pauli": [177.9199981689453, 425.2699890136719, 134.5399932861328, 561.5900268554688, 252.8800048828125, 142.3699951171875, 7.929999828338623, 275.6700134277344, 98.12000274658203, 108.44000244140625, 313.67999267578125, 243.2100067138672, 306.3399963378906, 509.3500061035156, 494.3299865722656, 113.44000244140625, 220.24000549316406, 326.7099914550781, 591.9400024414062, 307.67999267578125, 355.239990234375, 198.55999755859375, 434.7099914550781, 457.8999938964844, 390.1499938964844, 125.19999694824219, 330.4100036621094, 353.3800048828125, 74.45999908447266, 137.10000610351562, 441.80999755859375, 110.97000122070312, 113.97000122070312, 85.7300033569336, 52.540000915527344, 116.13999938964844, 304.79998779296875, 113.47000122070312, 197.6999969482422, 127.36000061035156], "y_true_elst": [-77.80000305175781, -191.50999450683594, -64.12999725341797, -245.99000549316406, -112.29000091552734, -39.470001220703125, -4.929999828338623, -110.43000030517578, -16.309999465942383, -51.130001068115234, -123.05000305175781, -86.04000091552734, -111.95999908447266, -227.75999450683594, -204.72000122070312, -45.7599983215332, -82.83000183105469, -122.33999633789062, -246.35000610351562, -133.67999267578125, -160.82000732421875, -70.62999725341797, -175.97000122070312, -207.19000244140625, -176.75999450683594, -61.279998779296875, -131.6699981689453, -146.97000122070312, -36.86000061035156, -53.88999938964844, -198.92999267578125, -48.66999816894531, -46.66999816894531, -47.7599983215332, -26.799999237060547, -62.060001373291016, -130.83999633789062, -39.970001220703125, -76.88999938964844, -54.13999938964844], "y_true_oi": [-71.58000183105469, -296.25, -80.05000305175781, -323.1000061035156, -138.63999938964844, -136.75999450683594, -2.180000066757202, -127.87999725341797, -102.18000030517578, -73.3499984741211, -202.89999389648438, -170.13999938964844, -171.94000244140625, -288.3900146484375, -273.75, -71.72000122070312, -117.23999786376953, -182.77000427246094, -385.7200012207031, -184.3800048828125, -232.14999389648438, -153.1999969482422, -303.69000244140625, -260.17999267578125, -213.0800018310547, -61.90999984741211, -190.27000427246094, -221.89999389648438, -37.65999984741211, -98.9000015258789, -233.97999572753906, -69.5199966430664, -83.45999908447266, -38.779998779296875, -29.700000762939453, -59.599998474121094, -226.1699981689453, -83.62000274658203, -151.02000427246094, -85.61000061035156], "y_true_disp": [-6.409999847412109, -10.4399995803833, -5.630000114440918, -7.699999809265137, -4.630000114440918, -1.659999966621399, -4.920000076293945, -4.650000095367432, -4.710000038146973, -6.0, -6.710000038146973, -5.929999828338623, -5.050000190734863, -8.5, -5.380000114440918, -8.15999984741211, -4.190000057220459, -6.71999979019165, -4.570000171661377, -6.070000171661377, -8.029999732971191, -5.079999923706055, -8.430000305175781, -8.600000381469727, -10.210000038146973, -7.699999809265137, -4.670000076293945, -10.069999694824219, -8.899999618530273, -4.059999942779541, -9.859999656677246, -8.319999694824219, -7.989999771118164, -4.659999847412109, -6.019999980926514, -3.680000066757202, -5.559999942779541, -5.400000095367432, -6.980000019073486, -8.510000228881836], "y_pred_strain": [34.088470458984375, 135.79006958007812, 36.28328323364258, 82.7973861694336, 43.23841857910156, 72.66496276855469, 35.80149841308594, 33.75480651855469, 56.88432693481445, 47.678321838378906, 85.49563598632812, 81.71929931640625, 86.63774871826172, 85.38745880126953, 43.668148040771484, 66.54289245605469, 40.78383255004883, 86.42582702636719, 115.39495086669922, 82.2045669555664, 94.22634887695312, 85.70040130615234, 104.78551483154297, 57.300750732421875, 52.899383544921875, 44.497982025146484, 60.22626495361328, 72.28502655029297, 42.19804000854492, 58.4649658203125, 43.52399826049805, 73.55982971191406, 51.40188980102539, 46.40264892578125, 16.529529571533203, 20.10125160217285, 125.61705017089844, 71.90824127197266, 49.23278045654297, 37.088069915771484], "y_pred_Pauli": [271.4727783203125, 493.39306640625, 125.02388000488281, 423.8210144042969, 214.9408721923828, 222.32391357421875, 1.1575175523757935, 261.57904052734375, 157.7738037109375, 111.71365356445312, 322.5789794921875, 272.6845703125, 283.6491394042969, 381.1357727050781, 527.2528076171875, 136.54852294921875, 181.7687530517578, 389.0299072265625, 453.5533142089844, 243.1355743408203, 451.40478515625, 270.7707214355469, 509.8817443847656, 415.50848388671875, 441.6241455078125, 120.33997344970703, 366.4820556640625, 441.3919982910156, 73.78630828857422, 186.7855682373047, 395.45343017578125, 133.37562561035156, 139.8661651611328, 53.25743103027344, 58.311279296875, 120.0959701538086, 365.4970397949219, 127.58245849609375, 226.5191650390625, 132.83323669433594], "y_pred_elst": [-119.9275894165039, -217.34645080566406, -58.027339935302734, -192.63613891601562, -86.27335357666016, -88.5323486328125, -2.532979726791382, -113.66956329345703, -63.68313217163086, -55.494205474853516, -142.09169006347656, -97.97527313232422, -103.27584075927734, -158.8428497314453, -230.12298583984375, -53.55906677246094, -77.3689193725586, -154.43284606933594, -201.68798828125, -106.35116577148438, -184.82420349121094, -115.16675567626953, -211.25238037109375, -189.00537109375, -195.30682373046875, -60.02750778198242, -137.149169921875, -195.01454162597656, -39.394142150878906, -73.66963195800781, -172.78634643554688, -57.75405502319336, -66.43851470947266, -31.491039276123047, -26.526948928833008, -67.86495208740234, -152.17869567871094, -55.0732421875, -104.5561752319336, -64.1518325805664],