{"arm": "xgb28_delta_family", "family": "rgd1", "fold": 4, "member": 3, "n_train": 160, "n_test": 40, "reaction_ids": ["rgd1_MR_244067_1", "rgd1_MR_625300_0", "rgd1_MR_144781_0", "rgd1_MR_641482_2", "rgd1_MR_132417_1", "rgd1_MR_254662_2", "rgd1_MR_386011_2", "rgd1_MR_513715_1", "rgd1_MR_158181_0", "rgd1_MR_1349_1", "rgd1_MR_185885_1", "rgd1_MR_678635_0", "rgd1_MR_167973_1", "rgd1_MR_155007_1", "rgd1_MR_249680_0", "rgd1_MR_168933_0", "rgd1_MR_309701_0", "rgd1_MR_201241_0", "rgd1_MR_105111_1", "rgd1_MR_366680_0", "rgd1_MR_663875_0", "rgd1_MR_52098_2", "rgd1_MR_678198_0", "rgd1_MR_181375_0", "rgd1_MR_388067_1", "rgd1_MR_142364_0", "rgd1_MR_13701_1", "rgd1_MR_630547_1", "rgd1_MR_26132_1", "rgd1_MR_193861_1", "rgd1_MR_393118_0", "rgd1_MR_521641_0", "rgd1_MR_672375_0", "rgd1_MR_126386_0", "rgd1_MR_524313_0", "rgd1_MR_80737_1", "rgd1_MR_170250_0", "rgd1_MR_347956_2", "rgd1_MR_76479_0", "rgd1_MR_507512_2"], "y_true_strain": [44.70158767700195, 118.68799591064453, 35.950496673583984, 83.54186248779297, 30.448556900024414, 85.95924377441406, 61.20428466796875, 32.99799346923828, 60.5743293762207, 45.4471321105957, 72.7890396118164, 76.90782165527344, 92.72229766845703, 99.00704956054688, 47.721588134765625, 57.29398727416992, 42.849090576171875, 95.2940673828125, 126.53843688964844, 88.11027526855469, 103.22785949707031, 89.90795135498047, 100.22457122802734, 63.81244659423828, 62.09052658081055, 47.99403762817383, 68.37202453613281, 67.4515609741211, 41.121192932128906, 58.69587707519531, 42.05418395996094, 80.36626434326172, 58.72175216674805, 33.20123291015625, 8.8677339553833, 24.3199405670166, 124.65513610839844, 65.2048568725586, 56.780792236328125, 42.22755432128906], "y_true_Pauli": [177.9199981689453, 425.2699890136719, 134.5399932861328, 561.5900268554688, 252.8800048828125, 142.3699951171875, 7.929999828338623, 275.6700134277344, 98.12000274658203, 108.44000244140625, 313.67999267578125, 243.2100067138672, 306.3399963378906, 509.3500061035156, 494.3299865722656, 113.44000244140625, 220.24000549316406, 326.7099914550781, 591.9400024414062, 307.67999267578125, 355.239990234375, 198.55999755859375, 434.7099914550781, 457.8999938964844, 390.1499938964844, 125.19999694824219, 330.4100036621094, 353.3800048828125, 74.45999908447266, 137.10000610351562, 441.80999755859375, 110.97000122070312, 113.97000122070312, 85.7300033569336, 52.540000915527344, 116.13999938964844, 304.79998779296875, 113.47000122070312, 197.6999969482422, 127.36000061035156], "y_true_elst": [-77.80000305175781, -191.50999450683594, -64.12999725341797, -245.99000549316406, -112.29000091552734, -39.470001220703125, -4.929999828338623, -110.43000030517578, -16.309999465942383, -51.130001068115234, -123.05000305175781, -86.04000091552734, -111.95999908447266, -227.75999450683594, -204.72000122070312, -45.7599983215332, -82.83000183105469, -122.33999633789062, -246.35000610351562, -133.67999267578125, -160.82000732421875, -70.62999725341797, -175.97000122070312, -207.19000244140625, -176.75999450683594, -61.279998779296875, -131.6699981689453, -146.97000122070312, -36.86000061035156, -53.88999938964844, -198.92999267578125, -48.66999816894531, -46.66999816894531, -47.7599983215332, -26.799999237060547, -62.060001373291016, -130.83999633789062, -39.970001220703125, -76.88999938964844, -54.13999938964844], "y_true_oi": [-71.58000183105469, -296.25, -80.05000305175781, -323.1000061035156, -138.63999938964844, -136.75999450683594, -2.180000066757202, -127.87999725341797, -102.18000030517578, -73.3499984741211, -202.89999389648438, -170.13999938964844, -171.94000244140625, -288.3900146484375, -273.75, -71.72000122070312, -117.23999786376953, -182.77000427246094, -385.7200012207031, -184.3800048828125, -232.14999389648438, -153.1999969482422, -303.69000244140625, -260.17999267578125, -213.0800018310547, -61.90999984741211, -190.27000427246094, -221.89999389648438, -37.65999984741211, -98.9000015258789, -233.97999572753906, -69.5199966430664, -83.45999908447266, -38.779998779296875, -29.700000762939453, -59.599998474121094, -226.1699981689453, -83.62000274658203, -151.02000427246094, -85.61000061035156], "y_true_disp": [-6.409999847412109, -10.4399995803833, -5.630000114440918, -7.699999809265137, -4.630000114440918, -1.659999966621399, -4.920000076293945, -4.650000095367432, -4.710000038146973, -6.0, -6.710000038146973, -5.929999828338623, -5.050000190734863, -8.5, -5.380000114440918, -8.15999984741211, -4.190000057220459, -6.71999979019165, -4.570000171661377, -6.070000171661377, -8.029999732971191, -5.079999923706055, -8.430000305175781, -8.600000381469727, -10.210000038146973, -7.699999809265137, -4.670000076293945, -10.069999694824219, -8.899999618530273, -4.059999942779541, -9.859999656677246, -8.319999694824219, -7.989999771118164, -4.659999847412109, -6.019999980926514, -3.680000066757202, -5.559999942779541, -5.400000095367432, -6.980000019073486, -8.510000228881836], "y_pred_strain": [34.251182556152344, 135.98452758789062, 36.164791107177734, 82.85604095458984, 43.349098205566406, 73.4669189453125, 36.14980697631836, 33.641441345214844, 57.00057601928711, 47.93658447265625, 85.63224792480469, 81.85227966308594, 86.91525268554688, 84.95809173583984, 44.015296936035156, 66.0472412109375, 40.964637756347656, 86.46257781982422, 115.83763885498047, 82.45524597167969, 94.23653411865234, 86.35546875, 105.4273681640625, 56.706424713134766, 52.500732421875, 44.63228988647461, 60.11806106567383, 72.58672332763672, 42.21717071533203, 58.90972137451172, 42.926631927490234, 73.34123229980469, 51.253299713134766, 46.861778259277344, 16.392885208129883, 20.37735366821289, 125.81340026855469, 71.94152069091797, 49.52437973022461, 36.83369064331055], "y_pred_Pauli": [271.6070861816406, 493.06219482421875, 125.14303588867188, 424.496826171875, 214.5789794921875, 217.41477966308594, -0.736107349395752, 262.2460021972656, 156.99375915527344, 109.87767791748047, 321.142333984375, 272.1756591796875, 283.0014343261719, 383.1564636230469, 525.6737060546875, 138.40109252929688, 180.3441162109375, 388.2118835449219, 450.90435791015625, 243.04676818847656, 451.3168029785156, 266.59375, 506.2929382324219, 417.2070007324219, 443.4964294433594, 120.36823272705078, 366.8493347167969, 439.32452392578125, 74.6449966430664, 183.76242065429688, 397.1002502441406, 134.53860473632812, 140.44337463378906, 52.039241790771484, 59.3692626953125, 118.1827392578125, 364.2745056152344, 126.9056167602539, 224.23800659179688, 133.35635375976562], "y_pred_elst": [-120.59513854980469, -217.62564086914062, -58.46316146850586, -194.5765380859375, -85.82683563232422, -82.40177917480469, -0.07343769073486328, -115.00589752197266, -62.80536651611328, -53.222408294677734, -140.2320098876953, -97.37673950195312, -102.69630432128906, -163.9499053955078, -228.19017028808594, -57.6917610168457, -75.5081787109375, -153.626220703125, -198.32041931152344, -106.4984130859375, -185.13941955566406, -109.9678955078125, -206.70242309570312, -192.2763214111328, -199.9860382080078, -60.620914459228516, -138.0322265625, -192.4296112060547, -41.89576721191406, -69.81687927246094, -176.12295532226562, -60.411346435546875, -67.58966827392578, -30.280914306640625, -28.997665405273438, -65.30095672607422, -150.6547088623047, -54.28629684448242, -101.6155776977539, -65.35108184814453],