{"arm": "xgb28_delta_family", "family": "rgd1", "fold": 4, "member": 1, "n_train": 160, "n_test": 40, "reaction_ids": ["rgd1_MR_244067_1", "rgd1_MR_625300_0", "rgd1_MR_144781_0", "rgd1_MR_641482_2", "rgd1_MR_132417_1", "rgd1_MR_254662_2", "rgd1_MR_386011_2", "rgd1_MR_513715_1", "rgd1_MR_158181_0", "rgd1_MR_1349_1", "rgd1_MR_185885_1", "rgd1_MR_678635_0", "rgd1_MR_167973_1", "rgd1_MR_155007_1", "rgd1_MR_249680_0", "rgd1_MR_168933_0", "rgd1_MR_309701_0", "rgd1_MR_201241_0", "rgd1_MR_105111_1", "rgd1_MR_366680_0", "rgd1_MR_663875_0", "rgd1_MR_52098_2", "rgd1_MR_678198_0", "rgd1_MR_181375_0", "rgd1_MR_388067_1", "rgd1_MR_142364_0", "rgd1_MR_13701_1", "rgd1_MR_630547_1", "rgd1_MR_26132_1", "rgd1_MR_193861_1", "rgd1_MR_393118_0", "rgd1_MR_521641_0", "rgd1_MR_672375_0", "rgd1_MR_126386_0", "rgd1_MR_524313_0", "rgd1_MR_80737_1", "rgd1_MR_170250_0", "rgd1_MR_347956_2", "rgd1_MR_76479_0", "rgd1_MR_507512_2"], "y_true_strain": [44.70158767700195, 118.68799591064453, 35.950496673583984, 83.54186248779297, 30.448556900024414, 85.95924377441406, 61.20428466796875, 32.99799346923828, 60.5743293762207, 45.4471321105957, 72.7890396118164, 76.90782165527344, 92.72229766845703, 99.00704956054688, 47.721588134765625, 57.29398727416992, 42.849090576171875, 95.2940673828125, 126.53843688964844, 88.11027526855469, 103.22785949707031, 89.90795135498047, 100.22457122802734, 63.81244659423828, 62.09052658081055, 47.99403762817383, 68.37202453613281, 67.4515609741211, 41.121192932128906, 58.69587707519531, 42.05418395996094, 80.36626434326172, 58.72175216674805, 33.20123291015625, 8.8677339553833, 24.3199405670166, 124.65513610839844, 65.2048568725586, 56.780792236328125, 42.22755432128906], "y_true_Pauli": [177.9199981689453, 425.2699890136719, 134.5399932861328, 561.5900268554688, 252.8800048828125, 142.3699951171875, 7.929999828338623, 275.6700134277344, 98.12000274658203, 108.44000244140625, 313.67999267578125, 243.2100067138672, 306.3399963378906, 509.3500061035156, 494.3299865722656, 113.44000244140625, 220.24000549316406, 326.7099914550781, 591.9400024414062, 307.67999267578125, 355.239990234375, 198.55999755859375, 434.7099914550781, 457.8999938964844, 390.1499938964844, 125.19999694824219, 330.4100036621094, 353.3800048828125, 74.45999908447266, 137.10000610351562, 441.80999755859375, 110.97000122070312, 113.97000122070312, 85.7300033569336, 52.540000915527344, 116.13999938964844, 304.79998779296875, 113.47000122070312, 197.6999969482422, 127.36000061035156], "y_true_elst": [-77.80000305175781, -191.50999450683594, -64.12999725341797, -245.99000549316406, -112.29000091552734, -39.470001220703125, -4.929999828338623, -110.43000030517578, -16.309999465942383, -51.130001068115234, -123.05000305175781, -86.04000091552734, -111.95999908447266, -227.75999450683594, -204.72000122070312, -45.7599983215332, -82.83000183105469, -122.33999633789062, -246.35000610351562, -133.67999267578125, -160.82000732421875, -70.62999725341797, -175.97000122070312, -207.19000244140625, -176.75999450683594, -61.279998779296875, -131.6699981689453, -146.97000122070312, -36.86000061035156, -53.88999938964844, -198.92999267578125, -48.66999816894531, -46.66999816894531, -47.7599983215332, -26.799999237060547, -62.060001373291016, -130.83999633789062, -39.970001220703125, -76.88999938964844, -54.13999938964844], "y_true_oi": [-71.58000183105469, -296.25, -80.05000305175781, -323.1000061035156, -138.63999938964844, -136.75999450683594, -2.180000066757202, -127.87999725341797, -102.18000030517578, -73.3499984741211, -202.89999389648438, -170.13999938964844, -171.94000244140625, -288.3900146484375, -273.75, -71.72000122070312, -117.23999786376953, -182.77000427246094, -385.7200012207031, -184.3800048828125, -232.14999389648438, -153.1999969482422, -303.69000244140625, -260.17999267578125, -213.0800018310547, -61.90999984741211, -190.27000427246094, -221.89999389648438, -37.65999984741211, -98.9000015258789, -233.97999572753906, -69.5199966430664, -83.45999908447266, -38.779998779296875, -29.700000762939453, -59.599998474121094, -226.1699981689453, -83.62000274658203, -151.02000427246094, -85.61000061035156], "y_true_disp": [-6.409999847412109, -10.4399995803833, -5.630000114440918, -7.699999809265137, -4.630000114440918, -1.659999966621399, -4.920000076293945, -4.650000095367432, -4.710000038146973, -6.0, -6.710000038146973, -5.929999828338623, -5.050000190734863, -8.5, -5.380000114440918, -8.15999984741211, -4.190000057220459, -6.71999979019165, -4.570000171661377, -6.070000171661377, -8.029999732971191, -5.079999923706055, -8.430000305175781, -8.600000381469727, -10.210000038146973, -7.699999809265137, -4.670000076293945, -10.069999694824219, -8.899999618530273, -4.059999942779541, -9.859999656677246, -8.319999694824219, -7.989999771118164, -4.659999847412109, -6.019999980926514, -3.680000066757202, -5.559999942779541, -5.400000095367432, -6.980000019073486, -8.510000228881836], "y_pred_strain": [34.627281188964844, 135.945068359375, 35.62968444824219, 83.06991577148438, 44.35890579223633, 73.24502563476562, 36.10811996459961, 33.52691650390625, 56.65565490722656, 47.0683479309082, 86.05680084228516, 81.98827362060547, 87.88434600830078, 84.80733489990234, 44.5830192565918, 66.4535903930664, 41.10443115234375, 87.99361419677734, 116.51785278320312, 82.50244140625, 94.66526794433594, 87.48051452636719, 105.71184539794922, 56.064109802246094, 52.117950439453125, 45.494415283203125, 60.815696716308594, 72.23802947998047, 41.681095123291016, 59.05049133300781, 42.45948028564453, 73.09041595458984, 51.227943420410156, 46.017799377441406, 16.071319580078125, 20.929624557495117, 125.01988983154297, 71.57735443115234, 50.19704055786133, 38.277503967285156], "y_pred_Pauli": [270.4649658203125, 493.11572265625, 126.18599700927734, 423.5760192871094, 212.09298706054688, 220.6317901611328, 0.21710526943206787, 262.1527404785156, 158.1473388671875, 112.67105865478516, 320.8297424316406, 272.041015625, 280.654296875, 382.5069274902344, 524.9775390625, 136.84918212890625, 180.7308349609375, 384.6458435058594, 450.43511962890625, 242.7229766845703, 450.3208923339844, 265.68389892578125, 507.3505859375, 417.8143615722656, 443.33251953125, 118.10515594482422, 364.9698486328125, 441.2096862792969, 75.04950714111328, 184.9911651611328, 397.4609069824219, 134.47821044921875, 140.23980712890625, 54.21068572998047, 59.40898132324219, 117.73214721679688, 366.60455322265625, 128.1211700439453, 223.6752471923828, 129.56944274902344], "y_pred_elst": [-118.7707290649414, -216.96250915527344, -59.233577728271484, -192.35902404785156, -82.95973205566406, -86.5655517578125, -1.4029165506362915, -114.29181671142578, -64.05735778808594, -56.45100784301758, -140.04136657714844, -97.22249603271484, -99.78836822509766, -160.2479248046875, -227.48423767089844, -53.850677490234375, -76.14628601074219, -149.2750244140625, -198.02980041503906, -105.88087463378906, -183.54844665527344, -109.17684936523438, -208.2878875732422, -191.4488067626953, -197.06375122070312, -57.4436149597168, -135.3758544921875, -194.74966430664062, -40.691829681396484, -71.56841278076172, -174.9175262451172, -58.92362594604492, -66.83570098876953, -32.49089813232422, -27.679683685302734, -65.10623931884766, -153.34910583496094, -55.645259857177734, -101.2243423461914, -60.32461929321289],