{"arm": "xgb28_delta_family", "family": "rgd1", "fold": 4, "member": 4, "n_train": 160, "n_test": 40, "reaction_ids": ["rgd1_MR_244067_1", "rgd1_MR_625300_0", "rgd1_MR_144781_0", "rgd1_MR_641482_2", "rgd1_MR_132417_1", "rgd1_MR_254662_2", "rgd1_MR_386011_2", "rgd1_MR_513715_1", "rgd1_MR_158181_0", "rgd1_MR_1349_1", "rgd1_MR_185885_1", "rgd1_MR_678635_0", "rgd1_MR_167973_1", "rgd1_MR_155007_1", "rgd1_MR_249680_0", "rgd1_MR_168933_0", "rgd1_MR_309701_0", "rgd1_MR_201241_0", "rgd1_MR_105111_1", "rgd1_MR_366680_0", "rgd1_MR_663875_0", "rgd1_MR_52098_2", "rgd1_MR_678198_0", "rgd1_MR_181375_0", "rgd1_MR_388067_1", "rgd1_MR_142364_0", "rgd1_MR_13701_1", "rgd1_MR_630547_1", "rgd1_MR_26132_1", "rgd1_MR_193861_1", "rgd1_MR_393118_0", "rgd1_MR_521641_0", "rgd1_MR_672375_0", "rgd1_MR_126386_0", "rgd1_MR_524313_0", "rgd1_MR_80737_1", "rgd1_MR_170250_0", "rgd1_MR_347956_2", "rgd1_MR_76479_0", "rgd1_MR_507512_2"], "y_true_strain": [44.70158767700195, 118.68799591064453, 35.950496673583984, 83.54186248779297, 30.448556900024414, 85.95924377441406, 61.20428466796875, 32.99799346923828, 60.5743293762207, 45.4471321105957, 72.7890396118164, 76.90782165527344, 92.72229766845703, 99.00704956054688, 47.721588134765625, 57.29398727416992, 42.849090576171875, 95.2940673828125, 126.53843688964844, 88.11027526855469, 103.22785949707031, 89.90795135498047, 100.22457122802734, 63.81244659423828, 62.09052658081055, 47.99403762817383, 68.37202453613281, 67.4515609741211, 41.121192932128906, 58.69587707519531, 42.05418395996094, 80.36626434326172, 58.72175216674805, 33.20123291015625, 8.8677339553833, 24.3199405670166, 124.65513610839844, 65.2048568725586, 56.780792236328125, 42.22755432128906], "y_true_Pauli": [177.9199981689453, 425.2699890136719, 134.5399932861328, 561.5900268554688, 252.8800048828125, 142.3699951171875, 7.929999828338623, 275.6700134277344, 98.12000274658203, 108.44000244140625, 313.67999267578125, 243.2100067138672, 306.3399963378906, 509.3500061035156, 494.3299865722656, 113.44000244140625, 220.24000549316406, 326.7099914550781, 591.9400024414062, 307.67999267578125, 355.239990234375, 198.55999755859375, 434.7099914550781, 457.8999938964844, 390.1499938964844, 125.19999694824219, 330.4100036621094, 353.3800048828125, 74.45999908447266, 137.10000610351562, 441.80999755859375, 110.97000122070312, 113.97000122070312, 85.7300033569336, 52.540000915527344, 116.13999938964844, 304.79998779296875, 113.47000122070312, 197.6999969482422, 127.36000061035156], "y_true_elst": [-77.80000305175781, -191.50999450683594, -64.12999725341797, -245.99000549316406, -112.29000091552734, -39.470001220703125, -4.929999828338623, -110.43000030517578, -16.309999465942383, -51.130001068115234, -123.05000305175781, -86.04000091552734, -111.95999908447266, -227.75999450683594, -204.72000122070312, -45.7599983215332, -82.83000183105469, -122.33999633789062, -246.35000610351562, -133.67999267578125, -160.82000732421875, -70.62999725341797, -175.97000122070312, -207.19000244140625, -176.75999450683594, -61.279998779296875, -131.6699981689453, -146.97000122070312, -36.86000061035156, -53.88999938964844, -198.92999267578125, -48.66999816894531, -46.66999816894531, -47.7599983215332, -26.799999237060547, -62.060001373291016, -130.83999633789062, -39.970001220703125, -76.88999938964844, -54.13999938964844], "y_true_oi": [-71.58000183105469, -296.25, -80.05000305175781, -323.1000061035156, -138.63999938964844, -136.75999450683594, -2.180000066757202, -127.87999725341797, -102.18000030517578, -73.3499984741211, -202.89999389648438, -170.13999938964844, -171.94000244140625, -288.3900146484375, -273.75, -71.72000122070312, -117.23999786376953, -182.77000427246094, -385.7200012207031, -184.3800048828125, -232.14999389648438, -153.1999969482422, -303.69000244140625, -260.17999267578125, -213.0800018310547, -61.90999984741211, -190.27000427246094, -221.89999389648438, -37.65999984741211, -98.9000015258789, -233.97999572753906, -69.5199966430664, -83.45999908447266, -38.779998779296875, -29.700000762939453, -59.599998474121094, -226.1699981689453, -83.62000274658203, -151.02000427246094, -85.61000061035156], "y_true_disp": [-6.409999847412109, -10.4399995803833, -5.630000114440918, -7.699999809265137, -4.630000114440918, -1.659999966621399, -4.920000076293945, -4.650000095367432, -4.710000038146973, -6.0, -6.710000038146973, -5.929999828338623, -5.050000190734863, -8.5, -5.380000114440918, -8.15999984741211, -4.190000057220459, -6.71999979019165, -4.570000171661377, -6.070000171661377, -8.029999732971191, -5.079999923706055, -8.430000305175781, -8.600000381469727, -10.210000038146973, -7.699999809265137, -4.670000076293945, -10.069999694824219, -8.899999618530273, -4.059999942779541, -9.859999656677246, -8.319999694824219, -7.989999771118164, -4.659999847412109, -6.019999980926514, -3.680000066757202, -5.559999942779541, -5.400000095367432, -6.980000019073486, -8.510000228881836], "y_pred_strain": [34.337860107421875, 136.29393005371094, 36.149513244628906, 83.19056701660156, 43.76048278808594, 73.98930358886719, 35.87895965576172, 33.78480529785156, 56.91033172607422, 47.770694732666016, 86.28849029541016, 82.20878601074219, 86.99913787841797, 85.96277618408203, 43.98133087158203, 66.71426391601562, 41.567291259765625, 87.05845642089844, 115.70865631103516, 82.44024658203125, 94.40917205810547, 86.7420425415039, 105.11446380615234, 57.28120803833008, 53.387081146240234, 44.94594192504883, 60.3935661315918, 72.20985412597656, 42.70405197143555, 60.119686126708984, 43.40352249145508, 73.83838653564453, 51.49991226196289, 46.833770751953125, 16.78742027282715, 21.50956153869629, 125.73883819580078, 71.97283172607422, 50.03401565551758, 37.40574645996094], "y_pred_Pauli": [272.7181091308594, 493.91015625, 126.56326293945312, 424.39544677734375, 213.34445190429688, 218.1616973876953, 0.9277151823043823, 263.10223388671875, 158.1776885986328, 111.39505004882812, 319.7956237792969, 271.248046875, 283.75933837890625, 383.83197021484375, 526.5646362304688, 137.9150848388672, 179.09837341308594, 387.1195983886719, 452.55010986328125, 244.54336547851562, 451.43280029296875, 267.3301696777344, 508.6802673339844, 419.7281494140625, 444.0875549316406, 119.72894287109375, 366.2128601074219, 441.74127197265625, 75.61091613769531, 181.75782775878906, 398.0773010253906, 134.40467834472656, 139.958984375, 53.385169982910156, 60.2033576965332, 115.72749328613281, 365.75653076171875, 127.5165023803711, 223.66954040527344, 132.00267028808594], "y_pred_elst": [-121.49177551269531, -218.0296173095703, -59.89035415649414, -193.42893981933594, -84.38533782958984, -83.52082824707031, -2.2784197330474854, -115.52999877929688, -64.18959045410156, -55.12794876098633, -138.7508087158203, -96.2780990600586, -103.4641342163086, -162.16693115234375, -229.33013916015625, -55.255435943603516, -74.16471099853516, -152.15049743652344, -200.49847412109375, -108.11106872558594, -184.8929901123047, -111.02951049804688, -209.82473754882812, -194.04330444335938, -198.34515380859375, -59.367218017578125, -136.85984802246094, -195.4490203857422, -41.68595504760742, -67.61051940917969, -175.9366455078125, -59.04869079589844, -66.58292388916016, -31.71929168701172, -28.862333297729492, -62.603416442871094, -152.5060272216797, -55.01005554199219, -101.13349914550781, -63.173919677734375],