{"arm": "xgb28_delta_family", "family": "dipolar", "fold": 4, "member": 3, "n_train": 158, "n_test": 39, "reaction_ids": ["dipolar_001434", "dipolar_004798", "dipolar_000487", "dipolar_004941", "dipolar_000245", "dipolar_001512", "dipolar_003315", "dipolar_004150", "dipolar_000700", "dipolar_000262", "dipolar_001172", "dipolar_005435", "dipolar_000783", "dipolar_000658", "dipolar_001462", "dipolar_000784", "dipolar_002138", "dipolar_001250", "dipolar_000080", "dipolar_002864", "dipolar_005272", "dipolar_004160", "dipolar_005825", "dipolar_000991", "dipolar_003369", "dipolar_000455", "dipolar_000401", "dipolar_004857", "dipolar_001681", "dipolar_001221", "dipolar_003402", "dipolar_004181", "dipolar_005425", "dipolar_000219", "dipolar_004182", "dipolar_000853", "dipolar_002808", "dipolar_005886", "dipolar_004094"], "y_true_strain": [9.198304176330566, 69.86514282226562, 20.00597381591797, 10.981754302978516, 36.69858169555664, 18.08488655090332, 63.507591247558594, 96.37096405029297, 93.64727020263672, 6.9368438720703125, 54.604774475097656, 13.601285934448242, 3.1972708702087402, 9.076303482055664, 36.04401397705078, 3.391232490539551, 22.140544891357422, 15.032612800598145, 6.920380115509033, 68.5982894897461, 59.089778900146484, 100.69134521484375, 4.9955668449401855, 80.36476135253906, 34.829341888427734, 116.768798828125, 3.963522434234619, 48.911590576171875, 28.929597854614258, 57.12313461303711, 111.14231872558594, 72.61274719238281, 94.24906921386719, 2.477821111679077, 63.55221176147461, 31.907976150512695, 18.93130111694336, 65.29708099365234, 9.543127059936523], "y_true_Pauli": [57.220001220703125, 166.0500030517578, 57.31999969482422, 47.83000183105469, 158.0399932861328, 56.31999969482422, 200.6199951171875, 483.510009765625, 310.8299865722656, 34.380001068115234, 280.3699951171875, 352.6199951171875, 30.31999969482422, 33.08000183105469, 227.6699981689453, 31.889999389648438, 87.62999725341797, 42.4900016784668, 25.0, 170.88999938964844, 166.44000244140625, 336.2799987792969, 55.650001525878906, 176.75999450683594, 125.66999816894531, 468.3800048828125, 33.060001373291016, 143.19000244140625, 25.5, 202.85000610351562, 375.4200134277344, 310.1300048828125, 473.3999938964844, 29.549999237060547, 219.97000122070312, 45.130001068115234, 56.29999923706055, 219.8300018310547, 40.52000045776367], "y_true_elst": [-22.299999237060547, -85.62999725341797, -29.100000381469727, -21.670000076293945, -76.83999633789062, -32.279998779296875, -106.19999694824219, -217.72999572753906, -153.1199951171875, -14.470000267028809, -137.5, -234.89999389648438, -15.579999923706055, -17.43000030517578, -111.04000091552734, -18.969999313354492, -49.540000915527344, -22.530000686645508, -10.720000267028809, -89.80000305175781, -87.95999908447266, -149.55999755859375, -23.950000762939453, -96.30999755859375, -64.9000015258789, -235.30999755859375, -16.260000228881836, -74.5, -14.670000076293945, -98.36000061035156, -176.2899932861328, -148.97000122070312, -228.67999267578125, -11.880000114440918, -110.88999938964844, -22.040000915527344, -25.8700008392334, -108.27999877929688, -18.43000030517578], "y_true_oi": [-15.5600004196167, -110.08999633789062, -20.3700008392334, -11.510000228881836, -103.98999786376953, -20.1299991607666, -154.88999938964844, -326.32000732421875, -220.2899932861328, -8.489999771118164, -179.58999633789062, -162.5399932861328, -6.610000133514404, -8.800000190734863, -141.35000610351562, -8.050000190734863, -24.959999084472656, -11.850000381469727, -6.920000076293945, -126.86000061035156, -129.4600067138672, -297.3299865722656, -16.270000457763672, -140.38999938964844, -83.9000015258789, -305.3699951171875, -7.099999904632568, -99.12000274658203, -7.28000020980835, -137.00999450683594, -277.82000732421875, -235.83999633789062, -302.0199890136719, -8.5, -153.92999267578125, -12.670000076293945, -12.949999809265137, -155.4499969482422, -8.3100004196167], "y_true_disp": [-23.959999084472656, -19.40999984741211, -18.59000015258789, -23.729999542236328, -14.800000190734863, -21.56999969482422, -13.380000114440918, -19.260000228881836, -24.0, -10.699999809265137, -19.170000076293945, -20.670000076293945, -13.550000190734863, -15.020000457763672, -23.350000381469727, -15.15999984741211, -18.899999618530273, -20.229999542236328, -11.739999771118164, -22.559999465942383, -12.779999732971191, -13.5, -29.200000762939453, -15.329999923706055, -10.770000457763672, -19.889999389648438, -11.779999732971191, -17.190000534057617, -13.869999885559082, -20.709999084472656, -11.930000305175781, -14.359999656677246, -21.709999084472656, -12.039999961853027, -17.889999389648438, -20.09000015258789, -23.6200008392334, -28.75, -17.31999969482422], "y_pred_strain": [12.343069076538086, 48.093406677246094, 15.588248252868652, 15.709553718566895, 43.07452392578125, 17.099807739257812, 61.23255157470703, 98.36186981201172, 95.88719940185547, 7.720496654510498, 66.64752197265625, 20.84351348876953, 13.145557403564453, 12.195173263549805, 62.36618423461914, 9.552802085876465, 22.330337524414062, 16.487085342407227, 9.333518981933594, 65.9678955078125, 62.20707321166992, 96.50447082519531, 19.43428611755371, 66.91020965576172, 30.284345626831055, 99.52893829345703, 7.316560745239258, 56.22993469238281, 16.74330711364746, 64.41808319091797, 95.98741912841797, 96.30770874023438, 104.66715240478516, 4.172163486480713, 69.43254089355469, 17.18867301940918, 17.125988006591797, 86.50188446044922, 13.557780265808105], "y_pred_Pauli": [59.58090591430664, 166.58038330078125, 60.8435173034668, 43.12512969970703, 157.42086791992188, 51.629791259765625, 214.6683807373047, 345.3542175292969, 318.4629821777344, 30.39879035949707, 267.9178161621094, 234.392822265625, 30.700265884399414, 22.90230369567871, 200.15036010742188, 31.324298858642578, 69.25094604492188, 46.67133712768555, 20.23345375061035, 191.06163024902344, 183.39019775390625, 310.9645080566406, 59.35990905761719, 186.64549255371094, 121.7662582397461, 464.42938232421875, 28.733747482299805, 146.8132781982422, 32.33713912963867, 216.7171173095703, 318.9736022949219, 289.3722839355469, 450.0481872558594, 35.1942138671875, 223.2997589111328, 48.01901626586914, 53.07965087890625, 263.9954833984375, 37.34836196899414], "y_pred_elst": [-26.994674682617188, -79.96710968017578, -26.767431259155273, -18.96005630493164, -75.17366027832031, -29.46137809753418, -106.81715393066406, -174.81951904296875, -161.28054809570312, -14.318573951721191, -129.15017700195312, -164.23268127441406, -15.890851020812988, -12.503985404968262, -97.31372833251953, -19.32868194580078, -42.16455078125, -20.491559982299805, -7.787481307983398, -103.14921569824219, -100.39656066894531, -144.43800354003906, -28.23545265197754, -97.63969421386719, -63.79076385498047, -221.25730895996094, -12.954054832458496, -75.51875305175781, -19.115461349487305, -105.5620346069336, -152.14263916015625, -140.22325134277344, -217.49375915527344, -16.67060089111328, -108.6638412475586, -22.21536636352539, -27.396116256713867, -122.84413146972656, -17.734493255615234], "y_pred_oi": [-14.58577823638916, -112.5956802368164, -15.721477508544922, -11.738873481750488, -93.89129638671875, -18.211483001708984, -169.43121337890625, -264.5749206542969, -235.70803833007812, -8.236947059631348, -173.59376525878906, -115.03411865234375, -6.529786109924316, -8.188356399536133, -151.64662170410156, -7.82335090637207, -22.49038314819336, -12.878926277160645, -6.997586250305176, -130.57937622070312, -136.78170776367188, -274.3113708496094, -19.059232711791992, -138.71751403808594, -80.16851806640625, -305.3592224121094, -9.376228332519531, -108.88028717041016, -9.28294849395752, -159.15289306640625, -254.80369567871094, -246.57916259765625, -285.8094482421875, -8.49697494506836, -174.1504364013672, -14.836530685424805, -12.464043617248535, -171.23143005371094, -7.394451141357422],