{"arm": "xgb28_delta_family", "family": "dipolar", "fold": 4, "member": 2, "n_train": 158, "n_test": 39, "reaction_ids": ["dipolar_001434", "dipolar_004798", "dipolar_000487", "dipolar_004941", "dipolar_000245", "dipolar_001512", "dipolar_003315", "dipolar_004150", "dipolar_000700", "dipolar_000262", "dipolar_001172", "dipolar_005435", "dipolar_000783", "dipolar_000658", "dipolar_001462", "dipolar_000784", "dipolar_002138", "dipolar_001250", "dipolar_000080", "dipolar_002864", "dipolar_005272", "dipolar_004160", "dipolar_005825", "dipolar_000991", "dipolar_003369", "dipolar_000455", "dipolar_000401", "dipolar_004857", "dipolar_001681", "dipolar_001221", "dipolar_003402", "dipolar_004181", "dipolar_005425", "dipolar_000219", "dipolar_004182", "dipolar_000853", "dipolar_002808", "dipolar_005886", "dipolar_004094"], "y_true_strain": [9.198304176330566, 69.86514282226562, 20.00597381591797, 10.981754302978516, 36.69858169555664, 18.08488655090332, 63.507591247558594, 96.37096405029297, 93.64727020263672, 6.9368438720703125, 54.604774475097656, 13.601285934448242, 3.1972708702087402, 9.076303482055664, 36.04401397705078, 3.391232490539551, 22.140544891357422, 15.032612800598145, 6.920380115509033, 68.5982894897461, 59.089778900146484, 100.69134521484375, 4.9955668449401855, 80.36476135253906, 34.829341888427734, 116.768798828125, 3.963522434234619, 48.911590576171875, 28.929597854614258, 57.12313461303711, 111.14231872558594, 72.61274719238281, 94.24906921386719, 2.477821111679077, 63.55221176147461, 31.907976150512695, 18.93130111694336, 65.29708099365234, 9.543127059936523], "y_true_Pauli": [57.220001220703125, 166.0500030517578, 57.31999969482422, 47.83000183105469, 158.0399932861328, 56.31999969482422, 200.6199951171875, 483.510009765625, 310.8299865722656, 34.380001068115234, 280.3699951171875, 352.6199951171875, 30.31999969482422, 33.08000183105469, 227.6699981689453, 31.889999389648438, 87.62999725341797, 42.4900016784668, 25.0, 170.88999938964844, 166.44000244140625, 336.2799987792969, 55.650001525878906, 176.75999450683594, 125.66999816894531, 468.3800048828125, 33.060001373291016, 143.19000244140625, 25.5, 202.85000610351562, 375.4200134277344, 310.1300048828125, 473.3999938964844, 29.549999237060547, 219.97000122070312, 45.130001068115234, 56.29999923706055, 219.8300018310547, 40.52000045776367], "y_true_elst": [-22.299999237060547, -85.62999725341797, -29.100000381469727, -21.670000076293945, -76.83999633789062, -32.279998779296875, -106.19999694824219, -217.72999572753906, -153.1199951171875, -14.470000267028809, -137.5, -234.89999389648438, -15.579999923706055, -17.43000030517578, -111.04000091552734, -18.969999313354492, -49.540000915527344, -22.530000686645508, -10.720000267028809, -89.80000305175781, -87.95999908447266, -149.55999755859375, -23.950000762939453, -96.30999755859375, -64.9000015258789, -235.30999755859375, -16.260000228881836, -74.5, -14.670000076293945, -98.36000061035156, -176.2899932861328, -148.97000122070312, -228.67999267578125, -11.880000114440918, -110.88999938964844, -22.040000915527344, -25.8700008392334, -108.27999877929688, -18.43000030517578], "y_true_oi": [-15.5600004196167, -110.08999633789062, -20.3700008392334, -11.510000228881836, -103.98999786376953, -20.1299991607666, -154.88999938964844, -326.32000732421875, -220.2899932861328, -8.489999771118164, -179.58999633789062, -162.5399932861328, -6.610000133514404, -8.800000190734863, -141.35000610351562, -8.050000190734863, -24.959999084472656, -11.850000381469727, -6.920000076293945, -126.86000061035156, -129.4600067138672, -297.3299865722656, -16.270000457763672, -140.38999938964844, -83.9000015258789, -305.3699951171875, -7.099999904632568, -99.12000274658203, -7.28000020980835, -137.00999450683594, -277.82000732421875, -235.83999633789062, -302.0199890136719, -8.5, -153.92999267578125, -12.670000076293945, -12.949999809265137, -155.4499969482422, -8.3100004196167], "y_true_disp": [-23.959999084472656, -19.40999984741211, -18.59000015258789, -23.729999542236328, -14.800000190734863, -21.56999969482422, -13.380000114440918, -19.260000228881836, -24.0, -10.699999809265137, -19.170000076293945, -20.670000076293945, -13.550000190734863, -15.020000457763672, -23.350000381469727, -15.15999984741211, -18.899999618530273, -20.229999542236328, -11.739999771118164, -22.559999465942383, -12.779999732971191, -13.5, -29.200000762939453, -15.329999923706055, -10.770000457763672, -19.889999389648438, -11.779999732971191, -17.190000534057617, -13.869999885559082, -20.709999084472656, -11.930000305175781, -14.359999656677246, -21.709999084472656, -12.039999961853027, -17.889999389648438, -20.09000015258789, -23.6200008392334, -28.75, -17.31999969482422], "y_pred_strain": [11.65501880645752, 47.38288879394531, 15.635693550109863, 16.047996520996094, 43.41465759277344, 16.405424118041992, 60.12897491455078, 97.99565887451172, 94.45528411865234, 8.146333694458008, 66.0240249633789, 21.57762336730957, 13.805044174194336, 13.161629676818848, 61.418636322021484, 9.544243812561035, 23.0830135345459, 17.193769454956055, 8.298759460449219, 66.78032684326172, 63.21281814575195, 97.95684051513672, 18.17861557006836, 67.55147552490234, 31.094175338745117, 98.23600006103516, 7.686767101287842, 56.23377990722656, 17.890443801879883, 63.966312408447266, 96.58464050292969, 97.06771087646484, 105.03385162353516, 4.47189998626709, 67.94413757324219, 16.552143096923828, 17.842336654663086, 84.84772491455078, 12.786360740661621], "y_pred_Pauli": [60.06938552856445, 167.59262084960938, 60.90963363647461, 42.496849060058594, 156.89247131347656, 52.47103500366211, 216.1374969482422, 345.8669128417969, 319.94805908203125, 30.08918571472168, 268.37957763671875, 233.38784790039062, 30.743942260742188, 22.646711349487305, 201.37408447265625, 31.78583526611328, 69.3102798461914, 46.7999153137207, 21.16368293762207, 190.5769805908203, 183.27899169921875, 310.60113525390625, 61.075748443603516, 186.26422119140625, 121.76863098144531, 466.51800537109375, 28.45049476623535, 147.05555725097656, 31.899551391601562, 217.64852905273438, 318.7782897949219, 289.2898254394531, 449.9446716308594, 35.20974349975586, 225.17266845703125, 48.769107818603516, 52.846038818359375, 266.2003479003906, 38.203304290771484], "y_pred_elst": [-27.437498092651367, -81.10562896728516, -26.79949378967285, -18.0361328125, -74.39991760253906, -30.41583251953125, -108.48600006103516, -175.35289001464844, -162.87933349609375, -13.853751182556152, -129.57797241210938, -162.75856018066406, -15.759864807128906, -11.978398323059082, -98.65281677246094, -19.796001434326172, -41.98003005981445, -20.39105796813965, -8.765164375305176, -102.3681869506836, -99.92079162597656, -143.5758514404297, -30.166563034057617, -97.0086441040039, -63.56602096557617, -223.63079833984375, -12.56552505493164, -75.73209381103516, -18.31507110595703, -106.57220458984375, -151.752197265625, -139.92007446289062, -217.21221923828125, -16.607006072998047, -110.79165649414062, -23.046581268310547, -26.94626808166504, -125.27729797363281, -18.671707153320312], "y_pred_oi": [-14.423909187316895, -112.81086730957031, -15.655355453491211, -11.255500793457031, -93.4910659790039, -18.345170974731445, -169.77261352539062, -264.5987854003906, -235.86801147460938, -8.043917655944824, -173.45965576171875, -114.38469696044922, -6.50518798828125, -8.093086242675781, -151.85079956054688, -7.919765472412109, -22.40968894958496, -12.826117515563965, -6.993280410766602, -130.32080078125, -136.6126251220703, -274.1045837402344, -19.461278915405273, -138.4702911376953, -80.12971496582031, -305.96234130859375, -9.229414939880371, -108.88638305664062, -9.107521057128906, -159.35693359375, -254.6724090576172, -246.496337890625, -285.634521484375, -8.468283653259277, -174.59231567382812, -14.918264389038086, -12.327177047729492, -171.7198028564453, -7.483546257019043],