{"arm": "xgb28_delta_family", "family": "dipolar", "fold": 4, "member": 1, "n_train": 158, "n_test": 39, "reaction_ids": ["dipolar_001434", "dipolar_004798", "dipolar_000487", "dipolar_004941", "dipolar_000245", "dipolar_001512", "dipolar_003315", "dipolar_004150", "dipolar_000700", "dipolar_000262", "dipolar_001172", "dipolar_005435", "dipolar_000783", "dipolar_000658", "dipolar_001462", "dipolar_000784", "dipolar_002138", "dipolar_001250", "dipolar_000080", "dipolar_002864", "dipolar_005272", "dipolar_004160", "dipolar_005825", "dipolar_000991", "dipolar_003369", "dipolar_000455", "dipolar_000401", "dipolar_004857", "dipolar_001681", "dipolar_001221", "dipolar_003402", "dipolar_004181", "dipolar_005425", "dipolar_000219", "dipolar_004182", "dipolar_000853", "dipolar_002808", "dipolar_005886", "dipolar_004094"], "y_true_strain": [9.198304176330566, 69.86514282226562, 20.00597381591797, 10.981754302978516, 36.69858169555664, 18.08488655090332, 63.507591247558594, 96.37096405029297, 93.64727020263672, 6.9368438720703125, 54.604774475097656, 13.601285934448242, 3.1972708702087402, 9.076303482055664, 36.04401397705078, 3.391232490539551, 22.140544891357422, 15.032612800598145, 6.920380115509033, 68.5982894897461, 59.089778900146484, 100.69134521484375, 4.9955668449401855, 80.36476135253906, 34.829341888427734, 116.768798828125, 3.963522434234619, 48.911590576171875, 28.929597854614258, 57.12313461303711, 111.14231872558594, 72.61274719238281, 94.24906921386719, 2.477821111679077, 63.55221176147461, 31.907976150512695, 18.93130111694336, 65.29708099365234, 9.543127059936523], "y_true_Pauli": [57.220001220703125, 166.0500030517578, 57.31999969482422, 47.83000183105469, 158.0399932861328, 56.31999969482422, 200.6199951171875, 483.510009765625, 310.8299865722656, 34.380001068115234, 280.3699951171875, 352.6199951171875, 30.31999969482422, 33.08000183105469, 227.6699981689453, 31.889999389648438, 87.62999725341797, 42.4900016784668, 25.0, 170.88999938964844, 166.44000244140625, 336.2799987792969, 55.650001525878906, 176.75999450683594, 125.66999816894531, 468.3800048828125, 33.060001373291016, 143.19000244140625, 25.5, 202.85000610351562, 375.4200134277344, 310.1300048828125, 473.3999938964844, 29.549999237060547, 219.97000122070312, 45.130001068115234, 56.29999923706055, 219.8300018310547, 40.52000045776367], "y_true_elst": [-22.299999237060547, -85.62999725341797, -29.100000381469727, -21.670000076293945, -76.83999633789062, -32.279998779296875, -106.19999694824219, -217.72999572753906, -153.1199951171875, -14.470000267028809, -137.5, -234.89999389648438, -15.579999923706055, -17.43000030517578, -111.04000091552734, -18.969999313354492, -49.540000915527344, -22.530000686645508, -10.720000267028809, -89.80000305175781, -87.95999908447266, -149.55999755859375, -23.950000762939453, -96.30999755859375, -64.9000015258789, -235.30999755859375, -16.260000228881836, -74.5, -14.670000076293945, -98.36000061035156, -176.2899932861328, -148.97000122070312, -228.67999267578125, -11.880000114440918, -110.88999938964844, -22.040000915527344, -25.8700008392334, -108.27999877929688, -18.43000030517578], "y_true_oi": [-15.5600004196167, -110.08999633789062, -20.3700008392334, -11.510000228881836, -103.98999786376953, -20.1299991607666, -154.88999938964844, -326.32000732421875, -220.2899932861328, -8.489999771118164, -179.58999633789062, -162.5399932861328, -6.610000133514404, -8.800000190734863, -141.35000610351562, -8.050000190734863, -24.959999084472656, -11.850000381469727, -6.920000076293945, -126.86000061035156, -129.4600067138672, -297.3299865722656, -16.270000457763672, -140.38999938964844, -83.9000015258789, -305.3699951171875, -7.099999904632568, -99.12000274658203, -7.28000020980835, -137.00999450683594, -277.82000732421875, -235.83999633789062, -302.0199890136719, -8.5, -153.92999267578125, -12.670000076293945, -12.949999809265137, -155.4499969482422, -8.3100004196167], "y_true_disp": [-23.959999084472656, -19.40999984741211, -18.59000015258789, -23.729999542236328, -14.800000190734863, -21.56999969482422, -13.380000114440918, -19.260000228881836, -24.0, -10.699999809265137, -19.170000076293945, -20.670000076293945, -13.550000190734863, -15.020000457763672, -23.350000381469727, -15.15999984741211, -18.899999618530273, -20.229999542236328, -11.739999771118164, -22.559999465942383, -12.779999732971191, -13.5, -29.200000762939453, -15.329999923706055, -10.770000457763672, -19.889999389648438, -11.779999732971191, -17.190000534057617, -13.869999885559082, -20.709999084472656, -11.930000305175781, -14.359999656677246, -21.709999084472656, -12.039999961853027, -17.889999389648438, -20.09000015258789, -23.6200008392334, -28.75, -17.31999969482422], "y_pred_strain": [13.827537536621094, 48.3508415222168, 14.801351547241211, 16.616531372070312, 44.68183135986328, 16.171262741088867, 61.54186248779297, 98.42514038085938, 96.65449523925781, 9.964790344238281, 67.23394012451172, 21.196426391601562, 12.201583862304688, 11.614364624023438, 62.812503814697266, 8.153218269348145, 23.727216720581055, 15.720645904541016, 10.368291854858398, 65.13064575195312, 62.838645935058594, 96.7471923828125, 19.867748260498047, 68.50149536132812, 30.575483322143555, 99.09024047851562, 6.514551162719727, 56.65755844116211, 16.19261360168457, 64.8144302368164, 95.75401306152344, 95.88350677490234, 104.61862182617188, 3.6827428340911865, 69.68692016601562, 17.928247451782227, 17.024099349975586, 87.61239624023438, 13.60496711730957], "y_pred_Pauli": [60.33332443237305, 167.51324462890625, 60.8928108215332, 42.81635665893555, 157.0707244873047, 52.515403747558594, 216.0632781982422, 345.8774719238281, 320.1875, 29.963869094848633, 268.6462097167969, 233.81259155273438, 30.431772232055664, 22.34702491760254, 201.38002014160156, 31.60515022277832, 68.91027069091797, 46.47013854980469, 21.410198211669922, 190.53005981445312, 182.94619750976562, 310.2342529296875, 60.98004913330078, 186.15760803222656, 121.38877868652344, 466.2497863769531, 28.42732810974121, 146.95152282714844, 31.65631866455078, 217.4497833251953, 318.63507080078125, 289.00372314453125, 449.9046630859375, 35.07614517211914, 225.15081787109375, 48.770816802978516, 52.64552688598633, 266.127685546875, 38.29911804199219], "y_pred_elst": [-27.241756439208984, -80.68584442138672, -26.755130767822266, -18.25929069519043, -74.3172607421875, -30.365495681762695, -107.97096252441406, -175.16201782226562, -162.65037536621094, -13.199846267700195, -129.5767059326172, -163.35617065429688, -15.495030403137207, -11.71220874786377, -98.2763900756836, -19.61807632446289, -41.348976135253906, -20.16889762878418, -8.571758270263672, -102.39288330078125, -99.58588409423828, -143.3781280517578, -29.594100952148438, -96.61991119384766, -63.11027526855469, -222.99082946777344, -12.53185749053955, -75.36904907226562, -18.128366470336914, -106.03366088867188, -151.59332275390625, -139.7082061767578, -217.15272521972656, -16.426698684692383, -110.26410675048828, -22.64841651916504, -26.736289978027344, -124.49456024169922, -18.50403594970703], "y_pred_oi": [-13.671875953674316, -112.36534881591797, -16.191789627075195, -11.370383262634277, -93.12499237060547, -18.626657485961914, -169.10398864746094, -264.50897216796875, -235.08209228515625, -7.124580383300781, -173.19863891601562, -115.08293914794922, -7.1721086502075195, -8.742783546447754, -151.2635955810547, -8.596109390258789, -21.84166145324707, -13.408302307128906, -6.2795491218566895, -131.25009155273438, -136.62472534179688, -274.5184326171875, -18.634443283081055, -138.00961303710938, -80.17507934570312, -305.4046936035156, -9.93558406829834, -108.69647216796875, -9.885188102722168, -158.8642120361328, -255.09239196777344, -246.97116088867188, -285.93267822265625, -8.877218246459961, -173.80215454101562, -14.336495399475098, -12.689224243164062, -170.3704071044922, -7.270131587982178],