{"arm": "xgb28_delta_family", "family": "dipolar", "fold": 4, "member": 0, "n_train": 158, "n_test": 39, "reaction_ids": ["dipolar_001434", "dipolar_004798", "dipolar_000487", "dipolar_004941", "dipolar_000245", "dipolar_001512", "dipolar_003315", "dipolar_004150", "dipolar_000700", "dipolar_000262", "dipolar_001172", "dipolar_005435", "dipolar_000783", "dipolar_000658", "dipolar_001462", "dipolar_000784", "dipolar_002138", "dipolar_001250", "dipolar_000080", "dipolar_002864", "dipolar_005272", "dipolar_004160", "dipolar_005825", "dipolar_000991", "dipolar_003369", "dipolar_000455", "dipolar_000401", "dipolar_004857", "dipolar_001681", "dipolar_001221", "dipolar_003402", "dipolar_004181", "dipolar_005425", "dipolar_000219", "dipolar_004182", "dipolar_000853", "dipolar_002808", "dipolar_005886", "dipolar_004094"], "y_true_strain": [9.198304176330566, 69.86514282226562, 20.00597381591797, 10.981754302978516, 36.69858169555664, 18.08488655090332, 63.507591247558594, 96.37096405029297, 93.64727020263672, 6.9368438720703125, 54.604774475097656, 13.601285934448242, 3.1972708702087402, 9.076303482055664, 36.04401397705078, 3.391232490539551, 22.140544891357422, 15.032612800598145, 6.920380115509033, 68.5982894897461, 59.089778900146484, 100.69134521484375, 4.9955668449401855, 80.36476135253906, 34.829341888427734, 116.768798828125, 3.963522434234619, 48.911590576171875, 28.929597854614258, 57.12313461303711, 111.14231872558594, 72.61274719238281, 94.24906921386719, 2.477821111679077, 63.55221176147461, 31.907976150512695, 18.93130111694336, 65.29708099365234, 9.543127059936523], "y_true_Pauli": [57.220001220703125, 166.0500030517578, 57.31999969482422, 47.83000183105469, 158.0399932861328, 56.31999969482422, 200.6199951171875, 483.510009765625, 310.8299865722656, 34.380001068115234, 280.3699951171875, 352.6199951171875, 30.31999969482422, 33.08000183105469, 227.6699981689453, 31.889999389648438, 87.62999725341797, 42.4900016784668, 25.0, 170.88999938964844, 166.44000244140625, 336.2799987792969, 55.650001525878906, 176.75999450683594, 125.66999816894531, 468.3800048828125, 33.060001373291016, 143.19000244140625, 25.5, 202.85000610351562, 375.4200134277344, 310.1300048828125, 473.3999938964844, 29.549999237060547, 219.97000122070312, 45.130001068115234, 56.29999923706055, 219.8300018310547, 40.52000045776367], "y_true_elst": [-22.299999237060547, -85.62999725341797, -29.100000381469727, -21.670000076293945, -76.83999633789062, -32.279998779296875, -106.19999694824219, -217.72999572753906, -153.1199951171875, -14.470000267028809, -137.5, -234.89999389648438, -15.579999923706055, -17.43000030517578, -111.04000091552734, -18.969999313354492, -49.540000915527344, -22.530000686645508, -10.720000267028809, -89.80000305175781, -87.95999908447266, -149.55999755859375, -23.950000762939453, -96.30999755859375, -64.9000015258789, -235.30999755859375, -16.260000228881836, -74.5, -14.670000076293945, -98.36000061035156, -176.2899932861328, -148.97000122070312, -228.67999267578125, -11.880000114440918, -110.88999938964844, -22.040000915527344, -25.8700008392334, -108.27999877929688, -18.43000030517578], "y_true_oi": [-15.5600004196167, -110.08999633789062, -20.3700008392334, -11.510000228881836, -103.98999786376953, -20.1299991607666, -154.88999938964844, -326.32000732421875, -220.2899932861328, -8.489999771118164, -179.58999633789062, -162.5399932861328, -6.610000133514404, -8.800000190734863, -141.35000610351562, -8.050000190734863, -24.959999084472656, -11.850000381469727, -6.920000076293945, -126.86000061035156, -129.4600067138672, -297.3299865722656, -16.270000457763672, -140.38999938964844, -83.9000015258789, -305.3699951171875, -7.099999904632568, -99.12000274658203, -7.28000020980835, -137.00999450683594, -277.82000732421875, -235.83999633789062, -302.0199890136719, -8.5, -153.92999267578125, -12.670000076293945, -12.949999809265137, -155.4499969482422, -8.3100004196167], "y_true_disp": [-23.959999084472656, -19.40999984741211, -18.59000015258789, -23.729999542236328, -14.800000190734863, -21.56999969482422, -13.380000114440918, -19.260000228881836, -24.0, -10.699999809265137, -19.170000076293945, -20.670000076293945, -13.550000190734863, -15.020000457763672, -23.350000381469727, -15.15999984741211, -18.899999618530273, -20.229999542236328, -11.739999771118164, -22.559999465942383, -12.779999732971191, -13.5, -29.200000762939453, -15.329999923706055, -10.770000457763672, -19.889999389648438, -11.779999732971191, -17.190000534057617, -13.869999885559082, -20.709999084472656, -11.930000305175781, -14.359999656677246, -21.709999084472656, -12.039999961853027, -17.889999389648438, -20.09000015258789, -23.6200008392334, -28.75, -17.31999969482422], "y_pred_strain": [11.477846145629883, 48.317440032958984, 15.583683013916016, 16.167255401611328, 44.4626350402832, 16.300172805786133, 61.45920181274414, 99.37000274658203, 97.03439331054688, 9.337952613830566, 68.38780212402344, 21.399702072143555, 12.558388710021973, 11.970991134643555, 63.31483840942383, 8.83932876586914, 23.79327964782715, 16.411623001098633, 10.196084976196289, 65.9488525390625, 61.9443244934082, 96.94239807128906, 20.247907638549805, 67.32169342041016, 30.352399826049805, 98.43692779541016, 8.055498123168945, 56.03014373779297, 16.493501663208008, 63.944820404052734, 96.56034088134766, 97.41874694824219, 104.316162109375, 4.065401077270508, 68.2809829711914, 17.807857513427734, 16.909774780273438, 86.54116821289062, 12.741572380065918], "y_pred_Pauli": [61.05117416381836, 168.25489807128906, 61.18154525756836, 43.45348358154297, 157.89613342285156, 52.97294998168945, 217.0458984375, 346.8450012207031, 321.97296142578125, 30.84615707397461, 270.2150573730469, 234.2884979248047, 31.18830108642578, 23.087858200073242, 202.712890625, 32.18315505981445, 69.84878540039062, 47.0082893371582, 22.688392639160156, 191.1608428955078, 183.76272583007812, 310.6572265625, 62.45112609863281, 186.81295776367188, 121.8582534790039, 466.89599609375, 28.71449851989746, 147.55799865722656, 32.572105407714844, 218.14173889160156, 319.2171630859375, 289.4474182128906, 450.5395812988281, 35.55567932128906, 225.81805419921875, 49.67647171020508, 53.34191131591797, 267.4718933105469, 38.840938568115234], "y_pred_elst": [-28.32305908203125, -80.46722412109375, -26.902225494384766, -18.628129959106445, -74.08370971679688, -30.71284294128418, -107.60100555419922, -174.4896240234375, -161.628173828125, -13.018183708190918, -128.43406677246094, -163.66578674316406, -16.451364517211914, -12.643750190734863, -97.47492218017578, -20.22283363342285, -41.035274505615234, -20.61833953857422, -7.989758491516113, -103.10298156738281, -100.63961029052734, -143.91172790527344, -28.740062713623047, -97.27339172363281, -63.718894958496094, -223.29234313964844, -12.298664093017578, -75.94916534423828, -19.265914916992188, -106.53070068359375, -151.68350219726562, -139.2665252685547, -217.90179443359375, -16.861404418945312, -110.78205108642578, -22.320415496826172, -27.565044403076172, -124.26634216308594, -19.068946838378906], "y_pred_oi": [-14.954854011535645, -112.02178955078125, -15.745652198791504, -11.506735801696777, -92.84343719482422, -18.5335636138916, -168.64578247070312, -263.45965576171875, -233.9119873046875, -7.021934986114502, -171.6848602294922, -114.94754791259766, -7.143754005432129, -8.709689140319824, -150.2581329345703, -8.307250022888184, -21.36197853088379, -13.0657320022583, -5.68925666809082, -130.91763305664062, -137.22694396972656, -274.4981689453125, -17.626558303833008, -138.60433959960938, -80.3546371459961, -305.5956115722656, -8.962135314941406, -109.01408386230469, -9.914918899536133, -159.22885131835938, -254.53587341308594, -245.88687133789062, -286.17376708984375, -8.701930046081543, -174.4186248779297, -13.935784339904785, -12.86053466796875, -170.30833435058594, -7.703681468963623],