{"arm": "xgb28_delta_family", "family": "dipolar", "fold": 4, "member": 4, "n_train": 158, "n_test": 39, "reaction_ids": ["dipolar_001434", "dipolar_004798", "dipolar_000487", "dipolar_004941", "dipolar_000245", "dipolar_001512", "dipolar_003315", "dipolar_004150", "dipolar_000700", "dipolar_000262", "dipolar_001172", "dipolar_005435", "dipolar_000783", "dipolar_000658", "dipolar_001462", "dipolar_000784", "dipolar_002138", "dipolar_001250", "dipolar_000080", "dipolar_002864", "dipolar_005272", "dipolar_004160", "dipolar_005825", "dipolar_000991", "dipolar_003369", "dipolar_000455", "dipolar_000401", "dipolar_004857", "dipolar_001681", "dipolar_001221", "dipolar_003402", "dipolar_004181", "dipolar_005425", "dipolar_000219", "dipolar_004182", "dipolar_000853", "dipolar_002808", "dipolar_005886", "dipolar_004094"], "y_true_strain": [9.198304176330566, 69.86514282226562, 20.00597381591797, 10.981754302978516, 36.69858169555664, 18.08488655090332, 63.507591247558594, 96.37096405029297, 93.64727020263672, 6.9368438720703125, 54.604774475097656, 13.601285934448242, 3.1972708702087402, 9.076303482055664, 36.04401397705078, 3.391232490539551, 22.140544891357422, 15.032612800598145, 6.920380115509033, 68.5982894897461, 59.089778900146484, 100.69134521484375, 4.9955668449401855, 80.36476135253906, 34.829341888427734, 116.768798828125, 3.963522434234619, 48.911590576171875, 28.929597854614258, 57.12313461303711, 111.14231872558594, 72.61274719238281, 94.24906921386719, 2.477821111679077, 63.55221176147461, 31.907976150512695, 18.93130111694336, 65.29708099365234, 9.543127059936523], "y_true_Pauli": [57.220001220703125, 166.0500030517578, 57.31999969482422, 47.83000183105469, 158.0399932861328, 56.31999969482422, 200.6199951171875, 483.510009765625, 310.8299865722656, 34.380001068115234, 280.3699951171875, 352.6199951171875, 30.31999969482422, 33.08000183105469, 227.6699981689453, 31.889999389648438, 87.62999725341797, 42.4900016784668, 25.0, 170.88999938964844, 166.44000244140625, 336.2799987792969, 55.650001525878906, 176.75999450683594, 125.66999816894531, 468.3800048828125, 33.060001373291016, 143.19000244140625, 25.5, 202.85000610351562, 375.4200134277344, 310.1300048828125, 473.3999938964844, 29.549999237060547, 219.97000122070312, 45.130001068115234, 56.29999923706055, 219.8300018310547, 40.52000045776367], "y_true_elst": [-22.299999237060547, -85.62999725341797, -29.100000381469727, -21.670000076293945, -76.83999633789062, -32.279998779296875, -106.19999694824219, -217.72999572753906, -153.1199951171875, -14.470000267028809, -137.5, -234.89999389648438, -15.579999923706055, -17.43000030517578, -111.04000091552734, -18.969999313354492, -49.540000915527344, -22.530000686645508, -10.720000267028809, -89.80000305175781, -87.95999908447266, -149.55999755859375, -23.950000762939453, -96.30999755859375, -64.9000015258789, -235.30999755859375, -16.260000228881836, -74.5, -14.670000076293945, -98.36000061035156, -176.2899932861328, -148.97000122070312, -228.67999267578125, -11.880000114440918, -110.88999938964844, -22.040000915527344, -25.8700008392334, -108.27999877929688, -18.43000030517578], "y_true_oi": [-15.5600004196167, -110.08999633789062, -20.3700008392334, -11.510000228881836, -103.98999786376953, -20.1299991607666, -154.88999938964844, -326.32000732421875, -220.2899932861328, -8.489999771118164, -179.58999633789062, -162.5399932861328, -6.610000133514404, -8.800000190734863, -141.35000610351562, -8.050000190734863, -24.959999084472656, -11.850000381469727, -6.920000076293945, -126.86000061035156, -129.4600067138672, -297.3299865722656, -16.270000457763672, -140.38999938964844, -83.9000015258789, -305.3699951171875, -7.099999904632568, -99.12000274658203, -7.28000020980835, -137.00999450683594, -277.82000732421875, -235.83999633789062, -302.0199890136719, -8.5, -153.92999267578125, -12.670000076293945, -12.949999809265137, -155.4499969482422, -8.3100004196167], "y_true_disp": [-23.959999084472656, -19.40999984741211, -18.59000015258789, -23.729999542236328, -14.800000190734863, -21.56999969482422, -13.380000114440918, -19.260000228881836, -24.0, -10.699999809265137, -19.170000076293945, -20.670000076293945, -13.550000190734863, -15.020000457763672, -23.350000381469727, -15.15999984741211, -18.899999618530273, -20.229999542236328, -11.739999771118164, -22.559999465942383, -12.779999732971191, -13.5, -29.200000762939453, -15.329999923706055, -10.770000457763672, -19.889999389648438, -11.779999732971191, -17.190000534057617, -13.869999885559082, -20.709999084472656, -11.930000305175781, -14.359999656677246, -21.709999084472656, -12.039999961853027, -17.889999389648438, -20.09000015258789, -23.6200008392334, -28.75, -17.31999969482422], "y_pred_strain": [11.728981971740723, 48.14984893798828, 15.979513168334961, 16.06766700744629, 43.25389862060547, 17.197725296020508, 60.29153060913086, 98.57160949707031, 96.2640380859375, 8.137808799743652, 66.83222198486328, 21.929386138916016, 13.329936981201172, 12.717432022094727, 61.20616912841797, 9.505014419555664, 22.652740478515625, 16.81139373779297, 8.768692016601562, 66.93525695800781, 62.73394012451172, 97.2836685180664, 19.178239822387695, 68.30113983154297, 30.50978660583496, 98.48004913330078, 7.99755859375, 57.174034118652344, 17.57027244567871, 64.77427673339844, 96.72157287597656, 96.50109100341797, 104.71224975585938, 4.2753586769104, 68.39970397949219, 18.807844161987305, 17.729393005371094, 87.89085388183594, 13.487279891967773], "y_pred_Pauli": [60.366310119628906, 166.43612670898438, 60.34543228149414, 42.818321228027344, 157.333984375, 51.39203643798828, 215.87091064453125, 345.0445251464844, 317.77874755859375, 30.000104904174805, 267.60357666015625, 233.2436065673828, 30.641189575195312, 22.55843734741211, 201.6751708984375, 31.421689987182617, 68.9692611694336, 46.38345718383789, 20.901521682739258, 190.05308532714844, 182.9485626220703, 310.4335632324219, 59.57318878173828, 184.93992614746094, 121.7090072631836, 465.75927734375, 27.95002555847168, 145.58763122558594, 31.685951232910156, 216.1622314453125, 318.1961669921875, 289.33660888671875, 450.1277160644531, 35.23052215576172, 224.6051025390625, 45.6417236328125, 52.48509979248047, 261.87890625, 37.36583709716797], "y_pred_elst": [-27.81331443786621, -80.2476806640625, -26.288551330566406, -18.395044326782227, -74.58595275878906, -29.549434661865234, -108.3678207397461, -174.8262176513672, -161.3927459716797, -13.777902603149414, -129.2018280029297, -162.9779510498047, -15.568253517150879, -11.683222770690918, -98.95591735839844, -19.478830337524414, -41.579124450683594, -19.891199111938477, -8.813983917236328, -101.87466430664062, -99.53362274169922, -143.5157928466797, -29.02596664428711, -96.03462982177734, -63.20731735229492, -223.02769470214844, -12.1852388381958, -74.60468292236328, -17.609254837036133, -105.431884765625, -151.33099365234375, -139.81956481933594, -217.15501403808594, -16.613319396972656, -110.47213745117188, -20.589902877807617, -26.549909591674805, -121.86567687988281, -18.143953323364258], "y_pred_oi": [-14.854022026062012, -111.6924057006836, -15.236041069030762, -11.742903709411621, -94.28522491455078, -17.356586456298828, -169.55343627929688, -263.8004455566406, -233.6660919189453, -8.100068092346191, -172.67434692382812, -114.28575897216797, -6.764092445373535, -8.426017761230469, -152.3018341064453, -7.7359843254089355, -22.561302185058594, -12.924358367919922, -6.73007345199585, -130.07164001464844, -136.84075927734375, -274.3563232421875, -18.031476974487305, -137.27984619140625, -80.62797546386719, -305.33984375, -8.7852201461792, -107.4581298828125, -9.572783470153809, -157.9799346923828, -254.2455291748047, -246.95013427734375, -286.2264709472656, -8.613836288452148, -174.02896118164062, -11.808262825012207, -12.277063369750977, -167.46241760253906, -6.657306671142578],