{"arm": "xgb28_delta_family", "family": "qmrxn20_sn2", "fold": 1, "member": 1, "n_train": 149, "n_test": 38, "reaction_ids": ["qmrxn20_sn2_D_D_C_C_A_A", "qmrxn20_sn2_A_C_C_C_B_C", "qmrxn20_sn2_E_E_D_D_A_B", "qmrxn20_sn2_C_E_B_A_A_A", "qmrxn20_sn2_E_C_A_D_A_C", "qmrxn20_sn2_D_A_B_D_A_D", "qmrxn20_sn2_E_C_A_D_A_D", "qmrxn20_sn2_A_D_A_C_A_C", "qmrxn20_sn2_A_A_B_E_B_D", "qmrxn20_sn2_C_A_A_E_B_C", "qmrxn20_sn2_C_A_D_B_B_D", "qmrxn20_sn2_B_E_D_E_B_B", "qmrxn20_sn2_A_D_E_C_B_D", "qmrxn20_sn2_D_A_E_D_B_A", "qmrxn20_sn2_A_A_B_B_C_C", "qmrxn20_sn2_A_E_B_E_A_A", "qmrxn20_sn2_B_A_D_C_C_B", "qmrxn20_sn2_C_A_B_C_C_C", "qmrxn20_sn2_A_C_E_A_B_C", "qmrxn20_sn2_D_D_A_E_B_B", "qmrxn20_sn2_D_A_C_E_C_A", "qmrxn20_sn2_C_A_C_E_A_B", "qmrxn20_sn2_D_A_A_B_A_C", "qmrxn20_sn2_A_E_D_D_B_A", "qmrxn20_sn2_A_A_E_A_B_A", "qmrxn20_sn2_E_C_D_A_A_C", "qmrxn20_sn2_D_D_A_A_B_B", "qmrxn20_sn2_A_A_A_C_A_A", "qmrxn20_sn2_D_A_B_A_A_B", "qmrxn20_sn2_C_A_B_B_C_C", "qmrxn20_sn2_B_A_A_E_C_B", "qmrxn20_sn2_C_A_A_B_B_A", "qmrxn20_sn2_C_C_A_A_B_B", "qmrxn20_sn2_A_D_B_C_C_B", "qmrxn20_sn2_C_E_A_D_A_A", "qmrxn20_sn2_E_A_C_A_A_C", "qmrxn20_sn2_E_C_E_C_B_A", "qmrxn20_sn2_A_A_E_A_B_B"], "y_true_strain": [14.350545883178711, 23.87449836730957, 32.547637939453125, 9.956701278686523, 46.29418182373047, 52.945770263671875, 49.593971252441406, 49.92803955078125, 25.14415168762207, 26.703527450561523, 28.144710540771484, 15.892814636230469, 38.64265060424805, 15.53498363494873, 24.777040481567383, 14.760965347290039, 5.679628372192383, 22.69954490661621, 20.28888511657715, 15.520111083984375, 0.27276208996772766, 35.1494026184082, 51.53466033935547, 9.825142860412598, 11.44133472442627, 44.07672119140625, 17.833419799804688, 18.644893646240234, 29.580408096313477, 25.95624542236328, 10.145522117614746, 2.4020793437957764, 9.53443717956543, 4.938412666320801, 16.414365768432617, 45.24392318725586, 10.02105712890625, 18.12906837463379], "y_true_Pauli": [146.27000427246094, 112.18000030517578, 148.69000244140625, 173.77000427246094, 127.41999816894531, 122.51000213623047, 116.25, 126.36000061035156, 83.87000274658203, 99.19999694824219, 107.83999633789062, 144.8300018310547, 95.4000015258789, 111.19000244140625, 108.0, 129.72999572753906, 129.5399932861328, 110.5199966430664, 88.5, 96.87000274658203, 95.23999786376953, 184.25, 138.08999633789062, 104.94000244140625, 91.12000274658203, 121.80000305175781, 101.20999908447266, 115.58000183105469, 156.5, 115.95999908447266, 110.79000091552734, 144.82000732421875, 139.05999755859375, 122.33000183105469, 166.74000549316406, 116.7300033569336, 166.16000366210938, 102.0999984741211], "y_true_elst": [-124.37999725341797, -88.41000366210938, -108.69999694824219, -144.41000366210938, -89.98999786376953, -83.25, -81.19000244140625, -89.44000244140625, -61.439998626708984, -76.79000091552734, -80.76000213623047, -116.12000274658203, -76.75, -88.88999938964844, -84.9800033569336, -107.12000274658203, -109.06999969482422, -89.2699966430664, -64.83000183105469, -73.55999755859375, -82.4000015258789, -142.2100067138672, -96.38999938964844, -85.83000183105469, -76.69000244140625, -86.08999633789062, -76.41999816894531, -93.66000366210938, -115.45999908447266, -92.05999755859375, -87.44999694824219, -118.91999816894531, -107.20999908447266, -101.62999725341797, -127.97000122070312, -86.06999969482422, -144.41000366210938, -80.58000183105469], "y_true_oi": [-56.939998626708984, -69.54000091552734, -77.94000244140625, -77.33000183105469, -74.08999633789062, -74.04000091552734, -67.52999877929688, -75.30999755859375, -53.4900016784668, -59.720001220703125, -67.05000305175781, -76.94000244140625, -53.56999969482422, -48.34000015258789, -68.38999938964844, -55.4900016784668, -74.41000366210938, -71.79000091552734, -55.25, -50.95000076293945, -41.97999954223633, -108.61000061035156, -83.58000183105469, -45.060001373291016, -43.72999954223633, -70.12000274658203, -52.849998474121094, -57.0, -84.95999908447266, -74.91999816894531, -63.0, -74.02999877929688, -80.7699966430664, -70.5199966430664, -73.08999633789062, -69.05000305175781, -72.30000305175781, -59.619998931884766], "y_true_disp": [-2.430000066757202, -5.739999771118164, -1.940000057220459, -2.25, -4.929999828338623, -5.139999866485596, -5.909999847412109, -4.139999866485596, -4.079999923706055, -4.53000020980835, -5.5, -2.609999895095825, -5.440000057220459, -2.049999952316284, -4.079999923706055, -1.7899999618530273, -2.380000114440918, -4.739999771118164, -3.880000114440918, -2.130000114440918, -1.809999942779541, -2.0, -3.880000114440918, -1.909999966621399, -1.6100000143051147, -4.940000057220459, -2.0299999713897705, -1.350000023841858, -1.899999976158142, -4.590000152587891, -2.069999933242798, -1.909999966621399, -2.1500000953674316, -2.240000009536743, -2.390000104904175, -3.9000000953674316, -2.619999885559082, -1.7100000381469727], "y_pred_strain": [13.701972961425781, 22.75875473022461, 17.94427490234375, 9.846328735351562, 44.055110931396484, 54.709327697753906, 46.43147659301758, 49.40731430053711, 26.715417861938477, 24.000194549560547, 29.212806701660156, 17.207876205444336, 38.342018127441406, 18.315799713134766, 26.92533302307129, 15.114788055419922, 5.169397830963135, 24.725505828857422, 18.43219757080078, 24.04060935974121, 4.117153167724609, 33.60882568359375, 51.56458282470703, 10.8098783493042, 7.565216064453125, 42.08777618408203, 26.31566619873047, 15.220453262329102, 32.91206741333008, 26.998519897460938, 10.337091445922852, 6.982804775238037, 14.43489933013916, 5.747686386108398, 15.260951042175293, 43.673851013183594, 12.868444442749023, 16.947317123413086], "y_pred_Pauli": [140.1552276611328, 111.15325164794922, 147.4652099609375, 188.41036987304688, 123.14220428466797, 124.11264038085938, 114.60954284667969, 127.80783081054688, 80.60737609863281, 94.65892791748047, 99.13966369628906, 147.625, 91.36046600341797, 115.28836059570312, 103.05142974853516, 124.71980285644531, 140.83731079101562, 106.0710678100586, 83.63279724121094, 100.12189483642578, 85.04365539550781, 202.8966522216797, 146.72305297851562, 102.61688995361328, 75.03031158447266, 117.95781707763672, 106.49935150146484, 108.1521224975586, 163.5111846923828, 110.1763687133789, 122.10787963867188, 147.35658264160156, 136.7494659423828, 122.71977996826172, 176.310546875, 116.7953872680664, 184.32431030273438, 104.5451431274414], "y_pred_elst": [-118.51844787597656, -86.87515258789062, -103.09898376464844, -155.0150146484375, -84.77779388427734, -86.6539306640625, -78.83226776123047, -92.38597106933594, -58.60244369506836, -66.6385269165039, -70.40776824951172, -120.58877563476562, -73.22808074951172, -99.60601806640625, -79.48619842529297, -104.73980712890625, -124.33126831054688, -85.38822174072266, -55.89958190917969, -79.87438201904297, -78.71733856201172, -151.8654327392578, -102.65338134765625, -86.84880828857422, -62.070308685302734, -82.36697387695312, -83.05404663085938, -81.09930419921875, -117.53351593017578, -86.24201965332031, -106.16242218017578, -124.06349182128906, -110.29850006103516, -107.001220703125, -133.3190155029297, -84.0828628540039, -163.99583435058594, -74.48915100097656], "y_pred_oi": [-54.44894027709961, -68.9704818725586, -80.28058624267578, -82.42864990234375, -75.48785400390625, -68.83423614501953, -66.45025634765625, -74.29562377929688, -53.00908279418945, -62.946189880371094, -68.49339294433594, -75.49629974365234, -50.30146408081055, -47.84809494018555, -67.6346435546875, -49.547733306884766, -72.40636444091797, -70.30912780761719, -56.32114791870117, -51.200035095214844, -37.82789993286133, -115.83177947998047, -87.40409088134766, -47.1170768737793, -43.337284088134766, -69.10970306396484, -53.298683166503906, -59.153968811035156, -89.90283203125, -73.88571166992188, -62.26426315307617, -68.5668716430664, -82.36740112304688, -63.31795120239258, -79.13863372802734, -69.48043060302734, -66.3785629272461, -61.445655822753906],