{"arm": "xgb28_delta_family", "family": "qmrxn20_sn2", "fold": 1, "member": 2, "n_train": 149, "n_test": 38, "reaction_ids": ["qmrxn20_sn2_D_D_C_C_A_A", "qmrxn20_sn2_A_C_C_C_B_C", "qmrxn20_sn2_E_E_D_D_A_B", "qmrxn20_sn2_C_E_B_A_A_A", "qmrxn20_sn2_E_C_A_D_A_C", "qmrxn20_sn2_D_A_B_D_A_D", "qmrxn20_sn2_E_C_A_D_A_D", "qmrxn20_sn2_A_D_A_C_A_C", "qmrxn20_sn2_A_A_B_E_B_D", "qmrxn20_sn2_C_A_A_E_B_C", "qmrxn20_sn2_C_A_D_B_B_D", "qmrxn20_sn2_B_E_D_E_B_B", "qmrxn20_sn2_A_D_E_C_B_D", "qmrxn20_sn2_D_A_E_D_B_A", "qmrxn20_sn2_A_A_B_B_C_C", "qmrxn20_sn2_A_E_B_E_A_A", "qmrxn20_sn2_B_A_D_C_C_B", "qmrxn20_sn2_C_A_B_C_C_C", "qmrxn20_sn2_A_C_E_A_B_C", "qmrxn20_sn2_D_D_A_E_B_B", "qmrxn20_sn2_D_A_C_E_C_A", "qmrxn20_sn2_C_A_C_E_A_B", "qmrxn20_sn2_D_A_A_B_A_C", "qmrxn20_sn2_A_E_D_D_B_A", "qmrxn20_sn2_A_A_E_A_B_A", "qmrxn20_sn2_E_C_D_A_A_C", "qmrxn20_sn2_D_D_A_A_B_B", "qmrxn20_sn2_A_A_A_C_A_A", "qmrxn20_sn2_D_A_B_A_A_B", "qmrxn20_sn2_C_A_B_B_C_C", "qmrxn20_sn2_B_A_A_E_C_B", "qmrxn20_sn2_C_A_A_B_B_A", "qmrxn20_sn2_C_C_A_A_B_B", "qmrxn20_sn2_A_D_B_C_C_B", "qmrxn20_sn2_C_E_A_D_A_A", "qmrxn20_sn2_E_A_C_A_A_C", "qmrxn20_sn2_E_C_E_C_B_A", "qmrxn20_sn2_A_A_E_A_B_B"], "y_true_strain": [14.350545883178711, 23.87449836730957, 32.547637939453125, 9.956701278686523, 46.29418182373047, 52.945770263671875, 49.593971252441406, 49.92803955078125, 25.14415168762207, 26.703527450561523, 28.144710540771484, 15.892814636230469, 38.64265060424805, 15.53498363494873, 24.777040481567383, 14.760965347290039, 5.679628372192383, 22.69954490661621, 20.28888511657715, 15.520111083984375, 0.27276208996772766, 35.1494026184082, 51.53466033935547, 9.825142860412598, 11.44133472442627, 44.07672119140625, 17.833419799804688, 18.644893646240234, 29.580408096313477, 25.95624542236328, 10.145522117614746, 2.4020793437957764, 9.53443717956543, 4.938412666320801, 16.414365768432617, 45.24392318725586, 10.02105712890625, 18.12906837463379], "y_true_Pauli": [146.27000427246094, 112.18000030517578, 148.69000244140625, 173.77000427246094, 127.41999816894531, 122.51000213623047, 116.25, 126.36000061035156, 83.87000274658203, 99.19999694824219, 107.83999633789062, 144.8300018310547, 95.4000015258789, 111.19000244140625, 108.0, 129.72999572753906, 129.5399932861328, 110.5199966430664, 88.5, 96.87000274658203, 95.23999786376953, 184.25, 138.08999633789062, 104.94000244140625, 91.12000274658203, 121.80000305175781, 101.20999908447266, 115.58000183105469, 156.5, 115.95999908447266, 110.79000091552734, 144.82000732421875, 139.05999755859375, 122.33000183105469, 166.74000549316406, 116.7300033569336, 166.16000366210938, 102.0999984741211], "y_true_elst": [-124.37999725341797, -88.41000366210938, -108.69999694824219, -144.41000366210938, -89.98999786376953, -83.25, -81.19000244140625, -89.44000244140625, -61.439998626708984, -76.79000091552734, -80.76000213623047, -116.12000274658203, -76.75, -88.88999938964844, -84.9800033569336, -107.12000274658203, -109.06999969482422, -89.2699966430664, -64.83000183105469, -73.55999755859375, -82.4000015258789, -142.2100067138672, -96.38999938964844, -85.83000183105469, -76.69000244140625, -86.08999633789062, -76.41999816894531, -93.66000366210938, -115.45999908447266, -92.05999755859375, -87.44999694824219, -118.91999816894531, -107.20999908447266, -101.62999725341797, -127.97000122070312, -86.06999969482422, -144.41000366210938, -80.58000183105469], "y_true_oi": [-56.939998626708984, -69.54000091552734, -77.94000244140625, -77.33000183105469, -74.08999633789062, -74.04000091552734, -67.52999877929688, -75.30999755859375, -53.4900016784668, -59.720001220703125, -67.05000305175781, -76.94000244140625, -53.56999969482422, -48.34000015258789, -68.38999938964844, -55.4900016784668, -74.41000366210938, -71.79000091552734, -55.25, -50.95000076293945, -41.97999954223633, -108.61000061035156, -83.58000183105469, -45.060001373291016, -43.72999954223633, -70.12000274658203, -52.849998474121094, -57.0, -84.95999908447266, -74.91999816894531, -63.0, -74.02999877929688, -80.7699966430664, -70.5199966430664, -73.08999633789062, -69.05000305175781, -72.30000305175781, -59.619998931884766], "y_true_disp": [-2.430000066757202, -5.739999771118164, -1.940000057220459, -2.25, -4.929999828338623, -5.139999866485596, -5.909999847412109, -4.139999866485596, -4.079999923706055, -4.53000020980835, -5.5, -2.609999895095825, -5.440000057220459, -2.049999952316284, -4.079999923706055, -1.7899999618530273, -2.380000114440918, -4.739999771118164, -3.880000114440918, -2.130000114440918, -1.809999942779541, -2.0, -3.880000114440918, -1.909999966621399, -1.6100000143051147, -4.940000057220459, -2.0299999713897705, -1.350000023841858, -1.899999976158142, -4.590000152587891, -2.069999933242798, -1.909999966621399, -2.1500000953674316, -2.240000009536743, -2.390000104904175, -3.9000000953674316, -2.619999885559082, -1.7100000381469727], "y_pred_strain": [13.341390609741211, 24.225284576416016, 18.76774787902832, 8.319933891296387, 44.77302169799805, 52.290889739990234, 47.68155288696289, 49.67374801635742, 27.404525756835938, 25.120624542236328, 29.54733657836914, 14.666790962219238, 37.70015335083008, 18.21422576904297, 26.062034606933594, 13.947981834411621, 3.6210317611694336, 24.73542022705078, 19.61201286315918, 21.24549102783203, 4.91404390335083, 31.995121002197266, 51.257747650146484, 13.270779609680176, 8.401351928710938, 43.05181121826172, 24.80268669128418, 15.035223960876465, 31.780284881591797, 26.671558380126953, 9.076498031616211, 6.8841376304626465, 12.932896614074707, 4.772933483123779, 19.395586013793945, 43.678585052490234, 12.715627670288086, 15.428572654724121], "y_pred_Pauli": [138.05697631835938, 114.14080047607422, 151.66293334960938, 172.3964080810547, 124.8858413696289, 124.15950012207031, 113.88267517089844, 129.55650329589844, 83.49468994140625, 94.86270904541016, 106.63201141357422, 141.07997131347656, 97.40359497070312, 115.5975570678711, 100.79280090332031, 133.94696044921875, 140.00892639160156, 104.78598022460938, 84.49493408203125, 93.80623626708984, 105.1212387084961, 195.01181030273438, 141.99183654785156, 107.66922760009766, 88.0444107055664, 117.49262237548828, 94.4794692993164, 110.67068481445312, 155.37469482421875, 112.87554168701172, 123.41189575195312, 146.50390625, 140.38180541992188, 122.96867370605469, 174.7613983154297, 114.83999633789062, 191.32135009765625, 104.31351470947266], "y_pred_elst": [-117.19891357421875, -91.30054473876953, -107.26619720458984, -144.52296447753906, -86.91584014892578, -82.47520446777344, -80.11669921875, -94.1916275024414, -62.21217346191406, -68.78307342529297, -75.61956787109375, -113.97076416015625, -76.7254867553711, -100.63021087646484, -77.59175872802734, -108.16558837890625, -122.93083190917969, -86.05204010009766, -58.48633575439453, -72.57573699951172, -92.72211456298828, -143.51901245117188, -100.21792602539062, -94.85904693603516, -73.45635986328125, -83.55110931396484, -73.4765853881836, -79.03596496582031, -111.81866455078125, -87.69580078125, -106.72317504882812, -124.04802703857422, -108.6462173461914, -106.23466491699219, -138.4296875, -82.7518081665039, -169.03399658203125, -71.20820617675781], "y_pred_oi": [-54.5231819152832, -67.45476531982422, -80.97149658203125, -77.142333984375, -75.18567657470703, -73.25971984863281, -64.41863250732422, -75.11860656738281, -51.80222702026367, -59.59196853637695, -70.63188934326172, -75.50911712646484, -53.82038497924805, -47.80833053588867, -65.84842681884766, -56.809814453125, -73.55352783203125, -67.50648498535156, -53.278865814208984, -51.842830657958984, -45.93351364135742, -115.10128021240234, -85.33414459228516, -44.159759521484375, -45.70197296142578, -67.29691314697266, -50.746543884277344, -61.741729736328125, -87.51278686523438, -74.63780212402344, -64.152099609375, -67.5229721069336, -87.95169067382812, -64.76959228515625, -72.57609558105469, -68.47503662109375, -70.99605560302734, -63.1424560546875],