{"arm": "xgb28_delta_family", "family": "qmrxn20_sn2", "fold": 1, "member": 4, "n_train": 149, "n_test": 38, "reaction_ids": ["qmrxn20_sn2_D_D_C_C_A_A", "qmrxn20_sn2_A_C_C_C_B_C", "qmrxn20_sn2_E_E_D_D_A_B", "qmrxn20_sn2_C_E_B_A_A_A", "qmrxn20_sn2_E_C_A_D_A_C", "qmrxn20_sn2_D_A_B_D_A_D", "qmrxn20_sn2_E_C_A_D_A_D", "qmrxn20_sn2_A_D_A_C_A_C", "qmrxn20_sn2_A_A_B_E_B_D", "qmrxn20_sn2_C_A_A_E_B_C", "qmrxn20_sn2_C_A_D_B_B_D", "qmrxn20_sn2_B_E_D_E_B_B", "qmrxn20_sn2_A_D_E_C_B_D", "qmrxn20_sn2_D_A_E_D_B_A", "qmrxn20_sn2_A_A_B_B_C_C", "qmrxn20_sn2_A_E_B_E_A_A", "qmrxn20_sn2_B_A_D_C_C_B", "qmrxn20_sn2_C_A_B_C_C_C", "qmrxn20_sn2_A_C_E_A_B_C", "qmrxn20_sn2_D_D_A_E_B_B", "qmrxn20_sn2_D_A_C_E_C_A", "qmrxn20_sn2_C_A_C_E_A_B", "qmrxn20_sn2_D_A_A_B_A_C", "qmrxn20_sn2_A_E_D_D_B_A", "qmrxn20_sn2_A_A_E_A_B_A", "qmrxn20_sn2_E_C_D_A_A_C", "qmrxn20_sn2_D_D_A_A_B_B", "qmrxn20_sn2_A_A_A_C_A_A", "qmrxn20_sn2_D_A_B_A_A_B", "qmrxn20_sn2_C_A_B_B_C_C", "qmrxn20_sn2_B_A_A_E_C_B", "qmrxn20_sn2_C_A_A_B_B_A", "qmrxn20_sn2_C_C_A_A_B_B", "qmrxn20_sn2_A_D_B_C_C_B", "qmrxn20_sn2_C_E_A_D_A_A", "qmrxn20_sn2_E_A_C_A_A_C", "qmrxn20_sn2_E_C_E_C_B_A", "qmrxn20_sn2_A_A_E_A_B_B"], "y_true_strain": [14.350545883178711, 23.87449836730957, 32.547637939453125, 9.956701278686523, 46.29418182373047, 52.945770263671875, 49.593971252441406, 49.92803955078125, 25.14415168762207, 26.703527450561523, 28.144710540771484, 15.892814636230469, 38.64265060424805, 15.53498363494873, 24.777040481567383, 14.760965347290039, 5.679628372192383, 22.69954490661621, 20.28888511657715, 15.520111083984375, 0.27276208996772766, 35.1494026184082, 51.53466033935547, 9.825142860412598, 11.44133472442627, 44.07672119140625, 17.833419799804688, 18.644893646240234, 29.580408096313477, 25.95624542236328, 10.145522117614746, 2.4020793437957764, 9.53443717956543, 4.938412666320801, 16.414365768432617, 45.24392318725586, 10.02105712890625, 18.12906837463379], "y_true_Pauli": [146.27000427246094, 112.18000030517578, 148.69000244140625, 173.77000427246094, 127.41999816894531, 122.51000213623047, 116.25, 126.36000061035156, 83.87000274658203, 99.19999694824219, 107.83999633789062, 144.8300018310547, 95.4000015258789, 111.19000244140625, 108.0, 129.72999572753906, 129.5399932861328, 110.5199966430664, 88.5, 96.87000274658203, 95.23999786376953, 184.25, 138.08999633789062, 104.94000244140625, 91.12000274658203, 121.80000305175781, 101.20999908447266, 115.58000183105469, 156.5, 115.95999908447266, 110.79000091552734, 144.82000732421875, 139.05999755859375, 122.33000183105469, 166.74000549316406, 116.7300033569336, 166.16000366210938, 102.0999984741211], "y_true_elst": [-124.37999725341797, -88.41000366210938, -108.69999694824219, -144.41000366210938, -89.98999786376953, -83.25, -81.19000244140625, -89.44000244140625, -61.439998626708984, -76.79000091552734, -80.76000213623047, -116.12000274658203, -76.75, -88.88999938964844, -84.9800033569336, -107.12000274658203, -109.06999969482422, -89.2699966430664, -64.83000183105469, -73.55999755859375, -82.4000015258789, -142.2100067138672, -96.38999938964844, -85.83000183105469, -76.69000244140625, -86.08999633789062, -76.41999816894531, -93.66000366210938, -115.45999908447266, -92.05999755859375, -87.44999694824219, -118.91999816894531, -107.20999908447266, -101.62999725341797, -127.97000122070312, -86.06999969482422, -144.41000366210938, -80.58000183105469], "y_true_oi": [-56.939998626708984, -69.54000091552734, -77.94000244140625, -77.33000183105469, -74.08999633789062, -74.04000091552734, -67.52999877929688, -75.30999755859375, -53.4900016784668, -59.720001220703125, -67.05000305175781, -76.94000244140625, -53.56999969482422, -48.34000015258789, -68.38999938964844, -55.4900016784668, -74.41000366210938, -71.79000091552734, -55.25, -50.95000076293945, -41.97999954223633, -108.61000061035156, -83.58000183105469, -45.060001373291016, -43.72999954223633, -70.12000274658203, -52.849998474121094, -57.0, -84.95999908447266, -74.91999816894531, -63.0, -74.02999877929688, -80.7699966430664, -70.5199966430664, -73.08999633789062, -69.05000305175781, -72.30000305175781, -59.619998931884766], "y_true_disp": [-2.430000066757202, -5.739999771118164, -1.940000057220459, -2.25, -4.929999828338623, -5.139999866485596, -5.909999847412109, -4.139999866485596, -4.079999923706055, -4.53000020980835, -5.5, -2.609999895095825, -5.440000057220459, -2.049999952316284, -4.079999923706055, -1.7899999618530273, -2.380000114440918, -4.739999771118164, -3.880000114440918, -2.130000114440918, -1.809999942779541, -2.0, -3.880000114440918, -1.909999966621399, -1.6100000143051147, -4.940000057220459, -2.0299999713897705, -1.350000023841858, -1.899999976158142, -4.590000152587891, -2.069999933242798, -1.909999966621399, -2.1500000953674316, -2.240000009536743, -2.390000104904175, -3.9000000953674316, -2.619999885559082, -1.7100000381469727], "y_pred_strain": [11.502732276916504, 23.947097778320312, 17.532207489013672, 7.034402370452881, 44.09605407714844, 53.23686981201172, 45.94547653198242, 47.65517807006836, 28.533735275268555, 27.009998321533203, 31.19664192199707, 14.61734676361084, 37.129249572753906, 17.576271057128906, 28.427305221557617, 13.952654838562012, 4.432293891906738, 25.953737258911133, 21.464336395263672, 22.265827178955078, 5.035180568695068, 33.65643310546875, 50.627296447753906, 12.61130428314209, 10.324320793151855, 42.03355026245117, 23.604480743408203, 18.29446029663086, 31.831897735595703, 28.455989837646484, 8.639300346374512, 7.261251449584961, 13.586307525634766, 3.7999706268310547, 14.465815544128418, 43.424320220947266, 9.09689712524414, 18.23248863220215], "y_pred_Pauli": [134.3426055908203, 114.46870422363281, 148.89730834960938, 166.9857940673828, 122.5057601928711, 123.59185028076172, 112.44139099121094, 125.27198791503906, 90.52058410644531, 102.4135513305664, 110.29996490478516, 147.5693817138672, 96.04877471923828, 113.05838775634766, 114.18608093261719, 122.64518737792969, 140.9301300048828, 114.82780456542969, 91.42693328857422, 99.7993392944336, 99.86122131347656, 185.59274291992188, 137.90957641601562, 107.62348175048828, 96.49532318115234, 116.24677276611328, 97.47010803222656, 115.51913452148438, 152.4845428466797, 119.378662109375, 124.6977310180664, 146.21368408203125, 134.81646728515625, 125.26958465576172, 165.83087158203125, 114.47731018066406, 168.31338500976562, 114.98542785644531], "y_pred_elst": [-112.39691162109375, -90.87623596191406, -103.65071105957031, -139.63084411621094, -84.71882629394531, -85.14046478271484, -77.0274658203125, -89.1083984375, -68.38790130615234, -76.93395233154297, -81.59170532226562, -117.4504165649414, -75.13175201416016, -98.06954193115234, -89.7782974243164, -102.73382568359375, -125.0835189819336, -93.48648071289062, -66.2663803100586, -77.48072814941406, -91.20852661132812, -144.43504333496094, -97.10482788085938, -93.54743194580078, -82.16958618164062, -81.55065155029297, -73.69918823242188, -91.54420471191406, -110.33920288085938, -95.0518798828125, -106.7836685180664, -124.54055786132812, -107.7081298828125, -106.46652221679688, -127.18863677978516, -82.65308380126953, -149.42616271972656, -83.98835754394531], "y_pred_oi": [-55.39262390136719, -68.37799835205078, -81.65471649169922, -76.30443572998047, -74.93836212158203, -70.69036102294922, -66.17438507080078, -75.72937774658203, -54.14620590209961, -60.658504486083984, -69.5963134765625, -79.70549011230469, -54.08307647705078, -47.711814880371094, -69.77188110351562, -50.27705764770508, -72.73192596435547, -71.93375396728516, -54.001426696777344, -54.08430099487305, -42.140865325927734, -104.88836669921875, -84.10554504394531, -45.73948287963867, -47.279945373535156, -68.17384338378906, -54.189849853515625, -56.3013801574707, -85.8988037109375, -75.27945709228516, -65.71372985839844, -67.02730560302734, -83.19522094726562, -67.49465942382812, -74.55802917480469, -68.59732818603516, -65.5714340209961, -63.61600112915039],