{"arm": "xgb28_delta_family", "family": "qmrxn20_sn2", "fold": 1, "member": 0, "n_train": 149, "n_test": 38, "reaction_ids": ["qmrxn20_sn2_D_D_C_C_A_A", "qmrxn20_sn2_A_C_C_C_B_C", "qmrxn20_sn2_E_E_D_D_A_B", "qmrxn20_sn2_C_E_B_A_A_A", "qmrxn20_sn2_E_C_A_D_A_C", "qmrxn20_sn2_D_A_B_D_A_D", "qmrxn20_sn2_E_C_A_D_A_D", "qmrxn20_sn2_A_D_A_C_A_C", "qmrxn20_sn2_A_A_B_E_B_D", "qmrxn20_sn2_C_A_A_E_B_C", "qmrxn20_sn2_C_A_D_B_B_D", "qmrxn20_sn2_B_E_D_E_B_B", "qmrxn20_sn2_A_D_E_C_B_D", "qmrxn20_sn2_D_A_E_D_B_A", "qmrxn20_sn2_A_A_B_B_C_C", "qmrxn20_sn2_A_E_B_E_A_A", "qmrxn20_sn2_B_A_D_C_C_B", "qmrxn20_sn2_C_A_B_C_C_C", "qmrxn20_sn2_A_C_E_A_B_C", "qmrxn20_sn2_D_D_A_E_B_B", "qmrxn20_sn2_D_A_C_E_C_A", "qmrxn20_sn2_C_A_C_E_A_B", "qmrxn20_sn2_D_A_A_B_A_C", "qmrxn20_sn2_A_E_D_D_B_A", "qmrxn20_sn2_A_A_E_A_B_A", "qmrxn20_sn2_E_C_D_A_A_C", "qmrxn20_sn2_D_D_A_A_B_B", "qmrxn20_sn2_A_A_A_C_A_A", "qmrxn20_sn2_D_A_B_A_A_B", "qmrxn20_sn2_C_A_B_B_C_C", "qmrxn20_sn2_B_A_A_E_C_B", "qmrxn20_sn2_C_A_A_B_B_A", "qmrxn20_sn2_C_C_A_A_B_B", "qmrxn20_sn2_A_D_B_C_C_B", "qmrxn20_sn2_C_E_A_D_A_A", "qmrxn20_sn2_E_A_C_A_A_C", "qmrxn20_sn2_E_C_E_C_B_A", "qmrxn20_sn2_A_A_E_A_B_B"], "y_true_strain": [14.350545883178711, 23.87449836730957, 32.547637939453125, 9.956701278686523, 46.29418182373047, 52.945770263671875, 49.593971252441406, 49.92803955078125, 25.14415168762207, 26.703527450561523, 28.144710540771484, 15.892814636230469, 38.64265060424805, 15.53498363494873, 24.777040481567383, 14.760965347290039, 5.679628372192383, 22.69954490661621, 20.28888511657715, 15.520111083984375, 0.27276208996772766, 35.1494026184082, 51.53466033935547, 9.825142860412598, 11.44133472442627, 44.07672119140625, 17.833419799804688, 18.644893646240234, 29.580408096313477, 25.95624542236328, 10.145522117614746, 2.4020793437957764, 9.53443717956543, 4.938412666320801, 16.414365768432617, 45.24392318725586, 10.02105712890625, 18.12906837463379], "y_true_Pauli": [146.27000427246094, 112.18000030517578, 148.69000244140625, 173.77000427246094, 127.41999816894531, 122.51000213623047, 116.25, 126.36000061035156, 83.87000274658203, 99.19999694824219, 107.83999633789062, 144.8300018310547, 95.4000015258789, 111.19000244140625, 108.0, 129.72999572753906, 129.5399932861328, 110.5199966430664, 88.5, 96.87000274658203, 95.23999786376953, 184.25, 138.08999633789062, 104.94000244140625, 91.12000274658203, 121.80000305175781, 101.20999908447266, 115.58000183105469, 156.5, 115.95999908447266, 110.79000091552734, 144.82000732421875, 139.05999755859375, 122.33000183105469, 166.74000549316406, 116.7300033569336, 166.16000366210938, 102.0999984741211], "y_true_elst": [-124.37999725341797, -88.41000366210938, -108.69999694824219, -144.41000366210938, -89.98999786376953, -83.25, -81.19000244140625, -89.44000244140625, -61.439998626708984, -76.79000091552734, -80.76000213623047, -116.12000274658203, -76.75, -88.88999938964844, -84.9800033569336, -107.12000274658203, -109.06999969482422, -89.2699966430664, -64.83000183105469, -73.55999755859375, -82.4000015258789, -142.2100067138672, -96.38999938964844, -85.83000183105469, -76.69000244140625, -86.08999633789062, -76.41999816894531, -93.66000366210938, -115.45999908447266, -92.05999755859375, -87.44999694824219, -118.91999816894531, -107.20999908447266, -101.62999725341797, -127.97000122070312, -86.06999969482422, -144.41000366210938, -80.58000183105469], "y_true_oi": [-56.939998626708984, -69.54000091552734, -77.94000244140625, -77.33000183105469, -74.08999633789062, -74.04000091552734, -67.52999877929688, -75.30999755859375, -53.4900016784668, -59.720001220703125, -67.05000305175781, -76.94000244140625, -53.56999969482422, -48.34000015258789, -68.38999938964844, -55.4900016784668, -74.41000366210938, -71.79000091552734, -55.25, -50.95000076293945, -41.97999954223633, -108.61000061035156, -83.58000183105469, -45.060001373291016, -43.72999954223633, -70.12000274658203, -52.849998474121094, -57.0, -84.95999908447266, -74.91999816894531, -63.0, -74.02999877929688, -80.7699966430664, -70.5199966430664, -73.08999633789062, -69.05000305175781, -72.30000305175781, -59.619998931884766], "y_true_disp": [-2.430000066757202, -5.739999771118164, -1.940000057220459, -2.25, -4.929999828338623, -5.139999866485596, -5.909999847412109, -4.139999866485596, -4.079999923706055, -4.53000020980835, -5.5, -2.609999895095825, -5.440000057220459, -2.049999952316284, -4.079999923706055, -1.7899999618530273, -2.380000114440918, -4.739999771118164, -3.880000114440918, -2.130000114440918, -1.809999942779541, -2.0, -3.880000114440918, -1.909999966621399, -1.6100000143051147, -4.940000057220459, -2.0299999713897705, -1.350000023841858, -1.899999976158142, -4.590000152587891, -2.069999933242798, -1.909999966621399, -2.1500000953674316, -2.240000009536743, -2.390000104904175, -3.9000000953674316, -2.619999885559082, -1.7100000381469727], "y_pred_strain": [14.8029146194458, 23.56119728088379, 21.205120086669922, 8.990467071533203, 44.22560501098633, 53.02822494506836, 46.670345306396484, 50.67557907104492, 25.063880920410156, 27.43919563293457, 28.38465118408203, 17.579572677612305, 38.0707893371582, 18.43653678894043, 27.298933029174805, 14.88485050201416, 1.7914361953735352, 22.865707397460938, 21.99793815612793, 21.322460174560547, 2.551521062850952, 33.075435638427734, 52.64870834350586, 11.591731071472168, 9.979342460632324, 42.85778045654297, 22.62809181213379, 15.998640060424805, 31.40570640563965, 26.44158363342285, 5.153040885925293, 6.397632598876953, 13.662805557250977, 2.1127166748046875, 17.724010467529297, 43.410240173339844, 16.452098846435547, 16.985870361328125], "y_pred_Pauli": [142.70887756347656, 113.25199127197266, 159.38929748535156, 173.91873168945312, 121.75828552246094, 121.70564270019531, 114.63995361328125, 130.6555633544922, 76.20361328125, 106.32779693603516, 98.97660064697266, 151.22105407714844, 93.88365936279297, 115.18736267089844, 105.74745178222656, 125.96031951904297, 127.58323669433594, 101.02122497558594, 95.63599395751953, 97.64157104492188, 90.54064178466797, 185.61834716796875, 143.43612670898438, 103.11662292480469, 94.39469146728516, 118.54034423828125, 90.183349609375, 110.40556335449219, 150.5079803466797, 107.96614074707031, 114.45435333251953, 143.89889526367188, 135.19020080566406, 111.59498596191406, 175.86558532714844, 115.20311737060547, 184.6504364013672, 105.8104248046875], "y_pred_elst": [-120.04987335205078, -89.59015655517578, -112.8861083984375, -145.14358520507812, -83.71755981445312, -82.9819564819336, -78.65496063232422, -94.65764617919922, -53.383872985839844, -79.2424545288086, -69.72911834716797, -121.42293548583984, -73.88017272949219, -99.39492797851562, -81.94096374511719, -104.96514892578125, -111.7558364868164, -79.30664825439453, -68.84786224365234, -74.54280853271484, -81.28536987304688, -143.6013641357422, -101.9188461303711, -88.51105499267578, -79.09436798095703, -83.3875961303711, -67.00061798095703, -84.88433837890625, -108.2476577758789, -83.96609497070312, -94.90898132324219, -121.37344360351562, -107.86817932128906, -93.82274627685547, -135.75401306152344, -83.00121307373047, -164.84129333496094, -75.150634765625], "y_pred_oi": [-57.668731689453125, -68.15424346923828, -85.10494232177734, -79.43580627441406, -74.91714477539062, -70.46015167236328, -67.23993682861328, -76.14837646484375, -51.73405456542969, -63.623870849609375, -67.68751525878906, -79.42402648925781, -51.97935104370117, -48.99464797973633, -66.80854797363281, -52.236839294433594, -69.4927978515625, -69.17430877685547, -57.04789733886719, -54.63142776489258, -40.80115509033203, -106.07515716552734, -85.92996978759766, -45.29055404663086, -47.87874221801758, -69.09551239013672, -51.543357849121094, -57.357276916503906, -85.51068115234375, -72.04658508300781, -65.69512939453125, -67.59062957763672, -83.47514343261719, -62.64981460571289, -78.26184844970703, -69.21369934082031, -69.2623291015625, -60.78330993652344],