{"arm": "xgb28_delta_family", "family": "qmrxn20_sn2", "fold": 1, "member": 3, "n_train": 149, "n_test": 38, "reaction_ids": ["qmrxn20_sn2_D_D_C_C_A_A", "qmrxn20_sn2_A_C_C_C_B_C", "qmrxn20_sn2_E_E_D_D_A_B", "qmrxn20_sn2_C_E_B_A_A_A", "qmrxn20_sn2_E_C_A_D_A_C", "qmrxn20_sn2_D_A_B_D_A_D", "qmrxn20_sn2_E_C_A_D_A_D", "qmrxn20_sn2_A_D_A_C_A_C", "qmrxn20_sn2_A_A_B_E_B_D", "qmrxn20_sn2_C_A_A_E_B_C", "qmrxn20_sn2_C_A_D_B_B_D", "qmrxn20_sn2_B_E_D_E_B_B", "qmrxn20_sn2_A_D_E_C_B_D", "qmrxn20_sn2_D_A_E_D_B_A", "qmrxn20_sn2_A_A_B_B_C_C", "qmrxn20_sn2_A_E_B_E_A_A", "qmrxn20_sn2_B_A_D_C_C_B", "qmrxn20_sn2_C_A_B_C_C_C", "qmrxn20_sn2_A_C_E_A_B_C", "qmrxn20_sn2_D_D_A_E_B_B", "qmrxn20_sn2_D_A_C_E_C_A", "qmrxn20_sn2_C_A_C_E_A_B", "qmrxn20_sn2_D_A_A_B_A_C", "qmrxn20_sn2_A_E_D_D_B_A", "qmrxn20_sn2_A_A_E_A_B_A", "qmrxn20_sn2_E_C_D_A_A_C", "qmrxn20_sn2_D_D_A_A_B_B", "qmrxn20_sn2_A_A_A_C_A_A", "qmrxn20_sn2_D_A_B_A_A_B", "qmrxn20_sn2_C_A_B_B_C_C", "qmrxn20_sn2_B_A_A_E_C_B", "qmrxn20_sn2_C_A_A_B_B_A", "qmrxn20_sn2_C_C_A_A_B_B", "qmrxn20_sn2_A_D_B_C_C_B", "qmrxn20_sn2_C_E_A_D_A_A", "qmrxn20_sn2_E_A_C_A_A_C", "qmrxn20_sn2_E_C_E_C_B_A", "qmrxn20_sn2_A_A_E_A_B_B"], "y_true_strain": [14.350545883178711, 23.87449836730957, 32.547637939453125, 9.956701278686523, 46.29418182373047, 52.945770263671875, 49.593971252441406, 49.92803955078125, 25.14415168762207, 26.703527450561523, 28.144710540771484, 15.892814636230469, 38.64265060424805, 15.53498363494873, 24.777040481567383, 14.760965347290039, 5.679628372192383, 22.69954490661621, 20.28888511657715, 15.520111083984375, 0.27276208996772766, 35.1494026184082, 51.53466033935547, 9.825142860412598, 11.44133472442627, 44.07672119140625, 17.833419799804688, 18.644893646240234, 29.580408096313477, 25.95624542236328, 10.145522117614746, 2.4020793437957764, 9.53443717956543, 4.938412666320801, 16.414365768432617, 45.24392318725586, 10.02105712890625, 18.12906837463379], "y_true_Pauli": [146.27000427246094, 112.18000030517578, 148.69000244140625, 173.77000427246094, 127.41999816894531, 122.51000213623047, 116.25, 126.36000061035156, 83.87000274658203, 99.19999694824219, 107.83999633789062, 144.8300018310547, 95.4000015258789, 111.19000244140625, 108.0, 129.72999572753906, 129.5399932861328, 110.5199966430664, 88.5, 96.87000274658203, 95.23999786376953, 184.25, 138.08999633789062, 104.94000244140625, 91.12000274658203, 121.80000305175781, 101.20999908447266, 115.58000183105469, 156.5, 115.95999908447266, 110.79000091552734, 144.82000732421875, 139.05999755859375, 122.33000183105469, 166.74000549316406, 116.7300033569336, 166.16000366210938, 102.0999984741211], "y_true_elst": [-124.37999725341797, -88.41000366210938, -108.69999694824219, -144.41000366210938, -89.98999786376953, -83.25, -81.19000244140625, -89.44000244140625, -61.439998626708984, -76.79000091552734, -80.76000213623047, -116.12000274658203, -76.75, -88.88999938964844, -84.9800033569336, -107.12000274658203, -109.06999969482422, -89.2699966430664, -64.83000183105469, -73.55999755859375, -82.4000015258789, -142.2100067138672, -96.38999938964844, -85.83000183105469, -76.69000244140625, -86.08999633789062, -76.41999816894531, -93.66000366210938, -115.45999908447266, -92.05999755859375, -87.44999694824219, -118.91999816894531, -107.20999908447266, -101.62999725341797, -127.97000122070312, -86.06999969482422, -144.41000366210938, -80.58000183105469], "y_true_oi": [-56.939998626708984, -69.54000091552734, -77.94000244140625, -77.33000183105469, -74.08999633789062, -74.04000091552734, -67.52999877929688, -75.30999755859375, -53.4900016784668, -59.720001220703125, -67.05000305175781, -76.94000244140625, -53.56999969482422, -48.34000015258789, -68.38999938964844, -55.4900016784668, -74.41000366210938, -71.79000091552734, -55.25, -50.95000076293945, -41.97999954223633, -108.61000061035156, -83.58000183105469, -45.060001373291016, -43.72999954223633, -70.12000274658203, -52.849998474121094, -57.0, -84.95999908447266, -74.91999816894531, -63.0, -74.02999877929688, -80.7699966430664, -70.5199966430664, -73.08999633789062, -69.05000305175781, -72.30000305175781, -59.619998931884766], "y_true_disp": [-2.430000066757202, -5.739999771118164, -1.940000057220459, -2.25, -4.929999828338623, -5.139999866485596, -5.909999847412109, -4.139999866485596, -4.079999923706055, -4.53000020980835, -5.5, -2.609999895095825, -5.440000057220459, -2.049999952316284, -4.079999923706055, -1.7899999618530273, -2.380000114440918, -4.739999771118164, -3.880000114440918, -2.130000114440918, -1.809999942779541, -2.0, -3.880000114440918, -1.909999966621399, -1.6100000143051147, -4.940000057220459, -2.0299999713897705, -1.350000023841858, -1.899999976158142, -4.590000152587891, -2.069999933242798, -1.909999966621399, -2.1500000953674316, -2.240000009536743, -2.390000104904175, -3.9000000953674316, -2.619999885559082, -1.7100000381469727], "y_pred_strain": [16.206647872924805, 21.645484924316406, 19.405527114868164, 12.351133346557617, 44.423519134521484, 52.1713981628418, 48.199623107910156, 51.973045349121094, 24.771846771240234, 24.823143005371094, 28.846628189086914, 16.18625259399414, 37.21439743041992, 16.434158325195312, 24.996593475341797, 14.04146957397461, 5.817997455596924, 23.312557220458984, 19.301095962524414, 20.01580810546875, 5.5745673179626465, 32.75883865356445, 53.99998474121094, 10.911064147949219, 6.213655948638916, 44.6922607421875, 22.70138168334961, 13.812800407409668, 31.95417022705078, 26.043352127075195, 6.941354751586914, 8.029147148132324, 12.480806350708008, 2.3253307342529297, 19.034526824951172, 44.79313659667969, 10.250408172607422, 14.971360206604004], "y_pred_Pauli": [144.30152893066406, 106.27182006835938, 146.18438720703125, 178.2738494873047, 125.5905990600586, 120.79190063476562, 111.66976928710938, 134.48480224609375, 79.17426300048828, 99.69580841064453, 101.40169525146484, 141.51258850097656, 93.44719696044922, 114.25729370117188, 103.14193725585938, 125.15950775146484, 139.84230041503906, 106.03649139404297, 88.71551513671875, 87.83940124511719, 96.03559875488281, 187.4156951904297, 146.0737762451172, 106.0252914428711, 87.21480560302734, 123.28346252441406, 85.38184356689453, 107.00120544433594, 153.3424072265625, 109.66910552978516, 112.6398696899414, 149.31903076171875, 126.23161315917969, 112.44070434570312, 176.97439575195312, 117.9232177734375, 174.1886749267578, 97.70745086669922], "y_pred_elst": [-121.88484954833984, -83.33247375488281, -103.07477569580078, -150.29473876953125, -86.38677215576172, -81.57318878173828, -77.82501220703125, -97.84455871582031, -57.14448547363281, -72.81722259521484, -73.484130859375, -114.4387435913086, -73.31163024902344, -97.08827209472656, -79.13040161132812, -103.35015106201172, -124.84900665283203, -85.15963745117188, -62.1828727722168, -67.54348754882812, -88.75591278076172, -144.1312713623047, -104.2730484008789, -90.46351623535156, -71.72364044189453, -87.53487396240234, -64.9020004272461, -81.15335845947266, -110.22264862060547, -86.36614227294922, -96.75666046142578, -126.5122299194336, -101.10160827636719, -96.57191467285156, -137.0530242919922, -85.36229705810547, -153.31800842285156, -69.51258087158203], "y_pred_oi": [-56.854896545410156, -67.27328491210938, -78.5367431640625, -78.0938949584961, -77.34979248046875, -72.01260375976562, -64.04524230957031, -77.14457702636719, -53.852294921875, -62.8132438659668, -68.26493835449219, -75.11255645751953, -52.93365478515625, -51.220584869384766, -69.02117156982422, -53.52031707763672, -71.68268585205078, -71.11053466796875, -56.11426544189453, -50.80256271362305, -40.143733978271484, -108.31281280517578, -86.2277603149414, -48.093414306640625, -49.00934600830078, -70.2895278930664, -48.968482971191406, -59.15070343017578, -87.63484954833984, -73.57157897949219, -62.53403854370117, -69.0605239868164, -80.02999114990234, -62.82770538330078, -77.30339050292969, -70.06394958496094, -68.99311065673828, -59.06390380859375],