rxn_id,status,supported,n_atoms,elements,has_new_elements,has_any_halogen
0,ok,True,19,CHN,False,False
1,ok,True,19,CHN,False,False
10,ok,True,23,CHN,False,False
100,ok,True,30,CHNO,False,False
1000,ok,True,41,CClHNO,True,True
1001,ok,True,41,CClHNO,True,True
1002,ok,True,41,CClHNO,True,True
1003,ok,True,41,CClHNO,True,True
1004,ok,True,46,CHO,False,False
1005,ok,True,46,CHO,False,False
1006,ok,True,46,CHO,False,False
1007,ok,True,46,CHO,False,False
1009,ok,True,40,CClHNO,True,True
101,ok,True,30,CHNO,False,False
1010,ok,True,43,CFHNO,False,True
1011,ok,True,43,CFHNO,False,True
1012,ok,True,43,CClHNO,True,True
1013,ok,True,43,CClHNO,True,True
1014,ok,True,44,CHNO,False,False
1015,ok,True,44,CHNO,False,False
1016,ok,True,37,CClHNO,True,True
1018,ok,True,41,CClFHNO,True,True
1019,ok,True,41,CClFHNO,True,True
102,ok,True,30,CHNO,False,False
1020,ok,True,41,CHNO,False,False
1021,ok,True,41,CHNO,False,False
1022,ok,True,41,CHNO,False,False
1023,ok,True,41,CHNO,False,False
1025,ok,True,44,CFHN,False,True
1026,ok,True,37,CFHNO,False,True
1027,ok,True,37,CFHNO,False,True
1028,ok,True,44,CHNO,False,False
1029,ok,True,44,CHNO,False,False
103,ok,True,34,CHNO,False,False
1030,ok,True,43,CClHNO,True,True
1031,ok,True,43,CClHNO,True,True
1032,ok,True,42,CHNO,False,False
1033,ok,True,42,CHNO,False,False
1034,ok,True,42,CHNO,False,False
1035,ok,True,42,CHNO,False,False
1036,ok,True,41,CClHNO,True,True
1037,ok,True,41,CClHNO,True,True
1040,ok,True,35,CClHNO,True,True
1041,ok,True,35,CClHNO,True,True
1042,ok,True,35,CClHNO,True,True
1043,ok,True,35,CClHNO,True,True
1044,ok,True,42,CHNO,False,False
1045,ok,True,42,CHNO,False,False
1046,ok,True,42,CHNO,False,False
1048,ok,True,44,CFHNO,False,True
1049,ok,True,44,CFHNO,False,True
105,ok,True,27,CHNO,False,False
1050,ok,True,42,CFHNO,False,True
1051,ok,True,42,CFHNO,False,True
1052,ok,True,40,CFHNO,False,True
1053,ok,True,40,CFHNO,False,True
1054,ok,True,46,CFHNO,False,True
1055,ok,True,46,CFHNO,False,True
1056,ok,True,41,CFHNO,False,True
1057,ok,True,45,CHNO,False,False
1058,ok,True,45,CHNO,False,False
1059,ok,True,41,CFHNO,False,True
106,ok,True,27,CHNO,False,False
1060,ok,True,41,CFHNO,False,True
1061,ok,True,37,CFHNO,False,True
1062,ok,True,37,CFHNO,False,True
1063,ok,True,37,CFHNO,False,True
1064,ok,True,37,CFHNO,False,True
1065,ok,True,45,CHNO,False,False
1067,ok,True,45,CHNO,False,False
1068,ok,True,45,CHNO,False,False
1069,ok,True,42,CHNO,False,False
107,ok,True,23,CFHNO,False,True
1070,ok,True,42,CHNO,False,False
1071,ok,True,42,CHNO,False,False
1072,ok,True,42,CHNO,False,False
1073,ok,True,40,CHNO,False,False
1074,ok,True,50,CHNO,False,False
1075,ok,True,50,CHNO,False,False
108,ok,True,23,CFHNO,False,True
1080,ok,True,48,CHNO,False,False
1081,ok,True,48,CHNO,False,False
1082,ok,True,48,CClHNO,True,True
1083,ok,True,48,CClHNO,True,True
1084,ok,True,44,CFHNO,False,True
1085,ok,True,44,CFHNO,False,True
1086,ok,True,40,CHNO,False,False
1087,ok,True,40,CHNO,False,False
1088,ok,True,40,CHNO,False,False
1089,ok,True,40,CHNO,False,False
109,ok,True,34,CHNO,False,False
1090,ok,True,46,CHNO,False,False
1092,ok,True,35,CFHNO,False,True
1093,ok,True,35,CFHNO,False,True
1094,ok,True,35,CFHNO,False,True
1095,ok,True,35,CFHNO,False,True
1096,ok,True,45,CHNO,False,False
1097,ok,True,45,CHNO,False,False
1098,ok,True,46,CFHNO,False,True
1099,ok,True,46,CFHNO,False,True
110,ok,True,34,CHNO,False,False
1100,ok,True,46,CFHNO,False,True
1101,ok,True,46,CFHNO,False,True
1105,ok,True,35,CHNO,False,False
1106,ok,True,45,CFHNO,False,True
1107,ok,True,45,CFHNO,False,True
1108,ok,True,33,BrCHNO,True,True
1109,ok,True,33,BrCHNO,True,True
1110,ok,True,38,CFHO,False,True
1111,ok,True,45,CHNO,False,False
1112,ok,True,45,CHNO,False,False
1113,ok,True,32,CClHNO,True,True
1114,ok,True,41,CFHNO,False,True
1115,ok,True,41,CFHNO,False,True
1116,ok,True,46,CHNO,False,False
1117,ok,True,46,CHNO,False,False
1118,ok,True,42,CHNO,False,False
1119,ok,True,37,CClHNO,True,True
112,ok,True,26,CFHNO,False,True
1120,ok,True,37,CClHNO,True,True
1121,ok,True,45,CHNO,False,False
1122,ok,True,45,CHNO,False,False
1123,ok,True,46,CHNO,False,False
1124,ok,True,46,CHNO,False,False
1125,ok,True,28,BrCHNO,True,True
1126,ok,True,28,BrCHNO,True,True
1127,ok,True,31,CFHNO,False,True
1128,ok,True,31,CFHNO,False,True
1129,ok,True,42,CHNO,False,False
113,ok,True,26,CFHNO,False,True
1130,ok,True,42,CHNO,False,False
1131,ok,True,44,CHNO,False,False
1132,ok,True,44,CHNO,False,False
1135,ok,True,48,CHNO,False,False
1136,ok,True,48,CHNO,False,False
1137,ok,True,52,CHN,False,False
1138,ok,True,52,CHN,False,False
1139,ok,True,40,CClHNO,True,True
114,ok,True,29,CFHNO,False,True
1140,ok,True,40,CClHNO,True,True
1141,ok,True,40,CClHNO,True,True
1142,ok,True,40,CClHNO,True,True
1143,ok,True,41,CFHNO,False,True
1144,ok,True,41,CFHNO,False,True
1145,ok,True,42,CHNO,False,False
1146,ok,True,49,CHNO,False,False
1147,ok,True,49,CHNO,False,False
1148,ok,True,39,CClFHNO,True,True
1149,ok,True,39,CClFHNO,True,True
115,ok,True,29,CFHNO,False,True
1150,ok,True,33,BrCHNO,True,True
1151,ok,True,45,CHNO,False,False
1152,ok,True,45,CHNO,False,False
1153,ok,True,45,CHNO,False,False
1154,ok,True,45,CHNO,False,False
1155,ok,True,38,CClFHNO,True,True
1156,ok,True,38,CClFHNO,True,True
1158,ok,True,38,CClFHNO,True,True
1160,ok,True,37,BrCHNO,True,True
1161,ok,True,48,CHNO,False,False
1162,ok,True,48,CHNO,False,False
1163,ok,True,47,CHNO,False,False
1164,ok,True,47,CHNO,False,False
1165,ok,True,47,CHNO,False,False
1166,ok,True,47,CHNO,False,False
1167,ok,True,48,CHNO,False,False
1168,ok,True,48,CHNO,False,False
1169,ok,True,44,CClHNO,True,True
1170,ok,True,44,CClHNO,True,True
1171,ok,True,41,BrCHNO,True,True
1172,ok,True,41,BrCHNO,True,True
1173,ok,True,44,CHNO,False,False
1174,ok,True,44,CHNO,False,False
1175,ok,True,44,CHNO,False,False
1176,ok,True,44,CHNO,False,False
1177,ok,True,46,CFHN,False,True
1178,ok,True,46,CFHN,False,True
1179,ok,True,36,CClHNO,True,True
118,ok,True,24,BrCHO,True,True
1181,ok,True,44,BrCHNO,True,True
1182,ok,True,44,BrCHNO,True,True
1183,ok,True,49,CHNO,False,False
1184,ok,True,49,CHNO,False,False
1185,ok,True,47,CFHNO,False,True
1186,ok,True,47,CFHNO,False,True
1187,ok,True,43,CClHNO,True,True
1188,ok,True,43,CClHNO,True,True
1189,ok,True,43,CClHNO,True,True
1190,ok,True,43,CClHNO,True,True
1191,ok,True,39,CClHNO,True,True
1192,ok,True,39,CClHNO,True,True
1193,ok,True,39,CClHNO,True,True
1194,ok,True,39,CClHNO,True,True
1195,ok,True,46,CFHNO,False,True
1196,ok,True,48,CHNO,False,False
1197,ok,True,43,CHNO,False,False
1198,ok,True,37,BrCHNO,True,True
1199,ok,True,37,BrCHNO,True,True
120,ok,True,36,CFHNO,False,True
1200,ok,True,37,BrCHNO,True,True
1201,ok,True,37,BrCHNO,True,True
1202,ok,True,50,CHN,False,False
1203,ok,True,49,CHNO,False,False
1204,ok,True,49,CHNO,False,False
1205,ok,True,48,CHNO,False,False
1206,ok,True,48,CHNO,False,False
1207,ok,True,48,CHNO,False,False
1208,ok,True,48,CHNO,False,False
1209,ok,True,37,CClHNO,True,True
121,ok,True,36,CFHNO,False,True
1210,ok,True,37,CClHNO,True,True
1211,ok,True,37,CClHNO,True,True
1212,ok,True,37,CClHNO,True,True
1213,ok,True,49,CHNO,False,False
1214,ok,True,49,CHNO,False,False
1215,ok,True,49,CHNO,False,False
1216,ok,True,49,CHNO,False,False
1217,ok,True,55,CHNO,False,False
1218,ok,True,55,CHNO,False,False
1219,ok,True,48,CHNO,False,False
122,ok,True,30,CHNO,False,False
1220,ok,True,48,CHNO,False,False
1221,ok,True,48,CFHNO,False,True
1222,ok,True,48,CFHNO,False,True
1223,ok,True,45,CClFHNO,True,True
1224,ok,True,45,CClFHNO,True,True
1225,ok,True,33,BrCHNO,True,True
1227,ok,True,50,CHNO,False,False
1228,ok,True,40,CFHNO,False,True
1229,ok,True,40,CFHNO,False,True
123,ok,True,30,CHNO,False,False
1230,ok,True,53,CHNO,False,False
1231,ok,True,53,CHNO,False,False
1232,ok,True,39,CFHNO,False,True
1233,ok,True,39,CFHNO,False,True
1234,ok,True,46,CClHNO,True,True
1235,ok,True,46,CClHNO,True,True
1236,ok,True,49,CHNO,False,False
1237,ok,True,49,CHNO,False,False
1238,ok,True,39,CClHNO,True,True
1239,ok,True,39,CClHNO,True,True
124,ok,True,27,CClHNO,True,True
1240,ok,True,45,CClHNO,True,True
1241,ok,True,45,CClHNO,True,True
1242,ok,True,45,CFHNO,False,True
1243,ok,True,44,CFHNO,False,True
1244,ok,True,44,CFHNO,False,True
1245,ok,True,41,BrCHNO,True,True
1246,ok,True,41,BrCHNO,True,True
1247,ok,True,41,CClHNO,True,True
1248,ok,True,41,CClHNO,True,True
1249,ok,True,53,CHNO,False,False
125,ok,True,27,CClHNO,True,True
1250,ok,True,53,CHNO,False,False
1251,ok,True,41,CHNO,False,False
1252,ok,True,44,CFHNO,False,True
1254,ok,True,41,CClHNO,True,True
1256,ok,True,42,CClFHN,True,True
1257,ok,True,52,CHNO,False,False
1258,ok,True,47,CHNO,False,False
1259,ok,True,47,CHNO,False,False
126,ok,True,27,CClHNO,True,True
1260,ok,True,44,CHNO,False,False
1261,ok,True,44,CHNO,False,False
1262,ok,True,48,CHNO,False,False
1263,ok,True,48,CHNO,False,False
1264,ok,True,41,CHNO,False,False
1265,ok,True,48,CFHN,False,True
1266,ok,True,48,CFHN,False,True
1267,ok,True,42,CHNO,False,False
1268,ok,True,42,CHNO,False,False
1269,ok,True,35,BrCHNO,True,True
127,ok,True,27,CClHNO,True,True
1271,ok,True,35,BrCHNO,True,True
1272,ok,True,35,BrCHNO,True,True
1273,ok,True,48,CFHO,False,True
1274,ok,True,48,CFHO,False,True
1275,ok,True,43,CHNO,False,False
1276,ok,True,43,CHNO,False,False
1277,ok,True,43,CHNO,False,False
1278,ok,True,43,CHNO,False,False
1279,ok,True,44,CClHNO,True,True
128,ok,True,33,CHNO,False,False
1280,ok,True,44,CClHNO,True,True
1281,ok,True,46,CHNO,False,False
1282,ok,True,46,CHNO,False,False
1283,ok,True,45,CHNO,False,False
1285,ok,True,45,CHNO,False,False
1287,ok,True,39,CClFHNO,True,True
1288,ok,True,39,CClFHNO,True,True
1289,ok,True,51,CHN,False,False
129,ok,True,33,CHNO,False,False
1290,ok,True,46,CHNO,False,False
1291,ok,True,46,CHNO,False,False
1292,ok,True,38,BrCHNO,True,True
1293,ok,True,38,BrCHNO,True,True
1294,ok,True,38,BrCHNO,True,True
1295,ok,True,38,BrCHNO,True,True
1296,ok,True,49,CHNO,False,False
1297,ok,True,49,CHNO,False,False
1298,ok,True,44,CHNO,False,False
1299,ok,True,44,CHNO,False,False
13,ok,True,24,CHNO,False,False
130,ok,True,29,CHNO,False,False
1300,ok,True,44,CHNO,False,False
1301,ok,True,44,CHNO,False,False
1302,ok,True,48,CHO,False,False
1303,ok,True,48,CHO,False,False
1305,ok,True,48,CHO,False,False
1306,ok,True,52,CHNO,False,False
1308,ok,True,43,CFHNO,False,True
1309,ok,True,43,CFHNO,False,True
131,ok,True,29,CHNO,False,False
1311,ok,True,43,CFHNO,False,True
1312,ok,True,45,CHNO,False,False
1313,ok,True,45,CHNO,False,False
1314,ok,True,45,CHNO,False,False
1315,ok,True,45,CHNO,False,False
1316,ok,True,41,BrCHNO,True,True
1317,ok,True,41,BrCHNO,True,True
132,ok,True,25,CHNO,False,False
1320,ok,True,43,CClHNO,True,True
1321,ok,True,43,CClHNO,True,True
1322,ok,True,43,CHNO,False,False
1323,ok,True,44,CFHNO,False,True
1324,ok,True,44,CFHNO,False,True
1325,ok,True,41,CClHNO,True,True
1326,ok,True,45,CHNO,False,False
1327,ok,True,45,CHNO,False,False
1328,ok,True,38,CFHNO,False,True
1329,ok,True,38,CFHNO,False,True
133,ok,True,25,CHNO,False,False
1330,ok,True,38,CFHNO,False,True
1331,ok,True,38,CFHNO,False,True
1332,ok,True,51,CFHNO,False,True
1333,ok,True,51,CFHNO,False,True
1334,ok,True,46,CHNO,False,False
1335,ok,True,46,CHNO,False,False
1336,ok,True,45,CHNO,False,False
1337,ok,True,45,CHNO,False,False
1339,ok,True,45,CHNO,False,False
134,ok,True,28,CFHNO,False,True
1341,ok,True,43,CFHNO,False,True
1342,ok,True,43,CFHNO,False,True
1343,ok,True,42,CHNO,False,False
1345,ok,True,50,CHNO,False,False
1346,ok,True,50,CHNO,False,False
1347,ok,True,48,CHNO,False,False
1349,ok,True,40,CFHNO,False,True
135,ok,True,28,CFHNO,False,True
1352,ok,True,42,BrCHNO,True,True
1353,ok,True,42,BrCHNO,True,True
1354,ok,True,41,CClHNO,True,True
1355,ok,True,47,CHNO,False,False
1357,ok,True,40,BrCFHNO,True,True
1358,ok,True,40,BrCFHNO,True,True
1359,ok,True,45,CFHNO,False,True
136,ok,True,30,CHNO,False,False
1360,ok,True,45,CFHNO,False,True
1361,ok,True,40,CFHNO,False,True
1362,ok,True,40,CFHNO,False,True
1363,ok,True,40,CFHNO,False,True
1364,ok,True,40,CFHNO,False,True
1365,ok,True,34,CClFHO,True,True
1366,ok,True,34,CClFHO,True,True
1367,ok,True,34,CClFHO,True,True
1368,ok,True,34,CClFHO,True,True
1369,ok,True,44,CClHNO,True,True
137,ok,True,30,CHNO,False,False
1370,ok,True,44,CClHNO,True,True
1371,ok,True,41,BrCHNO,True,True
1372,ok,True,41,BrCHNO,True,True
1373,ok,True,41,CFHNO,False,True
1374,ok,True,41,CFHNO,False,True
1375,ok,True,54,CHNO,False,False
1376,ok,True,50,CHNO,False,False
1378,ok,True,49,CHNO,False,False
1379,ok,True,49,CHNO,False,False
138,ok,True,26,BrCHO,True,True
1381,ok,True,44,CClHNO,True,True
1382,ok,True,45,CFHNO,False,True
1383,ok,True,45,CFHNO,False,True
1384,ok,True,45,CFHNO,False,True
1385,ok,True,45,CFHNO,False,True
1386,ok,True,45,CFHNO,False,True
1388,ok,True,39,CClHNO,True,True
1389,ok,True,39,CClHNO,True,True
139,ok,True,26,BrCHO,True,True
1390,ok,True,49,CHNO,False,False
1391,ok,True,49,CHNO,False,False
1392,ok,True,51,CHNO,False,False
1393,ok,True,51,CHNO,False,False
1396,ok,True,41,CClHNO,True,True
1397,ok,True,41,CClHNO,True,True
1398,ok,True,51,CHNO,False,False
1399,ok,True,51,CHNO,False,False
14,ok,True,24,CHNO,False,False
140,ok,True,36,CHNO,False,False
1400,ok,True,51,CHNO,False,False
1401,ok,True,51,CHNO,False,False
1402,ok,True,34,BrCFHNO,True,True
1403,ok,True,34,BrCFHNO,True,True
1404,ok,True,51,CFHNO,False,True
1405,ok,True,51,CFHNO,False,True
1406,ok,True,46,CHNO,False,False
1407,ok,True,46,CHNO,False,False
1408,ok,True,46,CHNO,False,False
1409,ok,True,46,CHNO,False,False
141,ok,True,36,CHNO,False,False
1410,ok,True,37,BrCFHNO,True,True
1412,ok,True,37,BrCFHNO,True,True
1413,ok,True,37,BrCFHNO,True,True
1414,ok,True,45,CFHNO,False,True
1415,ok,True,40,BrCFHNO,True,True
1416,ok,True,40,BrCFHNO,True,True
1417,ok,True,47,CHNO,False,False
1418,ok,True,47,CHNO,False,False
142,ok,True,33,CHNO,False,False
1420,ok,True,46,CHO,False,False
1423,ok,True,49,CHNO,False,False
1424,ok,True,49,CHNO,False,False
1426,ok,True,33,BrCHNO,True,True
1427,ok,True,49,CHNO,False,False
1428,ok,True,49,CHNO,False,False
1429,ok,True,40,CFHNO,False,True
143,ok,True,33,CHNO,False,False
1430,ok,True,40,CFHNO,False,True
1431,ok,True,52,CHNO,False,False
1432,ok,True,50,CHNO,False,False
1433,ok,True,50,CHNO,False,False
1434,ok,True,51,CHNO,False,False
1435,ok,True,51,CHNO,False,False
1437,ok,True,40,CFHNO,False,True
1438,ok,True,40,CFHNO,False,True
1439,ok,True,40,CFHNO,False,True
144,ok,True,31,CFHNO,False,True
1440,ok,True,40,CFHNO,False,True
1441,ok,True,40,CFHNO,False,True
1442,ok,True,43,CFHNO,False,True
1445,ok,True,43,CFHNO,False,True
1446,ok,True,40,BrCHNO,True,True
1447,ok,True,40,BrCHNO,True,True
1448,ok,True,40,BrCHNO,True,True
1449,ok,True,40,BrCHNO,True,True
145,ok,True,31,CFHNO,False,True
1450,ok,True,42,CClHNO,True,True
1451,ok,True,42,CClHNO,True,True
1452,ok,True,42,CClHNO,True,True
1453,ok,True,42,CClHNO,True,True
1454,ok,True,50,CHNO,False,False
1455,ok,True,50,CHNO,False,False
1456,ok,True,45,CFHNO,False,True
1457,ok,True,45,CFHNO,False,True
1458,ok,True,50,CHNO,False,False
1459,ok,True,50,CHNO,False,False
146,ok,True,33,CHNO,False,False
1460,ok,True,44,CHNO,False,False
1461,ok,True,44,CHNO,False,False
1462,ok,True,47,CHNO,False,False
1463,ok,True,47,CHNO,False,False
1464,ok,True,46,CHNO,False,False
1465,ok,True,46,CHNO,False,False
1466,ok,True,44,CFHNO,False,True
1468,ok,True,44,CFHNO,False,True
1469,ok,True,44,CFHNO,False,True
147,ok,True,28,CHNO,False,False
1470,ok,True,46,CFHNO,False,True
1471,ok,True,46,CFHNO,False,True
1472,ok,True,51,CHNO,False,False
1473,ok,True,51,CHNO,False,False
1474,ok,True,38,BrCHNO,True,True
1475,ok,True,38,BrCHNO,True,True
1476,ok,True,40,CClHNO,True,True
1477,ok,True,40,CClHNO,True,True
1478,ok,True,40,CClHNO,True,True
1479,ok,True,40,CClHNO,True,True
148,ok,True,34,CClHNO,True,True
1480,ok,True,39,CClHNO,True,True
1481,ok,True,41,CClHNO,True,True
1482,ok,True,41,CClHNO,True,True
1484,ok,True,41,CClHNO,True,True
1487,ok,True,53,CHNO,False,False
149,ok,True,34,CClHNO,True,True
1490,ok,True,44,CHNO,False,False
1491,ok,True,44,CHNO,False,False
1492,ok,True,51,CFHNO,False,True
1493,ok,True,51,CFHNO,False,True
1494,ok,True,38,BrCHNO,True,True
1495,ok,True,38,BrCHNO,True,True
1496,ok,True,36,CFHNO,False,True
1497,ok,True,36,CFHNO,False,True
1498,ok,True,39,CClHNO,True,True
1499,ok,True,39,CClHNO,True,True
15,ok,True,24,CHNO,False,False
150,ok,True,30,CFHNO,False,True
1500,ok,True,39,CClHNO,True,True
1501,ok,True,39,CClHNO,True,True
1504,ok,True,46,CHNO,False,False
1505,ok,True,46,CHNO,False,False
1506,ok,True,46,CHNO,False,False
1507,ok,True,46,CHNO,False,False
1508,ok,True,44,BrCHNO,True,True
1509,ok,True,44,BrCHNO,True,True
151,ok,True,30,CFHNO,False,True
1510,ok,True,47,CClHNO,True,True
1511,ok,True,47,CClHNO,True,True
1512,ok,True,46,CHNO,False,False
1513,ok,True,46,CHNO,False,False
1514,ok,True,46,CHNO,False,False
1515,ok,True,46,CHNO,False,False
1516,ok,True,41,CFHNO,False,True
1517,ok,True,41,CFHNO,False,True
1518,ok,True,41,CFHNO,False,True
1519,ok,True,41,CFHNO,False,True
152,ok,True,31,CFHNO,False,True
1520,ok,True,48,CFHNO,False,True
1521,ok,True,48,CFHNO,False,True
1523,ok,True,48,CFHNO,False,True
1524,ok,True,40,BrCHNO,True,True
1526,ok,True,34,BrCClHNO,True,True
1527,ok,True,34,BrCClHNO,True,True
1528,ok,True,48,CClHNO,True,True
1529,ok,True,48,CClHNO,True,True
153,ok,True,31,CFHNO,False,True
1530,ok,True,52,CHNO,False,False
1531,ok,True,52,CHNO,False,False
1534,ok,True,45,CClHNO,True,True
1535,ok,True,45,CClHNO,True,True
1536,ok,True,50,CHNO,False,False
1537,ok,True,49,CHNO,False,False
1538,ok,True,45,CHNO,False,False
1539,ok,True,45,CHNO,False,False
154,ok,True,36,CHNO,False,False
1540,ok,True,47,CHNO,False,False
1541,ok,True,47,CHNO,False,False
1542,ok,True,49,CHNO,False,False
1543,ok,True,49,CHNO,False,False
1544,ok,True,49,CHNO,False,False
1545,ok,True,49,CHNO,False,False
1546,ok,True,48,CFHNO,False,True
1547,ok,True,48,CFHNO,False,True
1549,ok,True,41,BrCHNO,True,True
155,ok,True,33,CHO,False,False
1550,ok,True,41,BrCHNO,True,True
1551,ok,True,41,BrCHNO,True,True
1552,ok,True,51,CHNO,False,False
1553,ok,True,51,CHNO,False,False
1554,ok,True,50,CHNO,False,False
1555,ok,True,50,CHNO,False,False
1556,ok,True,45,CClHNO,True,True
1557,ok,True,45,CClHNO,True,True
1558,ok,True,32,BrCHNO,True,True
1559,ok,True,46,CFHNO,False,True
156,ok,True,33,CHO,False,False
1560,ok,True,52,CFHNO,False,True
1561,ok,True,52,CFHNO,False,True
1562,ok,True,48,CClHNO,True,True
1563,ok,True,48,CClHNO,True,True
1564,ok,True,48,CHNO,False,False
1565,ok,True,48,CHNO,False,False
1566,ok,True,48,CHNO,False,False
1567,ok,True,48,CHNO,False,False
1568,ok,True,45,CClHNO,True,True
1569,ok,True,45,CClHNO,True,True
157,ok,True,25,CClHNO,True,True
1570,ok,True,50,CHNO,False,False
1571,ok,True,50,CHNO,False,False
1572,ok,True,44,CFHNO,False,True
1573,ok,True,44,CFHNO,False,True
1574,ok,True,44,CFHNO,False,True
1575,ok,True,44,CFHNO,False,True
1576,ok,True,47,BrCHNO,True,True
1577,ok,True,47,BrCHNO,True,True
1578,ok,True,40,BrCHNO,True,True
1579,ok,True,40,BrCHNO,True,True
158,ok,True,25,CClHNO,True,True
1580,ok,True,46,CFHNO,False,True
1581,ok,True,46,CFHNO,False,True
1582,ok,True,37,BrCHNO,True,True
1583,ok,True,37,BrCHNO,True,True
1584,ok,True,54,CHNO,False,False
1585,ok,True,46,CFHNO,False,True
1586,ok,True,46,CFHNO,False,True
1587,ok,True,46,CFHNO,False,True
1588,ok,True,46,CFHNO,False,True
1589,ok,True,45,CClHNO,True,True
159,ok,True,30,CClHNO,True,True
1590,ok,True,45,CClHNO,True,True
1591,ok,True,51,CHNO,False,False
1592,ok,True,51,CHNO,False,False
1597,ok,True,53,CHNO,False,False
16,ok,True,24,CHN,False,False
160,ok,True,30,CClHNO,True,True
1600,ok,True,47,CFHNO,False,True
1601,ok,True,52,CHNO,False,False
1602,ok,True,52,CHNO,False,False
1603,ok,True,54,CHNO,False,False
1604,ok,True,54,CHNO,False,False
1605,ok,True,47,CHNO,False,False
1606,ok,True,47,CHNO,False,False
1607,ok,True,47,CHNO,False,False
1608,ok,True,47,CHNO,False,False
1609,ok,True,50,CHNO,False,False
161,ok,True,27,CClHNO,True,True
1611,ok,True,48,CHNO,False,False
1612,ok,True,48,CHNO,False,False
1613,ok,True,48,CHNO,False,False
1614,ok,True,48,CHNO,False,False
1615,ok,True,35,BrCClHNO,True,True
1617,ok,True,35,BrCClHNO,True,True
1619,ok,True,51,CHNO,False,False
1620,ok,True,51,CHNO,False,False
1623,ok,True,50,CHNO,False,False
1624,ok,True,50,CHNO,False,False
1625,ok,True,47,CHNO,False,False
1627,ok,True,60,CHN,False,False
1628,ok,True,60,CHN,False,False
1629,ok,True,53,CHNO,False,False
163,ok,True,31,CHNO,False,False
1630,ok,True,53,CHNO,False,False
1631,ok,True,46,CFHNO,False,True
1632,ok,True,46,CFHNO,False,True
1634,ok,True,40,BrCHNO,True,True
1635,ok,True,40,BrCHNO,True,True
1636,ok,True,40,BrCHNO,True,True
1637,ok,True,39,BrCClHNO,True,True
1638,ok,True,39,BrCClHNO,True,True
1639,ok,True,43,CHNO,False,False
164,ok,True,31,CHNO,False,False
1640,ok,True,49,CClFHNO,True,True
1641,ok,True,49,CClFHNO,True,True
1642,ok,True,41,CFHNO,False,True
1643,ok,True,41,CFHNO,False,True
1644,ok,True,41,CFHNO,False,True
1645,ok,True,41,CFHNO,False,True
1646,ok,True,49,CHNO,False,False
1647,ok,True,49,CHNO,False,False
1648,ok,True,44,BrCHNO,True,True
1649,ok,True,44,BrCHNO,True,True
165,ok,True,29,CHNO,False,False
1650,ok,True,43,CFHN,False,True
1651,ok,True,47,CFHNO,False,True
1652,ok,True,47,CFHNO,False,True
1653,ok,True,51,CHNO,False,False
1654,ok,True,51,CHNO,False,False
1655,ok,True,51,CHNO,False,False
1656,ok,True,48,CFHNO,False,True
1657,ok,True,48,CFHNO,False,True
1658,ok,True,51,CHNO,False,False
1659,ok,True,51,CHNO,False,False
166,ok,True,29,CHNO,False,False
1660,ok,True,51,CHNO,False,False
1661,ok,True,51,CHNO,False,False
1662,ok,True,47,CHNO,False,False
1663,ok,True,47,CHNO,False,False
1664,ok,True,47,CHNO,False,False
1665,ok,True,47,CHNO,False,False
1666,ok,True,40,CFHNO,False,True
1667,ok,True,46,CFHNO,False,True
1668,ok,True,48,CHNO,False,False
1669,ok,True,48,CHNO,False,False
167,ok,True,36,CClHNO,True,True
1670,ok,True,40,BrCFHNO,True,True
1671,ok,True,40,BrCFHNO,True,True
1672,ok,True,48,CFHNO,False,True
1673,ok,True,48,CFHNO,False,True
1675,ok,True,48,CFHNO,False,True
1676,ok,True,37,BrCClHNO,True,True
1677,ok,True,37,BrCClHNO,True,True
1678,ok,True,55,CHNO,False,False
168,ok,True,36,CClHNO,True,True
1680,ok,True,52,CFHNO,False,True
1681,ok,True,52,CFHNO,False,True
1682,ok,True,46,CHNO,False,False
1684,ok,True,46,CHNO,False,False
1686,ok,True,41,CFHNO,False,True
1687,ok,True,50,CFHNO,False,True
1688,ok,True,50,CFHNO,False,True
1689,ok,True,53,CFHNO,False,True
169,ok,True,29,CHNO,False,False
1690,ok,True,53,CFHNO,False,True
1692,ok,True,50,CHNO,False,False
1693,ok,True,50,CHNO,False,False
1694,ok,True,50,CHNO,False,False
1695,ok,True,47,BrCHO,True,True
1696,ok,True,47,BrCHO,True,True
1697,ok,True,52,CHNO,False,False
1698,ok,True,49,CHNO,False,False
1699,ok,True,49,CHNO,False,False
17,ok,True,24,CFHO,False,True
170,ok,True,29,CHNO,False,False
1700,ok,True,43,CFHNO,False,True
1701,ok,True,43,CFHNO,False,True
1702,ok,True,45,CFHNO,False,True
1703,ok,True,48,CHNO,False,False
1704,ok,True,48,CHNO,False,False
1706,ok,True,48,CHNO,False,False
1707,ok,True,42,CFHNO,False,True
1708,ok,True,45,CClHNO,True,True
171,ok,True,32,CFHN,False,True
1710,ok,True,45,CClHNO,True,True
1711,ok,True,45,CClHNO,True,True
1715,ok,True,48,CHNO,False,False
1717,ok,True,52,CHNO,False,False
1718,ok,True,42,CFHNO,False,True
1719,ok,True,42,CFHNO,False,True
172,ok,True,26,CFHNO,False,True
1720,ok,True,42,CFHNO,False,True
1721,ok,True,42,CFHNO,False,True
1722,ok,True,44,CFHNO,False,True
1723,ok,True,44,CFHNO,False,True
1724,ok,True,44,CFHNO,False,True
1725,ok,True,44,CFHNO,False,True
1726,ok,True,45,CFHNO,False,True
1727,ok,True,45,CFHNO,False,True
1728,ok,True,47,CClHNO,True,True
1729,ok,True,47,CClHNO,True,True
173,ok,True,26,CFHNO,False,True
1730,ok,True,54,CFHNO,False,True
1731,ok,True,54,CFHNO,False,True
1732,ok,True,42,CClHNO,True,True
1733,ok,True,42,CClHNO,True,True
1734,ok,True,42,CClHNO,True,True
1735,ok,True,42,CClHNO,True,True
1736,ok,True,48,BrCHNO,True,True
1737,ok,True,48,BrCHNO,True,True
1738,ok,True,47,CClHNO,True,True
1739,ok,True,47,CClHNO,True,True
174,ok,True,35,CHNO,False,False
1740,ok,True,53,CHNO,False,False
1743,ok,True,41,BrCHNO,True,True
1744,ok,True,41,BrCHNO,True,True
1745,ok,True,52,CHNO,False,False
1746,ok,True,52,CHNO,False,False
1748,ok,True,53,CHNO,False,False
1749,ok,True,42,CFHNO,False,True
175,ok,True,35,CHNO,False,False
1750,ok,True,51,CHNO,False,False
1751,ok,True,51,CHNO,False,False
1752,ok,True,49,CHNO,False,False
1753,ok,True,49,CHNO,False,False
1754,ok,True,49,CHNO,False,False
1755,ok,True,49,CHNO,False,False
1756,ok,True,46,CFHNO,False,True
1757,ok,True,46,CFHNO,False,True
1758,ok,True,47,CFHNO,False,True
1759,ok,True,47,CFHNO,False,True
176,ok,True,29,CFHNO,False,True
1760,ok,True,49,CHNO,False,False
1761,ok,True,49,CHNO,False,False
1762,ok,True,47,CClHNO,True,True
1763,ok,True,47,CClHNO,True,True
1764,ok,True,45,CFHNO,False,True
1765,ok,True,45,CFHNO,False,True
1766,ok,True,45,CFHNO,False,True
1767,ok,True,45,CFHNO,False,True
1768,ok,True,49,CHNO,False,False
1769,ok,True,49,CHNO,False,False
177,ok,True,29,CFHNO,False,True
1770,ok,True,39,BrCHNO,True,True
1771,ok,True,39,BrCHNO,True,True
1772,ok,True,51,CHNO,False,False
1773,ok,True,51,CHNO,False,False
1774,ok,True,51,CFHNO,False,True
1775,ok,True,51,CFHNO,False,True
1776,ok,True,51,CHNO,False,False
1777,ok,True,51,CHNO,False,False
1778,ok,True,51,CHNO,False,False
1779,ok,True,51,CHNO,False,False
178,ok,True,29,CFHNO,False,True
1780,ok,True,45,CClHNO,True,True
1781,ok,True,45,CClHNO,True,True
1782,ok,True,35,BrCHNO,True,True
1783,ok,True,53,CHNO,False,False
1785,ok,True,57,CFHNO,False,True
1786,ok,True,57,CFHNO,False,True
1787,ok,True,56,CHNO,False,False
1788,ok,True,56,CHNO,False,False
179,ok,True,29,CFHNO,False,True
1790,ok,True,39,BrCFHNO,True,True
1791,ok,True,39,BrCFHNO,True,True
1792,ok,True,39,BrCFHNO,True,True
1793,ok,True,53,CFHO,False,True
1794,ok,True,53,CFHO,False,True
1795,ok,True,46,CFHNO,False,True
1796,ok,True,46,CFHNO,False,True
1797,ok,True,54,CHN,False,False
1798,ok,True,54,CHN,False,False
1799,ok,True,42,CClHNO,True,True
18,ok,True,24,CFHNO,False,True
180,ok,True,26,CFHNO,False,True
1800,ok,True,42,CClHNO,True,True
1801,ok,True,57,CHNO,False,False
1802,ok,True,57,CHNO,False,False
1803,ok,True,50,CFHNO,False,True
1804,ok,True,50,CFHNO,False,True
1805,ok,True,46,CHNO,False,False
1806,ok,True,46,CHNO,False,False
1807,ok,True,50,CClHNO,True,True
1808,ok,True,50,CClHNO,True,True
1809,ok,True,50,CClHNO,True,True
181,ok,True,26,CFHNO,False,True
1810,ok,True,50,CClHNO,True,True
1811,ok,True,52,CHNO,False,False
1812,ok,True,52,CHNO,False,False
1814,ok,True,57,CHNO,False,False
1815,ok,True,49,CHNO,False,False
1816,ok,True,49,CHNO,False,False
1817,ok,True,38,CFHNO,False,True
1818,ok,True,38,CFHNO,False,True
1819,ok,True,42,BrCHNO,True,True
182,ok,True,33,CHNO,False,False
1820,ok,True,42,BrCHNO,True,True
1821,ok,True,45,CClHNO,True,True
1822,ok,True,45,CClHNO,True,True
1823,ok,True,49,CClHNO,True,True
1824,ok,True,49,CClHNO,True,True
1825,ok,True,53,CFHNO,False,True
1826,ok,True,53,CFHNO,False,True
1827,ok,True,49,CClHNO,True,True
1828,ok,True,49,CClHNO,True,True
1829,ok,True,53,CFHNO,False,True
183,ok,True,33,CHNO,False,False
1830,ok,True,53,CFHNO,False,True
1831,ok,True,52,CHNO,False,False
1832,ok,True,52,CHNO,False,False
1833,ok,True,52,CHNO,False,False
1834,ok,True,52,CHNO,False,False
1835,ok,True,52,CHNO,False,False
1836,ok,True,52,CHNO,False,False
1837,ok,True,52,CHNO,False,False
1838,ok,True,52,CHNO,False,False
1839,ok,True,52,CHNO,False,False
184,ok,True,27,CHNO,False,False
1840,ok,True,52,CHNO,False,False
1841,ok,True,52,CHNO,False,False
1842,ok,True,52,CHNO,False,False
1843,ok,True,48,CFHNO,False,True
1844,ok,True,48,CFHNO,False,True
1845,ok,True,56,CFHNO,False,True
1846,ok,True,56,CFHNO,False,True
1847,ok,True,53,CHNO,False,False
1848,ok,True,53,CHNO,False,False
1849,ok,True,46,CClHNO,True,True
185,ok,True,27,CHNO,False,False
1851,ok,True,48,CClHNO,True,True
1852,ok,True,48,CClHNO,True,True
1853,ok,True,44,CClHNO,True,True
1856,ok,True,49,CHNO,False,False
1857,ok,True,49,CHNO,False,False
1858,ok,True,49,CHNO,False,False
1859,ok,True,49,CHNO,False,False
186,ok,True,34,CHNO,False,False
1860,ok,True,38,CClHNO,True,True
1861,ok,True,38,CClHNO,True,True
1862,ok,True,55,CHNO,False,False
1863,ok,True,55,CHNO,False,False
1865,ok,True,52,CFHO,False,True
1866,ok,True,45,BrCHNO,True,True
1867,ok,True,45,BrCHNO,True,True
1868,ok,True,55,CHNO,False,False
1869,ok,True,55,CHNO,False,False
187,ok,True,34,CHNO,False,False
1870,ok,True,49,CHNO,False,False
1871,ok,True,49,CHNO,False,False
1872,ok,True,49,CHNO,False,False
1873,ok,True,49,CHNO,False,False
1878,ok,True,46,BrCHNO,True,True
1879,ok,True,46,BrCHNO,True,True
188,ok,True,34,CHNO,False,False
1880,ok,True,58,CHNO,False,False
1881,ok,True,58,CHNO,False,False
1883,ok,True,40,BrCHNO,True,True
1884,ok,True,53,CHNO,False,False
1885,ok,True,51,CFHNO,False,True
1886,ok,True,51,CFHNO,False,True
1887,ok,True,49,CFHNO,False,True
1888,ok,True,49,CFHNO,False,True
1889,ok,True,52,CHNO,False,False
189,ok,True,34,CHNO,False,False
1891,ok,True,45,CFHNO,False,True
1892,ok,True,45,CFHNO,False,True
1893,ok,True,49,CFHNO,False,True
1894,ok,True,49,CFHNO,False,True
1895,ok,True,48,CHNO,False,False
1896,ok,True,48,CHNO,False,False
1898,ok,True,48,CHNO,False,False
1899,ok,True,58,CHNO,False,False
19,ok,True,24,CFHNO,False,True
190,ok,True,33,CHNO,False,False
1900,ok,True,58,CHNO,False,False
1901,ok,True,55,CHNO,False,False
1902,ok,True,55,CHNO,False,False
1903,ok,True,55,CHNO,False,False
1904,ok,True,55,CHNO,False,False
1905,ok,True,53,CHNO,False,False
1906,ok,True,53,CHNO,False,False
1908,ok,True,50,CHNO,False,False
191,ok,True,33,CHNO,False,False
1910,ok,True,49,CHNO,False,False
1911,ok,True,49,CHNO,False,False
1912,ok,True,54,CHNO,False,False
1913,ok,True,52,CHNO,False,False
1914,ok,True,52,CHNO,False,False
1915,ok,True,54,CHNO,False,False
1916,ok,True,44,CHNO,False,False
1917,ok,True,44,CHNO,False,False
1918,ok,True,53,CClHNO,True,True
1919,ok,True,53,CClHNO,True,True
192,ok,True,36,CHNO,False,False
1920,ok,True,48,CClHNO,True,True
1921,ok,True,55,CHNO,False,False
1924,ok,True,47,CFHNO,False,True
1925,ok,True,47,CFHNO,False,True
1926,ok,True,38,CFHNO,False,True
1927,ok,True,38,CFHNO,False,True
1928,ok,True,52,CHNO,False,False
1929,ok,True,52,CHNO,False,False
193,ok,True,36,CHNO,False,False
1930,ok,True,53,CFHNO,False,True
1931,ok,True,53,CFHNO,False,True
1932,ok,True,56,CFHNO,False,True
1933,ok,True,56,CFHNO,False,True
1934,ok,True,52,CHNO,False,False
1936,ok,True,46,CHNO,False,False
1937,ok,True,46,CHNO,False,False
1938,ok,True,54,CHNO,False,False
1939,ok,True,47,BrCHNO,True,True
194,ok,True,35,CHNO,False,False
1940,ok,True,47,BrCHNO,True,True
1941,ok,True,47,BrCHNO,True,True
1942,ok,True,47,BrCHNO,True,True
1943,ok,True,51,CHNO,False,False
1944,ok,True,51,CHNO,False,False
1946,ok,True,35,BrCFHNO,True,True
1947,ok,True,51,CHNO,False,False
1949,ok,True,41,BrCHNO,True,True
195,ok,True,35,CHNO,False,False
1950,ok,True,41,BrCHNO,True,True
1951,ok,True,41,BrCHNO,True,True
1953,ok,True,40,BrCHNO,True,True
1954,ok,True,40,BrCHNO,True,True
1955,ok,True,43,CClHNO,True,True
1956,ok,True,43,CClHNO,True,True
1957,ok,True,52,CFHNO,False,True
1958,ok,True,52,CFHNO,False,True
1959,ok,True,47,CFHNO,False,True
196,ok,True,35,CHNO,False,False
1960,ok,True,47,CFHNO,False,True
1961,ok,True,47,BrCHNO,True,True
1962,ok,True,47,BrCHNO,True,True
1963,ok,True,54,CFHNO,False,True
1964,ok,True,54,CFHNO,False,True
1965,ok,True,51,CHNO,False,False
1966,ok,True,51,CHNO,False,False
1967,ok,True,52,CHNO,False,False
1968,ok,True,52,CHNO,False,False
1969,ok,True,51,CHNO,False,False
197,ok,True,35,CHNO,False,False
1970,ok,True,51,CHNO,False,False
1971,ok,True,51,CHNO,False,False
1972,ok,True,51,CHNO,False,False
1973,ok,True,56,CHNO,False,False
1974,ok,True,56,CHNO,False,False
1975,ok,True,53,CHNO,False,False
1976,ok,True,32,BrCHNO,True,True
1977,ok,True,32,BrCHNO,True,True
1978,ok,True,55,CHNO,False,False
1979,ok,True,55,CHNO,False,False
198,ok,True,36,CHN,False,False
1980,ok,True,46,CClHNO,True,True
1981,ok,True,46,CClHNO,True,True
1982,ok,True,51,CClHNO,True,True
1983,ok,True,51,CClHNO,True,True
1984,ok,True,51,CClHNO,True,True
1985,ok,True,51,CClHNO,True,True
1986,ok,True,51,CHNO,False,False
1987,ok,True,51,CHNO,False,False
1989,ok,True,51,CHNO,False,False
199,ok,True,30,CFHNO,False,True
1990,ok,True,50,BrCHNO,True,True
1991,ok,True,50,BrCHNO,True,True
1992,ok,True,50,BrCHNO,True,True
1993,ok,True,50,BrCHNO,True,True
1994,ok,True,55,CHNO,False,False
1995,ok,True,55,CHNO,False,False
1996,ok,True,48,CFHNO,False,True
1997,ok,True,48,CFHNO,False,True
1998,ok,True,54,CHNO,False,False
1999,ok,True,54,CHNO,False,False
2,ok,True,16,CHNO,False,False
20,ok,True,25,CHN,False,False
200,ok,True,30,CFHNO,False,True
2001,ok,True,50,CFHNO,False,True
2002,ok,True,50,CFHNO,False,True
2003,ok,True,50,CFHNO,False,True
2004,ok,True,53,CFHNO,False,True
2005,ok,True,53,CFHNO,False,True
2008,ok,True,52,CFHNO,False,True
2009,ok,True,52,CFHNO,False,True
201,ok,True,30,CFHNO,False,True
2010,ok,True,51,CFHNO,False,True
2011,ok,True,51,CFHNO,False,True
2012,ok,True,46,BrCHNO,True,True
2015,ok,True,49,CFHNO,False,True
2016,ok,True,49,CFHNO,False,True
2018,ok,True,48,CFHNO,False,True
2019,ok,True,48,CFHNO,False,True
202,ok,True,30,CFHNO,False,True
2020,ok,True,51,CHNO,False,False
2021,ok,True,51,CHNO,False,False
2022,ok,True,51,CHNO,False,False
2023,ok,True,51,CHNO,False,False
2024,ok,True,41,BrCHNO,True,True
2025,ok,True,41,BrCHNO,True,True
2026,ok,True,51,CClHNO,True,True
2027,ok,True,51,CClHNO,True,True
2028,ok,True,54,CHNO,False,False
2029,ok,True,54,CHNO,False,False
203,ok,True,30,CHNO,False,False
2030,ok,True,54,CHNO,False,False
2031,ok,True,54,CHNO,False,False
2032,ok,True,52,CFHNO,False,True
2033,ok,True,52,CFHNO,False,True
2035,ok,True,52,CFHNO,False,True
2037,ok,True,57,CHNO,False,False
2038,ok,True,52,CHNO,False,False
2039,ok,True,52,CHNO,False,False
204,ok,True,30,CHNO,False,False
2040,ok,True,52,CHNO,False,False
2041,ok,True,52,CHNO,False,False
2042,ok,True,54,CHNO,False,False
2043,ok,True,54,CHNO,False,False
2046,ok,True,52,CFHNO,False,True
2047,ok,True,52,CFHNO,False,True
2048,ok,True,43,CClFHNO,True,True
2049,ok,True,43,CClFHNO,True,True
205,ok,True,29,CClHNO,True,True
2050,ok,True,43,CClFHNO,True,True
2051,ok,True,43,CClFHNO,True,True
2052,ok,True,52,CHNO,False,False
2053,ok,True,52,CHNO,False,False
2054,ok,True,54,CHNO,False,False
2055,ok,True,54,CHNO,False,False
2056,ok,True,43,BrCHNO,True,True
2057,ok,True,43,BrCHNO,True,True
2058,ok,True,51,CClFHNO,True,True
206,ok,True,29,CClHNO,True,True
2060,ok,True,46,BrCClHN,True,True
2061,ok,True,46,BrCClHN,True,True
2062,ok,True,54,CFHNO,False,True
2063,ok,True,54,CFHNO,False,True
2064,ok,True,52,CClHNO,True,True
2065,ok,True,52,CClHNO,True,True
2066,ok,True,52,CClHNO,True,True
2067,ok,True,52,CClHNO,True,True
2068,ok,True,44,BrCClHO,True,True
2069,ok,True,44,BrCClHO,True,True
207,ok,True,31,CHNO,False,False
2070,ok,True,54,CFHNO,False,True
2072,ok,True,56,CFHNO,False,True
2073,ok,True,56,CFHNO,False,True
2074,ok,True,58,CHNO,False,False
2075,ok,True,58,CHNO,False,False
2076,ok,True,48,CFHNO,False,True
2077,ok,True,48,CFHNO,False,True
2078,ok,True,55,CHNO,False,False
2079,ok,True,55,CHNO,False,False
208,ok,True,31,CHNO,False,False
2080,ok,True,27,BrCHNO,True,True
2081,ok,True,27,BrCHNO,True,True
2082,ok,True,51,CHNO,False,False
2083,ok,True,51,CHNO,False,False
2084,ok,True,51,CHNO,False,False
2085,ok,True,51,CHNO,False,False
2087,ok,True,48,BrCHNO,True,True
2088,ok,True,48,BrCHNO,True,True
2089,ok,True,48,BrCHNO,True,True
209,ok,True,31,CHNO,False,False
2090,ok,True,51,CHNO,False,False
2091,ok,True,51,CHNO,False,False
2092,ok,True,46,BrCHNO,True,True
2093,ok,True,46,BrCHNO,True,True
2094,ok,True,53,CFHNO,False,True
2095,ok,True,53,CFHNO,False,True
2096,ok,True,48,CFHNO,False,True
2097,ok,True,52,CFHNO,False,True
2098,ok,True,52,CFHNO,False,True
2099,ok,True,57,CFHNO,False,True
210,ok,True,31,CHNO,False,False
2100,ok,True,57,CFHNO,False,True
2101,ok,True,47,CFHNO,False,True
2102,ok,True,47,CFHNO,False,True
2103,ok,True,47,CFHNO,False,True
2104,ok,True,47,CFHNO,False,True
2105,ok,True,50,BrCHNO,True,True
2106,ok,True,50,BrCHNO,True,True
2107,ok,True,55,CFHNO,False,True
2108,ok,True,55,CFHNO,False,True
2109,ok,True,48,BrCHNO,True,True
211,ok,True,31,CHNO,False,False
2111,ok,True,48,BrCHNO,True,True
2112,ok,True,48,BrCHNO,True,True
2115,ok,True,54,CHNO,False,False
2116,ok,True,54,CHNO,False,False
2117,ok,True,54,CHNO,False,False
2118,ok,True,54,CHNO,False,False
2119,ok,True,52,CHNO,False,False
212,ok,True,37,CHNO,False,False
2120,ok,True,52,CHNO,False,False
2121,ok,True,52,CHNO,False,False
2122,ok,True,52,CHNO,False,False
2123,ok,True,49,CClHNO,True,True
2124,ok,True,49,CClHNO,True,True
2125,ok,True,54,CFHNO,False,True
2126,ok,True,54,CFHNO,False,True
2127,ok,True,46,CFHNO,False,True
2128,ok,True,46,CFHNO,False,True
2129,ok,True,46,CFHNO,False,True
213,ok,True,37,CHNO,False,False
2130,ok,True,46,CFHNO,False,True
2131,ok,True,53,CHNO,False,False
2132,ok,True,53,CHNO,False,False
2133,ok,True,35,BrCHNO,True,True
2134,ok,True,35,BrCHNO,True,True
2135,ok,True,57,CHNO,False,False
2136,ok,True,57,CHNO,False,False
2137,ok,True,55,CHNO,False,False
2138,ok,True,55,CHNO,False,False
214,ok,True,37,CHNO,False,False
2141,ok,True,44,BrCHNO,True,True
2142,ok,True,44,BrCHNO,True,True
2143,ok,True,44,BrCHNO,True,True
2144,ok,True,44,BrCHNO,True,True
2145,ok,True,52,CHNO,False,False
2146,ok,True,48,CClHNO,True,True
2147,ok,True,48,CClHNO,True,True
2148,ok,True,47,BrCHNO,True,True
2149,ok,True,47,BrCHNO,True,True
215,ok,True,37,CHNO,False,False
2150,ok,True,51,CFHNO,False,True
2151,ok,True,51,CFHNO,False,True
2152,ok,True,56,CHNO,False,False
2153,ok,True,56,CHNO,False,False
2154,ok,True,45,CClFHNO,True,True
2155,ok,True,45,CClFHNO,True,True
2156,ok,True,45,BrCHNO,True,True
2157,ok,True,45,BrCHNO,True,True
2158,ok,True,45,BrCHNO,True,True
2159,ok,True,45,BrCHNO,True,True
216,ok,True,30,CFHNO,False,True
2160,ok,True,52,CFHO,False,True
2161,ok,True,52,CFHO,False,True
2162,ok,True,52,BrCHN,True,True
2164,ok,True,53,CFHNO,False,True
2165,ok,True,53,CFHNO,False,True
2166,ok,True,58,CHNO,False,False
2167,ok,True,58,CHNO,False,False
2168,ok,True,48,CClFHNO,True,True
2169,ok,True,48,CClFHNO,True,True
217,ok,True,30,CFHNO,False,True
2172,ok,True,59,CHNO,False,False
2173,ok,True,59,CHNO,False,False
2174,ok,True,49,CFHNO,False,True
2175,ok,True,49,CFHNO,False,True
2176,ok,True,49,CFHNO,False,True
2177,ok,True,49,CFHNO,False,True
2178,ok,True,58,CHNO,False,False
2179,ok,True,58,CHNO,False,False
218,ok,True,30,CHNO,False,False
2180,ok,True,52,CClHNO,True,True
2181,ok,True,48,CFHO,False,True
2184,ok,True,54,CHNO,False,False
2185,ok,True,54,CHNO,False,False
2186,ok,True,53,CClHNO,True,True
2187,ok,True,53,CClHNO,True,True
2188,ok,True,45,BrCHNO,True,True
219,ok,True,30,CHNO,False,False
2190,ok,True,45,BrCHNO,True,True
2192,ok,True,48,CClFHO,True,True
2193,ok,True,48,CClFHO,True,True
2194,ok,True,43,CFHNO,False,True
2195,ok,True,43,CFHNO,False,True
2198,ok,True,60,CHNO,False,False
22,ok,True,25,CFHNO,False,True
220,ok,True,34,CHNO,False,False
2200,ok,True,44,CFHNO,False,True
2201,ok,True,44,CFHNO,False,True
2202,ok,True,49,BrCHNO,True,True
2203,ok,True,49,BrCHNO,True,True
2204,ok,True,53,CFHNO,False,True
2205,ok,True,53,CFHNO,False,True
2206,ok,True,46,BrCHNO,True,True
2208,ok,True,46,BrCHNO,True,True
2209,ok,True,46,BrCHNO,True,True
221,ok,True,38,CHNO,False,False
2210,ok,True,51,CHNO,False,False
2211,ok,True,47,BrCFHNO,True,True
2212,ok,True,47,BrCFHNO,True,True
2213,ok,True,56,CHNO,False,False
2214,ok,True,56,CHNO,False,False
2215,ok,True,56,CFHN,False,True
2216,ok,True,56,CFHN,False,True
2217,ok,True,52,CFHNO,False,True
2218,ok,True,52,CFHNO,False,True
2219,ok,True,52,CFHNO,False,True
222,ok,True,38,CHNO,False,False
2220,ok,True,52,CFHNO,False,True
2221,ok,True,56,CFHNO,False,True
2222,ok,True,56,CFHNO,False,True
2223,ok,True,60,CHNO,False,False
2225,ok,True,49,CFHNO,False,True
2226,ok,True,49,CFHNO,False,True
2227,ok,True,49,CFHNO,False,True
2228,ok,True,49,CFHNO,False,True
2229,ok,True,55,CClFHNO,True,True
2230,ok,True,55,CClFHNO,True,True
2231,ok,True,58,CHNO,False,False
2232,ok,True,58,CHNO,False,False
2233,ok,True,49,CClHNO,True,True
2235,ok,True,54,CHNO,False,False
2236,ok,True,51,CFHNO,False,True
2237,ok,True,51,CFHNO,False,True
2238,ok,True,50,CFHNO,False,True
2239,ok,True,50,CFHNO,False,True
224,ok,True,29,BrCFHN,True,True
2240,ok,True,51,CClFHNO,True,True
2241,ok,True,51,CClFHNO,True,True
2242,ok,True,46,BrCHO,True,True
2243,ok,True,46,BrCHO,True,True
2244,ok,True,58,CHNO,False,False
2245,ok,True,58,CHNO,False,False
2246,ok,True,39,BrCHNO,True,True
2247,ok,True,39,BrCHNO,True,True
2248,ok,True,47,CClHNO,True,True
2249,ok,True,47,CClHNO,True,True
225,ok,True,33,CClHNO,True,True
2250,ok,True,48,CClFHNO,True,True
2251,ok,True,48,CClFHNO,True,True
2252,ok,True,50,CClHNO,True,True
2253,ok,True,50,CClHNO,True,True
2254,ok,True,45,CFHO,False,True
2255,ok,True,45,CFHO,False,True
2256,ok,True,40,BrCHNO,True,True
2257,ok,True,40,BrCHNO,True,True
2258,ok,True,47,BrCHNO,True,True
2259,ok,True,47,BrCHNO,True,True
226,ok,True,33,CClHNO,True,True
2260,ok,True,49,BrCHNO,True,True
2261,ok,True,49,BrCHNO,True,True
2264,ok,True,57,CHNO,False,False
2265,ok,True,57,CHNO,False,False
2266,ok,True,52,BrCHNO,True,True
2267,ok,True,52,BrCHNO,True,True
2268,ok,True,52,BrCHNO,True,True
2269,ok,True,52,BrCHNO,True,True
227,ok,True,30,CHNO,False,False
2270,ok,True,54,CHNO,False,False
2271,ok,True,54,CHNO,False,False
2272,ok,True,57,CHNO,False,False
2273,ok,True,57,CHNO,False,False
2274,ok,True,57,CHNO,False,False
2275,ok,True,57,CHNO,False,False
2276,ok,True,53,CFHNO,False,True
2277,ok,True,53,CFHNO,False,True
2278,ok,True,50,CHNO,False,False
228,ok,True,30,CHNO,False,False
2281,ok,True,51,CFHNO,False,True
2282,ok,True,51,CFHNO,False,True
2283,ok,True,51,CFHNO,False,True
2284,ok,True,51,CFHNO,False,True
2285,ok,True,53,CHNO,False,False
2286,ok,True,53,CHNO,False,False
2287,ok,True,53,CHNO,False,False
2288,ok,True,53,CHNO,False,False
2289,ok,True,50,CFHO,False,True
2290,ok,True,52,BrCHNO,True,True
2291,ok,True,52,BrCHNO,True,True
2292,ok,True,51,CClFHNO,True,True
2293,ok,True,51,CClFHNO,True,True
2294,ok,True,63,CHN,False,False
2295,ok,True,63,CHN,False,False
2296,ok,True,58,CHNO,False,False
2297,ok,True,58,CHNO,False,False
2298,ok,True,56,CHNO,False,False
2299,ok,True,56,CHNO,False,False
23,ok,True,25,CFHNO,False,True
2300,ok,True,50,CFHNO,False,True
2301,ok,True,50,CFHNO,False,True
2302,ok,True,54,CHNO,False,False
2303,ok,True,54,CHNO,False,False
2304,ok,True,54,CHNO,False,False
2305,ok,True,54,CHNO,False,False
2306,ok,True,57,CHNO,False,False
2308,ok,True,41,BrCClHNO,True,True
2309,ok,True,56,CFHNO,False,True
231,ok,True,35,CFHNO,False,True
2310,ok,True,56,CFHNO,False,True
2311,ok,True,42,BrCFHNO,True,True
2312,ok,True,42,BrCFHNO,True,True
2313,ok,True,49,BrCHNO,True,True
2314,ok,True,49,BrCHNO,True,True
2315,ok,True,42,BrCFHNO,True,True
2316,ok,True,42,BrCFHNO,True,True
2317,ok,True,48,CClFHNO,True,True
2318,ok,True,48,CClFHNO,True,True
2319,ok,True,54,CHNO,False,False
232,ok,True,35,CFHNO,False,True
2320,ok,True,54,CHNO,False,False
2321,ok,True,59,CHNO,False,False
2322,ok,True,59,CHNO,False,False
2323,ok,True,50,BrCClHNO,True,True
2324,ok,True,50,BrCClHNO,True,True
2325,ok,True,54,CFHNO,False,True
2326,ok,True,54,CFHNO,False,True
2327,ok,True,53,CClHNO,True,True
2328,ok,True,53,CClHNO,True,True
2329,ok,True,57,CHNO,False,False
233,ok,True,30,CFHNO,False,True
2330,ok,True,57,CHNO,False,False
2331,ok,True,51,BrCHNO,True,True
2332,ok,True,51,BrCHNO,True,True
2333,ok,True,56,CHNO,False,False
2337,ok,True,50,CFHNO,False,True
2339,ok,True,54,CHNO,False,False
234,ok,True,37,CFHNO,False,True
2341,ok,True,51,CClHNO,True,True
2342,ok,True,51,CClHNO,True,True
2343,ok,True,59,CHNO,False,False
2344,ok,True,59,CHNO,False,False
2345,ok,True,60,CHNO,False,False
2346,ok,True,60,CHNO,False,False
2347,ok,True,43,CFHO,False,True
2348,ok,True,43,CFHO,False,True
2349,ok,True,48,BrCHNO,True,True
235,ok,True,37,CFHNO,False,True
2350,ok,True,59,CHNO,False,False
2351,ok,True,59,CHNO,False,False
2352,ok,True,59,CHNO,False,False
2353,ok,True,59,CHNO,False,False
2354,ok,True,37,BrCHNO,True,True
2355,ok,True,37,BrCHNO,True,True
2356,ok,True,59,CHO,False,False
2357,ok,True,59,CHO,False,False
2359,ok,True,61,CHNO,False,False
236,ok,True,37,CFHNO,False,True
2360,ok,True,48,CFHNO,False,True
2361,ok,True,29,BrCHNO,True,True
2362,ok,True,29,BrCHNO,True,True
2363,ok,True,56,CClHNO,True,True
2364,ok,True,56,CClHNO,True,True
2365,ok,True,56,CClHNO,True,True
2366,ok,True,56,CClHNO,True,True
2367,ok,True,54,CFHNO,False,True
2368,ok,True,54,CFHNO,False,True
2369,ok,True,56,CFHNO,False,True
237,ok,True,37,CFHNO,False,True
2370,ok,True,56,CFHNO,False,True
2371,ok,True,43,BrCHNO,True,True
2372,ok,True,54,CFHN,False,True
2373,ok,True,46,BrCHNO,True,True
2374,ok,True,46,BrCHNO,True,True
2375,ok,True,56,CHNO,False,False
2376,ok,True,56,CHNO,False,False
2377,ok,True,56,CHNO,False,False
2378,ok,True,56,CHNO,False,False
2379,ok,True,63,CHNO,False,False
238,ok,True,29,CClHNO,True,True
2380,ok,True,63,CHNO,False,False
2382,ok,True,49,CClFHNO,True,True
2383,ok,True,57,CHNO,False,False
2384,ok,True,57,CHNO,False,False
2385,ok,True,57,CHNO,False,False
2386,ok,True,57,CHNO,False,False
2387,ok,True,57,CHNO,False,False
2388,ok,True,57,CHNO,False,False
2389,ok,True,46,BrCFHNO,True,True
239,ok,True,29,CClHNO,True,True
2390,ok,True,46,BrCFHNO,True,True
2391,ok,True,54,CClHNO,True,True
2392,ok,True,54,CClHNO,True,True
2393,ok,True,50,CClHN,True,True
2395,ok,True,57,CFHNO,False,True
2396,ok,True,57,CFHNO,False,True
2397,ok,True,57,CFHNO,False,True
2398,ok,True,57,CFHNO,False,True
2399,ok,True,47,CFHNO,False,True
24,ok,True,21,CHNO,False,False
240,ok,True,40,CHNO,False,False
2400,ok,True,47,CFHNO,False,True
2401,ok,True,53,CFHNO,False,True
2402,ok,True,53,CFHNO,False,True
2403,ok,True,39,BrCHNO,True,True
2404,ok,True,39,BrCHNO,True,True
2407,ok,True,49,CFHNO,False,True
2408,ok,True,49,CFHNO,False,True
2409,ok,True,43,BrCFHNO,True,True
241,ok,True,40,CHNO,False,False
2410,ok,True,43,BrCFHNO,True,True
2411,ok,True,43,BrCFHNO,True,True
2412,ok,True,43,BrCFHNO,True,True
2413,ok,True,57,CHNO,False,False
2414,ok,True,57,CHNO,False,False
2415,ok,True,58,CHNO,False,False
2416,ok,True,58,CHNO,False,False
2417,ok,True,58,CHNO,False,False
2418,ok,True,58,CHNO,False,False
2419,ok,True,50,BrCHNO,True,True
242,ok,True,32,CClFHNO,True,True
2420,ok,True,50,BrCHNO,True,True
2421,ok,True,50,BrCHNO,True,True
2422,ok,True,50,BrCHNO,True,True
2423,ok,True,60,CFHNO,False,True
2424,ok,True,60,CFHNO,False,True
2425,ok,True,46,CClHNO,True,True
2426,ok,True,46,CClHNO,True,True
2427,ok,True,58,CHNO,False,False
2428,ok,True,58,CHNO,False,False
2429,ok,True,57,CHNO,False,False
243,ok,True,32,CClFHNO,True,True
2430,ok,True,57,CHNO,False,False
2431,ok,True,59,CHNO,False,False
2432,ok,True,59,CHNO,False,False
2433,ok,True,58,CHNO,False,False
2434,ok,True,39,BrCHNO,True,True
2435,ok,True,48,BrCFHNO,True,True
2437,ok,True,55,CFHNO,False,True
2438,ok,True,55,CFHNO,False,True
2439,ok,True,52,CFHNO,False,True
244,ok,True,31,CClHNO,True,True
2440,ok,True,52,CFHNO,False,True
2441,ok,True,62,CFHNO,False,True
2442,ok,True,58,CHNO,False,False
2443,ok,True,58,CHNO,False,False
2444,ok,True,58,CHNO,False,False
2445,ok,True,58,CHNO,False,False
2446,ok,True,54,CClHNO,True,True
2448,ok,True,65,CHNO,False,False
245,ok,True,31,CClHNO,True,True
2450,ok,True,45,CFHNO,False,True
2451,ok,True,45,CFHNO,False,True
2452,ok,True,59,CHNO,False,False
2453,ok,True,59,CHNO,False,False
2454,ok,True,59,CHNO,False,False
2455,ok,True,59,CHNO,False,False
2456,ok,True,57,CHNO,False,False
2457,ok,True,57,CHNO,False,False
2458,ok,True,57,CHNO,False,False
2459,ok,True,57,CHNO,False,False
246,ok,True,36,CHNO,False,False
2460,ok,True,57,CClHNO,True,True
2461,ok,True,57,CClHNO,True,True
2462,ok,True,53,CClHNO,True,True
2463,ok,True,53,CClHNO,True,True
2465,ok,True,60,CHNO,False,False
2466,ok,True,41,BrCClHNO,True,True
2467,ok,True,41,BrCClHNO,True,True
2468,ok,True,63,CHO,False,False
2469,ok,True,63,CHO,False,False
247,ok,True,36,CHNO,False,False
2470,ok,True,54,CHNO,False,False
2471,ok,True,54,CHNO,False,False
2472,ok,True,58,CHNO,False,False
2473,ok,True,58,CHNO,False,False
2474,ok,True,47,CClFHNO,True,True
2475,ok,True,47,CClFHNO,True,True
2478,ok,True,59,CHNO,False,False
248,ok,True,34,CHNO,False,False
2480,ok,True,59,CHNO,False,False
2481,ok,True,59,CHNO,False,False
2482,ok,True,55,CFHNO,False,True
2483,ok,True,55,CFHNO,False,True
2484,ok,True,60,CFHNO,False,True
2485,ok,True,60,CFHNO,False,True
2486,ok,True,55,CClHNO,True,True
2487,ok,True,55,CClHNO,True,True
2488,ok,True,55,CClHNO,True,True
2489,ok,True,55,CClHNO,True,True
249,ok,True,34,CHNO,False,False
2490,ok,True,59,CHNO,False,False
2491,ok,True,59,CHNO,False,False
2492,ok,True,61,CHNO,False,False
2493,ok,True,61,CHNO,False,False
2494,ok,True,54,CFHNO,False,True
2495,ok,True,54,CFHNO,False,True
2496,ok,True,59,CHNO,False,False
2497,ok,True,59,CHNO,False,False
2498,ok,True,48,CFHNO,False,True
2499,ok,True,48,CFHNO,False,True
25,ok,True,21,CHNO,False,False
2500,ok,True,49,BrCFHNO,True,True
2501,ok,True,49,BrCFHNO,True,True
2502,ok,True,58,CFHNO,False,True
2503,ok,True,58,CFHNO,False,True
2504,ok,True,57,CHNO,False,False
2505,ok,True,57,CHNO,False,False
2506,ok,True,45,BrCHNO,True,True
2507,ok,True,59,CFHNO,False,True
2508,ok,True,59,CFHNO,False,True
2509,ok,True,54,CFHNO,False,True
251,ok,True,27,CFHNO,False,True
2510,ok,True,54,CFHNO,False,True
2511,ok,True,51,BrCFHNO,True,True
2512,ok,True,51,BrCFHNO,True,True
2513,ok,True,55,CClHNO,True,True
2514,ok,True,55,CClHNO,True,True
2515,ok,True,50,BrCClHNO,True,True
2516,ok,True,50,BrCClHNO,True,True
2517,ok,True,47,CClFHNO,True,True
2518,ok,True,47,CClFHNO,True,True
2519,ok,True,52,CFHO,False,True
252,ok,True,33,CHNO,False,False
2520,ok,True,60,CHNO,False,False
2523,ok,True,58,CHNO,False,False
2524,ok,True,59,CHNO,False,False
2525,ok,True,59,CHNO,False,False
2526,ok,True,63,CHNO,False,False
2527,ok,True,63,CHNO,False,False
2528,ok,True,53,BrCHNO,True,True
2529,ok,True,53,BrCHNO,True,True
2530,ok,True,61,CHNO,False,False
2531,ok,True,61,CHNO,False,False
2532,ok,True,57,CHNO,False,False
2533,ok,True,57,CHNO,False,False
2534,ok,True,48,CClFHNO,True,True
2535,ok,True,48,CClFHNO,True,True
2537,ok,True,56,CFHNO,False,True
2538,ok,True,43,BrCHNO,True,True
2540,ok,True,59,CClHO,True,True
2541,ok,True,63,CHNO,False,False
2542,ok,True,43,BrCFHNO,True,True
2543,ok,True,43,BrCFHNO,True,True
2544,ok,True,50,BrCHNO,True,True
2545,ok,True,50,BrCHNO,True,True
2546,ok,True,57,CHNO,False,False
2547,ok,True,57,CHNO,False,False
2549,ok,True,58,CClFHNO,True,True
255,ok,True,34,CHNO,False,False
2550,ok,True,58,CClFHNO,True,True
2551,ok,True,53,BrCHNO,True,True
2552,ok,True,53,BrCHNO,True,True
2553,ok,True,53,BrCHNO,True,True
2554,ok,True,53,BrCHNO,True,True
2555,ok,True,59,CHNO,False,False
2556,ok,True,59,CHNO,False,False
256,ok,True,34,CHNO,False,False
2563,ok,True,65,CFHNO,False,True
2564,ok,True,65,CFHNO,False,True
2565,ok,True,57,CFHNO,False,True
2566,ok,True,57,CFHNO,False,True
2567,ok,True,61,CHNO,False,False
2568,ok,True,61,CHNO,False,False
2569,ok,True,30,BrCHNO,True,True
257,ok,True,29,BrCHNO,True,True
2570,ok,True,69,CHNO,False,False
2571,ok,True,69,CHNO,False,False
2572,ok,True,58,CHNO,False,False
2573,ok,True,58,CHNO,False,False
2574,ok,True,58,CHNO,False,False
2575,ok,True,58,CHNO,False,False
2576,ok,True,54,CHNO,False,False
2578,ok,True,63,CHNO,False,False
2579,ok,True,63,CHNO,False,False
258,ok,True,29,BrCHNO,True,True
2581,ok,True,61,CFHNO,False,True
2582,ok,True,46,CFHNO,False,True
2583,ok,True,46,CFHNO,False,True
2584,ok,True,55,BrCClHNO,True,True
2585,ok,True,55,BrCClHNO,True,True
2586,ok,True,62,CHNO,False,False
2587,ok,True,62,CFHNO,False,True
2588,ok,True,62,CFHNO,False,True
2589,ok,True,60,CHNO,False,False
259,ok,True,35,CHNO,False,False
2590,ok,True,60,CHNO,False,False
2591,ok,True,60,CHNO,False,False
2592,ok,True,60,CHNO,False,False
2593,ok,True,41,BrCHNO,True,True
2594,ok,True,41,BrCHNO,True,True
2595,ok,True,51,BrCFHNO,True,True
2596,ok,True,51,BrCFHNO,True,True
2597,ok,True,54,CFHNO,False,True
2598,ok,True,54,CFHNO,False,True
2599,ok,True,51,BrCHNO,True,True
26,ok,True,26,CHNO,False,False
260,ok,True,35,CHNO,False,False
2600,ok,True,51,BrCHNO,True,True
2601,ok,True,51,BrCHNO,True,True
2602,ok,True,51,BrCHNO,True,True
2603,ok,True,47,BrCClHNO,True,True
2604,ok,True,47,BrCClHNO,True,True
2605,ok,True,59,CFHNO,False,True
2606,ok,True,59,CFHNO,False,True
2608,ok,True,56,CFHNO,False,True
2609,ok,True,60,CClFHNO,True,True
261,ok,True,25,BrCHNO,True,True
2610,ok,True,60,CClFHNO,True,True
2611,ok,True,57,CClHNO,True,True
2612,ok,True,57,CClHNO,True,True
2613,ok,True,64,CHNO,False,False
2614,ok,True,64,CHNO,False,False
2617,ok,True,56,CFHNO,False,True
2618,ok,True,41,BrCHNO,True,True
2619,ok,True,65,CHNO,False,False
262,ok,True,25,BrCHNO,True,True
2621,ok,True,61,BrCHNO,True,True
2622,ok,True,61,BrCHNO,True,True
2623,ok,True,57,CFHNO,False,True
2624,ok,True,57,CFHNO,False,True
2625,ok,True,57,CFHNO,False,True
2626,ok,True,57,CFHNO,False,True
2627,ok,True,54,CClHNO,True,True
2628,ok,True,59,CFHNO,False,True
2629,ok,True,59,CFHNO,False,True
263,ok,True,27,BrCHNO,True,True
2630,ok,True,53,BrCHNO,True,True
2631,ok,True,53,BrCHNO,True,True
2632,ok,True,62,CHNO,False,False
2633,ok,True,47,CFHNO,False,True
2634,ok,True,63,CFHNO,False,True
2635,ok,True,63,CFHNO,False,True
2636,ok,True,50,BrCFHNO,True,True
2637,ok,True,50,BrCFHNO,True,True
2638,ok,True,65,CHNO,False,False
2639,ok,True,65,CHNO,False,False
264,ok,True,27,BrCHNO,True,True
2641,ok,True,62,CHNO,False,False
2643,ok,True,62,CHNO,False,False
2645,ok,True,68,CHNO,False,False
2646,ok,True,56,CClHNO,True,True
2647,ok,True,56,CClHNO,True,True
2648,ok,True,61,CHNO,False,False
2649,ok,True,61,CHNO,False,False
265,ok,True,31,CHNO,False,False
2650,ok,True,45,BrCClHNO,True,True
2651,ok,True,45,BrCClHNO,True,True
2652,ok,True,65,CHNO,False,False
2653,ok,True,65,CHNO,False,False
2654,ok,True,46,BrCHNO,True,True
2655,ok,True,46,BrCHNO,True,True
2656,ok,True,64,CHNO,False,False
2657,ok,True,64,CHNO,False,False
2658,ok,True,69,CHNO,False,False
2659,ok,True,69,CHNO,False,False
266,ok,True,31,CHNO,False,False
2660,ok,True,59,CClHNO,True,True
2661,ok,True,59,CClHNO,True,True
2662,ok,True,54,CClHNO,True,True
2663,ok,True,54,CClHNO,True,True
2664,ok,True,60,CFHNO,False,True
2665,ok,True,60,CFHNO,False,True
2666,ok,True,62,CHNO,False,False
2667,ok,True,62,CHNO,False,False
2668,ok,True,62,CHNO,False,False
2669,ok,True,62,CHNO,False,False
267,ok,True,28,CClHNO,True,True
2671,ok,True,65,CHNO,False,False
2672,ok,True,62,CHNO,False,False
2673,ok,True,62,CHNO,False,False
2674,ok,True,50,CClFHNO,True,True
2675,ok,True,50,CClFHNO,True,True
2678,ok,True,51,CFHNO,False,True
2679,ok,True,65,CHNO,False,False
268,ok,True,28,CClHNO,True,True
2680,ok,True,65,CHNO,False,False
2681,ok,True,60,CFHNO,False,True
2682,ok,True,60,CFHNO,False,True
2683,ok,True,52,CClFHNO,True,True
2684,ok,True,52,CClFHNO,True,True
2685,ok,True,60,CHNO,False,False
2686,ok,True,60,CHNO,False,False
2687,ok,True,62,CHNO,False,False
2688,ok,True,62,CHNO,False,False
2689,ok,True,61,CHNO,False,False
269,ok,True,33,CHNO,False,False
2690,ok,True,61,CHNO,False,False
2691,ok,True,61,CHNO,False,False
2692,ok,True,61,CHNO,False,False
2693,ok,True,64,CHNO,False,False
2694,ok,True,64,CHNO,False,False
2695,ok,True,54,CFHNO,False,True
2696,ok,True,54,CFHNO,False,True
2697,ok,True,57,BrCHNO,True,True
2698,ok,True,57,BrCHNO,True,True
2699,ok,True,51,BrCHNO,True,True
27,ok,True,29,CHNO,False,False
270,ok,True,33,CHNO,False,False
2700,ok,True,51,BrCHNO,True,True
2701,ok,True,50,BrCClHN,True,True
2702,ok,True,50,BrCClHN,True,True
2703,ok,True,60,CClHNO,True,True
2704,ok,True,60,CClHNO,True,True
2705,ok,True,50,BrCHNO,True,True
2706,ok,True,50,BrCHNO,True,True
2707,ok,True,64,CHNO,False,False
2708,ok,True,64,CHNO,False,False
2709,ok,True,51,CClHNO,True,True
271,ok,True,34,CHNO,False,False
2710,ok,True,51,CClHNO,True,True
2711,ok,True,65,CHNO,False,False
2712,ok,True,65,CHNO,False,False
2713,ok,True,67,CHNO,False,False
2714,ok,True,67,CHNO,False,False
2715,ok,True,67,CFHNO,False,True
2716,ok,True,67,CFHNO,False,True
2717,ok,True,59,CClHNO,True,True
2718,ok,True,59,CClHNO,True,True
2719,ok,True,69,CHNO,False,False
272,ok,True,34,CHNO,False,False
2720,ok,True,69,CHNO,False,False
2721,ok,True,59,CFHNO,False,True
2722,ok,True,59,CFHNO,False,True
2723,ok,True,56,CClHNO,True,True
2724,ok,True,56,CClHNO,True,True
2725,ok,True,61,CHNO,False,False
2726,ok,True,61,CHNO,False,False
2727,ok,True,62,CHNO,False,False
2728,ok,True,62,CHNO,False,False
2729,ok,True,63,CFHNO,False,True
273,ok,True,34,CHNO,False,False
2730,ok,True,63,CFHNO,False,True
2731,ok,True,61,CHNO,False,False
2732,ok,True,61,CHNO,False,False
2733,ok,True,48,BrCHNO,True,True
2734,ok,True,48,BrCHNO,True,True
2735,ok,True,72,CHNO,False,False
2736,ok,True,72,CHNO,False,False
2737,ok,True,72,CHNO,False,False
2738,ok,True,72,CHNO,False,False
2739,ok,True,59,BrCHNO,True,True
274,ok,True,34,CHNO,False,False
2740,ok,True,59,BrCHNO,True,True
2741,ok,True,67,CHNO,False,False
2742,ok,True,67,CHNO,False,False
2743,ok,True,60,CHNO,False,False
2744,ok,True,60,CHNO,False,False
2749,ok,True,52,CFHNO,False,True
275,ok,True,40,CHNO,False,False
2750,ok,True,52,CFHNO,False,True
2751,ok,True,61,CHNO,False,False
2752,ok,True,61,CHNO,False,False
2755,ok,True,63,CHNO,False,False
2757,ok,True,61,BrCHNO,True,True
2758,ok,True,61,BrCHNO,True,True
2759,ok,True,63,CHNO,False,False
276,ok,True,40,CHNO,False,False
2760,ok,True,63,CHNO,False,False
2761,ok,True,66,CHNO,False,False
2762,ok,True,66,CHNO,False,False
2763,ok,True,60,CClHNO,True,True
2764,ok,True,60,CClHNO,True,True
2765,ok,True,51,BrCHNO,True,True
2766,ok,True,51,BrCHNO,True,True
2768,ok,True,54,BrCFHNO,True,True
2769,ok,True,59,BrCHNO,True,True
2771,ok,True,55,CClHNO,True,True
2772,ok,True,68,CHNO,False,False
2773,ok,True,68,CHNO,False,False
2774,ok,True,62,CClHNO,True,True
2775,ok,True,62,CClHNO,True,True
2776,ok,True,53,BrCFHNO,True,True
2777,ok,True,53,BrCFHNO,True,True
2778,ok,True,64,CClHNO,True,True
2779,ok,True,64,CClHNO,True,True
278,ok,True,38,CHNO,False,False
2782,ok,True,56,CFHNO,False,True
2783,ok,True,56,CFHNO,False,True
2784,ok,True,49,BrCHNO,True,True
2785,ok,True,49,BrCHNO,True,True
2786,ok,True,60,CClHO,True,True
2787,ok,True,60,CClHO,True,True
2788,ok,True,60,CClHO,True,True
2789,ok,True,60,CClHO,True,True
279,ok,True,37,CHNO,False,False
2790,ok,True,60,CFHNO,False,True
2791,ok,True,60,CFHNO,False,True
2792,ok,True,56,BrCHNO,True,True
2793,ok,True,56,BrCHNO,True,True
2794,ok,True,54,CFHNO,False,True
2795,ok,True,54,CFHNO,False,True
2796,ok,True,61,CClHNO,True,True
2797,ok,True,61,CClHNO,True,True
2798,ok,True,58,CClHNO,True,True
2799,ok,True,58,CClHNO,True,True
28,ok,True,23,CFHNO,False,True
280,ok,True,37,CHNO,False,False
2800,ok,True,52,CFHO,False,True
2801,ok,True,64,CHNO,False,False
2802,ok,True,61,CHNO,False,False
2803,ok,True,61,CHNO,False,False
2804,ok,True,61,CHNO,False,False
2805,ok,True,61,CHNO,False,False
2806,ok,True,58,CFHNO,False,True
2808,ok,True,64,CHNO,False,False
2809,ok,True,64,CHNO,False,False
281,ok,True,33,CHNO,False,False
2810,ok,True,43,BrCFHNO,True,True
2811,ok,True,43,BrCFHNO,True,True
2812,ok,True,62,CClHNO,True,True
2813,ok,True,62,CClHNO,True,True
2814,ok,True,65,CHNO,False,False
2815,ok,True,65,CHNO,False,False
2816,ok,True,64,CHNO,False,False
2817,ok,True,64,CHNO,False,False
2818,ok,True,48,BrCFHNO,True,True
2819,ok,True,48,BrCFHNO,True,True
282,ok,True,33,CHNO,False,False
2820,ok,True,58,BrCFHNO,True,True
2821,ok,True,58,BrCFHNO,True,True
2822,ok,True,68,CHNO,False,False
2823,ok,True,68,CHNO,False,False
2824,ok,True,54,CFHNO,False,True
2825,ok,True,54,CFHNO,False,True
2826,ok,True,64,CHNO,False,False
2827,ok,True,64,CHNO,False,False
2828,ok,True,56,BrCFHO,True,True
2829,ok,True,56,BrCFHO,True,True
283,ok,True,34,CHNO,False,False
2830,ok,True,68,CHNO,False,False
2831,ok,True,68,CHNO,False,False
2832,ok,True,57,CFHNO,False,True
2833,ok,True,57,CFHNO,False,True
2834,ok,True,61,BrCHNO,True,True
2835,ok,True,61,BrCHNO,True,True
2836,ok,True,65,CHNO,False,False
2837,ok,True,65,CHNO,False,False
2838,ok,True,65,CFHNO,False,True
2839,ok,True,65,CFHNO,False,True
284,ok,True,34,CHNO,False,False
2840,ok,True,50,CFHNO,False,True
2841,ok,True,50,CFHNO,False,True
2842,ok,True,68,CHNO,False,False
2843,ok,True,68,CHNO,False,False
2844,ok,True,39,BrCFHNO,True,True
2846,ok,True,55,BrCHNO,True,True
2847,ok,True,55,BrCHNO,True,True
2848,ok,True,63,CFHNO,False,True
2849,ok,True,63,CFHNO,False,True
285,ok,True,34,CHNO,False,False
2850,ok,True,65,CHNO,False,False
2851,ok,True,65,CHNO,False,False
2852,ok,True,60,CFHNO,False,True
2853,ok,True,60,CFHNO,False,True
2854,ok,True,58,CFHNO,False,True
2855,ok,True,58,CFHNO,False,True
2856,ok,True,64,CFHNO,False,True
2857,ok,True,52,BrCHO,True,True
2858,ok,True,70,CHNO,False,False
2859,ok,True,70,CHNO,False,False
286,ok,True,34,CHNO,False,False
2860,ok,True,45,BrCFHNO,True,True
2861,ok,True,45,BrCFHNO,True,True
2862,ok,True,69,CHN,False,False
2863,ok,True,69,CHN,False,False
2864,ok,True,55,CClFHNO,True,True
2865,ok,True,55,CClFHNO,True,True
2866,ok,True,53,BrCHNO,True,True
2867,ok,True,53,BrCHNO,True,True
2868,ok,True,40,BrCHNO,True,True
2869,ok,True,40,BrCHNO,True,True
287,ok,True,32,CHNO,False,False
2870,ok,True,61,CClHO,True,True
2871,ok,True,61,CClHO,True,True
2872,ok,True,53,BrCClHNO,True,True
2873,ok,True,53,BrCClHNO,True,True
2874,ok,True,66,CHNO,False,False
2875,ok,True,66,CHNO,False,False
2876,ok,True,67,CHNO,False,False
2877,ok,True,67,CHNO,False,False
2878,ok,True,64,CClHNO,True,True
288,ok,True,32,CHNO,False,False
2880,ok,True,66,CHNO,False,False
2881,ok,True,66,CHNO,False,False
2882,ok,True,65,CHNO,False,False
2883,ok,True,65,CHNO,False,False
2884,ok,True,64,CClHNO,True,True
2885,ok,True,64,CClHNO,True,True
2886,ok,True,69,CHNO,False,False
2887,ok,True,69,CHNO,False,False
2888,ok,True,66,CHNO,False,False
2889,ok,True,66,CHNO,False,False
289,ok,True,32,CHNO,False,False
2890,ok,True,64,CClHNO,True,True
2891,ok,True,64,CClHNO,True,True
2892,ok,True,64,CClHNO,True,True
2893,ok,True,64,CClHNO,True,True
2894,ok,True,67,CHNO,False,False
2895,ok,True,68,CHNO,False,False
2896,ok,True,68,CHNO,False,False
2898,ok,True,65,CFHNO,False,True
2899,ok,True,66,CClHNO,True,True
29,ok,True,27,CHNO,False,False
290,ok,True,32,CHNO,False,False
2900,ok,True,66,CClHNO,True,True
2901,ok,True,63,CHNO,False,False
2902,ok,True,63,CHNO,False,False
2903,ok,True,72,CHNO,False,False
2905,ok,True,63,CFHO,False,True
2909,ok,True,64,CHNO,False,False
291,ok,True,36,CClHN,True,True
2910,ok,True,64,CHNO,False,False
2911,ok,True,65,CHNO,False,False
2912,ok,True,65,CHNO,False,False
2913,ok,True,72,CHNO,False,False
2914,ok,True,72,CHNO,False,False
2915,ok,True,68,CHNO,False,False
2916,ok,True,68,CHNO,False,False
2917,ok,True,67,CHNO,False,False
2918,ok,True,67,CHNO,False,False
2919,ok,True,58,BrCHNO,True,True
292,ok,True,36,CClHN,True,True
2920,ok,True,58,BrCHNO,True,True
2921,ok,True,60,CFHNO,False,True
2922,ok,True,60,CFHNO,False,True
2923,ok,True,72,CHNO,False,False
2924,ok,True,72,CHNO,False,False
2925,ok,True,59,BrCHNO,True,True
2926,ok,True,59,BrCHNO,True,True
2927,ok,True,60,CFHNO,False,True
2928,ok,True,60,CFHNO,False,True
2929,ok,True,65,CFHN,False,True
293,ok,True,37,CHNO,False,False
2930,ok,True,65,CFHN,False,True
2931,ok,True,70,CHNO,False,False
2932,ok,True,70,CHNO,False,False
2933,ok,True,67,CHNO,False,False
2934,ok,True,67,CHNO,False,False
2936,ok,True,60,CFHNO,False,True
2938,ok,True,56,BrCClFHNO,True,True
2939,ok,True,68,CFHNO,False,True
294,ok,True,37,CHNO,False,False
2940,ok,True,68,CFHNO,False,True
2941,ok,True,57,BrCClHNO,True,True
2942,ok,True,57,BrCClHNO,True,True
2943,ok,True,74,CHNO,False,False
2944,ok,True,74,CHNO,False,False
2947,ok,True,64,BrCHNO,True,True
2948,ok,True,64,BrCHNO,True,True
295,ok,True,37,CHNO,False,False
2951,ok,True,72,CHNO,False,False
2952,ok,True,72,CHNO,False,False
2953,ok,True,63,BrCHNO,True,True
2954,ok,True,63,BrCHNO,True,True
2955,ok,True,62,BrCHNO,True,True
2956,ok,True,62,BrCHNO,True,True
2957,ok,True,51,BrCClFHNO,True,True
2958,ok,True,51,BrCClFHNO,True,True
2959,ok,True,61,CClHNO,True,True
296,ok,True,37,CHNO,False,False
2961,ok,True,65,CFHNO,False,True
2962,ok,True,65,CFHNO,False,True
2963,ok,True,73,CHNO,False,False
2964,ok,True,73,CHNO,False,False
2967,ok,True,70,CHNO,False,False
2969,ok,True,66,CClHNO,True,True
297,ok,True,39,CHNO,False,False
2971,ok,True,60,CFHNO,False,True
2972,ok,True,73,CFHNO,False,True
2973,ok,True,73,CFHNO,False,True
2974,ok,True,68,CHNO,False,False
2975,ok,True,68,CHNO,False,False
2976,ok,True,69,CHNO,False,False
2977,ok,True,69,CHNO,False,False
2978,ok,True,74,CHNO,False,False
2979,ok,True,54,BrCHNO,True,True
298,ok,True,39,CHNO,False,False
2980,ok,True,54,BrCHNO,True,True
2981,ok,True,56,BrCFHNO,True,True
2982,ok,True,56,BrCFHNO,True,True
2983,ok,True,57,CFHNO,False,True
2984,ok,True,57,CFHNO,False,True
2985,ok,True,68,CFHNO,False,True
2986,ok,True,68,CFHNO,False,True
2987,ok,True,76,CHNO,False,False
2989,ok,True,55,CClFHNO,True,True
299,ok,True,26,BrCHNO,True,True
2990,ok,True,55,CClFHNO,True,True
2991,ok,True,54,BrCHNO,True,True
2992,ok,True,64,CClFHNO,True,True
2993,ok,True,64,CClFHNO,True,True
2994,ok,True,63,BrCClHNO,True,True
2995,ok,True,63,BrCClHNO,True,True
2996,ok,True,69,CFHNO,False,True
2997,ok,True,69,CFHNO,False,True
2999,ok,True,72,CHNO,False,False
3,ok,True,16,CHNO,False,False
30,ok,True,27,CHNO,False,False
300,ok,True,26,BrCHNO,True,True
3000,ok,True,60,BrCHNO,True,True
3001,ok,True,60,BrCHNO,True,True
3002,ok,True,73,CHNO,False,False
3003,ok,True,73,CHNO,False,False
3004,ok,True,58,CFHNO,False,True
3005,ok,True,58,CFHNO,False,True
3006,ok,True,72,CHNO,False,False
3007,ok,True,72,CHNO,False,False
3008,ok,True,55,BrCFHNO,True,True
3009,ok,True,55,BrCFHNO,True,True
301,ok,True,29,CClHNO,True,True
3010,ok,True,49,BrCHNO,True,True
3011,ok,True,49,BrCHNO,True,True
3012,ok,True,62,BrCHNO,True,True
3013,ok,True,62,BrCHNO,True,True
3014,ok,True,73,CHNO,False,False
3015,ok,True,73,CHNO,False,False
3016,ok,True,70,CHNO,False,False
3017,ok,True,57,CFHNO,False,True
3018,ok,True,57,CFHNO,False,True
3019,ok,True,67,CFHNO,False,True
302,ok,True,26,CFHNO,False,True
3020,ok,True,67,CFHNO,False,True
3021,ok,True,73,CHNO,False,False
3022,ok,True,73,CHNO,False,False
3024,ok,True,72,CHNO,False,False
3025,ok,True,49,BrCHNO,True,True
3027,ok,True,64,CClHNO,True,True
3028,ok,True,64,CClHNO,True,True
303,ok,True,26,CFHNO,False,True
3031,ok,True,47,BrCHNO,True,True
3032,ok,True,47,BrCHNO,True,True
3033,ok,True,71,CClHNO,True,True
3034,ok,True,71,CClHNO,True,True
3036,ok,True,61,CFHNO,False,True
3037,ok,True,47,BrCHNO,True,True
3038,ok,True,47,BrCHNO,True,True
3039,ok,True,69,CHNO,False,False
304,ok,True,32,CHNO,False,False
3040,ok,True,74,CHNO,False,False
3041,ok,True,74,CHNO,False,False
3042,ok,True,67,CClHNO,True,True
3043,ok,True,67,CClHNO,True,True
3045,ok,True,69,BrCHNO,True,True
3046,ok,True,61,CFHNO,False,True
3047,ok,True,61,CFHNO,False,True
3048,ok,True,71,CFHNO,False,True
3049,ok,True,71,CFHNO,False,True
305,ok,True,32,CHNO,False,False
3050,ok,True,61,CClFHNO,True,True
3051,ok,True,61,CClFHNO,True,True
3052,ok,True,63,CClFHNO,True,True
3053,ok,True,63,CClFHNO,True,True
3054,ok,True,58,BrCHNO,True,True
3055,ok,True,58,BrCHNO,True,True
3056,ok,True,60,BrCFHNO,True,True
3057,ok,True,60,BrCFHNO,True,True
3058,ok,True,59,BrCHNO,True,True
3059,ok,True,59,BrCHNO,True,True
306,ok,True,31,CClHNO,True,True
3060,ok,True,55,BrCHNO,True,True
3061,ok,True,55,BrCHNO,True,True
3062,ok,True,56,BrCHNO,True,True
3063,ok,True,56,BrCHNO,True,True
3064,ok,True,71,CHNO,False,False
3065,ok,True,71,CHNO,False,False
3066,ok,True,71,CHNO,False,False
3067,ok,True,71,CHNO,False,False
3068,ok,True,61,CFHO,False,True
3069,ok,True,71,CHNO,False,False
307,ok,True,31,CClHNO,True,True
3070,ok,True,71,CHNO,False,False
3071,ok,True,52,BrCFHNO,True,True
3072,ok,True,52,BrCFHNO,True,True
3073,ok,True,59,CFHNO,False,True
3075,ok,True,70,CFHNO,False,True
3078,ok,True,65,CFHNO,False,True
3079,ok,True,77,CFHNO,False,True
308,ok,True,36,CHNO,False,False
3080,ok,True,77,CFHNO,False,True
3081,ok,True,64,CFHNO,False,True
3082,ok,True,64,CFHNO,False,True
3083,ok,True,71,CHNO,False,False
3084,ok,True,71,CHNO,False,False
3086,ok,True,68,CClHNO,True,True
3087,ok,True,68,CClHNO,True,True
3088,ok,True,73,CHNO,False,False
3089,ok,True,73,CHNO,False,False
309,ok,True,36,CHNO,False,False
3090,ok,True,73,CFHNO,False,True
3091,ok,True,73,CFHNO,False,True
3092,ok,True,67,CFHNO,False,True
3093,ok,True,67,CFHNO,False,True
3094,ok,True,69,CClHNO,True,True
3095,ok,True,69,CClHNO,True,True
3096,ok,True,55,BrCFHNO,True,True
3097,ok,True,55,BrCFHNO,True,True
3098,ok,True,80,CHNO,False,False
3099,ok,True,80,CHNO,False,False
31,ok,True,20,CFHNO,False,True
310,ok,True,34,CFHNO,False,True
3100,ok,True,67,CFHNO,False,True
3101,ok,True,67,CFHNO,False,True
3102,ok,True,56,BrCHNO,True,True
3103,ok,True,56,BrCHNO,True,True
3104,ok,True,52,BrCHNO,True,True
3105,ok,True,52,BrCHNO,True,True
3106,ok,True,75,CHNO,False,False
3108,ok,True,63,CFHNO,False,True
3109,ok,True,63,CFHNO,False,True
311,ok,True,34,CFHNO,False,True
3110,ok,True,69,CClHNO,True,True
3111,ok,True,69,CClHNO,True,True
3112,ok,True,55,BrCHNO,True,True
3113,ok,True,59,BrCHNO,True,True
3114,ok,True,61,CFHNO,False,True
3115,ok,True,61,CFHNO,False,True
3117,ok,True,64,BrCHNO,True,True
3118,ok,True,64,BrCHNO,True,True
3119,ok,True,60,BrCHNO,True,True
312,ok,True,34,CFHNO,False,True
3120,ok,True,60,BrCHNO,True,True
3121,ok,True,67,BrCFHNO,True,True
3124,ok,True,74,CHNO,False,False
3125,ok,True,77,CFHNO,False,True
3126,ok,True,77,CFHNO,False,True
3127,ok,True,51,BrCHNO,True,True
3128,ok,True,51,BrCHNO,True,True
313,ok,True,34,CFHNO,False,True
3130,ok,True,77,CHNO,False,False
3131,ok,True,67,CFHNO,False,True
3132,ok,True,67,CFHNO,False,True
3133,ok,True,77,CHNO,False,False
3134,ok,True,77,CHNO,False,False
3135,ok,True,62,BrCHNO,True,True
3136,ok,True,62,BrCHNO,True,True
3137,ok,True,75,CHNO,False,False
3138,ok,True,75,CHNO,False,False
3139,ok,True,64,BrCClHNO,True,True
314,ok,True,36,CHNO,False,False
3140,ok,True,64,BrCClHNO,True,True
3141,ok,True,62,CFHNO,False,True
3142,ok,True,62,CFHNO,False,True
3143,ok,True,60,BrCFHNO,True,True
3144,ok,True,60,BrCFHNO,True,True
3145,ok,True,63,CFHNO,False,True
3146,ok,True,63,CFHNO,False,True
3147,ok,True,55,BrCFHN,True,True
3148,ok,True,55,BrCFHN,True,True
3149,ok,True,70,CFHNO,False,True
315,ok,True,31,CClHNO,True,True
3150,ok,True,70,CFHNO,False,True
3151,ok,True,66,CClFHNO,True,True
3152,ok,True,66,CClFHNO,True,True
3153,ok,True,76,CHNO,False,False
3154,ok,True,76,CHNO,False,False
3156,ok,True,71,BrCHNO,True,True
3157,ok,True,60,BrCHO,True,True
3158,ok,True,60,BrCHO,True,True
3159,ok,True,66,BrCHNO,True,True
316,ok,True,31,CClHNO,True,True
3160,ok,True,66,BrCHNO,True,True
3161,ok,True,69,CFHNO,False,True
3162,ok,True,69,CFHNO,False,True
3163,ok,True,74,BrCHNO,True,True
3166,ok,True,81,CFHNO,False,True
3167,ok,True,67,CFHNO,False,True
3168,ok,True,67,CFHNO,False,True
3169,ok,True,56,BrCFHNO,True,True
317,ok,True,31,CClHNO,True,True
3170,ok,True,56,BrCFHNO,True,True
3171,ok,True,52,BrCClHNO,True,True
3172,ok,True,52,BrCClHNO,True,True
3173,ok,True,72,CFHNO,False,True
3174,ok,True,79,CFHNO,False,True
3175,ok,True,79,CFHNO,False,True
3176,ok,True,73,BrCHNO,True,True
3177,ok,True,73,BrCHNO,True,True
3178,ok,True,74,BrCHNO,True,True
3179,ok,True,74,BrCHNO,True,True
3180,ok,True,84,CHNO,False,False
3181,ok,True,84,CHNO,False,False
3182,ok,True,83,CHNO,False,False
3184,ok,True,62,BrCFHNO,True,True
3185,ok,True,62,BrCFHNO,True,True
3186,ok,True,83,CFHNO,False,True
3187,ok,True,83,CFHNO,False,True
3188,ok,True,72,CFHNO,False,True
3189,ok,True,72,CFHNO,False,True
319,ok,True,36,CHNO,False,False
3190,ok,True,58,BrCFHNO,True,True
3191,ok,True,58,BrCFHNO,True,True
3192,ok,True,77,BrCHNO,True,True
3193,ok,True,77,BrCHNO,True,True
3194,ok,True,81,CFHNO,False,True
3195,ok,True,81,CFHNO,False,True
3196,ok,True,59,BrCHNO,True,True
3197,ok,True,59,BrCHNO,True,True
3199,ok,True,78,BrCHO,True,True
320,ok,True,36,CHNO,False,False
3200,ok,True,82,CFHNO,False,True
3201,ok,True,82,CFHNO,False,True
3202,ok,True,70,BrCHNO,True,True
3203,ok,True,70,BrCHNO,True,True
3204,ok,True,77,BrCFHNO,True,True
3205,ok,True,77,BrCFHNO,True,True
3207,ok,True,86,CClHNO,True,True
3208,ok,True,86,CClHNO,True,True
3209,ok,True,89,CFHNO,False,True
321,ok,True,30,BrCHNO,True,True
3210,ok,True,89,CFHNO,False,True
3211,ok,True,94,CHNO,False,False
3212,ok,True,91,CHNO,False,False
3214,ok,True,86,BrCHNO,True,True
3215,ok,True,86,BrCHNO,True,True
3216,ok,True,15,CHN,False,False
3217,ok,True,14,CHN,False,False
3218,ok,True,15,CHN,False,False
322,ok,True,30,BrCHNO,True,True
3220,ok,True,15,CHNO,False,False
3221,ok,True,15,CHNO,False,False
3222,ok,True,20,CHN,False,False
3223,ok,True,19,CHN,False,False
3224,ok,True,18,CHNO,False,False
3225,ok,True,24,CHN,False,False
3226,ok,True,17,CHN,False,False
3227,ok,True,19,CHNO,False,False
3228,ok,True,17,CHNO,False,False
3229,ok,True,24,CHN,False,False
323,ok,True,38,CHNO,False,False
3232,ok,True,21,CHN,False,False
3233,ok,True,22,CHN,False,False
3234,ok,True,22,CHN,False,False
3235,ok,True,22,CHNO,False,False
3237,ok,True,23,CHNO,False,False
3238,ok,True,23,CHNO,False,False
3239,ok,True,25,CHNO,False,False
3242,ok,True,18,CHNO,False,False
3243,ok,True,29,CHN,False,False
3244,ok,True,21,CHN,False,False
3248,ok,True,19,CHNO,False,False
325,ok,True,32,CFHO,False,True
3250,ok,True,23,CHNO,False,False
3253,ok,True,25,CHNO,False,False
3254,ok,True,25,CHNO,False,False
3255,ok,True,26,CHNO,False,False
3257,ok,True,23,CHNO,False,False
3258,ok,True,23,CHNO,False,False
3259,ok,True,27,CHN,False,False
326,ok,True,32,CFHO,False,True
3260,ok,True,22,CHNO,False,False
3261,ok,True,23,CHNO,False,False
3262,ok,True,26,CHN,False,False
3263,ok,True,24,CHNO,False,False
3264,ok,True,27,CHN,False,False
3265,ok,True,25,CHNO,False,False
3266,ok,True,23,CHN,False,False
3269,ok,True,24,CHNO,False,False
327,ok,True,37,CHNO,False,False
3270,ok,True,28,CHNO,False,False
3271,ok,True,28,CHNO,False,False
3273,ok,True,24,CHN,False,False
3274,ok,True,27,CHNO,False,False
3275,ok,True,28,CHNO,False,False
3276,ok,True,25,CHNO,False,False
3279,ok,True,31,CHN,False,False
328,ok,True,37,CHNO,False,False
3280,ok,True,25,CHN,False,False
3281,ok,True,26,CHN,False,False
3282,ok,True,23,CHNO,False,False
3283,ok,True,22,CHNO,False,False
3284,ok,True,23,CHNO,False,False
3285,ok,True,25,CHNO,False,False
3287,ok,True,23,CHNO,False,False
3288,ok,True,23,CHN,False,False
3289,ok,True,24,CHNO,False,False
329,ok,True,37,CHNO,False,False
3291,ok,True,24,CHNO,False,False
3293,ok,True,27,CHNO,False,False
3294,ok,True,25,CHNO,False,False
3295,ok,True,27,CHNO,False,False
3296,ok,True,30,CHN,False,False
3297,ok,True,28,CHNO,False,False
3299,ok,True,25,CHN,False,False
33,ok,True,21,CFHNO,False,True
330,ok,True,37,CHNO,False,False
3300,ok,True,27,CHNO,False,False
3304,ok,True,27,CHNO,False,False
3305,ok,True,28,CHNO,False,False
3306,ok,True,26,CHN,False,False
3307,ok,True,29,CHNO,False,False
3308,ok,True,31,CHNO,False,False
3309,ok,True,23,CHNO,False,False
331,ok,True,39,CHNO,False,False
3312,ok,True,29,CHNO,False,False
3313,ok,True,29,CHNO,False,False
3314,ok,True,24,CHNO,False,False
3315,ok,True,27,CHNO,False,False
3316,ok,True,27,CHNO,False,False
3317,ok,True,28,CHN,False,False
3318,ok,True,29,CHN,False,False
3319,ok,True,26,CHNO,False,False
332,ok,True,39,CHNO,False,False
3320,ok,True,28,CHN,False,False
3321,ok,True,26,CHNO,False,False
3322,ok,True,30,CHN,False,False
3323,ok,True,22,CHNO,False,False
3324,ok,True,27,CHNO,False,False
3328,ok,True,28,CHNO,False,False
3329,ok,True,24,CHNO,False,False
3330,ok,True,21,CHNO,False,False
3331,ok,True,28,CHNO,False,False
3332,ok,True,22,CHNO,False,False
3333,ok,True,27,CHNO,False,False
3334,ok,True,24,CHNO,False,False
3335,ok,True,24,CHNO,False,False
3336,ok,True,28,CHNO,False,False
3337,ok,True,27,CHNO,False,False
3338,ok,True,27,CHNO,False,False
3339,ok,True,23,CHNO,False,False
334,ok,True,35,CHNO,False,False
3340,ok,True,25,CHNO,False,False
3341,ok,True,27,CHNO,False,False
3342,ok,True,27,CHNO,False,False
3343,ok,True,28,CHNO,False,False
3344,ok,True,27,CHNO,False,False
3345,ok,True,30,CHN,False,False
3346,ok,True,30,CHN,False,False
3347,ok,True,30,CHN,False,False
3348,ok,True,30,CHN,False,False
3349,ok,True,30,CHN,False,False
335,ok,True,29,CClHO,True,True
3350,ok,True,30,CHN,False,False
3351,ok,True,29,CHNO,False,False
3352,ok,True,29,CHNO,False,False
3353,ok,True,28,CHNO,False,False
3354,ok,True,28,CHNO,False,False
3355,ok,True,32,CHNO,False,False
3356,ok,True,29,CHNO,False,False
3357,ok,True,26,CHNO,False,False
3358,ok,True,25,CHNO,False,False
3359,ok,True,22,CHNO,False,False
336,ok,True,30,CHNO,False,False
3360,ok,True,29,CHNO,False,False
3361,ok,True,32,CHNO,False,False
3362,ok,True,22,CHNO,False,False
3363,ok,True,25,CHNO,False,False
3364,ok,True,27,CHNO,False,False
3365,ok,True,27,CHNO,False,False
3366,ok,True,22,CHNO,False,False
3367,ok,True,31,CHNO,False,False
3368,ok,True,27,CHNO,False,False
3369,ok,True,27,CHNO,False,False
337,ok,True,30,CHNO,False,False
3370,ok,True,27,CHNO,False,False
3371,ok,True,22,CHNO,False,False
3376,ok,True,30,CHNO,False,False
3377,ok,True,30,CHNO,False,False
3379,ok,True,33,CHNO,False,False
338,ok,True,36,CHNO,False,False
3380,ok,True,26,CHNO,False,False
3381,ok,True,31,CHO,False,False
3382,ok,True,25,CHNO,False,False
3383,ok,True,31,CHN,False,False
3384,ok,True,21,CHNO,False,False
3385,ok,True,29,CHN,False,False
3386,ok,True,25,CHNO,False,False
3387,ok,True,22,CHNO,False,False
3388,ok,True,28,CHNO,False,False
3389,ok,True,27,CHNO,False,False
339,ok,True,36,CHNO,False,False
3390,ok,True,32,CHN,False,False
3391,ok,True,32,CHN,False,False
3392,ok,True,24,CHO,False,False
3393,ok,True,20,CHNO,False,False
3394,ok,True,28,CHNO,False,False
34,ok,True,21,CFHNO,False,True
340,ok,True,39,CHNO,False,False
3400,ok,True,26,CHO,False,False
3401,ok,True,27,CHNO,False,False
3402,ok,True,28,CHNO,False,False
3403,ok,True,28,CHNO,False,False
3405,ok,True,28,CHO,False,False
3407,ok,True,29,CHNO,False,False
3408,ok,True,29,CHNO,False,False
341,ok,True,39,CHNO,False,False
3410,ok,True,32,CHNO,False,False
3411,ok,True,28,CHNO,False,False
3412,ok,True,25,CHNO,False,False
3413,ok,True,29,CHNO,False,False
3414,ok,True,25,CHNO,False,False
3415,ok,True,29,CHNO,False,False
3416,ok,True,29,CHNO,False,False
3417,ok,True,31,CHNO,False,False
3418,ok,True,29,CHNO,False,False
3419,ok,True,29,CHN,False,False
3420,ok,True,32,CHNO,False,False
3421,ok,True,31,CHNO,False,False
3422,ok,True,30,CHNO,False,False
3432,ok,True,29,CHNO,False,False
3433,ok,True,32,CHNO,False,False
3434,ok,True,30,CHNO,False,False
3435,ok,True,31,CHNO,False,False
3436,ok,True,24,CHNO,False,False
3437,ok,True,30,CHNO,False,False
3438,ok,True,25,CHNO,False,False
3439,ok,True,27,CHNO,False,False
344,ok,True,32,CHNO,False,False
3440,ok,True,35,CHNO,False,False
3441,ok,True,29,CHNO,False,False
3449,ok,True,24,CHNO,False,False
345,ok,True,32,CHNO,False,False
3450,ok,True,23,CHNO,False,False
3451,ok,True,36,CHO,False,False
3452,ok,True,35,CHNO,False,False
3453,ok,True,27,CHNO,False,False
3454,ok,True,27,CHNO,False,False
3455,ok,True,29,CHNO,False,False
3456,ok,True,29,CHNO,False,False
3457,ok,True,35,CHNO,False,False
3458,ok,True,26,CHNO,False,False
3459,ok,True,28,CHNO,False,False
346,ok,True,37,CHNO,False,False
3460,ok,True,26,CHNO,False,False
3461,ok,True,27,CHNO,False,False
3462,ok,True,20,CHNO,False,False
3463,ok,True,35,CHNO,False,False
3464,ok,True,36,CHNO,False,False
3465,ok,True,33,CHN,False,False
3467,ok,True,29,CHNO,False,False
3468,ok,True,20,CHNO,False,False
347,ok,True,37,CHNO,False,False
3470,ok,True,24,CHNO,False,False
3475,ok,True,28,CHNO,False,False
3476,ok,True,28,CHNO,False,False
3477,ok,True,23,CHNO,False,False
3478,ok,True,31,CHNO,False,False
348,ok,True,33,CFHNO,False,True
3482,ok,True,35,CHO,False,False
3483,ok,True,23,CHNO,False,False
3484,ok,True,30,CHNO,False,False
3485,ok,True,30,CHNO,False,False
3486,ok,True,25,CHNO,False,False
3487,ok,True,26,CHNO,False,False
3488,ok,True,24,CHNO,False,False
3489,ok,True,25,CHNO,False,False
349,ok,True,33,CFHNO,False,True
3490,ok,True,29,CHNO,False,False
3491,ok,True,25,CHNO,False,False
3492,ok,True,34,CHN,False,False
3493,ok,True,26,CHNO,False,False
3494,ok,True,32,CHN,False,False
3495,ok,True,34,CHNO,False,False
3496,ok,True,31,CHNO,False,False
3497,ok,True,32,CHNO,False,False
3499,ok,True,33,CHNO,False,False
35,ok,True,28,CFHNO,False,True
350,ok,True,38,CFHN,False,True
3500,ok,True,33,CHNO,False,False
3501,ok,True,30,CHNO,False,False
3502,ok,True,32,CHNO,False,False
3503,ok,True,38,CHN,False,False
3504,ok,True,38,CHN,False,False
3505,ok,True,38,CHN,False,False
3506,ok,True,38,CHN,False,False
3507,ok,True,38,CHN,False,False
3508,ok,True,38,CHN,False,False
351,ok,True,38,CFHN,False,True
3510,ok,True,34,CHNO,False,False
3511,ok,True,32,CHNO,False,False
3512,ok,True,32,CHNO,False,False
3513,ok,True,33,CHNO,False,False
3514,ok,True,31,CHNO,False,False
3515,ok,True,22,CHNO,False,False
3516,ok,True,34,CHNO,False,False
3517,ok,True,29,CHNO,False,False
3518,ok,True,33,CHNO,False,False
3519,ok,True,28,CHNO,False,False
352,ok,True,39,CHNO,False,False
3520,ok,True,30,CHNO,False,False
3521,ok,True,33,CHNO,False,False
3524,ok,True,30,CHNO,False,False
3526,ok,True,31,CHNO,False,False
353,ok,True,39,CHNO,False,False
3530,ok,True,34,CHNO,False,False
3531,ok,True,24,CHNO,False,False
3532,ok,True,36,CHNO,False,False
3533,ok,True,36,CHNO,False,False
3534,ok,True,36,CHNO,False,False
3535,ok,True,32,CHNO,False,False
3536,ok,True,32,CHNO,False,False
3537,ok,True,39,CHO,False,False
3538,ok,True,39,CHO,False,False
354,ok,True,36,CHNO,False,False
3543,ok,True,33,CHNO,False,False
3544,ok,True,34,CHNO,False,False
3545,ok,True,29,CHNO,False,False
3546,ok,True,31,CHNO,False,False
3547,ok,True,31,CHO,False,False
3548,ok,True,33,CHNO,False,False
3549,ok,True,33,CHO,False,False
355,ok,True,36,CHNO,False,False
3550,ok,True,33,CHNO,False,False
3551,ok,True,33,CHNO,False,False
3552,ok,True,31,CHNO,False,False
3554,ok,True,33,CHNO,False,False
3555,ok,True,35,CHNO,False,False
3556,ok,True,35,CHNO,False,False
3557,ok,True,39,CHN,False,False
3558,ok,True,36,CHNO,False,False
3559,ok,True,30,CHNO,False,False
356,ok,True,36,CHNO,False,False
3560,ok,True,28,CHNO,False,False
3561,ok,True,28,CHNO,False,False
3562,ok,True,37,CHNO,False,False
3565,ok,True,32,CHN,False,False
3567,ok,True,26,CHNO,False,False
3568,ok,True,34,CHNO,False,False
3569,ok,True,31,CHNO,False,False
357,ok,True,36,CHNO,False,False
3571,ok,True,33,CHNO,False,False
3572,ok,True,27,CHNO,False,False
3573,ok,True,34,CHO,False,False
3574,ok,True,31,CHNO,False,False
3575,ok,True,28,CHNO,False,False
3576,ok,True,25,CHNO,False,False
3578,ok,True,34,CHNO,False,False
3579,ok,True,31,CHNO,False,False
358,ok,True,37,CFHNO,False,True
3580,ok,True,30,CHN,False,False
3581,ok,True,27,CHNO,False,False
3582,ok,True,32,CHNO,False,False
3583,ok,True,37,CHNO,False,False
3584,ok,True,27,CHNO,False,False
3585,ok,True,30,CHNO,False,False
3586,ok,True,33,CHNO,False,False
3587,ok,True,30,CHNO,False,False
3588,ok,True,38,CHNO,False,False
3589,ok,True,32,CHNO,False,False
359,ok,True,37,CFHNO,False,True
3592,ok,True,31,CHNO,False,False
3593,ok,True,31,CHNO,False,False
3594,ok,True,31,CHNO,False,False
3595,ok,True,34,CHNO,False,False
3596,ok,True,34,CHNO,False,False
3597,ok,True,34,CHNO,False,False
3598,ok,True,34,CHNO,False,False
3599,ok,True,34,CHNO,False,False
36,ok,True,28,CFHNO,False,True
360,ok,True,33,CHNO,False,False
3601,ok,True,30,CHNO,False,False
3602,ok,True,27,CHNO,False,False
3603,ok,True,24,CHNO,False,False
3604,ok,True,33,CHNO,False,False
3605,ok,True,28,CHNO,False,False
3606,ok,True,31,CHNO,False,False
3608,ok,True,34,CHNO,False,False
361,ok,True,33,CHNO,False,False
3610,ok,True,34,CHNO,False,False
3611,ok,True,34,CHNO,False,False
3612,ok,True,34,CHNO,False,False
3613,ok,True,34,CHNO,False,False
3614,ok,True,38,CHO,False,False
3616,ok,True,31,CHNO,False,False
3617,ok,True,32,CHNO,False,False
3618,ok,True,33,CHNO,False,False
3619,ok,True,33,CHNO,False,False
362,ok,True,34,CHNO,False,False
3620,ok,True,33,CHNO,False,False
3621,ok,True,33,CHNO,False,False
3622,ok,True,33,CHNO,False,False
3623,ok,True,33,CHNO,False,False
3624,ok,True,30,CHNO,False,False
3625,ok,True,33,CHNO,False,False
3626,ok,True,33,CHNO,False,False
3627,ok,True,33,CHNO,False,False
3628,ok,True,33,CHNO,False,False
3629,ok,True,33,CHNO,False,False
363,ok,True,34,CHNO,False,False
3630,ok,True,33,CHNO,False,False
3633,ok,True,36,CHNO,False,False
3634,ok,True,36,CHNO,False,False
3635,ok,True,36,CHNO,False,False
3636,ok,True,36,CHNO,False,False
3637,ok,True,36,CHNO,False,False
3638,ok,True,36,CHNO,False,False
3639,ok,True,32,CHNO,False,False
364,ok,True,32,CHNO,False,False
3640,ok,True,24,CHNO,False,False
3641,ok,True,36,CHNO,False,False
3642,ok,True,36,CHNO,False,False
3643,ok,True,36,CHNO,False,False
3644,ok,True,36,CHNO,False,False
3645,ok,True,36,CHNO,False,False
3646,ok,True,36,CHNO,False,False
3648,ok,True,36,CHNO,False,False
3649,ok,True,36,CHNO,False,False
365,ok,True,32,CHNO,False,False
3650,ok,True,36,CHNO,False,False
3651,ok,True,36,CHNO,False,False
3652,ok,True,36,CHNO,False,False
3653,ok,True,36,CHNO,False,False
3654,ok,True,32,CHNO,False,False
3655,ok,True,29,CHNO,False,False
3658,ok,True,32,CHNO,False,False
3659,ok,True,36,CHNO,False,False
366,ok,True,36,CHNO,False,False
3660,ok,True,36,CHNO,False,False
3663,ok,True,39,CHNO,False,False
3665,ok,True,39,CHNO,False,False
3666,ok,True,39,CHNO,False,False
3667,ok,True,39,CHNO,False,False
3668,ok,True,39,CHNO,False,False
3669,ok,True,35,CHNO,False,False
367,ok,True,27,BrCClHNO,True,True
3671,ok,True,36,CHNO,False,False
3672,ok,True,36,CHNO,False,False
3673,ok,True,36,CHNO,False,False
3674,ok,True,36,CHNO,False,False
3675,ok,True,28,CHNO,False,False
3676,ok,True,33,CHNO,False,False
3677,ok,True,23,CHNO,False,False
3678,ok,True,29,CHNO,False,False
3679,ok,True,22,CHNO,False,False
368,ok,True,27,BrCClHNO,True,True
3680,ok,True,31,CHNO,False,False
3681,ok,True,31,CHNO,False,False
3682,ok,True,32,CHNO,False,False
3683,ok,True,31,CHNO,False,False
3684,ok,True,29,CHNO,False,False
3686,ok,True,33,CHNO,False,False
3688,ok,True,29,CHNO,False,False
3689,ok,True,32,CHNO,False,False
369,ok,True,42,CHNO,False,False
3690,ok,True,24,CHNO,False,False
3691,ok,True,36,CHNO,False,False
3692,ok,True,22,CHNO,False,False
3694,ok,True,27,CHNO,False,False
3695,ok,True,36,CHNO,False,False
3696,ok,True,36,CHNO,False,False
3697,ok,True,36,CHNO,False,False
3698,ok,True,36,CHNO,False,False
3699,ok,True,25,CHNO,False,False
37,ok,True,28,CFHNO,False,True
3700,ok,True,34,CHNO,False,False
3701,ok,True,35,CHNO,False,False
371,ok,True,34,CFHNO,False,True
3710,ok,True,35,CHNO,False,False
3713,ok,True,25,CHNO,False,False
3714,ok,True,37,CHNO,False,False
3715,ok,True,35,CHNO,False,False
3716,ok,True,34,CHNO,False,False
3717,ok,True,35,CHN,False,False
3718,ok,True,25,CHNO,False,False
3719,ok,True,38,CHNO,False,False
372,ok,True,34,CFHNO,False,True
3720,ok,True,25,CHNO,False,False
3721,ok,True,23,CHNO,False,False
3722,ok,True,36,CHO,False,False
3724,ok,True,34,CHNO,False,False
3726,ok,True,34,CHNO,False,False
3727,ok,True,34,CHNO,False,False
3728,ok,True,34,CHNO,False,False
373,ok,True,34,CFHNO,False,True
3730,ok,True,35,CHNO,False,False
3731,ok,True,33,CHNO,False,False
3732,ok,True,26,CHNO,False,False
3733,ok,True,37,CHNO,False,False
3734,ok,True,29,CHNO,False,False
3735,ok,True,29,CHNO,False,False
3736,ok,True,36,CHNO,False,False
3737,ok,True,33,CHO,False,False
3738,ok,True,23,CHNO,False,False
3739,ok,True,37,CHN,False,False
374,ok,True,34,CFHNO,False,True
3740,ok,True,30,CHNO,False,False
3741,ok,True,36,CHNO,False,False
3742,ok,True,38,CHO,False,False
3743,ok,True,29,CHNO,False,False
3744,ok,True,29,CHNO,False,False
3745,ok,True,34,CHNO,False,False
3746,ok,True,37,CHNO,False,False
3747,ok,True,37,CHNO,False,False
3748,ok,True,25,CHNO,False,False
3749,ok,True,36,CHN,False,False
375,ok,True,39,CHNO,False,False
3750,ok,True,36,CHN,False,False
3751,ok,True,36,CHN,False,False
3752,ok,True,36,CHN,False,False
3753,ok,True,36,CHN,False,False
3754,ok,True,36,CHN,False,False
3755,ok,True,37,CHNO,False,False
3759,ok,True,35,CHN,False,False
376,ok,True,39,CHNO,False,False
3765,ok,True,31,CHNO,False,False
3766,ok,True,23,CHNO,False,False
3768,ok,True,41,CHNO,False,False
3769,ok,True,31,CHNO,False,False
377,ok,True,41,CClHNO,True,True
3770,ok,True,36,CHNO,False,False
3771,ok,True,32,CHNO,False,False
3772,ok,True,36,CHNO,False,False
3773,ok,True,33,CHNO,False,False
3774,ok,True,35,CHNO,False,False
3775,ok,True,35,CHNO,False,False
3776,ok,True,35,CHNO,False,False
3777,ok,True,35,CHNO,False,False
3778,ok,True,35,CHNO,False,False
3779,ok,True,35,CHNO,False,False
378,ok,True,41,CClHNO,True,True
3780,ok,True,31,CHNO,False,False
3781,ok,True,32,CHNO,False,False
3782,ok,True,32,CHNO,False,False
3783,ok,True,32,CHNO,False,False
3784,ok,True,32,CHNO,False,False
3785,ok,True,30,CHNO,False,False
3786,ok,True,30,CHNO,False,False
3787,ok,True,37,CHNO,False,False
3789,ok,True,25,CHO,False,False
379,ok,True,33,CFHNO,False,True
3790,ok,True,34,CHNO,False,False
3791,ok,True,31,CHNO,False,False
3792,ok,True,36,CHNO,False,False
3795,ok,True,32,CHNO,False,False
3796,ok,True,32,CHNO,False,False
3797,ok,True,32,CHNO,False,False
3798,ok,True,31,CHO,False,False
3799,ok,True,42,CHN,False,False
38,ok,True,28,CFHNO,False,True
380,ok,True,33,CFHNO,False,True
3800,ok,True,33,CHNO,False,False
3801,ok,True,29,CHNO,False,False
3802,ok,True,33,CHNO,False,False
3803,ok,True,33,CHNO,False,False
3806,ok,True,35,CHNO,False,False
3807,ok,True,37,CHN,False,False
3808,ok,True,32,CHNO,False,False
381,ok,True,34,CHNO,False,False
3810,ok,True,32,CHNO,False,False
3812,ok,True,32,CHNO,False,False
3813,ok,True,34,CHN,False,False
3814,ok,True,30,CHNO,False,False
3815,ok,True,30,CHNO,False,False
3818,ok,True,35,CHNO,False,False
382,ok,True,34,CHNO,False,False
3820,ok,True,29,CHNO,False,False
3821,ok,True,35,CHNO,False,False
3823,ok,True,35,CHNO,False,False
3824,ok,True,39,CHNO,False,False
3825,ok,True,39,CHNO,False,False
3826,ok,True,39,CHNO,False,False
3827,ok,True,39,CHNO,False,False
3828,ok,True,39,CHNO,False,False
3829,ok,True,39,CHNO,False,False
383,ok,True,32,CFHNO,False,True
3830,ok,True,35,CHNO,False,False
3831,ok,True,35,CHNO,False,False
3832,ok,True,33,CHNO,False,False
3833,ok,True,37,CHNO,False,False
3834,ok,True,29,CHNO,False,False
3835,ok,True,31,CHNO,False,False
3836,ok,True,31,CHNO,False,False
3838,ok,True,35,CHNO,False,False
3839,ok,True,35,CHNO,False,False
384,ok,True,37,CHNO,False,False
3840,ok,True,30,CHNO,False,False
3841,ok,True,33,CHN,False,False
3842,ok,True,38,CHNO,False,False
3843,ok,True,38,CHNO,False,False
3844,ok,True,38,CHNO,False,False
3845,ok,True,38,CHNO,False,False
3846,ok,True,38,CHNO,False,False
3847,ok,True,38,CHNO,False,False
3848,ok,True,31,CHNO,False,False
3849,ok,True,31,CHNO,False,False
385,ok,True,37,CHNO,False,False
3850,ok,True,34,CHNO,False,False
3851,ok,True,35,CHNO,False,False
3852,ok,True,35,CHNO,False,False
3853,ok,True,29,CHNO,False,False
3854,ok,True,37,CHNO,False,False
3856,ok,True,36,CHNO,False,False
3863,ok,True,39,CHNO,False,False
3864,ok,True,41,CHNO,False,False
3865,ok,True,36,CHNO,False,False
3866,ok,True,38,CHNO,False,False
3867,ok,True,27,CHNO,False,False
3868,ok,True,26,CHNO,False,False
3869,ok,True,40,CHNO,False,False
387,ok,True,32,BrCClHN,True,True
3870,ok,True,40,CHNO,False,False
3871,ok,True,26,CHNO,False,False
3872,ok,True,27,CHNO,False,False
3873,ok,True,31,CHNO,False,False
3874,ok,True,37,CHNO,False,False
3876,ok,True,40,CHN,False,False
3877,ok,True,28,CHNO,False,False
3879,ok,True,36,CHO,False,False
388,ok,True,36,CHNO,False,False
3880,ok,True,38,CHNO,False,False
3882,ok,True,37,CHNO,False,False
3883,ok,True,37,CHNO,False,False
3884,ok,True,37,CHNO,False,False
3885,ok,True,37,CHNO,False,False
3886,ok,True,37,CHNO,False,False
3887,ok,True,36,CHNO,False,False
3888,ok,True,31,CHNO,False,False
3889,ok,True,39,CHN,False,False
389,ok,True,36,CHNO,False,False
3890,ok,True,27,CHNO,False,False
3891,ok,True,36,CHNO,False,False
3892,ok,True,36,CHNO,False,False
3893,ok,True,36,CHNO,False,False
3894,ok,True,36,CHNO,False,False
3895,ok,True,36,CHNO,False,False
3896,ok,True,36,CHNO,False,False
3897,ok,True,38,CHNO,False,False
3898,ok,True,38,CHNO,False,False
3899,ok,True,40,CHNO,False,False
390,ok,True,26,BrCHNO,True,True
3900,ok,True,39,CHNO,False,False
3901,ok,True,32,CHNO,False,False
3902,ok,True,33,CHNO,False,False
3903,ok,True,35,CHNO,False,False
3904,ok,True,35,CHNO,False,False
3905,ok,True,35,CHNO,False,False
3906,ok,True,35,CHNO,False,False
3907,ok,True,35,CHNO,False,False
3908,ok,True,35,CHNO,False,False
3909,ok,True,32,CHNO,False,False
391,ok,True,26,BrCHNO,True,True
3910,ok,True,38,CHNO,False,False
3911,ok,True,41,CHNO,False,False
3912,ok,True,28,CHNO,False,False
3913,ok,True,40,CHN,False,False
3914,ok,True,38,CHNO,False,False
3915,ok,True,38,CHNO,False,False
392,ok,True,26,BrCHNO,True,True
3923,ok,True,36,CHNO,False,False
3925,ok,True,37,CHNO,False,False
3926,ok,True,37,CHNO,False,False
3927,ok,True,38,CHNO,False,False
3928,ok,True,38,CHNO,False,False
393,ok,True,26,BrCHNO,True,True
3930,ok,True,38,CHNO,False,False
3931,ok,True,38,CHNO,False,False
3932,ok,True,38,CHNO,False,False
3933,ok,True,26,CHNO,False,False
3934,ok,True,39,CHNO,False,False
3935,ok,True,41,CHNO,False,False
3937,ok,True,28,CHO,False,False
3938,ok,True,31,CHNO,False,False
3939,ok,True,35,CHNO,False,False
394,ok,True,40,CHN,False,False
3940,ok,True,35,CHNO,False,False
3941,ok,True,35,CHNO,False,False
3942,ok,True,35,CHNO,False,False
3943,ok,True,37,CHN,False,False
3945,ok,True,28,CHNO,False,False
3946,ok,True,31,CHNO,False,False
3947,ok,True,39,CHNO,False,False
3948,ok,True,37,CHNO,False,False
3949,ok,True,39,CHNO,False,False
395,ok,True,32,CHNO,False,False
3950,ok,True,24,CHNO,False,False
3951,ok,True,34,CHNO,False,False
3952,ok,True,34,CHNO,False,False
3953,ok,True,45,CHNO,False,False
3954,ok,True,37,CHNO,False,False
3956,ok,True,38,CHNO,False,False
3957,ok,True,38,CHNO,False,False
3958,ok,True,38,CHNO,False,False
3959,ok,True,38,CHNO,False,False
396,ok,True,36,CFHN,False,True
3962,ok,True,36,CHN,False,False
3963,ok,True,39,CHNO,False,False
3964,ok,True,37,CHNO,False,False
3965,ok,True,37,CHNO,False,False
3966,ok,True,37,CHNO,False,False
3967,ok,True,37,CHNO,False,False
3968,ok,True,37,CHNO,False,False
3969,ok,True,40,CHNO,False,False
397,ok,True,36,CFHN,False,True
3970,ok,True,40,CHNO,False,False
3971,ok,True,40,CHNO,False,False
3972,ok,True,40,CHNO,False,False
3973,ok,True,40,CHNO,False,False
3974,ok,True,40,CHNO,False,False
3975,ok,True,40,CHNO,False,False
3976,ok,True,31,CHNO,False,False
398,ok,True,32,CClHNO,True,True
3983,ok,True,38,CHO,False,False
3984,ok,True,38,CHO,False,False
3986,ok,True,38,CHO,False,False
3987,ok,True,38,CHO,False,False
3988,ok,True,38,CHO,False,False
3989,ok,True,38,CHNO,False,False
399,ok,True,32,CClHNO,True,True
3990,ok,True,32,CHO,False,False
3991,ok,True,37,CHNO,False,False
3992,ok,True,37,CHNO,False,False
3993,ok,True,37,CHNO,False,False
3995,ok,True,38,CHN,False,False
3996,ok,True,33,CHNO,False,False
3997,ok,True,35,CHNO,False,False
3998,ok,True,33,CHNO,False,False
3999,ok,True,36,CHNO,False,False
4,ok,True,23,CHNO,False,False
400,ok,True,26,CClFHNO,True,True
4000,ok,True,35,CHNO,False,False
4001,ok,True,35,CHNO,False,False
4002,ok,True,33,CHNO,False,False
4003,ok,True,40,CHN,False,False
4004,ok,True,34,CHNO,False,False
4005,ok,True,34,CHNO,False,False
4006,ok,True,34,CHNO,False,False
4007,ok,True,34,CHNO,False,False
4008,ok,True,35,CHNO,False,False
4009,ok,True,36,CHNO,False,False
401,ok,True,26,CClFHNO,True,True
4010,ok,True,41,CHNO,False,False
4011,ok,True,41,CHNO,False,False
4012,ok,True,41,CHNO,False,False
4013,ok,True,41,CHNO,False,False
4014,ok,True,41,CHNO,False,False
4015,ok,True,41,CHNO,False,False
402,ok,True,26,CClFHNO,True,True
4022,ok,True,38,CHNO,False,False
4023,ok,True,38,CHNO,False,False
4024,ok,True,33,CHNO,False,False
4025,ok,True,38,CHNO,False,False
4026,ok,True,41,CHN,False,False
4027,ok,True,41,CHN,False,False
4028,ok,True,41,CHN,False,False
4029,ok,True,41,CHN,False,False
403,ok,True,26,CClFHNO,True,True
4030,ok,True,41,CHN,False,False
4031,ok,True,41,CHN,False,False
4032,ok,True,38,CHNO,False,False
4033,ok,True,32,CHNO,False,False
4034,ok,True,38,CHNO,False,False
4035,ok,True,33,CHNO,False,False
4036,ok,True,38,CHNO,False,False
4037,ok,True,34,CHNO,False,False
4038,ok,True,35,CHNO,False,False
4039,ok,True,39,CHNO,False,False
404,ok,True,38,CFHNO,False,True
4040,ok,True,39,CHNO,False,False
4041,ok,True,36,CHNO,False,False
4042,ok,True,36,CHNO,False,False
4043,ok,True,34,CHNO,False,False
4044,ok,True,34,CHO,False,False
4045,ok,True,40,CHNO,False,False
4046,ok,True,40,CHNO,False,False
4047,ok,True,32,CHNO,False,False
4048,ok,True,32,CHNO,False,False
4049,ok,True,32,CHNO,False,False
405,ok,True,38,CFHNO,False,True
4050,ok,True,32,CHNO,False,False
4051,ok,True,33,CHNO,False,False
4052,ok,True,33,CHNO,False,False
4053,ok,True,33,CHNO,False,False
4054,ok,True,33,CHNO,False,False
4055,ok,True,37,CHNO,False,False
4056,ok,True,37,CHNO,False,False
4057,ok,True,44,CHNO,False,False
4058,ok,True,44,CHNO,False,False
4059,ok,True,44,CHNO,False,False
406,ok,True,37,CHNO,False,False
4060,ok,True,44,CHNO,False,False
4061,ok,True,44,CHNO,False,False
4062,ok,True,44,CHNO,False,False
4063,ok,True,39,CHNO,False,False
4064,ok,True,37,CHNO,False,False
4065,ok,True,35,CHNO,False,False
4066,ok,True,38,CHNO,False,False
4067,ok,True,36,CHNO,False,False
4068,ok,True,36,CHNO,False,False
4069,ok,True,35,CHNO,False,False
407,ok,True,37,CHNO,False,False
4073,ok,True,37,CHNO,False,False
4079,ok,True,39,CHNO,False,False
408,ok,True,37,CHNO,False,False
4080,ok,True,39,CHNO,False,False
4081,ok,True,39,CHNO,False,False
4082,ok,True,39,CHNO,False,False
4083,ok,True,39,CHNO,False,False
4084,ok,True,39,CHNO,False,False
4085,ok,True,33,CHNO,False,False
4086,ok,True,34,CHNO,False,False
4087,ok,True,39,CHO,False,False
4088,ok,True,39,CHO,False,False
4089,ok,True,34,CHNO,False,False
409,ok,True,37,CHNO,False,False
4090,ok,True,39,CHNO,False,False
4091,ok,True,39,CHNO,False,False
4093,ok,True,40,CHNO,False,False
4094,ok,True,39,CHNO,False,False
4095,ok,True,39,CHNO,False,False
4096,ok,True,39,CHNO,False,False
4097,ok,True,39,CHNO,False,False
4099,ok,True,39,CHNO,False,False
41,ok,True,26,CHNO,False,False
4100,ok,True,37,CHNO,False,False
4101,ok,True,37,CHNO,False,False
4102,ok,True,37,CHNO,False,False
4103,ok,True,37,CHNO,False,False
4104,ok,True,28,CHNO,False,False
4105,ok,True,35,CHNO,False,False
4106,ok,True,35,CHNO,False,False
4108,ok,True,31,CHNO,False,False
4109,ok,True,30,CHNO,False,False
411,ok,True,35,CFHNO,False,True
4110,ok,True,27,CHNO,False,False
4111,ok,True,35,CHNO,False,False
4113,ok,True,31,CHO,False,False
4114,ok,True,39,CHO,False,False
4116,ok,True,37,CHNO,False,False
4117,ok,True,39,CHNO,False,False
4118,ok,True,29,CHNO,False,False
4119,ok,True,30,CHNO,False,False
412,ok,True,34,CHO,False,False
4120,ok,True,31,CHNO,False,False
4121,ok,True,35,CHNO,False,False
4122,ok,True,37,CHN,False,False
4123,ok,True,41,CHNO,False,False
4125,ok,True,36,CHNO,False,False
4126,ok,True,39,CHNO,False,False
4127,ok,True,39,CHNO,False,False
4129,ok,True,41,CHNO,False,False
413,ok,True,34,CFHNO,False,True
4136,ok,True,42,CHNO,False,False
4137,ok,True,42,CHNO,False,False
4138,ok,True,42,CHNO,False,False
4139,ok,True,42,CHNO,False,False
414,ok,True,34,CFHNO,False,True
4140,ok,True,37,CHNO,False,False
4141,ok,True,37,CHNO,False,False
4142,ok,True,32,CHNO,False,False
4143,ok,True,31,CHNO,False,False
4144,ok,True,33,CHNO,False,False
4145,ok,True,33,CHNO,False,False
4146,ok,True,40,CHNO,False,False
4147,ok,True,40,CHNO,False,False
4148,ok,True,40,CHNO,False,False
4149,ok,True,40,CHNO,False,False
415,ok,True,37,CHNO,False,False
4150,ok,True,40,CHNO,False,False
4151,ok,True,40,CHNO,False,False
4152,ok,True,43,CHNO,False,False
4153,ok,True,36,CHNO,False,False
4154,ok,True,36,CHNO,False,False
4155,ok,True,34,CHNO,False,False
4156,ok,True,34,CHNO,False,False
4157,ok,True,34,CHNO,False,False
4158,ok,True,34,CHNO,False,False
4159,ok,True,30,CHNO,False,False
416,ok,True,37,CHNO,False,False
4160,ok,True,30,CHNO,False,False
4161,ok,True,42,CHNO,False,False
4162,ok,True,33,CHNO,False,False
4163,ok,True,41,CHNO,False,False
4165,ok,True,37,CHNO,False,False
4166,ok,True,37,CHNO,False,False
4167,ok,True,37,CHNO,False,False
4168,ok,True,37,CHNO,False,False
4169,ok,True,37,CHNO,False,False
417,ok,True,44,CHNO,False,False
4170,ok,True,36,CHNO,False,False
4171,ok,True,36,CHNO,False,False
4172,ok,True,30,CHNO,False,False
4173,ok,True,41,CHNO,False,False
4174,ok,True,41,CHNO,False,False
4175,ok,True,41,CHNO,False,False
4176,ok,True,41,CHNO,False,False
4177,ok,True,41,CHNO,False,False
4178,ok,True,41,CHNO,False,False
4179,ok,True,35,CHNO,False,False
418,ok,True,44,CHNO,False,False
4180,ok,True,28,CHNO,False,False
4181,ok,True,31,CHNO,False,False
4182,ok,True,37,CHNO,False,False
4183,ok,True,39,CHN,False,False
4184,ok,True,39,CHN,False,False
4185,ok,True,39,CHN,False,False
4186,ok,True,39,CHN,False,False
4187,ok,True,39,CHN,False,False
4188,ok,True,39,CHN,False,False
4189,ok,True,29,CHO,False,False
419,ok,True,29,CFHO,False,True
4190,ok,True,38,CHNO,False,False
4191,ok,True,38,CHNO,False,False
4192,ok,True,31,CHNO,False,False
4193,ok,True,41,CHNO,False,False
4194,ok,True,42,CHNO,False,False
4195,ok,True,41,CHNO,False,False
4196,ok,True,41,CHNO,False,False
4197,ok,True,41,CHNO,False,False
4199,ok,True,41,CHNO,False,False
42,ok,True,26,CHNO,False,False
420,ok,True,29,CFHO,False,True
4200,ok,True,41,CHNO,False,False
4201,ok,True,29,CHO,False,False
4202,ok,True,43,CHO,False,False
4203,ok,True,34,CHNO,False,False
4204,ok,True,34,CHNO,False,False
4205,ok,True,30,CHNO,False,False
4206,ok,True,31,CHNO,False,False
4207,ok,True,35,CHNO,False,False
4208,ok,True,35,CHNO,False,False
4209,ok,True,40,CHN,False,False
421,ok,True,25,BrCHNO,True,True
4210,ok,True,40,CHN,False,False
4211,ok,True,40,CHN,False,False
4212,ok,True,40,CHN,False,False
4213,ok,True,40,CHN,False,False
4214,ok,True,40,CHN,False,False
4216,ok,True,38,CHN,False,False
4217,ok,True,39,CHNO,False,False
4218,ok,True,39,CHNO,False,False
422,ok,True,25,BrCHNO,True,True
4220,ok,True,38,CHNO,False,False
4221,ok,True,43,CHN,False,False
4222,ok,True,29,CHNO,False,False
4223,ok,True,37,CHNO,False,False
4225,ok,True,36,CHNO,False,False
4228,ok,True,30,CHNO,False,False
4229,ok,True,29,CHNO,False,False
423,ok,True,37,CClHNO,True,True
4230,ok,True,37,CHNO,False,False
4231,ok,True,37,CHNO,False,False
4232,ok,True,41,CHNO,False,False
4233,ok,True,38,CHNO,False,False
4234,ok,True,40,CHNO,False,False
4236,ok,True,42,CHNO,False,False
4237,ok,True,42,CHNO,False,False
4238,ok,True,42,CHNO,False,False
4239,ok,True,42,CHNO,False,False
424,ok,True,37,CClHNO,True,True
4240,ok,True,42,CHNO,False,False
4241,ok,True,28,CHNO,False,False
4243,ok,True,31,CHNO,False,False
4244,ok,True,38,CHNO,False,False
4245,ok,True,40,CHNO,False,False
4246,ok,True,39,CHNO,False,False
4247,ok,True,32,CHNO,False,False
4248,ok,True,43,CHNO,False,False
4249,ok,True,28,CHNO,False,False
425,ok,True,37,CClHNO,True,True
4250,ok,True,42,CHNO,False,False
4251,ok,True,42,CHNO,False,False
4252,ok,True,42,CHNO,False,False
4253,ok,True,42,CHNO,False,False
4254,ok,True,39,CHNO,False,False
4255,ok,True,40,CHNO,False,False
4256,ok,True,29,CHNO,False,False
426,ok,True,37,CClHNO,True,True
4265,ok,True,28,CHNO,False,False
4266,ok,True,40,CHNO,False,False
4267,ok,True,36,CHNO,False,False
4269,ok,True,36,CHNO,False,False
427,ok,True,30,BrCHNO,True,True
4270,ok,True,36,CHNO,False,False
4271,ok,True,32,CHNO,False,False
4272,ok,True,40,CHNO,False,False
4273,ok,True,42,CHNO,False,False
4274,ok,True,36,CHO,False,False
4275,ok,True,40,CHNO,False,False
4277,ok,True,29,CHNO,False,False
4278,ok,True,39,CHNO,False,False
4279,ok,True,41,CHNO,False,False
428,ok,True,30,BrCHNO,True,True
4280,ok,True,32,CHNO,False,False
4281,ok,True,46,CHNO,False,False
4282,ok,True,46,CHNO,False,False
4283,ok,True,46,CHNO,False,False
4284,ok,True,46,CHNO,False,False
4285,ok,True,46,CHNO,False,False
4286,ok,True,46,CHNO,False,False
4287,ok,True,39,CHNO,False,False
4288,ok,True,39,CHNO,False,False
4289,ok,True,39,CHNO,False,False
4290,ok,True,36,CHNO,False,False
4291,ok,True,36,CHNO,False,False
4292,ok,True,37,CHNO,False,False
4295,ok,True,39,CHNO,False,False
4296,ok,True,39,CHNO,False,False
4305,ok,True,39,CHNO,False,False
4306,ok,True,39,CHNO,False,False
4307,ok,True,39,CHNO,False,False
4308,ok,True,39,CHNO,False,False
4309,ok,True,41,CHNO,False,False
431,ok,True,43,CHNO,False,False
4310,ok,True,41,CHNO,False,False
4311,ok,True,47,CHN,False,False
4312,ok,True,47,CHN,False,False
4313,ok,True,47,CHN,False,False
4314,ok,True,47,CHN,False,False
4315,ok,True,47,CHN,False,False
4316,ok,True,47,CHN,False,False
4317,ok,True,39,CHNO,False,False
4318,ok,True,39,CHNO,False,False
4319,ok,True,39,CHNO,False,False
432,ok,True,43,CHNO,False,False
4321,ok,True,39,CHNO,False,False
4322,ok,True,40,CHNO,False,False
4323,ok,True,40,CHNO,False,False
4325,ok,True,38,CHNO,False,False
4326,ok,True,38,CHNO,False,False
4327,ok,True,40,CHNO,False,False
4328,ok,True,40,CHNO,False,False
4329,ok,True,40,CHNO,False,False
433,ok,True,36,CFHNO,False,True
4330,ok,True,40,CHNO,False,False
4331,ok,True,43,CHNO,False,False
4332,ok,True,43,CHNO,False,False
4333,ok,True,37,CHNO,False,False
4334,ok,True,37,CHNO,False,False
4335,ok,True,37,CHNO,False,False
4336,ok,True,37,CHNO,False,False
4337,ok,True,40,CHNO,False,False
4338,ok,True,40,CHNO,False,False
4339,ok,True,39,CHNO,False,False
434,ok,True,36,CFHNO,False,True
4340,ok,True,37,CHNO,False,False
4341,ok,True,32,CHNO,False,False
4342,ok,True,37,CHNO,False,False
4343,ok,True,40,CHN,False,False
4344,ok,True,37,CHNO,False,False
4345,ok,True,37,CHNO,False,False
4346,ok,True,37,CHNO,False,False
4347,ok,True,37,CHNO,False,False
4348,ok,True,32,CHO,False,False
4349,ok,True,47,CHN,False,False
4350,ok,True,47,CHN,False,False
4351,ok,True,47,CHN,False,False
4352,ok,True,47,CHN,False,False
4353,ok,True,47,CHN,False,False
4354,ok,True,47,CHN,False,False
4355,ok,True,38,CHNO,False,False
4357,ok,True,38,CHNO,False,False
4359,ok,True,46,CHN,False,False
4360,ok,True,40,CHO,False,False
4361,ok,True,37,CHNO,False,False
4362,ok,True,37,CHNO,False,False
4363,ok,True,37,CHNO,False,False
4364,ok,True,37,CHNO,False,False
4365,ok,True,37,CHNO,False,False
4366,ok,True,35,CHNO,False,False
4367,ok,True,35,CHNO,False,False
4368,ok,True,35,CHNO,False,False
4369,ok,True,36,CHNO,False,False
437,ok,True,39,CClHNO,True,True
4370,ok,True,31,CHNO,False,False
4371,ok,True,39,CHNO,False,False
4372,ok,True,31,CHNO,False,False
4373,ok,True,31,CHNO,False,False
4374,ok,True,37,CHNO,False,False
4375,ok,True,37,CHNO,False,False
4378,ok,True,32,CHNO,False,False
4379,ok,True,33,CHNO,False,False
438,ok,True,39,CClHNO,True,True
4380,ok,True,37,CHNO,False,False
4381,ok,True,39,CHNO,False,False
4382,ok,True,39,CHNO,False,False
4383,ok,True,39,CHNO,False,False
4384,ok,True,37,CHNO,False,False
4385,ok,True,35,CHNO,False,False
4386,ok,True,33,CHNO,False,False
4387,ok,True,45,CHNO,False,False
4388,ok,True,45,CHNO,False,False
4389,ok,True,45,CHNO,False,False
439,ok,True,35,CFHNO,False,True
4390,ok,True,45,CHNO,False,False
4391,ok,True,45,CHNO,False,False
4392,ok,True,45,CHNO,False,False
4393,ok,True,34,CHO,False,False
4394,ok,True,31,CHNO,False,False
4395,ok,True,39,CHNO,False,False
4396,ok,True,34,CHNO,False,False
4399,ok,True,41,CHNO,False,False
44,ok,True,28,CFHO,False,True
440,ok,True,34,CClHNO,True,True
4400,ok,True,41,CHNO,False,False
4401,ok,True,41,CHNO,False,False
4402,ok,True,38,CHNO,False,False
4403,ok,True,38,CHNO,False,False
4404,ok,True,38,CHNO,False,False
4405,ok,True,38,CHNO,False,False
4406,ok,True,35,CHNO,False,False
4407,ok,True,38,CHNO,False,False
4408,ok,True,38,CHNO,False,False
4409,ok,True,42,CHNO,False,False
441,ok,True,34,CClHNO,True,True
4410,ok,True,42,CHNO,False,False
4411,ok,True,42,CHNO,False,False
4412,ok,True,42,CHNO,False,False
4413,ok,True,42,CHNO,False,False
4414,ok,True,42,CHNO,False,False
4417,ok,True,37,CHNO,False,False
4418,ok,True,37,CHNO,False,False
4419,ok,True,32,CHO,False,False
4420,ok,True,40,CHNO,False,False
4421,ok,True,40,CHNO,False,False
4422,ok,True,45,CHNO,False,False
4423,ok,True,39,CHNO,False,False
4424,ok,True,39,CHNO,False,False
4425,ok,True,35,CHNO,False,False
4427,ok,True,43,CHNO,False,False
4428,ok,True,43,CHNO,False,False
4429,ok,True,43,CHNO,False,False
4430,ok,True,43,CHNO,False,False
4431,ok,True,43,CHNO,False,False
4432,ok,True,43,CHNO,False,False
4433,ok,True,43,CHNO,False,False
4434,ok,True,43,CHNO,False,False
4435,ok,True,43,CHNO,False,False
4436,ok,True,43,CHNO,False,False
4437,ok,True,43,CHNO,False,False
4438,ok,True,37,CHNO,False,False
4439,ok,True,35,CHNO,False,False
444,ok,True,34,CFHNO,False,True
4441,ok,True,42,CHNO,False,False
4442,ok,True,42,CHNO,False,False
4443,ok,True,42,CHNO,False,False
4444,ok,True,42,CHNO,False,False
4445,ok,True,42,CHNO,False,False
4446,ok,True,40,CHNO,False,False
4447,ok,True,40,CHNO,False,False
4448,ok,True,40,CHNO,False,False
4449,ok,True,40,CHNO,False,False
445,ok,True,34,CFHNO,False,True
4450,ok,True,40,CHNO,False,False
4451,ok,True,40,CHNO,False,False
4452,ok,True,35,CHNO,False,False
4453,ok,True,34,CHNO,False,False
4454,ok,True,46,CHNO,False,False
4455,ok,True,34,CHNO,False,False
4456,ok,True,34,CHNO,False,False
4457,ok,True,42,CHNO,False,False
4459,ok,True,41,CHNO,False,False
446,ok,True,36,CHNO,False,False
4460,ok,True,41,CHNO,False,False
4461,ok,True,41,CHNO,False,False
4462,ok,True,41,CHNO,False,False
4463,ok,True,41,CHNO,False,False
4464,ok,True,41,CHNO,False,False
4465,ok,True,46,CHN,False,False
4466,ok,True,41,CHNO,False,False
4467,ok,True,41,CHNO,False,False
447,ok,True,36,CHNO,False,False
4471,ok,True,39,CHN,False,False
4472,ok,True,44,CHNO,False,False
4473,ok,True,44,CHNO,False,False
4474,ok,True,44,CHNO,False,False
4475,ok,True,44,CHNO,False,False
4476,ok,True,44,CHNO,False,False
4477,ok,True,44,CHNO,False,False
4478,ok,True,30,CHNO,False,False
4479,ok,True,33,CHNO,False,False
448,ok,True,30,CClHNO,True,True
4480,ok,True,35,CHNO,False,False
4481,ok,True,34,CHNO,False,False
4482,ok,True,30,CHNO,False,False
4483,ok,True,37,CHNO,False,False
4484,ok,True,36,CHNO,False,False
4485,ok,True,41,CHNO,False,False
4486,ok,True,41,CHNO,False,False
4487,ok,True,46,CHNO,False,False
4488,ok,True,46,CHNO,False,False
4489,ok,True,46,CHNO,False,False
449,ok,True,41,CHNO,False,False
4491,ok,True,46,CHNO,False,False
4492,ok,True,46,CHNO,False,False
4493,ok,True,35,CHNO,False,False
4494,ok,True,43,CHNO,False,False
4495,ok,True,43,CHNO,False,False
4496,ok,True,43,CHNO,False,False
4497,ok,True,43,CHNO,False,False
4498,ok,True,43,CHNO,False,False
4499,ok,True,43,CHNO,False,False
45,ok,True,28,CFHO,False,True
450,ok,True,34,CFHNO,False,True
4500,ok,True,42,CHNO,False,False
4501,ok,True,40,CHNO,False,False
4502,ok,True,41,CHNO,False,False
4503,ok,True,34,CHNO,False,False
4504,ok,True,35,CHNO,False,False
4505,ok,True,41,CHNO,False,False
4506,ok,True,33,CHNO,False,False
4507,ok,True,42,CHNO,False,False
4508,ok,True,35,CHO,False,False
4509,ok,True,29,CHNO,False,False
451,ok,True,34,CFHNO,False,True
4511,ok,True,35,CHNO,False,False
4512,ok,True,33,CHNO,False,False
4513,ok,True,44,CHNO,False,False
4514,ok,True,44,CHNO,False,False
4516,ok,True,44,CHNO,False,False
4517,ok,True,44,CHNO,False,False
4518,ok,True,44,CHNO,False,False
4519,ok,True,33,CHNO,False,False
452,ok,True,38,CFHNO,False,True
4520,ok,True,35,CHNO,False,False
4521,ok,True,40,CHNO,False,False
4522,ok,True,40,CHNO,False,False
4523,ok,True,38,CHNO,False,False
4524,ok,True,36,CHO,False,False
453,ok,True,38,CFHNO,False,True
4531,ok,True,29,CHO,False,False
4532,ok,True,30,CHNO,False,False
4533,ok,True,38,CHNO,False,False
4534,ok,True,38,CHNO,False,False
4535,ok,True,41,CHNO,False,False
4536,ok,True,41,CHNO,False,False
4537,ok,True,41,CHNO,False,False
4538,ok,True,41,CHNO,False,False
4539,ok,True,41,CHNO,False,False
454,ok,True,39,CHNO,False,False
4540,ok,True,41,CHNO,False,False
4541,ok,True,45,CHNO,False,False
4542,ok,True,45,CHNO,False,False
4543,ok,True,45,CHNO,False,False
4544,ok,True,45,CHNO,False,False
4545,ok,True,45,CHNO,False,False
4546,ok,True,45,CHNO,False,False
4547,ok,True,42,CHNO,False,False
4548,ok,True,32,CHNO,False,False
4549,ok,True,42,CHNO,False,False
455,ok,True,39,CHNO,False,False
4550,ok,True,32,CHNO,False,False
4551,ok,True,40,CHNO,False,False
4552,ok,True,33,CHNO,False,False
4554,ok,True,42,CHNO,False,False
4556,ok,True,42,CHNO,False,False
4557,ok,True,42,CHNO,False,False
4558,ok,True,42,CHNO,False,False
4559,ok,True,32,CHNO,False,False
456,ok,True,35,CClHNO,True,True
4560,ok,True,33,CHNO,False,False
4561,ok,True,41,CHNO,False,False
4562,ok,True,30,CHNO,False,False
4563,ok,True,45,CHNO,False,False
4564,ok,True,43,CHNO,False,False
4565,ok,True,43,CHNO,False,False
4566,ok,True,43,CHNO,False,False
4567,ok,True,43,CHNO,False,False
4568,ok,True,33,CHNO,False,False
4569,ok,True,44,CHNO,False,False
457,ok,True,35,CClHNO,True,True
4570,ok,True,35,CHO,False,False
4572,ok,True,31,CHNO,False,False
4573,ok,True,43,CHNO,False,False
4574,ok,True,39,CHNO,False,False
4575,ok,True,39,CHNO,False,False
4576,ok,True,39,CHNO,False,False
4577,ok,True,39,CHNO,False,False
4578,ok,True,39,CHNO,False,False
4579,ok,True,39,CHNO,False,False
458,ok,True,35,CClHNO,True,True
4580,ok,True,43,CHNO,False,False
4581,ok,True,44,CHNO,False,False
4582,ok,True,41,CHNO,False,False
4583,ok,True,33,CHNO,False,False
4584,ok,True,41,CHNO,False,False
4587,ok,True,39,CHNO,False,False
459,ok,True,35,CClHNO,True,True
4594,ok,True,41,CHNO,False,False
4596,ok,True,43,CHNO,False,False
4597,ok,True,43,CHNO,False,False
4598,ok,True,43,CHNO,False,False
4599,ok,True,43,CHNO,False,False
46,ok,True,28,CFHO,False,True
460,ok,True,36,CHNO,False,False
4600,ok,True,43,CHNO,False,False
4601,ok,True,43,CHNO,False,False
4602,ok,True,43,CHNO,False,False
4603,ok,True,42,CHNO,False,False
4604,ok,True,39,CHNO,False,False
4605,ok,True,39,CHNO,False,False
4606,ok,True,40,CHNO,False,False
4607,ok,True,40,CHNO,False,False
4608,ok,True,40,CHNO,False,False
4609,ok,True,40,CHNO,False,False
461,ok,True,36,CHNO,False,False
4610,ok,True,33,CHNO,False,False
4611,ok,True,43,CHNO,False,False
4612,ok,True,46,CHNO,False,False
4613,ok,True,46,CHNO,False,False
4614,ok,True,36,CHNO,False,False
4615,ok,True,45,CHNO,False,False
4616,ok,True,45,CHNO,False,False
4617,ok,True,45,CHNO,False,False
4618,ok,True,38,CHNO,False,False
4619,ok,True,38,CHNO,False,False
462,ok,True,37,CClHNO,True,True
4620,ok,True,38,CHNO,False,False
4621,ok,True,38,CHNO,False,False
4622,ok,True,40,CHNO,False,False
4623,ok,True,38,CHNO,False,False
4624,ok,True,38,CHNO,False,False
4625,ok,True,38,CHNO,False,False
463,ok,True,37,CClHNO,True,True
4630,ok,True,41,CHNO,False,False
4631,ok,True,37,CHNO,False,False
4632,ok,True,37,CHNO,False,False
4633,ok,True,32,CHNO,False,False
4634,ok,True,44,CHNO,False,False
4635,ok,True,44,CHNO,False,False
4636,ok,True,44,CHNO,False,False
4637,ok,True,44,CHNO,False,False
4638,ok,True,44,CHNO,False,False
4639,ok,True,44,CHNO,False,False
464,ok,True,39,CHNO,False,False
4640,ok,True,42,CHNO,False,False
4641,ok,True,42,CHNO,False,False
4644,ok,True,39,CHNO,False,False
4645,ok,True,39,CHNO,False,False
4646,ok,True,47,CHO,False,False
4647,ok,True,48,CHNO,False,False
4648,ok,True,37,CHNO,False,False
4649,ok,True,38,CHNO,False,False
465,ok,True,30,CClHNO,True,True
4650,ok,True,38,CHNO,False,False
4651,ok,True,45,CHNO,False,False
4652,ok,True,41,CHNO,False,False
4653,ok,True,41,CHNO,False,False
4654,ok,True,41,CHNO,False,False
4655,ok,True,41,CHNO,False,False
4656,ok,True,38,CHNO,False,False
4657,ok,True,47,CHNO,False,False
4658,ok,True,47,CHNO,False,False
4659,ok,True,47,CHNO,False,False
466,ok,True,30,CClHNO,True,True
4660,ok,True,47,CHNO,False,False
4661,ok,True,47,CHNO,False,False
4662,ok,True,47,CHNO,False,False
4663,ok,True,43,CHNO,False,False
4664,ok,True,43,CHNO,False,False
4665,ok,True,39,CHO,False,False
4666,ok,True,39,CHO,False,False
4667,ok,True,36,CHNO,False,False
4668,ok,True,37,CHNO,False,False
4671,ok,True,40,CHNO,False,False
4672,ok,True,40,CHO,False,False
4673,ok,True,43,CHNO,False,False
4674,ok,True,38,CHNO,False,False
4675,ok,True,38,CHNO,False,False
4676,ok,True,47,CHO,False,False
4677,ok,True,42,CHNO,False,False
4678,ok,True,41,CHNO,False,False
4679,ok,True,41,CHNO,False,False
4680,ok,True,38,CHNO,False,False
4681,ok,True,42,CHNO,False,False
4682,ok,True,42,CHNO,False,False
4683,ok,True,40,CHNO,False,False
4684,ok,True,40,CHNO,False,False
4685,ok,True,40,CHNO,False,False
4686,ok,True,40,CHNO,False,False
4687,ok,True,42,CHNO,False,False
4688,ok,True,42,CHNO,False,False
4689,ok,True,43,CHNO,False,False
469,ok,True,40,CHNO,False,False
4690,ok,True,43,CHNO,False,False
4691,ok,True,39,CHNO,False,False
4692,ok,True,43,CHNO,False,False
4693,ok,True,43,CHNO,False,False
4694,ok,True,38,CHNO,False,False
4695,ok,True,36,CHNO,False,False
4696,ok,True,42,CHNO,False,False
4697,ok,True,42,CHNO,False,False
4698,ok,True,44,CHNO,False,False
4699,ok,True,44,CHNO,False,False
47,ok,True,26,CHNO,False,False
470,ok,True,40,CHNO,False,False
4700,ok,True,44,CHNO,False,False
4701,ok,True,44,CHNO,False,False
4702,ok,True,44,CHNO,False,False
4703,ok,True,44,CHNO,False,False
4705,ok,True,39,CHNO,False,False
4707,ok,True,39,CHNO,False,False
4708,ok,True,45,CHNO,False,False
4709,ok,True,45,CHNO,False,False
4710,ok,True,45,CHNO,False,False
4711,ok,True,45,CHNO,False,False
4712,ok,True,45,CHNO,False,False
4713,ok,True,45,CHNO,False,False
4714,ok,True,37,CHNO,False,False
4715,ok,True,38,CHNO,False,False
4716,ok,True,37,CHNO,False,False
4717,ok,True,36,CHNO,False,False
4718,ok,True,36,CHNO,False,False
4719,ok,True,36,CHNO,False,False
4720,ok,True,36,CHNO,False,False
4721,ok,True,39,CHNO,False,False
4722,ok,True,39,CHNO,False,False
4723,ok,True,39,CHNO,False,False
4724,ok,True,39,CHNO,False,False
4727,ok,True,44,CHNO,False,False
473,ok,True,39,CHNO,False,False
4731,ok,True,36,CHNO,False,False
4732,ok,True,37,CHNO,False,False
4734,ok,True,45,CHNO,False,False
4735,ok,True,45,CHNO,False,False
4736,ok,True,45,CHNO,False,False
4737,ok,True,45,CHNO,False,False
4738,ok,True,45,CHNO,False,False
4739,ok,True,45,CHNO,False,False
474,ok,True,39,CHNO,False,False
4740,ok,True,41,CHNO,False,False
4741,ok,True,41,CHNO,False,False
4742,ok,True,37,CHNO,False,False
4743,ok,True,37,CHNO,False,False
4744,ok,True,35,CHNO,False,False
4745,ok,True,36,CHNO,False,False
4747,ok,True,43,CHNO,False,False
4748,ok,True,43,CHNO,False,False
4749,ok,True,47,CHN,False,False
475,ok,True,39,CHNO,False,False
4751,ok,True,39,CHNO,False,False
4752,ok,True,37,CHNO,False,False
4753,ok,True,46,CHNO,False,False
4754,ok,True,46,CHNO,False,False
4755,ok,True,46,CHNO,False,False
4756,ok,True,46,CHNO,False,False
4757,ok,True,46,CHNO,False,False
4758,ok,True,46,CHNO,False,False
4759,ok,True,45,CHNO,False,False
476,ok,True,39,CHNO,False,False
4760,ok,True,34,CHNO,False,False
4761,ok,True,36,CHNO,False,False
4762,ok,True,40,CHO,False,False
4763,ok,True,42,CHNO,False,False
4764,ok,True,42,CHNO,False,False
4765,ok,True,42,CHNO,False,False
4766,ok,True,42,CHNO,False,False
4767,ok,True,42,CHNO,False,False
4768,ok,True,42,CHNO,False,False
4769,ok,True,39,CHNO,False,False
477,ok,True,35,CHNO,False,False
4770,ok,True,39,CHNO,False,False
4771,ok,True,39,CHNO,False,False
4772,ok,True,39,CHNO,False,False
4773,ok,True,45,CHNO,False,False
4774,ok,True,49,CHNO,False,False
4775,ok,True,33,CHNO,False,False
4776,ok,True,35,CHNO,False,False
4777,ok,True,46,CHNO,False,False
4778,ok,True,46,CHNO,False,False
4779,ok,True,46,CHNO,False,False
478,ok,True,35,CHNO,False,False
4780,ok,True,46,CHNO,False,False
4781,ok,True,46,CHNO,False,False
4782,ok,True,46,CHNO,False,False
4783,ok,True,41,CHNO,False,False
4784,ok,True,45,CHN,False,False
4785,ok,True,33,CHNO,False,False
4786,ok,True,46,CHNO,False,False
4787,ok,True,41,CHNO,False,False
4788,ok,True,41,CHNO,False,False
4789,ok,True,41,CHNO,False,False
479,ok,True,35,CHNO,False,False
4790,ok,True,41,CHNO,False,False
4791,ok,True,45,CHNO,False,False
4792,ok,True,45,CHNO,False,False
4793,ok,True,45,CHNO,False,False
4795,ok,True,45,CHNO,False,False
4796,ok,True,45,CHNO,False,False
4797,ok,True,40,CHNO,False,False
4798,ok,True,40,CHNO,False,False
4799,ok,True,40,CHNO,False,False
48,ok,True,26,CHNO,False,False
480,ok,True,35,CHNO,False,False
4800,ok,True,40,CHNO,False,False
4802,ok,True,45,CHNO,False,False
4803,ok,True,42,CHNO,False,False
4804,ok,True,42,CHNO,False,False
4805,ok,True,45,CHNO,False,False
4806,ok,True,45,CHNO,False,False
4807,ok,True,45,CHNO,False,False
4808,ok,True,45,CHNO,False,False
4809,ok,True,45,CHNO,False,False
481,ok,True,38,CHNO,False,False
4810,ok,True,45,CHNO,False,False
4811,ok,True,45,CHNO,False,False
4812,ok,True,45,CHNO,False,False
4813,ok,True,47,CHNO,False,False
4814,ok,True,43,CHNO,False,False
4815,ok,True,43,CHNO,False,False
4817,ok,True,43,CHNO,False,False
4818,ok,True,43,CHNO,False,False
4819,ok,True,43,CHNO,False,False
482,ok,True,38,CHNO,False,False
4820,ok,True,36,CHNO,False,False
4821,ok,True,46,CHO,False,False
4822,ok,True,42,CHNO,False,False
4823,ok,True,42,CHNO,False,False
4824,ok,True,41,CHNO,False,False
4825,ok,True,41,CHNO,False,False
4826,ok,True,41,CHNO,False,False
4827,ok,True,41,CHNO,False,False
483,ok,True,38,CHNO,False,False
4830,ok,True,47,CHNO,False,False
4831,ok,True,36,CHNO,False,False
4832,ok,True,37,CHNO,False,False
4833,ok,True,41,CHNO,False,False
4834,ok,True,41,CHNO,False,False
4837,ok,True,33,CHO,False,False
4838,ok,True,35,CHNO,False,False
4839,ok,True,47,CHNO,False,False
484,ok,True,38,CHNO,False,False
4840,ok,True,45,CHNO,False,False
4841,ok,True,45,CHNO,False,False
4842,ok,True,45,CHNO,False,False
4843,ok,True,45,CHNO,False,False
4844,ok,True,45,CHNO,False,False
4845,ok,True,45,CHNO,False,False
4846,ok,True,44,CHNO,False,False
4847,ok,True,44,CHNO,False,False
4848,ok,True,44,CHNO,False,False
4849,ok,True,44,CHNO,False,False
485,ok,True,37,CHNO,False,False
4850,ok,True,41,CHNO,False,False
4851,ok,True,41,CHNO,False,False
4852,ok,True,41,CHNO,False,False
4853,ok,True,41,CHNO,False,False
4854,ok,True,43,CHNO,False,False
4856,ok,True,43,CHNO,False,False
4857,ok,True,43,CHNO,False,False
4858,ok,True,43,CHNO,False,False
4859,ok,True,43,CHNO,False,False
486,ok,True,37,CHNO,False,False
4860,ok,True,45,CHNO,False,False
4861,ok,True,45,CHNO,False,False
4862,ok,True,43,CHNO,False,False
4866,ok,True,44,CHNO,False,False
4867,ok,True,44,CHNO,False,False
4868,ok,True,44,CHNO,False,False
4869,ok,True,44,CHNO,False,False
487,ok,True,37,CHNO,False,False
4870,ok,True,44,CHNO,False,False
4871,ok,True,44,CHNO,False,False
4872,ok,True,42,CHNO,False,False
4873,ok,True,42,CHNO,False,False
4874,ok,True,42,CHNO,False,False
4875,ok,True,42,CHNO,False,False
4876,ok,True,45,CHNO,False,False
4877,ok,True,45,CHNO,False,False
4878,ok,True,45,CHNO,False,False
4879,ok,True,45,CHNO,False,False
488,ok,True,37,CHNO,False,False
4880,ok,True,47,CHNO,False,False
4881,ok,True,38,CHNO,False,False
4882,ok,True,44,CHNO,False,False
4883,ok,True,44,CHNO,False,False
4884,ok,True,44,CHNO,False,False
4885,ok,True,44,CHNO,False,False
4886,ok,True,44,CHNO,False,False
4887,ok,True,44,CHNO,False,False
4888,ok,True,49,CHNO,False,False
489,ok,True,42,CHNO,False,False
4890,ok,True,49,CHNO,False,False
4891,ok,True,49,CHNO,False,False
4892,ok,True,49,CHNO,False,False
4894,ok,True,41,CHNO,False,False
4895,ok,True,41,CHNO,False,False
4896,ok,True,47,CHO,False,False
4897,ok,True,47,CHO,False,False
4898,ok,True,46,CHNO,False,False
4899,ok,True,46,CHNO,False,False
49,ok,True,30,CFHNO,False,True
490,ok,True,41,CClHNO,True,True
4901,ok,True,46,CHNO,False,False
4902,ok,True,46,CHNO,False,False
4903,ok,True,46,CHNO,False,False
4904,ok,True,42,CHNO,False,False
4905,ok,True,42,CHNO,False,False
4906,ok,True,42,CHNO,False,False
4907,ok,True,42,CHNO,False,False
4908,ok,True,37,CHNO,False,False
491,ok,True,41,CClHNO,True,True
4911,ok,True,43,CHNO,False,False
4912,ok,True,43,CHNO,False,False
4913,ok,True,43,CHNO,False,False
4914,ok,True,43,CHNO,False,False
4915,ok,True,39,CHNO,False,False
4916,ok,True,39,CHNO,False,False
4917,ok,True,39,CHNO,False,False
4918,ok,True,39,CHNO,False,False
4919,ok,True,41,CHNO,False,False
492,ok,True,34,CFHO,False,True
4920,ok,True,46,CHNO,False,False
4921,ok,True,35,CHNO,False,False
4922,ok,True,46,CHNO,False,False
4923,ok,True,37,CHNO,False,False
4924,ok,True,43,CHNO,False,False
4925,ok,True,47,CHNO,False,False
4926,ok,True,39,CHNO,False,False
4927,ok,True,39,CHNO,False,False
4929,ok,True,40,CHNO,False,False
493,ok,True,34,CFHO,False,True
4930,ok,True,40,CHNO,False,False
4931,ok,True,40,CHNO,False,False
4932,ok,True,39,CHO,False,False
4933,ok,True,43,CHNO,False,False
4934,ok,True,43,CHNO,False,False
4935,ok,True,43,CHNO,False,False
4936,ok,True,43,CHNO,False,False
4938,ok,True,49,CHNO,False,False
4939,ok,True,49,CHNO,False,False
494,ok,True,31,BrCHNO,True,True
4940,ok,True,49,CHNO,False,False
4941,ok,True,49,CHNO,False,False
4942,ok,True,49,CHNO,False,False
4943,ok,True,49,CHNO,False,False
4944,ok,True,44,CHNO,False,False
4945,ok,True,40,CHNO,False,False
4946,ok,True,45,CHNO,False,False
4947,ok,True,45,CHNO,False,False
4948,ok,True,45,CHNO,False,False
4949,ok,True,45,CHNO,False,False
495,ok,True,31,BrCHNO,True,True
4950,ok,True,38,CHNO,False,False
4951,ok,True,41,CHNO,False,False
4952,ok,True,44,CHNO,False,False
4953,ok,True,44,CHNO,False,False
4954,ok,True,44,CHNO,False,False
4955,ok,True,44,CHNO,False,False
4956,ok,True,39,CHNO,False,False
4957,ok,True,39,CHNO,False,False
4958,ok,True,43,CHNO,False,False
4959,ok,True,45,CHNO,False,False
496,ok,True,37,CClHNO,True,True
4960,ok,True,44,CHNO,False,False
4961,ok,True,44,CHNO,False,False
4962,ok,True,44,CHNO,False,False
4963,ok,True,44,CHNO,False,False
4964,ok,True,44,CHNO,False,False
4965,ok,True,44,CHNO,False,False
4966,ok,True,40,CHNO,False,False
4967,ok,True,40,CHNO,False,False
4968,ok,True,40,CHNO,False,False
4969,ok,True,40,CHNO,False,False
497,ok,True,37,CClHNO,True,True
4970,ok,True,41,CHNO,False,False
4971,ok,True,46,CHNO,False,False
4972,ok,True,46,CHNO,False,False
4973,ok,True,44,CHNO,False,False
4974,ok,True,44,CHNO,False,False
4975,ok,True,49,CHO,False,False
4976,ok,True,49,CHO,False,False
4977,ok,True,49,CHO,False,False
4978,ok,True,49,CHO,False,False
4979,ok,True,49,CHO,False,False
498,ok,True,37,CClHNO,True,True
4980,ok,True,49,CHO,False,False
4981,ok,True,41,CHNO,False,False
4982,ok,True,40,CHNO,False,False
4983,ok,True,46,CHNO,False,False
4984,ok,True,35,CHNO,False,False
4985,ok,True,41,CHNO,False,False
4986,ok,True,41,CHNO,False,False
4987,ok,True,40,CHNO,False,False
4988,ok,True,40,CHNO,False,False
4989,ok,True,40,CHNO,False,False
499,ok,True,37,CClHNO,True,True
4990,ok,True,40,CHNO,False,False
4991,ok,True,45,CHNO,False,False
4992,ok,True,46,CHNO,False,False
4993,ok,True,35,CHNO,False,False
4994,ok,True,52,CHNO,False,False
4995,ok,True,52,CHNO,False,False
4996,ok,True,52,CHNO,False,False
4997,ok,True,52,CHNO,False,False
4998,ok,True,52,CHNO,False,False
4999,ok,True,52,CHNO,False,False
5,ok,True,19,CFHNO,False,True
50,ok,True,30,CFHNO,False,True
500,ok,True,31,BrCHNO,True,True
5000,ok,True,40,CHNO,False,False
5001,ok,True,40,CHNO,False,False
5002,ok,True,36,CHNO,False,False
5003,ok,True,47,CHNO,False,False
5004,ok,True,39,CHNO,False,False
5005,ok,True,39,CHNO,False,False
5006,ok,True,39,CHNO,False,False
5007,ok,True,39,CHNO,False,False
5008,ok,True,46,CHNO,False,False
5009,ok,True,46,CHNO,False,False
501,ok,True,31,BrCHNO,True,True
5011,ok,True,46,CHNO,False,False
5012,ok,True,46,CHNO,False,False
5014,ok,True,46,CHNO,False,False
5015,ok,True,47,CHNO,False,False
5016,ok,True,47,CHNO,False,False
502,ok,True,31,BrCHNO,True,True
5021,ok,True,39,CHNO,False,False
5022,ok,True,49,CHNO,False,False
5023,ok,True,38,CHNO,False,False
5025,ok,True,49,CHN,False,False
5026,ok,True,49,CHN,False,False
5029,ok,True,49,CHN,False,False
503,ok,True,31,BrCHNO,True,True
5030,ok,True,41,CHNO,False,False
5033,ok,True,41,CHNO,False,False
5034,ok,True,48,CHNO,False,False
5035,ok,True,37,CHNO,False,False
5036,ok,True,39,CHNO,False,False
5037,ok,True,43,CHNO,False,False
5038,ok,True,43,CHNO,False,False
5039,ok,True,43,CHNO,False,False
504,ok,True,29,CFHNO,False,True
5040,ok,True,43,CHNO,False,False
5041,ok,True,43,CHNO,False,False
5042,ok,True,43,CHNO,False,False
5043,ok,True,43,CHO,False,False
5044,ok,True,43,CHO,False,False
5045,ok,True,39,CHNO,False,False
5046,ok,True,39,CHNO,False,False
5047,ok,True,42,CHNO,False,False
5048,ok,True,42,CHNO,False,False
5049,ok,True,42,CHNO,False,False
505,ok,True,29,CFHNO,False,True
5050,ok,True,42,CHNO,False,False
5051,ok,True,42,CHNO,False,False
5052,ok,True,42,CHNO,False,False
5053,ok,True,42,CHNO,False,False
5054,ok,True,38,CHNO,False,False
5055,ok,True,40,CHNO,False,False
5056,ok,True,36,CHNO,False,False
5057,ok,True,41,CHNO,False,False
5058,ok,True,42,CHNO,False,False
5059,ok,True,42,CHNO,False,False
506,ok,True,29,CFHNO,False,True
5060,ok,True,34,CHO,False,False
5061,ok,True,39,CHNO,False,False
5062,ok,True,34,CHNO,False,False
5063,ok,True,47,CHNO,False,False
5064,ok,True,47,CHNO,False,False
5065,ok,True,47,CHNO,False,False
5066,ok,True,47,CHNO,False,False
5067,ok,True,47,CHNO,False,False
5068,ok,True,47,CHNO,False,False
5069,ok,True,39,CHNO,False,False
507,ok,True,29,CFHNO,False,True
5070,ok,True,38,CHNO,False,False
5071,ok,True,49,CHNO,False,False
5072,ok,True,47,CHNO,False,False
5073,ok,True,47,CHNO,False,False
5074,ok,True,47,CHNO,False,False
5075,ok,True,47,CHNO,False,False
5076,ok,True,47,CHNO,False,False
5077,ok,True,47,CHNO,False,False
5078,ok,True,49,CHNO,False,False
5079,ok,True,47,CHNO,False,False
508,ok,True,35,CClHNO,True,True
5080,ok,True,47,CHNO,False,False
5081,ok,True,47,CHNO,False,False
5082,ok,True,47,CHNO,False,False
5083,ok,True,47,CHNO,False,False
5084,ok,True,47,CHNO,False,False
5085,ok,True,40,CHNO,False,False
5086,ok,True,39,CHNO,False,False
5087,ok,True,38,CHNO,False,False
5088,ok,True,45,CHNO,False,False
5089,ok,True,45,CHNO,False,False
509,ok,True,35,CClHNO,True,True
5090,ok,True,45,CHNO,False,False
5091,ok,True,45,CHNO,False,False
5092,ok,True,45,CHNO,False,False
5093,ok,True,45,CHNO,False,False
5094,ok,True,51,CHNO,False,False
5095,ok,True,46,CHNO,False,False
5096,ok,True,46,CHNO,False,False
5097,ok,True,48,CHN,False,False
5098,ok,True,48,CHN,False,False
5099,ok,True,49,CHNO,False,False
51,ok,True,29,CHNO,False,False
510,ok,True,35,CClHNO,True,True
5100,ok,True,49,CHNO,False,False
5101,ok,True,49,CHNO,False,False
5102,ok,True,49,CHNO,False,False
5103,ok,True,49,CHNO,False,False
5104,ok,True,49,CHNO,False,False
5105,ok,True,49,CHNO,False,False
5107,ok,True,49,CHNO,False,False
5108,ok,True,49,CHNO,False,False
5109,ok,True,49,CHNO,False,False
5110,ok,True,49,CHNO,False,False
5111,ok,True,49,CHNO,False,False
5112,ok,True,39,CHNO,False,False
5113,ok,True,42,CHNO,False,False
5114,ok,True,42,CHNO,False,False
5115,ok,True,42,CHNO,False,False
5116,ok,True,42,CHNO,False,False
5117,ok,True,47,CHNO,False,False
5118,ok,True,47,CHNO,False,False
5119,ok,True,47,CHNO,False,False
5120,ok,True,47,CHNO,False,False
5121,ok,True,47,CHNO,False,False
5122,ok,True,47,CHNO,False,False
5123,ok,True,47,CHNO,False,False
5124,ok,True,47,CHNO,False,False
5125,ok,True,47,CHNO,False,False
5126,ok,True,47,CHNO,False,False
5127,ok,True,47,CHNO,False,False
5128,ok,True,47,CHNO,False,False
5129,ok,True,49,CHNO,False,False
5130,ok,True,49,CHNO,False,False
5131,ok,True,49,CHNO,False,False
5132,ok,True,49,CHNO,False,False
5133,ok,True,49,CHNO,False,False
5134,ok,True,49,CHNO,False,False
5135,ok,True,36,CHNO,False,False
5136,ok,True,48,CHNO,False,False
5137,ok,True,48,CHNO,False,False
5138,ok,True,48,CHNO,False,False
5139,ok,True,48,CHNO,False,False
514,ok,True,25,BrCHNO,True,True
5140,ok,True,41,CHNO,False,False
5141,ok,True,41,CHNO,False,False
5142,ok,True,41,CHNO,False,False
5144,ok,True,46,CHNO,False,False
5146,ok,True,46,CHNO,False,False
5147,ok,True,46,CHNO,False,False
5148,ok,True,45,CHNO,False,False
5149,ok,True,45,CHNO,False,False
515,ok,True,25,BrCHNO,True,True
5150,ok,True,49,CHNO,False,False
5151,ok,True,49,CHNO,False,False
5152,ok,True,49,CHNO,False,False
5153,ok,True,49,CHNO,False,False
5154,ok,True,49,CHNO,False,False
5155,ok,True,49,CHNO,False,False
5156,ok,True,49,CHNO,False,False
5157,ok,True,36,CHNO,False,False
5158,ok,True,47,CHNO,False,False
516,ok,True,42,CHNO,False,False
5162,ok,True,47,CHNO,False,False
5163,ok,True,47,CHNO,False,False
5164,ok,True,39,CHNO,False,False
5167,ok,True,38,CHNO,False,False
5168,ok,True,46,CHNO,False,False
5169,ok,True,46,CHNO,False,False
517,ok,True,42,CHNO,False,False
5170,ok,True,46,CHNO,False,False
5171,ok,True,46,CHNO,False,False
5172,ok,True,43,CHNO,False,False
5173,ok,True,43,CHNO,False,False
5174,ok,True,43,CHNO,False,False
5175,ok,True,37,CHNO,False,False
5176,ok,True,47,CHNO,False,False
5177,ok,True,45,CHNO,False,False
5178,ok,True,45,CHNO,False,False
5179,ok,True,45,CHNO,False,False
518,ok,True,30,CFHNO,False,True
5180,ok,True,45,CHNO,False,False
5181,ok,True,38,CHNO,False,False
5182,ok,True,46,CHNO,False,False
5183,ok,True,46,CHNO,False,False
5184,ok,True,46,CHNO,False,False
5185,ok,True,46,CHNO,False,False
5186,ok,True,50,CHO,False,False
5187,ok,True,50,CHO,False,False
5188,ok,True,50,CHO,False,False
5189,ok,True,50,CHO,False,False
519,ok,True,30,CFHNO,False,True
5190,ok,True,50,CHO,False,False
5191,ok,True,50,CHO,False,False
5192,ok,True,48,CHNO,False,False
5193,ok,True,46,CHNO,False,False
5194,ok,True,46,CHNO,False,False
5195,ok,True,46,CHNO,False,False
5196,ok,True,46,CHNO,False,False
5197,ok,True,36,CHNO,False,False
52,ok,True,29,CHNO,False,False
520,ok,True,36,CClHNO,True,True
5201,ok,True,46,CHNO,False,False
5202,ok,True,46,CHNO,False,False
5203,ok,True,44,CHNO,False,False
5206,ok,True,49,CHNO,False,False
5207,ok,True,49,CHNO,False,False
5208,ok,True,47,CHNO,False,False
5209,ok,True,44,CHNO,False,False
521,ok,True,36,CClHNO,True,True
5210,ok,True,43,CHNO,False,False
5211,ok,True,43,CHNO,False,False
5212,ok,True,43,CHNO,False,False
5213,ok,True,43,CHNO,False,False
5214,ok,True,47,CHNO,False,False
5215,ok,True,47,CHNO,False,False
5216,ok,True,47,CHNO,False,False
5217,ok,True,47,CHNO,False,False
5218,ok,True,47,CHNO,False,False
5219,ok,True,47,CHNO,False,False
522,ok,True,36,CClHNO,True,True
5220,ok,True,47,CHNO,False,False
5221,ok,True,47,CHNO,False,False
5222,ok,True,54,CHNO,False,False
5223,ok,True,54,CHNO,False,False
5224,ok,True,54,CHNO,False,False
5225,ok,True,54,CHNO,False,False
5226,ok,True,54,CHNO,False,False
5227,ok,True,54,CHNO,False,False
5228,ok,True,44,CHNO,False,False
5229,ok,True,44,CHNO,False,False
523,ok,True,36,CClHNO,True,True
5230,ok,True,44,CHNO,False,False
5231,ok,True,44,CHNO,False,False
5232,ok,True,42,CHNO,False,False
5233,ok,True,46,CHNO,False,False
5234,ok,True,46,CHNO,False,False
5235,ok,True,46,CHNO,False,False
5236,ok,True,46,CHNO,False,False
5237,ok,True,47,CHNO,False,False
5238,ok,True,43,CHNO,False,False
5239,ok,True,43,CHNO,False,False
524,ok,True,39,CHNO,False,False
5240,ok,True,53,CHNO,False,False
5242,ok,True,46,CHNO,False,False
5243,ok,True,46,CHNO,False,False
5244,ok,True,46,CHNO,False,False
5245,ok,True,44,CHNO,False,False
5246,ok,True,44,CHNO,False,False
5247,ok,True,53,CHNO,False,False
5248,ok,True,53,CHNO,False,False
5249,ok,True,53,CHNO,False,False
525,ok,True,39,CHNO,False,False
5250,ok,True,53,CHNO,False,False
5251,ok,True,53,CHNO,False,False
5252,ok,True,53,CHNO,False,False
5253,ok,True,43,CHNO,False,False
5254,ok,True,43,CHNO,False,False
5255,ok,True,43,CHNO,False,False
5256,ok,True,43,CHNO,False,False
5257,ok,True,46,CHNO,False,False
5258,ok,True,46,CHNO,False,False
5259,ok,True,46,CHNO,False,False
526,ok,True,33,CClHNO,True,True
5260,ok,True,46,CHNO,False,False
5261,ok,True,43,CHNO,False,False
5262,ok,True,43,CHNO,False,False
5263,ok,True,40,CHNO,False,False
5265,ok,True,44,CHNO,False,False
5266,ok,True,44,CHNO,False,False
5267,ok,True,44,CHNO,False,False
5268,ok,True,39,CHNO,False,False
5269,ok,True,42,CHNO,False,False
527,ok,True,33,CClHNO,True,True
5270,ok,True,43,CHNO,False,False
5271,ok,True,41,CHO,False,False
5272,ok,True,47,CHNO,False,False
5273,ok,True,47,CHNO,False,False
5275,ok,True,47,CHNO,False,False
5277,ok,True,45,CHNO,False,False
5278,ok,True,45,CHNO,False,False
5279,ok,True,49,CHNO,False,False
528,ok,True,34,CFHNO,False,True
5281,ok,True,49,CHNO,False,False
5282,ok,True,49,CHNO,False,False
5283,ok,True,46,CHNO,False,False
5284,ok,True,46,CHNO,False,False
5285,ok,True,46,CHNO,False,False
5286,ok,True,46,CHNO,False,False
5289,ok,True,47,CHNO,False,False
5291,ok,True,42,CHNO,False,False
5292,ok,True,44,CHNO,False,False
5293,ok,True,44,CHNO,False,False
5294,ok,True,44,CHNO,False,False
5295,ok,True,44,CHNO,False,False
5296,ok,True,40,CHNO,False,False
5297,ok,True,49,CHNO,False,False
5298,ok,True,49,CHNO,False,False
5299,ok,True,49,CHNO,False,False
530,ok,True,39,CHNO,False,False
5300,ok,True,49,CHNO,False,False
5301,ok,True,49,CHNO,False,False
5302,ok,True,49,CHNO,False,False
5303,ok,True,43,CHNO,False,False
5304,ok,True,43,CHNO,False,False
5305,ok,True,38,CHNO,False,False
5306,ok,True,41,CHO,False,False
5307,ok,True,40,CHNO,False,False
5308,ok,True,42,CHNO,False,False
5309,ok,True,42,CHNO,False,False
531,ok,True,39,CHNO,False,False
5312,ok,True,42,CHNO,False,False
5313,ok,True,42,CHNO,False,False
5314,ok,True,48,CHNO,False,False
5315,ok,True,48,CHNO,False,False
5316,ok,True,48,CHNO,False,False
5317,ok,True,48,CHNO,False,False
5318,ok,True,48,CHNO,False,False
5319,ok,True,48,CHNO,False,False
532,ok,True,42,CHNO,False,False
5320,ok,True,51,CHNO,False,False
5321,ok,True,51,CHNO,False,False
5322,ok,True,51,CHNO,False,False
5323,ok,True,51,CHNO,False,False
5324,ok,True,51,CHNO,False,False
5325,ok,True,51,CHNO,False,False
5326,ok,True,51,CHNO,False,False
5327,ok,True,53,CHNO,False,False
5328,ok,True,53,CHNO,False,False
5329,ok,True,53,CHNO,False,False
533,ok,True,42,CHNO,False,False
5330,ok,True,53,CHNO,False,False
5331,ok,True,53,CHNO,False,False
5332,ok,True,53,CHNO,False,False
5334,ok,True,48,CHNO,False,False
5335,ok,True,46,CHNO,False,False
5336,ok,True,46,CHNO,False,False
5337,ok,True,40,CHNO,False,False
5338,ok,True,44,CHNO,False,False
5339,ok,True,44,CHNO,False,False
534,ok,True,37,CHNO,False,False
5340,ok,True,44,CHNO,False,False
5341,ok,True,44,CHNO,False,False
5342,ok,True,50,CHN,False,False
5343,ok,True,50,CHN,False,False
5344,ok,True,50,CHN,False,False
5345,ok,True,50,CHN,False,False
5346,ok,True,50,CHN,False,False
5347,ok,True,50,CHN,False,False
5349,ok,True,51,CHNO,False,False
535,ok,True,38,CFHNO,False,True
5350,ok,True,49,CHNO,False,False
5351,ok,True,49,CHNO,False,False
5352,ok,True,49,CHNO,False,False
5353,ok,True,49,CHNO,False,False
5354,ok,True,49,CHNO,False,False
5355,ok,True,49,CHNO,False,False
5356,ok,True,49,CHNO,False,False
5357,ok,True,50,CHNO,False,False
5358,ok,True,50,CHNO,False,False
536,ok,True,38,CFHNO,False,True
5360,ok,True,51,CHO,False,False
5361,ok,True,51,CHO,False,False
5362,ok,True,51,CHO,False,False
5363,ok,True,51,CHO,False,False
537,ok,True,37,CHNO,False,False
5371,ok,True,41,CHNO,False,False
5372,ok,True,53,CHN,False,False
5373,ok,True,45,CHNO,False,False
5377,ok,True,51,CHNO,False,False
5378,ok,True,51,CHNO,False,False
5379,ok,True,51,CHNO,False,False
538,ok,True,37,CHNO,False,False
5380,ok,True,51,CHNO,False,False
5381,ok,True,49,CHNO,False,False
5382,ok,True,49,CHNO,False,False
5383,ok,True,49,CHNO,False,False
5384,ok,True,49,CHNO,False,False
5385,ok,True,52,CHNO,False,False
5386,ok,True,51,CHNO,False,False
5387,ok,True,51,CHNO,False,False
5388,ok,True,51,CHNO,False,False
5389,ok,True,51,CHNO,False,False
539,ok,True,36,CFHNO,False,True
5391,ok,True,49,CHNO,False,False
5392,ok,True,44,CHO,False,False
5393,ok,True,39,CHNO,False,False
5394,ok,True,52,CHNO,False,False
5395,ok,True,52,CHNO,False,False
5397,ok,True,52,CHNO,False,False
5398,ok,True,52,CHNO,False,False
540,ok,True,36,CFHNO,False,True
5401,ok,True,47,CHNO,False,False
5402,ok,True,47,CHNO,False,False
5403,ok,True,47,CHNO,False,False
5405,ok,True,45,CHNO,False,False
5406,ok,True,45,CHNO,False,False
5407,ok,True,45,CHNO,False,False
5408,ok,True,45,CHNO,False,False
5409,ok,True,45,CHNO,False,False
541,ok,True,36,CFHNO,False,True
5410,ok,True,45,CHNO,False,False
5411,ok,True,45,CHNO,False,False
5412,ok,True,45,CHNO,False,False
5413,ok,True,46,CHNO,False,False
5414,ok,True,46,CHNO,False,False
5417,ok,True,51,CHNO,False,False
5418,ok,True,51,CHNO,False,False
5419,ok,True,51,CHNO,False,False
542,ok,True,36,CFHNO,False,True
5420,ok,True,51,CHNO,False,False
5421,ok,True,51,CHNO,False,False
5422,ok,True,51,CHNO,False,False
5423,ok,True,49,CHNO,False,False
5424,ok,True,49,CHNO,False,False
5425,ok,True,49,CHNO,False,False
5426,ok,True,49,CHNO,False,False
5427,ok,True,49,CHNO,False,False
5428,ok,True,49,CHNO,False,False
5429,ok,True,46,CHNO,False,False
543,ok,True,37,CHNO,False,False
5430,ok,True,46,CHNO,False,False
5431,ok,True,44,CHNO,False,False
5432,ok,True,44,CHNO,False,False
5433,ok,True,44,CHNO,False,False
5434,ok,True,44,CHNO,False,False
5435,ok,True,49,CHNO,False,False
5436,ok,True,49,CHNO,False,False
5437,ok,True,49,CHNO,False,False
5439,ok,True,46,CHNO,False,False
544,ok,True,37,CHNO,False,False
5440,ok,True,46,CHNO,False,False
5441,ok,True,51,CHO,False,False
5444,ok,True,51,CHO,False,False
5445,ok,True,51,CHO,False,False
5446,ok,True,51,CHO,False,False
5447,ok,True,47,CHNO,False,False
5448,ok,True,47,CHNO,False,False
5449,ok,True,47,CHNO,False,False
545,ok,True,33,CFHNO,False,True
5450,ok,True,47,CHNO,False,False
5451,ok,True,45,CHNO,False,False
5452,ok,True,45,CHNO,False,False
5453,ok,True,45,CHNO,False,False
5454,ok,True,45,CHNO,False,False
5455,ok,True,44,CHNO,False,False
5456,ok,True,44,CHNO,False,False
5457,ok,True,44,CHNO,False,False
5458,ok,True,44,CHNO,False,False
5459,ok,True,49,CHNO,False,False
546,ok,True,33,CFHNO,False,True
5460,ok,True,49,CHNO,False,False
5461,ok,True,49,CHNO,False,False
5462,ok,True,49,CHNO,False,False
5463,ok,True,57,CHN,False,False
5464,ok,True,57,CHN,False,False
5465,ok,True,57,CHN,False,False
5466,ok,True,57,CHN,False,False
5467,ok,True,57,CHN,False,False
5468,ok,True,57,CHN,False,False
547,ok,True,38,CHNO,False,False
5470,ok,True,47,CHNO,False,False
5471,ok,True,49,CHNO,False,False
5472,ok,True,49,CHNO,False,False
5473,ok,True,49,CHNO,False,False
5474,ok,True,49,CHNO,False,False
5475,ok,True,46,CHNO,False,False
5476,ok,True,50,CHNO,False,False
5477,ok,True,50,CHNO,False,False
5478,ok,True,48,CHNO,False,False
5479,ok,True,48,CHNO,False,False
5480,ok,True,48,CHNO,False,False
5481,ok,True,48,CHNO,False,False
5482,ok,True,51,CHNO,False,False
5483,ok,True,49,CHNO,False,False
5484,ok,True,49,CHNO,False,False
5485,ok,True,49,CHNO,False,False
5486,ok,True,49,CHNO,False,False
5488,ok,True,45,CHNO,False,False
5489,ok,True,45,CHNO,False,False
549,ok,True,33,BrCHNO,True,True
5491,ok,True,44,CHNO,False,False
5492,ok,True,50,CHNO,False,False
5493,ok,True,50,CHNO,False,False
5494,ok,True,50,CHNO,False,False
5495,ok,True,50,CHNO,False,False
5497,ok,True,45,CHNO,False,False
5498,ok,True,45,CHNO,False,False
5499,ok,True,47,CHNO,False,False
55,ok,True,32,CHNO,False,False
550,ok,True,33,BrCHNO,True,True
5500,ok,True,43,CHNO,False,False
5501,ok,True,52,CHNO,False,False
5502,ok,True,52,CHNO,False,False
5503,ok,True,52,CHNO,False,False
5504,ok,True,52,CHNO,False,False
5505,ok,True,52,CHNO,False,False
5506,ok,True,52,CHNO,False,False
5507,ok,True,52,CHNO,False,False
5508,ok,True,52,CHNO,False,False
5509,ok,True,52,CHNO,False,False
551,ok,True,33,BrCHNO,True,True
5510,ok,True,52,CHNO,False,False
5511,ok,True,52,CHNO,False,False
5512,ok,True,52,CHNO,False,False
5513,ok,True,56,CHNO,False,False
5514,ok,True,50,CHNO,False,False
5515,ok,True,50,CHNO,False,False
5516,ok,True,42,CHNO,False,False
5517,ok,True,42,CHNO,False,False
5518,ok,True,55,CHNO,False,False
5519,ok,True,55,CHNO,False,False
552,ok,True,33,BrCHNO,True,True
5520,ok,True,55,CHNO,False,False
5521,ok,True,55,CHNO,False,False
5522,ok,True,55,CHNO,False,False
5523,ok,True,55,CHNO,False,False
5524,ok,True,51,CHNO,False,False
5525,ok,True,51,CHNO,False,False
5526,ok,True,51,CHNO,False,False
5527,ok,True,51,CHNO,False,False
5528,ok,True,51,CHNO,False,False
5529,ok,True,51,CHNO,False,False
553,ok,True,35,CFHNO,False,True
5530,ok,True,56,CHNO,False,False
5531,ok,True,54,CHNO,False,False
5532,ok,True,54,CHNO,False,False
5533,ok,True,54,CHNO,False,False
5534,ok,True,54,CHNO,False,False
5535,ok,True,54,CHNO,False,False
5537,ok,True,48,CHNO,False,False
5538,ok,True,48,CHNO,False,False
5539,ok,True,55,CHNO,False,False
554,ok,True,35,CFHNO,False,True
5540,ok,True,51,CHNO,False,False
5541,ok,True,51,CHNO,False,False
5542,ok,True,51,CHNO,False,False
5543,ok,True,51,CHNO,False,False
5544,ok,True,51,CHNO,False,False
5545,ok,True,51,CHNO,False,False
5546,ok,True,48,CHNO,False,False
5547,ok,True,48,CHNO,False,False
5548,ok,True,48,CHNO,False,False
5549,ok,True,48,CHNO,False,False
555,ok,True,35,CFHNO,False,True
5550,ok,True,45,CHNO,False,False
5551,ok,True,45,CHNO,False,False
5552,ok,True,52,CHNO,False,False
5553,ok,True,52,CHNO,False,False
5554,ok,True,52,CHNO,False,False
5555,ok,True,52,CHNO,False,False
5556,ok,True,52,CHNO,False,False
5557,ok,True,52,CHNO,False,False
5558,ok,True,44,CHNO,False,False
556,ok,True,35,CFHNO,False,True
5560,ok,True,54,CHNO,False,False
5561,ok,True,50,CHNO,False,False
5562,ok,True,50,CHNO,False,False
5563,ok,True,43,CHNO,False,False
5564,ok,True,57,CHNO,False,False
5565,ok,True,57,CHNO,False,False
5566,ok,True,57,CHNO,False,False
5567,ok,True,57,CHNO,False,False
5568,ok,True,57,CHNO,False,False
5569,ok,True,57,CHNO,False,False
557,ok,True,39,CHNO,False,False
5570,ok,True,47,CHNO,False,False
5571,ok,True,47,CHNO,False,False
5572,ok,True,47,CHNO,False,False
5573,ok,True,47,CHNO,False,False
5574,ok,True,45,CHNO,False,False
5575,ok,True,45,CHNO,False,False
5576,ok,True,45,CHNO,False,False
5577,ok,True,45,CHNO,False,False
5578,ok,True,51,CHNO,False,False
5579,ok,True,51,CHNO,False,False
558,ok,True,39,CHNO,False,False
5580,ok,True,47,CHNO,False,False
5581,ok,True,47,CHNO,False,False
5582,ok,True,53,CHNO,False,False
5583,ok,True,52,CHO,False,False
5584,ok,True,52,CHO,False,False
5585,ok,True,52,CHO,False,False
5586,ok,True,52,CHO,False,False
5587,ok,True,52,CHO,False,False
5588,ok,True,52,CHO,False,False
5589,ok,True,55,CHNO,False,False
559,ok,True,39,CHNO,False,False
5590,ok,True,55,CHNO,False,False
5591,ok,True,55,CHNO,False,False
5592,ok,True,55,CHNO,False,False
5593,ok,True,55,CHNO,False,False
5594,ok,True,55,CHNO,False,False
5595,ok,True,54,CHNO,False,False
5596,ok,True,52,CHNO,False,False
5597,ok,True,51,CHNO,False,False
5598,ok,True,51,CHNO,False,False
5599,ok,True,41,CHNO,False,False
56,ok,True,32,CHNO,False,False
560,ok,True,39,CHNO,False,False
5600,ok,True,45,CHNO,False,False
5602,ok,True,54,CHNO,False,False
5603,ok,True,54,CHNO,False,False
5604,ok,True,52,CHNO,False,False
5605,ok,True,50,CHNO,False,False
5606,ok,True,50,CHNO,False,False
5607,ok,True,42,CHNO,False,False
5608,ok,True,43,CHNO,False,False
5609,ok,True,49,CHNO,False,False
561,ok,True,40,CFHNO,False,True
5610,ok,True,49,CHNO,False,False
5611,ok,True,43,CHNO,False,False
5612,ok,True,43,CHNO,False,False
5613,ok,True,53,CHNO,False,False
5614,ok,True,49,CHNO,False,False
5616,ok,True,51,CHNO,False,False
5617,ok,True,51,CHNO,False,False
5618,ok,True,51,CHNO,False,False
5619,ok,True,51,CHNO,False,False
562,ok,True,40,CFHNO,False,True
5620,ok,True,49,CHNO,False,False
5621,ok,True,49,CHNO,False,False
5622,ok,True,50,CHNO,False,False
5623,ok,True,50,CHNO,False,False
5624,ok,True,45,CHNO,False,False
5625,ok,True,43,CHNO,False,False
5626,ok,True,48,CHO,False,False
5627,ok,True,48,CHO,False,False
5628,ok,True,51,CHNO,False,False
5629,ok,True,51,CHNO,False,False
563,ok,True,42,CHNO,False,False
5630,ok,True,51,CHNO,False,False
5631,ok,True,51,CHNO,False,False
5632,ok,True,53,CHNO,False,False
5633,ok,True,53,CHNO,False,False
5634,ok,True,53,CHNO,False,False
5635,ok,True,53,CHNO,False,False
5636,ok,True,53,CHNO,False,False
5637,ok,True,53,CHNO,False,False
5638,ok,True,47,CHO,False,False
5639,ok,True,47,CHO,False,False
564,ok,True,42,CHNO,False,False
5640,ok,True,47,CHO,False,False
5641,ok,True,47,CHO,False,False
5642,ok,True,51,CHNO,False,False
5643,ok,True,51,CHNO,False,False
5644,ok,True,51,CHNO,False,False
5646,ok,True,48,CHNO,False,False
5647,ok,True,48,CHNO,False,False
5648,ok,True,48,CHNO,False,False
5649,ok,True,48,CHNO,False,False
565,ok,True,34,BrCHNO,True,True
5650,ok,True,49,CHNO,False,False
5651,ok,True,49,CHNO,False,False
5652,ok,True,51,CHNO,False,False
5653,ok,True,51,CHNO,False,False
5654,ok,True,55,CHNO,False,False
5655,ok,True,47,CHNO,False,False
5656,ok,True,52,CHNO,False,False
5657,ok,True,52,CHNO,False,False
5658,ok,True,50,CHNO,False,False
5659,ok,True,50,CHNO,False,False
566,ok,True,34,BrCHNO,True,True
5660,ok,True,52,CHNO,False,False
5661,ok,True,52,CHNO,False,False
5662,ok,True,49,CHNO,False,False
5663,ok,True,49,CHNO,False,False
5664,ok,True,49,CHNO,False,False
5665,ok,True,49,CHNO,False,False
5666,ok,True,51,CHNO,False,False
5667,ok,True,51,CHNO,False,False
5668,ok,True,51,CHNO,False,False
5669,ok,True,51,CHNO,False,False
567,ok,True,43,CHNO,False,False
5670,ok,True,52,CHNO,False,False
5671,ok,True,52,CHNO,False,False
5672,ok,True,52,CHNO,False,False
5673,ok,True,52,CHNO,False,False
5675,ok,True,52,CHNO,False,False
5676,ok,True,52,CHNO,False,False
5677,ok,True,46,CHNO,False,False
5678,ok,True,46,CHNO,False,False
5679,ok,True,45,CHO,False,False
568,ok,True,43,CHNO,False,False
5680,ok,True,45,CHO,False,False
5681,ok,True,46,CHNO,False,False
5682,ok,True,46,CHNO,False,False
5683,ok,True,50,CHNO,False,False
5684,ok,True,50,CHNO,False,False
5685,ok,True,46,CHNO,False,False
5686,ok,True,49,CHNO,False,False
5687,ok,True,49,CHNO,False,False
5688,ok,True,51,CHNO,False,False
5689,ok,True,51,CHNO,False,False
569,ok,True,36,CHNO,False,False
5690,ok,True,49,CHNO,False,False
5691,ok,True,49,CHNO,False,False
5692,ok,True,57,CHNO,False,False
5693,ok,True,57,CHNO,False,False
5694,ok,True,57,CHNO,False,False
5695,ok,True,57,CHNO,False,False
5696,ok,True,57,CHNO,False,False
5697,ok,True,57,CHNO,False,False
5698,ok,True,53,CHNO,False,False
5699,ok,True,53,CHNO,False,False
57,ok,True,27,CFHNO,False,True
570,ok,True,36,CHNO,False,False
5700,ok,True,50,CHNO,False,False
5701,ok,True,50,CHNO,False,False
5702,ok,True,55,CHNO,False,False
5703,ok,True,58,CHNO,False,False
5704,ok,True,58,CHNO,False,False
5705,ok,True,58,CHNO,False,False
5706,ok,True,58,CHNO,False,False
5707,ok,True,58,CHNO,False,False
5708,ok,True,58,CHNO,False,False
5709,ok,True,44,CHNO,False,False
571,ok,True,39,CFHNO,False,True
5710,ok,True,55,CHNO,False,False
5711,ok,True,42,CHNO,False,False
5712,ok,True,56,CHNO,False,False
5713,ok,True,43,CHNO,False,False
5714,ok,True,50,CHNO,False,False
5715,ok,True,50,CHNO,False,False
5716,ok,True,55,CHNO,False,False
5717,ok,True,55,CHNO,False,False
5718,ok,True,49,CHNO,False,False
5719,ok,True,49,CHNO,False,False
572,ok,True,39,CFHNO,False,True
5720,ok,True,45,CHNO,False,False
5721,ok,True,53,CHNO,False,False
5722,ok,True,53,CHNO,False,False
5723,ok,True,57,CHNO,False,False
5724,ok,True,47,CHNO,False,False
5725,ok,True,52,CHNO,False,False
5726,ok,True,52,CHNO,False,False
5727,ok,True,51,CHNO,False,False
5728,ok,True,51,CHNO,False,False
5729,ok,True,51,CHNO,False,False
573,ok,True,40,CHNO,False,False
5730,ok,True,51,CHNO,False,False
5731,ok,True,48,CHNO,False,False
5732,ok,True,47,CHNO,False,False
5733,ok,True,46,CHNO,False,False
5734,ok,True,52,CHNO,False,False
5735,ok,True,52,CHNO,False,False
5736,ok,True,52,CHNO,False,False
5737,ok,True,52,CHNO,False,False
5738,ok,True,54,CHNO,False,False
5739,ok,True,54,CHNO,False,False
574,ok,True,40,CHNO,False,False
5740,ok,True,54,CHNO,False,False
5741,ok,True,54,CHNO,False,False
5742,ok,True,51,CHNO,False,False
5743,ok,True,51,CHNO,False,False
5744,ok,True,52,CHO,False,False
5745,ok,True,52,CHO,False,False
5746,ok,True,55,CHNO,False,False
5747,ok,True,55,CHNO,False,False
5748,ok,True,55,CHNO,False,False
5749,ok,True,55,CHNO,False,False
5750,ok,True,52,CHNO,False,False
5751,ok,True,52,CHNO,False,False
5752,ok,True,52,CHNO,False,False
5753,ok,True,52,CHNO,False,False
5754,ok,True,55,CHO,False,False
5755,ok,True,55,CHNO,False,False
5756,ok,True,55,CHNO,False,False
5757,ok,True,59,CHNO,False,False
5758,ok,True,59,CHNO,False,False
5759,ok,True,59,CHNO,False,False
576,ok,True,34,CHNO,False,False
5760,ok,True,59,CHNO,False,False
5761,ok,True,59,CHNO,False,False
5762,ok,True,59,CHNO,False,False
5763,ok,True,47,CHNO,False,False
5764,ok,True,47,CHNO,False,False
5765,ok,True,49,CHNO,False,False
5766,ok,True,49,CHNO,False,False
5767,ok,True,56,CHNO,False,False
5768,ok,True,56,CHNO,False,False
5769,ok,True,56,CHNO,False,False
577,ok,True,34,CFHNO,False,True
5770,ok,True,56,CHNO,False,False
5771,ok,True,56,CHNO,False,False
5772,ok,True,56,CHNO,False,False
5773,ok,True,56,CHNO,False,False
5774,ok,True,56,CHNO,False,False
5775,ok,True,48,CHNO,False,False
5776,ok,True,48,CHNO,False,False
5777,ok,True,47,CHNO,False,False
5778,ok,True,47,CHNO,False,False
5779,ok,True,54,CHNO,False,False
5780,ok,True,54,CHNO,False,False
5781,ok,True,52,CHNO,False,False
5782,ok,True,52,CHNO,False,False
5783,ok,True,52,CHNO,False,False
5785,ok,True,50,CHNO,False,False
5786,ok,True,57,CHNO,False,False
5787,ok,True,57,CHNO,False,False
5788,ok,True,58,CHNO,False,False
5789,ok,True,49,CHNO,False,False
579,ok,True,40,CFHNO,False,True
5790,ok,True,49,CHNO,False,False
5792,ok,True,50,CHNO,False,False
5793,ok,True,50,CHNO,False,False
5794,ok,True,50,CHNO,False,False
5795,ok,True,53,CHNO,False,False
5796,ok,True,53,CHNO,False,False
5797,ok,True,53,CHNO,False,False
5798,ok,True,53,CHNO,False,False
58,ok,True,27,CFHNO,False,True
580,ok,True,40,CFHNO,False,True
5800,ok,True,53,CHNO,False,False
5801,ok,True,50,CHNO,False,False
5802,ok,True,51,CHNO,False,False
5803,ok,True,46,CHNO,False,False
5805,ok,True,54,CHNO,False,False
5806,ok,True,54,CHNO,False,False
5808,ok,True,50,CHNO,False,False
5809,ok,True,50,CHNO,False,False
581,ok,True,37,CHNO,False,False
5810,ok,True,55,CHNO,False,False
5811,ok,True,55,CHNO,False,False
5812,ok,True,55,CHNO,False,False
5813,ok,True,55,CHNO,False,False
5814,ok,True,50,CHNO,False,False
5815,ok,True,50,CHNO,False,False
5816,ok,True,48,CHNO,False,False
5818,ok,True,58,CHNO,False,False
5819,ok,True,57,CHNO,False,False
582,ok,True,37,CHNO,False,False
5821,ok,True,57,CHNO,False,False
5822,ok,True,57,CHNO,False,False
5823,ok,True,58,CHNO,False,False
5824,ok,True,58,CHNO,False,False
5825,ok,True,50,CHNO,False,False
5826,ok,True,50,CHNO,False,False
5827,ok,True,58,CHNO,False,False
5828,ok,True,58,CHNO,False,False
5829,ok,True,58,CHNO,False,False
583,ok,True,40,CHNO,False,False
5830,ok,True,58,CHNO,False,False
5831,ok,True,57,CHNO,False,False
5832,ok,True,57,CHNO,False,False
5833,ok,True,57,CHNO,False,False
5834,ok,True,57,CHNO,False,False
5838,ok,True,60,CHO,False,False
5839,ok,True,60,CHO,False,False
584,ok,True,40,CHNO,False,False
5840,ok,True,60,CHO,False,False
5841,ok,True,60,CHO,False,False
5842,ok,True,60,CHO,False,False
5843,ok,True,60,CHO,False,False
5844,ok,True,51,CHNO,False,False
5845,ok,True,51,CHNO,False,False
5846,ok,True,53,CHNO,False,False
5847,ok,True,53,CHNO,False,False
5848,ok,True,55,CHNO,False,False
5849,ok,True,55,CHNO,False,False
585,ok,True,36,CHNO,False,False
5850,ok,True,54,CHNO,False,False
5851,ok,True,54,CHNO,False,False
5852,ok,True,50,CHO,False,False
5853,ok,True,50,CHO,False,False
5854,ok,True,53,CHNO,False,False
5855,ok,True,53,CHNO,False,False
5856,ok,True,54,CHNO,False,False
5857,ok,True,54,CHNO,False,False
5858,ok,True,54,CHNO,False,False
5859,ok,True,54,CHNO,False,False
586,ok,True,36,CHNO,False,False
5860,ok,True,55,CHNO,False,False
5861,ok,True,55,CHNO,False,False
5862,ok,True,54,CHNO,False,False
5863,ok,True,54,CHNO,False,False
5864,ok,True,56,CHNO,False,False
5865,ok,True,56,CHNO,False,False
5866,ok,True,56,CHNO,False,False
5867,ok,True,56,CHNO,False,False
5868,ok,True,55,CHNO,False,False
5869,ok,True,55,CHNO,False,False
5870,ok,True,60,CHNO,False,False
5871,ok,True,60,CHNO,False,False
5872,ok,True,60,CHNO,False,False
5873,ok,True,60,CHNO,False,False
5874,ok,True,60,CHNO,False,False
5875,ok,True,60,CHNO,False,False
5876,ok,True,54,CHNO,False,False
5877,ok,True,54,CHNO,False,False
5878,ok,True,59,CHNO,False,False
5879,ok,True,59,CHNO,False,False
588,ok,True,43,CHNO,False,False
5880,ok,True,59,CHNO,False,False
5881,ok,True,59,CHNO,False,False
5882,ok,True,59,CHNO,False,False
5884,ok,True,52,CHNO,False,False
5885,ok,True,52,CHNO,False,False
5886,ok,True,52,CHNO,False,False
5887,ok,True,52,CHNO,False,False
5888,ok,True,61,CHO,False,False
5889,ok,True,63,CHN,False,False
589,ok,True,39,CFHNO,False,True
5890,ok,True,55,CHNO,False,False
5891,ok,True,55,CHNO,False,False
5892,ok,True,58,CHNO,False,False
5893,ok,True,58,CHNO,False,False
5894,ok,True,57,CHNO,False,False
5895,ok,True,57,CHNO,False,False
5897,ok,True,57,CHNO,False,False
5898,ok,True,57,CHNO,False,False
590,ok,True,39,CFHNO,False,True
5900,ok,True,56,CHNO,False,False
5901,ok,True,56,CHNO,False,False
5902,ok,True,57,CHNO,False,False
5903,ok,True,57,CHNO,False,False
5904,ok,True,58,CHNO,False,False
5905,ok,True,58,CHNO,False,False
5906,ok,True,58,CHNO,False,False
5907,ok,True,58,CHNO,False,False
5908,ok,True,57,CHNO,False,False
5909,ok,True,57,CHNO,False,False
591,ok,True,42,CHNO,False,False
5910,ok,True,59,CHNO,False,False
5911,ok,True,59,CHNO,False,False
5912,ok,True,63,CHNO,False,False
5913,ok,True,63,CHNO,False,False
5915,ok,True,63,CHNO,False,False
5916,ok,True,63,CHNO,False,False
5918,ok,True,55,CHNO,False,False
5919,ok,True,55,CHNO,False,False
592,ok,True,42,CHNO,False,False
5920,ok,True,66,CHNO,False,False
5921,ok,True,66,CHNO,False,False
5922,ok,True,66,CHNO,False,False
5923,ok,True,66,CHNO,False,False
5924,ok,True,66,CHNO,False,False
5925,ok,True,66,CHNO,False,False
5926,ok,True,55,CHNO,False,False
5927,ok,True,55,CHNO,False,False
5928,ok,True,56,CHNO,False,False
5929,ok,True,56,CHNO,False,False
593,ok,True,42,CHNO,False,False
5930,ok,True,65,CHNO,False,False
5931,ok,True,65,CHNO,False,False
5932,ok,True,65,CHNO,False,False
5934,ok,True,65,CHNO,False,False
5935,ok,True,65,CHNO,False,False
5936,ok,True,61,CHNO,False,False
5937,ok,True,61,CHNO,False,False
5938,ok,True,60,CHNO,False,False
5939,ok,True,60,CHNO,False,False
594,ok,True,42,CHNO,False,False
5940,ok,True,60,CHNO,False,False
5941,ok,True,60,CHNO,False,False
5942,ok,True,60,CHNO,False,False
5943,ok,True,60,CHNO,False,False
5945,ok,True,62,CHNO,False,False
5946,ok,True,61,CHO,False,False
5947,ok,True,61,CHO,False,False
5948,ok,True,59,CHNO,False,False
5949,ok,True,59,CHNO,False,False
595,ok,True,38,CHNO,False,False
5950,ok,True,60,CHNO,False,False
5951,ok,True,60,CHNO,False,False
5952,ok,True,63,CHNO,False,False
5953,ok,True,63,CHNO,False,False
5954,ok,True,61,CHNO,False,False
5955,ok,True,61,CHNO,False,False
5956,ok,True,64,CHNO,False,False
5957,ok,True,64,CHNO,False,False
5958,ok,True,64,CHNO,False,False
5959,ok,True,64,CHNO,False,False
596,ok,True,38,CHNO,False,False
5960,ok,True,60,CHNO,False,False
5961,ok,True,60,CHNO,False,False
5962,ok,True,61,CHNO,False,False
5963,ok,True,61,CHNO,False,False
5964,ok,True,65,CHNO,False,False
5965,ok,True,65,CHNO,False,False
5966,ok,True,64,CHNO,False,False
5967,ok,True,64,CHNO,False,False
5968,ok,True,67,CHNO,False,False
5969,ok,True,67,CHNO,False,False
597,ok,True,42,CHNO,False,False
5970,ok,True,68,CHO,False,False
5971,ok,True,68,CHO,False,False
5972,ok,True,72,CHNO,False,False
5973,ok,True,72,CHNO,False,False
598,ok,True,42,CHNO,False,False
599,ok,True,41,CFHO,False,True
6,ok,True,19,CFHNO,False,True
600,ok,True,41,CFHO,False,True
601,ok,True,41,CFHO,False,True
602,ok,True,41,CFHO,False,True
603,ok,True,41,CHNO,False,False
606,ok,True,37,CHNO,False,False
607,ok,True,37,CHNO,False,False
608,ok,True,36,BrCHNO,True,True
609,ok,True,36,BrCHNO,True,True
61,ok,True,31,CHO,False,False
610,ok,True,31,CClFHNO,True,True
611,ok,True,31,CClFHNO,True,True
613,ok,True,31,CClFHNO,True,True
615,ok,True,43,CHNO,False,False
616,ok,True,40,CHNO,False,False
617,ok,True,40,CHNO,False,False
618,ok,True,35,CHNO,False,False
619,ok,True,35,CHNO,False,False
62,ok,True,31,CHO,False,False
620,ok,True,43,CHNO,False,False
621,ok,True,43,CHNO,False,False
622,ok,True,43,CHNO,False,False
623,ok,True,43,CHNO,False,False
624,ok,True,42,CClHN,True,True
625,ok,True,42,CClHN,True,True
626,ok,True,42,CHNO,False,False
628,ok,True,30,BrCClHNO,True,True
63,ok,True,30,CHNO,False,False
630,ok,True,30,BrCClHNO,True,True
631,ok,True,36,CClFHNO,True,True
632,ok,True,36,CClFHNO,True,True
633,ok,True,40,CClHNO,True,True
634,ok,True,40,CClHNO,True,True
635,ok,True,34,CFHNO,False,True
636,ok,True,34,CFHNO,False,True
637,ok,True,30,BrCHNO,True,True
638,ok,True,30,BrCHNO,True,True
639,ok,True,43,CHNO,False,False
64,ok,True,30,CHNO,False,False
640,ok,True,37,CHNO,False,False
641,ok,True,38,CHNO,False,False
642,ok,True,38,CHNO,False,False
643,ok,True,38,CHNO,False,False
644,ok,True,38,CHNO,False,False
645,ok,True,29,BrCHNO,True,True
647,ok,True,29,CClHNO,True,True
648,ok,True,38,CHN,False,False
649,ok,True,38,CHN,False,False
65,ok,True,25,CFHNO,False,True
650,ok,True,38,BrCHNO,True,True
651,ok,True,38,BrCHNO,True,True
652,ok,True,42,CHNO,False,False
653,ok,True,42,CHNO,False,False
654,ok,True,42,CHNO,False,False
655,ok,True,42,CHNO,False,False
656,ok,True,43,CHNO,False,False
657,ok,True,43,CHNO,False,False
658,ok,True,43,CHNO,False,False
66,ok,True,26,CHNO,False,False
662,ok,True,41,CHNO,False,False
663,ok,True,37,CHNO,False,False
664,ok,True,37,CHNO,False,False
665,ok,True,33,CFHO,False,True
666,ok,True,33,CFHO,False,True
667,ok,True,32,CFHO,False,True
668,ok,True,32,CFHO,False,True
669,ok,True,41,CHNO,False,False
67,ok,True,26,CHNO,False,False
670,ok,True,41,CHNO,False,False
671,ok,True,41,CHNO,False,False
672,ok,True,41,CHNO,False,False
673,ok,True,38,CHNO,False,False
674,ok,True,38,CHNO,False,False
675,ok,True,38,CHNO,False,False
676,ok,True,38,CHNO,False,False
677,ok,True,32,CClHNO,True,True
678,ok,True,32,CClHNO,True,True
679,ok,True,32,CClHNO,True,True
68,ok,True,31,CHNO,False,False
680,ok,True,32,CClHNO,True,True
681,ok,True,44,CHNO,False,False
682,ok,True,44,CHNO,False,False
683,ok,True,36,CClFHNO,True,True
684,ok,True,36,CClFHNO,True,True
685,ok,True,39,CHNO,False,False
686,ok,True,39,CHNO,False,False
687,ok,True,39,CHNO,False,False
688,ok,True,39,CHNO,False,False
689,ok,True,40,CHNO,False,False
69,ok,True,31,CHNO,False,False
690,ok,True,40,CHNO,False,False
691,ok,True,37,CHNO,False,False
692,ok,True,35,CFHNO,False,True
693,ok,True,35,CFHNO,False,True
694,ok,True,39,CHNO,False,False
695,ok,True,39,CHNO,False,False
696,ok,True,39,CHNO,False,False
697,ok,True,39,CHNO,False,False
698,ok,True,44,CHNO,False,False
699,ok,True,44,CHNO,False,False
7,ok,True,24,CHNO,False,False
70,ok,True,33,CHNO,False,False
700,ok,True,44,CHNO,False,False
701,ok,True,44,CHNO,False,False
702,ok,True,33,CClFHNO,True,True
703,ok,True,33,CClFHNO,True,True
704,ok,True,44,CHNO,False,False
705,ok,True,44,CHNO,False,False
706,ok,True,43,CHNO,False,False
707,ok,True,43,CHNO,False,False
708,ok,True,35,CFHNO,False,True
709,ok,True,35,CFHNO,False,True
71,ok,True,33,CHNO,False,False
710,ok,True,33,BrCHNO,True,True
711,ok,True,33,BrCHNO,True,True
712,ok,True,33,BrCHNO,True,True
713,ok,True,33,BrCHNO,True,True
714,ok,True,36,CFHNO,False,True
715,ok,True,36,CFHNO,False,True
716,ok,True,36,CFHNO,False,True
717,ok,True,36,CFHNO,False,True
718,ok,True,36,CHNO,False,False
719,ok,True,36,CHNO,False,False
72,ok,True,25,CClHNO,True,True
720,ok,True,36,CHNO,False,False
721,ok,True,36,CHNO,False,False
722,ok,True,44,CHNO,False,False
723,ok,True,44,CHNO,False,False
724,ok,True,38,CClHNO,True,True
725,ok,True,38,CClHNO,True,True
726,ok,True,39,CHNO,False,False
727,ok,True,39,CHNO,False,False
728,ok,True,33,BrCHNO,True,True
729,ok,True,33,BrCHNO,True,True
73,ok,True,25,CClHNO,True,True
730,ok,True,46,CHNO,False,False
731,ok,True,46,CHNO,False,False
732,ok,True,43,CHNO,False,False
733,ok,True,43,CHNO,False,False
734,ok,True,38,CHNO,False,False
735,ok,True,38,CHNO,False,False
736,ok,True,38,CHNO,False,False
737,ok,True,38,CHNO,False,False
738,ok,True,30,CClHNO,True,True
739,ok,True,30,CClHNO,True,True
74,ok,True,26,CHNO,False,False
740,ok,True,40,CFHNO,False,True
741,ok,True,40,CFHNO,False,True
742,ok,True,44,CHNO,False,False
743,ok,True,44,CHNO,False,False
744,ok,True,34,CHNO,False,False
745,ok,True,34,CHNO,False,False
746,ok,True,34,CHNO,False,False
747,ok,True,34,CHNO,False,False
748,ok,True,39,CHNO,False,False
749,ok,True,42,CHNO,False,False
75,ok,True,26,CHNO,False,False
750,ok,True,43,CFHNO,False,True
751,ok,True,43,CFHNO,False,True
752,ok,True,44,CHNO,False,False
753,ok,True,44,CHNO,False,False
754,ok,True,43,CHNO,False,False
755,ok,True,43,CHNO,False,False
756,ok,True,40,CFHNO,False,True
757,ok,True,40,CFHNO,False,True
758,ok,True,40,CFHNO,False,True
759,ok,True,40,CFHNO,False,True
76,ok,True,26,CHNO,False,False
761,ok,True,33,BrCHNO,True,True
762,ok,True,33,BrCHNO,True,True
763,ok,True,39,CHNO,False,False
764,ok,True,39,CHNO,False,False
765,ok,True,39,CHNO,False,False
766,ok,True,39,CHNO,False,False
767,ok,True,38,CClHNO,True,True
768,ok,True,38,CClHNO,True,True
769,ok,True,38,CClHNO,True,True
77,ok,True,26,CHNO,False,False
770,ok,True,38,CClHNO,True,True
771,ok,True,38,CFHNO,False,True
772,ok,True,38,CFHNO,False,True
773,ok,True,41,CHNO,False,False
774,ok,True,41,CHNO,False,False
775,ok,True,38,CHNO,False,False
776,ok,True,38,CHNO,False,False
777,ok,True,38,CHNO,False,False
778,ok,True,38,CHNO,False,False
779,ok,True,39,CHNO,False,False
78,ok,True,28,CFHNO,False,True
780,ok,True,39,CHNO,False,False
781,ok,True,39,CHNO,False,False
782,ok,True,39,CHNO,False,False
783,ok,True,39,CFHNO,False,True
784,ok,True,39,CFHNO,False,True
785,ok,True,37,CClHNO,True,True
786,ok,True,37,CClHNO,True,True
788,ok,True,42,CHNO,False,False
789,ok,True,37,BrCHNO,True,True
79,ok,True,28,CFHNO,False,True
790,ok,True,37,BrCHNO,True,True
791,ok,True,43,CHNO,False,False
792,ok,True,43,CHNO,False,False
793,ok,True,36,CFHNO,False,True
794,ok,True,36,CFHNO,False,True
795,ok,True,39,CHNO,False,False
796,ok,True,39,CHNO,False,False
797,ok,True,39,CHNO,False,False
798,ok,True,39,CHNO,False,False
799,ok,True,39,CHNO,False,False
8,ok,True,24,CHNO,False,False
80,ok,True,22,CClHNO,True,True
800,ok,True,39,CHNO,False,False
801,ok,True,43,CFHNO,False,True
802,ok,True,43,CFHNO,False,True
803,ok,True,39,CHNO,False,False
804,ok,True,39,CHNO,False,False
805,ok,True,39,CHNO,False,False
806,ok,True,39,CHNO,False,False
807,ok,True,38,CHNO,False,False
808,ok,True,38,CHNO,False,False
809,ok,True,38,CHNO,False,False
81,ok,True,22,CClHNO,True,True
810,ok,True,38,CHNO,False,False
811,ok,True,44,CHNO,False,False
812,ok,True,44,CHNO,False,False
813,ok,True,37,CHNO,False,False
814,ok,True,37,CHNO,False,False
815,ok,True,36,BrCHNO,True,True
816,ok,True,36,BrCHNO,True,True
817,ok,True,32,BrCFHNO,True,True
818,ok,True,32,BrCFHNO,True,True
819,ok,True,32,BrCFHNO,True,True
82,ok,True,29,CHNO,False,False
820,ok,True,32,BrCFHNO,True,True
821,ok,True,44,CFHO,False,True
822,ok,True,44,CFHO,False,True
823,ok,True,44,CFHO,False,True
824,ok,True,44,CFHO,False,True
825,ok,True,45,CClHNO,True,True
826,ok,True,45,CClHNO,True,True
827,ok,True,36,BrCHNO,True,True
828,ok,True,36,BrCHNO,True,True
829,ok,True,36,BrCHNO,True,True
83,ok,True,29,CHNO,False,False
830,ok,True,36,BrCHNO,True,True
831,ok,True,51,CHNO,False,False
832,ok,True,51,CHNO,False,False
833,ok,True,37,BrCHNO,True,True
834,ok,True,37,BrCHNO,True,True
836,ok,True,41,CClHNO,True,True
837,ok,True,39,CHNO,False,False
838,ok,True,39,CHNO,False,False
839,ok,True,42,CClHNO,True,True
84,ok,True,26,CClHNO,True,True
840,ok,True,42,CClHNO,True,True
841,ok,True,42,CClHNO,True,True
842,ok,True,42,CClHNO,True,True
843,ok,True,41,CFHNO,False,True
844,ok,True,34,CClHNO,True,True
845,ok,True,40,CHNO,False,False
846,ok,True,40,CHNO,False,False
848,ok,True,33,CClHNO,True,True
85,ok,True,26,CClHNO,True,True
850,ok,True,40,CHNO,False,False
851,ok,True,42,CFHNO,False,True
852,ok,True,42,CFHNO,False,True
853,ok,True,42,CFHNO,False,True
854,ok,True,42,CFHNO,False,True
855,ok,True,39,CClHO,True,True
856,ok,True,39,CClHO,True,True
857,ok,True,41,CHNO,False,False
858,ok,True,41,CHNO,False,False
86,ok,True,33,CHNO,False,False
860,ok,True,41,CHNO,False,False
862,ok,True,47,CFHNO,False,True
863,ok,True,31,BrCFHNO,True,True
864,ok,True,31,BrCFHNO,True,True
865,ok,True,31,BrCFHNO,True,True
866,ok,True,31,BrCFHNO,True,True
867,ok,True,36,CFHNO,False,True
868,ok,True,36,CFHNO,False,True
869,ok,True,36,CFHNO,False,True
87,ok,True,33,CHNO,False,False
870,ok,True,36,CFHNO,False,True
871,ok,True,37,CClHNO,True,True
872,ok,True,37,CClHNO,True,True
873,ok,True,37,CClHNO,True,True
874,ok,True,37,CClHNO,True,True
875,ok,True,44,CHNO,False,False
876,ok,True,44,CHNO,False,False
877,ok,True,43,CFHNO,False,True
878,ok,True,43,CFHNO,False,True
879,ok,True,43,CFHNO,False,True
88,ok,True,36,CHNO,False,False
880,ok,True,43,CFHNO,False,True
882,ok,True,45,CHNO,False,False
884,ok,True,33,CClHNO,True,True
885,ok,True,37,CFHNO,False,True
886,ok,True,37,CFHNO,False,True
887,ok,True,37,CFHNO,False,True
888,ok,True,37,CFHNO,False,True
889,ok,True,42,CHNO,False,False
89,ok,True,31,CHNO,False,False
890,ok,True,42,CHNO,False,False
891,ok,True,44,CHNO,False,False
892,ok,True,40,CHNO,False,False
893,ok,True,40,CHNO,False,False
894,ok,True,42,CFHN,False,True
895,ok,True,42,CFHN,False,True
896,ok,True,39,CHNO,False,False
897,ok,True,39,CHNO,False,False
899,ok,True,40,CFHNO,False,True
9,ok,True,23,CHN,False,False
90,ok,True,31,CHNO,False,False
900,ok,True,40,CFHNO,False,True
901,ok,True,40,CFHNO,False,True
902,ok,True,40,CFHNO,False,True
903,ok,True,40,CHNO,False,False
904,ok,True,40,CHNO,False,False
905,ok,True,48,CHNO,False,False
906,ok,True,48,CHNO,False,False
907,ok,True,44,CHNO,False,False
908,ok,True,47,CHNO,False,False
909,ok,True,47,CHNO,False,False
91,ok,True,31,CHNO,False,False
910,ok,True,46,CHNO,False,False
911,ok,True,46,CHNO,False,False
912,ok,True,40,CClHNO,True,True
913,ok,True,40,CClHNO,True,True
914,ok,True,48,CHNO,False,False
915,ok,True,48,CHNO,False,False
916,ok,True,48,CHNO,False,False
917,ok,True,48,CHNO,False,False
918,ok,True,41,CFHNO,False,True
919,ok,True,41,CFHNO,False,True
92,ok,True,31,CHNO,False,False
920,ok,True,41,CFHNO,False,True
921,ok,True,41,CFHNO,False,True
922,ok,True,44,CFHNO,False,True
923,ok,True,44,CFHNO,False,True
924,ok,True,40,CFHN,False,True
925,ok,True,40,CFHN,False,True
926,ok,True,41,CHNO,False,False
927,ok,True,36,CFHNO,False,True
928,ok,True,36,CFHNO,False,True
929,ok,True,40,CHN,False,False
93,ok,True,28,CFHNO,False,True
930,ok,True,40,CHN,False,False
931,ok,True,42,CHNO,False,False
932,ok,True,42,CHNO,False,False
934,ok,True,42,CHNO,False,False
935,ok,True,41,CFHNO,False,True
936,ok,True,41,CFHNO,False,True
939,ok,True,44,CHNO,False,False
94,ok,True,28,CFHNO,False,True
940,ok,True,44,CHNO,False,False
941,ok,True,43,CHNO,False,False
942,ok,True,43,CHNO,False,False
943,ok,True,41,CHNO,False,False
944,ok,True,41,CHNO,False,False
945,ok,True,40,CFHN,False,True
946,ok,True,40,CFHN,False,True
947,ok,True,39,CFHNO,False,True
948,ok,True,39,CFHNO,False,True
949,ok,True,48,CHNO,False,False
95,ok,True,29,CFHNO,False,True
950,ok,True,48,CHNO,False,False
951,ok,True,44,CFHNO,False,True
952,ok,True,34,CClFHNO,True,True
953,ok,True,34,CClFHNO,True,True
954,ok,True,34,CClFHNO,True,True
955,ok,True,34,CClFHNO,True,True
956,ok,True,38,CFHNO,False,True
957,ok,True,38,CFHNO,False,True
958,ok,True,38,CFHNO,False,True
959,ok,True,38,CFHNO,False,True
96,ok,True,29,CFHNO,False,True
960,ok,True,38,CHNO,False,False
961,ok,True,44,CFHNO,False,True
962,ok,True,44,CFHNO,False,True
963,ok,True,41,CClHNO,True,True
964,ok,True,41,CClHNO,True,True
965,ok,True,38,CHNO,False,False
966,ok,True,38,CHNO,False,False
967,ok,True,38,CHNO,False,False
968,ok,True,38,CHNO,False,False
969,ok,True,49,CHNO,False,False
97,ok,True,26,CHNO,False,False
970,ok,True,49,CHNO,False,False
971,ok,True,48,CHNO,False,False
972,ok,True,48,CHNO,False,False
973,ok,True,43,CHNO,False,False
974,ok,True,43,CHNO,False,False
975,ok,True,37,CClHNO,True,True
976,ok,True,43,CFHNO,False,True
977,ok,True,43,CFHNO,False,True
978,ok,True,48,CHNO,False,False
98,ok,True,26,CHNO,False,False
980,ok,True,32,CFHNO,False,True
981,ok,True,32,CFHNO,False,True
982,ok,True,41,CClFHN,True,True
983,ok,True,41,CClFHN,True,True
984,ok,True,39,CHNO,False,False
985,ok,True,39,CHNO,False,False
986,ok,True,47,CHN,False,False
987,ok,True,47,CHN,False,False
988,ok,True,49,CHNO,False,False
989,ok,True,49,CHNO,False,False
99,ok,True,30,CHNO,False,False
990,ok,True,39,CClHNO,True,True
991,ok,True,39,CClHNO,True,True
994,ok,True,34,BrCHNO,True,True
995,ok,True,34,BrCHNO,True,True
996,ok,True,34,BrCHNO,True,True
997,ok,True,34,BrCHNO,True,True
