{
  "rxn_id": "cn",
  "level": "ZORA-BLYP-D3(BJ)/TZ2P all-electron NOSYM Good (ADF)",
  "E_strain": 11.838172274144654,
  "E_Pauli": 120.04,
  "E_elstat": -55.42,
  "E_oi": -94.79,
  "E_disp": -8.14,
  "E_int": -38.31,
  "E_int_total_kcal": -38.3,
  "dE_frag_barrier_eda": -26.47182772585535,
  "E_A_TS_kcal": -1023.1488041341331,
  "E_B_TS_kcal": -961.8488915013671,
  "E_A_relax_kcal": -1027.9936570497703,
  "E_B_relax_kcal": -968.8422108598746,
  "dEprep_A_kcal": 4.844852915637148,
  "dEprep_B_kcal": 6.993319358507506
}