{"arm": "xgb28_delta_family", "family": "qmrxn20_e2", "fold": 3, "member": 4, "n_train": 159, "n_test": 40, "reaction_ids": ["qmrxn20_e2_C_A_E_C_A_A", "qmrxn20_e2_C_A_A_A_C_A", "qmrxn20_e2_D_E_E_C_A_A", "qmrxn20_e2_B_A_C_B_A_B", "qmrxn20_e2_B_A_E_E_C_C", "qmrxn20_e2_E_B_A_D_A_A", "qmrxn20_e2_C_B_C_A_B_C", "qmrxn20_e2_B_D_A_D_A_A", "qmrxn20_e2_D_D_E_A_C_A", "qmrxn20_e2_D_C_D_D_C_B", "qmrxn20_e2_C_E_A_D_B_B", "qmrxn20_e2_E_C_C_D_B_A", "qmrxn20_e2_C_D_D_D_C_C", "qmrxn20_e2_B_D_D_E_B_A", "qmrxn20_e2_E_E_E_E_A_A", "qmrxn20_e2_A_A_E_A_C_C", "qmrxn20_e2_C_D_D_A_B_B", "qmrxn20_e2_D_B_D_E_A_A", "qmrxn20_e2_B_A_E_E_B_B", "qmrxn20_e2_A_A_A_A_B_C", "qmrxn20_e2_A_D_E_A_B_B", "qmrxn20_e2_C_D_E_E_B_A", "qmrxn20_e2_A_B_C_A_A_A", "qmrxn20_e2_E_D_B_D_B_B", "qmrxn20_e2_A_E_E_E_A_A", "qmrxn20_e2_B_D_E_A_C_B", "qmrxn20_e2_D_D_D_C_C_C", "qmrxn20_e2_A_D_C_D_A_A", "qmrxn20_e2_B_C_C_A_C_B", "qmrxn20_e2_D_E_E_D_B_B", "qmrxn20_e2_C_E_D_D_B_B", "qmrxn20_e2_D_D_A_C_C_B", "qmrxn20_e2_C_C_A_C_C_C", "qmrxn20_e2_D_D_A_E_B_B", "qmrxn20_e2_A_A_E_A_C_D", "qmrxn20_e2_D_B_A_E_A_A", "qmrxn20_e2_A_D_E_A_B_D", "qmrxn20_e2_E_A_C_D_B_A", "qmrxn20_e2_B_A_E_D_A_A", "qmrxn20_e2_B_A_A_D_B_A"], "y_true_strain": [8.200353622436523, 3.697251558303833, 24.659198760986328, 68.80657958984375, 34.54124450683594, 26.542816162109375, 52.24412155151367, 17.822757720947266, 8.852982521057129, 8.077021598815918, 32.104373931884766, 16.02277374267578, 30.12010955810547, 4.514274597167969, 40.83568572998047, 42.0283317565918, 17.66417694091797, 26.60101890563965, 20.161312103271484, 55.468021392822266, 23.82889175415039, 9.532515525817871, 7.458212375640869, 32.47988510131836, 33.602272033691406, 19.31179428100586, 48.134925842285156, 5.694286823272705, 7.0503668785095215, 32.689109802246094, 22.29343032836914, 13.77804183959961, 32.81096649169922, 24.23239517211914, 47.438720703125, 26.77065086364746, 47.63383102416992, 14.607820510864258, 23.581928253173828, 6.391313552856445], "y_true_Pauli": [92.33999633789062, 66.86000061035156, 124.29000091552734, 204.27000427246094, 126.62000274658203, 133.83999633789062, 143.86000061035156, 110.5999984741211, 91.0999984741211, 112.19000244140625, 162.89999389648438, 105.72000122070312, 116.05000305175781, 91.98999786376953, 146.02999877929688, 111.23999786376953, 136.74000549316406, 136.74000549316406, 142.97999572753906, 122.93000030517578, 149.36000061035156, 97.66000366210938, 81.69000244140625, 162.6699981689453, 137.88999938964844, 129.6699981689453, 151.38999938964844, 83.33999633789062, 113.54000091552734, 170.25, 155.41000366210938, 133.82000732421875, 118.93000030517578, 153.92999267578125, 102.4800033569336, 128.22000122070312, 99.1500015258789, 105.33999633789062, 127.12000274658203, 79.83999633789062], "y_true_elst": [-94.55999755859375, -56.08000183105469, -100.52999877929688, -132.47000122070312, -82.1500015258789, -93.69000244140625, -85.61000061035156, -72.56999969482422, -68.06999969482422, -78.37999725341797, -107.25, -100.0199966430664, -72.23999786376953, -72.22000122070312, -77.79000091552734, -74.29000091552734, -89.0199966430664, -90.80999755859375, -97.72000122070312, -72.36000061035156, -92.80000305175781, -81.08000183105469, -82.77999877929688, -112.11000061035156, -78.69999694824219, -90.55000305175781, -90.0, -70.88999938964844, -100.08999633789062, -108.47000122070312, -104.88999938964844, -92.76000213623047, -75.30000305175781, -93.66999816894531, -71.98999786376953, -91.5199966430664, -63.33000183105469, -90.37000274658203, -87.63999938964844, -62.27000045776367], "y_true_oi": [-50.970001220703125, -42.81999969482422, -80.8499984741211, -217.1699981689453, -97.94000244140625, -92.47000122070312, -138.75999450683594, -75.44000244140625, -56.7400016784668, -77.2300033569336, -114.80999755859375, -59.16999816894531, -88.13999938964844, -53.84000015258789, -121.95999908447266, -83.5199966430664, -95.94999694824219, -96.43000030517578, -101.86000061035156, -100.19999694824219, -104.25, -59.18000030517578, -47.13999938964844, -119.12999725341797, -106.05999755859375, -91.44999694824219, -125.04000091552734, -46.90999984741211, -70.18000030517578, -117.18000030517578, -107.68000030517578, -96.06999969482422, -109.4000015258789, -107.91000366210938, -74.12999725341797, -88.87000274658203, -72.41000366210938, -62.43000030517578, -89.44000244140625, -49.91999816894531], "y_true_disp": [-1.5499999523162842, -0.8899999856948853, -1.909999966621399, -0.5699999928474426, -3.4000000953674316, -1.7899999618530273, -2.75, -1.5099999904632568, -1.5199999809265137, -1.8600000143051147, -1.159999966621399, -1.899999976158142, -4.0, -1.6799999475479126, -1.340000033378601, -2.700000047683716, -1.4700000286102295, -1.8200000524520874, -1.309999942779541, -1.940000057220459, -1.2100000381469727, -1.6100000143051147, -1.2599999904632568, -1.4900000095367432, -1.4800000190734863, -1.4800000190734863, -3.5299999713897705, -1.5199999809265137, -2.3299999237060547, -1.340000033378601, -1.5199999809265137, -1.5399999618530273, -2.740000009536743, -1.2999999523162842, -3.2699999809265137, -1.7000000476837158, -3.430000066757202, -1.7400000095367432, -1.5399999618530273, -1.1799999475479126], "y_pred_strain": [9.95997142791748, 9.132506370544434, 26.08289337158203, 66.99514770507812, 31.90912628173828, 31.093605041503906, 57.41373825073242, 11.077488899230957, 5.580007553100586, 5.841749668121338, 32.82691192626953, 14.858287811279297, 30.44559097290039, 1.743257999420166, 39.70502471923828, 20.792694091796875, 19.165477752685547, 26.932750701904297, 24.493072509765625, 42.427589416503906, 26.50091552734375, 7.367948532104492, 9.894474029541016, 30.50695037841797, 35.90577697753906, 21.813159942626953, 44.9171142578125, 8.112712860107422, 10.216665267944336, 31.654260635375977, 20.49964141845703, 14.053176879882812, 37.092769622802734, 25.870670318603516, 30.48985481262207, 27.9803466796875, 63.01978302001953, 14.599353790283203, 27.01990509033203, 3.390453338623047], "y_pred_Pauli": [92.4140396118164, 71.1209487915039, 116.19078063964844, 235.27406311035156, 119.74398803710938, 126.3022689819336, 155.52105712890625, 117.88973999023438, 93.28604125976562, 113.20439910888672, 159.89674377441406, 103.36660766601562, 115.74552917480469, 93.93295288085938, 136.49888610839844, 112.84942626953125, 137.4072265625, 123.3639144897461, 143.32286071777344, 121.1735610961914, 146.74266052246094, 94.5194320678711, 91.4173355102539, 161.77728271484375, 125.55514526367188, 133.81288146972656, 145.16766357421875, 86.84529113769531, 121.5780029296875, 162.53684997558594, 149.09872436523438, 133.65672302246094, 138.44406127929688, 154.62803649902344, 111.43824005126953, 128.3411102294922, 103.96022033691406, 104.47515869140625, 117.85611724853516, 84.48008728027344], "y_pred_elst": [-93.91993713378906, -58.589664459228516, -94.17806243896484, -155.80288696289062, -78.05437469482422, -93.2855224609375, -98.94609069824219, -79.60420227050781, -70.62867736816406, -80.81995391845703, -106.17254638671875, -93.77388763427734, -73.50070190429688, -77.98580932617188, -71.12574768066406, -70.3514175415039, -90.23910522460938, -88.15254974365234, -97.79805755615234, -73.96898651123047, -93.91952514648438, -76.4414291381836, -97.1294174194336, -109.98344421386719, -70.04769897460938, -92.21218872070312, -84.9164810180664, -73.63566589355469, -106.65377807617188, -102.7366943359375, -98.09915161132812, -95.11027526855469, -86.64488983154297, -94.58507537841797, -70.02767944335938, -94.63931274414062, -69.77261352539062, -91.30545806884766, -84.365966796875, -68.45845031738281],