{"arm": "xgb28_delta_family", "family": "qmrxn20_e2", "fold": 3, "member": 3, "n_train": 159, "n_test": 40, "reaction_ids": ["qmrxn20_e2_C_A_E_C_A_A", "qmrxn20_e2_C_A_A_A_C_A", "qmrxn20_e2_D_E_E_C_A_A", "qmrxn20_e2_B_A_C_B_A_B", "qmrxn20_e2_B_A_E_E_C_C", "qmrxn20_e2_E_B_A_D_A_A", "qmrxn20_e2_C_B_C_A_B_C", "qmrxn20_e2_B_D_A_D_A_A", "qmrxn20_e2_D_D_E_A_C_A", "qmrxn20_e2_D_C_D_D_C_B", "qmrxn20_e2_C_E_A_D_B_B", "qmrxn20_e2_E_C_C_D_B_A", "qmrxn20_e2_C_D_D_D_C_C", "qmrxn20_e2_B_D_D_E_B_A", "qmrxn20_e2_E_E_E_E_A_A", "qmrxn20_e2_A_A_E_A_C_C", "qmrxn20_e2_C_D_D_A_B_B", "qmrxn20_e2_D_B_D_E_A_A", "qmrxn20_e2_B_A_E_E_B_B", "qmrxn20_e2_A_A_A_A_B_C", "qmrxn20_e2_A_D_E_A_B_B", "qmrxn20_e2_C_D_E_E_B_A", "qmrxn20_e2_A_B_C_A_A_A", "qmrxn20_e2_E_D_B_D_B_B", "qmrxn20_e2_A_E_E_E_A_A", "qmrxn20_e2_B_D_E_A_C_B", "qmrxn20_e2_D_D_D_C_C_C", "qmrxn20_e2_A_D_C_D_A_A", "qmrxn20_e2_B_C_C_A_C_B", "qmrxn20_e2_D_E_E_D_B_B", "qmrxn20_e2_C_E_D_D_B_B", "qmrxn20_e2_D_D_A_C_C_B", "qmrxn20_e2_C_C_A_C_C_C", "qmrxn20_e2_D_D_A_E_B_B", "qmrxn20_e2_A_A_E_A_C_D", "qmrxn20_e2_D_B_A_E_A_A", "qmrxn20_e2_A_D_E_A_B_D", "qmrxn20_e2_E_A_C_D_B_A", "qmrxn20_e2_B_A_E_D_A_A", "qmrxn20_e2_B_A_A_D_B_A"], "y_true_strain": [8.200353622436523, 3.697251558303833, 24.659198760986328, 68.80657958984375, 34.54124450683594, 26.542816162109375, 52.24412155151367, 17.822757720947266, 8.852982521057129, 8.077021598815918, 32.104373931884766, 16.02277374267578, 30.12010955810547, 4.514274597167969, 40.83568572998047, 42.0283317565918, 17.66417694091797, 26.60101890563965, 20.161312103271484, 55.468021392822266, 23.82889175415039, 9.532515525817871, 7.458212375640869, 32.47988510131836, 33.602272033691406, 19.31179428100586, 48.134925842285156, 5.694286823272705, 7.0503668785095215, 32.689109802246094, 22.29343032836914, 13.77804183959961, 32.81096649169922, 24.23239517211914, 47.438720703125, 26.77065086364746, 47.63383102416992, 14.607820510864258, 23.581928253173828, 6.391313552856445], "y_true_Pauli": [92.33999633789062, 66.86000061035156, 124.29000091552734, 204.27000427246094, 126.62000274658203, 133.83999633789062, 143.86000061035156, 110.5999984741211, 91.0999984741211, 112.19000244140625, 162.89999389648438, 105.72000122070312, 116.05000305175781, 91.98999786376953, 146.02999877929688, 111.23999786376953, 136.74000549316406, 136.74000549316406, 142.97999572753906, 122.93000030517578, 149.36000061035156, 97.66000366210938, 81.69000244140625, 162.6699981689453, 137.88999938964844, 129.6699981689453, 151.38999938964844, 83.33999633789062, 113.54000091552734, 170.25, 155.41000366210938, 133.82000732421875, 118.93000030517578, 153.92999267578125, 102.4800033569336, 128.22000122070312, 99.1500015258789, 105.33999633789062, 127.12000274658203, 79.83999633789062], "y_true_elst": [-94.55999755859375, -56.08000183105469, -100.52999877929688, -132.47000122070312, -82.1500015258789, -93.69000244140625, -85.61000061035156, -72.56999969482422, -68.06999969482422, -78.37999725341797, -107.25, -100.0199966430664, -72.23999786376953, -72.22000122070312, -77.79000091552734, -74.29000091552734, -89.0199966430664, -90.80999755859375, -97.72000122070312, -72.36000061035156, -92.80000305175781, -81.08000183105469, -82.77999877929688, -112.11000061035156, -78.69999694824219, -90.55000305175781, -90.0, -70.88999938964844, -100.08999633789062, -108.47000122070312, -104.88999938964844, -92.76000213623047, -75.30000305175781, -93.66999816894531, -71.98999786376953, -91.5199966430664, -63.33000183105469, -90.37000274658203, -87.63999938964844, -62.27000045776367], "y_true_oi": [-50.970001220703125, -42.81999969482422, -80.8499984741211, -217.1699981689453, -97.94000244140625, -92.47000122070312, -138.75999450683594, -75.44000244140625, -56.7400016784668, -77.2300033569336, -114.80999755859375, -59.16999816894531, -88.13999938964844, -53.84000015258789, -121.95999908447266, -83.5199966430664, -95.94999694824219, -96.43000030517578, -101.86000061035156, -100.19999694824219, -104.25, -59.18000030517578, -47.13999938964844, -119.12999725341797, -106.05999755859375, -91.44999694824219, -125.04000091552734, -46.90999984741211, -70.18000030517578, -117.18000030517578, -107.68000030517578, -96.06999969482422, -109.4000015258789, -107.91000366210938, -74.12999725341797, -88.87000274658203, -72.41000366210938, -62.43000030517578, -89.44000244140625, -49.91999816894531], "y_true_disp": [-1.5499999523162842, -0.8899999856948853, -1.909999966621399, -0.5699999928474426, -3.4000000953674316, -1.7899999618530273, -2.75, -1.5099999904632568, -1.5199999809265137, -1.8600000143051147, -1.159999966621399, -1.899999976158142, -4.0, -1.6799999475479126, -1.340000033378601, -2.700000047683716, -1.4700000286102295, -1.8200000524520874, -1.309999942779541, -1.940000057220459, -1.2100000381469727, -1.6100000143051147, -1.2599999904632568, -1.4900000095367432, -1.4800000190734863, -1.4800000190734863, -3.5299999713897705, -1.5199999809265137, -2.3299999237060547, -1.340000033378601, -1.5199999809265137, -1.5399999618530273, -2.740000009536743, -1.2999999523162842, -3.2699999809265137, -1.7000000476837158, -3.430000066757202, -1.7400000095367432, -1.5399999618530273, -1.1799999475479126], "y_pred_strain": [8.748942375183105, 8.004671096801758, 21.5509033203125, 63.84340286254883, 34.14134979248047, 25.71812629699707, 56.6065673828125, 21.27342987060547, 8.448225975036621, 8.611696243286133, 31.59519386291504, 13.473448753356934, 31.717693328857422, 6.1337385177612305, 42.03475570678711, 34.59451675415039, 18.261560440063477, 28.99720573425293, 23.573204040527344, 44.02585983276367, 23.968021392822266, 6.8730926513671875, 6.469726085662842, 29.865558624267578, 35.121620178222656, 18.137340545654297, 49.88750457763672, 6.12040901184082, 9.594637870788574, 32.146942138671875, 22.42607879638672, 13.47790241241455, 37.150325775146484, 24.170677185058594, 47.801048278808594, 25.360868453979492, 54.54631805419922, 14.119585990905762, 27.84757423400879, 6.325959205627441], "y_pred_Pauli": [92.73077392578125, 71.4007339477539, 117.26351165771484, 236.0519561767578, 119.08731079101562, 127.53132629394531, 155.7158203125, 114.91311645507812, 92.48976135253906, 112.44022369384766, 160.21446228027344, 103.71446228027344, 115.37784576416016, 92.6869888305664, 135.8564453125, 108.78966522216797, 137.6584930419922, 122.77775573730469, 143.5805206298828, 120.65684509277344, 147.35504150390625, 94.64847564697266, 92.25669860839844, 161.9686279296875, 125.74466705322266, 134.71502685546875, 143.7363739013672, 87.35570526123047, 121.74131774902344, 162.40341186523438, 148.57867431640625, 133.8352813720703, 138.42564392089844, 155.06283569335938, 106.30458068847656, 128.9862823486328, 105.75851440429688, 104.59546661376953, 117.61322021484375, 83.60607147216797], "y_pred_elst": [-93.85940551757812, -58.55244827270508, -94.2210464477539, -155.8694610595703, -77.7896957397461, -93.39582824707031, -98.86853790283203, -78.99095916748047, -70.38501739501953, -80.56228637695312, -106.18580627441406, -93.68291473388672, -73.33860778808594, -77.64960479736328, -70.86160278320312, -69.5529556274414, -90.13961029052734, -87.94649505615234, -97.76517486572266, -73.86758422851562, -93.823974609375, -76.33109283447266, -97.22665405273438, -109.93446350097656, -69.91163635253906, -92.29151153564453, -84.53314208984375, -73.6474838256836, -106.51311492919922, -102.55516815185547, -97.87835693359375, -95.06201934814453, -86.49522399902344, -94.52364349365234, -68.97847747802734, -94.68067169189453, -69.75750732421875, -91.14061737060547, -84.21552276611328, -68.1941909790039],