{"arm": "xgb28_delta_family", "family": "qmrxn20_e2", "fold": 3, "member": 1, "n_train": 159, "n_test": 40, "reaction_ids": ["qmrxn20_e2_C_A_E_C_A_A", "qmrxn20_e2_C_A_A_A_C_A", "qmrxn20_e2_D_E_E_C_A_A", "qmrxn20_e2_B_A_C_B_A_B", "qmrxn20_e2_B_A_E_E_C_C", "qmrxn20_e2_E_B_A_D_A_A", "qmrxn20_e2_C_B_C_A_B_C", "qmrxn20_e2_B_D_A_D_A_A", "qmrxn20_e2_D_D_E_A_C_A", "qmrxn20_e2_D_C_D_D_C_B", "qmrxn20_e2_C_E_A_D_B_B", "qmrxn20_e2_E_C_C_D_B_A", "qmrxn20_e2_C_D_D_D_C_C", "qmrxn20_e2_B_D_D_E_B_A", "qmrxn20_e2_E_E_E_E_A_A", "qmrxn20_e2_A_A_E_A_C_C", "qmrxn20_e2_C_D_D_A_B_B", "qmrxn20_e2_D_B_D_E_A_A", "qmrxn20_e2_B_A_E_E_B_B", "qmrxn20_e2_A_A_A_A_B_C", "qmrxn20_e2_A_D_E_A_B_B", "qmrxn20_e2_C_D_E_E_B_A", "qmrxn20_e2_A_B_C_A_A_A", "qmrxn20_e2_E_D_B_D_B_B", "qmrxn20_e2_A_E_E_E_A_A", "qmrxn20_e2_B_D_E_A_C_B", "qmrxn20_e2_D_D_D_C_C_C", "qmrxn20_e2_A_D_C_D_A_A", "qmrxn20_e2_B_C_C_A_C_B", "qmrxn20_e2_D_E_E_D_B_B", "qmrxn20_e2_C_E_D_D_B_B", "qmrxn20_e2_D_D_A_C_C_B", "qmrxn20_e2_C_C_A_C_C_C", "qmrxn20_e2_D_D_A_E_B_B", "qmrxn20_e2_A_A_E_A_C_D", "qmrxn20_e2_D_B_A_E_A_A", "qmrxn20_e2_A_D_E_A_B_D", "qmrxn20_e2_E_A_C_D_B_A", "qmrxn20_e2_B_A_E_D_A_A", "qmrxn20_e2_B_A_A_D_B_A"], "y_true_strain": [8.200353622436523, 3.697251558303833, 24.659198760986328, 68.80657958984375, 34.54124450683594, 26.542816162109375, 52.24412155151367, 17.822757720947266, 8.852982521057129, 8.077021598815918, 32.104373931884766, 16.02277374267578, 30.12010955810547, 4.514274597167969, 40.83568572998047, 42.0283317565918, 17.66417694091797, 26.60101890563965, 20.161312103271484, 55.468021392822266, 23.82889175415039, 9.532515525817871, 7.458212375640869, 32.47988510131836, 33.602272033691406, 19.31179428100586, 48.134925842285156, 5.694286823272705, 7.0503668785095215, 32.689109802246094, 22.29343032836914, 13.77804183959961, 32.81096649169922, 24.23239517211914, 47.438720703125, 26.77065086364746, 47.63383102416992, 14.607820510864258, 23.581928253173828, 6.391313552856445], "y_true_Pauli": [92.33999633789062, 66.86000061035156, 124.29000091552734, 204.27000427246094, 126.62000274658203, 133.83999633789062, 143.86000061035156, 110.5999984741211, 91.0999984741211, 112.19000244140625, 162.89999389648438, 105.72000122070312, 116.05000305175781, 91.98999786376953, 146.02999877929688, 111.23999786376953, 136.74000549316406, 136.74000549316406, 142.97999572753906, 122.93000030517578, 149.36000061035156, 97.66000366210938, 81.69000244140625, 162.6699981689453, 137.88999938964844, 129.6699981689453, 151.38999938964844, 83.33999633789062, 113.54000091552734, 170.25, 155.41000366210938, 133.82000732421875, 118.93000030517578, 153.92999267578125, 102.4800033569336, 128.22000122070312, 99.1500015258789, 105.33999633789062, 127.12000274658203, 79.83999633789062], "y_true_elst": [-94.55999755859375, -56.08000183105469, -100.52999877929688, -132.47000122070312, -82.1500015258789, -93.69000244140625, -85.61000061035156, -72.56999969482422, -68.06999969482422, -78.37999725341797, -107.25, -100.0199966430664, -72.23999786376953, -72.22000122070312, -77.79000091552734, -74.29000091552734, -89.0199966430664, -90.80999755859375, -97.72000122070312, -72.36000061035156, -92.80000305175781, -81.08000183105469, -82.77999877929688, -112.11000061035156, -78.69999694824219, -90.55000305175781, -90.0, -70.88999938964844, -100.08999633789062, -108.47000122070312, -104.88999938964844, -92.76000213623047, -75.30000305175781, -93.66999816894531, -71.98999786376953, -91.5199966430664, -63.33000183105469, -90.37000274658203, -87.63999938964844, -62.27000045776367], "y_true_oi": [-50.970001220703125, -42.81999969482422, -80.8499984741211, -217.1699981689453, -97.94000244140625, -92.47000122070312, -138.75999450683594, -75.44000244140625, -56.7400016784668, -77.2300033569336, -114.80999755859375, -59.16999816894531, -88.13999938964844, -53.84000015258789, -121.95999908447266, -83.5199966430664, -95.94999694824219, -96.43000030517578, -101.86000061035156, -100.19999694824219, -104.25, -59.18000030517578, -47.13999938964844, -119.12999725341797, -106.05999755859375, -91.44999694824219, -125.04000091552734, -46.90999984741211, -70.18000030517578, -117.18000030517578, -107.68000030517578, -96.06999969482422, -109.4000015258789, -107.91000366210938, -74.12999725341797, -88.87000274658203, -72.41000366210938, -62.43000030517578, -89.44000244140625, -49.91999816894531], "y_true_disp": [-1.5499999523162842, -0.8899999856948853, -1.909999966621399, -0.5699999928474426, -3.4000000953674316, -1.7899999618530273, -2.75, -1.5099999904632568, -1.5199999809265137, -1.8600000143051147, -1.159999966621399, -1.899999976158142, -4.0, -1.6799999475479126, -1.340000033378601, -2.700000047683716, -1.4700000286102295, -1.8200000524520874, -1.309999942779541, -1.940000057220459, -1.2100000381469727, -1.6100000143051147, -1.2599999904632568, -1.4900000095367432, -1.4800000190734863, -1.4800000190734863, -3.5299999713897705, -1.5199999809265137, -2.3299999237060547, -1.340000033378601, -1.5199999809265137, -1.5399999618530273, -2.740000009536743, -1.2999999523162842, -3.2699999809265137, -1.7000000476837158, -3.430000066757202, -1.7400000095367432, -1.5399999618530273, -1.1799999475479126], "y_pred_strain": [8.751936912536621, 8.031980514526367, 21.561046600341797, 63.87450408935547, 34.05323791503906, 25.750213623046875, 56.60914611816406, 21.326553344726562, 8.451464653015137, 8.607470512390137, 31.638662338256836, 13.38425064086914, 31.714155197143555, 6.136260509490967, 42.02865982055664, 34.6413688659668, 18.254514694213867, 29.03807258605957, 23.575050354003906, 44.12687683105469, 23.983896255493164, 6.8711724281311035, 6.495296478271484, 29.844701766967773, 35.09608459472656, 18.13530158996582, 49.867881774902344, 6.166520118713379, 9.570143699645996, 32.141151428222656, 22.420211791992188, 13.483420372009277, 37.16033172607422, 24.202791213989258, 47.72580337524414, 25.3802547454834, 54.390743255615234, 14.080399513244629, 27.898086547851562, 6.368430137634277], "y_pred_Pauli": [92.78845977783203, 71.31458282470703, 117.31507873535156, 235.9639129638672, 119.748046875, 127.4570083618164, 155.81405639648438, 114.7159652709961, 92.5819091796875, 112.49562072753906, 160.06454467773438, 104.2790298461914, 115.50897979736328, 92.78666687011719, 136.027099609375, 108.74807739257812, 137.72323608398438, 122.66939544677734, 143.68435668945312, 120.31440734863281, 147.34674072265625, 94.7781753540039, 92.18428802490234, 162.13478088378906, 126.00044250488281, 134.78318786621094, 143.97781372070312, 87.17733001708984, 121.92852783203125, 162.55223083496094, 148.6616973876953, 133.83822631835938, 138.4861602783203, 154.97840881347656, 106.91504669189453, 128.96826171875, 106.77696990966797, 104.88761901855469, 117.46043395996094, 83.47404479980469], "y_pred_elst": [-93.87471771240234, -58.46800994873047, -94.21684265136719, -155.77362060546875, -78.19841003417969, -93.30155944824219, -98.89720916748047, -78.80593872070312, -70.41178894042969, -80.59898376464844, -106.03939056396484, -94.0649642944336, -73.3949203491211, -77.67994689941406, -70.92880249023438, -69.42926788330078, -90.18612670898438, -87.8195571899414, -97.79669952392578, -73.51438903808594, -93.79130554199219, -76.37881469726562, -97.14996337890625, -110.0424575805664, -70.05224609375, -92.32572174072266, -84.66033172607422, -73.48533630371094, -106.63446044921875, -102.61909484863281, -97.92559051513672, -95.05916595458984, -86.4935073852539, -94.42667388916016, -69.34443664550781, -94.63556671142578, -70.42880249023438, -91.32758331298828, -84.05022430419922, -68.05792999267578],