{"arm": "xgb28_delta_family", "family": "qmrxn20_e2", "fold": 3, "member": 2, "n_train": 159, "n_test": 40, "reaction_ids": ["qmrxn20_e2_C_A_E_C_A_A", "qmrxn20_e2_C_A_A_A_C_A", "qmrxn20_e2_D_E_E_C_A_A", "qmrxn20_e2_B_A_C_B_A_B", "qmrxn20_e2_B_A_E_E_C_C", "qmrxn20_e2_E_B_A_D_A_A", "qmrxn20_e2_C_B_C_A_B_C", "qmrxn20_e2_B_D_A_D_A_A", "qmrxn20_e2_D_D_E_A_C_A", "qmrxn20_e2_D_C_D_D_C_B", "qmrxn20_e2_C_E_A_D_B_B", "qmrxn20_e2_E_C_C_D_B_A", "qmrxn20_e2_C_D_D_D_C_C", "qmrxn20_e2_B_D_D_E_B_A", "qmrxn20_e2_E_E_E_E_A_A", "qmrxn20_e2_A_A_E_A_C_C", "qmrxn20_e2_C_D_D_A_B_B", "qmrxn20_e2_D_B_D_E_A_A", "qmrxn20_e2_B_A_E_E_B_B", "qmrxn20_e2_A_A_A_A_B_C", "qmrxn20_e2_A_D_E_A_B_B", "qmrxn20_e2_C_D_E_E_B_A", "qmrxn20_e2_A_B_C_A_A_A", "qmrxn20_e2_E_D_B_D_B_B", "qmrxn20_e2_A_E_E_E_A_A", "qmrxn20_e2_B_D_E_A_C_B", "qmrxn20_e2_D_D_D_C_C_C", "qmrxn20_e2_A_D_C_D_A_A", "qmrxn20_e2_B_C_C_A_C_B", "qmrxn20_e2_D_E_E_D_B_B", "qmrxn20_e2_C_E_D_D_B_B", "qmrxn20_e2_D_D_A_C_C_B", "qmrxn20_e2_C_C_A_C_C_C", "qmrxn20_e2_D_D_A_E_B_B", "qmrxn20_e2_A_A_E_A_C_D", "qmrxn20_e2_D_B_A_E_A_A", "qmrxn20_e2_A_D_E_A_B_D", "qmrxn20_e2_E_A_C_D_B_A", "qmrxn20_e2_B_A_E_D_A_A", "qmrxn20_e2_B_A_A_D_B_A"], "y_true_strain": [8.200353622436523, 3.697251558303833, 24.659198760986328, 68.80657958984375, 34.54124450683594, 26.542816162109375, 52.24412155151367, 17.822757720947266, 8.852982521057129, 8.077021598815918, 32.104373931884766, 16.02277374267578, 30.12010955810547, 4.514274597167969, 40.83568572998047, 42.0283317565918, 17.66417694091797, 26.60101890563965, 20.161312103271484, 55.468021392822266, 23.82889175415039, 9.532515525817871, 7.458212375640869, 32.47988510131836, 33.602272033691406, 19.31179428100586, 48.134925842285156, 5.694286823272705, 7.0503668785095215, 32.689109802246094, 22.29343032836914, 13.77804183959961, 32.81096649169922, 24.23239517211914, 47.438720703125, 26.77065086364746, 47.63383102416992, 14.607820510864258, 23.581928253173828, 6.391313552856445], "y_true_Pauli": [92.33999633789062, 66.86000061035156, 124.29000091552734, 204.27000427246094, 126.62000274658203, 133.83999633789062, 143.86000061035156, 110.5999984741211, 91.0999984741211, 112.19000244140625, 162.89999389648438, 105.72000122070312, 116.05000305175781, 91.98999786376953, 146.02999877929688, 111.23999786376953, 136.74000549316406, 136.74000549316406, 142.97999572753906, 122.93000030517578, 149.36000061035156, 97.66000366210938, 81.69000244140625, 162.6699981689453, 137.88999938964844, 129.6699981689453, 151.38999938964844, 83.33999633789062, 113.54000091552734, 170.25, 155.41000366210938, 133.82000732421875, 118.93000030517578, 153.92999267578125, 102.4800033569336, 128.22000122070312, 99.1500015258789, 105.33999633789062, 127.12000274658203, 79.83999633789062], "y_true_elst": [-94.55999755859375, -56.08000183105469, -100.52999877929688, -132.47000122070312, -82.1500015258789, -93.69000244140625, -85.61000061035156, -72.56999969482422, -68.06999969482422, -78.37999725341797, -107.25, -100.0199966430664, -72.23999786376953, -72.22000122070312, -77.79000091552734, -74.29000091552734, -89.0199966430664, -90.80999755859375, -97.72000122070312, -72.36000061035156, -92.80000305175781, -81.08000183105469, -82.77999877929688, -112.11000061035156, -78.69999694824219, -90.55000305175781, -90.0, -70.88999938964844, -100.08999633789062, -108.47000122070312, -104.88999938964844, -92.76000213623047, -75.30000305175781, -93.66999816894531, -71.98999786376953, -91.5199966430664, -63.33000183105469, -90.37000274658203, -87.63999938964844, -62.27000045776367], "y_true_oi": [-50.970001220703125, -42.81999969482422, -80.8499984741211, -217.1699981689453, -97.94000244140625, -92.47000122070312, -138.75999450683594, -75.44000244140625, -56.7400016784668, -77.2300033569336, -114.80999755859375, -59.16999816894531, -88.13999938964844, -53.84000015258789, -121.95999908447266, -83.5199966430664, -95.94999694824219, -96.43000030517578, -101.86000061035156, -100.19999694824219, -104.25, -59.18000030517578, -47.13999938964844, -119.12999725341797, -106.05999755859375, -91.44999694824219, -125.04000091552734, -46.90999984741211, -70.18000030517578, -117.18000030517578, -107.68000030517578, -96.06999969482422, -109.4000015258789, -107.91000366210938, -74.12999725341797, -88.87000274658203, -72.41000366210938, -62.43000030517578, -89.44000244140625, -49.91999816894531], "y_true_disp": [-1.5499999523162842, -0.8899999856948853, -1.909999966621399, -0.5699999928474426, -3.4000000953674316, -1.7899999618530273, -2.75, -1.5099999904632568, -1.5199999809265137, -1.8600000143051147, -1.159999966621399, -1.899999976158142, -4.0, -1.6799999475479126, -1.340000033378601, -2.700000047683716, -1.4700000286102295, -1.8200000524520874, -1.309999942779541, -1.940000057220459, -1.2100000381469727, -1.6100000143051147, -1.2599999904632568, -1.4900000095367432, -1.4800000190734863, -1.4800000190734863, -3.5299999713897705, -1.5199999809265137, -2.3299999237060547, -1.340000033378601, -1.5199999809265137, -1.5399999618530273, -2.740000009536743, -1.2999999523162842, -3.2699999809265137, -1.7000000476837158, -3.430000066757202, -1.7400000095367432, -1.5399999618530273, -1.1799999475479126], "y_pred_strain": [8.715699195861816, 7.985682010650635, 21.513595581054688, 63.83553695678711, 34.10174560546875, 25.699913024902344, 56.58990478515625, 21.263538360595703, 8.422340393066406, 8.599453926086426, 31.583417892456055, 13.444178581237793, 31.701114654541016, 6.1170268058776855, 41.981014251708984, 34.558406829833984, 18.252973556518555, 28.979408264160156, 23.55622673034668, 44.01076126098633, 23.95730209350586, 6.839083194732666, 6.457089900970459, 29.85453224182129, 35.07404708862305, 18.12540054321289, 49.87006378173828, 6.108828067779541, 9.578313827514648, 32.126712799072266, 22.412904739379883, 13.46757984161377, 37.125946044921875, 24.15894317626953, 47.7551383972168, 25.34300422668457, 54.51792526245117, 14.095394134521484, 27.829944610595703, 6.316503047943115], "y_pred_Pauli": [92.78237915039062, 71.41361236572266, 117.3278579711914, 236.0405731201172, 119.15348052978516, 127.5509262084961, 155.72555541992188, 114.9095458984375, 92.52803039550781, 112.44501495361328, 160.20985412597656, 103.75875854492188, 115.39280700683594, 92.70330810546875, 135.95494079589844, 108.8424301147461, 137.646728515625, 122.79782104492188, 143.59214782714844, 120.64781951904297, 147.34568786621094, 94.70438385009766, 92.25535583496094, 161.9680633544922, 125.8302993774414, 134.71417236328125, 143.75283813476562, 87.3565902709961, 121.7541732788086, 162.42779541015625, 148.58424377441406, 133.82916259765625, 138.4551544189453, 155.06126403808594, 106.38209533691406, 129.00450134277344, 105.79658508300781, 104.62734985351562, 117.62944030761719, 83.59443664550781], "y_pred_elst": [-93.8819580078125, -58.4976921081543, -94.2691421508789, -155.7855224609375, -77.83106231689453, -93.3756103515625, -98.81825256347656, -78.92366790771484, -70.39356231689453, -80.51367950439453, -106.10955047607422, -93.69859313964844, -73.3061752319336, -77.62651062011719, -70.94923400878906, -69.55760192871094, -90.04708099365234, -87.9306869506836, -97.72797393798828, -73.74315643310547, -93.73331451416016, -76.36676025390625, -97.15553283691406, -109.87696075439453, -69.98512268066406, -92.22673797607422, -84.50208282470703, -73.59046936035156, -106.47592163085938, -102.5467300415039, -97.8322525024414, -94.98277282714844, -86.47816467285156, -94.45800018310547, -69.01920318603516, -94.65735626220703, -69.7510986328125, -91.13676452636719, -84.18675231933594, -68.09783172607422],