{"arm": "xgb28_delta_family", "family": "qmrxn20_e2", "fold": 3, "member": 0, "n_train": 159, "n_test": 40, "reaction_ids": ["qmrxn20_e2_C_A_E_C_A_A", "qmrxn20_e2_C_A_A_A_C_A", "qmrxn20_e2_D_E_E_C_A_A", "qmrxn20_e2_B_A_C_B_A_B", "qmrxn20_e2_B_A_E_E_C_C", "qmrxn20_e2_E_B_A_D_A_A", "qmrxn20_e2_C_B_C_A_B_C", "qmrxn20_e2_B_D_A_D_A_A", "qmrxn20_e2_D_D_E_A_C_A", "qmrxn20_e2_D_C_D_D_C_B", "qmrxn20_e2_C_E_A_D_B_B", "qmrxn20_e2_E_C_C_D_B_A", "qmrxn20_e2_C_D_D_D_C_C", "qmrxn20_e2_B_D_D_E_B_A", "qmrxn20_e2_E_E_E_E_A_A", "qmrxn20_e2_A_A_E_A_C_C", "qmrxn20_e2_C_D_D_A_B_B", "qmrxn20_e2_D_B_D_E_A_A", "qmrxn20_e2_B_A_E_E_B_B", "qmrxn20_e2_A_A_A_A_B_C", "qmrxn20_e2_A_D_E_A_B_B", "qmrxn20_e2_C_D_E_E_B_A", "qmrxn20_e2_A_B_C_A_A_A", "qmrxn20_e2_E_D_B_D_B_B", "qmrxn20_e2_A_E_E_E_A_A", "qmrxn20_e2_B_D_E_A_C_B", "qmrxn20_e2_D_D_D_C_C_C", "qmrxn20_e2_A_D_C_D_A_A", "qmrxn20_e2_B_C_C_A_C_B", "qmrxn20_e2_D_E_E_D_B_B", "qmrxn20_e2_C_E_D_D_B_B", "qmrxn20_e2_D_D_A_C_C_B", "qmrxn20_e2_C_C_A_C_C_C", "qmrxn20_e2_D_D_A_E_B_B", "qmrxn20_e2_A_A_E_A_C_D", "qmrxn20_e2_D_B_A_E_A_A", "qmrxn20_e2_A_D_E_A_B_D", "qmrxn20_e2_E_A_C_D_B_A", "qmrxn20_e2_B_A_E_D_A_A", "qmrxn20_e2_B_A_A_D_B_A"], "y_true_strain": [8.200353622436523, 3.697251558303833, 24.659198760986328, 68.80657958984375, 34.54124450683594, 26.542816162109375, 52.24412155151367, 17.822757720947266, 8.852982521057129, 8.077021598815918, 32.104373931884766, 16.02277374267578, 30.12010955810547, 4.514274597167969, 40.83568572998047, 42.0283317565918, 17.66417694091797, 26.60101890563965, 20.161312103271484, 55.468021392822266, 23.82889175415039, 9.532515525817871, 7.458212375640869, 32.47988510131836, 33.602272033691406, 19.31179428100586, 48.134925842285156, 5.694286823272705, 7.0503668785095215, 32.689109802246094, 22.29343032836914, 13.77804183959961, 32.81096649169922, 24.23239517211914, 47.438720703125, 26.77065086364746, 47.63383102416992, 14.607820510864258, 23.581928253173828, 6.391313552856445], "y_true_Pauli": [92.33999633789062, 66.86000061035156, 124.29000091552734, 204.27000427246094, 126.62000274658203, 133.83999633789062, 143.86000061035156, 110.5999984741211, 91.0999984741211, 112.19000244140625, 162.89999389648438, 105.72000122070312, 116.05000305175781, 91.98999786376953, 146.02999877929688, 111.23999786376953, 136.74000549316406, 136.74000549316406, 142.97999572753906, 122.93000030517578, 149.36000061035156, 97.66000366210938, 81.69000244140625, 162.6699981689453, 137.88999938964844, 129.6699981689453, 151.38999938964844, 83.33999633789062, 113.54000091552734, 170.25, 155.41000366210938, 133.82000732421875, 118.93000030517578, 153.92999267578125, 102.4800033569336, 128.22000122070312, 99.1500015258789, 105.33999633789062, 127.12000274658203, 79.83999633789062], "y_true_elst": [-94.55999755859375, -56.08000183105469, -100.52999877929688, -132.47000122070312, -82.1500015258789, -93.69000244140625, -85.61000061035156, -72.56999969482422, -68.06999969482422, -78.37999725341797, -107.25, -100.0199966430664, -72.23999786376953, -72.22000122070312, -77.79000091552734, -74.29000091552734, -89.0199966430664, -90.80999755859375, -97.72000122070312, -72.36000061035156, -92.80000305175781, -81.08000183105469, -82.77999877929688, -112.11000061035156, -78.69999694824219, -90.55000305175781, -90.0, -70.88999938964844, -100.08999633789062, -108.47000122070312, -104.88999938964844, -92.76000213623047, -75.30000305175781, -93.66999816894531, -71.98999786376953, -91.5199966430664, -63.33000183105469, -90.37000274658203, -87.63999938964844, -62.27000045776367], "y_true_oi": [-50.970001220703125, -42.81999969482422, -80.8499984741211, -217.1699981689453, -97.94000244140625, -92.47000122070312, -138.75999450683594, -75.44000244140625, -56.7400016784668, -77.2300033569336, -114.80999755859375, -59.16999816894531, -88.13999938964844, -53.84000015258789, -121.95999908447266, -83.5199966430664, -95.94999694824219, -96.43000030517578, -101.86000061035156, -100.19999694824219, -104.25, -59.18000030517578, -47.13999938964844, -119.12999725341797, -106.05999755859375, -91.44999694824219, -125.04000091552734, -46.90999984741211, -70.18000030517578, -117.18000030517578, -107.68000030517578, -96.06999969482422, -109.4000015258789, -107.91000366210938, -74.12999725341797, -88.87000274658203, -72.41000366210938, -62.43000030517578, -89.44000244140625, -49.91999816894531], "y_true_disp": [-1.5499999523162842, -0.8899999856948853, -1.909999966621399, -0.5699999928474426, -3.4000000953674316, -1.7899999618530273, -2.75, -1.5099999904632568, -1.5199999809265137, -1.8600000143051147, -1.159999966621399, -1.899999976158142, -4.0, -1.6799999475479126, -1.340000033378601, -2.700000047683716, -1.4700000286102295, -1.8200000524520874, -1.309999942779541, -1.940000057220459, -1.2100000381469727, -1.6100000143051147, -1.2599999904632568, -1.4900000095367432, -1.4800000190734863, -1.4800000190734863, -3.5299999713897705, -1.5199999809265137, -2.3299999237060547, -1.340000033378601, -1.5199999809265137, -1.5399999618530273, -2.740000009536743, -1.2999999523162842, -3.2699999809265137, -1.7000000476837158, -3.430000066757202, -1.7400000095367432, -1.5399999618530273, -1.1799999475479126], "y_pred_strain": [8.48062801361084, 7.9705047607421875, 21.331523895263672, 66.20393371582031, 33.34496307373047, 25.73476219177246, 57.19982147216797, 22.50072479248047, 8.575153350830078, 8.44492244720459, 32.153724670410156, 12.876667976379395, 33.0407829284668, 5.867839813232422, 41.89769744873047, 34.414371490478516, 18.3792781829834, 29.480510711669922, 23.601472854614258, 47.665714263916016, 23.695293426513672, 6.745347023010254, 7.444217205047607, 30.00405502319336, 34.537391662597656, 18.865610122680664, 50.44711685180664, 6.701261043548584, 8.906978607177734, 31.808116912841797, 22.48213768005371, 13.64273738861084, 36.737606048583984, 24.038291931152344, 47.203609466552734, 25.81036376953125, 53.4605598449707, 13.742151260375977, 28.324819564819336, 7.665252685546875], "y_pred_Pauli": [93.0486831665039, 71.6126480102539, 117.56751251220703, 235.33706665039062, 119.3564224243164, 127.71063232421875, 155.6024169921875, 114.61461639404297, 92.66983032226562, 112.59638214111328, 160.2326202392578, 103.97318267822266, 114.95862579345703, 92.91532135009766, 136.12799072265625, 108.8617172241211, 137.7450714111328, 122.76971435546875, 143.79415893554688, 119.2894058227539, 147.61520385742188, 94.92440032958984, 92.11714935302734, 162.0934600830078, 126.09893798828125, 134.64764404296875, 143.4901123046875, 87.36507415771484, 122.05271911621094, 162.70936584472656, 148.75221252441406, 133.93280029296875, 138.6302947998047, 155.30447387695312, 106.45171356201172, 129.01515197753906, 105.85033416748047, 104.89539337158203, 117.61923217773438, 83.27821350097656], "y_pred_elst": [-94.50703430175781, -58.7203369140625, -94.80681610107422, -152.08511352539062, -78.28727722167969, -93.43013763427734, -97.6617660522461, -76.96240234375, -70.41224670410156, -80.50968933105469, -105.51276397705078, -94.1144027709961, -70.81365203857422, -77.91365814208984, -71.31527709960938, -69.16656494140625, -89.773681640625, -87.1711654663086, -97.94904327392578, -67.33860778808594, -94.21694946289062, -76.79008483886719, -95.87543487548828, -109.73112487792969, -70.75504302978516, -91.2499008178711, -82.7667007446289, -72.9301986694336, -107.16486358642578, -103.1570816040039, -97.88394927978516, -94.73872375488281, -86.6871109008789, -94.82658386230469, -68.93939971923828, -94.05890655517578, -69.52748107910156, -91.71875, -83.50035095214844, -66.03779602050781],