{"arm": "xgb28_delta_family", "family": "qmrxn20_e2", "fold": 0, "member": 2, "n_train": 159, "n_test": 40, "reaction_ids": ["qmrxn20_e2_D_C_E_E_B_B", "qmrxn20_e2_A_C_A_A_A_A", "qmrxn20_e2_C_E_C_C_B_A", "qmrxn20_e2_A_E_A_A_B_B", "qmrxn20_e2_A_D_A_D_C_C", "qmrxn20_e2_A_A_C_D_C_A", "qmrxn20_e2_B_D_E_E_B_B", "qmrxn20_e2_C_B_D_D_C_B", "qmrxn20_e2_D_C_D_A_C_B", "qmrxn20_e2_B_A_A_A_B_D", "qmrxn20_e2_A_B_D_D_C_C", "qmrxn20_e2_E_B_C_A_B_A", "qmrxn20_e2_D_C_E_E_B_D", "qmrxn20_e2_A_B_E_D_C_D", "qmrxn20_e2_D_B_A_E_B_A", "qmrxn20_e2_C_A_E_C_C_D", "qmrxn20_e2_E_A_C_A_B_B", "qmrxn20_e2_A_D_A_A_C_A", "qmrxn20_e2_D_E_E_C_B_A", "qmrxn20_e2_A_E_D_E_C_B", "qmrxn20_e2_C_A_D_D_B_A", "qmrxn20_e2_E_D_A_E_B_A", "qmrxn20_e2_D_D_A_D_B_C", "qmrxn20_e2_D_C_D_E_B_C", "qmrxn20_e2_D_D_E_E_B_A", "qmrxn20_e2_C_B_E_D_A_A", "qmrxn20_e2_A_B_E_E_C_B", "qmrxn20_e2_E_D_D_C_C_B", "qmrxn20_e2_D_C_A_D_B_B", "qmrxn20_e2_E_C_D_C_A_A", "qmrxn20_e2_B_D_D_E_C_C", "qmrxn20_e2_B_D_A_A_B_A", "qmrxn20_e2_C_B_D_E_C_B", "qmrxn20_e2_A_E_E_A_C_A", "qmrxn20_e2_A_A_D_C_B_C", "qmrxn20_e2_C_A_D_A_B_D", "qmrxn20_e2_D_C_D_E_B_A", "qmrxn20_e2_D_A_C_A_C_B", "qmrxn20_e2_E_B_D_A_B_B", "qmrxn20_e2_C_D_E_D_B_C"], "y_true_strain": [20.1503849029541, 21.344837188720703, 21.943790435791016, 30.773204803466797, 40.71337127685547, 8.348855972290039, 27.426773071289062, 11.837583541870117, 9.659232139587402, 76.58076477050781, 40.664039611816406, 12.456719398498535, 34.147422790527344, 32.566036224365234, 14.199161529541016, 58.44156265258789, 30.698572158813477, 11.447014808654785, 18.966066360473633, 15.856474876403809, 4.48792028427124, 20.535991668701172, 46.99751281738281, 22.404891967773438, 12.982266426086426, 14.535161018371582, 12.42609977722168, 20.400976181030273, 17.72099494934082, 7.132189750671387, 27.398189544677734, 10.440245628356934, 11.752130508422852, 22.576988220214844, 68.54265594482422, 55.46205139160156, 10.123835563659668, 7.167325973510742, 35.55890655517578, 33.39032745361328], "y_true_Pauli": [147.89999389648438, 99.5, 182.05999755859375, 177.91000366210938, 114.25, 93.55999755859375, 168.9499969482422, 121.55000305175781, 118.25, 140.61000061035156, 131.75999450683594, 115.68000030517578, 102.87000274658203, 107.9800033569336, 104.19999694824219, 142.02000427246094, 166.7899932861328, 85.87999725341797, 117.63999938964844, 146.86000061035156, 78.05000305175781, 121.19000244140625, 119.19999694824219, 78.7300033569336, 107.55999755859375, 111.05999755859375, 119.05999755859375, 164.57000732421875, 136.50999450683594, 103.01000213623047, 108.26000213623047, 91.22000122070312, 101.58000183105469, 111.95999908447266, 167.6699981689453, 125.94000244140625, 99.7300033569336, 114.0, 172.33999633789062, 113.33000183105469], "y_true_elst": [-99.19000244140625, -68.6500015258789, -150.07000732421875, -106.98999786376953, -70.94000244140625, -77.54000091552734, -103.98999786376953, -88.83000183105469, -80.16999816894531, -80.94000244140625, -78.3499984741211, -105.55000305175781, -67.2699966430664, -65.06999969482422, -82.98999786376953, -90.47000122070312, -113.80000305175781, -61.029998779296875, -100.4800033569336, -99.4800033569336, -62.68000030517578, -91.88999938964844, -74.6500015258789, -63.20000076293945, -76.80999755859375, -91.08999633789062, -88.94000244140625, -110.56999969482422, -88.93000030517578, -94.68000030517578, -72.70999908447266, -71.41000366210938, -79.45999908447266, -90.61000061035156, -95.6500015258789, -75.83999633789062, -79.94000244140625, -84.5999984741211, -108.61000061035156, -70.26000213623047], "y_true_oi": [-104.16999816894531, -71.20999908447266, -103.44999694824219, -128.75999450683594, -87.30999755859375, -53.13999938964844, -122.41000366210938, -77.68000030517578, -82.33999633789062, -131.05999755859375, -106.70999908447266, -69.23999786376953, -74.72000122070312, -84.25, -66.52999877929688, -127.37999725341797, -121.51000213623047, -56.56999969482422, -71.58999633789062, -100.01000213623047, -44.150001525878906, -76.91000366210938, -89.1500015258789, -45.2400016784668, -67.55999755859375, -67.91999816894531, -84.12999725341797, -118.2300033569336, -95.81999969482422, -57.900001525878906, -79.51000213623047, -57.90999984741211, -68.9000015258789, -70.04000091552734, -151.24000549316406, -104.87000274658203, -60.13999938964844, -80.01000213623047, -123.43000030517578, -85.69000244140625], "y_true_disp": [-1.4700000286102295, -1.090000033378601, -2.4600000381469727, -0.7400000095367432, -3.0199999809265137, -1.6200000047683716, -1.1799999475479126, -2.240000009536743, -1.559999942779541, -2.4000000953674316, -3.2300000190734863, -1.6799999475479126, -4.659999847412109, -3.9700000286102295, -1.5299999713897705, -3.5399999618530273, -0.9800000190734863, -1.1799999475479126, -1.9600000381469727, -1.4299999475479126, -1.3600000143051147, -1.850000023841858, -3.450000047683716, -5.320000171661377, -1.7799999713897705, -1.659999966621399, -1.4800000190734863, -1.4199999570846558, -1.4700000286102295, -1.850000023841858, -4.230000019073486, -1.3300000429153442, -1.9500000476837158, -1.6699999570846558, -2.549999952316284, -3.2200000286102295, -1.659999966621399, -1.4299999475479126, -1.0299999713897705, -3.809999942779541], "y_pred_strain": [19.5596923828125, 14.490936279296875, 29.638145446777344, 32.2200813293457, 49.295860290527344, 6.957207679748535, 29.339157104492188, 9.554585456848145, 10.027192115783691, 68.6978530883789, 39.941551208496094, 12.541414260864258, 39.50577163696289, 34.64173889160156, 18.532468795776367, 54.51203536987305, 31.692684173583984, 5.102339744567871, 17.64405632019043, 16.147409439086914, 4.763656139373779, 23.85992431640625, 44.50418472290039, 29.29998016357422, 15.690008163452148, 15.23258113861084, 14.081659317016602, 22.2946834564209, 17.00529670715332, 6.774001121520996, 28.11310386657715, 6.523433208465576, 9.62435531616211, 21.4224853515625, 54.75703430175781, 54.55629348754883, 9.572013854980469, 9.145526885986328, 34.374454498291016, 33.45713806152344], "y_pred_Pauli": [148.2822723388672, 89.23684692382812, 157.140869140625, 187.79281616210938, 109.82725524902344, 92.08934783935547, 157.8625030517578, 119.31826782226562, 120.85872650146484, 141.32484436035156, 129.8154296875, 114.86853790283203, 106.68264770507812, 114.34673309326172, 108.97626495361328, 145.30987548828125, 163.5326690673828, 83.09025573730469, 113.39977264404297, 142.4409637451172, 75.23025512695312, 122.6146011352539, 117.88799285888672, 113.65404510498047, 105.69402313232422, 111.65298461914062, 119.64579772949219, 160.8689422607422, 135.1349639892578, 97.74726867675781, 108.6225357055664, 80.79608154296875, 111.50391387939453, 121.70085144042969, 177.6282196044922, 131.52420043945312, 105.24640655517578, 121.32223510742188, 164.54391479492188, 107.56641387939453], "y_pred_elst": [-94.93724822998047, -54.75763702392578, -146.44374084472656, -103.78752899169922, -69.35741424560547, -82.05145263671875, -104.5920181274414, -93.36929321289062, -81.99739074707031, -85.7331314086914, -84.13566589355469, -104.48200988769531, -68.02820587158203, -68.57237243652344, -88.6504135131836, -94.1181869506836, -110.04629516601562, -57.793636322021484, -94.11700439453125, -100.27973175048828, -60.73623275756836, -95.86495208740234, -76.21631622314453, -93.48094940185547, -73.24776458740234, -91.51858520507812, -86.65547180175781, -113.06965637207031, -88.96490478515625, -91.62153625488281, -73.41899108886719, -66.14273834228516, -81.5390853881836, -100.21412658691406, -96.82614135742188, -81.798828125, -84.79774475097656, -84.94154357910156, -108.89453125, -68.25874328613281],