{"arm": "xgb28_delta_family", "family": "qmrxn20_e2", "fold": 0, "member": 1, "n_train": 159, "n_test": 40, "reaction_ids": ["qmrxn20_e2_D_C_E_E_B_B", "qmrxn20_e2_A_C_A_A_A_A", "qmrxn20_e2_C_E_C_C_B_A", "qmrxn20_e2_A_E_A_A_B_B", "qmrxn20_e2_A_D_A_D_C_C", "qmrxn20_e2_A_A_C_D_C_A", "qmrxn20_e2_B_D_E_E_B_B", "qmrxn20_e2_C_B_D_D_C_B", "qmrxn20_e2_D_C_D_A_C_B", "qmrxn20_e2_B_A_A_A_B_D", "qmrxn20_e2_A_B_D_D_C_C", "qmrxn20_e2_E_B_C_A_B_A", "qmrxn20_e2_D_C_E_E_B_D", "qmrxn20_e2_A_B_E_D_C_D", "qmrxn20_e2_D_B_A_E_B_A", "qmrxn20_e2_C_A_E_C_C_D", "qmrxn20_e2_E_A_C_A_B_B", "qmrxn20_e2_A_D_A_A_C_A", "qmrxn20_e2_D_E_E_C_B_A", "qmrxn20_e2_A_E_D_E_C_B", "qmrxn20_e2_C_A_D_D_B_A", "qmrxn20_e2_E_D_A_E_B_A", "qmrxn20_e2_D_D_A_D_B_C", "qmrxn20_e2_D_C_D_E_B_C", "qmrxn20_e2_D_D_E_E_B_A", "qmrxn20_e2_C_B_E_D_A_A", "qmrxn20_e2_A_B_E_E_C_B", "qmrxn20_e2_E_D_D_C_C_B", "qmrxn20_e2_D_C_A_D_B_B", "qmrxn20_e2_E_C_D_C_A_A", "qmrxn20_e2_B_D_D_E_C_C", "qmrxn20_e2_B_D_A_A_B_A", "qmrxn20_e2_C_B_D_E_C_B", "qmrxn20_e2_A_E_E_A_C_A", "qmrxn20_e2_A_A_D_C_B_C", "qmrxn20_e2_C_A_D_A_B_D", "qmrxn20_e2_D_C_D_E_B_A", "qmrxn20_e2_D_A_C_A_C_B", "qmrxn20_e2_E_B_D_A_B_B", "qmrxn20_e2_C_D_E_D_B_C"], "y_true_strain": [20.1503849029541, 21.344837188720703, 21.943790435791016, 30.773204803466797, 40.71337127685547, 8.348855972290039, 27.426773071289062, 11.837583541870117, 9.659232139587402, 76.58076477050781, 40.664039611816406, 12.456719398498535, 34.147422790527344, 32.566036224365234, 14.199161529541016, 58.44156265258789, 30.698572158813477, 11.447014808654785, 18.966066360473633, 15.856474876403809, 4.48792028427124, 20.535991668701172, 46.99751281738281, 22.404891967773438, 12.982266426086426, 14.535161018371582, 12.42609977722168, 20.400976181030273, 17.72099494934082, 7.132189750671387, 27.398189544677734, 10.440245628356934, 11.752130508422852, 22.576988220214844, 68.54265594482422, 55.46205139160156, 10.123835563659668, 7.167325973510742, 35.55890655517578, 33.39032745361328], "y_true_Pauli": [147.89999389648438, 99.5, 182.05999755859375, 177.91000366210938, 114.25, 93.55999755859375, 168.9499969482422, 121.55000305175781, 118.25, 140.61000061035156, 131.75999450683594, 115.68000030517578, 102.87000274658203, 107.9800033569336, 104.19999694824219, 142.02000427246094, 166.7899932861328, 85.87999725341797, 117.63999938964844, 146.86000061035156, 78.05000305175781, 121.19000244140625, 119.19999694824219, 78.7300033569336, 107.55999755859375, 111.05999755859375, 119.05999755859375, 164.57000732421875, 136.50999450683594, 103.01000213623047, 108.26000213623047, 91.22000122070312, 101.58000183105469, 111.95999908447266, 167.6699981689453, 125.94000244140625, 99.7300033569336, 114.0, 172.33999633789062, 113.33000183105469], "y_true_elst": [-99.19000244140625, -68.6500015258789, -150.07000732421875, -106.98999786376953, -70.94000244140625, -77.54000091552734, -103.98999786376953, -88.83000183105469, -80.16999816894531, -80.94000244140625, -78.3499984741211, -105.55000305175781, -67.2699966430664, -65.06999969482422, -82.98999786376953, -90.47000122070312, -113.80000305175781, -61.029998779296875, -100.4800033569336, -99.4800033569336, -62.68000030517578, -91.88999938964844, -74.6500015258789, -63.20000076293945, -76.80999755859375, -91.08999633789062, -88.94000244140625, -110.56999969482422, -88.93000030517578, -94.68000030517578, -72.70999908447266, -71.41000366210938, -79.45999908447266, -90.61000061035156, -95.6500015258789, -75.83999633789062, -79.94000244140625, -84.5999984741211, -108.61000061035156, -70.26000213623047], "y_true_oi": [-104.16999816894531, -71.20999908447266, -103.44999694824219, -128.75999450683594, -87.30999755859375, -53.13999938964844, -122.41000366210938, -77.68000030517578, -82.33999633789062, -131.05999755859375, -106.70999908447266, -69.23999786376953, -74.72000122070312, -84.25, -66.52999877929688, -127.37999725341797, -121.51000213623047, -56.56999969482422, -71.58999633789062, -100.01000213623047, -44.150001525878906, -76.91000366210938, -89.1500015258789, -45.2400016784668, -67.55999755859375, -67.91999816894531, -84.12999725341797, -118.2300033569336, -95.81999969482422, -57.900001525878906, -79.51000213623047, -57.90999984741211, -68.9000015258789, -70.04000091552734, -151.24000549316406, -104.87000274658203, -60.13999938964844, -80.01000213623047, -123.43000030517578, -85.69000244140625], "y_true_disp": [-1.4700000286102295, -1.090000033378601, -2.4600000381469727, -0.7400000095367432, -3.0199999809265137, -1.6200000047683716, -1.1799999475479126, -2.240000009536743, -1.559999942779541, -2.4000000953674316, -3.2300000190734863, -1.6799999475479126, -4.659999847412109, -3.9700000286102295, -1.5299999713897705, -3.5399999618530273, -0.9800000190734863, -1.1799999475479126, -1.9600000381469727, -1.4299999475479126, -1.3600000143051147, -1.850000023841858, -3.450000047683716, -5.320000171661377, -1.7799999713897705, -1.659999966621399, -1.4800000190734863, -1.4199999570846558, -1.4700000286102295, -1.850000023841858, -4.230000019073486, -1.3300000429153442, -1.9500000476837158, -1.6699999570846558, -2.549999952316284, -3.2200000286102295, -1.659999966621399, -1.4299999475479126, -1.0299999713897705, -3.809999942779541], "y_pred_strain": [19.36068344116211, 14.961655616760254, 29.330556869506836, 32.39625930786133, 49.2281494140625, 7.350774765014648, 28.929460525512695, 9.4323148727417, 10.215147972106934, 68.62784576416016, 39.46112823486328, 12.029671669006348, 39.73933410644531, 34.82198715209961, 18.411033630371094, 52.9831657409668, 31.652999877929688, 5.5255608558654785, 17.442720413208008, 16.035980224609375, 5.008217811584473, 22.70285415649414, 44.32193374633789, 29.110063552856445, 15.756410598754883, 13.968242645263672, 14.177691459655762, 21.829734802246094, 17.192092895507812, 7.044705390930176, 28.375904083251953, 6.927079677581787, 9.345314025878906, 19.632694244384766, 54.9044075012207, 53.68098449707031, 8.267631530761719, 9.239944458007812, 34.26753616333008, 33.68217468261719], "y_pred_Pauli": [146.1956787109375, 96.64893341064453, 154.93527221679688, 187.70321655273438, 110.14265441894531, 98.32315826416016, 154.78260803222656, 117.81236267089844, 121.82496643066406, 144.04931640625, 127.86432647705078, 111.93290710449219, 109.33853149414062, 115.64102172851562, 108.31480407714844, 137.50274658203125, 162.89291381835938, 88.58662414550781, 113.66886138916016, 140.66708374023438, 77.67847442626953, 116.45806121826172, 117.57743835449219, 113.04082489013672, 105.71088409423828, 105.29998016357422, 119.18639373779297, 157.7849884033203, 136.27322387695312, 100.53689575195312, 112.2122802734375, 86.26289367675781, 110.16387939453125, 112.73910522460938, 180.47714233398438, 126.7614974975586, 98.560546875, 120.96585845947266, 164.4583740234375, 110.80941772460938], "y_pred_elst": [-92.86412811279297, -62.001983642578125, -144.1989288330078, -103.87338256835938, -69.81678771972656, -88.13098907470703, -101.55517578125, -91.86576080322266, -83.01469421386719, -88.33210754394531, -82.21985626220703, -101.5958023071289, -70.62025451660156, -69.82727813720703, -88.05827331542969, -85.95484924316406, -109.52295684814453, -63.20931625366211, -94.32957458496094, -98.60383605957031, -63.21187973022461, -89.58601379394531, -76.00389099121094, -92.86190795898438, -73.34313201904297, -85.0804443359375, -86.2787857055664, -110.0190200805664, -90.14430236816406, -94.41081237792969, -76.94630432128906, -71.52354431152344, -80.19147491455078, -91.00688934326172, -99.65910339355469, -76.95479583740234, -77.98686981201172, -84.66476440429688, -108.90291595458984, -71.46600341796875],