{"arm": "xgb28_delta_family", "family": "qmrxn20_e2", "fold": 0, "member": 4, "n_train": 159, "n_test": 40, "reaction_ids": ["qmrxn20_e2_D_C_E_E_B_B", "qmrxn20_e2_A_C_A_A_A_A", "qmrxn20_e2_C_E_C_C_B_A", "qmrxn20_e2_A_E_A_A_B_B", "qmrxn20_e2_A_D_A_D_C_C", "qmrxn20_e2_A_A_C_D_C_A", "qmrxn20_e2_B_D_E_E_B_B", "qmrxn20_e2_C_B_D_D_C_B", "qmrxn20_e2_D_C_D_A_C_B", "qmrxn20_e2_B_A_A_A_B_D", "qmrxn20_e2_A_B_D_D_C_C", "qmrxn20_e2_E_B_C_A_B_A", "qmrxn20_e2_D_C_E_E_B_D", "qmrxn20_e2_A_B_E_D_C_D", "qmrxn20_e2_D_B_A_E_B_A", "qmrxn20_e2_C_A_E_C_C_D", "qmrxn20_e2_E_A_C_A_B_B", "qmrxn20_e2_A_D_A_A_C_A", "qmrxn20_e2_D_E_E_C_B_A", "qmrxn20_e2_A_E_D_E_C_B", "qmrxn20_e2_C_A_D_D_B_A", "qmrxn20_e2_E_D_A_E_B_A", "qmrxn20_e2_D_D_A_D_B_C", "qmrxn20_e2_D_C_D_E_B_C", "qmrxn20_e2_D_D_E_E_B_A", "qmrxn20_e2_C_B_E_D_A_A", "qmrxn20_e2_A_B_E_E_C_B", "qmrxn20_e2_E_D_D_C_C_B", "qmrxn20_e2_D_C_A_D_B_B", "qmrxn20_e2_E_C_D_C_A_A", "qmrxn20_e2_B_D_D_E_C_C", "qmrxn20_e2_B_D_A_A_B_A", "qmrxn20_e2_C_B_D_E_C_B", "qmrxn20_e2_A_E_E_A_C_A", "qmrxn20_e2_A_A_D_C_B_C", "qmrxn20_e2_C_A_D_A_B_D", "qmrxn20_e2_D_C_D_E_B_A", "qmrxn20_e2_D_A_C_A_C_B", "qmrxn20_e2_E_B_D_A_B_B", "qmrxn20_e2_C_D_E_D_B_C"], "y_true_strain": [20.1503849029541, 21.344837188720703, 21.943790435791016, 30.773204803466797, 40.71337127685547, 8.348855972290039, 27.426773071289062, 11.837583541870117, 9.659232139587402, 76.58076477050781, 40.664039611816406, 12.456719398498535, 34.147422790527344, 32.566036224365234, 14.199161529541016, 58.44156265258789, 30.698572158813477, 11.447014808654785, 18.966066360473633, 15.856474876403809, 4.48792028427124, 20.535991668701172, 46.99751281738281, 22.404891967773438, 12.982266426086426, 14.535161018371582, 12.42609977722168, 20.400976181030273, 17.72099494934082, 7.132189750671387, 27.398189544677734, 10.440245628356934, 11.752130508422852, 22.576988220214844, 68.54265594482422, 55.46205139160156, 10.123835563659668, 7.167325973510742, 35.55890655517578, 33.39032745361328], "y_true_Pauli": [147.89999389648438, 99.5, 182.05999755859375, 177.91000366210938, 114.25, 93.55999755859375, 168.9499969482422, 121.55000305175781, 118.25, 140.61000061035156, 131.75999450683594, 115.68000030517578, 102.87000274658203, 107.9800033569336, 104.19999694824219, 142.02000427246094, 166.7899932861328, 85.87999725341797, 117.63999938964844, 146.86000061035156, 78.05000305175781, 121.19000244140625, 119.19999694824219, 78.7300033569336, 107.55999755859375, 111.05999755859375, 119.05999755859375, 164.57000732421875, 136.50999450683594, 103.01000213623047, 108.26000213623047, 91.22000122070312, 101.58000183105469, 111.95999908447266, 167.6699981689453, 125.94000244140625, 99.7300033569336, 114.0, 172.33999633789062, 113.33000183105469], "y_true_elst": [-99.19000244140625, -68.6500015258789, -150.07000732421875, -106.98999786376953, -70.94000244140625, -77.54000091552734, -103.98999786376953, -88.83000183105469, -80.16999816894531, -80.94000244140625, -78.3499984741211, -105.55000305175781, -67.2699966430664, -65.06999969482422, -82.98999786376953, -90.47000122070312, -113.80000305175781, -61.029998779296875, -100.4800033569336, -99.4800033569336, -62.68000030517578, -91.88999938964844, -74.6500015258789, -63.20000076293945, -76.80999755859375, -91.08999633789062, -88.94000244140625, -110.56999969482422, -88.93000030517578, -94.68000030517578, -72.70999908447266, -71.41000366210938, -79.45999908447266, -90.61000061035156, -95.6500015258789, -75.83999633789062, -79.94000244140625, -84.5999984741211, -108.61000061035156, -70.26000213623047], "y_true_oi": [-104.16999816894531, -71.20999908447266, -103.44999694824219, -128.75999450683594, -87.30999755859375, -53.13999938964844, -122.41000366210938, -77.68000030517578, -82.33999633789062, -131.05999755859375, -106.70999908447266, -69.23999786376953, -74.72000122070312, -84.25, -66.52999877929688, -127.37999725341797, -121.51000213623047, -56.56999969482422, -71.58999633789062, -100.01000213623047, -44.150001525878906, -76.91000366210938, -89.1500015258789, -45.2400016784668, -67.55999755859375, -67.91999816894531, -84.12999725341797, -118.2300033569336, -95.81999969482422, -57.900001525878906, -79.51000213623047, -57.90999984741211, -68.9000015258789, -70.04000091552734, -151.24000549316406, -104.87000274658203, -60.13999938964844, -80.01000213623047, -123.43000030517578, -85.69000244140625], "y_true_disp": [-1.4700000286102295, -1.090000033378601, -2.4600000381469727, -0.7400000095367432, -3.0199999809265137, -1.6200000047683716, -1.1799999475479126, -2.240000009536743, -1.559999942779541, -2.4000000953674316, -3.2300000190734863, -1.6799999475479126, -4.659999847412109, -3.9700000286102295, -1.5299999713897705, -3.5399999618530273, -0.9800000190734863, -1.1799999475479126, -1.9600000381469727, -1.4299999475479126, -1.3600000143051147, -1.850000023841858, -3.450000047683716, -5.320000171661377, -1.7799999713897705, -1.659999966621399, -1.4800000190734863, -1.4199999570846558, -1.4700000286102295, -1.850000023841858, -4.230000019073486, -1.3300000429153442, -1.9500000476837158, -1.6699999570846558, -2.549999952316284, -3.2200000286102295, -1.659999966621399, -1.4299999475479126, -1.0299999713897705, -3.809999942779541], "y_pred_strain": [19.140180587768555, 14.687385559082031, 29.082887649536133, 32.13551330566406, 49.40455627441406, 7.130998134613037, 28.688356399536133, 9.203773498535156, 10.007818222045898, 69.67643737792969, 39.402671813964844, 11.835015296936035, 39.5140266418457, 34.62497329711914, 18.20663070678711, 52.734344482421875, 31.473617553710938, 5.468709468841553, 17.253131866455078, 15.808976173400879, 4.935372829437256, 22.44118309020996, 44.43046188354492, 28.88231658935547, 15.533092498779297, 13.888254165649414, 13.972912788391113, 21.768098831176758, 16.9696102142334, 6.863851547241211, 28.158130645751953, 6.772801876068115, 9.088822364807129, 19.409849166870117, 55.04051971435547, 53.55424118041992, 8.072588920593262, 9.082451820373535, 33.98249435424805, 33.59629821777344], "y_pred_Pauli": [147.14639282226562, 93.50152587890625, 155.7257080078125, 188.4483184814453, 106.26620483398438, 98.07765197753906, 155.4549102783203, 116.3821029663086, 120.67108154296875, 127.19831848144531, 126.68797302246094, 112.09166717529297, 109.85657501220703, 115.07009887695312, 106.429931640625, 138.4707489013672, 163.64366149902344, 83.50928497314453, 113.20372009277344, 141.64527893066406, 75.885986328125, 116.7012710571289, 113.75435638427734, 113.62308502197266, 104.43109130859375, 103.7261962890625, 119.79145812988281, 157.42413330078125, 136.38339233398438, 100.57875061035156, 112.24111938476562, 82.30130767822266, 108.71011352539062, 113.63672637939453, 177.90652465820312, 124.97850036621094, 98.09601593017578, 119.68097686767578, 164.8632354736328, 108.92868041992188], "y_pred_elst": [-93.86502075195312, -57.88119888305664, -144.77882385253906, -104.66016387939453, -65.39830780029297, -87.62684631347656, -102.21270751953125, -89.8213119506836, -81.38846588134766, -68.93641662597656, -80.79007720947266, -101.65011596679688, -70.93762969970703, -68.89640045166016, -85.58842468261719, -86.67399597167969, -110.4034194946289, -57.00734329223633, -93.5552749633789, -99.64591217041016, -61.01030731201172, -89.61189270019531, -71.54431915283203, -93.27021789550781, -71.55099487304688, -83.16573333740234, -86.88932800292969, -109.60696411132812, -90.0942611694336, -94.31758117675781, -76.69917297363281, -66.56971740722656, -78.06600952148438, -91.93840789794922, -96.78125762939453, -74.6386947631836, -77.2274398803711, -83.0008316040039, -109.16633605957031, -69.0971908569336],