{"arm": "xgb28_delta_family", "family": "qmrxn20_e2", "fold": 0, "member": 3, "n_train": 159, "n_test": 40, "reaction_ids": ["qmrxn20_e2_D_C_E_E_B_B", "qmrxn20_e2_A_C_A_A_A_A", "qmrxn20_e2_C_E_C_C_B_A", "qmrxn20_e2_A_E_A_A_B_B", "qmrxn20_e2_A_D_A_D_C_C", "qmrxn20_e2_A_A_C_D_C_A", "qmrxn20_e2_B_D_E_E_B_B", "qmrxn20_e2_C_B_D_D_C_B", "qmrxn20_e2_D_C_D_A_C_B", "qmrxn20_e2_B_A_A_A_B_D", "qmrxn20_e2_A_B_D_D_C_C", "qmrxn20_e2_E_B_C_A_B_A", "qmrxn20_e2_D_C_E_E_B_D", "qmrxn20_e2_A_B_E_D_C_D", "qmrxn20_e2_D_B_A_E_B_A", "qmrxn20_e2_C_A_E_C_C_D", "qmrxn20_e2_E_A_C_A_B_B", "qmrxn20_e2_A_D_A_A_C_A", "qmrxn20_e2_D_E_E_C_B_A", "qmrxn20_e2_A_E_D_E_C_B", "qmrxn20_e2_C_A_D_D_B_A", "qmrxn20_e2_E_D_A_E_B_A", "qmrxn20_e2_D_D_A_D_B_C", "qmrxn20_e2_D_C_D_E_B_C", "qmrxn20_e2_D_D_E_E_B_A", "qmrxn20_e2_C_B_E_D_A_A", "qmrxn20_e2_A_B_E_E_C_B", "qmrxn20_e2_E_D_D_C_C_B", "qmrxn20_e2_D_C_A_D_B_B", "qmrxn20_e2_E_C_D_C_A_A", "qmrxn20_e2_B_D_D_E_C_C", "qmrxn20_e2_B_D_A_A_B_A", "qmrxn20_e2_C_B_D_E_C_B", "qmrxn20_e2_A_E_E_A_C_A", "qmrxn20_e2_A_A_D_C_B_C", "qmrxn20_e2_C_A_D_A_B_D", "qmrxn20_e2_D_C_D_E_B_A", "qmrxn20_e2_D_A_C_A_C_B", "qmrxn20_e2_E_B_D_A_B_B", "qmrxn20_e2_C_D_E_D_B_C"], "y_true_strain": [20.1503849029541, 21.344837188720703, 21.943790435791016, 30.773204803466797, 40.71337127685547, 8.348855972290039, 27.426773071289062, 11.837583541870117, 9.659232139587402, 76.58076477050781, 40.664039611816406, 12.456719398498535, 34.147422790527344, 32.566036224365234, 14.199161529541016, 58.44156265258789, 30.698572158813477, 11.447014808654785, 18.966066360473633, 15.856474876403809, 4.48792028427124, 20.535991668701172, 46.99751281738281, 22.404891967773438, 12.982266426086426, 14.535161018371582, 12.42609977722168, 20.400976181030273, 17.72099494934082, 7.132189750671387, 27.398189544677734, 10.440245628356934, 11.752130508422852, 22.576988220214844, 68.54265594482422, 55.46205139160156, 10.123835563659668, 7.167325973510742, 35.55890655517578, 33.39032745361328], "y_true_Pauli": [147.89999389648438, 99.5, 182.05999755859375, 177.91000366210938, 114.25, 93.55999755859375, 168.9499969482422, 121.55000305175781, 118.25, 140.61000061035156, 131.75999450683594, 115.68000030517578, 102.87000274658203, 107.9800033569336, 104.19999694824219, 142.02000427246094, 166.7899932861328, 85.87999725341797, 117.63999938964844, 146.86000061035156, 78.05000305175781, 121.19000244140625, 119.19999694824219, 78.7300033569336, 107.55999755859375, 111.05999755859375, 119.05999755859375, 164.57000732421875, 136.50999450683594, 103.01000213623047, 108.26000213623047, 91.22000122070312, 101.58000183105469, 111.95999908447266, 167.6699981689453, 125.94000244140625, 99.7300033569336, 114.0, 172.33999633789062, 113.33000183105469], "y_true_elst": [-99.19000244140625, -68.6500015258789, -150.07000732421875, -106.98999786376953, -70.94000244140625, -77.54000091552734, -103.98999786376953, -88.83000183105469, -80.16999816894531, -80.94000244140625, -78.3499984741211, -105.55000305175781, -67.2699966430664, -65.06999969482422, -82.98999786376953, -90.47000122070312, -113.80000305175781, -61.029998779296875, -100.4800033569336, -99.4800033569336, -62.68000030517578, -91.88999938964844, -74.6500015258789, -63.20000076293945, -76.80999755859375, -91.08999633789062, -88.94000244140625, -110.56999969482422, -88.93000030517578, -94.68000030517578, -72.70999908447266, -71.41000366210938, -79.45999908447266, -90.61000061035156, -95.6500015258789, -75.83999633789062, -79.94000244140625, -84.5999984741211, -108.61000061035156, -70.26000213623047], "y_true_oi": [-104.16999816894531, -71.20999908447266, -103.44999694824219, -128.75999450683594, -87.30999755859375, -53.13999938964844, -122.41000366210938, -77.68000030517578, -82.33999633789062, -131.05999755859375, -106.70999908447266, -69.23999786376953, -74.72000122070312, -84.25, -66.52999877929688, -127.37999725341797, -121.51000213623047, -56.56999969482422, -71.58999633789062, -100.01000213623047, -44.150001525878906, -76.91000366210938, -89.1500015258789, -45.2400016784668, -67.55999755859375, -67.91999816894531, -84.12999725341797, -118.2300033569336, -95.81999969482422, -57.900001525878906, -79.51000213623047, -57.90999984741211, -68.9000015258789, -70.04000091552734, -151.24000549316406, -104.87000274658203, -60.13999938964844, -80.01000213623047, -123.43000030517578, -85.69000244140625], "y_true_disp": [-1.4700000286102295, -1.090000033378601, -2.4600000381469727, -0.7400000095367432, -3.0199999809265137, -1.6200000047683716, -1.1799999475479126, -2.240000009536743, -1.559999942779541, -2.4000000953674316, -3.2300000190734863, -1.6799999475479126, -4.659999847412109, -3.9700000286102295, -1.5299999713897705, -3.5399999618530273, -0.9800000190734863, -1.1799999475479126, -1.9600000381469727, -1.4299999475479126, -1.3600000143051147, -1.850000023841858, -3.450000047683716, -5.320000171661377, -1.7799999713897705, -1.659999966621399, -1.4800000190734863, -1.4199999570846558, -1.4700000286102295, -1.850000023841858, -4.230000019073486, -1.3300000429153442, -1.9500000476837158, -1.6699999570846558, -2.549999952316284, -3.2200000286102295, -1.659999966621399, -1.4299999475479126, -1.0299999713897705, -3.809999942779541], "y_pred_strain": [19.37331199645996, 14.948843002319336, 29.379192352294922, 32.37958908081055, 49.305931091308594, 7.35261344909668, 28.913633346557617, 9.455753326416016, 10.250591278076172, 68.71804809570312, 39.5119743347168, 12.019221305847168, 39.80006408691406, 34.847930908203125, 18.388303756713867, 53.05112075805664, 31.638622283935547, 5.513462066650391, 17.46817970275879, 16.0335750579834, 5.033597946166992, 22.691923141479492, 44.383296966552734, 29.188533782958984, 15.747955322265625, 13.964197158813477, 14.14738655090332, 21.865039825439453, 17.22157859802246, 7.066227912902832, 28.41908073425293, 6.918941974639893, 9.367240905761719, 19.616531372070312, 55.033199310302734, 53.77495574951172, 8.29407024383545, 9.243145942687988, 34.266212463378906, 33.75730895996094], "y_pred_Pauli": [146.17726135253906, 96.62512969970703, 154.90975952148438, 187.6707305908203, 110.04518127441406, 98.32353973388672, 154.77227783203125, 117.78651428222656, 121.78961181640625, 143.92196655273438, 127.80393981933594, 111.93183135986328, 109.29727172851562, 115.61963653564453, 108.31709289550781, 137.46432495117188, 162.88427734375, 88.5802001953125, 113.65782928466797, 140.6609344482422, 77.65359497070312, 116.46550750732422, 117.49992370605469, 112.9698486328125, 105.71346282958984, 105.28839111328125, 119.20295715332031, 157.75527954101562, 136.23092651367188, 100.51770782470703, 112.17262268066406, 86.23583984375, 110.14305877685547, 112.75791931152344, 180.3392791748047, 126.6678237915039, 98.54073333740234, 120.95008087158203, 164.4203338623047, 110.73632049560547], "y_pred_elst": [-92.86508178710938, -61.88873291015625, -144.2659149169922, -103.7034683227539, -69.61515808105469, -88.18134307861328, -101.5102767944336, -91.86196899414062, -82.9983139038086, -88.00292205810547, -82.12935638427734, -101.60865020751953, -70.65267181396484, -69.85197448730469, -88.05264282226562, -86.01412200927734, -109.48489379882812, -63.18855667114258, -94.40106201171875, -98.61951446533203, -63.216400146484375, -89.63982391357422, -75.85721588134766, -92.80308532714844, -73.38243103027344, -85.06396484375, -86.32000732421875, -110.031494140625, -90.0766830444336, -94.43109893798828, -76.93672943115234, -71.41534423828125, -80.20743560791016, -91.0958480834961, -99.40327453613281, -76.82373809814453, -78.02007293701172, -84.64461517333984, -108.75914764404297, -71.3858871459961],