{"arm": "xgb28_delta_family", "family": "qmrxn20_e2", "fold": 0, "member": 0, "n_train": 159, "n_test": 40, "reaction_ids": ["qmrxn20_e2_D_C_E_E_B_B", "qmrxn20_e2_A_C_A_A_A_A", "qmrxn20_e2_C_E_C_C_B_A", "qmrxn20_e2_A_E_A_A_B_B", "qmrxn20_e2_A_D_A_D_C_C", "qmrxn20_e2_A_A_C_D_C_A", "qmrxn20_e2_B_D_E_E_B_B", "qmrxn20_e2_C_B_D_D_C_B", "qmrxn20_e2_D_C_D_A_C_B", "qmrxn20_e2_B_A_A_A_B_D", "qmrxn20_e2_A_B_D_D_C_C", "qmrxn20_e2_E_B_C_A_B_A", "qmrxn20_e2_D_C_E_E_B_D", "qmrxn20_e2_A_B_E_D_C_D", "qmrxn20_e2_D_B_A_E_B_A", "qmrxn20_e2_C_A_E_C_C_D", "qmrxn20_e2_E_A_C_A_B_B", "qmrxn20_e2_A_D_A_A_C_A", "qmrxn20_e2_D_E_E_C_B_A", "qmrxn20_e2_A_E_D_E_C_B", "qmrxn20_e2_C_A_D_D_B_A", "qmrxn20_e2_E_D_A_E_B_A", "qmrxn20_e2_D_D_A_D_B_C", "qmrxn20_e2_D_C_D_E_B_C", "qmrxn20_e2_D_D_E_E_B_A", "qmrxn20_e2_C_B_E_D_A_A", "qmrxn20_e2_A_B_E_E_C_B", "qmrxn20_e2_E_D_D_C_C_B", "qmrxn20_e2_D_C_A_D_B_B", "qmrxn20_e2_E_C_D_C_A_A", "qmrxn20_e2_B_D_D_E_C_C", "qmrxn20_e2_B_D_A_A_B_A", "qmrxn20_e2_C_B_D_E_C_B", "qmrxn20_e2_A_E_E_A_C_A", "qmrxn20_e2_A_A_D_C_B_C", "qmrxn20_e2_C_A_D_A_B_D", "qmrxn20_e2_D_C_D_E_B_A", "qmrxn20_e2_D_A_C_A_C_B", "qmrxn20_e2_E_B_D_A_B_B", "qmrxn20_e2_C_D_E_D_B_C"], "y_true_strain": [20.1503849029541, 21.344837188720703, 21.943790435791016, 30.773204803466797, 40.71337127685547, 8.348855972290039, 27.426773071289062, 11.837583541870117, 9.659232139587402, 76.58076477050781, 40.664039611816406, 12.456719398498535, 34.147422790527344, 32.566036224365234, 14.199161529541016, 58.44156265258789, 30.698572158813477, 11.447014808654785, 18.966066360473633, 15.856474876403809, 4.48792028427124, 20.535991668701172, 46.99751281738281, 22.404891967773438, 12.982266426086426, 14.535161018371582, 12.42609977722168, 20.400976181030273, 17.72099494934082, 7.132189750671387, 27.398189544677734, 10.440245628356934, 11.752130508422852, 22.576988220214844, 68.54265594482422, 55.46205139160156, 10.123835563659668, 7.167325973510742, 35.55890655517578, 33.39032745361328], "y_true_Pauli": [147.89999389648438, 99.5, 182.05999755859375, 177.91000366210938, 114.25, 93.55999755859375, 168.9499969482422, 121.55000305175781, 118.25, 140.61000061035156, 131.75999450683594, 115.68000030517578, 102.87000274658203, 107.9800033569336, 104.19999694824219, 142.02000427246094, 166.7899932861328, 85.87999725341797, 117.63999938964844, 146.86000061035156, 78.05000305175781, 121.19000244140625, 119.19999694824219, 78.7300033569336, 107.55999755859375, 111.05999755859375, 119.05999755859375, 164.57000732421875, 136.50999450683594, 103.01000213623047, 108.26000213623047, 91.22000122070312, 101.58000183105469, 111.95999908447266, 167.6699981689453, 125.94000244140625, 99.7300033569336, 114.0, 172.33999633789062, 113.33000183105469], "y_true_elst": [-99.19000244140625, -68.6500015258789, -150.07000732421875, -106.98999786376953, -70.94000244140625, -77.54000091552734, -103.98999786376953, -88.83000183105469, -80.16999816894531, -80.94000244140625, -78.3499984741211, -105.55000305175781, -67.2699966430664, -65.06999969482422, -82.98999786376953, -90.47000122070312, -113.80000305175781, -61.029998779296875, -100.4800033569336, -99.4800033569336, -62.68000030517578, -91.88999938964844, -74.6500015258789, -63.20000076293945, -76.80999755859375, -91.08999633789062, -88.94000244140625, -110.56999969482422, -88.93000030517578, -94.68000030517578, -72.70999908447266, -71.41000366210938, -79.45999908447266, -90.61000061035156, -95.6500015258789, -75.83999633789062, -79.94000244140625, -84.5999984741211, -108.61000061035156, -70.26000213623047], "y_true_oi": [-104.16999816894531, -71.20999908447266, -103.44999694824219, -128.75999450683594, -87.30999755859375, -53.13999938964844, -122.41000366210938, -77.68000030517578, -82.33999633789062, -131.05999755859375, -106.70999908447266, -69.23999786376953, -74.72000122070312, -84.25, -66.52999877929688, -127.37999725341797, -121.51000213623047, -56.56999969482422, -71.58999633789062, -100.01000213623047, -44.150001525878906, -76.91000366210938, -89.1500015258789, -45.2400016784668, -67.55999755859375, -67.91999816894531, -84.12999725341797, -118.2300033569336, -95.81999969482422, -57.900001525878906, -79.51000213623047, -57.90999984741211, -68.9000015258789, -70.04000091552734, -151.24000549316406, -104.87000274658203, -60.13999938964844, -80.01000213623047, -123.43000030517578, -85.69000244140625], "y_true_disp": [-1.4700000286102295, -1.090000033378601, -2.4600000381469727, -0.7400000095367432, -3.0199999809265137, -1.6200000047683716, -1.1799999475479126, -2.240000009536743, -1.559999942779541, -2.4000000953674316, -3.2300000190734863, -1.6799999475479126, -4.659999847412109, -3.9700000286102295, -1.5299999713897705, -3.5399999618530273, -0.9800000190734863, -1.1799999475479126, -1.9600000381469727, -1.4299999475479126, -1.3600000143051147, -1.850000023841858, -3.450000047683716, -5.320000171661377, -1.7799999713897705, -1.659999966621399, -1.4800000190734863, -1.4199999570846558, -1.4700000286102295, -1.850000023841858, -4.230000019073486, -1.3300000429153442, -1.9500000476837158, -1.6699999570846558, -2.549999952316284, -3.2200000286102295, -1.659999966621399, -1.4299999475479126, -1.0299999713897705, -3.809999942779541], "y_pred_strain": [19.393264770507812, 14.844550132751465, 29.46814727783203, 32.26805877685547, 49.21165084838867, 7.378581523895264, 28.889583587646484, 9.429306983947754, 10.216719627380371, 68.52239227294922, 39.465763092041016, 12.041793823242188, 39.90238571166992, 34.893577575683594, 18.382625579833984, 53.15464401245117, 31.594938278198242, 5.503475189208984, 17.56171989440918, 16.06461524963379, 5.045493125915527, 22.78011131286621, 44.32389831542969, 29.212270736694336, 15.82469367980957, 13.961860656738281, 14.174992561340332, 21.87519073486328, 17.15276336669922, 7.106624603271484, 28.44366455078125, 6.842100143432617, 9.370279312133789, 19.72418212890625, 54.92647933959961, 53.74855422973633, 8.345072746276855, 9.191385269165039, 34.16424560546875, 33.76719665527344], "y_pred_Pauli": [146.19967651367188, 96.47293090820312, 155.01922607421875, 187.5982208251953, 110.0751953125, 98.29141235351562, 154.74273681640625, 117.68670654296875, 121.68891906738281, 143.88819885253906, 127.78311157226562, 111.94205474853516, 109.48347473144531, 115.67293548583984, 108.27555084228516, 137.6212615966797, 162.78887939453125, 88.5495834350586, 113.76891326904297, 140.6896209716797, 77.6489028930664, 116.58358764648438, 117.53323364257812, 113.09052276611328, 105.82271575927734, 105.27594757080078, 119.18427276611328, 157.73553466796875, 136.1082763671875, 100.5670166015625, 112.22079467773438, 86.15251922607422, 110.09827423095703, 112.87796783447266, 180.4344482421875, 126.76930236816406, 98.59797668457031, 120.79971313476562, 164.32781982421875, 110.85355377197266], "y_pred_elst": [-92.89009857177734, -61.8688850402832, -144.308349609375, -103.77688598632812, -69.78411865234375, -88.13566589355469, -101.52883911132812, -91.80612182617188, -82.95137786865234, -88.21163177490234, -82.18761444091797, -101.61602020263672, -70.77226257324219, -69.88274383544922, -88.03691864013672, -86.09584045410156, -109.45360565185547, -63.19194412231445, -94.44116973876953, -98.63843536376953, -63.22150421142578, -89.69552612304688, -75.99148559570312, -92.93920135498047, -73.44182586669922, -85.07553100585938, -86.2872314453125, -110.02085876464844, -90.0488052368164, -94.46222686767578, -76.98785400390625, -71.44054412841797, -80.1759033203125, -91.12909698486328, -99.65428161621094, -76.99527740478516, -78.0487289428711, -84.56465148925781, -108.8015365600586, -71.53372955322266],