{
  "rxn_id": "cf3",
  "level": "ZORA-BLYP-D3(BJ)/TZ2P all-electron NOSYM Good (ADF)",
  "E_strain": 13.329682248761742,
  "E_Pauli": 123.12,
  "E_elstat": -56.82,
  "E_oi": -95.71,
  "E_disp": -8.33,
  "E_int": -37.73999999999998,
  "E_int_total_kcal": -37.74,
  "dE_frag_barrier_eda": -24.41031775123824,
  "E_A_TS_kcal": -1135.1955914276357,
  "E_B_TS_kcal": -961.6011995532422,
  "E_A_relax_kcal": -1141.2739208786982,
  "E_B_relax_kcal": -968.8525523509414,
  "dEprep_A_kcal": 6.078329451062473,
  "dEprep_B_kcal": 7.251352797699269
}